# Blender 4.3.2
# www.blender.org
o LINK_HIP_ROLL_L
v -0.004090 0.065727 -0.071296
v -0.004090 0.064130 -0.067710
v 0.002653 0.066891 -0.071296
v -0.009803 0.062543 -0.067860
v -0.003819 0.069389 -0.079999
v -0.001780 0.064617 -0.067650
v -0.009549 0.068027 -0.079999
v -0.015634 0.066013 -0.079999
v -0.015002 0.060593 -0.067996
v -0.017595 0.065231 -0.079999
v -0.020951 0.063729 -0.079999
v -0.026076 0.061009 -0.079999
v -0.020004 0.058209 -0.068127
v -0.024798 0.055387 -0.068252
v -0.025367 0.055013 -0.068267
v -0.036056 0.053953 -0.079999
v -0.029777 0.051792 -0.068383
v -0.030999 0.057852 -0.079999
v -0.033884 0.048208 -0.068490
v -0.035522 0.046592 -0.068533
v -0.037683 0.044268 -0.068589
v -0.040317 0.050040 -0.079999
v -0.044255 0.045779 -0.079999
v -0.041165 0.039972 -0.068681
v -0.044430 0.035136 -0.068766
v -0.047856 0.041172 -0.079999
v -0.048234 0.040641 -0.079999
v -0.049139 0.039321 -0.079999
v -0.051371 0.035768 -0.079999
v -0.047142 0.030260 -0.068837
v -0.054092 0.030666 -0.079999
v -0.056392 0.025343 -0.079999
v -0.058261 0.019806 -0.079999
v -0.049450 0.025150 -0.068897
v -0.051343 0.019811 -0.068946
v -0.052188 0.016833 -0.068968
v -0.053382 0.011285 -0.069000
v -0.058958 0.017239 -0.079999
v -0.060139 0.011572 -0.079999
v -0.060853 0.005822 -0.079999
v -0.054695 -0.000001 -0.069558
v -0.054105 0.005667 -0.069018
v -0.061094 -0.000001 -0.079999
v -0.060853 -0.005824 -0.079999
v -0.054036 -0.006418 -0.069017
v -0.054105 -0.005669 -0.069018
v -0.060746 -0.006994 -0.079999
v -0.060139 -0.011574 -0.079999
v -0.053382 -0.011287 -0.069000
v -0.058958 -0.017241 -0.079999
v -0.058261 -0.019807 -0.079999
v -0.052188 -0.016835 -0.068968
v -0.051343 -0.019813 -0.068946
v -0.056392 -0.025345 -0.079999
v -0.049450 -0.025151 -0.068897
v -0.055666 -0.027160 -0.079999
v -0.054092 -0.030668 -0.079999
v -0.047142 -0.030262 -0.068837
v -0.051371 -0.035770 -0.079999
v -0.048234 -0.040643 -0.079999
v -0.044430 -0.035138 -0.068766
v -0.047856 -0.041174 -0.079999
v -0.041165 -0.039974 -0.068681
v -0.044255 -0.045781 -0.079999
v -0.037683 -0.044269 -0.068589
v -0.040317 -0.050041 -0.079999
v -0.035522 -0.046594 -0.068533
v -0.033884 -0.048210 -0.068490
v -0.036056 -0.053955 -0.079999
v -0.029777 -0.051794 -0.068383
v -0.030999 -0.057854 -0.079999
v -0.025367 -0.055014 -0.068267
v -0.024798 -0.055388 -0.068252
v -0.026076 -0.061011 -0.079999
v -0.020004 -0.058211 -0.068127
v -0.020951 -0.063730 -0.079999
v -0.015002 -0.060595 -0.067996
v -0.009803 -0.062545 -0.067860
v -0.017595 -0.065232 -0.079999
v -0.015634 -0.066015 -0.079999
v -0.009549 -0.068029 -0.079999
v -0.003819 -0.069391 -0.079999
v -0.004090 -0.065728 -0.071296
v 0.002003 -0.070281 -0.079999
v 0.002653 -0.066893 -0.071296
v 0.007916 -0.070701 -0.079999
v 0.009557 -0.070734 -0.079999
v 0.009557 -0.067340 -0.071296
v 0.008477 -0.065818 -0.067531
v 0.009557 -0.065910 -0.067681
v 0.015455 -0.070447 -0.079999
v 0.017887 -0.066817 -0.071297
v 0.013921 -0.065649 -0.067391
v 0.009017 -0.065867 -0.067606
v 0.009556 -0.065908 -0.067675
v 0.009552 -0.065906 -0.067669
v 0.009541 -0.065902 -0.067660
v 0.017732 -0.065163 -0.066936
v 0.017576 -0.065152 -0.066853
v 0.021606 -0.064319 -0.065909
v 0.025539 -0.063250 -0.064584
v 0.025818 -0.063886 -0.066983
v 0.026014 -0.063107 -0.064393
v 0.026111 -0.065402 -0.071299
v 0.034137 -0.063116 -0.071300
v 0.029900 -0.061848 -0.062555
v 0.033738 -0.061815 -0.067037
v 0.033572 -0.060907 -0.062915
v 0.040837 -0.058487 -0.063399
v 0.041696 -0.060077 -0.071301
v 0.036777 -0.059531 -0.057751
v 0.033495 -0.060618 -0.060337
v 0.045493 -0.056430 -0.063373
v 0.040798 -0.058137 -0.059032
v 0.045185 -0.058335 -0.071301
v 0.045613 -0.058758 -0.073459
v 0.050406 -0.055013 -0.071302
v 0.052198 -0.054292 -0.073464
v 0.051784 -0.053936 -0.071302
v 0.049791 -0.053839 -0.063358
v 0.045440 -0.056272 -0.055301
v 0.049747 -0.053788 -0.055302
v 0.053598 -0.050647 -0.063355
v 0.057571 -0.048249 -0.071303
v 0.054217 -0.051781 -0.071302
v 0.056865 -0.046917 -0.059446
v 0.053586 -0.050685 -0.055302
v 0.056862 -0.047095 -0.063480
v 0.057056 -0.047590 -0.067475
v 0.063580 -0.039052 -0.067437
v 0.063311 -0.038651 -0.063418
v 0.067713 -0.032015 -0.059342
v 0.068580 -0.030508 -0.063329
v 0.064318 -0.037147 -0.059386
v 0.067890 -0.032561 -0.055304
v 0.064481 -0.037581 -0.055304
v 0.056978 -0.047109 -0.055303
v 0.061209 -0.043761 -0.049069
v 0.065083 -0.039022 -0.049039
v 0.065984 -0.041084 -0.042815
v 0.068663 -0.034092 -0.049010
v 0.071527 -0.028554 -0.050514
v 0.069773 -0.036340 -0.042782
v 0.072555 -0.030462 -0.045086
v 0.072984 -0.025712 -0.050370
v 0.073590 -0.025626 -0.048669
v 0.074528 -0.030224 -0.041135
v 0.073089 -0.031442 -0.042678
v 0.074506 -0.034120 -0.036637
v 0.075839 -0.036853 -0.030702
v 0.078359 -0.032147 -0.031671
v 0.078359 -0.028735 -0.034797
v 0.078359 -0.035241 -0.028189
v 0.078359 -0.029286 -0.031212
v 0.078359 -0.027338 -0.032932
v 0.078359 -0.023716 -0.035628
v 0.078359 -0.021510 -0.037002
v 0.078359 -0.025097 -0.037504
v 0.078359 -0.021116 -0.039882
v 0.075599 -0.025386 -0.043748
v 0.078359 -0.018779 -0.041032
v 0.076491 -0.018981 -0.046433
v 0.075921 -0.012629 -0.053274
v 0.077058 -0.012485 -0.048236
v 0.078359 -0.016912 -0.041836
v 0.078359 -0.012790 -0.043275
v 0.074784 -0.019200 -0.052072
v 0.073692 -0.019437 -0.057724
v 0.073795 -0.018295 -0.063308
v 0.074225 -0.016742 -0.063308
v 0.075243 -0.012787 -0.058322
v 0.071419 -0.026012 -0.056181
v 0.070718 -0.026620 -0.059717
v 0.070769 -0.026381 -0.063304
v 0.070830 -0.027047 -0.056711
v 0.070935 -0.027317 -0.055304
v 0.068796 -0.030780 -0.067373
v 0.070964 -0.026566 -0.067348
v 0.072940 -0.021764 -0.067649
v 0.075052 -0.017187 -0.071907
v 0.074432 -0.016908 -0.067651
v 0.073572 -0.022044 -0.071901
v 0.071559 -0.026800 -0.071304
v 0.072771 -0.027260 -0.075707
v 0.069949 -0.033065 -0.075639
v 0.069431 -0.031123 -0.071304
v 0.071956 -0.033146 -0.079999
v 0.074443 -0.027963 -0.079999
v 0.076202 -0.017632 -0.076023
v 0.077829 -0.018198 -0.079999
v 0.078822 -0.013947 -0.079999
v 0.078462 -0.007845 -0.077140
v 0.076518 -0.022546 -0.079999
v 0.077418 -0.019674 -0.079999
v 0.079749 -0.008081 -0.079999
v 0.076599 -0.007385 -0.070706
v 0.078392 -0.000001 -0.075898
v 0.077295 -0.000000 -0.072312
v 0.076631 -0.000000 -0.068458
v 0.076599 0.007383 -0.070706
v 0.076200 0.007259 -0.067655
v 0.075960 0.007196 -0.063310
v 0.075614 0.009975 -0.063309
v 0.074225 0.016741 -0.063308
v 0.073692 0.019436 -0.057724
v 0.075243 0.012786 -0.058322
v 0.076081 0.006264 -0.058656
v 0.076460 0.000000 -0.056311
v 0.076258 0.000000 -0.061650
v 0.076534 0.006181 -0.053945
v 0.077058 0.012483 -0.048236
v 0.075921 0.012628 -0.053274
v 0.077364 0.006106 -0.049240
v 0.078359 0.008308 -0.044354
v 0.078359 0.006527 -0.044650
v 0.077163 0.000000 -0.051079
v 0.078360 -0.001897 -0.045081
v 0.076534 -0.006183 -0.053945
v 0.077364 -0.006108 -0.049240
v 0.078360 0.001895 -0.045081
v 0.078360 -0.000001 -0.045124
v 0.078360 -0.000002 -0.042800
v 0.078360 0.004439 -0.042569
v 0.078360 -0.003779 -0.042633
v 0.078359 -0.006529 -0.044650
v 0.078359 -0.008253 -0.041997
v 0.078359 -0.008309 -0.044354
v 0.078359 -0.010786 -0.041418
v 0.078359 -0.015090 -0.040052
v 0.078359 -0.017493 -0.039062
v 0.078359 0.008899 -0.041865
v 0.078359 0.011423 -0.041247
v 0.078359 0.012788 -0.043275
v 0.078359 0.015705 -0.039815
v 0.078359 0.016911 -0.041836
v 0.078359 0.018092 -0.038788
v 0.078359 0.018778 -0.041032
v 0.078359 0.022078 -0.036666
v 0.078359 0.021114 -0.039882
v 0.073590 0.025625 -0.048669
v 0.076491 0.018979 -0.046433
v 0.075545 0.025390 -0.043873
v 0.078359 0.025095 -0.037504
v 0.078359 0.024262 -0.035259
v 0.078359 0.027842 -0.032507
v 0.078359 0.028733 -0.034797
v 0.074528 0.030222 -0.041135
v 0.078359 0.032146 -0.031671
v 0.078359 0.029763 -0.030757
v 0.078359 0.032838 -0.027451
v 0.078359 0.035240 -0.028189
v 0.078359 0.034443 -0.025407
v 0.078359 0.036034 -0.027166
v 0.078359 0.036928 -0.021637
v 0.078359 0.038173 -0.019356
v 0.078359 0.038627 -0.023333
v 0.078358 0.039807 -0.021257
v 0.077043 0.039716 -0.024105
v 0.075839 0.036851 -0.030702
v 0.074446 0.038634 -0.030712
v 0.074506 0.034119 -0.036637
v 0.069773 0.036338 -0.042782
v 0.073089 0.031440 -0.042678
v 0.072555 0.030461 -0.045086
v 0.068663 0.034091 -0.049010
v 0.071527 0.028552 -0.050514
v 0.067890 0.032559 -0.055304
v 0.070935 0.027315 -0.055304
v 0.072984 0.025710 -0.050370
v 0.071419 0.026010 -0.056181
v 0.074784 0.019198 -0.052072
v 0.070769 0.026379 -0.063304
v 0.070830 0.027045 -0.056712
v 0.070718 0.026618 -0.059716
v 0.067713 0.032013 -0.059342
v 0.064318 0.037145 -0.059386
v 0.064481 0.037579 -0.055304
v 0.067786 0.031846 -0.063344
v 0.070964 0.026565 -0.067348
v 0.064378 0.037110 -0.063404
v 0.068796 0.030778 -0.067373
v 0.069431 0.031122 -0.071304
v 0.071559 0.026798 -0.071304
v 0.063580 0.039050 -0.067437
v 0.056862 0.047093 -0.063480
v 0.057056 0.047589 -0.067475
v 0.064248 0.039602 -0.071304
v 0.057571 0.048247 -0.071303
v 0.058034 0.048625 -0.073421
v 0.063821 0.045299 -0.079999
v 0.065680 0.042955 -0.079999
v 0.066601 0.038687 -0.075596
v 0.069025 0.038163 -0.079999
v 0.069949 0.033063 -0.075639
v 0.071956 0.033144 -0.079999
v 0.072769 0.027258 -0.075702
v 0.076518 0.022545 -0.079999
v 0.074443 0.027961 -0.079999
v 0.076202 0.017631 -0.076023
v 0.073572 0.022042 -0.071901
v 0.072940 0.021762 -0.067649
v 0.075052 0.017186 -0.071907
v 0.074432 0.016906 -0.067651
v 0.073795 0.018294 -0.063308
v 0.079749 0.008079 -0.079999
v 0.078462 0.007843 -0.077140
v 0.077418 0.019672 -0.079999
v 0.078822 0.013945 -0.079999
v 0.077829 0.018196 -0.079999
v 0.080097 0.004038 -0.079999
v 0.080212 -0.000001 -0.079999
v 0.080097 -0.004039 -0.079999
v 0.059884 0.049688 -0.079999
v 0.056180 0.053226 -0.079999
v 0.052702 0.054628 -0.075646
v 0.052198 0.054290 -0.073464
v 0.046118 0.059155 -0.075641
v 0.045613 0.058756 -0.073459
v 0.054217 0.051780 -0.071302
v 0.045185 0.058334 -0.071301
v 0.050406 0.055011 -0.071302
v 0.051784 0.053935 -0.071302
v 0.049791 0.053838 -0.063358
v 0.053598 0.050645 -0.063355
v 0.053586 0.050683 -0.055302
v 0.056865 0.046915 -0.059446
v 0.056978 0.047108 -0.055303
v 0.053757 0.051468 -0.049053
v 0.057259 0.047825 -0.050127
v 0.057645 0.049025 -0.044741
v 0.053984 0.052745 -0.042888
v 0.061209 0.043760 -0.049069
v 0.061865 0.045577 -0.042841
v 0.065083 0.039021 -0.049039
v 0.065984 0.041083 -0.042815
v 0.063104 0.049767 -0.030741
v 0.067831 0.045663 -0.030737
v 0.063632 0.052355 -0.023089
v 0.072025 0.041436 -0.030725
v 0.068498 0.048571 -0.023086
v 0.073051 0.044472 -0.023075
v 0.073643 0.046897 -0.015437
v 0.078003 0.042766 -0.015434
v 0.077738 0.041779 -0.018582
v 0.078358 0.042584 -0.014937
v 0.078358 0.040814 -0.019254
v 0.078358 0.040000 -0.015227
v 0.078358 0.040850 -0.012772
v 0.078358 0.042996 -0.013708
v 0.078358 0.041968 -0.008397
v 0.078358 0.044174 -0.009233
v 0.078358 0.043776 -0.010965
v 0.078358 0.042400 -0.005835
v 0.078358 0.042779 -0.001336
v 0.078358 0.044887 -0.004660
v 0.078313 0.044500 -0.007756
v 0.078355 0.045067 -0.002417
v 0.078358 0.045129 -0.000000
v 0.071961 0.050595 -0.000001
v 0.078358 0.042781 0.001263
v 0.078358 0.042410 0.005763
v 0.078358 0.044887 0.004659
v 0.071961 0.050348 0.005078
v 0.071961 0.049611 0.010080
v 0.064943 0.054531 0.011081
v 0.064943 0.055332 0.005579
v 0.064943 0.055599 -0.000001
v 0.058884 0.059307 -0.000001
v 0.063998 0.055753 -0.007763
v 0.073863 0.048487 -0.007758
v 0.069063 0.052256 -0.007762
v 0.058887 0.059196 -0.003880
v 0.057583 0.060039 -0.000001
v 0.050336 0.063494 -0.005749
v 0.058892 0.058868 -0.007761
v 0.058892 0.058637 -0.009619
v 0.050337 0.062751 -0.011951
v 0.058870 0.057591 -0.015542
v 0.063929 0.054420 -0.015449
v 0.068931 0.050808 -0.015446
v 0.058768 0.055887 -0.022319
v 0.050340 0.061203 -0.019853
v 0.050338 0.062141 -0.015439
v 0.054378 0.058282 -0.023077
v 0.054333 0.056073 -0.030739
v 0.058489 0.053279 -0.030740
v 0.050363 0.061090 -0.020292
v 0.050219 0.058461 -0.030738
v 0.050536 0.059528 -0.026167
v 0.049562 0.057763 -0.034662
v 0.049873 0.055574 -0.042905
v 0.045307 0.057293 -0.046757
v 0.046383 0.057159 -0.044554
v 0.047906 0.057166 -0.040723
v 0.049089 0.057485 -0.036734
v 0.049796 0.054458 -0.049071
v 0.049747 0.053786 -0.055302
v 0.045438 0.056885 -0.049079
v 0.045440 0.056271 -0.055301
v 0.040798 0.058135 -0.059032
v 0.040800 0.058215 -0.055300
v 0.040837 0.058486 -0.063399
v 0.045493 0.056428 -0.063373
v 0.040798 0.058334 -0.053571
v 0.043233 0.057711 -0.050270
v 0.039287 0.058765 -0.055300
v 0.038905 0.058877 -0.055705
v 0.036777 0.059530 -0.057751
v 0.036005 0.059778 -0.058416
v 0.032794 0.060856 -0.060814
v 0.033572 0.060905 -0.062915
v 0.033738 0.061813 -0.067037
v 0.029311 0.062045 -0.062868
v 0.025818 0.063884 -0.066983
v 0.025539 0.063249 -0.064584
v 0.022212 0.064168 -0.065733
v 0.018117 0.065056 -0.066749
v 0.017732 0.065162 -0.066936
v 0.013921 0.065647 -0.067391
v 0.017887 0.066815 -0.071297
v 0.009557 0.065909 -0.067681
v 0.009557 0.067339 -0.071296
v 0.007268 0.065771 -0.067574
v 0.009556 0.065906 -0.067675
v 0.009550 0.065903 -0.067667
v 0.009524 0.065897 -0.067651
v 0.004995 0.065552 -0.067473
v 0.002407 0.065279 -0.067540
v 0.007916 0.070700 -0.079999
v 0.009557 0.070733 -0.079999
v 0.015455 0.070445 -0.079999
v 0.018574 0.070100 -0.079999
v 0.021640 0.069628 -0.079999
v 0.026111 0.065401 -0.071299
v 0.027353 0.068382 -0.079999
v 0.033004 0.066654 -0.079999
v 0.034137 0.063114 -0.071300
v 0.035955 0.065543 -0.079999
v 0.042663 0.061026 -0.075639
v 0.042145 0.060562 -0.073457
v 0.038477 0.064475 -0.079999
v 0.043836 0.061822 -0.079999
v 0.048694 0.058921 -0.079999
v 0.052235 0.056442 -0.079999
v 0.053833 0.055202 -0.079999
v 0.041696 0.060076 -0.071301
v 0.002003 0.070279 -0.079999
v 0.063065 0.049799 -0.030741
v 0.058192 0.051389 -0.036620
v 0.050336 0.063731 -0.000001
v 0.050336 0.063474 0.005874
v 0.057583 0.059752 0.006025
v 0.050336 0.062749 0.011420
v 0.057583 0.058891 0.011968
v 0.050336 0.061452 0.017272
v 0.050337 0.059622 0.022974
v 0.057583 0.057465 0.017771
v 0.057583 0.055488 0.023379
v 0.064943 0.053207 0.016452
v 0.071961 0.048395 0.014959
v 0.064943 0.051372 0.021642
v 0.071961 0.046713 0.019672
v 0.057584 0.052976 0.028741
v 0.064943 0.049042 0.026604
v 0.057584 0.049953 0.033808
v 0.071961 0.044584 0.024176
v 0.064944 0.046240 0.031292
v 0.071962 0.042028 0.028433
v 0.064944 0.042991 0.035665
v 0.057584 0.046445 0.038533
v 0.057584 0.042483 0.042875
v 0.050337 0.045310 0.045303
v 0.050337 0.051915 0.037501
v 0.050337 0.048732 0.041588
v 0.050337 0.054790 0.033086
v 0.050337 0.057491 0.028012
v 0.050337 0.041302 0.048973
v 0.050337 0.036904 0.052334
v 0.057584 0.038103 0.046795
v 0.064944 0.035268 0.043314
v 0.064944 0.039323 0.039685
v 0.057584 0.033343 0.050258
v 0.057584 0.028247 0.053234
v 0.050338 0.031796 0.055533
v 0.064944 0.030863 0.046523
v 0.071962 0.028045 0.042284
v 0.071962 0.032046 0.039362
v 0.064944 0.026147 0.049281
v 0.057584 0.022859 0.055696
v 0.064944 0.021161 0.051564
v 0.071962 0.023763 0.044801
v 0.078359 0.019842 0.040531
v 0.071962 0.019236 0.046889
v 0.071962 0.014506 0.048527
v 0.064944 0.015951 0.053352
v 0.078359 0.015586 0.042349
v 0.078359 0.015772 0.039788
v 0.078359 0.011493 0.041228
v 0.078359 0.011167 0.043723
v 0.071962 0.009612 0.049698
v 0.078359 0.008970 0.041849
v 0.078359 0.009908 0.044025
v 0.071963 0.004600 0.050389
v 0.078360 0.005332 0.044809
v 0.078360 0.004507 0.042562
v 0.078360 0.000001 0.042800
v 0.078360 0.000708 0.045120
v 0.078360 0.000001 0.045126
v 0.075814 0.000001 0.047430
v 0.070627 0.000001 0.051613
v 0.064945 0.005053 0.055377
v 0.064325 0.000001 0.056000
v 0.064269 0.000374 0.056035
v 0.064075 0.000774 0.056156
v 0.063634 0.001239 0.056430
v 0.062680 0.001742 0.057018
v 0.061200 0.001998 0.057916
v 0.060846 0.001996 0.058128
v 0.057585 0.005455 0.059801
v 0.059415 0.001745 0.058977
v 0.058927 0.001551 0.059262
v 0.058388 0.001232 0.059576
v 0.057923 0.000774 0.059844
v 0.057732 0.000427 0.059954
v 0.057655 0.000081 0.059998
v 0.057652 0.000001 0.060000
v 0.057398 0.000001 0.060141
v 0.050449 0.000001 0.063677
v 0.050338 0.003529 0.063636
v 0.050338 0.006775 0.063386
v 0.050338 0.012428 0.062563
v 0.057585 0.011410 0.058995
v 0.050338 0.017185 0.061474
v 0.057585 0.017229 0.057622
v 0.064945 0.010565 0.054627
v 0.050338 0.022125 0.059930
v 0.050338 0.027246 0.057847
v 0.078359 0.018158 0.038757
v 0.078359 0.022140 0.036629
v 0.078359 0.023921 0.038265
v 0.078359 0.025011 0.037563
v 0.078359 0.024322 0.035218
v 0.078359 0.028726 0.034804
v 0.078359 0.032140 0.031680
v 0.078359 0.027897 0.032459
v 0.078359 0.029815 0.030707
v 0.078359 0.032884 0.027395
v 0.078359 0.035239 0.028192
v 0.078359 0.036035 0.027167
v 0.071962 0.035731 0.036059
v 0.071962 0.039068 0.032405
v 0.078359 0.034486 0.025349
v 0.078359 0.038628 0.023334
v 0.078358 0.040815 0.019255
v 0.078359 0.036964 0.021575
v 0.078359 0.038206 0.019292
v 0.078358 0.040025 0.015159
v 0.078358 0.042585 0.014938
v 0.078358 0.042996 0.013708
v 0.078358 0.040872 0.012702
v 0.078358 0.044174 0.009232
v 0.078358 0.041982 0.008326
v 0.078130 0.043342 -0.013326
v 0.076081 -0.006266 -0.058656
v 0.076291 -0.000001 -0.063310
v 0.075960 -0.007198 -0.063310
v 0.076200 -0.007260 -0.067655
v 0.075614 -0.009977 -0.063309
v 0.066601 -0.038689 -0.075596
v 0.069025 -0.038164 -0.079999
v 0.065680 -0.042957 -0.079999
v 0.064248 -0.039604 -0.071304
v 0.063821 -0.045301 -0.079999
v 0.057891 -0.048520 -0.072821
v 0.059884 -0.049689 -0.079999
v 0.052702 -0.054629 -0.075646
v 0.056180 -0.053227 -0.079999
v 0.053833 -0.055204 -0.079999
v 0.052235 -0.056443 -0.079999
v 0.046118 -0.059157 -0.075641
v 0.048694 -0.058923 -0.079999
v 0.043836 -0.061824 -0.079999
v 0.042663 -0.061027 -0.075639
v 0.035955 -0.065545 -0.079999
v 0.038477 -0.064477 -0.079999
v 0.042145 -0.060564 -0.073457
v 0.033004 -0.066655 -0.079999
v 0.027353 -0.068384 -0.079999
v 0.021640 -0.069630 -0.079999
v 0.018574 -0.070102 -0.079999
v 0.078359 -0.032411 -0.027953
v 0.078359 -0.036036 -0.027166
v 0.078359 -0.034047 -0.025935
v 0.078359 -0.036913 -0.025962
v 0.078359 -0.038629 -0.023333
v 0.078359 -0.036590 -0.022203
v 0.078359 -0.037870 -0.019942
v 0.078358 -0.040816 -0.019254
v 0.077051 -0.039736 -0.024059
v 0.078358 -0.042586 -0.014937
v 0.077908 -0.042392 -0.016689
v 0.077716 -0.041704 -0.018804
v 0.073051 -0.044474 -0.023075
v 0.073643 -0.046899 -0.015437
v 0.068931 -0.050809 -0.015446
v 0.073863 -0.048489 -0.007758
v 0.078126 -0.043326 -0.013396
v 0.078002 -0.042768 -0.015434
v 0.078312 -0.044490 -0.007835
v 0.078358 -0.042997 -0.013708
v 0.078358 -0.044175 -0.009233
v 0.078358 -0.044889 -0.004660
v 0.078358 -0.041834 -0.009043
v 0.078358 -0.040648 -0.013399
v 0.078358 -0.039760 -0.015842
v 0.078358 -0.042305 -0.006487
v 0.078358 -0.045130 -0.000000
v 0.078358 -0.042753 -0.001994
v 0.078358 -0.042796 0.000604
v 0.078358 -0.044889 0.004659
v 0.078358 -0.042494 0.005109
v 0.078358 -0.044176 0.009232
v 0.078358 -0.042106 0.007678
v 0.078358 -0.042998 0.013708
v 0.078358 -0.041062 0.012071
v 0.078358 -0.042586 0.014938
v 0.078358 -0.040254 0.014541
v 0.078358 -0.040816 0.019255
v 0.078359 -0.038498 0.018701
v 0.078359 -0.038630 0.023334
v 0.078359 -0.037292 0.021003
v 0.078359 -0.036037 0.027167
v 0.078359 -0.034872 0.024815
v 0.078359 -0.035241 0.028192
v 0.078359 -0.033302 0.026885
v 0.078359 -0.032141 0.031680
v 0.078359 -0.030285 0.030244
v 0.078359 -0.028728 0.034804
v 0.078359 -0.028393 0.032026
v 0.078359 -0.025012 0.037563
v 0.078359 -0.024861 0.034839
v 0.078359 -0.023923 0.038265
v 0.078359 -0.022701 0.036283
v 0.078359 -0.019844 0.040531
v 0.078359 -0.018753 0.038473
v 0.078359 -0.015588 0.042349
v 0.078359 -0.016383 0.039540
v 0.078359 -0.011168 0.043723
v 0.078359 -0.012127 0.041046
v 0.078359 -0.009910 0.044025
v 0.078359 -0.009613 0.041706
v 0.078360 -0.005334 0.044809
v 0.078360 -0.005166 0.042487
v 0.078360 -0.004510 0.042562
v 0.078360 -0.000710 0.045120
v 0.078360 -0.000003 0.042800
v 0.078360 -0.000003 0.045126
v 0.075814 -0.000003 0.047430
v 0.070627 -0.000003 0.051613
v 0.071988 -0.004599 0.050369
v 0.064325 -0.000003 0.056000
v 0.064323 -0.000074 0.056001
v 0.065000 -0.005051 0.055341
v 0.065000 -0.010560 0.054592
v 0.071988 -0.009610 0.049679
v 0.064221 -0.000505 0.056065
v 0.064006 -0.000869 0.056199
v 0.063509 -0.001331 0.056507
v 0.062937 -0.001643 0.056860
v 0.062681 -0.001742 0.057017
v 0.061268 -0.001996 0.057875
v 0.057670 -0.005453 0.059754
v 0.050449 -0.005958 0.063412
v 0.050449 -0.011595 0.062664
v 0.058344 -0.001198 0.059601
v 0.057652 -0.000003 0.060000
v 0.057899 -0.000739 0.059858
v 0.057708 -0.000356 0.059968
v 0.060863 -0.001997 0.058118
v 0.059344 -0.001721 0.059019
v 0.057670 -0.011402 0.058948
v 0.057398 -0.000003 0.060141
v 0.050449 -0.000003 0.063677
v 0.057669 -0.017217 0.057577
v 0.064999 -0.015943 0.053317
v 0.050449 -0.017074 0.061450
v 0.050449 -0.022389 0.059781
v 0.057669 -0.022843 0.055652
v 0.050449 -0.027889 0.057491
v 0.050449 -0.033004 0.054778
v 0.057669 -0.028226 0.053192
v 0.057669 -0.033319 0.050219
v 0.064999 -0.030845 0.046492
v 0.064999 -0.026131 0.049249
v 0.071988 -0.023755 0.044783
v 0.071988 -0.028035 0.042268
v 0.064999 -0.021149 0.051531
v 0.071988 -0.019230 0.046870
v 0.071988 -0.014502 0.048508
v 0.071987 -0.032035 0.039346
v 0.064999 -0.035247 0.043286
v 0.071987 -0.035718 0.036044
v 0.064999 -0.039298 0.039659
v 0.071987 -0.039054 0.032392
v 0.071987 -0.042013 0.028421
v 0.064999 -0.042964 0.035642
v 0.057668 -0.046410 0.038503
v 0.057669 -0.042451 0.042841
v 0.064999 -0.046212 0.031272
v 0.057668 -0.049915 0.033781
v 0.071987 -0.044568 0.024166
v 0.064998 -0.049012 0.026586
v 0.064998 -0.051340 0.021628
v 0.071987 -0.046696 0.019664
v 0.057668 -0.052936 0.028719
v 0.050448 -0.055566 0.031635
v 0.050448 -0.058008 0.026773
v 0.057668 -0.055446 0.023361
v 0.064998 -0.053174 0.016441
v 0.050448 -0.059983 0.021831
v 0.057668 -0.057422 0.017757
v 0.064998 -0.054498 0.011074
v 0.050448 -0.061591 0.016553
v 0.057668 -0.058846 0.011958
v 0.057668 -0.059707 0.006020
v 0.050447 -0.062794 0.010855
v 0.064998 -0.055297 0.005576
v 0.058884 -0.059309 -0.000001
v 0.071987 -0.050577 -0.000001
v 0.071987 -0.050329 0.005076
v 0.064998 -0.055565 -0.000001
v 0.058885 -0.059257 -0.002654
v 0.063998 -0.055755 -0.007763
v 0.069063 -0.052257 -0.007762
v 0.063929 -0.054421 -0.015449
v 0.058892 -0.058707 -0.009108
v 0.058873 -0.057676 -0.015146
v 0.058783 -0.056084 -0.021628
v 0.063632 -0.052357 -0.023089
v 0.063104 -0.049769 -0.030741
v 0.063065 -0.049801 -0.030741
v 0.058489 -0.053281 -0.030740
v 0.068498 -0.048572 -0.023086
v 0.072025 -0.041437 -0.030725
v 0.067831 -0.045664 -0.030737
v 0.061865 -0.045579 -0.042841
v 0.058235 -0.051631 -0.035862
v 0.057672 -0.049119 -0.044384
v 0.057257 -0.047822 -0.050152
v 0.053757 -0.051470 -0.049053
v 0.053984 -0.052747 -0.042888
v 0.049796 -0.054460 -0.049071
v 0.049873 -0.055575 -0.042905
v 0.049562 -0.057764 -0.034662
v 0.048572 -0.057297 -0.038637
v 0.047258 -0.057127 -0.042481
v 0.046383 -0.057160 -0.044554
v 0.050219 -0.058462 -0.030738
v 0.054333 -0.056075 -0.030739
v 0.050504 -0.059266 -0.027216
v 0.050450 -0.060633 -0.022029
v 0.054436 -0.058251 -0.023077
v 0.050449 -0.061386 -0.018819
v 0.050448 -0.062089 -0.015438
v 0.050448 -0.062661 -0.012201
v 0.050447 -0.063415 -0.006100
v 0.050447 -0.063681 -0.000001
v 0.058892 -0.058870 -0.007761
v 0.057668 -0.059994 -0.000001
v 0.050447 -0.063490 0.005060
v 0.050447 -0.063376 0.006390
v 0.044491 -0.057441 -0.048236
v 0.045438 -0.056886 -0.049079
v 0.042237 -0.057955 -0.051708
v 0.040800 -0.058217 -0.055300
v 0.040798 -0.058336 -0.053571
v 0.039287 -0.058766 -0.055300
v 0.074446 -0.038635 -0.030712
v 0.076189 -0.037631 -0.028976
v 0.071987 -0.049593 0.010076
v 0.071987 -0.048377 0.014953
v 0.078353 -0.045015 -0.003297
v 0.050448 -0.052732 0.036237
v 0.050448 -0.049531 0.040547
v 0.050448 -0.049265 0.040872
v 0.050448 -0.046039 0.044489
v 0.050448 -0.042155 0.048178
v 0.050448 -0.037739 0.051680
v 0.057669 -0.038075 0.046758
v 0.004995 -0.065554 -0.067473
v 0.002407 -0.065281 -0.067540
v -0.001780 -0.064618 -0.067650
v -0.004090 -0.064132 -0.067710
v -0.054351 -0.000001 -0.069025
v 0.075986 -0.000003 0.040458
v 0.075986 -0.000003 0.042458
v 0.075986 0.001493 0.040430
v 0.075986 0.002273 0.042397
v 0.075986 0.005594 0.040069
v 0.075986 0.006544 0.041951
v 0.075986 0.009778 0.039258
v 0.075986 0.010889 0.041038
v 0.075986 0.013974 0.037968
v 0.075986 0.015236 0.039630
v 0.075986 0.018101 0.036183
v 0.075986 0.019501 0.037715
v 0.075986 0.022074 0.033906
v 0.075986 0.023597 0.035297
v 0.075986 0.025806 0.031160
v 0.075986 0.027437 0.032403
v 0.075986 0.029217 0.027987
v 0.075986 0.030941 0.029076
v 0.075986 0.032237 0.024448
v 0.075986 0.034039 0.025379
v 0.075986 0.034812 0.020616
v 0.075986 0.036677 0.021389
v 0.075986 0.036907 0.016576
v 0.075986 0.038823 0.017191
v 0.075986 0.038507 0.012414
v 0.075986 0.040461 0.012871
v 0.075986 0.039616 0.008214
v 0.075986 0.041596 0.008516
v 0.075986 0.040255 0.004054
v 0.075986 0.042250 0.004203
v 0.075986 0.040458 0.000001
v 0.075986 0.042458 0.000001
v 0.075986 0.040255 -0.004052
v 0.075986 0.042250 -0.004201
v 0.075986 0.039616 -0.008212
v 0.075986 0.041596 -0.008514
v 0.075986 0.038507 -0.012412
v 0.075986 0.040461 -0.012869
v 0.075986 0.036907 -0.016574
v 0.075986 0.038823 -0.017188
v 0.075986 0.034812 -0.020614
v 0.075986 0.036677 -0.021387
v 0.075986 0.032237 -0.024446
v 0.075986 0.034039 -0.025377
v 0.075986 0.029217 -0.027985
v 0.075986 0.030941 -0.029074
v 0.075986 0.025806 -0.031158
v 0.075986 0.027437 -0.032401
v 0.075986 0.022074 -0.033904
v 0.075986 0.023597 -0.035295
v 0.075986 0.018102 -0.036181
v 0.075986 0.019501 -0.037713
v 0.075986 0.013975 -0.037966
v 0.075986 0.015236 -0.039628
v 0.075986 0.009779 -0.039256
v 0.075986 0.010890 -0.041036
v 0.075986 0.005595 -0.040067
v 0.075986 0.006545 -0.041948
v 0.075986 0.001494 -0.040428
v 0.075986 0.002274 -0.042395
v 0.075986 -0.000002 -0.040456
v 0.075986 -0.000002 -0.042456
v 0.080126 -0.000003 0.032599
v 0.082085 -0.000003 0.033001
v 0.080074 0.001147 0.032828
v 0.082032 0.001161 0.033236
v 0.079927 0.002109 0.033475
v 0.081882 0.002136 0.033897
v 0.079706 0.002741 0.034426
v 0.081656 0.002776 0.034871
v 0.079441 0.002958 0.035533
v 0.081384 0.002998 0.036006
v 0.079168 0.002736 0.036635
v 0.081104 0.002774 0.037138
v 0.078927 0.002104 0.037576
v 0.080855 0.002134 0.038107
v 0.078759 0.001144 0.038214
v 0.080681 0.001161 0.038766
v 0.078698 -0.000003 0.038441
v 0.080618 -0.000003 0.039001
v 0.075985 -0.029078 0.028136
v 0.075985 -0.030873 0.029153
v 0.075985 -0.029073 0.030947
v 0.075985 -0.025672 0.031274
v 0.075985 -0.035084 -0.020156
v 0.075985 -0.032579 -0.023994
v 0.075985 -0.034916 -0.024162
v 0.075985 -0.029629 -0.027553
v 0.075985 -0.026286 -0.030758
v 0.075985 -0.028176 -0.031764
v 0.075985 -0.026228 -0.033390
v 0.075985 -0.009721 0.039274
v 0.075985 -0.013892 0.038000
v 0.075985 -0.013753 0.040170
v 0.075985 -0.027171 0.032629
v 0.075985 -0.025147 0.034213
v 0.075985 -0.021952 0.033988
v 0.075985 -0.023041 0.035666
v 0.075985 -0.017998 0.036237
v 0.075985 -0.032561 0.027255
v 0.075985 -0.032099 0.024634
v 0.075985 -0.034128 0.025265
v 0.075985 -0.030026 -0.030022
v 0.075985 -0.031765 -0.028176
v 0.075985 -0.033388 -0.026233
v 0.075985 -0.022085 -0.036263
v 0.075985 -0.022615 -0.033549
v 0.075985 -0.017672 -0.038606
v 0.075985 -0.018695 -0.035880
v 0.075985 -0.013054 -0.040401
v 0.075985 -0.020824 0.037004
v 0.075985 -0.018548 0.038195
v 0.075985 -0.016166 0.039262
v 0.075986 -0.001486 0.040431
v 0.075985 -0.011237 0.040945
v 0.075985 -0.008721 0.041554
v 0.075986 -0.005562 0.040074
v 0.075986 -0.006114 0.042016
v 0.075986 -0.003537 0.042311
v 0.075985 -0.036310 -0.022013
v 0.075985 -0.037587 -0.019755
v 0.075985 -0.037111 -0.016122
v 0.075986 -0.002183 -0.040397
v 0.075986 -0.003479 -0.042314
v 0.075986 -0.006278 -0.039967
v 0.075985 -0.008301 -0.041637
v 0.075985 -0.010444 -0.039086
v 0.075985 -0.014610 -0.037728
v 0.075985 -0.040295 -0.003675
v 0.075985 -0.039703 -0.007802
v 0.075984 -0.041793 -0.007511
v 0.075985 -0.036877 0.021052
v 0.075985 -0.034684 0.020838
v 0.075985 -0.039091 0.016584
v 0.075985 -0.036796 0.016832
v 0.075985 -0.040753 0.011928
v 0.075985 -0.038418 0.012700
v 0.075984 -0.041856 0.007153
v 0.075985 -0.039555 0.008525
v 0.075984 -0.042399 0.002324
v 0.075985 -0.038713 -0.017444
v 0.075985 -0.039714 -0.015028
v 0.075985 -0.038649 -0.011977
v 0.075985 -0.040554 -0.012588
v 0.075985 -0.041257 -0.010046
v 0.075985 -0.040225 0.004384
v 0.075985 -0.040461 0.000344
v 0.075984 -0.042399 -0.002325
v 0.075984 -0.042179 -0.004900
v 0.081128 -0.037042 0.002815
v 0.079167 -0.036640 0.002738
v 0.079279 -0.036194 0.002883
v 0.081488 -0.035577 0.002971
v 0.078954 -0.037474 0.002206
v 0.080854 -0.038111 0.002135
v 0.078927 -0.037579 0.002105
v 0.078698 -0.038442 0.000001
v 0.078708 -0.038405 0.000473
v 0.080651 -0.038879 0.000852
v 0.078759 -0.038216 0.001146
v 0.078852 -0.037865 0.001771
v 0.082082 -0.033014 -0.000265
v 0.082060 -0.033111 0.000803
v 0.080122 -0.032614 -0.000282
v 0.080098 -0.032724 0.000852
v 0.082032 -0.033235 -0.001158
v 0.080074 -0.032828 -0.001144
v 0.081970 -0.033509 -0.001668
v 0.080011 -0.033107 -0.001664
v 0.081882 -0.033894 -0.002133
v 0.079927 -0.033473 -0.002107
v 0.081725 -0.034575 -0.002638
v 0.079770 -0.034152 -0.002612
v 0.081656 -0.034867 -0.002776
v 0.081385 -0.036002 -0.002999
v 0.079442 -0.035530 -0.002960
v 0.081072 -0.037265 -0.002720
v 0.080618 -0.039002 0.000001
v 0.080631 -0.038954 -0.000534
v 0.078737 -0.038299 -0.000916
v 0.080681 -0.038768 -0.001163
v 0.078927 -0.037576 -0.002106
v 0.080783 -0.038382 -0.001825
v 0.079168 -0.036635 -0.002738
v 0.079233 -0.036378 -0.002831
v 0.082032 -0.033238 0.001166
v 0.081907 -0.033788 0.002025
v 0.079939 -0.033422 0.002057
v 0.081881 -0.033900 0.002141
v 0.079886 -0.033654 0.002276
v 0.081796 -0.034267 0.002448
v 0.079705 -0.034431 0.002746
v 0.081654 -0.034876 0.002782
v 0.079599 -0.034879 0.002888
v 0.079440 -0.035539 0.002962
v 0.082032 0.033236 0.001173
v 0.080074 0.032829 0.001159
v 0.081976 0.033482 0.001635
v 0.079926 0.033478 0.002119
v 0.079671 0.034572 0.002801
v 0.081762 0.034415 0.002549
v 0.081881 0.033900 0.002145
v 0.081020 0.037467 0.002616
v 0.079168 0.036638 0.002737
v 0.079011 0.037252 0.002385
v 0.080854 0.038110 0.002131
v 0.078901 0.037678 0.001995
v 0.080806 0.038294 0.001931
v 0.078759 0.038214 0.001138
v 0.080681 0.038767 0.001155
v 0.080642 0.038915 0.000699
v 0.078727 0.038336 0.000777
v 0.080622 0.038988 -0.000244
v 0.078703 0.038425 -0.000270
v 0.080683 0.038761 -0.001168
v 0.078761 0.038208 -0.001151
v 0.080753 0.038497 -0.001659
v 0.078832 0.037938 -0.001657
v 0.080857 0.038101 -0.002138
v 0.078929 0.037569 -0.002108
v 0.081030 0.037428 -0.002636
v 0.079101 0.036900 -0.002609
v 0.081105 0.037131 -0.002777
v 0.081386 0.035998 -0.002999
v 0.079443 0.035525 -0.002960
v 0.081658 0.034859 -0.002775
v 0.079733 0.034310 -0.002693
v 0.081731 0.034549 -0.002626
v 0.079929 0.033465 -0.002104
v 0.081927 0.033698 -0.001926
v 0.079986 0.033218 -0.001824
v 0.082034 0.033229 -0.001153
v 0.080076 0.032821 -0.001139
v 0.082068 0.033075 -0.000678
v 0.080116 0.032642 -0.000526
v 0.082083 0.033007 0.000243
v 0.080126 0.032595 0.000012
v 0.080097 0.032724 0.000868
v 0.079330 0.035988 0.002924
v 0.081366 0.036078 0.003000
v 0.079440 0.035537 0.002962
v 0.081433 0.035805 0.002995
v 0.081655 0.034874 0.002783
v 0.078759 -0.001149 0.038214
v 0.080681 -0.001166 0.038766
v 0.078927 -0.002108 0.037576
v 0.080855 -0.002138 0.038108
v 0.079168 -0.002741 0.036635
v 0.081103 -0.002778 0.037139
v 0.079441 -0.002963 0.035534
v 0.081384 -0.003002 0.036007
v 0.079705 -0.002746 0.034428
v 0.081655 -0.002782 0.034872
v 0.079927 -0.002115 0.033476
v 0.081881 -0.002142 0.033898
v 0.080074 -0.001153 0.032829
v 0.082032 -0.001167 0.033236
v 0.085024 0.000842 0.005409
v 0.085109 -0.000002 0.000001
v 0.085024 0.001402 0.005292
v 0.085024 0.004727 0.002758
v 0.085024 0.005004 0.002217
v 0.085024 0.005445 0.000543
v 0.085024 0.005472 0.000001
v 0.085024 0.005215 -0.001658
v 0.085024 0.005004 -0.002215
v 0.085024 0.003987 -0.003747
v 0.085024 0.003536 -0.004176
v 0.085024 0.003041 -0.004549
v 0.085024 0.002513 -0.004861
v 0.085024 0.001963 -0.005108
v 0.085024 0.001402 -0.005289
v 0.085024 0.002513 0.004863
v 0.085024 0.003041 0.004551
v 0.085024 0.001963 0.005110
v 0.085024 0.003536 0.004178
v 0.085024 0.003987 0.003749
v 0.085024 0.004387 0.003273
v 0.085024 0.005215 0.001660
v 0.085024 0.005361 0.001099
v 0.085024 0.005445 -0.000541
v 0.085024 0.005361 -0.001097
v 0.085024 0.004727 -0.002756
v 0.085024 0.004387 -0.003271
v 0.085024 0.000842 -0.005407
v 0.085024 0.000291 -0.005465
v 0.080814 0.002051 0.038261
v 0.080062 -0.000003 0.040792
v 0.079471 0.002273 0.042397
v 0.079471 -0.000003 0.042458
v 0.081931 -0.000002 -0.033735
v 0.081310 -0.000002 -0.036430
v 0.080814 0.002052 -0.038259
v 0.080814 -0.000002 -0.038314
v 0.080761 -0.000002 -0.038502
v 0.083711 -0.000002 -0.022886
v 0.082819 -0.000002 -0.029050
v 0.082939 0.001516 -0.028277
v 0.084763 -0.000002 -0.011253
v 0.084094 -0.000002 -0.019496
v 0.084336 0.000909 -0.016966
v 0.083727 -0.000002 -0.022749
v 0.084767 0.000597 -0.011168
v 0.084767 -0.000002 -0.011184
v 0.085024 -0.000002 -0.005473
v 0.085023 -0.000002 -0.005506
v 0.084919 -0.000002 -0.008265
v 0.084336 0.000908 0.016968
v 0.084336 -0.000003 0.016993
v 0.084692 -0.000003 0.012393
v 0.082939 0.001515 0.028280
v 0.082913 -0.000003 0.028483
v 0.083618 -0.000003 0.023626
v 0.080814 0.005905 0.037858
v 0.081969 0.001796 0.033508
v 0.081969 0.005171 0.033155
v 0.080814 0.038128 -0.003791
v 0.081969 0.033391 -0.003320
v 0.079471 0.042458 0.000001
v 0.079471 0.042250 -0.004201
v 0.079471 0.042250 0.004203
v 0.080814 0.038128 0.003794
v 0.081969 0.033391 0.003322
v 0.082939 0.028181 0.002804
v 0.082939 0.028320 0.000001
v 0.082939 0.028181 -0.002802
v 0.080814 0.037538 -0.007683
v 0.079471 0.041596 -0.008514
v 0.080814 0.036513 -0.011613
v 0.079471 0.040461 -0.012869
v 0.080814 0.035036 -0.015512
v 0.079471 0.038823 -0.017188
v 0.080814 0.033099 -0.019301
v 0.079471 0.036677 -0.021387
v 0.080814 0.030718 -0.022901
v 0.079471 0.034039 -0.025377
v 0.080814 0.027922 -0.026237
v 0.079471 0.030941 -0.029074
v 0.080814 0.024760 -0.029240
v 0.079471 0.027437 -0.032401
v 0.080814 0.021295 -0.031852
v 0.079471 0.023597 -0.035295
v 0.080814 0.017599 -0.034034
v 0.079471 0.019501 -0.037713
v 0.080814 0.013750 -0.035762
v 0.079471 0.015236 -0.039628
v 0.080814 0.009828 -0.037032
v 0.079471 0.010890 -0.041036
v 0.080814 0.005906 -0.037856
v 0.079471 0.006545 -0.041948
v 0.079471 0.002274 -0.042395
v 0.079471 -0.000002 -0.042456
v 0.081969 0.001797 -0.033506
v 0.081969 0.005172 -0.033153
v 0.082939 0.004365 -0.027980
v 0.081969 0.008607 -0.032431
v 0.082939 0.007263 -0.027371
v 0.081969 0.012042 -0.031319
v 0.082939 0.010163 -0.026432
v 0.081969 0.015412 -0.029805
v 0.082939 0.013007 -0.025154
v 0.081969 0.018649 -0.027895
v 0.082939 0.015739 -0.023542
v 0.081969 0.021684 -0.025607
v 0.082939 0.018301 -0.021611
v 0.081969 0.024453 -0.022978
v 0.082939 0.020638 -0.019392
v 0.081969 0.026902 -0.020056
v 0.082939 0.022704 -0.016926
v 0.081969 0.028987 -0.016903
v 0.082939 0.024464 -0.014265
v 0.081969 0.030683 -0.013584
v 0.082939 0.025895 -0.011464
v 0.081969 0.031977 -0.010171
v 0.082939 0.026988 -0.008583
v 0.081969 0.032874 -0.006729
v 0.082939 0.027745 -0.005679
v 0.079471 0.006544 0.041951
v 0.080814 0.009827 0.037034
v 0.079471 0.010889 0.041038
v 0.080814 0.013750 0.035764
v 0.079471 0.015236 0.039630
v 0.080814 0.017598 0.034036
v 0.079471 0.019501 0.037715
v 0.080814 0.021295 0.031854
v 0.079471 0.023597 0.035297
v 0.080814 0.024760 0.029242
v 0.079471 0.027437 0.032403
v 0.080814 0.027922 0.026239
v 0.079471 0.030941 0.029076
v 0.080814 0.030718 0.022903
v 0.079471 0.034039 0.025379
v 0.080814 0.033099 0.019303
v 0.079471 0.036677 0.021389
v 0.080814 0.035036 0.015514
v 0.079471 0.038823 0.017191
v 0.080814 0.036513 0.011616
v 0.079471 0.040461 0.012871
v 0.080814 0.037538 0.007685
v 0.079471 0.041596 0.008516
v 0.082939 0.004364 0.027982
v 0.082939 0.007263 0.027373
v 0.081969 0.008606 0.032433
v 0.082939 0.010162 0.026434
v 0.081969 0.012041 0.031321
v 0.082939 0.013007 0.025156
v 0.081969 0.015412 0.029807
v 0.082939 0.015739 0.023544
v 0.081969 0.018649 0.027897
v 0.082939 0.018301 0.021613
v 0.081969 0.021684 0.025609
v 0.082939 0.020638 0.019394
v 0.081969 0.024453 0.022980
v 0.082939 0.022704 0.016928
v 0.081969 0.026902 0.020058
v 0.082939 0.024464 0.014267
v 0.081969 0.028987 0.016905
v 0.082939 0.025895 0.011467
v 0.081969 0.030683 0.013586
v 0.082939 0.026988 0.008585
v 0.081969 0.031977 0.010173
v 0.082939 0.027745 0.005681
v 0.081969 0.032874 0.006731
v 0.083727 0.001217 0.022719
v 0.084336 0.002618 0.016789
v 0.084767 0.000597 0.011170
v 0.085024 0.000291 0.005467
v 0.085024 -0.000002 0.005475
v 0.083727 0.003506 0.022480
v 0.084336 0.004357 0.016424
v 0.083727 0.005835 0.021990
v 0.084336 0.006097 0.015861
v 0.083727 0.008164 0.021236
v 0.084336 0.007804 0.015094
v 0.083727 0.010449 0.020210
v 0.084336 0.009443 0.014127
v 0.083727 0.012644 0.018914
v 0.084336 0.010980 0.012968
v 0.083727 0.014702 0.017363
v 0.084336 0.012382 0.011637
v 0.083727 0.016579 0.015581
v 0.084336 0.013622 0.010158
v 0.083727 0.018239 0.013600
v 0.084336 0.014678 0.008561
v 0.083727 0.019654 0.011462
v 0.084336 0.015537 0.006880
v 0.083727 0.020803 0.009212
v 0.084336 0.016192 0.005152
v 0.083727 0.021681 0.006897
v 0.084336 0.016647 0.003409
v 0.083727 0.022289 0.004564
v 0.084336 0.016908 0.001683
v 0.083727 0.022639 0.002253
v 0.084336 0.016992 0.000001
v 0.083727 0.022751 0.000001
v 0.084336 0.016908 -0.001681
v 0.083727 0.022639 -0.002251
v 0.084336 0.016647 -0.003407
v 0.083727 0.022289 -0.004562
v 0.084336 0.016192 -0.005150
v 0.083727 0.021681 -0.006895
v 0.084336 0.015537 -0.006878
v 0.083727 0.020803 -0.009210
v 0.084336 0.014678 -0.008559
v 0.083727 0.019654 -0.011460
v 0.084336 0.013622 -0.010155
v 0.083727 0.018240 -0.013598
v 0.084336 0.012382 -0.011635
v 0.083727 0.016579 -0.015579
v 0.084336 0.010980 -0.012966
v 0.083727 0.014702 -0.017361
v 0.084336 0.009443 -0.014125
v 0.083727 0.012644 -0.018912
v 0.084336 0.007804 -0.015092
v 0.083727 0.010449 -0.020208
v 0.084336 0.006097 -0.015859
v 0.083727 0.008164 -0.021234
v 0.084336 0.004358 -0.016422
v 0.083727 0.005835 -0.021988
v 0.084336 0.002618 -0.016787
v 0.083727 0.003506 -0.022477
v 0.083727 0.001217 -0.022717
v 0.084767 0.001723 0.011052
v 0.084767 0.002868 0.010812
v 0.084767 0.004013 0.010441
v 0.084767 0.005136 0.009936
v 0.084767 0.006216 0.009300
v 0.084767 0.007227 0.008537
v 0.084767 0.008150 0.007661
v 0.084767 0.008967 0.006687
v 0.084767 0.009662 0.005636
v 0.084767 0.010227 0.004529
v 0.084767 0.010658 0.003392
v 0.084767 0.010957 0.002244
v 0.084767 0.011130 0.001108
v 0.084767 0.011185 0.000001
v 0.084767 0.011130 -0.001106
v 0.084767 0.010957 -0.002242
v 0.084767 0.010658 -0.003389
v 0.084767 0.010227 -0.004527
v 0.084767 0.009662 -0.005633
v 0.084767 0.008967 -0.006685
v 0.084767 0.008150 -0.007658
v 0.084767 0.007227 -0.008535
v 0.084767 0.006216 -0.009297
v 0.084767 0.005136 -0.009934
v 0.084767 0.004013 -0.010439
v 0.084767 0.002868 -0.010810
v 0.084767 0.001723 -0.011050
v 0.085023 -0.000002 0.005508
v 0.084326 -0.000003 0.017097
v 0.085023 -0.000225 -0.005502
v 0.085023 -0.000642 -0.005469
v 0.085023 -0.001423 0.005322
v 0.085023 -0.000972 0.005422
v 0.085023 -0.001873 0.005181
v 0.085023 -0.000522 0.005484
v 0.085023 -0.003097 0.004557
v 0.085023 -0.002711 0.004797
v 0.085023 -0.003465 0.004285
v 0.085023 -0.002297 0.005008
v 0.085023 -0.004399 0.003320
v 0.085023 -0.004114 0.003666
v 0.085023 -0.004653 0.002953
v 0.085023 -0.003802 0.003989
v 0.085023 -0.005220 0.001767
v 0.085023 -0.005063 0.002176
v 0.085023 -0.005342 0.001356
v 0.085023 -0.004875 0.002570
v 0.085023 -0.005510 0.000071
v 0.085023 -0.005487 0.000516
v 0.085023 -0.005498 -0.000371
v 0.085023 -0.005431 0.000934
v 0.085023 -0.005233 -0.001727
v 0.085023 -0.005359 -0.001284
v 0.085023 -0.005067 -0.002166
v 0.085023 -0.005449 -0.000824
v 0.085023 -0.004376 -0.003348
v 0.085023 -0.004636 -0.002977
v 0.085023 -0.004084 -0.003698
v 0.085023 -0.004870 -0.002578
v 0.085023 -0.003069 -0.004574
v 0.085023 -0.003430 -0.004311
v 0.085023 -0.002691 -0.004806
v 0.085023 -0.003769 -0.004018
v 0.085023 -0.001482 -0.005304
v 0.085023 -0.001896 -0.005171
v 0.085023 -0.001067 -0.005403
v 0.085023 -0.002298 -0.005005
v 0.079471 -0.003214 0.042336
v 0.079470 -0.042460 0.000539
v 0.081930 -0.033361 -0.005054
v 0.081930 -0.033664 -0.002278
v 0.080760 -0.038074 -0.005768
v 0.080760 -0.038421 -0.002600
v 0.082912 -0.028485 0.000362
v 0.082912 -0.028423 -0.001923
v 0.082912 -0.028363 0.002665
v 0.080760 -0.038340 0.003602
v 0.081930 -0.033593 0.003156
v 0.079470 -0.042388 0.002515
v 0.079470 -0.042276 0.003977
v 0.079470 -0.042457 -0.000722
v 0.079470 -0.042281 -0.003929
v 0.084326 -0.000249 0.017095
v 0.085023 -0.000082 0.005508
v 0.084763 -0.000457 -0.011244
v 0.084326 -0.000692 -0.017081
v 0.083711 -0.000926 -0.022867
v 0.082913 -0.001151 -0.028458
v 0.081931 -0.001363 -0.033707
v 0.080761 -0.001556 -0.038470
v 0.079471 -0.002275 -0.042395
v 0.079471 -0.003479 -0.042314
v 0.080761 -0.004472 -0.038241
v 0.080761 -0.010342 -0.037088
v 0.079471 -0.008630 -0.041571
v 0.080761 -0.007441 -0.037777
v 0.079471 -0.008301 -0.041637
v 0.079471 -0.005466 -0.042103
v 0.080761 -0.013238 -0.036156
v 0.079471 -0.013164 -0.040365
v 0.079471 -0.011762 -0.040796
v 0.080761 -0.018796 -0.033605
v 0.079470 -0.019082 -0.037929
v 0.080761 -0.016048 -0.035000
v 0.079471 -0.017672 -0.038606
v 0.079471 -0.016170 -0.039258
v 0.080760 -0.028532 -0.025858
v 0.079470 -0.028254 -0.031695
v 0.080760 -0.026331 -0.028096
v 0.079470 -0.025784 -0.033734
v 0.080760 -0.023958 -0.030144
v 0.079470 -0.024603 -0.034605
v 0.080760 -0.021437 -0.031986
v 0.079470 -0.022085 -0.036263
v 0.079470 -0.021895 -0.036378
v 0.080760 -0.030573 -0.023411
v 0.079470 -0.032703 -0.027082
v 0.079470 -0.030562 -0.029476
v 0.080760 -0.035404 -0.015147
v 0.079470 -0.037153 -0.020557
v 0.080760 -0.034027 -0.018027
v 0.079470 -0.035498 -0.023300
v 0.080760 -0.032395 -0.020818
v 0.079470 -0.034671 -0.024512
v 0.079470 -0.033712 -0.025815
v 0.080760 -0.036565 -0.012077
v 0.079470 -0.039825 -0.014732
v 0.079470 -0.038597 -0.017700
v 0.079470 -0.041864 -0.007103
v 0.079470 -0.041210 -0.010239
v 0.080760 -0.037446 -0.008984
v 0.079470 -0.040831 -0.011656
v 0.079470 -0.040320 -0.013318
v 0.080760 -0.037952 0.006521
v 0.079470 -0.041856 0.007153
v 0.080760 -0.037325 0.009473
v 0.079470 -0.041198 0.010285
v 0.079470 -0.040753 0.011928
v 0.080760 -0.036474 0.012350
v 0.079470 -0.040303 0.013370
v 0.080760 -0.035380 0.015204
v 0.079470 -0.039167 0.016401
v 0.080760 -0.034062 0.017964
v 0.079470 -0.038578 0.017744
v 0.079470 -0.039091 0.016584
v 0.080760 -0.032509 0.020641
v 0.079470 -0.036877 0.021052
v 0.079470 -0.037130 0.020602
v 0.080760 -0.028745 0.025624
v 0.079470 -0.033606 0.025955
v 0.080760 -0.030733 0.023202
v 0.079470 -0.034128 0.025265
v 0.079470 -0.035472 0.023340
v 0.080761 -0.018933 0.033530
v 0.079470 -0.023120 0.035615
v 0.080760 -0.021633 0.031855
v 0.079470 -0.025746 0.033765
v 0.080760 -0.024205 0.029948
v 0.079470 -0.028217 0.031730
v 0.080760 -0.026562 0.027880
v 0.079470 -0.030529 0.029513
v 0.079470 -0.031532 0.028439
v 0.080761 -0.016038 0.035007
v 0.079470 -0.019146 0.037899
v 0.079470 -0.020339 0.037272
v 0.080761 -0.006781 0.037903
v 0.079471 -0.010144 0.041229
v 0.080761 -0.009928 0.037203
v 0.079471 -0.013231 0.040345
v 0.080761 -0.013075 0.036217
v 0.079471 -0.016234 0.039234
v 0.079471 -0.017685 0.038602
v 0.080761 -0.003636 0.038332
v 0.079471 -0.006403 0.041973
v 0.079471 -0.006974 0.041882
v 0.081931 -0.003186 0.033586
v 0.082913 -0.000413 0.028480
v 0.082913 -0.002691 0.028356
v 0.082913 -0.003309 -0.028288
v 0.081931 -0.003919 -0.033507
v 0.082913 -0.005506 -0.027945
v 0.081930 -0.006520 -0.033099
v 0.082913 -0.007651 -0.027435
v 0.081930 -0.009062 -0.032496
v 0.082913 -0.009794 -0.026746
v 0.081930 -0.011600 -0.031679
v 0.082913 -0.011873 -0.025891
v 0.081930 -0.014062 -0.030667
v 0.082912 -0.013905 -0.024859
v 0.081930 -0.016469 -0.029444
v 0.082912 -0.015859 -0.023661
v 0.081930 -0.018783 -0.028026
v 0.082912 -0.017724 -0.022299
v 0.081930 -0.020992 -0.026412
v 0.082912 -0.019479 -0.020783
v 0.081930 -0.023071 -0.024617
v 0.082912 -0.021108 -0.019128
v 0.081930 -0.025000 -0.022657
v 0.082912 -0.022617 -0.017318
v 0.081930 -0.026788 -0.020512
v 0.082912 -0.023965 -0.015399
v 0.081930 -0.028385 -0.018240
v 0.082912 -0.025172 -0.013335
v 0.081930 -0.029815 -0.015795
v 0.082912 -0.026191 -0.011204
v 0.081930 -0.031021 -0.013271
v 0.082912 -0.027050 -0.008934
v 0.081930 -0.032038 -0.010582
v 0.082912 -0.027701 -0.006645
v 0.081930 -0.032810 -0.007871
v 0.082912 -0.028166 -0.004267
v 0.082912 -0.028076 0.004824
v 0.081930 -0.033254 0.005714
v 0.082912 -0.027612 0.007008
v 0.081930 -0.032705 0.008300
v 0.082912 -0.026983 0.009136
v 0.081930 -0.031959 0.010822
v 0.082912 -0.026173 0.011247
v 0.081930 -0.031000 0.013322
v 0.082912 -0.025198 0.013289
v 0.081930 -0.029845 0.015740
v 0.082912 -0.024049 0.015270
v 0.081930 -0.028484 0.018086
v 0.082912 -0.022736 0.017164
v 0.081930 -0.026929 0.020329
v 0.082912 -0.021265 0.018955
v 0.081930 -0.025186 0.022451
v 0.082912 -0.019650 0.020624
v 0.081930 -0.023274 0.024428
v 0.082912 -0.017907 0.022154
v 0.081930 -0.021209 0.026240
v 0.082912 -0.016004 0.023565
v 0.081930 -0.018955 0.027911
v 0.082912 -0.014007 0.024804
v 0.081930 -0.016590 0.029379
v 0.082913 -0.011865 0.025896
v 0.081930 -0.014053 0.030672
v 0.082913 -0.009673 0.026792
v 0.081930 -0.011457 0.031733
v 0.082913 -0.007345 0.027521
v 0.081930 -0.008699 0.032597
v 0.082913 -0.005017 0.028038
v 0.081930 -0.005942 0.033210
v 0.084326 -0.001988 -0.016980
v 0.083710 -0.002660 -0.022731
v 0.084326 -0.003306 -0.016773
v 0.083710 -0.004425 -0.022455
v 0.084326 -0.004594 -0.016467
v 0.083710 -0.006149 -0.022046
v 0.084326 -0.005880 -0.016054
v 0.083710 -0.007871 -0.021492
v 0.084326 -0.007128 -0.015540
v 0.083710 -0.009541 -0.020805
v 0.084326 -0.008348 -0.014921
v 0.083710 -0.011175 -0.019975
v 0.084326 -0.009521 -0.014202
v 0.083710 -0.012744 -0.019013
v 0.084326 -0.010640 -0.013384
v 0.083710 -0.014243 -0.017918
v 0.084326 -0.011694 -0.012475
v 0.083710 -0.015654 -0.016701
v 0.084326 -0.012671 -0.011481
v 0.083710 -0.016962 -0.015370
v 0.084326 -0.013577 -0.010394
v 0.083710 -0.018175 -0.013916
v 0.084326 -0.014386 -0.009243
v 0.083710 -0.019258 -0.012374
v 0.084326 -0.015111 -0.008004
v 0.083710 -0.020229 -0.010715
v 0.084326 -0.015723 -0.006725
v 0.083710 -0.021047 -0.009003
v 0.084326 -0.016238 -0.005362
v 0.083710 -0.021737 -0.007179
v 0.084326 -0.016629 -0.003988
v 0.083710 -0.022261 -0.005340
v 0.084326 -0.016908 -0.002561
v 0.083710 -0.022634 -0.003428
v 0.084326 -0.017062 -0.001154
v 0.083710 -0.022840 -0.001545
v 0.084326 -0.017100 0.000217
v 0.083710 -0.022891 0.000291
v 0.084326 -0.017026 0.001600
v 0.083710 -0.022792 0.002142
v 0.084326 -0.016854 0.002896
v 0.083710 -0.022562 0.003877
v 0.084326 -0.016576 0.004207
v 0.083710 -0.022189 0.005632
v 0.084326 -0.016198 0.005484
v 0.083710 -0.021683 0.007342
v 0.084326 -0.015712 0.006751
v 0.083710 -0.021033 0.009038
v 0.084326 -0.015127 0.007977
v 0.083710 -0.020249 0.010679
v 0.084326 -0.014437 0.009166
v 0.083710 -0.019326 0.012270
v 0.084326 -0.013649 0.010303
v 0.083710 -0.018271 0.013792
v 0.084326 -0.012766 0.011378
v 0.083710 -0.017089 0.015232
v 0.084326 -0.011797 0.012380
v 0.083710 -0.015791 0.016573
v 0.084326 -0.010750 0.013298
v 0.083710 -0.014390 0.017802
v 0.084326 -0.009608 0.014145
v 0.083710 -0.012861 0.018936
v 0.084326 -0.008409 0.014889
v 0.083710 -0.011256 0.019932
v 0.084326 -0.007124 0.015544
v 0.083710 -0.009535 0.020809
v 0.084326 -0.005808 0.016082
v 0.083710 -0.007774 0.021529
v 0.084326 -0.004410 0.016519
v 0.083710 -0.005903 0.022115
v 0.084326 -0.003013 0.016830
v 0.083710 -0.004032 0.022531
v 0.084326 -0.001616 0.017021
v 0.083710 -0.002163 0.022786
v 0.083711 -0.000333 0.022886
v 0.084763 -0.001309 -0.011177
v 0.084763 -0.002177 -0.011041
v 0.084763 -0.003025 -0.010840
v 0.084763 -0.003872 -0.010568
v 0.084763 -0.004693 -0.010230
v 0.084763 -0.005497 -0.009822
v 0.084763 -0.006269 -0.009349
v 0.084763 -0.007006 -0.008811
v 0.084763 -0.007699 -0.008212
v 0.084763 -0.008343 -0.007558
v 0.084763 -0.008939 -0.006842
v 0.084763 -0.009472 -0.006084
v 0.084763 -0.009949 -0.005269
v 0.084763 -0.010351 -0.004427
v 0.084763 -0.010691 -0.003529
v 0.084763 -0.010948 -0.002625
v 0.084763 -0.011132 -0.001685
v 0.084763 -0.011233 -0.000759
v 0.084763 -0.011258 0.000144
v 0.084763 -0.011210 0.001054
v 0.084763 -0.011096 0.001907
v 0.084763 -0.010913 0.002770
v 0.084763 -0.010664 0.003611
v 0.084763 -0.010344 0.004445
v 0.084763 -0.009959 0.005252
v 0.084763 -0.009505 0.006034
v 0.084763 -0.008986 0.006783
v 0.084763 -0.008405 0.007491
v 0.084763 -0.007767 0.008150
v 0.084763 -0.007078 0.008755
v 0.084763 -0.006326 0.009312
v 0.084763 -0.005537 0.009802
v 0.084763 -0.004691 0.010233
v 0.084763 -0.003824 0.010587
v 0.084763 -0.002904 0.010875
v 0.084763 -0.001984 0.011080
v 0.084763 -0.001065 0.011205
v 0.084763 -0.000165 0.011254
v 0.078953 -0.000002 -0.042456
v 0.078953 -0.000003 0.042458
v 0.083031 0.004189 0.003087
v 0.083031 0.004772 0.002075
v 0.083109 -0.000002 0.000001
v 0.082796 0.005944 0.008821
v 0.082796 0.006909 0.008087
v 0.083031 0.003379 0.003958
v 0.083031 0.000278 0.005198
v 0.083031 0.001341 0.005029
v 0.083031 0.004127 -0.003168
v 0.083031 0.003300 -0.004022
v 0.083031 0.001248 -0.005051
v 0.083031 0.000189 -0.005200
v 0.082796 0.005769 -0.008934
v 0.082796 0.004729 -0.009525
v 0.083031 0.002313 -0.004660
v 0.082796 0.010098 -0.003338
v 0.082796 0.009671 -0.004424
v 0.083031 0.004731 -0.002164
v 0.083031 0.005203 -0.000043
v 0.083031 0.005086 -0.001096
v 0.083031 -0.000002 0.005205
v 0.082971 -0.000003 0.006981
v 0.082896 -0.000002 -0.008718
v 0.083100 -0.000002 -0.001713
v 0.078064 0.003124 -0.040335
v 0.078064 -0.000002 -0.040456
v 0.079127 -0.000002 -0.036894
v 0.079200 0.001340 -0.036590
v 0.079200 0.005029 -0.036267
v 0.078064 0.006228 -0.039974
v 0.078064 0.008880 -0.039469
v 0.079200 0.008793 -0.035543
v 0.078064 0.009715 -0.039272
v 0.078064 0.011933 -0.038656
v 0.079200 0.012568 -0.034390
v 0.078064 0.013887 -0.037998
v 0.078064 0.014890 -0.037616
v 0.079200 0.016283 -0.032794
v 0.078064 0.017749 -0.036355
v 0.078064 0.021947 -0.033986
v 0.078064 0.021445 -0.034305
v 0.079200 0.019863 -0.030759
v 0.078064 0.020505 -0.034875
v 0.078064 0.018102 -0.036181
v 0.078064 0.024057 -0.032527
v 0.079200 0.023229 -0.028303
v 0.078064 0.025667 -0.031273
v 0.078064 0.026503 -0.030567
v 0.079200 0.026312 -0.025463
v 0.078064 0.028783 -0.028431
v 0.078064 0.032094 -0.024633
v 0.078064 0.031592 -0.025273
v 0.079200 0.029046 -0.022293
v 0.078064 0.030894 -0.026122
v 0.078064 0.029072 -0.028135
v 0.078064 0.033468 -0.022730
v 0.079200 0.031386 -0.018859
v 0.078064 0.034679 -0.020837
v 0.078064 0.035128 -0.020071
v 0.079200 0.033297 -0.015233
v 0.078064 0.036572 -0.017300
v 0.078064 0.038413 -0.012699
v 0.078064 0.038177 -0.013391
v 0.079200 0.034765 -0.011493
v 0.078064 0.037800 -0.014423
v 0.078064 0.036790 -0.016831
v 0.078064 0.039106 -0.010371
v 0.079200 0.035794 -0.007715
v 0.078064 0.039550 -0.008524
v 0.078064 0.039792 -0.007312
v 0.079200 0.036401 -0.003967
v 0.078064 0.040237 -0.004220
v 0.078064 0.040443 -0.001098
v 0.078064 0.040458 0.000001
v 0.078064 0.040337 0.003136
v 0.079200 0.036465 0.003326
v 0.078064 0.039616 0.008214
v 0.078064 0.039794 0.007300
v 0.079200 0.035929 0.007062
v 0.078064 0.039973 0.006246
v 0.078064 0.040255 0.004054
v 0.078064 0.039103 0.010383
v 0.079200 0.034975 0.010840
v 0.078064 0.038645 0.011978
v 0.078064 0.038182 0.013379
v 0.079200 0.033584 0.014592
v 0.078064 0.037036 0.016286
v 0.078064 0.035667 0.019099
v 0.079200 0.031749 0.018243
v 0.078064 0.035135 0.020060
v 0.078064 0.032237 0.024448
v 0.078064 0.032575 0.023995
v 0.079200 0.029482 0.021716
v 0.078064 0.033463 0.022741
v 0.078064 0.034812 0.020616
v 0.078064 0.031602 0.025263
v 0.079200 0.026812 0.024937
v 0.078064 0.029558 0.027627
v 0.078064 0.025806 0.031160
v 0.078064 0.026515 0.030559
v 0.079200 0.023786 0.027838
v 0.078064 0.027335 0.029828
v 0.078064 0.029217 0.027987
v 0.078064 0.024049 0.032535
v 0.079200 0.020464 0.030364
v 0.078064 0.022611 0.033550
v 0.078064 0.018101 0.036183
v 0.078064 0.018747 0.035853
v 0.079200 0.016916 0.032475
v 0.078064 0.021458 0.034299
v 0.078064 0.022074 0.033906
v 0.078064 0.015921 0.037194
v 0.079200 0.013219 0.034147
v 0.078064 0.014906 0.037612
v 0.078064 0.009778 0.039258
v 0.078064 0.010440 0.039088
v 0.079200 0.009448 0.035376
v 0.078064 0.011925 0.038661
v 0.078064 0.013974 0.037968
v 0.078064 0.008895 0.039468
v 0.079200 0.005678 0.036173
v 0.078064 0.005823 0.040037
v 0.078064 -0.000003 0.040458
v 0.078064 0.001616 0.040426
v 0.080243 0.001724 0.031974
v 0.080243 0.004965 0.031633
v 0.078064 0.002711 0.040367
v 0.080243 0.031832 -0.003469
v 0.080243 0.032020 -0.000271
v 0.080243 0.031888 0.002909
v 0.080088 -0.000002 -0.032777
v 0.080243 0.001172 -0.031997
v 0.080243 0.004398 -0.031715
v 0.080243 0.007689 -0.031082
v 0.080243 0.010991 -0.030073
v 0.080243 0.014240 -0.028678
v 0.080243 0.017370 -0.026898
v 0.080243 0.020314 -0.024750
v 0.080243 0.023009 -0.022267
v 0.080243 0.025401 -0.019495
v 0.080243 0.027447 -0.016491
v 0.080243 0.029118 -0.013321
v 0.080243 0.030402 -0.010050
v 0.080243 0.031302 -0.006746
v 0.082796 0.010397 -0.002240
v 0.082796 0.010573 -0.001152
v 0.082796 0.010635 -0.000089
v 0.082796 0.010592 0.000967
v 0.082796 0.009116 -0.005477
v 0.082796 0.006747 -0.008221
v 0.082796 0.007642 -0.007396
v 0.082796 0.008437 -0.006475
v 0.082796 0.003650 -0.009989
v 0.082445 -0.000002 -0.015637
v 0.082796 0.000388 -0.010628
v 0.082796 0.001460 -0.010534
v 0.082796 0.002553 -0.010324
v 0.081844 0.000792 -0.021644
v 0.082401 0.000591 -0.016153
v 0.081844 0.002974 -0.021453
v 0.082401 0.002219 -0.016011
v 0.081844 0.005201 -0.021025
v 0.082401 0.003881 -0.015691
v 0.081844 0.007434 -0.020343
v 0.082401 0.005548 -0.015182
v 0.081844 0.009632 -0.019399
v 0.082401 0.007188 -0.014478
v 0.081844 0.011750 -0.018195
v 0.082401 0.008769 -0.013579
v 0.081844 0.013741 -0.016742
v 0.082401 0.010255 -0.012495
v 0.081844 0.015565 -0.015063
v 0.082401 0.011616 -0.011241
v 0.081844 0.017183 -0.013187
v 0.082401 0.012823 -0.009842
v 0.081844 0.018566 -0.011155
v 0.082401 0.013856 -0.008325
v 0.081844 0.019697 -0.009011
v 0.082401 0.014700 -0.006724
v 0.081844 0.020566 -0.006798
v 0.082401 0.015348 -0.005073
v 0.081844 0.021174 -0.004563
v 0.082401 0.015802 -0.003405
v 0.081844 0.021533 -0.002346
v 0.082401 0.016070 -0.001751
v 0.081844 0.021660 -0.000183
v 0.082401 0.016165 -0.000136
v 0.081844 0.021571 0.001968
v 0.082401 0.016098 0.001469
v 0.081844 0.021254 0.004178
v 0.082401 0.015862 0.003119
v 0.081844 0.020690 0.006413
v 0.082401 0.015441 0.004786
v 0.081844 0.019866 0.008632
v 0.082401 0.014826 0.006443
v 0.081844 0.018781 0.010792
v 0.082401 0.014016 0.008055
v 0.081844 0.017440 0.012847
v 0.082401 0.013015 0.009588
v 0.081844 0.015861 0.014752
v 0.082401 0.011837 0.011010
v 0.081844 0.014071 0.016468
v 0.082401 0.010501 0.012291
v 0.081844 0.012106 0.017962
v 0.082401 0.009034 0.013406
v 0.081844 0.010007 0.019211
v 0.082401 0.007468 0.014338
v 0.081844 0.007819 0.020200
v 0.082401 0.005835 0.015076
v 0.081844 0.005589 0.020927
v 0.082401 0.004171 0.015619
v 0.081844 0.003358 0.021399
v 0.082401 0.002506 0.015970
v 0.081844 0.001165 0.021629
v 0.082401 0.000869 0.016143
v 0.081852 -0.000003 0.021592
v 0.082551 -0.000003 0.014307
v 0.083031 0.002403 0.004616
v 0.082796 0.003839 0.009920
v 0.082796 0.004913 0.009434
v 0.082796 0.000571 0.010622
v 0.082796 0.001648 0.010508
v 0.082796 0.002743 0.010277
v 0.083031 0.005105 0.001005
v 0.082796 0.010159 0.003150
v 0.082796 0.010436 0.002052
v 0.082796 0.007788 0.007245
v 0.082796 0.008563 0.006309
v 0.082796 0.009222 0.005300
v 0.082796 0.009755 0.004239
v 0.081793 -0.000002 -0.022085
v 0.080243 0.031420 0.006176
v 0.080243 0.030586 0.009480
v 0.080243 0.029369 0.012761
v 0.080243 0.027764 0.015954
v 0.080243 0.025782 0.018991
v 0.080243 0.023447 0.021808
v 0.080243 0.020801 0.024345
v 0.080243 0.017896 0.026553
v 0.080243 0.014793 0.028399
v 0.080243 0.011560 0.029861
v 0.080243 0.008263 0.030936
v 0.080992 -0.000002 -0.027831
v 0.081125 0.000987 -0.026970
v 0.081125 0.003707 -0.026732
v 0.081125 0.006481 -0.026198
v 0.081125 0.009264 -0.025348
v 0.081125 0.012003 -0.024173
v 0.081125 0.014641 -0.022672
v 0.081125 0.017122 -0.020862
v 0.081125 0.019394 -0.018769
v 0.081125 0.021410 -0.016432
v 0.081125 0.023135 -0.013900
v 0.081125 0.024543 -0.011228
v 0.081125 0.025626 -0.008471
v 0.081125 0.026384 -0.005686
v 0.081125 0.026831 -0.002924
v 0.081125 0.026989 -0.000228
v 0.081125 0.026879 0.002452
v 0.081125 0.026483 0.005206
v 0.081125 0.025780 0.007991
v 0.081125 0.024755 0.010756
v 0.081125 0.023402 0.013447
v 0.081125 0.021731 0.016007
v 0.081125 0.019764 0.018382
v 0.081125 0.017533 0.020520
v 0.081125 0.015084 0.022382
v 0.081125 0.012469 0.023937
v 0.081125 0.009743 0.025170
v 0.081125 0.006964 0.026076
v 0.081125 0.004185 0.026664
v 0.081125 0.001453 0.026951
v 0.081045 -0.000003 0.027502
v 0.083031 -0.004175 -0.003110
v 0.083031 -0.004762 -0.002106
v 0.082795 -0.010588 -0.001052
v 0.082795 -0.010641 0.000001
v 0.083031 -0.005208 0.000001
v 0.082400 -0.011784 -0.011069
v 0.082400 -0.012964 -0.009662
v 0.082795 -0.008531 -0.006357
v 0.082400 -0.013969 -0.008143
v 0.081843 -0.017369 -0.012946
v 0.082795 -0.010588 0.001053
v 0.082795 -0.010424 0.002134
v 0.083031 -0.005102 0.001045
v 0.082795 -0.010140 0.003225
v 0.082795 -0.009730 0.004307
v 0.083031 -0.004762 0.002108
v 0.082795 -0.009192 0.005359
v 0.082795 -0.008531 0.006358
v 0.083031 -0.004176 0.003112
v 0.082795 -0.007755 0.007284
v 0.082795 -0.006878 0.008118
v 0.083031 -0.003366 0.003973
v 0.083031 -0.001338 0.005031
v 0.083031 -0.000281 0.005198
v 0.082796 -0.005916 0.008843
v 0.082796 -0.004889 0.009449
v 0.083031 -0.002394 0.004624
v 0.079199 -0.036441 -0.003624
v 0.080242 -0.031868 -0.003169
v 0.078063 -0.040456 -0.000763
v 0.078063 -0.040275 -0.003892
v 0.078063 -0.040461 0.000344
v 0.078063 -0.040392 0.002396
v 0.078063 -0.040315 0.003462
v 0.080242 -0.032026 0.000000
v 0.080242 -0.031868 0.003169
v 0.079199 -0.036441 0.003624
v 0.078064 -0.003136 0.040337
v 0.078064 -0.006123 0.039993
v 0.079200 -0.005649 0.036179
v 0.078064 -0.009203 0.039398
v 0.079199 -0.009397 0.035391
v 0.078064 -0.013892 0.038000
v 0.078064 -0.012658 0.038428
v 0.079199 -0.013145 0.034177
v 0.078064 -0.012224 0.038569
v 0.078064 -0.010382 0.039104
v 0.078064 -0.018461 0.036003
v 0.078064 -0.017998 0.036237
v 0.079199 -0.016823 0.032525
v 0.078064 -0.015618 0.037324
v 0.078064 -0.014524 0.037763
v 0.078063 -0.021184 0.034472
v 0.079199 -0.020356 0.030440
v 0.078063 -0.021953 0.033988
v 0.079199 -0.023667 0.027944
v 0.078063 -0.026150 0.030876
v 0.078063 -0.025672 0.031274
v 0.078063 -0.024664 0.032075
v 0.078063 -0.023784 0.032732
v 0.078063 -0.022491 0.033634
v 0.078063 -0.027092 0.030053
v 0.079199 -0.026689 0.025074
v 0.078063 -0.029078 0.028136
v 0.078063 -0.032441 0.024183
v 0.078063 -0.032100 0.024634
v 0.079199 -0.029361 0.021886
v 0.078063 -0.031400 0.025519
v 0.078063 -0.029337 0.027866
v 0.078063 -0.034955 0.020381
v 0.078063 -0.034684 0.020838
v 0.079199 -0.031636 0.018445
v 0.078063 -0.033891 0.022105
v 0.078063 -0.033278 0.023017
v 0.078063 -0.035512 0.019393
v 0.079199 -0.033486 0.014824
v 0.078063 -0.036907 0.016586
v 0.078063 -0.038077 0.013689
v 0.079199 -0.034899 0.011099
v 0.078063 -0.038560 0.012264
v 0.078063 -0.039021 0.010706
v 0.079199 -0.035877 0.007343
v 0.078063 -0.039297 0.009643
v 0.078063 -0.040225 0.004384
v 0.078063 -0.039926 0.006570
v 0.078063 -0.039641 0.008114
v 0.078063 -0.039855 -0.006988
v 0.079199 -0.035877 -0.007344
v 0.078063 -0.038559 -0.012264
v 0.078063 -0.038908 -0.011106
v 0.079199 -0.034898 -0.011099
v 0.078063 -0.039195 -0.010046
v 0.078063 -0.039641 -0.008114
v 0.078063 -0.037923 -0.014108
v 0.079199 -0.033485 -0.014824
v 0.078063 -0.036998 -0.016380
v 0.079199 -0.031635 -0.018445
v 0.078063 -0.035295 -0.019784
v 0.078063 -0.036717 -0.017001
v 0.078063 -0.032439 -0.024183
v 0.078063 -0.033039 -0.023357
v 0.079199 -0.029359 -0.021886
v 0.078063 -0.033661 -0.022451
v 0.078063 -0.034954 -0.020381
v 0.078063 -0.031116 -0.025863
v 0.079199 -0.026687 -0.025074
v 0.078063 -0.029487 -0.027705
v 0.079199 -0.023666 -0.027943
v 0.078063 -0.026757 -0.030349
v 0.078063 -0.029020 -0.028194
v 0.078063 -0.022489 -0.033633
v 0.078063 -0.023445 -0.032974
v 0.079199 -0.020354 -0.030439
v 0.078063 -0.024332 -0.032325
v 0.078063 -0.026148 -0.030875
v 0.078063 -0.020800 -0.034703
v 0.079199 -0.016821 -0.032524
v 0.078064 -0.018586 -0.035937
v 0.079199 -0.013143 -0.034176
v 0.078064 -0.015202 -0.037493
v 0.078064 -0.018051 -0.036209
v 0.078064 -0.010380 -0.039103
v 0.078064 -0.011207 -0.038874
v 0.079199 -0.009395 -0.035390
v 0.078064 -0.012260 -0.038555
v 0.078064 -0.014522 -0.037762
v 0.078064 -0.008140 -0.039630
v 0.079200 -0.005647 -0.036177
v 0.078064 -0.006240 -0.039973
v 0.078064 -0.005044 -0.040141
v 0.079200 -0.001964 -0.036562
v 0.078064 -0.001925 -0.040410
v 0.082401 -0.000869 -0.016141
v 0.082796 -0.000572 -0.010620
v 0.083031 -0.000281 -0.005196
v 0.081844 -0.001164 0.021630
v 0.080242 -0.001719 0.031975
v 0.080242 -0.004941 0.031638
v 0.082796 -0.000573 0.010622
v 0.082796 -0.001643 0.010510
v 0.082796 -0.002732 0.010281
v 0.082796 -0.003821 0.009929
v 0.082401 -0.000869 0.016143
v 0.081844 -0.003343 0.021402
v 0.082400 -0.002496 0.015973
v 0.081844 -0.005560 0.020936
v 0.082400 -0.004150 0.015625
v 0.081844 -0.007778 0.020218
v 0.082400 -0.005805 0.015089
v 0.081844 -0.009954 0.019241
v 0.082400 -0.007429 0.014360
v 0.081844 -0.012043 0.018008
v 0.082400 -0.008989 0.013439
v 0.081843 -0.014003 0.016531
v 0.082400 -0.010451 0.012337
v 0.081843 -0.015790 0.014833
v 0.082400 -0.011785 0.011071
v 0.081843 -0.017370 0.012947
v 0.082400 -0.012965 0.009663
v 0.081843 -0.018717 0.010912
v 0.082400 -0.013969 0.008144
v 0.081843 -0.019811 0.008770
v 0.082400 -0.014786 0.006545
v 0.081843 -0.020646 0.006566
v 0.082400 -0.015410 0.004901
v 0.081843 -0.021225 0.004344
v 0.082400 -0.015842 0.003242
v 0.081843 -0.021559 0.002144
v 0.082400 -0.016091 0.001601
v 0.081843 -0.021665 0.000000
v 0.082400 -0.016170 0.000001
v 0.081843 -0.021559 -0.002144
v 0.082400 -0.016091 -0.001599
v 0.081843 -0.021225 -0.004344
v 0.082400 -0.015841 -0.003241
v 0.081843 -0.020646 -0.006565
v 0.082795 -0.009192 -0.005357
v 0.082795 -0.009730 -0.004306
v 0.081843 -0.018716 -0.010911
v 0.081843 -0.019810 -0.008769
v 0.082400 -0.014786 -0.006544
v 0.082400 -0.015409 -0.004900
v 0.082795 -0.010140 -0.003223
v 0.082795 -0.010424 -0.002132
v 0.083031 -0.005102 -0.001043
v 0.081843 -0.015789 -0.014832
v 0.081843 -0.014001 -0.016530
v 0.081844 -0.007777 -0.020216
v 0.081844 -0.009953 -0.019239
v 0.082400 -0.007429 -0.014358
v 0.082400 -0.008988 -0.013438
v 0.082796 -0.005915 -0.008841
v 0.082795 -0.006877 -0.008116
v 0.083031 -0.003366 -0.003971
v 0.081844 -0.001163 -0.021628
v 0.082400 -0.002495 -0.015971
v 0.082796 -0.001643 -0.010508
v 0.082796 -0.002731 -0.010279
v 0.083031 -0.001338 -0.005029
v 0.081844 -0.003342 -0.021400
v 0.081844 -0.005559 -0.020934
v 0.082400 -0.004150 -0.015623
v 0.082400 -0.005805 -0.015088
v 0.082796 -0.003820 -0.009927
v 0.082796 -0.004889 -0.009447
v 0.083031 -0.002393 -0.004622
v 0.082795 -0.007755 -0.007283
v 0.082400 -0.010450 -0.012336
v 0.081844 -0.012042 -0.018006
v 0.080242 -0.001718 -0.031973
v 0.080242 -0.004939 -0.031636
v 0.080242 -0.008216 -0.030948
v 0.080242 -0.011494 -0.029886
v 0.080242 -0.014711 -0.028442
v 0.080242 -0.017800 -0.026619
v 0.080242 -0.020696 -0.024436
v 0.080242 -0.023339 -0.021927
v 0.080242 -0.025675 -0.019139
v 0.080242 -0.027665 -0.016130
v 0.080242 -0.029283 -0.012964
v 0.080242 -0.030519 -0.009706
v 0.080242 -0.031375 -0.006422
v 0.080242 -0.031375 0.006422
v 0.080242 -0.030519 0.009706
v 0.080242 -0.029284 0.012964
v 0.080242 -0.027666 0.016130
v 0.080242 -0.025676 0.019140
v 0.080242 -0.023340 0.021928
v 0.080242 -0.020698 0.024437
v 0.080242 -0.017802 0.026620
v 0.080242 -0.014712 0.028443
v 0.080242 -0.011496 0.029888
v 0.080242 -0.008218 0.030949
v 0.081125 -0.001448 -0.026949
v 0.081124 -0.004164 -0.026666
v 0.081124 -0.006926 -0.026085
v 0.081124 -0.009689 -0.025191
v 0.081124 -0.012400 -0.023973
v 0.081124 -0.015004 -0.022437
v 0.081124 -0.017445 -0.020597
v 0.081124 -0.019673 -0.018482
v 0.081124 -0.021642 -0.016132
v 0.081124 -0.023320 -0.013596
v 0.081124 -0.024684 -0.010927
v 0.081124 -0.025725 -0.008181
v 0.081124 -0.026446 -0.005413
v 0.081124 -0.026862 -0.002671
v 0.081124 -0.026995 0.000000
v 0.081124 -0.026862 0.002672
v 0.081124 -0.026447 0.005413
v 0.081124 -0.025725 0.008181
v 0.081124 -0.024684 0.010927
v 0.081124 -0.023320 0.013596
v 0.081124 -0.021643 0.016133
v 0.081124 -0.019674 0.018483
v 0.081124 -0.017447 0.020598
v 0.081124 -0.015005 0.022438
v 0.081124 -0.012402 0.023975
v 0.081124 -0.009691 0.025192
v 0.081124 -0.006927 0.026087
v 0.081124 -0.004165 0.026668
v 0.081125 -0.001449 0.026951
vn -0.2900 0.8709 0.3967
vn -0.2287 0.8893 0.3960
vn -0.2069 0.8989 0.3863
vn -0.1709 0.9066 0.3857
vn -0.1788 0.9104 0.3730
vn -0.1099 0.9210 0.3737
vn -0.2567 0.8867 0.3846
vn -0.3185 0.8608 0.3970
vn -0.3626 0.8384 0.4069
vn -0.3572 0.8427 0.4027
vn -0.4024 0.8199 0.4073
vn -0.4622 0.7831 0.4160
vn -0.4316 0.8003 0.4162
vn -0.4893 0.7647 0.4193
vn -0.5201 0.7421 0.4227
vn -0.5814 0.6827 0.4426
vn -0.5244 0.7351 0.4297
vn -0.5633 0.7024 0.4351
vn -0.6187 0.6500 0.4412
vn -0.6427 0.6217 0.4478
vn -0.6334 0.6217 0.4607
vn -0.6819 0.5771 0.4494
vn -0.6672 0.5729 0.4761
vn -0.7063 0.5302 0.4691
vn -0.7076 0.5189 0.4796
vn -0.7446 0.4549 0.4884
vn -0.7154 0.5005 0.4875
vn -0.7304 0.4806 0.4853
vn -0.7560 0.4346 0.4895
vn -0.7762 0.3868 0.4979
vn -0.7820 0.3717 0.5003
vn -0.8042 0.3058 0.5096
vn -0.8208 0.2487 0.5143
vn -0.8012 0.3206 0.5052
vn -0.8186 0.2598 0.5122
vn -0.8305 0.2050 0.5179
vn -0.8323 0.1984 0.5176
vn -0.8416 0.1431 0.5209
vn -0.8422 0.1384 0.5210
vn -0.8496 0.0703 0.5228
vn -0.8468 -0.0000 0.5320
vn -0.8488 0.0737 0.5235
vn -0.8526 -0.0000 0.5226
vn -0.8506 -0.0565 0.5228
vn -0.8498 -0.0579 0.5239
vn -0.8473 -0.0946 0.5226
vn -0.8418 -0.1419 0.5209
vn -0.8410 -0.1456 0.5210
vn -0.8319 -0.1988 0.5180
vn -0.8307 -0.2054 0.5174
vn -0.8214 -0.2473 0.5140
vn -0.8184 -0.2581 0.5135
vn -0.8083 -0.2964 0.5087
vn -0.7997 -0.3198 0.5081
vn -0.7944 -0.3365 0.5057
vn -0.7796 -0.3775 0.4998
vn -0.7749 -0.3959 0.4927
vn -0.7444 -0.4423 0.5002
vn -0.7238 -0.4837 0.4921
vn -0.7550 -0.4510 0.4760
vn -0.7076 -0.5189 0.4796
vn -0.7083 -0.5215 0.4758
vn -0.6775 -0.5705 0.4642
vn -0.6710 -0.5798 0.4621
vn -0.6331 -0.6290 0.4512
vn -0.6442 -0.6152 0.4544
vn -0.6121 -0.6511 0.4489
vn -0.5821 -0.6844 0.4390
vn -0.5641 -0.6996 0.4385
vn -0.5240 -0.7372 0.4266
vn -0.5195 -0.7393 0.4283
vn -0.4861 -0.7648 0.4229
vn -0.4620 -0.7835 0.4157
vn -0.4316 -0.8003 0.4162
vn -0.4024 -0.8199 0.4073
vn -0.3626 -0.8384 0.4068
vn -0.3185 -0.8608 0.3970
vn -0.2880 -0.8733 0.3930
vn -0.3572 -0.8427 0.4027
vn -0.2477 -0.8848 0.3946
vn -0.1818 -0.9047 0.3853
vn -0.2164 -0.9005 0.3772
vn -0.1074 -0.9223 0.3713
vn -0.1123 -0.9214 0.3722
vn -0.0435 -0.9297 0.3657
vn -0.0030 -0.9316 0.3635
vn 0.0132 -0.9316 0.3633
vn -0.0504 -0.9299 0.3644
vn -0.0153 -0.8909 0.4539
vn -0.0049 -0.9319 0.3627
vn 0.0584 -0.9348 0.3504
vn 0.0722 -0.9289 0.3632
vn 0.1114 -0.9266 0.3591
vn -0.0277 -0.9379 0.3457
vn -0.0281 -0.9399 0.3402
vn -0.0283 -0.9392 0.3422
vn 0.1143 -0.9347 0.3367
vn 0.0925 -0.9479 0.3049
vn 0.1557 -0.9619 0.2249
vn 0.1959 -0.9363 0.2915
vn 0.1729 -0.9470 0.2709
vn 0.1779 -0.9460 0.2711
vn 0.2461 -0.9486 0.1990
vn 0.2111 -0.9148 0.3445
vn 0.3020 -0.9033 0.3048
vn 0.2693 -0.9256 0.2658
vn 0.2913 -0.9420 0.1669
vn 0.3667 -0.9181 0.1505
vn 0.4724 -0.8510 0.2292
vn 0.3988 -0.8826 0.2491
vn 0.3140 -0.9492 0.0220
vn 0.3590 -0.9328 0.0309
vn 0.2915 -0.9524 0.0890
vn 0.4569 -0.8827 0.1094
vn 0.4893 -0.8315 0.2629
vn 0.5631 -0.8045 0.1890
vn 0.6150 -0.7519 0.2377
vn 0.6257 -0.7536 0.2016
vn 0.5768 -0.8119 0.0898
vn 0.4420 -0.8961 -0.0406
vn 0.5665 -0.8230 -0.0426
vn 0.6944 -0.7148 0.0826
vn 0.7404 -0.6342 0.2227
vn 0.7740 -0.6093 0.1723
vn 0.6960 -0.7022 0.1500
vn 0.7671 -0.6414 -0.0118
vn 0.6771 -0.7332 -0.0625
vn 0.7651 -0.6398 0.0725
vn 0.8077 -0.5666 0.1629
vn 0.8125 -0.5795 0.0629
vn 0.8516 -0.5209 -0.0592
vn 0.8637 -0.5027 0.0366
vn 0.8161 -0.5762 -0.0446
vn 0.7993 -0.5825 -0.1476
vn 0.8353 -0.5242 -0.1661
vn 0.7466 -0.6575 -0.1013
vn 0.7416 -0.6287 -0.2339
vn 0.7678 -0.5856 -0.2600
vn 0.7207 -0.6089 -0.3314
vn 0.7956 -0.5364 -0.2815
vn 0.8452 -0.4636 -0.2657
vn 0.8049 -0.4776 -0.3522
vn 0.7503 -0.5503 -0.3665
vn 0.8884 -0.3787 -0.2596
vn 0.8817 -0.3541 -0.3119
vn 0.8141 -0.4312 -0.3890
vn 0.7833 -0.4892 -0.3835
vn 0.7697 -0.4935 -0.4050
vn 0.7434 -0.5332 -0.4038
vn 0.7813 -0.4663 -0.4149
vn 0.9565 -0.1950 -0.2170
vn 1.0000 -0.0000 -0.0000
vn 0.7446 -0.5177 -0.4213
vn 0.9695 -0.1395 -0.2014
vn 0.9710 -0.1125 -0.2109
vn 0.8806 -0.3109 -0.3577
vn 0.9314 -0.2192 -0.2906
vn 0.9789 -0.1016 -0.1773
vn 0.9725 -0.1536 -0.1751
vn 0.9400 -0.2580 -0.2230
vn 0.9663 -0.1102 -0.2325
vn 0.9879 -0.0563 -0.1443
vn 0.9836 -0.0653 -0.1683
vn 0.9525 -0.2859 -0.1046
vn 0.9539 -0.3001 0.0085
vn 0.8993 -0.4098 -0.1526
vn 0.9722 -0.2340 0.0122
vn 0.9800 -0.1853 -0.0723
vn 0.9078 -0.4192 0.0156
vn 0.8567 -0.4759 -0.1988
vn 0.8223 -0.5673 -0.0458
vn 0.8750 -0.4685 -0.1217
vn 0.8608 -0.4917 0.1311
vn 0.9041 -0.4122 0.1130
vn 0.9352 -0.3340 0.1178
vn 0.9665 -0.2366 0.0996
vn 0.9309 -0.3128 0.1888
vn 0.9459 -0.2392 0.2192
vn 0.8924 -0.3944 0.2192
vn 0.8704 -0.3617 0.3342
vn 0.8225 -0.4508 0.3469
vn 0.8524 -0.4652 0.2385
vn 0.8164 -0.4303 0.3851
vn 0.8471 -0.3514 0.3987
vn 0.9047 -0.2426 0.3503
vn 0.8894 -0.2280 0.3963
vn 0.8897 -0.1664 0.4251
vn 0.8767 -0.2626 0.4030
vn 0.9268 -0.1058 0.3604
vn 0.8405 -0.3071 0.4464
vn 0.9013 -0.1037 0.4206
vn 0.9371 -0.0026 0.3489
vn 0.9723 -0.1101 0.2060
vn 0.9715 -0.0042 0.2370
vn 0.9934 0.0413 0.1069
vn 0.9929 -0.0044 0.1186
vn 0.9752 0.1092 0.1924
vn 0.9959 0.0865 0.0262
vn 0.9868 0.1596 0.0269
vn 0.9956 0.0794 -0.0494
vn 0.9495 0.2923 -0.1138
vn 0.9723 0.2333 0.0170
vn 0.9796 0.1822 -0.0848
vn 0.9865 0.0752 -0.1452
vn 0.9999 0.0106 -0.0089
vn 0.9964 0.0086 -0.0843
vn 0.9734 0.1545 -0.1694
vn 0.9795 0.0525 -0.1944
vn 0.9624 0.1232 -0.2420
vn 0.9921 0.0320 -0.1214
vn 0.9939 0.0162 -0.1090
vn 0.9859 -0.0077 -0.1669
vn 0.9894 -0.0706 -0.1268
vn 0.9944 -0.0088 -0.1049
vn 0.9785 -0.0558 -0.1987
vn 0.9949 -0.0000 -0.1004
vn 0.9947 0.0068 -0.1025
vn 0.9927 -0.0240 -0.1178
vn 0.9900 -0.0261 -0.1384
vn 0.9901 0.0411 -0.1340
vn 0.9850 0.0711 -0.1570
vn 0.9834 0.0770 -0.1643
vn 0.9753 0.1180 -0.1865
vn 0.8796 0.3619 -0.3087
vn 0.8723 0.3247 -0.3656
vn 0.9267 0.2184 -0.3057
vn 0.9695 0.1395 -0.2014
vn 0.9565 0.1950 -0.2169
vn 0.8127 0.4276 -0.3957
vn 0.7899 0.4511 -0.4155
vn 1.0000 0.0001 -0.0000
vn 0.6951 0.6216 -0.3611
vn 0.6807 0.6512 -0.3354
vn 0.7134 0.5975 -0.3661
vn 0.7322 0.5562 -0.3932
vn 0.7314 0.5502 -0.4028
vn 0.7143 0.5867 -0.3816
vn 0.7648 0.5020 -0.4038
vn 0.7528 0.5140 -0.4112
vn 0.7537 0.5537 -0.3539
vn 0.7833 0.4892 -0.3835
vn 0.8148 0.4635 -0.3481
vn 0.8004 0.5295 -0.2810
vn 0.8472 0.4606 -0.2648
vn 0.8351 0.5228 -0.1710
vn 0.8611 0.4703 -0.1929
vn 0.8872 0.3836 -0.2564
vn 0.8996 0.4095 -0.1517
vn 0.9439 0.2538 -0.2112
vn 0.9063 0.4224 0.0124
vn 0.8202 0.5699 -0.0492
vn 0.8752 0.4682 -0.1216
vn 0.8523 0.5199 -0.0573
vn 0.8573 0.5137 0.0349
vn 0.8139 0.5795 -0.0425
vn 0.7935 0.5884 -0.1551
vn 0.9030 0.4130 0.1180
vn 0.8630 0.4871 0.1336
vn 0.8223 0.5664 0.0548
vn 0.8519 0.4634 0.2441
vn 0.8909 0.3964 0.2217
vn 0.8085 0.5650 0.1643
vn 0.7663 0.6383 0.0734
vn 0.7587 0.6312 0.1611
vn 0.7909 0.5458 0.2769
vn 0.7365 0.6322 0.2408
vn 0.7106 0.6415 0.2890
vn 0.7946 0.5001 0.3443
vn 0.7276 0.5985 0.3353
vn 0.7539 0.5582 0.3465
vn 0.7855 0.4948 0.3717
vn 0.8249 0.4479 0.3449
vn 0.8174 0.4293 0.3841
vn 0.8666 0.3673 0.3377
vn 0.8610 0.2951 0.4143
vn 0.9081 0.2352 0.3464
vn 0.8461 0.3643 0.3892
vn 0.9224 0.3219 0.2133
vn 0.9320 0.3387 0.1290
vn 0.9650 0.2418 0.1011
vn 0.9468 0.2316 0.2236
vn 0.9543 0.2989 -0.0013
vn 0.8767 0.2626 0.4030
vn 0.9259 0.1138 0.3603
vn 0.8998 0.1167 0.4204
vn 0.8853 0.1573 0.4376
vn 0.8894 0.2280 0.3963
vn 0.9050 0.0551 0.4219
vn 0.9140 -0.0000 0.4057
vn 0.8980 -0.0631 0.4354
vn 0.6866 0.6626 0.2992
vn 0.6070 0.7570 0.2418
vn 0.6480 0.7038 0.2911
vn 0.6003 0.7552 0.2635
vn 0.5013 0.8227 0.2681
vn 0.4940 0.8288 0.2629
vn 0.4786 0.8484 0.2261
vn 0.6257 0.7536 0.2016
vn 0.6863 0.7031 0.1861
vn 0.5591 0.8108 0.1733
vn 0.6960 0.7141 0.0748
vn 0.5790 0.8105 0.0888
vn 0.6796 0.7316 -0.0546
vn 0.7586 0.6465 -0.0814
vn 0.7819 0.6230 -0.0206
vn 0.7161 0.6766 -0.1714
vn 0.6473 0.7489 -0.1422
vn 0.7307 0.6371 -0.2451
vn 0.6593 0.7110 -0.2443
vn 0.5900 0.7775 -0.2175
vn 0.7589 0.5975 -0.2588
vn 0.6976 0.6553 -0.2898
vn 0.7167 0.6205 -0.3183
vn 0.6208 0.7233 -0.3023
vn 0.6382 0.6870 -0.3474
vn 0.5660 0.7788 -0.2704
vn 0.6079 0.7381 -0.2926
vn 0.6832 0.6309 -0.3677
vn 0.6623 0.6794 -0.3158
vn 0.6880 0.6664 -0.2874
vn 0.6442 0.7321 -0.2215
vn 0.6827 0.6843 -0.2563
vn 0.6888 0.6834 -0.2420
vn 0.6822 0.6590 -0.3168
vn 1.0000 0.0095 -0.0015
vn 1.0000 0.0052 -0.0007
vn 0.9024 0.4257 -0.0664
vn -0.9401 0.3396 -0.0287
vn 0.9985 0.0549 -0.0028
vn 1.0000 0.0005 -0.0000
vn 0.6500 0.7599 0.0093
vn 0.6516 0.7570 -0.0476
vn 0.6105 0.7919 -0.0133
vn 0.6154 0.7845 0.0765
vn 1.0000 0.0006 -0.0000
vn 0.6512 0.7550 0.0775
vn 0.5494 0.8200 0.1604
vn 0.6165 0.7724 0.1527
vn 0.5495 0.8316 0.0810
vn 0.5550 0.8318 -0.0033
vn 0.5064 0.8623 0.0098
vn 0.4935 0.8683 -0.0503
vn 0.5966 0.7969 -0.0947
vn 0.5469 0.8310 -0.1012
vn 0.6323 0.7661 -0.1157
vn 0.4707 0.8823 0.0039
vn 0.4552 0.8875 -0.0715
vn 0.4875 0.8683 -0.0916
vn 0.4904 0.8617 -0.1305
vn 0.4594 0.8783 -0.1326
vn 0.4999 0.8463 -0.1838
vn 0.5517 0.8108 -0.1958
vn 0.5976 0.7750 -0.2055
vn 0.5246 0.8158 -0.2435
vn 0.4816 0.8464 -0.2272
vn 0.4638 0.8648 -0.1926
vn 0.4623 0.8708 -0.1674
vn 0.5149 0.8229 -0.2402
vn 0.4866 0.8408 -0.2374
vn 0.5653 0.7842 -0.2561
vn 0.4606 0.8581 -0.2268
vn 0.4627 0.8629 -0.2030
vn 0.5176 0.8345 -0.1889
vn 0.3876 0.8945 -0.2229
vn 0.5416 0.8318 -0.1214
vn 0.4618 0.8745 -0.1482
vn 0.4769 0.8596 -0.1832
vn 0.4712 0.8586 -0.2018
vn 0.4379 0.8730 -0.2148
vn 0.5648 0.8240 -0.0445
vn 0.4398 0.8974 -0.0362
vn 0.4455 0.8882 -0.1125
vn 0.3335 0.9419 0.0401
vn 0.3575 0.9238 0.1372
vn 0.3621 0.9311 -0.0431
vn 0.3701 0.9257 -0.0778
vn 0.4592 0.8822 0.1045
vn 0.3887 0.9157 -0.1018
vn 0.3405 0.9382 -0.0616
vn 0.3286 0.9439 -0.0320
vn 0.3209 0.9468 -0.0235
vn 0.3126 0.9484 0.0522
vn 0.2816 0.9466 0.1569
vn 0.2480 0.9620 0.1141
vn 0.2931 0.9209 0.2568
vn 0.2427 0.9480 0.2059
vn 0.1949 0.9352 0.2957
vn 0.1745 0.9466 0.2710
vn 0.1565 0.9598 0.2332
vn 0.1456 0.9587 0.2441
vn 0.0986 0.9296 0.3552
vn 0.0479 0.9426 0.3306
vn 0.1083 0.9273 0.3583
vn -0.0068 0.9349 0.3547
vn 0.0002 0.9303 0.3669
vn -0.0631 0.9331 0.3541
vn -0.0409 0.9402 0.3383
vn -0.0413 0.9424 0.3321
vn -0.0421 0.9474 0.3172
vn 0.0194 0.2473 0.9688
vn -0.0793 0.9265 0.3677
vn -0.1319 0.9140 0.3837
vn -0.0435 0.9297 0.3657
vn 0.0132 0.9316 0.3633
vn 0.0722 0.9289 0.3632
vn 0.1226 0.9252 0.3590
vn 0.1660 0.9198 0.3555
vn 0.2102 0.9164 0.3405
vn 0.2386 0.9077 0.3451
vn 0.2956 0.8960 0.3315
vn 0.3123 0.8967 0.3137
vn 0.3534 0.8795 0.3188
vn 0.4327 0.8562 0.2822
vn 0.4088 0.8673 0.2840
vn 0.3813 0.8673 0.3201
vn 0.4556 0.8493 0.2667
vn 0.5317 0.8023 0.2713
vn 0.5655 0.7802 0.2673
vn 0.6086 0.7507 0.2571
vn 0.3883 0.8848 0.2575
vn -0.1040 0.9242 0.3675
vn 0.6021 0.7528 -0.2659
vn 0.5897 0.7546 -0.2879
vn 0.4539 0.8910 0.0011
vn 0.4535 0.8879 0.0766
vn 0.4853 0.8702 0.0848
vn 0.4527 0.8784 0.1534
vn 0.4872 0.8572 0.1670
vn 0.4520 0.8611 0.2326
vn 0.4524 0.8361 0.3103
vn 0.4879 0.8364 0.2496
vn 0.5504 0.7998 0.2395
vn 0.4890 0.8073 0.3304
vn 0.6194 0.7509 0.2290
vn 0.5515 0.7717 0.3168
vn 0.6226 0.7242 0.2965
vn 0.5526 0.7358 0.3915
vn 0.4897 0.7701 0.4089
vn 0.4902 0.7250 0.4838
vn 0.5535 0.6925 0.4627
vn 0.6208 0.6912 0.3699
vn 0.6222 0.6502 0.4360
vn 0.5541 0.6423 0.5296
vn 0.4896 0.6725 0.5550
vn 0.4893 0.6140 0.6193
vn 0.4571 0.6291 0.6287
vn 0.4569 0.6771 0.5769
vn 0.4543 0.7248 0.5179
vn 0.4531 0.7674 0.4536
vn 0.4527 0.8051 0.3833
vn 0.4550 0.5724 0.6821
vn 0.4536 0.5085 0.7319
vn 0.4900 0.5480 0.6780
vn 0.4898 0.4769 0.7299
vn 0.5543 0.5857 0.5914
vn 0.5541 0.5233 0.6473
vn 0.5536 0.4560 0.6969
vn 0.4899 0.4016 0.7738
vn 0.4531 0.4390 0.7759
vn 0.6237 0.4288 0.6535
vn 0.6247 0.4916 0.6067
vn 0.5527 0.3844 0.7394
vn 0.4891 0.3228 0.8103
vn 0.5516 0.3095 0.7745
vn 0.6224 0.3642 0.6928
vn 0.6575 0.3331 0.6758
vn 0.6188 0.2936 0.7286
vn 0.5505 0.2320 0.8019
vn 0.6170 0.2209 0.7554
vn 0.6574 0.2593 0.7075
vn 0.6524 0.1974 0.7317
vn 0.6177 0.1435 0.7732
vn 0.6486 0.1521 0.7458
vn 0.6186 0.0712 0.7825
vn 0.6483 0.0942 0.7556
vn 0.6097 0.2558 0.7502
vn 0.6711 0.0060 0.7413
vn 0.6580 0.0360 0.7522
vn 0.6022 0.0387 0.7974
vn 0.5521 0.0802 0.8299
vn 0.5813 0.0289 0.8132
vn 0.6124 0.0226 0.7902
vn 0.5691 0.0338 0.8216
vn 0.5493 0.0415 0.8346
vn 0.5315 0.0551 0.8453
vn 0.5152 0.0776 0.8535
vn 0.5120 0.0707 0.8561
vn 0.4831 0.0840 0.8715
vn 0.4971 0.0527 0.8661
vn 0.4861 0.0466 0.8727
vn 0.4737 0.0431 0.8797
vn 0.4491 0.0406 0.8926
vn 0.3749 0.0391 0.9263
vn 0.3612 0.0389 0.9317
vn -0.3183 0.0307 0.9475
vn 0.4705 0.0367 0.8817
vn 0.4841 0.0378 0.8742
vn 0.4543 0.0464 0.8897
vn 0.4535 0.0246 0.8909
vn 0.4537 0.0987 0.8856
vn 0.4870 0.1590 0.8588
vn 0.4543 0.1647 0.8755
vn 0.5495 0.1529 0.8214
vn 0.4881 0.2415 0.8387
vn 0.4544 0.2310 0.8604
vn 0.4530 0.3005 0.8394
vn 0.4531 0.3707 0.8107
vn 0.6561 0.3856 0.6487
vn 0.6593 0.4284 0.6179
vn 0.6597 0.4784 0.5796
vn 0.6597 0.5357 0.5272
vn 0.6242 0.6016 0.4985
vn 0.6598 0.5778 0.4804
vn 0.6606 0.6066 0.4422
vn 0.6253 0.5492 0.5544
vn 0.6617 0.6422 0.3871
vn 0.6563 0.6850 0.3162
vn 0.6480 0.7125 0.2691
vn 0.6540 0.7247 0.2171
vn 0.6531 0.7414 0.1540
vn 0.6550 0.7440 -0.1323
vn 0.2031 0.9573 -0.2059
vn 0.6793 0.7059 -0.2007
vn 0.6812 0.6967 -0.2248
vn 0.4326 0.8784 -0.2033
vn 0.9942 -0.0896 -0.0590
vn 0.9993 0.0030 0.0384
vn 0.9958 -0.0877 0.0249
vn 0.9902 -0.1076 0.0888
vn 0.9874 -0.1577 0.0135
vn 0.7955 -0.4964 0.3475
vn 0.7857 -0.4926 0.3741
vn 0.7539 -0.5582 0.3465
vn 0.7904 -0.5475 0.2748
vn 0.7286 -0.5983 0.3335
vn 0.7052 -0.6474 0.2892
vn 0.6852 -0.6638 0.2998
vn 0.6063 -0.7485 0.2687
vn 0.6480 -0.7038 0.2911
vn 0.6086 -0.7507 0.2571
vn 0.5655 -0.7802 0.2673
vn 0.4989 -0.8283 0.2552
vn 0.5261 -0.8047 0.2751
vn 0.4248 -0.8604 0.2814
vn 0.4626 -0.8418 0.2782
vn 0.3549 -0.8778 0.3217
vn 0.3813 -0.8673 0.3201
vn 0.4007 -0.8723 0.2801
vn 0.2956 -0.8960 0.3315
vn 0.2386 -0.9077 0.3451
vn 0.1660 -0.9198 0.3555
vn 0.1226 -0.9252 0.3590
vn 0.6911 -0.6503 -0.3155
vn 0.6835 -0.6678 -0.2946
vn 0.7001 -0.6200 -0.3541
vn 0.7111 -0.6051 -0.3580
vn 0.6882 -0.6850 -0.2390
vn 0.6936 -0.6685 -0.2683
vn 0.6421 -0.7316 -0.2290
vn 0.6536 -0.6872 -0.3170
vn 0.6794 -0.6906 -0.2482
vn 0.6023 -0.7702 -0.2097
vn 0.6437 -0.7576 -0.1079
vn 0.6838 -0.7030 -0.1954
vn 0.6841 -0.6948 -0.2218
vn 0.6456 -0.7530 -0.1275
vn 0.2235 -0.9525 -0.2069
vn 0.7158 -0.6753 -0.1778
vn 1.0000 -0.0059 -0.0008
vn 0.9999 -0.0104 -0.0016
vn 0.8987 -0.4334 -0.0676
vn 1.0000 -0.0006 -0.0000
vn 1.0000 -0.0001 -0.0000
vn 1.0000 -0.0005 -0.0000
vn 0.6711 -0.0059 0.7413
vn 0.6097 -0.2558 0.7502
vn 0.6526 -0.0417 0.7566
vn 0.6010 -0.0480 0.7978
vn 0.6203 -0.0632 0.7818
vn 0.6493 -0.0842 0.7558
vn 0.5910 -0.0323 0.8060
vn 0.6633 -0.0089 0.7483
vn 0.5544 -0.0780 0.8286
vn 0.5933 -0.0264 0.8045
vn 0.5500 -0.1528 0.8211
vn 0.6156 -0.1458 0.7744
vn 0.4821 -0.0835 0.8721
vn 0.5632 -0.0355 0.8255
vn 0.5478 -0.0423 0.8356
vn 0.5388 -0.0486 0.8410
vn 0.5297 -0.0573 0.8463
vn 0.5185 -0.0706 0.8522
vn 0.4547 -0.0792 0.8871
vn 0.4549 -0.1542 0.8771
vn 0.4682 -0.0390 0.8828
vn 0.4875 -0.1588 0.8586
vn 0.4943 -0.0506 0.8678
vn 0.4737 -0.0434 0.8796
vn 0.4428 -0.0412 0.8957
vn 0.3043 -0.0422 0.9516
vn 0.4667 -0.0383 0.8836
vn 0.5102 -0.0653 0.8576
vn 0.4532 -0.0396 0.8905
vn 0.4540 -0.2293 0.8610
vn 0.5510 -0.2320 0.8016
vn 0.4888 -0.2415 0.8383
vn 0.4534 -0.3045 0.8377
vn 0.4896 -0.3228 0.8100
vn 0.4532 -0.3805 0.8061
vn 0.4904 -0.4014 0.7736
vn 0.4536 -0.4533 0.7673
vn 0.5532 -0.3843 0.7391
vn 0.4910 -0.4765 0.7293
vn 0.5541 -0.4558 0.6966
vn 0.6221 -0.3617 0.6944
vn 0.5521 -0.3094 0.7742
vn 0.6225 -0.4300 0.6539
vn 0.6224 -0.2926 0.7260
vn 0.6504 -0.2602 0.7137
vn 0.6502 -0.2015 0.7325
vn 0.6196 -0.2222 0.7528
vn 0.6517 -0.1553 0.7424
vn 0.6598 -0.3868 0.6443
vn 0.6240 -0.4918 0.6072
vn 0.6603 -0.4271 0.6177
vn 0.5546 -0.5231 0.6471
vn 0.6243 -0.5497 0.5551
vn 0.6619 -0.4768 0.5784
vn 0.6625 -0.5335 0.5258
vn 0.6252 -0.6028 0.4957
vn 0.5548 -0.5854 0.5911
vn 0.6612 -0.5779 0.4783
vn 0.6554 -0.6472 0.3893
vn 0.6531 -0.6156 0.4409
vn 0.6260 -0.6461 0.4366
vn 0.5546 -0.6420 0.5293
vn 0.4903 -0.6730 0.5538
vn 0.4911 -0.6131 0.6188
vn 0.5540 -0.6922 0.4625
vn 0.4898 -0.7250 0.4842
vn 0.5531 -0.7355 0.3913
vn 0.6249 -0.6898 0.3657
vn 0.4900 -0.7698 0.4090
vn 0.5520 -0.7714 0.3167
vn 0.6213 -0.7231 0.3019
vn 0.4552 -0.7771 0.4346
vn 0.4541 -0.8122 0.3662
vn 0.4898 -0.8068 0.3304
vn 0.4534 -0.8408 0.2957
vn 0.5509 -0.7995 0.2394
vn 0.4892 -0.8358 0.2494
vn 0.4528 -0.8635 0.2221
vn 0.5499 -0.8197 0.1603
vn 0.4883 -0.8566 0.1668
vn 0.4541 -0.8786 0.1479
vn 0.4871 -0.8692 0.0848
vn 0.5499 -0.8313 0.0810
vn 0.5067 -0.8620 0.0135
vn 0.5530 -0.8332 -0.0019
vn 0.6167 -0.7872 -0.0062
vn 0.6164 -0.7837 0.0768
vn 0.4902 -0.8704 -0.0461
vn 0.5443 -0.8330 -0.0994
vn 0.5899 -0.8008 -0.1039
vn 0.5505 -0.8128 -0.1907
vn 0.4908 -0.8620 -0.1267
vn 0.4975 -0.8495 -0.1756
vn 0.5184 -0.8220 -0.2357
vn 0.5672 -0.7796 -0.2655
vn 0.6087 -0.7316 -0.3070
vn 0.6229 -0.7276 -0.2874
vn 0.5929 -0.7496 -0.2943
vn 0.5539 -0.7851 -0.2772
vn 0.6521 -0.6840 -0.3270
vn 0.6830 -0.6354 -0.3603
vn 0.6841 -0.6733 -0.2806
vn 0.5810 -0.7634 -0.2823
vn 0.6603 -0.7190 -0.2170
vn 0.7067 -0.6871 -0.1688
vn 0.6366 -0.7564 -0.1501
vn 0.5977 -0.7756 -0.2031
vn 0.5181 -0.8344 -0.1882
vn 0.5440 -0.8293 -0.1277
vn 0.3894 -0.8938 -0.2226
vn 0.4908 -0.8396 -0.2327
vn 0.4538 -0.8658 -0.2109
vn 0.4771 -0.8573 -0.1936
vn 0.4697 -0.8675 -0.1642
vn 0.5133 -0.8208 -0.2505
vn 0.4970 -0.8394 -0.2201
vn 0.4641 -0.8590 -0.2162
vn 0.4721 -0.8513 -0.2290
vn 0.4633 -0.8651 -0.1921
vn 0.4620 -0.8710 -0.1669
vn 0.4594 -0.8780 -0.1346
vn 0.4621 -0.8841 -0.0691
vn 0.4870 -0.8693 -0.0840
vn 0.4576 -0.8891 -0.0062
vn 0.4707 -0.8823 0.0045
vn 0.4558 -0.8884 0.0548
vn 0.4549 -0.8854 0.0956
vn 0.4056 -0.9062 -0.1195
vn 0.4573 -0.8822 -0.1124
vn 0.3719 -0.9235 -0.0938
vn 0.3624 -0.9310 -0.0449
vn 0.3320 -0.9411 -0.0642
vn 0.3406 -0.9385 -0.0559
vn 0.7122 -0.5872 -0.3847
vn 0.7262 -0.5666 -0.3892
vn 0.7365 -0.5411 -0.4058
vn 0.7223 -0.5744 -0.3851
vn 0.6500 -0.7559 0.0783
vn 0.6508 -0.7433 0.1551
vn 0.6179 -0.7713 0.1528
vn 0.6186 -0.7524 0.2262
vn 0.6528 -0.7262 0.2158
vn 0.6555 -0.7088 0.2606
vn 0.6498 -0.7601 0.0059
vn 0.6354 -0.7689 -0.0703
vn 0.9949 -0.1004 -0.0052
vn 1.0000 -0.0060 -0.0008
vn -0.8697 -0.4911 -0.0490
vn 0.4570 -0.7356 0.5000
vn 0.4579 -0.7014 0.5462
vn 0.4570 -0.6763 0.5777
vn 0.4563 -0.6401 0.6181
vn 0.4547 -0.5846 0.6720
vn 0.4913 -0.5474 0.6775
vn 0.4540 -0.5215 0.7225
vn 0.6517 -0.6833 0.3292
vn 0.6554 -0.3278 0.6805
vn -0.0789 -0.9248 0.3722
vn -0.1330 -0.9142 0.3827
vn -0.1696 -0.9077 0.3839
vn -0.2287 -0.8893 0.3960
vn -0.8405 -0.0000 0.5418
vn -1.0000 -0.0000 -0.0000
vn -0.2015 0.0005 0.9795
vn -0.1843 -0.3921 0.9013
vn -0.1853 -0.3939 0.9003
vn -0.1367 -0.7177 0.6828
vn -0.1380 -0.7196 0.6805
vn -0.0657 -0.9283 0.3661
vn -0.0664 -0.9289 0.3643
vn 0.0200 -0.9998 0.0022
vn 0.0202 -0.9998 0.0031
vn 0.1106 -0.9268 -0.3588
vn 0.1120 -0.9282 -0.3549
vn 0.1942 -0.7169 -0.6696
vn 0.1964 -0.7205 -0.6650
vn 0.2556 -0.3928 -0.8834
vn 0.2576 -0.3964 -0.8812
vn 0.2794 -0.0005 -0.9602
vn 0.0804 0.3193 -0.9442
vn 0.1185 0.4041 -0.9070
vn 0.0472 0.1895 -0.9808
vn -0.0188 -0.0824 -0.9964
vn 0.1640 0.5787 -0.7989
vn 0.1773 0.6805 -0.7110
vn 0.2003 0.6867 -0.6988
vn 0.2769 0.9606 0.0251
vn 0.2646 0.9494 -0.1694
vn 0.2490 0.9089 -0.3344
vn 0.2372 0.8802 -0.4112
vn 0.2018 0.7938 -0.5738
vn -0.2004 -0.9767 0.0766
vn -0.1957 -0.9569 -0.2146
vn -0.1991 -0.9769 0.0771
vn -0.1811 -0.9330 -0.3111
vn -0.1871 -0.9110 0.3674
vn -0.1869 -0.9110 0.3676
vn -0.1645 -0.8072 0.5669
vn -0.1646 -0.8068 0.5674
vn -0.1336 -0.6660 0.7339
vn -0.1342 -0.6667 0.7332
vn -0.0957 -0.4958 0.8631
vn -0.0714 -0.4153 0.9069
vn -0.0291 -0.2955 0.9549
vn 0.0305 -0.0067 0.9995
vn -0.0026 -0.0356 0.9994
vn 0.1275 0.4098 0.9032
vn 0.2800 0.9596 -0.0281
vn 0.2736 0.9426 0.1912
vn 0.2804 0.8933 0.3513
vn 0.2669 0.8676 0.4195
vn 0.1795 0.6703 0.7201
vn 0.2291 0.7203 0.6547
vn 0.1175 0.4355 0.8925
vn 0.0484 0.2217 0.9739
vn -0.1589 -0.8759 -0.4557
vn -0.1435 -0.7712 -0.6203
vn -0.1498 -0.7600 -0.6325
vn -0.1350 -0.6599 -0.7392
vn -0.1094 -0.5879 -0.8015
vn -0.1070 -0.5426 -0.8331
vn -0.0672 -0.3949 -0.9163
vn -0.0700 -0.3611 -0.9299
vn -0.0256 -0.2045 -0.9785
vn 0.0048 0.0189 -0.9998
vn -0.1834 0.9152 -0.3587
vn -0.1667 0.8753 -0.4540
vn -0.1601 0.8108 -0.5630
vn -0.1091 0.6784 -0.7266
vn -0.0401 0.3379 -0.9403
vn -0.0902 0.5190 -0.8500
vn -0.1363 0.6770 -0.7232
vn 0.1087 -0.4254 -0.8985
vn 0.0978 -0.3537 -0.9302
vn 0.1696 -0.5532 -0.8156
vn 0.1809 -0.6382 -0.7483
vn 0.2185 -0.7254 -0.6528
vn 0.2222 -0.7585 -0.6126
vn 0.2530 -0.8631 -0.4370
vn 0.2530 -0.8671 -0.4290
vn 0.2773 -0.9402 -0.1980
vn 0.2737 -0.9381 -0.2122
vn 0.2808 -0.9563 0.0819
vn 0.2793 -0.9567 0.0823
vn 0.2595 -0.8923 0.3694
vn 0.2594 -0.8928 0.3683
vn 0.2303 -0.7892 0.5693
vn 0.2296 -0.7902 0.5682
vn 0.1911 -0.6495 0.7359
vn 0.1904 -0.6525 0.7335
vn 0.1450 -0.4820 0.8641
vn 0.1290 -0.4016 0.9067
vn 0.1115 -0.2743 0.9552
vn 0.0333 -0.0023 0.9994
vn 0.0279 -0.0137 0.9995
vn -0.0510 0.3037 0.9514
vn -0.0580 0.3876 0.9200
vn -0.1058 0.5137 0.8514
vn -0.1259 0.6468 0.7522
vn -0.1609 0.7331 0.6608
vn -0.1602 0.7889 0.5932
vn -0.1849 0.8876 0.4219
vn -0.1806 0.8968 0.4039
vn -0.2013 0.9591 0.1989
vn -0.2018 0.9623 0.1824
vn -0.1928 0.9765 -0.0960
vn -0.2166 0.9756 -0.0356
vn -0.2128 0.9469 -0.2409
vn 0.0473 -0.1795 -0.9826
vn 0.0307 -0.1069 -0.9938
vn 0.0180 0.0414 -0.9990
vn -0.0101 0.1162 -0.9932
vn -0.0595 0.3335 -0.9409
vn 0.2581 0.3921 -0.8830
vn 0.2553 0.3958 -0.8822
vn 0.1974 0.7168 -0.6687
vn 0.1933 0.7206 -0.6659
vn 0.1128 0.9270 -0.3578
vn 0.1097 0.9284 -0.3550
vn 0.0204 0.9998 0.0027
vn 0.0197 0.9998 0.0034
vn -0.0668 0.9283 0.3658
vn -0.0653 0.9289 0.3645
vn -0.1383 0.7181 0.6821
vn -0.1362 0.7200 0.6805
vn -0.1854 0.3929 0.9007
vn -0.1840 0.3947 0.9002
vn 0.9995 0.0048 0.0303
vn 0.9995 0.0079 0.0297
vn 0.9995 0.0266 0.0155
vn 0.9995 0.0281 0.0125
vn 0.9995 0.0305 0.0031
vn 0.9995 0.0307 -0.0000
vn 0.9995 0.0293 -0.0093
vn 0.9995 0.0281 -0.0125
vn 0.9995 0.0224 -0.0211
vn 0.9995 0.0199 -0.0235
vn 0.9995 0.0171 -0.0256
vn 0.9995 0.0141 -0.0273
vn 0.9995 0.0110 -0.0287
vn 0.9995 0.0079 -0.0297
vn 0.9995 0.0141 0.0273
vn 0.9995 0.0171 0.0256
vn 0.9995 0.0111 0.0287
vn 0.9995 0.0199 0.0235
vn 0.9995 0.0224 0.0211
vn 0.9995 0.0247 0.0184
vn 0.9995 0.0293 0.0093
vn 0.9995 0.0301 0.0062
vn 0.9995 0.0305 -0.0031
vn 0.9995 0.0301 -0.0062
vn 0.9995 0.0266 -0.0155
vn 0.9995 0.0247 -0.0184
vn 0.9995 0.0048 -0.0303
vn 0.9996 0.0033 -0.0287
vn 0.9625 0.0253 0.2701
vn 0.9587 0.0206 0.2835
vn 0.9524 0.0254 0.3038
vn 0.9549 -0.0000 0.2969
vn 0.9493 0.0004 0.3144
vn 0.9493 0.0266 0.3132
vn 0.9425 -0.0018 0.3341
vn 0.9782 0.0033 -0.2079
vn 0.9718 0.0026 -0.2357
vn 0.9616 0.0209 -0.2735
vn 0.9650 0.0003 -0.2623
vn 0.9567 0.0015 -0.2911
vn 0.9912 0.0008 -0.1320
vn 0.9854 0.0016 -0.1705
vn 0.9871 0.0093 -0.1598
vn 0.9977 0.0006 -0.0673
vn 0.9943 0.0083 -0.1059
vn 0.9962 -0.0103 -0.0869
vn 0.9933 0.0011 -0.1154
vn 0.9981 0.0055 -0.0610
vn 0.9985 -0.0002 -0.0554
vn 0.9997 -0.0006 -0.0229
vn 0.9994 0.0003 -0.0344
vn 0.9990 -0.0079 -0.0429
vn 0.9959 0.0064 0.0908
vn 0.9966 -0.0008 0.0827
vn 0.9971 -0.0266 0.0709
vn 0.9869 0.0114 0.1610
vn 0.9867 0.0014 0.1623
vn 0.9908 -0.0131 0.1344
vn 0.9612 0.0455 0.2721
vn 0.9660 0.0304 0.2568
vn 0.9712 0.0376 0.2354
vn 0.9830 0.0141 0.1828
vn 0.9799 0.0133 0.1990
vn 0.9784 0.0207 0.2059
vn 0.9782 0.0352 0.2045
vn 0.9751 0.0299 0.2198
vn 0.9499 0.3119 -0.0197
vn 0.9550 0.2955 -0.0239
vn 0.9607 0.2751 -0.0362
vn 0.9618 0.2731 -0.0206
vn 0.9653 0.2602 -0.0232
vn 0.9676 0.2503 -0.0321
vn 0.9701 0.2303 -0.0764
vn 0.9812 0.1921 -0.0170
vn 0.9788 0.2029 -0.0263
vn 0.9765 0.2145 -0.0227
vn 0.9742 0.2219 -0.0420
vn 0.9488 0.3158 -0.0001
vn 0.9490 0.3153 -0.0063
vn 0.9505 0.3089 -0.0331
vn 0.9506 0.3087 0.0330
vn 0.9501 0.3110 0.0238
vn 0.9486 0.3162 0.0144
vn 0.9702 0.2277 0.0829
vn 0.9695 0.2370 0.0628
vn 0.9607 0.2755 0.0354
vn 0.9787 0.2034 0.0278
vn 0.9804 0.1964 0.0148
vn 0.9781 0.2073 0.0164
vn 0.9766 0.2141 0.0220
vn 0.9745 0.2208 0.0391
vn 0.9662 0.2565 0.0255
vn 0.9624 0.2710 0.0206
vn 0.9539 0.2989 0.0265
vn 0.9832 0.1823 0.0129
vn 0.9869 0.1605 0.0166
vn 0.9837 0.1798 0.0039
vn 0.9871 0.1603 -0.0000
vn 0.9836 0.1801 -0.0084
vn 0.9869 0.1605 -0.0166
vn 0.9830 0.1825 -0.0187
vn 0.9619 0.2679 -0.0551
vn 0.9513 0.3021 -0.0621
vn 0.9619 0.2606 -0.0831
vn 0.9513 0.2938 -0.0937
vn 0.9619 0.2500 -0.1109
vn 0.9513 0.2819 -0.1250
vn 0.9619 0.2362 -0.1379
vn 0.9513 0.2663 -0.1555
vn 0.9619 0.2193 -0.1636
vn 0.9513 0.2472 -0.1844
vn 0.9619 0.1993 -0.1874
vn 0.9513 0.2247 -0.2112
vn 0.9619 0.1768 -0.2088
vn 0.9513 0.1993 -0.2353
vn 0.9619 0.1521 -0.2274
vn 0.9513 0.1715 -0.2563
vn 0.9619 0.1257 -0.2429
vn 0.9513 0.1418 -0.2739
vn 0.9619 0.0983 -0.2552
vn 0.9513 0.1108 -0.2878
vn 0.9619 0.0703 -0.2643
vn 0.9513 0.0793 -0.2980
vn 0.9619 0.0424 -0.2701
vn 0.9513 0.0478 -0.3047
vn 0.9510 0.0207 -0.3083
vn 0.9507 -0.0000 -0.3102
vn 0.9779 0.0137 -0.2084
vn 0.9777 0.0325 -0.2074
vn 0.9868 0.0251 -0.1599
vn 0.9777 0.0540 -0.2029
vn 0.9868 0.0416 -0.1565
vn 0.9777 0.0755 -0.1960
vn 0.9868 0.0582 -0.1511
vn 0.9777 0.0966 -0.1865
vn 0.9868 0.0744 -0.1438
vn 0.9777 0.1168 -0.1746
vn 0.9868 0.0900 -0.1346
vn 0.9777 0.1358 -0.1603
vn 0.9868 0.1047 -0.1236
vn 0.9777 0.1531 -0.1439
vn 0.9868 0.1180 -0.1109
vn 0.9777 0.1684 -0.1256
vn 0.9868 0.1298 -0.0968
vn 0.9777 0.1814 -0.1059
vn 0.9868 0.1399 -0.0816
vn 0.9777 0.1920 -0.0851
vn 0.9868 0.1480 -0.0656
vn 0.9777 0.2001 -0.0638
vn 0.9868 0.1543 -0.0492
vn 0.9777 0.2057 -0.0423
vn 0.9868 0.1586 -0.0326
vn 0.9513 0.0478 0.3047
vn 0.9619 0.0703 0.2643
vn 0.9513 0.0793 0.2980
vn 0.9619 0.0983 0.2552
vn 0.9513 0.1108 0.2878
vn 0.9619 0.1257 0.2429
vn 0.9513 0.1418 0.2739
vn 0.9619 0.1521 0.2274
vn 0.9513 0.1715 0.2563
vn 0.9619 0.1768 0.2088
vn 0.9513 0.1993 0.2353
vn 0.9619 0.1993 0.1874
vn 0.9513 0.2247 0.2112
vn 0.9619 0.2193 0.1636
vn 0.9513 0.2472 0.1844
vn 0.9619 0.2362 0.1379
vn 0.9513 0.2663 0.1555
vn 0.9619 0.2500 0.1109
vn 0.9513 0.2819 0.1250
vn 0.9619 0.2606 0.0831
vn 0.9513 0.2938 0.0937
vn 0.9619 0.2679 0.0551
vn 0.9513 0.3021 0.0621
vn 0.9836 0.0002 0.1806
vn 0.9868 0.0251 0.1599
vn 0.9868 0.0416 0.1565
vn 0.9777 0.0540 0.2029
vn 0.9868 0.0582 0.1511
vn 0.9777 0.0755 0.1960
vn 0.9868 0.0744 0.1438
vn 0.9777 0.0965 0.1865
vn 0.9868 0.0900 0.1346
vn 0.9777 0.1168 0.1746
vn 0.9868 0.1047 0.1236
vn 0.9777 0.1358 0.1603
vn 0.9868 0.1180 0.1109
vn 0.9777 0.1531 0.1439
vn 0.9868 0.1298 0.0968
vn 0.9777 0.1684 0.1256
vn 0.9868 0.1399 0.0816
vn 0.9777 0.1814 0.1059
vn 0.9868 0.1480 0.0656
vn 0.9777 0.1920 0.0851
vn 0.9868 0.1543 0.0492
vn 0.9777 0.2001 0.0638
vn 0.9868 0.1586 0.0326
vn 0.9777 0.2057 0.0423
vn 0.9928 0.0050 0.1195
vn 0.9959 0.0140 0.0890
vn 0.9984 -0.0078 0.0553
vn 0.9995 0.0020 0.0310
vn 0.9998 -0.0018 0.0221
vn 0.9924 0.0191 0.1217
vn 0.9959 0.0232 0.0871
vn 0.9924 0.0317 0.1190
vn 0.9959 0.0324 0.0841
vn 0.9924 0.0443 0.1150
vn 0.9959 0.0414 0.0800
vn 0.9924 0.0566 0.1094
vn 0.9959 0.0501 0.0749
vn 0.9924 0.0685 0.1024
vn 0.9959 0.0582 0.0688
vn 0.9924 0.0796 0.0940
vn 0.9959 0.0657 0.0617
vn 0.9924 0.0898 0.0844
vn 0.9959 0.0722 0.0539
vn 0.9924 0.0988 0.0737
vn 0.9959 0.0778 0.0454
vn 0.9924 0.1064 0.0621
vn 0.9959 0.0824 0.0365
vn 0.9924 0.1126 0.0499
vn 0.9959 0.0858 0.0274
vn 0.9924 0.1174 0.0374
vn 0.9959 0.0882 0.0181
vn 0.9924 0.1207 0.0248
vn 0.9959 0.0896 0.0090
vn 0.9924 0.1225 0.0123
vn 0.9959 0.0901 -0.0000
vn 0.9924 0.1231 -0.0000
vn 0.9959 0.0896 -0.0090
vn 0.9924 0.1225 -0.0123
vn 0.9959 0.0882 -0.0181
vn 0.9924 0.1207 -0.0248
vn 0.9959 0.0858 -0.0274
vn 0.9924 0.1174 -0.0374
vn 0.9959 0.0824 -0.0365
vn 0.9924 0.1126 -0.0499
vn 0.9959 0.0778 -0.0454
vn 0.9924 0.1064 -0.0621
vn 0.9959 0.0722 -0.0539
vn 0.9924 0.0988 -0.0737
vn 0.9959 0.0657 -0.0617
vn 0.9924 0.0898 -0.0844
vn 0.9959 0.0582 -0.0688
vn 0.9924 0.0796 -0.0940
vn 0.9959 0.0501 -0.0749
vn 0.9924 0.0685 -0.1024
vn 0.9959 0.0414 -0.0800
vn 0.9924 0.0566 -0.1094
vn 0.9959 0.0324 -0.0841
vn 0.9924 0.0443 -0.1150
vn 0.9959 0.0232 -0.0871
vn 0.9924 0.0317 -0.1190
vn 0.9959 0.0140 -0.0890
vn 0.9924 0.0191 -0.1217
vn 0.9924 0.0085 -0.1224
vn 0.9982 0.0093 0.0593
vn 0.9982 0.0154 0.0580
vn 0.9982 0.0216 0.0560
vn 0.9982 0.0276 0.0533
vn 0.9982 0.0334 0.0499
vn 0.9982 0.0388 0.0458
vn 0.9982 0.0437 0.0411
vn 0.9982 0.0481 0.0359
vn 0.9982 0.0518 0.0303
vn 0.9982 0.0549 0.0243
vn 0.9982 0.0572 0.0182
vn 0.9982 0.0588 0.0121
vn 0.9982 0.0597 0.0060
vn 0.9982 0.0600 -0.0000
vn 0.9982 0.0597 -0.0060
vn 0.9982 0.0588 -0.0121
vn 0.9982 0.0572 -0.0182
vn 0.9982 0.0549 -0.0243
vn 0.9982 0.0518 -0.0303
vn 0.9982 0.0481 -0.0359
vn 0.9982 0.0437 -0.0411
vn 0.9982 0.0388 -0.0458
vn 0.9982 0.0334 -0.0499
vn 0.9982 0.0276 -0.0533
vn 0.9982 0.0216 -0.0560
vn 0.9982 0.0154 -0.0580
vn 0.9982 0.0093 -0.0593
vn 0.9992 0.0013 0.0391
vn 0.9951 0.0016 0.0992
vn 0.9996 -0.0032 -0.0292
vn 0.9995 -0.0036 -0.0306
vn 0.9995 -0.0080 0.0298
vn 0.9995 -0.0054 0.0303
vn 0.9995 -0.0105 0.0290
vn 0.9995 -0.0029 0.0307
vn 0.9995 -0.0173 0.0255
vn 0.9995 -0.0151 0.0268
vn 0.9995 -0.0194 0.0239
vn 0.9995 -0.0128 0.0280
vn 0.9995 -0.0246 0.0186
vn 0.9995 -0.0230 0.0205
vn 0.9995 -0.0260 0.0165
vn 0.9995 -0.0213 0.0223
vn 0.9995 -0.0292 0.0099
vn 0.9995 -0.0283 0.0122
vn 0.9995 -0.0299 0.0076
vn 0.9995 -0.0273 0.0144
vn 0.9995 -0.0308 0.0004
vn 0.9995 -0.0307 0.0028
vn 0.9995 -0.0307 -0.0021
vn 0.9995 -0.0304 0.0052
vn 0.9995 -0.0293 -0.0097
vn 0.9995 -0.0300 -0.0072
vn 0.9995 -0.0283 -0.0121
vn 0.9995 -0.0305 -0.0046
vn 0.9995 -0.0245 -0.0187
vn 0.9995 -0.0259 -0.0167
vn 0.9995 -0.0228 -0.0207
vn 0.9995 -0.0272 -0.0144
vn 0.9995 -0.0171 -0.0256
vn 0.9995 -0.0192 -0.0241
vn 0.9995 -0.0150 -0.0269
vn 0.9995 -0.0211 -0.0224
vn 0.9995 -0.0083 -0.0296
vn 0.9995 -0.0106 -0.0289
vn 0.9995 -0.0059 -0.0302
vn 0.9995 -0.0128 -0.0280
vn 0.9493 -0.0277 0.3131
vn 0.9491 -0.3151 0.0011
vn 0.9506 -0.3099 0.0203
vn 0.9492 -0.3145 0.0054
vn 0.9736 -0.2253 -0.0359
vn 0.9777 -0.2071 -0.0340
vn 0.9766 -0.2135 -0.0241
vn 0.9800 -0.1983 -0.0185
vn 0.9774 -0.2109 -0.0155
vn 0.9720 -0.2304 -0.0470
vn 0.9606 -0.2746 -0.0437
vn 0.9663 -0.2558 -0.0289
vn 0.9573 -0.2881 -0.0224
vn 0.9552 -0.2954 -0.0213
vn 0.9869 -0.1612 0.0023
vn 0.9836 -0.1802 0.0100
vn 0.9835 -0.1809 -0.0032
vn 0.9868 -0.1618 -0.0118
vn 0.9831 -0.1823 -0.0162
vn 0.9823 -0.1864 -0.0186
vn 0.9830 -0.1827 0.0192
vn 0.9867 -0.1618 0.0155
vn 0.9815 -0.1908 0.0170
vn 0.9561 -0.2922 0.0225
vn 0.9677 -0.2486 0.0425
vn 0.9596 -0.2799 0.0298
vn 0.9678 -0.2277 0.1073
vn 0.9749 -0.2197 0.0359
vn 0.9767 -0.2137 0.0196
vn 0.9786 -0.2045 0.0251
vn 0.9779 -0.2087 0.0162
vn 0.9508 -0.3091 0.0198
vn 0.9511 -0.3073 0.0310
vn 0.9491 -0.3147 -0.0116
vn 0.9493 -0.3143 -0.0091
vn 0.9505 -0.3098 -0.0230
vn 0.9509 -0.3079 -0.0308
vn 0.9957 -0.0039 0.0923
vn 0.9995 -0.0023 0.0316
vn 0.9981 -0.0044 -0.0617
vn 0.9961 0.0176 -0.0867
vn 0.9921 -0.0075 -0.1252
vn 0.9871 -0.0068 -0.1601
vn 0.9778 -0.0129 -0.2093
vn 0.9607 -0.0159 -0.2773
vn 0.9508 -0.0149 -0.3095
vn 0.9508 -0.0264 -0.3086
vn 0.9615 -0.0324 -0.2728
vn 0.9615 -0.0736 -0.2647
vn 0.9507 -0.0679 -0.3027
vn 0.9614 -0.0529 -0.2699
vn 0.9508 -0.0557 -0.3048
vn 0.9508 -0.0421 -0.3068
vn 0.9615 -0.0948 -0.2580
vn 0.9506 -0.0984 -0.2943
vn 0.9506 -0.0833 -0.2989
vn 0.9616 -0.1340 -0.2397
vn 0.9506 -0.1416 -0.2762
vn 0.9615 -0.1142 -0.2499
vn 0.9511 -0.1273 -0.2814
vn 0.9513 -0.1166 -0.2854
vn 0.9614 -0.2034 -0.1853
vn 0.9515 -0.2047 -0.2298
vn 0.9610 -0.1894 -0.2015
vn 0.9511 -0.1903 -0.2435
vn 0.9613 -0.1722 -0.2153
vn 0.9508 -0.1781 -0.2536
vn 0.9616 -0.1529 -0.2281
vn 0.9508 -0.1645 -0.2624
vn 0.9507 -0.1562 -0.2678
vn 0.9616 -0.2178 -0.1668
vn 0.9506 -0.2376 -0.1997
vn 0.9513 -0.2205 -0.2155
vn 0.9614 -0.2527 -0.1087
vn 0.9512 -0.2699 -0.1493
vn 0.9611 -0.2441 -0.1290
vn 0.9509 -0.2606 -0.1669
vn 0.9614 -0.2319 -0.1481
vn 0.9509 -0.2526 -0.1787
vn 0.9507 -0.2463 -0.1886
vn 0.9616 -0.2604 -0.0861
vn 0.9507 -0.2901 -0.1101
vn 0.9511 -0.2801 -0.1303
vn 0.9512 -0.3042 -0.0516
vn 0.9509 -0.3012 -0.0713
vn 0.9614 -0.2677 -0.0635
vn 0.9509 -0.2975 -0.0853
vn 0.9507 -0.2947 -0.0969
vn 0.9614 -0.2713 0.0468
vn 0.9507 -0.3056 0.0523
vn 0.9615 -0.2665 0.0672
vn 0.9507 -0.3015 0.0723
vn 0.9508 -0.2973 0.0868
vn 0.9614 -0.2603 0.0888
vn 0.9508 -0.2931 0.1006
vn 0.9615 -0.2527 0.1081
vn 0.9509 -0.2878 0.1142
vn 0.9615 -0.2429 0.1281
vn 0.9506 -0.2807 0.1325
vn 0.9507 -0.2849 0.1229
vn 0.9615 -0.2318 0.1474
vn 0.9508 -0.2673 0.1564
vn 0.9506 -0.2733 0.1470
vn 0.9615 -0.2052 0.1826
vn 0.9507 -0.2429 0.1929
vn 0.9615 -0.2193 0.1656
vn 0.9509 -0.2507 0.1816
vn 0.9508 -0.2587 0.1705
vn 0.9616 -0.1351 0.2391
vn 0.9505 -0.1691 0.2609
vn 0.9615 -0.1543 0.2272
vn 0.9504 -0.1884 0.2474
vn 0.9616 -0.1725 0.2137
vn 0.9504 -0.2067 0.2325
vn 0.9616 -0.1894 0.1988
vn 0.9506 -0.2214 0.2174
vn 0.9506 -0.2324 0.2057
vn 0.9616 -0.1143 0.2493
vn 0.9510 -0.1393 0.2761
vn 0.9507 -0.1510 0.2710
vn 0.9615 -0.0486 0.2703
vn 0.9505 -0.0740 0.3018
vn 0.9615 -0.0709 0.2654
vn 0.9504 -0.0967 0.2955
vn 0.9616 -0.0931 0.2583
vn 0.9506 -0.1165 0.2876
vn 0.9507 -0.1292 0.2820
vn 0.9531 -0.0203 0.3018
vn 0.9601 -0.0331 0.2777
vn 0.9507 -0.0426 0.3071
vn 0.9506 -0.0552 0.3055
vn 0.9679 -0.1017 0.2297
vn 0.9670 -0.0348 0.2525
vn 0.9615 -0.0193 0.2740
vn 0.9783 -0.0157 0.2065
vn 0.9743 -0.0407 0.2214
vn 0.9783 -0.0267 0.2055
vn 0.9869 -0.0051 0.1611
vn 0.9828 -0.0130 0.1842
vn 0.9867 -0.0159 0.1617
vn 0.9866 -0.0190 -0.1619
vn 0.9773 -0.0247 -0.2103
vn 0.9866 -0.0315 -0.1600
vn 0.9773 -0.0409 -0.2078
vn 0.9866 -0.0439 -0.1570
vn 0.9773 -0.0570 -0.2040
vn 0.9866 -0.0560 -0.1531
vn 0.9773 -0.0728 -0.1989
vn 0.9866 -0.0680 -0.1482
vn 0.9773 -0.0883 -0.1925
vn 0.9866 -0.0796 -0.1423
vn 0.9773 -0.1034 -0.1848
vn 0.9866 -0.0908 -0.1354
vn 0.9773 -0.1179 -0.1759
vn 0.9866 -0.1015 -0.1276
vn 0.9773 -0.1318 -0.1658
vn 0.9866 -0.1115 -0.1190
vn 0.9773 -0.1448 -0.1545
vn 0.9866 -0.1209 -0.1095
vn 0.9773 -0.1570 -0.1422
vn 0.9866 -0.1295 -0.0992
vn 0.9773 -0.1682 -0.1288
vn 0.9866 -0.1372 -0.0881
vn 0.9773 -0.1782 -0.1144
vn 0.9866 -0.1441 -0.0764
vn 0.9773 -0.1872 -0.0992
vn 0.9866 -0.1500 -0.0641
vn 0.9773 -0.1948 -0.0832
vn 0.9866 -0.1548 -0.0512
vn 0.9773 -0.2011 -0.0665
vn 0.9866 -0.1586 -0.0380
vn 0.9773 -0.2060 -0.0494
vn 0.9866 -0.1612 -0.0245
vn 0.9866 -0.1607 0.0277
vn 0.9773 -0.2087 0.0360
vn 0.9866 -0.1580 0.0401
vn 0.9773 -0.2053 0.0521
vn 0.9866 -0.1544 0.0523
vn 0.9773 -0.2006 0.0680
vn 0.9866 -0.1498 0.0644
vn 0.9773 -0.1946 0.0836
vn 0.9866 -0.1442 0.0761
vn 0.9773 -0.1873 0.0988
vn 0.9866 -0.1377 0.0874
vn 0.9773 -0.1788 0.1135
vn 0.9866 -0.1301 0.0983
vn 0.9773 -0.1690 0.1276
vn 0.9866 -0.1217 0.1085
vn 0.9773 -0.1581 0.1409
vn 0.9866 -0.1125 0.1181
vn 0.9773 -0.1461 0.1533
vn 0.9866 -0.1025 0.1269
vn 0.9773 -0.1331 0.1648
vn 0.9866 -0.0916 0.1349
vn 0.9773 -0.1190 0.1752
vn 0.9866 -0.0801 0.1420
vn 0.9773 -0.1041 0.1845
vn 0.9866 -0.0680 0.1482
vn 0.9773 -0.0883 0.1925
vn 0.9866 -0.0553 0.1534
vn 0.9773 -0.0718 0.1993
vn 0.9866 -0.0421 0.1575
vn 0.9773 -0.0547 0.2046
vn 0.9866 -0.0288 0.1605
vn 0.9773 -0.0374 0.2085
vn 0.9959 -0.0106 -0.0899
vn 0.9923 -0.0145 -0.1230
vn 0.9959 -0.0175 -0.0888
vn 0.9923 -0.0239 -0.1216
vn 0.9959 -0.0244 -0.0872
vn 0.9923 -0.0333 -0.1193
vn 0.9959 -0.0311 -0.0850
vn 0.9923 -0.0426 -0.1164
vn 0.9959 -0.0378 -0.0823
vn 0.9923 -0.0517 -0.1126
vn 0.9959 -0.0442 -0.0790
vn 0.9923 -0.0605 -0.1082
vn 0.9959 -0.0504 -0.0752
vn 0.9923 -0.0690 -0.1029
vn 0.9959 -0.0564 -0.0709
vn 0.9923 -0.0771 -0.0970
vn 0.9959 -0.0619 -0.0661
vn 0.9923 -0.0847 -0.0904
vn 0.9959 -0.0671 -0.0608
vn 0.9923 -0.0919 -0.0832
vn 0.9959 -0.0719 -0.0551
vn 0.9923 -0.0984 -0.0754
vn 0.9959 -0.0762 -0.0489
vn 0.9923 -0.1043 -0.0670
vn 0.9959 -0.0800 -0.0424
vn 0.9923 -0.1095 -0.0581
vn 0.9959 -0.0833 -0.0356
vn 0.9923 -0.1140 -0.0487
vn 0.9959 -0.0860 -0.0285
vn 0.9923 -0.1177 -0.0389
vn 0.9959 -0.0881 -0.0211
vn 0.9923 -0.1205 -0.0289
vn 0.9959 -0.0895 -0.0136
vn 0.9923 -0.1226 -0.0186
vn 0.9959 -0.0904 -0.0062
vn 0.9923 -0.1237 -0.0084
vn 0.9959 -0.0906 0.0012
vn 0.9923 -0.1239 0.0016
vn 0.9959 -0.0902 0.0084
vn 0.9923 -0.1234 0.0114
vn 0.9959 -0.0892 0.0154
vn 0.9923 -0.1221 0.0210
vn 0.9959 -0.0878 0.0223
vn 0.9923 -0.1201 0.0305
vn 0.9959 -0.0858 0.0291
vn 0.9923 -0.1174 0.0398
vn 0.9959 -0.0832 0.0357
vn 0.9923 -0.1139 0.0489
vn 0.9959 -0.0801 0.0423
vn 0.9923 -0.1096 0.0578
vn 0.9959 -0.0764 0.0486
vn 0.9923 -0.1046 0.0664
vn 0.9959 -0.0723 0.0546
vn 0.9923 -0.0989 0.0747
vn 0.9959 -0.0676 0.0603
vn 0.9923 -0.0925 0.0825
vn 0.9959 -0.0625 0.0656
vn 0.9923 -0.0855 0.0897
vn 0.9959 -0.0569 0.0704
vn 0.9923 -0.0779 0.0964
vn 0.9959 -0.0509 0.0749
vn 0.9923 -0.0696 0.1025
vn 0.9959 -0.0445 0.0789
vn 0.9923 -0.0609 0.1080
vn 0.9959 -0.0378 0.0823
vn 0.9923 -0.0517 0.1127
vn 0.9959 -0.0307 0.0852
vn 0.9923 -0.0420 0.1166
vn 0.9959 -0.0234 0.0875
vn 0.9923 -0.0320 0.1197
vn 0.9959 -0.0160 0.0891
vn 0.9923 -0.0219 0.1220
vn 0.9959 -0.0086 0.0901
vn 0.9923 -0.0118 0.1234
vn 0.9930 0.0120 0.1176
vn 0.9982 -0.0070 -0.0598
vn 0.9982 -0.0117 -0.0591
vn 0.9982 -0.0162 -0.0580
vn 0.9982 -0.0207 -0.0566
vn 0.9982 -0.0251 -0.0547
vn 0.9982 -0.0294 -0.0526
vn 0.9982 -0.0336 -0.0500
vn 0.9982 -0.0375 -0.0472
vn 0.9982 -0.0412 -0.0439
vn 0.9982 -0.0447 -0.0404
vn 0.9982 -0.0478 -0.0366
vn 0.9982 -0.0507 -0.0326
vn 0.9982 -0.0533 -0.0282
vn 0.9982 -0.0555 -0.0237
vn 0.9982 -0.0572 -0.0189
vn 0.9982 -0.0586 -0.0140
vn 0.9982 -0.0596 -0.0091
vn 0.9982 -0.0601 -0.0041
vn 0.9982 -0.0603 0.0008
vn 0.9982 -0.0600 0.0056
vn 0.9982 -0.0594 0.0102
vn 0.9982 -0.0584 0.0148
vn 0.9982 -0.0571 0.0193
vn 0.9982 -0.0554 0.0238
vn 0.9982 -0.0533 0.0281
vn 0.9982 -0.0509 0.0323
vn 0.9982 -0.0481 0.0363
vn 0.9982 -0.0450 0.0401
vn 0.9982 -0.0416 0.0436
vn 0.9982 -0.0379 0.0469
vn 0.9982 -0.0339 0.0498
vn 0.9982 -0.0296 0.0525
vn 0.9982 -0.0251 0.0548
vn 0.9982 -0.0204 0.0567
vn 0.9982 -0.0156 0.0582
vn 0.9982 -0.0107 0.0593
vn 0.9982 -0.0058 0.0600
vn 0.9975 0.0443 0.0547
vn -0.0022 -0.0044 -1.0000
vn -0.0000 -0.0071 -1.0000
vn -0.0000 0.0654 -0.9979
vn -0.0000 0.0654 0.9979
vn -0.0000 -0.0074 1.0000
vn -0.0005 -0.0062 1.0000
vn -0.0000 -0.0000 -1.0000
vn -0.0000 0.1550 -0.9879
vn -0.0000 0.2572 -0.9664
vn -0.0000 0.3594 -0.9332
vn -0.0000 0.4597 -0.8881
vn -0.0000 0.5560 -0.8312
vn -0.0000 0.6463 -0.7631
vn -0.0000 0.7287 -0.6848
vn -0.0000 0.8015 -0.5979
vn -0.0000 0.8636 -0.5041
vn -0.0000 0.9141 -0.4054
vn -0.0000 0.9527 -0.3038
vn -0.0000 0.9795 -0.2014
vn -0.0000 0.9950 -0.0999
vn -0.0000 1.0000 -0.0000
vn -0.0000 0.9950 0.0999
vn -0.0000 0.9795 0.2014
vn -0.0000 0.9527 0.3038
vn -0.0000 0.9141 0.4054
vn -0.0000 0.8636 0.5041
vn -0.0000 0.8016 0.5979
vn -0.0000 0.8015 0.5979
vn -0.0000 0.7287 0.6848
vn -0.0000 0.7287 0.6849
vn -0.0000 0.6463 0.7631
vn -0.0000 0.5560 0.8312
vn -0.0000 0.4597 0.8881
vn -0.0000 0.3594 0.9332
vn -0.0000 0.2572 0.9664
vn -0.0000 0.1550 0.9879
vn -0.0000 -0.0055 1.0000
vn -0.0127 -0.2606 -0.9654
vn -0.0057 -0.3255 -0.9455
vn -0.0056 -0.3097 -0.9508
vn 0.0006 -0.0789 0.9969
vn 0.0027 -0.2419 0.9703
vn 0.0051 -0.3224 0.9466
vn -0.0026 -0.3088 0.9511
vn -0.0002 -0.3779 0.9259
vn 0.0002 -0.3737 0.9275
vn -0.0005 -0.4158 0.9095
vn -0.0038 -0.4368 0.8996
vn -0.0012 -0.4510 0.8925
vn 0.0014 -0.4932 0.8699
vn -0.0006 -0.4871 0.8733
vn 0.0014 -0.5408 0.8411
vn 0.0022 -0.5431 0.8397
vn -0.0006 -0.5910 0.8066
vn 0.0046 -0.6058 0.7956
vn -0.0014 -0.6394 0.7689
vn 0.0028 -0.6668 0.7452
vn 0.0066 -0.6891 0.7247
vn 0.0049 -0.7260 0.6877
vn -0.0069 -0.7131 0.7010
vn 0.0006 -0.7654 0.6436
vn -0.0070 -0.7445 0.6676
vn 0.0021 -0.7844 0.6203
vn -0.0068 -0.8117 0.5841
vn -0.0000 -0.8088 0.5880
vn -0.0112 -0.9205 0.3905
vn -0.0000 -0.9181 0.3964
vn -0.0075 -0.9025 0.4305
vn -0.0052 -0.8661 0.4998
vn -0.0036 -0.8829 0.4695
vn -0.0077 -0.8577 0.5141
vn -0.0275 -0.8422 0.5385
vn -0.0110 -0.9604 0.2783
vn -0.0000 -0.9600 0.2798
vn -0.0072 -0.9454 0.3259
vn -0.0012 -0.9294 0.3691
vn -0.0123 -0.9984 0.0555
vn -0.0072 -0.9945 0.1042
vn -0.0048 -0.9849 0.1732
vn -0.0056 -0.9847 0.1744
vn -0.0182 -0.9741 0.2255
vn -0.0109 -0.9996 -0.0248
vn -0.0116 -0.9999 0.0111
vn -0.0000 -0.9984 0.0569
vn 0.0085 -0.9985 -0.0543
vn 0.0093 -0.9933 -0.1153
vn -0.0074 -0.9960 -0.0887
vn 0.0040 -0.9845 -0.1754
vn -0.0014 -0.9863 -0.1650
vn -0.0005 -0.9722 -0.2341
vn 0.0004 -0.9727 -0.2322
vn -0.0006 -0.9615 -0.2750
vn -0.0039 -0.9551 -0.2964
vn -0.0007 -0.9495 -0.3137
vn -0.0002 -0.9343 -0.3564
vn 0.0003 -0.9348 -0.3551
vn 0.0005 -0.9125 -0.4091
vn 0.0031 -0.9094 -0.4159
vn -0.0010 -0.8856 -0.4644
vn 0.0049 -0.8751 -0.4840
vn -0.0015 -0.8552 -0.5183
vn 0.0026 -0.8404 -0.5420
vn -0.0034 -0.8218 -0.5697
vn -0.0013 -0.8150 -0.5795
vn 0.0015 -0.7847 -0.6199
vn -0.0052 -0.7924 -0.6100
vn 0.0120 -0.7446 -0.6674
vn -0.0089 -0.7662 -0.6425
vn 0.0072 -0.7078 -0.7063
vn -0.0047 -0.7221 -0.6918
vn 0.0024 -0.6649 -0.7470
vn 0.0010 -0.6667 -0.7454
vn -0.0037 -0.6085 -0.7936
vn 0.0001 -0.6130 -0.7901
vn -0.0114 -0.4137 -0.9104
vn -0.0000 -0.4157 -0.9095
vn -0.0076 -0.4593 -0.8883
vn -0.0052 -0.5243 -0.8515
vn -0.0014 -0.4996 -0.8662
vn -0.0067 -0.5401 -0.8416
vn -0.0244 -0.5644 -0.8251
vn -0.0171 -0.3647 -0.9310
vn -0.0060 -0.2248 -0.9744
vn -0.0079 -0.1991 -0.9800
vn -0.0000 -0.1807 -0.9835
vn -0.0085 -0.0744 -0.9972
vn -0.1645 -0.0638 -0.9843
vn -0.0075 -0.1342 -0.9909
vn -0.0065 -0.0844 -0.9964
vn -0.0003 -0.0737 0.9973
vn 0.0010 -0.1366 0.9906
vn -0.0008 -0.1417 0.9899
vn 0.0015 -0.1769 0.9842
vn -0.0015 -0.2047 0.9788
vn 0.0064 -0.2707 0.9626
vn -0.9996 -0.0241 -0.0178
vn -0.9996 -0.0274 -0.0120
vn -1.0000 -0.0000 -0.0001
vn -0.9983 -0.0323 -0.0479
vn -0.9983 -0.0375 -0.0439
vn -0.9996 -0.0194 -0.0227
vn -0.9996 -0.0041 -0.0274
vn -0.9996 -0.0078 -0.0288
vn -0.9996 -0.0237 0.0182
vn -0.9996 -0.0190 0.0231
vn -0.9996 -0.0073 0.0290
vn -0.9965 0.0777 0.0294
vn -0.9983 -0.0314 0.0485
vn -0.9983 -0.0257 0.0517
vn -0.9996 -0.0133 0.0267
vn -0.9983 -0.0548 0.0182
vn -0.9983 -0.0525 0.0241
vn -0.9996 -0.0271 0.0125
vn -0.9996 -0.0298 0.0003
vn -0.9996 -0.0292 0.0064
vn -0.9997 -0.0000 -0.0246
vn -0.9991 0.0002 -0.0414
vn -0.9990 -0.0083 0.0429
vn -0.9992 -0.0401 0.0056
vn -0.9589 -0.0223 0.2830
vn -0.9583 -0.0021 0.2858
vn -0.9659 0.0011 0.2588
vn -0.9677 -0.0135 0.2519
vn -0.9676 -0.0350 0.2501
vn -0.9591 -0.0438 0.2797
vn -0.9593 -0.0583 0.2763
vn -0.9677 -0.0606 0.2449
vn -0.9590 -0.0705 0.2746
vn -0.9593 -0.0829 0.2700
vn -0.9677 -0.0868 0.2367
vn -0.9590 -0.0957 0.2668
vn -0.9593 -0.1075 0.2612
vn -0.9676 -0.1122 0.2261
vn -0.9591 -0.1197 0.2566
vn -0.9590 -0.1566 0.2363
vn -0.9591 -0.1491 0.2406
vn -0.9677 -0.1368 0.2117
vn -0.9594 -0.1406 0.2445
vn -0.9590 -0.1305 0.2515
vn -0.9593 -0.1671 0.2275
vn -0.9677 -0.1601 0.1947
vn -0.9590 -0.1786 0.2202
vn -0.9593 -0.1879 0.2107
vn -0.9676 -0.1812 0.1756
vn -0.9591 -0.1977 0.2024
vn -0.9590 -0.2265 0.1705
vn -0.9592 -0.2203 0.1774
vn -0.9677 -0.1999 0.1534
vn -0.9595 -0.2136 0.1839
vn -0.9590 -0.2065 0.1943
vn -0.9593 -0.2334 0.1587
vn -0.9677 -0.2162 0.1298
vn -0.9590 -0.2418 0.1480
vn -0.9593 -0.2473 0.1363
vn -0.9676 -0.2294 0.1053
vn -0.9592 -0.2534 0.1254
vn -0.9590 -0.2701 0.0862
vn -0.9591 -0.2666 0.0946
vn -0.9677 -0.2393 0.0792
vn -0.9594 -0.2627 0.1027
vn -0.9590 -0.2593 0.1146
vn -0.9593 -0.2728 0.0733
vn -0.9677 -0.2465 0.0532
vn -0.9590 -0.2769 0.0609
vn -0.9592 -0.2787 0.0479
vn -0.9670 -0.2524 0.0359
vn -0.9578 -0.2856 0.0336
vn -0.9558 -0.2930 0.0251
vn -0.9547 -0.2975 0.0118
vn -0.9542 -0.2988 0.0182
vn -0.9540 -0.2999 -0.0025
vn -0.9539 -0.3002 0.0047
vn -0.9539 -0.3000 -0.0099
vn -0.9570 -0.2890 -0.0238
vn -0.9552 -0.2954 -0.0185
vn -0.9573 -0.2871 -0.0331
vn -0.9588 -0.2811 -0.0411
vn -0.9668 -0.2531 -0.0349
vn -0.9591 -0.2767 -0.0600
vn -0.9591 -0.2787 -0.0506
vn -0.9677 -0.2474 -0.0488
vn -0.9594 -0.2791 -0.0415
vn -0.9591 -0.2815 -0.0309
vn -0.9593 -0.2731 -0.0712
vn -0.9677 -0.2407 -0.0748
vn -0.9590 -0.2709 -0.0836
vn -0.9592 -0.2658 -0.0961
vn -0.9676 -0.2315 -0.1008
vn -0.9590 -0.2593 -0.1143
vn -0.9593 -0.2507 -0.1301
vn -0.9677 -0.2186 -0.1257
vn -0.9590 -0.2466 -0.1398
vn -0.9591 -0.2249 -0.1719
vn -0.9590 -0.2292 -0.1668
vn -0.9677 -0.2029 -0.1495
vn -0.9594 -0.2345 -0.1568
vn -0.9592 -0.2415 -0.1473
vn -0.9594 -0.2183 -0.1789
vn -0.9676 -0.1847 -0.1718
vn -0.9589 -0.2102 -0.1904
vn -0.9592 -0.1783 -0.2196
vn -0.9590 -0.1860 -0.2137
vn -0.9677 -0.1638 -0.1916
vn -0.9594 -0.1927 -0.2058
vn -0.9592 -0.2012 -0.1985
vn -0.9594 -0.1686 -0.2259
vn -0.9677 -0.1408 -0.2090
vn -0.9590 -0.1600 -0.2340
vn -0.9592 -0.1234 -0.2543
vn -0.9590 -0.1350 -0.2492
vn -0.9676 -0.1167 -0.2237
vn -0.9594 -0.1462 -0.2414
vn -0.9591 -0.1541 -0.2375
vn -0.9594 -0.1134 -0.2581
vn -0.9677 -0.0911 -0.2351
vn -0.9590 -0.1047 -0.2633
vn -0.9591 -0.0678 -0.2748
vn -0.9590 -0.0746 -0.2735
vn -0.9677 -0.0652 -0.2435
vn -0.9594 -0.0846 -0.2691
vn -0.9592 -0.0953 -0.2662
vn -0.9593 -0.0588 -0.2764
vn -0.9671 -0.0430 -0.2507
vn -0.9586 -0.0421 -0.2817
vn -0.9537 0.0010 -0.3006
vn -0.9541 0.0024 -0.2995
vn -0.9548 -0.0191 -0.2965
vn -0.9553 -0.0128 -0.2954
vn -0.9583 -0.0335 -0.2838
vn -0.9832 -0.0006 -0.1823
vn -0.9799 -0.0087 -0.1993
vn -0.9826 -0.0103 -0.1854
vn -0.9786 -0.0222 -0.2048
vn -0.9806 -0.0329 -0.1930
vn -0.9565 -0.0238 -0.2906
vn -0.9633 -0.0347 -0.2661
vn -0.9716 -0.0310 -0.2347
vn -0.9756 -0.0331 -0.2169
vn -0.9755 -0.2154 0.0445
vn -0.9725 -0.2304 0.0346
vn -0.9621 -0.2708 0.0325
vn -0.9587 -0.2821 0.0363
vn -0.9810 -0.1924 0.0250
vn -0.9829 -0.1843 0.0022
vn -0.9808 -0.1951 0.0079
vn -0.9815 -0.1910 0.0107
vn -0.9796 -0.2003 0.0158
vn -0.9782 -0.2063 0.0222
vn -0.9726 -0.2111 -0.0970
vn -0.9782 -0.2063 -0.0233
vn -0.9812 -0.1918 -0.0220
vn -0.9665 -0.2557 -0.0224
vn -0.9699 -0.2421 -0.0262
vn -0.9721 -0.2220 -0.0757
vn -0.9804 -0.1967 -0.0112
vn -0.9815 -0.1914 -0.0077
vn -0.9804 -0.1971 -0.0016
vn -0.9780 0.0020 0.2087
vn -0.9808 -0.0093 0.1949
vn -0.9802 -0.0273 0.1959
vn -0.9802 -0.0477 0.1920
vn -0.9802 -0.0680 0.1858
vn -0.9802 -0.0881 0.1772
vn -0.9802 -0.1074 0.1662
vn -0.9802 -0.1256 0.1530
vn -0.9802 -0.1422 0.1377
vn -0.9802 -0.1570 0.1205
vn -0.9802 -0.1696 0.1020
vn -0.9802 -0.1799 0.0824
vn -0.9802 -0.1878 0.0622
vn -0.9802 -0.1934 0.0419
vn -0.9983 -0.0564 0.0122
vn -0.9983 -0.0574 0.0063
vn -0.9983 -0.0577 0.0005
vn -0.9983 -0.0575 -0.0053
vn -0.9983 -0.0495 0.0298
vn -0.9983 -0.0367 0.0447
vn -0.9983 -0.0415 0.0402
vn -0.9983 -0.0458 0.0352
vn -0.9983 -0.0199 0.0542
vn -0.9968 -0.0009 0.0797
vn -0.9979 0.0239 0.0608
vn -0.9983 -0.0080 0.0572
vn -0.9983 -0.0139 0.0561
vn -0.9934 -0.0045 0.1148
vn -0.9960 -0.0005 0.0899
vn -0.9930 -0.0163 0.1167
vn -0.9962 -0.0120 0.0857
vn -0.9930 -0.0284 0.1144
vn -0.9962 -0.0208 0.0840
vn -0.9930 -0.0405 0.1107
vn -0.9962 -0.0298 0.0813
vn -0.9930 -0.0525 0.1055
vn -0.9962 -0.0385 0.0775
vn -0.9930 -0.0640 0.0990
vn -0.9962 -0.0470 0.0727
vn -0.9930 -0.0748 0.0911
vn -0.9962 -0.0549 0.0669
vn -0.9930 -0.0847 0.0820
vn -0.9962 -0.0622 0.0602
vn -0.9930 -0.0935 0.0718
vn -0.9962 -0.0687 0.0527
vn -0.9930 -0.1010 0.0608
vn -0.9962 -0.0742 0.0446
vn -0.9930 -0.1072 0.0491
vn -0.9962 -0.0787 0.0361
vn -0.9930 -0.1119 0.0371
vn -0.9962 -0.0822 0.0272
vn -0.9930 -0.1152 0.0249
vn -0.9962 -0.0846 0.0183
vn -0.9930 -0.1171 0.0129
vn -0.9963 -0.0860 0.0095
vn -0.9930 -0.1178 0.0010
vn -0.9963 -0.0865 0.0007
vn -0.9930 -0.1173 -0.0108
vn -0.9963 -0.0861 -0.0079
vn -0.9930 -0.1156 -0.0228
vn -0.9962 -0.0849 -0.0168
vn -0.9930 -0.1125 -0.0350
vn -0.9962 -0.0826 -0.0257
vn -0.9930 -0.1081 -0.0470
vn -0.9962 -0.0794 -0.0345
vn -0.9930 -0.1022 -0.0588
vn -0.9962 -0.0750 -0.0432
vn -0.9930 -0.0949 -0.0699
vn -0.9962 -0.0697 -0.0514
vn -0.9930 -0.0863 -0.0803
vn -0.9962 -0.0634 -0.0590
vn -0.9930 -0.0766 -0.0896
vn -0.9962 -0.0562 -0.0658
vn -0.9930 -0.0659 -0.0977
vn -0.9962 -0.0484 -0.0718
vn -0.9930 -0.0545 -0.1045
vn -0.9962 -0.0400 -0.0768
vn -0.9930 -0.0426 -0.1099
vn -0.9962 -0.0313 -0.0807
vn -0.9930 -0.0305 -0.1138
vn -0.9962 -0.0224 -0.0836
vn -0.9930 -0.0184 -0.1164
vn -0.9962 -0.0135 -0.0855
vn -0.9930 -0.0075 -0.1181
vn -0.9960 0.0056 -0.0894
vn -0.9933 0.0007 -0.1159
vn -0.9973 0.0002 -0.0734
vn -0.9996 -0.0139 -0.0265
vn -0.9983 -0.0209 -0.0539
vn -0.9983 -0.0267 -0.0512
vn -0.9981 0.0216 -0.0575
vn -0.9983 -0.0090 -0.0570
vn -0.9983 -0.0149 -0.0558
vn -0.9996 -0.0293 -0.0058
vn -0.9983 -0.0552 -0.0171
vn -0.9983 -0.0567 -0.0112
vn -0.9983 -0.0423 -0.0394
vn -0.9983 -0.0465 -0.0343
vn -0.9983 -0.0501 -0.0288
vn -0.9983 -0.0530 -0.0231
vn -0.9924 0.0011 0.1233
vn -0.9802 -0.1941 -0.0383
vn -0.9802 -0.1890 -0.0587
vn -0.9802 -0.1815 -0.0790
vn -0.9802 -0.1716 -0.0987
vn -0.9802 -0.1593 -0.1174
vn -0.9802 -0.1449 -0.1348
vn -0.9802 -0.1286 -0.1505
vn -0.9802 -0.1107 -0.1641
vn -0.9802 -0.0915 -0.1755
vn -0.9802 -0.0715 -0.1845
vn -0.9802 -0.0512 -0.1911
vn -0.9864 0.0021 0.1645
vn -0.9886 -0.0053 0.1505
vn -0.9881 -0.0213 0.1524
vn -0.9881 -0.0371 0.1494
vn -0.9881 -0.0529 0.1445
vn -0.9881 -0.0685 0.1379
vn -0.9881 -0.0836 0.1293
vn -0.9881 -0.0977 0.1190
vn -0.9881 -0.1106 0.1071
vn -0.9881 -0.1221 0.0938
vn -0.9881 -0.1319 0.0793
vn -0.9881 -0.1399 0.0641
vn -0.9881 -0.1461 0.0484
vn -0.9881 -0.1504 0.0326
vn -0.9881 -0.1530 0.0168
vn -0.9881 -0.1539 0.0013
vn -0.9881 -0.1532 -0.0141
vn -0.9881 -0.1510 -0.0298
vn -0.9881 -0.1470 -0.0457
vn -0.9881 -0.1412 -0.0614
vn -0.9881 -0.1335 -0.0768
vn -0.9881 -0.1239 -0.0913
vn -0.9881 -0.1127 -0.1049
vn -0.9881 -0.1000 -0.1170
vn -0.9881 -0.0861 -0.1276
vn -0.9881 -0.0712 -0.1365
vn -0.9881 -0.0557 -0.1435
vn -0.9881 -0.0398 -0.1487
vn -0.9881 -0.0240 -0.1520
vn -0.9883 -0.0088 -0.1522
vn -0.9871 -0.0015 -0.1599
vn -0.9996 0.0240 0.0179
vn -0.9996 0.0273 0.0121
vn -0.9983 0.0575 0.0058
vn -0.9983 0.0578 -0.0000
vn -0.9996 0.0299 -0.0000
vn -0.9962 0.0631 0.0593
vn -0.9962 0.0694 0.0518
vn -0.9983 0.0464 0.0346
vn -0.9962 0.0748 0.0436
vn -0.9930 0.0945 0.0705
vn -0.9983 0.0575 -0.0058
vn -0.9983 0.0566 -0.0116
vn -0.9996 0.0293 -0.0061
vn -0.9983 0.0551 -0.0175
vn -0.9983 0.0528 -0.0234
vn -0.9996 0.0273 -0.0121
vn -0.9983 0.0499 -0.0291
vn -0.9983 0.0464 -0.0345
vn -0.9996 0.0240 -0.0179
vn -0.9983 0.0421 -0.0396
vn -0.9983 0.0374 -0.0441
vn -0.9996 0.0194 -0.0228
vn -0.9996 0.0078 -0.0288
vn -0.9996 0.0041 -0.0274
vn -0.9983 0.0322 -0.0480
vn -0.9983 0.0266 -0.0513
vn -0.9996 0.0138 -0.0265
vn -0.9584 0.2839 0.0308
vn -0.9654 0.2597 0.0239
vn -0.9670 0.2524 0.0357
vn -0.9688 0.2470 0.0222
vn -0.9737 0.2219 0.0523
vn -0.9753 0.2143 0.0534
vn -0.9811 0.1922 0.0235
vn -0.9784 0.2057 0.0215
vn -0.9541 0.2994 0.0093
vn -0.9537 0.3007 0.0006
vn -0.9550 0.2963 0.0153
vn -0.9576 0.2865 0.0319
vn -0.9537 0.3006 -0.0080
vn -0.9541 0.2994 -0.0042
vn -0.9549 0.2965 -0.0166
vn -0.9552 0.2953 -0.0174
vn -0.9567 0.2899 -0.0267
vn -0.9578 0.2860 -0.0274
vn -0.9578 0.2853 -0.0345
vn -0.9797 0.2001 0.0146
vn -0.9810 0.1937 0.0101
vn -0.9824 0.1867 -0.0018
vn -0.9806 0.1962 0.0009
vn -0.9811 0.1921 -0.0233
vn -0.9831 0.1829 -0.0064
vn -0.9791 0.2028 -0.0170
vn -0.9778 0.2081 -0.0265
vn -0.9758 0.2127 -0.0504
vn -0.9740 0.2161 -0.0682
vn -0.9720 0.2321 -0.0375
vn -0.9666 0.2540 -0.0345
vn -0.9693 0.2450 -0.0230
vn -0.9620 0.2713 -0.0317
vn -0.9588 0.2802 -0.0465
vn -0.9563 0.0257 -0.2914
vn -0.9545 0.0159 -0.2977
vn -0.9587 0.0339 -0.2823
vn -0.9588 0.0441 -0.2808
vn -0.9633 0.0348 -0.2662
vn -0.9672 0.0424 -0.2506
vn -0.9592 0.0611 -0.2761
vn -0.9677 0.0648 -0.2437
vn -0.9591 0.0958 -0.2662
vn -0.9598 0.0885 -0.2665
vn -0.9677 0.0907 -0.2352
vn -0.9596 0.0837 -0.2685
vn -0.9590 0.0739 -0.2737
vn -0.9589 0.1333 -0.2504
vn -0.9592 0.1220 -0.2549
vn -0.9676 0.1160 -0.2242
vn -0.9594 0.1117 -0.2591
vn -0.9590 0.1026 -0.2643
vn -0.9593 0.1447 -0.2424
vn -0.9677 0.1401 -0.2095
vn -0.9591 0.1530 -0.2382
vn -0.9677 0.1630 -0.1923
vn -0.9590 0.1841 -0.2156
vn -0.9591 0.1784 -0.2196
vn -0.9599 0.1704 -0.2228
vn -0.9597 0.1656 -0.2271
vn -0.9590 0.1589 -0.2348
vn -0.9594 0.1912 -0.2075
vn -0.9676 0.1839 -0.1729
vn -0.9592 0.1999 -0.1998
vn -0.9590 0.2282 -0.1682
vn -0.9591 0.2238 -0.1733
vn -0.9677 0.2020 -0.1506
vn -0.9593 0.2170 -0.1805
vn -0.9589 0.2088 -0.1920
vn -0.9590 0.2454 -0.1419
vn -0.9591 0.2416 -0.1474
vn -0.9677 0.2178 -0.1269
vn -0.9597 0.2355 -0.1535
vn -0.9595 0.2320 -0.1601
vn -0.9593 0.2497 -0.1321
vn -0.9676 0.2308 -0.1024
vn -0.9590 0.2584 -0.1165
vn -0.9592 0.2651 -0.0982
vn -0.9677 0.2402 -0.0766
vn -0.9590 0.2702 -0.0857
vn -0.9596 0.2715 -0.0744
vn -0.9677 0.2470 -0.0507
vn -0.9595 0.2734 -0.0673
vn -0.9591 0.2812 -0.0332
vn -0.9593 0.2789 -0.0445
vn -0.9590 0.2777 -0.0568
vn -0.9592 0.2792 0.0455
vn -0.9677 0.2471 0.0507
vn -0.9590 0.2698 0.0871
vn -0.9593 0.2716 0.0770
vn -0.9677 0.2402 0.0766
vn -0.9595 0.2732 0.0691
vn -0.9590 0.2774 0.0583
vn -0.9593 0.2644 0.0993
vn -0.9676 0.2306 0.1026
vn -0.9590 0.2605 0.1119
vn -0.9676 0.2181 0.1269
vn -0.9593 0.2487 0.1339
vn -0.9593 0.2542 0.1230
vn -0.9590 0.2261 0.1710
vn -0.9593 0.2311 0.1626
vn -0.9677 0.2020 0.1507
vn -0.9595 0.2354 0.1548
vn -0.9590 0.2434 0.1454
vn -0.9593 0.2167 0.1809
vn -0.9676 0.1837 0.1730
vn -0.9590 0.2087 0.1919
vn -0.9677 0.1632 0.1923
vn -0.9593 0.1901 0.2087
vn -0.9593 0.1992 0.2003
vn -0.9590 0.1563 0.2365
vn -0.9593 0.1640 0.2298
vn -0.9677 0.1401 0.2094
vn -0.9595 0.1706 0.2241
vn -0.9590 0.1812 0.2180
vn -0.9593 0.1443 0.2427
vn -0.9676 0.1158 0.2243
vn -0.9590 0.1332 0.2503
vn -0.9676 0.0909 0.2354
vn -0.9593 0.1105 0.2600
vn -0.9592 0.1217 0.2551
vn -0.9590 0.0703 0.2746
vn -0.9592 0.0791 0.2715
vn -0.9677 0.0648 0.2436
vn -0.9594 0.0872 0.2682
vn -0.9590 0.0991 0.2656
vn -0.9593 0.0575 0.2766
vn -0.9677 0.0390 0.2492
vn -0.9590 0.0449 0.2799
vn -0.9591 0.0321 0.2811
vn -0.9679 0.0159 0.2509
vn -0.9587 0.0162 0.2841
vn -0.9961 0.0037 0.0887
vn -0.9981 -0.0132 0.0605
vn -0.9983 -0.0509 0.0295
vn -0.9931 0.0069 -0.1167
vn -0.9823 0.0122 -0.1872
vn -0.9799 0.0088 -0.1993
vn -0.9799 0.0458 -0.1941
vn -0.9755 0.0394 -0.2167
vn -0.9806 0.0324 -0.1934
vn -0.9723 0.0342 -0.2311
vn -0.9981 -0.0217 -0.0575
vn -0.9983 0.0090 -0.0570
vn -0.9983 0.0149 -0.0558
vn -0.9983 0.0208 -0.0539
vn -0.9956 -0.0142 -0.0927
vn -0.9930 0.0183 -0.1164
vn -0.9962 0.0134 -0.0855
vn -0.9930 0.0303 -0.1139
vn -0.9962 0.0223 -0.0836
vn -0.9930 0.0424 -0.1100
vn -0.9962 0.0311 -0.0808
vn -0.9930 0.0542 -0.1047
vn -0.9962 0.0398 -0.0769
vn -0.9930 0.0656 -0.0980
vn -0.9962 0.0482 -0.0719
vn -0.9930 0.0762 -0.0899
vn -0.9962 0.0560 -0.0661
vn -0.9930 0.0859 -0.0807
vn -0.9962 0.0631 -0.0593
vn -0.9930 0.0945 -0.0705
vn -0.9962 0.0694 -0.0517
vn -0.9930 0.1018 -0.0594
vn -0.9962 0.0748 -0.0436
vn -0.9930 0.1078 -0.0478
vn -0.9962 0.0792 -0.0351
vn -0.9930 0.1123 -0.0358
vn -0.9962 0.0825 -0.0263
vn -0.9930 0.1154 -0.0237
vn -0.9962 0.0848 -0.0174
vn -0.9930 0.1172 -0.0118
vn -0.9962 0.0861 -0.0086
vn -0.9930 0.1178 -0.0000
vn -0.9962 0.0865 -0.0000
vn -0.9930 0.1172 0.0118
vn -0.9962 0.0861 0.0086
vn -0.9930 0.1154 0.0237
vn -0.9962 0.0848 0.0174
vn -0.9930 0.1123 0.0358
vn -0.9983 0.0499 0.0291
vn -0.9983 0.0528 0.0234
vn -0.9930 0.1018 0.0594
vn -0.9930 0.1078 0.0478
vn -0.9962 0.0791 0.0351
vn -0.9962 0.0825 0.0263
vn -0.9983 0.0551 0.0175
vn -0.9983 0.0566 0.0116
vn -0.9996 0.0293 0.0061
vn -0.9930 0.0859 0.0807
vn -0.9930 0.0762 0.0900
vn -0.9930 0.0424 0.1100
vn -0.9930 0.0542 0.1047
vn -0.9962 0.0398 0.0769
vn -0.9962 0.0482 0.0720
vn -0.9983 0.0322 0.0480
vn -0.9983 0.0374 0.0441
vn -0.9996 0.0194 0.0228
vn -0.9932 0.0066 0.1164
vn -0.9962 0.0134 0.0855
vn -0.9983 0.0090 0.0570
vn -0.9983 0.0149 0.0558
vn -0.9996 0.0078 0.0288
vn -0.9930 0.0183 0.1164
vn -0.9930 0.0303 0.1139
vn -0.9962 0.0223 0.0836
vn -0.9962 0.0311 0.0808
vn -0.9983 0.0208 0.0539
vn -0.9983 0.0266 0.0513
vn -0.9996 0.0138 0.0265
vn -0.9983 0.0421 0.0396
vn -0.9962 0.0560 0.0661
vn -0.9930 0.0656 0.0980
vn -0.9807 0.0106 0.1950
vn -0.9802 0.0307 0.1954
vn -0.9802 0.0509 0.1912
vn -0.9802 0.0711 0.1847
vn -0.9802 0.0910 0.1758
vn -0.9802 0.1101 0.1645
vn -0.9802 0.1279 0.1510
vn -0.9802 0.1442 0.1356
vn -0.9802 0.1587 0.1183
vn -0.9802 0.1709 0.0998
vn -0.9802 0.1809 0.0802
vn -0.9802 0.1885 0.0601
vn -0.9802 0.1938 0.0398
vn -0.9802 0.1938 -0.0398
vn -0.9802 0.1885 -0.0601
vn -0.9802 0.1809 -0.0802
vn -0.9802 0.1710 -0.0998
vn -0.9802 0.1587 -0.1183
vn -0.9802 0.1443 -0.1355
vn -0.9802 0.1279 -0.1510
vn -0.9802 0.1101 -0.1645
vn -0.9802 0.0910 -0.1757
vn -0.9802 0.0712 -0.1847
vn -0.9802 0.0509 -0.1912
vn -0.9885 0.0072 0.1513
vn -0.9881 0.0239 0.1520
vn -0.9881 0.0396 0.1487
vn -0.9881 0.0554 0.1437
vn -0.9881 0.0708 0.1367
vn -0.9881 0.0856 0.1280
vn -0.9881 0.0995 0.1175
vn -0.9881 0.1122 0.1054
vn -0.9881 0.1234 0.0921
vn -0.9881 0.1330 0.0776
vn -0.9881 0.1408 0.0624
vn -0.9881 0.1467 0.0468
vn -0.9881 0.1508 0.0310
vn -0.9881 0.1531 0.0154
vn -0.9881 0.1539 -0.0000
vn -0.9881 0.1531 -0.0154
vn -0.9881 0.1508 -0.0310
vn -0.9881 0.1467 -0.0468
vn -0.9881 0.1408 -0.0624
vn -0.9881 0.1330 -0.0776
vn -0.9881 0.1234 -0.0921
vn -0.9881 0.1122 -0.1054
vn -0.9881 0.0995 -0.1175
vn -0.9881 0.0856 -0.1280
vn -0.9881 0.0708 -0.1367
vn -0.9881 0.0554 -0.1436
vn -0.9881 0.0396 -0.1487
vn -0.9881 0.0239 -0.1520
vn -0.9884 0.0095 -0.1517
vn 0.0053 -0.5254 0.8508
vn 0.0071 -0.5603 0.8282
vn 0.0055 -0.5513 0.8343
vn 0.0070 -0.9843 -0.1763
vn 0.0078 -0.9755 -0.2200
vn 0.0067 -0.9781 -0.2082
vn 0.0101 -0.4809 -0.8767
vn 0.0077 -0.4296 -0.9030
vn 0.0066 -0.4433 -0.8964
vn -0.0011 -0.0511 0.9987
vn -0.0000 0.0042 1.0000
vn -0.0036 -0.0026 1.0000
vn -0.0000 0.0094 -1.0000
vn -0.0061 0.0060 -1.0000
vn 0.0002 -0.0371 -0.9993
vn 0.0046 -0.0501 -0.9987
vn 0.0213 -0.0883 -0.9959
vn 0.0050 -0.1409 -0.9900
vn 0.0013 -0.1332 -0.9911
vn 0.0090 -0.2038 -0.9790
vn 0.0150 -0.2404 -0.9706
vn -0.0000 -0.2403 -0.9707
vn 0.0080 -0.3724 -0.9280
vn -0.0000 -0.3386 -0.9409
vn 0.0146 -0.3477 -0.9375
vn 0.0170 -0.2962 -0.9550
vn 0.0054 -0.2659 -0.9640
vn 0.0451 -0.4104 -0.9108
vn 0.0101 -0.5134 -0.8581
vn 0.0154 -0.5432 -0.8395
vn -0.0000 -0.5451 -0.8384
vn 0.0157 -0.6396 -0.7686
vn 0.0191 -0.5947 -0.8037
vn 0.0055 -0.5669 -0.8238
vn 0.0065 -0.7182 -0.6958
vn 0.0075 -0.7064 -0.7077
vn 0.0447 -0.6901 -0.7223
vn 0.0071 -0.6586 -0.7524
vn -0.0000 -0.6316 -0.7753
vn 0.0041 -0.8100 -0.5865
vn -0.0000 -0.7950 -0.6066
vn 0.0156 -0.7973 -0.6034
vn 0.0125 -0.7701 -0.6378
vn 0.0061 -0.7438 -0.6684
vn 0.0382 -0.8920 -0.4503
vn 0.0040 -0.8708 -0.4916
vn 0.0072 -0.8581 -0.5135
vn 0.0078 -0.8495 -0.5276
vn 0.0451 -0.8366 -0.5460
vn 0.0071 -0.9136 -0.4067
vn 0.0004 -0.9088 -0.4173
vn 0.0100 -0.9389 -0.3442
vn 0.0136 -0.9519 -0.3060
vn 0.0021 -0.9563 -0.2924
vn 0.0425 -0.9695 -0.2412
vn 0.0048 -0.9946 -0.1038
vn 0.0049 -1.0000 -0.0025
vn 0.0034 -0.9999 -0.0166
vn 0.0141 -0.9983 -0.0572
vn 0.0073 -0.9931 -0.1168
vn 0.0400 -0.9897 -0.1375
vn 0.0139 -0.9793 0.2021
vn 0.0081 -0.9860 0.1664
vn 0.0020 -0.9954 0.0958
vn 0.0044 -0.9949 0.1012
vn 0.0181 -0.9987 0.0478
vn 0.0091 -0.9417 0.3363
vn -0.0007 -0.9521 0.3057
vn 0.0132 -0.9508 0.3095
vn 0.0145 -0.9662 0.2575
vn 0.0015 -0.9763 0.2166
vn 0.0023 -0.9150 0.4034
vn 0.0061 -0.9179 0.3969
vn 0.0485 -0.9255 0.3756
vn 0.0137 -0.8617 0.5072
vn 0.0089 -0.8777 0.4792
vn 0.0120 -0.8945 0.4468
vn 0.0092 -0.7775 0.6288
vn -0.0006 -0.7981 0.6025
vn 0.0150 -0.7951 0.6063
vn 0.0169 -0.8280 0.5605
vn 0.0017 -0.8520 0.5235
vn 0.0143 -0.6369 0.7709
vn 0.0008 -0.6290 0.7774
vn 0.0115 -0.6683 0.7438
vn 0.0036 -0.7272 0.6864
vn 0.0085 -0.6966 0.7174
vn 0.0064 -0.7343 0.6788
vn 0.0501 -0.7483 0.6615
vn 0.0486 -0.5793 0.8137
vn 0.0134 -0.3443 0.9388
vn 0.0003 -0.3370 0.9415
vn 0.0108 -0.3833 0.9235
vn 0.0057 -0.4523 0.8919
vn 0.0046 -0.4211 0.9070
vn 0.0068 -0.4677 0.8839
vn 0.0389 -0.4882 0.8719
vn 0.0103 -0.1520 0.9883
vn 0.0127 -0.2026 0.9792
vn 0.0054 -0.2476 0.9688
vn 0.0075 -0.2577 0.9662
vn 0.0434 -0.2801 0.9590
vn 0.0287 -0.0935 0.9952
vn -0.0052 -0.1294 0.9916
vn 0.0138 0.5061 -0.8624
vn -0.0000 0.5411 -0.8410
vn 0.0156 0.5398 -0.8416
vn 0.0080 0.6752 0.7376
vn 0.0093 0.6310 0.7758
vn 0.0088 0.6467 0.7627
vn 0.0054 0.2810 0.9597
vn 0.0074 0.2394 0.9709
vn 0.0080 0.2545 0.9671
vn 0.0035 0.0619 0.9981
vn -0.0002 0.0525 0.9986
vn 0.0093 0.1123 0.9936
vn 0.0128 0.1578 0.9874
vn -0.0001 0.1583 0.9874
vn 0.0345 0.2152 0.9760
vn 0.0072 0.3578 0.9338
vn 0.0129 0.4604 0.8876
vn 0.0097 0.4280 0.9037
vn 0.0084 0.3934 0.9193
vn 0.0077 0.3409 0.9401
vn 0.0378 0.3199 0.9467
vn 0.0078 0.5823 0.8129
vn 0.0006 0.5506 0.8347
vn 0.0159 0.5606 0.8279
vn 0.0164 0.5115 0.8591
vn -0.0006 0.4692 0.8831
vn 0.0449 0.6151 0.7872
vn 0.0119 0.7033 0.7108
vn 0.0132 0.7327 0.6804
vn -0.0007 0.7353 0.6777
vn 0.0379 0.8414 0.5391
vn 0.0107 0.8027 0.5963
vn 0.0093 0.8534 0.5212
vn 0.0089 0.8653 0.5011
vn 0.0049 0.8810 0.4732
vn 0.0050 0.8185 0.5745
vn 0.0102 0.7907 0.6122
vn 0.0441 0.7764 0.6287
vn 0.0117 0.8994 0.4369
vn 0.0126 0.9174 0.3978
vn -0.0008 0.9181 0.3964
vn 0.0084 0.9809 0.1946
vn 0.0096 0.9765 0.2155
vn 0.0104 0.9540 0.2996
vn 0.0382 0.9715 0.2339
vn 0.0063 0.9624 0.2716
vn 0.0101 0.9481 0.3179
vn 0.0394 0.9402 0.3383
vn 0.0128 0.9999 -0.0081
vn 0.0081 0.9995 0.0321
vn 0.0049 0.9956 0.0939
vn 0.0032 0.9948 0.1016
vn 0.0115 0.9879 0.1544
vn -0.0000 0.9932 -0.1162
vn 0.0070 0.9967 -0.0814
vn 0.0138 0.9939 -0.1095
vn 0.0148 0.9983 -0.0558
vn -0.0000 0.9999 -0.0143
vn 0.0144 0.9871 -0.1595
vn 0.0152 0.9774 -0.2110
vn 0.0016 0.9802 -0.1981
vn 0.0137 0.9482 -0.3175
vn 0.0020 0.9540 -0.2998
vn 0.0194 0.9640 -0.2653
vn 0.0092 0.9706 -0.2406
vn -0.0000 0.8541 -0.5202
vn 0.0031 0.8666 -0.4991
vn 0.0175 0.8570 -0.5150
vn 0.0152 0.8829 -0.4692
vn 0.0072 0.9106 -0.4132
vn 0.0044 0.9149 -0.4036
vn 0.0159 0.9345 -0.3556
vn -0.0000 0.7911 -0.6116
vn 0.0040 0.8061 -0.5917
vn 0.0160 0.7911 -0.6115
vn 0.0230 0.8235 -0.5669
vn 0.0161 0.8353 -0.5496
vn 0.0105 0.7212 -0.6927
vn 0.0081 0.7408 -0.6717
vn 0.0188 0.7627 -0.6465
vn -0.0000 0.6312 -0.7756
vn 0.0041 0.6508 -0.7592
vn 0.0181 0.6344 -0.7728
vn 0.0181 0.6758 -0.7369
vn -0.0000 0.7083 -0.7059
vn 0.0051 0.5627 -0.8266
vn 0.0230 0.5872 -0.8091
vn 0.0124 0.6062 -0.7952
vn 0.0086 0.4753 -0.8798
vn 0.0114 0.4475 -0.8942
vn -0.0000 0.4330 -0.9014
vn 0.0169 0.3931 -0.9193
vn 0.0161 0.3420 -0.9395
vn 0.0045 0.3639 -0.9314
vn 0.0317 0.2870 -0.9574
vn 0.0093 0.3140 -0.9494
vn -0.0000 0.3396 -0.9406
vn 0.0120 0.2701 -0.9628
vn 0.0105 0.2400 -0.9707
vn 0.0060 0.2114 -0.9774
vn -0.0041 0.1297 -0.9915
vn 0.0090 0.1507 -0.9885
vn -0.0171 0.0423 -0.9990
vn 0.0296 0.0907 -0.9954
s 1
f 4//1 2//2 1//3
f 1//3 2//2 6//4
f 5//5 1//3 3//6
f 1//3 6//4 3//6
f 7//7 4//1 1//3
f 7//7 1//3 5//5
f 8//8 4//1 7//7
f 8//8 9//9 4//1
f 10//10 9//9 8//8
f 11//11 9//9 10//10
f 12//12 13//13 11//11
f 11//11 13//13 9//9
f 12//12 14//14 13//13
f 15//15 14//14 12//12
f 16//16 15//15 18//17
f 16//16 17//18 15//15
f 18//17 15//15 12//12
f 19//19 17//18 16//16
f 16//16 20//20 19//19
f 22//21 21//22 20//20
f 22//21 20//20 16//16
f 22//21 23//23 24//24
f 24//24 21//22 22//21
f 24//24 26//25 25//26
f 24//24 23//23 26//25
f 25//26 26//25 27//27
f 25//26 27//27 28//28
f 29//29 25//26 28//28
f 29//29 30//30 25//26
f 31//31 30//30 29//29
f 32//32 30//30 31//31
f 33//33 34//34 32//32
f 32//32 34//34 30//30
f 33//33 35//35 34//34
f 36//36 35//35 33//33
f 38//37 37//38 36//36
f 38//37 36//36 33//33
f 39//39 37//38 38//37
f 40//40 37//38 39//39
f 41//41 42//42 40//40
f 40//40 43//43 41//41
f 40//40 42//42 37//38
f 43//43 44//44 41//41
f 41//41 44//44 46//45
f 44//44 47//46 45//46
f 45//46 46//45 44//44
f 45//46 47//46 48//47
f 49//48 48//47 50//49
f 45//46 48//47 49//48
f 49//48 50//49 52//50
f 50//49 51//51 53//52
f 52//50 50//49 53//52
f 53//52 51//51 54//53
f 53//52 54//53 55//54
f 54//53 56//55 55//54
f 55//54 56//55 57//56
f 55//54 57//56 58//57
f 57//56 59//58 58//57
f 58//57 59//58 60//59
f 58//57 60//59 61//60
f 61//60 60//59 62//61
f 61//60 62//61 63//62
f 63//62 62//61 64//63
f 63//62 64//63 65//64
f 65//64 64//63 66//65
f 65//64 66//65 67//66
f 67//66 66//65 68//67
f 68//67 66//65 69//68
f 68//67 69//68 70//69
f 70//69 69//68 71//70
f 70//69 71//70 72//71
f 72//71 71//70 73//72
f 73//72 74//73 75//74
f 73//72 71//70 74//73
f 75//74 74//73 76//75
f 75//74 76//75 77//76
f 77//76 80//77 78//78
f 76//75 79//79 77//76
f 77//76 79//79 80//77
f 81//80 78//78 80//77
f 82//81 78//78 81//80
f 82//81 83//82 78//78
f 84//83 83//82 82//81
f 84//83 85//84 83//82
f 86//85 85//84 84//83
f 86//85 88//86 85//84
f 87//87 88//86 86//85
f 89//88 85//84 88//86
f 89//88 88//86 94//89
f 90//90 88//86 93//91
f 94//89 88//86 90//90
f 87//87 91//92 88//86
f 88//86 91//92 92//93
f 93//91 88//86 92//93
f 94//89 90//90 95//94
f 95//94 96//95 94//89
f 94//89 96//95 97//96
f 94//89 97//96 89//88
f 93//91 92//93 98//97
f 98//97 99//98 93//91
f 98//97 100//99 99//98
f 102//100 101//101 100//99
f 102//100 100//99 98//97
f 103//102 102//100 106//103
f 103//102 101//101 102//100
f 102//100 104//104 105//105
f 98//97 104//104 102//100
f 102//100 105//105 107//106
f 106//103 102//100 107//106
f 106//103 107//106 108//107
f 107//106 109//108 108//107
f 107//106 105//105 109//108
f 115//109 109//108 110//110
f 105//105 110//110 109//108
f 111//111 109//108 114//112
f 112//113 109//108 111//111
f 108//107 109//108 112//113
f 113//114 114//112 109//108
f 115//109 113//114 109//108
f 110//110 116//115 115//109
f 115//109 116//115 117//116
f 117//116 113//114 115//109
f 117//116 116//115 118//117
f 117//116 118//117 119//118
f 119//118 120//119 117//116
f 117//116 120//119 113//114
f 120//119 121//120 113//114
f 120//119 122//121 121//120
f 123//122 122//121 120//119
f 119//118 123//122 120//119
f 123//122 124//123 129//124
f 125//125 124//123 123//122
f 125//125 123//122 119//118
f 126//126 127//127 123//122
f 123//122 128//128 126//126
f 123//122 127//127 122//121
f 123//122 129//124 128//128
f 129//124 124//123 130//129
f 128//128 129//124 131//130
f 131//130 129//124 130//129
f 132//131 131//130 133//132
f 134//133 131//130 132//131
f 131//130 130//129 133//132
f 134//133 128//128 131//130
f 136//134 126//126 134//133
f 126//126 128//128 134//133
f 135//135 134//133 132//131
f 136//134 134//133 135//135
f 137//136 126//126 136//134
f 138//137 137//136 136//134
f 138//137 136//134 139//138
f 139//138 136//134 135//135
f 139//138 140//139 138//137
f 139//138 141//140 140//139
f 135//135 141//140 139//138
f 135//135 142//141 141//140
f 142//141 144//142 141//140
f 141//140 143//143 140//139
f 141//140 144//142 143//143
f 145//144 144//142 142//141
f 146//145 144//142 145//144
f 146//145 147//146 144//142
f 144//142 147//146 148//147
f 144//142 148//147 143//143
f 148//147 147//146 149//148
f 143//143 148//147 149//148
f 149//148 150//149 143//143
f 149//148 151//150 150//149
f 149//148 147//146 151//150
f 147//146 152//151 151//150
f 155//152 151//152 152//151
f 150//149 151//150 153//153
s 0
f 154//152 153//152 151//152
f 154//152 151//152 155//152
s 1
f 155//152 152//151 156//152
f 156//152 158//154 157//152
f 156//152 152//151 158//154
f 157//152 158//154 159//155
f 159//155 158//154 160//156
f 158//154 152//151 160//156
f 160//156 147//146 146//145
f 146//145 162//157 160//156
f 160//156 152//151 147//146
f 160//156 161//158 159//155
f 160//156 162//157 161//158
f 163//159 162//157 167//160
f 164//161 162//157 163//159
f 164//161 166//162 162//157
f 165//163 162//157 166//162
f 165//163 161//158 162//157
f 146//145 167//160 162//157
f 163//159 167//160 168//164
f 168//164 167//160 145//144
f 145//144 167//160 146//145
f 169//165 168//164 172//166
f 170//167 168//164 169//165
f 170//167 171//168 168//164
f 168//164 171//168 163//159
f 168//164 145//144 172//166
f 169//165 172//166 174//169
f 145//144 142//141 172//166
f 172//166 142//141 176//170
f 172//166 173//171 174//169
f 172//166 175//172 173//171
f 176//170 175//172 172//166
f 175//172 176//170 135//135
f 176//170 142//141 135//135
f 135//135 132//131 175//172
f 175//172 132//131 173//171
f 133//132 177//173 174//169
f 173//171 133//132 174//169
f 174//169 177//173 178//174
f 178//174 179//175 174//169
f 174//169 179//175 169//165
f 179//175 181//176 169//165
f 178//174 182//177 179//175
f 179//175 180//178 181//176
f 182//177 180//178 179//175
f 183//179 184//180 182//177
f 183//179 182//177 178//174
f 182//177 184//180 180//178
f 185//181 184//180 186//182
f 185//181 187//183 184//180
f 186//182 184//180 183//179
f 187//183 188//184 184//180
f 189//185 184//180 188//184
f 180//178 184//180 189//185
f 190//186 191//187 189//185
f 194//188 190//186 189//185
f 189//185 191//187 192//189
f 189//185 192//189 180//178
f 189//185 188//184 193//190
f 194//188 189//185 193//190
f 191//187 195//191 192//189
f 197//192 192//189 195//191
f 180//178 192//189 196//193
f 198//194 196//193 192//189
f 198//194 192//189 197//192
f 198//194 201//195 199//196
f 199//196 196//193 198//194
f 198//194 200//197 201//195
f 197//192 200//197 198//194
f 199//196 201//195 202//198
f 203//199 201//195 200//197
f 202//198 201//195 203//199
f 202//198 203//199 207//200
f 205//201 203//199 204//202
f 203//199 200//197 204//202
f 206//203 203//199 205//201
f 207//200 203//199 206//203
f 207//200 206//203 210//204
f 209//205 202//198 207//200
f 208//206 207//200 210//204
f 209//205 207//200 208//206
f 210//204 206//203 212//207
f 208//206 210//204 213//208
f 210//204 212//207 211//209
f 213//208 210//204 211//209
f 213//208 211//209 214//210
f 214//210 215//211 213//208
f 216//212 213//208 215//211
f 208//206 213//208 216//212
f 218//213 208//206 216//212
f 216//212 217//214 219//215
f 221//216 217//214 216//212
f 216//212 219//215 218//213
f 216//212 215//211 220//217
f 220//217 221//216 216//212
f 222//152 221//216 220//217
f 221//216 222//152 217//214
f 222//152 220//217 223//152
f 217//214 222//152 224//152
f 225//218 224//152 226//152
f 217//214 224//152 225//218
f 226//152 166//162 227//219
f 228//152 166//162 226//152
f 226//152 227//219 225//218
f 228//152 165//163 166//162
f 229//152 165//163 228//152
f 229//152 161//158 165//163
f 230//152 161//158 229//152
f 157//152 159//155 230//152
f 230//152 159//155 161//158
f 227//219 166//162 164//161
f 227//219 164//161 225//218
f 225//218 219//215 217//214
f 225//218 164//161 219//215
f 223//152 215//211 231//152
f 223//152 220//217 215//211
f 231//152 214//210 232//152
f 231//152 215//211 214//210
f 232//152 233//220 234//152
f 232//152 214//210 233//220
f 234//152 233//220 235//221
f 234//152 235//221 236//152
f 236//152 235//221 237//222
f 236//152 237//222 239//223
f 239//223 238//152 236//152
f 239//223 240//224 242//225
f 241//226 240//224 239//223
f 237//222 241//226 239//223
f 239//223 242//225 243//227
f 243//227 238//152 239//223
f 243//227 242//225 246//228
f 243//227 244//152 238//152
f 245//152 244//152 243//227
f 246//228 245//152 243//227
f 246//228 247//229 248//230
f 246//228 242//225 247//229
f 248//152 249//152 246//228
f 246//228 249//152 245//152
s 0
f 248//152 250//152 249//152
f 251//152 250//152 248//152
f 251//152 252//152 250//152
f 253//231 252//231 251//231
f 253//152 254//152 252//152
f 256//152 254//152 253//152
f 255//152 254//152 256//152
f 256//152 257//152 255//152
s 1
f 258//232 257//233 256//234
f 253//235 259//236 256//234
f 258//232 256//234 259//236
f 260//237 259//236 261//238
f 260//237 258//232 259//236
f 251//239 261//238 259//236
f 251//239 259//236 253//235
f 260//237 261//238 262//240
f 262//240 261//238 263//241
f 247//229 263//241 261//238
f 248//230 247//229 261//238
f 248//230 261//238 251//239
f 262//240 263//241 264//242
f 264//242 263//241 247//229
f 265//243 262//240 264//242
f 265//243 264//242 266//244
f 240//224 266//244 264//242
f 242//225 264//242 247//229
f 240//224 264//242 242//225
f 267//245 266//244 268//246
f 267//245 265//243 266//244
f 269//247 268//246 266//244
f 269//247 266//244 240//224
f 269//247 205//201 270//248
f 270//248 268//246 269//247
f 271//249 205//201 269//247
f 269//247 240//224 271//249
f 241//226 271//249 240//224
f 211//209 271//249 241//226
f 271//249 206//203 205//201
f 211//209 212//207 271//249
f 212//207 206//203 271//249
f 270//248 205//201 272//250
f 270//248 272//250 274//251
f 270//248 273//252 268//246
f 274//251 273//252 270//248
f 272//250 275//253 274//251
f 273//252 274//251 275//253
f 278//254 275//253 272//250
f 275//253 267//245 273//252
f 278//254 276//255 275//253
f 276//255 277//256 275//253
f 275//253 277//256 267//245
f 279//257 278//254 272//250
f 281//258 278//254 279//257
f 281//258 280//259 278//254
f 280//259 276//255 278//254
f 282//260 281//258 283//261
f 282//260 284//262 281//258
f 283//261 281//258 279//257
f 284//262 280//259 281//258
f 284//262 285//263 280//259
f 286//264 285//263 284//262
f 287//265 286//264 284//262
f 287//265 284//262 282//260
f 288//266 287//265 289//267
f 288//266 286//264 287//265
f 282//260 292//268 287//265
f 289//267 287//265 290//269
f 287//265 291//270 290//269
f 287//265 292//268 291//270
f 293//271 292//268 294//272
f 291//270 292//268 293//271
f 282//260 294//272 292//268
f 293//271 294//272 295//273
f 296//274 295//273 294//272
f 296//274 294//272 282//260
f 297//275 296//274 299//276
f 297//275 298//277 296//274
f 298//277 295//273 296//274
f 299//276 296//274 300//278
f 282//260 283//261 296//274
f 296//274 283//261 300//278
f 300//278 301//279 303//280
f 283//261 301//279 300//278
f 300//278 303//280 302//281
f 299//276 300//278 302//281
f 204//202 303//280 301//279
f 204//202 200//197 303//280
f 302//281 303//280 200//197
f 302//281 200//197 299//276
f 279//257 304//282 301//279
f 301//279 304//282 204//202
f 279//257 301//279 283//261
f 205//201 204//202 304//282
f 272//250 205//201 304//282
f 272//250 304//282 279//257
f 299//276 307//283 297//275
f 299//276 306//284 305//285
f 305//285 308//286 299//276
f 299//276 200//197 306//284
f 299//276 309//287 307//283
f 299//276 308//286 309//287
f 310//288 306//284 197//192
f 310//288 305//285 306//284
f 197//192 306//284 200//197
f 197//192 311//289 310//288
f 312//290 311//289 197//192
f 197//192 195//191 312//290
f 289//267 290//269 313//291
f 313//291 316//292 289//267
f 314//293 315//294 313//291
f 313//291 315//294 316//292
f 316//292 317//295 318//296
f 315//294 317//295 316//292
f 316//292 318//296 320//297
f 316//292 322//298 319//299
f 289//267 316//292 319//299
f 320//297 321//300 316//292
f 316//292 321//300 322//298
f 322//298 324//301 319//299
f 321//300 323//302 322//298
f 322//298 323//302 324//301
f 323//302 325//303 324//301
f 324//301 325//303 327//304
f 324//301 285//263 286//264
f 326//305 285//263 324//301
f 319//299 324//301 286//264
f 324//301 327//304 326//305
f 326//305 327//304 276//255
f 276//255 327//304 277//256
f 329//306 277//256 327//304
f 327//304 325//303 328//307
f 328//307 329//306 327//304
f 329//306 332//308 277//256
f 330//309 332//308 329//306
f 330//309 329//306 331//310
f 331//310 329//306 328//307
f 332//308 334//311 277//256
f 330//309 333//312 332//308
f 332//308 333//312 334//311
f 277//256 334//311 265//243
f 333//312 335//313 334//311
f 334//311 335//313 262//240
f 334//311 262//240 265//243
f 333//312 336//314 335//313
f 335//313 336//314 337//315
f 335//313 337//315 262//240
f 338//316 337//315 336//314
f 338//316 340//317 337//315
f 262//240 337//315 339//318
f 339//318 337//315 341//319
f 341//319 337//315 340//317
f 339//318 341//319 260//237
f 260//237 341//319 258//232
f 341//319 344//320 258//232
f 341//319 340//317 342//321
f 342//321 343//322 341//319
f 341//319 343//322 344//320
f 343//322 345//323 344//320
f 344//320 345//323 346//324
f 344//320 346//324 258//232
s 0
f 347//152 346//152 345//152
f 255//152 257//152 346//152
s 1
f 346//324 257//233 258//232
s 0
f 255//152 346//152 347//152
f 347//152 345//152 348//152
f 348//152 349//152 350//152
f 348//152 345//152 349//152
f 350//152 349//152 352//152
s 1
f 350//152 352//152 351//325
f 350//152 351//325 353//152
f 353//152 355//326 354//152
f 353//152 351//325 355//326
f 356//327 355//326 351//325
s 0
f 357//328 355//328 356//328
s 1
f 357//329 358//330 355//326
f 354//152 355//326 358//330
f 358//331 357//332 359//333
f 363//334 358//331 359//333
s 0
f 354//152 358//330 360//152
f 360//231 358//330 361//231
f 361//152 358//335 362//152
s 1
f 362//336 358//331 363//334
f 365//337 364//338 363//334
f 364//338 362//336 363//334
f 365//337 363//334 366//339
f 366//339 363//334 367//340
f 363//334 359//333 367//340
f 366//339 367//340 368//341
f 368//341 367//340 372//342
f 367//340 371//343 369//344
f 372//342 367//340 369//344
f 367//340 370//345 371//343
f 359//333 370//345 367//340
f 368//341 372//342 373//346
f 373//346 372//342 374//347
f 375//348 374//347 372//342
f 372//342 369//344 375//348
f 376//349 374//347 375//348
f 375//348 369//344 376//349
f 376//349 377//350 374//347
f 378//351 377//350 376//349
f 376//349 379//352 378//351
f 376//349 369//344 379//352
f 379//352 340//317 338//316
f 378//351 379//352 338//316
f 369//344 380//353 379//352
f 379//352 380//353 340//317
f 342//321 380//353 371//343
f 342//321 340//317 380//353
f 369//344 371//343 380//353
f 378//351 338//316 381//354
f 384//355 378//351 381//354
f 382//356 383//357 378//351
f 384//355 382//356 378//351
f 378//351 383//357 377//350
f 385//358 388//359 384//355
f 385//358 384//355 386//360
f 386//360 384//355 381//354
f 384//355 389//361 387//362
f 387//362 382//356 384//355
f 384//355 388//359 389//361
f 331//310 388//359 385//358
f 391//363 388//359 331//310
f 391//363 390//364 388//359
f 331//310 328//307 391//363
f 391//363 328//307 396//365
f 391//363 396//365 392//366
f 392//366 393//367 391//363
f 391//363 393//367 394//368
f 391//363 394//368 395//369
f 395//369 390//364 391//363
f 396//365 397//370 399//371
f 328//307 397//370 396//365
f 396//365 399//371 398//372
f 392//366 396//365 398//372
f 400//373 399//371 402//374
f 400//373 401//375 399//371
f 401//375 404//376 399//371
f 402//374 399//371 403//377
f 403//377 399//371 397//370
f 399//371 404//376 405//378
f 398//372 399//371 405//378
f 398//372 405//378 392//366
f 401//375 406//379 404//376
f 406//379 401//375 407//380
f 407//380 400//373 408//381
f 407//380 401//375 400//373
f 408//381 400//373 409//382
f 411//383 410//384 409//382
f 409//382 402//374 411//383
f 409//382 400//373 402//374
f 411//383 412//385 413//386
f 411//383 402//374 412//385
f 413//386 410//384 411//383
f 413//386 412//385 414//387
f 413//386 414//387 415//388
f 414//387 416//389 415//388
f 414//387 417//390 416//389
f 418//391 417//390 414//387
f 418//391 419//392 417//390
f 418//391 420//393 419//392
f 420//393 421//394 419//392
f 422//395 421//394 420//393
f 422//395 423//396 421//394
f 421//394 423//396 424//397
f 423//396 425//398 424//397
f 423//396 426//399 425//398
s 0
f 427//400 426//400 423//400
s 1
f 3//6 427//401 422//395
f 3//6 428//402 427//401
f 422//395 427//401 423//396
f 6//4 428//402 3//6
f 429//403 422//395 430//404
f 429//403 3//6 422//395
f 430//404 422//395 431//405
f 431//405 422//395 420//393
f 431//405 420//393 432//406
f 432//406 420//393 433//407
f 433//407 420//393 434//408
f 433//407 434//408 435//409
f 435//409 434//408 436//410
f 436//410 434//408 437//411
f 436//410 437//411 438//412
f 439//413 438//412 440//414
f 439//413 441//415 438//412
f 440//414 438//412 437//411
f 442//416 441//415 439//413
f 317//295 443//417 442//416
f 442//416 439//413 317//295
f 444//418 443//417 317//295
f 445//419 444//418 315//294
f 315//294 444//418 317//295
f 314//293 445//419 315//294
f 317//295 439//413 440//414
f 320//297 318//296 440//414
f 317//295 440//414 318//296
f 440//414 437//411 446//420
f 320//297 440//414 446//420
f 412//385 402//374 446//420
f 320//297 446//420 402//374
f 446//420 437//411 412//385
f 412//385 437//411 434//408
f 414//387 434//408 420//393
f 412//385 434//408 414//387
f 447//421 3//6 429//403
f 5//5 3//6 447//421
f 414//387 420//393 418//391
f 403//377 397//370 323//302
f 320//297 403//377 323//302
f 402//374 403//377 320//297
f 323//302 397//370 325//303
f 328//307 325//303 397//370
f 331//310 385//358 386//360
f 449//422 331//310 386//360
f 386//360 448//423 449//422
f 381//354 448//423 386//360
f 449//422 330//309 331//310
f 449//422 336//314 330//309
f 449//422 448//423 336//314
f 336//314 448//423 338//316
f 381//354 338//316 448//423
f 373//346 374//347 450//424
f 451//425 373//346 450//424
f 451//425 452//426 373//346
f 453//427 452//426 451//425
f 453//427 454//428 452//426
f 455//429 454//428 453//427
f 456//430 457//431 455//429
f 455//429 457//431 454//428
f 459//432 457//431 458//433
f 456//430 458//433 457//431
f 365//337 457//431 459//432
f 365//337 454//428 457//431
f 459//432 460//434 364//338
f 461//435 460//434 459//432
f 459//432 364//338 365//337
f 459//432 458//433 461//435
f 461//435 462//436 460//434
f 464//437 462//436 461//435
f 461//435 463//438 464//437
f 461//435 458//433 463//438
f 464//437 465//439 467//440
f 464//437 463//438 465//439
f 464//437 466//441 462//436
f 467//440 466//441 464//437
f 467//440 468//442 466//441
f 469//443 468//442 467//440
f 467//440 465//439 470//444
f 467//440 470//444 469//443
f 469//443 470//444 471//445
f 472//446 471//445 470//444
f 472//446 470//444 474//447
f 473//448 470//444 465//439
f 474//447 470//444 473//448
f 473//448 465//439 475//449
f 475//449 465//439 463//438
f 475//449 463//438 476//450
f 476//450 463//438 458//433
f 476//450 458//433 456//430
f 477//451 471//445 472//446
f 478//452 479//453 477//451
f 477//451 479//453 471//445
f 478//452 482//454 479//453
f 481//455 471//445 479//453
f 480//456 479//453 482//454
f 481//455 479//453 480//456
f 485//457 482//454 483//458
f 484//459 483//458 482//454
f 484//459 482//454 478//452
f 480//456 482//454 485//457
f 485//457 486//460 487//461
f 488//462 486//460 485//457
f 485//457 483//458 488//462
f 485//457 487//461 480//456
f 488//462 489//463 490//464
f 488//462 483//458 489//463
f 488//462 491//465 486//460
f 490//464 491//465 488//462
f 491//465 492//466 486//460
f 493//467 492//466 491//465
f 490//464 493//467 491//465
f 495//468 494//469 493//467
f 494//469 496//470 493//467
f 493//467 496//470 492//466
f 495//468 493//467 490//464
s 0
f 497//152 492//152 496//152
f 497//152 496//152 498//152
f 498//152 496//152 499//152
s 1
f 494//469 499//471 496//470
s 0
f 498//152 499//152 501//152
s 1
f 500//472 499//471 494//469
f 500//472 502//473 499//471
s 0
f 501//152 499//152 502//152
f 501//152 502//152 505//152
s 1
f 503//474 502//473 500//472
f 503//474 504//475 502//473
s 0
f 505//152 502//152 504//152
f 507//152 506//152 505//152
f 505//152 504//152 507//152
s 1
f 509//476 508//477 507//478
s 0
f 508//231 506//231 507//231
s 1
f 509//476 507//478 510//479
f 507//478 504//475 503//474
f 510//479 507//478 503//474
f 510//479 503//474 511//480
f 511//480 512//481 510//479
f 511//480 513//482 512//481
f 514//483 513//482 511//480
f 511//480 515//484 514//483
f 511//480 516//485 515//484
f 517//486 516//485 511//480
f 511//480 518//487 517//486
f 511//480 519//488 518//487
f 519//488 520//489 518//487
f 519//488 521//490 520//489
f 522//491 521//490 519//488
f 519//488 523//492 522//491
f 519//488 524//493 523//492
f 525//494 524//493 519//488
s 0
f 519//495 526//495 525//495
s 1
f 527//496 526//497 519//488
f 529//498 527//496 519//488
f 528//499 527//496 529//498
f 529//498 519//488 530//500
f 530//500 519//488 532//501
f 530//500 532//501 531//502
f 535//503 532//501 519//488
f 495//468 532//501 535//503
f 495//468 534//504 532//501
f 531//502 532//501 533//505
f 533//505 532//501 534//504
f 535//503 519//488 511//480
f 511//480 500//472 535//503
f 535//503 494//469 495//468
f 535//503 500//472 494//469
f 533//505 534//504 536//506
f 490//464 489//463 534//504
f 536//506 534//504 489//463
f 490//464 534//504 495//468
f 536//506 489//463 537//507
f 537//507 489//463 483//458
f 537//507 483//458 484//459
f 511//480 503//474 500//472
s 0
f 538//152 492//152 497//152
f 539//152 540//152 538//152
f 538//152 540//152 492//152
s 1
f 486//460 540//508 541//509
s 0
f 539//152 541//152 540//152
s 1
f 492//466 540//508 486//460
s 0
f 542//152 541//152 539//152
f 542//152 543//152 541//152
s 1
f 486//460 541//509 543//510
f 487//461 543//510 544//511
s 0
f 545//152 544//152 543//152
f 545//152 543//152 542//152
s 1
f 486//460 543//510 487//461
s 0
f 546//152 544//152 545//152
f 547//152 548//152 546//152
f 546//152 548//152 544//152
s 1
f 551//512 548//513 549//514
s 0
f 547//152 549//152 548//152
s 1
f 550//515 548//513 551//512
f 550//515 544//511 548//513
f 551//512 549//514 468//442
f 481//455 550//515 551//512
f 469//443 551//512 468//442
f 481//455 551//512 469//443
f 487//461 544//511 550//515
f 480//456 487//461 550//515
f 480//456 550//515 481//455
s 0
f 552//152 549//152 547//152
f 552//152 553//152 549//152
s 1
f 468//442 549//514 553//516
f 466//441 553//516 554//517
s 0
f 555//152 554//152 553//152
f 555//152 553//152 552//152
s 1
f 468//442 553//516 466//441
s 0
f 556//152 554//152 555//152
f 557//152 558//152 556//152
f 556//152 558//152 554//152
s 1
f 460//434 558//518 559//519
s 0
f 557//152 559//152 558//152
s 1
f 554//517 558//518 460//434
s 0
f 560//152 559//152 557//152
f 560//152 561//152 559//152
s 1
f 460//434 559//519 561//520
f 364//338 561//520 362//336
s 0
f 562//152 362//152 561//152
f 562//152 561//152 560//152
s 1
f 460//434 561//520 364//338
s 0
f 361//152 362//152 562//152
s 1
f 462//436 554//517 460//434
f 466//441 554//517 462//436
f 469//443 471//445 481//455
f 366//339 452//426 454//428
f 366//339 454//428 365//337
f 368//341 452//426 366//339
f 368//341 373//346 452//426
f 370//345 342//321 371//343
f 359//333 357//332 370//345
f 357//332 356//521 370//345
f 370//345 356//521 342//321
f 356//521 351//522 563//523
f 356//521 563//523 342//321
f 342//321 563//523 343//322
f 563//523 349//524 343//322
f 351//522 352//525 563//523
f 563//523 352//525 349//524
f 343//322 349//524 345//323
f 262//240 339//318 260//237
f 330//309 336//314 333//312
f 280//259 326//305 276//255
f 285//263 326//305 280//259
f 320//297 323//302 321//300
f 319//299 286//264 288//266
f 289//267 319//299 288//266
f 277//256 265//243 267//245
f 273//252 267//245 268//246
f 235//221 211//209 241//226
f 235//221 241//226 237//222
f 233//220 211//209 235//221
f 214//210 211//209 233//220
f 218//213 219//215 163//159
f 219//215 164//161 163//159
f 218//213 163//159 564//526
f 218//213 209//205 208//206
f 564//526 209//205 218//213
f 564//526 163//159 171//168
f 564//526 565//527 209//205
f 566//528 565//527 564//526
f 564//526 171//168 566//528
f 565//527 566//528 567//529
f 568//530 567//529 566//528
f 566//528 171//168 568//530
f 568//530 171//168 170//167
f 568//530 170//167 181//176
f 181//176 567//529 568//530
f 199//196 567//529 196//193
f 181//176 196//193 567//529
f 565//527 567//529 199//196
f 565//527 202//198 209//205
f 199//196 202//198 565//527
f 180//178 196//193 181//176
f 569//531 187//183 185//181
f 569//531 570//532 187//183
f 571//533 570//532 569//531
f 571//533 569//531 572//534
f 571//533 572//534 573//535
f 573//535 574//536 575//537
f 573//535 572//534 574//536
f 574//536 576//538 575//537
f 575//537 576//538 577//539
f 577//539 576//538 578//540
f 578//540 576//538 579//541
f 579//541 576//538 580//542
f 579//541 580//542 581//543
f 581//543 580//542 583//544
f 581//543 583//544 582//545
f 584//546 583//544 105//105
f 585//547 583//544 584//546
f 105//105 583//544 586//548
f 582//545 583//544 585//547
f 116//115 583//544 580//542
f 586//548 583//544 116//115
f 586//548 116//115 110//110
f 105//105 586//548 110//110
f 584//546 105//105 587//549
f 587//549 104//104 588//550
f 587//549 105//105 104//104
f 588//550 104//104 589//551
f 92//93 589//551 104//104
f 92//93 590//552 589//551
f 91//92 590//552 92//93
f 116//115 580//542 118//117
f 118//117 580//542 576//538
f 118//117 576//538 574//536
f 572//534 124//123 574//536
f 574//536 124//123 118//117
f 130//129 124//123 572//534
f 572//534 569//531 185//181
f 572//534 185//181 186//182
f 177//173 572//534 186//182
f 130//129 572//534 177//173
f 178//174 186//182 183//179
f 177//173 186//182 178//174
f 169//165 181//176 170//167
f 133//132 130//129 177//173
f 132//131 133//132 173//171
s 0
f 591//152 153//152 154//152
f 591//152 592//152 153//152
f 593//152 592//152 591//152
f 593//152 594//152 592//152
f 595//152 594//152 593//152
f 596//152 595//152 593//152
f 597//152 598//152 596//152
f 596//152 598//152 595//152
s 1
f 598//553 602//554 599//555
f 599//555 595//556 598//553
s 0
f 597//152 600//152 598//152
s 1
f 600//557 601//558 598//553
f 598//553 601//558 602//554
f 604//559 602//554 601//558
f 603//560 602//554 604//559
f 603//560 599//555 602//554
f 604//559 601//558 608//561
f 603//560 604//559 605//562
f 606//563 605//562 604//559
f 606//563 604//559 607//564
f 607//564 604//559 608//561
f 607//564 608//561 600//557
f 600//557 608//561 601//558
f 610//565 607//564 600//557
f 607//564 609//566 606//563
f 611//567 609//566 607//564
f 611//568 607//564 610//565
f 613//152 612//569 611//570
f 612//569 609//571 611//570
f 614//152 611//570 610//152
f 613//152 611//570 614//152
s 0
f 614//152 610//152 615//152
f 615//152 600//152 597//152
f 615//152 610//152 600//152
s 1
f 616//152 612//569 613//152
f 616//152 617//572 612//569
s 0
f 618//573 617//574 616//573
f 617//572 618//573 619//573
f 620//152 619//152 621//152
f 617//574 619//573 620//573
f 620//152 621//152 622//152
f 622//152 621//152 623//152
f 622//152 623//152 624//152
f 624//152 623//152 625//152
f 624//152 625//152 626//152
f 626//152 625//152 627//152
f 628//152 627//152 629//152
f 626//152 627//152 628//152
f 628//152 629//152 630//152
f 630//152 629//152 631//152
f 630//152 631//152 632//152
f 632//152 631//152 633//152
f 632//573 633//573 634//573
f 634//152 633//152 635//152
f 636//152 635//152 637//152
f 634//152 635//152 636//152
f 636//152 637//152 638//152
f 638//152 637//152 639//152
f 638//152 639//152 640//152
f 640//152 639//152 641//152
f 640//152 641//152 642//152
f 642//152 641//152 643//152
f 644//152 643//152 645//152
f 642//152 643//152 644//152
f 644//152 645//152 646//152
f 646//152 645//152 647//152
f 646//152 647//152 648//152
f 648//152 647//152 649//152
f 648//152 649//152 650//152
f 650//152 649//152 651//152
f 651//152 653//152 652//152
f 650//152 651//152 652//152
f 652//152 653//152 654//152
f 652//152 654//152 655//152
f 655//152 654//152 656//152
f 655//573 656//573 657//573
s 1
f 657//575 658//576 655//577
f 655//577 658//576 659//578
f 659//578 660//579 652//580
f 655//577 659//578 652//580
f 661//581 660//579 659//578
f 661//581 662//582 663//583
f 663//583 660//579 661//581
f 663//583 662//582 666//584
f 664//585 665//586 663//583
f 672//587 664//585 663//583
f 663//583 665//586 660//579
f 663//583 666//584 667//588
f 667//588 668//589 663//583
f 663//583 668//589 669//590
f 663//583 669//590 670//591
f 671//592 663//583 670//591
f 672//587 663//583 671//592
f 672//587 673//593 674//594
f 682//595 673//593 672//587
f 672//587 674//594 681//596
f 681//596 664//585 672//587
f 672//587 680//597 675//598
f 675//598 677//599 672//587
f 672//587 678//600 676//601
f 672//587 676//601 682//595
f 672//587 677//599 678//600
f 671//592 679//602 672//587
f 672//587 679//602 680//597
f 682//595 683//603 673//593
f 681//596 674//594 686//604
f 681//596 685//605 664//585
f 684//606 685//605 681//596
f 681//596 686//604 684//606
f 684//606 686//604 687//607
f 684//606 687//607 688//608
f 688//608 687//607 689//609
f 688//608 689//609 691//610
f 691//610 689//609 690//611
f 691//610 694//612 688//608
f 691//610 690//611 692//613
f 692//613 693//614 691//610
f 691//610 693//614 694//612
f 694//612 695//615 697//616
f 694//612 696//617 695//615
f 688//608 694//612 697//616
f 693//614 696//617 694//612
f 688//608 697//616 684//606
f 697//616 695//615 698//618
f 697//616 698//618 685//605
f 684//606 697//616 685//605
f 646//619 698//618 695//615
f 648//620 698//618 646//619
f 648//620 699//621 698//618
f 685//605 698//618 699//621
f 650//622 699//621 648//620
f 664//585 699//621 665//586
f 650//622 665//586 699//621
f 685//605 699//621 664//585
f 642//623 695//615 696//617
f 693//614 700//624 696//617
f 640//625 696//617 700//624
f 642//623 696//617 640//625
f 701//626 700//624 693//614
f 701//626 702//627 700//624
f 638//628 700//624 702//627
f 640//625 700//624 638//628
f 636//629 702//627 704//630
f 638//628 702//627 636//629
f 703//631 702//627 701//626
f 703//631 704//630 702//627
f 636//629 704//630 634//632
f 704//630 630//633 632//634
f 705//635 630//633 704//630
f 706//636 705//635 704//630
f 706//636 704//630 703//631
f 704//630 632//634 634//632
f 707//637 706//636 708//638
f 707//637 709//639 706//636
f 708//638 706//636 703//631
f 709//639 705//635 706//636
f 710//640 709//639 707//637
f 710//640 712//641 709//639
f 709//639 711//642 705//635
f 712//641 711//642 709//639
f 715//643 712//641 710//640
f 713//644 714//645 712//641
f 715//643 713//644 712//641
f 712//641 714//645 711//642
f 710//640 716//646 715//643
f 715//643 716//646 717//647
f 715//643 717//647 718//648
f 718//648 713//644 715//643
f 718//648 717//647 720//649
f 718//648 719//650 713//644
f 721//651 719//650 718//648
f 718//648 720//649 721//651
f 721//651 720//649 723//652
f 721//651 722//653 719//650
f 724//654 722//653 721//651
f 721//651 723//652 724//654
f 724//654 723//652 726//655
f 725//656 727//657 724//654
f 724//654 726//655 725//656
f 724//654 727//657 722//653
f 725//656 728//658 727//657
f 728//658 731//659 727//657
f 727//657 729//660 730//661
f 731//659 729//660 727//657
f 727//657 730//661 722//653
f 731//659 728//658 732//662
f 733//663 731//659 732//662
f 734//664 729//660 731//659
f 734//664 731//659 733//663
f 733//663 735//665 734//664
f 606//563 729//660 734//664
f 734//664 605//562 606//563
f 734//664 735//665 605//562
f 733//663 736//666 735//665
f 736//666 737//667 735//665
f 738//668 735//665 737//667
f 739//669 605//562 735//665
f 739//669 735//665 738//668
f 739//669 740//670 743//671
f 739//669 741//672 740//670
f 742//673 741//672 739//669
f 739//669 738//668 742//673
f 743//671 605//562 739//669
f 743//671 740//670 745//674
f 743//671 603//560 605//562
f 744//675 603//560 743//671
f 743//671 745//674 744//675
f 140//139 744//675 745//674
f 140//139 745//674 746//676
f 746//676 745//674 740//670
f 746//676 740//670 747//677
f 747//677 748//678 746//676
f 749//679 746//676 748//678
f 138//137 746//676 749//679
f 138//137 140//139 746//676
f 749//679 137//136 138//137
f 750//680 749//679 748//678
f 750//680 127//127 749//679
f 127//127 137//136 749//679
f 751//681 750//680 748//678
f 753//682 750//680 751//681
f 752//683 127//127 750//680
f 753//682 752//683 750//680
f 754//684 753//682 758//685
f 754//684 755//686 753//682
f 753//682 755//686 756//687
f 753//682 756//687 757//688
f 757//688 752//683 753//682
f 758//685 753//682 751//681
f 758//685 751//681 759//689
f 759//689 760//690 758//685
f 759//689 761//691 760//690
f 762//692 761//691 759//689
f 762//692 763//693 761//691
f 737//667 763//693 762//692
f 737//667 764//694 763//693
f 765//695 764//694 737//667
f 736//666 765//695 737//667
f 736//666 766//696 765//695
f 768//697 767//698 766//696
f 768//697 766//696 736//666
f 733//663 732//662 768//697
f 732//662 767//698 768//697
f 768//697 736//666 733//663
f 767//698 769//699 770//700
f 732//662 769//699 767//698
f 725//656 771//701 770//700
f 770//700 769//699 725//656
f 725//656 726//655 771//701
f 769//699 728//658 725//656
f 728//658 769//699 732//662
f 737//667 762//692 738//668
f 738//668 762//692 759//689
f 738//668 759//689 742//673
f 759//689 747//677 742//673
f 751//681 748//678 759//689
f 759//689 748//678 747//677
f 772//702 773//703 757//688
f 757//688 773//703 752//683
f 772//702 121//120 773//703
f 773//703 121//120 122//121
f 773//703 122//121 752//683
f 774//704 121//120 772//702
f 774//704 775//705 121//120
f 776//706 775//705 774//704
f 121//120 775//705 114//112
f 775//705 777//707 111//111
f 111//111 114//112 775//705
f 752//683 122//121 127//127
f 747//677 740//670 741//672
f 747//677 741//672 742//673
f 744//675 599//555 603//560
f 778//708 599//555 744//675
f 140//139 143//143 744//675
f 143//143 778//708 744//675
f 778//708 779//709 599//555
f 150//149 779//709 778//708
f 143//143 150//149 778//708
f 779//709 592//710 594//711
f 779//709 594//711 599//555
f 150//149 153//153 779//709
f 779//709 153//153 592//710
f 620//712 730//661 729//660
f 622//713 730//661 620//712
f 722//653 730//661 780//714
f 622//713 780//714 730//661
f 719//650 780//714 781//715
f 624//716 781//715 780//714
f 722//653 780//714 719//650
f 624//716 780//714 622//713
f 719//650 781//715 713//644
f 713//644 781//715 714//645
f 626//717 781//715 624//716
f 626//717 714//645 781//715
f 620//712 729//660 617//718
f 782//719 617//718 729//660
f 782//719 729//660 609//566
f 606//563 609//566 729//660
f 617//572 782//720 612//721
s 0
f 612//722 782//722 609//722
s 1
f 710//640 783//723 716//646
f 710//640 784//724 783//723
f 707//637 785//725 784//724
f 707//637 784//724 710//640
f 707//637 786//726 785//725
f 708//638 786//726 707//637
f 708//638 787//727 786//726
f 789//728 788//729 787//727
f 789//728 787//727 708//638
f 789//728 701//626 692//613
f 692//613 788//729 789//728
f 789//728 703//631 701//626
f 708//638 703//631 789//728
f 692//613 690//611 788//729
f 628//730 714//645 626//717
f 630//633 714//645 628//730
f 630//633 711//642 714//645
f 705//635 711//642 630//633
f 692//613 701//626 693//614
f 644//731 695//615 642//623
f 646//619 695//615 644//731
f 652//580 665//586 650//622
f 652//580 660//579 665//586
f 599//555 594//711 595//556
f 126//126 137//136 127//127
f 118//117 124//123 125//125
f 118//117 125//125 119//118
f 113//114 121//120 114//112
f 108//107 112//113 106//103
f 98//97 92//93 104//104
f 790//732 85//84 89//88
f 790//732 791//733 85//84
f 85//84 791//733 83//82
f 83//82 791//733 792//734
f 83//82 792//734 793//735
f 83//82 793//735 78//78
f 41//41 46//45 794//736
f 41//41 794//736 42//42
s 0
f 795//737 796//737 797//737
f 797//737 796//737 798//737
f 797//737 798//737 799//737
f 799//737 798//737 800//737
f 799//737 800//737 801//737
f 801//737 800//737 802//737
f 801//737 802//737 803//737
f 803//737 802//737 804//737
f 803//737 804//737 805//737
f 805//737 804//737 806//737
f 805//737 806//737 807//737
f 807//737 806//737 808//737
f 807//737 808//737 809//737
f 809//737 808//737 810//737
f 809//737 810//737 811//737
f 811//737 810//737 812//737
f 811//737 812//737 813//737
f 813//737 812//737 814//737
f 813//737 814//737 815//737
f 815//737 814//737 816//737
f 815//737 816//737 817//737
f 817//737 816//737 818//737
f 817//737 818//737 819//737
f 819//737 818//737 820//737
f 819//737 820//737 821//737
f 821//737 820//737 822//737
f 821//737 822//737 823//737
f 823//737 822//737 824//737
f 823//737 824//737 825//737
f 825//737 824//737 826//737
f 825//737 826//737 827//737
f 827//737 826//737 828//737
f 827//737 828//737 829//737
f 829//737 828//737 830//737
f 829//737 830//737 831//737
f 831//737 830//737 832//737
f 831//737 832//737 833//737
f 833//737 832//737 834//737
f 833//737 834//737 835//737
f 835//737 834//737 836//737
f 835//737 836//737 837//737
f 837//737 836//737 838//737
f 837//737 838//737 839//737
f 839//737 838//737 840//737
f 839//737 840//737 841//737
f 841//737 840//737 842//737
f 841//737 842//737 843//737
f 843//737 842//737 844//737
f 843//737 844//737 845//737
f 845//737 844//737 846//737
f 845//737 846//737 847//737
f 847//737 846//737 848//737
f 847//737 848//737 849//737
f 849//737 848//737 850//737
f 849//737 850//737 851//737
f 851//737 850//737 852//737
f 851//737 852//737 853//737
f 853//737 852//737 854//737
f 853//737 854//737 855//737
f 855//737 854//737 856//737
s 1
f 857//738 858//738 859//739
f 859//739 858//738 860//740
f 859//739 860//740 861//741
f 861//741 860//740 862//742
f 861//741 862//742 863//743
f 863//743 862//742 864//744
f 863//743 864//744 865//745
f 865//745 864//744 866//746
f 865//745 866//746 867//747
f 867//747 866//746 868//748
f 867//747 868//748 869//749
f 869//749 868//748 870//750
f 869//749 870//750 871//751
f 871//751 870//750 872//752
f 871//751 872//752 873//753
f 873//753 872//752 874//753
s 0
f 875//737 876//737 877//737
f 875//737 877//737 878//737
f 879//737 880//737 881//737
f 882//737 883//737 884//737
f 884//737 883//737 885//737
f 886//737 887//737 888//737
f 877//737 889//737 878//737
f 878//737 889//737 890//737
f 878//737 890//737 891//737
f 891//737 890//737 892//737
f 891//737 892//737 893//737
f 876//737 875//737 894//737
f 894//737 875//737 895//737
f 894//737 895//737 896//737
f 884//737 897//737 882//737
f 882//737 897//737 898//737
f 882//737 898//737 880//737
f 880//737 898//737 899//737
f 880//737 899//737 881//737
f 885//737 883//737 900//737
f 900//737 883//737 901//737
f 900//737 901//737 902//737
f 902//737 901//737 903//737
f 902//737 903//737 904//737
f 892//737 905//737 893//737
f 893//737 905//737 906//737
f 893//737 906//737 887//737
f 887//737 906//737 907//737
f 887//737 907//737 888//737
f 796//737 795//737 908//737
f 888//737 909//737 886//737
f 886//737 909//737 910//737
f 886//737 910//737 911//737
f 911//737 910//737 912//737
f 911//737 912//737 908//737
f 908//737 912//737 913//737
f 908//737 913//737 796//737
f 881//737 914//737 879//737
f 879//737 914//737 915//737
f 879//737 915//737 916//737
f 855//737 856//737 917//737
f 917//737 856//737 918//737
f 917//737 918//737 919//737
f 919//737 918//737 920//737
f 919//737 920//737 921//737
f 921//737 920//737 904//737
f 921//737 904//737 922//737
f 922//737 904//737 903//737
f 923//737 924//737 925//737
f 896//737 895//737 926//737
f 926//737 895//737 927//737
f 926//737 927//737 928//737
f 928//737 927//737 929//737
f 928//737 929//737 930//737
f 930//737 929//737 931//737
f 930//737 931//737 932//737
f 932//737 931//737 933//737
f 932//737 933//737 934//737
f 915//737 935//737 916//737
f 916//737 935//737 936//737
f 916//737 936//737 937//737
f 937//737 936//737 938//737
f 937//737 938//737 924//737
f 924//737 938//737 939//737
f 924//737 939//737 925//737
f 933//737 940//737 934//737
f 934//737 940//737 941//737
f 934//737 941//737 942//737
f 942//737 941//737 923//737
f 942//737 923//737 943//737
f 943//737 923//737 925//737
s 1
f 944//754 945//755 946//756
f 944//754 946//756 947//757
f 945//755 944//754 948//758
f 948//758 944//754 949//759
f 948//758 949//759 950//760
f 951//761 952//762 953//763
f 953//763 952//762 954//764
f 953//763 954//764 949//759
f 949//759 954//764 955//765
f 949//759 955//765 950//760
f 956//766 957//767 958//768
f 958//768 957//767 959//769
f 956//766 958//768 960//770
f 960//770 958//768 961//771
f 960//770 961//771 962//772
f 962//772 961//771 963//773
f 962//772 963//773 964//774
f 964//774 963//773 965//775
f 964//774 965//775 966//776
f 966//776 965//775 967//777
f 966//776 967//777 968//778
f 968//778 967//777 969//779
f 969//779 967//777 970//780
f 969//779 970//780 971//781
f 953//763 972//782 951//761
f 951//761 972//782 973//783
f 951//761 973//783 974//784
f 974//784 973//783 975//785
f 974//784 975//785 976//786
f 976//786 975//785 977//787
f 976//786 977//787 978//788
f 978//788 977//787 971//781
f 978//788 971//781 979//789
f 979//789 971//781 970//780
f 957//767 980//790 959//769
f 959//769 980//790 981//791
f 959//769 981//791 982//792
f 982//792 981//791 983//793
f 982//792 983//793 984//794
f 984//794 983//793 985//795
f 984//794 985//795 986//796
f 986//796 985//795 987//797
f 986//796 987//797 988//798
f 988//798 987//797 947//757
f 988//798 947//757 989//799
f 989//799 947//757 946//756
f 990//800 991//801 992//802
f 992//802 991//801 993//803
f 994//804 995//805 993//803
f 993//803 995//805 996//806
f 993//803 996//806 992//802
f 997//807 998//808 999//809
f 997//807 999//809 1000//810
f 1000//810 999//809 1001//811
f 1000//810 1001//811 1002//812
f 1002//812 1001//811 1003//813
f 1002//812 1003//813 1004//814
f 1004//814 1003//813 1005//815
f 1005//815 1003//813 1006//816
f 1005//815 1006//816 1007//817
f 1007//817 1006//816 1008//818
f 1007//817 1008//818 1009//819
f 1009//819 1008//818 1010//820
f 1009//819 1010//820 1011//821
f 1011//821 1010//820 1012//822
f 1011//821 1012//822 1013//823
f 1013//823 1012//822 1014//824
f 1013//823 1014//824 1015//825
f 1015//825 1014//824 1016//826
f 1015//825 1016//826 1017//827
f 1017//827 1016//826 1018//828
f 1018//828 1016//826 1019//829
f 1018//828 1019//829 1020//830
f 1020//830 1019//829 1021//831
f 1020//830 1021//831 1022//832
f 1022//832 1021//831 1023//833
f 1022//832 1023//833 1024//834
f 1024//834 1023//833 1025//835
f 1024//834 1025//835 1026//836
f 1026//836 1025//835 1027//837
f 1026//836 1027//837 1028//838
f 1028//838 1027//837 1029//839
f 1028//838 1029//839 1030//840
f 1030//840 1029//839 1031//841
f 1030//840 1031//841 990//800
f 990//800 1031//841 1032//842
f 990//800 1032//842 991//801
f 998//808 997//807 1033//843
f 1033//843 997//807 1034//844
f 1033//843 1034//844 1035//845
f 1035//845 1034//844 1036//846
f 1035//845 1036//846 994//804
f 994//804 1036//846 1037//847
f 994//804 1037//847 995//805
f 873//753 874//753 1038//848
f 1038//848 874//753 1039//849
f 1038//848 1039//849 1040//850
f 1040//850 1039//849 1041//851
f 1040//850 1041//851 1042//852
f 1042//852 1041//851 1043//853
f 1042//852 1043//853 1044//854
f 1044//854 1043//853 1045//855
f 1044//854 1045//855 1046//856
f 1046//856 1045//855 1047//857
f 1046//856 1047//857 1048//858
f 1048//858 1047//857 1049//859
f 1048//858 1049//859 1050//860
f 1050//860 1049//859 1051//861
f 1050//860 1051//861 857//738
f 857//738 1051//861 858//738
f 1052//862 1053//573 1054//863
f 1055//864 1053//573 1056//865
f 1057//866 1053//573 1058//867
f 1059//868 1053//573 1060//869
f 1061//870 1053//573 1062//871
f 1063//872 1053//573 1064//873
f 1065//874 1053//573 1066//875
f 1067//876 1053//573 1068//877
f 1069//878 1053//573 1067//876
f 1070//879 1068//877 1053//573
f 1071//880 1053//573 1072//881
f 1071//880 1070//879 1053//573
f 1055//864 1072//881 1053//573
f 1073//882 1053//573 1074//883
f 1073//882 1056//865 1053//573
f 1057//866 1074//883 1053//573
f 1075//884 1053//573 1076//885
f 1075//884 1058//867 1053//573
f 1059//868 1076//885 1053//573
f 1077//886 1053//573 1078//887
f 1077//886 1060//869 1053//573
f 1061//870 1078//887 1053//573
f 1063//872 1062//871 1053//573
f 1065//874 1064//873 1053//573
f 1079//888 1053//573 1080//889
f 1079//888 1066//875 1053//573
f 870//890 1081//891 872//892
f 874//893 872//892 1082//894
f 1082//894 872//892 1083//895
f 1082//894 1083//895 1084//896
f 1085//897 1086//898 1087//899
f 1087//899 1086//898 1088//900
f 1087//899 1088//900 1089//901
f 1090//902 1091//903 1092//904
f 1092//904 1091//903 1085//897
f 1093//905 1094//906 1095//907
f 1095//907 1094//906 1096//908
f 1097//909 1098//910 1093//905
f 1053//573 1099//911 1080//889
f 1080//889 1099//911 1100//912
f 1080//889 1100//912 1101//913
f 1102//914 1103//915 1104//916
f 1105//917 1106//918 1107//919
f 1081//891 870//890 1108//920
f 1108//920 870//890 868//921
f 1108//920 868//921 866//922
f 860//923 1109//924 862//925
f 862//925 1109//924 1110//926
f 862//925 1110//926 864//927
f 1009//928 1011//929 1111//930
f 1111//930 1011//929 1013//931
f 1013//931 1015//932 1111//930
f 1111//930 1015//932 1017//933
f 1111//930 1017//933 1018//934
f 1024//935 1112//936 1022//937
f 1022//937 1112//936 1020//938
f 1113//939 1007//940 1114//941
f 1114//941 1007//940 1009//928
f 1115//942 1004//943 1113//939
f 1113//939 1004//943 1005//944
f 1113//939 1005//944 1007//940
f 1036//945 1034//946 1116//947
f 1117//948 992//949 996//950
f 996//950 995//951 1117//948
f 1117//948 995//951 1037//952
f 1117//948 1037//952 1036//945
f 1034//946 997//953 1116//947
f 1116//947 997//953 1000//954
f 1116//947 1000//954 1002//955
f 990//956 1118//957 1030//958
f 1030//958 1118//957 1119//959
f 1030//958 1119//959 1028//960
f 1028//960 1119//959 1120//961
f 1028//960 1120//961 1026//962
f 1009//928 1111//930 1114//941
f 1114//941 1111//930 1121//963
f 1114//941 1121//963 1122//964
f 1122//964 1121//963 1123//965
f 1122//964 1123//965 1124//966
f 1124//966 1123//965 1125//967
f 1124//966 1125//967 1126//968
f 1126//968 1125//967 1127//969
f 1126//968 1127//969 1128//970
f 1128//970 1127//969 1129//971
f 1128//970 1129//971 1130//972
f 1130//972 1129//971 1131//973
f 1130//972 1131//973 1132//974
f 1132//974 1131//973 1133//975
f 1132//974 1133//975 1134//976
f 1134//976 1133//975 1135//977
f 1134//976 1135//977 1136//978
f 1136//978 1135//977 1137//979
f 1136//978 1137//979 1138//980
f 1138//980 1137//979 1139//981
f 1138//980 1139//981 1140//982
f 1140//982 1139//981 1141//983
f 1140//982 1141//983 1142//984
f 1142//984 1141//983 1143//985
f 1142//984 1143//985 1144//986
f 1144//986 1143//985 1087//899
f 1144//986 1087//899 1145//987
f 1145//987 1087//899 1089//901
f 1145//987 1089//901 1146//988
f 1085//897 1147//989 1092//904
f 1092//904 1147//989 1148//990
f 1092//904 1148//990 1149//991
f 1149//991 1148//990 1150//992
f 1149//991 1150//992 1151//993
f 1151//993 1150//992 1152//994
f 1151//993 1152//994 1153//995
f 1153//995 1152//994 1154//996
f 1153//995 1154//996 1155//997
f 1155//997 1154//996 1156//998
f 1155//997 1156//998 1157//999
f 1157//999 1156//998 1158//1000
f 1157//999 1158//1000 1159//1001
f 1159//1001 1158//1000 1160//1002
f 1159//1001 1160//1002 1161//1003
f 1161//1003 1160//1002 1162//1004
f 1161//1003 1162//1004 1163//1005
f 1163//1005 1162//1004 1164//1006
f 1163//1005 1164//1006 1165//1007
f 1165//1007 1164//1006 1166//1008
f 1165//1007 1166//1008 1167//1009
f 1167//1009 1166//1008 1168//1010
f 1167//1009 1168//1010 1169//1011
f 1169//1011 1168//1010 1170//1012
f 1169//1011 1170//1012 1171//1013
f 1171//1013 1170//1012 1112//936
f 1171//1013 1112//936 1120//961
f 1120//961 1112//936 1024//935
f 1120//961 1024//935 1026//962
f 1085//897 1087//899 1147//989
f 1147//989 1087//899 1143//985
f 1147//989 1143//985 1148//990
f 1148//990 1143//985 1141//983
f 1148//990 1141//983 1150//992
f 1150//992 1141//983 1139//981
f 1150//992 1139//981 1152//994
f 1152//994 1139//981 1137//979
f 1152//994 1137//979 1154//996
f 1154//996 1137//979 1135//977
f 1154//996 1135//977 1156//998
f 1156//998 1135//977 1133//975
f 1156//998 1133//975 1158//1000
f 1158//1000 1133//975 1131//973
f 1158//1000 1131//973 1160//1002
f 1160//1002 1131//973 1129//971
f 1160//1002 1129//971 1162//1004
f 1162//1004 1129//971 1127//969
f 1162//1004 1127//969 1164//1006
f 1164//1006 1127//969 1125//967
f 1164//1006 1125//967 1166//1008
f 1166//1008 1125//967 1123//965
f 1166//1008 1123//965 1168//1010
f 1168//1010 1123//965 1121//963
f 1168//1010 1121//963 1170//1012
f 1170//1012 1121//963 1111//930
f 1170//1012 1111//930 1112//936
f 1112//936 1111//930 1018//934
f 1112//936 1018//934 1020//938
f 872//892 1081//891 1083//895
f 1083//895 1081//891 1108//920
f 1083//895 1108//920 1172//1014
f 1172//1014 1108//920 1173//1015
f 1172//1014 1173//1015 1174//1016
f 1174//1016 1173//1015 1175//1017
f 1174//1016 1175//1017 1176//1018
f 1176//1018 1175//1017 1177//1019
f 1176//1018 1177//1019 1178//1020
f 1178//1020 1177//1019 1179//1021
f 1178//1020 1179//1021 1180//1022
f 1180//1022 1179//1021 1181//1023
f 1180//1022 1181//1023 1182//1024
f 1182//1024 1181//1023 1183//1025
f 1182//1024 1183//1025 1184//1026
f 1184//1026 1183//1025 1185//1027
f 1184//1026 1185//1027 1186//1028
f 1186//1028 1185//1027 1187//1029
f 1186//1028 1187//1029 1188//1030
f 1188//1030 1187//1029 1189//1031
f 1188//1030 1189//1031 1190//1032
f 1190//1032 1189//1031 1191//1033
f 1190//1032 1191//1033 1192//1034
f 1192//1034 1191//1033 1193//1035
f 1192//1034 1193//1035 1194//1036
f 1194//1036 1193//1035 1116//947
f 1194//1036 1116//947 1115//942
f 1115//942 1116//947 1002//955
f 1115//942 1002//955 1004//943
f 858//1037 1106//918 860//923
f 860//923 1106//918 1105//917
f 860//923 1105//917 1109//924
f 1109//924 1105//917 1195//1038
f 1109//924 1195//1038 1110//926
f 1110//926 1195//1038 1196//1039
f 1110//926 1196//1039 1197//1040
f 1197//1040 1196//1039 1198//1041
f 1197//1040 1198//1041 1199//1042
f 1199//1042 1198//1041 1200//1043
f 1199//1042 1200//1043 1201//1044
f 1201//1044 1200//1043 1202//1045
f 1201//1044 1202//1045 1203//1046
f 1203//1046 1202//1045 1204//1047
f 1203//1046 1204//1047 1205//1048
f 1205//1048 1204//1047 1206//1049
f 1205//1048 1206//1049 1207//1050
f 1207//1050 1206//1049 1208//1051
f 1207//1050 1208//1051 1209//1052
f 1209//1052 1208//1051 1210//1053
f 1209//1052 1210//1053 1211//1054
f 1211//1054 1210//1053 1212//1055
f 1211//1054 1212//1055 1213//1056
f 1213//1056 1212//1055 1214//1057
f 1213//1056 1214//1057 1215//1058
f 1215//1058 1214//1057 1216//1059
f 1215//1058 1216//1059 1217//1060
f 1217//1060 1216//1059 1118//957
f 1217//1060 1118//957 1117//948
f 1117//948 1118//957 990//956
f 1117//948 990//956 992//949
f 1036//945 1116//947 1117//948
f 1117//948 1116//947 1193//1035
f 1117//948 1193//1035 1217//1060
f 1217//1060 1193//1035 1191//1033
f 1217//1060 1191//1033 1215//1058
f 1215//1058 1191//1033 1189//1031
f 1215//1058 1189//1031 1213//1056
f 1213//1056 1189//1031 1187//1029
f 1213//1056 1187//1029 1211//1054
f 1211//1054 1187//1029 1185//1027
f 1211//1054 1185//1027 1209//1052
f 1209//1052 1185//1027 1183//1025
f 1209//1052 1183//1025 1207//1050
f 1207//1050 1183//1025 1181//1023
f 1207//1050 1181//1023 1205//1048
f 1205//1048 1181//1023 1179//1021
f 1205//1048 1179//1021 1203//1046
f 1203//1046 1179//1021 1177//1019
f 1203//1046 1177//1019 1201//1044
f 1201//1044 1177//1019 1175//1017
f 1201//1044 1175//1017 1199//1042
f 1199//1042 1175//1017 1173//1015
f 1199//1042 1173//1015 1197//1040
f 1197//1040 1173//1015 1108//920
f 1197//1040 1108//920 1110//926
f 1110//926 1108//920 866//922
f 1110//926 866//922 864//927
f 1218//1061 1102//914 1219//1062
f 1220//1063 1221//1064 1052//862
f 1052//862 1221//1064 1053//573
f 1222//1065 1053//573 1221//1064
f 1069//878 1054//863 1053//573
f 1218//1061 1219//1062 1223//1066
f 1223//1066 1219//1062 1224//1067
f 1223//1066 1224//1067 1225//1068
f 1225//1068 1224//1067 1226//1069
f 1225//1068 1226//1069 1227//1070
f 1227//1070 1226//1069 1228//1071
f 1227//1070 1228//1071 1229//1072
f 1229//1072 1228//1071 1230//1073
f 1229//1072 1230//1073 1231//1074
f 1231//1074 1230//1073 1232//1075
f 1231//1074 1232//1075 1233//1076
f 1233//1076 1232//1075 1234//1077
f 1233//1076 1234//1077 1235//1078
f 1235//1078 1234//1077 1236//1079
f 1235//1078 1236//1079 1237//1080
f 1237//1080 1236//1079 1238//1081
f 1237//1080 1238//1081 1239//1082
f 1239//1082 1238//1081 1240//1083
f 1239//1082 1240//1083 1241//1084
f 1241//1084 1240//1083 1242//1085
f 1241//1084 1242//1085 1243//1086
f 1243//1086 1242//1085 1244//1087
f 1243//1086 1244//1087 1245//1088
f 1245//1088 1244//1087 1246//1089
f 1245//1088 1246//1089 1247//1090
f 1247//1090 1246//1089 1248//1091
f 1247//1090 1248//1091 1249//1092
f 1249//1092 1248//1091 1250//1093
f 1249//1092 1250//1093 1251//1094
f 1251//1094 1250//1093 1252//1095
f 1251//1094 1252//1095 1253//1096
f 1253//1096 1252//1095 1254//1097
f 1253//1096 1254//1097 1255//1098
f 1255//1098 1254//1097 1256//1099
f 1255//1098 1256//1099 1257//1100
f 1257//1100 1256//1099 1258//1101
f 1257//1100 1258//1101 1259//1102
f 1259//1102 1258//1101 1260//1103
f 1259//1102 1260//1103 1261//1104
f 1261//1104 1260//1103 1262//1105
f 1261//1104 1262//1105 1263//1106
f 1263//1106 1262//1105 1264//1107
f 1263//1106 1264//1107 1265//1108
f 1265//1108 1264//1107 1266//1109
f 1265//1108 1266//1109 1267//1110
f 1267//1110 1266//1109 1268//1111
f 1267//1110 1268//1111 1269//1112
f 1269//1112 1268//1111 1270//1113
f 1269//1112 1270//1113 1271//1114
f 1271//1114 1270//1113 1272//1115
f 1271//1114 1272//1115 1273//1116
f 1273//1116 1272//1115 1274//1117
f 1273//1116 1274//1117 1275//1118
f 1275//1118 1274//1117 1095//907
f 1275//1118 1095//907 1276//1119
f 1276//1119 1095//907 1096//908
f 1276//1119 1096//908 1090//902
f 1220//1063 1052//862 1277//1120
f 1277//1120 1052//862 1054//863
f 1277//1120 1054//863 1278//1121
f 1278//1121 1054//863 1069//878
f 1278//1121 1069//878 1279//1122
f 1279//1122 1069//878 1067//876
f 1279//1122 1067//876 1280//1123
f 1280//1123 1067//876 1068//877
f 1280//1123 1068//877 1281//1124
f 1281//1124 1068//877 1070//879
f 1281//1124 1070//879 1282//1125
f 1282//1125 1070//879 1071//880
f 1282//1125 1071//880 1283//1126
f 1283//1126 1071//880 1072//881
f 1283//1126 1072//881 1284//1127
f 1284//1127 1072//881 1055//864
f 1284//1127 1055//864 1285//1128
f 1285//1128 1055//864 1056//865
f 1285//1128 1056//865 1286//1129
f 1286//1129 1056//865 1073//882
f 1286//1129 1073//882 1287//1130
f 1287//1130 1073//882 1074//883
f 1287//1130 1074//883 1288//1131
f 1288//1131 1074//883 1057//866
f 1288//1131 1057//866 1289//1132
f 1289//1132 1057//866 1058//867
f 1289//1132 1058//867 1290//1133
f 1290//1133 1058//867 1075//884
f 1290//1133 1075//884 1291//1134
f 1291//1134 1075//884 1076//885
f 1291//1134 1076//885 1292//1135
f 1292//1135 1076//885 1059//868
f 1292//1135 1059//868 1293//1136
f 1293//1136 1059//868 1060//869
f 1293//1136 1060//869 1294//1137
f 1294//1137 1060//869 1077//886
f 1294//1137 1077//886 1295//1138
f 1295//1138 1077//886 1078//887
f 1295//1138 1078//887 1296//1139
f 1296//1139 1078//887 1061//870
f 1296//1139 1061//870 1297//1140
f 1297//1140 1061//870 1062//871
f 1297//1140 1062//871 1298//1141
f 1298//1141 1062//871 1063//872
f 1298//1141 1063//872 1299//1142
f 1299//1142 1063//872 1064//873
f 1299//1142 1064//873 1300//1143
f 1300//1143 1064//873 1065//874
f 1300//1143 1065//874 1301//1144
f 1301//1144 1065//874 1066//875
f 1301//1144 1066//875 1302//1145
f 1302//1145 1066//875 1079//888
f 1302//1145 1079//888 1303//1146
f 1303//1146 1079//888 1080//889
f 1303//1146 1080//889 1097//909
f 1097//909 1080//889 1101//913
f 1097//909 1101//913 1098//910
f 1093//905 1095//907 1097//909
f 1097//909 1095//907 1274//1117
f 1097//909 1274//1117 1303//1146
f 1303//1146 1274//1117 1272//1115
f 1303//1146 1272//1115 1302//1145
f 1302//1145 1272//1115 1270//1113
f 1302//1145 1270//1113 1301//1144
f 1301//1144 1270//1113 1268//1111
f 1301//1144 1268//1111 1300//1143
f 1300//1143 1268//1111 1266//1109
f 1300//1143 1266//1109 1299//1142
f 1299//1142 1266//1109 1264//1107
f 1299//1142 1264//1107 1298//1141
f 1298//1141 1264//1107 1262//1105
f 1298//1141 1262//1105 1297//1140
f 1297//1140 1262//1105 1260//1103
f 1297//1140 1260//1103 1296//1139
f 1296//1139 1260//1103 1258//1101
f 1296//1139 1258//1101 1295//1138
f 1295//1138 1258//1101 1256//1099
f 1295//1138 1256//1099 1294//1137
f 1294//1137 1256//1099 1254//1097
f 1294//1137 1254//1097 1293//1136
f 1293//1136 1254//1097 1252//1095
f 1293//1136 1252//1095 1292//1135
f 1292//1135 1252//1095 1250//1093
f 1292//1135 1250//1093 1291//1134
f 1291//1134 1250//1093 1248//1091
f 1291//1134 1248//1091 1290//1133
f 1290//1133 1248//1091 1246//1089
f 1290//1133 1246//1089 1289//1132
f 1289//1132 1246//1089 1244//1087
f 1289//1132 1244//1087 1288//1131
f 1288//1131 1244//1087 1242//1085
f 1288//1131 1242//1085 1287//1130
f 1287//1130 1242//1085 1240//1083
f 1287//1130 1240//1083 1286//1129
f 1286//1129 1240//1083 1238//1081
f 1286//1129 1238//1081 1285//1128
f 1285//1128 1238//1081 1236//1079
f 1285//1128 1236//1079 1284//1127
f 1284//1127 1236//1079 1234//1077
f 1284//1127 1234//1077 1283//1126
f 1283//1126 1234//1077 1232//1075
f 1283//1126 1232//1075 1282//1125
f 1282//1125 1232//1075 1230//1073
f 1282//1125 1230//1073 1281//1124
f 1281//1124 1230//1073 1228//1071
f 1281//1124 1228//1071 1280//1123
f 1280//1123 1228//1071 1226//1069
f 1280//1123 1226//1069 1279//1122
f 1279//1122 1226//1069 1224//1067
f 1279//1122 1224//1067 1278//1121
f 1278//1121 1224//1067 1219//1062
f 1278//1121 1219//1062 1277//1120
f 1277//1120 1219//1062 1102//914
f 1277//1120 1102//914 1220//1063
f 1220//1063 1102//914 1104//916
f 1220//1063 1104//916 1221//1064
f 1221//1064 1104//916 1304//1147
f 1221//1064 1304//1147 1222//1065
f 1090//902 1092//904 1276//1119
f 1276//1119 1092//904 1149//991
f 1276//1119 1149//991 1275//1118
f 1275//1118 1149//991 1151//993
f 1275//1118 1151//993 1273//1116
f 1273//1116 1151//993 1153//995
f 1273//1116 1153//995 1271//1114
f 1271//1114 1153//995 1155//997
f 1271//1114 1155//997 1269//1112
f 1269//1112 1155//997 1157//999
f 1269//1112 1157//999 1267//1110
f 1267//1110 1157//999 1159//1001
f 1267//1110 1159//1001 1265//1108
f 1265//1108 1159//1001 1161//1003
f 1265//1108 1161//1003 1263//1106
f 1263//1106 1161//1003 1163//1005
f 1263//1106 1163//1005 1261//1104
f 1261//1104 1163//1005 1165//1007
f 1261//1104 1165//1007 1259//1102
f 1259//1102 1165//1007 1167//1009
f 1259//1102 1167//1009 1257//1100
f 1257//1100 1167//1009 1169//1011
f 1257//1100 1169//1011 1255//1098
f 1255//1098 1169//1011 1171//1013
f 1255//1098 1171//1013 1253//1096
f 1253//1096 1171//1013 1120//961
f 1253//1096 1120//961 1251//1094
f 1251//1094 1120//961 1119//959
f 1251//1094 1119//959 1249//1092
f 1249//1092 1119//959 1118//957
f 1249//1092 1118//957 1247//1090
f 1247//1090 1118//957 1216//1059
f 1247//1090 1216//1059 1245//1088
f 1245//1088 1216//1059 1214//1057
f 1245//1088 1214//1057 1243//1086
f 1243//1086 1214//1057 1212//1055
f 1243//1086 1212//1055 1241//1084
f 1241//1084 1212//1055 1210//1053
f 1241//1084 1210//1053 1239//1082
f 1239//1082 1210//1053 1208//1051
f 1239//1082 1208//1051 1237//1080
f 1237//1080 1208//1051 1206//1049
f 1237//1080 1206//1049 1235//1078
f 1235//1078 1206//1049 1204//1047
f 1235//1078 1204//1047 1233//1076
f 1233//1076 1204//1047 1202//1045
f 1233//1076 1202//1045 1231//1074
f 1231//1074 1202//1045 1200//1043
f 1231//1074 1200//1043 1229//1072
f 1229//1072 1200//1043 1198//1041
f 1229//1072 1198//1041 1227//1070
f 1227//1070 1198//1041 1196//1039
f 1227//1070 1196//1039 1225//1068
f 1225//1068 1196//1039 1195//1038
f 1225//1068 1195//1038 1223//1066
f 1223//1066 1195//1038 1105//917
f 1223//1066 1105//917 1218//1061
f 1218//1061 1105//917 1107//919
f 1218//1061 1107//919 1102//914
f 1102//914 1107//919 1305//1148
f 1102//914 1305//1148 1103//915
f 1306//1149 1053//573 1307//1150
f 1308//1151 1053//573 1309//1152
f 1310//1153 1053//573 1308//1151
f 1311//1154 1309//1152 1053//573
f 1312//1155 1053//573 1313//1156
f 1314//1157 1053//573 1312//1155
f 1315//1158 1313//1156 1053//573
f 1310//1153 1315//1158 1053//573
f 1316//1159 1053//573 1317//1160
f 1318//1161 1053//573 1316//1159
f 1319//1162 1317//1160 1053//573
f 1314//1157 1319//1162 1053//573
f 1320//1163 1053//573 1321//1164
f 1322//1165 1053//573 1320//1163
f 1323//1166 1321//1164 1053//573
f 1318//1161 1323//1166 1053//573
f 1324//1167 1053//573 1325//1168
f 1326//1169 1053//573 1324//1167
f 1327//1170 1325//1168 1053//573
f 1322//1165 1327//1170 1053//573
f 1328//1171 1053//573 1329//1172
f 1330//1173 1053//573 1328//1171
f 1331//1174 1329//1172 1053//573
f 1326//1169 1331//1174 1053//573
f 1332//1175 1053//573 1333//1176
f 1334//1177 1053//573 1332//1175
f 1335//1178 1333//1176 1053//573
f 1330//1173 1335//1178 1053//573
f 1336//1179 1053//573 1337//1180
f 1338//1181 1053//573 1336//1179
f 1339//1182 1337//1180 1053//573
f 1334//1177 1339//1182 1053//573
f 1340//1183 1053//573 1341//1184
f 1342//1185 1053//573 1340//1183
f 1343//1186 1341//1184 1053//573
f 1338//1181 1343//1186 1053//573
f 1082//894 1084//896 1344//1187
f 1101//913 1100//912 1306//1149
f 972//1188 953//1189 1345//1190
f 968//1191 1346//1192 966//1193
f 966//1193 1346//1192 1347//1194
f 966//1193 1347//1194 964//1195
f 968//1191 969//1196 1348//1197
f 1348//1197 969//1196 971//1198
f 1348//1197 971//1198 1349//1199
f 1349//1199 971//1198 977//1200
f 1350//1201 957//1202 956//1203
f 1350//1201 956//1203 1351//1204
f 1351//1204 956//1203 960//1205
f 1351//1204 960//1205 962//1206
f 957//1202 1350//1201 980//1207
f 980//1207 1350//1201 1352//1208
f 980//1207 1352//1208 981//1209
f 949//1210 944//1211 1353//1212
f 1353//1212 944//1211 947//1213
f 987//1214 985//1215 1354//1216
f 1354//1216 985//1215 983//1217
f 1354//1216 983//1217 981//1209
f 1345//1190 953//1189 1355//1218
f 1355//1218 953//1189 949//1210
f 1355//1218 949//1210 1356//1219
f 972//1188 1345//1190 973//1220
f 973//1220 1345//1190 1357//1221
f 973//1220 1357//1221 975//1222
f 975//1222 1357//1221 1358//1223
f 975//1222 1358//1223 977//1200
f 1104//916 1103//915 1359//1224
f 1359//1224 1103//915 1305//1148
f 1359//1224 1305//1148 1107//919
f 1304//1147 1360//1225 1222//1065
f 1222//1065 1360//1225 1053//573
f 1311//1154 1053//573 1360//1225
f 1100//912 1099//911 1306//1149
f 1306//1149 1099//911 1053//573
f 1342//1185 1307//1150 1053//573
f 1361//1226 1098//910 1101//913
f 1362//1227 1094//906 1093//905
f 1363//1228 1096//908 1094//906
f 1364//1229 1091//903 1090//902
f 1365//1230 1085//897 1091//903
f 1089//901 1088//900 1366//1231
f 1366//1231 1088//900 1086//898
f 1146//988 1089//901 1367//1232
f 1367//1232 1089//901 1366//1231
f 1367//1232 1366//1231 1368//1233
f 1368//1233 1366//1231 1369//1234
f 1370//1235 1371//1236 1372//1237
f 1372//1237 1371//1236 1373//1238
f 1372//1237 1373//1238 1369//1234
f 1369//1234 1373//1238 1374//1239
f 1369//1234 1374//1239 1368//1233
f 1375//1240 1376//1241 1370//1235
f 1370//1235 1376//1241 1377//1242
f 1370//1235 1377//1242 1371//1236
f 1378//1243 1379//1244 1380//1245
f 1380//1245 1379//1244 1381//1246
f 1380//1245 1381//1246 1375//1240
f 1375//1240 1381//1246 1382//1247
f 1375//1240 1382//1247 1376//1241
f 1383//1248 1384//1249 1385//1250
f 1385//1250 1384//1249 1386//1251
f 1385//1250 1386//1251 1387//1252
f 1387//1252 1386//1251 1388//1253
f 1387//1252 1388//1253 1389//1254
f 1389//1254 1388//1253 1390//1255
f 1389//1254 1390//1255 1378//1243
f 1378//1243 1390//1255 1391//1256
f 1378//1243 1391//1256 1379//1244
f 1392//1257 1393//1258 1383//1248
f 1383//1248 1393//1258 1394//1259
f 1383//1248 1394//1259 1384//1249
f 1395//1260 1396//1261 1397//1262
f 1397//1262 1396//1261 1398//1263
f 1397//1262 1398//1263 1399//1264
f 1399//1264 1398//1263 1400//1265
f 1399//1264 1400//1265 1392//1257
f 1392//1257 1400//1265 1401//1266
f 1392//1257 1401//1266 1393//1258
f 1402//1267 1403//1268 1395//1260
f 1395//1260 1403//1268 1404//1269
f 1395//1260 1404//1269 1396//1261
f 977//1200 1358//1223 1349//1199
f 1349//1199 1358//1223 1405//1270
f 1349//1199 1405//1270 1348//1197
f 1348//1197 1405//1270 1406//1271
f 1348//1197 1406//1271 1407//1272
f 1407//1272 1406//1271 1408//1273
f 1407//1272 1408//1273 1402//1267
f 1402//1267 1408//1273 1409//1274
f 1402//1267 1409//1274 1403//1268
f 949//1210 1353//1212 1356//1219
f 1356//1219 1353//1212 1410//1275
f 1356//1219 1410//1275 1411//1276
f 1411//1276 1410//1275 1412//1277
f 1411//1276 1412//1277 1413//1278
f 1413//1278 1412//1277 1414//1279
f 1414//1279 1412//1277 1415//1280
f 1414//1279 1415//1280 1416//1281
f 1416//1281 1415//1280 1417//1282
f 1416//1281 1417//1282 1418//1283
f 1419//1284 1420//1285 1417//1282
f 1417//1282 1420//1285 1421//1286
f 1417//1282 1421//1286 1418//1283
f 1422//1287 1423//1288 1419//1284
f 1419//1284 1423//1288 1424//1289
f 1419//1284 1424//1289 1420//1285
f 1425//1290 1426//1291 1427//1292
f 1427//1292 1426//1291 1428//1293
f 1427//1292 1428//1293 1422//1287
f 1422//1287 1428//1293 1429//1294
f 1422//1287 1429//1294 1423//1288
f 1430//1295 1431//1296 1432//1297
f 1432//1297 1431//1296 1433//1298
f 1432//1297 1433//1298 1434//1299
f 1434//1299 1433//1298 1435//1300
f 1434//1299 1435//1300 1436//1301
f 1436//1301 1435//1300 1437//1302
f 1436//1301 1437//1302 1425//1290
f 1425//1290 1437//1302 1438//1303
f 1425//1290 1438//1303 1426//1291
f 1439//1304 1440//1305 1430//1295
f 1430//1295 1440//1305 1441//1306
f 1430//1295 1441//1306 1431//1296
f 1442//1307 1443//1308 1444//1309
f 1444//1309 1443//1308 1445//1310
f 1444//1309 1445//1310 1446//1311
f 1446//1311 1445//1310 1447//1312
f 1446//1311 1447//1312 1439//1304
f 1439//1304 1447//1312 1448//1313
f 1439//1304 1448//1313 1440//1305
f 874//893 1082//894 1039//1314
f 1039//1314 1082//894 1344//1187
f 1039//1314 1344//1187 1449//1315
f 1449//1315 1344//1187 1450//1316
f 1449//1315 1450//1316 1442//1307
f 1442//1307 1450//1316 1451//1317
f 1442//1307 1451//1317 1443//1308
f 1045//1318 1043//1319 1449//1315
f 1449//1315 1043//1319 1041//1320
f 1449//1315 1041//1320 1039//1314
f 1049//1321 1047//1322 1452//1323
f 1452//1323 1047//1322 1045//1318
f 1106//918 858//1037 1453//1324
f 1453//1324 858//1037 1051//1325
f 1453//1324 1051//1325 1454//1326
f 1091//903 1364//1229 1365//1230
f 1365//1230 1364//1229 1455//1327
f 1365//1230 1455//1327 1456//1328
f 1456//1328 1455//1327 1457//1329
f 1456//1328 1457//1329 1458//1330
f 1458//1330 1457//1329 1459//1331
f 1458//1330 1459//1331 1460//1332
f 1460//1332 1459//1331 1461//1333
f 1460//1332 1461//1333 1462//1334
f 1462//1334 1461//1333 1463//1335
f 1462//1334 1463//1335 1464//1336
f 1464//1336 1463//1335 1465//1337
f 1464//1336 1465//1337 1466//1338
f 1466//1338 1465//1337 1467//1339
f 1466//1338 1467//1339 1468//1340
f 1468//1340 1467//1339 1469//1341
f 1468//1340 1469//1341 1470//1342
f 1470//1342 1469//1341 1471//1343
f 1470//1342 1471//1343 1472//1344
f 1472//1344 1471//1343 1473//1345
f 1472//1344 1473//1345 1474//1346
f 1474//1346 1473//1345 1475//1347
f 1474//1346 1475//1347 1476//1348
f 1476//1348 1475//1347 1477//1349
f 1476//1348 1477//1349 1478//1350
f 1478//1350 1477//1349 1479//1351
f 1478//1350 1479//1351 1480//1352
f 1480//1352 1479//1351 1481//1353
f 1480//1352 1481//1353 1482//1354
f 1482//1354 1481//1353 1483//1355
f 1482//1354 1483//1355 1484//1356
f 1484//1356 1483//1355 1485//1357
f 1484//1356 1485//1357 1486//1358
f 1486//1358 1485//1357 1487//1359
f 1486//1358 1487//1359 1346//1192
f 1346//1192 1487//1359 1351//1204
f 1346//1192 1351//1204 1347//1194
f 1347//1194 1351//1204 962//1206
f 1347//1194 962//1206 964//1195
f 968//1191 1348//1197 1346//1192
f 1346//1192 1348//1197 1407//1272
f 1346//1192 1407//1272 1486//1358
f 1486//1358 1407//1272 1402//1267
f 1486//1358 1402//1267 1484//1356
f 1484//1356 1402//1267 1395//1260
f 1484//1356 1395//1260 1482//1354
f 1482//1354 1395//1260 1397//1262
f 1482//1354 1397//1262 1480//1352
f 1480//1352 1397//1262 1399//1264
f 1480//1352 1399//1264 1478//1350
f 1478//1350 1399//1264 1392//1257
f 1478//1350 1392//1257 1476//1348
f 1476//1348 1392//1257 1383//1248
f 1476//1348 1383//1248 1474//1346
f 1474//1346 1383//1248 1385//1250
f 1474//1346 1385//1250 1472//1344
f 1472//1344 1385//1250 1387//1252
f 1472//1344 1387//1252 1470//1342
f 1470//1342 1387//1252 1389//1254
f 1470//1342 1389//1254 1468//1340
f 1468//1340 1389//1254 1378//1243
f 1468//1340 1378//1243 1466//1338
f 1466//1338 1378//1243 1380//1245
f 1466//1338 1380//1245 1464//1336
f 1464//1336 1380//1245 1375//1240
f 1464//1336 1375//1240 1462//1334
f 1462//1334 1375//1240 1370//1235
f 1462//1334 1370//1235 1460//1332
f 1460//1332 1370//1235 1372//1237
f 1460//1332 1372//1237 1458//1330
f 1458//1330 1372//1237 1369//1234
f 1458//1330 1369//1234 1456//1328
f 1456//1328 1369//1234 1366//1231
f 1456//1328 1366//1231 1365//1230
f 1365//1230 1366//1231 1086//898
f 1365//1230 1086//898 1085//897
f 981//1209 1352//1208 1354//1216
f 1354//1216 1352//1208 1488//1360
f 1354//1216 1488//1360 1489//1361
f 1489//1361 1488//1360 1490//1362
f 1489//1361 1490//1362 1491//1363
f 1491//1363 1490//1362 1492//1364
f 1491//1363 1492//1364 1493//1365
f 1493//1365 1492//1364 1494//1366
f 1493//1365 1494//1366 1495//1367
f 1495//1367 1494//1366 1496//1368
f 1495//1367 1496//1368 1497//1369
f 1497//1369 1496//1368 1498//1370
f 1497//1369 1498//1370 1499//1371
f 1499//1371 1498//1370 1500//1372
f 1499//1371 1500//1372 1501//1373
f 1501//1373 1500//1372 1502//1374
f 1501//1373 1502//1374 1503//1375
f 1503//1375 1502//1374 1504//1376
f 1503//1375 1504//1376 1505//1377
f 1505//1377 1504//1376 1506//1378
f 1505//1377 1506//1378 1507//1379
f 1507//1379 1506//1378 1508//1380
f 1507//1379 1508//1380 1509//1381
f 1509//1381 1508//1380 1510//1382
f 1509//1381 1510//1382 1511//1383
f 1511//1383 1510//1382 1512//1384
f 1511//1383 1512//1384 1513//1385
f 1513//1385 1512//1384 1514//1386
f 1513//1385 1514//1386 1515//1387
f 1515//1387 1514//1386 1516//1388
f 1515//1387 1516//1388 1517//1389
f 1517//1389 1516//1388 1518//1390
f 1517//1389 1518//1390 1519//1391
f 1519//1391 1518//1390 1454//1326
f 1519//1391 1454//1326 1452//1323
f 1452//1323 1454//1326 1051//1325
f 1452//1323 1051//1325 1049//1321
f 1045//1318 1449//1315 1452//1323
f 1452//1323 1449//1315 1442//1307
f 1452//1323 1442//1307 1519//1391
f 1519//1391 1442//1307 1444//1309
f 1519//1391 1444//1309 1517//1389
f 1517//1389 1444//1309 1446//1311
f 1517//1389 1446//1311 1515//1387
f 1515//1387 1446//1311 1439//1304
f 1515//1387 1439//1304 1513//1385
f 1513//1385 1439//1304 1430//1295
f 1513//1385 1430//1295 1511//1383
f 1511//1383 1430//1295 1432//1297
f 1511//1383 1432//1297 1509//1381
f 1509//1381 1432//1297 1434//1299
f 1509//1381 1434//1299 1507//1379
f 1507//1379 1434//1299 1436//1301
f 1507//1379 1436//1301 1505//1377
f 1505//1377 1436//1301 1425//1290
f 1505//1377 1425//1290 1503//1375
f 1503//1375 1425//1290 1427//1292
f 1503//1375 1427//1292 1501//1373
f 1501//1373 1427//1292 1422//1287
f 1501//1373 1422//1287 1499//1371
f 1499//1371 1422//1287 1419//1284
f 1499//1371 1419//1284 1497//1369
f 1497//1369 1419//1284 1417//1282
f 1497//1369 1417//1282 1495//1367
f 1495//1367 1417//1282 1415//1280
f 1495//1367 1415//1280 1493//1365
f 1493//1365 1415//1280 1412//1277
f 1493//1365 1412//1277 1491//1363
f 1491//1363 1412//1277 1410//1275
f 1491//1363 1410//1275 1489//1361
f 1489//1361 1410//1275 1353//1212
f 1489//1361 1353//1212 1354//1216
f 1354//1216 1353//1212 947//1213
f 1354//1216 947//1213 987//1214
f 1094//906 1362//1227 1363//1228
f 1363//1228 1362//1227 1520//1392
f 1363//1228 1520//1392 1521//1393
f 1521//1393 1520//1392 1522//1394
f 1521//1393 1522//1394 1523//1395
f 1523//1395 1522//1394 1524//1396
f 1523//1395 1524//1396 1525//1397
f 1525//1397 1524//1396 1526//1398
f 1525//1397 1526//1398 1527//1399
f 1527//1399 1526//1398 1528//1400
f 1527//1399 1528//1400 1529//1401
f 1529//1401 1528//1400 1530//1402
f 1529//1401 1530//1402 1531//1403
f 1531//1403 1530//1402 1532//1404
f 1531//1403 1532//1404 1533//1405
f 1533//1405 1532//1404 1534//1406
f 1533//1405 1534//1406 1535//1407
f 1535//1407 1534//1406 1536//1408
f 1535//1407 1536//1408 1537//1409
f 1537//1409 1536//1408 1538//1410
f 1537//1409 1538//1410 1539//1411
f 1539//1411 1538//1410 1540//1412
f 1539//1411 1540//1412 1541//1413
f 1541//1413 1540//1412 1542//1414
f 1541//1413 1542//1414 1543//1415
f 1543//1415 1542//1414 1544//1416
f 1543//1415 1544//1416 1545//1417
f 1545//1417 1544//1416 1546//1418
f 1545//1417 1546//1418 1547//1419
f 1547//1419 1546//1418 1548//1420
f 1547//1419 1548//1420 1549//1421
f 1549//1421 1548//1420 1550//1422
f 1549//1421 1550//1422 1551//1423
f 1551//1423 1550//1422 1552//1424
f 1551//1423 1552//1424 1553//1425
f 1553//1425 1552//1424 1554//1426
f 1553//1425 1554//1426 1555//1427
f 1555//1427 1554//1426 1556//1428
f 1555//1427 1556//1428 1557//1429
f 1557//1429 1556//1428 1558//1430
f 1557//1429 1558//1430 1559//1431
f 1559//1431 1558//1430 1560//1432
f 1559//1431 1560//1432 1561//1433
f 1561//1433 1560//1432 1562//1434
f 1561//1433 1562//1434 1563//1435
f 1563//1435 1562//1434 1564//1436
f 1563//1435 1564//1436 1565//1437
f 1565//1437 1564//1436 1566//1438
f 1565//1437 1566//1438 1567//1439
f 1567//1439 1566//1438 1568//1440
f 1567//1439 1568//1440 1569//1441
f 1569//1441 1568//1440 1570//1442
f 1569//1441 1570//1442 1571//1443
f 1571//1443 1570//1442 1572//1444
f 1571//1443 1572//1444 1573//1445
f 1573//1445 1572//1444 1574//1446
f 1573//1445 1574//1446 1575//1447
f 1575//1447 1574//1446 1576//1448
f 1575//1447 1576//1448 1577//1449
f 1577//1449 1576//1448 1578//1450
f 1577//1449 1578//1450 1579//1451
f 1579//1451 1578//1450 1580//1452
f 1579//1451 1580//1452 1581//1453
f 1581//1453 1580//1452 1582//1454
f 1581//1453 1582//1454 1583//1455
f 1583//1455 1582//1454 1584//1456
f 1583//1455 1584//1456 1585//1457
f 1585//1457 1584//1456 1586//1458
f 1585//1457 1586//1458 1587//1459
f 1587//1459 1586//1458 1588//1460
f 1587//1459 1588//1460 1589//1461
f 1589//1461 1588//1460 1590//1462
f 1589//1461 1590//1462 1591//1463
f 1591//1463 1590//1462 1592//1464
f 1591//1463 1592//1464 1593//1465
f 1593//1465 1592//1464 1359//1224
f 1593//1465 1359//1224 1594//1466
f 1594//1466 1359//1224 1107//919
f 1594//1466 1107//919 1106//918
f 1101//913 1306//1149 1361//1226
f 1361//1226 1306//1149 1307//1150
f 1361//1226 1307//1150 1595//1467
f 1595//1467 1307//1150 1342//1185
f 1595//1467 1342//1185 1596//1468
f 1596//1468 1342//1185 1340//1183
f 1596//1468 1340//1183 1597//1469
f 1597//1469 1340//1183 1341//1184
f 1597//1469 1341//1184 1598//1470
f 1598//1470 1341//1184 1343//1186
f 1598//1470 1343//1186 1599//1471
f 1599//1471 1343//1186 1338//1181
f 1599//1471 1338//1181 1600//1472
f 1600//1472 1338//1181 1336//1179
f 1600//1472 1336//1179 1601//1473
f 1601//1473 1336//1179 1337//1180
f 1601//1473 1337//1180 1602//1474
f 1602//1474 1337//1180 1339//1182
f 1602//1474 1339//1182 1603//1475
f 1603//1475 1339//1182 1334//1177
f 1603//1475 1334//1177 1604//1476
f 1604//1476 1334//1177 1332//1175
f 1604//1476 1332//1175 1605//1477
f 1605//1477 1332//1175 1333//1176
f 1605//1477 1333//1176 1606//1478
f 1606//1478 1333//1176 1335//1178
f 1606//1478 1335//1178 1607//1479
f 1607//1479 1335//1178 1330//1173
f 1607//1479 1330//1173 1608//1480
f 1608//1480 1330//1173 1328//1171
f 1608//1480 1328//1171 1609//1481
f 1609//1481 1328//1171 1329//1172
f 1609//1481 1329//1172 1610//1482
f 1610//1482 1329//1172 1331//1174
f 1610//1482 1331//1174 1611//1483
f 1611//1483 1331//1174 1326//1169
f 1611//1483 1326//1169 1612//1484
f 1612//1484 1326//1169 1324//1167
f 1612//1484 1324//1167 1613//1485
f 1613//1485 1324//1167 1325//1168
f 1613//1485 1325//1168 1614//1486
f 1614//1486 1325//1168 1327//1170
f 1614//1486 1327//1170 1615//1487
f 1615//1487 1327//1170 1322//1165
f 1615//1487 1322//1165 1616//1488
f 1616//1488 1322//1165 1320//1163
f 1616//1488 1320//1163 1617//1489
f 1617//1489 1320//1163 1321//1164
f 1617//1489 1321//1164 1618//1490
f 1618//1490 1321//1164 1323//1166
f 1618//1490 1323//1166 1619//1491
f 1619//1491 1323//1166 1318//1161
f 1619//1491 1318//1161 1620//1492
f 1620//1492 1318//1161 1316//1159
f 1620//1492 1316//1159 1621//1493
f 1621//1493 1316//1159 1317//1160
f 1621//1493 1317//1160 1622//1494
f 1622//1494 1317//1160 1319//1162
f 1622//1494 1319//1162 1623//1495
f 1623//1495 1319//1162 1314//1157
f 1623//1495 1314//1157 1624//1496
f 1624//1496 1314//1157 1312//1155
f 1624//1496 1312//1155 1625//1497
f 1625//1497 1312//1155 1313//1156
f 1625//1497 1313//1156 1626//1498
f 1626//1498 1313//1156 1315//1158
f 1626//1498 1315//1158 1627//1499
f 1627//1499 1315//1158 1310//1153
f 1627//1499 1310//1153 1628//1500
f 1628//1500 1310//1153 1308//1151
f 1628//1500 1308//1151 1629//1501
f 1629//1501 1308//1151 1309//1152
f 1629//1501 1309//1152 1630//1502
f 1630//1502 1309//1152 1311//1154
f 1630//1502 1311//1154 1631//1503
f 1631//1503 1311//1154 1360//1225
f 1631//1503 1360//1225 1632//1504
f 1632//1504 1360//1225 1304//1147
f 1632//1504 1304//1147 1104//916
f 1104//916 1359//1224 1632//1504
f 1632//1504 1359//1224 1592//1464
f 1632//1504 1592//1464 1631//1503
f 1631//1503 1592//1464 1590//1462
f 1631//1503 1590//1462 1630//1502
f 1630//1502 1590//1462 1588//1460
f 1630//1502 1588//1460 1629//1501
f 1629//1501 1588//1460 1586//1458
f 1629//1501 1586//1458 1628//1500
f 1628//1500 1586//1458 1584//1456
f 1628//1500 1584//1456 1627//1499
f 1627//1499 1584//1456 1582//1454
f 1627//1499 1582//1454 1626//1498
f 1626//1498 1582//1454 1580//1452
f 1626//1498 1580//1452 1625//1497
f 1625//1497 1580//1452 1578//1450
f 1625//1497 1578//1450 1624//1496
f 1624//1496 1578//1450 1576//1448
f 1624//1496 1576//1448 1623//1495
f 1623//1495 1576//1448 1574//1446
f 1623//1495 1574//1446 1622//1494
f 1622//1494 1574//1446 1572//1444
f 1622//1494 1572//1444 1621//1493
f 1621//1493 1572//1444 1570//1442
f 1621//1493 1570//1442 1620//1492
f 1620//1492 1570//1442 1568//1440
f 1620//1492 1568//1440 1619//1491
f 1619//1491 1568//1440 1566//1438
f 1619//1491 1566//1438 1618//1490
f 1618//1490 1566//1438 1564//1436
f 1618//1490 1564//1436 1617//1489
f 1617//1489 1564//1436 1562//1434
f 1617//1489 1562//1434 1616//1488
f 1616//1488 1562//1434 1560//1432
f 1616//1488 1560//1432 1615//1487
f 1615//1487 1560//1432 1558//1430
f 1615//1487 1558//1430 1614//1486
f 1614//1486 1558//1430 1556//1428
f 1614//1486 1556//1428 1613//1485
f 1613//1485 1556//1428 1554//1426
f 1613//1485 1554//1426 1612//1484
f 1612//1484 1554//1426 1552//1424
f 1612//1484 1552//1424 1611//1483
f 1611//1483 1552//1424 1550//1422
f 1611//1483 1550//1422 1610//1482
f 1610//1482 1550//1422 1548//1420
f 1610//1482 1548//1420 1609//1481
f 1609//1481 1548//1420 1546//1418
f 1609//1481 1546//1418 1608//1480
f 1608//1480 1546//1418 1544//1416
f 1608//1480 1544//1416 1607//1479
f 1607//1479 1544//1416 1542//1414
f 1607//1479 1542//1414 1606//1478
f 1606//1478 1542//1414 1540//1412
f 1606//1478 1540//1412 1605//1477
f 1605//1477 1540//1412 1538//1410
f 1605//1477 1538//1410 1604//1476
f 1604//1476 1538//1410 1536//1408
f 1604//1476 1536//1408 1603//1475
f 1603//1475 1536//1408 1534//1406
f 1603//1475 1534//1406 1602//1474
f 1602//1474 1534//1406 1532//1404
f 1602//1474 1532//1404 1601//1473
f 1601//1473 1532//1404 1530//1402
f 1601//1473 1530//1402 1600//1472
f 1600//1472 1530//1402 1528//1400
f 1600//1472 1528//1400 1599//1471
f 1599//1471 1528//1400 1526//1398
f 1599//1471 1526//1398 1598//1470
f 1598//1470 1526//1398 1524//1396
f 1598//1470 1524//1396 1597//1469
f 1597//1469 1524//1396 1522//1394
f 1597//1469 1522//1394 1596//1468
f 1596//1468 1522//1394 1520//1392
f 1596//1468 1520//1392 1595//1467
f 1595//1467 1520//1392 1362//1227
f 1595//1467 1362//1227 1361//1226
f 1361//1226 1362//1227 1093//905
f 1361//1226 1093//905 1098//910
f 1106//918 1453//1324 1594//1466
f 1594//1466 1453//1324 1454//1326
f 1594//1466 1454//1326 1593//1465
f 1593//1465 1454//1326 1518//1390
f 1593//1465 1518//1390 1591//1463
f 1591//1463 1518//1390 1516//1388
f 1591//1463 1516//1388 1589//1461
f 1589//1461 1516//1388 1514//1386
f 1589//1461 1514//1386 1587//1459
f 1587//1459 1514//1386 1512//1384
f 1587//1459 1512//1384 1585//1457
f 1585//1457 1512//1384 1510//1382
f 1585//1457 1510//1382 1583//1455
f 1583//1455 1510//1382 1508//1380
f 1583//1455 1508//1380 1581//1453
f 1581//1453 1508//1380 1506//1378
f 1581//1453 1506//1378 1579//1451
f 1579//1451 1506//1378 1504//1376
f 1579//1451 1504//1376 1577//1449
f 1577//1449 1504//1376 1502//1374
f 1577//1449 1502//1374 1575//1447
f 1575//1447 1502//1374 1500//1372
f 1575//1447 1500//1372 1573//1445
f 1573//1445 1500//1372 1498//1370
f 1573//1445 1498//1370 1571//1443
f 1571//1443 1498//1370 1496//1368
f 1571//1443 1496//1368 1569//1441
f 1569//1441 1496//1368 1494//1366
f 1569//1441 1494//1366 1567//1439
f 1567//1439 1494//1366 1492//1364
f 1567//1439 1492//1364 1565//1437
f 1565//1437 1492//1364 1490//1362
f 1565//1437 1490//1362 1563//1435
f 1563//1435 1490//1362 1488//1360
f 1563//1435 1488//1360 1561//1433
f 1561//1433 1488//1360 1352//1208
f 1561//1433 1352//1208 1559//1431
f 1559//1431 1352//1208 1350//1201
f 1559//1431 1350//1201 1557//1429
f 1557//1429 1350//1201 1351//1204
f 1557//1429 1351//1204 1555//1427
f 1555//1427 1351//1204 1487//1359
f 1555//1427 1487//1359 1553//1425
f 1553//1425 1487//1359 1485//1357
f 1553//1425 1485//1357 1551//1423
f 1551//1423 1485//1357 1483//1355
f 1551//1423 1483//1355 1549//1421
f 1549//1421 1483//1355 1481//1353
f 1549//1421 1481//1353 1547//1419
f 1547//1419 1481//1353 1479//1351
f 1547//1419 1479//1351 1545//1417
f 1545//1417 1479//1351 1477//1349
f 1545//1417 1477//1349 1543//1415
f 1543//1415 1477//1349 1475//1347
f 1543//1415 1475//1347 1541//1413
f 1541//1413 1475//1347 1473//1345
f 1541//1413 1473//1345 1539//1411
f 1539//1411 1473//1345 1471//1343
f 1539//1411 1471//1343 1537//1409
f 1537//1409 1471//1343 1469//1341
f 1537//1409 1469//1341 1535//1407
f 1535//1407 1469//1341 1467//1339
f 1535//1407 1467//1339 1533//1405
f 1533//1405 1467//1339 1465//1337
f 1533//1405 1465//1337 1531//1403
f 1531//1403 1465//1337 1463//1335
f 1531//1403 1463//1335 1529//1401
f 1529//1401 1463//1335 1461//1333
f 1529//1401 1461//1333 1527//1399
f 1527//1399 1461//1333 1459//1331
f 1527//1399 1459//1331 1525//1397
f 1525//1397 1459//1331 1457//1329
f 1525//1397 1457//1329 1523//1395
f 1523//1395 1457//1329 1455//1327
f 1523//1395 1455//1327 1521//1393
f 1521//1393 1455//1327 1364//1229
f 1521//1393 1364//1229 1363//1228
f 1363//1228 1364//1229 1090//902
f 1363//1228 1090//902 1096//908
f 1633//1505 856//1506 854//1507
f 798//1508 796//1509 1634//1510
f 1145//1507 1146//1511 1633//1505
f 1633//1505 854//1507 1145//1507
f 1145//1507 854//1507 852//1512
f 1145//1507 852//1512 1144//1512
f 1144//1512 852//1512 850//1513
f 1144//1512 850//1513 1142//1513
f 1142//1513 850//1513 848//1514
f 1142//1513 848//1514 1140//1514
f 1140//1514 848//1514 846//1515
f 1140//1514 846//1515 1138//1515
f 1138//1515 846//1515 844//1516
f 1138//1515 844//1516 1136//1516
f 1136//1516 844//1516 842//1517
f 1136//1516 842//1517 1134//1517
f 1134//1517 842//1517 840//1518
f 1134//1517 840//1518 1132//1518
f 1132//1518 840//1518 838//1519
f 1132//1518 838//1519 1130//1519
f 1130//1519 838//1519 836//1520
f 1130//1519 836//1520 1128//1520
f 1128//1520 836//1520 834//1521
f 1128//1520 834//1521 1126//1521
f 1126//1521 834//1521 832//1522
f 1126//1521 832//1522 1124//1522
f 1124//1522 832//1522 830//1523
f 1124//1522 830//1523 1122//1523
f 1122//1523 830//1523 828//1524
f 1122//1523 828//1524 1114//1524
f 1114//1524 828//1524 826//1525
f 1114//1524 826//1525 1113//1525
f 1113//1525 826//1525 824//1526
f 1113//1525 824//1526 1115//1526
f 1115//1526 824//1526 822//1527
f 1115//1526 822//1527 1194//1527
f 1194//1527 822//1527 820//1528
f 1194//1527 820//1528 1192//1528
f 1192//1528 820//1528 818//1529
f 1192//1528 818//1529 1190//1529
f 1190//1529 818//1529 816//1530
f 1190//1529 816//1530 1188//1530
f 1188//1530 816//1530 814//1531
f 1188//1530 814//1531 1186//1532
f 1186//1532 814//1531 812//1533
f 1186//1532 812//1533 1184//1534
f 1184//1534 812//1533 810//1535
f 1184//1534 810//1535 1182//1535
f 1182//1535 810//1535 808//1536
f 1182//1535 808//1536 1180//1536
f 1180//1536 808//1536 806//1537
f 1180//1536 806//1537 1178//1537
f 1178//1537 806//1537 804//1538
f 1178//1537 804//1538 1176//1538
f 1176//1538 804//1538 802//1539
f 1176//1538 802//1539 1174//1539
f 1174//1539 802//1539 800//1540
f 1174//1539 800//1540 1172//1540
f 1172//1540 800//1540 798//1508
f 1172//1540 798//1508 1083//1508
f 1083//1508 798//1508 1634//1510
f 1083//1508 1634//1510 1084//1541
f 1377//1542 1376//1543 904//1544
f 1634//1510 796//1509 913//1545
f 1443//1546 888//1547 1445//1548
f 1445//1548 888//1547 907//1549
f 1445//1548 907//1549 1447//1550
f 1447//1550 907//1549 1448//1551
f 1448//1551 907//1549 906//1552
f 1448//1551 906//1552 1440//1553
f 1440//1553 906//1552 905//1554
f 1440//1553 905//1554 1441//1555
f 1441//1555 905//1554 892//1556
f 1441//1555 892//1556 1431//1557
f 1431//1557 892//1556 890//1558
f 1431//1557 890//1558 1433//1559
f 1433//1559 890//1558 889//1560
f 1433//1559 889//1560 1435//1561
f 889//1560 877//1562 1435//1561
f 1435//1561 877//1562 876//1563
f 1435//1561 876//1563 1437//1564
f 1437//1564 876//1563 894//1565
f 1437//1564 894//1565 1438//1566
f 1438//1566 894//1565 1426//1567
f 1426//1567 894//1565 896//1568
f 1426//1567 896//1568 1428//1569
f 928//1570 1421//1571 1420//1572
f 928//1570 1420//1572 926//1573
f 1420//1572 1424//1574 926//1573
f 926//1573 1424//1574 1423//1575
f 926//1573 1423//1575 896//1568
f 896//1568 1423//1575 1429//1576
f 896//1568 1429//1576 1428//1569
f 930//1577 1414//1578 1416//1579
f 930//1577 1416//1579 928//1570
f 928//1570 1416//1579 1418//1580
f 928//1570 1418//1580 1421//1571
f 934//1581 1356//1582 932//1583
f 932//1583 1356//1582 1411//1584
f 932//1583 1411//1584 930//1577
f 930//1577 1411//1584 1413//1585
f 930//1577 1413//1585 1414//1578
f 1357//1586 1345//1587 934//1581
f 934//1581 1345//1587 1355//1588
f 934//1581 1355//1588 1356//1582
f 934//1581 942//1589 1357//1586
f 1357//1586 942//1589 943//1590
f 1357//1586 943//1590 1358//1591
f 1358//1591 943//1590 925//1592
f 1358//1591 925//1592 1405//1593
f 1405//1593 925//1592 939//1594
f 1405//1593 939//1594 1406//1595
f 1406//1595 939//1594 1408//1596
f 1408//1596 939//1594 938//1597
f 1408//1596 938//1597 1409//1598
f 1409//1598 938//1597 936//1599
f 1409//1598 936//1599 1403//1600
f 1403//1600 936//1599 935//1601
f 1403//1600 935//1601 1404//1602
f 1404//1602 935//1601 915//1603
f 1404//1602 915//1603 1396//1604
f 1396//1604 915//1603 914//1605
f 1396//1604 914//1605 1398//1606
f 1398//1606 914//1605 881//1607
f 1398//1606 881//1607 1400//1608
f 1400//1608 881//1607 899//1609
f 1400//1608 899//1609 1401//1610
f 1401//1610 899//1609 898//1611
f 1401//1610 898//1611 1393//1612
f 1393//1612 898//1611 897//1613
f 1393//1612 897//1613 1394//1614
f 1394//1614 897//1613 884//1615
f 1394//1614 884//1615 1384//1616
f 1384//1616 884//1615 885//1617
f 1384//1616 885//1617 1386//1618
f 902//1619 1381//1620 1379//1621
f 902//1619 1379//1621 900//1622
f 1379//1621 1391//1623 900//1622
f 900//1622 1391//1623 1390//1624
f 900//1622 1390//1624 885//1617
f 885//1617 1390//1624 1388//1625
f 885//1617 1388//1625 1386//1618
f 904//1544 1376//1543 902//1619
f 902//1619 1376//1543 1382//1626
f 902//1619 1382//1626 1381//1620
f 1377//1542 904//1544 1371//1627
f 1371//1627 904//1544 920//1628
f 1371//1627 920//1628 1373//1629
f 1368//1630 1633//1505 1367//1631
f 1367//1631 1633//1505 1146//1511
f 1373//1629 920//1628 1374//1632
f 1374//1632 920//1628 918//1633
f 1374//1632 918//1633 1368//1630
f 1368//1630 918//1633 856//1506
f 1368//1630 856//1506 1633//1505
f 1084//1541 1634//1510 1344//1634
f 1344//1634 1634//1510 913//1545
f 1344//1634 913//1545 1450//1635
f 1450//1635 913//1545 912//1636
f 1450//1635 912//1636 1451//1637
f 1451//1637 912//1636 910//1638
f 1451//1637 910//1638 1443//1546
f 1443//1546 910//1638 909//1639
f 1443//1546 909//1639 888//1547
f 1635//1640 1636//1641 1637//1642
f 1638//1643 1639//1644 1640//1645
f 1641//1646 1642//1647 1637//1642
f 1643//1648 1644//1649 1637//1642
f 1637//1642 1645//1650 1646//1651
f 1647//1652 1648//1653 1649//1654
f 1650//1655 1651//1656 1652//1657
f 1637//1642 1653//1658 1654//1659
f 1641//1646 1655//1660 1656//1661
f 1657//1662 1658//1663 1646//1651
f 1646//1651 1658//1663 1637//1642
f 1659//1664 1660//1665 1661//1666
f 1661//1666 1662//1667 1659//1664
f 1659//1664 1662//1667 1663//1668
f 1659//1664 1663//1668 1664//1669
f 1664//1669 1663//1668 1665//1670
f 1665//1670 1663//1668 1666//1671
f 1665//1670 1666//1671 1667//1672
f 1667//1672 1666//1671 1668//1673
f 1668//1673 1666//1671 1669//1674
f 1668//1673 1669//1674 1670//1675
f 1670//1675 1669//1674 1671//1676
f 1671//1676 1669//1674 1672//1677
f 1671//1676 1672//1677 1673//1678
f 1674//1679 1675//1680 1676//1681
f 1676//1681 1675//1680 1677//1682
f 1676//1681 1677//1682 1672//1677
f 1672//1677 1677//1682 1678//1683
f 1672//1677 1678//1683 1673//1678
f 1674//1679 1676//1681 1679//1684
f 1679//1684 1676//1681 1680//1685
f 1679//1684 1680//1685 1681//1686
f 1681//1686 1680//1685 1682//1687
f 1682//1687 1680//1685 1683//1688
f 1682//1687 1683//1688 1684//1689
f 1685//1690 1686//1691 1687//1692
f 1687//1692 1686//1691 1688//1693
f 1687//1692 1688//1693 1683//1688
f 1683//1688 1688//1693 1689//1694
f 1683//1688 1689//1694 1684//1689
f 1685//1690 1687//1692 1690//1695
f 1690//1695 1687//1692 1691//1696
f 1690//1695 1691//1696 1692//1697
f 1692//1697 1691//1696 1693//1698
f 1693//1698 1691//1696 1694//1699
f 1693//1698 1694//1699 1695//1700
f 1696//1701 1697//1702 1698//1703
f 1698//1703 1697//1702 1699//1704
f 1698//1703 1699//1704 1694//1699
f 1694//1699 1699//1704 1700//1705
f 1694//1699 1700//1705 1695//1700
f 1696//1701 1698//1703 1701//1706
f 1701//1706 1698//1703 1702//1707
f 1701//1706 1702//1707 1703//1708
f 1703//1708 1702//1707 1704//1709
f 1704//1709 1702//1707 1705//1710
f 1704//1709 1705//1710 1706//1711
f 1706//1711 1012//1712 1707//1713
f 1707//1713 1012//1712 1010//1714
f 1707//1713 1010//1714 1708//1715
f 1010//1714 1008//1716 1708//1715
f 1708//1715 1008//1716 1006//1717
f 1708//1715 1006//1717 1709//1718
f 1709//1718 1006//1717 1003//1719
f 1003//1719 1001//1720 1709//1718
f 1709//1718 1001//1720 999//1721
f 1709//1718 999//1721 1710//1722
f 1711//1723 1712//1724 1713//1725
f 1713//1725 1712//1724 1714//1726
f 1713//1725 1714//1726 1710//1722
f 1710//1722 1714//1726 1715//1727
f 1710//1722 1715//1727 1709//1718
f 1711//1723 1713//1725 1716//1728
f 1716//1728 1713//1725 1717//1729
f 1716//1728 1717//1729 1718//1730
f 1718//1730 1717//1729 1719//1731
f 1719//1731 1717//1729 1720//1732
f 1719//1731 1720//1732 1721//1733
f 1721//1733 1720//1732 1722//1734
f 1722//1734 1720//1732 1723//1735
f 1722//1734 1723//1735 1724//1736
f 1725//1737 1726//1738 1727//1739
f 1727//1739 1726//1738 1728//1740
f 1727//1739 1728//1740 1723//1735
f 1723//1735 1728//1740 1729//1741
f 1723//1735 1729//1741 1724//1736
f 1725//1737 1727//1739 1730//1742
f 1730//1742 1727//1739 1731//1743
f 1730//1742 1731//1743 1732//1744
f 1733//1745 1734//1746 1735//1747
f 1735//1747 1734//1746 1736//1748
f 1735//1747 1736//1748 1731//1743
f 1731//1743 1736//1748 1737//1749
f 1731//1743 1737//1749 1732//1744
f 1733//1745 1735//1747 1738//1750
f 1738//1750 1735//1747 1739//1751
f 1738//1750 1739//1751 1740//1752
f 1741//1753 1742//1754 1743//1755
f 1743//1755 1742//1754 1744//1756
f 1743//1755 1744//1756 1739//1751
f 1739//1751 1744//1756 1745//1757
f 1739//1751 1745//1757 1740//1752
f 1741//1753 1743//1755 1746//1758
f 1746//1758 1743//1755 1747//1759
f 1746//1758 1747//1759 1748//1760
f 1749//1761 1750//1762 1751//1763
f 1751//1763 1750//1762 1752//1764
f 1751//1763 1752//1764 1747//1759
f 1747//1759 1752//1764 1753//1765
f 1747//1759 1753//1765 1748//1760
f 1749//1761 1751//1763 1754//1766
f 1754//1766 1751//1763 1755//1767
f 1754//1766 1755//1767 1756//1768
f 873//1769 1757//1770 871//1771
f 871//1771 1757//1770 1758//1772
f 871//1771 1758//1772 869//1773
f 857//1774 859//1775 1759//1776
f 1759//1776 859//1775 861//1777
f 1759//1776 861//1777 1760//1778
f 1758//1772 1761//1779 869//1773
f 869//1773 1761//1779 1756//1768
f 869//1773 1756//1768 867//1780
f 867//1780 1756//1768 1755//1767
f 867//1780 1755//1767 865//1781
f 865//1781 1755//1767 863//1782
f 1021//1783 1019//1784 1705//1710
f 1705//1710 1019//1784 1016//1785
f 1705//1710 1016//1785 1706//1711
f 1706//1711 1016//1785 1014//1786
f 1706//1711 1014//1786 1012//1712
f 1762//1787 1763//1788 1029//1789
f 1029//1789 1027//1790 1762//1787
f 1762//1787 1027//1790 1025//1791
f 1762//1787 1025//1791 1023//1792
f 994//1793 993//1794 1764//1795
f 999//1721 998//1796 1710//1722
f 1710//1722 998//1796 1033//1797
f 1710//1722 1033//1797 1035//1798
f 993//1794 991//1799 1764//1795
f 1764//1795 991//1799 1032//1800
f 1764//1795 1032//1800 1763//1788
f 1763//1788 1032//1800 1031//1801
f 1763//1788 1031//1801 1029//1789
f 1661//1666 1765//1802 1662//1667
f 1662//1667 1765//1802 1766//1803
f 1662//1667 1766//1803 1663//1668
f 1663//1668 1766//1803 1767//1804
f 1663//1668 1767//1804 1666//1671
f 1666//1671 1767//1804 1768//1805
f 1666//1671 1768//1805 1669//1674
f 1669//1674 1768//1805 1769//1806
f 1669//1674 1769//1806 1672//1677
f 1672//1677 1769//1806 1770//1807
f 1672//1677 1770//1807 1676//1681
f 1676//1681 1770//1807 1771//1808
f 1676//1681 1771//1808 1680//1685
f 1680//1685 1771//1808 1772//1809
f 1680//1685 1772//1809 1683//1688
f 1683//1688 1772//1809 1773//1810
f 1683//1688 1773//1810 1687//1692
f 1687//1692 1773//1810 1774//1811
f 1687//1692 1774//1811 1691//1696
f 1691//1696 1774//1811 1775//1812
f 1691//1696 1775//1812 1694//1699
f 1694//1699 1775//1812 1776//1813
f 1694//1699 1776//1813 1698//1703
f 1698//1703 1776//1813 1777//1814
f 1698//1703 1777//1814 1702//1707
f 1702//1707 1777//1814 1778//1815
f 1702//1707 1778//1815 1705//1710
f 1705//1710 1778//1815 1762//1787
f 1705//1710 1762//1787 1021//1783
f 1021//1783 1762//1787 1023//1792
f 1779//1816 1654//1659 1780//1817
f 1780//1817 1654//1659 1653//1658
f 1780//1817 1653//1658 1781//1818
f 1781//1818 1653//1658 1782//1819
f 1651//1656 1783//1820 1652//1657
f 1652//1657 1783//1820 1643//1648
f 1652//1657 1643//1648 1637//1642
f 1784//1821 1644//1649 1785//1822
f 1785//1822 1644//1649 1643//1648
f 1785//1822 1643//1648 1786//1823
f 1786//1823 1643//1648 1783//1820
f 1779//1816 1650//1655 1654//1659
f 1654//1659 1650//1655 1652//1657
f 1654//1659 1652//1657 1637//1642
f 1648//1653 1787//1824 1649//1654
f 1649//1654 1787//1824 1645//1650
f 1649//1654 1645//1650 1637//1642
f 1788//1825 1657//1662 1789//1826
f 1789//1826 1657//1662 1646//1651
f 1789//1826 1646//1651 1790//1827
f 1790//1827 1646//1651 1645//1650
f 1790//1827 1645//1650 1791//1828
f 1791//1828 1645//1650 1787//1824
f 1784//1821 1647//1652 1644//1649
f 1644//1649 1647//1652 1649//1654
f 1644//1649 1649//1654 1637//1642
f 1792//1829 1793//1830 1794//1831
f 1794//1831 1793//1830 1795//1832
f 1794//1831 1795//1832 1796//1833
f 1796//1833 1795//1832 1797//1834
f 1796//1833 1797//1834 1798//1835
f 1798//1835 1797//1834 1799//1836
f 1798//1835 1799//1836 1800//1837
f 1800//1837 1799//1836 1801//1838
f 1800//1837 1801//1838 1802//1839
f 1802//1839 1801//1838 1803//1840
f 1802//1839 1803//1840 1804//1841
f 1804//1841 1803//1840 1805//1842
f 1804//1841 1805//1842 1806//1843
f 1806//1843 1805//1842 1807//1844
f 1806//1843 1807//1844 1808//1845
f 1808//1845 1807//1844 1809//1846
f 1808//1845 1809//1846 1810//1847
f 1810//1847 1809//1846 1811//1848
f 1810//1847 1811//1848 1812//1849
f 1812//1849 1811//1848 1813//1850
f 1812//1849 1813//1850 1814//1851
f 1814//1851 1813//1850 1815//1852
f 1814//1851 1815//1852 1816//1853
f 1816//1853 1815//1852 1817//1854
f 1816//1853 1817//1854 1818//1855
f 1818//1855 1817//1854 1819//1856
f 1818//1855 1819//1856 1820//1857
f 1820//1857 1819//1856 1821//1858
f 1820//1857 1821//1858 1822//1859
f 1822//1859 1821//1858 1823//1860
f 1822//1859 1823//1860 1824//1861
f 1824//1861 1823//1860 1825//1862
f 1824//1861 1825//1862 1826//1863
f 1826//1863 1825//1862 1827//1864
f 1826//1863 1827//1864 1828//1865
f 1828//1865 1827//1864 1829//1866
f 1828//1865 1829//1866 1830//1867
f 1830//1867 1829//1866 1831//1868
f 1830//1867 1831//1868 1832//1869
f 1832//1869 1831//1868 1833//1870
f 1832//1869 1833//1870 1834//1871
f 1834//1871 1833//1870 1835//1872
f 1834//1871 1835//1872 1836//1873
f 1836//1873 1835//1872 1837//1874
f 1836//1873 1837//1874 1838//1875
f 1838//1875 1837//1874 1839//1876
f 1838//1875 1839//1876 1840//1877
f 1840//1877 1839//1876 1841//1878
f 1840//1877 1841//1878 1842//1879
f 1842//1879 1841//1878 1843//1880
f 1842//1879 1843//1880 1844//1881
f 1844//1881 1843//1880 1845//1882
f 1844//1881 1845//1882 1846//1883
f 1846//1883 1845//1882 1847//1884
f 1846//1883 1847//1884 1848//1885
f 1848//1885 1847//1884 1849//1886
f 1848//1885 1849//1886 1850//1887
f 1850//1887 1849//1886 1851//1888
f 1637//1642 1642//1647 1852//1889
f 1852//1889 1642//1647 1853//1890
f 1852//1889 1853//1890 1854//1891
f 1655//1660 1641//1646 1637//1642
f 1656//1661 1855//1892 1641//1646
f 1641//1646 1855//1892 1856//1893
f 1641//1646 1856//1893 1642//1647
f 1642//1647 1856//1893 1857//1894
f 1642//1647 1857//1894 1853//1890
f 1637//1642 1636//1641 1858//1895
f 1858//1895 1636//1641 1859//1896
f 1858//1895 1859//1896 1860//1897
f 1639//1644 1861//1898 1640//1645
f 1640//1645 1861//1898 1635//1640
f 1640//1645 1635//1640 1637//1642
f 1861//1898 1862//1899 1635//1640
f 1635//1640 1862//1899 1863//1900
f 1635//1640 1863//1900 1636//1641
f 1636//1641 1863//1900 1864//1901
f 1636//1641 1864//1901 1859//1896
f 1854//1891 1638//1643 1852//1889
f 1852//1889 1638//1643 1640//1645
f 1852//1889 1640//1645 1637//1642
f 1860//1897 1782//1819 1858//1895
f 1858//1895 1782//1819 1653//1658
f 1858//1895 1653//1658 1637//1642
f 1656//1661 1851//1888 1855//1892
f 1855//1892 1851//1888 1849//1886
f 1855//1892 1849//1886 1856//1893
f 1856//1893 1849//1886 1847//1884
f 1856//1893 1847//1884 1857//1894
f 1857//1894 1847//1884 1845//1882
f 1857//1894 1845//1882 1853//1890
f 1853//1890 1845//1882 1843//1880
f 1853//1890 1843//1880 1854//1891
f 1854//1891 1843//1880 1841//1878
f 1854//1891 1841//1878 1638//1643
f 1638//1643 1841//1878 1839//1876
f 1638//1643 1839//1876 1639//1644
f 1639//1644 1839//1876 1837//1874
f 1639//1644 1837//1874 1861//1898
f 1861//1898 1837//1874 1835//1872
f 1861//1898 1835//1872 1862//1899
f 1862//1899 1835//1872 1833//1870
f 1862//1899 1833//1870 1863//1900
f 1863//1900 1833//1870 1831//1868
f 1863//1900 1831//1868 1864//1901
f 1864//1901 1831//1868 1829//1866
f 1864//1901 1829//1866 1859//1896
f 1859//1896 1829//1866 1827//1864
f 1859//1896 1827//1864 1860//1897
f 1860//1897 1827//1864 1825//1862
f 1860//1897 1825//1862 1782//1819
f 1782//1819 1825//1862 1823//1860
f 1782//1819 1823//1860 1781//1818
f 1781//1818 1823//1860 1821//1858
f 1781//1818 1821//1858 1780//1817
f 1780//1817 1821//1858 1819//1856
f 1780//1817 1819//1856 1779//1816
f 1779//1816 1819//1856 1817//1854
f 1779//1816 1817//1854 1650//1655
f 1650//1655 1817//1854 1815//1852
f 1650//1655 1815//1852 1651//1656
f 1651//1656 1815//1852 1813//1850
f 1651//1656 1813//1850 1783//1820
f 1783//1820 1813//1850 1811//1848
f 1783//1820 1811//1848 1786//1823
f 1786//1823 1811//1848 1809//1846
f 1786//1823 1809//1846 1785//1822
f 1785//1822 1809//1846 1807//1844
f 1785//1822 1807//1844 1784//1821
f 1784//1821 1807//1844 1805//1842
f 1784//1821 1805//1842 1647//1652
f 1647//1652 1805//1842 1803//1840
f 1647//1652 1803//1840 1648//1653
f 1648//1653 1803//1840 1801//1838
f 1648//1653 1801//1838 1787//1824
f 1787//1824 1801//1838 1799//1836
f 1787//1824 1799//1836 1791//1828
f 1791//1828 1799//1836 1797//1834
f 1791//1828 1797//1834 1790//1827
f 1790//1827 1797//1834 1795//1832
f 1790//1827 1795//1832 1789//1826
f 1789//1826 1795//1832 1793//1830
f 1789//1826 1793//1830 1788//1825
f 1788//1825 1793//1830 1792//1829
f 1788//1825 1792//1829 1865//1902
f 1035//1798 994//1793 1710//1722
f 1710//1722 994//1793 1764//1795
f 1710//1722 1764//1795 1713//1725
f 1713//1725 1764//1795 1866//1903
f 1713//1725 1866//1903 1717//1729
f 1717//1729 1866//1903 1867//1904
f 1717//1729 1867//1904 1720//1732
f 1720//1732 1867//1904 1868//1905
f 1720//1732 1868//1905 1723//1735
f 1723//1735 1868//1905 1869//1906
f 1723//1735 1869//1906 1727//1739
f 1727//1739 1869//1906 1870//1907
f 1727//1739 1870//1907 1731//1743
f 1731//1743 1870//1907 1871//1908
f 1731//1743 1871//1908 1735//1747
f 1735//1747 1871//1908 1872//1909
f 1735//1747 1872//1909 1739//1751
f 1739//1751 1872//1909 1873//1910
f 1739//1751 1873//1910 1743//1755
f 1743//1755 1873//1910 1874//1911
f 1743//1755 1874//1911 1747//1759
f 1747//1759 1874//1911 1875//1912
f 1747//1759 1875//1912 1751//1763
f 1751//1763 1875//1912 1876//1913
f 1751//1763 1876//1913 1755//1767
f 1755//1767 1876//1913 1760//1778
f 1755//1767 1760//1778 863//1782
f 863//1782 1760//1778 861//1777
f 1765//1802 1877//1914 1766//1803
f 1766//1803 1877//1914 1878//1915
f 1766//1803 1878//1915 1767//1804
f 1767//1804 1878//1915 1879//1916
f 1767//1804 1879//1916 1768//1805
f 1768//1805 1879//1916 1880//1917
f 1768//1805 1880//1917 1769//1806
f 1769//1806 1880//1917 1881//1918
f 1769//1806 1881//1918 1770//1807
f 1770//1807 1881//1918 1882//1919
f 1770//1807 1882//1919 1771//1808
f 1771//1808 1882//1919 1883//1920
f 1771//1808 1883//1920 1772//1809
f 1772//1809 1883//1920 1884//1921
f 1772//1809 1884//1921 1773//1810
f 1773//1810 1884//1921 1885//1922
f 1773//1810 1885//1922 1774//1811
f 1774//1811 1885//1922 1886//1923
f 1774//1811 1886//1923 1775//1812
f 1775//1812 1886//1923 1887//1924
f 1775//1812 1887//1924 1776//1813
f 1776//1813 1887//1924 1888//1925
f 1776//1813 1888//1925 1777//1814
f 1777//1814 1888//1925 1889//1926
f 1777//1814 1889//1926 1778//1815
f 1778//1815 1889//1926 1890//1927
f 1778//1815 1890//1927 1762//1787
f 1762//1787 1890//1927 1891//1928
f 1762//1787 1891//1928 1763//1788
f 1763//1788 1891//1928 1892//1929
f 1763//1788 1892//1929 1764//1795
f 1764//1795 1892//1929 1893//1930
f 1764//1795 1893//1930 1866//1903
f 1866//1903 1893//1930 1894//1931
f 1866//1903 1894//1931 1867//1904
f 1867//1904 1894//1931 1895//1932
f 1867//1904 1895//1932 1868//1905
f 1868//1905 1895//1932 1896//1933
f 1868//1905 1896//1933 1869//1906
f 1869//1906 1896//1933 1897//1934
f 1869//1906 1897//1934 1870//1907
f 1870//1907 1897//1934 1898//1935
f 1870//1907 1898//1935 1871//1908
f 1871//1908 1898//1935 1899//1936
f 1871//1908 1899//1936 1872//1909
f 1872//1909 1899//1936 1900//1937
f 1872//1909 1900//1937 1873//1910
f 1873//1910 1900//1937 1901//1938
f 1873//1910 1901//1938 1874//1911
f 1874//1911 1901//1938 1902//1939
f 1874//1911 1902//1939 1875//1912
f 1875//1912 1902//1939 1903//1940
f 1875//1912 1903//1940 1876//1913
f 1876//1913 1903//1940 1904//1941
f 1876//1913 1904//1941 1760//1778
f 1760//1778 1904//1941 1905//1942
f 1760//1778 1905//1942 1759//1776
f 1759//1776 1905//1942 1906//1943
f 1759//1776 1906//1943 857//1774
f 857//1774 1906//1943 1907//1944
f 1877//1914 1865//1902 1878//1915
f 1878//1915 1865//1902 1792//1829
f 1878//1915 1792//1829 1879//1916
f 1879//1916 1792//1829 1794//1831
f 1879//1916 1794//1831 1880//1917
f 1880//1917 1794//1831 1796//1833
f 1880//1917 1796//1833 1881//1918
f 1881//1918 1796//1833 1798//1835
f 1881//1918 1798//1835 1882//1919
f 1882//1919 1798//1835 1800//1837
f 1882//1919 1800//1837 1883//1920
f 1883//1920 1800//1837 1802//1839
f 1883//1920 1802//1839 1884//1921
f 1884//1921 1802//1839 1804//1841
f 1884//1921 1804//1841 1885//1922
f 1885//1922 1804//1841 1806//1843
f 1885//1922 1806//1843 1886//1923
f 1886//1923 1806//1843 1808//1845
f 1886//1923 1808//1845 1887//1924
f 1887//1924 1808//1845 1810//1847
f 1887//1924 1810//1847 1888//1925
f 1888//1925 1810//1847 1812//1849
f 1888//1925 1812//1849 1889//1926
f 1889//1926 1812//1849 1814//1851
f 1889//1926 1814//1851 1890//1927
f 1890//1927 1814//1851 1816//1853
f 1890//1927 1816//1853 1891//1928
f 1891//1928 1816//1853 1818//1855
f 1891//1928 1818//1855 1892//1929
f 1892//1929 1818//1855 1820//1857
f 1892//1929 1820//1857 1893//1930
f 1893//1930 1820//1857 1822//1859
f 1893//1930 1822//1859 1894//1931
f 1894//1931 1822//1859 1824//1861
f 1894//1931 1824//1861 1895//1932
f 1895//1932 1824//1861 1826//1863
f 1895//1932 1826//1863 1896//1933
f 1896//1933 1826//1863 1828//1865
f 1896//1933 1828//1865 1897//1934
f 1897//1934 1828//1865 1830//1867
f 1897//1934 1830//1867 1898//1935
f 1898//1935 1830//1867 1832//1869
f 1898//1935 1832//1869 1899//1936
f 1899//1936 1832//1869 1834//1871
f 1899//1936 1834//1871 1900//1937
f 1900//1937 1834//1871 1836//1873
f 1900//1937 1836//1873 1901//1938
f 1901//1938 1836//1873 1838//1875
f 1901//1938 1838//1875 1902//1939
f 1902//1939 1838//1875 1840//1877
f 1902//1939 1840//1877 1903//1940
f 1903//1940 1840//1877 1842//1879
f 1903//1940 1842//1879 1904//1941
f 1904//1941 1842//1879 1844//1881
f 1904//1941 1844//1881 1905//1942
f 1905//1942 1844//1881 1846//1883
f 1905//1942 1846//1883 1906//1943
f 1906//1943 1846//1883 1848//1885
f 1906//1943 1848//1885 1907//1944
f 1907//1944 1848//1885 1850//1887
f 1908//1945 1909//1946 1637//1642
f 1910//1947 1911//1948 1912//1949
f 1913//1950 1914//1951 1915//1952
f 1916//1953 1914//1951 1917//1954
f 1918//1955 1919//1956 1920//1957
f 1921//1958 1922//1959 1923//1960
f 1924//1961 1925//1962 1926//1963
f 1927//1964 1928//1965 1929//1966
f 1637//1642 1930//1967 1931//1968
f 1932//1969 1933//1970 1934//1971
f 1656//1661 1655//1660 1931//1968
f 976//1972 978//1973 1935//1974
f 1935//1974 978//1973 979//1975
f 970//1976 967//1977 1936//1978
f 1936//1978 967//1977 965//1979
f 1937//1980 951//1981 974//1982
f 1937//1980 974//1982 1938//1983
f 951//1981 1937//1980 952//1984
f 952//1984 1937//1980 1939//1985
f 952//1984 1939//1985 954//1986
f 954//1986 1939//1985 1940//1987
f 954//1986 1940//1987 955//1988
f 955//1988 1940//1987 1941//1989
f 955//1988 1941//1989 950//1990
f 965//1979 963//1991 1936//1978
f 1936//1978 963//1991 961//1992
f 1936//1978 961//1992 1942//1993
f 1942//1993 961//1992 958//1994
f 1942//1993 958//1994 1943//1995
f 1943//1995 958//1994 959//1996
f 959//1996 982//1997 1943//1995
f 1943//1995 982//1997 984//1998
f 1943//1995 984//1998 986//1999
f 988//2000 989//2001 1944//2002
f 989//2001 946//2003 1944//2002
f 1944//2002 946//2003 945//2004
f 1944//2002 945//2004 1941//1989
f 1941//1989 945//2004 948//2005
f 1941//1989 948//2005 950//1990
f 1945//2006 1757//1770 873//1769
f 873//1769 1038//2007 1945//2006
f 1945//2006 1038//2007 1040//2008
f 1945//2006 1040//2008 1946//2009
f 1040//2008 1042//2010 1946//2009
f 1946//2009 1042//2010 1947//2011
f 1946//2009 1947//2011 1948//2012
f 1948//2012 1947//2011 1949//2013
f 1950//2014 1951//2015 1952//2016
f 1952//2016 1951//2015 1953//2017
f 1952//2016 1953//2017 1949//2013
f 1949//2013 1953//2017 1954//2018
f 1949//2013 1954//2018 1948//2012
f 1955//2019 1956//2020 1957//2021
f 1957//2021 1956//2020 1958//2022
f 1957//2021 1958//2022 1952//2016
f 1952//2016 1958//2022 1959//2023
f 1952//2016 1959//2023 1950//2014
f 1955//2019 1957//2021 1960//2024
f 1960//2024 1957//2021 1961//2025
f 1960//2024 1961//2025 1962//2026
f 1963//2027 1964//2028 1965//2029
f 1965//2029 1966//2030 1963//2027
f 1963//2027 1966//2030 1967//2031
f 1963//2027 1967//2031 1961//2025
f 1961//2025 1967//2031 1968//2032
f 1961//2025 1968//2032 1962//2026
f 1964//2028 1963//2027 1969//2033
f 1969//2033 1963//2027 1970//2034
f 1969//2033 1970//2034 1971//2035
f 1972//2036 1973//2037 1974//2038
f 1974//2038 1973//2037 1975//2039
f 1974//2038 1975//2039 1970//2034
f 1970//2034 1975//2039 1976//2040
f 1970//2034 1976//2040 1971//2035
f 1977//2041 1978//2042 1979//2043
f 1979//2043 1978//2042 1980//2044
f 1979//2043 1980//2044 1974//2038
f 1974//2038 1980//2044 1981//2045
f 1974//2038 1981//2045 1972//2036
f 1977//2041 1979//2043 1982//2046
f 1982//2046 1979//2043 1983//2047
f 1982//2046 1983//2047 1984//2048
f 1984//2048 1983//2047 1985//2049
f 1985//2049 1983//2047 1986//2050
f 1985//2049 1986//2050 1987//2051
f 1987//2051 1986//2050 1988//2052
f 1988//2052 1986//2050 1989//2053
f 1988//2052 1989//2053 1990//2054
f 1941//1989 1991//2055 1944//2002
f 1944//2002 1991//2055 1992//2056
f 1944//2002 1992//2056 1989//2053
f 1989//2053 1992//2056 1993//2057
f 1989//2053 1993//2057 1990//2054
f 974//1982 976//1972 1938//1983
f 1938//1983 976//1972 1935//1974
f 1938//1983 1935//1974 1994//2058
f 1994//2058 1935//1974 1995//2059
f 1996//2060 1997//2061 1998//2062
f 1998//2062 1997//2061 1999//2063
f 1998//2062 1999//2063 1995//2059
f 1995//2059 1999//2063 2000//2064
f 1995//2059 2000//2064 1994//2058
f 1996//2060 1998//2062 2001//2065
f 2001//2065 1998//2062 2002//2066
f 2001//2065 2002//2066 2003//2067
f 2004//2068 2005//2069 2002//2066
f 2002//2066 2005//2069 2006//2070
f 2002//2066 2006//2070 2003//2067
f 2007//2071 2008//2072 2009//2073
f 2009//2073 2008//2072 2010//2074
f 2009//2073 2010//2074 2004//2068
f 2004//2068 2010//2074 2011//2075
f 2004//2068 2011//2075 2005//2069
f 2007//2071 2009//2073 2012//2076
f 2012//2076 2009//2073 2013//2077
f 2012//2076 2013//2077 2014//2078
f 2015//2079 2016//2080 2013//2077
f 2013//2077 2016//2080 2017//2081
f 2013//2077 2017//2081 2014//2078
f 2018//2082 2019//2083 2020//2084
f 2020//2084 2019//2083 2021//2085
f 2020//2084 2021//2085 2015//2079
f 2015//2079 2021//2085 2022//2086
f 2015//2079 2022//2086 2016//2080
f 2018//2082 2020//2084 2023//2087
f 2023//2087 2020//2084 2024//2088
f 2023//2087 2024//2088 2025//2089
f 2026//2090 2027//2091 2024//2088
f 2024//2088 2027//2091 2028//2092
f 2024//2088 2028//2092 2025//2089
f 2029//2093 2030//2094 2031//2095
f 2031//2095 2030//2094 2032//2096
f 2031//2095 2032//2096 2026//2090
f 2026//2090 2032//2096 2033//2097
f 2026//2090 2033//2097 2027//2091
f 2029//2093 2031//2095 2034//2098
f 2034//2098 2031//2095 2035//2099
f 2034//2098 2035//2099 2036//2100
f 2036//2100 2035//2099 2037//2101
f 2037//2101 2035//2099 2038//2102
f 2037//2101 2038//2102 2039//2103
f 2039//2103 2038//2102 1661//1666
f 2039//2103 1661//1666 1660//1665
f 2040//2104 1788//1825 1865//1902
f 1788//1825 2041//2105 1657//1662
f 1657//1662 2041//2105 2042//2106
f 1657//1662 2042//2106 1658//1663
f 1658//1663 2042//2106 1637//1642
f 1931//1968 1655//1660 1637//1642
f 2043//2107 1850//1887 1851//1888
f 857//1774 2044//2108 1050//2109
f 1050//2109 2044//2108 1048//2110
f 1048//2110 2044//2108 1046//2111
f 1046//2111 2044//2108 2045//2112
f 1046//2111 2045//2112 1044//2113
f 1851//1888 1656//1661 2046//2114
f 2046//2114 1656//1661 1931//1968
f 2046//2114 1931//1968 2047//2115
f 2047//2115 1931//1968 1930//1967
f 2047//2115 1930//1967 2048//2116
f 2048//2116 1930//1967 2049//2117
f 1933//1970 2049//2117 1934//1971
f 1934//1971 2049//2117 1930//1967
f 1934//1971 1930//1967 1637//1642
f 1928//1965 1932//1969 1929//1966
f 1929//1966 1932//1969 1934//1971
f 1929//1966 1934//1971 1637//1642
f 1925//1962 1927//1964 1926//1963
f 1926//1963 1927//1964 1929//1966
f 1926//1963 1929//1966 1637//1642
f 1922//1959 1924//1961 1923//1960
f 1923//1960 1924//1961 1926//1963
f 1923//1960 1926//1963 1637//1642
f 1919//1956 1921//1958 1920//1957
f 1920//1957 1921//1958 1923//1960
f 1920//1957 1923//1960 1637//1642
f 1911//1948 1918//1955 1912//1949
f 1912//1949 1918//1955 1920//1957
f 1912//1949 1920//1957 1637//1642
f 2043//2107 2050//2118 2051//2119
f 2051//2119 2050//2118 2052//2120
f 2051//2119 2052//2120 2053//2121
f 2053//2121 2052//2120 2054//2122
f 2053//2121 2054//2122 2055//2123
f 2055//2123 2054//2122 2056//2124
f 2055//2123 2056//2124 2057//2125
f 2057//2125 2056//2124 2058//2126
f 2057//2125 2058//2126 2059//2127
f 2059//2127 2058//2126 2060//2128
f 2059//2127 2060//2128 2061//2129
f 2061//2129 2060//2128 2062//2130
f 2061//2129 2062//2130 2063//2131
f 2063//2131 2062//2130 2064//2132
f 2063//2131 2064//2132 2065//2133
f 2065//2133 2064//2132 2066//2134
f 2065//2133 2066//2134 2067//2135
f 2067//2135 2066//2134 2068//2136
f 2067//2135 2068//2136 2069//2137
f 2069//2137 2068//2136 2070//2138
f 2069//2137 2070//2138 2071//2139
f 2071//2139 2070//2138 2072//2140
f 2071//2139 2072//2140 2073//2141
f 2073//2141 2072//2140 2074//2142
f 2073//2141 2074//2142 2075//2143
f 2075//2143 2074//2142 2076//2144
f 2075//2143 2076//2144 2077//2145
f 2077//2145 2076//2144 2078//2146
f 2077//2145 2078//2146 2079//2147
f 2079//2147 2078//2146 2080//2148
f 2079//2147 2080//2148 2081//2149
f 2081//2149 2080//2148 2082//2150
f 2081//2149 2082//2150 2083//2151
f 2043//2107 1851//1888 2050//2118
f 2050//2118 1851//1888 2046//2114
f 2050//2118 2046//2114 2052//2120
f 2052//2120 2046//2114 2047//2115
f 2052//2120 2047//2115 2054//2122
f 2054//2122 2047//2115 2048//2116
f 2054//2122 2048//2116 2056//2124
f 2056//2124 2048//2116 2049//2117
f 2056//2124 2049//2117 2058//2126
f 2058//2126 2049//2117 1933//1970
f 2058//2126 1933//1970 2060//2128
f 2060//2128 1933//1970 1932//1969
f 2060//2128 1932//1969 2062//2130
f 2062//2130 1932//1969 1928//1965
f 2062//2130 1928//1965 2064//2132
f 2064//2132 1928//1965 1927//1964
f 2064//2132 1927//1964 2066//2134
f 2066//2134 1927//1964 1925//1962
f 2066//2134 1925//1962 2068//2136
f 2068//2136 1925//1962 1924//1961
f 2068//2136 1924//1961 2070//2138
f 2070//2138 1924//1961 1922//1959
f 2070//2138 1922//1959 2072//2140
f 2072//2140 1922//1959 1921//1958
f 2072//2140 1921//1958 2074//2142
f 2074//2142 1921//1958 1919//1956
f 2074//2142 1919//1956 2076//2144
f 2076//2144 1919//1956 1918//1955
f 2076//2144 1918//1955 2078//2146
f 2078//2146 1918//1955 1911//1948
f 2078//2146 1911//1948 2080//2148
f 2080//2148 1911//1948 1910//1947
f 2080//2148 1910//1947 2082//2150
f 1915//1952 1914//1951 2084//2152
f 2084//2152 1914//1951 1916//1953
f 2084//2152 1916//1953 2085//2153
f 2086//2154 2087//2155 2088//2156
f 2088//2156 2087//2155 2089//2157
f 2088//2156 2089//2157 2090//2158
f 2090//2158 2089//2157 2091//2159
f 2090//2158 2091//2159 2092//2160
f 1917//1954 1914//1951 2093//2161
f 2093//2161 1914//1951 1913//1950
f 2093//2161 1913//1950 2094//2162
f 2095//2163 2096//2164 2097//2165
f 2097//2165 2096//2164 2098//2166
f 2097//2165 2098//2166 2099//2167
f 2099//2167 2098//2166 2100//2168
f 2099//2167 2100//2168 2101//2169
f 1865//1902 2102//2170 2040//2104
f 2040//2104 2102//2170 2103//2171
f 2040//2104 2103//2171 2104//2172
f 2104//2172 2103//2171 2105//2173
f 2104//2172 2105//2173 2106//2174
f 2107//2175 2108//2176 2109//2177
f 2109//2177 2108//2176 2110//2178
f 2109//2177 2110//2178 2111//2179
f 2111//2179 2110//2178 2112//2180
f 2111//2179 2112//2180 2113//2181
f 2087//2155 2083//2151 2089//2157
f 2089//2157 2083//2151 2082//2150
f 2089//2157 2082//2150 2091//2159
f 2091//2159 2082//2150 1910//1947
f 2091//2159 1910//1947 2092//2160
f 2092//2160 1910//1947 1912//1949
f 2092//2160 1912//1949 1637//1642
f 2085//2153 1909//1946 2084//2152
f 2084//2152 1909//1946 1908//1945
f 2084//2152 1908//1945 1915//1952
f 1915//1952 1908//1945 2114//2182
f 1915//1952 2114//2182 1913//1950
f 1913//1950 2114//2182 2115//2183
f 1913//1950 2115//2183 2094//2162
f 2094//2162 2115//2183 2116//2184
f 1917//1954 2086//2154 1916//1953
f 1916//1953 2086//2154 2088//2156
f 1916//1953 2088//2156 2085//2153
f 2085//2153 2088//2156 2090//2158
f 2085//2153 2090//2158 1909//1946
f 1909//1946 2090//2158 2092//2160
f 1909//1946 2092//2160 1637//1642
f 2096//2164 2116//2184 2098//2166
f 2098//2166 2116//2184 2115//2183
f 2098//2166 2115//2183 2100//2168
f 2100//2168 2115//2183 2114//2182
f 2100//2168 2114//2182 2101//2169
f 2101//2169 2114//2182 1908//1945
f 2101//2169 1908//1945 1637//1642
f 2108//2176 2095//2163 2110//2178
f 2110//2178 2095//2163 2097//2165
f 2110//2178 2097//2165 2112//2180
f 2112//2180 2097//2165 2099//2167
f 2112//2180 2099//2167 2113//2181
f 2113//2181 2099//2167 2101//2169
f 2113//2181 2101//2169 1637//1642
f 1788//1825 2040//2104 2041//2105
f 2041//2105 2040//2104 2104//2172
f 2041//2105 2104//2172 2042//2106
f 2042//2106 2104//2172 2106//2174
f 2042//2106 2106//2174 1637//1642
f 2102//2170 2107//2175 2103//2171
f 2103//2171 2107//2175 2109//2177
f 2103//2171 2109//2177 2105//2173
f 2105//2173 2109//2177 2111//2179
f 2105//2173 2111//2179 2106//2174
f 2106//2174 2111//2179 2113//2181
f 2106//2174 2113//2181 1637//1642
f 1765//1802 1661//1666 2117//2185
f 2117//2185 1661//1666 2038//2102
f 2117//2185 2038//2102 2118//2186
f 2118//2186 2038//2102 2035//2099
f 2118//2186 2035//2099 2119//2187
f 2119//2187 2035//2099 2031//2095
f 2119//2187 2031//2095 2120//2188
f 2120//2188 2031//2095 2026//2090
f 2120//2188 2026//2090 2121//2189
f 2121//2189 2026//2090 2024//2088
f 2121//2189 2024//2088 2122//2190
f 2122//2190 2024//2088 2020//2084
f 2122//2190 2020//2084 2123//2191
f 2123//2191 2020//2084 2015//2079
f 2123//2191 2015//2079 2124//2192
f 2124//2192 2015//2079 2013//2077
f 2124//2192 2013//2077 2125//2193
f 2125//2193 2013//2077 2009//2073
f 2125//2193 2009//2073 2126//2194
f 2126//2194 2009//2073 2004//2068
f 2126//2194 2004//2068 2127//2195
f 2127//2195 2004//2068 2002//2066
f 2127//2195 2002//2066 2128//2196
f 2128//2196 2002//2066 1998//2062
f 2128//2196 1998//2062 2129//2197
f 2129//2197 1998//2062 1995//2059
f 2129//2197 1995//2059 1936//1978
f 1936//1978 1995//2059 1935//1974
f 1936//1978 1935//1974 970//1976
f 970//1976 1935//1974 979//1975
f 986//1999 988//2000 1943//1995
f 1943//1995 988//2000 1944//2002
f 1943//1995 1944//2002 2130//2198
f 2130//2198 1944//2002 1989//2053
f 2130//2198 1989//2053 2131//2199
f 2131//2199 1989//2053 1986//2050
f 2131//2199 1986//2050 2132//2200
f 2132//2200 1986//2050 1983//2047
f 2132//2200 1983//2047 2133//2201
f 2133//2201 1983//2047 1979//2043
f 2133//2201 1979//2043 2134//2202
f 2134//2202 1979//2043 1974//2038
f 2134//2202 1974//2038 2135//2203
f 2135//2203 1974//2038 1970//2034
f 2135//2203 1970//2034 2136//2204
f 2136//2204 1970//2034 1963//2027
f 2136//2204 1963//2027 2137//2205
f 2137//2205 1963//2027 1961//2025
f 2137//2205 1961//2025 2138//2206
f 2138//2206 1961//2025 1957//2021
f 2138//2206 1957//2021 2139//2207
f 2139//2207 1957//2021 1952//2016
f 2139//2207 1952//2016 2140//2208
f 2140//2208 1952//2016 1949//2013
f 2140//2208 1949//2013 2045//2112
f 2045//2112 1949//2013 1947//2011
f 2045//2112 1947//2011 1044//2113
f 1044//2113 1947//2011 1042//2010
f 1877//1914 1765//1802 2141//2209
f 2141//2209 1765//1802 2117//2185
f 2141//2209 2117//2185 2142//2210
f 2142//2210 2117//2185 2118//2186
f 2142//2210 2118//2186 2143//2211
f 2143//2211 2118//2186 2119//2187
f 2143//2211 2119//2187 2144//2212
f 2144//2212 2119//2187 2120//2188
f 2144//2212 2120//2188 2145//2213
f 2145//2213 2120//2188 2121//2189
f 2145//2213 2121//2189 2146//2214
f 2146//2214 2121//2189 2122//2190
f 2146//2214 2122//2190 2147//2215
f 2147//2215 2122//2190 2123//2191
f 2147//2215 2123//2191 2148//2216
f 2148//2216 2123//2191 2124//2192
f 2148//2216 2124//2192 2149//2217
f 2149//2217 2124//2192 2125//2193
f 2149//2217 2125//2193 2150//2218
f 2150//2218 2125//2193 2126//2194
f 2150//2218 2126//2194 2151//2219
f 2151//2219 2126//2194 2127//2195
f 2151//2219 2127//2195 2152//2220
f 2152//2220 2127//2195 2128//2196
f 2152//2220 2128//2196 2153//2221
f 2153//2221 2128//2196 2129//2197
f 2153//2221 2129//2197 2154//2222
f 2154//2222 2129//2197 1936//1978
f 2154//2222 1936//1978 2155//2223
f 2155//2223 1936//1978 1942//1993
f 2155//2223 1942//1993 2156//2224
f 2156//2224 1942//1993 1943//1995
f 2156//2224 1943//1995 2157//2225
f 2157//2225 1943//1995 2130//2198
f 2157//2225 2130//2198 2158//2226
f 2158//2226 2130//2198 2131//2199
f 2158//2226 2131//2199 2159//2227
f 2159//2227 2131//2199 2132//2200
f 2159//2227 2132//2200 2160//2228
f 2160//2228 2132//2200 2133//2201
f 2160//2228 2133//2201 2161//2229
f 2161//2229 2133//2201 2134//2202
f 2161//2229 2134//2202 2162//2230
f 2162//2230 2134//2202 2135//2203
f 2162//2230 2135//2203 2163//2231
f 2163//2231 2135//2203 2136//2204
f 2163//2231 2136//2204 2164//2232
f 2164//2232 2136//2204 2137//2205
f 2164//2232 2137//2205 2165//2233
f 2165//2233 2137//2205 2138//2206
f 2165//2233 2138//2206 2166//2234
f 2166//2234 2138//2206 2139//2207
f 2166//2234 2139//2207 2167//2235
f 2167//2235 2139//2207 2140//2208
f 2167//2235 2140//2208 2168//2236
f 2168//2236 2140//2208 2045//2112
f 2168//2236 2045//2112 2169//2237
f 2169//2237 2045//2112 2044//2108
f 2169//2237 2044//2108 1907//1944
f 1907//1944 2044//2108 857//1774
f 1865//1902 1877//1914 2102//2170
f 2102//2170 1877//1914 2141//2209
f 2102//2170 2141//2209 2107//2175
f 2107//2175 2141//2209 2142//2210
f 2107//2175 2142//2210 2108//2176
f 2108//2176 2142//2210 2143//2211
f 2108//2176 2143//2211 2095//2163
f 2095//2163 2143//2211 2144//2212
f 2095//2163 2144//2212 2096//2164
f 2096//2164 2144//2212 2145//2213
f 2096//2164 2145//2213 2116//2184
f 2116//2184 2145//2213 2146//2214
f 2116//2184 2146//2214 2094//2162
f 2094//2162 2146//2214 2147//2215
f 2094//2162 2147//2215 2093//2161
f 2093//2161 2147//2215 2148//2216
f 2093//2161 2148//2216 1917//1954
f 1917//1954 2148//2216 2149//2217
f 1917//1954 2149//2217 2086//2154
f 2086//2154 2149//2217 2150//2218
f 2086//2154 2150//2218 2087//2155
f 2087//2155 2150//2218 2151//2219
f 2087//2155 2151//2219 2083//2151
f 2083//2151 2151//2219 2152//2220
f 2083//2151 2152//2220 2081//2149
f 2081//2149 2152//2220 2153//2221
f 2081//2149 2153//2221 2079//2147
f 2079//2147 2153//2221 2154//2222
f 2079//2147 2154//2222 2077//2145
f 2077//2145 2154//2222 2155//2223
f 2077//2145 2155//2223 2075//2143
f 2075//2143 2155//2223 2156//2224
f 2075//2143 2156//2224 2073//2141
f 2073//2141 2156//2224 2157//2225
f 2073//2141 2157//2225 2071//2139
f 2071//2139 2157//2225 2158//2226
f 2071//2139 2158//2226 2069//2137
f 2069//2137 2158//2226 2159//2227
f 2069//2137 2159//2227 2067//2135
f 2067//2135 2159//2227 2160//2228
f 2067//2135 2160//2228 2065//2133
f 2065//2133 2160//2228 2161//2229
f 2065//2133 2161//2229 2063//2131
f 2063//2131 2161//2229 2162//2230
f 2063//2131 2162//2230 2061//2129
f 2061//2129 2162//2230 2163//2231
f 2061//2129 2163//2231 2059//2127
f 2059//2127 2163//2231 2164//2232
f 2059//2127 2164//2232 2057//2125
f 2057//2125 2164//2232 2165//2233
f 2057//2125 2165//2233 2055//2123
f 2055//2123 2165//2233 2166//2234
f 2055//2123 2166//2234 2053//2121
f 2053//2121 2166//2234 2167//2235
f 2053//2121 2167//2235 2051//2119
f 2051//2119 2167//2235 2168//2236
f 2051//2119 2168//2236 2043//2107
f 2043//2107 2168//2236 2169//2237
f 2043//2107 2169//2237 1850//1887
f 1850//1887 2169//2237 1907//1944
f 1675//2238 1674//2239 843//2240
f 1712//2241 1711//2242 821//2243
f 1742//2244 1741//2245 805//2246
f 853//2247 855//2248 1660//2249
f 1757//2250 795//2251 1758//2252
f 1758//2252 795//2251 797//2253
f 1758//2252 797//2253 1761//2254
f 1761//2254 797//2253 1756//2255
f 1756//2255 797//2253 799//2256
f 1756//2255 799//2256 1754//2257
f 1754//2257 799//2256 801//2258
f 1754//2257 801//2258 1749//2259
f 1748//2260 1753//2261 803//2262
f 803//2262 1753//2261 1752//2263
f 803//2262 1752//2263 801//2258
f 801//2258 1752//2263 1750//2264
f 801//2258 1750//2264 1749//2259
f 805//2246 1741//2245 803//2262
f 803//2262 1741//2245 1746//2265
f 803//2262 1746//2265 1748//2260
f 1742//2244 805//2246 1744//2266
f 1744//2266 805//2246 807//2267
f 1744//2266 807//2267 1745//2268
f 809//2269 1738//2270 807//2267
f 807//2267 1738//2270 1740//2271
f 807//2267 1740//2271 1745//2268
f 811//2272 1737//2273 809//2269
f 809//2269 1737//2273 1736//2274
f 1736//2274 1734//2275 809//2269
f 809//2269 1734//2275 1733//2276
f 809//2269 1733//2276 1738//2270
f 1726//2277 1725//2278 813//2279
f 813//2279 1725//2278 1730//2280
f 813//2279 1730//2280 811//2272
f 811//2272 1730//2280 1732//2281
f 811//2272 1732//2281 1737//2273
f 1722//2282 1724//2283 815//2284
f 815//2284 1724//2283 1729//2285
f 815//2284 1729//2285 813//2279
f 813//2279 1729//2285 1728//2286
f 813//2279 1728//2286 1726//2277
f 1722//2282 815//2284 1721//2287
f 1721//2287 815//2284 817//2288
f 1721//2287 817//2288 1719//2289
f 1719//2289 817//2288 819//2290
f 1719//2289 819//2290 1718//2291
f 821//2243 1711//2242 819//2290
f 819//2290 1711//2242 1716//2292
f 819//2290 1716//2292 1718//2291
f 823//2293 825//2294 1708//2295
f 1708//2295 1709//2296 823//2293
f 823//2293 1709//2296 1715//2297
f 823//2293 1715//2297 821//2243
f 821//2243 1715//2297 1714//2298
f 821//2243 1714//2298 1712//2241
f 829//2299 1704//2300 827//2301
f 827//2301 1704//2300 1706//2302
f 827//2301 1706//2302 825//2294
f 825//2294 1706//2302 1707//2303
f 825//2294 1707//2303 1708//2295
f 1697//2304 1696//2305 831//2306
f 831//2306 1696//2305 1701//2307
f 831//2306 1701//2307 829//2299
f 829//2299 1701//2307 1703//2308
f 829//2299 1703//2308 1704//2300
f 833//2309 1700//2310 831//2306
f 831//2306 1700//2310 1699//2311
f 831//2306 1699//2311 1697//2304
f 835//2312 1693//2313 833//2309
f 833//2309 1693//2313 1695//2314
f 833//2309 1695//2314 1700//2310
f 1686//2315 1685//2316 837//2317
f 837//2317 1685//2316 1690//2318
f 837//2317 1690//2318 835//2312
f 835//2312 1690//2318 1692//2319
f 835//2312 1692//2319 1693//2313
f 841//2320 1681//2321 1682//2322
f 841//2320 1682//2322 839//2323
f 1682//2322 1684//2324 839//2323
f 839//2323 1684//2324 1689//2325
f 839//2323 1689//2325 837//2317
f 837//2317 1689//2325 1688//2326
f 837//2317 1688//2326 1686//2315
f 843//2240 1674//2239 841//2320
f 841//2320 1674//2239 1679//2327
f 841//2320 1679//2327 1681//2321
f 847//2328 1670//2329 1671//2330
f 847//2328 1671//2330 845//2331
f 1671//2330 1673//2332 845//2331
f 845//2331 1673//2332 1678//2333
f 845//2331 1678//2333 843//2240
f 843//2240 1678//2333 1677//2334
f 843//2240 1677//2334 1675//2238
f 1664//2335 1665//2336 849//2337
f 849//2337 1665//2336 1667//2338
f 849//2337 1667//2338 847//2328
f 847//2328 1667//2338 1668//2339
f 847//2328 1668//2339 1670//2329
f 1660//2249 1659//2340 853//2247
f 853//2247 1659//2340 1664//2335
f 853//2247 1664//2335 851//2341
f 851//2341 1664//2335 849//2337
f 1960//2342 1962//2343 891//2344
f 2016//2345 2022//2346 883//2347
f 2030//2348 2029//2349 921//2350
f 855//2248 917//2351 1660//2249
f 1660//2249 917//2351 2039//2352
f 2039//2352 917//2351 2037//2353
f 2037//2353 917//2351 919//2354
f 2037//2353 919//2354 2036//2355
f 921//2350 2029//2349 919//2354
f 919//2354 2029//2349 2034//2356
f 919//2354 2034//2356 2036//2355
f 922//2357 903//2358 2028//2359
f 2028//2359 2027//2360 922//2357
f 922//2357 2027//2360 2033//2361
f 922//2357 2033//2361 921//2350
f 921//2350 2033//2361 2032//2362
f 921//2350 2032//2362 2030//2348
f 2019//2363 2018//2364 901//2365
f 901//2365 2018//2364 2023//2366
f 901//2365 2023//2366 903//2358
f 903//2358 2023//2366 2025//2367
f 903//2358 2025//2367 2028//2359
f 883//2347 2022//2346 901//2365
f 901//2365 2022//2346 2021//2368
f 901//2365 2021//2368 2019//2363
f 2016//2345 883//2347 2017//2369
f 2017//2369 883//2347 882//2370
f 2017//2369 882//2370 2014//2371
f 2010//2372 880//2373 2011//2374
f 2011//2374 880//2373 879//2375
f 2011//2374 879//2375 2005//2376
f 2010//2372 2008//2377 880//2373
f 880//2373 2008//2377 2007//2378
f 880//2373 2007//2378 882//2370
f 882//2370 2007//2378 2012//2379
f 882//2370 2012//2379 2014//2371
f 2005//2376 879//2375 2006//2380
f 2006//2380 879//2375 916//2381
f 2006//2380 916//2381 2003//2382
f 924//2383 2000//2384 937//2385
f 937//2385 2000//2384 1999//2386
f 1999//2386 1997//2387 937//2385
f 937//2385 1997//2387 1996//2388
f 937//2385 1996//2388 916//2381
f 916//2381 1996//2388 2001//2389
f 916//2381 2001//2389 2003//2382
f 941//2390 1937//2391 923//2392
f 923//2392 1937//2391 1938//2393
f 923//2392 1938//2393 924//2383
f 924//2383 1938//2393 1994//2394
f 924//2383 1994//2394 2000//2384
f 1991//2395 1941//2396 940//2397
f 940//2397 1941//2396 1940//2398
f 940//2397 1940//2398 941//2390
f 941//2390 1940//2398 1939//2399
f 941//2390 1939//2399 1937//2391
f 1991//2395 940//2397 1992//2400
f 1992//2400 940//2397 933//2401
f 1992//2400 933//2401 1993//2402
f 931//2403 1987//2404 1988//2405
f 931//2403 1988//2405 933//2401
f 933//2401 1988//2405 1990//2406
f 933//2401 1990//2406 1993//2402
f 1978//2407 1977//2408 927//2409
f 927//2409 1977//2408 1982//2410
f 927//2409 1982//2410 929//2411
f 929//2411 1982//2410 1984//2412
f 929//2411 1984//2412 931//2403
f 931//2403 1984//2412 1985//2413
f 931//2403 1985//2413 1987//2404
f 1973//2414 1972//2415 895//2416
f 895//2416 1972//2415 1981//2417
f 895//2416 1981//2417 927//2409
f 927//2409 1981//2417 1980//2418
f 927//2409 1980//2418 1978//2407
f 875//2419 1976//2420 895//2416
f 895//2416 1976//2420 1975//2421
f 895//2416 1975//2421 1973//2414
f 1965//2422 1964//2423 878//2424
f 878//2424 1964//2423 1969//2425
f 878//2424 1969//2425 875//2419
f 875//2419 1969//2425 1971//2426
f 875//2419 1971//2426 1976//2420
f 1962//2343 1968//2427 891//2344
f 891//2344 1968//2427 1967//2428
f 891//2344 1967//2428 878//2424
f 878//2424 1967//2428 1966//2429
f 878//2424 1966//2429 1965//2422
f 1960//2342 891//2344 1955//2430
f 1955//2430 891//2344 893//2431
f 1955//2430 893//2431 1956//2432
f 1956//2432 893//2431 1958//2433
f 1958//2433 893//2431 887//2434
f 1958//2433 887//2434 1959//2435
f 1953//2436 1951//2437 887//2434
f 887//2434 1951//2437 1950//2438
f 887//2434 1950//2438 1959//2435
f 1953//2436 887//2434 1954//2439
f 1954//2439 887//2434 886//2440
f 1954//2439 886//2440 1948//2441
f 1948//2441 886//2440 911//2442
f 1948//2441 911//2442 1946//2443
f 1946//2443 911//2442 908//2444
f 1946//2443 908//2444 1945//2445
f 1945//2445 908//2444 795//2251
f 1945//2445 795//2251 1757//2250
