# Blender 4.3.2
# www.blender.org
o LINK_SHOULDER_ROLL_L
v -0.035176 -0.016539 -0.075545
v -0.033873 -0.018120 -0.075470
v -0.034779 -0.017168 -0.071434
v -0.037153 -0.013632 -0.074703
v -0.037054 -0.014289 -0.070417
v -0.034902 -0.017117 -0.071018
v -0.037033 -0.014230 -0.070679
v -0.034115 -0.019462 -0.081383
v -0.037212 -0.013600 -0.075126
v -0.037153 -0.013631 -0.074704
v -0.037989 -0.013490 -0.078903
v -0.038967 -0.011144 -0.069750
v -0.039671 -0.010194 -0.077851
v -0.038262 -0.012994 -0.078733
v -0.038940 -0.010448 -0.073860
v -0.040430 -0.007102 -0.073060
v -0.041094 -0.006741 -0.076928
v -0.041600 -0.003616 -0.072322
v -0.040530 -0.007810 -0.069075
v -0.041575 -0.008913 -0.065122
v -0.041728 -0.004322 -0.068426
v -0.039948 -0.012357 -0.065686
v -0.043287 -0.010275 -0.061293
v -0.037900 -0.015573 -0.066225
v -0.041601 -0.013915 -0.061769
v -0.039414 -0.017279 -0.062238
v -0.047125 -0.014618 -0.052978
v -0.040023 -0.017928 -0.060807
v -0.044544 -0.017728 -0.054678
v -0.046392 -0.020484 -0.049856
v -0.043130 -0.023330 -0.051478
v -0.041625 -0.020527 -0.056216
v -0.043278 -0.027076 -0.047167
v -0.038413 -0.023002 -0.057584
v -0.040652 -0.028776 -0.048007
v -0.041701 -0.035248 -0.038172
v -0.040150 -0.029074 -0.048146
v -0.044722 -0.033535 -0.037522
v -0.042177 -0.038200 -0.033216
v -0.045274 -0.036551 -0.032661
v -0.047607 -0.031609 -0.036736
v -0.043566 -0.026875 -0.047063
v -0.047544 -0.033728 -0.034116
v -0.048304 -0.031029 -0.036596
v -0.052225 -0.030223 -0.032491
v -0.049527 -0.033883 -0.031538
v -0.050464 -0.029632 -0.035468
v -0.047070 -0.035387 -0.032382
v -0.046733 -0.036573 -0.031029
v -0.046020 -0.039150 -0.027680
v -0.048755 -0.037534 -0.027160
v -0.051609 -0.035581 -0.026493
v -0.047473 -0.040108 -0.024219
v -0.050765 -0.038040 -0.023652
v -0.043975 -0.041947 -0.024677
v -0.044120 -0.040145 -0.027982
v -0.047450 -0.041778 -0.020756
v -0.050741 -0.039765 -0.020322
v -0.047410 -0.044357 -0.013563
v -0.053768 -0.037562 -0.019801
v -0.050700 -0.042421 -0.013345
v -0.056347 -0.038516 -0.011562
v -0.050688 -0.043326 -0.009727
v -0.053741 -0.040303 -0.013062
v -0.056347 -0.039095 -0.009422
v -0.056347 -0.039807 -0.005699
v -0.055823 -0.037847 -0.007021
v -0.050685 -0.043937 -0.006043
v -0.055823 -0.036965 -0.010741
v -0.056347 -0.037265 -0.015115
v -0.056347 -0.038145 -0.012735
v -0.055823 -0.035718 -0.014354
v -0.055823 -0.034117 -0.017827
v -0.056347 -0.035684 -0.018541
v -0.055823 -0.032180 -0.021123
v -0.056347 -0.033771 -0.021830
v -0.056346 -0.033485 -0.022266
v -0.055823 -0.030153 -0.023928
v -0.055823 -0.027647 -0.026785
v -0.056346 -0.031499 -0.024996
v -0.056346 -0.030567 -0.026128
v -0.056346 -0.027829 -0.029028
v -0.056346 -0.024818 -0.031641
v -0.055822 -0.024871 -0.029381
v -0.054228 -0.030349 -0.029565
v -0.051936 -0.032197 -0.030590
v -0.054776 -0.026278 -0.032786
v -0.054509 -0.026511 -0.032970
v -0.053996 -0.033685 -0.025814
v -0.053784 -0.035781 -0.022985
v -0.051666 -0.028780 -0.034781
v -0.052828 -0.025905 -0.035923
v -0.054772 -0.022181 -0.035975
v -0.056346 -0.022829 -0.033106
v -0.053126 -0.023518 -0.037478
v -0.051404 -0.024793 -0.038930
v -0.050220 -0.023282 -0.041956
v -0.049608 -0.025973 -0.040345
v -0.053412 -0.021037 -0.038884
v -0.053692 -0.018474 -0.040135
v -0.052286 -0.019479 -0.041791
v -0.050817 -0.020452 -0.043405
v -0.054148 -0.013250 -0.042134
v -0.052971 -0.013938 -0.043934
v -0.054280 -0.007783 -0.043428
v -0.051824 -0.013832 -0.045944
v -0.051743 -0.014611 -0.045703
v -0.052123 -0.008465 -0.047228
v -0.051823 -0.013836 -0.045943
v -0.049324 -0.011221 -0.051135
v -0.049326 -0.017305 -0.047984
v -0.049495 -0.021861 -0.044251
v -0.046679 -0.024469 -0.045760
v -0.045997 -0.025035 -0.046075
v -0.048652 -0.005480 -0.053791
v -0.044483 -0.006444 -0.060831
v -0.045234 -0.002496 -0.060403
v -0.042781 -0.005297 -0.064568
v -0.043584 -0.001566 -0.064049
v -0.042562 -0.000721 -0.067827
v -0.045617 0.001758 -0.060003
v -0.044031 0.002432 -0.063561
v -0.045660 0.006036 -0.059675
v -0.044128 0.006481 -0.063161
v -0.043046 0.003082 -0.067272
v -0.042911 0.003678 -0.071059
v -0.043178 0.006950 -0.066817
v -0.042429 -0.000020 -0.071658
v -0.043406 0.003500 -0.074926
v -0.043020 0.000545 -0.075421
v -0.042221 -0.003152 -0.076122
v -0.043788 -0.001210 -0.082909
v -0.043004 -0.004213 -0.083124
v -0.041703 -0.007945 -0.083391
v -0.040872 -0.009888 -0.083530
v -0.040070 -0.011553 -0.083650
v -0.038103 -0.015030 -0.083899
v -0.037570 -0.015860 -0.083959
v -0.035245 -0.019071 -0.084189
v -0.032645 -0.022059 -0.084403
v -0.029781 -0.024780 -0.084506
v -0.031940 -0.022250 -0.082878
v -0.029769 -0.024823 -0.084601
v -0.028149 -0.026185 -0.084699
v -0.024662 -0.028787 -0.084885
v -0.026640 -0.026409 -0.081650
v -0.024608 -0.028230 -0.082598
v -0.022244 -0.030032 -0.083137
v -0.020836 -0.030795 -0.081240
v -0.022558 -0.029553 -0.080241
v -0.022334 -0.029735 -0.080420
v -0.023815 -0.028344 -0.078717
v -0.028168 -0.026169 -0.084698
v -0.029763 -0.024827 -0.084598
v -0.024519 -0.027612 -0.078498
v -0.023292 -0.028413 -0.077901
v -0.024074 -0.028030 -0.078221
v -0.024074 -0.028030 -0.078221
v -0.010000 -0.027626 -0.078489
v -0.010000 -0.029258 -0.076827
v -0.025173 -0.027028 -0.078785
v -0.021776 -0.029054 -0.077155
v -0.010000 -0.025382 -0.079112
v -0.025643 -0.026622 -0.078927
v -0.010000 -0.023126 -0.078530
v -0.027075 -0.025398 -0.079112
v -0.028265 -0.024342 -0.079000
v -0.031622 -0.022278 -0.082056
v -0.029350 -0.023294 -0.078620
v -0.027067 -0.025405 -0.079112
v -0.029356 -0.023288 -0.078617
v -0.028029 -0.024635 -0.079347
v -0.029511 -0.023128 -0.078531
v -0.029678 -0.022952 -0.078426
v -0.030422 -0.022103 -0.077738
v -0.010000 -0.021465 -0.076898
v -0.030418 -0.022108 -0.077742
v -0.030517 -0.021985 -0.077610
v -0.032934 -0.020014 -0.079155
v -0.030899 -0.021470 -0.076906
v -0.031003 -0.021313 -0.076619
v -0.031207 -0.020944 -0.075570
v -0.031208 -0.020943 -0.075563
v -0.010000 -0.020841 -0.074653
v -0.031211 -0.020841 -0.074652
v -0.031159 -0.020861 -0.074189
v -0.010000 -0.021424 -0.072398
v -0.030864 -0.021124 -0.073041
v -0.031219 -0.020912 -0.075405
v -0.030915 -0.021411 -0.070369
v -0.033654 -0.018571 -0.071078
v -0.033618 -0.018613 -0.071068
v -0.031353 -0.021005 -0.070471
v -0.030559 -0.021430 -0.072387
v -0.030320 -0.021668 -0.072013
v -0.031380 -0.020980 -0.070477
v -0.029483 -0.022449 -0.071165
v -0.028885 -0.023094 -0.069946
v -0.028739 -0.023072 -0.070727
v -0.028870 -0.023106 -0.069943
v -0.028367 -0.023362 -0.070571
v -0.027759 -0.023806 -0.070382
v -0.026086 -0.024960 -0.069457
v -0.025957 -0.024966 -0.070128
v -0.028360 -0.023367 -0.070569
v -0.010000 -0.023056 -0.070736
v -0.010000 -0.025300 -0.070113
v -0.025216 -0.025287 -0.070113
v -0.023757 -0.025965 -0.070156
v -0.021547 -0.026784 -0.066117
v -0.026133 -0.024971 -0.069211
v -0.020280 -0.027111 -0.066957
v -0.026364 -0.025138 -0.067976
v -0.022633 -0.026771 -0.065074
v -0.026627 -0.025558 -0.066503
v -0.023530 -0.027098 -0.063850
v -0.024369 -0.027873 -0.062144
v -0.027068 -0.026837 -0.063705
v -0.024854 -0.028661 -0.060595
v -0.025338 -0.030089 -0.057877
v -0.027833 -0.030346 -0.057076
v -0.027231 -0.034341 -0.049853
v -0.025498 -0.030786 -0.056572
v -0.028389 -0.034278 -0.049837
v -0.031291 -0.026958 -0.059806
v -0.027837 -0.030368 -0.057035
v -0.028596 -0.036181 -0.046315
v -0.031439 -0.033209 -0.049656
v -0.029032 -0.041202 -0.036482
v -0.027867 -0.041247 -0.036492
v -0.029286 -0.044727 -0.028874
v -0.028214 -0.046055 -0.025805
v -0.029375 -0.046022 -0.025800
v -0.029570 -0.048846 -0.018078
v -0.028412 -0.048868 -0.018080
v -0.029719 -0.050728 -0.011100
v -0.029842 -0.051776 -0.004453
v -0.028562 -0.050741 -0.011101
v -0.028685 -0.051780 -0.004454
v -0.027502 -0.051523 -0.006716
v -0.027415 -0.050718 -0.011268
v -0.027313 -0.049496 -0.016084
v -0.027188 -0.047818 -0.021266
v -0.027064 -0.046087 -0.025810
v -0.027030 -0.045622 -0.026943
v -0.026824 -0.042822 -0.033283
v -0.026705 -0.041291 -0.036501
v -0.026471 -0.038495 -0.042097
v -0.026069 -0.034402 -0.049867
v -0.027578 -0.051939 -0.002341
v -0.027649 -0.051970 0.002041
v -0.028742 -0.051988 -0.001052
v -0.029950 -0.051970 0.002041
v -0.029899 -0.051987 -0.001052
v -0.033277 -0.051385 0.001971
v -0.030025 -0.051558 0.006817
v -0.029880 -0.051941 -0.002215
v -0.029995 -0.051777 0.004909
v -0.027792 -0.050823 0.010982
v -0.030048 -0.051346 0.008244
v -0.027719 -0.051609 0.006424
v -0.027864 -0.049623 0.015500
v -0.030153 -0.049831 0.014820
v -0.030254 -0.047476 0.021205
v -0.027934 -0.048018 0.019935
v -0.027954 -0.047477 0.021205
v -0.028001 -0.046024 0.024241
v -0.030350 -0.044281 0.027370
v -0.030438 -0.040288 0.033167
v -0.028125 -0.040976 0.032273
v -0.028065 -0.043667 0.028369
v -0.028180 -0.037986 0.035912
v -0.028229 -0.034732 0.039251
v -0.030517 -0.035578 0.038437
v -0.030527 -0.034919 0.039074
v -0.030592 -0.029554 0.043554
v -0.028273 -0.031250 0.042264
v -0.028292 -0.029555 0.043554
v -0.028311 -0.027570 0.044932
v -0.030643 -0.023719 0.047243
v -0.028343 -0.023720 0.047243
v -0.030681 -0.017539 0.050069
v -0.028369 -0.019721 0.049186
v -0.028381 -0.017540 0.050069
v -0.030704 -0.011106 0.052005
v -0.028389 -0.015591 0.050757
v -0.028403 -0.011341 0.051951
v -0.028411 -0.006980 0.052762
v -0.030712 -0.004479 0.053047
v -0.030707 0.002042 0.053207
v -0.028412 -0.004479 0.053047
v -0.028412 -0.002511 0.053183
v -0.028407 0.002042 0.053207
v -0.030686 0.009273 0.052431
v -0.028386 0.009273 0.052431
v -0.028346 0.017007 0.050452
v -0.030646 0.017007 0.050452
v -0.028288 0.024344 0.047345
v -0.030588 0.024344 0.047345
v -0.028213 0.031142 0.043172
v -0.030513 0.031142 0.043172
v -0.028185 0.033190 0.041616
v -0.030485 0.033190 0.041616
v -0.028091 0.039039 0.036177
v -0.030391 0.039039 0.036177
v -0.027985 0.044012 0.029916
v -0.027869 0.047994 0.022975
v -0.030285 0.044013 0.029916
v -0.030169 0.047994 0.022975
v -0.030069 0.050454 0.016882
v -0.028919 0.050454 0.016882
v -0.027657 0.052264 0.010069
v -0.027769 0.050454 0.016882
v -0.028807 0.052265 0.010068
v -0.027542 0.053329 0.003007
v -0.028693 0.053331 0.003007
v -0.029957 0.052265 0.010068
v -0.029843 0.053330 0.003007
v -0.028663 0.053495 0.001187
v -0.029813 0.053494 0.001187
v -0.029677 0.053757 -0.007308
v -0.028526 0.053760 -0.007309
v -0.027376 0.053756 -0.007310
v -0.028382 0.053288 -0.016327
v -0.027232 0.053286 -0.016328
v -0.027075 0.052082 -0.026239
v -0.028225 0.052074 -0.026240
v -0.026966 0.050916 -0.033075
v -0.026973 0.050735 -0.034025
v -0.028125 0.050895 -0.033077
v -0.028116 0.050895 -0.033077
v -0.029375 0.052062 -0.026240
v -0.029266 0.050872 -0.033078
v -0.028893 0.049241 -0.041384
v -0.026962 0.050609 -0.034675
v -0.033273 0.047225 -0.040691
v -0.031901 0.049970 -0.032323
v -0.033235 0.048420 -0.036269
v -0.029466 0.052849 -0.020492
v -0.029494 0.053045 -0.018744
v -0.032952 0.051781 -0.020063
v -0.032896 0.049601 -0.032023
v -0.032918 0.049592 -0.032017
v -0.036532 0.049418 -0.025247
v -0.036546 0.050453 -0.019550
v -0.040183 0.048878 -0.018957
v -0.036601 0.051197 -0.013785
v -0.029566 0.053455 -0.014186
v -0.029668 0.053749 -0.007838
v -0.033229 0.052827 -0.001874
v -0.029768 0.053667 -0.001603
v -0.036683 0.051622 -0.007978
v -0.043805 0.047918 -0.013169
v -0.043847 0.048448 -0.007977
v -0.036779 0.051683 -0.002160
v -0.036875 0.051324 0.003633
v -0.043902 0.048624 -0.002755
v -0.050600 0.044677 -0.003345
v -0.043961 0.048415 0.002451
v -0.047307 0.046511 -0.007939
v -0.050587 0.044355 -0.007872
v -0.047285 0.045917 -0.012783
v -0.043786 0.047055 -0.018285
v -0.047279 0.044981 -0.017542
v -0.050580 0.043680 -0.012349
v -0.053620 0.041221 -0.011873
v -0.050583 0.042657 -0.016733
v -0.053618 0.041998 -0.007778
v -0.056344 0.040205 -0.000828
v -0.056344 0.039927 -0.004788
v -0.053621 0.042423 -0.003623
v -0.056344 0.040091 0.003140
v -0.053629 0.042491 0.000549
v -0.050643 0.044223 0.005678
v -0.050620 0.044639 0.001186
v -0.056344 0.040040 0.003732
v -0.055820 0.037895 0.006775
v -0.056344 0.039587 0.007078
v -0.055820 0.038378 0.003006
v -0.055820 0.038487 -0.000793
v -0.055820 0.038221 -0.004583
v -0.056344 0.039261 -0.008701
v -0.055820 0.037583 -0.008330
v -0.056344 0.038212 -0.012530
v -0.055820 0.036579 -0.011995
v -0.056344 0.036791 -0.016237
v -0.055820 0.035219 -0.015543
v -0.055821 0.033515 -0.018940
v -0.056344 0.035011 -0.019785
v -0.055821 0.031484 -0.022152
v -0.053761 0.036693 -0.023359
v -0.053634 0.038624 -0.019732
v -0.056344 0.033834 -0.021738
v -0.056344 0.033138 -0.022784
v -0.056344 0.030717 -0.025956
v -0.056345 0.027994 -0.028871
v -0.055821 0.029146 -0.025148
v -0.054603 0.031596 -0.028843
v -0.054204 0.034322 -0.026171
v -0.053640 0.036814 -0.023429
v -0.052668 0.033383 -0.030784
v -0.051755 0.036678 -0.027972
v -0.051500 0.038817 -0.024615
v -0.049137 0.038859 -0.029734
v -0.050640 0.035075 -0.032698
v -0.047518 0.038846 -0.033053
v -0.050252 0.031916 -0.037348
v -0.049451 0.034354 -0.036018
v -0.048540 0.036671 -0.034583
v -0.044199 0.039593 -0.038268
v -0.042527 0.042080 -0.036529
v -0.043555 0.042682 -0.033094
v -0.040671 0.044336 -0.034681
v -0.037466 0.044836 -0.039790
v -0.037482 0.044820 -0.039804
v -0.046390 0.040859 -0.031443
v -0.045177 0.042687 -0.029781
v -0.047320 0.042093 -0.026658
v -0.047422 0.042022 -0.026611
v -0.047291 0.043707 -0.022176
v -0.050594 0.041288 -0.020985
v -0.053625 0.040095 -0.015870
v -0.043797 0.045869 -0.023290
v -0.045790 0.043130 -0.027335
v -0.040295 0.046318 -0.029531
v -0.041952 0.044623 -0.031313
v -0.040229 0.046352 -0.029556
v -0.038671 0.046346 -0.032759
v -0.035380 0.047865 -0.034111
v -0.039229 0.046855 -0.029920
v -0.037772 0.045830 -0.036197
v -0.034887 0.047167 -0.037626
v -0.040186 0.047771 -0.024317
v -0.036564 0.048098 -0.030848
v -0.039790 0.042191 -0.041807
v -0.037080 0.044766 -0.040782
v -0.035932 0.044334 -0.044369
v -0.032450 0.046667 -0.044352
v -0.031355 0.046230 -0.048157
v -0.027903 0.048300 -0.047476
v -0.024770 0.049087 -0.043197
v -0.023653 0.048962 -0.044272
v -0.025229 0.049171 -0.042583
v -0.029933 0.045966 -0.052107
v -0.019778 0.048895 -0.045736
v -0.015137 0.048795 -0.047903
v -0.023010 0.048922 -0.044705
v -0.021598 0.048885 -0.045339
v -0.014554 0.048549 -0.051868
v -0.026598 0.047888 -0.052034
v -0.026042 0.049411 -0.041041
v -0.026429 0.049609 -0.039896
v -0.026817 0.049999 -0.037803
v -0.013738 0.048529 -0.056008
v -0.026057 0.047817 -0.053535
v -0.029675 0.045967 -0.052662
v -0.029391 0.045919 -0.053446
v -0.029333 0.045686 -0.054351
v -0.028141 0.045921 -0.056201
v -0.029548 0.045286 -0.055163
v -0.030298 0.044385 -0.056207
v -0.030114 0.044590 -0.056021
v -0.025946 0.046138 -0.060440
v -0.022876 0.047926 -0.060463
v -0.025822 0.045324 -0.063474
v -0.028796 0.044158 -0.060150
v -0.026976 0.044547 -0.063160
v -0.031181 0.043439 -0.056825
v -0.031961 0.042629 -0.057128
v -0.033140 0.041428 -0.057280
v -0.033911 0.040661 -0.057207
v -0.033652 0.039830 -0.059341
v -0.035338 0.036697 -0.061006
v -0.032166 0.040223 -0.061786
v -0.035172 0.039462 -0.056808
v -0.030910 0.041412 -0.062110
v -0.030387 0.040374 -0.065751
v -0.025708 0.044337 -0.067116
v -0.034483 0.035740 -0.064638
v -0.034078 0.035107 -0.068349
v -0.030235 0.039683 -0.069446
v -0.025859 0.043681 -0.070783
v -0.030609 0.039482 -0.073180
v -0.034306 0.034925 -0.072116
v -0.037421 0.029905 -0.071298
v -0.031374 0.039639 -0.076919
v -0.035012 0.035083 -0.075894
v -0.037309 0.030028 -0.067515
v -0.037911 0.030539 -0.063801
v -0.039837 0.024612 -0.066870
v -0.039836 0.024614 -0.070667
v -0.042138 0.019347 -0.074005
v -0.040436 0.024845 -0.074470
v -0.041654 0.018889 -0.066468
v -0.041580 0.019042 -0.070237
v -0.042654 0.013275 -0.070165
v -0.042210 0.019049 -0.073989
v -0.042764 0.012959 -0.066431
v -0.043677 0.012749 -0.062801
v -0.043048 0.007436 -0.070566
v -0.043466 0.004214 -0.074814
v -0.043584 0.007924 -0.074305
v -0.044821 0.006650 -0.082345
v -0.044859 0.008472 -0.082214
v -0.043188 0.013669 -0.073899
v -0.044143 0.016425 -0.081644
v -0.044678 0.012480 -0.081927
v -0.043376 0.019877 -0.081397
v -0.043262 0.020301 -0.081367
v -0.042349 0.023228 -0.081157
v -0.041511 0.025435 -0.080998
v -0.040853 0.026958 -0.080889
v -0.039044 0.030509 -0.080635
v -0.038076 0.030080 -0.075099
v -0.036932 0.033878 -0.080393
v -0.035719 0.035551 -0.080273
v -0.034843 0.036665 -0.080194
v -0.032171 0.039668 -0.079978
v -0.029266 0.042400 -0.079782
v -0.027527 0.043821 -0.079681
v -0.026135 0.044858 -0.079606
v -0.027226 0.043681 -0.078152
v -0.022927 0.046954 -0.079456
v -0.026400 0.043506 -0.074469
v -0.023517 0.046597 -0.079482
v -0.021746 0.046940 -0.075921
v -0.017591 0.049266 -0.077008
v -0.021031 0.047044 -0.072289
v -0.022609 0.047141 -0.079443
v -0.019033 0.049016 -0.079308
v -0.017188 0.049831 -0.079250
v -0.013086 0.051074 -0.077757
v -0.013393 0.051210 -0.079151
v -0.009487 0.052241 -0.079077
v -0.008155 0.052507 -0.079058
v -0.008277 0.052112 -0.077013
v -0.010719 0.051556 -0.076736
v -0.005552 0.052909 -0.079029
v -0.013023 0.050871 -0.076262
v -0.010764 0.051109 -0.074303
v -0.015193 0.050061 -0.075564
v -0.012919 0.050492 -0.073314
v -0.014898 0.049870 -0.071867
v -0.012233 0.049594 -0.067564
v -0.010711 0.049941 -0.068741
v -0.009023 0.050271 -0.069585
v -0.008245 0.049350 -0.063736
v -0.009270 0.049195 -0.062905
v -0.010137 0.049042 -0.061911
v -0.000350 0.049084 -0.060134
v -0.011576 0.048777 -0.059637
v -0.000350 0.048816 -0.056475
v -0.000350 0.049745 -0.064932
v -0.005771 0.049604 -0.064741
v -0.007066 0.049492 -0.064356
v -0.000273 0.049730 -0.064935
v -0.000273 0.049069 -0.060135
v -0.003067 0.049715 -0.064935
v -0.003079 0.050905 -0.070396
v -0.000350 0.050366 -0.068030
v -0.000274 0.052131 -0.074097
v -0.000273 0.050351 -0.068033
v -0.003097 0.052418 -0.075245
v -0.000351 0.052145 -0.074092
v -0.000351 0.052532 -0.075267
v -0.000323 0.052530 -0.075269
v -0.000274 0.052518 -0.075273
v -0.000274 0.052885 -0.077138
v -0.000351 0.052899 -0.077135
v -0.000351 0.053253 -0.079005
v -0.003048 0.052793 -0.077127
v -0.002998 0.053154 -0.079012
v -0.000285 0.053242 -0.079005
v -0.000209 0.052842 -0.077146
v -0.000226 0.053210 -0.079008
v -0.000181 0.053161 -0.079011
v -0.000165 0.052778 -0.077158
v -0.000165 0.053129 -0.079013
v -0.000155 0.053099 -0.079016
v -0.000150 0.053052 -0.079019
v -0.000150 0.052703 -0.077173
v -0.000150 0.052338 -0.075318
v -0.000150 0.051969 -0.077586
v -0.000150 0.051681 -0.076110
v -0.000150 0.051363 -0.074904
v -0.000150 0.049877 -0.070186
v -0.000150 0.051955 -0.074155
v -0.000165 0.052028 -0.074131
v -0.000170 0.052423 -0.075298
v -0.000150 0.050171 -0.068074
v -0.000165 0.050246 -0.068057
v -0.000208 0.049687 -0.064942
v -0.000165 0.049623 -0.064953
v -0.000208 0.050309 -0.068043
v -0.000209 0.052090 -0.074110
v -0.000236 0.052498 -0.075279
v -0.000209 0.052476 -0.075285
v -0.000150 0.049548 -0.064966
v -0.000208 0.049026 -0.060139
v -0.000165 0.048962 -0.060146
v -0.000208 0.048757 -0.056477
v -0.000165 0.048693 -0.056480
v -0.000150 0.048885 -0.060154
v -0.000150 0.048616 -0.056484
v -0.000150 0.048058 -0.059912
v -0.000150 0.047761 -0.054776
v -0.000150 0.047857 -0.049651
v -0.000150 0.048125 -0.046198
v -0.000150 0.048575 -0.051600
v -0.000150 0.048771 -0.047951
v -0.000165 0.048847 -0.047957
v -0.000165 0.048652 -0.051602
v -0.000208 0.048716 -0.051604
v -0.000208 0.048912 -0.047962
v -0.000161 0.048987 -0.046281
v -0.000193 0.049045 -0.046288
v -0.000273 0.048955 -0.047965
v -0.000273 0.049105 -0.046295
v -0.000244 0.049090 -0.046293
v -0.000306 0.049115 -0.046296
v -0.000350 0.049120 -0.046297
v -0.012298 0.049036 -0.046121
v -0.000350 0.048971 -0.047967
v -0.000350 0.048775 -0.051605
v -0.000273 0.048760 -0.051605
v -0.000350 0.048796 -0.055989
v -0.000273 0.048801 -0.056475
v -0.017796 0.048936 -0.045896
v -0.000150 0.048921 -0.046273
v -0.000150 0.048760 -0.065103
v -0.000150 0.048899 -0.065873
v -0.000150 0.052250 -0.079076
v -0.008400 0.051670 -0.074887
v -0.007165 0.050555 -0.070101
v -0.012854 0.048768 -0.060431
v -0.016142 0.048681 -0.062479
v -0.020226 0.048386 -0.065026
v -0.016748 0.049292 -0.069959
v -0.013613 0.049256 -0.066086
v -0.016964 0.049151 -0.072270
v -0.020552 0.047576 -0.068656
v -0.017242 0.049137 -0.074640
v -0.044482 0.002702 -0.082628
v -0.045158 0.012625 -0.059349
v -0.042520 0.018935 -0.062798
v -0.043950 0.019127 -0.059299
v -0.049769 0.015871 -0.049324
v -0.041928 0.025417 -0.059581
v -0.049229 0.020267 -0.048366
v -0.048577 0.024426 -0.047113
v -0.056345 0.016334 -0.036748
v -0.056345 0.012613 -0.038185
v -0.055821 0.014418 -0.035694
v -0.055821 0.017867 -0.034098
v -0.056345 0.019893 -0.034950
v -0.055821 0.021143 -0.032169
v -0.056344 0.021120 -0.034221
v -0.056344 0.023256 -0.032807
v -0.052122 0.026618 -0.038703
v -0.056345 0.024997 -0.031501
v -0.055821 0.023928 -0.030155
v -0.056345 0.027501 -0.029341
v -0.055821 0.026524 -0.027900
v -0.053432 0.029735 -0.033310
v -0.048949 0.027747 -0.043881
v -0.048040 0.030902 -0.042705
v -0.046951 0.033976 -0.041365
v -0.044570 0.033699 -0.046328
v -0.043846 0.035396 -0.045592
v -0.041103 0.040371 -0.042986
v -0.044175 0.033762 -0.047020
v -0.042190 0.036452 -0.047384
v -0.039947 0.039079 -0.047706
v -0.039392 0.038949 -0.049052
v -0.039717 0.038128 -0.049766
v -0.039761 0.037478 -0.050700
v -0.039554 0.037105 -0.051682
v -0.039757 0.034687 -0.054621
v -0.039120 0.036969 -0.052759
v -0.038439 0.037116 -0.053920
v -0.038206 0.037214 -0.054246
v -0.037257 0.037765 -0.055336
v -0.036770 0.038115 -0.055781
v -0.035611 0.039068 -0.056586
v -0.046282 0.028680 -0.048191
v -0.039022 0.031326 -0.060181
v -0.045146 0.029080 -0.050031
v -0.040608 0.024908 -0.063158
v -0.039316 0.039090 -0.048960
v -0.038693 0.040035 -0.048514
v -0.038468 0.040322 -0.048429
v -0.037488 0.041391 -0.048281
v -0.036605 0.042197 -0.048339
v -0.037413 0.041612 -0.047962
v -0.034559 0.044010 -0.048123
v -0.032087 0.045126 -0.050159
v -0.033692 0.044264 -0.049254
v -0.035198 0.043288 -0.048664
v -0.031531 0.045382 -0.050559
v -0.030419 0.045807 -0.051584
v -0.030324 0.045836 -0.051694
v -0.045674 0.036886 -0.039882
v -0.055821 0.010829 -0.036941
v -0.055821 0.007133 -0.037828
v -0.056345 0.004835 -0.039921
v -0.055822 0.003369 -0.038347
v -0.056345 0.008768 -0.039246
v -0.056345 0.007269 -0.039551
v -0.050199 0.011296 -0.049991
v -0.050521 0.006611 -0.050371
v -0.056345 0.000854 -0.040203
v -0.050734 0.001895 -0.050465
v -0.056345 -0.003137 -0.040089
v -0.050835 -0.002773 -0.050267
v -0.053744 -0.005226 -0.044809
v -0.056345 -0.007095 -0.039581
v -0.055822 -0.007974 -0.037658
v -0.056345 -0.008330 -0.039340
v -0.056346 -0.012168 -0.038327
v -0.055822 -0.011648 -0.036689
v -0.056346 -0.015888 -0.036941
v -0.055822 -0.015209 -0.035362
v -0.056346 -0.016386 -0.036723
v -0.055043 -0.017442 -0.038445
v -0.055822 -0.018622 -0.033691
v -0.056346 -0.019453 -0.035195
v -0.055822 -0.021853 -0.031691
v -0.055822 -0.004221 -0.038261
v -0.055822 -0.000428 -0.038491
v -0.056344 0.039508 0.007508
v -0.055820 0.037043 0.010479
v -0.053652 0.041523 0.008796
v -0.056344 0.038749 0.010760
v -0.056344 0.037672 0.014074
v -0.053665 0.039480 0.015566
v -0.056344 0.037462 0.014623
v -0.050668 0.043406 0.010095
v -0.053677 0.036355 0.021883
v -0.050721 0.037829 0.023518
v -0.050695 0.041162 0.017045
v -0.047453 0.045129 0.011382
v -0.047535 0.039167 0.025094
v -0.047495 0.042695 0.018489
v -0.044182 0.040349 0.026585
v -0.044127 0.044056 0.019872
v -0.044069 0.046667 0.012637
v -0.040577 0.047994 0.013836
v -0.044018 0.047778 0.007597
v -0.040512 0.049250 0.008504
v -0.036961 0.050480 0.009356
v -0.033427 0.051441 0.010136
v -0.037038 0.049085 0.014958
v -0.033331 0.052387 0.004166
v -0.029821 0.053453 0.001690
v -0.029957 0.052260 0.010088
v -0.033515 0.049913 0.015980
v -0.033622 0.046882 0.023418
v -0.037129 0.046172 0.022361
v -0.037214 0.042168 0.029208
v -0.033723 0.042765 0.030288
v -0.040651 0.045222 0.021171
v -0.040721 0.041356 0.027965
v -0.040785 0.036491 0.034066
v -0.037292 0.037170 0.035348
v -0.033814 0.037663 0.036441
v -0.037360 0.031295 0.040646
v -0.033894 0.031691 0.041744
v -0.030411 0.037953 0.037316
v -0.033961 0.024983 0.046082
v -0.030503 0.031918 0.042601
v -0.030580 0.025157 0.046918
v -0.034014 0.017685 0.049354
v -0.030640 0.017816 0.050171
v -0.034051 0.009958 0.051485
v -0.030683 0.010055 0.052286
v -0.032479 0.002007 0.052827
v -0.034072 0.001972 0.052416
v -0.030712 -0.003232 0.053143
v -0.037557 -0.003193 0.051257
v -0.037555 -0.008181 0.050691
v -0.030709 -0.008394 0.052543
v -0.037546 -0.013042 0.049619
v -0.030697 -0.013411 0.051421
v -0.037531 -0.017743 0.048055
v -0.030677 -0.018255 0.049793
v -0.037510 -0.022250 0.046020
v -0.030649 -0.022894 0.047680
v -0.037483 -0.026532 0.043537
v -0.030614 -0.027301 0.045109
v -0.037451 -0.030557 0.040634
v -0.030571 -0.031445 0.042109
v -0.037413 -0.034296 0.037344
v -0.030521 -0.035296 0.038711
v -0.037371 -0.037719 0.033700
v -0.030465 -0.038826 0.034952
v -0.037324 -0.040796 0.029738
v -0.030403 -0.042003 0.030865
v -0.037273 -0.043499 0.025496
v -0.030336 -0.044799 0.026488
v -0.037218 -0.045799 0.021012
v -0.030264 -0.047183 0.021859
v -0.037160 -0.047670 0.016324
v -0.030188 -0.049124 0.017013
v -0.037099 -0.049085 0.011468
v -0.030108 -0.050593 0.011988
v -0.037037 -0.050018 0.006480
v -0.040446 -0.049258 0.001790
v -0.036918 -0.050443 0.001884
v -0.044083 -0.047762 0.001682
v -0.044158 -0.046515 0.010708
v -0.044117 -0.047384 0.006007
v -0.050762 -0.043901 0.005438
v -0.050781 -0.043121 0.009774
v -0.050800 -0.041922 0.014004
v -0.056347 -0.039222 0.008859
v -0.056347 -0.039884 0.005110
v -0.055823 -0.038240 0.004404
v -0.056347 -0.040191 0.001225
v -0.051298 -0.043888 0.001435
v -0.055823 -0.038490 0.000442
v -0.055823 -0.038336 -0.003473
v -0.056347 -0.040165 -0.001941
v -0.055823 -0.038328 -0.003557
v -0.050692 -0.044249 -0.002307
v -0.043942 -0.047521 -0.006100
v -0.043964 -0.047811 -0.002223
v -0.040374 -0.048980 -0.006076
v -0.036760 -0.050175 -0.006019
v -0.040344 -0.047551 -0.013797
v -0.036697 -0.048743 -0.013808
v -0.036673 -0.047644 -0.017654
v -0.043936 -0.046078 -0.013715
v -0.043947 -0.044948 -0.017438
v -0.043934 -0.046940 -0.009933
v -0.043961 -0.043565 -0.021096
v -0.040338 -0.045090 -0.021333
v -0.040335 -0.043521 -0.025016
v -0.036647 -0.046320 -0.021462
v -0.032953 -0.047219 -0.021475
v -0.036619 -0.044794 -0.025227
v -0.032838 -0.044162 -0.028904
v -0.036476 -0.043213 -0.028766
v -0.032431 -0.041730 -0.034114
v -0.029020 -0.041006 -0.036962
v -0.029366 -0.045888 -0.026175
v -0.029287 -0.044737 -0.028878
v -0.029525 -0.048212 -0.020014
v -0.029635 -0.049714 -0.015196
v -0.033062 -0.049621 -0.013744
v -0.029669 -0.050137 -0.013613
v -0.029728 -0.050821 -0.010669
v -0.029808 -0.051558 -0.006363
v -0.033165 -0.051075 -0.005929
v -0.029818 -0.051628 -0.005814
v -0.028924 -0.039780 -0.039423
v -0.032158 -0.039006 -0.039315
v -0.032445 -0.032818 -0.049560
v -0.035389 -0.037990 -0.039069
v -0.035725 -0.040809 -0.033950
v -0.034483 -0.031964 -0.049307
v -0.036433 -0.031061 -0.048987
v -0.038579 -0.036736 -0.038688
v -0.038983 -0.039627 -0.033647
v -0.037491 -0.030533 -0.048780
v -0.034954 -0.025146 -0.058780
v -0.035935 -0.021092 -0.062800
v -0.033247 -0.023292 -0.063139
v -0.030282 -0.025216 -0.063443
v -0.029491 -0.023847 -0.066584
v -0.029057 -0.023437 -0.068239
v -0.031462 -0.021520 -0.068511
v -0.032061 -0.021902 -0.066655
v -0.034342 -0.019733 -0.066726
v -0.033595 -0.019403 -0.068799
v -0.036339 -0.017352 -0.066800
v -0.035469 -0.017100 -0.069112
v -0.037791 -0.015438 -0.066586
v -0.038878 -0.017964 -0.062336
v -0.036453 -0.017402 -0.066527
v -0.038320 -0.018632 -0.062434
v -0.037115 -0.020407 -0.062122
v -0.040271 -0.041871 -0.028460
v -0.055823 -0.037583 0.008319
v -0.056347 -0.038219 0.012499
v -0.055823 -0.036613 0.011880
v -0.055823 -0.036258 0.012924
v -0.055823 -0.036020 0.013572
v -0.055823 -0.035261 0.015438
v -0.055823 -0.033556 0.018860
v -0.056347 -0.035941 0.018035
v -0.056347 -0.036881 0.016024
v -0.050818 -0.040320 0.018094
v -0.056346 -0.034978 0.019838
v -0.044236 -0.043438 0.019719
v -0.050835 -0.038335 0.022007
v -0.044198 -0.045192 0.015290
v -0.056346 -0.031922 0.024454
v -0.056346 -0.034075 0.021352
v -0.050851 -0.035986 0.025708
v -0.044271 -0.041274 0.023957
v -0.044305 -0.038725 0.027967
v -0.044336 -0.035816 0.031712
v -0.050865 -0.033298 0.029163
v -0.056346 -0.029490 0.027337
v -0.050878 -0.030295 0.032337
v -0.050890 -0.027004 0.035200
v -0.044363 -0.032574 0.035156
v -0.056346 -0.027937 0.028923
v -0.056346 -0.024994 0.031500
v -0.055823 -0.023926 0.030153
v -0.055823 -0.026537 0.027883
v -0.055823 -0.029173 0.025113
v -0.055823 -0.031520 0.022096
v -0.055822 -0.021121 0.032181
v -0.056346 -0.021828 0.033772
v -0.056346 -0.018536 0.035685
v -0.055822 -0.017825 0.034118
v -0.056346 -0.015108 0.037266
v -0.055822 -0.014352 0.035718
v -0.056346 -0.011552 0.038517
v -0.055822 -0.010739 0.036966
v -0.056346 -0.009419 0.039094
v -0.055822 -0.007019 0.037848
v -0.055822 -0.003230 0.038357
v -0.056346 -0.005694 0.039807
v -0.056346 -0.006728 0.039646
v -0.050919 -0.011566 0.043005
v -0.050921 -0.007302 0.043939
v -0.056345 -0.001937 0.040165
v -0.050922 -0.002947 0.044439
v -0.044450 -0.012406 0.046732
v -0.044455 -0.007804 0.047740
v -0.044457 -0.003094 0.048273
v -0.044454 0.001689 0.048325
v -0.045692 0.001649 0.047676
v -0.049718 0.001507 0.045299
v -0.036841 0.001906 0.051559
v -0.041328 0.001785 0.049807
v -0.040951 0.009606 0.049038
v -0.044362 0.009359 0.047453
v -0.047667 0.009070 0.045667
v -0.047652 0.016288 0.043595
v -0.044341 0.016755 0.045349
v -0.040925 0.017148 0.046913
v -0.047630 0.023061 0.040406
v -0.044312 0.023706 0.042116
v -0.040888 0.024247 0.043651
v -0.047603 0.029228 0.036186
v -0.044275 0.030051 0.037838
v -0.040840 0.030744 0.039334
v -0.047571 0.034640 0.031040
v -0.044231 0.035642 0.032620
v -0.050744 0.033500 0.029353
v -0.053689 0.032240 0.027586
v -0.050765 0.028289 0.034407
v -0.053699 0.027246 0.032529
v -0.050782 0.022325 0.038552
v -0.050796 0.015756 0.041683
v -0.053707 0.021505 0.036584
v -0.053714 0.015163 0.039641
v -0.056345 0.023566 0.032586
v -0.056345 0.020612 0.034530
v -0.056345 0.020222 0.034760
v -0.055821 0.018862 0.033558
v -0.056345 0.016678 0.036592
v -0.055821 0.015441 0.035262
v -0.056345 0.012968 0.038064
v -0.055821 0.011867 0.036619
v -0.056345 0.014518 0.037501
v -0.055821 0.008176 0.037615
v -0.055822 0.004405 0.038240
v -0.056345 0.007997 0.039409
v -0.056345 0.009131 0.039162
v -0.053719 0.008385 0.041614
v -0.056345 0.005203 0.039873
v -0.050806 0.008744 0.043711
v -0.050921 0.001461 0.044500
v -0.053247 0.001366 0.042812
v -0.056345 0.001225 0.040193
v -0.055822 0.000590 0.038488
v -0.055821 0.022098 0.031522
v -0.055821 0.025116 0.029174
v -0.056344 0.026113 0.030583
v -0.056344 0.026677 0.030092
v -0.056344 0.029526 0.027302
v -0.056344 0.030874 0.025767
v -0.055821 0.027886 0.026538
v -0.055821 0.030156 0.023927
v -0.056344 0.031503 0.024995
v -0.055821 0.032368 0.020837
v -0.055821 0.034266 0.017544
v -0.056344 0.033827 0.021746
v -0.056344 0.034764 0.020215
v -0.056344 0.035818 0.018282
v -0.055820 0.035829 0.014080
v -0.037417 0.024676 0.044983
v -0.037462 0.017460 0.048258
v -0.037494 0.009807 0.050392
v -0.044440 -0.016863 0.045261
v -0.050914 -0.015702 0.041646
v -0.044426 -0.021141 0.043344
v -0.050908 -0.019676 0.039879
v -0.044409 -0.025206 0.041003
v -0.044388 -0.029028 0.038264
v -0.050900 -0.023454 0.037723
v -0.030307 0.043129 0.031178
v -0.030192 0.047329 0.024318
v -0.029532 0.053282 -0.016326
v -0.027513 0.053493 0.001187
v -0.019942 -0.027377 -0.068351
v -0.018876 -0.027657 -0.067567
v -0.019569 -0.028232 -0.070913
v -0.016986 -0.028961 -0.069683
v -0.017053 -0.028430 -0.068021
v -0.014239 -0.029503 -0.068309
v -0.013436 -0.029772 -0.068358
v -0.012831 -0.034266 -0.082080
v -0.012397 -0.034396 -0.082096
v -0.009405 -0.030870 -0.068561
v -0.008717 -0.035307 -0.082203
v -0.007143 -0.031310 -0.068640
v -0.006357 -0.035718 -0.082251
v -0.005348 -0.031571 -0.068686
v -0.004531 -0.035947 -0.082278
v -0.004684 -0.035930 -0.082277
v -0.001490 -0.031877 -0.068738
v -0.000351 -0.031902 -0.068742
v -0.000351 -0.032387 -0.070202
v -0.000351 -0.036180 -0.082306
v -0.000351 -0.034169 -0.075730
v -0.000351 -0.035875 -0.081282
v -0.000285 -0.036169 -0.082308
v -0.000275 -0.035861 -0.081287
v -0.000275 -0.034155 -0.075734
v -0.000209 -0.034114 -0.075747
v -0.000275 -0.032373 -0.070206
v -0.000209 -0.032332 -0.070220
v -0.000285 -0.031892 -0.068745
v -0.000226 -0.031862 -0.068756
v -0.000181 -0.031814 -0.068771
v -0.000165 -0.032270 -0.070240
v -0.000150 -0.032197 -0.070264
v -0.000150 -0.031713 -0.068806
v -0.000165 -0.031786 -0.068781
v -0.000155 -0.031756 -0.068791
v -0.000165 -0.034052 -0.075767
v -0.000150 -0.033978 -0.075790
v -0.000165 -0.035757 -0.081318
v -0.000209 -0.035820 -0.081299
v -0.000227 -0.036138 -0.082313
v -0.000182 -0.036089 -0.082321
v -0.000165 -0.036122 -0.083863
v -0.000209 -0.036187 -0.083861
v -0.000165 -0.036058 -0.082326
v -0.000155 -0.036028 -0.082331
v -0.000150 -0.035987 -0.082338
v -0.000150 -0.035981 -0.082339
v -0.000150 -0.035683 -0.081340
v -0.000150 -0.034826 -0.081262
v -0.000150 -0.035241 -0.083747
v -0.000150 -0.030955 -0.069059
v -0.000150 -0.035299 -0.085352
v -0.000150 -0.036045 -0.083866
v -0.000150 -0.036100 -0.085409
v -0.000161 -0.036167 -0.085414
v -0.000194 -0.036226 -0.085418
v -0.000244 -0.036271 -0.085422
v -0.000274 -0.036230 -0.083859
v -0.000274 -0.036286 -0.085423
v -0.000307 -0.036296 -0.085423
v -0.000351 -0.036301 -0.085424
v -0.000351 -0.036245 -0.083858
v -0.004730 -0.036052 -0.085406
v -0.004382 -0.036088 -0.085409
v -0.008349 -0.035518 -0.085368
v -0.012244 -0.034599 -0.085302
v -0.014805 -0.033789 -0.085244
v -0.017544 -0.032731 -0.085168
v -0.016921 -0.032899 -0.083552
v -0.016291 -0.033052 -0.081938
v -0.020022 -0.031285 -0.081500
v -0.018373 -0.032368 -0.085142
v -0.021601 -0.030722 -0.085024
v -0.017544 -0.032731 -0.085168
v -0.016925 -0.032898 -0.083562
v -0.019679 -0.031611 -0.083431
v -0.016291 -0.033052 -0.081938
v -0.018720 -0.031979 -0.081751
v -0.020096 -0.029597 -0.076075
v -0.021231 -0.029252 -0.076839
v -0.019800 -0.029670 -0.075843
v -0.018803 -0.029834 -0.074867
v -0.018594 -0.029841 -0.074587
v -0.010000 -0.029841 -0.074572
v -0.018138 -0.029703 -0.073508
v -0.018301 -0.029808 -0.074067
v -0.010000 -0.029218 -0.072327
v -0.010000 -0.027556 -0.070695
v -0.018422 -0.029193 -0.072285
v -0.018150 -0.029520 -0.072944
v -0.018871 -0.028827 -0.071767
v -0.019890 -0.028132 -0.071083
v -0.020849 -0.027535 -0.070683
v -0.021484 -0.027162 -0.070498
v -0.021761 -0.027006 -0.070432
v -0.025166 -0.027034 -0.078782
v 0.047665 0.009067 0.045667
v 0.050804 0.008741 0.043711
v 0.050794 0.015752 0.041683
v 0.044360 0.009356 0.047453
v 0.049551 0.001510 0.045405
v 0.047650 0.016285 0.043595
v 0.047629 0.023058 0.040406
v 0.044340 0.016752 0.045349
v 0.050781 0.022321 0.038553
v 0.050764 0.028285 0.034407
v 0.053706 0.021501 0.036584
v 0.053698 0.027242 0.032529
v 0.056343 0.022733 0.033170
v 0.056343 0.025974 0.030698
v 0.053688 0.032236 0.027586
v 0.053677 0.036351 0.021883
v 0.056344 0.031499 0.024995
v 0.056344 0.030870 0.025767
v 0.056344 0.028951 0.027907
v 0.050744 0.033497 0.029353
v 0.050721 0.037826 0.023518
v 0.047603 0.029224 0.036186
v 0.047571 0.034637 0.031040
v 0.047535 0.039164 0.025094
v 0.044274 0.030048 0.037838
v 0.044231 0.035639 0.032620
v 0.044182 0.040346 0.026585
v 0.040840 0.030741 0.039335
v 0.040784 0.036488 0.034066
v 0.040721 0.041353 0.027965
v 0.037359 0.031293 0.040646
v 0.037292 0.037167 0.035349
v 0.037214 0.042165 0.029208
v 0.033813 0.037660 0.036441
v 0.033893 0.031689 0.041745
v 0.033960 0.024980 0.046082
v 0.030502 0.031916 0.042601
v 0.030411 0.037951 0.037316
v 0.030307 0.043127 0.031178
v 0.033723 0.042763 0.030288
v 0.030192 0.047327 0.024318
v 0.033623 0.046880 0.023418
v 0.030069 0.050452 0.016882
v 0.027832 0.049026 0.020670
v 0.030132 0.049026 0.020670
v 0.033270 0.051476 0.010170
v 0.030003 0.051588 0.013008
v 0.028807 0.052286 0.009954
v 0.028920 0.050452 0.016882
v 0.027769 0.050452 0.016882
v 0.033516 0.049911 0.015980
v 0.037130 0.046169 0.022361
v 0.037039 0.049082 0.014958
v 0.040577 0.047991 0.013836
v 0.040652 0.045220 0.021171
v 0.036826 0.050520 0.009388
v 0.036739 0.051368 0.003654
v 0.043929 0.047816 0.007621
v 0.033175 0.052426 0.004189
v 0.033072 0.052869 -0.001861
v 0.029858 0.053239 0.003835
v 0.029931 0.052563 0.008502
v 0.029781 0.053634 -0.000986
v 0.028691 0.053352 0.002772
v 0.027435 0.053737 -0.003699
v 0.027527 0.053425 0.001978
v 0.028561 0.053764 -0.005256
v 0.029630 0.053678 -0.010204
v 0.029728 0.053749 -0.004249
v 0.028418 0.053459 -0.014188
v 0.027291 0.053555 -0.012685
v 0.027394 0.053763 -0.006247
v 0.027412 0.050763 -0.006290
v 0.027243 0.050280 -0.016295
v 0.027124 0.052519 -0.023175
v 0.027042 0.049002 -0.026541
v 0.027246 0.053351 -0.015548
v 0.028259 0.052371 -0.024213
v 0.028118 0.050893 -0.033077
v 0.029341 0.051688 -0.028546
v 0.029450 0.052718 -0.021551
v 0.026995 0.051241 -0.031303
v 0.026967 0.050915 -0.033075
v 0.026989 0.048586 -0.029075
v 0.026990 0.050914 -0.033075
v 0.026974 0.050733 -0.034024
v 0.026952 0.050736 -0.034025
v 0.026914 0.047967 -0.032518
v 0.029267 0.050870 -0.033078
v 0.026953 0.050496 -0.035246
v 0.026842 0.050042 -0.037568
v 0.026929 0.050309 -0.036198
v 0.026900 0.047564 -0.034609
v 0.026974 0.050733 -0.034025
v 0.026924 0.047762 -0.033591
v 0.026949 0.047967 -0.032519
v 0.026871 0.047374 -0.035578
v 0.026817 0.047192 -0.036509
v 0.026726 0.047019 -0.037408
v 0.026881 0.050131 -0.037112
v 0.026796 0.049960 -0.037994
v 0.026667 0.049799 -0.038847
v 0.026403 0.046700 -0.039122
v 0.026590 0.046854 -0.038278
v 0.026489 0.049648 -0.039671
v 0.026379 0.049576 -0.040072
v 0.026343 0.046660 -0.039343
v 0.026208 0.046581 -0.039791
v 0.026120 0.046536 -0.040049
v 0.026291 0.049526 -0.040358
v 0.026154 0.049457 -0.040756
v 0.025854 0.046423 -0.040724
v 0.025885 0.049349 -0.041407
v 0.025572 0.049252 -0.042025
v 0.025543 0.046321 -0.041366
v 0.025741 0.046383 -0.040972
v 0.025189 0.046230 -0.041971
v 0.025088 0.046208 -0.042123
v 0.025270 0.049178 -0.042524
v 0.025216 0.049167 -0.042605
v 0.025160 0.049155 -0.042687
v 0.024122 0.049002 -0.043878
v 0.028600 0.048825 -0.043779
v 0.024766 0.049085 -0.043203
v 0.024695 0.046135 -0.042654
v 0.025741 0.049302 -0.041706
v 0.028985 0.049426 -0.040378
v 0.034888 0.047165 -0.037626
v 0.026487 0.049646 -0.039678
v 0.029047 0.049584 -0.039551
v 0.033273 0.047223 -0.040691
v 0.032451 0.046665 -0.044351
v 0.034560 0.044008 -0.048123
v 0.031356 0.046228 -0.048156
v 0.037080 0.044764 -0.040782
v 0.028470 0.048693 -0.044613
v 0.027686 0.048194 -0.048380
v 0.017796 0.048934 -0.045896
v 0.015138 0.048794 -0.047903
v 0.019460 0.048899 -0.045774
v 0.021490 0.048883 -0.045374
v 0.026586 0.047884 -0.052071
v 0.022179 0.048892 -0.045122
v 0.023557 0.048953 -0.044344
v 0.029933 0.045964 -0.052107
v 0.028142 0.045919 -0.056201
v 0.032929 0.043841 -0.052021
v 0.031014 0.043877 -0.056039
v 0.025812 0.047795 -0.054172
v 0.024219 0.047798 -0.057817
v 0.014555 0.048548 -0.051868
v 0.013739 0.048528 -0.056008
v 0.000351 0.048796 -0.055989
v 0.000351 0.048812 -0.056389
v 0.011577 0.048777 -0.059637
v 0.000351 0.049074 -0.060028
v 0.000274 0.048797 -0.056389
v 0.003068 0.049714 -0.064935
v 0.010543 0.048964 -0.061336
v 0.010138 0.049041 -0.061911
v 0.008626 0.049296 -0.063465
v 0.000274 0.049059 -0.060030
v 0.000351 0.049745 -0.064932
v 0.008245 0.049350 -0.063736
v 0.012234 0.049593 -0.067564
v 0.010712 0.049941 -0.068741
v 0.006019 0.049586 -0.064687
v 0.009024 0.050270 -0.069585
v 0.007166 0.050554 -0.070101
v 0.011776 0.050829 -0.073904
v 0.003080 0.050905 -0.070396
v 0.008196 0.051711 -0.074920
v 0.008279 0.052111 -0.077012
v 0.003049 0.052793 -0.077127
v 0.003098 0.052417 -0.075245
v 0.000352 0.052175 -0.074182
v 0.000352 0.052899 -0.077135
v 0.000352 0.052532 -0.075267
v 0.000258 0.052510 -0.075275
v 0.000275 0.052885 -0.077138
v 0.000210 0.052476 -0.075285
v 0.000275 0.052161 -0.074187
v 0.000210 0.052842 -0.077146
v 0.000162 0.053119 -0.079014
v 0.000166 0.052778 -0.077158
v 0.000188 0.052452 -0.075291
v 0.000245 0.053223 -0.079007
v 0.000195 0.053178 -0.079010
v 0.000275 0.053238 -0.079006
v 0.000308 0.053248 -0.079005
v 0.000352 0.053253 -0.079005
v 0.002999 0.053154 -0.079012
v 0.006036 0.052846 -0.079034
v 0.009177 0.052306 -0.079072
v 0.012272 0.051544 -0.079127
v 0.013156 0.051283 -0.079146
v 0.010720 0.051556 -0.076736
v 0.013024 0.050870 -0.076262
v 0.012971 0.050683 -0.074767
v 0.017592 0.049264 -0.077008
v 0.015194 0.050060 -0.075564
v 0.015035 0.049942 -0.073691
v 0.017243 0.049136 -0.074640
v 0.021032 0.047042 -0.072289
v 0.016965 0.049149 -0.072270
v 0.020227 0.048385 -0.065026
v 0.020553 0.047574 -0.068656
v 0.017925 0.048950 -0.068464
v 0.013614 0.049255 -0.066086
v 0.015002 0.049836 -0.071775
v 0.016142 0.048680 -0.062479
v 0.022350 0.047997 -0.061428
v 0.025947 0.046137 -0.060440
v 0.025823 0.045322 -0.063474
v 0.025708 0.044335 -0.067116
v 0.026977 0.044545 -0.063160
v 0.028796 0.044157 -0.060150
v 0.030911 0.041410 -0.062110
v 0.032166 0.040221 -0.061786
v 0.033652 0.039827 -0.059341
v 0.039757 0.034684 -0.054621
v 0.035338 0.036694 -0.061005
v 0.035898 0.039398 -0.055408
v 0.033594 0.041688 -0.055761
v 0.037413 0.041610 -0.047962
v 0.039947 0.039077 -0.047706
v 0.040964 0.040575 -0.042859
v 0.039790 0.042188 -0.041807
v 0.039940 0.041994 -0.041940
v 0.044199 0.039590 -0.038268
v 0.047518 0.038843 -0.033053
v 0.042527 0.042077 -0.036529
v 0.048540 0.036668 -0.034583
v 0.045674 0.036883 -0.039882
v 0.038706 0.043502 -0.040856
v 0.037388 0.044913 -0.039723
v 0.037230 0.045070 -0.039588
v 0.037773 0.045828 -0.036197
v 0.035381 0.047862 -0.034111
v 0.040671 0.044333 -0.034681
v 0.032843 0.048693 -0.035949
v 0.043555 0.042679 -0.033094
v 0.038671 0.046344 -0.032758
v 0.041952 0.044620 -0.031313
v 0.043746 0.044404 -0.028192
v 0.040296 0.046316 -0.029531
v 0.037924 0.047478 -0.030383
v 0.040070 0.047825 -0.024348
v 0.043706 0.045918 -0.023318
v 0.047214 0.045020 -0.017556
v 0.047226 0.043748 -0.022198
v 0.047255 0.042136 -0.026687
v 0.043922 0.044298 -0.028120
v 0.043696 0.047102 -0.018303
v 0.044929 0.043680 -0.027702
v 0.046390 0.040855 -0.031443
v 0.049137 0.038855 -0.029734
v 0.050640 0.035071 -0.032698
v 0.052667 0.033379 -0.030784
v 0.051755 0.036674 -0.027972
v 0.050870 0.039355 -0.024943
v 0.054603 0.031592 -0.028843
v 0.054204 0.034319 -0.026171
v 0.053622 0.036829 -0.023440
v 0.056344 0.033173 -0.022727
v 0.056344 0.030702 -0.025969
v 0.055820 0.029142 -0.025148
v 0.055820 0.026520 -0.027899
v 0.056344 0.027912 -0.028946
v 0.056344 0.024993 -0.031501
v 0.053431 0.029732 -0.033310
v 0.055820 0.023924 -0.030154
v 0.053673 0.026043 -0.036118
v 0.046282 0.028677 -0.048191
v 0.056343 0.020419 -0.034642
v 0.056343 0.023821 -0.032396
v 0.050951 0.029386 -0.038560
v 0.050252 0.031912 -0.037348
v 0.045078 0.032373 -0.046860
v 0.049451 0.034350 -0.036018
v 0.046951 0.033973 -0.041365
v 0.044570 0.033697 -0.046327
v 0.044175 0.033759 -0.047020
v 0.042190 0.036449 -0.047384
v 0.043787 0.035522 -0.045533
v 0.045291 0.029025 -0.049796
v 0.039022 0.031324 -0.060181
v 0.048606 0.024254 -0.047171
v 0.056343 0.016809 -0.036531
v 0.049249 0.020111 -0.048405
v 0.041927 0.025414 -0.059581
v 0.042662 0.023456 -0.059455
v 0.040607 0.024905 -0.063158
v 0.042519 0.018932 -0.062798
v 0.039836 0.024609 -0.066870
v 0.037911 0.030537 -0.063801
v 0.034078 0.035104 -0.068348
v 0.037309 0.030025 -0.067515
v 0.034483 0.035738 -0.064638
v 0.030387 0.040372 -0.065750
v 0.030235 0.039681 -0.069446
v 0.030609 0.039480 -0.073180
v 0.025860 0.043679 -0.070783
v 0.034306 0.034923 -0.072115
v 0.031374 0.039637 -0.076918
v 0.035012 0.035080 -0.075894
v 0.037420 0.029902 -0.071297
v 0.040435 0.024843 -0.074470
v 0.038076 0.030077 -0.075099
v 0.039836 0.024611 -0.070667
v 0.042137 0.019344 -0.074005
v 0.041579 0.019039 -0.070237
v 0.041652 0.018886 -0.066468
v 0.043675 0.012747 -0.062801
v 0.042763 0.012956 -0.066431
v 0.042652 0.013272 -0.070165
v 0.043176 0.006948 -0.066816
v 0.043046 0.007433 -0.070566
v 0.043464 0.004211 -0.074813
v 0.043582 0.007921 -0.074305
v 0.042909 0.003675 -0.071059
v 0.043044 0.003079 -0.067272
v 0.043018 0.000542 -0.075421
v 0.042427 -0.000023 -0.071657
v 0.041597 -0.003619 -0.072322
v 0.042218 -0.003155 -0.076122
v 0.042703 -0.001118 -0.075721
v 0.042559 -0.000724 -0.067827
v 0.043582 -0.001569 -0.064048
v 0.044029 0.002429 -0.063561
v 0.041726 -0.004325 -0.068426
v 0.041572 -0.008916 -0.065122
v 0.040527 -0.007813 -0.069075
v 0.042778 -0.005300 -0.064568
v 0.044480 -0.006447 -0.060831
v 0.045232 -0.002499 -0.060403
v 0.049321 -0.011224 -0.051135
v 0.045615 0.001755 -0.060003
v 0.048649 -0.005483 -0.053791
v 0.052120 -0.008468 -0.047228
v 0.050832 -0.002804 -0.050265
v 0.050734 0.001835 -0.050464
v 0.053741 -0.005259 -0.044805
v 0.045658 0.006033 -0.059675
v 0.050206 0.011181 -0.050003
v 0.050523 0.006523 -0.050375
v 0.045156 0.012622 -0.059349
v 0.044126 0.006478 -0.063161
v 0.044838 0.014798 -0.059298
v 0.043949 0.019124 -0.059299
v 0.049782 0.015734 -0.049348
v 0.056343 0.011950 -0.038397
v 0.056343 0.013025 -0.038045
v 0.055819 0.010825 -0.036941
v 0.055820 0.014414 -0.035694
v 0.055819 0.007130 -0.037828
v 0.056343 0.009106 -0.039168
v 0.055819 0.003365 -0.038346
v 0.056343 0.005092 -0.039889
v 0.056343 0.001025 -0.040199
v 0.055819 -0.000432 -0.038491
v 0.055819 -0.004225 -0.038261
v 0.055819 -0.007977 -0.037658
v 0.056343 -0.003053 -0.040096
v 0.056342 -0.007099 -0.039581
v 0.054277 -0.007786 -0.043428
v 0.056342 -0.008333 -0.039340
v 0.055819 -0.011652 -0.036689
v 0.054145 -0.013254 -0.042133
v 0.056342 -0.012172 -0.038327
v 0.053957 -0.015902 -0.041220
v 0.056342 -0.015892 -0.036941
v 0.055819 -0.015213 -0.035362
v 0.056342 -0.016390 -0.036723
v 0.055818 -0.018625 -0.033691
v 0.056342 -0.020788 -0.034426
v 0.056342 -0.022832 -0.033105
v 0.055818 -0.021857 -0.031691
v 0.056342 -0.019457 -0.035195
v 0.053122 -0.023521 -0.037478
v 0.054768 -0.022185 -0.035975
v 0.054902 -0.026166 -0.032694
v 0.052823 -0.025909 -0.035923
v 0.049604 -0.025977 -0.040345
v 0.048949 -0.028614 -0.038519
v 0.051732 -0.028731 -0.034739
v 0.051400 -0.024796 -0.038930
v 0.052282 -0.019483 -0.041790
v 0.050813 -0.020456 -0.043405
v 0.049850 -0.021495 -0.044031
v 0.049322 -0.017309 -0.047984
v 0.051339 -0.017581 -0.044646
v 0.051740 -0.014615 -0.045703
v 0.051820 -0.013839 -0.045943
v 0.047121 -0.014621 -0.052977
v 0.044541 -0.017731 -0.054678
v 0.043284 -0.010278 -0.061293
v 0.041597 -0.013918 -0.061769
v 0.039945 -0.012360 -0.065686
v 0.037896 -0.015576 -0.066225
v 0.038964 -0.011147 -0.069750
v 0.037051 -0.014292 -0.070417
v 0.036150 -0.017281 -0.067253
v 0.035172 -0.016541 -0.075546
v 0.037150 -0.013634 -0.074704
v 0.034898 -0.017119 -0.071019
v 0.034775 -0.017170 -0.071433
v 0.035531 -0.017231 -0.069137
v 0.033754 -0.018451 -0.071109
v 0.033591 -0.019405 -0.068799
v 0.031452 -0.020909 -0.070495
v 0.031459 -0.021522 -0.068511
v 0.034338 -0.019736 -0.066726
v 0.037270 -0.019785 -0.062603
v 0.038317 -0.018634 -0.062434
v 0.032057 -0.021904 -0.066655
v 0.032586 -0.023761 -0.063212
v 0.029487 -0.023849 -0.066583
v 0.029053 -0.023439 -0.068239
v 0.026626 -0.025566 -0.066486
v 0.030673 -0.024987 -0.063406
v 0.027833 -0.030370 -0.057034
v 0.027064 -0.026839 -0.063704
v 0.031286 -0.026960 -0.059806
v 0.034950 -0.025149 -0.058780
v 0.034478 -0.031966 -0.049307
v 0.031434 -0.033211 -0.049656
v 0.032528 -0.032785 -0.049551
v 0.035383 -0.037993 -0.039069
v 0.032153 -0.039009 -0.039315
v 0.029006 -0.040896 -0.037190
v 0.032425 -0.041732 -0.034113
v 0.035720 -0.040811 -0.033949
v 0.036632 -0.043165 -0.028756
v 0.038977 -0.039629 -0.033647
v 0.032912 -0.044147 -0.028903
v 0.029340 -0.045593 -0.026897
v 0.029281 -0.044739 -0.028878
v 0.032928 -0.047275 -0.021337
v 0.029507 -0.048037 -0.020525
v 0.029621 -0.049607 -0.015582
v 0.033036 -0.049651 -0.013651
v 0.029664 -0.050163 -0.013520
v 0.029716 -0.050765 -0.010947
v 0.036677 -0.049621 -0.009859
v 0.036649 -0.048781 -0.013715
v 0.043844 -0.046993 -0.009866
v 0.036711 -0.050195 -0.005971
v 0.036754 -0.050487 -0.002055
v 0.029799 -0.051536 -0.006545
v 0.043853 -0.047566 -0.006054
v 0.043875 -0.047852 -0.002198
v 0.047295 -0.045891 -0.006044
v 0.047303 -0.044439 -0.013481
v 0.047332 -0.046180 0.001577
v 0.050341 -0.044482 0.001471
v 0.050566 -0.044017 -0.006000
v 0.053603 -0.041975 -0.005920
v 0.050581 -0.042522 -0.013268
v 0.053613 -0.042326 0.001344
v 0.050756 -0.043905 0.005439
v 0.056341 -0.039956 0.004547
v 0.056341 -0.040195 0.001225
v 0.056342 -0.040138 -0.002502
v 0.055818 -0.037851 -0.007021
v 0.055818 -0.038491 0.000588
v 0.055818 -0.038360 -0.003232
v 0.056342 -0.039796 -0.005803
v 0.056342 -0.039681 -0.006548
v 0.056342 -0.038816 -0.010527
v 0.053615 -0.040423 -0.012992
v 0.056342 -0.038175 -0.012655
v 0.055818 -0.036969 -0.010740
v 0.055818 -0.035721 -0.014354
v 0.056342 -0.037551 -0.014401
v 0.055818 -0.034121 -0.017826
v 0.056342 -0.036920 -0.015948
v 0.056342 -0.035898 -0.018130
v 0.053628 -0.039211 -0.016403
v 0.050599 -0.041347 -0.016789
v 0.053643 -0.037719 -0.019707
v 0.050622 -0.039901 -0.020217
v 0.047343 -0.041893 -0.020642
v 0.047366 -0.040243 -0.024091
v 0.050645 -0.038198 -0.023537
v 0.051604 -0.035584 -0.026493
v 0.053677 -0.033955 -0.025911
v 0.046015 -0.039153 -0.027680
v 0.048750 -0.037538 -0.027160
v 0.049522 -0.033886 -0.031538
v 0.051932 -0.032200 -0.030590
v 0.054224 -0.030353 -0.029565
v 0.052221 -0.030226 -0.032491
v 0.050434 -0.029652 -0.035481
v 0.056342 -0.026646 -0.030120
v 0.056342 -0.024822 -0.031641
v 0.056342 -0.027896 -0.028967
v 0.055818 -0.024875 -0.029381
v 0.055818 -0.027651 -0.026785
v 0.056342 -0.030684 -0.025994
v 0.055818 -0.030157 -0.023927
v 0.056342 -0.031503 -0.024996
v 0.055818 -0.032184 -0.021123
v 0.056342 -0.033875 -0.021675
v 0.048299 -0.031032 -0.036596
v 0.047581 -0.033581 -0.034265
v 0.045269 -0.036554 -0.032661
v 0.047065 -0.035391 -0.032382
v 0.047602 -0.031613 -0.036735
v 0.044717 -0.033538 -0.037522
v 0.045993 -0.025038 -0.046075
v 0.043855 -0.026669 -0.046954
v 0.041696 -0.035250 -0.038172
v 0.040386 -0.028935 -0.048080
v 0.038574 -0.036738 -0.038688
v 0.042171 -0.038203 -0.033216
v 0.040513 -0.041774 -0.028435
v 0.044442 -0.039983 -0.027933
v 0.043884 -0.042062 -0.024538
v 0.043870 -0.043661 -0.020972
v 0.040267 -0.045170 -0.021203
v 0.043857 -0.045027 -0.017332
v 0.036599 -0.046386 -0.021327
v 0.040273 -0.047601 -0.013707
v 0.043846 -0.046143 -0.013628
v 0.036600 -0.030980 -0.048955
v 0.038409 -0.023004 -0.057584
v 0.041621 -0.020530 -0.056216
v 0.043126 -0.023333 -0.051478
v 0.038874 -0.017966 -0.062336
v 0.039410 -0.017281 -0.062238
v 0.046388 -0.020488 -0.049856
v 0.047009 -0.024188 -0.045599
v 0.046745 -0.036516 -0.031099
v 0.055818 -0.038243 0.004403
v 0.055818 -0.037618 0.008174
v 0.055818 -0.036622 0.011865
v 0.056341 -0.039290 0.008570
v 0.056341 -0.038221 0.012504
v 0.050776 -0.043124 0.009774
v 0.050795 -0.041925 0.014005
v 0.044152 -0.046518 0.010708
v 0.044192 -0.045195 0.015290
v 0.044230 -0.043441 0.019719
v 0.037212 -0.045802 0.021012
v 0.037154 -0.047673 0.016324
v 0.037093 -0.049088 0.011468
v 0.030141 -0.049954 0.014411
v 0.030182 -0.049126 0.017013
v 0.030212 -0.048417 0.018943
v 0.030258 -0.047185 0.021859
v 0.030282 -0.046475 0.023352
v 0.037267 -0.043501 0.025496
v 0.030348 -0.044152 0.027587
v 0.037318 -0.040798 0.029738
v 0.030409 -0.041478 0.031600
v 0.037366 -0.037721 0.033700
v 0.030466 -0.038488 0.035345
v 0.037408 -0.034299 0.037344
v 0.030517 -0.035221 0.038786
v 0.037446 -0.030560 0.040635
v 0.030563 -0.031713 0.041895
v 0.037479 -0.026534 0.043537
v 0.030603 -0.027996 0.044649
v 0.030636 -0.024101 0.047035
v 0.037506 -0.022252 0.046020
v 0.030645 -0.022897 0.047680
v 0.030663 -0.020051 0.049043
v 0.037527 -0.017745 0.048055
v 0.030673 -0.018257 0.049793
v 0.030684 -0.015864 0.050667
v 0.037542 -0.013045 0.049619
v 0.030693 -0.013413 0.051421
v 0.030699 -0.011553 0.051902
v 0.037551 -0.008184 0.050691
v 0.030705 -0.008396 0.052543
v 0.030707 -0.007125 0.052742
v 0.037554 -0.003195 0.051257
v 0.030709 -0.002586 0.053180
v 0.031927 0.002016 0.052953
v 0.034070 0.001970 0.052416
v 0.036357 0.001916 0.051721
v 0.030704 0.002040 0.053207
v 0.028404 0.002040 0.053207
v 0.030681 0.010053 0.052286
v 0.028395 0.006049 0.052900
v 0.030695 0.006049 0.052900
v 0.030709 -0.002450 0.053187
v 0.030709 -0.002804 0.053168
v 0.028409 -0.003236 0.053141
v 0.028405 -0.008398 0.052540
v 0.028409 -0.003045 0.050147
v 0.030707 -0.006858 0.052779
v 0.028404 0.001924 0.050209
v 0.028381 0.009487 0.049332
v 0.028381 0.010055 0.052278
v 0.028338 0.016808 0.047331
v 0.028338 0.017813 0.050157
v 0.028278 0.023734 0.044267
v 0.028279 0.025154 0.046909
v 0.028202 0.030116 0.040201
v 0.028202 0.031917 0.042600
v 0.028111 0.035804 0.035210
v 0.028111 0.037945 0.037312
v 0.028007 0.040682 0.029417
v 0.028007 0.043114 0.031172
v 0.027892 0.044650 0.022949
v 0.027892 0.047319 0.024317
v 0.027769 0.047606 0.015933
v 0.027657 0.049385 0.009197
v 0.027614 0.052760 0.007341
v 0.027653 0.052320 0.009783
v 0.027696 0.051738 0.012408
v 0.027535 0.050457 0.001560
v 0.030702 -0.010390 0.052163
v 0.028402 -0.010389 0.052160
v 0.030700 -0.011161 0.051993
v 0.030686 -0.015357 0.050835
v 0.030676 -0.017735 0.049995
v 0.028393 -0.013416 0.051419
v 0.028405 -0.007897 0.049583
v 0.028376 -0.017735 0.049995
v 0.028393 -0.012609 0.048530
v 0.028373 -0.017157 0.047001
v 0.028345 -0.022899 0.047677
v 0.028345 -0.021519 0.045014
v 0.028373 -0.018259 0.049792
v 0.030667 -0.019437 0.049309
v 0.030641 -0.023390 0.047421
v 0.030631 -0.024748 0.046672
v 0.030610 -0.027201 0.045176
v 0.028331 -0.024747 0.046670
v 0.028309 -0.027306 0.045105
v 0.028309 -0.025668 0.042592
v 0.028266 -0.031450 0.042105
v 0.030573 -0.030848 0.042581
v 0.030568 -0.031287 0.042236
v 0.030530 -0.034307 0.039650
v 0.030488 -0.037145 0.036832
v 0.028216 -0.035301 0.038708
v 0.028266 -0.029575 0.039763
v 0.028216 -0.033213 0.036555
v 0.028188 -0.037145 0.036833
v 0.028160 -0.036549 0.032999
v 0.028160 -0.038831 0.034948
v 0.030482 -0.037547 0.036399
v 0.030428 -0.040535 0.032853
v 0.028097 -0.042010 0.030862
v 0.030394 -0.042197 0.030591
v 0.030370 -0.043238 0.029043
v 0.030308 -0.045623 0.025009
v 0.030288 -0.046266 0.023771
v 0.028030 -0.044806 0.026485
v 0.028098 -0.039554 0.029131
v 0.028030 -0.042199 0.024989
v 0.027988 -0.046269 0.023773
v 0.027957 -0.047191 0.021855
v 0.030242 -0.047658 0.020794
v 0.027958 -0.044453 0.020609
v 0.027881 -0.049131 0.017008
v 0.027881 -0.046289 0.016027
v 0.027802 -0.050599 0.011979
v 0.027802 -0.047677 0.011281
v 0.027757 -0.051191 0.009159
v 0.027719 -0.048587 0.006406
v 0.027719 -0.051561 0.006806
v 0.027643 -0.048975 0.001926
v 0.027643 -0.051972 0.002041
v 0.027529 -0.048804 -0.004120
v 0.027594 -0.051992 -0.001004
v 0.027536 -0.051791 -0.004396
v 0.027380 -0.047819 -0.010485
v 0.027412 -0.050753 -0.011111
v 0.028737 -0.051991 -0.001004
v 0.028680 -0.051791 -0.004358
v 0.029894 -0.051990 -0.001004
v 0.029837 -0.051788 -0.004358
v 0.028560 -0.050784 -0.010909
v 0.027267 -0.048982 -0.017799
v 0.029717 -0.050772 -0.010908
v 0.028413 -0.048966 -0.017778
v 0.029571 -0.048944 -0.017776
v 0.028221 -0.046234 -0.025366
v 0.027097 -0.046630 -0.024449
v 0.029381 -0.046202 -0.025361
v 0.029280 -0.044729 -0.028874
v 0.027888 -0.041594 -0.035781
v 0.027071 -0.046265 -0.025370
v 0.026896 -0.043854 -0.031033
v 0.026800 -0.041120 -0.029801
v 0.026547 -0.038115 -0.036178
v 0.026661 -0.040804 -0.037502
v 0.025912 -0.031770 -0.048438
v 0.026064 -0.034403 -0.049867
v 0.027259 -0.034641 -0.049300
v 0.029053 -0.041550 -0.035771
v 0.028418 -0.034579 -0.049285
v 0.028384 -0.034280 -0.049837
v 0.028574 -0.036023 -0.046614
v 0.025894 -0.033103 -0.052276
v 0.027829 -0.030348 -0.057076
v 0.025333 -0.030091 -0.057877
v 0.025169 -0.029489 -0.059013
v 0.025757 -0.032200 -0.053947
v 0.025590 -0.029570 -0.052513
v 0.025733 -0.030472 -0.050843
v 0.025151 -0.027458 -0.056452
v 0.024983 -0.026853 -0.057592
v 0.024975 -0.028943 -0.060055
v 0.024786 -0.026304 -0.058640
v 0.024170 -0.025228 -0.060746
v 0.024364 -0.027874 -0.062144
v 0.023512 -0.024582 -0.062133
v 0.021995 -0.023925 -0.064355
v 0.023774 -0.027277 -0.063423
v 0.022542 -0.026760 -0.065171
v 0.023721 -0.026742 -0.064643
v 0.025732 -0.027370 -0.062903
v 0.023310 -0.026126 -0.067345
v 0.026612 -0.025537 -0.066566
v 0.026082 -0.024961 -0.069457
v 0.026197 -0.025003 -0.068850
v 0.026971 -0.024419 -0.069602
v 0.025898 -0.024988 -0.070412
v 0.022867 -0.026371 -0.070014
v 0.025583 -0.025286 -0.072034
v 0.025581 -0.025288 -0.072042
v 0.028924 -0.023064 -0.069954
v 0.030911 -0.021413 -0.070369
v 0.026376 -0.025158 -0.067890
v 0.029999 -0.021906 -0.073655
v 0.030223 -0.021704 -0.072846
v 0.031014 -0.020993 -0.074088
v 0.028950 -0.022793 -0.073235
v 0.029774 -0.022152 -0.074451
v 0.033870 -0.018122 -0.075470
v 0.033329 -0.019206 -0.077814
v 0.030292 -0.022162 -0.077475
v 0.032930 -0.020016 -0.079154
v 0.025110 -0.026215 -0.074493
v 0.024711 -0.027055 -0.076373
v 0.028025 -0.024637 -0.079347
v 0.031618 -0.022280 -0.082056
v 0.029777 -0.024782 -0.084506
v 0.027556 -0.025746 -0.081902
v 0.027447 -0.025613 -0.081140
v 0.034111 -0.019464 -0.081383
v 0.027172 -0.025649 -0.080447
v 0.026767 -0.025845 -0.079876
v 0.026264 -0.026183 -0.079473
v 0.025699 -0.026640 -0.079286
v 0.025136 -0.027160 -0.079355
v 0.024171 -0.027899 -0.077997
v 0.024644 -0.027658 -0.079673
v 0.023810 -0.028345 -0.078717
v 0.022978 -0.029188 -0.079830
v 0.024260 -0.028077 -0.080215
v 0.024218 -0.027991 -0.079199
v 0.023810 -0.028345 -0.078717
v 0.024386 -0.026517 -0.073939
v 0.024211 -0.027846 -0.077904
v 0.024725 -0.027029 -0.076318
v 0.022686 -0.027178 -0.072749
v 0.021313 -0.030481 -0.081011
v 0.022522 -0.029581 -0.080250
v 0.024040 -0.028357 -0.080909
v 0.023485 -0.028873 -0.081404
v 0.022193 -0.030062 -0.083121
v 0.024230 -0.028479 -0.082441
v 0.024025 -0.028490 -0.081683
v 0.024623 -0.028335 -0.083083
v 0.023133 -0.029796 -0.084958
v 0.025138 -0.028079 -0.083543
v 0.025713 -0.027730 -0.083794
v 0.026599 -0.027391 -0.084785
v 0.026302 -0.027300 -0.083817
v 0.026850 -0.026815 -0.083586
v 0.027274 -0.026338 -0.083107
v 0.029562 -0.025004 -0.084618
v 0.027510 -0.025949 -0.082452
v 0.028648 -0.025371 -0.083477
v 0.019616 -0.031642 -0.083416
v 0.020408 -0.031376 -0.085071
v 0.016916 -0.032900 -0.083552
v 0.017540 -0.032732 -0.085168
v 0.013834 -0.034116 -0.085267
v 0.012509 -0.034362 -0.082092
v 0.012587 -0.034339 -0.082089
v 0.010032 -0.035166 -0.085342
v 0.009319 -0.035180 -0.082188
v 0.006511 -0.035827 -0.085390
v 0.005466 -0.035839 -0.082266
v 0.002577 -0.036228 -0.085419
v 0.006414 -0.035710 -0.082251
v 0.007208 -0.031299 -0.068638
v 0.006844 -0.031358 -0.068648
v 0.006066 -0.031476 -0.068669
v 0.006641 -0.029914 -0.069128
v 0.004217 -0.031696 -0.068707
v 0.000352 -0.031902 -0.068742
v 0.002386 -0.030240 -0.069262
v 0.000000 -0.030287 -0.069282
v 0.000000 -0.030955 -0.069059
v 0.000150 -0.030955 -0.069059
v 0.000251 -0.031807 -0.068774
v 0.000150 -0.031712 -0.068806
v 0.000162 -0.031775 -0.068785
v 0.000194 -0.031831 -0.068766
v 0.000244 -0.031873 -0.068752
v 0.000307 -0.031897 -0.068743
v 0.000352 -0.034506 -0.076806
v 0.001582 -0.036153 -0.082303
v 0.000352 -0.036180 -0.082306
v 0.000352 -0.036245 -0.083858
v 0.000352 -0.036301 -0.085424
v 0.009622 -0.029473 -0.068966
v 0.009773 -0.030787 -0.068545
v 0.013102 -0.028665 -0.068722
v 0.013432 -0.029772 -0.068357
v 0.014512 -0.028180 -0.068617
v 0.014736 -0.028084 -0.068600
v 0.015985 -0.027350 -0.068487
v 0.016747 -0.028556 -0.068070
v 0.017991 -0.028032 -0.067824
v 0.016372 -0.027013 -0.068440
v 0.017126 -0.028925 -0.069745
v 0.019309 -0.028311 -0.070780
v 0.016656 -0.026707 -0.068398
v 0.019937 -0.027379 -0.068351
v 0.020118 -0.027168 -0.067040
v 0.019145 -0.027544 -0.067470
v 0.021045 -0.026885 -0.066487
v 0.020205 -0.024012 -0.066285
v 0.019868 -0.024098 -0.066587
v 0.018764 -0.024236 -0.067410
v 0.018339 -0.024216 -0.067677
v 0.017416 -0.024038 -0.068207
v 0.017397 -0.025138 -0.068230
v 0.017166 -0.025889 -0.068299
v 0.016892 -0.032807 -0.081908
v 0.018831 -0.031922 -0.081724
v 0.020636 -0.030918 -0.081289
v 0.016287 -0.033053 -0.081938
v 0.037985 -0.013493 -0.078903
v 0.034784 -0.019639 -0.084229
v 0.032059 -0.022662 -0.084446
v 0.036632 -0.017227 -0.084057
v 0.038828 -0.013830 -0.083813
v 0.038259 -0.012997 -0.078733
v 0.040707 -0.010242 -0.083556
v 0.039668 -0.010197 -0.077851
v 0.042262 -0.006466 -0.083285
v 0.041092 -0.006744 -0.076928
v 0.043196 -0.003546 -0.083076
v 0.044114 0.000386 -0.082794
v 0.044669 0.004393 -0.082507
v 0.044857 0.008469 -0.082215
v 0.044429 0.011269 -0.079809
v 0.044849 0.009300 -0.082155
v 0.044419 0.011160 -0.079709
v 0.043918 0.008817 -0.076229
v 0.043910 0.008791 -0.076182
v 0.043889 0.008769 -0.076059
v 0.043867 0.008809 -0.075927
v 0.043848 0.008914 -0.075823
v 0.043838 0.009063 -0.075776
v 0.043186 0.013666 -0.073899
v 0.043537 0.013195 -0.075491
v 0.043531 0.013256 -0.075493
v 0.043525 0.013395 -0.075546
v 0.043533 0.013486 -0.075645
v 0.043553 0.013524 -0.075781
v 0.043581 0.013496 -0.075916
v 0.044500 0.014095 -0.081811
v 0.044382 0.011662 -0.079665
v 0.044392 0.011633 -0.079715
v 0.044587 0.013362 -0.081864
v 0.044181 0.016207 -0.081660
v 0.043295 0.020172 -0.081376
v 0.042051 0.024048 -0.081098
v 0.040445 0.027825 -0.080827
v 0.039118 0.030376 -0.080644
v 0.036967 0.033825 -0.080397
v 0.035719 0.035549 -0.080274
v 0.034507 0.037071 -0.080164
v 0.031739 0.040105 -0.079947
v 0.029518 0.042180 -0.079798
v 0.027527 0.043819 -0.079681
v 0.027227 0.043679 -0.078151
v 0.026335 0.044713 -0.079617
v 0.022928 0.046952 -0.079456
v 0.026401 0.043504 -0.074469
v 0.021747 0.046938 -0.075921
v 0.021911 0.047539 -0.079414
v 0.022610 0.047140 -0.079443
v 0.018259 0.049370 -0.079283
v 0.015305 0.050563 -0.079197
v 0.044415 0.011521 -0.079812
v 0.044427 0.011394 -0.079841
v 0.040427 -0.007105 -0.073060
v 0.038937 -0.010451 -0.073860
v 0.029559 -0.025003 -0.084610
v 0.032419 -0.020445 -0.078816
v 0.033028 -0.019822 -0.078855
v 0.032254 -0.020310 -0.077691
v 0.033200 -0.019472 -0.078281
v 0.033355 -0.019152 -0.077716
v 0.033651 -0.018539 -0.076481
v 0.032499 -0.019858 -0.076818
v 0.031290 -0.021136 -0.077114
v 0.032728 -0.019453 -0.075918
v 0.031535 -0.020732 -0.076276
v 0.031769 -0.020370 -0.075416
v 0.030551 -0.021592 -0.075748
v 0.029547 -0.022439 -0.075232
v 0.030785 -0.021270 -0.074927
v 0.029313 -0.022762 -0.075998
v 0.028311 -0.023703 -0.076303
v 0.029071 -0.023115 -0.076746
v 0.029950 -0.022429 -0.077269
v 0.026669 -0.024979 -0.075366
v 0.027286 -0.024364 -0.074925
v 0.028523 -0.023274 -0.074729
v 0.028737 -0.023015 -0.073988
v 0.027480 -0.024097 -0.074236
v 0.027673 -0.023858 -0.073537
v 0.026581 -0.024681 -0.073097
v 0.027865 -0.023654 -0.072826
v 0.026743 -0.024486 -0.072429
v 0.028057 -0.023489 -0.072105
v 0.025531 -0.025364 -0.072303
v 0.026905 -0.024330 -0.071751
v 0.028248 -0.023370 -0.071374
v 0.027068 -0.024219 -0.071063
v 0.025714 -0.025124 -0.071359
v 0.028439 -0.023301 -0.070637
v 0.027230 -0.024158 -0.070370
v 0.027830 -0.023852 -0.069751
v 0.027390 -0.024148 -0.069674
v 0.028665 -0.023258 -0.069904
v 0.029476 -0.022635 -0.070063
v 0.029587 -0.022399 -0.070914
v 0.029802 -0.022371 -0.070129
v 0.030264 -0.021984 -0.070226
v 0.031032 -0.021303 -0.070397
v 0.031779 -0.020592 -0.070574
v 0.031714 -0.020472 -0.071496
v 0.030678 -0.021455 -0.071199
v 0.031475 -0.020590 -0.072369
v 0.030449 -0.021553 -0.072026
v 0.029374 -0.022481 -0.071695
v 0.029162 -0.022613 -0.072470
v 0.031243 -0.020765 -0.073235
v 0.031996 -0.020057 -0.074535
v 0.032223 -0.019797 -0.073636
v 0.033167 -0.018804 -0.074052
v 0.032455 -0.019594 -0.072724
v 0.032948 -0.019100 -0.074995
v 0.033920 -0.018034 -0.075228
v 0.034076 -0.017786 -0.074482
v 0.034183 -0.017639 -0.073971
v 0.034290 -0.017514 -0.073476
v 0.033393 -0.018568 -0.073093
v 0.032697 -0.019451 -0.071804
v 0.033632 -0.018396 -0.072124
v 0.034585 -0.017418 -0.071370
v 0.033909 -0.018264 -0.071156
v 0.033217 -0.019074 -0.070953
v 0.034462 -0.017352 -0.072707
v 0.032952 -0.019369 -0.070879
v 0.032507 -0.019849 -0.070759
v 0.025341 -0.025708 -0.073285
v 0.026420 -0.024908 -0.073755
v 0.026259 -0.025160 -0.074403
v 0.025225 -0.025956 -0.073890
v 0.025110 -0.026215 -0.074493
v 0.031283 -0.021373 -0.078087
v 0.027020 -0.043837 -0.023355
v 0.027212 -0.046119 -0.016903
v 0.028786 -0.051972 0.002041
v 0.029943 -0.051972 0.002041
v 0.029993 -0.051754 0.005167
v 0.035206 -0.050924 0.001926
v 0.029964 -0.051905 0.003340
v 0.029872 -0.051939 -0.002308
v 0.030031 -0.051461 0.007517
v 0.030057 -0.051190 0.009159
v 0.030102 -0.050591 0.012004
v 0.030173 -0.049320 0.016443
v 0.036803 -0.050478 0.001887
v 0.037031 -0.050021 0.006481
v 0.036973 -0.050428 0.001883
v 0.030020 -0.051560 0.006817
v 0.030067 -0.051069 0.009805
v 0.044111 -0.047387 0.006007
v 0.043228 -0.048139 0.001708
v 0.030102 -0.050595 0.011988
v 0.030679 0.010599 0.052178
v 0.028379 0.010599 0.052178
v 0.030656 0.015049 0.051071
v 0.028356 0.015049 0.051071
v 0.030628 0.019388 0.049584
v 0.028328 0.019388 0.049583
v 0.030593 0.023585 0.047728
v 0.028293 0.023585 0.047728
v 0.030554 0.027607 0.045516
v 0.028253 0.027607 0.045516
v 0.030508 0.031425 0.042965
v 0.028208 0.031425 0.042965
v 0.030496 0.032355 0.042268
v 0.028196 0.032355 0.042268
v 0.030445 0.035877 0.039318
v 0.030390 0.039132 0.036074
v 0.028145 0.035877 0.039318
v 0.028090 0.039132 0.036074
v 0.030330 0.042096 0.032560
v 0.028030 0.042096 0.032560
v 0.030267 0.044746 0.028802
v 0.027967 0.044746 0.028802
v 0.027901 0.047062 0.024829
v 0.030201 0.047062 0.024829
v 0.034049 0.009956 0.051485
v 0.030639 0.017814 0.050171
v 0.030579 0.025155 0.046918
v 0.034012 0.017683 0.049354
v 0.037460 0.017458 0.048258
v 0.037416 0.024674 0.044983
v 0.040886 0.024244 0.043651
v 0.040923 0.017145 0.046913
v 0.044311 0.023703 0.042116
v 0.040949 0.009603 0.049038
v 0.037492 0.009804 0.050392
v 0.037551 0.001885 0.051310
v 0.040941 0.001793 0.049975
v 0.045417 0.001655 0.047823
v 0.044454 -0.003097 0.048273
v 0.050919 -0.002950 0.044439
v 0.050918 -0.007306 0.043939
v 0.044452 -0.007807 0.047740
v 0.050915 -0.011569 0.043005
v 0.044446 -0.012409 0.046732
v 0.044436 -0.016866 0.045261
v 0.050910 -0.015706 0.041647
v 0.056342 -0.011222 0.038616
v 0.056342 -0.014997 0.037313
v 0.050904 -0.019680 0.039880
v 0.056342 -0.018624 0.035641
v 0.050895 -0.023458 0.037723
v 0.044422 -0.021144 0.043344
v 0.044404 -0.025209 0.041003
v 0.044383 -0.029031 0.038264
v 0.050885 -0.027007 0.035200
v 0.056342 -0.022068 0.033618
v 0.056342 -0.024998 0.031500
v 0.050873 -0.030298 0.032337
v 0.056341 -0.027912 0.028949
v 0.050860 -0.033301 0.029163
v 0.044358 -0.032577 0.035156
v 0.044330 -0.035819 0.031712
v 0.050846 -0.035990 0.025709
v 0.044299 -0.038728 0.027968
v 0.050830 -0.038338 0.022008
v 0.044266 -0.041277 0.023957
v 0.050813 -0.040324 0.018094
v 0.056341 -0.035372 0.019132
v 0.056341 -0.036845 0.016114
v 0.055818 -0.033560 0.018860
v 0.055818 -0.035265 0.015439
v 0.055818 -0.031524 0.022096
v 0.056341 -0.033295 0.022555
v 0.055818 -0.029177 0.025113
v 0.056341 -0.030706 0.025968
v 0.055818 -0.026541 0.027883
v 0.055818 -0.023930 0.030154
v 0.055818 -0.021125 0.032181
v 0.055818 -0.017828 0.034118
v 0.055818 -0.014356 0.035719
v 0.055819 -0.010742 0.036966
v 0.055819 -0.007023 0.037849
v 0.055819 -0.003234 0.038358
v 0.056342 -0.007336 0.039538
v 0.056342 -0.003379 0.040070
v 0.055819 0.000586 0.038488
v 0.050918 0.001458 0.044500
v 0.056343 0.000613 0.040207
v 0.053170 0.001366 0.042869
v 0.056343 0.001221 0.040193
v 0.056343 0.003764 0.040035
v 0.055819 0.004401 0.038240
v 0.055819 0.008172 0.037615
v 0.056343 0.007801 0.039447
v 0.055819 0.011863 0.036619
v 0.056343 0.014515 0.037501
v 0.056343 0.011755 0.038455
v 0.055819 0.015437 0.035263
v 0.055820 0.018859 0.033558
v 0.056343 0.015588 0.037068
v 0.056343 0.019259 0.035300
v 0.053712 0.015160 0.039641
v 0.053717 0.008381 0.041615
v 0.056343 0.020608 0.034530
v 0.055820 0.022094 0.031522
v 0.055820 0.025112 0.029174
v 0.055820 0.027882 0.026539
v 0.055820 0.030152 0.023927
v 0.055820 0.032365 0.020837
v 0.056344 0.033869 0.021676
v 0.056344 0.034760 0.020215
v 0.056344 0.035893 0.018129
v 0.056344 0.037547 0.014395
v 0.053665 0.039477 0.015566
v 0.055820 0.035825 0.014080
v 0.055820 0.034262 0.017544
v 0.055820 0.037039 0.010479
v 0.056344 0.039504 0.007508
v 0.055820 0.037891 0.006775
v 0.056344 0.038813 0.010512
v 0.053652 0.041520 0.008796
v 0.050668 0.043402 0.010095
v 0.050604 0.044245 0.005691
v 0.056344 0.039583 0.007078
v 0.056344 0.040037 0.003732
v 0.056344 0.040087 0.003140
v 0.055820 0.038198 0.004745
v 0.050580 0.044662 0.001194
v 0.043873 0.048455 0.002467
v 0.043813 0.048666 -0.002747
v 0.053603 0.042434 -0.003621
v 0.053611 0.042502 0.000553
v 0.050560 0.044702 -0.003341
v 0.050546 0.044381 -0.007873
v 0.053600 0.042010 -0.007778
v 0.050540 0.043707 -0.012355
v 0.053601 0.041234 -0.011876
v 0.056344 0.039257 -0.008701
v 0.056344 0.039923 -0.004788
v 0.056344 0.038208 -0.012530
v 0.055821 0.037883 -0.006817
v 0.055821 0.038369 -0.003072
v 0.055820 0.037035 -0.010489
v 0.055820 0.036265 -0.012903
v 0.055820 0.036221 -0.013025
v 0.056344 0.036787 -0.016237
v 0.055820 0.035215 -0.015543
v 0.055820 0.033511 -0.018940
v 0.056344 0.033830 -0.021738
v 0.055820 0.031480 -0.022152
v 0.056344 0.035007 -0.019785
v 0.053615 0.038638 -0.019740
v 0.055725 0.034566 -0.022148
v 0.053607 0.040109 -0.015876
v 0.050554 0.041317 -0.021001
v 0.050543 0.042685 -0.016744
v 0.047220 0.045955 -0.012791
v 0.043715 0.047963 -0.013178
v 0.043757 0.048491 -0.007978
v 0.047242 0.046547 -0.007939
v 0.036463 0.051248 -0.013794
v 0.036546 0.051671 -0.007977
v 0.036642 0.051730 -0.002148
v 0.032968 0.052877 -0.007941
v 0.032872 0.052514 -0.014022
v 0.029557 0.053413 -0.014734
v 0.032794 0.051832 -0.020084
v 0.036408 0.050507 -0.019571
v 0.036392 0.049474 -0.025280
v 0.036423 0.048158 -0.030895
v 0.032918 0.049590 -0.032017
v 0.055821 0.038485 0.000738
v 0.056344 0.040201 -0.000828
v 0.056344 0.040209 -0.000077
v 0.055820 0.038213 0.004626
v 0.047453 0.045126 0.011382
v 0.050695 0.041159 0.017046
v 0.047496 0.042692 0.018489
v 0.044069 0.046664 0.012637
v 0.044127 0.044053 0.019872
v 0.053688 -0.018478 -0.040135
v 0.055820 0.017864 -0.034098
v 0.055820 0.021139 -0.032169
v 0.000166 0.052413 -0.075300
v 0.000166 0.052059 -0.074221
v 0.000210 0.052120 -0.074200
v 0.000209 0.050316 -0.068073
v 0.000166 0.050253 -0.068088
v 0.000166 0.049623 -0.064953
v 0.000150 0.050178 -0.068105
v 0.000150 0.049548 -0.064966
v 0.000150 0.049775 -0.069807
v 0.000150 0.048760 -0.065103
v 0.000150 0.048875 -0.060048
v 0.000166 0.048951 -0.060041
v 0.000150 0.048047 -0.059798
v 0.000150 0.048612 -0.056397
v 0.000150 0.047757 -0.054527
v 0.000150 0.048581 -0.051402
v 0.000166 0.048689 -0.056394
v 0.000209 0.048754 -0.056391
v 0.000209 0.049015 -0.060034
v 0.000166 0.048657 -0.051405
v 0.000166 0.048861 -0.047785
v 0.000209 0.048722 -0.051407
v 0.000150 0.048785 -0.047779
v 0.000150 0.047877 -0.049276
v 0.000150 0.048921 -0.046273
v 0.000155 0.048965 -0.046278
v 0.000181 0.049027 -0.046286
v 0.004922 0.045604 -0.045838
v 0.000166 0.048997 -0.046282
v 0.006000 0.045608 -0.045824
v 0.000000 0.045595 -0.045866
v 0.005473 0.049104 -0.046264
v 0.000284 0.049109 -0.046296
v 0.000351 0.049120 -0.046297
v 0.000226 0.049076 -0.046292
v 0.000150 0.048127 -0.046176
v 0.000150 0.048125 -0.046198
v 0.000000 0.048127 -0.046176
v 0.000209 0.048926 -0.047790
v 0.000274 0.048969 -0.047794
v 0.000274 0.048766 -0.051408
v 0.000351 0.048781 -0.051409
v 0.000351 0.048984 -0.047795
v 0.006329 0.049099 -0.046253
v 0.009168 0.049074 -0.046202
v 0.010943 0.049053 -0.046159
v 0.009130 0.045624 -0.045766
v 0.010561 0.045632 -0.045730
v 0.014102 0.049006 -0.046061
v 0.011999 0.045641 -0.045688
v 0.015605 0.045667 -0.045550
v 0.017723 0.045963 -0.045481
v 0.017708 0.045682 -0.045442
v 0.018522 0.045690 -0.045391
v 0.018918 0.045697 -0.045360
v 0.018923 0.048910 -0.045825
v 0.019985 0.048891 -0.045708
v 0.019616 0.045718 -0.045286
v 0.020236 0.048888 -0.045668
v 0.020145 0.045743 -0.045208
v 0.020785 0.048883 -0.045561
v 0.020916 0.045795 -0.045047
v 0.021187 0.045817 -0.044974
v 0.021621 0.045855 -0.044837
v 0.022276 0.045914 -0.044571
v 0.021818 0.048886 -0.045263
v 0.022227 0.048894 -0.045102
v 0.022434 0.048899 -0.045008
v 0.022365 0.045922 -0.044528
v 0.023014 0.048921 -0.044702
v 0.022901 0.045959 -0.044236
v 0.022970 0.045963 -0.044194
v 0.023495 0.045997 -0.043830
v 0.023866 0.048977 -0.044102
v 0.023795 0.046022 -0.043585
v 0.023920 0.048982 -0.044057
v 0.024334 0.049026 -0.043675
v 0.024264 0.046073 -0.043142
v 0.024574 0.046116 -0.042800
v 0.000274 0.049730 -0.064935
v 0.000209 0.049687 -0.064942
v 0.000274 0.050358 -0.068064
v 0.000351 0.050373 -0.068060
v 0.000150 0.051365 -0.074909
v 0.000150 0.051986 -0.074246
v 0.000150 0.051681 -0.076107
v 0.000150 0.052338 -0.075318
v 0.000150 0.051969 -0.077585
v 0.000150 0.052250 -0.079076
v 0.000150 0.052703 -0.077173
v 0.000150 0.053052 -0.079019
v 0.000152 0.052362 -0.075312
v 0.055900 0.000779 -0.031774
v 0.055900 -0.000219 -0.031499
v 0.055900 -0.000218 -0.029999
v 0.055900 -0.005892 -0.029416
v 0.055900 0.004265 -0.037135
v 0.055900 0.000428 -0.037376
v 0.055900 -0.000248 -0.035499
v 0.055900 0.018261 -0.032615
v 0.055900 0.015058 -0.034211
v 0.055900 0.001766 -0.033514
v 0.055900 0.005463 -0.029498
v 0.055900 0.001505 -0.032512
v 0.055900 -0.028747 -0.023890
v 0.055900 -0.024563 -0.017223
v 0.055900 -0.020860 -0.021561
v 0.055900 -0.016403 -0.025119
v 0.055900 -0.023920 -0.028723
v 0.055900 -0.026485 -0.026377
v 0.055900 -0.001246 -0.035224
v 0.055900 -0.003434 -0.037221
v 0.055900 -0.001973 -0.034486
v 0.055900 -0.007260 -0.036667
v 0.055900 -0.002234 -0.033485
v 0.055900 -0.010988 -0.035727
v 0.055900 -0.014563 -0.034425
v 0.055900 0.000753 -0.035238
v 0.055900 0.001491 -0.034512
v 0.055900 0.008018 -0.036509
v 0.055900 0.011631 -0.035523
v 0.055900 -0.011352 -0.027769
v 0.055900 -0.017935 -0.032795
v 0.055900 -0.021064 -0.030878
v 0.055900 -0.001959 -0.032487
v 0.055900 -0.001221 -0.031760
v 0.055900 0.010947 -0.027932
v 0.055900 0.016035 -0.025355
v 0.055900 0.021211 -0.030778
v 0.055900 0.020544 -0.021862
v 0.055900 0.023890 -0.028747
v 0.055900 0.032795 -0.017935
v 0.055900 0.030878 -0.021064
v 0.055900 0.024310 -0.017579
v 0.055900 0.028723 -0.023920
v 0.055900 0.026377 -0.026485
v 0.055900 0.032512 0.001505
v 0.055900 0.031774 0.000779
v 0.055900 0.028421 0.009605
v 0.055900 0.032487 -0.001959
v 0.055900 0.029102 -0.007285
v 0.055900 0.031760 -0.001221
v 0.055900 0.029955 -0.001646
v 0.055900 0.031499 -0.000219
v 0.055900 0.034425 -0.014563
v 0.055900 0.033485 -0.002234
v 0.055900 0.037135 0.004265
v 0.055900 0.037376 0.000428
v 0.055900 0.035499 -0.000248
v 0.055900 0.027197 -0.012661
v 0.055900 0.029725 0.004053
v 0.055900 0.035224 -0.001246
v 0.055900 0.037221 -0.003434
v 0.055900 0.034487 -0.001973
v 0.055900 0.036667 -0.007260
v 0.055900 0.035727 -0.010988
v 0.055900 0.035238 0.000753
v 0.055900 0.034512 0.001491
v 0.055900 0.036509 0.008018
v 0.055900 0.033514 0.001766
v 0.055900 0.035523 0.011631
v 0.055900 0.034211 0.015058
v 0.055900 0.026485 0.026377
v 0.055900 0.022815 0.019480
v 0.055900 0.018716 0.023446
v 0.055900 0.028747 0.023890
v 0.055900 0.030778 0.021211
v 0.055900 0.026089 0.014810
v 0.055900 0.032615 0.018261
v 0.055900 0.016271 0.033652
v 0.055900 0.017935 0.032795
v 0.055900 0.016262 0.025210
v 0.055900 0.021064 0.030878
v 0.055900 0.023920 0.028723
v 0.055900 0.014563 0.034425
v 0.055900 0.002234 0.033485
v 0.055900 -0.030778 -0.021211
v 0.055900 -0.032615 -0.018261
v 0.055900 -0.025455 -0.015875
v 0.055900 -0.033888 -0.015772
v 0.055900 -0.027379 -0.012263
v 0.055900 -0.002634 0.029884
v 0.055900 -0.008242 0.028846
v 0.055900 -0.001505 0.032512
v 0.055900 0.001959 0.032487
v 0.055900 0.008661 0.028722
v 0.055900 0.001221 0.031760
v 0.055900 0.003069 0.029843
v 0.055900 0.000219 0.031499
v 0.055900 -0.000779 0.031774
v 0.055900 -0.033485 0.002234
v 0.055900 -0.025871 0.015189
v 0.055900 -0.032487 0.001959
v 0.055900 -0.028278 0.010018
v 0.055900 -0.031760 0.001221
v 0.055900 -0.029663 0.004486
v 0.055900 -0.031499 0.000219
v 0.055900 -0.029976 -0.001209
v 0.055900 -0.004265 0.037135
v 0.055900 -0.000428 0.037376
v 0.055900 0.000248 0.035499
v 0.055900 -0.035727 0.010988
v 0.055900 -0.036667 0.007260
v 0.055900 -0.034487 0.001973
v 0.055900 -0.037221 0.003434
v 0.055900 -0.035224 0.001246
v 0.055900 -0.037376 -0.000428
v 0.055900 -0.035499 0.000248
v 0.055900 -0.037135 -0.004265
v 0.055900 -0.035238 -0.000753
v 0.055900 -0.034512 -0.001491
v 0.055900 -0.036509 -0.008018
v 0.055900 -0.033514 -0.001766
v 0.055900 -0.035523 -0.011631
v 0.055900 -0.032512 -0.001505
v 0.055900 -0.034211 -0.015058
v 0.055900 0.013941 0.026564
v 0.055900 0.001246 0.035224
v 0.055900 0.003434 0.037221
v 0.055900 0.001973 0.034486
v 0.055900 0.007260 0.036667
v 0.055900 0.010988 0.035727
v 0.055900 -0.029205 -0.006860
v 0.055900 -0.031774 -0.000779
v 0.055900 -0.000753 0.035238
v 0.055900 -0.001491 0.034512
v 0.055900 -0.008018 0.036509
v 0.055900 -0.001766 0.033514
v 0.055900 -0.011631 0.035523
v 0.055900 -0.015058 0.034211
v 0.055900 -0.018261 0.032615
v 0.055900 -0.013552 0.026764
v 0.055900 -0.021211 0.030778
v 0.055900 -0.018373 0.023716
v 0.055900 -0.022529 0.019810
v 0.055900 -0.026377 0.026485
v 0.055900 -0.023890 0.028747
v 0.055900 -0.034425 0.014563
v 0.055900 -0.032795 0.017935
v 0.055900 -0.030878 0.021064
v 0.055900 -0.028723 0.023920
v 0.059136 0.025701 0.021998
v 0.059169 0.025574 0.022019
v 0.058865 0.025575 0.022019
v 0.058865 0.024966 0.021830
v 0.058865 0.025176 0.021958
v 0.059352 0.024966 0.021830
v 0.059290 0.025163 0.021952
v 0.059207 0.025437 0.022020
v 0.059086 0.025939 0.021895
v 0.058865 0.025915 0.021910
v 0.059068 0.026138 0.021722
v 0.058865 0.026196 0.021643
v 0.059074 0.026220 0.021604
v 0.059115 0.026318 0.021335
v 0.058865 0.026328 0.021261
v 0.059131 0.026328 0.021260
v 0.059189 0.026317 0.021041
v 0.058865 0.026267 0.020870
v 0.059240 0.026267 0.020870
v 0.059273 0.026217 0.020771
v 0.058865 0.026030 0.020550
v 0.059352 0.026030 0.020550
v 0.057707 0.027540 0.022887
v 0.057707 0.025372 0.025269
v 0.057707 0.022915 0.027516
v 0.057707 0.020179 0.029581
v 0.057707 0.017182 0.031417
v 0.057707 -0.022887 0.027540
v 0.057707 -0.020320 0.029485
v 0.057707 -0.017493 0.031245
v 0.057707 -0.014426 0.032774
v 0.057707 -0.011143 0.034031
v 0.057707 -0.007681 0.034975
v 0.057707 -0.004086 0.035574
v 0.057707 -0.000410 0.035806
v 0.057707 0.003290 0.035657
v 0.057707 0.006955 0.035126
v 0.057707 0.010527 0.034226
v 0.057707 0.013951 0.032979
v 0.060949 0.000525 0.001519
v 0.060949 0.000164 0.001219
v 0.058865 -0.000532 0.000640
v 0.060950 -0.000087 0.001010
v 0.060950 -0.000119 0.000983
v 0.060950 -0.000273 0.000856
v 0.060950 -0.000415 0.000738
v 0.060950 -0.000532 0.000640
v 0.060915 0.005248 0.005444
v 0.060946 0.001691 0.002488
v 0.060948 0.000802 0.001749
v 0.060470 0.015914 0.014307
v 0.060695 0.012361 0.011355
v 0.060837 0.008805 0.008400
v 0.059533 0.024123 0.021129
v 0.060018 0.020582 0.018187
v 0.060285 0.018078 0.016106
v 0.057707 -0.027540 -0.022887
v 0.057707 -0.029485 -0.020320
v 0.057707 -0.031245 -0.017493
v 0.057707 -0.032774 -0.014426
v 0.057707 -0.034031 -0.011143
v 0.057707 -0.034975 -0.007681
v 0.057707 -0.035574 -0.004086
v 0.057707 -0.035806 -0.000410
v 0.057707 -0.035657 0.003290
v 0.057707 -0.035126 0.006955
v 0.057707 -0.034226 0.010527
v 0.057707 -0.032979 0.013951
v 0.057707 -0.031417 0.017182
v 0.057707 -0.029581 0.020179
v 0.057707 -0.027516 0.022915
v 0.057707 -0.025269 0.025372
v 0.058865 0.000532 -0.000640
v 0.058865 -0.000771 0.000315
v 0.058865 -0.000829 -0.000076
v 0.058865 -0.000695 -0.000457
v 0.058865 0.000333 -0.000763
v 0.058865 -0.000051 -0.000831
v 0.058865 -0.000094 -0.000827
v 0.058865 -0.000472 -0.000685
v 0.060950 -0.000730 0.000400
v 0.060950 -0.000640 0.000533
v 0.060950 0.000532 -0.000640
v 0.060950 0.000407 -0.000726
v 0.060950 0.000333 -0.000763
v 0.060950 0.000259 -0.000791
v 0.060950 0.000095 -0.000827
v 0.060950 -0.000051 -0.000831
v 0.060950 -0.000094 -0.000828
v 0.060950 -0.000532 -0.000639
v 0.060950 -0.000472 -0.000685
v 0.060950 -0.000399 -0.000730
v 0.060950 -0.000245 -0.000796
v 0.060950 -0.000640 -0.000532
v 0.060950 -0.000695 -0.000457
v 0.060950 -0.000829 -0.000076
v 0.060950 -0.000827 -0.000095
v 0.060950 -0.000791 -0.000259
v 0.060950 -0.000726 -0.000406
v 0.060950 -0.000771 0.000315
v 0.060950 -0.000796 0.000245
v 0.060950 -0.000829 0.000077
v 0.057707 0.029485 0.020320
v 0.057707 0.031245 0.017493
v 0.057707 0.032774 0.014426
v 0.057707 0.034031 0.011143
v 0.057707 0.034975 0.007681
v 0.057707 0.035574 0.004086
v 0.057707 0.035806 0.000410
v 0.057707 0.035657 -0.003290
v 0.057707 0.035126 -0.006955
v 0.057707 0.034226 -0.010527
v 0.057707 0.032979 -0.013951
v 0.057707 0.031417 -0.017182
v 0.057707 0.029581 -0.020179
v 0.057707 0.027516 -0.022915
v 0.057707 0.025269 -0.025372
v 0.057707 0.022887 -0.027540
v 0.059004 0.023977 0.024275
v 0.059004 0.026241 0.021808
v 0.059533 0.022535 0.022815
v 0.059004 -0.021808 0.026241
v 0.059004 -0.019131 0.028252
v 0.059360 0.023281 0.023570
v 0.059360 0.020859 0.025739
v 0.059533 0.020191 0.024914
v 0.059360 0.018236 0.027659
v 0.059533 0.017651 0.026773
v 0.059360 0.015437 0.029313
v 0.059533 0.014942 0.028374
v 0.059360 0.012489 0.030685
v 0.059533 0.012089 0.029702
v 0.059360 0.009421 0.031762
v 0.059533 0.009120 0.030744
v 0.059360 0.006263 0.032532
v 0.059533 0.006062 0.031490
v 0.059360 0.003044 0.032989
v 0.059533 0.002946 0.031932
v 0.059360 -0.000204 0.033129
v 0.059533 -0.000198 0.032067
v 0.059360 -0.003450 0.032949
v 0.059533 -0.003340 0.031894
v 0.059360 -0.006663 0.032453
v 0.059533 -0.006450 0.031413
v 0.059360 -0.009812 0.031643
v 0.059533 -0.009498 0.030629
v 0.059360 -0.012866 0.030529
v 0.059533 -0.012454 0.029551
v 0.059360 -0.015797 0.029121
v 0.059533 -0.015291 0.028188
v 0.059360 -0.018575 0.027432
v 0.059533 -0.017980 0.026553
v 0.059360 -0.021175 0.025479
v 0.059533 -0.020496 0.024663
v 0.059004 0.021483 0.026508
v 0.059004 0.018781 0.028486
v 0.059004 0.015898 0.030190
v 0.059004 0.012863 0.031603
v 0.059004 0.009703 0.032711
v 0.059004 0.006450 0.033505
v 0.059004 0.003135 0.033976
v 0.059004 -0.000210 0.034119
v 0.059004 -0.003554 0.033935
v 0.059004 -0.006863 0.033423
v 0.059004 -0.010106 0.032589
v 0.059004 -0.013251 0.031442
v 0.059004 -0.016269 0.029992
v 0.060712 0.011385 0.011744
v 0.060712 0.010246 0.012750
v 0.060285 0.016852 0.017385
v 0.060903 0.005325 0.006626
v 0.060903 0.004668 0.007105
v 0.060903 0.003951 0.007527
v 0.060903 0.003180 0.007883
v 0.060903 0.002366 0.008165
v 0.060903 0.001519 0.008364
v 0.060903 0.000653 0.008476
v 0.060903 -0.000220 0.008498
v 0.060903 -0.001085 0.008431
v 0.060903 -0.001930 0.008279
v 0.060857 -0.007199 0.008662
v 0.060903 -0.002741 0.008047
v 0.060903 -0.003510 0.007742
v 0.060903 -0.004228 0.007375
v 0.060712 -0.009405 0.013382
v 0.060193 -0.016248 0.019551
v 0.060609 -0.012003 0.014443
v 0.060712 -0.010454 0.012579
v 0.060285 -0.013923 0.019809
v 0.060285 0.015166 0.018874
v 0.060712 0.008981 0.013670
v 0.060285 0.013295 0.020236
v 0.060712 0.007601 0.014483
v 0.060285 0.011252 0.021439
v 0.060712 0.006119 0.015169
v 0.060285 0.009058 0.022454
v 0.060712 0.004553 0.015710
v 0.060285 0.006739 0.023255
v 0.060712 0.002923 0.016093
v 0.060285 0.004328 0.023822
v 0.060712 0.001256 0.016308
v 0.060285 0.001859 0.024141
v 0.060712 -0.000423 0.016351
v 0.060285 -0.000626 0.024204
v 0.060712 -0.002088 0.016223
v 0.060285 -0.003091 0.024014
v 0.060712 -0.003713 0.015930
v 0.060285 -0.005496 0.023580
v 0.060712 -0.005275 0.015483
v 0.060285 -0.007808 0.022919
v 0.060712 -0.006754 0.014897
v 0.060285 -0.009998 0.022052
v 0.060712 -0.008135 0.014190
v 0.060285 -0.012042 0.021005
v 0.059364 -0.029297 0.015428
v 0.059533 -0.026773 0.017651
v 0.059364 -0.027644 0.018225
v 0.059533 -0.024467 0.020729
v 0.059364 -0.025724 0.020847
v 0.059533 -0.022815 0.022535
v 0.059364 -0.023557 0.023268
v 0.059533 -0.030082 0.011111
v 0.059533 -0.029702 0.012089
v 0.059364 -0.030668 0.012482
v 0.059533 -0.029532 0.012500
v 0.059533 -0.027695 0.016166
v 0.059533 -0.030649 0.009433
v 0.059364 -0.031744 0.009416
v 0.059533 -0.030744 0.009120
v 0.059364 -0.032514 0.006259
v 0.059533 -0.031554 0.005718
v 0.059364 -0.032971 0.003042
v 0.059533 -0.031932 0.002946
v 0.059364 -0.033110 -0.000204
v 0.059533 -0.032068 0.000152
v 0.059364 -0.032931 -0.003448
v 0.059533 -0.031894 -0.003340
v 0.059533 -0.030629 -0.009498
v 0.059533 -0.031322 -0.006876
v 0.059364 -0.032434 -0.006660
v 0.059533 -0.031607 -0.005419
v 0.059533 -0.031859 -0.003656
v 0.059364 -0.031625 -0.009807
v 0.059364 -0.030512 -0.012859
v 0.059533 -0.030186 -0.010825
v 0.059533 -0.026553 -0.017980
v 0.059533 -0.027848 -0.015902
v 0.059364 -0.029104 -0.015788
v 0.059533 -0.028188 -0.015291
v 0.059533 -0.029351 -0.012917
v 0.059364 -0.027417 -0.018565
v 0.059364 -0.025465 -0.021163
v 0.059533 -0.024663 -0.020496
v 0.059009 -0.026233 -0.021801
v 0.059009 -0.028243 -0.019124
v 0.059009 -0.029982 -0.016264
v 0.059009 -0.031431 -0.013247
v 0.059009 -0.032578 -0.010102
v 0.059009 -0.033412 -0.006860
v 0.059009 -0.033923 -0.003552
v 0.059009 -0.034108 -0.000210
v 0.059009 -0.033964 0.003134
v 0.059009 -0.033494 0.006448
v 0.059009 -0.032700 0.009700
v 0.059009 -0.031592 0.012858
v 0.059009 -0.030180 0.015893
v 0.059009 -0.028477 0.018775
v 0.059009 -0.026499 0.021475
v 0.059009 -0.024267 0.023969
v 0.057707 0.020320 -0.029485
v 0.057707 0.017493 -0.031245
v 0.057707 0.014426 -0.032774
v 0.057707 0.011143 -0.034031
v 0.057707 0.007681 -0.034975
v 0.057707 0.004086 -0.035575
v 0.057707 0.000410 -0.035806
v 0.057707 -0.003290 -0.035657
v 0.057707 -0.006955 -0.035126
v 0.057707 -0.010527 -0.034226
v 0.057707 -0.013951 -0.032979
v 0.057707 -0.017182 -0.031417
v 0.057707 -0.020179 -0.029581
v 0.057707 -0.022915 -0.027516
v 0.057707 -0.025372 -0.025269
v 0.060950 0.000654 -0.000539
v 0.060950 0.000792 -0.000424
v 0.060950 0.000919 -0.000319
v 0.060949 0.001179 -0.000102
v 0.060949 0.001306 0.000003
v 0.060949 0.001549 0.000205
v 0.060948 0.002079 0.000645
v 0.060941 0.003626 0.001931
v 0.060908 0.006720 0.004502
v 0.060721 0.012904 0.009641
v 0.060591 0.015260 0.011600
v 0.060158 0.020401 0.015872
v 0.059533 0.025187 0.019849
v 0.059364 0.027417 0.018565
v 0.059364 0.029297 -0.015428
v 0.059533 0.026773 -0.017651
v 0.059364 0.027644 -0.018225
v 0.059533 0.024408 -0.020800
v 0.059364 0.025724 -0.020847
v 0.059533 0.022815 -0.022535
v 0.059364 0.023557 -0.023268
v 0.059533 0.020496 -0.024663
v 0.059364 0.021163 -0.025465
v 0.059533 0.029984 -0.011371
v 0.059533 0.029702 -0.012089
v 0.059364 0.030668 -0.012482
v 0.059533 0.029455 -0.012678
v 0.059533 0.027602 -0.016325
v 0.059533 0.030579 -0.009660
v 0.059364 0.031744 -0.009416
v 0.059533 0.030744 -0.009120
v 0.059364 0.032514 -0.006259
v 0.059533 0.031486 -0.006082
v 0.059364 0.032971 -0.003042
v 0.059533 0.031932 -0.002946
v 0.059364 0.033110 0.000204
v 0.059533 0.032062 -0.000615
v 0.059364 0.032931 0.003448
v 0.059533 0.031894 0.003340
v 0.059364 0.032434 0.006660
v 0.059533 0.031696 0.004871
v 0.059533 0.029551 0.012454
v 0.059533 0.030398 0.010213
v 0.059364 0.031625 0.009807
v 0.059533 0.030629 0.009498
v 0.059533 0.031413 0.006447
v 0.059364 0.030512 0.012859
v 0.059364 0.029104 0.015788
v 0.059533 0.028207 0.015255
v 0.059533 0.026711 0.017745
v 0.059533 0.026553 0.017980
v 0.059009 0.028243 0.019124
v 0.059009 0.029982 0.016264
v 0.059009 0.031431 0.013247
v 0.059009 0.032578 0.010102
v 0.059009 0.033412 0.006860
v 0.059009 0.033923 0.003552
v 0.059009 0.034108 0.000210
v 0.059009 0.033964 -0.003134
v 0.059009 0.033494 -0.006448
v 0.059009 0.032700 -0.009700
v 0.059009 0.031592 -0.012858
v 0.059009 0.030180 -0.015893
v 0.059009 0.028477 -0.018775
v 0.059009 0.026499 -0.021475
v 0.059009 0.024267 -0.023969
v 0.059009 0.021800 -0.026233
v 0.058436 0.022373 -0.026922
v 0.058436 0.024904 -0.024599
v 0.058436 0.027196 -0.022040
v 0.058436 0.029225 -0.019268
v 0.058436 0.030973 -0.016311
v 0.058436 0.032422 -0.013196
v 0.058436 0.033560 -0.009955
v 0.058436 0.034374 -0.006617
v 0.058436 0.034857 -0.003216
v 0.060285 -0.017082 0.017160
v 0.060903 -0.006531 0.005441
v 0.060903 -0.007021 0.004792
v 0.060903 -0.007457 0.004080
v 0.060903 -0.007828 0.003313
v 0.060903 -0.008124 0.002500
v 0.060903 -0.008338 0.001652
v 0.060903 -0.008464 0.000782
v 0.060903 -0.008500 -0.000096
v 0.060903 -0.008445 -0.000969
v 0.060903 -0.008303 -0.001823
v 0.060903 -0.008079 -0.002645
v 0.060903 -0.007780 -0.003424
v 0.060903 -0.007417 -0.004152
v 0.060285 -0.023649 -0.005192
v 0.060285 -0.024054 -0.002760
v 0.060285 -0.024211 -0.000274
v 0.060285 -0.019937 -0.013739
v 0.060285 -0.021127 -0.011828
v 0.060285 -0.022161 -0.009753
v 0.060285 -0.018621 -0.015475
v 0.060708 -0.012651 -0.010514
v 0.060712 -0.013468 -0.009281
v 0.060285 -0.023011 -0.007533
v 0.060285 -0.022297 0.009438
v 0.060285 -0.023141 0.007122
v 0.060285 -0.018601 0.015499
v 0.060285 -0.019998 0.013649
v 0.060285 -0.021240 0.011622
v 0.060712 -0.014272 -0.007990
v 0.060712 -0.014971 -0.006588
v 0.060712 -0.015545 -0.005089
v 0.060712 -0.015976 -0.003507
v 0.060712 -0.016250 -0.001865
v 0.060712 -0.016355 -0.000185
v 0.060285 -0.024109 0.002228
v 0.060712 -0.016287 0.001505
v 0.060285 -0.023750 0.004707
v 0.060712 -0.016044 0.003179
v 0.060712 -0.015633 0.004811
v 0.060712 -0.015063 0.006376
v 0.060712 -0.014349 0.007851
v 0.060712 -0.013510 0.009220
v 0.060712 -0.012566 0.010470
v 0.060712 -0.011539 0.011592
v 0.060042 -0.020921 -0.017386
v 0.060712 -0.012579 -0.010454
v 0.060903 -0.006538 -0.005433
v 0.059009 0.019124 -0.028243
v 0.059364 -0.015428 -0.029297
v 0.059533 -0.017651 -0.026773
v 0.059364 -0.018225 -0.027644
v 0.059533 -0.020729 -0.024467
v 0.059364 -0.020847 -0.025724
v 0.059533 -0.022535 -0.022815
v 0.059364 -0.023268 -0.023557
v 0.059533 -0.011111 -0.030082
v 0.059533 -0.012089 -0.029702
v 0.059364 -0.012482 -0.030668
v 0.059533 -0.012491 -0.029535
v 0.059533 -0.016166 -0.027695
v 0.059533 -0.009424 -0.030652
v 0.059364 -0.009416 -0.031744
v 0.059533 -0.009120 -0.030744
v 0.059364 -0.006259 -0.032514
v 0.059533 -0.005718 -0.031554
v 0.059364 -0.003042 -0.032971
v 0.059533 -0.002946 -0.031932
v 0.059364 0.000204 -0.033110
v 0.059533 -0.000152 -0.032068
v 0.059364 0.003448 -0.032931
v 0.059533 0.003340 -0.031894
v 0.059533 0.009498 -0.030629
v 0.059533 0.006885 -0.031320
v 0.059364 0.006660 -0.032434
v 0.059533 0.005419 -0.031607
v 0.059533 0.003665 -0.031858
v 0.059364 0.009807 -0.031625
v 0.059364 0.012859 -0.030512
v 0.059533 0.010825 -0.030186
v 0.059533 0.017980 -0.026553
v 0.059533 0.015902 -0.027848
v 0.059364 0.015788 -0.029104
v 0.059533 0.015291 -0.028188
v 0.059533 0.012925 -0.029348
v 0.059364 0.018565 -0.027417
v 0.059009 0.016264 -0.029982
v 0.059009 0.013247 -0.031431
v 0.059009 0.010102 -0.032578
v 0.059009 0.006860 -0.033412
v 0.059009 0.003552 -0.033923
v 0.059009 0.000210 -0.034108
v 0.059009 -0.003134 -0.033965
v 0.059009 -0.006448 -0.033494
v 0.059009 -0.009700 -0.032700
v 0.059009 -0.012858 -0.031592
v 0.059009 -0.015893 -0.030180
v 0.059009 -0.018775 -0.028477
v 0.059009 -0.021475 -0.026499
v 0.059009 -0.023969 -0.024267
v 0.060913 0.004904 -0.005901
v 0.060903 0.006519 -0.005455
v 0.060903 0.007005 -0.004816
v 0.060903 0.007438 -0.004115
v 0.060903 0.007808 -0.003361
v 0.060903 0.008106 -0.002561
v 0.060903 0.008324 -0.001726
v 0.060903 0.008456 -0.000868
v 0.060903 0.008501 -0.000000
v 0.060903 0.008457 0.000863
v 0.060903 0.008327 0.001709
v 0.060903 0.008117 0.002526
v 0.060903 0.007833 0.003302
v 0.060903 0.007484 0.004031
v 0.060712 0.013624 0.009051
v 0.060285 0.020168 0.013398
v 0.060285 0.023718 0.004867
v 0.060285 0.024087 0.002458
v 0.060285 0.023119 0.007194
v 0.060285 0.022310 0.009406
v 0.060285 0.021317 0.011480
v 0.060712 0.014401 0.007756
v 0.060712 0.015072 0.006354
v 0.060712 0.015618 0.004860
v 0.060712 0.016023 0.003288
v 0.060712 0.016272 0.001660
v 0.060285 0.024212 -0.000001
v 0.060712 0.016357 -0.000001
v 0.060285 0.024086 -0.002472
v 0.060712 0.016271 -0.001670
v 0.060285 0.023708 -0.004915
v 0.060712 0.016016 -0.003320
v 0.060285 0.023088 -0.007293
v 0.060712 0.011529 -0.011602
v 0.060285 0.017066 -0.017175
v 0.060712 0.012544 -0.010497
v 0.060285 0.018569 -0.015538
v 0.060712 0.013479 -0.009266
v 0.060285 0.019952 -0.013716
v 0.060712 0.014312 -0.007919
v 0.060285 0.021186 -0.011722
v 0.060712 0.015024 -0.006467
v 0.060285 0.022240 -0.009573
v 0.060712 0.015597 -0.004927
v 0.060285 0.015475 -0.018621
v 0.060712 0.010454 -0.012580
v 0.060480 0.013570 -0.016328
v 0.060285 -0.017155 -0.017086
v 0.060903 -0.005440 -0.006532
v 0.060903 -0.004790 -0.007022
v 0.060903 -0.004078 -0.007458
v 0.060903 -0.003311 -0.007829
v 0.060903 -0.002498 -0.008125
v 0.060903 -0.001650 -0.008339
v 0.060903 -0.000780 -0.008465
v 0.060903 0.000099 -0.008500
v 0.060903 0.000972 -0.008445
v 0.060903 0.001825 -0.008302
v 0.060903 0.002647 -0.008078
v 0.060903 0.003426 -0.007779
v 0.060903 0.004154 -0.007416
v 0.060712 0.009285 -0.013466
v 0.060285 0.005198 -0.023648
v 0.060285 0.002767 -0.024054
v 0.060285 0.000281 -0.024211
v 0.060285 0.013744 -0.019933
v 0.060285 0.011833 -0.021123
v 0.060285 0.009759 -0.022158
v 0.060285 0.007539 -0.023009
v 0.060285 -0.009431 -0.022300
v 0.060285 -0.007115 -0.023143
v 0.060285 -0.015494 -0.018606
v 0.060285 -0.013643 -0.020002
v 0.060285 -0.011616 -0.021244
v 0.060712 0.007994 -0.014270
v 0.060712 0.006593 -0.014969
v 0.060712 0.005093 -0.015543
v 0.060712 0.003512 -0.015975
v 0.060712 0.001869 -0.016249
v 0.060712 0.000190 -0.016355
v 0.060285 -0.002221 -0.024110
v 0.060712 -0.001500 -0.016287
v 0.060285 -0.004700 -0.023752
v 0.060712 -0.003175 -0.016045
v 0.060712 -0.004807 -0.015634
v 0.060712 -0.006371 -0.015064
v 0.060712 -0.007847 -0.014351
v 0.060712 -0.009217 -0.013512
v 0.060712 -0.010467 -0.012569
v 0.060712 -0.011589 -0.011542
v 0.057007 -0.000212 -0.029070
v 0.057007 0.002553 -0.028959
v 0.057007 0.005294 -0.028585
v 0.057007 0.007987 -0.027952
v 0.057007 0.010608 -0.027067
v 0.057007 0.013133 -0.025936
v 0.057007 0.015539 -0.024570
v 0.057007 0.017804 -0.022982
v 0.057007 0.019908 -0.021185
v 0.057007 0.021831 -0.019197
v 0.057007 0.023557 -0.017035
v 0.057007 0.025070 -0.014719
v 0.057007 0.026355 -0.012269
v 0.057007 0.027402 -0.009708
v 0.057007 0.028201 -0.007059
v 0.057007 0.028744 -0.004347
v 0.057007 0.029027 -0.001595
v 0.057007 0.029047 0.001172
v 0.057007 0.028805 0.003928
v 0.057007 0.028301 0.006648
v 0.057007 0.027541 0.009308
v 0.057007 0.026531 0.011884
v 0.057007 0.025282 0.014352
v 0.057007 0.023803 0.016690
v 0.057007 0.022109 0.018877
v 0.057007 0.020214 0.020893
v 0.057007 0.018137 0.022720
v 0.057007 0.015895 0.024341
v 0.057007 0.013509 0.025742
v 0.057007 0.011001 0.026909
v 0.057007 0.008393 0.027833
v 0.057007 0.005709 0.028505
v 0.057007 0.002974 0.028919
v 0.057007 0.000212 0.029070
v 0.057007 -0.002553 0.028959
v 0.057007 -0.005294 0.028585
v 0.057007 -0.007987 0.027952
v 0.057007 -0.010608 0.027067
v 0.057007 -0.013133 0.025936
v 0.057007 -0.015539 0.024570
v 0.057007 -0.017804 0.022982
v 0.057007 -0.019908 0.021185
v 0.057007 -0.021831 0.019197
v 0.057007 -0.023557 0.017035
v 0.057007 -0.025070 0.014719
v 0.057007 -0.026355 0.012269
v 0.057007 -0.027402 0.009708
v 0.057007 -0.028201 0.007059
v 0.057007 -0.028744 0.004347
v 0.057007 -0.029027 0.001595
v 0.057007 -0.029047 -0.001172
v 0.057007 -0.028805 -0.003928
v 0.057007 -0.028301 -0.006648
v 0.057007 -0.027541 -0.009308
v 0.057007 -0.026531 -0.011884
v 0.057007 -0.025281 -0.014352
v 0.057007 -0.023803 -0.016690
v 0.057007 -0.022109 -0.018877
v 0.057007 -0.020214 -0.020893
v 0.057007 -0.018136 -0.022720
v 0.057007 -0.015895 -0.024341
v 0.057007 -0.013509 -0.025742
v 0.057007 -0.011001 -0.026909
v 0.057007 -0.008393 -0.027833
v 0.057007 -0.005709 -0.028505
v 0.057007 -0.002974 -0.028919
v 0.057900 0.004945 -0.026702
v 0.057900 0.002384 -0.027051
v 0.057900 0.000000 0.000000
v 0.057900 -0.000198 -0.027155
v 0.057900 -0.002778 -0.027014
v 0.057900 0.012267 -0.024227
v 0.057900 0.009909 -0.025284
v 0.057900 0.007461 -0.026111
v 0.057900 0.018596 -0.019790
v 0.057900 0.016631 -0.021468
v 0.057900 0.014515 -0.022951
v 0.057900 0.023418 -0.013749
v 0.057900 0.022005 -0.015913
v 0.057900 0.020393 -0.017932
v 0.057900 0.026343 -0.006594
v 0.057900 0.025597 -0.009068
v 0.057900 0.024619 -0.011461
v 0.057900 0.027134 0.001095
v 0.057900 0.027115 -0.001490
v 0.057900 0.026851 -0.004060
v 0.057900 0.025726 0.008695
v 0.057900 0.026436 0.006210
v 0.057900 0.026907 0.003669
v 0.057900 0.022235 0.015590
v 0.057900 0.023616 0.013406
v 0.057900 0.024783 0.011101
v 0.057900 0.016942 0.021223
v 0.057900 0.018882 0.019517
v 0.057900 0.020652 0.017633
v 0.057900 0.010276 0.025137
v 0.057900 0.012619 0.024046
v 0.057900 0.014848 0.022738
v 0.057900 0.002778 0.027014
v 0.057900 0.005333 0.026627
v 0.057900 0.007840 0.026000
v 0.057900 -0.004945 0.026702
v 0.057900 -0.002384 0.027051
v 0.057900 0.000198 0.027155
v 0.057900 -0.012267 0.024227
v 0.057900 -0.009909 0.025284
v 0.057900 -0.007461 0.026111
v 0.057900 -0.018596 0.019790
v 0.057900 -0.016631 0.021468
v 0.057900 -0.014515 0.022951
v 0.057900 -0.023418 0.013749
v 0.057900 -0.022005 0.015913
v 0.057900 -0.020393 0.017932
v 0.057900 -0.026343 0.006594
v 0.057900 -0.025597 0.009069
v 0.057900 -0.024619 0.011461
v 0.057900 -0.027134 -0.001095
v 0.057900 -0.027115 0.001490
v 0.057900 -0.026851 0.004060
v 0.057900 -0.025726 -0.008695
v 0.057900 -0.026436 -0.006210
v 0.057900 -0.026907 -0.003669
v 0.057900 -0.022235 -0.015590
v 0.057900 -0.023616 -0.013406
v 0.057900 -0.024783 -0.011101
v 0.057900 -0.016942 -0.021223
v 0.057900 -0.018882 -0.019517
v 0.057900 -0.020652 -0.017633
v 0.057900 -0.010276 -0.025137
v 0.057900 -0.012619 -0.024046
v 0.057900 -0.014848 -0.022738
v 0.057900 -0.005333 -0.026627
v 0.057900 -0.007840 -0.026000
v 0.057666 -0.000205 -0.028212
v 0.057666 -0.002886 -0.028065
v 0.057666 -0.005541 -0.027663
v 0.057666 -0.008145 -0.027011
v 0.057666 -0.010676 -0.026115
v 0.057666 -0.013110 -0.024981
v 0.057666 -0.015425 -0.023622
v 0.057666 -0.017601 -0.022049
v 0.057666 -0.019617 -0.020276
v 0.057666 -0.021456 -0.018320
v 0.057666 -0.023100 -0.016197
v 0.057666 -0.024535 -0.013928
v 0.057666 -0.025748 -0.011533
v 0.057666 -0.026727 -0.009033
v 0.057666 -0.027465 -0.006451
v 0.057666 -0.027954 -0.003812
v 0.057666 -0.028190 -0.001137
v 0.057666 -0.028170 0.001548
v 0.057666 -0.027895 0.004218
v 0.057666 -0.027368 0.006851
v 0.057666 -0.026593 0.009421
v 0.057666 -0.025577 0.011906
v 0.057666 -0.024329 0.014284
v 0.057666 -0.022861 0.016532
v 0.057666 -0.021186 0.018630
v 0.057666 -0.019320 0.020560
v 0.057666 -0.017278 0.022303
v 0.057666 -0.015080 0.023844
v 0.057666 -0.012745 0.025170
v 0.057666 -0.010294 0.026267
v 0.057666 -0.007751 0.027127
v 0.057666 -0.005137 0.027741
v 0.057666 -0.002477 0.028104
v 0.057666 0.000205 0.028212
v 0.057666 0.002886 0.028065
v 0.057666 0.005541 0.027663
v 0.057666 0.008145 0.027011
v 0.057666 0.010676 0.026115
v 0.057666 0.013110 0.024981
v 0.057666 0.015425 0.023622
v 0.057666 0.017601 0.022049
v 0.057666 0.019617 0.020276
v 0.057666 0.021456 0.018319
v 0.057666 0.023100 0.016197
v 0.057666 0.024535 0.013928
v 0.057666 0.025748 0.011533
v 0.057666 0.026727 0.009033
v 0.057666 0.027465 0.006451
v 0.057666 0.027954 0.003812
v 0.057666 0.028190 0.001137
v 0.057666 0.028170 -0.001548
v 0.057666 0.027895 -0.004218
v 0.057666 0.027368 -0.006851
v 0.057666 0.026593 -0.009421
v 0.057666 0.025577 -0.011906
v 0.057666 0.024329 -0.014284
v 0.057666 0.022861 -0.016532
v 0.057666 0.021186 -0.018630
v 0.057666 0.019320 -0.020560
v 0.057666 0.017278 -0.022303
v 0.057666 0.015080 -0.023844
v 0.057666 0.012745 -0.025170
v 0.057666 0.010294 -0.026267
v 0.057666 0.007751 -0.027127
v 0.057666 0.005137 -0.027741
v 0.057666 0.002477 -0.028104
v 0.053900 -0.000234 -0.033499
v 0.054053 -0.000621 -0.034159
v 0.054053 -0.000899 -0.033877
v 0.054053 -0.000239 -0.034265
v 0.054053 -0.000894 -0.033112
v 0.054053 -0.000612 -0.032834
v 0.054053 -0.000999 -0.033494
v 0.054053 0.000154 -0.032839
v 0.054053 0.000432 -0.033121
v 0.054053 -0.000228 -0.032734
v 0.054053 0.000426 -0.033887
v 0.054053 0.000144 -0.034165
v 0.054053 0.000531 -0.033505
v 0.054486 -0.000950 -0.034719
v 0.054486 -0.001464 -0.034197
v 0.054486 -0.001648 -0.033489
v 0.054486 -0.001453 -0.032783
v 0.054486 -0.000932 -0.032269
v 0.054486 -0.000224 -0.032085
v 0.054486 0.000482 -0.032280
v 0.054486 0.000996 -0.032801
v 0.054486 0.001180 -0.033509
v 0.054486 0.000986 -0.034215
v 0.054486 0.000464 -0.034729
v 0.054486 -0.000244 -0.034913
v 0.055135 -0.001169 -0.035093
v 0.055135 -0.001841 -0.034411
v 0.055135 -0.002082 -0.033486
v 0.055135 -0.001827 -0.032564
v 0.055135 -0.001146 -0.031892
v 0.055135 -0.000220 -0.031651
v 0.055135 0.000702 -0.031906
v 0.055135 0.001373 -0.032587
v 0.055135 0.001614 -0.033513
v 0.055135 0.001360 -0.034435
v 0.055135 0.000678 -0.035106
v 0.055135 -0.000247 -0.035347
v 0.053900 0.000234 0.033499
v 0.054168 -0.000272 0.032637
v 0.054168 -0.000636 0.033005
v 0.054168 0.000227 0.032499
v 0.054168 -0.000628 0.034005
v 0.054168 -0.000260 0.034369
v 0.054168 -0.000766 0.033506
v 0.054168 0.000740 0.034361
v 0.054168 0.001103 0.033993
v 0.054168 0.000241 0.034499
v 0.054168 0.001096 0.032993
v 0.054168 0.000728 0.032630
v 0.054168 0.001234 0.033492
v 0.054900 -0.000643 0.032005
v 0.054900 -0.001272 0.032644
v 0.054900 -0.001498 0.033512
v 0.054900 -0.001260 0.034376
v 0.054900 -0.000621 0.035005
v 0.054900 0.000246 0.035231
v 0.054900 0.001111 0.034993
v 0.054900 0.001740 0.034354
v 0.054900 0.001966 0.033487
v 0.054900 0.001728 0.032622
v 0.054900 0.001089 0.031993
v 0.054900 0.000221 0.031767
v 0.053900 -0.033499 0.000234
v 0.054168 -0.034005 -0.000628
v 0.054168 -0.034369 -0.000260
v 0.054168 -0.033506 -0.000766
v 0.054168 -0.034362 0.000740
v 0.054168 -0.033993 0.001103
v 0.054168 -0.034499 0.000241
v 0.054168 -0.032993 0.001096
v 0.054168 -0.032629 0.000728
v 0.054168 -0.033492 0.001234
v 0.054168 -0.032637 -0.000272
v 0.054168 -0.033005 -0.000636
v 0.054168 -0.032499 0.000227
v 0.054900 -0.034376 -0.001260
v 0.054900 -0.035005 -0.000621
v 0.054900 -0.035231 0.000246
v 0.054900 -0.034993 0.001111
v 0.054900 -0.034354 0.001740
v 0.054900 -0.033487 0.001966
v 0.054900 -0.032622 0.001727
v 0.054900 -0.031993 0.001089
v 0.054900 -0.031767 0.000221
v 0.054900 -0.032005 -0.000643
v 0.054900 -0.032644 -0.001272
v 0.054900 -0.033512 -0.001498
v 0.053900 0.033499 -0.000234
v 0.054168 0.032993 -0.001096
v 0.054168 0.032630 -0.000728
v 0.054168 0.033492 -0.001234
v 0.054168 0.032637 0.000272
v 0.054168 0.033005 0.000636
v 0.054168 0.032499 -0.000227
v 0.054168 0.034005 0.000628
v 0.054168 0.034369 0.000260
v 0.054168 0.033506 0.000766
v 0.054168 0.034362 -0.000740
v 0.054168 0.033993 -0.001103
v 0.054168 0.034499 -0.000241
v 0.054900 0.032622 -0.001728
v 0.054900 0.031993 -0.001089
v 0.054900 0.031767 -0.000221
v 0.054900 0.032005 0.000643
v 0.054900 0.032644 0.001272
v 0.054900 0.033512 0.001498
v 0.054900 0.034376 0.001260
v 0.054900 0.035005 0.000621
v 0.054900 0.035231 -0.000246
v 0.054900 0.034993 -0.001111
v 0.054900 0.034354 -0.001740
v 0.054900 0.033487 -0.001966
v -0.055900 0.028411 -0.024290
v -0.055900 0.026114 -0.026744
v -0.057706 0.027217 -0.023269
v -0.055900 0.030479 -0.021638
v -0.057706 0.029198 -0.020729
v -0.055900 0.032357 -0.018714
v -0.057706 0.030997 -0.017928
v -0.055900 0.033998 -0.015534
v -0.057706 0.032570 -0.014882
v -0.055900 0.035357 -0.012126
v -0.057706 0.033872 -0.011617
v -0.055900 0.036393 -0.008527
v -0.057706 0.034864 -0.008169
v -0.055900 0.037071 -0.004783
v -0.057706 0.035514 -0.004582
v -0.055900 0.037367 -0.000950
v -0.057706 0.035797 -0.000910
v -0.055900 0.037265 0.002914
v -0.057706 0.035699 0.002792
v -0.055900 0.036765 0.006747
v -0.057706 0.035220 0.006464
v -0.055900 0.035877 0.010489
v -0.057706 0.034370 0.010048
v -0.055900 0.034625 0.014081
v -0.057706 0.033170 0.013489
v -0.055900 0.033042 0.017475
v -0.057706 0.031654 0.016741
v -0.055900 0.031169 0.020631
v -0.055900 0.029054 0.023517
v -0.057706 0.029860 0.019764
v -0.059003 0.028746 0.018381
v -0.059003 0.026805 0.021110
v -0.057706 0.027833 0.022529
v -0.055900 0.026744 0.026114
v -0.057706 0.025621 0.025017
v -0.059003 0.024607 0.023636
v -0.059206 0.022373 0.025127
v -0.059351 0.022177 0.024659
v -0.059085 0.022256 0.025631
v -0.059135 0.022354 0.025391
v -0.059359 0.023893 0.022950
v -0.059003 0.022172 0.025934
v -0.059289 0.022301 0.024854
v -0.057706 0.023269 0.027217
v -0.059073 0.021968 0.025916
v -0.059009 0.019517 0.027973
v -0.059067 0.022084 0.025832
v -0.057706 0.020729 0.029198
v -0.055900 0.021638 0.030479
v -0.055900 0.018714 0.032357
v -0.057706 0.017928 0.030997
v -0.057706 0.014882 0.032570
v -0.055900 0.015534 0.033998
v -0.059009 0.016681 0.029752
v -0.059009 0.013684 0.031243
v -0.059364 0.018946 0.027155
v -0.059364 0.016193 0.028881
v -0.059364 0.013284 0.030329
v -0.059532 0.012870 0.029372
v -0.059532 0.015648 0.027991
v -0.059532 0.018116 0.026461
v -0.060284 0.013678 0.019979
v -0.059532 0.018349 0.026300
v -0.060157 0.016156 0.020179
v -0.059532 0.020199 0.024907
v -0.059351 0.020911 0.025741
v -0.059272 0.021135 0.025925
v -0.059188 0.021406 0.026021
v -0.059114 0.021700 0.026017
v -0.060589 0.011814 0.015100
v -0.060711 0.009240 0.013497
v -0.060720 0.009820 0.012768
v -0.060908 0.004596 0.006656
v -0.060940 0.001981 0.003599
v -0.060902 0.004135 0.007427
v -0.060711 0.006564 0.014982
v -0.060711 0.007956 0.014291
v -0.060902 0.003412 0.007786
v -0.060947 0.000674 0.002070
v -0.060902 0.002639 0.008081
v -0.060711 0.005077 0.015549
v -0.060711 0.003512 0.015975
v -0.060284 0.007516 0.023016
v -0.060284 0.005198 0.023648
v -0.060284 0.002794 0.024051
v -0.059532 0.006885 0.031320
v -0.059532 0.005313 0.031625
v -0.059364 0.003908 0.032879
v -0.059532 0.003785 0.031844
v -0.059532 0.003700 0.031854
v -0.059532 -0.000167 0.032068
v -0.059364 0.000666 0.033104
v -0.059532 -0.002500 0.031970
v -0.059364 -0.002582 0.033010
v -0.059009 0.000686 0.034102
v -0.059009 -0.002659 0.034005
v -0.059009 -0.005980 0.033581
v -0.058435 -0.006137 0.034463
v -0.058435 -0.002729 0.034898
v -0.057706 0.000910 0.035797
v -0.057706 -0.002792 0.035699
v -0.057706 -0.006464 0.035220
v -0.055900 -0.006747 0.036765
v -0.055900 -0.010489 0.035877
v -0.057706 -0.010048 0.034370
v -0.057706 -0.013489 0.033170
v -0.058435 -0.009485 0.033695
v -0.055900 -0.014081 0.034625
v -0.055900 -0.017475 0.033042
v -0.057706 -0.016741 0.031654
v -0.055900 -0.020631 0.031169
v -0.055900 -0.023517 0.029054
v -0.057706 -0.019764 0.029860
v -0.057706 -0.022529 0.027833
v -0.058435 -0.018858 0.029491
v -0.058435 -0.015877 0.031197
v -0.058435 -0.012742 0.032603
v -0.059009 -0.012416 0.031769
v -0.059009 -0.015470 0.030399
v -0.059364 -0.015018 0.029509
v -0.059364 -0.012053 0.030839
v -0.059009 -0.018375 0.028736
v -0.059009 -0.021103 0.026797
v -0.058435 -0.021658 0.027501
v -0.059364 -0.017838 0.027895
v -0.059364 -0.020486 0.026013
v -0.059532 -0.017796 0.026677
v -0.059532 -0.017276 0.027017
v -0.060284 -0.013436 0.020142
v -0.060284 -0.011425 0.021347
v -0.059532 -0.015938 0.027827
v -0.060284 -0.009261 0.022371
v -0.059532 -0.012266 0.029630
v -0.059532 -0.011673 0.029868
v -0.059532 -0.010951 0.030140
v -0.060284 -0.006970 0.023187
v -0.059532 -0.009232 0.030710
v -0.059364 -0.005805 0.032598
v -0.059532 -0.005642 0.031568
v -0.059364 -0.008972 0.031872
v -0.060284 -0.004583 0.023775
v -0.060711 -0.003096 0.016061
v -0.060284 -0.002135 0.024118
v -0.060711 -0.001442 0.016293
v -0.060902 0.000118 0.008500
v -0.060711 0.000228 0.016355
v -0.060902 -0.000750 0.008468
v -0.060902 -0.001609 0.008347
v -0.060948 -0.000086 0.001181
v -0.060948 0.000021 0.001305
v -0.060948 0.000226 0.001546
v -0.060902 0.000981 0.008444
v -0.060902 0.001825 0.008303
v -0.060711 0.001887 0.016247
v -0.060284 0.000337 0.024210
v -0.060949 -0.000306 0.000923
v -0.060949 -0.000413 0.000798
v -0.060902 -0.003251 0.007854
v -0.060902 -0.002447 0.008141
v -0.060711 -0.006256 0.015113
v -0.060711 -0.004709 0.015664
v -0.060711 -0.007718 0.014421
v -0.060902 -0.004011 0.007495
v -0.060711 -0.009077 0.013607
v -0.060284 -0.015277 0.018784
v -0.060902 -0.004717 0.007072
v -0.060711 -0.010320 0.012690
v -0.060902 -0.005364 0.006595
v -0.060711 -0.011440 0.011690
v -0.060284 -0.016935 0.017304
v -0.059532 -0.022429 0.022919
v -0.060284 -0.018403 0.015734
v -0.059532 -0.024374 0.020838
v -0.060479 -0.016139 0.013798
v -0.060711 -0.012432 0.010629
v -0.060912 -0.005838 0.004991
v -0.060711 -0.013335 0.009472
v -0.060284 -0.019739 0.014021
v -0.060711 -0.014157 0.008192
v -0.060284 -0.020956 0.012127
v -0.059532 -0.027972 0.015683
v -0.060284 -0.022020 0.010067
v -0.059532 -0.027623 0.016289
v -0.059532 -0.026144 0.018570
v -0.059364 -0.028881 0.016193
v -0.059364 -0.030329 0.013284
v -0.059364 -0.027155 0.018946
v -0.059009 -0.029752 0.016681
v -0.059009 -0.031243 0.013684
v -0.057706 -0.033872 0.011617
v -0.059009 -0.032434 0.010556
v -0.057706 -0.032570 0.014882
v -0.057706 -0.030997 0.017928
v -0.055900 -0.032357 0.018714
v -0.055900 -0.033998 0.015534
v -0.055900 -0.035357 0.012126
v -0.055900 -0.036393 0.008527
v -0.057706 -0.034864 0.008169
v -0.057706 -0.035514 0.004582
v -0.059009 -0.033313 0.007326
v -0.059009 -0.033870 0.004026
v -0.059364 -0.031485 0.010247
v -0.059364 -0.032338 0.007112
v -0.059532 -0.031804 0.004110
v -0.059364 -0.032879 0.003908
v -0.059532 -0.030494 0.009925
v -0.059532 -0.031221 0.007322
v -0.059532 -0.031528 0.005859
v -0.060284 -0.024013 0.003103
v -0.060284 -0.023573 0.005528
v -0.060284 -0.022901 0.007860
v -0.060711 -0.015471 0.005309
v -0.060711 -0.015924 0.003734
v -0.060902 -0.008040 0.002759
v -0.060902 -0.008276 0.001941
v -0.060711 -0.016221 0.002096
v -0.060902 -0.008430 0.001089
v -0.060711 -0.016351 0.000418
v -0.060284 -0.024204 0.000619
v -0.059532 -0.032067 0.000296
v -0.060284 -0.024139 -0.001884
v -0.059532 -0.031971 -0.002496
v -0.059364 -0.033104 0.000666
v -0.059364 -0.033010 -0.002582
v -0.059532 -0.031631 -0.005277
v -0.059532 -0.030781 -0.008995
v -0.060284 -0.023815 -0.004368
v -0.059364 -0.032598 -0.005805
v -0.059364 -0.031872 -0.008972
v -0.059009 -0.032833 -0.009242
v -0.059009 -0.033580 -0.005980
v -0.059009 -0.034005 -0.002659
v -0.057706 -0.035220 -0.006464
v -0.057706 -0.034370 -0.010048
v -0.055900 -0.036765 -0.006747
v -0.055900 -0.035877 -0.010488
v -0.057706 -0.033170 -0.013489
v -0.057706 -0.031654 -0.016741
v -0.059009 -0.031769 -0.012416
v -0.055900 -0.034625 -0.014081
v -0.055900 -0.033042 -0.017475
v -0.057706 -0.029860 -0.019764
v -0.055900 -0.031169 -0.020631
v -0.057706 -0.027833 -0.022529
v -0.055900 -0.029054 -0.023517
v -0.057706 -0.025621 -0.025017
v -0.055900 -0.026744 -0.026114
v -0.057706 -0.023269 -0.027217
v -0.055900 -0.024290 -0.028411
v -0.057706 -0.020729 -0.029198
v -0.055900 -0.021638 -0.030479
v -0.057706 -0.017928 -0.030997
v -0.055900 -0.018714 -0.032357
v -0.057706 -0.014882 -0.032570
v -0.055900 -0.015534 -0.033998
v -0.057706 -0.011617 -0.033872
v -0.055900 -0.012126 -0.035357
v -0.057706 -0.008169 -0.034864
v -0.055900 -0.008527 -0.036393
v -0.057706 -0.004582 -0.035514
v -0.055900 -0.004783 -0.037071
v -0.057706 -0.000910 -0.035797
v -0.055900 -0.000950 -0.037367
v -0.057706 0.002792 -0.035699
v -0.055900 0.002914 -0.037265
v -0.057706 0.006464 -0.035220
v -0.055900 0.006747 -0.036765
v -0.057706 0.010048 -0.034370
v -0.055900 0.010489 -0.035877
v -0.055900 0.014081 -0.034625
v -0.057706 0.013489 -0.033170
v -0.059009 0.009242 -0.032833
v -0.059009 0.012416 -0.031769
v -0.057706 0.016741 -0.031654
v -0.055900 0.017475 -0.033042
v -0.057706 0.019764 -0.029860
v -0.059009 0.015470 -0.030399
v -0.059364 0.012053 -0.030839
v -0.059364 0.015018 -0.029509
v -0.059009 0.018375 -0.028736
v -0.059364 0.017838 -0.027895
v -0.057706 0.022529 -0.027833
v -0.059009 0.021103 -0.026797
v -0.059009 0.023628 -0.024599
v -0.059364 0.020486 -0.026013
v -0.057706 0.025017 -0.025621
v -0.055900 0.023517 -0.029054
v -0.055900 0.020631 -0.031169
v -0.059532 0.022409 -0.022939
v -0.059364 0.022937 -0.023879
v -0.059532 0.017706 -0.026737
v -0.059532 0.020386 -0.024755
v -0.060284 0.013368 -0.020187
v -0.060284 0.015238 -0.018816
v -0.060284 0.016919 -0.017319
v -0.060711 0.009031 -0.013637
v -0.060711 0.010294 -0.012711
v -0.060902 0.005350 -0.006606
v -0.060902 0.004693 -0.007087
v -0.060711 0.011430 -0.011700
v -0.060608 0.014272 -0.012201
v -0.060711 0.012432 -0.010629
v -0.060711 0.013249 -0.009591
v -0.060856 0.008559 -0.007318
v -0.060902 0.007315 -0.004330
v -0.060949 0.000524 -0.000647
v -0.060949 0.000732 -0.000425
v -0.060949 0.000633 -0.000541
v -0.060949 0.000852 -0.000285
v -0.060902 0.007692 -0.003618
v -0.060711 0.015407 -0.005490
v -0.060711 0.014801 -0.006961
v -0.060902 0.008008 -0.002854
v -0.060902 0.008251 -0.002045
v -0.060711 0.015876 -0.003935
v -0.060284 0.023501 -0.005825
v -0.060711 0.016192 -0.002314
v -0.060284 0.023969 -0.003426
v -0.059532 0.032062 -0.000645
v -0.059532 0.031844 -0.003785
v -0.060284 0.024193 -0.000964
v -0.060284 0.024164 0.001522
v -0.060711 0.016344 -0.000651
v -0.059532 0.031970 0.002500
v -0.059532 0.031571 0.005622
v -0.059359 0.033029 0.002583
v -0.059359 0.033123 -0.000667
v -0.059359 0.032898 -0.003910
v -0.059003 0.034113 -0.000687
v -0.059003 0.033882 -0.004027
v -0.059003 0.033324 -0.007329
v -0.059359 0.032356 -0.007116
v -0.059003 0.032445 -0.010560
v -0.059359 0.031503 -0.010253
v -0.059003 0.031254 -0.013689
v -0.059003 0.029761 -0.016686
v -0.059359 0.030346 -0.013292
v -0.059532 0.030494 -0.009925
v -0.059532 0.029374 -0.012866
v -0.059359 0.028897 -0.016202
v -0.059532 0.027972 -0.015683
v -0.059359 0.027170 -0.018956
v -0.059003 0.027983 -0.019523
v -0.059003 0.025934 -0.022172
v -0.059359 0.025181 -0.021528
v -0.059532 0.024374 -0.020838
v -0.059532 0.026300 -0.018349
v -0.060192 0.019319 -0.016516
v -0.060284 0.019613 -0.014198
v -0.060284 0.020835 -0.012334
v -0.060284 0.021910 -0.010305
v -0.060711 0.014075 -0.008332
v -0.060284 0.022807 -0.008128
v -0.059532 0.031320 -0.006888
v -0.059003 0.034016 0.002660
v -0.059003 0.033592 0.005982
v -0.059359 0.032616 0.005808
v -0.059359 0.031890 0.008977
v -0.059532 0.030868 0.008689
v -0.059532 0.029868 0.011673
v -0.060284 0.023347 0.006414
v -0.060284 0.023881 0.003995
v -0.060711 0.016132 0.002698
v -0.060711 0.016324 0.001028
v -0.060902 0.008484 0.000534
v -0.060902 0.008494 -0.000339
v -0.060949 0.001008 -0.000102
v -0.060902 0.008415 -0.001203
v -0.060949 0.000982 -0.000133
v -0.060948 0.001221 0.000147
v -0.060948 0.001526 0.000504
v -0.060902 0.008197 0.002252
v -0.060902 0.008384 0.001402
v -0.060711 0.015772 0.004333
v -0.060711 0.015253 0.005907
v -0.060284 0.022578 0.008744
v -0.060284 0.021594 0.010952
v -0.059532 0.028580 0.014545
v -0.059532 0.027017 0.017276
v -0.059359 0.029526 0.015026
v -0.059359 0.030857 0.012060
v -0.059003 0.031779 0.012420
v -0.059003 0.032844 0.009245
v -0.059003 0.030409 0.015475
v -0.059359 0.027911 0.017848
v -0.059359 0.026027 0.020498
v -0.059532 0.025193 0.019841
v -0.060284 0.020419 0.013011
v -0.060284 0.019084 0.014901
v -0.059532 0.023127 0.022215
v -0.060284 0.017618 0.016608
v -0.060017 0.018472 0.020325
v -0.059532 0.021464 0.023825
v -0.060284 0.016357 0.017851
v -0.060469 0.014528 0.015712
v -0.060694 0.011526 0.012201
v -0.060836 0.008522 0.008687
v -0.060711 0.011902 0.011220
v -0.060711 0.012892 0.010066
v -0.060902 0.006700 0.005232
v -0.060902 0.007169 0.004568
v -0.060711 0.013794 0.008790
v -0.060914 0.005517 0.005172
v -0.060945 0.002511 0.001656
v -0.060902 0.007581 0.003845
v -0.060947 0.001760 0.000777
v -0.060902 0.007927 0.003070
v -0.060711 0.014588 0.007398
v -0.060949 0.000389 -0.000736
v -0.060902 0.003976 -0.007513
v -0.060949 0.000299 -0.000777
v -0.060949 0.000234 -0.000799
v -0.060902 0.003204 -0.007874
v -0.060902 0.002387 -0.008159
v -0.060711 0.006165 -0.015150
v -0.060711 0.007650 -0.014457
v -0.060284 0.011324 -0.021401
v -0.060284 0.009125 -0.022427
v -0.059532 0.015777 -0.027918
v -0.059532 0.017276 -0.027017
v -0.059532 0.012086 -0.029703
v -0.059532 0.011673 -0.029868
v -0.059532 0.010690 -0.030234
v -0.059532 0.009004 -0.030778
v -0.060284 0.006798 -0.023238
v -0.060711 0.004592 -0.015698
v -0.060284 0.004375 -0.023814
v -0.060711 0.002955 -0.016087
v -0.060902 0.001536 -0.008361
v -0.060902 0.000664 -0.008474
v -0.060711 0.001278 -0.016306
v -0.060711 -0.000414 -0.016351
v -0.060284 0.001891 -0.024138
v -0.060902 -0.000215 -0.008498
v -0.060949 -0.000092 -0.000828
v -0.060949 -0.000106 -0.000826
v -0.060902 -0.001087 -0.008431
v -0.060711 -0.002091 -0.016222
v -0.060902 -0.001938 -0.008276
v -0.060902 -0.002757 -0.008041
v -0.060949 -0.000270 -0.000787
v -0.060711 -0.003730 -0.015925
v -0.060284 -0.005521 -0.023574
v -0.060284 -0.003096 -0.024013
v -0.060711 -0.005305 -0.015472
v -0.060284 -0.007853 -0.022903
v -0.060902 -0.003532 -0.007732
v -0.060711 -0.006797 -0.014877
v -0.060284 -0.010061 -0.022023
v -0.060711 -0.008189 -0.014159
v -0.060902 -0.004256 -0.007358
v -0.060949 -0.000417 -0.000720
v -0.060711 -0.009468 -0.013337
v -0.060949 -0.000541 -0.000632
v -0.060949 -0.000463 -0.000691
v -0.060902 -0.005524 -0.006461
v -0.060711 -0.010629 -0.012432
v -0.060902 -0.006607 -0.005348
v -0.060711 -0.011703 -0.011427
v -0.060284 -0.017324 -0.016915
v -0.060711 -0.012714 -0.010290
v -0.060707 -0.010690 -0.012503
v -0.060284 -0.014016 -0.019743
v -0.060284 -0.015734 -0.018403
v -0.060041 -0.017675 -0.020674
v -0.059532 -0.022945 -0.022403
v -0.059532 -0.020838 -0.024375
v -0.059364 -0.018946 -0.027155
v -0.059364 -0.021516 -0.025167
v -0.059532 -0.018564 -0.026149
v -0.059532 -0.018349 -0.026300
v -0.060284 -0.012121 -0.020959
v -0.059532 -0.016289 -0.027623
v -0.059364 -0.016193 -0.028881
v -0.059532 -0.015683 -0.027972
v -0.059009 -0.016681 -0.029752
v -0.059009 -0.013684 -0.031243
v -0.059364 -0.013284 -0.030329
v -0.059532 -0.009925 -0.030494
v -0.059364 -0.010247 -0.031485
v -0.059532 -0.011245 -0.030032
v -0.059532 -0.013326 -0.029168
v -0.059009 -0.010556 -0.032434
v -0.059009 -0.007326 -0.033313
v -0.059364 -0.007112 -0.032338
v -0.059009 -0.004026 -0.033870
v -0.059009 -0.000686 -0.034102
v -0.059364 -0.003908 -0.032879
v -0.059532 -0.004100 -0.031805
v -0.059532 -0.000296 -0.032067
v -0.059364 -0.000666 -0.033104
v -0.059009 0.002659 -0.034005
v -0.059364 0.002582 -0.033010
v -0.059532 0.002505 -0.031970
v -0.059532 0.005277 -0.031631
v -0.060284 -0.000612 -0.024204
v -0.059364 0.005805 -0.032598
v -0.059364 0.008972 -0.031872
v -0.059009 0.005980 -0.033581
v -0.059532 -0.005859 -0.031528
v -0.059532 -0.007313 -0.031223
v -0.059009 -0.019517 -0.027973
v -0.059009 -0.022165 -0.025926
v -0.059364 -0.023879 -0.022937
v -0.059009 -0.024599 -0.023628
v -0.059009 -0.026797 -0.021103
v -0.059364 -0.026013 -0.020486
v -0.059532 -0.023127 -0.022215
v -0.059364 -0.027895 -0.017838
v -0.059532 -0.026742 -0.017698
v -0.059532 -0.024755 -0.020386
v -0.060284 -0.020191 -0.013363
v -0.060284 -0.018820 -0.015233
v -0.060711 -0.013640 -0.009027
v -0.060902 -0.007514 -0.003974
v -0.060711 -0.014459 -0.007646
v -0.060902 -0.007089 -0.004691
v -0.060949 -0.000647 -0.000524
v -0.060949 -0.000736 -0.000389
v -0.060949 -0.000773 -0.000308
v -0.060902 -0.007874 -0.003202
v -0.060949 -0.000799 -0.000234
v -0.060902 -0.008361 -0.001533
v -0.060949 -0.000830 -0.000065
v -0.060902 -0.008159 -0.002384
v -0.060711 -0.015700 -0.004588
v -0.060711 -0.015152 -0.006160
v -0.060284 -0.022429 -0.009119
v -0.060284 -0.021404 -0.011318
v -0.059532 -0.027918 -0.015777
v -0.059532 -0.027017 -0.017276
v -0.059364 -0.029509 -0.015018
v -0.059364 -0.030839 -0.012053
v -0.059532 -0.029707 -0.012078
v -0.059009 -0.030399 -0.015470
v -0.059009 -0.028736 -0.018375
v -0.059532 -0.029868 -0.011673
v -0.059532 -0.030234 -0.010690
v -0.060284 -0.023240 -0.006791
v -0.060711 -0.016088 -0.002950
v -0.060902 -0.008475 -0.000662
v -0.060711 -0.016307 -0.001273
v -0.060902 -0.008498 0.000217
v -0.060949 -0.000829 0.000083
v -0.060949 -0.000826 0.000107
v -0.060949 -0.000787 0.000270
v -0.060902 -0.007731 0.003534
v -0.060949 -0.000720 0.000417
v -0.060949 -0.000696 0.000457
v -0.060902 -0.007357 0.004258
v -0.060711 -0.014875 0.006801
v -0.060949 -0.000633 0.000541
v -0.060949 -0.000530 0.000661
v -0.060949 0.000065 -0.000830
v -0.055900 -0.037265 -0.002914
v -0.055900 -0.037367 0.000950
v -0.057706 -0.035699 -0.002792
v -0.059009 -0.034102 0.000686
v -0.057706 -0.035797 0.000910
v -0.055900 -0.037071 0.004783
v -0.059532 -0.030032 0.011245
v -0.059532 -0.029165 0.013334
v -0.055900 -0.030479 0.021638
v -0.055900 -0.028411 0.024289
v -0.057706 -0.029198 0.020729
v -0.057706 -0.027217 0.023269
v -0.058435 -0.026607 0.022747
v -0.059009 -0.027973 0.019517
v -0.059009 -0.025926 0.022165
v -0.059364 -0.025167 0.021516
v -0.059364 -0.022937 0.023879
v -0.059009 -0.023628 0.024599
v -0.058435 -0.024249 0.025245
v -0.057706 -0.025017 0.025621
v -0.055900 -0.026114 0.026744
v -0.059532 -0.020457 0.024696
v -0.059532 -0.002828 0.031943
v -0.059009 -0.009242 0.032833
v -0.055900 -0.002914 0.037265
v -0.055900 0.000950 0.037367
v -0.055900 0.004783 0.037071
v -0.057706 0.004582 0.035514
v -0.057706 0.008169 0.034864
v -0.059009 0.007326 0.033313
v -0.059009 0.004026 0.033870
v -0.059364 0.007112 0.032338
v -0.059364 0.010247 0.031485
v -0.059532 0.010637 0.030253
v -0.059009 0.010556 0.032434
v -0.057706 0.011617 0.033872
v -0.055900 0.012126 0.035357
v -0.055900 0.008527 0.036393
v -0.060284 0.009717 0.022177
v -0.060284 0.011777 0.021155
v -0.055900 0.024290 0.028411
v 0.055800 0.032515 0.001507
v 0.055800 0.033517 0.001766
v 0.055800 0.036112 0.013323
v 0.055800 0.020882 0.013286
v 0.055800 0.022318 0.010698
v 0.055800 0.031776 0.000782
v 0.055800 0.024015 0.005987
v 0.055800 0.031499 -0.000216
v 0.055800 0.024729 0.001030
v 0.055800 0.031758 -0.001218
v 0.055800 0.024430 -0.003969
v 0.055800 0.032484 -0.001957
v 0.055800 0.013116 -0.036188
v 0.055800 0.017579 -0.034243
v 0.055800 0.022844 -0.030980
v 0.055800 0.023131 -0.008805
v 0.055800 0.033481 -0.002234
v 0.055800 0.031479 -0.022152
v 0.055800 0.027518 -0.026914
v 0.055800 0.020885 -0.013281
v 0.055800 0.017784 -0.017213
v 0.055800 0.013955 -0.020441
v 0.055800 0.013255 -0.020901
v 0.055800 0.001507 -0.032515
v 0.055800 0.009554 -0.022832
v 0.055800 0.000782 -0.031776
v 0.055800 0.004763 -0.024287
v 0.055800 -0.000216 -0.031499
v 0.055800 -0.000224 -0.024749
v 0.055800 -0.001218 -0.031758
v 0.055800 -0.005201 -0.024197
v 0.055800 -0.009966 -0.022655
v 0.055800 -0.001957 -0.032484
v 0.055800 -0.012519 -0.036399
v 0.055800 -0.002234 -0.033481
v 0.055800 -0.018092 -0.016889
v 0.055800 -0.014322 -0.020185
v 0.055800 -0.021122 -0.012901
v 0.055800 -0.032515 -0.001507
v 0.055800 -0.023286 -0.008385
v 0.055800 -0.024497 -0.003526
v 0.055800 -0.031776 -0.000782
v 0.055800 -0.031499 0.000216
v 0.055800 -0.031758 0.001218
v 0.055800 -0.024706 0.001477
v 0.055800 -0.023903 0.006420
v 0.055800 -0.022121 0.011100
v 0.055800 -0.032484 0.001957
v 0.055800 -0.020638 0.013662
v 0.055800 -0.033481 0.002234
v 0.055800 -0.035956 0.013741
v 0.055800 -0.034483 0.001975
v 0.055800 -0.037643 0.008040
v 0.055800 -0.035222 0.001249
v 0.055800 -0.038445 0.001898
v 0.055800 -0.035499 0.000252
v 0.055800 -0.035240 -0.000750
v 0.055800 -0.038252 -0.004294
v 0.055800 -0.034515 -0.001489
v 0.055800 -0.037067 -0.010374
v 0.055800 -0.033517 -0.001766
v 0.055800 -0.034923 -0.016186
v 0.055800 -0.031875 -0.021578
v 0.055800 -0.028000 -0.026412
v 0.055800 -0.023401 -0.030562
v 0.055800 -0.018196 -0.033920
v 0.055800 -0.035865 0.013974
v 0.055800 -0.001507 0.032515
v 0.055800 -0.019434 0.015326
v 0.055800 -0.015951 0.018924
v 0.055800 -0.011815 0.021748
v 0.055800 -0.000782 0.031776
v 0.055800 -0.007195 0.023681
v 0.055800 0.000216 0.031499
v 0.055800 -0.002281 0.024645
v 0.055800 0.001218 0.031758
v 0.055800 0.002727 0.024599
v 0.055800 0.007623 0.023547
v 0.055800 0.001957 0.032484
v 0.055800 0.012206 0.021530
v 0.055800 0.013662 0.020638
v 0.055800 0.020866 0.032345
v 0.055800 0.016291 0.018633
v 0.055800 0.015407 0.035274
v 0.055800 0.002234 0.033481
v 0.055800 0.001975 0.034483
v 0.055800 0.009549 0.037288
v 0.055800 0.001249 0.035222
v 0.055800 0.003444 0.038337
v 0.055800 0.000252 0.035499
v 0.055800 -0.002750 0.038393
v 0.055800 -0.000750 0.035240
v 0.055800 -0.001489 0.034515
v 0.055800 -0.008873 0.037455
v 0.055800 -0.001766 0.033517
v 0.055800 -0.014767 0.035547
v 0.055800 -0.020277 0.032718
v 0.055800 -0.025263 0.029041
v 0.055800 -0.029594 0.024613
v 0.055800 -0.033159 0.019547
v 0.055800 0.025784 0.028579
v 0.055800 0.030035 0.024073
v 0.055800 0.019708 0.014972
v 0.055800 0.033508 0.018944
v 0.055800 -0.001975 -0.034483
v 0.055800 -0.006518 -0.037936
v 0.055800 -0.001249 -0.035222
v 0.055800 -0.000252 -0.035499
v 0.055800 0.000750 -0.035240
v 0.055800 -0.000348 -0.038490
v 0.055800 0.005831 -0.038048
v 0.055800 0.011858 -0.036620
v 0.055800 0.001766 -0.033517
v 0.055800 0.001489 -0.034515
v 0.055800 0.034625 -0.016815
v 0.055800 0.036874 -0.011043
v 0.055800 0.034483 -0.001975
v 0.055800 0.035222 -0.001249
v 0.055800 0.035499 -0.000252
v 0.055800 0.038168 -0.004985
v 0.055800 0.038473 0.001202
v 0.055800 0.037782 0.007358
v 0.055800 0.034515 0.001489
v 0.055800 0.035240 0.000750
v -0.055800 0.006334 0.013044
v -0.055800 0.004086 0.013335
v -0.055800 0.002742 0.014238
v -0.055800 0.008295 0.010010
v -0.055800 0.008410 0.012501
v -0.055800 0.005287 0.011876
v -0.055800 0.001887 0.012862
v -0.055800 0.002121 0.013353
v -0.055800 -0.001654 0.012894
v -0.055800 -0.005071 0.011970
v -0.055800 -0.004745 0.013702
v -0.055800 -0.002450 0.013394
v -0.055800 -0.001037 0.014463
v -0.055800 -0.008129 0.012007
v -0.055800 -0.008113 0.010158
v -0.055800 -0.010107 0.011174
v -0.055800 -0.012253 0.011160
v -0.055800 -0.021066 0.009226
v -0.055800 -0.014240 0.011970
v -0.055800 -0.015767 0.013478
v -0.055800 -0.021027 0.013562
v -0.055800 -0.016600 0.015455
v -0.055800 -0.016614 0.017601
v -0.055800 -0.015804 0.019589
v -0.055800 -0.020950 0.022012
v -0.055800 -0.025292 0.022051
v -0.055800 -0.014296 0.021115
v -0.055800 -0.020890 0.028690
v -0.055800 -0.010412 0.023277
v -0.055800 -0.025232 0.028729
v -0.055800 -0.030524 0.022098
v -0.055800 -0.020278 0.032718
v -0.055800 -0.025264 0.029042
v -0.055800 -0.025231 0.029070
v -0.055800 -0.029595 0.024613
v -0.055800 -0.033160 0.019547
v -0.055800 -0.030601 0.013649
v -0.055800 -0.035866 0.013975
v -0.055800 -0.030640 0.009312
v -0.055800 -0.037643 0.008040
v -0.055800 -0.030672 0.005778
v -0.055800 -0.030695 0.003257
v -0.055800 -0.038348 0.003337
v -0.055800 -0.033481 0.002234
v -0.055800 -0.035222 0.001249
v -0.055800 -0.038446 0.001898
v -0.055800 -0.034483 0.001975
v -0.055800 -0.035499 0.000252
v -0.055800 -0.038252 -0.004294
v -0.055800 -0.035240 -0.000750
v -0.055800 -0.037068 -0.010374
v -0.055800 -0.034515 -0.001489
v -0.055800 -0.034924 -0.016186
v -0.055800 -0.033517 -0.001766
v -0.055800 -0.034433 -0.017206
v -0.055800 -0.031875 -0.021579
v -0.055800 -0.030880 -0.017201
v -0.055800 -0.028001 -0.026412
v -0.055800 -0.025647 -0.017248
v -0.055800 -0.031499 0.000216
v -0.055800 -0.032515 -0.001507
v -0.055800 -0.031776 -0.000782
v -0.055800 -0.031758 0.001218
v -0.055800 -0.032484 0.001957
v -0.055800 -0.025435 -0.001823
v -0.055800 -0.021397 -0.027342
v -0.055800 -0.021306 -0.017287
v -0.055800 -0.023277 -0.010412
v -0.055800 -0.024732 -0.006212
v -0.055800 -0.025738 -0.027303
v -0.055800 -0.025462 0.003210
v -0.055800 -0.025440 0.005730
v -0.055800 -0.025168 0.000306
v -0.055800 -0.022411 0.003488
v -0.055800 -0.024106 0.002171
v -0.055800 -0.021098 0.005691
v -0.055800 -0.020342 0.004056
v -0.055800 -0.018213 0.003789
v -0.055800 -0.012209 0.004464
v -0.055800 -0.016348 0.002727
v -0.055800 -0.015031 0.001033
v -0.055800 -0.014463 -0.001037
v -0.055800 -0.012961 0.001004
v -0.055800 -0.012751 -0.002530
v -0.055800 -0.011596 -0.005876
v -0.055800 -0.013702 -0.004745
v -0.055800 -0.012007 -0.008129
v -0.055800 -0.009494 -0.010960
v -0.055800 -0.009581 -0.008787
v -0.055800 -0.006334 -0.013044
v -0.055800 -0.004623 -0.014340
v -0.055800 -0.006855 -0.011046
v -0.055800 -0.003620 -0.012486
v -0.055800 -0.000118 -0.012999
v -0.055800 -0.003539 -0.016191
v -0.055800 -0.002729 -0.017456
v -0.055800 -0.003246 -0.018317
v -0.055800 -0.002820 -0.027510
v -0.055800 -0.003788 -0.020393
v -0.055800 -0.005084 -0.022104
v -0.055800 -0.006936 -0.023188
v -0.055800 -0.009062 -0.023481
v -0.055800 -0.011138 -0.022939
v -0.055800 -0.014952 -0.020656
v -0.055800 -0.018312 -0.017746
v -0.055800 -0.021116 -0.014296
v -0.055800 -0.006518 -0.037937
v -0.055800 -0.001957 -0.032484
v -0.055800 -0.018196 -0.033920
v -0.055800 -0.012519 -0.036400
v -0.055800 0.001751 -0.027552
v -0.055800 -0.000216 -0.031499
v -0.055800 -0.001218 -0.031758
v -0.055800 0.000782 -0.031776
v -0.055800 0.001507 -0.032515
v -0.055800 0.001766 -0.033517
v -0.055800 0.001489 -0.034515
v -0.055800 0.005831 -0.038048
v -0.055800 0.000750 -0.035240
v -0.055800 0.003716 -0.027569
v -0.055800 0.011859 -0.036620
v -0.055800 -0.000348 -0.038491
v -0.055800 -0.000252 -0.035499
v -0.055800 -0.001249 -0.035222
v -0.055800 -0.001975 -0.034483
v -0.055800 -0.002234 -0.033481
v -0.055800 0.017579 -0.034244
v -0.055800 0.019537 -0.027713
v -0.055800 0.022845 -0.030980
v -0.055800 0.027519 -0.026915
v -0.055800 0.031480 -0.022152
v -0.055800 0.028341 -0.017737
v -0.055800 0.019628 -0.017658
v -0.055800 0.014296 -0.021115
v -0.055800 0.017746 -0.018312
v -0.055800 0.020656 -0.014952
v -0.055800 0.022939 -0.011138
v -0.055800 0.024524 -0.006986
v -0.055800 0.028526 0.002721
v -0.055800 0.025365 -0.002621
v -0.055800 0.025435 0.001823
v -0.055800 0.028549 0.005242
v -0.055800 0.024867 0.003893
v -0.055800 0.023550 0.005587
v -0.055800 0.021685 0.006649
v -0.055800 0.028580 0.008776
v -0.055800 0.028620 0.013113
v -0.055800 0.019907 0.013192
v -0.055800 0.019867 0.008855
v -0.055800 0.037204 0.009877
v -0.055800 0.037076 0.008700
v -0.055800 0.037044 0.005165
v -0.055800 0.037783 0.007358
v -0.055800 0.038474 0.001202
v -0.055800 0.037022 0.002645
v -0.055800 0.035499 -0.000252
v -0.055800 0.035240 0.000750
v -0.055800 0.034515 0.001489
v -0.055800 0.033517 0.001766
v -0.055800 0.038168 -0.004985
v -0.055800 0.035222 -0.001249
v -0.055800 0.036874 -0.011043
v -0.055800 0.034483 -0.001975
v -0.055800 0.033481 -0.002234
v -0.055800 0.034625 -0.016815
v -0.055800 0.032484 -0.001957
v -0.055800 0.031758 -0.001218
v -0.055800 0.031499 -0.000216
v -0.055800 0.031776 0.000782
v -0.055800 0.032515 0.001507
v -0.055800 0.037492 0.008720
v -0.055800 0.036213 0.013050
v -0.055800 0.036113 0.013323
v -0.055800 0.033508 0.018944
v -0.055800 0.030035 0.024074
v -0.055800 0.028696 0.021563
v -0.055800 0.025785 0.028580
v -0.055800 0.019983 0.021641
v -0.055800 0.014226 0.017665
v -0.055800 0.013933 0.019791
v -0.055800 0.020043 0.028320
v -0.055800 0.012849 0.021643
v -0.055800 0.011138 0.022939
v -0.055800 0.004223 0.028463
v -0.055800 0.006986 0.024524
v -0.055800 0.002621 0.025365
v -0.055800 -0.001823 0.025435
v -0.055800 0.002258 0.028481
v -0.055800 0.001218 0.031758
v -0.055800 0.001957 0.032484
v -0.055800 0.002234 0.033481
v -0.055800 -0.000782 0.031776
v -0.055800 0.000216 0.031499
v -0.055800 0.002335 0.036977
v -0.055800 -0.002313 0.028522
v -0.055800 -0.014767 0.035547
v -0.055800 -0.001766 0.033517
v -0.055800 -0.002236 0.037018
v -0.055800 -0.006212 0.024732
v -0.055800 -0.001507 0.032515
v -0.055800 -0.008873 0.037456
v -0.055800 0.000252 0.035499
v -0.055800 0.003444 0.038338
v -0.055800 -0.001489 0.034515
v -0.055800 -0.000750 0.035240
v -0.055800 -0.002750 0.038394
v -0.055800 0.009550 0.037289
v -0.055800 0.004300 0.036959
v -0.055800 0.015407 0.035274
v -0.055800 0.020866 0.032346
v -0.055800 0.001249 0.035222
v -0.055800 0.001975 0.034483
v -0.055800 0.013684 0.015589
v -0.055800 0.012388 0.013878
v -0.055800 0.010536 0.012794
v -0.055800 0.019556 0.006916
v -0.055800 0.017486 0.006348
v -0.055800 0.010688 0.007400
v -0.055800 0.015792 0.005031
v -0.055800 0.012288 0.004242
v -0.055800 0.014730 0.003166
v -0.055800 0.012977 0.000770
v -0.055800 0.014463 0.001037
v -0.055800 0.012704 -0.002760
v -0.055800 0.014238 -0.002742
v -0.055800 0.011488 -0.006085
v -0.055800 0.013044 -0.006334
v -0.055800 0.009420 -0.008959
v -0.055800 0.010960 -0.009494
v -0.055800 0.006654 -0.011168
v -0.055800 0.008129 -0.012007
v -0.055800 0.003394 -0.012549
v -0.055800 0.001842 -0.017497
v -0.055800 0.003807 -0.017515
v -0.055800 0.005812 -0.015521
v -0.055800 0.006621 -0.013534
v -0.055800 0.005825 -0.017667
v -0.055800 0.006658 -0.019645
v -0.055800 0.008185 -0.021153
v -0.055800 0.010173 -0.021962
v -0.055800 0.012319 -0.021949
v -0.055800 -0.023401 -0.030562
v -0.055800 -0.010552 0.007593
v -0.055800 -0.025408 0.009265
v -0.055800 -0.025368 0.013601
v -0.055800 -0.025705 0.015076
v -0.055800 -0.025401 0.016173
v -0.055800 -0.027620 0.013993
v -0.055800 -0.026518 0.014278
v -0.055800 -0.028718 0.014298
v -0.055800 -0.029516 0.015110
v -0.055800 -0.029800 0.016213
v -0.055800 -0.029496 0.017310
v -0.055800 -0.028683 0.018108
v -0.055800 -0.027580 0.018393
v -0.055800 -0.026483 0.018088
v -0.055800 -0.025685 0.017276
vn -0.7349 -0.6447 0.2107
vn -0.7506 -0.6507 0.1144
vn -0.7689 -0.6361 0.0646
vn -0.6083 -0.7913 -0.0624
vn -0.5746 -0.8155 -0.0693
vn -0.8265 -0.5629 0.0028
vn -0.8142 -0.5766 0.0679
vn -0.8001 -0.5782 -0.1595
vn -0.8091 -0.5775 0.1086
vn -0.8259 -0.5337 -0.1820
vn -0.8095 -0.5828 0.0710
vn -0.8021 -0.5856 -0.1176
vn -0.8455 -0.5328 0.0366
vn -0.8053 -0.5802 -0.1218
vn -0.8008 -0.5815 0.1433
vn -0.8021 -0.5792 0.1457
vn -0.8828 -0.4233 -0.2039
vn -0.8521 -0.4991 0.1579
vn -0.8240 -0.5432 0.1611
vn -0.8909 -0.4534 0.0253
vn -0.8797 -0.4521 0.1479
vn -0.9299 -0.3671 0.0234
vn -0.9204 -0.3659 0.1377
vn -0.9612 -0.2750 0.0233
vn -0.9201 -0.3330 -0.2064
vn -0.9517 -0.2377 -0.1945
vn -0.8714 -0.2859 -0.3987
vn -0.8288 -0.3855 -0.4055
vn -0.8296 -0.2584 -0.4949
vn -0.7828 -0.3675 -0.5021
vn -0.7711 -0.4892 -0.4075
vn -0.7998 -0.3088 -0.5147
vn -0.7374 -0.4563 -0.4980
vn -0.7120 -0.4762 -0.5160
vn -0.7482 -0.4143 -0.5183
vn -0.6815 -0.5177 -0.5172
vn -0.6509 -0.5478 -0.5256
vn -0.7237 -0.4471 -0.5257
vn -0.5907 -0.6134 -0.5242
vn -0.5591 -0.6462 -0.5194
vn -0.6166 -0.6006 -0.5090
vn -0.4744 -0.7287 -0.4940
vn -0.5355 -0.6781 -0.5035
vn -0.5213 -0.6790 -0.5170
vn -0.4442 -0.7601 -0.4743
vn -0.5008 -0.7184 -0.4828
vn -0.5803 -0.6475 -0.4940
vn -0.5939 -0.6238 -0.5082
vn -0.6264 -0.5795 -0.5214
vn -0.6284 -0.5938 -0.5025
vn -0.6524 -0.5613 -0.5092
vn -0.6693 -0.5500 -0.4995
vn -0.5997 -0.6357 -0.4860
vn -0.5487 -0.6823 -0.4830
vn -0.5341 -0.7074 -0.4630
vn -0.4924 -0.7530 -0.4364
vn -0.5560 -0.7132 -0.4269
vn -0.6002 -0.6658 -0.4432
vn -0.5062 -0.7648 -0.3986
vn -0.5629 -0.7162 -0.4126
vn -0.5585 -0.7608 -0.3304
vn -0.4302 -0.8135 -0.3914
vn -0.4918 -0.8052 -0.3314
vn -0.4451 -0.7833 -0.4340
vn -0.4763 -0.8465 -0.2381
vn -0.5437 -0.8016 -0.2485
vn -0.6207 -0.7074 -0.3382
vn -0.5954 -0.7838 -0.1765
vn -0.6149 -0.7608 -0.2078
vn -0.5916 -0.7875 -0.1725
vn -0.5386 -0.8264 -0.1642
vn -0.5316 -0.8403 -0.1059
vn -0.5888 -0.8002 -0.1139
vn -0.9565 0.2890 0.0411
vn -0.9565 0.2867 0.0538
vn -0.9572 0.2819 0.0662
vn -0.9576 0.2766 0.0810
vn -0.9566 0.2794 0.0827
vn -0.9566 0.2708 0.1081
vn -0.9571 0.2682 0.1094
vn -0.9592 0.2666 0.0944
vn -0.9566 0.2581 0.1355
vn -0.9567 0.2582 0.1343
vn -0.9570 0.2431 0.1584
vn -0.9569 0.2474 0.1521
vn -0.9567 0.2393 0.1655
vn -0.9570 0.2266 0.1810
vn -0.9566 0.2305 0.1785
vn -0.9535 0.2212 0.2046
vn -0.9569 0.2020 0.2088
vn -0.9595 0.2087 0.1891
vn -0.6974 -0.5294 -0.4830
vn -0.6955 -0.5477 -0.4651
vn -0.7059 -0.4827 -0.5184
vn -0.7469 -0.4248 -0.5115
vn -0.9565 0.1892 0.2222
vn -0.9570 0.1794 0.2278
vn -0.6656 -0.6052 -0.4367
vn -0.7295 -0.4700 -0.4969
vn -0.6411 -0.5937 -0.4864
vn -0.7535 -0.4367 -0.4914
vn -0.6831 -0.5804 -0.4433
vn -0.6414 -0.6552 -0.3992
vn -0.6596 -0.6694 -0.3418
vn -0.6706 -0.6308 -0.3902
vn -0.6672 -0.6115 -0.4255
vn -0.7325 -0.4520 -0.5091
vn -0.6896 -0.5131 -0.5110
vn -0.7701 -0.3744 -0.5165
vn -0.7322 -0.4497 -0.5115
vn -0.7863 -0.3552 -0.5055
vn -0.7597 -0.4020 -0.5111
vn -0.7412 -0.4397 -0.5073
vn -0.6926 -0.5093 -0.5108
vn -0.7817 -0.3631 -0.5071
vn -0.7943 -0.3343 -0.5073
vn -0.8174 -0.2886 -0.4986
vn -0.7819 -0.3750 -0.4980
vn -0.8481 -0.2282 -0.4782
vn -0.8567 -0.1909 -0.4792
vn -0.8200 -0.2768 -0.5010
vn -0.8758 -0.1004 -0.4720
vn -0.8648 -0.1151 -0.4888
vn -0.8399 -0.2067 -0.5018
vn -0.8240 -0.2468 -0.5100
vn -0.8381 -0.1991 -0.5079
vn -0.7875 -0.3368 -0.5161
vn -0.7399 -0.4351 -0.5130
vn -0.6902 -0.5018 -0.5214
vn -0.6510 -0.5381 -0.5354
vn -0.8632 -0.1609 -0.4785
vn -0.8651 -0.0987 -0.4917
vn -0.8840 -0.0783 -0.4609
vn -0.9050 -0.1907 -0.3802
vn -0.9276 -0.1042 -0.3588
vn -0.8954 -0.0074 -0.4453
vn -0.9736 -0.1454 -0.1757
vn -0.9405 -0.0268 -0.3388
vn -0.8992 0.0564 -0.4338
vn -0.9447 0.0476 -0.3244
vn -0.9859 -0.0582 -0.1572
vn -0.9831 -0.1806 0.0313
vn -0.9952 -0.0875 0.0437
vn -0.9893 0.0303 -0.1424
vn -0.9818 -0.1277 0.1408
vn -0.9720 -0.1902 0.1379
vn -0.9508 -0.2786 0.1355
vn -0.9635 -0.2243 0.1461
vn -0.9420 -0.3005 0.1491
vn -0.9138 -0.3736 0.1595
vn -0.8883 -0.4246 0.1750
vn -0.8681 -0.4605 0.1855
vn -0.8336 -0.5221 0.1801
vn -0.7933 -0.5726 0.2071
vn -0.7606 -0.6104 0.2211
vn -0.6953 -0.6834 0.2228
vn -0.6798 -0.6965 0.2296
vn -0.6391 -0.7270 0.2508
vn -0.6320 -0.7334 0.2504
vn -0.6026 -0.7615 0.2387
vn -0.5929 -0.7697 0.2369
vn -0.5782 -0.7894 0.2060
vn -0.5816 -0.7839 0.2172
vn -0.5465 -0.8309 0.1047
vn -0.5231 -0.8516 0.0333
vn -0.6150 -0.7815 0.1047
vn -0.5600 -0.8237 0.0891
vn -0.5333 -0.8305 0.1609
vn -0.6192 -0.7794 0.0951
vn -0.5497 -0.8158 0.1798
vn -0.5389 -0.8277 0.1563
vn -0.5623 -0.8002 0.2083
vn -0.5969 -0.7996 0.0653
vn -0.6299 -0.7690 0.1090
vn -0.6028 -0.7613 0.2389
vn -0.5818 -0.7839 0.2171
vn -0.5928 -0.7697 0.2368
vn -0.5878 -0.7880 0.1832
vn -0.6353 -0.7647 0.1075
vn -0.5784 -0.7893 0.2060
vn -0.6131 -0.7471 0.2567
vn -0.6118 -0.7463 0.2622
vn -0.6503 -0.7480 0.1330
vn -0.6694 -0.7260 0.1577
vn -0.6879 -0.7002 0.1911
vn -0.6899 -0.7038 0.1694
vn -0.6846 -0.7022 0.1956
vn -0.6279 -0.7725 0.0953
vn -0.6312 -0.7608 0.1510
vn -0.4919 -0.8330 0.2534
vn -0.0079 0.5081 0.8613
vn -0.0000 0.4708 0.8822
vn -0.0007 0.5704 0.8214
vn -0.0058 0.6599 0.7513
vn -0.0114 0.7622 0.6472
vn -0.0079 0.8704 0.4923
vn -0.0103 0.3431 0.9392
vn -0.0082 0.0091 0.9999
vn -0.0037 0.1934 0.9811
vn 0.0001 -0.0474 0.9989
vn -0.0013 -0.2886 0.9574
vn -0.0054 -0.4937 0.8696
vn -0.6362 -0.7467 0.1942
vn -0.6371 -0.7453 0.1965
vn -0.6596 -0.7134 0.2368
vn -0.6415 -0.7391 0.2056
vn -0.6427 -0.7377 0.2067
vn -0.6424 -0.7380 0.2064
vn -0.6428 -0.7376 0.2069
vn -0.6424 -0.7381 0.2064
vn -0.6455 -0.7410 0.1851
vn -0.6410 -0.7432 0.1919
vn -0.6410 -0.7436 0.1903
vn -0.0023 -0.4938 0.8696
vn -0.0004 -0.4407 0.8976
vn -0.6454 -0.7410 0.1852
vn -0.6409 -0.7431 0.1923
vn -0.6482 -0.7391 0.1834
vn -0.6482 -0.7391 0.1835
vn -0.6325 -0.7405 0.2271
vn -0.6447 -0.7354 0.2087
vn -0.0000 -0.5014 0.8652
vn -0.0081 -0.6045 0.7966
vn -0.6449 -0.7351 0.2089
vn -0.6424 -0.7380 0.2065
vn -0.0032 -0.8613 0.5081
vn -0.0073 -0.7030 0.7112
vn -0.6730 -0.7136 0.1944
vn -0.6821 -0.6981 0.2178
vn -0.6451 -0.7349 0.2091
vn -0.6446 -0.7355 0.2087
vn -0.6428 -0.7375 0.2069
vn -0.6730 -0.7137 0.1944
vn -0.6821 -0.6981 0.2179
vn -0.6820 -0.7147 0.1551
vn -0.6938 -0.6863 0.2182
vn -0.6943 -0.6935 0.1925
vn -0.6939 -0.6862 0.2182
vn -0.6993 -0.6924 0.1775
vn -0.6811 -0.7164 0.1514
vn -0.6816 -0.7154 0.1535
vn -0.6797 -0.7180 0.1500
vn -0.6807 -0.7167 0.1518
vn -0.6820 -0.7147 0.1552
vn -0.6778 -0.7205 0.1468
vn -0.7219 -0.6850 0.0984
vn -0.7217 -0.6849 0.1006
vn -0.7222 -0.6852 0.0945
vn -0.7222 -0.6852 0.0943
vn -0.0054 -0.9207 0.3901
vn -0.0000 -0.8528 0.5222
vn -0.0050 -0.9999 0.0100
vn -0.0065 -0.9660 0.2585
vn -0.0054 -0.9208 0.3901
vn -0.0049 -0.9999 0.0100
vn -0.0018 -0.9923 -0.1238
vn -0.0000 -0.9996 0.0278
vn -0.0018 -0.9896 0.1436
vn -0.0059 -0.9999 0.0099
vn -0.0025 -0.9534 -0.3016
vn -0.0034 -0.8695 -0.4938
vn -0.7219 -0.6850 0.0983
vn -0.7222 -0.6852 0.0944
vn -0.7229 -0.6856 0.0858
vn -0.7236 -0.6865 0.0712
vn -0.7224 -0.6888 0.0597
vn -0.7229 -0.6880 0.0640
vn -0.7230 -0.6856 0.0854
vn -0.7239 -0.6870 0.0637
vn -0.7261 -0.6745 -0.1336
vn -0.7182 -0.6949 -0.0362
vn -0.6773 -0.7316 -0.0779
vn -0.7179 -0.6952 -0.0355
vn -0.6858 -0.7273 -0.0287
vn -0.7258 -0.6749 -0.1336
vn -0.7160 -0.6976 0.0243
vn -0.6061 -0.7895 -0.0964
vn -0.6445 -0.7482 -0.1579
vn -0.6758 -0.7191 -0.1620
vn -0.6857 -0.7273 -0.0287
vn -0.6703 -0.7383 -0.0751
vn -0.0000 -0.8857 -0.4642
vn -0.6735 -0.7176 -0.1773
vn -0.6342 -0.7674 -0.0940
vn -0.6483 -0.7413 -0.1738
vn -0.0013 -0.8124 -0.5831
vn -0.6207 -0.7771 -0.1036
vn -0.0005 -0.8695 -0.4939
vn -0.0087 -0.6974 -0.7166
vn -0.0013 -0.8124 -0.5832
vn -0.5720 -0.8037 -0.1641
vn -0.6141 -0.7812 -0.1121
vn -0.5830 -0.8018 -0.1314
vn -0.6028 -0.7750 -0.1900
vn -0.6142 -0.7812 -0.1121
vn -0.0145 -0.5694 -0.8219
vn -0.5698 -0.8122 -0.1250
vn -0.5722 -0.8031 -0.1665
vn -0.6120 -0.7827 -0.1134
vn -0.6026 -0.7752 -0.1898
vn -0.5505 -0.8324 -0.0641
vn -0.5508 -0.8322 -0.0630
vn -0.5668 -0.8150 -0.1208
vn -0.4449 -0.8913 -0.0872
vn -0.5175 -0.8363 -0.1809
vn -0.4597 -0.8845 -0.0798
vn -0.5295 -0.8431 -0.0936
vn -0.0005 -0.5080 -0.8614
vn -0.0125 -0.2067 -0.9783
vn -0.0034 -0.3596 -0.9331
vn -0.0004 -0.4543 -0.8908
vn -0.0013 -0.0093 -1.0000
vn -0.0206 -0.0904 -0.9957
vn -0.2785 -0.9543 -0.1088
vn -0.3844 -0.9231 -0.0101
vn -0.4047 -0.9118 0.0700
vn -0.0014 0.0939 -0.9956
vn -0.3254 -0.9448 0.0395
vn -0.4087 -0.8993 -0.1556
vn -0.3684 -0.8960 -0.2479
vn -0.1960 -0.9370 -0.2890
vn -0.3122 -0.8748 -0.3705
vn -0.1038 -0.9081 -0.4058
vn -0.0724 -0.8877 -0.4547
vn -0.2627 -0.8511 -0.4546
vn -0.0625 -0.8796 -0.4717
vn -0.0614 -0.8772 -0.4762
vn -0.0619 -0.8784 -0.4739
vn -0.0545 -0.8802 -0.4716
vn -0.0617 -0.8764 -0.4777
vn -0.0540 -0.8807 -0.4705
vn -0.0619 -0.8783 -0.4741
vn -0.0387 -0.8969 -0.4405
vn -0.4504 -0.7552 -0.4763
vn -0.4085 -0.7880 -0.4607
vn -0.3252 -0.8155 -0.4787
vn -0.3330 -0.8078 -0.4863
vn -0.2899 -0.8301 -0.4764
vn -0.0415 -0.8974 -0.4393
vn 0.0301 -0.9128 -0.4073
vn -0.0280 -0.9293 -0.3683
vn -0.0277 -0.9301 -0.3662
vn -0.0195 -0.9532 -0.3016
vn -0.0144 -0.9529 -0.3029
vn -0.0111 -0.9782 -0.2074
vn -0.0139 -0.9776 -0.2098
vn -0.0038 -0.9942 -0.1079
vn 0.0030 -0.9946 -0.1033
vn -0.0596 -0.9872 -0.1481
vn -0.0168 -0.9751 -0.2210
vn -0.0838 -0.9628 -0.2567
vn -0.1181 -0.9287 -0.3515
vn -0.0319 -0.9315 -0.3623
vn -0.0488 -0.9157 -0.3990
vn -0.0948 -0.9060 -0.4126
vn -0.0373 -0.8976 -0.4393
vn -0.1061 -0.8815 -0.4602
vn -0.0519 -0.8797 -0.4726
vn -0.0019 -0.9985 -0.0541
vn 0.0080 -0.9992 0.0380
vn 0.0082 -0.9997 -0.0229
vn -0.0001 -0.9993 0.0367
vn -0.0011 -0.9996 -0.0275
vn 0.0091 -0.9947 0.1022
vn -0.1907 -0.9806 -0.0456
vn -0.1739 -0.9841 0.0362
vn -0.2235 -0.9737 0.0438
vn -0.2141 -0.9674 0.1356
vn -0.0212 -0.9897 0.1418
vn -0.0637 -0.9707 0.2318
vn 0.0475 -0.9868 0.1546
vn -0.0136 -0.9542 0.2990
vn 0.0057 -0.9615 0.2748
vn -0.0181 -0.9157 0.4016
vn -0.0227 -0.9339 0.3569
vn -0.0000 -0.9113 0.4118
vn -0.0266 -0.8871 0.4607
vn -0.0103 -0.8570 0.5152
vn -0.0116 -0.8400 0.5425
vn -0.0114 -0.8063 0.5914
vn -0.0108 -0.7865 0.6174
vn -0.0251 -0.7453 0.6663
vn -0.0032 -0.6759 0.7370
vn -0.0011 -0.7145 0.6996
vn -0.0026 -0.6704 0.7420
vn -0.0210 -0.5913 0.8062
vn -0.0431 -0.6415 0.7659
vn -0.0000 -0.5882 0.8087
vn -0.0277 -0.5403 0.8410
vn -0.0069 -0.4688 0.8833
vn -0.0072 -0.4683 0.8835
vn -0.0213 -0.3556 0.9344
vn -0.0525 -0.4217 0.9052
vn -0.0000 -0.3542 0.9352
vn -0.0257 -0.2978 0.9543
vn -0.0039 -0.2120 0.9773
vn -0.0078 -0.2200 0.9755
vn -0.0200 -0.0927 0.9955
vn -0.0586 -0.1663 0.9843
vn -0.0220 -0.0338 0.9992
vn -0.0057 0.0479 0.9988
vn -0.0000 -0.0912 0.9958
vn -0.0000 0.0509 0.9987
vn -0.0000 0.1779 0.9840
vn -0.0000 0.1776 0.9841
vn -0.0000 0.3201 0.9474
vn -0.0000 0.3195 0.9476
vn -0.0000 0.4582 0.8889
vn -0.0000 0.4575 0.8892
vn -0.0000 0.5650 0.8251
vn -0.0000 0.5645 0.8254
vn -0.0000 0.6441 0.7650
vn -0.0000 0.6435 0.7654
vn -0.0000 0.7345 0.6786
vn -0.0000 0.7337 0.6795
vn -0.0000 0.8279 0.5608
vn -0.0000 0.8272 0.5619
vn -0.0000 0.8997 0.4364
vn -0.0000 0.8992 0.4376
vn -0.0000 0.9487 0.3162
vn -0.0000 0.9485 0.3168
vn 0.0003 0.9792 0.2028
vn 0.0002 0.9791 0.2033
vn 0.0001 0.9489 0.3156
vn -0.0001 0.9790 0.2039
vn 0.0014 0.9929 0.1192
vn 0.0003 0.9928 0.1196
vn -0.0010 0.9928 0.1198
vn 0.0004 0.9982 0.0605
vn -0.0013 0.9982 0.0607
vn 0.0003 0.9999 -0.0106
vn -0.0029 0.9999 -0.0103
vn 0.0034 0.9999 -0.0109
vn 0.0021 0.9962 -0.0868
vn -0.0016 0.9962 -0.0868
vn -0.0066 0.9894 -0.1452
vn -0.0089 0.9893 -0.1457
vn -0.0170 0.9853 -0.1700
vn -0.0183 0.9851 -0.1708
vn -0.0194 0.9817 -0.1894
vn -0.0191 0.9819 -0.1886
vn -0.0181 0.9821 -0.1875
vn -0.0110 0.9892 -0.1461
vn -0.0194 0.9850 -0.1717
vn -0.2644 0.9448 -0.1936
vn -0.2518 0.9480 -0.1948
vn -0.4722 0.8502 -0.2328
vn -0.0220 0.9810 -0.1926
vn -0.0194 0.9817 -0.1895
vn -0.0190 0.9819 -0.1885
vn -0.4115 0.8818 -0.2306
vn -0.3747 0.9073 -0.1906
vn -0.3096 0.9407 -0.1386
vn -0.3400 0.9362 -0.0894
vn -0.3237 0.9418 -0.0908
vn -0.3949 0.8986 -0.1914
vn -0.4082 0.8916 -0.1960
vn -0.4082 0.8939 -0.1851
vn -0.3774 0.9159 -0.1365
vn -0.4398 0.8855 -0.1500
vn -0.3606 0.9280 -0.0940
vn -0.3164 0.9455 -0.0775
vn -0.2856 0.9577 -0.0364
vn -0.3506 0.9353 -0.0484
vn -0.2751 0.9611 0.0259
vn -0.2407 0.9699 0.0373
vn -0.4628 0.8789 -0.1152
vn -0.4443 0.8937 -0.0629
vn -0.3536 0.9353 0.0164
vn -0.4480 0.8940 0.0017
vn -0.3433 0.9352 0.0874
vn -0.5172 0.8532 -0.0684
vn -0.4483 0.8916 0.0643
vn -0.5527 0.8331 -0.0217
vn -0.5806 0.8091 -0.0908
vn -0.5370 0.8329 -0.1338
vn -0.6025 0.7839 -0.1501
vn -0.5003 0.8487 -0.1715
vn -0.5635 0.8044 -0.1881
vn -0.6721 0.7209 -0.1691
vn -0.6497 0.7521 -0.1104
vn -0.6304 0.7485 -0.2056
vn -0.6301 0.7765 -0.0031
vn -0.6338 0.7720 -0.0479
vn -0.6531 0.7534 -0.0765
vn -0.6304 0.7747 0.0485
vn -0.6232 0.7817 0.0247
vn -0.5406 0.8402 0.0418
vn -0.5474 0.8302 0.1057
vn -0.6140 0.7841 0.0906
vn -0.9572 -0.2851 -0.0507
vn -0.9566 -0.2878 -0.0462
vn -0.9571 -0.2881 -0.0322
vn -0.9571 -0.2891 -0.0213
vn -0.9566 -0.2910 -0.0167
vn -0.6065 0.7846 0.1289
vn -0.9566 -0.2913 0.0060
vn -0.9566 -0.2894 0.0347
vn -0.9566 -0.2845 0.0630
vn -0.9566 -0.2769 0.0908
vn -0.9566 -0.2666 0.1176
vn -0.9571 -0.2526 0.1417
vn -0.9566 -0.2537 0.1434
vn -0.9569 -0.2368 0.1682
vn -0.9593 -0.2400 0.1488
vn -0.7714 0.5526 -0.3156
vn -0.7722 0.5615 -0.2973
vn -0.7296 0.6281 -0.2706
vn -0.7859 0.5222 -0.3312
vn -0.7469 0.6130 -0.2577
vn -0.9565 -0.2384 0.1683
vn -0.7796 0.5071 -0.3675
vn -0.8172 0.4531 -0.3561
vn -0.9564 -0.2234 0.1880
vn -0.8168 0.4388 -0.3745
vn -0.8214 0.4002 -0.4065
vn -0.9567 -0.2066 0.2050
vn -0.9567 -0.2198 0.1909
vn -0.8036 0.4992 -0.3241
vn -0.7483 0.5651 -0.3473
vn -0.7505 0.5813 -0.3143
vn -0.7901 0.4820 -0.3788
vn -0.7078 0.6370 -0.3052
vn -0.7615 0.5290 -0.3745
vn -0.7053 0.6248 -0.3350
vn -0.6964 0.6171 -0.3664
vn -0.7280 0.5717 -0.3784
vn -0.7646 0.5055 -0.3998
vn -0.7971 0.4445 -0.4088
vn -0.6850 0.6418 -0.3449
vn -0.6299 0.6995 -0.3375
vn -0.6606 0.6773 -0.3239
vn -0.6127 0.7296 -0.3037
vn -0.5724 0.7685 -0.2859
vn -0.5470 0.7940 -0.2652
vn -0.5870 0.7635 -0.2694
vn -0.6523 0.7016 -0.2869
vn -0.6154 0.7301 -0.2971
vn -0.6299 0.7237 -0.2818
vn -0.6629 0.7026 -0.2586
vn -0.5964 0.7662 -0.2394
vn -0.6991 0.6794 -0.2230
vn -0.7152 0.6683 -0.2047
vn -0.6826 0.7164 -0.1444
vn -0.5351 0.8144 -0.2245
vn -0.5937 0.7583 -0.2693
vn -0.5264 0.8126 -0.2501
vn -0.5651 0.7799 -0.2690
vn -0.5141 0.8224 -0.2436
vn -0.5138 0.8186 -0.2567
vn -0.4632 0.8560 -0.2295
vn -0.4871 0.8428 -0.2288
vn -0.5232 0.8120 -0.2589
vn -0.4900 0.8369 -0.2439
vn -0.4540 0.8645 -0.2159
vn -0.4719 0.8580 -0.2030
vn -0.6362 0.7091 -0.3041
vn -0.5622 0.7812 -0.2714
vn -0.5818 0.7634 -0.2805
vn -0.4940 0.8366 -0.2368
vn -0.5082 0.8274 -0.2391
vn -0.2707 0.9454 -0.1815
vn -0.0243 0.9864 -0.1624
vn -0.0339 0.9871 -0.1568
vn -0.0392 0.9876 -0.1520
vn -0.0410 0.9879 -0.1495
vn -0.0342 0.9849 -0.1698
vn -0.5039 0.8320 -0.2320
vn -0.2853 0.9454 -0.1574
vn -0.0409 0.9898 -0.1368
vn -0.0258 0.9959 -0.0866
vn -0.0397 0.9874 -0.1534
vn -0.0321 0.9987 -0.0405
vn -0.0343 0.9819 -0.1861
vn -0.0273 0.9811 -0.1918
vn -0.0356 0.9992 0.0202
vn -0.2959 0.9449 -0.1401
vn -0.4914 0.8413 -0.2253
vn -0.4852 0.8449 -0.2252
vn -0.5254 0.8175 -0.2359
vn -0.5389 0.8061 -0.2446
vn -0.5522 0.7778 -0.3003
vn -0.5502 0.7934 -0.2604
vn -0.5262 0.8172 -0.2354
vn -0.5774 0.7633 -0.2897
vn -0.3113 0.9433 -0.1155
vn -0.5545 0.8015 -0.2237
vn -0.6151 0.7465 -0.2537
vn -0.6098 0.7452 -0.2699
vn -0.6113 0.7360 -0.2907
vn -0.6444 0.6925 -0.3245
vn -0.6617 0.6653 -0.3457
vn -0.6913 0.6409 -0.3336
vn -0.7048 0.6227 -0.3398
vn -0.7176 0.6008 -0.3522
vn -0.7628 0.5458 -0.3468
vn -0.7172 0.6198 -0.3186
vn -0.6690 0.6864 -0.2851
vn -0.7086 0.6674 -0.2292
vn -0.6203 0.7644 -0.1759
vn -0.7262 0.6850 -0.0589
vn -0.7881 0.5587 -0.2584
vn -0.8074 0.5842 -0.0830
vn -0.6357 0.7714 -0.0279
vn -0.7997 0.5924 0.0978
vn -0.7144 0.6913 0.1085
vn -0.7876 0.5873 0.1864
vn -0.8734 0.4786 0.0905
vn -0.8798 0.4651 -0.0980
vn -0.7043 0.6852 0.1855
vn -0.8540 0.4401 -0.2777
vn -0.9285 0.3546 -0.1101
vn -0.9272 0.3651 0.0835
vn -0.9639 0.2373 -0.1206
vn -0.9136 0.3644 0.1804
vn -0.9666 0.2446 0.0760
vn -0.9469 0.2711 0.1729
vn -0.9902 0.1231 0.0660
vn -0.9831 0.1289 -0.1303
vn -0.9626 0.2110 0.1700
vn -0.9985 0.0109 0.0543
vn -0.9405 0.1305 -0.3138
vn -0.9884 0.0043 0.1516
vn -0.9864 -0.0794 0.1436
vn -0.9797 0.1170 0.1630
vn -0.9863 -0.0615 0.1530
vn -0.9864 0.0049 0.1645
vn -0.9716 0.1628 0.1718
vn -0.9826 0.0697 0.1720
vn -0.9588 0.2230 0.1759
vn -0.9481 0.2628 0.1789
vn -0.9332 0.3086 0.1844
vn -0.9157 0.3578 0.1831
vn -0.8937 0.4072 0.1884
vn -0.8593 0.4777 0.1830
vn -0.8614 0.4721 0.1873
vn -0.8196 0.5390 0.1944
vn -0.7904 0.5824 0.1899
vn -0.7571 0.6227 0.1977
vn -0.7144 0.6727 0.1926
vn -0.6353 0.7341 0.2400
vn -0.6216 0.7567 0.2025
vn -0.6137 0.7672 0.1865
vn -0.5576 0.7983 0.2278
vn -0.6200 0.7759 0.1166
vn -0.5290 0.8264 0.1929
vn -0.5000 0.7938 0.3463
vn -0.5102 0.8509 0.1248
vn -0.4360 0.8839 0.1691
vn -0.4011 0.9061 0.1345
vn -0.5098 0.8602 0.0091
vn -0.4871 0.8570 0.1684
vn -0.3684 0.9151 0.1641
vn -0.2886 0.9462 0.1466
vn -0.3034 0.9396 0.1586
vn -0.1988 0.9372 0.2864
vn -0.1820 0.9665 0.1808
vn -0.2735 0.9516 0.1404
vn -0.2351 0.9611 0.1447
vn -0.1649 0.9682 0.1879
vn -0.1221 0.9714 0.2037
vn -0.1910 0.9636 0.1872
vn -0.2154 0.9657 0.1451
vn -0.3401 0.9354 0.0968
vn -0.2453 0.9649 0.0937
vn -0.1060 0.9839 0.1439
vn -0.1037 0.9796 0.1724
vn -0.0969 0.9748 0.2008
vn -0.0396 0.9882 0.1479
vn -0.0399 0.9908 0.1294
vn 0.0856 0.9908 0.1051
vn -0.0442 0.9935 0.1053
vn -0.0339 0.9971 0.0676
vn 0.0872 0.9946 0.0565
vn 0.3831 0.9186 0.0968
vn 0.0915 0.9819 0.1658
vn 0.3826 0.9110 0.1538
vn -0.0185 0.9841 0.1768
vn -0.0388 0.9858 0.1637
vn -0.0367 0.9838 0.1755
vn 0.0910 0.9680 0.2339
vn -0.0537 0.9633 0.2630
vn 0.3823 0.8972 0.2212
vn 0.3785 0.8834 0.2763
vn 0.0803 0.9522 0.2947
vn -0.0739 0.9685 0.2377
vn 0.0121 0.9672 0.2536
vn 0.1593 0.9551 0.2497
vn 0.0754 0.9792 0.1885
vn 0.3665 0.9002 0.2353
vn 0.3774 0.9095 0.1741
vn -0.0762 0.9782 0.1931
vn -0.0657 0.9804 0.1858
vn 0.0616 0.9806 0.1860
vn 0.3187 0.9310 0.1780
vn 0.7038 0.6976 0.1339
vn 0.6084 0.7796 0.1483
vn 0.8145 0.5702 0.1071
vn 0.9230 0.3776 0.0736
vn 0.9192 0.3870 0.0732
vn 0.9752 0.2174 0.0411
vn 0.9951 0.0966 0.0191
vn 0.9980 0.0619 0.0117
vn 0.9932 0.1126 0.0299
vn 1.0000 -0.0000 -0.0000
vn 0.9952 0.0935 0.0286
vn 0.9255 0.3677 0.0906
vn 0.9239 0.3654 0.1132
vn 0.9091 0.4028 0.1062
vn 0.9954 0.0928 0.0228
vn 0.7087 0.6850 0.1688
vn 0.7084 0.6960 0.1176
vn 0.9250 0.3747 0.0633
vn 0.7060 0.6761 0.2111
vn 0.5583 0.8026 0.2098
vn 0.7304 0.6607 0.1731
vn 0.7085 0.7019 0.0740
vn 0.9954 0.0949 0.0160
vn 0.9251 0.3776 0.0398
vn 0.7087 0.7049 0.0288
vn 0.9252 0.3791 0.0155
vn 0.9954 0.0956 0.0101
vn 0.9954 0.0960 0.0039
vn 0.9954 0.0962 -0.0022
vn 0.9953 0.0966 -0.0069
vn 0.9245 0.3802 -0.0269
vn 0.9252 0.3794 -0.0086
vn 0.7082 0.7043 -0.0501
vn 0.7090 0.7050 -0.0160
vn 0.9446 0.3268 -0.0313
vn 0.7834 0.6190 -0.0562
vn 0.5644 0.8220 -0.0755
vn 0.3834 0.9212 -0.0659
vn 0.3831 0.9198 -0.0849
vn 0.2065 0.9744 -0.0892
vn 0.0523 0.9945 -0.0909
vn -0.0140 0.9938 -0.1104
vn 0.0925 0.9931 -0.0721
vn 0.0895 0.9957 -0.0252
vn 0.3832 0.9234 -0.0218
vn 0.3788 0.9244 0.0451
vn -0.0102 0.9998 0.0166
vn -0.0276 0.9940 -0.1061
vn 0.9965 0.0833 -0.0081
vn -0.1494 0.9652 0.2146
vn -0.0826 0.9705 0.2266
vn -0.0592 0.9967 0.0562
vn -0.0903 0.9922 0.0858
vn -0.2799 0.9595 0.0317
vn -0.3188 0.9463 -0.0546
vn -0.0983 0.9885 0.1149
vn -0.4928 0.8632 -0.1099
vn -0.3895 0.9210 0.0051
vn -0.4034 0.9111 0.0842
vn -0.9794 -0.1399 0.1457
vn -0.8960 0.1298 -0.4248
vn -0.8834 0.2174 -0.4152
vn -0.9255 0.2253 -0.3046
vn -0.8724 0.1764 -0.4559
vn -0.8582 0.3211 -0.4004
vn -0.8638 0.2388 -0.4437
vn -0.8475 0.3011 -0.4370
vn -0.8628 0.2127 -0.4586
vn -0.8699 0.1551 -0.4681
vn -0.9568 -0.0901 0.2763
vn -0.9565 -0.1084 0.2708
vn -0.9566 -0.1190 0.2660
vn -0.9565 -0.1346 0.2588
vn -0.8556 0.2502 -0.4531
vn -0.9573 -0.1420 0.2517
vn -0.9573 -0.1592 0.2415
vn -0.9574 -0.1513 0.2459
vn -0.8524 0.2798 -0.4418
vn -0.9583 -0.1675 0.2316
vn -0.8487 0.3065 -0.4310
vn -0.9570 -0.1805 0.2270
vn -0.8351 0.3468 -0.4269
vn -0.8423 0.3416 -0.4169
vn -0.9567 -0.1807 0.2283
vn -0.9567 -0.1953 0.2158
vn -0.8314 0.3810 -0.4045
vn -0.9571 -0.1998 0.2097
vn -0.8216 0.4016 -0.4046
vn -0.8230 0.3689 -0.4320
vn -0.8002 0.4219 -0.4262
vn -0.7897 0.4668 -0.3981
vn -0.7679 0.5032 -0.3965
vn -0.7566 0.5384 -0.3710
vn -0.6912 0.6483 -0.3192
vn -0.7839 0.4693 -0.4064
vn -0.7468 0.5420 -0.3854
vn -0.7132 0.6106 -0.3441
vn -0.7239 0.5938 -0.3512
vn -0.7444 0.5659 -0.3544
vn -0.7577 0.5454 -0.3583
vn -0.7622 0.5283 -0.3742
vn -0.7816 0.4914 -0.3841
vn -0.7655 0.5215 -0.3770
vn -0.7608 0.5237 -0.3833
vn -0.7574 0.5231 -0.3908
vn -0.7558 0.5429 -0.3662
vn -0.7349 0.5761 -0.3578
vn -0.7235 0.5886 -0.3606
vn -0.8201 0.4325 -0.3748
vn -0.8196 0.3840 -0.4253
vn -0.8194 0.4005 -0.4101
vn -0.8960 0.3333 -0.2934
vn -0.7058 0.6161 -0.3496
vn -0.6972 0.6382 -0.3265
vn -0.6935 0.6662 -0.2741
vn -0.6773 0.6701 -0.3036
vn -0.6534 0.6930 -0.3048
vn -0.6370 0.7372 -0.2253
vn -0.5876 0.7617 -0.2728
vn -0.5502 0.7994 -0.2413
vn -0.5721 0.7766 -0.2638
vn -0.6209 0.7410 -0.2555
vn -0.5387 0.8061 -0.2451
vn -0.5313 0.8109 -0.2453
vn -0.5283 0.8131 -0.2445
vn -0.7279 0.5669 -0.3858
vn -0.9540 -0.0781 0.2895
vn -0.9574 -0.0550 0.2835
vn -0.9567 -0.0505 0.2868
vn -0.9570 -0.0345 0.2880
vn -0.9565 -0.0245 0.2907
vn -0.9592 -0.0693 0.2742
vn -0.8778 0.1236 -0.4629
vn -0.8726 0.0841 -0.4812
vn -0.8723 0.1161 -0.4750
vn -0.8743 0.0561 -0.4821
vn -0.8801 0.0739 -0.4690
vn -0.8807 0.0229 -0.4731
vn -0.8768 0.0109 -0.4808
vn -0.8810 -0.0313 -0.4721
vn -0.8758 -0.0334 -0.4815
vn -0.8740 -0.0560 -0.4827
vn -0.8845 -0.0751 -0.4604
vn -0.9568 0.0237 0.2897
vn -0.9590 0.0421 0.2804
vn -0.9570 0.0602 0.2839
vn -0.9566 0.0651 0.2841
vn -0.8813 -0.1087 -0.4599
vn -0.9566 0.0882 0.2778
vn -0.8752 -0.1490 -0.4603
vn -0.9566 0.1095 0.2702
vn -0.8463 -0.2165 -0.4868
vn -0.9570 0.1135 0.2669
vn -0.9570 0.1232 0.2626
vn -0.8274 -0.2150 -0.5189
vn -0.8312 -0.2510 -0.4960
vn -0.9568 0.1413 0.2542
vn -0.9566 0.1418 0.2546
vn -0.7810 -0.2929 -0.5516
vn -0.9566 0.1633 0.2414
vn -0.9570 0.1633 0.2397
vn -0.9543 0.0389 0.2964
vn -0.9565 0.0043 0.2917
vn -0.9566 -0.0069 0.2915
vn -0.6236 0.7683 0.1441
vn -0.9570 -0.2838 -0.0599
vn -0.9569 -0.2793 -0.0791
vn -0.9566 -0.2808 -0.0774
vn -0.6094 0.7771 0.1575
vn -0.6261 0.7497 0.2141
vn -0.6344 0.7298 0.2548
vn -0.6060 0.7387 0.2952
vn -0.9571 -0.2733 -0.0964
vn -0.5512 0.8104 0.1989
vn -0.6024 0.6856 0.4087
vn -0.6329 0.7113 0.3057
vn -0.5531 0.7685 0.3217
vn -0.5532 0.7086 0.4380
vn -0.5001 0.8385 0.2163
vn -0.4992 0.7941 0.3468
vn -0.4995 0.7308 0.4652
vn -0.4453 0.8614 0.2444
vn -0.4465 0.7488 0.4898
vn -0.4458 0.8151 0.3700
vn -0.3896 0.8822 0.2642
vn -0.3881 0.9081 0.1573
vn -0.4531 0.8807 0.1385
vn -0.3271 0.9279 0.1786
vn -0.2559 0.9473 0.1929
vn -0.2514 0.9611 0.1144
vn -0.3296 0.9007 0.2831
vn -0.2379 0.9677 0.0841
vn -0.2222 0.9569 0.1869
vn -0.2236 0.9225 0.3145
vn -0.2606 0.9177 0.2999
vn -0.2655 0.8631 0.4295
vn -0.3315 0.8488 0.4119
vn -0.3330 0.7772 0.5340
vn -0.3908 0.8330 0.3916
vn -0.2692 0.7878 0.5539
vn -0.3918 0.7640 0.5126
vn -0.3934 0.6745 0.6247
vn -0.3348 0.6854 0.6466
vn -0.3360 0.5776 0.7440
vn -0.2709 0.6941 0.6670
vn -0.2718 0.5844 0.7646
vn -0.2718 0.4613 0.8446
vn -0.2323 0.6944 0.6810
vn -0.2337 0.5840 0.7774
vn -0.2341 0.4605 0.8562
vn -0.2709 0.3272 0.9053
vn -0.2336 0.3265 0.9159
vn -0.2696 0.1860 0.9448
vn -0.2308 0.1865 0.9550
vn -0.2326 0.0466 0.9715
vn -0.2106 0.0508 0.9763
vn -0.2725 0.0435 0.9612
vn -0.2575 -0.0699 0.9638
vn -0.3366 -0.0598 0.9398
vn -0.3295 -0.1557 0.9312
vn -0.2619 -0.1606 0.9516
vn -0.3266 -0.2522 0.9109
vn -0.2581 -0.2594 0.9306
vn -0.3228 -0.3457 0.8811
vn -0.2538 -0.3550 0.8997
vn -0.3183 -0.4348 0.8424
vn -0.2493 -0.4456 0.8599
vn -0.3135 -0.5180 0.7959
vn -0.2446 -0.5299 0.8120
vn -0.3086 -0.5947 0.7424
vn -0.2403 -0.6073 0.7573
vn -0.3039 -0.6643 0.6829
vn -0.2363 -0.6775 0.6965
vn -0.2998 -0.7269 0.6179
vn -0.2329 -0.7405 0.6304
vn -0.2963 -0.7824 0.5478
vn -0.2301 -0.7964 0.5592
vn -0.2935 -0.8308 0.4729
vn -0.2277 -0.8454 0.4831
vn -0.2913 -0.8721 0.3931
vn -0.2256 -0.8874 0.4020
vn -0.2896 -0.9061 0.3084
vn -0.2235 -0.9222 0.3155
vn -0.2879 -0.9324 0.2187
vn -0.2211 -0.9493 0.2236
vn -0.2844 -0.9499 0.1300
vn -0.3565 -0.9335 0.0389
vn -0.4172 -0.9082 0.0343
vn -0.2791 -0.9599 0.0270
vn -0.4109 -0.9038 0.1192
vn -0.4117 -0.8878 0.2059
vn -0.5270 -0.8286 0.1891
vn -0.5253 -0.8440 0.1085
vn -0.5867 -0.8030 0.1053
vn -0.5273 -0.8059 0.2691
vn -0.5835 -0.7921 0.1792
vn -0.9568 0.2836 -0.0639
vn -0.9561 0.2915 -0.0315
vn -0.9571 0.2872 -0.0376
vn -0.9555 0.2950 -0.0007
vn -0.5913 -0.8060 0.0282
vn -0.5366 -0.8433 0.0308
vn -0.9578 0.2874 -0.0108
vn -0.9558 0.2934 0.0214
vn -0.9593 0.2824 0.0091
vn -0.9555 0.2934 0.0305
vn -0.5884 -0.8074 -0.0429
vn -0.5252 -0.8501 -0.0376
vn -0.4167 -0.9024 -0.1101
vn -0.3970 -0.9175 -0.0249
vn -0.3397 -0.9344 -0.1077
vn -0.3363 -0.9128 -0.2316
vn -0.2749 -0.9554 -0.1081
vn -0.2609 -0.9383 -0.2271
vn -0.2540 -0.9233 -0.2880
vn -0.3961 -0.9042 -0.1597
vn -0.4159 -0.8599 -0.2958
vn -0.4065 -0.8832 -0.2337
vn -0.4212 -0.8395 -0.3432
vn -0.3453 -0.8759 -0.3372
vn -0.3585 -0.8510 -0.3837
vn -0.2662 -0.9005 -0.3440
vn -0.2688 -0.8860 -0.3779
vn -0.1766 -0.9244 -0.3381
vn -0.1941 -0.8934 -0.4051
vn -0.2892 -0.8607 -0.4191
vn -0.2206 -0.8680 -0.4448
vn -0.1960 -0.8730 -0.4466
vn -0.1434 -0.9032 -0.4046
vn -0.1458 -0.9148 -0.3767
vn -0.1364 -0.9383 -0.3177
vn -0.1443 -0.9485 -0.2820
vn -0.1888 -0.9521 -0.2405
vn -0.1366 -0.9606 -0.2422
vn -0.1654 -0.9675 -0.1914
vn -0.1599 -0.9757 -0.1501
vn -0.2070 -0.9717 -0.1141
vn -0.1585 -0.9815 -0.1075
vn -0.2219 -0.8648 -0.4505
vn -0.2628 -0.8450 -0.4657
vn -0.3350 -0.8101 -0.4811
vn -0.3741 -0.7843 -0.4949
vn -0.3011 -0.8354 -0.4599
vn -0.4037 -0.7727 -0.4899
vn -0.4070 -0.7609 -0.5053
vn -0.4433 -0.7421 -0.5029
vn -0.4852 -0.7094 -0.5111
vn -0.3765 -0.7999 -0.4673
vn -0.5338 -0.6850 -0.4957
vn -0.6029 -0.6215 -0.5002
vn -0.5533 -0.6812 -0.4794
vn -0.4722 -0.7477 -0.4669
vn -0.5069 -0.7670 -0.3935
vn -0.5237 -0.7847 -0.3318
vn -0.6002 -0.7230 -0.3419
vn -0.5849 -0.7033 -0.4041
vn -0.6547 -0.6477 -0.3897
vn -0.6756 -0.6519 -0.3444
vn -0.7096 -0.6160 -0.3420
vn -0.7083 -0.6218 -0.3341
vn -0.6980 -0.6785 -0.2291
vn -0.7412 -0.6384 -0.2076
vn -0.6974 -0.6789 -0.2297
vn -0.7415 -0.6381 -0.2072
vn -0.6675 -0.7086 -0.2287
vn -0.6674 -0.7087 -0.2288
vn -0.7348 -0.5612 -0.3810
vn -0.7725 -0.5644 -0.2911
vn -0.7225 -0.5418 -0.4294
vn -0.7442 -0.5325 -0.4033
vn -0.7737 -0.5648 -0.2870
vn -0.7595 -0.6398 -0.1173
vn -0.9582 0.0186 -0.2855
vn -0.7600 -0.6392 -0.1175
vn -0.7175 -0.5068 -0.4779
vn -0.7230 -0.4969 -0.4800
vn -0.7107 -0.5472 -0.4421
vn -0.7160 -0.5044 -0.4827
vn -0.6891 -0.5447 -0.4780
vn -0.7001 -0.4973 -0.5124
vn -0.6829 -0.5376 -0.4947
vn -0.6909 -0.5465 -0.4733
vn -0.6680 -0.5758 -0.4714
vn -0.6675 -0.5770 -0.4706
vn -0.6487 -0.5483 -0.5278
vn -0.6687 -0.5727 -0.4741
vn -0.6751 -0.5715 -0.4665
vn -0.5943 -0.7739 -0.2186
vn -0.5488 -0.8075 -0.2161
vn -0.5513 -0.8064 -0.2141
vn -0.5942 -0.7740 -0.2187
vn -0.5099 -0.8375 -0.1966
vn -0.3738 -0.8229 -0.4279
vn -0.9564 0.2853 -0.0619
vn -0.9561 0.2790 -0.0900
vn -0.9565 0.2792 -0.0850
vn -0.9558 0.2767 -0.0990
vn -0.9530 0.2815 -0.1117
vn -0.9566 0.2672 -0.1162
vn -0.9576 0.2576 -0.1287
vn -0.9573 0.2514 -0.1431
vn -0.9566 0.2684 -0.1131
vn -0.5276 -0.7761 0.3453
vn -0.5798 -0.7269 0.3680
vn -0.5836 -0.7485 0.3148
vn -0.5827 -0.7724 0.2525
vn -0.4126 -0.8631 0.2911
vn -0.5830 -0.7094 0.3960
vn -0.5307 -0.7368 0.4189
vn -0.4140 -0.8307 0.3721
vn -0.5350 -0.6935 0.4825
vn -0.5901 -0.6453 0.4851
vn -0.5802 -0.6822 0.4450
vn -0.4161 -0.7909 0.4486
vn -0.4191 -0.7440 0.5204
vn -0.4231 -0.6900 0.5873
vn -0.5356 -0.6417 0.5490
vn -0.5968 -0.5935 0.5400
vn -0.5415 -0.5824 0.6064
vn -0.4278 -0.6292 0.6489
vn -0.5479 -0.5184 0.6565
vn -0.5997 -0.5510 0.5803
vn -0.6047 -0.4969 0.6225
vn -0.9565 0.1817 -0.2283
vn -0.9566 0.2008 -0.2111
vn -0.9567 0.1992 -0.2121
vn -0.9572 0.2126 -0.1966
vn -0.9567 0.2210 -0.1896
vn -0.9568 0.2307 -0.1773
vn -0.9566 0.2392 -0.1666
vn -0.9594 0.2399 -0.1485
vn -0.9573 0.2504 -0.1447
vn -0.9565 0.1600 -0.2439
vn -0.9567 0.1572 -0.2451
vn -0.9567 0.1343 -0.2582
vn -0.9566 0.1355 -0.2580
vn -0.9566 0.1100 -0.2698
vn -0.9567 0.1085 -0.2700
vn -0.9567 0.0868 -0.2779
vn -0.9574 0.0817 -0.2771
vn -0.9575 0.0668 -0.2807
vn -0.9575 0.0530 -0.2836
vn -0.9574 0.0378 -0.2862
vn -0.9565 0.0238 -0.2907
vn -0.9566 0.0504 -0.2869
vn -0.5671 -0.1352 0.8124
vn -0.6209 -0.0954 0.7780
vn -0.6218 -0.1415 0.7703
vn -0.5655 -0.2184 0.7953
vn -0.6207 -0.1785 0.7634
vn -0.6288 -0.0496 0.7760
vn -0.5668 -0.0614 0.8216
vn -0.4525 -0.1463 0.8797
vn -0.4505 -0.2366 0.8608
vn -0.4519 -0.0608 0.8900
vn -0.4480 0.0500 0.8927
vn -0.4867 0.0447 0.8724
vn -0.3903 0.0313 0.9202
vn -0.5303 0.0389 0.8469
vn -0.3326 0.0471 0.9419
vn -0.3956 0.1800 0.9006
vn -0.4525 0.1769 0.8741
vn -0.4516 0.3129 0.8356
vn -0.5063 0.1720 0.8451
vn -0.5053 0.3054 0.8071
vn -0.5039 0.4311 0.7485
vn -0.4506 0.4412 0.7761
vn -0.3962 0.3190 0.8610
vn -0.5024 0.5458 0.6706
vn -0.4494 0.5584 0.6973
vn -0.3957 0.4494 0.8009
vn -0.4480 0.6618 0.6011
vn -0.3947 0.5688 0.7215
vn -0.5010 0.6465 0.5754
vn -0.5546 0.6274 0.5466
vn -0.6037 0.6077 0.5159
vn -0.5561 0.5298 0.6403
vn -0.5578 0.4183 0.7169
vn -0.6058 0.5134 0.6078
vn -0.5596 0.2957 0.7742
vn -0.6102 0.4009 0.6833
vn -0.6105 0.2854 0.7388
vn -0.6380 0.3646 0.6782
vn -0.6307 0.4521 0.6307
vn -0.6430 0.4061 0.6493
vn -0.9573 -0.1523 -0.2456
vn -0.9562 -0.1401 -0.2569
vn -0.9566 -0.1413 -0.2550
vn -0.9572 -0.1174 -0.2646
vn -0.6190 0.3450 0.7055
vn -0.9573 -0.1245 -0.2611
vn -0.9574 -0.0915 -0.2739
vn -0.9588 -0.1006 -0.2657
vn -0.9561 -0.0873 -0.2799
vn -0.6462 0.2790 0.7103
vn -0.6366 0.2324 0.7353
vn -0.9573 -0.0625 -0.2824
vn -0.9574 -0.0721 -0.2796
vn -0.9560 -0.0304 -0.2916
vn -0.9571 -0.0533 -0.2847
vn -0.6399 0.1932 0.7438
vn -0.6127 0.1587 0.7742
vn -0.6489 0.1436 0.7472
vn -0.6366 0.0928 0.7656
vn -0.6140 0.0315 0.7887
vn -0.5618 0.1661 0.8105
vn -0.5710 0.0434 0.8198
vn -0.6461 0.0270 0.7628
vn -0.9586 0.0099 -0.2847
vn -0.9575 -0.0107 -0.2881
vn -0.9558 -0.0026 -0.2939
vn -0.9571 -0.0366 -0.2876
vn -0.9569 -0.1667 -0.2379
vn -0.9570 -0.1715 -0.2342
vn -0.9569 -0.1845 -0.2244
vn -0.9570 -0.1895 -0.2196
vn -0.9574 -0.1969 -0.2111
vn -0.6339 0.5284 0.5648
vn -0.6430 0.4893 0.5892
vn -0.6311 0.5589 0.5379
vn -0.9569 -0.2115 -0.1991
vn -0.6408 0.5871 0.4947
vn -0.9574 -0.2198 -0.1872
vn -0.9561 -0.2095 -0.2048
vn -0.9571 -0.2283 -0.1783
vn -0.9571 -0.2423 -0.1585
vn -0.9566 -0.2316 -0.1770
vn -0.9566 -0.2431 -0.1609
vn -0.9577 -0.2491 -0.1441
vn -0.9571 -0.2588 -0.1304
vn -0.9566 -0.2610 -0.1295
vn -0.6382 0.6676 0.3834
vn -0.6307 0.6428 0.4347
vn -0.6053 0.7193 0.3410
vn -0.9565 -0.2694 -0.1116
vn -0.6281 0.6226 0.4667
vn -0.9570 -0.2694 -0.1077
vn -0.3367 0.4562 0.8237
vn -0.3367 0.3238 0.8842
vn -0.3367 0.1826 0.9237
vn -0.4474 -0.3246 0.8334
vn -0.4431 -0.4088 0.7978
vn -0.5638 -0.2973 0.7705
vn -0.4382 -0.4882 0.7547
vn -0.5591 -0.3750 0.7395
vn -0.5537 -0.4490 0.7013
vn -0.4329 -0.5618 0.7049
vn -0.6098 -0.4322 0.6643
vn -0.6140 -0.3654 0.6997
vn -0.6167 -0.2969 0.7291
vn -0.6195 -0.2362 0.7486
vn -0.2300 0.7893 0.5693
vn -0.2267 0.8667 0.4444
vn -0.0053 0.9962 -0.0869
vn 0.0018 0.9982 0.0601
vn -0.3898 -0.9058 0.1664
vn -0.3544 -0.9133 0.2008
vn -0.4040 -0.8769 0.2604
vn -0.3360 -0.9020 0.2712
vn -0.3165 -0.9072 0.2771
vn -0.3003 -0.9243 0.2354
vn -0.2779 -0.9188 0.2805
vn -0.2955 -0.9409 0.1657
vn -0.2568 -0.9517 0.1684
vn -0.2069 -0.9328 0.2950
vn -0.1981 -0.9653 0.1699
vn -0.1521 -0.9425 0.2977
vn -0.1426 -0.9753 0.1688
vn -0.1021 -0.9484 0.3002
vn -0.0778 -0.9823 0.1701
vn -0.0496 -0.9508 0.3059
vn -0.1112 -0.9790 0.1709
vn 0.0510 -0.9846 0.1673
vn 0.0779 -0.9480 0.3085
vn 0.0702 -0.9467 0.3143
vn 0.0354 -0.9542 0.2971
vn -0.0113 -0.9575 0.2883
vn 0.3201 -0.9346 0.1554
vn 0.3727 -0.8878 0.2700
vn 0.3727 -0.8851 0.2786
vn 0.7006 -0.6806 0.2142
vn 0.7001 -0.6788 0.2218
vn 0.3731 -0.8818 0.2886
vn 0.3243 -0.8983 0.2966
vn 0.6169 -0.7472 0.2472
vn 0.8205 -0.5422 0.1808
vn 0.9221 -0.3680 0.1197
vn 0.9219 -0.3696 0.1163
vn 0.9950 -0.0945 0.0309
vn 0.9983 -0.0564 0.0165
vn 0.9221 -0.3673 0.1220
vn 0.9774 -0.2012 0.0645
vn 0.9950 -0.0950 0.0299
vn 0.9224 -0.3694 0.1131
vn 0.7006 -0.6824 0.2084
vn 0.6109 -0.7811 0.1293
vn 0.8155 -0.5709 0.0954
vn 0.9230 -0.3846 0.0139
vn 0.9193 -0.3881 0.0649
vn 0.7042 -0.7095 0.0275
vn 0.9741 -0.2231 0.0378
vn 0.9970 -0.0768 0.0113
vn 1.0000 -0.0098 -0.0011
vn 0.9951 -0.0948 0.0290
vn 0.9951 -0.0986 0.0038
vn 0.9959 -0.0908 0.0040
vn 0.9391 -0.3433 0.0146
vn 0.7738 -0.6330 0.0233
vn 0.5573 -0.8298 0.0289
vn 0.3776 -0.9252 0.0372
vn 0.3742 -0.9268 0.0331
vn 0.2003 -0.9791 0.0350
vn 0.0255 -0.9990 0.0356
vn 0.0663 -0.9970 0.0393
vn -0.1037 -0.9934 0.0488
vn -0.0938 -0.9852 0.1438
vn -0.1892 -0.9812 0.0372
vn -0.2657 -0.9630 0.0454
vn -0.3298 -0.9424 0.0563
vn -0.3808 -0.9225 0.0629
vn -0.3832 -0.9222 0.0517
vn -0.3555 -0.9201 0.1648
vn -0.4511 -0.8772 0.1642
vn -0.4243 -0.9030 0.0675
vn -0.4353 -0.8948 0.0991
vn -0.4220 -0.9036 0.0738
vn -0.4845 -0.8678 0.1102
vn -0.4955 -0.8646 0.0837
vn -0.3983 -0.9154 0.0582
vn -0.4608 -0.8854 0.0606
vn -0.4131 -0.9087 0.0602
vn -0.4404 -0.8968 0.0425
vn -0.5255 -0.8411 0.1283
vn -0.4166 -0.8720 0.2571
vn -0.4637 -0.8484 0.2553
vn -0.4458 -0.8570 0.2584
vn -0.0000 0.8617 0.5074
vn -0.0020 0.9219 0.3875
vn -0.4047 -0.8783 0.2545
vn -0.0125 0.9609 0.2766
vn -0.0151 0.9887 0.1492
vn -0.3898 -0.8825 0.2632
vn -0.0129 0.9999 -0.0055
vn -0.3797 -0.8855 0.2679
vn -0.0000 1.0000 -0.0033
vn -0.0101 0.9701 -0.2424
vn -0.0028 0.9938 -0.1111
vn -0.0097 0.8586 -0.5125
vn -0.0239 0.8302 -0.5570
vn -0.0025 0.4917 -0.8708
vn -0.0054 0.9240 -0.3823
vn -0.3632 -0.8880 0.2820
vn -0.3528 -0.8934 0.2782
vn -0.3763 -0.8812 0.2862
vn -0.3860 -0.8759 0.2894
vn -0.0224 0.7310 -0.6820
vn -0.4165 -0.8646 0.2811
vn -0.0030 0.5925 -0.8056
vn -0.4367 -0.8691 0.2323
vn -0.0251 0.4222 -0.9061
vn -0.0273 0.3609 -0.9322
vn -0.4391 -0.8689 0.2284
vn -0.0122 0.2646 -0.9643
vn -0.4310 -0.8750 0.2205
vn -0.3688 -0.8888 0.2722
vn -0.7215 -0.6905 0.0510
vn -0.0018 -0.7817 0.6236
vn -0.6524 -0.7358 0.1815
vn -0.6524 -0.7359 0.1814
vn -0.7063 -0.6741 0.2161
vn -0.6748 -0.7127 0.1914
vn -0.6940 -0.6898 0.2063
vn -0.6747 -0.7129 0.1914
vn -0.6305 -0.7191 -0.2922
vn -0.6358 -0.7297 -0.2517
vn -0.8006 -0.5807 0.1478
vn 0.5266 0.0406 0.8491
vn 0.5618 0.1661 0.8104
vn 0.5042 0.1680 0.8471
vn 0.5596 0.2956 0.7742
vn 0.5053 0.3053 0.8071
vn 0.4532 0.1734 0.8744
vn 0.4516 0.3129 0.8356
vn 0.5039 0.4311 0.7485
vn 0.5578 0.4182 0.7169
vn 0.5562 0.5298 0.6403
vn 0.6087 0.5135 0.6048
vn 0.6077 0.4034 0.6841
vn 0.6309 0.4452 0.6354
vn 0.6367 0.5057 0.5821
vn 0.6043 0.6066 0.5166
vn 0.5546 0.6274 0.5466
vn 0.6016 0.6853 0.4104
vn 0.6294 0.6213 0.4668
vn 0.6412 0.5844 0.4973
vn 0.6163 0.5529 0.5608
vn 0.5025 0.5457 0.6706
vn 0.5010 0.6465 0.5754
vn 0.5532 0.7086 0.4380
vn 0.4494 0.5584 0.6973
vn 0.4480 0.6617 0.6011
vn 0.4995 0.7308 0.4652
vn 0.4465 0.7488 0.4898
vn 0.3948 0.5688 0.7215
vn 0.3935 0.6745 0.6247
vn 0.3361 0.5776 0.7440
vn 0.3348 0.6854 0.6466
vn 0.3919 0.7640 0.5126
vn 0.2718 0.5844 0.7646
vn 0.3330 0.7772 0.5340
vn 0.2710 0.6941 0.6670
vn 0.2324 0.6944 0.6810
vn 0.2338 0.5840 0.7774
vn 0.2718 0.4613 0.8446
vn 0.2300 0.7893 0.5693
vn 0.2693 0.7878 0.5539
vn 0.2267 0.8667 0.4444
vn 0.2656 0.8631 0.4295
vn 0.1498 0.9422 0.2997
vn 0.2603 0.9179 0.2995
vn -0.0000 0.9210 0.3896
vn -0.0000 0.9359 0.3522
vn -0.0000 0.9207 0.3903
vn 0.2591 0.9456 0.1966
vn 0.0538 0.9624 0.2663
vn 0.0104 0.9795 0.2010
vn 0.0066 0.9644 0.2644
vn 0.3315 0.8488 0.4119
vn 0.3296 0.9007 0.2829
vn 0.3361 0.9255 0.1747
vn 0.3905 0.8836 0.2584
vn 0.3909 0.8330 0.3916
vn 0.4393 0.8870 0.1426
vn 0.2621 0.9592 0.1061
vn 0.3422 0.9351 0.0925
vn 0.0940 0.9822 0.1629
vn 0.2725 0.9616 0.0320
vn 0.1036 0.9878 0.1161
vn 0.0896 0.9944 0.0555
vn -0.0105 0.9942 0.1075
vn 0.0133 0.9966 0.0816
vn 0.0330 0.9986 0.0424
vn 0.0063 1.0000 0.0036
vn 0.1255 0.9920 0.0104
vn 0.1045 0.9937 -0.0397
vn 0.0027 0.9974 -0.0720
vn 0.0281 0.9987 -0.0423
vn 0.0166 0.9996 -0.0210
vn -0.9999 -0.0023 0.0166
vn -0.9998 -0.0060 0.0165
vn -0.9999 -0.0031 0.0161
vn -0.9998 -0.0062 0.0168
vn -0.9999 -0.0023 0.0167
vn -0.9999 -0.0063 0.0160
vn -0.9998 0.0049 0.0176
vn -0.9999 -0.0032 0.0162
vn -0.9998 0.0101 0.0161
vn -0.9999 -0.0031 0.0162
vn 0.0114 0.9897 -0.1430
vn 0.0180 0.9925 -0.1213
vn 0.0241 0.9947 -0.1001
vn 0.0193 0.9831 -0.1820
vn 0.0366 0.9852 -0.1675
vn 0.1758 0.9697 -0.1694
vn 0.1365 0.9832 -0.1214
vn -0.9998 0.0134 0.0143
vn -0.9997 0.0190 0.0140
vn -0.9997 0.0180 0.0176
vn 0.0186 0.9828 -0.1835
vn 0.0184 0.9829 -0.1833
vn 0.0196 0.9816 -0.1898
vn 0.0184 0.9828 -0.1838
vn 0.0184 0.9825 -0.1854
vn -0.9997 0.0202 0.0121
vn -0.9996 0.0211 0.0169
vn -0.9996 0.0211 0.0170
vn 0.2077 0.9594 -0.1908
vn 0.0215 0.9811 -0.1923
vn 0.0286 0.9807 -0.1935
vn -0.9990 0.0271 0.0348
vn -0.9995 0.0223 0.0214
vn -0.9996 0.0217 0.0173
vn -0.9997 0.0204 0.0154
vn -0.9997 0.0204 0.0155
vn -0.9996 0.0196 0.0195
vn -0.9996 0.0196 0.0194
vn -0.9989 0.0279 0.0384
vn -0.9968 0.0356 0.0714
vn -0.9971 0.0360 0.0676
vn -0.9920 0.0469 0.1176
vn -0.9924 0.0461 0.1137
vn -0.9836 0.0587 0.1707
vn -0.9717 0.0698 0.2258
vn -0.9828 0.0595 0.1749
vn -0.9718 0.0702 0.2250
vn -0.9609 0.0780 0.2656
vn -0.9623 0.0774 0.2609
vn -0.9530 0.0834 0.2913
vn -0.9513 0.0839 0.2965
vn -0.9401 0.0907 0.3286
vn -0.9362 0.0911 0.3394
vn -0.9218 0.0990 0.3749
vn -0.9104 0.1012 0.4012
vn -0.8759 0.1125 0.4692
vn -0.8807 0.1125 0.4602
vn -0.9034 0.1048 0.4158
vn -0.8504 0.1208 0.5121
vn -0.8454 0.1207 0.5203
vn -0.8212 0.1267 0.5563
vn -0.8299 0.1244 0.5438
vn -0.8121 0.1272 0.5695
vn 0.0433 0.9863 -0.1592
vn 0.0416 0.9851 -0.1666
vn 0.2565 0.9472 -0.1923
vn 0.0375 0.9838 -0.1751
vn -0.7693 0.1331 0.6248
vn -0.7881 0.1322 0.6012
vn 0.2441 0.9486 -0.2014
vn 0.0353 0.9827 -0.1816
vn 0.4956 0.8351 -0.2386
vn 0.4843 0.8447 -0.2277
vn 0.2342 0.9508 -0.2029
vn 0.4735 0.8494 -0.2332
vn 0.0341 0.9817 -0.1875
vn 0.2588 0.9480 -0.1853
vn 0.5528 0.7885 -0.2696
vn 0.5855 0.7610 -0.2794
vn 0.5147 0.8219 -0.2440
vn 0.2703 0.9463 -0.1775
vn 0.0365 0.9917 -0.1229
vn 0.0334 0.9863 -0.1615
vn 0.0281 0.9960 -0.0849
vn 0.2797 0.9478 -0.1533
vn 0.0379 0.9882 -0.1483
vn 0.0394 0.9886 -0.1453
vn 0.5248 0.8166 -0.2401
vn 0.0413 0.9882 -0.1473
vn 0.5966 0.7521 -0.2801
vn 0.6084 0.7398 -0.2874
vn 0.5315 0.8132 -0.2372
vn 0.2867 0.9481 -0.1373
vn 0.2949 0.9484 -0.1161
vn 0.0478 0.9988 0.0098
vn 0.0378 0.9985 -0.0407
vn -0.0049 0.9999 0.0147
vn -0.0879 0.9945 0.0563
vn 0.0479 0.9969 0.0623
vn -0.0863 0.9909 0.1031
vn -0.3786 0.9245 0.0436
vn -0.3833 0.9186 0.0958
vn 0.0455 0.9889 0.1416
vn 0.0273 0.9841 0.1753
vn -0.0943 0.9812 0.1684
vn 0.0457 0.9948 0.0906
vn 0.0471 0.9929 0.1091
vn 0.0470 0.9908 0.1271
vn 0.1088 0.9840 0.1409
vn 0.1062 0.9794 0.1718
vn 0.0379 0.9840 0.1742
vn 0.0958 0.9769 0.1912
vn 0.0854 0.9724 0.2171
vn 0.1858 0.9658 0.1809
vn 0.1421 0.9634 0.2275
vn 0.0568 0.9654 0.2544
vn 0.1683 0.9688 0.1819
vn 0.0765 0.9783 0.1925
vn 0.0772 0.9665 0.2449
vn -0.0757 0.9789 0.1900
vn -0.0769 0.9518 0.2970
vn -0.0982 0.9628 0.2518
vn -0.4177 0.8789 0.2301
vn -0.3767 0.9094 0.1766
vn -0.7043 0.6971 0.1337
vn -0.6777 0.7113 0.1866
vn -0.3779 0.8843 0.2742
vn -0.7731 0.6231 0.1184
vn -0.9388 0.3380 0.0659
vn -0.9230 0.3779 0.0720
vn -0.8196 0.5543 0.1449
vn -0.5569 0.8163 0.1537
vn -0.3735 0.9115 0.1724
vn -0.1995 0.9628 0.1821
vn -0.0331 0.9820 0.1860
vn 0.0681 0.9802 0.1860
vn 0.1288 0.9714 0.1994
vn 0.2122 0.9599 0.1834
vn 0.2632 0.9491 0.1729
vn 0.3047 0.9378 0.1663
vn 0.2218 0.9632 0.1518
vn 0.2901 0.9473 0.1362
vn 0.2501 0.9610 0.1182
vn 0.3395 0.9374 0.0774
vn 0.4020 0.9059 0.1329
vn 0.3279 0.9430 0.0572
vn 0.4033 0.9113 0.0829
vn 0.4238 0.9055 -0.0222
vn 0.5099 0.8602 0.0091
vn 0.3164 0.9473 -0.0496
vn 0.2013 0.9785 0.0442
vn 0.5167 0.8484 -0.1150
vn 0.1005 0.9890 0.1085
vn 0.1984 0.9737 0.1124
vn 0.0936 0.9914 0.0913
vn 0.3093 0.9459 -0.0978
vn 0.5266 0.8179 -0.2316
vn 0.5530 0.8016 -0.2271
vn 0.6204 0.7643 -0.1759
vn 0.6179 0.7419 -0.2603
vn 0.6155 0.7392 -0.2732
vn 0.7102 0.6356 -0.3027
vn 0.6803 0.6861 -0.2579
vn 0.7038 0.6272 -0.3337
vn 0.7654 0.5470 -0.3392
vn 0.7784 0.4847 -0.3989
vn 0.7197 0.5990 -0.3510
vn 0.6551 0.6819 -0.3254
vn 0.6542 0.6855 -0.3195
vn 0.7116 0.6119 -0.3453
vn 0.6858 0.6444 -0.3382
vn 0.6491 0.6952 -0.3089
vn 0.6342 0.7161 -0.2916
vn 0.6842 0.6415 -0.3470
vn 0.6997 0.6228 -0.3500
vn 0.7382 0.5676 -0.3645
vn 0.6283 0.7088 -0.3208
vn 0.6055 0.7432 -0.2847
vn 0.7307 0.5694 -0.3766
vn 0.5728 0.7773 -0.2602
vn 0.5395 0.7994 -0.2643
vn 0.5354 0.8084 -0.2445
vn 0.5617 0.7699 -0.3030
vn 0.4297 0.8786 -0.2085
vn 0.4603 0.8542 -0.2419
vn 0.6233 0.7202 -0.3046
vn 0.5643 0.7783 -0.2751
vn 0.5068 0.8167 -0.2760
vn 0.5699 0.7764 -0.2690
vn 0.5174 0.8207 -0.2422
vn 0.5364 0.8140 -0.2228
vn 0.4744 0.8499 -0.2295
vn 0.4680 0.8622 -0.1937
vn 0.4902 0.8557 -0.1660
vn 0.5622 0.8069 -0.1812
vn 0.5926 0.7677 -0.2440
vn 0.6325 0.7123 -0.3043
vn 0.6033 0.7479 -0.2769
vn 0.5793 0.7631 -0.2863
vn 0.7109 0.6280 -0.3166
vn 0.6549 0.6853 -0.3184
vn 0.7694 0.5249 -0.3640
vn 0.7892 0.4846 -0.3773
vn 0.7452 0.5703 -0.3456
vn 0.6978 0.6403 -0.3211
vn 0.7841 0.5114 -0.3518
vn 0.8092 0.4363 -0.3935
vn 0.7542 0.5727 -0.3213
vn 0.7992 0.4941 -0.3422
vn 0.8211 0.4421 -0.3611
vn 0.9569 -0.2224 0.1866
vn 0.9562 -0.2210 0.1921
vn 0.9563 -0.2014 0.2117
vn 0.9566 -0.2378 0.1684
vn 0.9568 -0.2029 0.2084
vn 0.8313 0.3911 -0.3949
vn 0.9567 -0.1807 0.2280
vn 0.9566 -0.1846 0.2257
vn 0.8390 0.3305 -0.4323
vn 0.8450 0.3422 -0.4110
vn 0.8191 0.4088 -0.4026
vn 0.8220 0.3755 -0.4283
vn 0.8238 0.3958 -0.4060
vn 0.8522 0.2695 -0.4484
vn 0.8506 0.3053 -0.4281
vn 0.8018 0.4436 -0.4004
vn 0.7761 0.4368 -0.4548
vn 0.7770 0.4849 -0.4015
vn 0.7725 0.5018 -0.3892
vn 0.7718 0.4987 -0.3946
vn 0.7794 0.4781 -0.4049
vn 0.7483 0.5529 -0.3667
vn 0.7491 0.5406 -0.3830
vn 0.8201 0.3897 -0.4190
vn 0.8494 0.3077 -0.4288
vn 0.8206 0.4373 -0.3679
vn 0.8544 0.3386 -0.3941
vn 0.8625 0.2181 -0.4566
vn 0.8640 0.2362 -0.4446
vn 0.8938 0.3359 -0.2972
vn 0.8722 0.2743 -0.4050
vn 0.9243 0.2242 -0.3090
vn 0.9285 0.3546 -0.1101
vn 0.8540 0.4400 -0.2777
vn 0.7881 0.5586 -0.2584
vn 0.8799 0.4650 -0.0980
vn 0.8074 0.5841 -0.0830
vn 0.7086 0.6673 -0.2292
vn 0.7262 0.6850 -0.0589
vn 0.7144 0.6913 0.1085
vn 0.6358 0.7714 -0.0279
vn 0.7997 0.5923 0.0978
vn 0.7048 0.6844 0.1868
vn 0.7878 0.5869 0.1868
vn 0.8734 0.4785 0.0905
vn 0.9140 0.3638 0.1798
vn 0.9272 0.3651 0.0835
vn 0.8588 0.4781 0.1838
vn 0.9543 0.2440 0.1729
vn 0.9639 0.2372 -0.1206
vn 0.9669 0.2438 0.0748
vn 0.9398 0.1275 -0.3170
vn 0.9831 0.1289 -0.1303
vn 0.9893 0.0302 -0.1425
vn 0.9902 0.1235 0.0655
vn 0.9985 0.0109 0.0543
vn 0.9852 -0.0959 0.1418
vn 0.9874 -0.0041 0.1583
vn 0.9952 -0.0878 0.0428
vn 0.9750 -0.1747 0.1370
vn 0.9858 -0.0583 -0.1572
vn 0.9831 -0.1803 0.0325
vn 0.9611 -0.2751 0.0233
vn 0.9484 -0.2859 0.1369
vn 0.9736 -0.1455 -0.1757
vn 0.9624 -0.2337 0.1383
vn 0.9405 -0.0269 -0.3388
vn 0.9276 -0.1042 -0.3589
vn 0.9517 -0.2377 -0.1945
vn 0.9200 -0.3331 -0.2064
vn 0.8714 -0.2860 -0.3987
vn 0.9050 -0.1908 -0.3802
vn 0.8650 -0.1635 -0.4744
vn 0.8864 -0.0780 -0.4562
vn 0.8361 -0.1944 -0.5130
vn 0.8626 -0.0954 -0.4967
vn 0.8975 -0.0078 -0.4409
vn 0.8753 -0.0313 -0.4825
vn 0.8646 -0.1202 -0.4878
vn 0.9001 0.0553 -0.4323
vn 0.8822 0.0228 -0.4703
vn 0.8771 -0.0460 -0.4781
vn 0.8781 0.1182 -0.4637
vn 0.8981 0.1161 -0.4241
vn 0.8836 0.0741 -0.4623
vn 0.9447 0.0475 -0.3244
vn 0.8921 0.1619 -0.4219
vn 0.8845 0.2157 -0.4137
vn 0.8724 0.1759 -0.4561
vn 0.8715 0.1423 -0.4693
vn 0.8694 0.1695 -0.4640
vn 0.9572 -0.0829 0.2774
vn 0.9608 -0.0985 0.2593
vn 0.9607 -0.1205 0.2502
vn 0.9567 -0.0850 0.2785
vn 0.9514 -0.1096 0.2878
vn 0.9526 -0.0488 0.3002
vn 0.9571 -0.0632 0.2826
vn 0.8738 0.1071 -0.4744
vn 0.9529 -0.0214 0.3026
vn 0.9596 -0.0398 0.2784
vn 0.8683 0.0567 -0.4927
vn 0.8673 0.0113 -0.4977
vn 0.9533 0.0081 0.3018
vn 0.9593 -0.0112 0.2821
vn 0.9562 0.0311 0.2911
vn 0.9587 0.0161 0.2838
vn 0.9572 0.0618 0.2828
vn 0.9571 0.0472 0.2859
vn 0.8846 -0.0750 -0.4604
vn 0.8761 -0.1037 -0.4708
vn 0.8788 -0.0252 -0.4766
vn 0.8795 -0.1124 -0.4624
vn 0.9566 0.0650 0.2841
vn 0.9566 0.0881 0.2778
vn 0.8597 -0.1852 -0.4761
vn 0.8694 -0.1579 -0.4682
vn 0.8387 -0.2511 -0.4832
vn 0.8444 -0.2168 -0.4900
vn 0.9570 0.1134 0.2669
vn 0.9566 0.1094 0.2701
vn 0.9570 0.1232 0.2626
vn 0.9573 0.1394 0.2534
vn 0.9589 0.1504 0.2405
vn 0.9566 0.1380 0.2567
vn 0.9575 0.1636 0.2373
vn 0.9566 0.1654 0.2399
vn 0.7705 -0.3872 -0.5063
vn 0.7743 -0.2905 -0.5623
vn 0.7706 -0.3300 -0.5453
vn 0.8194 -0.2643 -0.5086
vn 0.7931 -0.3165 -0.5205
vn 0.7715 -0.3753 -0.5138
vn 0.7388 -0.4456 -0.5056
vn 0.7302 -0.4554 -0.5094
vn 0.7020 -0.4935 -0.5135
vn 0.6553 -0.5524 -0.5152
vn 0.7314 -0.4428 -0.5186
vn 0.6944 -0.5107 -0.5070
vn 0.7737 -0.3917 -0.4980
vn 0.7993 -0.3485 -0.4895
vn 0.7500 -0.4299 -0.5026
vn 0.7857 -0.3405 -0.5165
vn 0.8083 -0.3169 -0.4962
vn 0.8233 -0.2623 -0.5034
vn 0.8389 -0.2124 -0.5011
vn 0.7964 -0.2983 -0.5261
vn 0.7457 -0.4017 -0.5316
vn 0.8334 -0.2612 -0.4871
vn 0.8288 -0.3855 -0.4055
vn 0.7873 -0.3688 -0.4941
vn 0.7744 -0.4824 -0.4094
vn 0.8281 -0.5295 -0.1838
vn 0.8827 -0.4233 -0.2039
vn 0.7277 -0.5759 -0.3726
vn 0.7772 -0.6148 -0.1339
vn 0.7902 -0.6094 0.0650
vn 0.8429 -0.5366 0.0395
vn 0.9321 0.2010 -0.3012
vn 0.9322 0.2008 -0.3013
vn 0.6843 -0.7218 -0.1036
vn 0.9321 0.2013 -0.3012
vn 0.7089 -0.6619 -0.2436
vn 0.7214 -0.6772 -0.1449
vn 0.6828 -0.6746 -0.2805
vn 0.6792 -0.7156 -0.1631
vn 0.6178 -0.7340 -0.2821
vn 0.6559 -0.6369 -0.4052
vn 0.6433 -0.5819 -0.4976
vn 0.6871 -0.5305 -0.4964
vn 0.5908 -0.7008 -0.3999
vn 0.5520 -0.6852 -0.4752
vn 0.5045 -0.7682 -0.3941
vn 0.5355 -0.7985 -0.2751
vn 0.4738 -0.7499 -0.4616
vn 0.4624 -0.7993 -0.3838
vn 0.3820 -0.7878 -0.4831
vn 0.4354 -0.7542 -0.4916
vn 0.4376 -0.7812 -0.4453
vn 0.5408 -0.6753 -0.5015
vn 0.4156 -0.7630 -0.4951
vn 0.3386 -0.8109 -0.4772
vn 0.3697 -0.7904 -0.4883
vn 0.3348 -0.8063 -0.4877
vn 0.2402 -0.8430 -0.4813
vn 0.2140 -0.8735 -0.4372
vn 0.1974 -0.8674 -0.4568
vn 0.3015 -0.8402 -0.4507
vn 0.2941 -0.8649 -0.4066
vn 0.3763 -0.8042 -0.4602
vn 0.2001 -0.8935 -0.4021
vn 0.1629 -0.9150 -0.3691
vn 0.1353 -0.9334 -0.3322
vn 0.1466 -0.9006 -0.4093
vn 0.1761 -0.9230 -0.3420
vn 0.1450 -0.9478 -0.2841
vn 0.1744 -0.9599 -0.2197
vn 0.1568 -0.9611 -0.2274
vn 0.2650 -0.9491 -0.1700
vn 0.1938 -0.9608 -0.1983
vn 0.2685 -0.9320 -0.2434
vn 0.3982 -0.9020 -0.1670
vn 0.2680 -0.9571 -0.1102
vn 0.3892 -0.9152 -0.1044
vn 0.2785 -0.9594 -0.0447
vn 0.2031 -0.9701 -0.1330
vn 0.4726 -0.8753 -0.1023
vn 0.4003 -0.9156 -0.0370
vn 0.4795 -0.8439 -0.2405
vn 0.5264 -0.8439 -0.1036
vn 0.4675 -0.8835 0.0303
vn 0.5200 -0.8540 0.0168
vn 0.5841 -0.8045 -0.1083
vn 0.5810 -0.8136 0.0235
vn 0.5299 -0.8179 -0.2241
vn 0.5267 -0.8420 0.1163
vn 0.5937 -0.7980 0.1041
vn 0.6158 -0.7876 0.0219
vn 0.6046 -0.7953 -0.0441
vn 0.9568 0.2907 -0.0038
vn 0.9567 0.2911 -0.0098
vn 0.9570 0.2895 0.0183
vn 0.9555 0.2937 0.0292
vn 0.9566 0.2864 0.0535
vn 0.9597 0.2792 0.0331
vn 0.6220 -0.7765 -0.1009
vn 0.6147 -0.7746 -0.1486
vn 0.9565 0.2872 0.0511
vn 0.6189 -0.7629 -0.1870
vn 0.9567 0.2817 0.0728
vn 0.6045 -0.7581 -0.2448
vn 0.6238 -0.7386 -0.2556
vn 0.9575 0.2770 0.0799
vn 0.9577 0.2730 0.0914
vn 0.9577 0.2669 0.1075
vn 0.9570 0.2714 0.1024
vn 0.9574 0.2638 0.1171
vn 0.9567 0.2571 0.1362
vn 0.9567 0.2594 0.1321
vn 0.6518 -0.6764 -0.3430
vn 0.6432 -0.7008 -0.3087
vn 0.6048 -0.7608 -0.2352
vn 0.6207 -0.7376 -0.2657
vn 0.5344 -0.7942 -0.2893
vn 0.5534 -0.7564 -0.3487
vn 0.6245 -0.6951 -0.3560
vn 0.5748 -0.7144 -0.3990
vn 0.4806 -0.8139 -0.3265
vn 0.5007 -0.7687 -0.3980
vn 0.5413 -0.7087 -0.4526
vn 0.6062 -0.6580 -0.4466
vn 0.6496 -0.6146 -0.4475
vn 0.4976 -0.7489 -0.4376
vn 0.6036 -0.6436 -0.4707
vn 0.6423 -0.6011 -0.4755
vn 0.6741 -0.5464 -0.4969
vn 0.7044 -0.5355 -0.4659
vn 0.6523 -0.5674 -0.5026
vn 0.7241 -0.4699 -0.5049
vn 0.9574 0.1859 0.2208
vn 0.9571 0.1925 0.2164
vn 0.9587 0.1726 0.2261
vn 0.7547 -0.4028 -0.5179
vn 0.7054 -0.5039 -0.4985
vn 0.9572 0.2014 0.2077
vn 0.9564 0.2104 0.2024
vn 0.9571 0.2185 0.1902
vn 0.9571 0.2283 0.1787
vn 0.9566 0.2314 0.1773
vn 0.9565 0.2459 0.1571
vn 0.9563 0.2435 0.1618
vn 0.6601 -0.6383 -0.3961
vn 0.6841 -0.5771 -0.4461
vn 0.6656 -0.5551 -0.4989
vn 0.6217 -0.5985 -0.5053
vn 0.5797 -0.6472 -0.4950
vn 0.5038 -0.7191 -0.4786
vn 0.5352 -0.6685 -0.5164
vn 0.5485 -0.6818 -0.4841
vn 0.5907 -0.6205 -0.5158
vn 0.6600 -0.5448 -0.5172
vn 0.6098 -0.6042 -0.5129
vn 0.4733 -0.7188 -0.5092
vn 0.5416 -0.6643 -0.5152
vn 0.4055 -0.7654 -0.4997
vn 0.4451 -0.7637 -0.4676
vn 0.3734 -0.8275 -0.4192
vn 0.4528 -0.7794 -0.4329
vn 0.4230 -0.8172 -0.3916
vn 0.3374 -0.8756 -0.3455
vn 0.4209 -0.8408 -0.3405
vn 0.4149 -0.8615 -0.2927
vn 0.3271 -0.9190 -0.2199
vn 0.2657 -0.9016 -0.3414
vn 0.4048 -0.8844 -0.2323
vn 0.4664 -0.7258 -0.5057
vn 0.6092 -0.6087 -0.5084
vn 0.6836 -0.5120 -0.5201
vn 0.6358 -0.5585 -0.5328
vn 0.7275 -0.4463 -0.5210
vn 0.7386 -0.4562 -0.4963
vn 0.7101 -0.4973 -0.4984
vn 0.6968 -0.4944 -0.5196
vn 0.5500 -0.7068 -0.4449
vn 0.9568 0.2889 -0.0342
vn 0.9566 0.2848 -0.0617
vn 0.9566 0.2894 -0.0340
vn 0.9566 0.2773 -0.0894
vn 0.9566 0.2849 -0.0621
vn 0.9566 0.2770 -0.0906
vn 0.5848 -0.7713 0.2513
vn 0.5261 -0.8291 0.1892
vn 0.5854 -0.7920 0.1730
vn 0.5263 -0.8066 0.2691
vn 0.4127 -0.8631 0.2910
vn 0.4119 -0.8877 0.2059
vn 0.4139 -0.8308 0.3720
vn 0.2945 -0.8712 0.3927
vn 0.2930 -0.9051 0.3080
vn 0.2913 -0.9313 0.2185
vn 0.2241 -0.9366 0.2692
vn 0.2234 -0.9232 0.3128
vn 0.2260 -0.9073 0.3547
vn 0.2253 -0.8902 0.3961
vn 0.2259 -0.8694 0.4394
vn 0.2956 -0.8302 0.4726
vn 0.2256 -0.8342 0.5031
vn 0.2978 -0.7819 0.5476
vn 0.2287 -0.7871 0.5728
vn 0.3005 -0.7266 0.6178
vn 0.2326 -0.7342 0.6379
vn 0.3037 -0.6641 0.6831
vn 0.2374 -0.6755 0.6981
vn 0.3072 -0.5945 0.7431
vn 0.2431 -0.6112 0.7532
vn 0.3133 -0.5192 0.7951
vn 0.2456 -0.5460 0.8010
vn 0.2479 -0.4816 0.8406
vn 0.3204 -0.4346 0.8417
vn 0.2500 -0.4389 0.8630
vn 0.2541 -0.3959 0.8824
vn 0.3253 -0.3455 0.8803
vn 0.2545 -0.3533 0.9002
vn 0.2585 -0.3080 0.9156
vn 0.3292 -0.2518 0.9101
vn 0.2587 -0.2635 0.9293
vn 0.2622 -0.2166 0.9404
vn 0.3318 -0.1553 0.9305
vn 0.2623 -0.1708 0.9497
vn 0.2639 -0.1211 0.9569
vn 0.3338 -0.0632 0.9405
vn 0.2585 -0.0564 0.9644
vn 0.2257 0.0507 0.9729
vn 0.2724 0.0351 0.9615
vn 0.2038 0.0539 0.9775
vn 0.3033 0.0438 0.9519
vn 0.2310 0.1864 0.9549
vn -0.0000 0.1167 0.9932
vn -0.0024 0.0347 0.9994
vn -0.0000 0.0358 0.9994
vn -0.0081 -0.0268 0.9996
vn -0.0000 0.1166 0.9932
vn -0.0087 -0.0644 0.9979
vn 0.0013 -0.0710 0.9975
vn -0.0084 -0.1295 0.9915
vn -0.0032 -0.1586 0.9873
vn -1.0000 -0.0000 -0.0000
vn -1.0000 0.0010 0.0001
vn -1.0000 -0.0001 -0.0000
vn -1.0000 -0.0020 0.0001
vn -1.0000 -0.0002 -0.0000
vn -1.0000 -0.0019 0.0001
vn -1.0000 -0.0043 0.0008
vn -1.0000 -0.0042 0.0008
vn -1.0000 -0.0041 0.0009
vn -1.0000 -0.0041 0.0007
vn -1.0000 -0.0063 0.0021
vn -1.0000 -0.0063 0.0022
vn -1.0000 -0.0061 0.0023
vn -1.0000 -0.0079 0.0041
vn -1.0000 -0.0062 0.0021
vn -1.0000 -0.0076 0.0043
vn -1.0000 -0.0077 0.0043
vn -0.9999 -0.0088 0.0063
vn -0.9999 -0.0088 0.0064
vn -0.9999 -0.0084 0.0066
vn -0.9999 -0.0090 0.0089
vn -0.9999 -0.0086 0.0091
vn -0.9999 -0.0085 0.0091
vn -0.9999 -0.0085 0.0113
vn -0.9999 -0.0085 0.0114
vn -0.9999 -0.0080 0.0115
vn -0.9999 -0.0072 0.0135
vn -0.9999 -0.0084 0.0113
vn -0.9999 -0.0085 0.0092
vn -0.9999 -0.0079 0.0114
vn -0.9999 -0.0079 0.0115
vn -0.9999 -0.0066 0.0136
vn -0.9999 -0.0053 0.0149
vn -0.9999 -0.0052 0.0149
vn -0.9999 -0.0066 0.0135
vn -0.9999 -0.0048 0.0148
vn -0.9999 -0.0049 0.0151
vn -0.9999 -0.0044 0.0154
vn -0.9999 -0.0042 0.0155
vn -0.9999 -0.0043 0.0153
vn -0.9999 -0.0049 0.0154
vn -0.9999 -0.0041 0.0154
vn -0.9999 -0.0039 0.0152
vn -0.9999 -0.0047 0.0150
vn -0.9999 -0.0051 0.0155
vn -0.9998 -0.0061 0.0165
vn -0.9999 -0.0051 0.0156
vn -0.9999 -0.0046 0.0154
vn 0.0666 0.9658 0.2505
vn 0.0001 0.9808 0.1949
vn -0.0000 0.9611 0.2763
vn 0.1126 0.9854 0.1275
vn 0.0024 -0.1971 0.9804
vn 0.0003 -0.2177 0.9760
vn -0.0122 -0.2461 0.9692
vn -0.0266 -0.3109 0.9501
vn 0.0283 -0.2609 0.9650
vn -0.0049 -0.3456 0.9384
vn -1.0000 0.0015 0.0004
vn -1.0000 0.0031 0.0009
vn -1.0000 0.0023 0.0007
vn -1.0000 0.0030 0.0009
vn -0.0000 -0.3377 0.9413
vn -1.0000 0.0031 0.0010
vn -1.0000 0.0042 0.0017
vn -1.0000 0.0046 0.0019
vn -1.0000 0.0042 0.0015
vn -1.0000 0.0055 0.0027
vn -1.0000 0.0047 0.0018
vn -1.0000 0.0047 0.0020
vn -1.0000 0.0058 0.0032
vn -1.0000 0.0056 0.0027
vn -1.0000 0.0045 0.0019
vn -1.0000 0.0043 0.0017
vn -1.0000 0.0046 0.0018
vn -0.0065 -0.3829 0.9238
vn -0.0078 -0.4037 0.9149
vn -0.0012 -0.4495 0.8933
vn 0.0006 -0.4611 0.8873
vn -0.0019 -0.5009 0.8655
vn -0.0010 -0.5001 0.8660
vn -0.0001 -0.5496 0.8354
vn -1.0000 0.0062 0.0036
vn -1.0000 0.0056 0.0032
vn -1.0000 0.0061 0.0035
vn -1.0000 0.0057 0.0031
vn -1.0000 0.0066 0.0042
vn -0.0027 -0.5532 0.8330
vn -1.0000 0.0068 0.0044
vn -1.0000 0.0071 0.0046
vn -1.0000 0.0073 0.0055
vn -1.0000 0.0067 0.0043
vn -1.0000 0.0056 0.0031
vn -1.0000 0.0066 0.0044
vn -0.0083 -0.6252 0.7804
vn -0.0065 -0.5978 0.8016
vn 0.0008 -0.6333 0.7739
vn -0.0052 -0.6739 0.7388
vn -0.0005 -0.6928 0.7212
vn 0.0033 -0.7214 0.6925
vn -1.0000 0.0073 0.0057
vn -1.0000 0.0071 0.0060
vn -0.9999 0.0076 0.0070
vn -0.9999 0.0074 0.0072
vn -1.0000 0.0073 0.0059
vn -0.9999 0.0075 0.0075
vn -0.9999 0.0076 0.0074
vn -0.9999 0.0076 0.0081
vn -0.0018 -0.7285 0.6850
vn -0.9999 0.0076 0.0083
vn -0.9999 0.0076 0.0077
vn -0.9999 0.0076 0.0089
vn -0.9999 0.0076 0.0082
vn -0.9999 0.0076 0.0090
vn 0.0033 -0.7651 0.6439
vn 0.0044 -0.7457 0.6662
vn -0.0080 -0.7878 0.6159
vn -0.0094 -0.8198 0.5726
vn 0.0008 -0.8190 0.5739
vn -0.0431 -0.8520 0.5218
vn -0.0098 -0.8762 0.4819
vn 0.0310 -0.8550 0.5177
vn -0.0026 -0.8947 0.4467
vn -0.9999 0.0075 0.0106
vn -0.9999 0.0072 0.0108
vn -0.9999 0.0070 0.0117
vn -0.9999 0.0070 0.0116
vn -0.9999 0.0074 0.0107
vn -0.9999 0.0067 0.0124
vn 0.0045 -0.8926 0.4508
vn -0.9999 0.0068 0.0119
vn -0.9999 0.0064 0.0126
vn -0.9999 0.0064 0.0129
vn -0.9999 0.0068 0.0121
vn -0.9999 0.0060 0.0134
vn -0.0133 -0.9239 0.3825
vn 0.0066 -0.9130 0.4079
vn -0.9999 0.0063 0.0128
vn -0.9999 0.0061 0.0133
vn -0.9999 0.0052 0.0142
vn -0.9999 0.0052 0.0143
vn -0.9999 0.0059 0.0135
vn -0.9999 0.0051 0.0146
vn -0.9999 0.0050 0.0144
vn -0.9999 0.0039 0.0152
vn -0.9999 0.0039 0.0154
vn -0.9999 0.0048 0.0148
vn -0.9999 0.0038 0.0157
vn -0.9999 0.0036 0.0151
vn -0.9999 0.0035 0.0156
vn -0.9999 0.0030 0.0157
vn -0.9999 0.0029 0.0160
vn -0.9999 0.0035 0.0157
vn -0.9999 0.0026 0.0164
vn -0.9999 0.0027 0.0158
vn -0.9999 0.0024 0.0164
vn -0.9999 0.0019 0.0160
vn -0.9999 0.0024 0.0165
vn -0.9999 0.0002 0.0167
vn -0.9999 0.0006 0.0162
vn -0.9999 0.0006 0.0159
vn -0.9999 0.0002 0.0166
vn -0.9998 -0.0045 0.0207
vn -0.9998 -0.0052 0.0195
vn -0.9999 0.0003 0.0166
vn 0.0028 -0.9942 -0.1078
vn 0.0006 -0.9996 -0.0266
vn 0.0003 -0.9996 -0.0268
vn -0.9997 -0.0137 0.0200
vn -0.9997 -0.0161 0.0183
vn 0.0112 -0.9774 -0.2110
vn 0.0028 -0.9944 -0.1057
vn 0.0009 -0.9996 -0.0264
vn 0.0036 -0.9944 -0.1059
vn 0.0093 -0.9794 -0.2018
vn 0.0205 -0.9541 -0.2987
vn 0.0184 -0.9544 -0.2980
vn 0.0108 -0.9788 -0.2045
vn 0.0294 -0.9289 -0.3691
vn 0.0191 -0.9543 -0.2982
vn 0.0498 -0.9377 -0.3438
vn 0.0267 -0.9244 -0.3805
vn 0.0271 -0.9311 -0.3637
vn -0.0342 -0.9139 -0.4045
vn 0.0335 -0.8998 -0.4350
vn 0.1029 -0.9072 -0.4080
vn 0.0267 -0.9244 -0.3806
vn -0.9992 -0.0359 0.0164
vn -0.9990 -0.0416 0.0170
vn -0.9990 -0.0429 0.0155
vn -0.9985 -0.0506 0.0194
vn -0.9985 -0.0520 0.0180
vn 0.0632 -0.8890 -0.4535
vn -0.9973 -0.0701 0.0232
vn 0.0498 -0.8821 -0.4684
vn -0.9973 -0.0698 0.0223
vn 0.0493 -0.8802 -0.4721
vn 0.0531 -0.8816 -0.4689
vn 0.0378 -0.8979 -0.4386
vn 0.0535 -0.8765 -0.4784
vn 0.3364 -0.8279 -0.4488
vn 0.3168 -0.8248 -0.4684
vn 0.0561 -0.8760 -0.4791
vn 0.0612 -0.8773 -0.4761
vn 0.0612 -0.8773 -0.4760
vn 0.0623 -0.8776 -0.4753
vn 0.0607 -0.8790 -0.4729
vn 0.0613 -0.8762 -0.4781
vn 0.0624 -0.8775 -0.4754
vn 0.0606 -0.8790 -0.4729
vn 0.0843 -0.8926 -0.4429
vn 0.0614 -0.8762 -0.4781
vn -0.9947 -0.0906 0.0481
vn -0.9919 -0.1055 0.0701
vn -0.9949 -0.0885 0.0475
vn -0.9949 -0.0885 0.0474
vn -0.9961 -0.0811 0.0352
vn -0.9963 -0.0788 0.0342
vn -0.9917 -0.1073 0.0708
vn -0.9875 -0.1226 0.0990
vn -0.9872 -0.1239 0.1001
vn -0.9762 -0.1525 0.1544
vn -0.9760 -0.1530 0.1549
vn -0.9436 -0.2061 0.2592
vn -0.8762 -0.2732 0.3971
vn -0.9443 -0.2067 0.2561
vn -0.8746 -0.2728 0.4008
vn -0.7600 -0.3138 0.5692
vn 0.0895 -0.9047 -0.4165
vn 0.0772 -0.8890 -0.4514
vn 0.0701 -0.8843 -0.4617
vn 0.1784 -0.9517 -0.2498
vn 0.1498 -0.9223 -0.3563
vn -0.7455 -0.2897 0.6003
vn 0.0618 -0.8797 -0.4715
vn 0.0843 -0.8926 -0.4428
vn 0.1805 -0.9356 -0.3035
vn 0.2833 -0.9523 -0.1132
vn 0.3395 -0.9386 -0.0620
vn 0.5784 -0.8040 -0.1382
vn 0.5136 -0.8349 -0.1979
vn 0.5440 -0.8354 -0.0789
vn 0.5356 -0.8436 -0.0398
vn 0.5236 -0.8459 -0.1013
vn 0.5103 -0.8567 -0.0749
vn 0.4147 -0.9012 0.1256
vn 0.4642 -0.8726 0.1522
vn 0.6149 -0.7871 0.0491
vn 0.6356 -0.7578 -0.1476
vn 0.6594 -0.7516 0.0172
vn 0.4922 -0.8253 -0.2768
vn 0.7485 -0.6608 0.0559
vn 0.6627 -0.7485 0.0234
vn 0.6858 -0.7273 0.0280
vn 0.6582 -0.7526 -0.0179
vn 0.6396 -0.7682 0.0263
vn 0.6660 -0.7434 0.0615
vn 0.6725 -0.7232 0.1575
vn 0.7153 -0.6765 0.1751
vn 0.6650 -0.7283 0.1654
vn 0.6996 -0.6832 0.2093
vn 0.6902 -0.6982 0.1902
vn 0.6728 -0.7247 0.1491
vn 0.6492 -0.7405 0.1737
vn 0.7421 -0.6381 0.2053
vn 0.6597 -0.7260 0.1942
vn 0.6263 -0.7431 0.2356
vn 0.6379 -0.7391 0.2163
vn 0.6364 -0.7450 0.1999
vn 0.6398 -0.7464 0.1830
vn 0.6485 -0.7507 0.1257
vn 0.6543 -0.7474 0.1154
vn 0.6791 -0.7258 0.1094
vn 0.7010 -0.7045 0.1110
vn 0.6845 -0.7235 0.0891
vn 0.6948 -0.7131 0.0935
vn 0.5758 -0.8029 0.1543
vn 0.6690 -0.7379 0.0894
vn 0.6743 -0.7352 0.0692
vn 0.6679 -0.7384 0.0929
vn 0.5695 -0.8016 0.1819
vn 0.5049 -0.8305 0.2352
vn 0.5125 -0.8208 0.2524
vn 0.5236 -0.8144 0.2500
vn 0.5221 -0.8196 0.2361
vn 0.4641 -0.8523 0.2414
vn 0.5132 -0.8436 0.1584
vn 0.5465 -0.8251 0.1434
vn 0.6143 -0.7836 0.0928
vn 0.6456 -0.7588 0.0861
vn 0.5466 -0.8291 0.1179
vn 0.5821 -0.7993 0.1494
vn 0.6211 -0.7704 0.1441
vn 0.5660 -0.8054 0.1760
vn 0.5429 -0.8243 0.1605
vn 0.5648 -0.8058 0.1778
vn 0.5593 -0.8005 0.2154
vn 0.5786 -0.7804 0.2371
vn 0.5786 -0.7763 0.2501
vn 0.5957 -0.7663 0.2406
vn 0.6119 -0.7431 0.2710
vn 0.6006 -0.7646 0.2338
vn 0.6116 -0.7452 0.2657
vn 0.6003 -0.7686 0.2210
vn 0.6009 -0.7636 0.2363
vn 0.6030 -0.7634 0.2317
vn 0.4643 -0.8823 0.0772
vn 0.4694 -0.8789 0.0849
vn 0.3762 -0.9251 0.0511
vn 0.3953 -0.9168 0.0570
vn 0.3102 -0.9494 0.0498
vn 0.2587 -0.9512 0.1680
vn 0.2247 -0.9736 0.0407
vn 0.2951 -0.9403 0.1694
vn 0.2045 -0.9640 0.1697
vn 0.1448 -0.9888 0.0358
vn 0.1513 -0.9737 0.1702
vn 0.1044 -0.9798 0.1706
vn 0.0658 -0.9971 0.0391
vn 0.1407 -0.9443 0.2976
vn 0.1620 -0.9411 0.2967
vn 0.1215 -0.9466 0.2988
vn -0.0745 0.3053 0.9493
vn -0.0757 0.2998 0.9510
vn -0.0612 0.3025 0.9512
vn -0.0466 0.3051 0.9512
vn 0.0767 -0.9515 0.2978
vn -0.0297 0.3172 0.9479
vn 0.0550 -0.9529 0.2982
vn -0.0125 0.3181 0.9480
vn -0.0142 0.3168 0.9484
vn -0.0116 0.3089 0.9510
vn -0.0057 0.2915 0.9566
vn -0.0030 0.3167 0.9485
vn -0.0021 0.3166 0.9485
vn -0.0030 0.3166 0.9485
vn -0.0023 0.3167 0.9485
vn -0.0026 0.3165 0.9486
vn -0.0025 0.3165 0.9486
vn -0.0026 0.3166 0.9485
vn -0.0026 0.3168 0.9485
vn -0.0023 0.3170 0.9484
vn -0.0029 0.3166 0.9485
vn -0.0025 0.3169 0.9485
vn -0.0037 0.3161 0.9487
vn -0.0040 0.3158 0.9488
vn -0.0124 0.3180 0.9480
vn 0.0747 -0.9496 0.3045
vn 0.0484 -0.9845 0.1686
vn 0.0244 -0.9861 0.1641
vn 0.0356 -0.9986 0.0399
vn 0.0326 -0.9988 0.0356
vn -0.0875 0.3002 0.9499
vn -0.1143 0.2918 0.9496
vn -0.1111 0.2903 0.9505
vn -0.1442 0.2722 0.9514
vn -0.1487 0.2737 0.9503
vn -0.1885 0.2816 0.9408
vn -0.1909 0.2611 0.9462
vn -0.2328 0.1918 0.9534
vn -0.2330 0.1832 0.9551
vn 0.3533 -0.9212 0.1629
vn 0.3378 -0.9045 0.2603
vn 0.3568 -0.9211 0.1557
vn -0.3017 0.1182 0.9460
vn -0.3014 0.1011 0.9481
vn -0.2870 0.1571 0.9449
vn 0.3491 -0.8948 0.2784
vn 0.2824 -0.9158 0.2854
vn 0.4003 -0.8795 0.2574
vn 0.2502 -0.9607 0.1201
vn 0.3369 -0.9328 0.1278
vn 0.2946 -0.9553 -0.0231
vn -0.4598 -0.1225 0.8795
vn -0.5491 -0.2173 0.8070
vn -0.6336 -0.2291 0.7390
vn -0.6091 -0.1642 0.7759
vn -0.5494 -0.1501 0.8220
vn -0.5036 -0.0874 0.8595
vn -0.3736 0.0037 0.9276
vn -0.4736 -0.0486 0.8794
vn -0.4014 0.0066 0.9159
vn -0.3856 0.0555 0.9210
vn 0.3801 -0.9097 0.1670
vn 0.4266 -0.8903 0.1590
vn 0.4695 -0.8717 0.1403
vn 0.3372 -0.9268 0.1652
vn 0.2112 -0.9320 0.2946
vn 0.8296 -0.5246 0.1914
vn 0.8192 -0.5504 0.1612
vn 0.7441 -0.6326 0.2146
vn 0.7863 -0.5505 0.2805
vn 0.6612 -0.6955 0.2813
vn 0.8513 -0.5004 0.1578
vn 0.8871 -0.4295 0.1689
vn 0.8845 -0.4443 0.1427
vn 0.9217 -0.3550 0.1563
vn 0.9197 -0.3682 0.1361
vn 0.9496 -0.2770 0.1466
vn 0.9708 -0.1906 0.1456
vn 0.9832 -0.1020 0.1511
vn 0.9870 -0.0251 0.1590
vn 0.9897 0.0420 0.1369
vn 0.9891 0.0257 0.1452
vn 0.9859 0.0112 0.1671
vn 0.9871 -0.0300 0.1571
vn 0.9878 -0.0092 0.1554
vn 0.9861 -0.0149 0.1655
vn 0.9850 -0.0002 0.1726
vn 0.9843 0.0064 0.1764
vn 0.9796 0.0371 0.1975
vn 0.9775 0.1241 0.1709
vn 0.9782 0.0770 0.1927
vn 0.9771 0.1082 0.1833
vn 0.9767 0.1131 0.1822
vn 0.9759 0.1222 0.1810
vn 0.9647 0.1997 0.1720
vn 0.9785 0.1189 0.1686
vn 0.9755 0.1433 0.1668
vn 0.9700 0.1692 0.1743
vn 0.9836 0.0899 0.1561
vn 0.9858 0.0786 0.1487
vn 0.9831 0.0888 0.1603
vn 0.9529 0.2459 0.1775
vn 0.9268 0.3286 0.1816
vn 0.8925 0.4104 0.1872
vn 0.8600 0.4746 0.1872
vn 0.8203 0.5380 0.1941
vn 0.7890 0.5843 0.1898
vn 0.7525 0.6282 0.1980
vn 0.7054 0.6827 0.1904
vn 0.6501 0.7290 0.2141
vn 0.6084 0.7705 0.1902
vn 0.6148 0.7653 0.1907
vn 0.5569 0.7995 0.2252
vn 0.5327 0.8266 0.1814
vn 0.6200 0.7759 0.1166
vn 0.5098 0.8512 0.1251
vn 0.4704 0.8657 0.1709
vn 0.5003 0.8487 0.1712
vn 0.4168 0.8941 0.1637
vn 0.3286 0.9222 0.2038
vn 0.9886 0.0638 0.1363
vn 0.9904 0.0635 0.1232
vn 0.9299 -0.3672 0.0234
vn 0.8921 -0.4509 0.0297
vn 0.6724 -0.7274 0.1373
vn 0.7063 -0.6770 0.2070
vn 0.7106 -0.6757 0.1961
vn 0.7036 -0.6858 0.1861
vn 0.7058 -0.6864 0.1751
vn 0.7148 -0.6729 0.1903
vn 0.7189 -0.6748 0.1670
vn 0.7301 -0.6714 0.1275
vn 0.7138 -0.6857 0.1428
vn 0.6876 -0.7097 0.1532
vn 0.6993 -0.7041 0.1236
vn 0.7242 -0.6814 0.1061
vn 0.7045 -0.7044 0.0871
vn 0.6779 -0.7272 0.1077
vn 0.6658 -0.7402 0.0943
vn 0.6843 -0.7256 0.0718
vn 0.6624 -0.7389 0.1237
vn 0.6556 -0.7424 0.1380
vn 0.6525 -0.7454 0.1366
vn 0.6568 -0.7415 0.1370
vn 0.6731 -0.7238 0.1516
vn 0.6488 -0.7514 0.1205
vn 0.6484 -0.7558 0.0911
vn 0.6378 -0.7635 0.1018
vn 0.6444 -0.7621 0.0625
vn 0.6274 -0.7752 0.0738
vn 0.5990 -0.7985 0.0594
vn 0.6124 -0.7841 0.1003
vn 0.6169 -0.7862 0.0370
vn 0.6060 -0.7955 -0.0035
vn 0.5804 -0.8140 0.0242
vn 0.5993 -0.7933 0.1070
vn 0.5934 -0.8033 -0.0507
vn 0.5603 -0.8279 -0.0262
vn 0.5645 -0.8238 0.0527
vn 0.5794 -0.8086 -0.1025
vn 0.5445 -0.8342 -0.0874
vn 0.5530 -0.8229 -0.1305
vn 0.5728 -0.8092 -0.1306
vn 0.5339 -0.8382 -0.1116
vn 0.5949 -0.7916 -0.1394
vn 0.6159 -0.7792 -0.1162
vn 0.6121 -0.7783 -0.1400
vn 0.6290 -0.7607 -0.1601
vn 0.6478 -0.7476 -0.1463
vn 0.6824 -0.7218 -0.1151
vn 0.6751 -0.7238 -0.1425
vn 0.6472 -0.7535 -0.1152
vn 0.6251 -0.7780 -0.0633
vn 0.6855 -0.7254 -0.0622
vn 0.6540 -0.7536 -0.0657
vn 0.6333 -0.7737 -0.0167
vn 0.6868 -0.7268 -0.0128
vn 0.7090 -0.7040 0.0408
vn 0.7133 -0.7009 -0.0006
vn 0.7414 -0.6708 0.0165
vn 0.7147 -0.6975 -0.0520
vn 0.7332 -0.6774 0.0584
vn 0.7457 -0.6625 0.0711
vn 0.7542 -0.6551 0.0443
vn 0.7563 -0.6542 0.0083
vn 0.7620 -0.6471 -0.0256
vn 0.7434 -0.6677 -0.0395
vn 0.7136 -0.6923 -0.1077
vn 0.7446 -0.6610 -0.0931
vn 0.7639 -0.6418 -0.0677
vn 0.7639 -0.6362 -0.1082
vn 0.7491 -0.6503 -0.1263
vn 0.7250 -0.6756 -0.1342
vn 0.7769 -0.6212 -0.1022
vn 0.7152 -0.6855 -0.1366
vn 0.6963 -0.7038 -0.1407
vn 0.6384 -0.7538 0.1558
vn 0.6307 -0.7654 0.1276
vn 0.6425 -0.7538 0.1378
vn 0.6600 -0.7310 0.1734
vn 0.6713 -0.7187 0.1813
vn 0.6812 -0.7123 0.1689
vn -0.9993 -0.0335 0.0168
vn -0.9995 -0.0259 0.0171
vn -0.9993 -0.0334 0.0168
vn -0.9993 -0.0332 0.0144
vn -0.9995 -0.0238 0.0188
vn -0.9993 -0.0331 0.0144
vn -0.9992 -0.0359 0.0165
vn -0.0046 -0.9992 0.0404
vn -0.0000 -0.9996 0.0289
vn 0.2313 -0.9721 0.0379
vn 0.2112 -0.9729 0.0940
vn 0.1959 -0.9802 0.0272
vn 0.2048 -0.9771 -0.0578
vn -0.0158 -0.9968 0.0777
vn 0.0029 -0.9904 0.1379
vn -0.0010 -0.9926 0.1212
vn 0.0004 -0.9828 0.1845
vn -0.0013 -0.9833 0.1818
vn 0.0004 -0.9702 0.2425
vn -0.0010 -0.9700 0.2432
vn 0.0054 -0.9433 0.3318
vn -0.0050 -0.9491 0.3148
vn 0.2777 -0.9598 0.0401
vn 0.2899 -0.9481 0.1308
vn 0.3163 -0.9479 0.0377
vn 0.3839 -0.9226 0.0371
vn 0.2186 -0.9667 0.1328
vn 0.2217 -0.9585 0.1794
vn 0.4096 -0.9037 0.1249
vn 0.2213 -0.9489 0.2250
vn -0.0000 -0.9990 0.0457
vn -0.9999 0.0074 0.0104
vn -0.9999 0.0076 0.0091
vn -0.9999 0.0078 0.0092
vn -0.9999 0.0076 0.0102
vn -1.0000 0.0070 0.0055
vn -1.0000 0.0067 0.0046
vn -1.0000 0.0072 0.0059
vn -1.0000 0.0023 0.0008
vn -1.0000 0.0014 0.0002
vn -1.0000 0.0012 0.0002
vn -0.0000 0.1992 0.9800
vn -0.0000 0.1994 0.9799
vn -0.0000 0.2829 0.9591
vn -0.0000 0.2832 0.9591
vn -0.0000 0.3645 0.9312
vn -0.0000 0.3648 0.9311
vn -0.0000 0.4433 0.8963
vn -0.0000 0.4437 0.8962
vn -0.0000 0.5190 0.8548
vn -0.0000 0.5194 0.8545
vn -0.0000 0.5777 0.8162
vn -0.0000 0.5780 0.8160
vn -0.0000 0.6210 0.7838
vn -0.0000 0.6213 0.7836
vn -0.0000 0.6744 0.7384
vn -0.0000 0.6749 0.7379
vn -0.0000 0.7356 0.6774
vn -0.0000 0.7361 0.6769
vn -0.0000 0.7913 0.6114
vn -0.0000 0.7918 0.6108
vn -0.0000 0.8412 0.5408
vn -0.0000 0.8416 0.5401
vn -0.0000 0.8847 0.4661
vn -0.0000 0.8851 0.4654
vn 0.2689 0.1867 0.9449
vn 0.2336 0.3265 0.9159
vn 0.2709 0.3272 0.9053
vn 0.2342 0.4605 0.8562
vn 0.3367 0.3238 0.8842
vn 0.3367 0.4562 0.8237
vn 0.3957 0.4494 0.8009
vn 0.3962 0.3189 0.8610
vn 0.4506 0.4412 0.7761
vn 0.3367 0.1843 0.9234
vn 0.3972 0.1795 0.9000
vn 0.3464 0.0507 0.9367
vn 0.4069 0.0318 0.9129
vn 0.4684 0.0440 0.8824
vn 0.4491 -0.0538 0.8919
vn 0.5698 -0.0552 0.8199
vn 0.5661 -0.1357 0.8131
vn 0.4528 -0.1461 0.8795
vn 0.5650 -0.2178 0.7959
vn 0.4507 -0.2364 0.8608
vn 0.5624 -0.2980 0.7713
vn 0.4474 -0.3245 0.8334
vn 0.6238 -0.2191 0.7502
vn 0.6209 -0.2939 0.7267
vn 0.5585 -0.3754 0.7397
vn 0.4431 -0.4088 0.7978
vn 0.6166 -0.3665 0.6967
vn 0.5536 -0.4491 0.7013
vn 0.4381 -0.4882 0.7548
vn 0.5482 -0.5186 0.6562
vn 0.4327 -0.5620 0.7049
vn 0.6109 -0.4353 0.6613
vn 0.6050 -0.4979 0.6214
vn 0.5428 -0.5824 0.6051
vn 0.5996 -0.5577 0.5740
vn 0.5375 -0.6407 0.5483
vn 0.4275 -0.6294 0.6489
vn 0.4228 -0.6902 0.5872
vn 0.5326 -0.6929 0.4859
vn 0.4189 -0.7442 0.5203
vn 0.5289 -0.7385 0.4182
vn 0.4160 -0.7911 0.4485
vn 0.5269 -0.7766 0.3454
vn 0.5873 -0.7113 0.3862
vn 0.5851 -0.7443 0.3221
vn 0.9559 0.2547 -0.1463
vn 0.9572 0.2547 -0.1373
vn 0.9568 0.2664 -0.1163
vn 0.9566 0.2668 -0.1170
vn 0.9558 0.2396 -0.1704
vn 0.9573 0.2403 -0.1609
vn 0.9562 0.2214 -0.1915
vn 0.9569 0.2226 -0.1865
vn 0.9565 0.2015 -0.2110
vn 0.9567 0.2031 -0.2085
vn 0.9565 0.1814 -0.2284
vn 0.9566 0.1811 -0.2283
vn 0.9566 0.1593 -0.2440
vn 0.9566 0.1594 -0.2440
vn 0.9566 0.1350 -0.2583
vn 0.9566 0.1086 -0.2704
vn 0.9566 0.0813 -0.2799
vn 0.9566 0.0531 -0.2865
vn 0.9566 0.0531 -0.2866
vn 0.9566 0.0244 -0.2904
vn 0.6233 -0.0627 0.7795
vn 0.6253 -0.1427 0.7672
vn 0.5789 0.0357 0.8146
vn 0.9571 -0.0032 -0.2898
vn 0.9566 0.0015 -0.2915
vn 0.6293 -0.0156 0.7770
vn 0.5863 -0.1678 0.7926
vn 0.6454 0.0324 0.7632
vn 0.9573 -0.0137 -0.2887
vn 0.9556 -0.0378 -0.2924
vn 0.9573 -0.0281 -0.2878
vn 0.6363 0.0806 0.7672
vn 0.9555 -0.0649 -0.2877
vn 0.9575 -0.0539 -0.2833
vn 0.9570 -0.0878 -0.2765
vn 0.9577 -0.1019 -0.2693
vn 0.9563 -0.1209 -0.2663
vn 0.9573 -0.0800 -0.2778
vn 0.9567 -0.1170 -0.2667
vn 0.9573 -0.1400 -0.2529
vn 0.6356 0.3183 0.7033
vn 0.6111 0.2838 0.7390
vn 0.6467 0.2679 0.7142
vn 0.9572 -0.1333 -0.2570
vn 0.6348 0.3533 0.6872
vn 0.6170 0.1608 0.7704
vn 0.6426 0.1577 0.7498
vn 0.6144 0.2097 0.7606
vn 0.9574 -0.1505 -0.2463
vn 0.6438 0.3970 0.6542
vn 0.9564 -0.1699 -0.2374
vn 0.9568 -0.1660 -0.2388
vn 0.9562 -0.1916 -0.2211
vn 0.9569 -0.1869 -0.2223
vn 0.9568 -0.2093 -0.2016
vn 0.9572 -0.2201 -0.1881
vn 0.9571 -0.2286 -0.1783
vn 0.9567 -0.2073 -0.2041
vn 0.9566 -0.2317 -0.1768
vn 0.9565 -0.2434 -0.1605
vn 0.9569 -0.2433 -0.1584
vn 0.9596 -0.2455 -0.1376
vn 0.6380 0.6684 0.3824
vn 0.6322 0.6430 0.4323
vn 0.9571 -0.2591 -0.1300
vn 0.6259 0.6992 0.3455
vn 0.9567 -0.2707 -0.1074
vn 0.9564 -0.2729 -0.1041
vn 0.6329 0.7265 0.2676
vn 0.6052 0.7415 0.2897
vn 0.9565 -0.2591 -0.1340
vn 0.9567 -0.2799 -0.0802
vn 0.9571 -0.2837 -0.0596
vn 0.9567 -0.2810 -0.0759
vn 0.9566 -0.2867 -0.0520
vn 0.6087 0.7768 0.1617
vn 0.6164 0.7549 0.2238
vn 0.6384 0.7543 0.1534
vn 0.6218 0.7749 0.1141
vn 0.5513 0.8102 0.1989
vn 0.5508 0.8279 0.1058
vn 0.9566 -0.2878 -0.0461
vn 0.9571 -0.2883 -0.0299
vn 0.6083 0.7891 0.0852
vn 0.9544 -0.2956 -0.0415
vn 0.9600 -0.2795 -0.0144
vn 0.6167 0.7847 0.0622
vn 0.5496 0.8343 0.0428
vn 0.4438 0.8935 0.0682
vn 0.4503 0.8929 -0.0011
vn 0.5524 0.8330 -0.0308
vn 0.6245 0.7792 -0.0527
vn 0.6074 0.7933 0.0409
vn 0.6510 0.7525 -0.0996
vn 0.5733 0.8151 -0.0835
vn 0.6845 0.7158 -0.1382
vn 0.5965 0.7882 -0.1515
vn 0.6704 0.7223 -0.1696
vn 0.9562 -0.2878 0.0532
vn 0.9594 -0.2740 0.0668
vn 0.9566 -0.2893 0.0352
vn 0.6487 0.7545 -0.1000
vn 0.9560 -0.2794 0.0896
vn 0.7166 0.6664 -0.2059
vn 0.9564 -0.2910 0.0227
vn 0.9525 -0.2953 0.0746
vn 0.9565 -0.2760 0.0950
vn 0.9554 -0.2763 0.1044
vn 0.9566 -0.2658 0.1196
vn 0.9562 -0.2672 0.1192
vn 0.9571 -0.2533 0.1410
vn 0.9578 -0.2428 0.1539
vn 0.9564 -0.2366 0.1709
vn 0.9566 -0.2552 0.1408
vn 0.7837 0.5246 -0.3326
vn 0.7304 0.6266 -0.2720
vn 0.7675 0.5666 -0.3000
vn 0.7456 0.6146 -0.2574
vn 0.8057 0.5003 -0.3171
vn 0.6618 0.7043 -0.2569
vn 0.6992 0.6791 -0.2234
vn 0.6265 0.7527 -0.2022
vn 0.5368 0.8328 -0.1351
vn 0.4666 0.8762 -0.1205
vn 0.4489 0.8913 -0.0641
vn 0.5261 0.8487 -0.0536
vn 0.3766 0.9213 -0.0970
vn 0.3607 0.9316 -0.0439
vn 0.3494 0.9368 0.0188
vn 0.2815 0.9591 -0.0287
vn 0.3051 0.9484 -0.0864
vn 0.1412 0.9861 -0.0875
vn 0.3312 0.9342 -0.1325
vn 0.4060 0.8951 -0.1842
vn 0.3959 0.9068 -0.1449
vn 0.4419 0.8714 -0.2130
vn 0.3991 0.8952 -0.1981
vn 0.9574 -0.2886 0.0097
vn 0.9556 -0.2944 -0.0106
vn 0.9570 -0.2900 -0.0041
vn 0.6474 0.7618 -0.0234
vn 0.6438 0.7652 0.0082
vn 0.9556 -0.2929 -0.0305
vn 0.5000 0.8386 0.2162
vn 0.5531 0.7685 0.3217
vn 0.4992 0.7940 0.3468
vn 0.4434 0.8628 0.2427
vn 0.4459 0.8150 0.3700
vn 0.5950 -0.6152 0.5172
vn 0.5911 -0.6679 0.4523
vn 0.8220 -0.3125 -0.4762
vn 0.9570 -0.1470 0.2499
vn 0.9511 -0.1358 0.2776
vn 0.9518 -0.1746 0.2523
vn 0.9596 -0.1599 0.2315
vn -0.9256 0.3663 0.0958
vn -0.9239 0.3649 0.1152
vn -0.7051 0.6768 0.2116
vn -0.9255 0.3676 0.0908
vn -0.7088 0.6848 0.1692
vn -0.9250 0.3747 0.0632
vn -0.9954 0.0949 0.0160
vn -0.9954 0.0928 0.0229
vn -0.9954 0.0956 0.0100
vn -0.9252 0.3774 0.0393
vn -0.9954 0.0960 0.0038
vn -0.9954 0.0961 -0.0024
vn -0.9252 0.3791 0.0148
vn -0.7088 0.7016 0.0732
vn -0.9252 0.3794 -0.0095
vn -0.7090 0.7047 0.0275
vn -0.9953 0.0964 -0.0077
vn -0.9245 0.3800 -0.0292
vn -0.7090 0.7050 -0.0176
vn -0.9985 0.0542 -0.0049
vn -0.9786 0.2051 -0.0186
vn -0.0045 0.1236 0.9923
vn -0.0050 0.1228 0.9924
vn -0.0094 0.1223 0.9924
vn -0.0057 0.1218 0.9925
vn -0.0092 0.1223 0.9924
vn -0.0051 0.1227 0.9924
vn -0.9248 0.3789 -0.0343
vn -0.8256 0.5620 -0.0501
vn -0.0096 0.1225 0.9924
vn -0.0156 0.1238 0.9922
vn -0.0042 0.1215 0.9926
vn -0.0057 0.1217 0.9926
vn -0.0093 0.1223 0.9924
vn -0.0028 0.1260 0.9920
vn -0.0025 0.1263 0.9920
vn -0.0036 0.1248 0.9922
vn -0.0057 0.1219 0.9925
vn -0.0004 0.1214 0.9926
vn -0.7075 0.7048 -0.0520
vn -0.6245 0.7778 -0.0712
vn -0.3321 0.9392 -0.0874
vn -0.8256 0.5621 -0.0501
vn -0.3833 0.9212 -0.0672
vn -0.3832 0.9233 -0.0238
vn -0.0904 0.9955 -0.0270
vn -0.0935 0.9928 -0.0742
vn -0.0825 0.9925 -0.0906
vn 0.0115 0.9935 -0.1135
vn -0.0147 0.1233 0.9923
vn -0.0097 0.1225 0.9924
vn -0.0201 0.1251 0.9919
vn -0.0218 0.1262 0.9918
vn -0.0263 0.1269 0.9916
vn -0.0273 0.1277 0.9914
vn -0.0378 0.1324 0.9905
vn -0.0327 0.1302 0.9909
vn -0.0461 0.1312 0.9903
vn -0.0577 0.1374 0.9888
vn -0.0572 0.1397 0.9885
vn -0.0782 0.0971 0.9922
vn -0.0882 0.1382 0.9865
vn -0.0824 0.1428 0.9863
vn -0.0515 0.1407 0.9887
vn -0.1304 0.1452 0.9808
vn -0.1284 0.1452 0.9810
vn -0.1701 0.1476 0.9743
vn -0.1796 0.1494 0.9723
vn -0.2212 0.1484 0.9639
vn -0.2388 0.1510 0.9593
vn -0.2868 0.1506 0.9461
vn -0.2870 0.1517 0.9459
vn -0.3453 0.1531 0.9259
vn -0.3431 0.1547 0.9265
vn -0.4087 0.1534 0.8997
vn -0.3865 0.1556 0.9091
vn -0.4378 0.1525 0.8861
vn -0.4574 0.1534 0.8759
vn -0.5095 0.1507 0.8472
vn -0.5031 0.1529 0.8506
vn -0.5468 0.1519 0.8234
vn -0.5843 0.1487 0.7978
vn -0.6012 0.1504 0.7848
vn -0.6304 0.1472 0.7621
vn -0.6601 0.1466 0.7367
vn -0.6614 0.1452 0.7358
vn -0.7099 0.1404 0.6902
vn -0.7159 0.1410 0.6838
vn -0.7563 0.1359 0.6400
vn -0.3826 0.9111 0.1536
vn -0.7081 0.6963 0.1174
vn -0.3822 0.8971 0.2217
vn -0.0974 0.9686 0.2289
vn -0.9953 0.0924 0.0295
vn -0.9994 0.0327 0.0071
vn -0.9951 0.0969 0.0187
vn -0.9958 0.0896 0.0176
vn -0.9866 0.1581 0.0401
vn -0.9999 -0.0061 0.0158
vn -0.9998 -0.0061 0.0164
vn -0.9999 -0.0052 0.0156
vn 1.0000 -0.0000 -0.0001
vn 1.0000 -0.0000 0.0001
vn -1.0000 0.0001 -0.0000
vn 0.0574 -0.2872 -0.9562
vn 0.0458 -0.0154 -0.9988
vn 0.0152 -0.0733 -0.9972
vn -0.0001 0.5804 -0.8143
vn 0.0129 0.3490 -0.9370
vn 0.0013 0.5910 -0.8067
vn 0.0008 0.4166 -0.9091
vn 0.0946 0.1141 -0.9890
vn 0.0250 -0.5053 -0.8626
vn 0.0062 -0.4845 -0.8748
vn 0.0362 -0.7335 -0.6787
vn 0.0504 -0.8442 -0.5337
vn 0.0215 -0.9001 -0.4352
vn 0.0293 -0.9709 -0.2376
vn 0.0479 -0.9947 -0.0909
vn 0.0002 -0.9996 -0.0289
vn 0.0253 -0.9822 0.1863
vn 0.0454 -0.9193 0.3909
vn -0.0002 -0.9247 0.3808
vn 0.0133 -0.8224 0.5687
vn 0.0144 -0.7179 0.6960
vn -0.0000 -0.6950 0.7190
vn 0.7268 0.5283 0.4390
vn 0.6561 0.5804 0.4824
vn 0.7266 0.4869 0.4847
vn 0.6561 0.5343 0.5330
vn 0.7264 0.4400 0.5280
vn 0.6561 0.4826 0.5803
vn 0.7262 0.3876 0.5678
vn 0.6561 0.4249 0.6237
vn 0.7275 0.3312 0.6008
vn 0.6561 -0.4824 0.5804
vn 0.7273 -0.4387 0.5278
vn 0.6561 -0.4278 0.6217
vn 0.7274 -0.3891 0.5652
vn 0.6561 -0.3682 0.6587
vn 0.7278 -0.3352 0.5983
vn 0.6561 -0.3036 0.6909
vn 0.7280 -0.2767 0.6272
vn 0.6561 -0.2345 0.7173
vn 0.7279 -0.2141 0.6514
vn 0.6561 -0.1616 0.7372
vn 0.7276 -0.1479 0.6698
vn 0.6561 -0.0859 0.7498
vn 0.7272 -0.0790 0.6818
vn 0.6561 -0.0085 0.7546
vn 0.7268 -0.0083 0.6868
vn 0.6561 0.0693 0.7515
vn 0.7264 0.0629 0.6844
vn 0.6561 0.1465 0.7403
vn 0.7261 0.1335 0.6745
vn 0.6561 0.2217 0.7214
vn 0.7260 0.2023 0.6573
vn 0.6561 0.2852 0.6988
vn 0.7275 0.2655 0.6327
vn 0.6604 0.3269 0.6760
vn 0.6561 0.3699 0.6578
vn -0.0000 0.6392 -0.7691
vn 0.0053 0.7258 -0.6879
vn -0.0001 0.6394 -0.7689
vn 0.0001 0.6389 -0.7693
vn -0.0000 0.6391 -0.7691
vn -0.0000 0.6392 -0.7690
vn -0.0000 0.6737 -0.7390
vn 0.0001 0.6391 -0.7691
vn -0.0001 0.6392 -0.7691
vn -0.0001 0.6391 -0.7691
vn 0.6561 -0.5804 -0.4823
vn 0.7274 -0.5275 -0.4389
vn 0.7270 -0.5653 -0.3898
vn 0.6561 -0.6217 -0.4278
vn 0.7275 -0.5980 -0.3364
vn 0.6561 -0.6568 -0.3716
vn 0.6585 -0.6778 -0.3272
vn 0.7278 -0.6282 -0.2751
vn 0.6560 -0.6965 -0.2908
vn 0.7264 -0.6531 -0.2140
vn 0.6561 -0.7173 -0.2345
vn 0.7264 -0.6713 -0.1476
vn 0.6561 -0.7372 -0.1616
vn 0.7264 -0.6828 -0.0785
vn 0.6561 -0.7498 -0.0859
vn 0.7265 -0.6871 -0.0078
vn 0.6561 -0.7546 -0.0085
vn 0.7268 -0.6839 0.0634
vn 0.6561 -0.7515 0.0693
vn 0.7272 -0.6733 0.1338
vn 0.6561 -0.7403 0.1465
vn 0.7276 -0.6555 0.2023
vn 0.6561 -0.7214 0.2217
vn 0.7280 -0.6311 0.2678
vn 0.6561 -0.6952 0.2938
vn 0.7283 -0.6008 0.3295
vn 0.6561 -0.6623 0.3618
vn 0.7284 -0.5657 0.3866
vn 0.6561 -0.6237 0.4249
vn 0.7282 -0.5265 0.4388
vn 0.6561 -0.5802 0.4826
vn 0.7278 -0.4842 0.4857
vn 0.6561 -0.5330 0.5343
vn 1.0000 0.0001 -0.0000
vn 1.0000 -0.0004 -0.0001
vn 0.0036 0.8658 -0.5003
vn 0.0089 0.9251 -0.3796
vn 0.0039 0.7714 -0.6364
vn -0.0000 -0.6032 0.7976
vn 0.0017 -0.5841 0.8116
vn 0.0001 -0.5069 0.8620
vn 0.0068 -0.3580 0.9337
vn -0.0000 -0.4015 0.9159
vn 0.0029 -0.2850 0.9585
vn 0.0032 -0.1236 0.9923
vn 0.0050 -0.0406 0.9992
vn -0.0000 0.0297 0.9996
vn 0.0040 0.2196 0.9756
vn -0.0000 0.1462 0.9893
vn 0.0025 0.6595 0.7517
vn -0.0000 0.5663 0.8242
vn 0.0069 0.5472 0.8370
vn 0.0070 0.4555 0.8902
vn 0.0075 0.3037 0.9527
vn 0.0026 0.7567 0.6538
vn 0.0088 0.8485 0.5291
vn -0.0000 0.8297 0.5582
vn -0.0000 0.9986 0.0520
vn 0.0005 0.9871 0.1602
vn 0.0094 0.9956 0.0929
vn 0.0030 0.9502 0.3118
vn 0.0019 0.8871 0.4615
vn -0.0000 0.9231 -0.3846
vn 0.0069 0.9649 -0.2626
vn 0.0075 0.9947 -0.1023
vn 0.6561 0.6217 0.4278
vn 0.7269 0.5654 0.3897
vn 0.6561 0.6587 0.3682
vn 0.7267 0.5993 0.3358
vn 0.6561 0.6909 0.3036
vn 0.7265 0.6288 0.2770
vn 0.6561 0.7173 0.2345
vn 0.7264 0.6531 0.2141
vn 0.6561 0.7372 0.1616
vn 0.7264 0.6713 0.1476
vn 0.6561 0.7498 0.0859
vn 0.7264 0.6828 0.0785
vn 0.6561 0.7546 0.0085
vn 0.7242 0.6894 0.0123
vn 0.6561 0.7515 -0.0693
vn 0.6986 0.7125 -0.0657
vn 0.6561 0.7403 -0.1465
vn 0.6991 0.7012 -0.1402
vn 0.6561 0.7214 -0.2217
vn 0.7001 0.6818 -0.2121
vn 0.6561 0.6952 -0.2938
vn 0.7011 0.6556 -0.2805
vn 0.6561 0.6623 -0.3618
vn 0.7017 0.6236 -0.3445
vn 0.6561 0.6237 -0.4249
vn 0.7017 0.5870 -0.4038
vn 0.6561 0.5802 -0.4826
vn 0.7010 0.5467 -0.4579
vn 0.6561 0.5329 -0.5343
vn 0.6999 0.5035 -0.5066
vn 0.6561 0.4824 -0.5804
vn 0.6991 0.4574 -0.5496
vn 0.9731 0.1582 0.1672
vn 0.9544 0.2015 0.2203
vn 0.8754 0.3382 0.3455
vn 0.9364 0.2499 0.2463
vn 0.9236 0.2778 0.2641
vn 0.9024 0.3305 0.2766
vn 0.8490 0.4065 0.3375
vn 0.8957 0.3288 0.2992
vn 0.9093 0.3048 0.2834
vn 0.9914 0.0906 0.0946
vn 0.9908 0.0986 0.0929
vn 0.8755 -0.3091 0.3715
vn 0.8752 -0.2704 0.4012
vn 0.9676 0.1763 0.1809
vn 0.9674 0.1595 0.1968
vn 0.9916 0.0813 0.1003
vn 0.9674 0.1394 0.2115
vn 0.9916 0.0711 0.1078
vn 0.9674 0.1181 0.2242
vn 0.9916 0.0602 0.1143
vn 0.9674 0.0955 0.2347
vn 0.9916 0.0487 0.1196
vn 0.9674 0.0721 0.2429
vn 0.9916 0.0367 0.1238
vn 0.9674 0.0479 0.2488
vn 0.9916 0.0244 0.1267
vn 0.9674 0.0233 0.2523
vn 0.9916 0.0118 0.1285
vn 0.9674 -0.0016 0.2533
vn 0.9916 -0.0008 0.1290
vn 0.9674 -0.0264 0.2520
vn 0.9916 -0.0134 0.1283
vn 0.9674 -0.0510 0.2482
vn 0.9917 -0.0259 0.1263
vn 0.9674 -0.0750 0.2420
vn 0.9917 -0.0382 0.1232
vn 0.9674 -0.0984 0.2335
vn 0.9917 -0.0501 0.1188
vn 0.9674 -0.1208 0.2227
vn 0.9916 -0.0615 0.1134
vn 0.9674 -0.1421 0.2098
vn 0.9916 -0.0723 0.1077
vn 0.9673 -0.1621 0.1949
vn 0.9915 -0.0834 0.0998
vn 0.8759 0.3034 0.3752
vn 0.8759 0.2651 0.4033
vn 0.8758 0.2242 0.4274
vn 0.8757 0.1812 0.4475
vn 0.8756 0.1366 0.4632
vn 0.8755 0.0908 0.4746
vn 0.8754 0.0441 0.4814
vn 0.8751 -0.0029 0.4839
vn 0.8748 -0.0499 0.4818
vn 0.8746 -0.0965 0.4752
vn 0.8744 -0.1425 0.4638
vn 0.8744 -0.1871 0.4476
vn 0.8747 -0.2299 0.4267
vn 0.9996 0.0013 0.0283
vn 0.9992 0.0279 0.0299
vn 0.9992 0.0248 0.0322
vn 0.9983 0.0232 0.0531
vn 0.9972 0.0536 0.0514
vn 0.9972 0.0494 0.0567
vn 0.9954 0.0579 0.0764
vn 0.9989 0.0294 0.0355
vn 0.9999 0.0053 0.0111
vn 0.9998 0.0166 0.0107
vn 0.9999 0.0090 0.0136
vn 0.9999 -0.0050 0.0107
vn 0.9999 0.0073 0.0143
vn 0.9999 -0.0082 0.0122
vn 0.9999 -0.0054 0.0087
vn 0.9999 0.0059 0.0146
vn 0.9999 0.0043 0.0151
vn 1.0000 -0.0043 0.0070
vn 0.9999 0.0028 0.0154
vn 0.9999 0.0012 0.0156
vn 1.0000 -0.0041 0.0060
vn 0.9999 -0.0004 0.0156
vn 0.9999 -0.0020 0.0154
vn 0.9999 -0.0035 0.0151
vn 1.0000 -0.0037 0.0053
vn 1.0000 -0.0045 0.0057
vn 0.9997 -0.0180 0.0161
vn 1.0000 -0.0060 0.0066
vn 1.0000 -0.0054 0.0055
vn 0.9999 -0.0050 0.0147
vn 0.9999 -0.0064 0.0141
vn 0.9999 -0.0108 0.0086
vn 0.9992 -0.0206 0.0335
vn 0.9964 -0.0551 0.0646
vn 0.9984 -0.0278 0.0494
vn 0.9994 -0.0227 0.0262
vn 0.9974 -0.0428 0.0576
vn 0.9972 0.0472 0.0588
vn 0.9992 0.0218 0.0333
vn 0.9972 0.0414 0.0631
vn 0.9992 0.0185 0.0352
vn 0.9972 0.0350 0.0668
vn 0.9992 0.0149 0.0369
vn 0.9972 0.0282 0.0700
vn 0.9992 0.0111 0.0382
vn 0.9971 0.0210 0.0725
vn 0.9992 0.0071 0.0392
vn 0.9971 0.0135 0.0743
vn 0.9992 0.0031 0.0397
vn 0.9971 0.0058 0.0753
vn 0.9992 -0.0010 0.0398
vn 0.9971 -0.0020 0.0756
vn 0.9992 -0.0051 0.0395
vn 0.9971 -0.0097 0.0750
vn 0.9992 -0.0090 0.0388
vn 0.9971 -0.0172 0.0737
vn 0.9992 -0.0128 0.0377
vn 0.9971 -0.0244 0.0716
vn 0.9992 -0.0164 0.0362
vn 0.9971 -0.0312 0.0689
vn 0.9992 -0.0197 0.0345
vn 0.9971 -0.0376 0.0656
vn 0.9685 -0.2206 0.1156
vn 0.9917 -0.1069 0.0720
vn 0.9680 -0.2092 0.1383
vn 0.9916 -0.0989 0.0839
vn 0.9684 -0.1946 0.1563
vn 0.9917 -0.0913 0.0906
vn 0.9680 -0.1786 0.1765
vn 0.9914 -0.1232 0.0437
vn 0.9918 -0.1185 0.0476
vn 0.9677 -0.2335 0.0951
vn 0.9917 -0.1170 0.0530
vn 0.9913 -0.1140 0.0666
vn 0.9917 -0.1224 0.0400
vn 0.9679 -0.2412 0.0712
vn 0.9918 -0.1235 0.0336
vn 0.9680 -0.2463 0.0480
vn 0.9917 -0.1265 0.0229
vn 0.9679 -0.2501 0.0229
vn 0.9917 -0.1279 0.0116
vn 0.9681 -0.2506 -0.0022
vn 0.9917 -0.1288 0.0007
vn 0.9679 -0.2502 -0.0255
vn 0.9918 -0.1278 -0.0102
vn 0.9917 -0.1234 -0.0376
vn 0.9916 -0.1256 -0.0296
vn 0.9678 -0.2467 -0.0510
vn 0.9916 -0.1279 -0.0211
vn 0.9917 -0.1273 -0.0163
vn 0.9680 -0.2398 -0.0744
vn 0.9679 -0.2317 -0.0977
vn 0.9910 -0.1264 -0.0445
vn 0.9917 -0.1063 -0.0724
vn 0.9915 -0.1115 -0.0667
vn 0.9678 -0.2213 -0.1196
vn 0.9917 -0.1137 -0.0592
vn 0.9916 -0.1177 -0.0533
vn 0.9680 -0.2079 -0.1408
vn 0.9680 -0.1931 -0.1604
vn 0.9914 -0.1015 -0.0828
vn 0.8767 -0.3697 -0.3077
vn 0.8769 -0.3980 -0.2693
vn 0.8770 -0.4226 -0.2287
vn 0.8769 -0.4432 -0.1861
vn 0.8769 -0.4594 -0.1416
vn 0.8768 -0.4712 -0.0959
vn 0.8767 -0.4785 -0.0493
vn 0.8766 -0.4812 -0.0024
vn 0.8764 -0.4795 0.0445
vn 0.8762 -0.4733 0.0910
vn 0.8759 -0.4627 0.1367
vn 0.8756 -0.4477 0.1812
vn 0.8755 -0.4282 0.2240
vn 0.8755 -0.4042 0.2648
vn 0.8758 -0.3758 0.3029
vn 0.8763 -0.3435 0.3379
vn 0.7236 0.3872 -0.5713
vn 0.6561 0.4278 -0.6217
vn 0.7267 0.3358 -0.5993
vn 0.6561 0.3682 -0.6587
vn 0.7265 0.2770 -0.6288
vn 0.6561 0.3036 -0.6909
vn 0.7264 0.2141 -0.6531
vn 0.6561 0.2345 -0.7173
vn 0.7264 0.1476 -0.6713
vn 0.6561 0.1616 -0.7372
vn 0.7264 0.0785 -0.6828
vn 0.6561 0.0859 -0.7498
vn 0.7265 0.0078 -0.6871
vn 0.6561 0.0085 -0.7546
vn 0.7268 -0.0633 -0.6840
vn 0.6561 -0.0693 -0.7515
vn 0.7272 -0.1338 -0.6733
vn 0.6561 -0.1465 -0.7403
vn 0.7276 -0.2023 -0.6555
vn 0.6561 -0.2217 -0.7214
vn 0.7280 -0.2678 -0.6311
vn 0.6561 -0.2938 -0.6952
vn 0.7283 -0.3295 -0.6008
vn 0.6561 -0.3618 -0.6623
vn 0.7284 -0.3866 -0.5657
vn 0.6561 -0.4249 -0.6237
vn 0.7282 -0.4388 -0.5265
vn 0.6561 -0.4826 -0.5803
vn 0.7278 -0.4857 -0.4842
vn 0.6561 -0.5343 -0.5329
vn -0.0000 -0.6391 0.7691
vn -0.0000 -0.6392 0.7691
vn -0.0000 -0.6392 0.7690
vn -0.0001 -0.6390 0.7692
vn 0.0001 -0.6391 0.7691
vn 0.9528 0.2505 0.1716
vn 0.9751 0.1792 0.1308
vn 0.9684 0.2083 0.1369
vn 0.9685 0.2204 -0.1157
vn 0.9917 0.1068 -0.0722
vn 0.9680 0.2091 -0.1383
vn 0.9915 0.0989 -0.0843
vn 0.9684 0.1944 -0.1559
vn 0.9917 0.0913 -0.0907
vn 0.9680 0.1786 -0.1764
vn 0.9917 0.0821 -0.0988
vn 0.9680 0.1605 -0.1931
vn 0.9916 0.1218 -0.0443
vn 0.9918 0.1183 -0.0480
vn 0.9677 0.2336 -0.0951
vn 0.9917 0.1171 -0.0536
vn 0.9911 0.1143 -0.0676
vn 0.9916 0.1225 -0.0407
vn 0.9678 0.2414 -0.0711
vn 0.9918 0.1235 -0.0340
vn 0.9680 0.2465 -0.0474
vn 0.9917 0.1262 -0.0244
vn 0.9680 0.2500 -0.0231
vn 0.9917 0.1280 -0.0122
vn 0.9685 0.2491 0.0028
vn 0.9915 0.1299 -0.0025
vn 0.9681 0.2494 0.0257
vn 0.9916 0.1284 0.0119
vn 0.9679 0.2463 0.0510
vn 0.9911 0.1321 0.0189
vn 0.9917 0.1184 0.0503
vn 0.9915 0.1225 0.0438
vn 0.9678 0.2404 0.0742
vn 0.9918 0.1230 0.0356
vn 0.9917 0.1253 0.0273
vn 0.9680 0.2313 0.0975
vn 0.9679 0.2208 0.1197
vn 0.9917 0.1131 0.0608
vn 0.9917 0.1085 0.0687
vn 0.9916 0.1060 0.0738
vn 0.9911 0.1075 0.0786
vn 0.8982 0.3517 0.2635
vn 0.8759 0.4015 0.2676
vn 0.8965 0.3518 0.2694
vn 0.9144 0.3260 0.2401
vn 0.9279 0.3028 0.2175
vn 0.9416 0.2780 0.1902
vn 0.8770 0.4226 0.2287
vn 0.8769 0.4432 0.1861
vn 0.8769 0.4594 0.1416
vn 0.8768 0.4712 0.0959
vn 0.8767 0.4785 0.0493
vn 0.8787 0.4772 0.0081
vn 0.8966 0.4411 -0.0407
vn 0.8965 0.4350 -0.0837
vn 0.8965 0.4247 -0.1260
vn 0.8965 0.4103 -0.1670
vn 0.8965 0.3919 -0.2064
vn 0.8965 0.3698 -0.2438
vn 0.8966 0.3441 -0.2789
vn 0.8966 0.3151 -0.3113
vn 0.8965 0.2831 -0.3407
vn 0.7932 0.3876 -0.4696
vn 0.7920 0.4361 -0.4272
vn 0.7907 0.4779 -0.3826
vn 0.7899 0.5142 -0.3341
vn 0.7899 0.5444 -0.2822
vn 0.7905 0.5685 -0.2278
vn 0.7914 0.5867 -0.1717
vn 0.7922 0.5994 -0.1144
vn 0.7926 0.6073 -0.0536
vn 0.9972 -0.0530 0.0527
vn 0.9999 -0.0070 0.0120
vn 1.0000 -0.0050 0.0054
vn 0.9999 -0.0128 0.0087
vn 1.0000 -0.0053 0.0030
vn 0.9999 -0.0136 0.0075
vn 1.0000 -0.0056 0.0023
vn 0.9999 -0.0143 0.0060
vn 1.0000 -0.0058 0.0016
vn 0.9999 -0.0149 0.0045
vn 0.9999 -0.0152 0.0030
vn 1.0000 -0.0060 0.0006
vn 0.9999 -0.0155 0.0015
vn 1.0000 -0.0061 -0.0003
vn 0.9999 -0.0155 -0.0001
vn 1.0000 -0.0060 -0.0010
vn 0.9999 -0.0154 -0.0018
vn 0.9999 -0.0152 -0.0034
vn 1.0000 -0.0057 -0.0019
vn 0.9999 -0.0147 -0.0048
vn 0.9999 -0.0142 -0.0062
vn 1.0000 -0.0054 -0.0028
vn 0.9999 -0.0135 -0.0079
vn 1.0000 -0.0051 -0.0034
vn 0.9972 -0.0735 -0.0162
vn 0.9972 -0.0748 -0.0085
vn 0.9972 -0.0754 -0.0008
vn 0.9973 -0.0620 -0.0404
vn 0.9972 -0.0657 -0.0368
vn 0.9972 -0.0689 -0.0303
vn 0.9977 -0.0524 -0.0435
vn 0.9989 -0.0358 -0.0297
vn 0.9992 -0.0328 -0.0222
vn 0.9972 -0.0716 -0.0233
vn 0.9972 -0.0694 0.0296
vn 0.9972 -0.0720 0.0221
vn 0.9972 -0.0580 0.0482
vn 0.9972 -0.0623 0.0425
vn 0.9971 -0.0664 0.0361
vn 0.9992 -0.0347 -0.0194
vn 0.9992 -0.0364 -0.0160
vn 0.9992 -0.0378 -0.0124
vn 0.9992 -0.0389 -0.0085
vn 0.9992 -0.0395 -0.0045
vn 0.9992 -0.0398 -0.0004
vn 0.9972 -0.0751 0.0069
vn 0.9992 -0.0396 0.0037
vn 0.9972 -0.0739 0.0146
vn 0.9992 -0.0390 0.0077
vn 0.9992 -0.0380 0.0117
vn 0.9992 -0.0366 0.0155
vn 0.9992 -0.0349 0.0191
vn 0.9992 -0.0329 0.0224
vn 0.9992 -0.0306 0.0254
vn 0.9993 -0.0279 0.0255
vn 0.9953 -0.0789 -0.0556
vn 0.9995 -0.0240 -0.0199
vn 0.9999 -0.0120 -0.0100
vn 1.0000 -0.0046 -0.0040
vn 0.8785 0.2635 -0.3985
vn 0.9685 -0.1156 -0.2206
vn 0.9917 -0.0720 -0.1069
vn 0.9680 -0.1383 -0.2092
vn 0.9916 -0.0839 -0.0989
vn 0.9684 -0.1562 -0.1946
vn 0.9915 -0.0907 -0.0931
vn 0.9680 -0.1764 -0.1786
vn 0.9914 -0.0437 -0.1232
vn 0.9918 -0.0476 -0.1185
vn 0.9677 -0.0951 -0.2335
vn 0.9917 -0.0530 -0.1170
vn 0.9912 -0.0666 -0.1140
vn 0.9917 -0.0399 -0.1224
vn 0.9679 -0.0712 -0.2412
vn 0.9918 -0.0335 -0.1235
vn 0.9680 -0.0480 -0.2463
vn 0.9917 -0.0229 -0.1265
vn 0.9679 -0.0229 -0.2501
vn 0.9917 -0.0116 -0.1279
vn 0.9681 0.0022 -0.2506
vn 0.9917 -0.0007 -0.1288
vn 0.9679 0.0255 -0.2502
vn 0.9918 0.0102 -0.1277
vn 0.9917 0.0376 -0.1234
vn 0.9916 0.0296 -0.1256
vn 0.9678 0.0510 -0.2467
vn 0.9916 0.0211 -0.1279
vn 0.9917 0.0164 -0.1273
vn 0.9680 0.0744 -0.2398
vn 0.9679 0.0977 -0.2317
vn 0.9910 0.0445 -0.1264
vn 0.9917 0.0724 -0.1063
vn 0.9915 0.0667 -0.1115
vn 0.9678 0.1196 -0.2213
vn 0.9917 0.0592 -0.1137
vn 0.9916 0.0533 -0.1177
vn 0.9680 0.1407 -0.2079
vn 0.8770 0.2287 -0.4226
vn 0.8769 0.1861 -0.4432
vn 0.8769 0.1417 -0.4594
vn 0.8768 0.0959 -0.4712
vn 0.8767 0.0493 -0.4785
vn 0.8766 0.0024 -0.4812
vn 0.8764 -0.0445 -0.4795
vn 0.8762 -0.0910 -0.4733
vn 0.8759 -0.1367 -0.4627
vn 0.8756 -0.1812 -0.4477
vn 0.8755 -0.2240 -0.4282
vn 0.8755 -0.2648 -0.4042
vn 0.8758 -0.3029 -0.3759
vn 0.8762 -0.3379 -0.3435
vn 1.0000 0.0036 -0.0044
vn 0.9999 0.0078 -0.0095
vn 0.9999 0.0116 -0.0121
vn 1.0000 0.0041 -0.0046
vn 0.9999 0.0128 -0.0088
vn 1.0000 0.0044 -0.0046
vn 0.9999 0.0136 -0.0075
vn 0.9999 0.0143 -0.0061
vn 1.0000 0.0048 -0.0049
vn 0.9999 0.0148 -0.0047
vn 0.9999 0.0153 -0.0032
vn 1.0000 0.0054 -0.0054
vn 0.9999 0.0156 -0.0016
vn 1.0000 0.0059 -0.0056
vn 0.9999 0.0157 -0.0000
vn 1.0000 0.0067 -0.0057
vn 0.9999 0.0157 0.0016
vn 0.9999 0.0156 0.0031
vn 0.9999 0.0086 -0.0071
vn 0.9999 0.0153 0.0047
vn 0.9999 0.0152 0.0061
vn 0.9999 0.0117 -0.0081
vn 0.9998 0.0149 0.0096
vn 0.9999 0.0122 0.0080
vn 0.9993 0.0330 0.0191
vn 0.9995 0.0269 0.0173
vn 0.9973 0.0612 0.0410
vn 0.9984 0.0547 0.0154
vn 0.9961 0.0755 0.0457
vn 0.9972 0.0738 0.0152
vn 0.9972 0.0750 0.0075
vn 0.9972 0.0720 0.0223
vn 0.9972 0.0694 0.0293
vn 0.9972 0.0664 0.0357
vn 0.9992 0.0350 0.0188
vn 0.9992 0.0367 0.0154
vn 0.9992 0.0380 0.0118
vn 0.9992 0.0390 0.0080
vn 0.9992 0.0396 0.0040
vn 0.9971 0.0755 0.0001
vn 0.9992 0.0398 -0.0000
vn 0.9972 0.0750 -0.0077
vn 0.9992 0.0396 -0.0041
vn 0.9972 0.0738 -0.0153
vn 0.9992 0.0390 -0.0081
vn 0.9972 0.0718 -0.0226
vn 0.9992 0.0277 -0.0281
vn 0.9970 0.0551 -0.0535
vn 0.9992 0.0305 -0.0255
vn 0.9972 0.0579 -0.0483
vn 0.9992 0.0328 -0.0225
vn 0.9972 0.0621 -0.0427
vn 0.9992 0.0348 -0.0192
vn 0.9971 0.0662 -0.0364
vn 0.9992 0.0366 -0.0157
vn 0.9972 0.0692 -0.0300
vn 0.9992 0.0379 -0.0120
vn 0.9967 0.0516 -0.0622
vn 0.9993 0.0246 -0.0278
vn 0.9986 0.0367 -0.0383
vn 0.9973 -0.0504 -0.0532
vn 0.9999 -0.0102 -0.0118
vn 1.0000 -0.0040 -0.0046
vn 1.0000 -0.0034 -0.0050
vn 0.9999 -0.0087 -0.0128
vn 1.0000 -0.0028 -0.0054
vn 0.9999 -0.0074 -0.0136
vn 0.9999 -0.0060 -0.0143
vn 1.0000 -0.0018 -0.0058
vn 0.9999 -0.0046 -0.0148
vn 0.9999 -0.0030 -0.0152
vn 1.0000 -0.0010 -0.0060
vn 0.9999 -0.0014 -0.0155
vn 1.0000 -0.0003 -0.0061
vn 0.9999 0.0001 -0.0155
vn 1.0000 0.0007 -0.0060
vn 0.9999 0.0017 -0.0154
vn 0.9999 0.0034 -0.0152
vn 1.0000 0.0017 -0.0058
vn 0.9999 0.0048 -0.0147
vn 1.0000 0.0024 -0.0056
vn 0.9999 0.0062 -0.0142
vn 1.0000 0.0027 -0.0051
vn 0.9999 0.0105 -0.0138
vn 0.9993 0.0205 -0.0318
vn 0.9972 0.0162 -0.0735
vn 0.9972 0.0085 -0.0748
vn 0.9972 0.0008 -0.0754
vn 0.9970 0.0425 -0.0643
vn 0.9972 0.0368 -0.0657
vn 0.9972 0.0303 -0.0689
vn 0.9972 0.0234 -0.0715
vn 0.9972 -0.0295 -0.0694
vn 0.9972 -0.0221 -0.0720
vn 0.9972 -0.0482 -0.0580
vn 0.9972 -0.0425 -0.0623
vn 0.9971 -0.0361 -0.0664
vn 0.9992 0.0194 -0.0344
vn 0.9992 0.0160 -0.0364
vn 0.9992 0.0124 -0.0378
vn 0.9992 0.0085 -0.0389
vn 0.9992 0.0045 -0.0395
vn 0.9992 0.0005 -0.0398
vn 0.9972 -0.0069 -0.0751
vn 0.9992 -0.0037 -0.0396
vn 0.9972 -0.0146 -0.0739
vn 0.9992 -0.0077 -0.0390
vn 0.9992 -0.0117 -0.0380
vn 0.9992 -0.0155 -0.0367
vn 0.9992 -0.0191 -0.0349
vn 0.9992 -0.0224 -0.0329
vn 0.9992 -0.0254 -0.0306
vn 0.9992 -0.0278 -0.0281
vn -0.6265 0.0083 0.7794
vn -0.7207 0.0050 0.6932
vn -0.7014 -0.0626 0.7100
vn -0.6259 -0.1420 0.7669
vn -0.7207 -0.1262 0.6816
vn -0.7014 -0.1958 0.6853
vn -0.6259 -0.2846 0.7261
vn -0.7207 -0.2530 0.6454
vn -0.7014 -0.3220 0.6359
vn -0.6343 -0.4235 0.6468
vn -0.7167 -0.3797 0.5849
vn -0.6265 -0.5318 0.5698
vn -0.6701 -0.4424 0.5960
vn -0.7207 -0.4747 0.5052
vn -0.7014 -0.5352 0.4707
vn -0.6259 -0.6320 0.4570
vn -0.7207 -0.5617 0.4062
vn -0.7014 -0.6146 0.3609
vn -0.6259 -0.7071 0.3291
vn -0.7207 -0.6285 0.2926
vn -0.7014 -0.6718 0.2380
vn -0.6259 -0.7566 0.1894
vn -0.7207 -0.6725 0.1683
vn -0.7014 -0.7047 0.1066
vn -0.6343 -0.7725 0.0302
vn -0.7167 -0.6967 0.0300
vn -0.6265 -0.7726 -0.1027
vn -0.6701 -0.7421 -0.0146
vn -0.7207 -0.6869 -0.0937
vn -0.7014 -0.6938 -0.1630
vn -0.6259 -0.7389 -0.2497
vn -0.7207 -0.6567 -0.2220
vn -0.7014 -0.6505 -0.2913
vn -0.6259 -0.6783 -0.3850
vn -0.7207 -0.6029 -0.3422
vn -0.7014 -0.5836 -0.4092
vn -0.6259 -0.5931 -0.5064
vn -0.7207 -0.5272 -0.4501
vn -0.7014 -0.4956 -0.5122
vn -0.6344 -0.4858 -0.6012
vn -0.7205 -0.4323 -0.5422
vn -0.6434 -0.4152 -0.6432
vn -0.7203 -0.3801 -0.5802
vn -0.6432 -0.3398 -0.6862
vn -0.7167 -0.3167 -0.6213
vn -0.6265 -0.2275 -0.7455
vn -0.6701 -0.2950 -0.6811
vn -0.7207 -0.2001 -0.6637
vn -0.7014 -0.1400 -0.6988
vn -0.6259 -0.0798 -0.7758
vn -0.7207 -0.0709 -0.6896
vn -0.7014 -0.0052 -0.7127
vn -0.6259 0.0685 -0.7769
vn -0.7207 0.0609 -0.6906
vn -0.7014 0.1298 -0.7008
vn -0.6259 0.2143 -0.7499
vn -0.7207 0.1905 -0.6666
vn -0.7014 0.2601 -0.6636
vn -0.6343 0.3601 -0.6841
vn -0.7167 0.3224 -0.6184
vn -0.6265 0.4753 -0.6178
vn -0.6701 0.3837 -0.6354
vn -0.7207 0.4245 -0.5480
vn -0.7014 0.4881 -0.5194
vn -0.6343 0.5886 -0.5013
vn -0.7167 0.5291 -0.4543
vn -0.6265 0.6708 -0.3969
vn -0.6701 0.5924 -0.4472
vn -0.7207 0.5978 -0.3510
vn -0.7014 0.6462 -0.3008
vn -0.6343 0.7327 -0.2466
vn -0.7167 0.6601 -0.2251
vn -0.6349 0.7653 -0.1060
vn -0.6701 0.7162 -0.1950
vn -0.7167 0.6907 -0.0961
vn -0.6265 0.7789 0.0288
vn -0.6701 0.7401 -0.0560
vn -0.7207 0.6927 0.0279
vn -0.7014 0.7062 0.0963
vn -0.6259 0.7593 0.1784
vn -0.7207 0.6749 0.1585
vn -0.7014 0.6752 0.2282
vn -0.6344 0.7046 0.3180
vn -0.7190 0.6329 0.2871
vn -0.6537 0.6435 0.3983
vn -0.7101 0.6162 0.3407
vn -0.6381 0.6258 0.4486
vn -0.7207 0.5676 0.3980
vn -0.7014 0.5420 0.4628
vn -0.6259 0.5423 0.5605
vn -0.7207 0.4820 0.4982
vn -0.7014 0.4447 0.5570
vn -0.6259 0.4264 0.6530
vn -0.7207 0.3790 0.5804
vn -0.7014 0.3312 0.6311
vn -0.6259 0.2951 0.7219
vn -0.7207 0.2623 0.6417
vn -0.7014 0.2058 0.6824
vn -0.6343 0.1398 0.7603
vn -0.7167 0.1288 0.6854
vn -0.6701 0.0911 0.7367
vn -0.9937 -0.0204 0.1103
vn -0.9937 -0.0098 0.1117
vn -0.9937 0.0008 0.1121
vn -0.9937 0.0115 0.1115
vn -0.9937 -0.0507 0.1000
vn -0.9937 -0.0409 0.1044
vn -0.9937 -0.0308 0.1078
vn -0.9937 -0.0768 0.0817
vn -0.9937 -0.0687 0.0886
vn -0.9937 -0.0599 0.0948
vn -0.9937 -0.0967 0.0568
vn -0.9937 -0.0909 0.0657
vn -0.9937 -0.0842 0.0740
vn -0.9937 -0.1088 0.0272
vn -0.9937 -0.1057 0.0374
vn -0.9937 -0.1017 0.0473
vn -0.9937 -0.1120 -0.0045
vn -0.9937 -0.1120 0.0062
vn -0.9937 -0.1109 0.0168
vn -0.9937 -0.1062 -0.0359
vn -0.9937 -0.1092 -0.0256
vn -0.9937 -0.1111 -0.0151
vn -0.9937 -0.0918 -0.0644
vn -0.9937 -0.0975 -0.0554
vn -0.9937 -0.1023 -0.0458
vn -0.9937 -0.0700 -0.0876
vn -0.9937 -0.0780 -0.0806
vn -0.9937 -0.0853 -0.0728
vn -0.9937 -0.0424 -0.1038
vn -0.9937 -0.0521 -0.0993
vn -0.9937 -0.0613 -0.0939
vn -0.9937 -0.0115 -0.1115
vn -0.9937 -0.0220 -0.1099
vn -0.9937 -0.0324 -0.1074
vn -0.9937 0.0204 -0.1102
vn -0.9937 0.0098 -0.1117
vn -0.9937 -0.0008 -0.1121
vn -0.9937 0.0507 -0.1000
vn -0.9937 0.0409 -0.1044
vn -0.9937 0.0308 -0.1078
vn -0.9937 0.0768 -0.0817
vn -0.9937 0.0687 -0.0886
vn -0.9937 0.0599 -0.0948
vn -0.9937 0.0967 -0.0568
vn -0.9937 0.0909 -0.0657
vn -0.9937 0.0842 -0.0740
vn -0.9937 0.1088 -0.0272
vn -0.9937 0.1057 -0.0374
vn -0.9937 0.1017 -0.0473
vn -0.9937 0.1120 0.0045
vn -0.9937 0.1120 -0.0062
vn -0.9937 0.1109 -0.0168
vn -0.9937 0.1062 0.0359
vn -0.9937 0.1092 0.0256
vn -0.9937 0.1111 0.0151
vn -0.9937 0.0918 0.0644
vn -0.9937 0.0975 0.0554
vn -0.9937 0.1023 0.0458
vn -0.9937 0.0699 0.0876
vn -0.9937 0.0780 0.0806
vn -0.9937 0.0853 0.0728
vn -0.9937 0.0424 0.1038
vn -0.9937 0.0521 0.0993
vn -0.9937 0.0613 0.0939
vn -0.9937 0.0220 0.1099
vn -0.9937 0.0324 0.1074
vn -0.9038 0.0031 0.4280
vn -0.9038 0.0438 0.4257
vn -0.9038 0.0841 0.4197
vn -0.9038 0.1236 0.4098
vn -0.9038 0.1620 0.3962
vn -0.9038 0.1989 0.3790
vn -0.9038 0.2340 0.3583
vn -0.9038 0.2670 0.3345
vn -0.9038 0.2976 0.3076
vn -0.9038 0.3255 0.2779
vn -0.9038 0.3504 0.2457
vn -0.9038 0.3722 0.2113
vn -0.9038 0.3906 0.1750
vn -0.9038 0.4055 0.1370
vn -0.9038 0.4166 0.0979
vn -0.9038 0.4241 0.0578
vn -0.9038 0.4276 0.0172
vn -0.9038 0.4273 -0.0235
vn -0.9038 0.4232 -0.0640
vn -0.9038 0.4152 -0.1039
vn -0.9038 0.4034 -0.1429
vn -0.9038 0.3880 -0.1806
vn -0.9038 0.3691 -0.2167
vn -0.9038 0.3468 -0.2508
vn -0.9038 0.3214 -0.2826
vn -0.9038 0.2931 -0.3119
vn -0.9038 0.2621 -0.3383
vn -0.9038 0.2288 -0.3617
vn -0.9038 0.1933 -0.3818
vn -0.9038 0.1562 -0.3985
vn -0.9038 0.1176 -0.4115
vn -0.9038 0.0779 -0.4208
vn -0.9038 0.0376 -0.4263
vn -0.9038 -0.0031 -0.4280
vn -0.9038 -0.0438 -0.4257
vn -0.9038 -0.0840 -0.4196
vn -0.9038 -0.1236 -0.4098
vn -0.9038 -0.1620 -0.3962
vn -0.9038 -0.1989 -0.3790
vn -0.9038 -0.2340 -0.3584
vn -0.9038 -0.2670 -0.3345
vn -0.9038 -0.2976 -0.3076
vn -0.9038 -0.3255 -0.2779
vn -0.9038 -0.3504 -0.2457
vn -0.9038 -0.3722 -0.2113
vn -0.9038 -0.3906 -0.1749
vn -0.9038 -0.4055 -0.1370
vn -0.9038 -0.4166 -0.0979
vn -0.9038 -0.4240 -0.0578
vn -0.9038 -0.4276 -0.0172
vn -0.9038 -0.4273 0.0235
vn -0.9038 -0.4232 0.0640
vn -0.9038 -0.4152 0.1039
vn -0.9038 -0.4034 0.1429
vn -0.9038 -0.3880 0.1806
vn -0.9038 -0.3691 0.2167
vn -0.9038 -0.3468 0.2508
vn -0.9038 -0.3214 0.2826
vn -0.9038 -0.2931 0.3119
vn -0.9038 -0.2621 0.3383
vn -0.9038 -0.2288 0.3617
vn -0.9038 -0.1933 0.3818
vn -0.9038 -0.1562 0.3985
vn -0.9038 -0.1176 0.4115
vn -0.9038 -0.0779 0.4208
vn -0.9038 -0.0376 0.4263
vn -0.9122 -0.2074 -0.3533
vn -0.9122 -0.3563 -0.2023
vn -0.9122 -0.0030 -0.4097
vn -0.9122 -0.3533 0.2074
vn -0.9122 -0.2023 0.3563
vn -0.9122 -0.4097 0.0030
vn -0.9122 0.2074 0.3533
vn -0.9122 0.3563 0.2022
vn -0.9122 0.0030 0.4097
vn -0.9122 0.3533 -0.2074
vn -0.9122 0.2023 -0.3563
vn -0.9122 0.4097 -0.0030
vn -0.6913 -0.3659 -0.6231
vn -0.6913 -0.6284 -0.3567
vn -0.6913 -0.7225 0.0053
vn -0.6913 -0.6231 0.3658
vn -0.6913 -0.3567 0.6284
vn -0.6913 0.0053 0.7225
vn -0.6913 0.3658 0.6231
vn -0.6913 0.6284 0.3567
vn -0.6913 0.7226 -0.0053
vn -0.6913 0.6231 -0.3658
vn -0.6913 0.3567 -0.6284
vn -0.6913 -0.0053 -0.7226
vn -0.3718 -0.4700 -0.8005
vn -0.3717 -0.8073 -0.4583
vn -0.3718 -0.9283 0.0068
vn -0.3717 -0.8006 0.4700
vn -0.3718 -0.4583 0.8073
vn -0.3718 0.0068 0.9283
vn -0.3718 0.4700 0.8005
vn -0.3717 0.8073 0.4583
vn -0.3717 0.9283 -0.0068
vn -0.3718 0.8006 -0.4700
vn -0.3718 0.4583 -0.8073
vn -0.3717 -0.0068 -0.9283
vn -0.1952 -0.4966 -0.8458
vn -0.1951 -0.8529 -0.4842
vn -0.1951 -0.9808 0.0072
vn -0.1951 -0.8458 0.4966
vn -0.1951 -0.4842 0.8529
vn -0.1951 0.0072 0.9808
vn -0.1951 0.4966 0.8458
vn -0.1951 0.8529 0.4842
vn -0.1951 0.9808 -0.0071
vn -0.1951 0.8458 -0.4965
vn -0.1951 0.4842 -0.8529
vn -0.1951 -0.0071 -0.9808
vn -0.9659 -0.1310 -0.2232
vn -0.9659 -0.2250 -0.1278
vn -0.9659 -0.0019 -0.2588
vn -0.9659 -0.2232 0.1310
vn -0.9659 -0.1278 0.2251
vn -0.9659 -0.2588 0.0019
vn -0.9659 0.1310 0.2232
vn -0.9659 0.2251 0.1278
vn -0.9659 0.0019 0.2588
vn -0.9659 0.2232 -0.1310
vn -0.9659 0.1278 -0.2251
vn -0.9659 0.2588 -0.0019
vn -0.7071 -0.0051 -0.7071
vn -0.4823 -0.4435 -0.7554
vn -0.7071 -0.3580 -0.6098
vn -0.4823 -0.7618 -0.4324
vn -0.7071 -0.6150 -0.3491
vn -0.4823 -0.8760 0.0064
vn -0.7071 -0.7071 0.0051
vn -0.4823 -0.7554 0.4435
vn -0.7071 -0.6098 0.3580
vn -0.4823 -0.4325 0.7618
vn -0.7071 -0.3491 0.6149
vn -0.4823 0.0064 0.8760
vn -0.7071 0.0051 0.7071
vn -0.4824 0.4435 0.7554
vn -0.7071 0.3580 0.6098
vn -0.4823 0.7618 0.4324
vn -0.7071 0.6149 0.3491
vn -0.4823 0.8760 -0.0064
vn -0.7071 0.7071 -0.0051
vn -0.4823 0.7554 -0.4435
vn -0.7071 0.6098 -0.3580
vn -0.4823 0.4324 -0.7618
vn -0.7071 0.3491 -0.6149
vn -0.4823 -0.0064 -0.8760
vn -0.2588 -0.4891 -0.8330
vn -0.2588 -0.8400 -0.4768
vn -0.2588 -0.9659 0.0070
vn -0.2588 -0.8330 0.4890
vn -0.2588 -0.4769 0.8400
vn -0.2588 0.0070 0.9659
vn -0.2588 0.4891 0.8330
vn -0.2588 0.8400 0.4768
vn -0.2589 0.9659 -0.0070
vn -0.2588 0.8330 -0.4890
vn -0.2588 0.4768 -0.8400
vn -0.2588 -0.0070 -0.9659
vn -0.9659 -0.2251 -0.1278
vn -0.9659 0.2250 0.1278
vn -0.7071 -0.0052 -0.7071
vn -0.4823 -0.7618 -0.4325
vn -0.7071 -0.6149 -0.3491
vn -0.7071 -0.7071 0.0052
vn -0.4824 -0.4324 0.7618
vn -0.7071 -0.3490 0.6149
vn -0.7071 0.0052 0.7071
vn -0.4823 0.4435 0.7554
vn -0.4823 0.7618 0.4325
vn -0.7071 0.7071 -0.0052
vn -0.2588 -0.4890 -0.8330
vn -0.2588 -0.8400 -0.4769
vn -0.2589 0.0071 0.9659
vn -0.2588 0.4890 0.8330
vn -0.2588 0.8400 0.4769
vn -0.2588 0.9659 -0.0070
vn -0.2588 0.8330 -0.4891
vn -0.4823 -0.4324 0.7618
vn -0.4823 0.4325 -0.7618
vn -0.2588 -0.8330 0.4891
vn -0.2588 0.4769 -0.8400
vn -0.6561 0.5268 -0.5404
vn -0.7273 0.5216 -0.4461
vn -0.6561 0.5736 -0.4904
vn -0.6561 0.6157 -0.4364
vn -0.7274 0.5597 -0.3970
vn -0.6561 0.6535 -0.3774
vn -0.7278 0.5935 -0.3435
vn -0.6561 0.6866 -0.3132
vn -0.7280 0.6233 -0.2854
vn -0.6561 0.7140 -0.2445
vn -0.7280 0.6483 -0.2232
vn -0.6561 0.7348 -0.1719
vn -0.7277 0.6677 -0.1573
vn -0.6561 0.7485 -0.0964
vn -0.7272 0.6807 -0.0885
vn -0.6561 0.7544 -0.0191
vn -0.7268 0.6866 -0.0179
vn -0.6561 0.7524 0.0588
vn -0.7264 0.6852 0.0533
vn -0.6561 0.7423 0.1361
vn -0.7261 0.6763 0.1241
vn -0.6561 0.7244 0.2116
vn -0.7260 0.6600 0.1931
vn -0.6561 0.6992 0.2840
vn -0.7260 0.6370 0.2592
vn -0.6561 0.6673 0.3525
vn -0.7261 0.6078 0.3217
vn -0.6561 0.6296 0.4162
vn -0.7262 0.5732 0.3797
vn -0.6561 0.5869 0.4744
vn -0.8758 0.4069 0.2594
vn -0.8759 0.3794 0.2981
vn -0.7264 0.5341 0.4326
vn -0.6561 0.5404 0.5268
vn -0.8754 0.3501 0.3334
vn -0.7266 0.4914 0.4801
vn -0.8490 0.3431 0.4018
vn -0.9113 0.2849 0.2972
vn -0.9338 0.2535 0.2525
vn -0.9544 0.2231 0.1983
vn -0.9676 0.1834 0.1737
vn -0.9732 0.1694 0.1558
vn -0.8957 0.3038 0.3246
vn -0.7268 0.4464 0.5221
vn -0.7269 0.3976 0.5599
vn -0.8966 0.2742 0.3479
vn -0.8759 0.2732 0.3977
vn -0.9025 0.2810 0.3265
vn -0.6561 0.4364 0.6157
vn -0.6561 0.3774 0.6535
vn -0.7267 0.3441 0.5945
vn -0.6561 0.3132 0.6866
vn -0.8770 0.2346 0.4194
vn -0.7266 0.2858 0.6249
vn -0.8769 0.1922 0.4405
vn -0.9679 0.1228 0.2191
vn -0.9684 0.1398 0.2063
vn -0.9679 0.1011 0.2301
vn -0.9917 0.0522 0.1173
vn -0.9917 0.0624 0.1122
vn -0.9917 0.0702 0.1076
vn -0.9973 0.0418 0.0606
vn -0.9916 0.0753 0.1049
vn -0.9961 0.0468 0.0749
vn -0.9911 0.0801 0.1064
vn -0.9751 0.1332 0.1772
vn -0.9496 0.1831 0.2543
vn -0.9281 0.2212 0.2994
vn -0.9010 0.2645 0.3439
vn -0.9984 0.0161 0.0545
vn -0.9993 0.0195 0.0328
vn -0.9995 0.0177 0.0267
vn -0.9999 0.0082 0.0120
vn -0.9999 -0.0079 0.0118
vn -0.9998 0.0098 0.0147
vn -0.9999 0.0063 0.0151
vn -0.9992 0.0159 0.0364
vn -0.9992 0.0193 0.0348
vn -0.9999 -0.0070 0.0087
vn -0.9999 0.0050 0.0152
vn -0.9992 0.0123 0.0378
vn -0.9992 0.0085 0.0389
vn -0.9972 0.0162 0.0735
vn -0.9972 0.0233 0.0717
vn -0.9917 0.0287 0.1255
vn -0.9972 0.0085 0.0749
vn -0.9911 0.0235 0.1311
vn -0.9678 0.0294 0.2499
vn -0.9918 0.0165 0.1266
vn -0.9918 0.0114 0.1275
vn -0.9682 0.0057 0.2499
vn -0.9915 -0.0010 0.1298
vn -0.9918 -0.0075 0.1279
vn -0.9679 -0.0193 0.2507
vn -0.8965 -0.0345 0.4416
vn -0.8787 0.0148 0.4771
vn -0.8966 -0.0777 0.4361
vn -0.7926 -0.0451 0.6080
vn -0.7923 -0.1060 0.6009
vn -0.7243 0.0219 0.6892
vn -0.6986 -0.0558 0.7133
vn -0.6991 -0.1304 0.7030
vn -0.6561 -0.1361 0.7423
vn -0.6561 -0.2116 0.7244
vn -0.7001 -0.2025 0.6848
vn -0.6561 -0.2840 0.6992
vn -0.7914 -0.1634 0.5890
vn -0.7010 -0.2713 0.6595
vn -0.6561 -0.3525 0.6673
vn -0.7017 -0.3358 0.6284
vn -0.6561 -0.4162 0.6296
vn -0.7017 -0.3956 0.5926
vn -0.6561 -0.4744 0.5869
vn -0.7899 -0.2746 0.5483
vn -0.7011 -0.4502 0.5530
vn -0.7900 -0.3269 0.5188
vn -0.8966 -0.2009 0.3947
vn -0.7905 -0.2198 0.5716
vn -0.8966 -0.1612 0.4125
vn -0.9685 -0.1126 0.2220
vn -0.8966 -0.2386 0.3732
vn -0.9677 -0.0918 0.2349
vn -0.9678 -0.1351 0.2123
vn -0.7907 -0.3759 0.4832
vn -0.8965 -0.2741 0.3480
vn -0.9681 -0.1548 0.1970
vn -0.9917 -0.0737 0.1058
vn -0.9917 -0.0676 0.1091
vn -0.9972 -0.0418 0.0627
vn -0.9971 -0.0355 0.0667
vn -0.9911 -0.0660 0.1152
vn -0.9917 -0.0520 0.1178
vn -0.9972 -0.0290 0.0696
vn -0.9918 -0.0463 0.1189
vn -0.9916 -0.0426 0.1224
vn -0.9916 -0.0364 0.1237
vn -0.9972 -0.0216 0.0722
vn -0.9680 -0.0444 0.2470
vn -0.9917 -0.0235 0.1264
vn -0.9682 -0.0667 0.2411
vn -0.9972 -0.0143 0.0740
vn -0.9992 -0.0075 0.0391
vn -0.9992 -0.0035 0.0396
vn -0.9972 -0.0066 0.0751
vn -0.9999 -0.0014 0.0156
vn -0.9999 0.0002 0.0157
vn -0.9992 0.0005 0.0398
vn -0.9999 -0.0030 0.0153
vn -1.0000 -0.0053 0.0055
vn -1.0000 -0.0055 0.0060
vn -1.0000 -0.0056 0.0068
vn -0.9999 0.0018 0.0157
vn -0.9999 0.0033 0.0155
vn -0.9992 0.0046 0.0395
vn -0.9971 0.0012 0.0755
vn -1.0000 -0.0045 0.0050
vn -1.0000 -0.0045 0.0044
vn -0.9999 -0.0060 0.0144
vn -0.9999 -0.0045 0.0149
vn -0.9992 -0.0152 0.0368
vn -0.9992 -0.0114 0.0381
vn -0.9992 -0.0188 0.0351
vn -0.9999 -0.0073 0.0137
vn -0.9992 -0.0220 0.0331
vn -0.9972 -0.0475 0.0586
vn -0.9992 -0.0251 0.0309
vn -0.9999 -0.0086 0.0129
vn -0.9999 -0.0120 0.0118
vn -0.9992 -0.0277 0.0281
vn -0.9970 -0.0527 0.0559
vn -0.9917 -0.0904 0.0919
vn -0.9917 -0.0976 0.0836
vn -0.9986 -0.0378 0.0372
vn -0.9967 -0.0614 0.0525
vn -0.9993 -0.0275 0.0250
vn -0.9999 -0.0095 0.0079
vn -0.9993 -0.0315 0.0209
vn -0.9992 -0.0341 0.0199
vn -0.9970 -0.0637 0.0434
vn -0.9972 -0.0652 0.0377
vn -0.9917 -0.1129 0.0608
vn -0.9972 -0.0685 0.0313
vn -0.9915 -0.1106 0.0686
vn -0.9917 -0.1048 0.0747
vn -0.9678 -0.2195 0.1228
vn -0.8769 -0.4405 0.1922
vn -0.9679 -0.2303 0.1009
vn -0.9680 -0.2061 0.1431
vn -0.8770 -0.4194 0.2346
vn -0.7264 -0.6500 0.2231
vn -0.8769 -0.4574 0.1480
vn -0.7266 -0.6249 0.2858
vn -0.7267 -0.5945 0.3441
vn -0.6561 -0.6535 0.3774
vn -0.6561 -0.6866 0.3132
vn -0.6561 -0.7140 0.2445
vn -0.7264 -0.6691 0.1570
vn -0.6561 -0.7348 0.1719
vn -0.8768 -0.4698 0.1025
vn -0.7264 -0.6816 0.0880
vn -0.8767 -0.4777 0.0560
vn -0.9678 -0.2459 0.0543
vn -0.9680 -0.2387 0.0777
vn -0.9914 -0.1287 0.0225
vn -0.9917 -0.1278 0.0156
vn -0.9681 -0.2491 0.0289
vn -0.9916 -0.1228 0.0393
vn -0.9916 -0.1252 0.0314
vn -0.9972 -0.0733 0.0172
vn -0.9972 -0.0748 0.0095
vn -0.9992 -0.0387 0.0091
vn -0.9972 -0.0712 0.0244
vn -0.9992 -0.0376 0.0129
vn -0.9999 -0.0147 0.0050
vn -0.9999 -0.0151 0.0035
vn -0.9992 -0.0395 0.0051
vn -0.9971 -0.0755 0.0020
vn -0.9999 -0.0154 0.0020
vn -0.9992 -0.0398 0.0010
vn -0.9972 -0.0752 -0.0058
vn -0.9917 -0.1287 0.0013
vn -0.9917 -0.1281 -0.0098
vn -0.9681 -0.2506 0.0057
vn -0.9679 -0.2504 -0.0194
vn -0.9917 -0.1268 -0.0214
vn -0.9972 -0.0742 -0.0136
vn -0.9917 -0.1238 -0.0353
vn -0.9681 -0.2467 -0.0447
vn -0.9681 -0.2415 -0.0673
vn -0.8762 -0.4745 -0.0844
vn -0.8759 -0.4646 -0.1302
vn -0.8764 -0.4800 -0.0378
vn -0.7272 -0.6751 -0.1244
vn -0.7276 -0.6582 -0.1931
vn -0.6561 -0.7423 -0.1361
vn -0.6561 -0.7244 -0.2116
vn -0.7280 -0.6347 -0.2590
vn -0.6561 -0.6992 -0.2840
vn -0.8756 -0.4502 -0.1749
vn -0.7283 -0.6054 -0.3210
vn -0.6561 -0.6673 -0.3525
vn -0.7284 -0.5710 -0.3787
vn -0.6561 -0.6296 -0.4162
vn -0.7282 -0.5326 -0.4314
vn -0.6561 -0.5869 -0.4744
vn -0.7278 -0.4909 -0.4789
vn -0.6561 -0.5403 -0.5268
vn -0.7274 -0.4462 -0.5213
vn -0.6561 -0.4904 -0.5736
vn -0.7270 -0.3976 -0.5598
vn -0.6561 -0.4364 -0.6157
vn -0.7267 -0.3441 -0.5945
vn -0.6561 -0.3774 -0.6535
vn -0.7266 -0.2858 -0.6249
vn -0.6561 -0.3132 -0.6866
vn -0.7264 -0.2231 -0.6500
vn -0.6561 -0.2445 -0.7140
vn -0.7264 -0.1570 -0.6691
vn -0.6561 -0.1719 -0.7349
vn -0.7264 -0.0880 -0.6816
vn -0.6561 -0.0964 -0.7485
vn -0.7265 -0.0174 -0.6869
vn -0.6561 -0.0191 -0.7544
vn -0.7268 0.0538 -0.6848
vn -0.6561 0.0588 -0.7524
vn -0.7272 0.1244 -0.6751
vn -0.6561 0.1361 -0.7423
vn -0.7276 0.1931 -0.6582
vn -0.6561 0.2116 -0.7244
vn -0.7280 0.2590 -0.6347
vn -0.6561 0.2840 -0.6992
vn -0.8759 0.1302 -0.4646
vn -0.8756 0.1749 -0.4502
vn -0.7283 0.3210 -0.6054
vn -0.6561 0.3525 -0.6673
vn -0.7284 0.3787 -0.5710
vn -0.8755 0.2180 -0.4313
vn -0.8755 0.2591 -0.4078
vn -0.9677 0.0919 -0.2348
vn -0.9685 0.1125 -0.2222
vn -0.9678 0.1352 -0.2122
vn -0.8758 0.2976 -0.3801
vn -0.7282 0.4314 -0.5326
vn -0.9681 0.1548 -0.1971
vn -0.7278 0.4789 -0.4909
vn -0.8763 0.3331 -0.3482
vn -0.6561 0.4744 -0.5869
vn -0.6561 0.4162 -0.6296
vn -0.9915 0.0833 -0.0996
vn -0.9917 0.0903 -0.0919
vn -0.9680 0.1735 -0.1812
vn -0.9917 0.0733 -0.1058
vn -0.9972 0.0416 -0.0628
vn -0.9972 0.0474 -0.0587
vn -0.9992 0.0250 -0.0309
vn -0.9972 0.0520 -0.0538
vn -0.9992 0.0219 -0.0332
vn -0.9993 0.0251 -0.0283
vn -0.9999 0.0120 -0.0072
vn -0.9999 0.0086 -0.0129
vn -0.9984 0.0490 -0.0285
vn -0.9994 0.0258 -0.0230
vn -0.9992 0.0332 -0.0211
vn -0.9997 0.0159 -0.0183
vn -0.9999 0.0085 -0.0109
vn -1.0000 0.0053 -0.0056
vn -1.0000 0.0053 -0.0051
vn -1.0000 0.0065 -0.0061
vn -1.0000 0.0052 -0.0038
vn -0.9999 0.0140 -0.0066
vn -0.9992 0.0375 -0.0133
vn -0.9992 0.0360 -0.0169
vn -0.9999 0.0146 -0.0052
vn -0.9999 0.0151 -0.0037
vn -0.9992 0.0386 -0.0096
vn -0.9971 0.0734 -0.0182
vn -0.9971 0.0749 -0.0107
vn -0.9992 0.0394 -0.0056
vn -0.9916 0.1289 -0.0026
vn -0.9916 0.1281 -0.0152
vn -0.9971 0.0755 -0.0030
vn -0.9916 0.1286 0.0100
vn -0.9971 0.0754 0.0047
vn -0.9992 0.0398 -0.0016
vn -0.9916 0.1271 0.0226
vn -0.9674 0.2526 0.0198
vn -0.9674 0.2533 -0.0051
vn -0.8751 0.4838 -0.0096
vn -0.9674 0.2516 -0.0299
vn -0.8748 0.4811 -0.0566
vn -0.8746 0.4738 -0.1032
vn -0.9674 0.2474 -0.0544
vn -0.8744 0.4618 -0.1489
vn -0.8744 0.4450 -0.1933
vn -0.9674 0.2409 -0.0784
vn -0.8747 0.4234 -0.2359
vn -0.9674 0.2321 -0.1016
vn -0.9917 0.1226 -0.0399
vn -0.9917 0.1181 -0.0517
vn -0.9674 0.2210 -0.1239
vn -0.9916 0.1125 -0.0631
vn -0.9674 0.2078 -0.1450
vn -0.8752 0.3974 -0.2760
vn -0.8755 0.3671 -0.3143
vn -0.9673 0.1926 -0.1648
vn -0.9915 0.0987 -0.0848
vn -0.9916 0.1066 -0.0738
vn -0.9974 0.0571 -0.0436
vn -0.9964 0.0638 -0.0560
vn -0.9971 0.0651 -0.0385
vn -0.9971 0.0685 -0.0322
vn -0.9992 0.0342 -0.0202
vn -0.9971 0.0713 -0.0254
vn -0.9917 0.1259 -0.0277
vn -0.8754 0.4820 0.0374
vn -0.8755 0.4758 0.0841
vn -0.9674 0.2494 0.0444
vn -0.9674 0.2439 0.0686
vn -0.9916 0.1242 0.0350
vn -0.9971 0.0728 0.0200
vn -0.9916 0.1202 0.0470
vn -0.9971 0.0745 0.0124
vn -0.9992 0.0393 0.0066
vn -0.9992 0.0397 0.0025
vn -0.9999 0.0156 0.0010
vn -0.9999 0.0156 -0.0006
vn -1.0000 0.0059 -0.0044
vn -0.9999 0.0154 -0.0022
vn -1.0000 0.0056 -0.0043
vn -1.0000 0.0069 -0.0045
vn -0.9999 0.0086 -0.0055
vn -0.9999 0.0152 0.0041
vn -0.9999 0.0154 0.0026
vn -0.9992 0.0384 0.0105
vn -0.9992 0.0371 0.0144
vn -0.9972 0.0704 0.0272
vn -0.9916 0.1151 0.0586
vn -0.9972 0.0673 0.0341
vn -0.9916 0.1088 0.0695
vn -0.9674 0.2258 0.1149
vn -0.9674 0.2360 0.0922
vn -0.8757 0.4500 0.1750
vn -0.8756 0.4651 0.1301
vn -0.8758 0.4306 0.2182
vn -0.9674 0.2134 0.1365
vn -0.9674 0.1990 0.1568
vn -0.9916 0.1014 0.0799
vn -0.9914 0.0959 0.0893
vn -0.9972 0.0636 0.0405
vn -0.9972 0.0595 0.0464
vn -0.9908 0.0942 0.0973
vn -0.9972 0.0574 0.0486
vn -0.9954 0.0772 0.0569
vn -0.9972 0.0521 0.0529
vn -0.9983 0.0534 0.0225
vn -0.9989 0.0359 0.0288
vn -0.9996 0.0283 0.0009
vn -0.9992 0.0303 0.0275
vn -0.9992 0.0325 0.0244
vn -0.9999 0.0111 0.0051
vn -0.9998 0.0109 0.0165
vn -0.9999 0.0138 0.0088
vn -0.9992 0.0336 0.0214
vn -0.9999 0.0107 -0.0051
vn -0.9999 0.0144 0.0071
vn -0.9999 0.0120 -0.0082
vn -0.9999 0.0147 0.0057
vn -0.9992 0.0355 0.0180
vn -1.0000 0.0029 -0.0053
vn -0.9999 0.0073 -0.0137
vn -1.0000 0.0022 -0.0056
vn -0.9999 0.0058 -0.0144
vn -1.0000 0.0015 -0.0059
vn -0.9992 0.0150 -0.0369
vn -0.9999 0.0044 -0.0149
vn -0.9992 0.0186 -0.0352
vn -0.9971 0.0352 -0.0669
vn -0.9917 0.0674 -0.1092
vn -0.9972 0.0286 -0.0698
vn -0.9912 0.0650 -0.1149
vn -0.9917 0.0514 -0.1177
vn -0.9918 0.0459 -0.1191
vn -0.9914 0.0420 -0.1238
vn -0.9917 0.0354 -0.1238
vn -0.9972 0.0210 -0.0723
vn -0.9992 0.0112 -0.0382
vn -0.9992 0.0072 -0.0391
vn -0.9972 0.0137 -0.0742
vn -0.9999 0.0028 -0.0153
vn -0.9999 0.0012 -0.0155
vn -0.9992 0.0031 -0.0397
vn -0.9992 -0.0010 -0.0398
vn -0.9999 -0.0004 -0.0155
vn -0.9972 0.0058 -0.0752
vn -1.0000 -0.0008 -0.0061
vn -1.0000 -0.0014 -0.0060
vn -0.9999 -0.0020 -0.0154
vn -0.9999 -0.0035 -0.0151
vn -0.9992 -0.0051 -0.0395
vn -1.0000 -0.0019 -0.0057
vn -0.9992 -0.0091 -0.0387
vn -0.9999 -0.0050 -0.0147
vn -0.9972 -0.0095 -0.0748
vn -0.9972 -0.0172 -0.0733
vn -0.9992 -0.0129 -0.0376
vn -0.9972 -0.0244 -0.0712
vn -0.9992 -0.0165 -0.0362
vn -0.9999 -0.0064 -0.0141
vn -0.9972 -0.0313 -0.0685
vn -0.9992 -0.0199 -0.0344
vn -0.9999 -0.0081 -0.0133
vn -1.0000 -0.0028 -0.0053
vn -1.0000 -0.0034 -0.0050
vn -0.9992 -0.0227 -0.0324
vn -0.9999 -0.0102 -0.0119
vn -1.0000 -0.0040 -0.0046
vn -0.9992 -0.0285 -0.0274
vn -0.9995 -0.0202 -0.0237
vn -0.9999 -0.0119 -0.0100
vn -0.9973 -0.0539 -0.0497
vn -0.9989 -0.0302 -0.0353
vn -0.9992 -0.0309 -0.0250
vn -0.9973 -0.0413 -0.0614
vn -0.9977 -0.0442 -0.0518
vn -0.9953 -0.0569 -0.0780
vn -0.9914 -0.0840 -0.1005
vn -0.9915 -0.0918 -0.0919
vn -0.9917 -0.0768 -0.1031
vn -0.9679 -0.1437 -0.2062
vn -0.9679 -0.1631 -0.1910
vn -0.9918 -0.0712 -0.1066
vn -0.9972 -0.0377 -0.0652
vn -0.9915 -0.0682 -0.1106
vn -0.9678 -0.1227 -0.2196
vn -0.9917 -0.0607 -0.1129
vn -0.9679 -0.1009 -0.2303
vn -0.8770 -0.2346 -0.4194
vn -0.8769 -0.1922 -0.4405
vn -0.9917 -0.0393 -0.1228
vn -0.9910 -0.0462 -0.1257
vn -0.9680 -0.0777 -0.2387
vn -0.8769 -0.1480 -0.4574
vn -0.9916 -0.0549 -0.1169
vn -0.8768 -0.1025 -0.4698
vn -0.9678 -0.0543 -0.2459
vn -0.8767 -0.0560 -0.4777
vn -0.8766 -0.0091 -0.4811
vn -0.9681 -0.0289 -0.2491
vn -0.9917 -0.0156 -0.1278
vn -0.9917 -0.0012 -0.1287
vn -0.9681 -0.0057 -0.2506
vn -0.9917 0.0098 -0.1281
vn -0.8764 0.0378 -0.4800
vn -0.9679 0.0194 -0.2504
vn -0.9971 -0.0020 -0.0755
vn -0.9917 0.0215 -0.1268
vn -0.9681 0.0447 -0.2467
vn -0.9681 0.0673 -0.2415
vn -0.8762 0.0844 -0.4745
vn -0.9914 -0.0225 -0.1287
vn -0.9916 -0.0313 -0.1252
vn -0.8769 -0.2749 -0.3942
vn -0.8767 -0.3129 -0.3653
vn -0.8762 -0.3482 -0.3331
vn -0.9679 -0.1815 -0.1740
vn -0.8758 -0.3801 -0.2976
vn -0.9681 -0.1971 -0.1547
vn -0.9916 -0.0996 -0.0828
vn -0.9918 -0.0942 -0.0869
vn -0.9678 -0.2122 -0.1352
vn -0.9917 -0.1058 -0.0733
vn -0.9972 -0.0587 -0.0474
vn -0.9972 -0.0628 -0.0416
vn -0.9992 -0.0332 -0.0219
vn -0.9999 -0.0137 -0.0072
vn -0.9999 -0.0129 -0.0086
vn -0.9992 -0.0352 -0.0186
vn -1.0000 -0.0047 -0.0038
vn -1.0000 -0.0053 -0.0029
vn -1.0000 -0.0056 -0.0023
vn -0.9999 -0.0144 -0.0058
vn -1.0000 -0.0058 -0.0015
vn -0.9999 -0.0149 -0.0043
vn -0.9999 -0.0153 -0.0028
vn -1.0000 -0.0060 -0.0005
vn -0.9992 -0.0369 -0.0150
vn -0.9992 -0.0382 -0.0112
vn -0.9971 -0.0669 -0.0351
vn -0.9972 -0.0698 -0.0286
vn -0.9912 -0.1149 -0.0650
vn -0.9917 -0.1092 -0.0674
vn -0.9685 -0.2222 -0.1125
vn -0.8755 -0.4078 -0.2591
vn -0.8755 -0.4313 -0.2180
vn -0.9677 -0.2348 -0.0919
vn -0.9917 -0.1177 -0.0513
vn -0.9918 -0.1191 -0.0459
vn -0.9914 -0.1238 -0.0420
vn -0.9972 -0.0723 -0.0210
vn -0.9992 -0.0391 -0.0072
vn -0.9999 -0.0155 -0.0012
vn -0.9992 -0.0397 -0.0031
vn -0.9999 -0.0155 0.0004
vn -1.0000 -0.0061 0.0004
vn -1.0000 -0.0060 0.0010
vn -1.0000 -0.0057 0.0020
vn -0.9999 -0.0141 0.0064
vn -1.0000 -0.0053 0.0029
vn -0.9999 -0.0136 0.0106
vn -1.0000 -0.0050 0.0034
vn -0.9992 -0.0362 0.0165
vn -1.0000 -0.0047 0.0038
vn -1.0000 -0.0047 0.0041
vn -1.0000 0.0005 -0.0060
vn -0.6561 -0.7524 -0.0588
vn -0.6561 -0.7544 0.0191
vn -0.7268 -0.6848 -0.0538
vn -0.7265 -0.6869 0.0174
vn -0.8766 -0.4811 0.0091
vn -0.6561 -0.7485 0.0964
vn -0.9910 -0.1257 0.0462
vn -0.9916 -0.1169 0.0549
vn -0.6561 -0.6157 0.4364
vn -0.6561 -0.5736 0.4904
vn -0.7236 -0.5659 0.3952
vn -0.6991 -0.5432 0.4651
vn -0.7932 -0.4642 0.3941
vn -0.8785 -0.3948 0.2691
vn -0.8965 -0.3367 0.2878
vn -0.9679 -0.1908 0.1633
vn -0.9681 -0.1733 0.1812
vn -0.8965 -0.3068 0.3195
vn -0.7920 -0.4211 0.4420
vn -0.6999 -0.4995 0.5105
vn -0.6561 -0.5268 0.5403
vn -0.9915 -0.0838 0.0996
vn -0.9917 -0.0140 0.1278
vn -0.8966 -0.1200 0.4264
vn -0.6561 -0.0588 0.7524
vn -0.6561 0.0191 0.7544
vn -0.6561 0.0964 0.7485
vn -0.7264 0.0880 0.6816
vn -0.7264 0.1570 0.6691
vn -0.8768 0.1025 0.4698
vn -0.8767 0.0560 0.4777
vn -0.9680 0.0539 0.2452
vn -0.9682 0.0766 0.2382
vn -0.8769 0.1481 0.4574
vn -0.9917 0.0424 0.1218
vn -0.7264 0.2231 0.6500
vn -0.6561 0.2445 0.7140
vn -0.6561 0.1719 0.7348
vn -0.9972 0.0302 0.0690
vn -0.9972 0.0366 0.0659
vn -0.6561 0.4904 0.5736
vt 0.435528 0.396174
vt 0.441317 0.377077
vt 0.446469 0.377632
vt 0.445367 0.363999
vt 0.445630 0.362639
vt 0.456177 0.375451
vt 0.455150 0.362099
vt 0.456181 0.376843
vt 0.455017 0.361223
vt 0.456177 0.375453
vt 0.465467 0.359676
vt 0.457310 0.388782
vt 0.455648 0.389240
vt 0.466796 0.373340
vt 0.466688 0.386472
vt 0.477944 0.371421
vt 0.478217 0.384179
vt 0.489544 0.369754
vt 0.476546 0.358162
vt 0.488130 0.356788
vt 0.473824 0.344875
vt 0.462410 0.346002
vt 0.470208 0.331902
vt 0.458174 0.332696
vt 0.451760 0.347118
vt 0.457807 0.303402
vt 0.447057 0.333555
vt 0.445247 0.328676
vt 0.447243 0.308383
vt 0.437748 0.312920
vt 0.429617 0.296635
vt 0.439279 0.291818
vt 0.418313 0.281598
vt 0.412585 0.284082
vt 0.429362 0.316985
vt 0.393596 0.250226
vt 0.399316 0.248348
vt 0.411582 0.284492
vt 0.385042 0.233239
vt 0.390529 0.231657
vt 0.399422 0.236985
vt 0.405769 0.246081
vt 0.418992 0.281290
vt 0.407696 0.245725
vt 0.412506 0.242244
vt 0.411223 0.232249
vt 0.399475 0.228391
vt 0.394383 0.230928
vt 0.390812 0.226224
vt 0.383140 0.214656
vt 0.388515 0.213198
vt 0.395033 0.211331
vt 0.380772 0.202999
vt 0.387632 0.201465
vt 0.382741 0.190129
vt 0.374691 0.204237
vt 0.376092 0.191238
vt 0.379836 0.215506
vt 0.369297 0.167014
vt 0.375644 0.166595
vt 0.390044 0.188790
vt 0.387376 0.154224
vt 0.388778 0.161387
vt 0.382611 0.166019
vt 0.373514 0.154503
vt 0.372365 0.142259
vt 0.385903 0.141828
vt 0.392043 0.146653
vt 0.394075 0.159075
vt 0.397331 0.171234
vt 0.392060 0.173348
vt 0.389726 0.165327
vt 0.401778 0.183011
vt 0.396456 0.184969
vt 0.407373 0.194288
vt 0.401973 0.196216
vt 0.402810 0.197714
vt 0.413379 0.203971
vt 0.408698 0.207144
vt 0.420946 0.213939
vt 0.419815 0.221240
vt 0.411496 0.211079
vt 0.411453 0.222516
vt 0.429096 0.230524
vt 0.429458 0.223112
vt 0.401372 0.209430
vt 0.423259 0.234580
vt 0.405188 0.225560
vt 0.424065 0.234016
vt 0.395150 0.199660
vt 0.424595 0.244498
vt 0.415440 0.240132
vt 0.435290 0.235796
vt 0.427576 0.254699
vt 0.436778 0.245444
vt 0.432069 0.250148
vt 0.431857 0.265043
vt 0.423402 0.259155
vt 0.439884 0.255329
vt 0.444347 0.265289
vt 0.448006 0.260021
vt 0.440802 0.270434
vt 0.462034 0.273586
vt 0.464692 0.267779
vt 0.459436 0.279296
vt 0.482347 0.273296
vt 0.479263 0.285719
vt 0.461937 0.280267
vt 0.461925 0.280263
vt 0.469353 0.298040
vt 0.450101 0.286275
vt 0.436004 0.272945
vt 0.427137 0.277424
vt 0.425219 0.278360
vt 0.482879 0.331222
vt 0.487606 0.308130
vt 0.495930 0.330698
vt 0.485806 0.343840
vt 0.498167 0.342965
vt 0.509990 0.330356
vt 0.500083 0.355619
vt 0.511404 0.342273
vt 0.524117 0.330273
vt 0.524796 0.341897
vt 0.512694 0.354659
vt 0.501497 0.368370
vt 0.513772 0.367243
vt 0.525505 0.354057
vt 0.512278 0.379878
vt 0.502463 0.380834
vt 0.490172 0.382314
vt 0.494941 0.404983
vt 0.485041 0.405028
vt 0.472746 0.405099
vt 0.466348 0.405143
vt 0.460864 0.405184
vt 0.449423 0.405285
vt 0.446693 0.405312
vt 0.436138 0.405429
vt 0.426322 0.405557
vt 0.426062 0.400537
vt 0.417413 0.405396
vt 0.417251 0.405697
vt 0.412786 0.405777
vt 0.412788 0.395782
vt 0.404260 0.405945
vt 0.406625 0.398564
vt 0.400626 0.400025
vt 0.398589 0.393684
vt 0.402232 0.391168
vt 0.402867 0.390610
vt 0.412837 0.405776
vt 0.407171 0.385830
vt 0.417239 0.405686
vt 0.408311 0.384259
vt 0.409612 0.385245
vt 0.407143 0.383156
vt 0.255135 0.479656
vt 0.283021 0.440934
vt 0.283136 0.442905
vt 0.282489 0.445703
vt 0.280911 0.450919
vt 0.258648 0.482671
vt 0.282877 0.438086
vt 0.249522 0.475370
vt 0.282778 0.436061
vt 0.282398 0.429895
vt 0.281857 0.424675
vt 0.243313 0.470963
vt 0.419126 0.388565
vt 0.420164 0.387484
vt 0.426168 0.397846
vt 0.423694 0.386420
vt 0.423674 0.386429
vt 0.416671 0.387659
vt 0.281002 0.419697
vt 0.416693 0.387661
vt 0.424237 0.386166
vt 0.280838 0.418967
vt 0.280645 0.418172
vt 0.424838 0.385855
vt 0.238171 0.467615
vt 0.279518 0.414493
vt 0.427772 0.383757
vt 0.427756 0.383772
vt 0.428188 0.383362
vt 0.434257 0.388781
vt 0.430615 0.380241
vt 0.430037 0.381153
vt 0.432068 0.376871
vt 0.432074 0.376850
vt 0.278031 0.411324
vt 0.278378 0.411927
vt 0.235475 0.466223
vt 0.276952 0.409975
vt 0.275997 0.409831
vt 0.276262 0.409693
vt 0.276816 0.409872
vt 0.303305 0.429781
vt 0.303562 0.427595
vt 0.303562 0.431515
vt 0.302739 0.432746
vt 0.302947 0.434022
vt 0.302739 0.440416
vt 0.432214 0.376337
vt 0.432620 0.373880
vt 0.432664 0.372358
vt 0.440727 0.362515
vt 0.432072 0.368540
vt 0.440863 0.362558
vt 0.430537 0.365062
vt 0.431752 0.359695
vt 0.433054 0.360102
vt 0.431226 0.366334
vt 0.293828 0.510753
vt 0.295464 0.513446
vt 0.295874 0.515830
vt 0.433135 0.360127
vt 0.295395 0.511958
vt 0.428183 0.362132
vt 0.295874 0.508089
vt 0.426360 0.358005
vt 0.426254 0.360582
vt 0.431636 0.367323
vt 0.425345 0.360022
vt 0.426324 0.357994
vt 0.423942 0.359327
vt 0.425329 0.360013
vt 0.420400 0.356095
vt 0.420225 0.358305
vt 0.302320 0.483881
vt 0.305196 0.478435
vt 0.304691 0.482399
vt 0.304761 0.484011
vt 0.305196 0.472759
vt 0.302833 0.472723
vt 0.302681 0.465513
vt 0.426662 0.361484
vt 0.419187 0.358214
vt 0.304903 0.485136
vt 0.305196 0.490987
vt 0.415274 0.344913
vt 0.416978 0.358266
vt 0.303059 0.474959
vt 0.414025 0.347654
vt 0.420419 0.355283
vt 0.420155 0.351179
vt 0.415539 0.341437
vt 0.419112 0.346231
vt 0.414732 0.337300
vt 0.412568 0.331480
vt 0.415555 0.336720
vt 0.410330 0.326185
vt 0.405558 0.314098
vt 0.406262 0.316904
vt 0.394130 0.289471
vt 0.404274 0.312449
vt 0.394317 0.289380
vt 0.374672 0.243877
vt 0.415986 0.323693
vt 0.405494 0.313956
vt 0.397813 0.288893
vt 0.388884 0.277362
vt 0.374544 0.243952
vt 0.364862 0.218054
vt 0.305429 0.420848
vt 0.305206 0.448196
vt 0.305206 0.409693
vt 0.361236 0.207715
vt 0.361322 0.207652
vt 0.353841 0.181624
vt 0.353789 0.181680
vt 0.349280 0.158262
vt 0.349261 0.158316
vt 0.347384 0.136181
vt 0.303574 0.409693
vt 0.303578 0.409873
vt 0.303574 0.431807
vt 0.347733 0.143780
vt 0.347393 0.136234
vt 0.349321 0.158921
vt 0.352212 0.175028
vt 0.303407 0.416743
vt 0.303305 0.427595
vt 0.303305 0.409693
vt 0.361152 0.207777
vt 0.356520 0.192446
vt 0.362414 0.211608
vt 0.370139 0.233093
vt 0.374420 0.244026
vt 0.382305 0.263065
vt 0.393949 0.289559
vt 0.303425 0.409693
vt 0.303569 0.416832
vt 0.303425 0.424138
vt 0.701931 0.344230
vt 0.706171 0.345604
vt 0.702614 0.346012
vt 0.706697 0.346389
vt 0.709491 0.344201
vt 0.709973 0.345586
vt 0.710500 0.346361
vt 0.709042 0.342337
vt 0.347362 0.128789
vt 0.348258 0.114799
vt 0.350101 0.115010
vt 0.017612 0.748604
vt 0.006644 0.750475
vt 0.005916 0.747070
vt 0.701250 0.341165
vt 0.700546 0.336640
vt 0.708526 0.339493
vt 0.699854 0.330778
vt 0.707516 0.331721
vt 0.706545 0.321286
vt 0.699180 0.323629
vt 0.698987 0.321316
vt 0.698529 0.315269
vt 0.705617 0.308201
vt 0.697910 0.305796
vt 0.697329 0.295331
vt 0.704755 0.292672
vt 0.696792 0.284004
vt 0.696304 0.271946
vt 0.703981 0.275027
vt 0.703888 0.272602
vt 0.703243 0.253161
vt 0.695869 0.259280
vt 0.695685 0.253191
vt 0.695490 0.246118
vt 0.702727 0.232521
vt 0.695169 0.232554
vt 0.702350 0.211133
vt 0.694907 0.218663
vt 0.694791 0.211162
vt 0.694704 0.204504
vt 0.702115 0.189296
vt 0.694563 0.190116
vt 0.702024 0.167212
vt 0.694483 0.175529
vt 0.694466 0.160758
vt 0.702071 0.145853
vt 0.694465 0.167241
vt 0.694512 0.145882
vt 0.694714 0.122609
vt 0.702272 0.122580
vt 0.695109 0.098210
vt 0.702668 0.098181
vt 0.695677 0.075591
vt 0.703236 0.075561
vt 0.696406 0.055191
vt 0.703964 0.055162
vt 0.696672 0.049175
vt 0.704231 0.049146
vt 0.697589 0.032419
vt 0.705147 0.032389
vt 0.698624 0.018874
vt 0.706183 0.018845
vt 0.699755 0.008861
vt 0.707314 0.008832
vt 0.704516 0.003436
vt 0.708295 0.003421
vt 0.701823 0.000470
vt 0.705603 0.000455
vt 0.700736 0.003451
vt 0.709382 0.000440
vt 0.702940 0.000031
vt 0.706720 0.000011
vt 0.710500 0.000000
vt 0.337831 0.409693
vt 0.337863 0.409742
vt 0.338810 0.415686
vt 0.338776 0.415636
vt 0.341582 0.443543
vt 0.341542 0.443491
vt 0.313090 0.409693
vt 0.310806 0.437362
vt 0.310773 0.437536
vt 0.310818 0.467046
vt 0.342049 0.473281
vt 0.310790 0.467220
vt 0.313090 0.499786
vt 0.340334 0.506171
vt 0.340278 0.506124
vt 0.338034 0.528892
vt 0.337935 0.528852
vt 0.677273 0.257289
vt 0.677997 0.254158
vt 0.678091 0.254212
vt 0.340209 0.506077
vt 0.337831 0.528813
vt 0.677900 0.254105
vt 0.670615 0.281024
vt 0.664072 0.278075
vt 0.676709 0.259396
vt 0.669028 0.263831
vt 0.675062 0.251293
vt 0.687321 0.213215
vt 0.683846 0.211397
vt 0.688374 0.207521
vt 0.673901 0.250177
vt 0.673875 0.250152
vt 0.674811 0.227708
vt 0.679537 0.209239
vt 0.674432 0.206754
vt 0.683322 0.190473
vt 0.690781 0.192640
vt 0.693221 0.171855
vt 0.686069 0.171494
vt 0.691514 0.151887
vt 0.694404 0.151352
vt 0.672556 0.187352
vt 0.675505 0.170423
vt 0.687623 0.152394
vt 0.677300 0.153310
vt 0.687791 0.133281
vt 0.669088 0.169685
vt 0.677824 0.136157
vt 0.664071 0.154018
vt 0.661958 0.168812
vt 0.666009 0.185459
vt 0.658699 0.183362
vt 0.668532 0.203958
vt 0.661826 0.200871
vt 0.650674 0.181086
vt 0.654180 0.167814
vt 0.654317 0.197522
vt 0.649857 0.144445
vt 0.656543 0.154268
vt 0.648022 0.157387
vt 0.650407 0.131385
vt 0.657740 0.140580
vt 0.664999 0.139127
vt 0.664681 0.124275
vt 0.650379 0.129429
vt 0.644050 0.118959
vt 0.649668 0.118335
vt 0.644758 0.131452
vt 0.644231 0.143953
vt 0.642475 0.156343
vt 0.644921 0.170086
vt 0.639507 0.168498
vt 0.640585 0.182417
vt 0.635355 0.180303
vt 0.635054 0.194261
vt 0.630061 0.191641
vt 0.628381 0.205502
vt 0.623673 0.202401
vt 0.616255 0.212480
vt 0.624059 0.211642
vt 0.633121 0.217751
vt 0.640312 0.206294
vt 0.621530 0.214917
vt 0.612838 0.224770
vt 0.615087 0.234538
vt 0.603216 0.233710
vt 0.607877 0.221777
vt 0.624672 0.226415
vt 0.632037 0.232991
vt 0.633505 0.218015
vt 0.620540 0.241418
vt 0.639849 0.222475
vt 0.625692 0.248194
vt 0.638839 0.239406
vt 0.638056 0.250381
vt 0.630536 0.254852
vt 0.622572 0.258984
vt 0.614239 0.262748
vt 0.639358 0.267836
vt 0.647963 0.262781
vt 0.645063 0.245613
vt 0.650721 0.251590
vt 0.655841 0.257321
vt 0.656354 0.274367
vt 0.656296 0.274407
vt 0.649989 0.229966
vt 0.651478 0.240636
vt 0.650216 0.230139
vt 0.648830 0.211169
vt 0.656561 0.215796
vt 0.646044 0.193952
vt 0.663470 0.220121
vt 0.653493 0.232676
vt 0.663558 0.240886
vt 0.657544 0.246266
vt 0.663665 0.240977
vt 0.662929 0.251567
vt 0.667664 0.256515
vt 0.665250 0.242338
vt 0.660451 0.262782
vt 0.664564 0.267920
vt 0.669169 0.245796
vt 0.669548 0.224102
vt 0.647151 0.280268
vt 0.655901 0.277628
vt 0.653668 0.289360
vt 0.661403 0.290007
vt 0.659101 0.302453
vt 0.666124 0.300860
vt 0.670177 0.285115
vt 0.669767 0.287132
vt 0.669125 0.290686
vt 0.668907 0.292128
vt 0.671309 0.280069
vt 0.657339 0.315432
vt 0.663734 0.315795
vt 0.668640 0.295660
vt 0.667895 0.302967
vt 0.668665 0.294268
vt 0.666174 0.315960
vt 0.672218 0.276334
vt 0.673978 0.269534
vt 0.665158 0.329592
vt 0.663162 0.320734
vt 0.656885 0.319844
vt 0.657220 0.317267
vt 0.656273 0.328953
vt 0.655909 0.322764
vt 0.651906 0.327961
vt 0.654402 0.325330
vt 0.656042 0.343027
vt 0.651184 0.328516
vt 0.661968 0.343660
vt 0.652662 0.352809
vt 0.650162 0.351541
vt 0.649551 0.341481
vt 0.647918 0.330285
vt 0.645172 0.331053
vt 0.641168 0.331218
vt 0.638651 0.330765
vt 0.635428 0.337593
vt 0.634783 0.329117
vt 0.624717 0.342253
vt 0.636178 0.345783
vt 0.640033 0.347181
vt 0.635786 0.358923
vt 0.648575 0.364545
vt 0.632658 0.370906
vt 0.620746 0.354001
vt 0.617808 0.366060
vt 0.645561 0.376431
vt 0.616329 0.378379
vt 0.631120 0.383107
vt 0.615954 0.390794
vt 0.599971 0.374381
vt 0.601258 0.361990
vt 0.630752 0.395387
vt 0.603792 0.349885
vt 0.583569 0.358496
vt 0.582692 0.370967
vt 0.564830 0.355760
vt 0.582555 0.383484
vt 0.564455 0.368178
vt 0.564571 0.380600
vt 0.545511 0.366551
vt 0.545340 0.354209
vt 0.563595 0.380473
vt 0.526230 0.366491
vt 0.545480 0.342193
vt 0.526950 0.378861
vt 0.514650 0.379673
vt 0.545925 0.378882
vt 0.520870 0.404914
vt 0.526884 0.404907
vt 0.553155 0.404918
vt 0.540119 0.404904
vt 0.564565 0.404943
vt 0.565968 0.404948
vt 0.575650 0.404982
vt 0.582951 0.405014
vt 0.587990 0.405041
vt 0.599647 0.386878
vt 0.599749 0.405114
vt 0.610911 0.405203
vt 0.616458 0.405254
vt 0.620154 0.405291
vt 0.630120 0.405407
vt 0.639193 0.405534
vt 0.643916 0.405610
vt 0.643819 0.400569
vt 0.647368 0.405672
vt 0.644118 0.388470
vt 0.654348 0.405814
vt 0.653161 0.405788
vt 0.655148 0.394253
vt 0.661232 0.405989
vt 0.662614 0.398559
vt 0.656349 0.382383
vt 0.654973 0.405828
vt 0.663958 0.406072
vt 0.668465 0.401649
vt 0.668582 0.406243
vt 0.672059 0.406421
vt 0.672965 0.406482
vt 0.668147 0.396691
vt 0.670333 0.398516
vt 0.672140 0.399666
vt 0.674342 0.406601
vt 0.669430 0.390417
vt 0.667591 0.386925
vt 0.665607 0.394111
vt 0.665848 0.381938
vt 0.665995 0.367866
vt 0.666890 0.371882
vt 0.667809 0.374809
vt 0.666162 0.355417
vt 0.665825 0.352606
vt 0.666278 0.343890
vt 0.665537 0.349266
vt 0.665171 0.341668
vt 0.666249 0.331810
vt 0.318918 0.455598
vt 0.318284 0.443547
vt 0.318967 0.455585
vt 0.318740 0.471531
vt 0.318789 0.471521
vt 0.667331 0.359805
vt 0.667178 0.359680
vt 0.666506 0.357541
vt 0.666809 0.358893
vt 0.306026 0.467092
vt 0.305409 0.475375
vt 0.305320 0.466446
vt 0.306969 0.476547
vt 0.305320 0.484223
vt 0.318039 0.481888
vt 0.317991 0.481895
vt 0.314727 0.502411
vt 0.314680 0.502413
vt 0.309840 0.477594
vt 0.309251 0.468334
vt 0.310012 0.468573
vt 0.310005 0.468482
vt 0.313908 0.506409
vt 0.310415 0.468963
vt 0.313949 0.506410
vt 0.313521 0.512647
vt 0.313473 0.512656
vt 0.310260 0.477826
vt 0.310632 0.478056
vt 0.310773 0.469353
vt 0.313090 0.518903
vt 0.674450 0.400442
vt 0.675198 0.406719
vt 0.673654 0.394171
vt 0.313124 0.518891
vt 0.313662 0.512646
vt 0.313229 0.518876
vt 0.313392 0.518860
vt 0.313876 0.512653
vt 0.313495 0.518852
vt 0.313595 0.518845
vt 0.314128 0.512667
vt 0.313749 0.518835
vt 0.314554 0.506464
vt 0.317027 0.508775
vt 0.316696 0.513713
vt 0.317567 0.504711
vt 0.315324 0.502512
vt 0.320476 0.488698
vt 0.318393 0.481907
vt 0.315076 0.502464
vt 0.314268 0.506436
vt 0.318644 0.481930
vt 0.318181 0.481892
vt 0.318931 0.471518
vt 0.319144 0.471521
vt 0.314866 0.502429
vt 0.314015 0.506415
vt 0.314090 0.506420
vt 0.319109 0.455571
vt 0.319396 0.471530
vt 0.319322 0.455559
vt 0.318475 0.443510
vt 0.318687 0.443486
vt 0.319574 0.455551
vt 0.318939 0.443463
vt 0.321027 0.437537
vt 0.322177 0.454422
vt 0.318599 0.420851
vt 0.317057 0.427507
vt 0.316298 0.409693
vt 0.314910 0.415681
vt 0.314663 0.415735
vt 0.316808 0.427548
vt 0.314454 0.415785
vt 0.316597 0.427588
vt 0.313515 0.410322
vt 0.313328 0.410375
vt 0.313186 0.410418
vt 0.314315 0.415824
vt 0.313138 0.410435
vt 0.313105 0.410448
vt 0.313090 0.410459
vt 0.669154 0.297302
vt 0.669618 0.298452
vt 0.668738 0.303901
vt 0.314267 0.415846
vt 0.667248 0.315807
vt 0.316408 0.427639
vt 0.316456 0.427620
vt 0.303574 0.425732
vt 0.303569 0.424127
vt 0.303574 0.409693
vt 0.318150 0.441954
vt 0.318333 0.443531
vt 0.666296 0.330211
vt 0.668773 0.296286
vt 0.313727 0.410267
vt 0.322026 0.471652
vt 0.321892 0.474220
vt 0.316392 0.518692
vt 0.671180 0.392576
vt 0.307922 0.494974
vt 0.306236 0.489924
vt 0.668657 0.376653
vt 0.305659 0.495928
vt 0.303937 0.433228
vt 0.303937 0.452466
vt 0.302986 0.451059
vt 0.302681 0.465513
vt 0.302681 0.471287
vt 0.301908 0.469618
vt 0.664930 0.344215
vt 0.664107 0.350769
vt 0.664359 0.375451
vt 0.662466 0.358877
vt 0.665203 0.362867
vt 0.658952 0.370597
vt 0.663351 0.383000
vt 0.662751 0.390767
vt 0.507842 0.404940
vt 0.545845 0.330759
vt 0.567238 0.332163
vt 0.565819 0.343676
vt 0.558757 0.298374
vt 0.587873 0.334646
vt 0.573430 0.296275
vt 0.587394 0.293157
vt 0.563079 0.256871
vt 0.550525 0.260725
vt 0.557043 0.252987
vt 0.568745 0.248548
vt 0.575188 0.251792
vt 0.579952 0.242975
vt 0.579391 0.249685
vt 0.586736 0.245537
vt 0.592758 0.241652
vt 0.596487 0.265880
vt 0.589572 0.237006
vt 0.601485 0.235141
vt 0.598622 0.230203
vt 0.607957 0.248830
vt 0.599049 0.283298
vt 0.609703 0.280210
vt 0.618114 0.292919
vt 0.620135 0.276573
vt 0.623872 0.290932
vt 0.640873 0.283657
vt 0.618167 0.295228
vt 0.626955 0.297139
vt 0.635553 0.298912
vt 0.634822 0.303328
vt 0.631952 0.305466
vt 0.629600 0.308383
vt 0.628149 0.311529
vt 0.619518 0.320612
vt 0.627460 0.315056
vt 0.627684 0.318935
vt 0.627937 0.320038
vt 0.629510 0.323791
vt 0.630567 0.325356
vt 0.633530 0.328276
vt 0.607198 0.338126
vt 0.601161 0.297794
vt 0.602066 0.303982
vt 0.585392 0.346337
vt 0.635309 0.303062
vt 0.638529 0.301848
vt 0.639494 0.301643
vt 0.643058 0.301451
vt 0.643862 0.300460
vt 0.645710 0.301872
vt 0.651755 0.301678
vt 0.654995 0.308738
vt 0.652344 0.305492
vt 0.649245 0.303258
vt 0.655753 0.310138
vt 0.656930 0.313656
vt 0.657001 0.314027
vt 0.630063 0.272440
vt 0.544962 0.256249
vt 0.532617 0.258303
vt 0.532653 0.263969
vt 0.524570 0.264619
vt 0.520131 0.259129
vt 0.537646 0.263317
vt 0.543563 0.299479
vt 0.528080 0.299622
vt 0.512564 0.298825
vt 0.511426 0.264618
vt 0.498346 0.263316
vt 0.497274 0.297083
vt 0.490432 0.278452
vt 0.485463 0.260725
vt 0.483034 0.254230
vt 0.481463 0.259645
vt 0.469091 0.255427
vt 0.471191 0.250192
vt 0.457195 0.250009
vt 0.459803 0.245006
vt 0.455609 0.249176
vt 0.451765 0.254646
vt 0.448982 0.238722
vt 0.445891 0.243445
vt 0.438834 0.231400
vt 0.495218 0.257082
vt 0.507624 0.258721
vt 0.649508 0.116903
vt 0.642114 0.106597
vt 0.647774 0.106044
vt 0.656481 0.113267
vt 0.645008 0.094910
vt 0.651346 0.090555
vt 0.663023 0.109577
vt 0.642552 0.069080
vt 0.644447 0.093057
vt 0.657272 0.086224
vt 0.647831 0.064189
vt 0.669044 0.105898
vt 0.662704 0.081987
vt 0.652654 0.059471
vt 0.674453 0.102293
vt 0.656947 0.055003
vt 0.667561 0.077916
vt 0.679158 0.098824
vt 0.682043 0.116630
vt 0.676931 0.119107
vt 0.686351 0.114283
vt 0.689757 0.112107
vt 0.691475 0.131942
vt 0.683070 0.095557
vt 0.694465 0.140484
vt 0.692501 0.112618
vt 0.688149 0.089877
vt 0.686097 0.092553
vt 0.018579 0.411858
vt 0.017297 0.418550
vt 0.007082 0.409693
vt 0.675225 0.070558
vt 0.677870 0.067414
vt 0.027758 0.431456
vt 0.029019 0.421333
vt 0.040812 0.424957
vt 0.016077 0.429029
vt 0.671762 0.074083
vt 0.039515 0.434653
vt 0.660642 0.050865
vt 0.038311 0.447907
vt 0.026587 0.445127
vt 0.051143 0.438546
vt 0.025534 0.462023
vt 0.014946 0.443036
vt 0.013927 0.460247
vt 0.013045 0.480279
vt 0.003591 0.441700
vt 0.002613 0.459126
vt 0.001765 0.479339
vt 0.012318 0.502693
vt 0.001066 0.501902
vt 0.011764 0.527002
vt 0.000532 0.526331
vt 0.006074 0.552379
vt 0.000175 0.552094
vt 0.011396 0.552673
vt 0.000044 0.569341
vt 0.022931 0.570046
vt 0.022888 0.586576
vt 0.000000 0.586450
vt 0.022934 0.602908
vt 0.000041 0.603314
vt 0.023066 0.618926
vt 0.000165 0.619828
vt 0.023281 0.634517
vt 0.000370 0.635886
vt 0.023578 0.649566
vt 0.000652 0.651380
vt 0.023950 0.663960
vt 0.001007 0.666201
vt 0.024395 0.677585
vt 0.001431 0.680238
vt 0.024906 0.690328
vt 0.001918 0.693381
vt 0.025479 0.702081
vt 0.002465 0.705515
vt 0.026108 0.712732
vt 0.003066 0.716528
vt 0.026787 0.722175
vt 0.003716 0.726306
vt 0.027511 0.730304
vt 0.004410 0.734732
vt 0.028276 0.737016
vt 0.005145 0.741692
vt 0.029075 0.742211
vt 0.356908 0.115770
vt 0.355569 0.100345
vt 0.361728 0.116303
vt 0.353104 0.115347
vt 0.029624 0.745579
vt 0.363976 0.102184
vt 0.359793 0.084176
vt 0.367925 0.086946
vt 0.378729 0.090496
vt 0.375156 0.104555
vt 0.388170 0.106310
vt 0.383653 0.076879
vt 0.391216 0.094150
vt 0.393416 0.109035
vt 0.391671 0.121991
vt 0.386254 0.118998
vt 0.374257 0.117681
vt 0.391266 0.134884
vt 0.385604 0.129403
vt 0.391272 0.135162
vt 0.372211 0.129918
vt 0.360710 0.141926
vt 0.360660 0.129124
vt 0.355991 0.141675
vt 0.358888 0.167368
vt 0.352147 0.141376
vt 0.355039 0.167294
vt 0.357752 0.180182
vt 0.361726 0.154653
vt 0.366520 0.179764
vt 0.363676 0.167273
vt 0.370211 0.192098
vt 0.365214 0.192692
vt 0.369510 0.205153
vt 0.361216 0.193000
vt 0.365352 0.205721
vt 0.358331 0.193005
vt 0.366643 0.218121
vt 0.369723 0.217720
vt 0.373425 0.235816
vt 0.375204 0.245497
vt 0.364827 0.218067
vt 0.361675 0.208917
vt 0.355475 0.188134
vt 0.351660 0.171952
vt 0.352237 0.167049
vt 0.350638 0.166653
vt 0.349076 0.156823
vt 0.347656 0.142505
vt 0.349281 0.141037
vt 0.347554 0.140684
vt 0.378661 0.253872
vt 0.381165 0.253548
vt 0.384499 0.252825
vt 0.399100 0.288622
vt 0.376426 0.235340
vt 0.388648 0.251717
vt 0.401927 0.287896
vt 0.404930 0.286965
vt 0.406692 0.286359
vt 0.380318 0.234471
vt 0.422104 0.320575
vt 0.434466 0.334677
vt 0.427212 0.335401
vt 0.420879 0.336089
vt 0.424659 0.346759
vt 0.425630 0.352312
vt 0.431816 0.353540
vt 0.430983 0.347329
vt 0.438046 0.347959
vt 0.438662 0.354882
vt 0.445812 0.348664
vt 0.446118 0.356358
vt 0.452120 0.348340
vt 0.444795 0.333744
vt 0.445709 0.347751
vt 0.442589 0.333934
vt 0.436852 0.332552
vt 0.374129 0.216853
vt 0.396485 0.096331
vt 0.395360 0.082427
vt 0.400499 0.084861
vt 0.401910 0.081513
vt 0.402841 0.079440
vt 0.405769 0.073486
vt 0.404132 0.064776
vt 0.412166 0.062645
vt 0.400575 0.071163
vt 0.389866 0.063817
vt 0.373336 0.072200
vt 0.407715 0.059077
vt 0.397299 0.051426
vt 0.072254 0.705588
vt 0.050189 0.715045
vt 0.071559 0.697420
vt 0.380130 0.058060
vt 0.050929 0.722681
vt 0.051709 0.728973
vt 0.310772 0.518506
vt 0.302283 0.506832
vt 0.310772 0.495928
vt 0.296015 0.490196
vt 0.301729 0.496333
vt 0.296015 0.518476
vt 0.411035 0.054314
vt 0.049495 0.706154
vt 0.070915 0.688158
vt 0.048851 0.696104
vt 0.048265 0.684994
vt 0.070329 0.677892
vt 0.089359 0.675445
vt 0.088836 0.666266
vt 0.069805 0.666720
vt 0.047741 0.672926
vt 0.069350 0.654742
vt 0.088555 0.660509
vt 0.088110 0.649791
vt 0.443227 0.023096
vt 0.446431 0.027792
vt 0.432960 0.030877
vt 0.437324 0.034642
vt 0.427486 0.035725
vt 0.428021 0.043126
vt 0.418829 0.044627
vt 0.419608 0.052491
vt 0.456116 0.021785
vt 0.454156 0.016372
vt 0.465412 0.010854
vt 0.467395 0.016190
vt 0.477041 0.006457
vt 0.479173 0.011741
vt 0.489014 0.003175
vt 0.491334 0.008485
vt 0.496155 0.001778
vt 0.503757 0.006451
vt 0.508556 0.000302
vt 0.516321 0.005661
vt 0.505122 0.000592
vt 0.068242 0.586656
vt 0.086974 0.583203
vt 0.086976 0.586648
vt 0.068297 0.600979
vt 0.087009 0.595671
vt 0.087014 0.570782
vt 0.068274 0.572222
vt 0.046189 0.586638
vt 0.046239 0.602095
vt 0.046228 0.571029
vt 0.046355 0.555391
vt 0.050557 0.555806
vt 0.035774 0.554432
vt 0.064275 0.557306
vt 0.020671 0.553266
vt 0.034934 0.529228
vt 0.046465 0.530728
vt 0.047059 0.507489
vt 0.057689 0.532450
vt 0.058288 0.509777
vt 0.059085 0.489040
vt 0.047845 0.486190
vt 0.035519 0.505522
vt 0.060059 0.470727
vt 0.048804 0.467318
vt 0.036289 0.483749
vt 0.049912 0.451311
vt 0.037228 0.464399
vt 0.061186 0.455274
vt 0.062437 0.443057
vt 0.642892 0.034084
vt 0.634971 0.044016
vt 0.639168 0.038886
vt 0.071928 0.459732
vt 0.630362 0.049390
vt 0.619028 0.026203
vt 0.070789 0.474570
vt 0.069805 0.492254
vt 0.615111 0.031992
vt 0.080788 0.478791
vt 0.069002 0.512351
vt 0.079801 0.495788
vt 0.078996 0.515173
vt 0.088807 0.500770
vt 0.089359 0.490790
vt 0.602984 0.030825
vt 0.593735 0.023754
vt 0.597196 0.017338
vt 0.088867 0.499595
vt 0.587772 0.026565
vt 0.592507 0.022907
vt 0.576930 0.020170
vt 0.088320 0.511551
vt 0.581293 0.016066
vt 0.569451 0.010368
vt 0.574411 0.012579
vt 0.565506 0.014882
vt 0.088066 0.518209
vt 0.087902 0.523027
vt 0.553615 0.010753
vt 0.557101 0.005871
vt 0.541373 0.007823
vt 0.553433 0.004796
vt 0.087558 0.535083
vt 0.078396 0.536453
vt 0.087472 0.538679
vt 0.087291 0.547599
vt 0.076383 0.558848
vt 0.068400 0.534368
vt 0.068392 0.557805
vt 0.087104 0.560448
vt 0.520982 0.000000
vt 0.531374 0.000645
vt 0.528901 0.006120
vt 0.544365 0.002619
vt 0.597926 0.034005
vt 0.610886 0.038000
vt 0.607291 0.042418
vt 0.612623 0.039741
vt 0.621331 0.049569
vt 0.625402 0.054923
vt 0.615775 0.051719
vt 0.622625 0.060825
vt 0.629173 0.071487
vt 0.627287 0.057606
vt 0.634166 0.068818
vt 0.636886 0.074064
vt 0.634639 0.082745
vt 0.639900 0.080657
vt 0.638967 0.094487
vt 0.024621 0.481764
vt 0.023870 0.503911
vt 0.023299 0.527977
vt 0.046377 0.617279
vt 0.046599 0.632071
vt 0.068438 0.615068
vt 0.046903 0.646353
vt 0.068663 0.628803
vt 0.068968 0.642066
vt 0.047285 0.660009
vt 0.087735 0.638475
vt 0.087438 0.626907
vt 0.087214 0.615032
vt 0.087063 0.602883
vt 0.004677 0.427446
vt 0.005850 0.416690
vt 0.342001 0.473228
vt 0.338832 0.415736
vt 0.341598 0.443596
vt 0.337887 0.409792
vt 0.412834 0.352185
vt 0.412119 0.349594
vt 0.267141 0.455146
vt 0.271563 0.454690
vt 0.267936 0.462880
vt 0.409437 0.360417
vt 0.265884 0.461535
vt 0.263433 0.471134
vt 0.262619 0.473795
vt 0.279743 0.485241
vt 0.279257 0.486651
vt 0.257854 0.486679
vt 0.274629 0.498226
vt 0.254698 0.493563
vt 0.271195 0.505316
vt 0.251955 0.498856
vt 0.268297 0.510626
vt 0.245367 0.509734
vt 0.268549 0.510186
vt 0.260887 0.522219
vt 0.245207 0.513876
vt 0.243244 0.512817
vt 0.252499 0.517782
vt 0.259602 0.521543
vt 0.260733 0.522374
vt 0.259422 0.521719
vt 0.252320 0.517958
vt 0.310658 0.452924
vt 0.309802 0.433825
vt 0.309941 0.433829
vt 0.308822 0.414744
vt 0.245028 0.514052
vt 0.308960 0.414745
vt 0.308668 0.409695
vt 0.308565 0.409693
vt 0.308404 0.409697
vt 0.308610 0.414750
vt 0.309589 0.433828
vt 0.308356 0.414762
vt 0.308053 0.409714
vt 0.308306 0.409701
vt 0.308202 0.409706
vt 0.309336 0.433837
vt 0.310306 0.452918
vt 0.310519 0.452918
vt 0.310671 0.456414
vt 0.310510 0.456392
vt 0.309308 0.461318
vt 0.310408 0.456380
vt 0.309515 0.461372
vt 0.310308 0.456369
vt 0.310173 0.456355
vt 0.310154 0.456353
vt 0.310053 0.452924
vt 0.307391 0.451948
vt 0.306605 0.460198
vt 0.305429 0.409875
vt 0.309062 0.461260
vt 0.305429 0.465349
vt 0.307928 0.466212
vt 0.308136 0.466285
vt 0.308318 0.466354
vt 0.308456 0.466409
vt 0.309651 0.461413
vt 0.308502 0.466430
vt 0.308532 0.466446
vt 0.262673 0.522713
vt 0.262575 0.522822
vt 0.261789 0.522474
vt 0.309694 0.461435
vt 0.270431 0.510560
vt 0.269856 0.511557
vt 0.310773 0.456432
vt 0.275967 0.499882
vt 0.383775 0.396356
vt 0.385311 0.406536
vt 0.382351 0.406719
vt 0.386722 0.396046
vt 0.387936 0.406415
vt 0.391213 0.400969
vt 0.391378 0.406286
vt 0.387144 0.396006
vt 0.391098 0.395659
vt 0.396932 0.394460
vt 0.392559 0.406246
vt 0.391214 0.401001
vt 0.397934 0.406092
vt 0.391378 0.406286
vt 0.395420 0.400743
vt 0.394621 0.395183
vt 0.290237 0.508089
vt 0.290237 0.490196
vt 0.295874 0.495722
vt 0.405239 0.380625
vt 0.404676 0.379570
vt 0.403741 0.377033
vt 0.280233 0.452726
vt 0.278600 0.456353
vt 0.302739 0.432746
vt 0.302739 0.409693
vt 0.303305 0.410241
vt 0.278113 0.457263
vt 0.276168 0.460157
vt 0.283136 0.473662
vt 0.259119 0.483608
vt 0.275653 0.460705
vt 0.304877 0.446786
vt 0.304864 0.447388
vt 0.304602 0.446516
vt 0.304103 0.442987
vt 0.304259 0.444847
vt 0.304877 0.439116
vt 0.302121 0.451302
vt 0.301729 0.442890
vt 0.302943 0.450461
vt 0.301729 0.453653
vt 0.304187 0.441036
vt 0.273181 0.461131
vt 0.273906 0.461564
vt 0.272533 0.459717
vt 0.272190 0.457771
vt 0.302424 0.459016
vt 0.302943 0.453653
vt 0.302943 0.461051
vt 0.271999 0.453656
vt 0.302179 0.455798
vt 0.272081 0.449913
vt 0.313090 0.507271
vt 0.311414 0.510157
vt 0.311552 0.507865
vt 0.419435 0.358915
vt 0.411757 0.359767
vt 0.413010 0.359214
vt 0.311414 0.499786
vt 0.413535 0.359022
vt 0.302681 0.478435
vt 0.274758 0.461378
vt 0.243091 0.512975
vt 0.279330 0.414001
vt 0.412744 0.386833
vt 0.411434 0.386285
vt 0.411452 0.386293
vt 0.110699 0.557215
vt 0.107123 0.534340
vt 0.117041 0.532429
vt 0.107760 0.512322
vt 0.117709 0.509755
vt 0.127539 0.530712
vt 0.128237 0.507473
vt 0.118619 0.489016
vt 0.108627 0.492225
vt 0.109701 0.474539
vt 0.095746 0.010538
vt 0.080668 0.030767
vt 0.076894 0.025246
vt 0.099402 0.495753
vt 0.100422 0.478755
vt 0.098804 0.016401
vt 0.095380 0.027428
vt 0.085175 0.036140
vt 0.065153 0.047915
vt 0.060682 0.042798
vt 0.052664 0.067399
vt 0.068053 0.055879
vt 0.069978 0.053227
vt 0.075898 0.045849
vt 0.119745 0.470702
vt 0.110955 0.459700
vt 0.056623 0.037957
vt 0.047515 0.062756
vt 0.073478 0.020064
vt 0.130361 0.467300
vt 0.121061 0.455248
vt 0.053035 0.033468
vt 0.042825 0.058318
vt 0.131735 0.451291
vt 0.038663 0.054156
vt 0.141356 0.464387
vt 0.142784 0.447893
vt 0.133276 0.438524
vt 0.152536 0.462018
vt 0.154014 0.445120
vt 0.144388 0.434638
vt 0.163709 0.460248
vt 0.155675 0.431448
vt 0.165230 0.443035
vt 0.176238 0.441705
vt 0.174681 0.459132
vt 0.162412 0.480281
vt 0.177992 0.427450
vt 0.166941 0.429026
vt 0.179905 0.416692
vt 0.168806 0.418545
vt 0.181935 0.409693
vt 0.170783 0.411851
vt 0.713319 0.349456
vt 0.706812 0.346389
vt 0.714371 0.346441
vt 0.705761 0.349404
vt 0.007198 0.090058
vt 0.009144 0.092386
vt 0.005062 0.111795
vt 0.004169 0.103000
vt 0.303578 0.409693
vt 0.303937 0.422980
vt 0.303578 0.433228
vt 0.290948 0.508089
vt 0.293408 0.513983
vt 0.290593 0.511848
vt 0.017752 0.067388
vt 0.020282 0.070187
vt 0.012059 0.095047
vt 0.008350 0.113637
vt 0.015854 0.097984
vt 0.023626 0.073375
vt 0.017570 0.117845
vt 0.003031 0.131626
vt 0.006610 0.132635
vt 0.001789 0.117988
vt 0.002679 0.151594
vt 0.000419 0.133450
vt 0.304103 0.452070
vt 0.304103 0.447388
vt 0.305071 0.448815
vt 0.302274 0.409693
vt 0.302522 0.414610
vt 0.302565 0.430134
vt 0.000000 0.149367
vt 0.000239 0.137142
vt 0.302424 0.433595
vt 0.302274 0.436164
vt 0.302565 0.431213
vt 0.302633 0.412497
vt 0.302739 0.436155
vt 0.303937 0.409693
vt 0.304254 0.422149
vt 0.303937 0.436156
vt 0.000354 0.163604
vt 0.000221 0.160115
vt 0.001541 0.179674
vt 0.304575 0.409693
vt 0.304877 0.426034
vt 0.304575 0.439116
vt 0.304080 0.432898
vt 0.302274 0.439115
vt 0.302110 0.434338
vt 0.302274 0.409693
vt 0.604409 0.423983
vt 0.607376 0.425218
vt 0.599570 0.422146
vt 0.302150 0.413134
vt 0.633725 0.448271
vt 0.626761 0.433813
vt 0.603797 0.434425
vt 0.657481 0.449947
vt 0.635241 0.437977
vt 0.663404 0.464843
vt 0.305035 0.442888
vt 0.304891 0.439613
vt 0.304877 0.414358
vt 0.631284 0.435960
vt 0.305035 0.409693
vt 0.008399 0.225659
vt 0.014879 0.254521
vt 0.013411 0.248933
vt 0.301949 0.409693
vt 0.302110 0.424181
vt 0.301949 0.439276
vt 0.006774 0.216794
vt 0.011439 0.239598
vt 0.301949 0.434103
vt 0.301729 0.442890
vt 0.301729 0.409693
vt 0.680699 0.463900
vt 0.660525 0.451677
vt 0.685704 0.467086
vt 0.670618 0.469245
vt 0.014808 0.254695
vt 0.014807 0.254699
vt 0.015577 0.257782
vt 0.015569 0.257788
vt 0.688381 0.468807
vt 0.680357 0.475393
vt 0.014956 0.254344
vt 0.016581 0.261755
vt 0.018497 0.269315
vt 0.245491 0.533382
vt 0.235668 0.529829
vt 0.245543 0.530190
vt 0.245602 0.526095
vt 0.235718 0.526417
vt 0.235758 0.522822
vt 0.235616 0.533080
vt 0.235566 0.536200
vt 0.245442 0.536447
vt 0.235524 0.539210
vt 0.245400 0.539402
vt 0.245370 0.542253
vt 0.235476 0.544938
vt 0.235493 0.542120
vt 0.245353 0.545007
vt 0.245351 0.546343
vt 0.235475 0.545674
vt 0.235475 0.547168
vt 0.245352 0.547294
vt 0.235478 0.548027
vt 0.245358 0.548618
vt 0.235496 0.550270
vt 0.245379 0.550783
vt 0.245414 0.552829
vt 0.235528 0.552399
vt 0.235507 0.551091
vt 0.235575 0.554398
vt 0.245455 0.554478
vt 0.235590 0.554897
vt 0.245462 0.554743
vt 0.245471 0.555013
vt 0.023068 0.290272
vt 0.022348 0.286225
vt 0.023636 0.289219
vt 0.021687 0.282941
vt 0.245531 0.556710
vt 0.235650 0.556645
vt 0.021039 0.278098
vt 0.020487 0.277526
vt 0.030845 0.290108
vt 0.027975 0.267732
vt 0.020368 0.275403
vt 0.028343 0.278060
vt 0.020184 0.276229
vt 0.024222 0.291954
vt 0.036447 0.277321
vt 0.040274 0.301682
vt 0.032977 0.302695
vt 0.026551 0.304357
vt 0.023655 0.297867
vt 0.023749 0.297203
vt 0.024481 0.304845
vt 0.028244 0.316593
vt 0.023731 0.295569
vt 0.023654 0.294637
vt 0.034567 0.315840
vt 0.023314 0.291879
vt 0.041533 0.314708
vt 0.042147 0.328206
vt 0.035461 0.329558
vt 0.028919 0.323598
vt 0.029576 0.335816
vt 0.026837 0.331634
vt 0.026014 0.317912
vt 0.025942 0.333695
vt 0.025961 0.335010
vt 0.026680 0.343931
vt 0.025766 0.347012
vt 0.326036 0.443340
vt 0.325439 0.455346
vt 0.325388 0.455341
vt 0.326087 0.443348
vt 0.025543 0.358014
vt 0.024559 0.362822
vt 0.024456 0.363240
vt 0.026373 0.349708
vt 0.026226 0.351673
vt 0.025672 0.357055
vt 0.325608 0.471643
vt 0.025445 0.370015
vt 0.024517 0.374180
vt 0.024939 0.361527
vt 0.283421 0.515152
vt 0.283369 0.524910
vt 0.283342 0.507623
vt 0.023585 0.377274
vt 0.022744 0.379306
vt 0.284349 0.512567
vt 0.022540 0.391133
vt 0.019822 0.395185
vt 0.284860 0.526095
vt 0.286137 0.510280
vt 0.018890 0.402119
vt 0.016667 0.403429
vt 0.017557 0.397172
vt 0.287670 0.527190
vt 0.288063 0.527767
vt 0.288076 0.536641
vt 0.287009 0.535968
vt 0.287695 0.536229
vt 0.330371 0.506568
vt 0.330445 0.506555
vt 0.330875 0.512807
vt 0.329729 0.502862
vt 0.330825 0.512807
vt 0.330682 0.512813
vt 0.330255 0.506581
vt 0.329680 0.502868
vt 0.331009 0.519040
vt 0.330813 0.519028
vt 0.330467 0.512825
vt 0.330172 0.506590
vt 0.331158 0.519050
vt 0.331208 0.519054
vt 0.331242 0.519058
vt 0.331258 0.519061
vt 0.288409 0.537052
vt 0.288409 0.528345
vt 0.016841 0.409239
vt 0.015824 0.409693
vt 0.018627 0.408780
vt 0.021145 0.408341
vt 0.022008 0.408218
vt 0.020668 0.400730
vt 0.022839 0.398690
vt 0.023181 0.393755
vt 0.025377 0.395914
vt 0.028257 0.400141
vt 0.025420 0.389766
vt 0.028245 0.392394
vt 0.027769 0.384657
vt 0.034703 0.383703
vt 0.028960 0.360218
vt 0.027730 0.371970
vt 0.032289 0.371943
vt 0.026287 0.364884
vt 0.025418 0.383459
vt 0.027520 0.352540
vt 0.029579 0.348002
vt 0.035518 0.343859
vt 0.038751 0.353695
vt 0.042661 0.365492
vt 0.041248 0.352341
vt 0.041978 0.342102
vt 0.055221 0.346234
vt 0.051370 0.347710
vt 0.056068 0.337903
vt 0.066676 0.342537
vt 0.072121 0.320516
vt 0.056762 0.324559
vt 0.049296 0.326493
vt 0.048131 0.300274
vt 0.056415 0.298577
vt 0.050602 0.282774
vt 0.045767 0.280172
vt 0.045106 0.279795
vt 0.053005 0.267014
vt 0.054511 0.249236
vt 0.061942 0.253705
vt 0.044509 0.262017
vt 0.040612 0.277079
vt 0.062201 0.271593
vt 0.035763 0.273820
vt 0.035221 0.273432
vt 0.032112 0.262347
vt 0.036750 0.256647
vt 0.022641 0.262821
vt 0.025039 0.256239
vt 0.041903 0.250685
vt 0.035192 0.245438
vt 0.029788 0.251010
vt 0.035334 0.234873
vt 0.029291 0.240154
vt 0.029465 0.219145
vt 0.025622 0.243530
vt 0.023379 0.223441
vt 0.024655 0.202894
vt 0.031366 0.199515
vt 0.036398 0.214526
vt 0.042519 0.228970
vt 0.037628 0.232947
vt 0.035668 0.234589
vt 0.053864 0.238085
vt 0.047598 0.244491
vt 0.066848 0.246898
vt 0.072065 0.239987
vt 0.060715 0.231494
vt 0.051346 0.222176
vt 0.068133 0.224770
vt 0.077586 0.232987
vt 0.059381 0.216349
vt 0.071272 0.212920
vt 0.079991 0.223116
vt 0.084967 0.220216
vt 0.094093 0.228773
vt 0.089708 0.232385
vt 0.103038 0.235705
vt 0.099772 0.240240
vt 0.097162 0.256012
vt 0.084519 0.247499
vt 0.090702 0.297290
vt 0.086614 0.265063
vt 0.115385 0.249723
vt 0.103790 0.242969
vt 0.078085 0.261652
vt 0.078304 0.293779
vt 0.073856 0.292350
vt 0.069826 0.257853
vt 0.072041 0.275733
vt 0.073777 0.294699
vt 0.064998 0.296692
vt 0.067708 0.290197
vt 0.089849 0.302778
vt 0.105059 0.292773
vt 0.084187 0.338278
vt 0.103508 0.334778
vt 0.127601 0.255269
vt 0.118909 0.295969
vt 0.105836 0.346637
vt 0.109925 0.333890
vt 0.125411 0.344067
vt 0.107487 0.358894
vt 0.087434 0.350196
vt 0.070483 0.354425
vt 0.089794 0.362392
vt 0.073245 0.366558
vt 0.055447 0.359560
vt 0.058394 0.371593
vt 0.059739 0.383764
vt 0.045491 0.377394
vt 0.074531 0.378862
vt 0.059906 0.395952
vt 0.074704 0.391191
vt 0.090890 0.374776
vt 0.108109 0.383804
vt 0.108174 0.371365
vt 0.091012 0.387193
vt 0.126103 0.381010
vt 0.126233 0.356247
vt 0.126419 0.368665
vt 0.145750 0.342768
vt 0.145723 0.354872
vt 0.165550 0.354975
vt 0.145366 0.367209
vt 0.164638 0.367399
vt 0.176009 0.380696
vt 0.163720 0.379686
vt 0.177087 0.368354
vt 0.188185 0.382090
vt 0.178353 0.355786
vt 0.189352 0.369718
vt 0.201299 0.371373
vt 0.200467 0.383841
vt 0.190957 0.356988
vt 0.193697 0.382822
vt 0.179814 0.343326
vt 0.193047 0.344267
vt 0.202908 0.358429
vt 0.214492 0.360108
vt 0.217397 0.346763
vt 0.205409 0.345416
vt 0.208496 0.332671
vt 0.195440 0.331868
vt 0.222436 0.299203
vt 0.204044 0.309078
vt 0.181380 0.331271
vt 0.194594 0.297647
vt 0.212663 0.286440
vt 0.167255 0.330969
vt 0.179376 0.299165
vt 0.201668 0.278817
vt 0.148561 0.299439
vt 0.145531 0.331180
vt 0.163946 0.299759
vt 0.166427 0.342737
vt 0.138365 0.331460
vt 0.124142 0.332389
vt 0.133472 0.298185
vt 0.143918 0.260508
vt 0.140319 0.259551
vt 0.147351 0.255603
vt 0.135320 0.252162
vt 0.159662 0.257842
vt 0.153409 0.262524
vt 0.172135 0.258857
vt 0.166738 0.264157
vt 0.180168 0.264433
vt 0.184646 0.258639
vt 0.197076 0.257190
vt 0.193558 0.263350
vt 0.209302 0.254526
vt 0.206765 0.260920
vt 0.209728 0.273749
vt 0.210781 0.259902
vt 0.221206 0.250672
vt 0.227468 0.268520
vt 0.223216 0.255875
vt 0.236007 0.265067
vt 0.235194 0.250644
vt 0.232672 0.245664
vt 0.236792 0.249837
vt 0.243587 0.239551
vt 0.250831 0.241490
vt 0.246597 0.244259
vt 0.257313 0.236779
vt 0.253846 0.232392
vt 0.260375 0.251515
vt 0.255708 0.246566
vt 0.268196 0.235043
vt 0.267940 0.246018
vt 0.268970 0.261028
vt 0.277305 0.254650
vt 0.264831 0.256318
vt 0.277004 0.241784
vt 0.251377 0.271898
vt 0.247883 0.266545
vt 0.254908 0.273914
vt 0.241866 0.287743
vt 0.242154 0.276417
vt 0.232593 0.280367
vt 0.230087 0.281286
vt 0.233940 0.304974
vt 0.244476 0.310392
vt 0.221178 0.333673
vt 0.228823 0.348240
vt 0.233231 0.334832
vt 0.239493 0.349739
vt 0.236038 0.363871
vt 0.225576 0.361959
vt 0.245288 0.353074
vt 0.245442 0.365667
vt 0.244370 0.380598
vt 0.234659 0.378057
vt 0.245468 0.359367
vt 0.245687 0.367038
vt 0.249836 0.365898
vt 0.252552 0.358163
vt 0.257805 0.363789
vt 0.259458 0.357159
vt 0.253260 0.351175
vt 0.252671 0.337174
vt 0.248857 0.336664
vt 0.260375 0.350903
vt 0.265851 0.339172
vt 0.266755 0.350710
vt 0.265707 0.356288
vt 0.269916 0.339882
vt 0.272380 0.350520
vt 0.286449 0.318414
vt 0.275745 0.327605
vt 0.276057 0.341084
vt 0.269607 0.323997
vt 0.290289 0.291712
vt 0.294445 0.293104
vt 0.293026 0.292666
vt 0.308233 0.256846
vt 0.311616 0.257972
vt 0.319620 0.240348
vt 0.317431 0.251135
vt 0.316566 0.239467
vt 0.323356 0.221839
vt 0.312626 0.238184
vt 0.326608 0.222718
vt 0.330991 0.216420
vt 0.337864 0.195019
vt 0.328548 0.223092
vt 0.335510 0.197297
vt 0.342123 0.178481
vt 0.341917 0.171602
vt 0.343573 0.171600
vt 0.341127 0.158588
vt 0.345081 0.163033
vt 0.339070 0.171412
vt 0.332494 0.157982
vt 0.342306 0.145710
vt 0.333682 0.145354
vt 0.342548 0.132789
vt 0.346813 0.148420
vt 0.328175 0.145096
vt 0.333916 0.132636
vt 0.324760 0.169783
vt 0.322007 0.144786
vt 0.327731 0.120006
vt 0.322169 0.120197
vt 0.315280 0.144425
vt 0.315106 0.120501
vt 0.318420 0.168926
vt 0.319547 0.107208
vt 0.306731 0.109993
vt 0.308125 0.120856
vt 0.308617 0.133110
vt 0.302638 0.123342
vt 0.302906 0.135913
vt 0.301925 0.148449
vt 0.308098 0.144014
vt 0.307855 0.146481
vt 0.305739 0.159708
vt 0.311472 0.167931
vt 0.304021 0.166812
vt 0.299704 0.160827
vt 0.296263 0.172923
vt 0.302288 0.172662
vt 0.300497 0.177857
vt 0.291636 0.184619
vt 0.297536 0.185210
vt 0.308109 0.179356
vt 0.315201 0.180702
vt 0.311074 0.192222
vt 0.303808 0.190477
vt 0.306080 0.203431
vt 0.317698 0.193760
vt 0.312905 0.205388
vt 0.304571 0.215745
vt 0.298028 0.213469
vt 0.292566 0.211533
vt 0.309975 0.217581
vt 0.293366 0.230670
vt 0.287652 0.227493
vt 0.281509 0.234052
vt 0.281391 0.224107
vt 0.280167 0.244254
vt 0.269308 0.226280
vt 0.263348 0.224256
vt 0.263587 0.231607
vt 0.273205 0.222264
vt 0.272000 0.215222
vt 0.281830 0.211992
vt 0.279718 0.205380
vt 0.284340 0.208562
vt 0.291530 0.197222
vt 0.285870 0.195799
vt 0.284905 0.247993
vt 0.292857 0.239983
vt 0.302341 0.234533
vt 0.293310 0.251132
vt 0.298465 0.233549
vt 0.286839 0.248454
vt 0.266928 0.280577
vt 0.272449 0.283498
vt 0.299058 0.253424
vt 0.280102 0.287321
vt 0.304041 0.255329
vt 0.307861 0.236534
vt 0.318726 0.220435
vt 0.312750 0.218506
vt 0.318965 0.207063
vt 0.328569 0.196104
vt 0.323568 0.195062
vt 0.327394 0.182859
vt 0.335191 0.171038
vt 0.332588 0.196857
vt 0.330385 0.170491
vt 0.286983 0.290409
vt 0.262339 0.319924
vt 0.253956 0.315385
vt 0.262306 0.299078
vt 0.252658 0.293764
vt 0.244374 0.336098
vt 0.246643 0.336380
vt 0.264046 0.279012
vt 0.301931 0.229180
vt 0.301124 0.110859
vt 0.298379 0.098587
vt 0.294430 0.086647
vt 0.303806 0.096900
vt 0.299571 0.084175
vt 0.316189 0.093108
vt 0.311473 0.079430
vt 0.321984 0.075633
vt 0.327170 0.090449
vt 0.315406 0.061402
vt 0.132343 0.715025
vt 0.155075 0.722167
vt 0.133342 0.722660
vt 0.156191 0.730295
vt 0.134391 0.728951
vt 0.157362 0.737006
vt 0.179577 0.738558
vt 0.178922 0.734735
vt 0.178440 0.731590
vt 0.177715 0.726310
vt 0.177347 0.723351
vt 0.154023 0.712726
vt 0.176311 0.713942
vt 0.153044 0.702075
vt 0.175345 0.703483
vt 0.152146 0.690324
vt 0.174458 0.692110
vt 0.151338 0.677580
vt 0.173660 0.679962
vt 0.150628 0.663956
vt 0.172956 0.667169
vt 0.150024 0.649563
vt 0.172351 0.653851
vt 0.171848 0.640107
vt 0.149531 0.634515
vt 0.171716 0.635895
vt 0.171447 0.626019
vt 0.149157 0.618924
vt 0.171307 0.619838
vt 0.171151 0.611650
vt 0.148905 0.602906
vt 0.171029 0.603324
vt 0.170960 0.597042
vt 0.148780 0.586574
vt 0.170888 0.586461
vt 0.170874 0.582227
vt 0.148785 0.570044
vt 0.170896 0.567220
vt 0.167061 0.552294
vt 0.160131 0.552678
vt 0.171027 0.552104
vt 0.152756 0.553156
vt 0.171506 0.526341
vt 0.702718 0.475812
vt 0.702424 0.488769
vt 0.694865 0.488717
vt 0.694630 0.503382
vt 0.695159 0.475760
vt 0.702158 0.506021
vt 0.694615 0.504546
vt 0.694497 0.517947
vt 0.702034 0.523132
vt 0.365090 0.528856
vt 0.351170 0.542235
vt 0.355718 0.525738
vt 0.371044 0.513613
vt 0.362039 0.509553
vt 0.383070 0.491614
vt 0.374784 0.486239
vt 0.398226 0.471747
vt 0.390846 0.465185
vt 0.416138 0.454396
vt 0.409829 0.446797
vt 0.436433 0.439947
vt 0.431337 0.431484
vt 0.458691 0.428759
vt 0.454925 0.419628
vt 0.482397 0.421035
vt 0.480048 0.411442
vt 0.507036 0.416925
vt 0.506160 0.407086
vt 0.532094 0.416578
vt 0.532717 0.406719
vt 0.554845 0.419481
vt 0.564681 0.411473
vt 0.556685 0.409796
vt 0.579469 0.425652
vt 0.547955 0.408326
vt 0.581865 0.416076
vt 0.292386 0.517027
vt 0.293085 0.517799
vt 0.290237 0.515614
vt 0.293408 0.518482
vt 0.304575 0.409693
vt 0.304575 0.436396
vt 0.304254 0.418610
vt 0.694465 0.529745
vt 0.702025 0.529796
vt 0.694468 0.532336
vt 0.694539 0.546532
vt 0.702052 0.539996
vt 0.694627 0.554661
vt 0.360813 0.544362
vt 0.348387 0.558936
vt 0.349866 0.548782
vt 0.358200 0.560045
vt 0.702185 0.554713
vt 0.347389 0.573880
vt 0.357240 0.575817
vt 0.348076 0.592507
vt 0.347362 0.575731
vt 0.357911 0.591589
vt 0.702209 0.556512
vt 0.694711 0.560511
vt 0.702502 0.572573
vt 0.694983 0.574233
vt 0.695102 0.578990
vt 0.702661 0.579040
vt 0.695354 0.587644
vt 0.348864 0.599391
vt 0.350475 0.609137
vt 0.702926 0.588072
vt 0.360170 0.607246
vt 0.354504 0.625494
vt 0.703473 0.602897
vt 0.695825 0.600673
vt 0.695890 0.602256
vt 0.696392 0.613231
vt 0.704140 0.616939
vt 0.696964 0.623715
vt 0.363970 0.622669
vt 0.360106 0.641450
vt 0.369260 0.637737
vt 0.363551 0.649396
vt 0.704523 0.623768
vt 0.375985 0.652318
vt 0.367214 0.656873
vt 0.704918 0.630089
vt 0.697054 0.625215
vt 0.697806 0.636505
vt 0.705800 0.642232
vt 0.698299 0.642909
vt 0.698642 0.646977
vt 0.699554 0.656505
vt 0.706778 0.653254
vt 0.699838 0.659141
vt 0.375752 0.671628
vt 0.384069 0.666273
vt 0.385647 0.685575
vt 0.393437 0.679466
vt 0.707399 0.659203
vt 0.392114 0.693394
vt 0.404014 0.691764
vt 0.700531 0.664972
vt 0.707844 0.663040
vt 0.396826 0.698577
vt 0.409215 0.710496
vt 0.415722 0.703033
vt 0.422742 0.721192
vt 0.428487 0.713138
vt 0.430613 0.726486
vt 0.442232 0.721943
vt 0.437333 0.730527
vt 0.455423 0.728668
vt 0.460632 0.741500
vt 0.451364 0.737674
vt 0.474077 0.735622
vt 0.471229 0.745081
vt 0.714371 0.689411
vt 0.709721 0.688573
vt 0.713478 0.688600
vt 0.494711 0.740490
vt 0.492997 0.750218
vt 0.227693 0.432518
vt 0.226676 0.409869
vt 0.226723 0.410170
vt 0.710604 0.689371
vt 0.705919 0.688543
vt 0.706801 0.689332
vt 0.226640 0.409693
vt 0.227638 0.431668
vt 0.226276 0.455255
vt 0.226187 0.455021
vt 0.227574 0.431495
vt 0.222247 0.481285
vt 0.226090 0.454849
vt 0.222960 0.478246
vt 0.222375 0.481456
vt 0.222117 0.481111
vt 0.219620 0.493407
vt 0.305035 0.422314
vt 0.305206 0.447220
vt 0.218234 0.501302
vt 0.213967 0.517920
vt 0.542044 0.754155
vt 0.561913 0.743932
vt 0.562297 0.753799
vt 0.585075 0.742646
vt 0.585798 0.752492
vt 0.212550 0.524169
vt 0.630302 0.738445
vt 0.200220 0.566102
vt 0.631417 0.748249
vt 0.199841 0.568268
vt 0.199986 0.565914
vt 0.213794 0.517739
vt 0.199375 0.567892
vt 0.303130 0.283042
vt 0.297990 0.293976
vt 0.197194 0.576902
vt 0.191342 0.593861
vt 0.191081 0.596993
vt 0.189871 0.601069
vt 0.195356 0.582894
vt 0.184288 0.617619
vt 0.645444 0.736772
vt 0.661156 0.744995
vt 0.646577 0.746570
vt 0.639238 0.737459
vt 0.640369 0.747259
vt 0.660052 0.735196
vt 0.665357 0.744563
vt 0.664272 0.734763
vt 0.669203 0.744185
vt 0.668139 0.734383
vt 0.675865 0.733703
vt 0.680864 0.733450
vt 0.676871 0.743510
vt 0.681481 0.743270
vt 0.688381 0.734200
vt 0.185592 0.616933
vt 0.185516 0.614896
vt 0.186687 0.612334
vt 0.185072 0.623096
vt 0.184650 0.621220
vt 0.687395 0.743859
vt 0.188781 0.604811
vt 0.181936 0.627757
vt 0.184408 0.630399
vt 0.181945 0.637533
vt 0.264789 0.362009
vt 0.270960 0.358455
vt 0.270935 0.360471
vt 0.282459 0.527036
vt 0.281328 0.523843
vt 0.283136 0.523938
vt 0.186923 0.638918
vt 0.184660 0.645714
vt 0.272481 0.368981
vt 0.259439 0.363368
vt 0.261658 0.374211
vt 0.271294 0.355245
vt 0.249554 0.380263
vt 0.270241 0.534358
vt 0.267030 0.534872
vt 0.270246 0.531582
vt 0.273362 0.533870
vt 0.270393 0.537128
vt 0.263198 0.386665
vt 0.253544 0.387846
vt 0.275977 0.376933
vt 0.256452 0.392163
vt 0.264427 0.401483
vt 0.279082 0.383017
vt 0.271677 0.392712
vt 0.255047 0.399399
vt 0.273101 0.409359
vt 0.275792 0.400974
vt 0.275213 0.398513
vt 0.275207 0.396271
vt 0.275745 0.394425
vt 0.276783 0.393118
vt 0.278252 0.392507
vt 0.279973 0.392726
vt 0.282155 0.388281
vt 0.281668 0.393756
vt 0.283752 0.390621
vt 0.202330 0.668753
vt 0.197255 0.668977
vt 0.198034 0.667298
vt 0.198962 0.670514
vt 0.198877 0.665579
vt 0.189887 0.651252
vt 0.196731 0.663214
vt 0.193064 0.658545
vt 0.189253 0.653121
vt 0.191294 0.647249
vt 0.207301 0.671988
vt 0.203878 0.669925
vt 0.202315 0.673958
vt 0.200320 0.672607
vt 0.207286 0.678930
vt 0.201693 0.677441
vt 0.201247 0.675021
vt 0.201633 0.679544
vt 0.207588 0.684880
vt 0.201091 0.681115
vt 0.200113 0.682061
vt 0.199639 0.685339
vt 0.198729 0.682321
vt 0.197001 0.681803
vt 0.191758 0.685880
vt 0.195143 0.680498
vt 0.190967 0.685630
vt 0.192230 0.682105
vt 0.193462 0.678600
vt 0.276560 0.402750
vt 0.212634 0.679261
vt 0.212822 0.684648
vt 0.216841 0.679305
vt 0.217323 0.684530
vt 0.221934 0.684529
vt 0.220716 0.674330
vt 0.225453 0.684680
vt 0.220638 0.674324
vt 0.223487 0.674604
vt 0.227693 0.684948
vt 0.225298 0.674911
vt 0.292434 0.586914
vt 0.294613 0.589083
vt 0.295613 0.599508
vt 0.293951 0.586010
vt 0.311394 0.575274
vt 0.311172 0.574080
vt 0.292333 0.576440
vt 0.311902 0.577812
vt 0.315904 0.574488
vt 0.313288 0.583774
vt 0.319643 0.588029
vt 0.316991 0.595946
vt 0.322177 0.595453
vt 0.320194 0.596107
vt 0.320026 0.595643
vt 0.317385 0.596165
vt 0.317780 0.596383
vt 0.317581 0.596410
vt 0.317379 0.596364
vt 0.317197 0.596250
vt 0.317056 0.596082
vt 0.306289 0.601550
vt 0.298004 0.601432
vt 0.299302 0.605261
vt 0.298584 0.605864
vt 0.297890 0.606461
vt 0.313965 0.564746
vt 0.309893 0.565571
vt 0.312617 0.553034
vt 0.308962 0.553100
vt 0.312559 0.548114
vt 0.312610 0.547314
vt 0.309074 0.541437
vt 0.313502 0.542615
vt 0.250248 0.526862
vt 0.250608 0.528811
vt 0.247772 0.526178
vt 0.314754 0.539814
vt 0.309367 0.536940
vt 0.314117 0.541037
vt 0.306953 0.541244
vt 0.306041 0.534185
vt 0.309013 0.530396
vt 0.250608 0.522822
vt 0.250226 0.524775
vt 0.309909 0.525798
vt 0.309896 0.529160
vt 0.189170 0.633354
vt 0.186353 0.627489
vt 0.193755 0.640688
vt 0.319760 0.525188
vt 0.309049 0.520590
vt 0.319775 0.526426
vt 0.318658 0.518903
vt 0.320317 0.530266
vt 0.320766 0.531648
vt 0.309689 0.532723
vt 0.322177 0.534486
vt 0.318804 0.535754
vt 0.316732 0.537309
vt 0.291212 0.550368
vt 0.291816 0.543352
vt 0.212466 0.673743
vt 0.208907 0.672707
vt 0.215482 0.674064
vt 0.291125 0.552517
vt 0.216311 0.674094
vt 0.291279 0.565398
vt 0.291294 0.565663
vt 0.236970 0.407679
vt 0.234962 0.391745
vt 0.256142 0.408613
vt 0.248181 0.408199
vt 0.266119 0.409195
vt 0.233302 0.391233
vt 0.225126 0.407198
vt 0.223934 0.388630
vt 0.212664 0.406757
vt 0.212414 0.386009
vt 0.203024 0.406458
vt 0.190046 0.406108
vt 0.176818 0.405810
vt 0.163365 0.405566
vt 0.153718 0.398241
vt 0.154058 0.397895
vt 0.160621 0.405523
vt 0.161201 0.385957
vt 0.161124 0.386117
vt 0.161251 0.385553
vt 0.161095 0.385132
vt 0.160733 0.384811
vt 0.160234 0.384686
vt 0.144754 0.379463
vt 0.146595 0.384551
vt 0.146395 0.384568
vt 0.145947 0.384770
vt 0.145668 0.385111
vt 0.145565 0.385560
vt 0.144792 0.405323
vt 0.145685 0.385994
vt 0.137819 0.405261
vt 0.152397 0.397848
vt 0.152504 0.398005
vt 0.147210 0.405349
vt 0.124730 0.405189
vt 0.111934 0.405177
vt 0.099464 0.405226
vt 0.091044 0.405298
vt 0.079656 0.405449
vt 0.073965 0.405551
vt 0.068938 0.405659
vt 0.058921 0.405927
vt 0.052071 0.406162
vt 0.046839 0.401382
vt 0.046658 0.406384
vt 0.043706 0.406522
vt 0.036310 0.406931
vt 0.046739 0.389383
vt 0.035710 0.395500
vt 0.034375 0.407058
vt 0.035692 0.406971
vt 0.028328 0.407528
vt 0.024385 0.407923
vt 0.152890 0.398299
vt 0.153311 0.398371
vt 0.212894 0.373341
vt 0.224040 0.375590
vt 0.273846 0.409693
vt 0.260006 0.549998
vt 0.259627 0.548874
vt 0.261621 0.549331
vt 0.262067 0.545656
vt 0.258967 0.546739
vt 0.258397 0.544660
vt 0.257423 0.540187
vt 0.261321 0.542476
vt 0.265119 0.544608
vt 0.264496 0.541577
vt 0.260744 0.539249
vt 0.264028 0.538509
vt 0.267617 0.540714
vt 0.270686 0.539883
vt 0.267246 0.537803
vt 0.271104 0.542616
vt 0.273827 0.544483
vt 0.278567 0.542739
vt 0.271631 0.545321
vt 0.269069 0.546320
vt 0.276976 0.540753
vt 0.273704 0.539084
vt 0.276674 0.538315
vt 0.273468 0.536483
vt 0.276470 0.535864
vt 0.279306 0.532958
vt 0.279396 0.535269
vt 0.276385 0.533405
vt 0.276436 0.530943
vt 0.279350 0.530645
vt 0.282157 0.533428
vt 0.276639 0.528488
vt 0.279543 0.528338
vt 0.282141 0.530197
vt 0.277006 0.526051
vt 0.279900 0.526051
vt 0.279438 0.523744
vt 0.277455 0.523642
vt 0.280425 0.523796
vt 0.275378 0.523537
vt 0.273958 0.526052
vt 0.274497 0.523493
vt 0.273203 0.523430
vt 0.270928 0.523324
vt 0.267435 0.526077
vt 0.268549 0.523219
vt 0.270766 0.526059
vt 0.273594 0.528644
vt 0.267116 0.528996
vt 0.270417 0.528812
vt 0.273399 0.531254
vt 0.266983 0.531932
vt 0.263732 0.535414
vt 0.263618 0.532306
vt 0.260158 0.532710
vt 0.263698 0.529200
vt 0.260352 0.535989
vt 0.256805 0.535749
vt 0.256608 0.533147
vt 0.256546 0.531383
vt 0.256540 0.529687
vt 0.260170 0.529429
vt 0.263975 0.526110
vt 0.260392 0.526162
vt 0.256636 0.527080
vt 0.257905 0.522844
vt 0.260746 0.522927
vt 0.263463 0.523018
vt 0.257071 0.522822
vt 0.264452 0.523054
vt 0.266062 0.523116
vt 0.282477 0.536864
vt 0.279597 0.537573
vt 0.279885 0.539866
vt 0.282785 0.539009
vt 0.283136 0.541155
vt 0.265110 0.547904
vt 0.538893 0.744253
vt 0.515591 0.753083
vt 0.538783 0.754128
vt 0.516391 0.743237
vt 0.708937 0.687193
vt 0.705134 0.687167
vt 0.343256 0.119872
vt 0.345388 0.109885
vt 0.346678 0.120120
vt 0.347362 0.134422
vt 0.704803 0.686387
vt 0.703751 0.683129
vt 0.711488 0.683817
vt 0.703342 0.681535
vt 0.710902 0.681589
vt 0.710207 0.678437
vt 0.702641 0.678349
vt 0.708990 0.671472
vt 0.701564 0.672280
vt 0.341800 0.119835
vt 0.339455 0.104797
vt 0.165501 0.747107
vt 0.158581 0.742199
vt 0.181935 0.748415
vt 0.341634 0.119832
vt 0.334147 0.119853
vt 0.181511 0.747071
vt 0.180746 0.744181
vt 0.330888 0.105734
vt 0.335476 0.088576
vt 0.180190 0.741695
vt 0.712694 0.687219
vt 0.695589 0.461221
vt 0.703148 0.461273
vt 0.696113 0.447174
vt 0.703671 0.447226
vt 0.696728 0.433651
vt 0.704287 0.433703
vt 0.697431 0.420754
vt 0.704990 0.420806
vt 0.698216 0.408580
vt 0.705775 0.408632
vt 0.699078 0.397219
vt 0.706636 0.397271
vt 0.699307 0.394484
vt 0.706865 0.394536
vt 0.700255 0.384264
vt 0.707814 0.384316
vt 0.701265 0.375040
vt 0.708823 0.375093
vt 0.702328 0.366885
vt 0.709887 0.366938
vt 0.703438 0.359860
vt 0.710996 0.359912
vt 0.704585 0.354018
vt 0.712143 0.354070
vt 0.160601 0.527006
vt 0.172288 0.501912
vt 0.161368 0.502696
vt 0.173355 0.479347
vt 0.150258 0.503908
vt 0.151275 0.481760
vt 0.140135 0.483739
vt 0.139150 0.505512
vt 0.129185 0.486172
vt 0.149511 0.527974
vt 0.138426 0.529219
vt 0.148918 0.553433
vt 0.138051 0.554314
vt 0.123785 0.555696
vt 0.126732 0.571014
vt 0.106286 0.572195
vt 0.106279 0.586629
vt 0.126726 0.586623
vt 0.106371 0.600951
vt 0.126834 0.602080
vt 0.106560 0.615041
vt 0.127055 0.617264
vt 0.089456 0.601713
vt 0.089628 0.614599
vt 0.106844 0.628776
vt 0.127387 0.632056
vt 0.089881 0.627161
vt 0.107221 0.642038
vt 0.127824 0.646337
vt 0.107685 0.654714
vt 0.128363 0.659993
vt 0.090211 0.639275
vt 0.090575 0.649752
vt 0.108232 0.666691
vt 0.091030 0.660367
vt 0.108857 0.677862
vt 0.128998 0.672909
vt 0.129720 0.684976
vt 0.109552 0.688127
vt 0.130524 0.696086
vt 0.110312 0.697388
vt 0.131401 0.706135
vt 0.111129 0.705555
vt 0.288994 0.062926
vt 0.298216 0.053794
vt 0.305460 0.066287
vt 0.294387 0.072569
vt 0.283085 0.064231
vt 0.289316 0.075157
vt 0.275799 0.053976
vt 0.281538 0.052064
vt 0.267529 0.044494
vt 0.272402 0.041326
vt 0.258357 0.035878
vt 0.262672 0.032048
vt 0.252621 0.024199
vt 0.249355 0.028898
vt 0.239763 0.022751
vt 0.242601 0.017779
vt 0.228570 0.016991
vt 0.230909 0.011761
vt 0.216861 0.012369
vt 0.218677 0.006933
vt 0.204751 0.008931
vt 0.206027 0.003342
vt 0.192360 0.006712
vt 0.193082 0.001024
vt 0.179810 0.005732
vt 0.179972 0.000000
vt 0.089359 0.575481
vt 0.089366 0.588631
vt 0.106392 0.557777
vt 0.167224 0.006000
vt 0.166825 0.000279
vt 0.089435 0.562392
vt 0.099327 0.558782
vt 0.089454 0.560410
vt 0.164825 0.000437
vt 0.154727 0.007512
vt 0.156493 0.001421
vt 0.089554 0.552176
vt 0.142442 0.010253
vt 0.143329 0.004087
vt 0.130489 0.014197
vt 0.121610 0.011705
vt 0.118986 0.019306
vt 0.130507 0.008068
vt 0.118160 0.013323
vt 0.108047 0.025529
vt 0.090479 0.514852
vt 0.098579 0.515139
vt 0.090361 0.518170
vt 0.106411 0.019798
vt 0.090943 0.503627
vt 0.097977 0.536420
vt 0.089781 0.539252
vt 0.090091 0.526767
vt 0.102117 0.022573
vt 0.097781 0.032807
vt 0.088288 0.041068
vt 0.079663 0.050230
vt 0.072675 0.059222
vt 0.060867 0.067212
vt 0.065965 0.069773
vt 0.058203 0.072172
vt 0.054861 0.079230
vt 0.055822 0.092598
vt 0.050104 0.091797
vt 0.043544 0.088719
vt 0.060328 0.080935
vt 0.052490 0.104647
vt 0.044930 0.114772
vt 0.046650 0.104782
vt 0.050365 0.116966
vt 0.038064 0.111328
vt 0.044748 0.116200
vt 0.031634 0.107869
vt 0.029668 0.122498
vt 0.043868 0.127271
vt 0.049727 0.123690
vt 0.043809 0.129224
vt 0.029120 0.137344
vt 0.016410 0.134896
vt 0.016668 0.152071
vt 0.029818 0.152250
vt 0.037327 0.152285
vt 0.036340 0.138586
vt 0.039482 0.165861
vt 0.031702 0.167077
vt 0.048705 0.167965
vt 0.034736 0.181676
vt 0.042783 0.179179
vt 0.052876 0.161607
vt 0.045798 0.155233
vt 0.052853 0.180348
vt 0.050594 0.149396
vt 0.056336 0.173513
vt 0.059311 0.181300
vt 0.059475 0.181690
vt 0.063245 0.189777
vt 0.058203 0.192262
vt 0.069468 0.200623
vt 0.068932 0.209790
vt 0.076732 0.210802
vt 0.064703 0.203592
vt 0.066587 0.211367
vt 0.052755 0.204530
vt 0.044174 0.209633
vt 0.047214 0.192108
vt 0.038898 0.195903
vt 0.027423 0.184032
vt 0.020889 0.186213
vt 0.018200 0.169226
vt 0.024587 0.168204
vt 0.010193 0.189964
vt 0.007740 0.170920
vt 0.006481 0.151774
vt 0.003764 0.171578
vt 0.006071 0.191498
vt 0.003242 0.194514
vt 0.009421 0.211295
vt 0.018126 0.227373
vt 0.013688 0.208810
vt 0.023481 0.245568
vt 0.018973 0.250057
vt 0.002990 0.192907
vt 0.301803 0.411544
vt 0.044161 0.142278
vt 0.049517 0.136904
vt 0.043996 0.139813
vt 0.049700 0.124085
vt 0.025730 0.104453
vt 0.037740 0.084626
vt 0.032434 0.080661
vt 0.020440 0.101139
vt 0.027702 0.076889
vt 0.035097 0.050344
vt 0.280347 0.031209
vt 0.289818 0.042065
vt 0.091576 0.670771
vt 0.244279 0.261075
vt 0.123687 0.247550
vt 0.112566 0.241814
vt 0.330041 0.506604
vt 0.329329 0.502933
vt 0.329540 0.502893
vt 0.325961 0.482153
vt 0.326174 0.482133
vt 0.325199 0.471653
vt 0.324947 0.471664
vt 0.325709 0.482178
vt 0.323691 0.487572
vt 0.322316 0.471786
vt 0.324777 0.455319
vt 0.322177 0.454161
vt 0.325030 0.455327
vt 0.325427 0.443285
vt 0.323404 0.436821
vt 0.327386 0.426955
vt 0.325679 0.443306
vt 0.325244 0.455334
vt 0.327636 0.426995
vt 0.325893 0.443326
vt 0.329549 0.415201
vt 0.329796 0.415253
vt 0.327848 0.427030
vt 0.325966 0.419718
vt 0.330616 0.410338
vt 0.330757 0.410374
vt 0.301435 0.489620
vt 0.301238 0.489703
vt 0.290292 0.473965
vt 0.301098 0.489718
vt 0.330861 0.410401
vt 0.330956 0.410425
vt 0.301517 0.472225
vt 0.290274 0.470420
vt 0.298547 0.489703
vt 0.290419 0.490146
vt 0.301729 0.489065
vt 0.301695 0.489282
vt 0.301594 0.489475
vt 0.328045 0.409764
vt 0.328062 0.409693
vt 0.298552 0.490196
vt 0.330006 0.415299
vt 0.331116 0.410468
vt 0.331221 0.410497
vt 0.330147 0.415332
vt 0.327990 0.427055
vt 0.328040 0.427067
vt 0.326198 0.442037
vt 0.330197 0.415345
vt 0.023824 0.306817
vt 0.025154 0.318648
vt 0.331258 0.410509
vt 0.023154 0.301017
vt 0.023104 0.301923
vt 0.301475 0.469410
vt 0.301320 0.460068
vt 0.290244 0.460125
vt 0.301210 0.454228
vt 0.290238 0.455413
vt 0.300992 0.443826
vt 0.290237 0.450679
vt 0.290256 0.438799
vt 0.291183 0.431823
vt 0.290282 0.431864
vt 0.290302 0.429178
vt 0.290325 0.427873
vt 0.300614 0.427932
vt 0.300701 0.431650
vt 0.300566 0.424418
vt 0.290400 0.425562
vt 0.300564 0.423586
vt 0.290497 0.423807
vt 0.300576 0.421759
vt 0.290710 0.421239
vt 0.300632 0.419403
vt 0.290804 0.420332
vt 0.290973 0.418876
vt 0.300679 0.418301
vt 0.291258 0.416667
vt 0.300758 0.416923
vt 0.300809 0.416221
vt 0.291298 0.416366
vt 0.300992 0.414252
vt 0.291525 0.414544
vt 0.291553 0.414308
vt 0.301231 0.412391
vt 0.291802 0.412504
vt 0.301405 0.411324
vt 0.291980 0.411465
vt 0.301438 0.411137
vt 0.301729 0.409693
vt 0.292321 0.409831
vt 0.245602 0.558259
vt 0.235721 0.558245
vt 0.235670 0.557126
vt 0.325557 0.471642
vt 0.325413 0.471645
vt 0.326317 0.482122
vt 0.326368 0.482121
vt 0.283136 0.533837
vt 0.283812 0.534529
vt 0.326779 0.504893
vt 0.329080 0.502982
vt 0.327315 0.508936
vt 0.329788 0.506632
vt 0.327646 0.513883
vt 0.330215 0.512841
vt 0.327950 0.518872
vt 0.330593 0.519015
vt 0.329870 0.506623
vt 0.032197 0.046954
vt 0.157482 0.421323
vt 0.834007 0.019499
vt 0.834620 0.016145
vt 0.871930 0.004903
vt 0.875387 0.054939
vt 0.866559 0.050829
vt 0.831800 0.022095
vt 0.850701 0.046364
vt 0.828592 0.023240
vt 0.834271 0.045186
vt 0.825243 0.022625
vt 0.817940 0.047343
vt 0.822649 0.020416
vt 0.788219 0.061178
vt 0.714888 0.092084
vt 0.720221 0.076966
vt 0.802377 0.052748
vt 0.729690 0.058904
vt 0.741931 0.042596
vt 0.756626 0.028466
vt 0.821505 0.017205
vt 0.776047 0.072288
vt 0.766357 0.085625
vt 0.765012 0.088030
vt 0.729669 0.129349
vt 0.759548 0.100640
vt 0.732262 0.131558
vt 0.755898 0.116721
vt 0.733406 0.134770
vt 0.755555 0.133209
vt 0.732792 0.138123
vt 0.758535 0.149428
vt 0.730585 0.140720
vt 0.764715 0.164714
vt 0.785543 0.190051
vt 0.720221 0.176334
vt 0.727378 0.141864
vt 0.773842 0.178443
vt 0.799339 0.199063
vt 0.839400 0.233806
vt 0.814664 0.205111
vt 0.830891 0.207947
vt 0.841607 0.231209
vt 0.844815 0.230065
vt 0.847356 0.207454
vt 0.848164 0.230679
vt 0.863385 0.203654
vt 0.850758 0.232888
vt 0.878322 0.196701
vt 0.886378 0.191226
vt 0.851901 0.236100
vt 0.890237 0.241521
vt 0.851288 0.239453
vt 0.871930 0.248403
vt 0.849081 0.242050
vt 0.851965 0.252483
vt 0.845873 0.243194
vt 0.842524 0.242580
vt 0.831606 0.253304
vt 0.839930 0.240371
vt 0.811378 0.250845
vt 0.838786 0.237159
vt 0.791806 0.245169
vt 0.773397 0.236424
vt 0.756627 0.224836
vt 0.741931 0.210704
vt 0.729690 0.194396
vt 0.890982 0.241170
vt 0.943738 0.123955
vt 0.910835 0.160345
vt 0.891555 0.186880
vt 0.902543 0.174594
vt 0.941144 0.121746
vt 0.916092 0.144716
vt 0.940001 0.118535
vt 0.918098 0.128348
vt 0.940615 0.115181
vt 0.916773 0.111911
vt 0.912169 0.096077
vt 0.942821 0.112585
vt 0.904476 0.081494
vt 0.901204 0.076924
vt 0.946029 0.111440
vt 0.937924 0.050507
vt 0.894008 0.068761
vt 0.948815 0.067749
vt 0.949379 0.112055
vt 0.956802 0.086516
vt 0.951973 0.114264
vt 0.961678 0.106322
vt 0.953116 0.117475
vt 0.963318 0.126655
vt 0.952502 0.120828
vt 0.950296 0.123425
vt 0.961678 0.146988
vt 0.947088 0.124570
vt 0.956802 0.166794
vt 0.948815 0.185561
vt 0.937925 0.202801
vt 0.924413 0.218070
vt 0.908629 0.230971
vt 0.924412 0.035238
vt 0.908628 0.022336
vt 0.881194 0.058398
vt 0.890982 0.012137
vt 0.724028 0.141250
vt 0.713768 0.156984
vt 0.721434 0.139041
vt 0.720291 0.135830
vt 0.710500 0.136849
vt 0.720905 0.132476
vt 0.710500 0.116450
vt 0.713768 0.096315
vt 0.726319 0.128735
vt 0.723111 0.129879
vt 0.773396 0.016878
vt 0.791805 0.008133
vt 0.822119 0.013851
vt 0.824326 0.011255
vt 0.811377 0.002458
vt 0.827534 0.010110
vt 0.831605 0.000000
vt 0.851965 0.000822
vt 0.833477 0.012934
vt 0.830883 0.010725
vt 0.781504 0.788939
vt 0.784781 0.792929
vt 0.779435 0.796108
vt 0.775824 0.800034
vt 0.792357 0.784069
vt 0.784306 0.782452
vt 0.779876 0.803505
vt 0.778397 0.802497
vt 0.778006 0.815012
vt 0.779310 0.826597
vt 0.773837 0.824670
vt 0.775982 0.817355
vt 0.773209 0.812221
vt 0.777665 0.836533
vt 0.783691 0.837401
vt 0.779391 0.843386
vt 0.778363 0.850377
vt 0.780264 0.880029
vt 0.774738 0.856443
vt 0.769068 0.860660
vt 0.766170 0.877738
vt 0.762216 0.862385
vt 0.755225 0.861357
vt 0.738707 0.873272
vt 0.749160 0.857732
vt 0.736414 0.887385
vt 0.714708 0.883855
vt 0.744943 0.852061
vt 0.739845 0.838340
vt 0.717001 0.869743
vt 0.733650 0.904392
vt 0.725929 0.900112
vt 0.704196 0.865740
vt 0.713599 0.883682
vt 0.713675 0.883803
vt 0.740640 0.914244
vt 0.761113 0.908857
vt 0.757426 0.925834
vt 0.775208 0.911149
vt 0.775854 0.934580
vt 0.786695 0.913017
vt 0.794887 0.914349
vt 0.790810 0.939219
vt 0.796829 0.923929
vt 0.797171 0.927321
vt 0.799164 0.930088
vt 0.795446 0.940257
vt 0.802272 0.931487
vt 0.815695 0.942717
vt 0.805664 0.931144
vt 0.836075 0.941897
vt 0.808430 0.929152
vt 0.856061 0.937818
vt 0.809829 0.926043
vt 0.859625 0.936728
vt 0.861380 0.925160
vt 0.875132 0.930585
vt 0.864144 0.908153
vt 0.804385 0.918486
vt 0.892797 0.920387
vt 0.807494 0.919885
vt 0.809486 0.922651
vt 0.800994 0.918828
vt 0.798228 0.920821
vt 0.828682 0.899665
vt 0.814046 0.899763
vt 0.797651 0.897342
vt 0.899117 0.899355
vt 0.866437 0.894041
vt 0.896824 0.913467
vt 0.843077 0.897027
vt 0.789459 0.896010
vt 0.798268 0.887272
vt 0.801709 0.893445
vt 0.807249 0.897831
vt 0.791752 0.881897
vt 0.797451 0.880253
vt 0.799383 0.873455
vt 0.800179 0.853578
vt 0.803768 0.867914
vt 0.809940 0.864474
vt 0.811064 0.857751
vt 0.816959 0.863658
vt 0.822672 0.858832
vt 0.834140 0.856741
vt 0.829407 0.863031
vt 0.841268 0.859203
vt 0.851734 0.852435
vt 0.844618 0.851634
vt 0.860092 0.843189
vt 0.853330 0.843889
vt 0.865163 0.838268
vt 0.859630 0.834079
vt 0.863049 0.822934
vt 0.871731 0.835663
vt 0.876250 0.833658
vt 0.878797 0.835770
vt 0.908929 0.838972
vt 0.885283 0.838572
vt 0.890204 0.843644
vt 0.892810 0.850213
vt 0.892703 0.857279
vt 0.889901 0.863766
vt 0.880570 0.875042
vt 0.869422 0.884526
vt 0.856797 0.891929
vt 0.941019 0.856212
vt 0.933024 0.874978
vt 0.925546 0.838644
vt 0.923554 0.835878
vt 0.922123 0.892219
vt 0.911344 0.824114
vt 0.923211 0.832485
vt 0.924610 0.829377
vt 0.927376 0.827384
vt 0.930768 0.827042
vt 0.933876 0.828441
vt 0.947542 0.816073
vt 0.935869 0.831207
vt 0.912382 0.817725
vt 0.936211 0.834599
vt 0.945901 0.795740
vt 0.945901 0.836406
vt 0.934812 0.837708
vt 0.932046 0.839701
vt 0.928655 0.840043
vt 0.941019 0.775933
vt 0.920738 0.766303
vt 0.933024 0.757165
vt 0.922123 0.739923
vt 0.892661 0.732667
vt 0.908597 0.724653
vt 0.888059 0.760989
vt 0.879767 0.756291
vt 0.896653 0.780067
vt 0.889250 0.767440
vt 0.868491 0.746958
vt 0.855767 0.739724
vt 0.826168 0.721856
vt 0.841981 0.734810
vt 0.827550 0.732365
vt 0.817976 0.720524
vt 0.820532 0.733181
vt 0.814359 0.736622
vt 0.809974 0.742163
vt 0.806488 0.718656
vt 0.787792 0.744686
vt 0.792394 0.716364
vt 0.807207 0.690038
vt 0.801886 0.746977
vt 0.822464 0.692908
vt 0.810976 0.691040
vt 0.815695 0.689411
vt 0.836076 0.690234
vt 0.830656 0.694240
vt 0.831768 0.706085
vt 0.856061 0.694315
vt 0.839324 0.700641
vt 0.835932 0.700984
vt 0.833166 0.702976
vt 0.842433 0.702041
vt 0.844425 0.704807
vt 0.875133 0.701550
vt 0.844768 0.708199
vt 0.892797 0.711751
vt 0.843369 0.711308
vt 0.840603 0.713300
vt 0.837211 0.713643
vt 0.834103 0.712243
vt 0.832110 0.709477
vt 0.811117 0.689678
vt 0.796384 0.691680
vt 0.795446 0.691868
vt 0.775854 0.697542
vt 0.764931 0.711898
vt 0.757426 0.706286
vt 0.760329 0.740220
vt 0.740640 0.717873
vt 0.738623 0.736691
vt 0.763334 0.760836
vt 0.770400 0.760942
vt 0.756766 0.763441
vt 0.751695 0.768362
vt 0.730266 0.788113
vt 0.744463 0.781087
vt 0.739551 0.794874
vt 0.729228 0.794502
vt 0.737107 0.809306
vt 0.701615 0.790013
vt 0.726814 0.809360
vt 0.718385 0.799643
vt 0.718043 0.796251
vt 0.716050 0.793485
vt 0.712942 0.792085
vt 0.716986 0.802751
vt 0.697737 0.846390
vt 0.699201 0.804870
vt 0.710829 0.805086
vt 0.714220 0.804744
vt 0.737206 0.823943
vt 0.694465 0.826255
vt 0.694465 0.805856
vt 0.697737 0.785721
vt 0.705385 0.797529
vt 0.705728 0.800921
vt 0.707720 0.803687
vt 0.704197 0.766372
vt 0.702653 0.783624
vt 0.713675 0.748310
vt 0.725929 0.732003
vt 0.706784 0.794420
vt 0.709550 0.792427
vt 0.776886 0.763745
vt 0.781807 0.768817
vt 0.784413 0.775386
vt 0.808043 0.748960
vt 0.808859 0.755980
vt 0.802043 0.777582
vt 0.813119 0.773949
vt 0.812300 0.762152
vt 0.817841 0.766538
vt 0.824765 0.773440
vt 0.824638 0.768470
vt 0.836117 0.776091
vt 0.836824 0.771087
vt 0.846333 0.781708
vt 0.847918 0.776768
vt 0.854655 0.789872
vt 0.857164 0.785128
vt 0.860466 0.799979
vt 0.863932 0.795595
vt 0.863335 0.811279
vt 0.878664 0.818801
vt 0.879702 0.812412
vt 0.874214 0.804892
vt 0.868148 0.801266
vt 0.881205 0.805920
vt 0.888057 0.804194
vt 0.893727 0.799978
vt 0.897352 0.793912
vt 0.898379 0.786920
vt 0.908597 0.907487
vt 0.790823 0.846623
vt 0.777971 0.894142
vt 0.763877 0.891850
vt 0.755490 0.890671
vt 0.761102 0.895253
vt 0.758910 0.892210
vt 0.761479 0.898984
vt 0.759940 0.902404
vt 0.756897 0.904596
vt 0.753166 0.904972
vt 0.749747 0.903433
vt 0.747555 0.900390
vt 0.747178 0.896659
vt 0.748717 0.893240
vt 0.751760 0.891048
vt 0.732848 0.476078
vt 0.733621 0.472757
vt 0.738556 0.472562
vt 0.739724 0.453817
vt 0.715675 0.488259
vt 0.714371 0.475665
vt 0.720457 0.473191
vt 0.732402 0.533710
vt 0.726724 0.523384
vt 0.727256 0.479556
vt 0.740957 0.491189
vt 0.730518 0.478566
vt 0.754871 0.377885
vt 0.777362 0.390770
vt 0.763582 0.403529
vt 0.752467 0.418665
vt 0.739613 0.394407
vt 0.746990 0.385659
vt 0.721230 0.469871
vt 0.714371 0.462936
vt 0.723560 0.467382
vt 0.715685 0.450275
vt 0.726822 0.466392
vt 0.718283 0.437883
vt 0.722092 0.425949
vt 0.721448 0.476453
vt 0.723936 0.478783
vt 0.718232 0.500523
vt 0.721954 0.512282
vt 0.744417 0.435633
vt 0.727009 0.414639
vt 0.732899 0.404090
vt 0.730142 0.467165
vt 0.732631 0.469495
vt 0.746840 0.509025
vt 0.755991 0.525426
vt 0.738836 0.543173
vt 0.768081 0.539799
vt 0.745872 0.551722
vt 0.782626 0.579589
vt 0.772077 0.573697
vt 0.782672 0.551624
vt 0.762394 0.566982
vt 0.753647 0.559603
vt 0.846550 0.576086
vt 0.844061 0.573756
vt 0.872656 0.561553
vt 0.835149 0.576461
vt 0.817177 0.566029
vt 0.837479 0.573972
vt 0.835843 0.568089
vt 0.840741 0.572982
vt 0.793936 0.584507
vt 0.834376 0.579781
vt 0.856243 0.590931
vt 0.843650 0.592234
vt 0.841175 0.586147
vt 0.799237 0.560474
vt 0.854562 0.566579
vt 0.837855 0.585373
vt 0.830922 0.592233
vt 0.835367 0.583043
vt 0.818261 0.590917
vt 0.805870 0.588318
vt 0.844437 0.585157
vt 0.846767 0.582668
vt 0.868506 0.588375
vt 0.847540 0.579348
vt 0.880264 0.584654
vt 0.891365 0.579885
vt 0.927579 0.552963
vt 0.904402 0.541802
vt 0.916906 0.527790
vt 0.919699 0.560738
vt 0.911152 0.567773
vt 0.889472 0.553193
vt 0.901689 0.574207
vt 0.950159 0.518394
vt 0.947561 0.523984
vt 0.922384 0.519484
vt 0.941671 0.534533
vt 0.934957 0.544216
vt 0.952477 0.512674
vt 0.947748 0.472231
vt 0.763418 0.370850
vt 0.772881 0.364415
vt 0.781678 0.387656
vt 0.780900 0.359896
vt 0.793307 0.380849
vt 0.935257 0.456691
vt 0.931096 0.438376
vt 0.944052 0.460057
vt 0.944428 0.471458
vt 0.932933 0.494010
vt 0.941939 0.469128
vt 0.935876 0.475461
vt 0.940949 0.465865
vt 0.941722 0.462545
vt 0.840194 0.358842
vt 0.883826 0.382179
vt 0.839420 0.362162
vt 0.866495 0.374944
vt 0.837091 0.364651
vt 0.848109 0.371119
vt 0.833829 0.365641
vt 0.829331 0.370843
vt 0.958895 0.450364
vt 0.960199 0.462958
vt 0.954113 0.465432
vt 0.868699 0.350305
vt 0.856308 0.347706
vt 0.839203 0.355580
vt 0.843648 0.346390
vt 0.836714 0.353250
vt 0.830920 0.346389
vt 0.833394 0.352476
vt 0.818327 0.347692
vt 0.830133 0.353466
vt 0.827803 0.355955
vt 0.806063 0.350248
vt 0.827030 0.359275
vt 0.794306 0.353969
vt 0.828020 0.362537
vt 0.783205 0.358738
vt 0.926532 0.511666
vt 0.953339 0.468752
vt 0.960199 0.475687
vt 0.951010 0.471241
vt 0.958885 0.488348
vt 0.956287 0.500740
vt 0.810841 0.374126
vt 0.830509 0.364867
vt 0.953122 0.462170
vt 0.950633 0.459840
vt 0.956338 0.438100
vt 0.947313 0.459066
vt 0.952616 0.426341
vt 0.947846 0.415239
vt 0.942168 0.404913
vt 0.923545 0.421180
vt 0.935733 0.395450
vt 0.912876 0.405723
vt 0.899475 0.392564
vt 0.920923 0.379019
vt 0.928698 0.386901
vt 0.880633 0.354116
vt 0.891944 0.359034
vt 0.902492 0.364926
vt 0.912176 0.371641
vt 0.131049 0.952936
vt 0.130989 0.952516
vt 0.131036 0.952522
vt 0.131739 0.950543
vt 0.131292 0.951218
vt 0.131664 0.950536
vt 0.131246 0.951171
vt 0.130998 0.952062
vt 0.131360 0.953735
vt 0.303425 0.425414
vt 0.303425 0.424138
vt 0.303452 0.425314
vt 0.131349 0.953656
vt 0.131908 0.954411
vt 0.132190 0.954615
vt 0.303407 0.409693
vt 0.303417 0.410005
vt 0.303407 0.410167
vt 0.132284 0.954696
vt 0.133149 0.955054
vt 0.133428 0.955100
vt 0.133388 0.955096
vt 0.287670 0.409693
vt 0.288546 0.409713
vt 0.287524 0.409818
vt 0.288617 0.410083
vt 0.287382 0.410054
vt 0.287291 0.410256
vt 0.288656 0.410994
vt 0.287056 0.410957
vt 0.128102 0.958891
vt 0.124921 0.962760
vt 0.120561 0.951442
vt 0.117050 0.954984
vt 0.113503 0.943061
vt 0.109682 0.946236
vt 0.107079 0.933784
vt 0.102977 0.936552
vt 0.101444 0.923678
vt 0.115968 0.788919
vt 0.119525 0.792354
vt 0.108938 0.797467
vt 0.112790 0.800543
vt 0.337830 0.528057
vt 0.332183 0.525716
vt 0.337510 0.517635
vt 0.331876 0.515732
vt 0.337245 0.506493
vt 0.331622 0.505057
vt 0.337045 0.494740
vt 0.331430 0.493798
vt 0.336916 0.482519
vt 0.331307 0.482091
vt 0.336865 0.469998
vt 0.331258 0.470096
vt 0.336897 0.457366
vt 0.331288 0.457994
vt 0.337011 0.444823
vt 0.331398 0.445978
vt 0.337208 0.432572
vt 0.331586 0.434242
vt 0.337483 0.420804
vt 0.331850 0.422968
vt 0.337830 0.409693
vt 0.332183 0.412324
vt 0.092185 0.914692
vt 0.096742 0.912842
vt 0.094500 0.920413
vt 0.097094 0.926003
vt 0.201430 0.872787
vt 0.202464 0.871639
vt 0.204780 0.869457
vt 0.203185 0.870838
vt 0.203276 0.870737
vt 0.203716 0.870249
vt 0.204122 0.869798
vt 0.204459 0.869424
vt 0.187906 0.887807
vt 0.198091 0.876495
vt 0.200638 0.873667
vt 0.157421 0.921732
vt 0.167565 0.910429
vt 0.177729 0.899119
vt 0.134051 0.947852
vt 0.144118 0.936586
vt 0.151251 0.928617
vt 0.289621 0.779918
vt 0.285883 0.783731
vt 0.277704 0.776990
vt 0.281084 0.772882
vt 0.268650 0.770826
vt 0.271633 0.766447
vt 0.263623 0.761927
vt 0.258770 0.765386
vt 0.261320 0.760769
vt 0.248148 0.760816
vt 0.250231 0.755999
vt 0.236896 0.757250
vt 0.238486 0.752276
vt 0.225160 0.754801
vt 0.226236 0.749719
vt 0.213109 0.753551
vt 0.213656 0.748415
vt 0.200928 0.753551
vt 0.200940 0.748415
vt 0.188812 0.754811
vt 0.188293 0.749730
vt 0.176952 0.757299
vt 0.175914 0.752328
vt 0.165531 0.760949
vt 0.163991 0.756138
vt 0.154705 0.765660
vt 0.152691 0.761055
vt 0.144609 0.771303
vt 0.142152 0.766946
vt 0.135340 0.777736
vt 0.132477 0.773660
vt 0.126967 0.784804
vt 0.123737 0.781038
vt 0.208847 0.873128
vt 0.135806 0.954215
vt 0.205882 0.868714
vt 0.207173 0.868574
vt 0.208408 0.869065
vt 0.209277 0.872488
vt 0.209553 0.871235
vt 0.209546 0.871093
vt 0.209129 0.869830
vt 0.134721 0.954951
vt 0.205276 0.868804
vt 0.204826 0.869085
vt 0.283383 0.503269
vt 0.290233 0.503426
vt 0.283387 0.503715
vt 0.290237 0.504130
vt 0.283387 0.503973
vt 0.283385 0.504225
vt 0.283375 0.504776
vt 0.290211 0.505412
vt 0.283361 0.505255
vt 0.290206 0.505551
vt 0.283356 0.505394
vt 0.283274 0.506742
vt 0.283289 0.506566
vt 0.290139 0.506723
vt 0.283305 0.506347
vt 0.283334 0.505871
vt 0.283241 0.507046
vt 0.290071 0.507352
vt 0.283221 0.507195
vt 0.303497 0.424639
vt 0.303503 0.424703
vt 0.303452 0.424545
vt 0.289982 0.507623
vt 0.283136 0.507467
vt 0.283172 0.507420
vt 0.283208 0.507272
vt 0.205561 0.868682
vt 0.205793 0.868609
vt 0.206351 0.868521
vt 0.303503 0.424138
vt 0.133458 0.969796
vt 0.136280 0.965631
vt 0.142909 0.976231
vt 0.145334 0.971796
vt 0.153222 0.981909
vt 0.155214 0.977236
vt 0.164311 0.986679
vt 0.165837 0.981805
vt 0.176055 0.990402
vt 0.177088 0.985371
vt 0.188306 0.992959
vt 0.188824 0.987821
vt 0.200886 0.994263
vt 0.200876 0.989070
vt 0.213601 0.994263
vt 0.213057 0.989070
vt 0.226249 0.992948
vt 0.225173 0.987811
vt 0.238628 0.990350
vt 0.237032 0.985322
vt 0.250551 0.986540
vt 0.248454 0.981672
vt 0.261851 0.981623
vt 0.259279 0.976962
vt 0.272390 0.975732
vt 0.269376 0.971318
vt 0.282065 0.969018
vt 0.278644 0.964886
vt 0.290805 0.961640
vt 0.287017 0.957818
vt 0.298574 0.953759
vt 0.294460 0.950268
vt 0.123814 0.946965
vt 0.131621 0.954741
vt 0.128723 0.942406
vt 0.123449 0.796056
vt 0.116482 0.804598
vt 0.126168 0.944763
vt 0.119363 0.936505
vt 0.122136 0.934412
vt 0.113400 0.927618
vt 0.116364 0.925811
vt 0.108336 0.918190
vt 0.111462 0.916684
vt 0.104220 0.908310
vt 0.107478 0.907121
vt 0.101090 0.898073
vt 0.104449 0.897212
vt 0.098979 0.887578
vt 0.102404 0.887053
vt 0.097905 0.876926
vt 0.101365 0.876743
vt 0.097879 0.866220
vt 0.101340 0.866379
vt 0.098901 0.855563
vt 0.102330 0.856064
vt 0.100962 0.845057
vt 0.104325 0.845894
vt 0.104042 0.834803
vt 0.107306 0.835970
vt 0.108111 0.824901
vt 0.111244 0.826385
vt 0.113129 0.815446
vt 0.116102 0.817232
vt 0.119049 0.806529
vt 0.121832 0.808601
vt 0.125813 0.798235
vt 0.128380 0.800573
vt 0.116806 0.938460
vt 0.110665 0.929308
vt 0.105449 0.919598
vt 0.101210 0.909422
vt 0.097987 0.898879
vt 0.095812 0.888071
vt 0.094706 0.877100
vt 0.094679 0.866074
vt 0.095732 0.855098
vt 0.097855 0.844278
vt 0.101026 0.833718
vt 0.105217 0.823520
vt 0.110385 0.813782
vt 0.106630 0.809608
vt 0.101194 0.819500
vt 0.096627 0.830135
vt 0.093062 0.841399
vt 0.090613 0.853149
vt 0.089362 0.865214
vt 0.089359 0.877408
vt 0.090615 0.889537
vt 0.093098 0.901409
vt 0.166412 0.907166
vt 0.163258 0.903284
vt 0.147211 0.924415
vt 0.184011 0.887902
vt 0.182527 0.885677
vt 0.181234 0.883262
vt 0.180165 0.880680
vt 0.179348 0.877963
vt 0.178807 0.875151
vt 0.178555 0.872285
vt 0.178598 0.869410
vt 0.178932 0.866572
vt 0.179546 0.863814
vt 0.178996 0.846427
vt 0.180417 0.861174
vt 0.181520 0.858684
vt 0.182823 0.856372
vt 0.163799 0.838542
vt 0.144515 0.815219
vt 0.160673 0.829856
vt 0.166577 0.835198
vt 0.143342 0.822833
vt 0.142541 0.918670
vt 0.160403 0.899003
vt 0.138315 0.912332
vt 0.157915 0.894355
vt 0.134632 0.905451
vt 0.155858 0.889387
vt 0.131588 0.898097
vt 0.154287 0.884160
vt 0.129263 0.890361
vt 0.153246 0.878749
vt 0.127720 0.882351
vt 0.152761 0.873234
vt 0.127003 0.874187
vt 0.152844 0.867703
vt 0.127125 0.866000
vt 0.153487 0.862242
vt 0.128078 0.857916
vt 0.154667 0.856935
vt 0.129825 0.850059
vt 0.156344 0.851855
vt 0.132307 0.842539
vt 0.158466 0.847065
vt 0.135448 0.835450
vt 0.160973 0.842616
vt 0.139159 0.828864
vt 0.159931 0.772843
vt 0.152261 0.780850
vt 0.150517 0.777912
vt 0.141838 0.788027
vt 0.141644 0.783880
vt 0.135682 0.793225
vt 0.133398 0.790690
vt 0.174199 0.770830
vt 0.170933 0.771949
vt 0.169796 0.768722
vt 0.169560 0.772456
vt 0.157267 0.778012
vt 0.179790 0.769185
vt 0.180016 0.765589
vt 0.180832 0.768915
vt 0.190494 0.763473
vt 0.192119 0.766701
vt 0.201129 0.762396
vt 0.201280 0.765823
vt 0.211817 0.762368
vt 0.210482 0.765749
vt 0.222457 0.763389
vt 0.221936 0.766784
vt 0.242007 0.771761
vt 0.233482 0.769134
vt 0.232945 0.765448
vt 0.228730 0.768003
vt 0.222970 0.766940
vt 0.243181 0.768528
vt 0.253066 0.772596
vt 0.246309 0.773396
vt 0.269343 0.786297
vt 0.262685 0.781763
vt 0.262504 0.777615
vt 0.260722 0.780563
vt 0.253075 0.776419
vt 0.271406 0.783536
vt 0.279684 0.790302
vt 0.277361 0.792850
vt 0.281938 0.787867
vt 0.273409 0.780897
vt 0.264239 0.774798
vt 0.254516 0.769628
vt 0.244334 0.765436
vt 0.233790 0.762264
vt 0.222985 0.760143
vt 0.212025 0.759091
vt 0.201015 0.759120
vt 0.190060 0.760230
vt 0.179266 0.762409
vt 0.168737 0.765636
vt 0.158575 0.769881
vt 0.148877 0.775103
vt 0.139737 0.781251
vt 0.131242 0.788266
vt 0.301194 0.942079
vt 0.305604 0.945211
vt 0.307355 0.933013
vt 0.312035 0.935748
vt 0.312791 0.923122
vt 0.317709 0.925422
vt 0.317358 0.912486
vt 0.322476 0.914320
vt 0.320922 0.901222
vt 0.326197 0.902562
vt 0.323372 0.889473
vt 0.328754 0.890298
vt 0.324623 0.877408
vt 0.330060 0.877703
vt 0.324625 0.865213
vt 0.330062 0.864974
vt 0.323370 0.853084
vt 0.328752 0.852313
vt 0.320886 0.841213
vt 0.326160 0.839921
vt 0.317243 0.829779
vt 0.322357 0.827986
vt 0.312540 0.818944
vt 0.317448 0.816675
vt 0.306905 0.808837
vt 0.311565 0.806126
vt 0.300482 0.799560
vt 0.304860 0.796442
vt 0.293423 0.791180
vt 0.297492 0.787694
vt 0.283375 0.502827
vt 0.283367 0.502326
vt 0.283359 0.501867
vt 0.283344 0.500922
vt 0.283336 0.500465
vt 0.283323 0.499583
vt 0.283293 0.497661
vt 0.283219 0.492053
vt 0.283136 0.480840
vt 0.283370 0.458438
vt 0.283652 0.449904
vt 0.284755 0.431301
vt 0.286512 0.414000
vt 0.134991 0.954795
vt 0.135731 0.954207
vt 0.142068 0.959033
vt 0.253543 0.969727
vt 0.261160 0.961715
vt 0.262957 0.964658
vt 0.271823 0.954349
vt 0.271829 0.958690
vt 0.277739 0.949339
vt 0.280075 0.951880
vt 0.285042 0.941992
vt 0.287615 0.944294
vt 0.240089 0.971449
vt 0.242488 0.970615
vt 0.243677 0.973848
vt 0.244458 0.969881
vt 0.256691 0.964266
vt 0.234387 0.973177
vt 0.233457 0.976981
vt 0.232589 0.973650
vt 0.222979 0.979096
vt 0.222507 0.975688
vt 0.212344 0.980173
vt 0.212142 0.976741
vt 0.201656 0.980201
vt 0.204461 0.976859
vt 0.191016 0.979181
vt 0.191485 0.975780
vt 0.180528 0.977121
vt 0.186480 0.974927
vt 0.161841 0.966863
vt 0.169094 0.969948
vt 0.170292 0.974042
vt 0.171414 0.970803
vt 0.181338 0.973788
vt 0.160408 0.969974
vt 0.150969 0.964955
vt 0.152814 0.962070
vt 0.144831 0.956818
vt 0.144078 0.956267
vt 0.138118 0.951523
vt 0.140173 0.961684
vt 0.134103 0.955090
vt 0.134663 0.954945
vt 0.149343 0.967783
vt 0.159066 0.972953
vt 0.169249 0.977144
vt 0.179793 0.980316
vt 0.190597 0.982438
vt 0.201557 0.983489
vt 0.212568 0.983460
vt 0.223523 0.982351
vt 0.234317 0.980172
vt 0.244846 0.976944
vt 0.255008 0.972699
vt 0.264706 0.967478
vt 0.273846 0.961330
vt 0.282340 0.954314
vt 0.290107 0.946500
vt 0.292385 0.948485
vt 0.284414 0.956505
vt 0.275696 0.963704
vt 0.266316 0.970014
vt 0.256363 0.975373
vt 0.245934 0.979729
vt 0.235129 0.983042
vt 0.224051 0.985278
vt 0.212808 0.986417
vt 0.152471 0.812791
vt 0.189485 0.849051
vt 0.191685 0.847524
vt 0.194082 0.846183
vt 0.196652 0.845064
vt 0.199363 0.844197
vt 0.202179 0.843606
vt 0.205055 0.843306
vt 0.206851 0.868541
vt 0.207948 0.843306
vt 0.206914 0.868551
vt 0.210809 0.843602
vt 0.213596 0.844184
vt 0.207448 0.868691
vt 0.216267 0.845030
vt 0.218789 0.846115
vt 0.207925 0.868925
vt 0.221135 0.847406
vt 0.208086 0.869032
vt 0.226808 0.794146
vt 0.218871 0.792490
vt 0.210720 0.791646
vt 0.254406 0.807494
vt 0.248283 0.803325
vt 0.241601 0.799646
vt 0.259937 0.812052
vt 0.242771 0.831030
vt 0.238828 0.828180
vt 0.234417 0.796557
vt 0.178545 0.796654
vt 0.186269 0.794184
vt 0.158132 0.808010
vt 0.164398 0.803659
vt 0.171225 0.799841
vt 0.234691 0.825364
vt 0.230177 0.822879
vt 0.225324 0.820791
vt 0.220184 0.819163
vt 0.214822 0.818044
vt 0.209316 0.817474
vt 0.202482 0.791647
vt 0.203751 0.817475
vt 0.194289 0.792500
vt 0.198215 0.818051
vt 0.192798 0.819189
vt 0.187580 0.820857
vt 0.182635 0.823010
vt 0.178023 0.825589
vt 0.173790 0.828529
vt 0.169966 0.831758
vt 0.266563 0.804743
vt 0.242564 0.831259
vt 0.225227 0.850470
vt 0.208325 0.869225
vt 0.297072 0.937961
vt 0.305082 0.824406
vt 0.297057 0.816754
vt 0.300021 0.814983
vt 0.289890 0.806320
vt 0.294061 0.806102
vt 0.284699 0.800159
vt 0.287261 0.797848
vt 0.307061 0.838713
vt 0.305943 0.835444
vt 0.309197 0.834281
vt 0.305448 0.834098
vt 0.299891 0.821764
vt 0.308711 0.844339
vt 0.312324 0.844512
vt 0.308972 0.845353
vt 0.314434 0.855001
vt 0.311182 0.856651
vt 0.315508 0.865647
vt 0.312056 0.865822
vt 0.315534 0.876347
vt 0.312129 0.875034
vt 0.314512 0.886998
vt 0.311092 0.886501
vt 0.306116 0.906595
vt 0.308735 0.898089
vt 0.312452 0.897498
vt 0.309872 0.893303
vt 0.310931 0.887566
vt 0.309374 0.907746
vt 0.305308 0.917642
vt 0.304481 0.910902
vt 0.291589 0.933964
vt 0.296120 0.927298
vt 0.300292 0.927092
vt 0.297320 0.925332
vt 0.301447 0.917702
vt 0.294376 0.936005
vt 0.303166 0.928779
vt 0.308333 0.919045
vt 0.312522 0.908850
vt 0.315693 0.898294
vt 0.317815 0.887477
vt 0.318867 0.876505
vt 0.318841 0.865482
vt 0.317735 0.854516
vt 0.315561 0.843711
vt 0.312339 0.833171
vt 0.308101 0.822999
vt 0.302887 0.813292
vt 0.296748 0.804143
vt 0.289742 0.795641
vt 0.208526 0.873096
vt 0.225240 0.888179
vt 0.223561 0.893435
vt 0.208177 0.873483
vt 0.221394 0.894949
vt 0.207780 0.873923
vt 0.219035 0.896281
vt 0.216505 0.897398
vt 0.207418 0.874326
vt 0.213836 0.898272
vt 0.211062 0.898878
vt 0.206671 0.875154
vt 0.208225 0.899200
vt 0.206310 0.875556
vt 0.205369 0.899231
vt 0.205613 0.876329
vt 0.202537 0.898972
vt 0.199773 0.898434
vt 0.204094 0.878015
vt 0.197117 0.897633
vt 0.194602 0.896596
vt 0.199664 0.882935
vt 0.192254 0.895353
vt 0.190806 0.892775
vt 0.174967 0.914892
vt 0.173121 0.912443
vt 0.159874 0.935852
vt 0.166390 0.919939
vt 0.151730 0.936295
vt 0.187437 0.948665
vt 0.195309 0.950200
vt 0.179871 0.946386
vt 0.172707 0.943432
vt 0.166022 0.939890
vt 0.179120 0.917619
vt 0.183636 0.920012
vt 0.188476 0.922008
vt 0.193587 0.923548
vt 0.198905 0.924584
vt 0.203374 0.950937
vt 0.204353 0.925082
vt 0.211510 0.950849
vt 0.209850 0.925022
vt 0.219591 0.949930
vt 0.215308 0.924402
vt 0.227491 0.948204
vt 0.243127 0.910737
vt 0.260771 0.929702
vt 0.239358 0.913930
vt 0.255190 0.934429
vt 0.235188 0.916842
vt 0.249019 0.938739
vt 0.230649 0.919405
vt 0.242299 0.942533
vt 0.225782 0.921555
vt 0.235095 0.945716
vt 0.220645 0.923236
vt 0.265736 0.924658
vt 0.246482 0.907330
vt 0.258424 0.918081
vt 0.265037 0.817090
vt 0.228693 0.854229
vt 0.208665 0.869593
vt 0.208807 0.869797
vt 0.230218 0.856432
vt 0.208946 0.870043
vt 0.231556 0.858831
vt 0.232672 0.861404
vt 0.209141 0.870560
vt 0.233537 0.864119
vt 0.234126 0.866938
vt 0.209225 0.871060
vt 0.234424 0.869817
vt 0.209231 0.871202
vt 0.234423 0.872713
vt 0.209198 0.871683
vt 0.234126 0.875577
vt 0.233543 0.878367
vt 0.209058 0.872218
vt 0.232696 0.881041
vt 0.208956 0.872456
vt 0.231612 0.883566
vt 0.208825 0.872695
vt 0.230320 0.885914
vt 0.249550 0.903599
vt 0.283625 0.891510
vt 0.285283 0.883565
vt 0.286131 0.875406
vt 0.270279 0.919137
vt 0.274446 0.913007
vt 0.278123 0.906319
vt 0.281213 0.899127
vt 0.281144 0.843195
vt 0.283608 0.850928
vt 0.269810 0.822758
vt 0.274154 0.829032
vt 0.277964 0.835867
vt 0.252365 0.899459
vt 0.254849 0.894940
vt 0.256937 0.890082
vt 0.258566 0.884937
vt 0.259686 0.879569
vt 0.260259 0.874058
vt 0.286134 0.867159
vt 0.260261 0.868487
vt 0.285286 0.858957
vt 0.259688 0.862945
vt 0.258554 0.857522
vt 0.256890 0.852298
vt 0.254742 0.847347
vt 0.252168 0.842730
vt 0.249233 0.838491
vt 0.246009 0.834663
vt 0.347305 0.495122
vt 0.343475 0.494699
vt 0.343530 0.485627
vt 0.347362 0.476359
vt 0.343530 0.476516
vt 0.343475 0.467451
vt 0.347192 0.457780
vt 0.343365 0.458513
vt 0.343202 0.449783
vt 0.346801 0.440058
vt 0.342986 0.441340
vt 0.346204 0.423834
vt 0.342721 0.433261
vt 0.342408 0.425618
vt 0.342049 0.418481
vt 0.345422 0.409693
vt 0.776972 0.543709
vt 0.784314 0.549102
vt 0.792136 0.553772
vt 0.800366 0.557678
vt 0.808930 0.560784
vt 0.817751 0.563062
vt 0.826747 0.564490
vt 0.835839 0.565058
vt 0.844944 0.564758
vt 0.853978 0.563594
vt 0.862861 0.561576
vt 0.871512 0.558724
vt 0.879853 0.555061
vt 0.887808 0.550623
vt 0.895304 0.545448
vt 0.902275 0.539584
vt 0.908657 0.533084
vt 0.914392 0.526007
vt 0.919428 0.518416
vt 0.923720 0.510381
vt 0.927229 0.501974
vt 0.929923 0.493272
vt 0.931777 0.484352
vt 0.932775 0.475298
vt 0.932908 0.466188
vt 0.932175 0.457108
vt 0.930581 0.448138
vt 0.928143 0.439360
vt 0.924881 0.430854
vt 0.920825 0.422696
vt 0.916013 0.414961
vt 0.910487 0.407718
vt 0.904298 0.401033
vt 0.897501 0.394967
vt 0.890158 0.389574
vt 0.882337 0.384904
vt 0.874107 0.380998
vt 0.865543 0.377892
vt 0.856722 0.375614
vt 0.847725 0.374186
vt 0.838634 0.373619
vt 0.829529 0.373918
vt 0.820494 0.375082
vt 0.811611 0.377100
vt 0.802960 0.379952
vt 0.794620 0.383615
vt 0.786665 0.388053
vt 0.779168 0.393228
vt 0.772198 0.399092
vt 0.765816 0.405592
vt 0.760081 0.412670
vt 0.331258 0.532109
vt 0.327389 0.523954
vt 0.755044 0.420260
vt 0.345834 0.545857
vt 0.342049 0.543863
vt 0.342408 0.536677
vt 0.346527 0.530511
vt 0.342721 0.528992
vt 0.342986 0.520877
vt 0.347024 0.513393
vt 0.343202 0.512404
vt 0.343365 0.503652
vt 0.750001 0.489163
vt 0.748513 0.480784
vt 0.837197 0.469360
vt 0.747828 0.472302
vt 0.747952 0.463793
vt 0.759115 0.512929
vt 0.755326 0.505308
vt 0.752279 0.497362
vt 0.774554 0.533165
vt 0.768772 0.526920
vt 0.763610 0.520154
vt 0.795068 0.548232
vt 0.787762 0.543869
vt 0.780903 0.538831
vt 0.818995 0.556909
vt 0.810756 0.554781
vt 0.802756 0.551880
vt 0.844397 0.558493
vt 0.835892 0.558773
vt 0.827399 0.558244
vt 0.869215 0.552857
vt 0.861134 0.555522
vt 0.852836 0.557406
vt 0.891440 0.540456
vt 0.884437 0.545290
vt 0.877006 0.549436
vt 0.909270 0.522295
vt 0.903913 0.528906
vt 0.897951 0.534978
vt 0.921261 0.499846
vt 0.917984 0.507698
vt 0.913975 0.515204
vt 0.926442 0.474927
vt 0.925510 0.483385
vt 0.923778 0.491717
vt 0.924393 0.449556
vt 0.925881 0.457935
vt 0.926566 0.466417
vt 0.915280 0.425791
vt 0.919068 0.433411
vt 0.922115 0.441357
vt 0.899840 0.405554
vt 0.905622 0.411799
vt 0.910784 0.418565
vt 0.879326 0.390487
vt 0.886633 0.394850
vt 0.893492 0.399888
vt 0.855399 0.381810
vt 0.863639 0.383938
vt 0.871638 0.386839
vt 0.829997 0.380226
vt 0.838502 0.379946
vt 0.846995 0.380475
vt 0.805179 0.385862
vt 0.813260 0.383198
vt 0.821558 0.381313
vt 0.782954 0.398263
vt 0.789957 0.393430
vt 0.797388 0.389283
vt 0.765124 0.416424
vt 0.770481 0.409813
vt 0.776443 0.403741
vt 0.753133 0.438874
vt 0.756411 0.431021
vt 0.760420 0.423515
vt 0.748885 0.455334
vt 0.750617 0.447003
vt 0.744361 0.472411
vt 0.741565 0.472488
vt 0.744490 0.463571
vt 0.741697 0.463379
vt 0.745459 0.454783
vt 0.742696 0.454324
vt 0.747258 0.446127
vt 0.744550 0.445404
vt 0.749873 0.437682
vt 0.747244 0.436702
vt 0.753278 0.429523
vt 0.750753 0.428295
vt 0.757443 0.421726
vt 0.762331 0.414359
vt 0.767896 0.407491
vt 0.774089 0.401182
vt 0.780854 0.395492
vt 0.788130 0.390470
vt 0.795849 0.386162
vt 0.803944 0.382608
vt 0.812339 0.379840
vt 0.820960 0.377882
vt 0.829728 0.376752
vt 0.838563 0.376461
vt 0.847387 0.377012
vt 0.856118 0.378398
vt 0.864678 0.380609
vt 0.872989 0.383623
vt 0.880976 0.387413
vt 0.888566 0.391946
vt 0.895692 0.397179
vt 0.902288 0.403066
vt 0.908294 0.409554
vt 0.913657 0.416583
vt 0.918328 0.424090
vt 0.922264 0.432007
vt 0.925429 0.440262
vt 0.927796 0.448780
vt 0.929342 0.457485
vt 0.930054 0.466297
vt 0.929925 0.475137
vt 0.928956 0.483925
vt 0.927156 0.492581
vt 0.924542 0.501026
vt 0.921137 0.509184
vt 0.916972 0.516982
vt 0.912085 0.524349
vt 0.906519 0.531217
vt 0.900326 0.537525
vt 0.893561 0.543216
vt 0.886285 0.548238
vt 0.878565 0.552546
vt 0.870471 0.556100
vt 0.862076 0.558868
vt 0.853455 0.560826
vt 0.844687 0.561956
vt 0.835851 0.562247
vt 0.827028 0.561696
vt 0.818297 0.560310
vt 0.809737 0.558099
vt 0.801426 0.555085
vt 0.793439 0.551295
vt 0.785848 0.546762
vt 0.778723 0.541529
vt 0.772127 0.535641
vt 0.770175 0.537643
vt 0.766120 0.529154
vt 0.763986 0.530958
vt 0.760758 0.522125
vt 0.758460 0.523715
vt 0.756087 0.514618
vt 0.753647 0.515980
vt 0.752151 0.506701
vt 0.749592 0.507822
vt 0.748986 0.498446
vt 0.746330 0.499316
vt 0.746619 0.489928
vt 0.743891 0.490538
vt 0.745073 0.481223
vt 0.742298 0.481568
vt 0.727127 0.472926
vt 0.724897 0.471742
vt 0.725789 0.470789
vt 0.724602 0.473013
vt 0.728308 0.470707
vt 0.729260 0.471598
vt 0.727037 0.470411
vt 0.729343 0.474117
vt 0.728452 0.475069
vt 0.729639 0.472847
vt 0.725933 0.475152
vt 0.724981 0.474261
vt 0.727203 0.475448
vt 0.722994 0.470746
vt 0.724641 0.468986
vt 0.726948 0.468286
vt 0.729295 0.468832
vt 0.731055 0.470480
vt 0.731755 0.472787
vt 0.731209 0.475134
vt 0.729561 0.476894
vt 0.727255 0.477594
vt 0.724907 0.477047
vt 0.723148 0.475400
vt 0.722447 0.473093
vt 0.721706 0.470088
vt 0.723858 0.467789
vt 0.726872 0.466874
vt 0.729939 0.467589
vt 0.327389 0.528796
vt 0.325211 0.529942
vt 0.325068 0.527430
vt 0.327280 0.526874
vt 0.325016 0.524304
vt 0.327240 0.524481
vt 0.325068 0.521403
vt 0.327280 0.522261
vt 0.325211 0.519503
vt 0.327389 0.520807
vt 0.730287 0.478122
vt 0.727274 0.479037
vt 0.724206 0.478322
vt 0.721907 0.476170
vt 0.720992 0.473156
vt 0.325406 0.531167
vt 0.322891 0.531686
vt 0.322680 0.530359
vt 0.322525 0.527640
vt 0.322468 0.524257
vt 0.322525 0.521117
vt 0.322680 0.519061
vt 0.947618 0.465600
vt 0.944702 0.464055
vt 0.945867 0.462811
vt 0.944316 0.465715
vt 0.949158 0.462703
vt 0.950402 0.463868
vt 0.947498 0.462316
vt 0.950511 0.467159
vt 0.949346 0.468403
vt 0.950898 0.465499
vt 0.946055 0.468511
vt 0.944811 0.467346
vt 0.947715 0.468898
vt 0.942544 0.462937
vt 0.944561 0.460782
vt 0.947386 0.459924
vt 0.950262 0.460594
vt 0.952417 0.462612
vt 0.256540 0.530113
vt 0.254000 0.531041
vt 0.253951 0.528111
vt 0.256512 0.528421
vt 0.254000 0.525392
vt 0.256540 0.526851
vt 0.952605 0.468312
vt 0.950588 0.470468
vt 0.947763 0.471325
vt 0.944887 0.470655
vt 0.942732 0.468637
vt 0.941874 0.465812
vt 0.254317 0.534544
vt 0.251031 0.535447
vt 0.250820 0.534121
vt 0.254134 0.533396
vt 0.250665 0.531402
vt 0.250608 0.528019
vt 0.250665 0.524879
vt 0.250820 0.522822
vt 0.254134 0.523611
vt 0.833700 0.359010
vt 0.830783 0.357465
vt 0.831948 0.356221
vt 0.830397 0.359125
vt 0.835239 0.356112
vt 0.836483 0.357277
vt 0.833579 0.355725
vt 0.836592 0.360568
vt 0.835427 0.361813
vt 0.836979 0.358908
vt 0.832136 0.361921
vt 0.830892 0.360756
vt 0.833796 0.362308
vt 0.828625 0.356347
vt 0.830643 0.354191
vt 0.833467 0.353334
vt 0.836343 0.354004
vt 0.838498 0.356021
vt 0.337190 0.535348
vt 0.334650 0.536276
vt 0.334601 0.533346
vt 0.337162 0.533656
vt 0.334650 0.530627
vt 0.337190 0.532086
vt 0.838686 0.361722
vt 0.836668 0.363877
vt 0.833844 0.364735
vt 0.830968 0.364065
vt 0.828813 0.362047
vt 0.827955 0.359222
vt 0.334967 0.539780
vt 0.331681 0.540683
vt 0.331470 0.539356
vt 0.334784 0.538631
vt 0.331315 0.536637
vt 0.331258 0.533254
vt 0.331315 0.530114
vt 0.331470 0.528057
vt 0.334784 0.528846
vt 0.841046 0.579516
vt 0.838130 0.577971
vt 0.839294 0.576727
vt 0.837743 0.579631
vt 0.842585 0.576618
vt 0.843830 0.577783
vt 0.840925 0.576231
vt 0.843938 0.581074
vt 0.842774 0.582319
vt 0.844325 0.579414
vt 0.839483 0.582427
vt 0.838238 0.581262
vt 0.841143 0.582814
vt 0.835971 0.576853
vt 0.837989 0.574697
vt 0.840814 0.573840
vt 0.843689 0.574510
vt 0.845844 0.576528
vt 0.331258 0.539399
vt 0.328718 0.540327
vt 0.328669 0.537398
vt 0.331230 0.537708
vt 0.328718 0.534678
vt 0.331258 0.536138
vt 0.846032 0.582228
vt 0.844015 0.584383
vt 0.841190 0.585241
vt 0.838315 0.584571
vt 0.836160 0.582553
vt 0.835302 0.579728
vt 0.329036 0.543831
vt 0.325749 0.544734
vt 0.325538 0.543407
vt 0.328853 0.542682
vt 0.325383 0.540688
vt 0.325327 0.537305
vt 0.325383 0.534165
vt 0.325538 0.532109
vt 0.328853 0.532897
vt 0.555480 0.793433
vt 0.544055 0.789536
vt 0.547599 0.785657
vt 0.539051 0.778621
vt 0.535866 0.782796
vt 0.529588 0.772186
vt 0.526801 0.776631
vt 0.519263 0.766508
vt 0.516909 0.771191
vt 0.508162 0.761738
vt 0.506275 0.766622
vt 0.496404 0.758016
vt 0.495011 0.763056
vt 0.484140 0.755459
vt 0.483262 0.760606
vt 0.471547 0.754155
vt 0.471198 0.759357
vt 0.458819 0.754155
vt 0.459005 0.759357
vt 0.446159 0.755469
vt 0.446877 0.760617
vt 0.433768 0.758067
vt 0.435007 0.763105
vt 0.421835 0.761877
vt 0.423575 0.766755
vt 0.410525 0.766794
vt 0.412740 0.771465
vt 0.399977 0.772685
vt 0.402635 0.777109
vt 0.390295 0.779399
vt 0.407032 0.780925
vt 0.397881 0.787075
vt 0.393359 0.783541
vt 0.381548 0.786777
vt 0.389378 0.794092
vt 0.384980 0.790609
vt 0.381603 0.801909
vt 0.383400 0.801359
vt 0.384269 0.801320
vt 0.385156 0.801583
vt 0.391558 0.796511
vt 0.385787 0.802012
vt 0.382604 0.801662
vt 0.377533 0.798159
vt 0.370794 0.806348
vt 0.381644 0.802585
vt 0.374662 0.810474
vt 0.381929 0.802208
vt 0.366739 0.803207
vt 0.360305 0.812670
vt 0.364630 0.815414
vt 0.229276 0.409693
vt 0.235474 0.412843
vt 0.228852 0.419368
vt 0.368563 0.819655
vt 0.359192 0.825305
vt 0.235069 0.422111
vt 0.363395 0.829389
vt 0.371370 0.821344
vt 0.377290 0.812431
vt 0.366352 0.830794
vt 0.369459 0.832245
vt 0.374245 0.823220
vt 0.379496 0.815227
vt 0.400415 0.830413
vt 0.380046 0.814473
vt 0.399975 0.822235
vt 0.384789 0.808505
vt 0.382116 0.806084
vt 0.381533 0.805330
vt 0.381243 0.804426
vt 0.381283 0.803458
vt 0.416300 0.836979
vt 0.421349 0.845592
vt 0.423797 0.843746
vt 0.443453 0.861479
vt 0.453291 0.870349
vt 0.440876 0.862928
vt 0.439633 0.865278
vt 0.416230 0.854273
vt 0.418622 0.849751
vt 0.458210 0.874785
vt 0.438596 0.867796
vt 0.414235 0.859118
vt 0.412695 0.864235
vt 0.387606 0.858010
vt 0.389884 0.850435
vt 0.362530 0.851777
vt 0.386072 0.865890
vt 0.361392 0.856925
vt 0.357149 0.861437
vt 0.360539 0.861936
vt 0.360499 0.862214
vt 0.356129 0.872089
vt 0.359462 0.874925
vt 0.359580 0.882615
vt 0.356158 0.882789
vt 0.352893 0.882951
vt 0.352863 0.871929
vt 0.354003 0.893918
vt 0.349972 0.883092
vt 0.351112 0.894346
vt 0.347362 0.871019
vt 0.347363 0.883213
vt 0.348624 0.895342
vt 0.227697 0.490921
vt 0.233958 0.478464
vt 0.233962 0.490658
vt 0.227784 0.503517
vt 0.234046 0.502725
vt 0.351113 0.907213
vt 0.227951 0.515785
vt 0.353349 0.905435
vt 0.354764 0.918647
vt 0.234205 0.514478
vt 0.305196 0.463510
vt 0.302986 0.465513
vt 0.302986 0.452466
vt 0.228192 0.527549
vt 0.234436 0.525747
vt 0.228499 0.538657
vt 0.234730 0.536389
vt 0.228864 0.548990
vt 0.361019 0.926691
vt 0.365119 0.939589
vt 0.359475 0.929482
vt 0.235079 0.546288
vt 0.366378 0.936653
vt 0.371552 0.948866
vt 0.363657 0.925434
vt 0.356662 0.916251
vt 0.359412 0.915262
vt 0.366607 0.924029
vt 0.368879 0.935141
vt 0.362486 0.914154
vt 0.371677 0.933452
vt 0.372688 0.946042
vt 0.375028 0.944290
vt 0.377645 0.942333
vt 0.375683 0.933424
vt 0.374610 0.931682
vt 0.397536 0.919655
vt 0.393742 0.912929
vt 0.372059 0.927209
vt 0.366442 0.914964
vt 0.390559 0.905718
vt 0.365708 0.912992
vt 0.364874 0.910591
vt 0.363146 0.904884
vt 0.388070 0.898106
vt 0.357236 0.893434
vt 0.360634 0.892991
vt 0.359352 0.903923
vt 0.386343 0.890198
vt 0.411843 0.885980
vt 0.411222 0.880515
vt 0.385424 0.882109
vt 0.437030 0.878917
vt 0.436999 0.876057
vt 0.411162 0.875013
vt 0.437353 0.881757
vt 0.461071 0.877364
vt 0.460670 0.877002
vt 0.459897 0.876305
vt 0.437258 0.873223
vt 0.437796 0.870456
vt 0.411659 0.869559
vt 0.385335 0.873964
vt 0.461900 0.878111
vt 0.462303 0.878474
vt 0.438833 0.887206
vt 0.437959 0.884534
vt 0.414691 0.896464
vt 0.413010 0.891322
vt 0.416841 0.901336
vt 0.439951 0.889738
vt 0.419404 0.905880
vt 0.401846 0.925832
vt 0.422316 0.910053
vt 0.441283 0.892099
vt 0.442796 0.894268
vt 0.425509 0.913826
vt 0.406574 0.931417
vt 0.387653 0.949002
vt 0.394333 0.955585
vt 0.418175 0.929107
vt 0.411618 0.936388
vt 0.428917 0.917183
vt 0.448035 0.895968
vt 0.432647 0.920254
vt 0.436788 0.923071
vt 0.417139 0.940933
vt 0.423268 0.945104
vt 0.410993 0.967873
vt 0.429956 0.948784
vt 0.409027 0.966672
vt 0.401646 0.961606
vt 0.409243 0.970819
vt 0.417312 0.978805
vt 0.418692 0.975838
vt 0.400331 0.964899
vt 0.407578 0.973635
vt 0.423950 0.987609
vt 0.427506 0.982996
vt 0.413315 0.983039
vt 0.403424 0.977600
vt 0.400801 0.981968
vt 0.411126 0.987647
vt 0.422227 0.992417
vt 0.435214 0.991175
vt 0.433985 0.996139
vt 0.438062 0.986168
vt 0.446962 0.993625
vt 0.448878 0.988290
vt 0.438836 0.982986
vt 0.428589 0.979907
vt 0.443020 0.980432
vt 0.448756 0.981490
vt 0.449335 0.985046
vt 0.429729 0.976674
vt 0.438234 0.979294
vt 0.444764 0.954288
vt 0.452709 0.955946
vt 0.451309 0.929276
vt 0.437147 0.951875
vt 0.446164 0.927646
vt 0.455190 0.903411
vt 0.457864 0.904258
vt 0.456676 0.930396
vt 0.460867 0.956793
vt 0.460654 0.904840
vt 0.462187 0.930967
vt 0.469113 0.956794
vt 0.461288 0.982687
vt 0.470483 0.982613
vt 0.459985 0.986066
vt 0.470684 0.986038
vt 0.479669 0.981735
vt 0.477315 0.955943
vt 0.491979 0.979258
vt 0.481329 0.984961
vt 0.491817 0.982846
vt 0.481836 0.988203
vt 0.492640 0.986023
vt 0.470871 0.989312
vt 0.483348 0.993614
vt 0.495218 0.991126
vt 0.484230 0.998685
vt 0.496620 0.996087
vt 0.506650 0.987476
vt 0.508554 0.992277
vt 0.503179 0.982796
vt 0.517485 0.982765
vt 0.519863 0.987361
vt 0.527590 0.977122
vt 0.530412 0.981470
vt 0.536865 0.970690
vt 0.540094 0.974755
vt 0.545245 0.963622
vt 0.548841 0.967377
vt 0.552692 0.956072
vt 0.556615 0.959496
vt 0.559431 0.947883
vt 0.563650 0.950948
vt 0.565595 0.938817
vt 0.570083 0.941485
vt 0.571033 0.928926
vt 0.575760 0.931160
vt 0.575601 0.918290
vt 0.580529 0.920058
vt 0.579166 0.907026
vt 0.584250 0.908300
vt 0.581614 0.895277
vt 0.586805 0.896035
vt 0.582862 0.883212
vt 0.588108 0.883442
vt 0.582861 0.871018
vt 0.588107 0.870712
vt 0.581601 0.858889
vt 0.586792 0.858051
vt 0.579112 0.847018
vt 0.584193 0.845659
vt 0.575461 0.835584
vt 0.580382 0.833725
vt 0.573923 0.849563
vt 0.570695 0.839024
vt 0.570750 0.824749
vt 0.575464 0.822414
vt 0.565106 0.814642
vt 0.566449 0.828852
vt 0.561227 0.819145
vt 0.567588 0.840147
vt 0.563467 0.830272
vt 0.558398 0.820849
vt 0.555079 0.809996
vt 0.558673 0.805366
vt 0.552429 0.811968
vt 0.551605 0.796985
vt 0.548064 0.801494
vt 0.562858 0.802181
vt 0.569573 0.811864
vt 0.548272 0.812193
vt 0.542470 0.805375
vt 0.545619 0.803715
vt 0.554566 0.821186
vt 0.532597 0.834913
vt 0.528246 0.828641
vt 0.507704 0.844395
vt 0.523465 0.822975
vt 0.510644 0.848633
vt 0.504475 0.840568
vt 0.487173 0.860145
vt 0.488701 0.862347
vt 0.506375 0.831254
vt 0.501036 0.837175
vt 0.497691 0.834396
vt 0.489795 0.849641
vt 0.479853 0.853478
vt 0.466427 0.874812
vt 0.467140 0.875516
vt 0.466801 0.875148
vt 0.465976 0.874404
vt 0.477540 0.852174
vt 0.484379 0.826936
vt 0.489168 0.829059
vt 0.475051 0.851071
vt 0.472411 0.850199
vt 0.479299 0.825258
vt 0.486198 0.800313
vt 0.478341 0.798566
vt 0.473992 0.824078
vt 0.469922 0.771669
vt 0.480237 0.772657
vt 0.470259 0.797614
vt 0.459560 0.771696
vt 0.462072 0.797493
vt 0.468532 0.823435
vt 0.449251 0.772739
vt 0.459387 0.768202
vt 0.470092 0.768173
vt 0.470259 0.764908
vt 0.480749 0.769195
vt 0.481234 0.765959
vt 0.492054 0.768082
vt 0.491254 0.771255
vt 0.502613 0.771255
vt 0.512811 0.775447
vt 0.501507 0.774336
vt 0.522548 0.780619
vt 0.511408 0.778407
vt 0.500330 0.777634
vt 0.509914 0.781574
vt 0.520863 0.783429
vt 0.519067 0.786435
vt 0.529780 0.789353
vt 0.531732 0.786721
vt 0.540274 0.793693
vt 0.538074 0.796123
vt 0.535726 0.798723
vt 0.527698 0.792170
vt 0.513423 0.813839
vt 0.521033 0.815005
vt 0.507393 0.809652
vt 0.500807 0.805939
vt 0.493617 0.831568
vt 0.493717 0.802796
vt 0.490406 0.774652
vt 0.459234 0.764937
vt 0.448265 0.766047
vt 0.448736 0.769279
vt 0.438242 0.771396
vt 0.439093 0.774788
vt 0.445899 0.799759
vt 0.429185 0.777822
vt 0.453909 0.798213
vt 0.457487 0.823840
vt 0.463001 0.823353
vt 0.463941 0.849209
vt 0.466815 0.849251
vt 0.465386 0.873873
vt 0.469653 0.849586
vt 0.465488 0.873964
vt 0.464586 0.873152
vt 0.463438 0.872117
vt 0.458263 0.850004
vt 0.461075 0.849462
vt 0.452076 0.824884
vt 0.446850 0.826458
vt 0.438164 0.802088
vt 0.419622 0.781813
vt 0.430811 0.805138
vt 0.410497 0.786722
vt 0.418127 0.778654
vt 0.428006 0.774531
vt 0.426915 0.771455
vt 0.437457 0.768226
vt 0.416741 0.775701
vt 0.408700 0.783726
vt 0.399815 0.789697
vt 0.401897 0.792503
vt 0.393905 0.799098
vt 0.423931 0.808826
vt 0.417594 0.813058
vt 0.388460 0.804433
vt 0.411849 0.817734
vt 0.399700 0.814597
vt 0.407649 0.821779
vt 0.414522 0.827988
vt 0.425812 0.838179
vt 0.437113 0.848376
vt 0.429073 0.837027
vt 0.432954 0.833869
vt 0.448420 0.858575
vt 0.448325 0.854674
vt 0.450550 0.853188
vt 0.437235 0.831009
vt 0.459731 0.868774
vt 0.452965 0.851893
vt 0.462558 0.871324
vt 0.455547 0.850822
vt 0.441883 0.828518
vt 0.467421 0.875966
vt 0.490042 0.864747
vt 0.467549 0.876268
vt 0.491161 0.867319
vt 0.467616 0.876484
vt 0.515376 0.858199
vt 0.492028 0.870033
vt 0.513223 0.853249
vt 0.536416 0.841747
vt 0.555450 0.822626
vt 0.539603 0.849074
vt 0.558288 0.827637
vt 0.563844 0.839942
vt 0.564351 0.841316
vt 0.565470 0.844585
vt 0.567116 0.850181
vt 0.542073 0.856805
vt 0.517045 0.863421
vt 0.518184 0.868845
vt 0.543758 0.864833
vt 0.492620 0.872852
vt 0.492919 0.875731
vt 0.518760 0.874386
vt 0.518762 0.879957
vt 0.492920 0.878627
vt 0.544612 0.873035
vt 0.467681 0.877560
vt 0.467674 0.877606
vt 0.492624 0.881491
vt 0.492043 0.884281
vt 0.518192 0.885469
vt 0.467534 0.878141
vt 0.517074 0.890837
vt 0.491197 0.886955
vt 0.543771 0.889441
vt 0.542116 0.897388
vt 0.515446 0.895983
vt 0.539706 0.905006
vt 0.513359 0.900842
vt 0.490112 0.889481
vt 0.536617 0.912198
vt 0.510875 0.905361
vt 0.488821 0.891829
vt 0.467300 0.878618
vt 0.467201 0.878767
vt 0.508059 0.909503
vt 0.485757 0.895926
vt 0.467000 0.879018
vt 0.501577 0.916693
vt 0.504980 0.913244
vt 0.482000 0.899397
vt 0.519176 0.935663
vt 0.505210 0.913451
vt 0.497749 0.919922
vt 0.528771 0.925019
vt 0.524213 0.930557
vt 0.531531 0.937139
vt 0.543461 0.947863
vt 0.536790 0.954625
vt 0.549497 0.940528
vt 0.552784 0.941870
vt 0.546019 0.950159
vt 0.550013 0.939835
vt 0.532939 0.918888
vt 0.554546 0.933169
vt 0.558704 0.932957
vt 0.555746 0.931203
vt 0.563722 0.923507
vt 0.561543 0.934631
vt 0.566712 0.924897
vt 0.564545 0.912466
vt 0.562911 0.916773
vt 0.567789 0.913611
vt 0.570902 0.914702
vt 0.559889 0.923548
vt 0.574072 0.904146
vt 0.570867 0.903364
vt 0.576193 0.893330
vt 0.577243 0.882357
vt 0.572926 0.892864
vt 0.569364 0.893407
vt 0.570555 0.880906
vt 0.573945 0.882212
vt 0.570478 0.871678
vt 0.577213 0.871335
vt 0.573916 0.871512
vt 0.544614 0.881282
vt 0.569601 0.862523
vt 0.572838 0.860867
vt 0.570722 0.850378
vt 0.576103 0.860368
vt 0.568302 0.899174
vt 0.567172 0.903931
vt 0.555445 0.943813
vt 0.548476 0.952352
vt 0.540704 0.960166
vt 0.538475 0.957745
vt 0.532203 0.967181
vt 0.530223 0.964555
vt 0.529993 0.960408
vt 0.536154 0.955210
vt 0.521343 0.970523
vt 0.520976 0.966717
vt 0.513510 0.940443
vt 0.507236 0.944793
vt 0.493512 0.922861
vt 0.477398 0.902264
vt 0.479797 0.900924
vt 0.488895 0.925439
vt 0.466633 0.879358
vt 0.466183 0.879640
vt 0.465913 0.879757
vt 0.474826 0.903382
vt 0.465665 0.879835
vt 0.472111 0.904248
vt 0.469293 0.904839
vt 0.465107 0.879923
vt 0.483945 0.927590
vt 0.478722 0.929257
vt 0.500402 0.948609
vt 0.493075 0.951794
vt 0.514552 0.970424
vt 0.519562 0.967586
vt 0.511921 0.975592
vt 0.523056 0.973329
vt 0.513350 0.978551
vt 0.502047 0.979713
vt 0.502220 0.975990
vt 0.500874 0.976486
vt 0.497605 0.977605
vt 0.485343 0.954261
vt 0.473299 0.930394
vt 0.466413 0.905138
vt 0.467758 0.930968
vt 0.463518 0.905137
vt 0.464620 0.879904
vt 0.464543 0.879893
vt 0.464008 0.879753
vt 0.452666 0.902325
vt 0.463531 0.879520
vt 0.450318 0.901033
vt 0.463402 0.879436
vt 0.441306 0.925557
vt 0.463130 0.879220
vt 0.462743 0.878871
vt 0.467704 0.877042
vt 0.471570 1.000000
vt 0.458842 1.000000
vt 0.471220 0.994874
vt 0.459026 0.994874
vt 0.459849 0.989341
vt 0.446248 0.998696
vt 0.425422 0.975039
vt 0.418622 0.972004
vt 0.391338 0.975533
vt 0.382790 0.968497
vt 0.394359 0.971435
vt 0.386170 0.964695
vt 0.387908 0.962745
vt 0.398397 0.967535
vt 0.389858 0.960565
vt 0.392041 0.958132
vt 0.384455 0.950586
vt 0.382043 0.952792
vt 0.379888 0.954768
vt 0.378620 0.957246
vt 0.374909 0.960722
vt 0.229276 0.558463
vt 0.235474 0.555362
vt 0.381975 0.942355
vt 0.359641 0.883695
vt 0.356183 0.904723
vt 0.227693 0.478192
vt 0.234034 0.466336
vt 0.227772 0.465533
vt 0.227933 0.453144
vt 0.234188 0.454468
vt 0.351059 0.847205
vt 0.356034 0.850140
vt 0.348610 0.858954
vt 0.234417 0.443040
vt 0.353914 0.860956
vt 0.359207 0.850937
vt 0.362285 0.840690
vt 0.359205 0.839584
vt 0.366368 0.839519
vt 0.354623 0.835940
vt 0.228481 0.429910
vt 0.234713 0.432210
vt 0.228172 0.441214
vt 0.392837 0.843262
vt 0.396378 0.836569
vt 0.373774 0.794659
s 1
f 8/1/1 2/2/2 1/3/3
f 1/3/3 2/2/2 3/4/4
f 1/3/3 3/4/4 6/5/5
f 4/6/6 1/3/7 7/7/8
f 9/8/9 1/3/7 4/6/6
f 5/9/10 1/3/11 6/5/12
f 10/10/13 1/3/11 5/9/10
f 1/3/7 6/5/14 7/7/8
f 10/10/13 8/1/15 1/3/11
f 9/8/9 8/1/16 1/3/7
f 5/9/10 12/11/17 10/10/13
f 14/12/18 11/13/19 10/10/13
f 11/13/19 8/1/15 10/10/13
f 10/10/13 12/11/17 15/14/20
f 10/10/13 15/14/20 13/15/21
f 14/12/18 10/10/13 13/15/21
f 13/15/21 15/14/20 16/16/22
f 12/11/17 16/16/22 15/14/20
f 17/17/23 16/16/22 18/18/24
f 13/15/21 16/16/22 17/17/23
f 18/18/24 16/16/22 19/19/25
f 12/11/17 19/19/25 16/16/22
f 19/19/25 21/20/26 18/18/24
f 19/19/25 20/21/27 21/20/26
f 22/22/28 20/21/27 19/19/25
f 22/22/28 19/19/25 12/11/17
f 22/22/28 23/23/29 20/21/27
f 25/24/30 23/23/29 22/22/28
f 24/25/31 22/22/28 5/9/10
f 24/25/31 25/24/30 22/22/28
f 5/9/10 22/22/28 12/11/17
f 27/26/32 23/23/29 25/24/30
f 26/27/33 25/24/30 24/25/31
f 26/27/33 28/28/34 25/24/30
f 25/24/30 29/29/35 27/26/32
f 25/24/30 28/28/34 29/29/35
f 28/28/34 32/30/36 29/29/35
f 29/29/35 31/31/37 30/32/38
f 27/26/32 29/29/35 30/32/38
f 29/29/35 32/30/36 31/31/37
f 33/33/39 32/30/36 35/34/40
f 33/33/39 31/31/37 32/30/36
f 28/28/34 34/35/41 32/30/36
f 35/34/40 32/30/36 34/35/41
f 35/34/40 36/36/42 38/37/43
f 37/38/44 36/36/42 35/34/40
f 35/34/40 34/35/41 37/38/44
f 35/34/40 38/37/43 33/33/39
f 38/37/43 39/39/45 40/40/46
f 36/36/42 39/39/45 38/37/43
f 38/37/43 40/40/46 43/41/47
f 38/37/43 43/41/47 41/42/48
f 42/43/49 38/37/43 41/42/48
f 33/33/39 38/37/43 42/43/49
f 41/42/48 43/41/47 44/44/50
f 43/41/47 47/45/51 44/44/50
f 43/41/47 45/46/52 47/45/51
f 46/47/53 45/46/52 43/41/47
f 48/48/54 46/47/53 43/41/47
f 43/41/47 40/40/46 48/48/54
f 40/40/46 49/49/55 48/48/54
f 46/47/53 48/48/54 49/49/55
f 49/49/55 40/40/46 50/50/56
f 49/49/55 50/50/56 51/51/57
f 49/49/55 51/51/57 46/47/53
f 46/47/53 51/51/57 52/52/58
f 53/53/59 52/52/58 51/51/57
f 53/53/59 51/51/57 50/50/56
f 54/54/60 52/52/58 53/53/59
f 53/53/59 58/55/61 54/54/60
f 55/56/62 57/57/63 53/53/59
f 56/58/64 55/56/62 53/53/59
f 56/58/64 53/53/59 50/50/56
f 53/53/59 57/57/63 58/55/61
f 59/59/65 58/55/61 57/57/63
f 61/60/66 58/55/61 59/59/65
f 54/54/60 58/55/61 60/61/67
f 61/60/66 60/61/67 58/55/61
f 61/60/66 65/62/68 62/63/69
f 61/60/66 62/63/69 64/64/70
f 64/64/70 60/61/67 61/60/66
f 59/59/65 63/65/71 61/60/66
f 61/60/66 63/65/71 65/62/68
f 68/66/72 66/67/73 65/62/68
f 66/67/74 67/68/75 65/62/76
f 65/62/76 67/68/75 69/69/77
f 65/62/68 63/65/71 68/66/72
f 69/69/77 62/63/78 65/62/76
f 69/69/77 72/70/79 70/71/80
f 70/71/80 71/72/81 69/69/77
f 69/69/77 71/72/81 62/63/78
f 70/71/80 72/70/79 73/73/82
f 70/71/80 73/73/82 74/74/83
f 74/74/83 73/73/82 75/75/84
f 74/74/83 75/75/84 76/76/85
f 76/76/85 75/75/84 77/77/86
f 77/77/86 75/75/84 78/78/87
f 77/77/86 78/78/87 80/79/88
f 79/80/89 82/81/90 78/78/87
f 81/82/91 80/79/88 78/78/87
f 81/82/91 78/78/87 82/81/90
f 85/83/92 81/82/93 82/81/94
f 85/83/92 82/81/94 83/84/95
f 84/85/96 83/84/97 82/81/90
f 84/85/96 82/81/90 79/80/89
f 85/83/92 89/86/98 81/82/93
f 85/83/92 88/87/99 45/46/52
f 45/46/52 86/88/100 85/83/92
f 86/88/100 89/86/98 85/83/92
f 85/83/92 87/89/101 88/87/99
f 83/84/95 87/89/101 85/83/92
f 89/86/98 80/79/102 81/82/93
f 86/88/100 52/52/58 89/86/98
f 90/90/103 89/86/98 52/52/58
f 90/90/103 80/79/102 89/86/98
f 90/90/103 74/74/104 76/76/105
f 76/76/105 77/77/106 90/90/103
f 77/77/106 80/79/102 90/90/103
f 52/52/58 54/54/60 90/90/103
f 54/54/60 60/61/67 90/90/103
f 90/90/103 60/61/67 74/74/104
f 88/87/99 87/89/101 92/91/107
f 88/87/99 92/91/107 91/92/108
f 45/46/52 88/87/99 91/92/108
f 87/89/101 94/93/109 92/91/107
f 91/92/108 92/91/107 96/94/110
f 92/91/107 93/95/111 95/96/112
f 92/91/107 94/93/109 93/95/111
f 92/91/107 95/96/112 96/94/110
f 96/94/110 97/97/113 98/98/114
f 96/94/110 99/99/115 97/97/113
f 91/92/108 96/94/110 47/45/51
f 95/96/112 99/99/115 96/94/110
f 47/45/51 96/94/110 98/98/114
f 101/100/116 97/97/113 99/99/115
f 100/101/117 99/99/115 93/95/111
f 101/100/116 99/99/115 100/101/117
f 95/96/112 93/95/111 99/99/115
f 102/102/118 97/97/113 101/100/116
f 101/100/116 104/103/119 102/102/118
f 100/101/117 103/104/120 101/100/116
f 101/100/116 103/104/120 104/103/119
f 104/103/119 107/105/121 102/102/118
f 104/103/119 105/106/122 108/107/123
f 103/104/120 105/106/122 104/103/119
f 104/103/119 108/107/123 106/108/124
f 106/108/124 109/109/125 104/103/119
f 104/103/119 109/109/125 107/105/121
f 110/110/126 109/109/125 106/108/124
f 111/111/127 109/109/125 110/110/126
f 107/105/121 109/109/125 111/111/127
f 111/111/127 102/102/118 107/105/121
f 111/111/127 30/32/38 112/112/128
f 27/26/32 30/32/38 111/111/127
f 111/111/127 110/110/126 27/26/32
f 111/111/127 112/112/128 102/102/118
f 112/112/128 97/97/113 102/102/118
f 113/113/129 97/97/113 112/112/128
f 30/32/38 113/113/129 112/112/128
f 114/114/130 113/113/129 30/32/38
f 114/114/130 98/98/114 113/113/129
f 113/113/129 98/98/114 97/97/113
f 30/32/38 42/43/49 114/114/130
f 42/43/49 41/42/48 114/114/130
f 41/42/48 44/44/50 114/114/130
f 114/114/130 44/44/50 98/98/114
f 27/26/32 110/110/126 23/23/29
f 110/110/126 116/115/131 23/23/29
f 108/107/123 110/110/126 106/108/124
f 115/116/132 110/110/126 108/107/123
f 115/116/132 116/115/131 110/110/126
f 117/117/133 116/115/131 115/116/132
f 116/115/131 117/117/133 118/118/134
f 20/21/27 116/115/131 118/118/134
f 23/23/29 116/115/131 20/21/27
f 118/118/134 117/117/133 119/119/135
f 21/20/26 118/118/134 119/119/135
f 20/21/27 118/118/134 21/20/26
f 117/117/133 121/120/136 119/119/135
f 21/20/26 119/119/135 120/121/137
f 119/119/135 122/122/138 120/121/137
f 119/119/135 121/120/136 122/122/138
f 122/122/138 123/123/139 124/124/140
f 121/120/136 123/123/139 122/122/138
f 122/122/138 124/124/140 125/125/141
f 120/121/137 122/122/138 125/125/141
f 120/121/137 125/125/141 128/126/142
f 128/126/142 125/125/141 126/127/143
f 125/125/141 127/128/144 126/127/143
f 125/125/141 124/124/140 127/128/144
f 128/126/142 126/127/143 129/129/145
f 129/129/145 130/130/146 128/126/142
f 131/131/147 128/126/142 130/130/146
f 18/18/24 120/121/137 128/126/142
f 131/131/147 18/18/24 128/126/142
f 130/130/146 132/132/148 131/131/147
f 131/131/147 132/132/148 133/133/149
f 131/131/147 133/133/149 17/17/23
f 17/17/23 18/18/24 131/131/147
f 17/17/23 133/133/149 134/134/150
f 17/17/23 134/134/150 13/15/21
f 13/15/21 134/134/150 135/135/151
f 13/15/21 135/135/151 14/12/18
f 14/12/18 135/135/151 136/136/152
f 136/136/152 137/137/153 11/13/19
f 14/12/18 136/136/152 11/13/19
f 11/13/19 137/137/153 138/138/154
f 138/138/154 139/139/155 8/1/1
f 11/13/19 138/138/154 8/1/1
f 8/1/1 139/139/155 140/140/156
f 142/141/157 140/140/156 141/142/158
f 140/140/156 143/143/159 141/142/158
f 8/1/1 140/140/156 142/141/157
f 141/142/158 143/143/159 144/144/160
f 144/144/160 146/145/161 141/142/158
f 145/146/162 147/147/163 144/144/160
f 144/144/160 147/147/163 146/145/161
f 148/148/164 149/149/165 147/147/166
f 148/148/167 151/150/168 147/147/169
f 145/146/170 148/148/171 147/147/172
f 147/147/166 150/151/173 146/145/174
f 153/152/175 147/147/176 146/145/177
f 147/147/169 152/153/178 146/145/179
f 145/146/180 147/147/176 153/152/175
f 147/147/166 149/149/165 150/151/173
f 147/147/169 151/150/168 152/153/178
f 153/152/175 146/145/177 141/142/181
f 141/142/181 154/154/182 153/152/175
f 152/153/183 157/155/184 146/145/185
f 155/156/186 146/145/187 152/153/178
f 146/145/174 150/151/173 152/153/188
f 155/156/186 152/153/178 158/155/189
f 152/153/178 156/157/190 158/155/189
f 151/150/168 156/157/190 152/153/178
f 159/158/191 155/159/192 158/160/193
f 158/160/193 156/161/194 159/158/191
f 159/158/191 162/162/195 160/163/196
f 159/158/191 161/164/197 155/159/192
f 163/165/198 161/164/197 159/158/191
f 159/158/191 156/161/194 162/162/195
f 163/165/198 164/166/199 161/164/197
f 166/167/200 164/166/199 163/165/198
f 167/168/201 163/165/198 165/169/202
f 166/167/200 163/165/198 167/168/201
f 172/170/203 167/171/204 168/172/205
s 0
f 167/171/206 171/173/207 168/172/208
f 167/171/206 169/174/209 168/172/210
s 1
f 170/175/211 167/171/212 172/170/213
f 167/168/201 165/169/214 171/176/215
f 166/177/216 167/171/217 172/170/213
f 146/145/218 166/177/216 172/170/213
f 146/145/219 170/175/211 172/170/213
f 172/170/203 168/172/205 146/145/220
s 0
f 168/172/210 171/173/207 173/178/221
s 1
f 165/169/214 173/179/222 171/176/215
f 165/169/214 174/180/223 173/179/222
f 174/181/224 168/172/225 173/178/224
f 176/182/226 175/183/227 174/180/223
f 175/184/228 168/172/229 174/181/230
f 176/182/226 174/180/223 165/169/214
s 0
f 174/181/231 168/172/225 169/174/232
s 1
f 177/185/233 168/172/234 174/181/230
f 178/186/235 179/187/236 177/185/233
f 177/185/233 179/187/236 168/172/234
f 142/141/157 168/172/205 179/187/237
f 175/184/228 179/187/238 168/172/229
f 142/141/157 179/187/237 8/1/1
f 8/1/1 179/187/237 2/2/2
f 179/187/237 181/188/239 2/2/2
s 0
f 179/187/240 178/186/240 181/188/240
s 1
f 178/186/241 180/189/242 179/187/243
f 178/186/244 179/187/238 175/184/228
f 179/187/243 180/189/242 181/188/245
s 0
f 2/2/246 181/188/247 182/190/248
f 2/2/246 181/188/247 183/191/249
s 1
f 176/182/226 181/192/250 180/193/251
f 184/194/252 183/195/253 181/192/254
f 184/194/255 181/192/250 176/182/226
f 184/194/252 186/196/256 185/197/257
f 184/194/252 185/197/257 189/198/258
f 184/199/259 188/200/260 186/201/256
f 187/202/261 188/203/260 184/204/259
f 189/198/258 183/195/253 184/194/252
f 2/2/262 182/190/263 189/205/264
f 189/205/265 185/206/266 2/2/267
f 2/2/246 183/191/263 189/205/268
s 0
f 189/205/269 186/207/269 2/2/269
s 1
f 192/208/270 2/2/271 188/209/272
f 2/2/273 188/209/274 191/210/275
s 0
f 2/2/276 186/207/276 188/209/276
s 1
f 188/209/272 195/211/277 190/212/278
f 193/213/279 188/209/272 190/212/278
f 191/210/275 188/209/280 194/214/281
f 192/208/270 188/209/272 193/213/279
f 187/215/261 194/216/282 188/217/260
f 196/218/283 195/211/284 190/212/285
f 196/218/283 194/214/281 195/211/284
f 195/219/286 194/216/282 187/215/261
s 0
f 190/212/287 195/211/287 197/220/287
s 1
f 187/215/288 197/221/289 195/219/290
f 198/222/291 197/220/292 199/223/293
f 190/212/294 197/220/295 198/222/291
f 187/224/288 199/223/296 197/220/289
f 201/225/297 200/226/298 197/220/299
f 190/212/300 197/220/299 200/226/298
f 202/227/301 200/226/298 201/225/297
f 202/227/302 198/222/291 205/228/303
f 202/227/302 203/229/304 198/222/291
f 202/227/301 203/229/305 200/226/298
f 204/230/306 203/229/304 202/227/307
f 206/231/308 204/232/309 202/233/310
f 202/233/310 205/234/311 206/231/308
f 207/235/312 208/236/313 206/237/308
f 206/238/308 208/239/313 204/230/309
f 206/231/308 199/240/296 187/241/288
f 206/231/308 205/234/311 199/240/296
f 210/242/314 208/239/315 209/243/316
f 207/235/312 209/244/317 208/236/313
f 203/229/304 208/239/315 210/242/314
f 203/229/304 204/230/306 208/239/315
f 210/242/314 209/243/316 212/245/318
f 210/242/314 211/246/319 203/229/304
f 211/246/319 210/242/314 213/247/320
f 213/247/320 210/242/314 214/248/321
f 213/247/320 214/248/321 215/249/322
f 214/248/321 216/250/323 215/249/322
f 215/249/322 216/250/323 217/251/324
f 215/249/322 217/251/324 218/252/325
f 218/252/325 217/251/324 219/253/326
f 221/254/327 219/253/326 220/255/328
f 218/252/325 219/253/326 221/254/327
f 222/256/329 221/254/327 223/257/330
f 224/258/331 221/254/327 222/256/329
s 0
f 221/254/327 220/255/332 223/257/330
s 1
f 224/258/331 222/256/329 229/259/333
f 225/260/334 226/261/335 224/258/336
f 224/258/336 228/262/337 225/260/334
f 224/258/336 227/263/338 228/262/337
f 229/259/333 230/264/339 231/265/340
f 229/259/333 222/256/329 230/264/339
f 231/266/340 230/267/339 232/268/341
f 232/269/341 233/270/342 231/265/340
f 232/269/341 234/271/343 233/270/342
f 235/272/344 234/271/343 232/269/341
f 235/272/344 236/273/345 234/271/343
f 238/274/346 236/273/345 235/272/344
f 238/274/346 237/275/347 236/273/345
f 239/276/348 237/277/347 238/278/346
f 240/279/349 239/280/348 238/274/346
f 240/279/349 238/274/346 241/281/350
f 241/281/350 238/274/346 235/272/344
f 241/281/350 235/272/344 242/282/351
f 235/283/344 243/284/352 242/285/351
f 235/272/344 244/286/353 243/287/352
f 232/269/341 244/286/353 235/272/344
f 232/269/341 245/288/354 244/286/353
f 246/289/355 245/288/354 232/269/341
f 230/264/339 246/289/355 232/269/341
f 230/264/339 247/290/356 246/289/355
f 247/290/356 230/264/339 248/291/357
f 248/291/357 222/256/329 249/292/358
f 248/291/357 230/264/339 222/256/329
f 222/256/329 223/257/330 249/292/358
f 250/293/359 239/294/348 240/295/349
f 251/296/360 252/297/361 250/298/359
f 250/298/359 252/297/361 239/299/348
f 252/297/361 253/300/362 254/301/363
f 251/296/360 253/300/362 252/297/361
f 252/297/361 254/301/363 239/299/348
f 239/299/348 254/301/363 237/302/347
f 258/303/364 253/300/362 251/296/360
f 257/304/365 253/305/366 255/306/367
f 255/307/367 253/308/366 256/309/368
f 261/310/369 258/303/364 251/296/360
f 259/311/370 258/303/364 261/310/369
f 259/311/370 260/312/371 258/303/364
f 262/313/372 263/314/373 260/312/371
f 262/313/372 260/312/371 259/311/370
f 262/313/372 264/315/374 263/314/373
f 265/316/375 264/315/374 262/313/372
f 265/316/375 266/317/376 264/315/374
f 264/315/374 266/317/376 267/318/377
f 264/315/374 267/318/377 268/319/378
f 271/320/379 268/319/378 267/318/377
f 270/321/380 269/322/381 268/319/378
f 270/321/380 268/319/378 271/320/379
f 272/323/382 269/322/381 270/321/380
f 273/324/383 274/325/384 272/323/382
f 272/323/382 274/325/384 269/322/381
f 273/324/383 275/326/385 274/325/384
f 273/324/383 276/327/386 275/326/385
f 277/328/387 278/329/388 276/327/386
f 277/328/387 276/327/386 273/324/383
f 276/327/386 278/329/388 279/330/389
f 276/327/386 279/330/389 280/331/390
f 280/331/390 279/330/389 281/332/391
f 280/331/390 281/332/391 282/333/392
f 282/333/392 281/332/391 283/334/393
f 283/334/393 284/335/394 282/333/392
f 282/333/392 284/335/394 286/336/395
f 282/333/392 286/336/395 285/337/396
f 285/337/396 286/336/395 287/338/397
f 285/337/396 287/338/397 289/339/398
f 289/339/398 287/338/397 288/340/399
f 292/341/400 290/342/401 289/339/398
f 291/343/402 289/339/398 288/340/399
f 292/341/400 289/339/398 291/343/402
f 293/344/403 290/342/401 292/341/400
f 293/344/403 295/345/404 294/346/405
f 294/346/405 290/342/401 293/344/403
f 294/346/405 295/345/404 296/347/406
f 297/348/407 296/347/406 298/349/408
f 294/346/405 296/347/406 297/348/407
f 297/348/407 298/349/408 299/350/409
f 299/350/409 298/349/408 300/351/410
f 299/350/409 300/351/410 301/352/411
f 301/352/411 300/351/410 302/353/412
f 303/354/413 302/353/412 304/355/414
f 301/352/411 302/353/412 303/354/413
f 303/354/413 304/355/414 305/356/415
f 305/356/415 304/355/414 306/357/416
f 308/358/417 306/357/416 307/359/418
f 305/356/415 306/357/416 308/358/417
f 308/358/417 307/359/418 309/360/419
f 309/360/419 307/359/418 311/361/420
f 309/360/419 311/361/420 310/362/421
f 311/361/420 312/363/422 314/364/423
f 311/361/420 313/365/424 312/363/422
f 307/359/418 313/365/424 311/361/420
f 310/362/421 311/361/420 314/364/423
f 310/362/421 314/364/423 317/366/425
f 314/364/423 315/367/426 316/368/427
f 314/364/423 312/363/422 315/367/426
f 317/366/425 314/364/423 316/368/427
f 317/366/425 316/368/427 318/369/428
f 318/370/428 316/371/427 319/372/429
f 318/370/428 319/372/429 320/373/430
f 320/373/430 322/374/431 321/375/432
f 320/373/430 319/372/429 322/374/431
f 319/376/429 323/377/433 322/378/431
f 322/378/431 323/377/433 325/379/434
f 321/375/432 322/374/431 324/380/435
f 322/378/431 325/379/434 324/381/435
f 324/381/435 325/379/434 326/382/436
f 324/380/435 326/383/436 327/384/437
f 327/384/437 326/383/436 328/385/438
f 327/384/437 328/385/438 331/386/439
s 0
f 329/387/440 330/388/441 328/389/442
s 1
f 332/390/443 327/384/437 331/386/439
f 332/390/443 331/386/439 333/391/444
f 333/392/445 334/393/446 336/394/447
f 335/395/448 334/393/446 333/392/445
f 335/395/448 333/392/445 329/387/449
f 329/387/449 333/392/445 330/388/450
f 336/394/447 338/396/451 333/392/445
f 337/397/452 339/398/453 333/392/445
f 337/397/452 333/392/445 338/396/451
f 341/399/454 340/400/455 339/398/453
f 341/399/454 339/398/453 337/397/452
f 342/401/456 343/402/457 341/399/454
f 337/397/452 342/401/456 341/399/454
f 341/399/454 343/402/457 344/403/458
f 345/404/459 340/400/455 341/399/454
f 341/399/454 344/403/458 345/404/459
f 345/404/459 346/405/460 347/406/461
f 345/404/459 344/403/458 346/405/460
f 347/406/461 348/407/462 345/404/459
f 345/404/459 348/407/462 340/400/455
f 347/406/461 349/408/463 348/407/462
f 352/409/464 350/410/465 349/408/463
f 350/410/465 351/411/466 349/408/463
f 352/409/464 349/408/463 347/406/461
f 352/409/464 353/412/467 354/413/468
f 347/406/461 353/412/467 352/409/464
f 355/414/469 350/410/465 352/409/464
f 352/409/464 354/413/468 355/414/469
f 357/415/470 355/414/469 354/413/468
f 356/416/471 355/414/469 357/415/470
f 356/416/471 350/410/465 355/414/469
f 357/415/470 354/413/468 360/417/472
f 359/418/473 356/416/471 357/415/470
f 358/419/474 357/415/470 360/417/472
f 359/418/473 357/415/470 358/419/474
f 360/417/472 354/413/468 353/412/467
f 361/420/475 360/417/472 362/421/476
f 358/419/474 360/417/472 361/420/475
f 360/417/472 353/412/467 362/421/476
f 361/420/475 362/421/476 365/422/477
f 362/421/476 363/423/478 364/424/479
f 362/421/476 353/412/467 363/423/478
f 365/422/477 362/421/476 364/424/479
f 365/422/477 366/425/480 368/426/481
f 367/427/482 366/425/480 365/422/477
f 365/422/477 364/424/479 367/427/482
f 365/422/477 368/426/481 361/420/475
f 368/426/481 369/428/483 371/429/484
f 368/426/481 370/430/485 369/428/483
f 366/425/480 370/430/485 368/426/481
f 361/420/475 368/426/481 371/429/484
f 371/429/484 369/428/483 372/431/486
f 358/419/474 371/429/484 373/432/487
f 361/420/475 371/429/484 358/419/474
f 371/429/484 372/431/486 373/432/487
f 375/433/488 373/432/487 374/434/489
f 373/432/487 376/435/490 374/434/489
f 358/419/474 373/432/487 375/433/488
f 373/432/487 372/431/486 376/435/490
f 377/436/491 378/437/492 376/435/493
f 377/436/491 376/435/493 379/438/494
f 379/438/494 376/435/493 372/431/495
f 374/434/489 376/435/490 378/437/496
f 379/438/494 372/431/495 369/428/497
f 379/438/494 369/428/497 380/439/497
f 380/439/497 369/428/497 370/430/498
f 380/439/497 370/430/498 381/440/498
f 381/440/498 370/430/498 382/441/499
f 381/440/498 382/441/499 383/442/499
f 383/442/499 382/441/499 384/443/500
f 383/442/499 384/443/500 385/444/500
f 385/444/500 384/443/500 386/445/501
f 385/444/500 386/445/501 387/446/501
f 387/446/501 386/445/501 389/447/502
f 387/446/501 389/447/502 388/448/503
f 388/448/503 389/447/502 390/449/504
f 389/447/502 393/450/505 390/449/504
f 391/451/506 389/447/507 392/452/508
f 393/450/509 389/447/507 391/451/506
f 389/447/507 386/445/510 392/452/508
f 390/449/504 393/450/505 394/453/511
f 394/453/512 393/450/509 391/451/506
f 394/453/512 391/451/506 395/454/513
f 390/449/504 394/453/511 395/454/514
f 398/455/515 396/456/516 395/454/513
f 396/456/517 397/457/518 395/454/514
f 395/454/514 397/457/518 390/449/504
f 399/458/519 395/454/513 391/451/506
f 398/455/515 395/454/513 399/458/519
f 402/459/520 399/458/519 400/460/521
f 399/458/519 391/451/506 400/460/521
f 401/461/522 399/458/519 402/459/520
f 401/461/522 398/455/515 399/458/519
f 402/459/520 400/460/521 403/462/523
f 405/463/524 401/461/522 402/459/520
f 404/464/525 402/459/520 403/462/523
f 405/463/524 402/459/520 404/464/525
f 404/464/525 406/465/526 405/463/524
f 406/465/526 409/466/527 405/463/524
f 405/463/524 408/467/528 407/468/529
f 407/468/529 401/461/522 405/463/524
f 405/463/524 409/466/527 408/467/528
f 410/469/530 409/466/527 411/470/531
f 410/469/530 408/467/528 409/466/527
f 406/465/526 411/470/531 409/466/527
f 416/471/532 412/472/533 411/470/531
f 411/470/531 412/472/533 413/473/534
f 414/474/535 411/470/531 413/473/534
f 415/475/536 410/469/530 411/470/531
f 415/475/536 411/470/531 414/474/535
f 416/471/532 411/470/531 406/465/526
f 419/476/537 416/471/532 404/464/525
f 404/464/525 416/471/532 406/465/526
f 417/477/538 412/472/533 416/471/532
f 418/478/539 417/477/538 416/471/532
f 418/478/539 416/471/532 419/476/537
f 421/479/540 420/480/541 419/476/537
f 420/480/541 418/478/539 419/476/537
f 421/479/540 419/476/537 403/462/523
f 404/464/525 403/462/523 419/476/537
f 367/427/482 420/480/541 421/479/540
f 421/479/540 392/452/508 422/481/542
f 403/462/523 392/452/508 421/479/540
f 421/479/540 422/481/542 367/427/482
f 392/452/508 384/443/543 422/481/542
f 422/481/542 382/441/544 366/425/480
f 422/481/542 384/443/543 382/441/544
f 367/427/482 422/481/542 366/425/480
f 420/480/541 423/482/545 424/483/546
f 364/424/479 423/482/545 420/480/541
f 367/427/482 364/424/479 420/480/541
f 420/480/541 424/483/546 418/478/539
f 424/483/546 423/482/545 425/484/547
f 424/483/546 425/484/547 426/485/548
f 424/483/546 426/485/548 417/477/538
f 424/483/546 417/477/538 418/478/539
f 426/485/548 425/484/547 427/486/549
f 428/487/550 426/485/548 427/486/549
f 417/477/538 426/485/548 412/472/533
f 413/473/534 412/472/533 426/485/548
f 413/473/534 426/485/548 428/487/550
f 429/488/551 428/487/550 430/489/552
f 431/490/553 428/487/550 429/488/551
f 428/487/550 427/486/549 430/489/552
f 431/490/553 413/473/534 428/487/550
f 432/491/554 431/490/553 429/488/551
f 414/474/535 413/473/534 431/490/553
f 414/474/535 431/490/553 432/491/554
f 432/491/554 429/488/551 338/396/451
f 414/474/535 432/491/554 336/394/447
f 336/394/447 432/491/554 338/396/451
f 429/488/551 430/489/552 434/492/555
f 433/493/556 430/489/552 427/486/549
f 344/403/458 430/489/552 433/493/556
f 344/403/458 434/492/555 430/489/552
f 343/402/457 434/492/555 344/403/458
f 434/492/555 343/402/457 429/488/551
f 433/493/556 346/405/460 344/403/458
f 433/493/556 363/423/478 346/405/460
f 433/493/556 427/486/549 425/484/547
f 423/482/545 363/423/478 433/493/556
f 425/484/547 423/482/545 433/493/556
f 338/396/451 429/488/551 343/402/457
f 364/424/479 363/423/478 423/482/545
f 435/494/557 410/469/530 415/475/536
f 436/495/558 435/494/557 415/475/536
f 415/475/536 414/474/535 436/495/558
f 436/495/558 437/496/559 435/494/557
f 438/497/560 437/496/559 436/495/558
f 436/495/558 414/474/535 336/394/447
f 436/495/558 336/394/447 438/497/560
f 438/497/560 439/498/561 437/496/559
f 438/497/560 336/394/447 334/393/446
f 440/499/562 439/498/561 438/497/560
f 438/497/560 334/393/446 440/499/562
f 440/499/562 443/500/563 441/501/564
f 441/501/564 442/502/565 440/499/562
f 442/502/565 447/503/566 440/499/562
f 440/499/562 451/504/567 443/500/563
f 440/499/562 444/505/568 439/498/561
f 450/506/569 444/505/568 440/499/562
f 445/507/570 446/508/571 440/499/562
f 440/499/562 448/509/572 445/507/570
f 440/499/562 446/508/571 449/510/573
f 440/499/562 447/503/566 448/509/572
f 334/393/446 451/504/567 440/499/562
f 440/499/562 449/510/573 450/506/569
f 334/393/446 452/511/574 451/504/567
f 453/512/575 452/511/574 334/393/446
f 453/512/575 334/393/446 335/395/448
f 450/506/569 449/510/573 454/513/576
f 450/506/569 454/513/576 455/514/577
f 457/515/578 450/506/569 455/514/577
f 450/506/569 456/516/579 444/505/568
f 457/515/578 456/516/579 450/506/569
f 459/517/580 457/515/578 455/514/577
f 458/518/581 457/515/578 459/517/580
f 459/517/580 462/519/582 460/520/583
f 460/520/583 458/518/581 459/517/580
f 459/517/580 455/514/577 463/521/584
f 459/517/580 461/522/585 462/519/582
f 463/521/584 461/522/585 459/517/580
f 463/521/584 455/514/577 464/523/586
f 463/521/584 464/523/586 465/524/587
f 467/525/588 463/521/584 465/524/587
f 466/526/589 468/527/590 463/521/584
f 466/526/589 463/521/584 467/525/588
f 463/521/584 468/527/590 461/522/585
f 466/526/589 469/528/591 468/527/590
f 470/529/592 469/528/591 466/526/589
f 471/530/593 470/529/592 472/531/594
f 472/531/594 470/529/592 466/526/589
f 475/532/595 472/531/594 473/533/596
f 472/531/594 474/534/597 473/533/596
f 476/535/598 474/534/597 472/531/594
f 472/531/594 466/526/589 476/535/598
f 471/530/593 472/531/594 475/532/595
f 477/536/599 474/534/597 476/535/598
f 477/536/599 476/535/598 467/525/588
f 476/535/598 466/526/589 467/525/588
f 478/537/600 477/536/599 467/525/588
f 481/538/601 477/536/599 478/537/600
f 477/536/599 479/539/602 474/534/597
f 480/540/603 479/539/602 477/536/599
f 481/538/601 480/540/603 477/536/599
f 478/537/600 482/541/604 481/538/601
f 484/542/605 480/540/603 481/538/601
f 481/538/601 482/541/604 483/543/606
f 481/538/601 483/543/606 484/542/605
f 487/544/607 485/545/608 484/542/605
f 485/545/608 488/546/609 484/542/605
f 486/547/610 484/542/605 483/543/606
f 487/544/607 484/542/605 486/547/610
f 484/542/605 488/546/609 480/540/603
f 488/546/609 489/548/611 480/540/603
f 490/549/612 489/548/611 488/546/609
f 490/549/612 488/546/609 491/550/613
f 491/550/613 488/546/609 485/545/608
f 494/551/614 490/549/612 491/550/613
f 493/552/615 491/550/613 485/545/608
f 495/553/616 491/550/613 492/554/617
f 492/554/617 491/550/613 493/552/615
f 494/551/614 491/550/613 495/553/616
f 495/553/616 496/555/618 498/556/619
f 497/557/620 496/555/618 495/553/616
f 495/553/616 492/554/617 497/557/620
f 495/553/616 498/556/619 494/551/614
f 500/558/621 498/556/619 496/555/618
f 127/128/144 499/559/622 498/556/619
f 494/551/614 498/556/619 499/559/622
f 127/128/144 498/556/619 500/558/621
f 500/558/621 496/555/618 502/560/623
f 126/127/143 127/128/144 500/558/621
f 126/127/143 500/558/621 501/561/624
f 501/561/624 500/558/621 502/560/623
f 502/560/623 496/555/618 505/562/625
f 502/560/623 503/563/626 501/561/624
f 502/560/623 504/564/627 503/563/626
f 505/562/625 504/564/627 502/560/623
f 497/557/620 506/565/628 505/562/625
f 497/557/620 505/562/625 496/555/618
f 506/565/628 507/566/629 505/562/625
f 505/562/625 507/566/629 504/564/627
f 497/557/620 508/567/630 506/565/628
f 509/568/631 508/567/630 497/557/620
f 492/554/617 509/568/631 497/557/620
f 492/554/617 510/569/632 509/568/631
f 493/552/615 510/569/632 492/554/617
f 493/552/615 511/570/633 510/569/632
f 512/571/634 511/570/633 493/552/615
f 514/572/635 513/573/636 512/571/634
f 514/572/635 512/571/634 493/552/615
f 514/572/635 485/545/608 487/544/607
f 493/552/615 485/545/608 514/572/635
f 515/574/637 513/573/636 514/572/635
f 487/544/607 515/574/637 514/572/635
f 487/544/607 516/575/638 515/574/637
f 517/576/639 516/575/638 487/544/607
f 486/547/610 517/576/639 487/544/607
f 486/547/610 518/577/640 517/576/639
f 519/578/641 518/577/640 486/547/610
f 486/547/610 520/579/642 519/578/641
f 522/580/643 521/581/644 520/579/642
f 522/580/643 520/579/642 486/547/610
f 522/580/643 524/582/645 523/583/646
f 522/580/643 523/583/646 525/584/647
f 522/580/643 483/543/606 524/582/645
f 486/547/610 483/543/606 522/580/643
f 525/584/647 521/581/644 522/580/643
f 523/583/646 524/582/645 526/585/648
f 482/541/604 526/585/648 524/582/645
f 482/541/604 524/582/645 483/543/606
f 530/586/649 526/585/648 527/587/650
f 527/587/650 526/585/648 528/588/651
f 528/588/651 526/585/648 482/541/604
f 523/583/646 526/585/648 529/589/652
f 529/589/652 526/585/648 530/586/649
f 530/586/649 527/587/650 531/590/653
f 531/590/653 527/587/650 532/591/654
f 532/591/654 533/592/655 531/590/653
f 532/591/654 534/593/656 533/592/655
f 535/594/657 534/593/656 532/591/654
f 532/591/654 539/595/658 535/594/657
f 535/594/657 537/596/659 536/597/660
f 535/594/657 536/597/660 538/598/661
f 535/594/657 539/595/658 537/596/659
f 540/599/662 539/595/658 542/600/663
f 540/599/662 537/596/659 539/595/658
f 532/591/654 541/601/664 539/595/658
f 542/600/663 539/595/658 541/601/664
f 542/600/663 541/601/664 543/602/665
f 543/602/665 544/603/666 542/600/663
f 542/600/663 544/603/666 545/604/667
f 542/600/663 545/604/667 540/599/662
f 540/599/662 545/604/667 546/605/668
f 547/606/669 546/605/668 545/604/667
f 547/606/669 545/604/667 548/607/670
f 548/607/670 545/604/667 544/603/666
f 547/606/669 548/607/670 550/608/671
f 548/607/670 544/603/666 549/609/672
f 550/608/671 548/607/670 549/609/672
f 550/608/671 549/609/672 551/610/673
f 551/610/673 552/611/674 550/608/671
f 550/612/671 552/613/674 557/614/675
f 553/615/676 550/612/671 556/616/677
f 550/608/671 553/617/676 558/618/678
f 550/608/671 555/619/679 547/606/669
f 550/608/671 554/620/680 555/619/679
f 558/618/678 554/620/680 550/608/671
f 556/616/677 550/612/671 557/614/675
f 560/621/681 558/622/678 553/623/676
f 558/622/678 559/624/682 554/625/680
f 560/621/681 559/624/682 558/622/678
f 553/615/676 562/626/683 560/627/681
f 560/627/681 561/628/684 564/629/685
f 562/626/683 561/628/684 560/627/681
f 563/630/686 559/624/682 560/621/681
f 564/631/685 563/630/686 560/621/681
f 564/631/685 565/632/687 563/630/686
f 565/632/687 564/631/685 566/633/688
f 566/634/688 564/629/685 561/628/684
f 565/632/687 566/633/688 569/635/689
f 566/634/688 567/636/690 568/637/691
f 566/634/688 561/628/684 567/636/690
f 569/638/689 566/634/688 568/637/691
f 571/639/692 565/632/687 569/635/689
f 572/640/693 569/635/689 570/641/694
f 569/638/689 568/637/691 570/642/694
f 571/639/692 569/635/689 572/640/693
f 538/598/661 571/643/692 572/644/693
f 563/630/686 565/632/687 571/639/692
f 563/645/686 571/643/692 536/597/660
f 538/598/661 536/597/660 571/643/692
f 570/642/694 568/637/691 573/646/695
f 573/646/695 568/637/691 574/647/696
f 574/647/696 575/648/697 573/646/695
f 574/647/696 576/649/698 575/648/697
f 577/650/699 576/649/698 574/647/696
f 577/650/699 578/651/700 576/649/698
f 579/652/701 578/651/700 577/650/699
f 581/653/702 579/652/701 577/650/699
f 580/654/703 579/652/701 581/653/702
f 581/653/702 577/650/699 582/655/704
f 584/656/705 581/653/702 582/655/704
f 583/657/705 580/654/703 581/653/702
f 583/657/705 581/653/702 584/656/705
f 584/656/705 582/655/704 585/658/705
f 585/658/705 587/659/706 586/660/705
f 585/658/705 582/655/704 587/659/706
f 591/661/707 587/659/706 588/662/708
f 589/663/709 588/662/708 587/659/706
f 589/663/709 587/659/706 582/655/704
f 586/660/705 587/659/706 590/664/710
f 590/664/710 587/659/706 591/661/707
f 591/661/707 588/662/708 594/665/711
f 592/666/712 591/661/707 594/665/711
f 593/667/713 591/661/707 592/666/712
f 593/667/713 590/664/710 591/661/707
f 594/665/711 588/662/708 595/668/714
f 592/666/712 594/665/711 556/616/677
f 556/616/677 594/665/711 562/626/683
f 594/665/711 595/668/714 562/626/683
f 562/626/683 595/668/714 561/628/684
f 596/669/715 561/628/684 595/668/714
f 596/669/715 595/668/714 597/670/716
f 597/670/716 595/668/714 588/662/708
f 574/647/696 596/669/715 597/670/716
f 597/670/716 588/662/708 589/663/709
f 574/647/696 597/670/716 589/663/709
f 567/636/690 561/628/684 596/669/715
f 568/637/691 567/636/690 596/669/715
f 568/637/691 596/669/715 574/647/696
f 592/666/712 599/671/717 593/667/713
f 598/672/718 590/664/710 593/667/713
f 593/667/713 600/673/719 598/672/718
f 593/667/713 599/671/717 600/673/719
f 600/673/719 601/674/720 602/675/721
f 599/671/717 601/674/720 600/673/719
f 600/673/719 602/675/721 603/676/722
f 598/672/718 600/673/719 603/676/722
f 603/676/722 602/675/721 604/677/723
f 606/678/705 603/676/722 604/677/723
f 598/672/718 603/676/722 605/679/705
f 605/679/705 603/676/722 606/678/705
f 606/678/705 604/677/723 607/680/705
f 607/680/705 604/677/723 609/681/724
f 607/680/705 609/681/724 608/682/705
f 608/682/705 609/681/724 610/683/725
f 609/681/724 611/684/726 610/683/725
f 612/685/727 611/684/726 609/681/724
f 604/677/723 612/685/727 609/681/724
f 612/685/727 614/686/728 611/684/726
f 602/675/721 613/687/729 612/685/727
f 613/687/729 614/686/728 612/685/727
f 602/675/721 612/685/727 604/677/723
f 615/688/730 611/684/726 614/686/728
f 615/688/730 614/686/728 616/689/731
f 614/686/728 619/690/732 616/689/731
f 613/687/729 617/691/733 614/686/728
f 617/691/733 618/692/734 614/686/728
f 614/686/728 618/692/734 619/690/732
f 617/691/733 620/693/735 618/692/734
f 621/694/736 620/693/735 617/691/733
f 622/695/737 621/696/736 623/697/738
f 617/691/733 623/698/738 621/694/736
f 446/508/571 622/695/737 623/697/738
f 446/508/571 623/697/738 449/510/573
f 449/510/573 623/697/738 624/699/739
f 624/700/739 623/698/738 625/701/740
f 625/701/740 623/698/738 617/691/733
f 627/702/741 626/703/742 625/704/740
f 626/705/742 624/700/739 625/701/740
f 601/674/720 625/701/740 613/687/729
f 625/701/740 617/691/733 613/687/729
f 627/706/741 625/701/740 601/674/720
f 552/613/674 626/705/742 627/706/741
f 557/614/675 552/613/674 627/706/741
f 599/671/717 627/706/741 601/674/720
f 557/614/675 627/706/741 599/671/717
f 454/513/576 626/707/742 552/611/674
f 454/513/576 624/699/739 626/707/742
f 449/510/573 624/699/739 454/513/576
f 628/708/743 622/695/737 446/508/571
f 445/507/570 628/708/743 446/508/571
f 629/709/744 611/684/726 615/688/730
f 608/682/705 610/683/725 629/709/744
f 629/709/744 610/683/725 611/684/726
f 601/674/720 613/687/729 602/675/721
f 630/710/705 598/672/718 605/679/705
f 631/711/705 598/672/718 630/710/705
f 586/660/705 590/664/710 631/711/705
f 631/711/705 590/664/710 598/672/718
f 592/666/712 557/614/675 599/671/717
f 556/616/677 557/614/675 592/666/712
f 582/655/704 577/650/699 589/663/709
f 589/663/709 577/650/699 574/647/696
f 632/712/705 580/654/703 583/657/705
f 536/597/660 633/713/745 563/645/686
f 633/714/745 634/715/746 563/630/686
f 563/630/686 634/715/746 559/624/682
f 555/619/679 634/716/746 546/605/668
f 633/714/745 546/717/668 634/715/746
f 554/718/680 559/719/682 634/720/746
f 554/721/680 634/722/746 555/723/679
f 633/713/745 537/596/659 540/599/662
f 540/599/662 546/605/668 633/713/745
f 536/597/660 537/596/659 633/713/745
f 556/616/677 562/626/683 553/615/676
f 555/619/679 546/605/668 547/606/669
f 551/610/673 454/513/576 552/611/674
f 635/724/747 551/610/673 549/609/672
f 635/724/747 454/513/576 551/610/673
f 635/724/747 455/514/577 454/513/576
f 464/523/586 455/514/577 635/724/747
f 636/725/748 464/523/586 635/724/747
f 635/724/747 549/609/672 636/725/748
f 636/725/748 638/726/749 637/727/750
f 637/727/750 464/523/586 636/725/748
f 636/725/748 639/728/751 638/726/749
f 549/609/672 639/728/751 636/725/748
f 638/726/749 639/728/751 543/602/665
f 549/609/672 544/603/666 639/728/751
f 543/602/665 639/728/751 544/603/666
f 637/727/750 638/726/749 641/729/752
f 641/729/752 638/726/749 640/730/753
f 640/730/753 638/726/749 543/602/665
f 641/729/752 465/524/587 637/727/750
f 641/729/752 528/588/651 478/537/600
f 478/537/600 465/524/587 641/729/752
f 641/729/752 640/730/753 528/588/651
f 528/588/651 640/730/753 642/731/754
f 543/602/665 642/731/754 640/730/753
f 527/587/650 642/731/754 541/601/664
f 543/602/665 541/601/664 642/731/754
f 528/588/651 642/731/754 527/587/650
f 465/524/587 464/523/586 637/727/750
f 527/587/650 541/601/664 532/591/654
f 478/537/600 528/588/651 482/541/604
f 501/561/624 503/563/626 643/732/755
f 501/561/624 643/732/755 129/129/145
f 129/129/145 643/732/755 130/130/146
f 130/130/146 643/732/755 132/132/148
f 129/129/145 126/127/143 501/561/624
f 124/124/140 644/733/756 499/559/622
f 499/559/622 644/733/756 646/734/757
f 645/735/758 499/559/622 646/734/757
f 494/551/614 499/559/622 645/735/758
f 124/124/140 499/559/622 127/128/144
f 647/736/759 646/734/757 644/733/756
f 645/735/758 646/734/757 648/737/760
f 649/738/761 646/734/757 647/736/759
f 649/738/761 648/737/760 646/734/757
f 650/739/762 648/737/760 649/738/761
f 651/740/763 649/738/761 647/736/759
f 649/738/761 651/740/763 650/739/762
f 647/736/759 652/741/764 651/740/763
f 652/741/765 653/742/766 651/740/767
f 651/740/767 653/742/766 654/743/768
f 650/739/762 651/740/763 655/744/769
f 651/740/767 654/743/768 655/744/770
f 655/744/770 656/745/771 657/746/772
f 655/744/770 654/743/768 656/745/771
f 650/739/762 655/744/769 657/746/773
f 656/745/771 658/747/774 657/746/772
f 650/739/762 657/746/773 658/747/775
f 656/745/771 660/748/776 658/747/774
f 659/749/777 650/739/762 658/747/775
f 659/749/777 658/747/775 660/748/778
f 661/750/779 660/748/776 656/745/771
f 660/748/776 661/750/779 662/751/780
f 660/748/778 662/751/781 659/749/777
f 662/751/780 661/750/779 663/752/782
f 662/751/780 663/752/782 396/456/517
f 662/751/781 396/456/516 398/455/515
f 659/749/777 662/751/781 664/753/783
f 664/753/783 662/751/781 398/455/515
f 664/753/783 398/455/515 401/461/522
f 659/749/777 664/753/783 407/468/529
f 407/468/529 664/753/783 401/461/522
f 396/456/517 663/752/782 397/457/518
f 665/754/784 650/739/762 659/749/777
f 665/754/784 659/749/777 666/755/785
f 666/755/785 659/749/777 407/468/529
f 668/756/786 665/754/784 666/755/785
f 666/755/785 407/468/529 667/757/787
f 669/758/788 666/755/785 667/757/787
f 668/756/786 666/755/785 669/758/788
f 667/757/787 670/759/789 669/758/788
f 671/760/790 668/756/786 669/758/788
f 672/761/791 669/758/788 670/759/789
f 672/761/791 671/760/790 669/758/788
f 670/759/789 673/762/792 672/761/791
f 672/761/791 673/762/792 674/763/793
f 672/761/791 674/763/793 675/764/794
f 675/764/794 671/760/790 672/761/791
f 675/764/794 676/765/795 671/760/790
f 671/760/790 676/765/795 677/766/796
f 671/760/790 677/766/796 678/767/797
f 678/767/797 677/766/796 679/768/798
f 678/767/797 679/768/798 680/769/799
f 680/769/799 681/770/800 678/767/797
f 678/767/797 681/770/800 682/771/801
f 473/533/596 682/771/801 683/772/802
f 678/767/797 682/771/801 473/533/596
f 473/533/596 683/772/802 684/773/803
f 475/532/595 473/533/596 684/773/803
f 678/767/797 473/533/596 686/774/804
f 678/767/797 685/775/805 671/760/790
f 678/767/797 687/776/806 685/775/805
f 686/774/804 687/776/806 678/767/797
f 650/739/762 687/776/806 648/737/760
f 687/776/806 686/774/804 648/737/760
f 685/775/805 687/776/806 650/739/762
f 648/737/760 686/774/804 688/777/807
f 688/777/807 686/774/804 489/548/611
f 489/548/611 686/774/804 479/539/602
f 479/539/602 686/774/804 473/533/596
f 648/737/760 688/777/807 645/735/758
f 645/735/758 688/777/807 490/549/612
f 688/777/807 489/548/611 490/549/612
f 665/754/784 685/775/805 650/739/762
f 671/760/790 685/775/805 668/756/786
f 685/775/805 665/754/784 668/756/786
f 673/762/792 689/778/808 674/763/793
f 690/779/809 689/778/808 673/762/792
f 673/762/792 691/780/810 690/779/809
f 673/762/792 692/781/811 691/780/810
f 694/782/812 692/781/811 673/762/792
f 694/782/812 693/783/813 692/781/811
f 437/496/559 694/782/812 670/759/789
f 437/496/559 695/784/814 694/782/812
f 670/759/789 694/782/812 673/762/792
f 695/784/814 693/783/813 694/782/812
f 439/498/561 696/785/815 695/784/814
f 696/785/815 697/786/816 695/784/814
f 697/786/816 698/787/817 695/784/814
f 439/498/561 695/784/814 437/496/559
f 695/784/814 698/787/817 693/783/813
f 699/788/818 696/785/815 439/498/561
f 700/789/819 699/788/818 439/498/561
f 700/789/819 439/498/561 701/790/820
f 701/790/820 439/498/561 444/505/568
f 701/790/820 444/505/568 456/516/579
f 667/757/787 702/791/821 670/759/789
f 437/496/559 670/759/789 435/494/557
f 670/759/789 702/791/821 435/494/557
f 407/468/529 702/791/821 667/757/787
f 407/468/529 408/467/528 702/791/821
f 702/791/821 408/467/528 410/469/530
f 435/494/557 702/791/821 410/469/530
f 652/741/765 703/792/822 653/742/766
f 704/793/823 703/792/822 652/741/765
f 704/793/823 708/794/824 705/795/825
f 704/793/823 705/795/825 706/796/826
f 652/741/765 707/797/827 704/793/823
f 704/793/823 707/797/827 708/794/824
f 709/798/828 708/794/829 707/797/830
f 705/795/831 708/794/829 709/798/828
f 709/798/828 707/797/830 647/736/759
f 647/736/759 644/733/756 709/798/828
f 709/798/828 644/733/756 710/799/832
f 709/798/828 710/799/832 705/795/831
f 123/123/139 710/799/832 644/733/756
f 123/123/139 712/800/833 710/799/832
f 705/795/831 710/799/832 711/801/834
f 712/800/833 711/801/834 710/799/832
f 121/120/136 712/800/833 123/123/139
f 712/800/833 713/802/835 711/801/834
f 714/803/836 713/802/835 712/800/833
f 121/120/136 714/803/836 712/800/833
f 714/803/836 715/804/837 713/802/835
f 105/106/122 715/804/837 714/803/836
f 714/803/836 108/107/123 105/106/122
f 714/803/836 115/116/132 108/107/123
f 117/117/133 714/803/836 121/120/136
f 117/117/133 115/116/132 714/803/836
f 715/804/837 716/805/838 713/802/835
f 105/106/122 716/805/838 715/804/837
f 713/802/839 716/805/840 717/806/841
f 717/806/841 716/805/840 718/807/842
f 718/807/843 716/805/838 105/106/122
f 717/806/841 718/807/842 719/808/844
f 718/807/843 105/106/122 719/808/845
f 717/806/841 719/808/844 720/809/844
f 720/809/844 719/808/844 721/810/846
f 721/810/847 719/808/845 103/104/120
f 103/104/120 719/808/845 105/106/122
f 720/809/844 721/810/846 722/811/848
f 100/101/117 721/810/847 103/104/120
f 722/811/848 721/810/846 723/812/849
f 724/813/850 723/812/851 721/810/847
f 724/813/850 721/810/847 100/101/117
f 100/101/117 93/95/111 724/813/850
f 724/813/850 93/95/111 723/812/851
f 725/814/852 723/812/849 726/815/853
f 722/811/848 723/812/849 725/814/852
f 93/95/111 726/815/854 723/812/851
f 725/814/852 726/815/853 94/93/855
f 726/815/854 93/95/111 94/93/109
f 725/814/852 94/93/855 727/816/856
f 727/816/856 94/93/855 83/84/97
f 727/816/856 83/84/97 84/85/96
f 728/817/857 713/802/839 717/806/841
f 729/818/858 713/802/839 728/817/857
f 729/818/858 711/801/859 713/802/839
f 706/796/826 711/801/859 729/818/858
f 706/796/826 705/795/825 711/801/859
f 647/736/759 707/797/830 652/741/764
f 645/735/758 490/549/612 494/551/614
f 123/123/139 644/733/756 124/124/140
f 480/540/603 489/548/611 479/539/602
f 479/539/602 473/533/596 474/534/597
f 478/537/600 467/525/588 465/524/587
f 400/460/521 392/452/508 403/462/523
f 391/451/506 392/452/508 400/460/521
f 392/452/508 386/445/510 384/443/543
f 366/425/480 382/441/544 370/430/485
f 374/434/489 378/437/496 730/819/860
f 377/436/491 730/819/861 378/437/492
f 731/820/862 730/819/861 377/436/491
f 731/820/862 733/821/863 730/819/861
f 730/819/860 732/822/864 374/434/489
f 730/819/860 733/821/865 732/822/864
f 733/821/865 734/823/866 735/824/867
f 731/820/862 734/823/868 733/821/863
f 732/822/864 733/821/865 735/824/867
f 732/822/864 735/824/867 737/825/869
f 738/826/870 735/824/867 736/827/871
f 735/824/867 734/823/866 736/827/871
f 737/825/869 735/824/867 740/828/872
f 739/829/873 735/824/867 738/826/870
f 739/829/873 740/828/872 735/824/867
f 737/825/869 740/828/872 741/830/874
f 741/830/874 740/828/872 743/831/875
f 742/832/876 740/828/872 739/829/873
f 742/832/876 743/831/875 740/828/872
f 741/830/874 743/831/875 746/833/877
f 744/834/878 743/831/875 742/832/876
f 744/834/878 745/835/879 743/831/875
f 746/833/877 743/831/875 745/835/879
f 746/833/877 745/835/879 747/836/880
f 749/837/881 746/833/877 747/836/880
f 748/838/882 741/830/874 746/833/877
f 749/837/881 748/838/882 746/833/877
f 747/836/880 750/839/883 749/837/881
f 749/837/881 356/416/471 359/418/473
f 359/418/473 748/838/882 749/837/881
f 749/837/881 750/839/883 356/416/471
f 751/840/884 753/841/885 750/839/883
f 752/842/886 751/840/884 750/839/883
f 752/842/886 750/839/883 747/836/880
f 750/839/883 753/841/885 356/416/471
f 753/841/885 350/410/465 356/416/471
f 753/841/885 351/411/466 350/410/465
f 751/840/884 754/843/887 753/841/885
f 754/843/887 351/411/466 753/841/885
f 755/844/888 754/843/887 751/840/884
f 310/845/889 755/844/888 756/846/890
f 756/846/890 755/844/888 751/840/884
f 756/847/890 757/848/891 310/849/889
f 756/846/890 751/840/884 752/842/886
f 752/842/886 758/850/892 756/846/890
f 756/846/890 758/850/892 757/851/891
f 759/852/893 758/853/892 761/854/894
f 760/855/895 758/853/892 759/852/893
f 760/855/895 757/848/891 758/853/892
f 752/842/886 761/856/894 758/850/892
f 747/836/880 761/856/894 752/842/886
f 747/836/880 745/835/879 761/856/894
f 759/852/893 761/854/894 762/857/896
f 762/858/896 761/856/894 745/835/879
f 762/857/896 763/859/897 764/860/898
f 744/861/878 763/859/897 762/857/896
f 762/857/896 764/860/898 759/852/893
f 762/858/896 745/835/879 744/834/878
f 763/859/897 766/862/899 764/860/898
f 759/852/893 764/860/898 765/863/900
f 764/860/898 767/864/901 765/863/900
f 764/860/898 766/862/899 767/864/901
f 766/862/899 769/865/902 767/864/901
f 765/863/900 767/864/901 768/866/903
f 767/864/901 770/867/904 768/866/903
f 767/864/901 769/865/902 770/867/904
f 769/865/902 771/868/905 770/867/904
f 769/865/902 772/869/906 771/868/905
f 772/869/906 773/870/907 771/868/905
f 772/869/906 774/871/908 773/870/907
f 773/870/907 774/871/908 775/872/909
f 775/872/909 776/873/910 290/874/911
f 775/872/909 774/871/908 776/873/910
f 776/873/910 774/871/908 777/875/912
f 778/876/913 776/873/910 777/875/912
f 290/874/911 776/873/910 778/876/913
f 778/876/913 779/877/914 780/878/915
f 777/875/912 779/877/914 778/876/913
f 778/876/913 780/878/915 781/879/916
f 781/879/916 780/878/915 782/880/917
f 781/879/916 782/880/917 783/881/918
f 783/881/918 782/880/917 784/882/919
f 783/881/918 784/882/919 785/883/920
f 785/883/920 784/882/919 786/884/921
f 785/883/920 786/884/921 787/885/922
f 787/885/922 786/884/921 788/886/923
f 787/885/922 788/886/923 789/887/924
f 789/887/924 788/886/923 790/888/925
f 789/887/924 790/888/925 791/889/926
f 791/889/926 790/888/925 792/890/927
f 791/889/926 792/890/927 793/891/928
f 793/891/928 792/890/927 794/892/929
f 793/891/928 794/892/929 795/893/930
f 795/893/930 794/892/929 796/894/931
f 795/893/930 796/894/931 797/895/932
f 797/895/932 796/894/931 798/896/933
f 797/895/932 798/896/933 799/897/934
f 799/897/934 798/896/933 800/898/935
f 799/897/934 800/898/935 801/899/936
f 801/899/936 800/898/935 802/900/937
f 801/899/936 802/900/937 803/901/938
f 803/901/938 802/900/937 804/902/939
f 803/901/938 804/902/939 805/903/940
f 805/903/940 804/902/939 806/904/941
f 805/903/940 806/904/941 256/309/368
f 807/905/942 806/906/941 809/907/943
f 807/905/942 808/908/944 806/906/941
f 256/309/368 806/904/941 808/909/944
f 806/906/941 811/910/945 809/907/943
f 804/911/939 810/912/946 806/906/941
f 806/906/941 810/912/946 811/910/945
f 813/913/947 811/910/945 810/912/946
f 812/914/948 811/910/945 813/913/947
f 812/914/948 809/907/943 811/910/945
f 816/915/949 812/914/948 813/913/947
f 813/913/947 810/912/946 814/916/950
f 815/917/951 813/913/947 814/916/950
f 816/915/949 813/913/947 815/917/951
f 815/917/952 817/918/953 816/915/954
f 816/915/954 817/918/953 820/919/955
f 816/915/949 818/920/956 819/921/957
f 816/915/954 820/919/955 818/920/958
f 819/921/957 812/914/948 816/915/949
f 818/920/958 820/919/955 821/922/959
f 818/920/958 821/922/959 822/923/960
f 822/923/960 821/922/959 823/924/961
f 822/923/960 823/924/961 66/67/74
f 66/67/74 823/924/961 67/68/75
f 818/920/956 822/923/962 819/921/957
f 822/923/962 66/67/73 824/925/963
f 819/921/957 822/923/962 824/925/963
f 824/925/963 68/66/72 825/926/964
f 824/925/963 66/67/73 68/66/72
f 819/921/957 824/925/963 826/927/965
f 826/927/965 824/925/963 825/926/964
f 819/921/957 826/927/965 809/907/943
f 826/927/965 825/926/964 827/928/966
f 809/907/943 826/927/965 827/928/966
f 827/928/966 807/905/942 809/907/943
f 827/928/966 808/908/944 807/905/942
f 827/928/966 825/926/964 829/929/967
f 828/930/968 808/908/944 827/928/966
f 827/928/966 829/929/967 828/930/968
f 828/930/968 829/929/967 830/931/969
f 831/932/970 830/931/969 829/929/967
f 825/926/964 834/933/971 829/929/967
f 833/934/972 831/932/970 829/929/967
f 832/935/973 829/929/967 834/933/971
f 833/934/972 829/929/967 832/935/973
f 68/66/72 834/933/971 825/926/964
f 68/66/72 63/65/71 834/933/971
f 59/59/65 834/933/971 63/65/71
f 832/935/973 834/933/971 59/59/65
f 832/935/973 59/59/65 833/934/972
f 833/934/972 59/59/65 835/936/974
f 833/934/972 835/936/974 836/937/975
f 836/937/975 831/932/970 833/934/972
f 837/938/976 838/939/977 836/937/975
f 836/937/975 55/56/62 837/938/976
f 835/936/974 55/56/62 836/937/975
f 836/937/975 838/939/977 831/932/970
f 837/938/976 840/940/978 838/939/977
f 838/939/977 839/941/979 831/932/970
f 838/939/977 841/942/980 839/941/979
f 840/940/978 841/942/980 838/939/977
f 840/940/978 842/943/981 841/942/980
f 842/943/981 843/944/982 841/942/980
f 841/942/980 843/944/982 844/945/983
f 841/942/980 844/945/983 846/946/984
f 845/947/985 839/941/979 841/942/980
f 845/947/985 841/942/980 846/946/984
f 847/948/986 839/941/979 845/947/985
f 839/941/979 847/948/986 848/949/987
f 849/950/988 839/941/979 848/949/987
f 849/950/988 848/949/987 850/951/989
f 851/952/990 849/950/988 850/951/989
f 852/953/991 853/954/992 851/952/990
f 853/954/992 849/950/988 851/952/990
f 852/953/991 854/955/993 853/954/992
f 854/955/993 257/304/365 853/954/992
f 853/954/992 257/304/365 255/306/367
f 853/954/992 830/931/969 849/950/988
f 828/930/968 830/931/969 853/954/992
f 853/954/992 255/306/367 828/930/968
f 830/931/969 839/941/979 849/950/988
f 855/956/994 844/945/983 856/957/995
f 856/957/995 844/945/983 843/944/982
f 228/262/337 227/263/338 856/957/995
f 227/263/338 855/956/994 856/957/995
f 856/957/995 843/944/982 858/958/996
f 857/959/997 856/957/995 858/958/996
f 228/262/337 856/957/995 857/959/997
f 858/958/996 859/960/998 862/961/999
f 858/958/996 843/944/982 859/960/998
f 857/959/997 858/958/996 860/962/1000
f 860/962/1000 858/958/996 861/963/1001
f 861/963/1001 858/958/996 862/961/999
f 861/963/1001 862/961/999 864/964/1002
f 862/961/999 863/965/1003 36/36/42
f 862/961/999 859/960/998 863/965/1003
f 864/964/1002 862/961/999 36/36/42
f 865/966/1004 861/963/1001 864/964/1002
f 864/964/1002 36/36/42 37/38/44
f 37/38/44 34/35/41 864/964/1002
f 864/964/1002 34/35/41 865/966/1004
f 865/966/1004 860/962/1000 861/963/1001
f 857/959/997 860/962/1000 865/966/1004
f 865/966/1004 866/967/1005 867/968/1006
f 865/966/1004 34/35/41 866/967/1005
f 868/969/1007 865/966/1004 867/968/1006
f 225/260/334 865/966/1004 868/969/1007
f 225/260/334 857/959/997 865/966/1004
f 867/968/1006 869/970/1008 868/969/1007
f 868/969/1007 218/252/325 225/260/334
f 868/969/1007 215/249/322 218/252/325
f 868/969/1007 869/970/1008 215/249/322
f 870/971/1009 213/247/320 869/970/1008
f 213/247/320 215/249/322 869/970/1008
f 870/971/1009 869/970/1008 871/972/1010
f 871/972/1010 869/970/1008 872/973/1011
f 867/968/1006 872/973/1011 869/970/1008
f 866/967/1005 872/973/1011 867/968/1006
f 866/967/1005 873/974/1012 872/973/1011
f 874/975/1013 872/973/1011 873/974/1012
f 871/972/1010 872/973/1011 874/975/1013
f 874/975/1013 873/974/1012 875/976/1014
f 875/976/1014 876/977/1015 874/975/1013
f 874/975/1016 876/977/1017 192/208/270
f 874/975/1018 876/977/1019 191/210/275
f 874/975/1018 191/210/275 871/972/1020
f 874/975/1016 192/208/270 871/972/1021
f 875/976/1022 24/25/31 876/977/1023
f 875/976/1024 877/978/1025 876/977/1026
f 876/977/1017 3/4/1027 192/208/270
s 0
f 6/5/1028 3/4/1028 876/977/1028
s 1
f 876/977/1019 3/4/1029 191/210/275
f 24/25/31 5/9/10 876/977/1023
f 5/9/10 6/5/12 876/977/1023
f 6/5/14 876/977/1026 7/7/8
f 7/7/8 876/977/1026 877/978/1025
f 875/976/1024 878/979/1030 877/978/1025
f 878/979/1030 26/27/1031 877/978/1025
f 879/980/1032 878/979/1033 24/25/31
f 880/981/1034 878/979/1033 879/980/1032
f 878/979/1033 26/27/33 24/25/31
f 28/28/34 878/979/1035 880/981/1036
f 26/27/33 878/979/1035 28/28/34
f 880/981/1037 878/979/1030 875/976/1024
f 880/981/1037 873/974/1038 866/967/1039
f 875/976/1024 873/974/1038 880/981/1037
f 880/981/1036 866/967/1005 881/982/1040
f 866/967/1041 880/981/1034 879/980/1032
f 28/28/34 880/981/1036 881/982/1040
f 881/982/1040 34/35/41 28/28/34
f 881/982/1040 866/967/1005 34/35/41
f 879/980/1032 24/25/31 875/976/1022
f 875/976/1022 873/974/1042 879/980/1032
f 879/980/1032 873/974/1042 866/967/1041
f 198/222/291 871/972/1043 190/212/294
f 198/222/291 870/971/1044 871/972/1043
f 200/226/298 870/971/1045 871/972/1046
f 200/226/298 871/972/1046 190/212/300
f 871/972/1021 192/208/270 193/213/279
f 871/972/1021 193/213/279 190/212/278
f 871/972/1020 196/218/283 190/212/285
f 871/972/1020 191/210/275 196/218/283
f 211/246/319 870/971/1044 198/222/291
f 203/229/305 213/247/1047 870/971/1045
f 203/229/305 870/971/1045 200/226/298
f 211/246/319 213/247/320 870/971/1044
f 36/36/42 863/965/1003 39/39/45
f 56/58/64 39/39/45 863/965/1003
f 882/983/1048 863/965/1003 859/960/998
f 56/58/64 863/965/1003 882/983/1048
f 882/983/1048 837/938/976 55/56/62
f 842/943/981 837/938/976 882/983/1048
f 882/983/1048 55/56/62 56/58/64
f 882/983/1048 859/960/998 842/943/981
f 842/943/981 859/960/998 843/944/982
f 228/262/337 857/959/997 225/260/334
f 842/943/981 840/940/978 837/938/976
f 831/932/970 839/941/979 830/931/969
f 835/936/974 57/57/63 55/56/62
f 59/59/65 57/57/63 835/936/974
f 828/930/968 255/306/367 808/908/944
f 819/921/957 809/907/943 812/914/948
f 815/917/952 883/984/1049 817/918/953
f 884/985/1050 883/984/1049 815/917/952
f 884/985/1050 885/986/1051 883/984/1049
f 886/987/1052 885/986/1051 884/985/1050
f 884/985/1050 887/988/1053 886/987/1052
f 884/985/1050 888/989/1054 887/988/1053
f 890/990/1055 889/991/1056 888/989/1054
f 890/990/1055 888/989/1054 891/992/1057
f 891/992/1057 888/989/1054 884/985/1050
f 892/993/1058 890/990/1059 891/992/1060
f 884/985/1061 892/993/1058 891/992/1060
f 884/985/1061 814/916/950 892/993/1058
f 814/916/950 896/994/1062 892/993/1058
f 892/993/1058 893/995/1063 890/990/1059
f 895/996/1064 893/995/1063 892/993/1058
f 892/997/1058 894/998/1065 895/999/1064
f 892/993/1058 896/994/1062 894/1000/1065
f 802/900/937 896/1001/1062 804/902/939
f 802/900/937 894/998/1065 896/1001/1062
f 804/902/939 896/1001/1062 810/1002/946
f 814/916/950 810/912/946 896/994/1062
f 895/1003/1064 899/1004/1066 897/1005/1067
f 897/1006/1067 898/1007/1068 895/1008/1064
f 895/996/1064 898/1009/1068 893/995/1063
f 895/999/1064 900/1010/1069 899/1011/1066
f 895/999/1064 894/998/1065 900/1010/1069
f 899/1011/1066 900/1010/1069 901/1012/1070
f 798/896/933 901/1012/1070 900/1010/1069
f 798/896/933 900/1010/1069 800/898/935
f 800/898/935 900/1010/1069 894/998/1065
f 796/894/931 901/1012/1070 798/896/933
f 796/894/931 902/1013/1071 901/1012/1070
f 903/1014/1072 901/1012/1070 902/1013/1071
f 899/1011/1066 901/1012/1070 903/1014/1072
f 897/1015/1067 903/1014/1072 904/1016/1073
f 897/1015/1067 899/1011/1066 903/1014/1072
f 904/1016/1073 903/1014/1072 905/1017/1074
f 903/1014/1072 902/1013/1071 905/1017/1074
f 905/1017/1074 907/1018/1075 906/1019/1076
f 908/1020/1077 905/1017/1074 906/1019/1076
f 905/1017/1074 902/1013/1071 907/1018/1075
f 904/1016/1073 905/1017/1074 908/1020/1077
f 908/1020/1077 906/1019/1076 909/1021/1078
f 909/1022/1079 910/1023/1079 908/1024/1080
f 908/1024/1080 910/1023/1079 911/1025/1081
f 908/1024/1080 911/1025/1081 904/1026/1082
f 904/1026/1082 911/1025/1081 912/1027/1083
f 904/1026/1082 912/1027/1083 897/1028/1084
f 897/1028/1084 912/1027/1083 913/1029/1085
f 897/1028/1084 913/1029/1085 898/1009/1086
f 898/1009/1086 913/1029/1085 893/995/1087
f 893/995/1087 913/1029/1085 889/991/1056
f 914/1030/1088 910/1023/1079 909/1022/1079
f 909/1022/1079 915/1031/1089 914/1030/1088
f 914/1030/1088 915/1031/1089 916/1032/1090
f 914/1030/1088 916/1032/1090 917/1033/1091
f 917/1033/1091 916/1032/1090 918/1034/1092
f 917/1033/1091 918/1034/1092 919/1035/1093
f 919/1035/1093 918/1034/1092 920/1036/1094
f 919/1035/1093 920/1036/1094 921/1037/1095
f 921/1037/1095 922/1038/1096 923/1039/1097
f 921/1037/1095 920/1036/1094 922/1038/1096
f 923/1039/1097 925/1040/1098 924/1041/1099
f 923/1039/1097 926/1042/1100 925/1040/1098
f 923/1039/1097 922/1038/1096 926/1042/1100
f 928/1043/1101 925/1044/1102 926/1045/1103
f 927/1046/1104 926/1045/1103 922/1047/1105
f 928/1043/1101 926/1045/1103 927/1046/1104
f 928/1043/1101 929/1048/1106 925/1044/1102
f 930/1049/1107 929/1048/1106 928/1043/1101
f 928/1043/1101 932/1050/1108 930/1049/1107
f 927/1046/1104 931/1051/1109 928/1043/1101
f 928/1043/1101 931/1051/1109 932/1050/1108
f 930/1049/1107 932/1050/1108 933/1052/1110
f 780/878/915 932/1050/1108 782/880/917
f 780/878/915 933/1052/1110 932/1050/1108
f 782/880/917 932/1050/1108 931/1051/1109
f 933/1052/1110 934/1053/1111 935/1054/1112
f 933/1052/1110 938/1055/1113 934/1053/1111
f 930/1049/1107 933/1052/1110 936/1056/1114
f 936/1056/1114 933/1052/1110 935/1054/1112
f 779/877/914 937/1057/1115 933/1052/1110
f 937/1057/1115 938/1055/1113 933/1052/1110
f 779/877/914 933/1052/1110 780/878/915
f 937/1057/1115 939/1058/1116 938/1055/1113
f 938/1055/1113 939/1058/1116 940/1059/1117
f 938/1055/1113 940/1059/1117 934/1053/1111
f 943/1060/1118 940/1059/1117 939/1058/1116
f 934/1053/1111 940/1059/1117 941/1061/1119
f 942/1062/1120 941/1061/1119 940/1059/1117
f 942/1062/1120 940/1059/1117 943/1060/1118
f 945/1063/1121 942/1062/1120 943/1060/1118
f 946/1064/1122 943/1060/1118 944/1065/1123
f 943/1060/1118 939/1058/1116 944/1065/1123
f 945/1063/1121 943/1060/1118 946/1064/1122
f 948/1066/1124 945/1063/1121 946/1064/1122
f 949/1067/1125 946/1064/1122 947/1068/1126
f 946/1064/1122 944/1065/1123 947/1068/1126
f 948/1066/1124 946/1064/1122 949/1067/1125
f 952/1069/1127 949/1067/1125 950/1070/1128
f 949/1067/1125 947/1068/1126 950/1070/1128
f 951/1071/1129 949/1067/1125 952/1069/1127
f 951/1071/1129 948/1066/1124 949/1067/1125
f 952/1069/1127 950/1070/1128 763/859/897
f 742/1072/876 951/1071/1129 952/1069/1127
f 744/861/878 952/1069/1127 763/859/897
f 742/832/876 952/1073/1127 744/834/878
f 739/829/873 953/1074/1130 951/1075/1129
f 953/1076/1130 948/1066/1124 951/1071/1129
f 739/829/873 951/1075/1129 742/832/876
f 738/826/870 953/1074/1130 739/829/873
f 738/826/870 954/1077/1131 953/1074/1130
f 954/1077/1131 955/1078/1132 953/1074/1130
f 953/1076/1130 955/1079/1132 948/1066/1124
f 955/1079/1132 945/1063/1121 948/1066/1124
f 955/1079/1132 957/1080/1133 945/1063/1121
f 954/1077/1131 956/1081/1134 955/1078/1132
f 956/1082/1134 957/1080/1133 955/1079/1132
f 957/1080/1133 958/1083/1135 942/1062/1120
f 959/1084/1136 958/1083/1135 957/1080/1133
f 956/1082/1134 959/1084/1136 957/1080/1133
f 957/1080/1133 942/1062/1120 945/1063/1121
f 959/1084/1136 960/1085/1137 958/1083/1135
f 963/1086/1138 960/1085/1137 959/1084/1136
f 961/1087/1139 959/1084/1136 956/1082/1134
f 961/1088/1139 962/1089/1140 959/1090/1136
f 959/1084/1136 962/1091/1140 963/1086/1138
f 962/1089/1141 964/1092/1142 963/1093/1143
f 963/1093/1143 964/1092/1142 966/1094/1144
f 963/1086/1138 965/1095/1145 960/1085/1137
f 963/1093/1143 966/1094/1144 965/1096/1146
f 966/1094/1144 967/1097/1147 969/1098/1148
f 968/1099/1149 967/1097/1147 966/1094/1144
f 966/1094/1144 969/1098/1148 965/1096/1146
f 960/1085/1137 969/1100/1150 967/1101/1151
f 960/1085/1137 965/1095/1145 969/1100/1150
f 967/1097/1147 968/1099/1149 970/1102/1152
f 970/1102/1152 973/1103/1153 967/1097/1147
f 971/1104/1154 972/1105/1155 970/1102/1152
f 970/1102/1152 972/1105/1155 973/1103/1153
f 967/1101/1151 973/1106/1156 974/1107/1157
f 974/1107/1157 973/1106/1156 972/1108/1158
f 974/1107/1157 972/1108/1158 975/1109/1159
f 978/1110/1160 974/1107/1157 975/1109/1159
f 967/1101/1151 974/1107/1157 960/1085/1137
f 960/1085/1137 974/1107/1157 976/1111/1161
f 977/1112/1162 976/1111/1161 974/1107/1157
f 977/1112/1162 974/1107/1157 978/1110/1160
f 978/1110/1160 979/1113/1163 929/1048/1106
f 978/1110/1160 975/1109/1159 979/1113/1163
f 930/1049/1107 978/1110/1160 929/1048/1106
f 977/1112/1162 978/1110/1160 930/1049/1107
f 924/1041/1099 929/1114/1164 979/1115/1165
f 924/1041/1099 979/1115/1165 980/1116/1166
f 980/1116/1166 979/1115/1165 975/1117/1167
f 980/1116/1166 975/1117/1167 971/1104/1154
f 936/1056/1114 977/1112/1162 930/1049/1107
f 936/1056/1114 976/1111/1161 977/1112/1162
f 958/1083/1135 976/1111/1161 941/1061/1119
f 936/1056/1114 941/1061/1119 976/1111/1161
f 960/1085/1137 976/1111/1161 958/1083/1135
f 971/1104/1154 975/1117/1167 972/1105/1155
f 962/1089/1141 981/1118/1168 964/1092/1142
f 961/1088/1169 981/1118/1168 962/1089/1141
f 983/1119/1170 981/1118/1168 961/1088/1169
f 983/1119/1170 982/1120/1171 981/1118/1168
f 984/1121/1172 982/1120/1171 983/1119/1170
f 956/1081/1134 984/1121/1173 983/1119/1174
f 956/1081/1134 983/1119/1174 961/1088/1139
f 985/1122/1175 984/1121/1173 956/1081/1134
f 985/1122/1176 982/1120/1171 984/1121/1172
f 954/1077/1131 986/1123/1177 985/1122/1175
f 986/1123/1178 987/1124/1179 985/1122/1176
f 985/1122/1176 987/1124/1179 982/1120/1171
f 985/1122/1175 956/1081/1134 954/1077/1131
f 986/1123/1178 988/1125/1180 987/1124/1179
f 990/1126/1181 988/1125/1180 989/1127/1182
f 989/1127/1182 988/1125/1180 986/1123/1178
f 989/1127/1182 992/1128/1183 990/1126/1181
f 990/1126/1181 993/1129/1184 991/1130/1185
f 990/1126/1181 992/1128/1183 993/1129/1184
f 991/1130/1185 993/1129/1184 994/1131/1186
f 738/826/870 993/1129/1187 992/1128/1188
f 994/1131/1189 993/1129/1187 738/826/870
f 738/826/870 736/827/871 994/1131/1189
f 991/1130/1185 994/1131/1186 736/827/1190
f 992/1128/1188 989/1127/1191 954/1077/1131
f 992/1128/1188 954/1077/1131 738/826/870
f 991/1130/1185 736/827/1190 995/1132/1192
f 995/1132/1192 736/827/1190 734/823/868
f 995/1132/1192 734/823/868 731/820/862
f 954/1077/1131 989/1127/1191 986/1123/1177
f 958/1083/1135 941/1061/1119 942/1062/1120
f 763/859/897 950/1070/1128 766/862/899
f 950/1070/1128 996/1133/1193 766/862/899
f 950/1070/1128 947/1068/1126 996/1133/1193
f 947/1068/1126 997/1134/1194 996/1133/1193
f 766/862/899 996/1133/1193 769/865/902
f 996/1133/1193 772/869/906 769/865/902
f 996/1133/1193 997/1134/1194 772/869/906
f 997/1134/1194 774/871/908 772/869/906
f 997/1134/1194 998/1135/1195 774/871/908
f 947/1068/1126 944/1065/1123 997/1134/1194
f 944/1065/1123 998/1135/1195 997/1134/1194
f 777/875/912 774/871/908 998/1135/1195
f 777/875/912 998/1135/1195 937/1057/1115
f 937/1057/1115 998/1135/1195 939/1058/1116
f 944/1065/1123 939/1058/1116 998/1135/1195
f 934/1053/1111 941/1061/1119 935/1054/1112
f 935/1054/1112 941/1061/1119 936/1056/1114
f 777/875/912 937/1057/1115 779/877/914
f 782/880/917 931/1051/1109 784/882/919
f 927/1046/1104 999/1136/1196 931/1051/1109
f 784/882/919 931/1051/1109 999/1136/1196
f 786/884/921 999/1136/1196 1001/1137/1197
f 784/882/919 999/1136/1196 786/884/921
f 1000/1138/1198 999/1136/1196 927/1046/1104
f 1000/1138/1198 1001/1137/1197 999/1136/1196
f 786/884/921 1001/1137/1197 788/886/923
f 788/886/923 1001/1137/1197 1003/1139/1199
f 1002/1140/1200 1001/1137/1197 1000/1138/1198
f 1002/1140/1200 1003/1139/1199 1001/1137/1197
f 1005/1141/1201 1004/1142/1202 1003/1139/1199
f 790/888/925 1003/1139/1199 1004/1142/1202
f 788/886/923 1003/1139/1199 790/888/925
f 1005/1141/1201 1003/1139/1199 1002/1140/1200
f 906/1019/1076 1004/1142/1202 1005/1141/1201
f 909/1021/1078 906/1019/1076 1005/1141/1201
f 909/1021/1078 1005/1141/1201 915/1143/1203
f 915/1143/1203 1005/1141/1201 1002/1140/1200
f 906/1019/1076 907/1018/1075 1004/1142/1202
f 792/890/927 1004/1142/1202 907/1018/1075
f 790/888/925 1004/1142/1202 792/890/927
f 915/1143/1203 1002/1140/1200 916/1144/1204
f 916/1144/1204 1002/1140/1200 1000/1138/1198
f 916/1144/1204 1000/1138/1198 918/1145/1205
f 918/1145/1205 1000/1138/1198 927/1046/1104
f 924/1041/1099 925/1040/1098 929/1114/1164
f 927/1046/1104 922/1047/1105 920/1146/1206
f 918/1145/1205 927/1046/1104 920/1146/1206
f 794/892/929 907/1018/1075 902/1013/1071
f 792/890/927 907/1018/1075 794/892/929
f 794/892/929 902/1013/1071 796/894/931
f 800/898/935 894/998/1065 802/900/937
f 893/995/1087 889/991/1056 890/990/1055
f 815/917/951 814/916/950 884/985/1061
f 256/309/368 808/909/944 255/307/367
f 765/863/900 768/866/903 1006/1147/1207
f 760/855/895 765/863/900 1006/1147/1207
f 760/855/895 1006/1147/1207 1007/1148/1208
f 310/849/889 757/848/891 1007/1148/1208
f 1007/1148/1208 757/848/891 760/855/895
f 759/852/893 765/863/900 760/855/895
f 375/433/488 374/434/489 748/838/882
f 359/418/473 375/433/488 748/838/882
f 748/838/882 374/434/489 741/830/874
f 374/434/489 737/825/869 741/830/874
f 374/434/489 732/822/864 737/825/869
f 358/419/474 375/433/488 359/418/473
f 346/405/460 363/423/478 353/412/467
f 347/406/461 346/405/460 353/412/467
f 338/396/451 343/402/457 342/401/456
f 337/397/452 338/396/451 342/401/456
f 1008/1149/1209 327/384/437 332/390/443
f 321/375/432 324/380/435 1008/1149/1209
f 1008/1149/1209 324/380/435 327/384/437
f 319/372/429 1009/1150/1210 323/1151/433
f 316/371/427 315/1152/426 1009/1150/1210
f 316/371/427 1009/1150/1210 319/372/429
f 225/260/334 218/252/325 226/261/335
f 212/245/318 209/243/316 1010/1153/1211
f 212/245/318 1010/1153/1211 1011/1154/1212
f 1011/1155/1212 1012/1156/1213 1013/1157/1214
f 1010/1153/1211 1012/1158/1213 1011/1154/1212
f 1011/1155/1212 1013/1157/1214 1014/1159/1215
f 1014/1159/1215 1013/1157/1214 1015/1160/1216
f 1013/1157/1214 1016/1161/1217 1015/1160/1216
f 1017/1162/1218 1016/1161/1217 1013/1157/1214
f 1018/1163/1219 1016/1161/1217 1017/1162/1218
f 1018/1163/1219 1019/1164/1220 1016/1161/1217
f 1020/1165/1221 1019/1164/1220 1018/1163/1219
f 1020/1165/1221 1021/1166/1222 1019/1164/1220
f 1022/1167/1223 1021/1166/1222 1020/1165/1221
f 1023/1168/1224 1021/1166/1222 1022/1167/1223
f 1023/1168/1224 1024/1169/1225 1026/1170/1226
f 1023/1168/1224 1025/1171/1227 1024/1169/1225
f 1022/1167/1223 1025/1171/1227 1023/1168/1224
f 1026/1170/1226 1024/1169/1225 1029/1172/1228
f 1026/1170/1226 1028/1173/1229 1027/1174/1230
f 1026/1170/1226 1030/1175/1231 1028/1173/1229
f 1026/1170/1226 1029/1172/1228 1031/1176/1232
f 1031/1176/1232 1030/1175/1231 1026/1170/1226
f 1032/1177/1233 1031/1176/1232 1029/1172/1228
f 1032/1177/1233 1033/1178/1234 1031/1176/1232
f 1033/1178/1234 1034/1179/1235 1031/1176/1232
f 1031/1176/1232 1034/1179/1235 1030/1175/1231
f 1033/1180/1234 1035/1181/1236 1034/1182/1235
f 1035/1181/1236 1037/1183/1237 1034/1182/1235
f 1034/1179/1235 1036/1184/1238 1030/1175/1231
f 1034/1182/1235 1037/1183/1237 1036/1185/1238
f 1038/1186/1239 1037/1183/1237 1039/1187/1240
f 1038/1186/1239 1036/1185/1238 1037/1183/1237
f 1039/1187/1240 1037/1183/1237 1040/1188/1241
f 1040/1188/1241 1037/1183/1237 1041/1189/1242
f 1035/1181/1236 1041/1189/1242 1037/1183/1237
f 1046/1190/1243 1042/1191/1244 1041/1189/1242
f 1042/1191/1244 1043/1192/1245 1041/1189/1242
f 1040/1188/1241 1041/1189/1242 1044/1193/1246
f 1041/1189/1242 1043/1192/1245 1045/1194/1247
f 1041/1189/1242 1045/1194/1247 1044/1193/1246
f 1046/1190/1243 1041/1189/1242 1035/1181/1236
f 1047/1195/1248 1042/1191/1244 1046/1190/1243
f 1048/1196/1249 1047/1195/1248 1046/1190/1243
f 1049/1197/1250 1046/1190/1243 1035/1181/1236
f 1048/1196/1249 1046/1190/1243 1049/1197/1250
f 1050/1198/1251 1049/1197/1250 1033/1180/1234
f 1051/1199/1252 1049/1197/1250 1050/1198/1251
f 1051/1199/1252 1048/1196/1249 1049/1197/1250
f 1049/1197/1250 1035/1181/1236 1033/1180/1234
f 1052/1200/1253 1054/1201/1254 1051/1199/1252
f 1053/1202/1255 1052/1200/1253 1051/1199/1252
f 1050/1198/1251 1053/1202/1255 1051/1199/1252
f 1054/1201/1254 1048/1196/1249 1051/1199/1252
f 1055/1203/1256 1048/1196/1249 1054/1201/1254
f 1052/1200/1253 1055/1203/1256 1054/1201/1254
f 1056/1204/1257 1048/1196/1249 1055/1203/1256
f 1056/1204/1257 1055/1203/1256 1052/1200/1253
f 1057/1205/1258 1058/1206/1259 1056/1204/1257
f 1057/1205/1258 1056/1204/1257 1052/1200/1253
f 1056/1204/1257 1058/1206/1259 1048/1196/1249
f 1059/1207/705 1058/1206/1259 1057/1205/1258
f 1058/1206/1259 1047/1195/1248 1048/1196/1249
f 1059/1207/705 1047/1195/1248 1058/1206/1259
f 1057/1205/1258 1060/1208/705 1059/1207/705
f 1061/1209/705 1047/1195/1248 1059/1207/705
f 1061/1209/705 1042/1191/1244 1047/1195/1248
f 1043/1192/1245 1042/1191/1244 1061/1209/705
f 1063/1210/1260 1060/1208/705 1057/1205/1258
f 1063/1210/1260 1062/1211/705 1060/1208/705
f 1052/1200/1253 1063/1210/1260 1057/1205/1258
f 1052/1200/1253 1064/1212/1261 1063/1210/1260
f 1064/1212/1261 1062/1211/705 1063/1210/1260
f 1065/1213/1262 1064/1212/1261 1052/1200/1253
f 1065/1213/1262 1052/1200/1253 1053/1202/1255
f 1053/1202/1255 1066/1214/1263 1065/1213/1262
f 1053/1202/1255 1067/1215/1264 1066/1214/1263
f 1068/1216/1265 1067/1215/1264 1053/1202/1255
f 1068/1216/1265 1069/1217/1266 1067/1215/1264
f 1070/1218/1267 1069/1217/1266 1068/1216/1265
f 1071/1219/1268 1070/1220/1267 1072/1221/1269
f 1072/1222/1269 1070/1218/1267 1068/1216/1265
f 1024/1169/1225 1073/1223/1270 1072/1221/1269
f 1074/1224/1271 1072/1221/1269 1073/1223/1270
f 1071/1219/1268 1072/1221/1269 1074/1224/1271
f 1024/1169/1225 1072/1221/1269 1029/1172/1228
f 1072/1222/1269 1068/1216/1265 1032/1225/1233
f 1032/1177/1233 1029/1172/1228 1072/1221/1269
f 1022/1167/1223 1075/1226/1272 1073/1223/1270
f 1022/1167/1223 1073/1223/1270 1025/1171/1227
f 1025/1171/1227 1073/1223/1270 1024/1169/1225
f 1020/1227/1221 1076/1228/1273 1075/1229/1272
f 1020/1165/1221 1075/1226/1272 1022/1167/1223
f 1018/1230/1219 1076/1228/1273 1020/1227/1221
f 1018/1230/1219 1077/1231/1274 1076/1228/1273
f 1079/1232/1275 1078/1233/1276 1077/1231/1274
f 1017/1234/1218 1079/1232/1275 1077/1231/1274
f 1017/1234/1218 1077/1231/1274 1018/1230/1219
f 1080/1235/1277 1079/1232/1275 1017/1234/1218
f 1079/1232/1275 1080/1235/1277 1081/1236/1278
f 1082/1237/1279 1079/1232/1275 1081/1236/1278
f 1078/1233/1276 1079/1232/1275 1082/1237/1279
f 1082/1237/1280 1085/1238/1281 1083/1239/1282
f 1082/1237/1279 1081/1236/1278 1083/1239/1283
f 1082/1237/1280 1084/1240/1284 1085/1238/1281
f 1085/1238/1281 1086/1241/1285 1083/1239/1282
f 1085/1238/1281 1087/1235/1286 1086/1241/1285
f 1086/1241/1285 1087/1235/1286 1088/1242/1287
f 1086/1241/1285 1088/1242/1287 148/148/164
f 148/148/164 1088/1242/1287 149/149/165
f 1083/1239/1282 1086/1241/1285 148/148/164
f 1083/1239/1288 148/148/171 145/146/170
f 1083/1239/1283 1081/1236/1278 148/148/167
f 1080/1243/1277 1089/1244/1289 1081/1245/1278
f 1081/1236/1278 162/1246/1290 151/150/168
f 148/148/167 1081/1236/1278 151/150/168
f 1081/1236/1278 1090/1247/1291 162/1246/1290
f 1089/1248/1289 1090/1247/1291 1081/1236/1278
f 160/163/196 1090/1249/1292 1089/1250/1293
f 160/163/196 162/162/195 1090/1249/1292
f 1080/1251/1277 1091/1252/1294 1089/1253/1289
f 1089/1250/1293 1091/1254/1295 160/163/196
f 160/163/196 1091/1254/1295 1092/1255/1296
f 1092/1255/1297 1091/1254/1294 1080/1256/1277
f 160/163/196 1092/1255/1296 1094/1257/1298
f 1092/1255/1297 1080/1256/1277 1093/1258/1299
f 1094/1259/1298 1092/1260/1296 1093/1261/1300
f 1095/1262/1301 1094/1259/1298 1096/1263/1302
f 1095/1262/1301 1097/1264/1303 1094/1259/1298
f 1094/1259/1298 1093/1261/1300 1096/1263/1302
f 1099/1265/1304 1098/1266/1305 1097/1267/1303
f 1099/1265/1304 1097/1267/1303 1100/1268/1306
f 1100/1269/1306 1097/1264/1303 1095/1262/1301
f 1013/1157/1214 1100/1270/1307 1095/1271/1308
f 1013/1157/1214 1099/1272/1309 1100/1270/1307
f 1101/1273/1310 1099/1272/1309 1013/1157/1214
f 1101/1274/1311 1098/1275/1305 1099/1276/1304
f 1101/1273/1310 1012/1156/1213 1102/1277/1312
f 1101/1274/1311 1102/1278/1313 1098/1275/1305
f 1012/1156/1213 1101/1273/1310 1013/1157/1214
f 1103/1279/1314 1102/1277/1312 1012/1156/1213
f 1098/1280/1305 1102/1281/1313 1103/1282/1315
f 207/1283/312 1103/1284/1315 1104/1285/1316
f 1098/1280/1305 1103/1282/1315 207/1286/312
f 1010/1153/1211 1103/1284/1314 1012/1158/1213
f 1104/1285/1317 1103/1284/1314 1010/1153/1211
f 207/1283/312 1104/1285/1316 1105/1287/1318
f 1010/1153/1211 1105/1287/1319 1104/1285/1317
f 1010/1153/1211 209/243/316 1105/1287/1319
f 1105/1288/1318 209/244/317 207/235/312
f 1080/1256/1277 1095/1271/1308 1096/1289/1320
f 1093/1258/1299 1080/1256/1277 1096/1289/1320
f 1080/1256/1277 1013/1157/1214 1095/1271/1308
f 1017/1162/1218 1013/1157/1214 1080/1256/1277
f 1032/1225/1233 1068/1216/1265 1053/1202/1255
f 1032/1225/1233 1053/1202/1255 1050/1198/1251
f 1050/1198/1251 1033/1180/1234 1032/1225/1233
f 1038/1290/1239 1027/1174/1230 1028/1173/1229
f 1028/1173/1229 1036/1184/1238 1038/1290/1239
f 1030/1175/1231 1036/1184/1238 1028/1173/1229
f 198/222/291 203/229/304 211/246/319
f 205/228/303 198/222/291 199/223/293
f 191/210/275 194/214/281 196/218/283
f 3/4/1027 2/2/271 192/208/270
f 191/210/275 3/4/1029 2/2/273
f 2/2/267 185/206/266 186/207/1321
f 176/182/226 180/193/251 178/1291/1322
f 178/1291/1322 175/183/227 176/182/226
f 146/145/219 164/1292/1323 170/175/211
f 146/145/220 168/172/205 141/142/158
f 141/142/158 168/172/205 142/141/157
f 146/145/218 164/1292/1324 166/177/216
f 1106/1293/1325 164/1292/1326 146/145/185
f 161/1294/1327 164/1292/1328 146/145/187
f 146/145/185 157/155/184 1106/1293/1325
f 151/150/168 162/1246/1290 156/157/190
f 161/1294/1327 146/145/187 155/156/186
f 18/18/24 21/20/26 120/121/137
f 47/45/51 98/98/114 44/44/50
f 87/89/101 83/84/95 94/93/109
f 45/46/52 91/92/108 47/45/51
f 46/47/53 52/52/58 86/88/100
f 86/88/100 45/46/52 46/47/53
f 70/71/1329 74/74/104 60/61/67
f 71/72/1330 70/71/1329 64/64/70
f 64/64/70 62/63/69 71/72/1330
f 64/64/70 70/71/1329 60/61/67
f 50/50/56 39/39/45 56/58/64
f 50/50/56 40/40/46 39/39/45
f 42/43/49 31/31/37 33/33/39
f 30/32/38 31/31/37 42/43/49
f 11/13/1331 8/1/16 9/8/9
f 1111/1295/1332 1108/1296/1333 1107/1297/1334
f 1107/1297/1334 1108/1296/1333 1109/1298/1335
f 1107/1297/1334 1109/1298/1335 1112/1299/1336
f 1110/1300/1337 1107/1297/1334 1112/1299/1336
f 1111/1295/1332 1107/1297/1334 1110/1300/1337
f 1114/1301/1338 1112/1299/1336 1113/1302/1339
f 1112/1299/1336 1115/1303/1340 1113/1302/1339
f 1110/1300/1337 1112/1299/1336 1114/1301/1338
f 1112/1299/1336 1109/1298/1335 1115/1303/1340
f 1113/1302/1339 1115/1303/1340 1116/1304/1341
f 1115/1305/1340 1118/1306/1342 1116/1307/1341
f 1115/1303/1340 1117/1308/1343 1118/1309/1342
f 1109/1298/1335 1117/1308/1343 1115/1303/1340
f 1117/1310/1343 1119/1311/1344 1118/1306/1342
f 1118/1306/1342 1119/1311/1344 1120/1312/1345
f 1118/1306/1342 1120/1312/1345 1121/1313/1346
f 1116/1307/1341 1118/1306/1342 1121/1313/1346
f 1126/1314/1347 1121/1313/1346 1122/1315/1348
f 1123/1316/1349 1122/1315/1348 1121/1313/1346
f 1123/1316/1349 1121/1313/1346 1124/1317/1350
f 1121/1313/1346 1125/1318/1351 1124/1317/1350
f 1121/1313/1346 1120/1312/1345 1125/1318/1351
f 1116/1307/1341 1121/1313/1346 1126/1314/1347
f 1128/1319/1352 1116/1304/1341 1126/1320/1347
f 1129/1321/1353 1126/1314/1347 1127/1322/1354
f 1126/1314/1347 1122/1315/1348 1127/1322/1354
f 1128/1323/1352 1126/1314/1347 1129/1321/1353
f 1131/1324/1355 1128/1319/1352 1129/1325/1353
f 1132/1326/1356 1129/1321/1353 1130/1327/1357
f 1129/1321/1353 1127/1322/1354 1130/1327/1357
f 1131/1324/1355 1129/1325/1353 1132/1328/1356
f 1132/1326/1356 1130/1327/1357 1133/1329/1358
f 1134/1330/1359 1131/1324/1355 1132/1328/1356
f 1135/1331/1360 1132/1328/1356 1133/1332/1358
f 1134/1330/1359 1132/1328/1356 1135/1331/1360
f 1137/1333/1361 1134/1330/1359 1135/1331/1360
f 1138/1334/1362 1135/1331/1360 1136/1335/1363
f 1135/1331/1360 1133/1332/1358 1136/1335/1363
f 1137/1333/1361 1135/1331/1360 1138/1334/1362
f 1138/1334/1362 1141/1336/1364 1137/1333/1361
f 1139/1337/1365 1140/1338/1366 1138/1334/1362
f 1138/1334/1362 1136/1335/1363 1139/1337/1365
f 1138/1334/1362 1140/1338/1366 1141/1336/1364
f 1144/1339/1367 1141/1336/1364 1140/1338/1366
f 1143/1340/1368 1142/1341/1369 1141/1336/1364
f 1137/1333/1361 1141/1336/1364 1142/1341/1369
f 1143/1340/1368 1141/1336/1364 1144/1339/1367
f 1144/1339/1367 1140/1338/1366 1145/1342/1370
f 1145/1342/1370 1146/1343/1371 1147/1344/1372
f 1145/1342/1370 1140/1338/1366 1146/1343/1371
f 1147/1344/1372 1148/1345/1373 1149/1346/1374
f 1147/1344/1372 1146/1343/1371 1148/1345/1373
f 1149/1346/1374 1148/1345/1373 1157/1347/1375
f 1150/1348/1376 1149/1349/1377 1156/1350/1377
f 1150/1348/1376 1151/1351/1378 1149/1349/1377
f 1149/1352/1374 1157/1353/1375 1152/1354/1379
f 1152/1354/1379 1153/1355/1380 1149/1352/1374
f 1149/1356/1374 1153/1357/1380 1154/1358/1381
f 1149/1359/1374 1154/1360/1381 1155/1361/1382
f 1157/1353/1375 1148/1362/1373 1158/1363/1383
f 1158/1363/1383 1159/1364/1384 1157/1353/1375
f 1152/1354/1379 1157/1353/1375 1159/1364/1384
f 1162/1365/1385 1159/1364/1384 1160/1366/1386
f 1161/1367/1387 1160/1366/1386 1159/1364/1384
f 1158/1363/1383 1161/1367/1387 1159/1364/1384
f 1152/1354/1379 1159/1364/1384 1162/1365/1385
f 1162/1365/1385 1160/1366/1386 1164/1368/1388
f 1162/1365/1385 1165/1369/1389 1152/1354/1379
f 1162/1365/1385 1163/1370/1390 1165/1369/1389
f 1164/1368/1388 1163/1370/1390 1162/1365/1385
f 1152/1354/1379 1165/1369/1389 1168/1371/1391
f 1163/1370/1390 1166/1372/1392 1165/1369/1389
f 1165/1369/1389 1166/1372/1392 1167/1373/1393
f 1165/1369/1389 1167/1373/1393 1168/1371/1391
f 1152/1354/1379 1168/1371/1391 1153/1355/1380
f 1154/1374/1381 1153/1375/1380 1168/1376/1391
f 1154/1377/1381 1168/1378/1391 1167/1379/1393
f 1166/1372/1392 1169/1380/1394 1167/1373/1393
f 1170/1381/1395 1167/1373/1393 1169/1380/1394
f 1154/1377/1381 1167/1379/1393 1170/1382/1395
f 1170/1382/1395 1172/1383/1396 1154/1377/1381
f 1170/1252/1395 1171/1384/1397 1172/1385/1396
f 1173/1386/1398 1171/1384/1397 1170/1252/1395
f 1170/1387/1395 1169/1388/1394 1173/1389/1398
f 1173/1390/1398 1175/1391/1399 1174/1392/1400
f 1173/1393/1398 1174/1394/1400 1176/1395/1401
f 1173/1389/1398 1169/1388/1394 1175/1396/1399
f 1176/1397/1401 1177/1398/1402 1173/1399/1398
f 1173/1400/1398 1178/1401/1403 1171/1402/1397
f 1173/1399/1398 1177/1398/1402 1178/1403/1403
s 0
f 1180/1404/1404 1178/1401/1405 1177/1405/1406
f 1179/1406/1407 1178/1401/1405 1180/1404/1408
f 1171/1402/1409 1178/1401/1405 1179/1406/1409
s 1
f 1181/1407/1410 1180/1404/1408 1183/1408/1411
f 1181/1407/1410 1182/1409/1412 1180/1404/1408
s 0
f 1180/1404/1404 1177/1405/1413 1183/1408/1413
s 1
f 1184/1410/1414 1181/1411/1415 1183/1412/1416
f 1176/1413/1401 1183/1408/1416 1177/1405/1402
f 1184/1410/1414 1183/1412/1416 1176/1414/1401
f 1184/1415/1414 1185/1416/1417 1188/1417/1418
f 1184/1418/1414 1186/1419/1419 1185/1420/1417
f 1187/1421/1420 1186/1422/1419 1184/1415/1414
f 1187/1423/1420 1184/1424/1414 1176/1425/1401
f 1188/1426/1418 1181/1407/1415 1184/1427/1414
f 1188/1426/1421 1182/1409/1412 1181/1407/1410
f 1189/1428/1422 1190/1429/1423 1188/1426/1421
f 1188/1417/1418 1191/1430/1424 1189/1431/1425
f 1188/1426/1421 1190/1429/1423 1182/1409/1412
f 1188/1417/1418 1185/1416/1417 1191/1430/1424
f 1185/1416/1417 1192/1432/1426 1191/1430/1424
s 0
f 1189/1431/1425 1191/1430/1427 1193/1433/1428
s 1
f 1193/1434/1429 1194/1435/1430 1189/1428/1422
s 0
f 1189/1428/1422 1194/1435/1431 1190/1429/1423
s 1
f 1195/1436/1432 1192/1432/1426 1185/1416/1417
f 1195/1436/1432 1196/1437/1433 1192/1432/1426
f 1197/1438/1434 1196/1437/1433 1195/1436/1432
f 1198/1439/1435 1199/1440/1436 1196/1441/1437
s 0
f 1196/1441/1437 1199/1440/1436 1200/1442/1438
s 1
f 1200/1442/1439 1199/1440/1436 1201/1443/1440
s 0
f 1200/1442/1439 1201/1443/1441 1202/1444/1441
s 1
f 1198/1439/1435 1203/1445/1442 1199/1440/1436
f 1204/1446/1443 1203/1445/1442 1198/1439/1435
f 1206/1447/1444 1205/1448/1445 1204/1446/1443
f 1206/1447/1444 1204/1446/1443 1198/1439/1435
f 1207/1449/1446 1205/1448/1445 1206/1447/1444
f 1208/1450/1447 1205/1448/1445 1207/1449/1446
f 1209/1451/1448 1210/1452/1449 1208/1450/1447
f 1211/1453/1450 1209/1451/1448 1208/1450/1447
f 1208/1450/1447 1210/1452/1449 1205/1448/1445
f 1212/1454/1451 1213/1455/1452 1211/1453/1450
f 1211/1453/1450 1213/1455/1452 1209/1451/1448
f 1212/1454/1451 1214/1456/1453 1213/1455/1452
f 1216/1457/1454 1215/1458/1455 1214/1456/1453
f 1216/1457/1454 1214/1456/1453 1212/1454/1451
f 1217/1459/1456 1215/1458/1455 1216/1457/1454
f 1217/1459/1456 1218/1460/1457 1215/1458/1455
f 1219/1461/1458 1218/1460/1457 1217/1459/1456
f 1220/1462/1459 1221/1463/1460 1219/1461/1458
f 1221/1463/1460 1222/1464/1461 1219/1461/1458
f 1219/1461/1458 1222/1464/1461 1218/1460/1457
f 1220/1462/1459 1223/1465/1462 1221/1463/1460
f 1225/1466/1463 1224/1467/1464 1223/1465/1462
f 1225/1466/1463 1223/1465/1462 1220/1462/1459
f 1226/1468/1465 1224/1467/1464 1225/1466/1463
f 1227/1469/1466 1224/1467/1464 1226/1468/1465
f 1228/1470/1467 1227/1471/1468 1229/1472/1469
f 1229/1472/1469 1227/1471/1468 1232/1473/1470
f 1230/1474/1471 1231/1475/1472 1227/1469/1466
f 1227/1469/1466 1231/1475/1472 1224/1467/1464
f 1229/1472/1469 1232/1473/1470 1233/1476/1473
f 1232/1473/1470 1212/1477/1474 1233/1476/1473
f 1238/1478/1475 1229/1472/1469 1233/1476/1473
f 1234/1479/1476 1233/1476/1473 1236/1480/1477
f 1234/1479/1476 1237/1481/1478 1233/1476/1473
f 1233/1476/1473 1212/1477/1474 1235/1482/1479
f 1233/1476/1473 1235/1482/1479 1236/1480/1477
f 1233/1476/1473 1237/1481/1478 1238/1478/1475
f 1238/1478/1475 1242/1483/1480 1229/1472/1469
f 1241/1484/1481 1238/1478/1475 1237/1481/1478
f 1239/1485/1482 1238/1478/1475 1241/1484/1481
f 1239/1485/1482 1240/1486/1483 1238/1478/1475
f 1238/1478/1475 1240/1486/1483 1243/1487/1484
f 1243/1487/1484 1242/1483/1480 1238/1478/1475
f 1243/1487/1484 1244/1488/1485 1246/1489/1486
f 1243/1487/1484 1245/1490/1487 1244/1488/1485
f 1248/1491/1488 1245/1490/1487 1243/1487/1484
f 1246/1489/1486 1247/1492/1489 1243/1487/1484
f 1247/1492/1489 1249/1493/1490 1243/1487/1484
f 1243/1487/1484 1251/1494/1491 1248/1491/1488
f 1243/1487/1484 1249/1493/1490 1250/1495/1492
f 1243/1487/1484 1250/1495/1492 1242/1483/1480
f 1243/1487/1484 1240/1486/1483 1251/1494/1491
f 1253/1496/1493 1251/1494/1491 1240/1486/1483
f 1254/1497/1494 1252/1498/1495 1251/1494/1491
f 1255/1499/1496 1251/1494/1491 1252/1498/1495
f 1254/1497/1494 1251/1494/1491 1253/1496/1493
f 1248/1491/1488 1251/1494/1491 1255/1499/1496
f 1255/1499/1496 1252/1498/1495 1256/1500/1497
f 1256/1500/1497 1258/1501/1498 1255/1499/1496
f 1255/1499/1496 1257/1502/1499 1248/1491/1488
f 1255/1499/1496 1258/1501/1498 1257/1502/1499
f 1259/1503/1500 1258/1501/1498 1260/1504/1501
f 1259/1503/1500 1257/1502/1499 1258/1501/1498
f 1256/1500/1497 1261/1505/1502 1258/1501/1498
f 1260/1504/1501 1258/1501/1498 1262/1506/1503
f 1258/1501/1498 1261/1505/1502 1262/1506/1503
f 1263/1507/1504 1262/1508/1503 1268/1509/1505
f 1263/1507/1504 1260/1510/1501 1262/1508/1503
f 1270/1511/1506 1264/1512/1507 1262/1506/1503
f 1264/1512/1507 1269/1513/1508 1262/1506/1503
f 1262/1506/1503 1265/1514/1509 1266/1515/1510
f 1262/1506/1503 1261/1505/1502 1265/1514/1509
f 1267/1516/1511 1262/1506/1503 1266/1515/1510
f 1270/1511/1506 1262/1506/1503 1267/1516/1511
f 1268/1509/1505 1262/1508/1503 1269/1517/1508
f 1270/1511/1506 1271/1518/1512 1272/1519/1513
f 1267/1516/1511 1271/1518/1512 1270/1511/1506
f 1270/1511/1506 1272/1519/1513 1273/1520/1514
f 1273/1521/1514 1264/1522/1507 1270/1523/1506
f 1273/1520/1514 1272/1519/1513 1274/1524/1515
f 1273/1520/1514 1274/1524/1515 1275/1525/1516
f 1275/1526/1516 1264/1522/1507 1273/1521/1514
f 1275/1525/1516 1276/1527/1517 1278/1528/1518
f 1275/1525/1516 1274/1524/1515 1276/1527/1517
f 1275/1526/1516 1277/1529/1519 1264/1522/1507
f 1278/1530/1518 1277/1529/1519 1275/1526/1516
f 1279/1531/1520 1278/1528/1518 1276/1527/1517
f 1278/1528/1518 1279/1531/1520 1280/1532/1521
f 1280/1532/1521 1281/1533/1522 1278/1528/1518
f 1278/1530/1518 1281/1534/1522 1277/1529/1519
f 1280/1535/1521 1283/1536/1523 1281/1534/1522
f 1282/1537/1524 1281/1534/1522 1284/1538/1525
f 1282/1537/1524 1277/1529/1519 1281/1534/1522
f 1281/1534/1522 1283/1536/1523 1284/1538/1525
f 1285/1539/1526 1284/1540/1525 1283/1541/1523
f 1285/1539/1526 1282/1542/1524 1284/1540/1525
f 1285/1539/1526 1286/1543/1527 1289/1544/1528
f 1283/1541/1523 1286/1543/1527 1285/1539/1526
f 1287/1545/1529 1288/1546/1530 1285/1539/1526
f 1285/1539/1526 1289/1544/1528 1287/1545/1529
f 1285/1539/1526 1288/1546/1530 1282/1542/1524
f 1289/1544/1528 1294/1547/1531 1290/1548/1532
f 1290/1548/1532 1291/1549/1533 1289/1544/1528
f 1289/1544/1528 1291/1549/1533 1292/1550/1534
f 1287/1545/1529 1289/1544/1528 1292/1550/1534
f 1286/1543/1527 1293/1551/1535 1289/1544/1528
f 1289/1544/1528 1293/1551/1535 1294/1547/1531
f 1286/1543/1527 1295/1552/1536 1293/1551/1535
f 1296/1553/1537 1295/1552/1536 1286/1543/1527
f 1297/1554/1538 1296/1553/1537 1283/1541/1523
f 1283/1541/1523 1296/1553/1537 1286/1543/1527
f 1280/1535/1521 1297/1555/1538 1283/1536/1523
f 1298/1556/1539 1297/1555/1538 1280/1535/1521
f 1280/1532/1521 1299/1557/1540 1298/1558/1539
f 1279/1531/1520 1300/1559/1541 1299/1557/1540
f 1280/1532/1521 1279/1531/1520 1299/1557/1540
f 1279/1531/1520 1301/1560/1542 1300/1559/1541
f 1302/1561/1543 1301/1560/1542 1303/1562/1544
f 1279/1531/1520 1303/1562/1544 1301/1560/1542
f 1276/1527/1517 1303/1562/1544 1279/1531/1520
f 1276/1527/1517 1304/1563/1545 1303/1562/1544
f 1303/1562/1544 1304/1563/1545 1302/1561/1543
f 1305/1564/1546 1304/1563/1545 1276/1527/1517
f 1305/1564/1546 1307/1565/1547 1304/1563/1545
f 1302/1561/1543 1304/1563/1545 1306/1566/1548
f 1307/1565/1547 1306/1566/1548 1304/1563/1545
f 1308/1567/1549 1307/1565/1547 1305/1564/1546
f 1308/1567/1549 1309/1568/1550 1307/1565/1547
f 1307/1565/1547 1309/1568/1550 1306/1566/1548
f 1311/1569/1551 1309/1568/1550 1308/1567/1549
f 1311/1569/1551 1310/1570/1552 1309/1568/1550
f 1309/1568/1550 1310/1570/1552 1306/1566/1548
f 1312/1571/1553 1311/1569/1551 1314/1572/1554
f 1312/1571/1553 1313/1573/1555 1311/1569/1551
f 1313/1573/1555 1310/1570/1552 1311/1569/1551
f 1314/1572/1554 1311/1569/1551 1308/1567/1549
f 1315/1574/1556 1312/1571/1553 1314/1572/1554
f 1271/1518/1512 1314/1572/1554 1316/1575/1557
f 1315/1574/1556 1314/1572/1554 1271/1518/1512
f 1314/1572/1554 1308/1567/1549 1316/1575/1557
f 1316/1575/1557 1308/1567/1549 1305/1564/1546
f 1272/1519/1513 1316/1575/1557 1276/1527/1517
f 1271/1518/1512 1316/1575/1557 1272/1519/1513
f 1316/1575/1557 1305/1564/1546 1276/1527/1517
f 1267/1516/1511 1315/1574/1556 1271/1518/1512
f 1266/1515/1510 1315/1574/1556 1267/1516/1511
f 1266/1515/1510 1317/1576/1558 1315/1574/1556
f 1317/1576/1558 1312/1571/1553 1315/1574/1556
f 1312/1571/1553 1317/1576/1558 1318/1577/1559
f 1265/1514/1509 1317/1576/1558 1266/1515/1510
f 1265/1514/1509 1261/1505/1502 1317/1576/1558
f 1318/1577/1559 1317/1576/1558 1261/1505/1502
f 1256/1500/1497 1319/1578/1560 1318/1577/1559
f 1318/1577/1559 1261/1505/1502 1256/1500/1497
f 1320/1579/1561 1318/1577/1559 1319/1578/1560
f 1312/1571/1553 1318/1577/1559 1320/1579/1561
f 1313/1573/1555 1320/1579/1561 1321/1580/1562
f 1321/1580/1562 1320/1579/1561 1322/1581/1563
f 1323/1582/1564 1322/1581/1563 1320/1579/1561
f 1312/1571/1553 1320/1579/1561 1313/1573/1555
f 1320/1579/1561 1319/1578/1560 1323/1582/1564
f 1323/1582/1564 1325/1583/1565 1324/1584/1566
f 1324/1584/1566 1322/1581/1563 1323/1582/1564
f 1323/1582/1564 1252/1498/1495 1254/1497/1494
f 1323/1582/1564 1319/1578/1560 1252/1498/1495
f 1323/1582/1564 1326/1585/1567 1325/1583/1565
f 1254/1497/1494 1326/1585/1567 1323/1582/1564
f 1328/1586/1568 1325/1583/1565 1326/1585/1567
f 1327/1587/1569 1326/1585/1567 1329/1588/1570
f 1327/1587/1569 1328/1586/1568 1326/1585/1567
f 1329/1588/1570 1326/1585/1567 1330/1589/1571
f 1254/1497/1494 1330/1589/1571 1326/1585/1567
f 1253/1496/1493 1331/1590/1572 1330/1589/1571
f 1329/1588/1570 1330/1589/1571 1331/1590/1572
f 1253/1496/1493 1330/1589/1571 1254/1497/1494
f 1332/1591/1573 1329/1588/1570 1331/1590/1572
f 1332/1591/1573 1331/1590/1572 1333/1592/1574
f 1333/1592/1574 1331/1590/1572 1335/1593/1575
f 1239/1485/1482 1331/1590/1572 1253/1496/1493
f 1239/1485/1482 1334/1594/1576 1331/1590/1572
f 1334/1594/1576 1335/1593/1575 1331/1590/1572
f 1336/1595/1577 1335/1593/1575 1334/1594/1576
f 1336/1595/1577 1333/1592/1574 1335/1593/1575
f 1336/1595/1577 1337/1596/1578 1339/1597/1579
f 1338/1598/1580 1337/1596/1578 1336/1595/1577
f 1341/1599/1581 1338/1598/1580 1336/1595/1577
f 1340/1600/1582 1333/1592/1574 1336/1595/1577
f 1336/1595/1577 1339/1597/1579 1340/1600/1582
f 1341/1599/1581 1336/1595/1577 1334/1594/1576
f 1341/1599/1581 1334/1594/1576 1239/1485/1482
f 1239/1485/1482 1241/1484/1481 1341/1599/1581
f 1241/1484/1481 1342/1601/1583 1341/1599/1581
f 1342/1601/1583 1338/1598/1580 1341/1599/1581
f 1342/1601/1583 1343/1602/1584 1338/1598/1580
f 1241/1484/1481 1343/1602/1584 1342/1601/1583
f 1234/1479/1476 1343/1602/1584 1241/1484/1481
f 1343/1602/1584 1234/1479/1476 1344/1603/1585
f 1338/1598/1580 1343/1602/1584 1344/1603/1585
f 1338/1598/1580 1344/1603/1585 1346/1604/1586
f 1344/1603/1585 1347/1605/1587 1345/1606/1588
f 1346/1604/1586 1344/1603/1585 1345/1606/1588
f 1344/1603/1585 1234/1479/1476 1347/1605/1587
f 1345/1606/1588 1347/1605/1587 1195/1436/1432
f 1347/1605/1587 1236/1480/1477 1195/1436/1432
f 1234/1479/1476 1236/1480/1477 1347/1605/1587
f 1346/1604/1586 1348/1607/1589 1338/1598/1580
f 1346/1604/1586 1350/1608/1590 1348/1607/1589
f 1346/1604/1586 1345/1606/1588 1349/1609/1591
f 1349/1609/1591 1350/1608/1590 1346/1604/1586
f 1350/1608/1590 1351/1610/1592 1348/1607/1589
f 1350/1608/1590 1352/1611/1593 1351/1610/1592
f 1349/1609/1591 1352/1611/1593 1350/1608/1590
f 1355/1612/1594 1351/1610/1592 1352/1611/1593
f 1353/1613/1595 1352/1611/1593 1349/1609/1591
f 1354/1614/1596 1352/1611/1593 1353/1613/1595
f 1354/1614/1596 1355/1612/1594 1352/1611/1593
f 1360/1615/1597 1356/1616/1598 1355/1612/1594
f 1356/1616/1598 1357/1617/1599 1355/1612/1594
f 1357/1617/1599 1358/1618/1600 1355/1612/1594
f 1355/1612/1594 1358/1618/1600 1361/1619/1601
f 1355/1612/1594 1361/1619/1601 1359/1620/1602
f 1359/1620/1602 1351/1610/1592 1355/1612/1594
f 1360/1615/1597 1355/1612/1594 1354/1614/1596
f 1358/1618/1600 1363/1621/1603 1361/1619/1601
f 1359/1620/1602 1361/1619/1601 1362/1622/1604
f 1362/1622/1604 1361/1619/1601 1363/1621/1603
f 1362/1622/1604 1363/1621/1603 1337/1596/1578
f 1337/1596/1578 1363/1621/1603 1364/1623/1605
f 1364/1623/1605 1363/1621/1603 1365/1624/1606
f 1358/1618/1600 1366/1625/1607 1363/1621/1603
f 1365/1624/1606 1363/1621/1603 1366/1625/1607
f 1367/1626/1608 1366/1625/1607 1358/1618/1600
f 1367/1626/1608 1369/1627/1609 1366/1625/1607
f 1365/1624/1606 1366/1625/1607 1368/1628/1610
f 1368/1628/1610 1366/1625/1607 1369/1627/1609
f 1370/1629/1611 1371/1630/1612 1369/1627/1609
f 1370/1629/1611 1369/1627/1609 1367/1626/1608
f 1369/1627/1609 1371/1630/1612 1372/1631/1613
f 1369/1627/1609 1372/1631/1613 1368/1628/1610
f 1372/1631/1614 1373/1632/1615 1374/1633/1616
f 1371/1630/1617 1373/1632/1615 1372/1631/1614
f 1372/1631/1614 1374/1633/1616 1375/1634/1618
f 1368/1628/1610 1372/1631/1613 1375/1634/1619
f 1375/1634/1618 1378/1635/1620 1376/1636/1621
f 1379/1637/1622 1375/1634/1619 1376/1636/1623
f 1365/1624/1606 1375/1634/1619 1377/1638/1624
f 1379/1637/1622 1377/1638/1624 1375/1634/1619
f 1368/1628/1610 1375/1634/1619 1365/1624/1606
f 1375/1634/1618 1374/1633/1616 1378/1635/1620
f 1379/1637/1622 1380/1639/1625 1383/1640/1626
f 1381/1641/1627 1380/1639/1625 1379/1637/1622
f 1381/1641/1627 1379/1637/1622 1382/1642/1628
f 1382/1642/1628 1379/1637/1622 1376/1636/1623
f 1379/1637/1622 1383/1640/1626 1384/1643/1629
f 1384/1643/1629 1377/1638/1624 1379/1637/1622
f 1383/1640/1626 1385/1644/1630 1384/1643/1629
f 1384/1643/1629 1385/1644/1630 1388/1645/1631
f 1386/1646/1632 1384/1643/1629 1387/1647/1633
f 1364/1623/1605 1384/1643/1629 1386/1646/1632
f 1364/1623/1605 1377/1638/1624 1384/1643/1629
f 1384/1643/1629 1388/1645/1631 1387/1647/1633
f 1385/1644/1630 1389/1648/1634 1388/1645/1631
f 1388/1645/1631 1389/1648/1634 1390/1649/1635
f 1388/1645/1631 1390/1649/1635 1391/1650/1636
f 1387/1647/1633 1388/1645/1631 1391/1650/1636
f 1391/1650/1636 1390/1649/1635 1332/1591/1573
f 1391/1650/1636 1332/1591/1573 1333/1592/1574
f 1340/1600/1582 1391/1650/1636 1333/1592/1574
f 1340/1600/1582 1387/1647/1633 1391/1650/1636
f 1390/1649/1635 1329/1588/1570 1332/1591/1573
f 1390/1649/1635 1327/1587/1569 1329/1588/1570
f 1389/1648/1634 1327/1587/1569 1390/1649/1635
f 1385/1644/1630 1380/1639/1625 1389/1648/1634
f 1380/1639/1625 1392/1651/1637 1389/1648/1634
f 1389/1648/1634 1392/1651/1637 1327/1587/1569
f 1394/1652/1638 1393/1653/1639 1392/1651/1637
f 1392/1651/1637 1393/1653/1639 1328/1586/1568
f 1392/1651/1637 1380/1639/1625 1394/1652/1638
f 1392/1651/1637 1328/1586/1568 1327/1587/1569
f 1394/1652/1638 1397/1654/1640 1393/1653/1639
f 1381/1641/1627 1394/1652/1638 1380/1639/1625
f 1395/1655/1641 1394/1652/1638 1381/1641/1627
f 1395/1655/1641 1396/1656/1642 1394/1652/1638
f 1396/1656/1642 1397/1654/1640 1394/1652/1638
f 1399/1657/1643 1393/1653/1639 1397/1654/1640
f 1399/1657/1643 1397/1654/1640 1398/1658/1644
f 1396/1656/1642 1398/1658/1644 1397/1654/1640
f 1400/1659/1645 1399/1657/1643 1398/1658/1644
f 1401/1660/1646 1399/1657/1643 1400/1659/1645
f 1402/1661/1647 1393/1653/1639 1399/1657/1643
f 1401/1660/1646 1402/1661/1647 1399/1657/1643
f 1405/1662/1648 1393/1653/1639 1402/1661/1647
f 1404/1663/1649 1402/1661/1647 1401/1660/1646
f 1403/1664/1650 1402/1661/1647 1404/1663/1649
f 1405/1662/1648 1402/1661/1647 1403/1664/1650
f 1325/1583/1565 1405/1662/1648 1406/1665/1651
f 1325/1583/1565 1328/1586/1568 1405/1662/1648
f 1328/1586/1568 1393/1653/1639 1405/1662/1648
f 1406/1665/1651 1405/1662/1648 1403/1664/1650
f 1406/1665/1651 1403/1664/1650 1407/1666/1652
f 1406/1665/1651 1324/1584/1566 1325/1583/1565
f 1406/1665/1651 1322/1581/1563 1324/1584/1566
f 1407/1666/1652 1321/1580/1562 1406/1665/1651
f 1406/1665/1651 1321/1580/1562 1322/1581/1563
f 1408/1667/1653 1409/1668/1654 1407/1666/1652
f 1407/1666/1652 1410/1669/1655 1408/1667/1653
f 1407/1666/1652 1409/1668/1654 1321/1580/1562
f 1407/1666/1652 1403/1664/1650 1410/1669/1655
f 1408/1667/1653 1410/1669/1655 1411/1670/1656
f 1411/1670/1656 1410/1669/1655 1412/1671/1657
f 1403/1664/1650 1404/1663/1649 1410/1669/1655
f 1410/1669/1655 1404/1663/1649 1413/1672/1658
f 1412/1671/1657 1410/1669/1655 1413/1672/1658
f 1414/1673/1659 1413/1672/1658 1416/1674/1660
f 1415/1675/1661 1413/1672/1658 1414/1673/1659
f 1412/1671/1657 1413/1672/1658 1415/1675/1661
f 1413/1672/1658 1404/1663/1649 1416/1674/1660
f 1414/1673/1659 1416/1674/1660 1417/1676/1662
f 1416/1674/1660 1401/1660/1646 1419/1677/1663
f 1416/1674/1660 1404/1663/1649 1401/1660/1646
f 1417/1676/1662 1416/1674/1660 1418/1678/1664
f 1419/1677/1663 1418/1678/1664 1416/1674/1660
f 1419/1677/1663 1400/1659/1645 1420/1679/1665
f 1420/1679/1665 1421/1680/1666 1419/1677/1663
f 1419/1677/1663 1401/1660/1646 1400/1659/1645
f 1419/1677/1663 1421/1680/1666 1418/1678/1664
f 1420/1679/1665 1423/1681/1667 1421/1680/1666
f 1421/1680/1666 1422/1682/1668 1418/1678/1664
f 1421/1680/1666 1424/1683/1669 1422/1682/1668
f 1423/1681/1667 1424/1683/1669 1421/1680/1666
f 1424/1683/1669 1425/1684/1670 1426/1685/1671
f 1424/1683/1669 1427/1686/1672 1425/1684/1670
f 1426/1685/1671 1422/1682/1668 1424/1683/1669
f 1423/1681/1667 1427/1686/1672 1424/1683/1669
f 1427/1686/1672 1429/1687/1673 1425/1684/1670
f 1423/1681/1667 1428/1688/1674 1427/1686/1672
f 1428/1688/1674 1430/1689/1675 1427/1686/1672
f 1427/1686/1672 1430/1689/1675 1429/1687/1673
f 1431/1690/1676 1432/1691/1677 1430/1689/1675
f 1430/1689/1675 1434/1692/1678 1431/1690/1676
f 1428/1688/1674 1434/1692/1678 1430/1689/1675
f 1430/1689/1675 1432/1691/1677 1433/1693/1679
f 1430/1689/1675 1433/1693/1679 1429/1687/1673
f 1436/1694/1680 1435/1695/1681 1434/1692/1678
f 1434/1692/1678 1435/1695/1681 1437/1696/1682
f 1436/1694/1680 1434/1692/1678 1428/1688/1674
f 1431/1690/1676 1434/1692/1678 1437/1696/1682
f 1439/1697/1683 1437/1696/1682 1438/1698/1684
f 1437/1696/1682 1440/1699/1685 1438/1698/1684
f 1431/1690/1676 1437/1696/1682 1439/1697/1683
f 1437/1696/1682 1435/1695/1681 1440/1699/1685
f 1438/1698/1684 1440/1699/1685 1441/1700/1686
f 1440/1699/1685 1442/1701/1687 1441/1700/1686
f 1435/1695/1681 1442/1701/1687 1440/1699/1685
f 1443/1702/1688 1441/1700/1686 1442/1701/1687
f 1443/1702/1688 1442/1701/1687 1445/1703/1689
f 1444/1704/1690 1442/1701/1687 1435/1695/1681
f 1444/1704/1690 1445/1703/1689 1442/1701/1687
f 1447/1705/1691 1446/1706/1692 1445/1703/1689
f 1446/1706/1692 1443/1702/1688 1445/1703/1689
f 1444/1704/1690 1447/1705/1691 1445/1703/1689
f 1450/1707/1693 1448/1708/1694 1447/1705/1691
f 1447/1705/1691 1448/1708/1694 1449/1709/1695
f 1449/1709/1695 1446/1706/1692 1447/1705/1691
f 1450/1707/1693 1447/1705/1691 1444/1704/1690
f 1451/1710/1696 1450/1707/1693 1453/1711/1697
f 1452/1712/1698 1450/1707/1693 1451/1710/1696
f 1452/1712/1698 1448/1708/1694 1450/1707/1693
f 1454/1713/1699 1453/1711/1697 1450/1707/1693
f 1450/1707/1693 1444/1704/1690 1436/1694/1680
f 1450/1707/1693 1436/1694/1680 1454/1713/1699
f 1454/1713/1699 1436/1694/1680 1428/1688/1674
f 1454/1713/1699 1428/1688/1674 1423/1681/1667
f 1454/1713/1699 1423/1681/1667 1420/1679/1665
f 1420/1679/1665 1453/1711/1697 1454/1713/1699
f 1451/1710/1696 1453/1711/1697 1455/1714/1700
f 1420/1679/1665 1455/1714/1700 1453/1711/1697
f 1400/1659/1645 1456/1715/1701 1455/1714/1700
f 1455/1714/1700 1456/1715/1701 1457/1716/1702
f 1455/1714/1700 1457/1716/1702 1451/1710/1696
f 1420/1679/1665 1400/1659/1645 1455/1714/1700
f 1451/1710/1696 1457/1716/1702 1458/1717/1703
f 1459/1718/1704 1458/1717/1703 1457/1716/1702
f 1457/1716/1702 1396/1656/1642 1395/1655/1641
f 1457/1716/1702 1456/1715/1701 1396/1656/1642
f 1459/1718/1704 1457/1716/1702 1395/1655/1641
f 1460/1719/1705 1459/1718/1706 1395/1655/1707
f 1460/1719/1705 1458/1717/1708 1459/1718/1706
f 1460/1719/1705 1395/1655/1707 1461/1720/1709
f 1462/1721/1710 1463/1722/1711 1460/1719/1705
f 1463/1722/1711 1458/1717/1708 1460/1719/1705
f 1451/1710/1696 1458/1717/1703 1463/1722/1712
f 1464/1723/1713 1463/1722/1711 1462/1721/1710
f 1464/1723/1713 1465/1724/1714 1463/1722/1711
f 1463/1722/1712 1465/1724/1715 1451/1710/1696
f 1451/1710/1696 1465/1724/1715 1466/1725/1716
f 1467/1726/1717 1466/1725/1718 1465/1724/1714
f 1467/1726/1717 1465/1724/1714 1464/1723/1713
f 1468/1727/1719 1466/1725/1718 1467/1726/1717
f 1468/1727/1719 1470/1728/1720 1466/1725/1718
f 1469/1729/1721 1471/1730/1722 1468/1727/1719
f 1468/1727/1719 1471/1730/1722 1470/1728/1720
f 1471/1730/1723 1472/1731/1724 1449/1709/1695
f 1449/1709/1695 1470/1728/1725 1471/1730/1723
f 1473/1732/1726 1472/1731/1724 1471/1730/1723
f 1469/1729/1721 1473/1732/1727 1471/1730/1722
f 1474/1733/1728 1473/1732/1727 1469/1729/1721
f 1473/1732/1726 1475/1734/1729 1472/1731/1724
f 1474/1733/1728 1476/1735/1728 1473/1732/1727
f 1476/1735/1730 1475/1734/1729 1473/1732/1726
f 1476/1735/1730 1477/1736/1731 1475/1734/1729
f 1478/1737/1732 1477/1736/1731 1476/1735/1730
f 1479/1738/1733 1478/1737/1734 1476/1735/1728
f 1479/1738/1733 1476/1735/1728 1474/1733/1728
f 1479/1738/1733 1480/1739/1735 1478/1737/1734
f 1481/1740/1736 1480/1739/1735 1479/1738/1733
f 1481/1740/1736 1482/1741/1737 1485/1742/1738
f 1483/1743/1739 1482/1741/1737 1481/1740/1736
f 1481/1740/1736 1484/1744/1740 1483/1743/1739
f 1481/1740/1736 1485/1742/1738 1480/1739/1735
f 1486/1745/1741 1485/1742/1742 1487/1746/1743
f 1486/1745/1741 1480/1739/1744 1485/1742/1742
f 1487/1746/1743 1485/1742/1742 1482/1741/1745
f 1487/1746/1743 1482/1741/1745 1483/1743/1746
f 1488/1747/1747 1487/1746/1743 1483/1743/1746
f 1489/1748/1748 1486/1745/1741 1487/1746/1743
f 1489/1748/1748 1487/1746/1743 1488/1747/1747
f 1490/1749/1749 1489/1748/1748 1491/1750/1750
f 1490/1749/1749 1493/1751/1751 1489/1748/1748
f 1491/1750/1750 1489/1748/1748 1492/1752/1752
f 1493/1751/1751 1486/1745/1741 1489/1748/1748
f 1488/1747/1747 1492/1752/1752 1489/1748/1748
f 1495/1753/1753 1493/1751/1751 1490/1749/1749
f 1493/1751/1751 1494/1754/1754 1486/1745/1741
f 1495/1753/1753 1494/1754/1754 1493/1751/1751
f 1490/1749/1749 1496/1755/1755 1495/1753/1753
f 1497/1756/1756 1495/1753/1753 1496/1755/1755
f 1497/1756/1756 1498/1757/1757 1495/1753/1753
f 1494/1754/1754 1495/1753/1753 1498/1757/1757
f 1497/1756/1756 1499/1758/1758 1498/1757/1757
f 1499/1758/1758 1475/1734/1729 1498/1757/1757
f 1477/1736/1731 1494/1754/1754 1498/1757/1757
f 1477/1736/1731 1498/1757/1757 1475/1734/1729
f 1500/1759/1759 1499/1758/1758 1497/1756/1756
f 1500/1759/1759 1475/1734/1729 1499/1758/1758
f 1497/1756/1756 1501/1760/1760 1500/1759/1759
f 1500/1759/1759 1501/1760/1760 1443/1702/1688
f 1500/1759/1759 1443/1702/1688 1446/1706/1692
f 1446/1706/1692 1472/1731/1724 1500/1759/1759
f 1500/1759/1759 1472/1731/1724 1475/1734/1729
f 1497/1756/1756 1502/1761/1761 1501/1760/1760
f 1502/1761/1761 1503/1762/1762 1501/1760/1760
f 1501/1760/1760 1503/1762/1762 1441/1700/1686
f 1501/1760/1760 1441/1700/1686 1443/1702/1688
f 1505/1763/1763 1503/1762/1762 1504/1764/1764
f 1502/1761/1761 1504/1764/1764 1503/1762/1762
f 1438/1698/1684 1441/1700/1686 1503/1762/1762
f 1505/1763/1763 1438/1698/1684 1503/1762/1762
f 1505/1763/1763 1504/1764/1764 1506/1765/1765
f 1506/1765/1765 1508/1766/1766 1505/1763/1763
f 1439/1697/1683 1438/1698/1684 1505/1763/1763
f 1505/1763/1763 1507/1767/1767 1439/1697/1683
f 1505/1763/1763 1508/1766/1766 1507/1767/1767
f 1508/1766/1766 1509/1768/1768 1512/1769/1769
f 1506/1765/1765 1509/1768/1768 1508/1766/1766
f 1508/1766/1766 1512/1769/1769 1510/1770/1770
f 1510/1770/1770 1511/1771/1771 1508/1766/1766
f 1508/1766/1766 1511/1771/1771 1507/1767/1767
s 0
f 1514/1772/1772 1512/1769/1773 1509/1768/1772
s 1
f 1510/1770/1770 1512/1769/1769 1513/1773/1774
s 0
f 1513/1773/1772 1512/1769/1773 1514/1772/1775
s 1
f 1513/1773/1774 1514/1772/1776 1515/1774/1777
f 1515/1774/1777 1514/1772/1776 1516/1775/1778
f 1514/1772/1776 1509/1768/1768 1516/1775/1778
f 1515/1774/1777 1516/1775/1778 1517/1776/1779
f 1517/1776/1779 1516/1775/1778 1518/1777/1780
f 1516/1775/1778 1519/1778/1781 1518/1777/1780
f 1516/1775/1778 1509/1768/1768 1519/1778/1781
f 1520/1779/1782 1519/1778/1781 1521/1780/1783
f 1520/1779/1782 1522/1781/1784 1519/1778/1781
f 1521/1780/1783 1519/1778/1781 1509/1768/1768
f 1518/1777/1780 1519/1778/1781 1522/1781/1784
f 1523/1782/1785 1522/1781/1784 1520/1779/1782
f 1518/1777/1780 1522/1781/1784 1524/1783/1786
f 1523/1782/1785 1524/1783/1786 1522/1781/1784
f 1524/1783/1786 1525/1784/1787 1518/1777/1780
f 1527/1785/1788 1524/1783/1786 1523/1782/1785
f 1524/1783/1786 1526/1786/1789 1525/1784/1787
f 1527/1785/1788 1526/1786/1789 1524/1783/1786
f 1528/1787/1790 1527/1785/1788 1530/1788/1791
f 1528/1787/1790 1529/1789/1792 1527/1785/1788
f 1529/1789/1792 1526/1786/1789 1527/1785/1788
f 1530/1788/1791 1527/1785/1788 1523/1782/1785
f 1530/1788/1791 1523/1782/1785 1531/1790/1793
f 1532/1791/1794 1530/1788/1791 1531/1790/1793
f 1533/1792/1795 1528/1787/1790 1530/1788/1791
f 1534/1793/1796 1530/1788/1791 1532/1791/1794
f 1533/1792/1795 1530/1788/1791 1534/1793/1796
f 1534/1793/1796 1535/1794/1797 1536/1795/1798
f 1532/1791/1794 1535/1794/1797 1534/1793/1796
f 1534/1793/1796 1536/1795/1798 1533/1792/1795
f 1538/1796/1799 1537/1797/1800 1536/1795/1798
f 1533/1792/1795 1536/1795/1798 1537/1797/1800
f 1538/1796/1799 1536/1795/1798 1539/1798/1801
f 1539/1798/1801 1536/1795/1798 1535/1794/1797
f 1540/1799/1802 1539/1798/1801 1541/1800/1803
f 1542/1801/1804 1539/1798/1801 1540/1799/1802
f 1542/1801/1804 1538/1796/1799 1539/1798/1801
f 1539/1798/1801 1535/1794/1797 1541/1800/1803
f 1543/1802/1805 1542/1801/1804 1546/1803/1806
f 1543/1802/1805 1544/1804/1807 1542/1801/1804
f 1544/1804/1807 1538/1796/1799 1542/1801/1804
f 1546/1803/1806 1542/1801/1804 1545/1805/1808
f 1545/1805/1808 1542/1801/1804 1540/1799/1802
f 1546/1803/1806 1545/1805/1808 1547/1806/1809
f 1547/1806/1809 1548/1807/1810 1549/1808/1811
f 1547/1806/1809 1545/1805/1808 1548/1807/1810
f 1551/1809/1812 1549/1808/1811 1548/1807/1810
f 1550/1810/1813 1549/1808/1811 1551/1809/1812
f 1551/1809/1812 1548/1807/1810 1552/1811/1814
f 1552/1811/1814 1553/1812/1815 1551/1809/1812
f 1554/1813/1816 1551/1809/1812 1553/1812/1815
f 1550/1810/1813 1551/1809/1812 1554/1813/1816
f 1554/1813/1816 1557/1814/1817 1555/1815/1818
f 1556/1816/1819 1554/1813/1816 1555/1815/1818
f 1550/1810/1813 1554/1813/1816 1556/1816/1819
f 1554/1813/1816 1553/1812/1815 1557/1814/1817
f 1557/1814/1817 1559/1817/1820 1558/1818/1821
f 1555/1815/1818 1557/1814/1817 1558/1818/1821
f 1557/1814/1817 1553/1812/1815 1559/1817/1820
f 1560/1819/1822 1559/1817/1820 1553/1812/1815
f 1563/1820/1823 1559/1817/1820 1560/1819/1822
f 1558/1818/1821 1559/1817/1820 1561/1821/1824
f 1562/1822/1825 1561/1821/1824 1559/1817/1820
f 1563/1820/1823 1562/1822/1825 1559/1817/1820
f 1563/1820/1823 1564/1823/1826 1566/1824/1827
f 1565/1825/1828 1564/1823/1826 1563/1820/1823
f 1563/1820/1823 1560/1819/1822 1565/1825/1828
f 1566/1824/1827 1562/1822/1825 1563/1820/1823
f 1567/1826/1829 1562/1822/1825 1566/1824/1827
f 1568/1827/1830 1567/1826/1829 1566/1824/1827
f 1568/1827/1830 1566/1824/1827 1569/1828/1831
f 1569/1828/1831 1566/1824/1827 1570/1829/1832
f 1570/1829/1832 1566/1824/1827 1564/1823/1826
f 1572/1830/1833 1569/1828/1834 1570/1829/1835
f 1573/1831/1836 1570/1829/1835 1571/1832/1837
f 1570/1829/1835 1574/1833/1838 1571/1832/1837
f 1572/1830/1833 1570/1829/1835 1573/1831/1836
f 1570/1829/1832 1564/1823/1826 1574/1833/1839
f 1564/1823/1826 1575/1834/1840 1574/1833/1839
f 1571/1832/1837 1574/1833/1838 1575/1834/1841
f 1564/1823/1826 1576/1835/1842 1575/1834/1840
f 1571/1832/1837 1575/1834/1841 1576/1835/1843
f 1577/1836/1844 1576/1835/1842 1564/1823/1826
f 1577/1836/1844 1578/1837/1845 1576/1835/1842
f 1579/1838/1846 1576/1835/1843 1578/1837/1847
f 1571/1832/1837 1576/1835/1843 1579/1838/1846
f 1579/1838/1846 1578/1837/1847 1580/1839/1848
f 1580/1839/1848 1581/1840/1849 1583/1841/1850
f 1580/1839/1848 1578/1837/1847 1581/1840/1849
f 1580/1839/1848 1583/1841/1850 1582/1842/1851
f 1582/1842/1851 1583/1841/1850 1584/1843/1852
f 1584/1843/1853 1583/1841/1854 1585/1844/1855
f 1585/1844/1855 1583/1841/1854 1581/1840/1856
f 1585/1844/1855 1581/1840/1856 1586/1845/1857
f 1588/1846/1858 1585/1844/1855 1586/1845/1857
f 1587/1847/1859 1585/1844/1855 1588/1846/1858
f 1587/1847/1859 1584/1843/1853 1585/1844/1855
f 1588/1846/1858 1591/1848/1860 1587/1847/1859
f 1589/1849/1861 1590/1850/1862 1588/1846/1858
f 1588/1846/1858 1586/1845/1857 1589/1849/1861
f 1588/1846/1858 1590/1850/1862 1591/1848/1860
f 1591/1848/1860 1595/1851/1863 1592/1852/1864
f 1591/1848/1860 1592/1852/1864 1593/1853/1865
f 1587/1847/1859 1591/1848/1860 1593/1853/1865
f 1590/1850/1862 1594/1854/1866 1591/1848/1860
f 1591/1848/1860 1594/1854/1866 1595/1851/1863
f 1595/1851/1863 1596/1855/1867 1597/1856/1868
f 1594/1854/1866 1596/1855/1867 1595/1851/1863
f 1595/1851/1863 1597/1856/1868 1592/1852/1864
f 1599/1857/1869 1597/1856/1868 1596/1855/1867
f 1598/1858/1870 1597/1856/1868 1599/1857/1869
f 1598/1858/1870 1592/1852/1864 1597/1856/1868
f 1600/1859/1871 1492/1752/1752 1599/1857/1869
f 1599/1857/1869 1596/1855/1867 1600/1859/1871
f 1599/1857/1869 1601/1860/1872 1598/1858/1870
f 1599/1857/1869 1492/1752/1752 1601/1860/1872
f 1604/1861/1873 1601/1860/1874 1602/1862/1875
f 1488/1747/1747 1602/1862/1876 1601/1860/1872
f 1488/1747/1747 1601/1860/1872 1492/1752/1752
f 1598/1858/1870 1601/1860/1872 1603/1863/1877
f 1604/1861/1873 1603/1863/1878 1601/1860/1874
f 1605/1864/1879 1603/1863/1878 1604/1861/1873
f 1483/1743/1739 1604/1861/1873 1602/1862/1875
f 1483/1743/1739 1484/1744/1740 1604/1861/1873
f 1605/1864/1879 1606/1865/1880 1603/1863/1878
f 1607/1866/1881 1606/1865/1880 1605/1864/1879
f 1607/1866/1881 1608/1867/1882 1606/1865/1880
f 1608/1867/1882 1607/1866/1881 1610/1868/1883
f 1610/1868/1883 1607/1866/1881 1609/1869/1884
f 1610/1868/1885 1593/1853/1865 1608/1867/1886
f 1587/1847/1859 1593/1853/1865 1610/1868/1885
f 1582/1842/1851 1584/1843/1852 1610/1868/1883
f 1610/1868/1885 1584/1843/1853 1587/1847/1859
f 1610/1868/1883 1609/1869/1884 1582/1842/1851
f 1593/1853/1865 1606/1865/1887 1608/1867/1886
f 1593/1853/1865 1603/1863/1877 1606/1865/1887
f 1598/1858/1870 1603/1863/1877 1593/1853/1865
f 1488/1747/1747 1483/1743/1746 1602/1862/1876
f 1491/1750/1750 1492/1752/1752 1600/1859/1871
f 1600/1859/1871 1611/1870/1888 1491/1750/1750
f 1600/1859/1871 1612/1871/1889 1611/1870/1888
f 1600/1859/1871 1596/1855/1867 1612/1871/1889
f 1613/1872/1890 1616/1873/1891 1612/1871/1889
f 1612/1871/1889 1614/1874/1892 1613/1872/1890
f 1612/1871/1889 1615/1875/1893 1611/1870/1888
f 1596/1855/1867 1614/1874/1892 1612/1871/1889
f 1612/1871/1889 1616/1873/1891 1615/1875/1893
f 1617/1876/1894 1616/1873/1891 1618/1877/1895
f 1617/1876/1894 1615/1875/1893 1616/1873/1891
f 1613/1872/1890 1619/1878/1896 1616/1873/1891
f 1618/1877/1895 1616/1873/1891 1619/1878/1896
f 1618/1877/1895 1619/1878/1896 1620/1879/1897
f 1620/1879/1897 1619/1878/1896 1621/1880/1898
f 1622/1881/1899 1621/1880/1898 1619/1878/1896
f 1622/1881/1899 1619/1878/1896 1613/1872/1890
f 1541/1800/1803 1621/1880/1898 1622/1881/1899
f 1623/1882/1900 1541/1800/1803 1622/1881/1899
f 1624/1883/1901 1622/1881/1899 1613/1872/1890
f 1623/1882/1900 1622/1881/1899 1624/1883/1901
f 1624/1883/1901 1625/1884/1902 1623/1882/1900
f 1594/1854/1866 1625/1884/1902 1624/1883/1901
f 1624/1883/1901 1613/1872/1890 1594/1854/1866
f 1589/1849/1861 1625/1884/1902 1590/1850/1862
f 1590/1850/1862 1625/1884/1902 1594/1854/1866
f 1623/1882/1900 1625/1884/1902 1627/1885/1903
f 1626/1886/1904 1625/1884/1902 1589/1849/1861
f 1626/1886/1904 1627/1885/1903 1625/1884/1902
f 1628/1887/1905 1627/1885/1903 1626/1886/1904
f 1628/1887/1905 1630/1888/1906 1627/1885/1903
f 1623/1882/1900 1627/1885/1903 1629/1889/1907
f 1629/1889/1907 1627/1885/1903 1630/1888/1906
f 1631/1890/1908 1630/1888/1906 1628/1887/1905
f 1631/1890/1908 1553/1812/1815 1630/1888/1906
f 1629/1889/1907 1630/1888/1906 1552/1811/1814
f 1552/1811/1814 1630/1888/1906 1553/1812/1815
f 1560/1819/1822 1553/1812/1815 1631/1890/1908
f 1560/1819/1822 1631/1890/1908 1628/1887/1905
f 1629/1889/1907 1540/1799/1802 1623/1882/1900
f 1629/1889/1907 1545/1805/1808 1540/1799/1802
f 1552/1811/1814 1545/1805/1808 1629/1889/1907
f 1565/1825/1828 1560/1819/1822 1628/1887/1905
f 1586/1845/1857 1628/1887/1905 1626/1886/1904
f 1565/1825/1828 1628/1887/1905 1586/1845/1857
f 1589/1849/1861 1586/1845/1857 1626/1886/1904
f 1540/1799/1802 1541/1800/1803 1623/1882/1900
f 1541/1800/1803 1535/1794/1797 1621/1880/1898
f 1620/1879/1897 1621/1880/1898 1632/1891/1909
f 1632/1891/1909 1621/1880/1898 1535/1794/1797
f 1632/1891/1909 1633/1892/1910 1620/1879/1897
f 1632/1891/1909 1535/1794/1797 1532/1791/1794
f 1532/1791/1794 1531/1790/1793 1632/1891/1909
f 1632/1891/1909 1531/1790/1793 1633/1892/1910
f 1633/1892/1910 1634/1893/1911 1620/1879/1897
f 1633/1892/1910 1520/1779/1782 1634/1893/1911
f 1531/1790/1793 1520/1779/1782 1633/1892/1910
f 1635/1894/1912 1634/1893/1911 1638/1895/1913
f 1635/1894/1912 1620/1879/1897 1634/1893/1911
f 1634/1893/1911 1637/1896/1914 1504/1764/1764
f 1634/1893/1911 1504/1764/1764 1502/1761/1761
f 1638/1895/1913 1634/1893/1911 1502/1761/1761
f 1520/1779/1782 1521/1780/1783 1634/1893/1911
f 1521/1780/1783 1636/1897/1915 1634/1893/1911
f 1634/1893/1911 1636/1897/1915 1637/1896/1914
f 1617/1876/1894 1638/1895/1913 1639/1898/1916
f 1617/1876/1894 1635/1894/1912 1638/1895/1913
f 1639/1898/1916 1638/1895/1913 1496/1755/1755
f 1638/1895/1913 1502/1761/1761 1497/1756/1756
f 1497/1756/1756 1496/1755/1755 1638/1895/1913
f 1490/1749/1749 1639/1898/1916 1496/1755/1755
f 1617/1876/1894 1639/1898/1916 1490/1749/1749
f 1506/1765/1765 1504/1764/1764 1637/1896/1914
f 1637/1896/1914 1636/1897/1915 1506/1765/1765
f 1636/1897/1915 1521/1780/1783 1509/1768/1768
f 1506/1765/1765 1636/1897/1915 1509/1768/1768
f 1618/1877/1895 1620/1879/1897 1635/1894/1912
f 1618/1877/1895 1635/1894/1912 1617/1876/1894
f 1490/1749/1749 1491/1750/1750 1617/1876/1894
f 1491/1750/1750 1615/1875/1893 1617/1876/1894
f 1611/1870/1888 1615/1875/1893 1491/1750/1750
f 1613/1872/1890 1614/1874/1892 1640/1899/1917
f 1596/1855/1867 1640/1899/1917 1614/1874/1892
f 1613/1872/1890 1640/1899/1917 1594/1854/1866
f 1594/1854/1866 1640/1899/1917 1596/1855/1867
f 1593/1853/1865 1592/1852/1864 1598/1858/1870
f 1581/1840/1856 1578/1837/1845 1586/1845/1857
f 1586/1845/1857 1577/1836/1844 1565/1825/1828
f 1586/1845/1857 1578/1837/1845 1577/1836/1844
f 1565/1825/1828 1577/1836/1844 1564/1823/1826
f 1641/1900/1918 1569/1828/1834 1572/1830/1833
f 1642/1901/1919 1568/1827/1920 1641/1900/1918
f 1641/1900/1918 1568/1827/1920 1569/1828/1834
f 1643/1902/1921 1644/1903/1922 1642/1901/1919
f 1642/1901/1919 1644/1903/1922 1568/1827/1920
f 1643/1902/1921 1645/1904/1923 1644/1903/1922
f 1645/1904/1924 1646/1905/1925 1644/1903/1926
f 1644/1903/1926 1646/1905/1925 1567/1826/1829
f 1644/1903/1926 1567/1826/1829 1568/1827/1830
f 1647/1906/1927 1649/1907/1928 1646/1905/1925
f 1645/1904/1924 1647/1906/1927 1646/1905/1925
f 1646/1905/1925 1648/1908/1929 1567/1826/1829
f 1646/1905/1925 1649/1907/1928 1648/1908/1929
f 1647/1906/1927 1650/1909/1930 1649/1907/1928
f 1650/1910/1930 1651/1911/1931 1649/1912/1928
f 1649/1912/1928 1651/1911/1931 1652/1913/1932
f 1649/1912/1928 1652/1913/1932 1648/1914/1929
f 1648/1914/1929 1652/1913/1932 1653/1915/1933
f 1654/1916/1934 1653/1915/1933 1652/1913/1932
f 1654/1916/1934 1652/1913/1932 1655/1917/1935
f 1655/1917/1935 1652/1913/1932 1656/1918/1936
f 1656/1918/1936 1652/1913/1932 1651/1911/1931
f 1656/1918/1936 1651/1911/1931 1657/1919/1937
f 1657/1919/1937 1651/1911/1931 1658/1920/1938
f 1658/1920/1938 1651/1911/1931 1659/1921/1939
f 1658/1920/1938 1659/1921/1939 1660/1922/1940
f 1660/1922/1940 1659/1921/1939 1661/1923/1941
f 1660/1922/1940 1661/1923/1941 1662/1924/1942
f 1662/1924/1942 1663/1925/1943 1664/1926/1944
f 1662/1924/1942 1661/1923/1941 1663/1925/1943
f 1664/1926/1944 1663/1925/1943 1665/1927/1945
f 1664/1926/1944 1665/1927/1945 1666/1928/1946
f 1666/1928/1946 1665/1927/1945 1667/1929/1947
f 1666/1928/1946 1667/1929/1947 1668/1930/1948
f 1668/1930/1948 1667/1929/1947 1669/1931/1949
f 1668/1930/1948 1669/1931/1949 1670/1932/1950
f 1670/1932/1950 1669/1931/1949 1671/1933/1951
f 1671/1933/1951 1672/1934/1952 1673/1935/1953
f 1671/1933/1951 1669/1931/1949 1672/1934/1952
f 1673/1935/1953 1672/1934/1952 1674/1936/1954
f 1674/1936/1954 1672/1934/1952 1675/1937/1955
f 1674/1936/1954 1675/1937/1955 1676/1938/1956
f 1676/1938/1956 1675/1937/1955 1677/1939/1957
f 1677/1939/1957 1675/1937/1955 1678/1940/1958
f 1677/1939/1957 1678/1940/1958 1679/1941/1959
f 1679/1941/1959 1678/1940/1958 1680/1942/1960
f 1680/1942/1960 1678/1940/1958 1681/1943/1961
f 1680/1942/1960 1681/1943/1961 1682/1944/1962
f 1682/1944/1962 1681/1943/1961 1683/1945/1963
f 1683/1945/1963 1681/1943/1961 1684/1946/1964
f 1683/1945/1963 1684/1946/1964 1685/1947/1965
f 1686/1948/1966 1685/1947/1965 1687/1949/1967
f 1686/1948/1966 1689/1950/1968 1685/1947/1965
f 1685/1947/1965 1688/1951/1969 1687/1949/1967
f 1685/1947/1965 1684/1946/1964 1688/1951/1969
f 1689/1950/1968 1686/1948/1966 1691/1952/1970
f 1692/1953/1971 1690/1954/1972 1689/1955/1973
f 1689/1955/1973 1690/1954/1972 1694/1956/1974
f 1689/1955/1973 1693/1957/1975 1692/1953/1971
f 1694/1956/1974 1696/1958/1976 1695/1959/1977
f 1694/1956/1974 1690/1954/1972 1696/1958/1976
f 1699/1960/1978 1696/1958/1976 1697/1961/1979
s 0
f 1698/1962/1980 1697/1963/1981 1696/1964/1980
f 1698/1962/1982 1696/1964/1982 1700/1965/1983
s 1
f 1695/1959/1977 1696/1958/1976 1699/1960/1978
s 0
f 1700/1965/1983 1696/1964/1984 1690/1966/1985
f 1700/1965/1985 1690/1966/1985 1701/1967/1986
f 1701/1967/1987 1690/1966/1985 1702/1968/1988
f 1701/1967/1989 1702/1968/1988 1703/1969/1990
f 1703/1969/1991 1704/1970/1992 1705/1971/1993
f 1703/1969/1994 1702/1968/1988 1704/1970/1992
f 1705/1971/1993 1704/1970/1992 1706/1972/1995
f 1705/1971/1993 1706/1972/1996 1707/1973/1997
f 1707/1973/1998 1706/1972/1995 1708/1974/1999
f 1707/1973/1998 1708/1974/1999 1709/1975/2000
f 1709/1975/2000 1708/1974/1999 1710/1976/2001
f 1709/1975/2000 1710/1976/2002 1711/1977/2003
f 1711/1977/2004 1712/1978/2005 1713/1979/2006
f 1711/1977/2007 1710/1976/2008 1712/1978/2009
f 1713/1979/2006 1712/1978/2010 1714/1980/2011
f 1713/1979/2006 1714/1980/2011 1715/1981/2012
f 1715/1981/2013 1714/1980/2014 1156/1982/2015
f 1715/1981/2013 1156/1982/2016 1716/1983/2017
f 1717/1984/2018 1716/1983/2018 1718/1985/2018
f 1717/1984/2019 1720/1986/2020 1716/1983/2019
f 1716/1983/2021 1719/1987/2021 1718/1985/2021
f 1716/1983/2022 1156/1982/2023 1719/1987/2022
f 1172/1988/2024 1179/1406/2025 1720/1986/2024
f 1172/1988/2026 1720/1986/2026 1717/1984/2027
s 1
f 1155/1361/1382 1154/1360/1381 1719/1989/2028
f 1154/1360/1381 1718/1990/2029 1719/1989/2028
f 1155/1361/1382 1719/1989/2028 1156/1991/2030
f 1154/1360/1381 1717/1992/2031 1718/1990/2029
f 1154/1993/1381 1172/1994/1396 1717/1995/2031
f 1699/1960/1978 1697/1961/1979 1721/1996/2032
f 1721/1996/2032 1722/1997/2033 1723/1998/2034
f 1721/1996/2032 1697/1961/1979 1722/1997/2033
f 1723/1998/2034 1722/1997/2033 1724/1999/2035
f 1724/1999/2035 1722/1997/2033 1726/2000/2036
f 1724/1999/2035 1726/2000/2036 1725/2001/2037
s 0
f 1727/2002/2038 1726/2003/2039 1722/2004/2040
f 1729/2005/2041 1726/2003/2041 1727/2002/2038
s 1
f 1726/2000/2036 1728/2006/2042 1725/2001/2037
s 0
f 1729/2005/2043 1728/2007/2044 1726/2003/2041
f 1730/2008/2045 1728/2007/2046 1729/2005/2039
f 1731/2009/2047 1733/2010/2048 1730/2008/2049
f 1732/2011/2050 1731/2009/2051 1730/2008/2052
f 1730/2008/2053 1733/2010/2054 1728/2007/2053
s 1
f 1725/2001/2037 1733/2012/2055 1734/2013/2056
f 1725/2001/2037 1728/2006/2042 1733/2012/2055
f 1734/2013/2056 1733/2012/2055 1731/2014/2057
f 1731/2014/2057 1735/2015/2058 1734/2013/2056
f 1731/2014/2057 1736/2016/2059 1735/2015/2058
f 1738/2017/2060 1737/2018/2061 1736/2016/2059
f 1738/2017/2060 1736/2016/2059 1731/2014/2057
s 0
f 1738/2019/2062 1731/2009/2047 1732/2011/2063
f 1738/2019/2064 1732/2011/2065 1739/2020/2066
s 1
f 1739/2021/2067 1737/2018/2061 1738/2017/2060
s 0
f 1739/2020/2068 1740/2022/2069 1741/2023/2070
f 1739/2020/2071 1732/2011/2072 1740/2022/2073
s 1
f 1741/2024/2074 1742/2025/2075 1739/2021/2067
f 1739/2021/2067 1742/2025/2075 1737/2018/2061
f 1741/2024/2074 1743/2026/2076 1742/2025/2075
f 1741/2024/2074 1744/2027/2077 1743/2026/2076
f 1746/2028/2078 1745/2029/2079 1744/2027/2077
f 1746/2028/2078 1744/2027/2077 1741/2024/2074
s 0
f 1741/2023/2080 1747/2030/2081 1746/2031/2082
f 1746/2031/2083 1747/2030/2084 1748/2032/2085
f 1746/2031/2086 1748/2032/2086 1749/2033/2087
s 1
f 1749/2034/2088 1745/2029/2079 1746/2028/2078
s 0
f 1749/2033/2089 1748/2032/2090 1750/2035/2091
f 1749/2033/2092 1750/2035/2093 1751/2036/2091
s 1
f 1751/2037/2094 1752/2038/2095 1749/2034/2088
f 1749/2034/2088 1752/2038/2095 1745/2029/2079
f 1751/2037/2094 1753/2039/2096 1752/2038/2095
f 1754/2040/2097 1753/2039/2096 1751/2037/2094
f 1754/2040/2097 1755/2041/2098 1753/2039/2096
f 1756/2042/2099 1755/2041/2098 1754/2040/2097
f 1756/2042/2099 1754/2040/2097 1757/2043/2100
f 1757/2043/2100 1754/2040/2097 1759/2044/2101
f 1757/2043/2100 1759/2044/2101 1758/2045/2102
s 0
f 1754/2046/2103 1760/2047/2104 1759/2048/2105
f 1759/2048/2106 1760/2047/2107 1761/2049/2108
s 1
f 1758/2045/2102 1759/2044/2101 1762/2050/2109
s 0
f 1759/2048/2110 1761/2049/2110 1762/2051/2111
f 1762/2051/2112 1761/2049/2113 1765/2052/2114
s 1
f 1758/2045/2102 1762/2050/2109 1764/2053/2115
f 1764/2053/2115 1762/2050/2109 1763/2054/2116
s 0
f 1762/2051/2117 1765/2052/2114 1763/2055/2118
f 1763/2055/2118 1765/2052/2118 1766/2056/2119
f 1766/2056/2120 1765/2052/2121 1767/2057/2122
f 1766/2056/2123 1767/2057/2123 1768/2058/2124
f 1768/2058/2125 1767/2057/2126 1769/2059/2127
f 1768/2058/2128 1769/2059/2129 1770/2060/2130
f 1770/2060/2131 1769/2059/2132 1771/2061/2133
f 1770/2060/2134 1771/2061/2135 1772/2062/2136
f 1772/2062/2136 1771/2061/2137 1773/2063/2138
f 1776/2064/2138 1774/2065/2139 1773/2063/2138
f 1772/2062/2136 1773/2063/2138 1774/2065/2140
s 1
f 1773/2063/2141 1775/2066/2142 1777/2067/2143
f 1776/2064/2144 1773/2063/2141 1777/2067/2143
f 1777/2068/2145 1780/2069/2146 1776/2070/2147
f 1777/2067/2143 1775/2066/2142 1778/2071/2148
f 1777/2067/2143 1778/2071/2148 1779/2072/2149
f 1779/2073/2150 1781/2074/2151 1777/2075/2145
f 1777/2068/2145 1781/2076/2151 1780/2069/2146
f 1782/2077/2152 1780/2069/2146 1781/2076/2151
f 1782/2077/2152 1781/2076/2151 1783/2078/2153
f 1783/2079/2153 1781/2074/2151 1784/2080/2154
f 1779/2073/2150 1784/2080/2154 1781/2074/2151
f 1785/2081/2155 1784/2080/2154 1779/2073/2150
f 1785/2081/2155 1787/2082/2156 1784/2080/2154
f 1783/2079/2153 1784/2080/2154 1786/2083/2157
f 1786/2083/2157 1784/2080/2154 1787/2082/2156
f 1789/2084/2158 1787/2082/2156 1785/2081/2155
f 1789/2084/2158 1788/2085/2159 1787/2082/2156
f 1786/2083/2157 1787/2082/2156 1788/2085/2159
f 1785/2081/2155 1790/2086/2160 1789/2084/2158
f 1794/2087/2161 1789/2084/2158 1790/2086/2160
f 1791/2088/2162 1788/2085/2159 1789/2084/2158
f 1791/2088/2162 1789/2084/2158 1792/2089/2163
f 1792/2090/2163 1789/268/2158 1793/2091/2164
f 1795/2092/2165 1793/2093/2164 1789/2084/2158
f 1795/2092/2165 1789/2084/2158 1794/2087/2166
f 1794/2094/2167 1796/2095/2168 1795/2096/2169
f 1795/2096/2169 1796/2095/2168 1797/2097/2170
f 1795/2096/2169 1797/2097/2170 1798/2098/2171
f 1798/2099/2172 1793/2093/2164 1795/2092/2165
f 1798/2098/2171 1797/2097/2170 1799/2100/2173
f 1798/2099/2172 1801/2101/2174 1793/2093/2164
f 1798/2098/2171 1799/2100/2173 1800/2102/2175
f 1800/2103/2176 1801/2101/2174 1798/2099/2172
f 1800/2103/2176 1803/2104/2177 1801/2101/2174
f 1802/2105/2178 1793/2093/2164 1801/2101/2174
f 1802/2105/2178 1801/2101/2174 1803/2104/2177
f 1804/2106/2179 1803/2104/2177 1800/2103/2176
f 1805/2107/2180 1804/2108/2181 1533/1792/1795
f 1804/2108/2181 1528/1787/1790 1533/1792/1795
f 1806/2109/2182 1804/2106/2179 1800/2103/2176
f 1806/2109/2182 1807/2110/2183 1804/2106/2179
s 0
f 1807/2110/2184 1808/2111/2185 1809/2112/2186
f 1810/2113/2187 1808/2111/2188 1807/2110/2183
s 1
f 1807/2110/2183 1809/2112/2189 1529/2114/2190
f 1810/2113/2191 1807/2110/2183 1806/2109/2182
f 1811/2115/2192 1808/2116/2193 1810/2117/2194
f 1811/2115/2192 1810/2117/2195 1812/2118/2196
f 1812/2118/2196 1810/2117/2195 1806/2119/2197
f 1812/2118/2196 1806/2119/2197 1799/2100/2173
f 1813/2120/2198 1808/2116/2193 1811/2115/2192
f 1808/2116/2193 1813/2120/2198 1809/2121/2199
f 1809/2121/2199 1813/2120/2198 1814/2122/2200
f 1815/2123/2201 1814/2122/2200 1816/2124/2202
f 1809/2121/2199 1814/2122/2200 1815/2123/2201
f 1815/2123/2201 1816/2124/2202 1817/2125/2203
f 1819/2126/2204 1818/2127/2205 1817/2125/2203
f 1817/2125/2203 1818/2127/2205 1815/2123/2201
f 1819/2126/2204 1821/2128/2206 1818/2127/2205
f 1820/2129/2207 1821/2128/2206 1819/2126/2204
f 1821/2130/2208 1824/2131/2209 1818/2132/2210
f 1822/2133/2211 1823/2134/2212 1821/2130/2208
f 1820/2129/2207 1822/2135/2213 1821/2128/2206
f 1821/2130/2208 1823/2134/2212 1824/2131/2209
f 1824/2131/2209 1815/2136/2214 1818/2132/2210
f 1529/2114/2215 1815/2136/2214 1824/2131/2209
f 1529/2114/2215 1824/2131/2209 1823/2134/2212
f 1826/2137/2216 1823/2134/2212 1825/2138/2217
f 1822/2133/2211 1825/2138/2217 1823/2134/2212
f 1529/2114/2215 1823/2134/2212 1826/2137/2216
f 1826/2137/2216 1825/2138/2217 1827/2139/2218
f 1834/2140/2219 1828/2141/2220 1827/2142/2221
f 1830/2143/2222 1829/2144/2223 1827/2145/2224
f 1827/2139/2218 1831/2146/2225 1832/2147/2226
f 1827/2139/2218 1825/2138/2217 1831/2146/2225
f 1834/2140/2219 1827/2142/2221 1833/2148/2227
f 1518/1777/1780 1834/2140/2219 1835/2149/2228
f 1518/1777/1780 1525/1784/1787 1834/2140/2219
f 1835/2149/2228 1834/2140/2219 1837/2150/2229
f 1525/1784/1787 1836/2151/2230 1834/2140/2219
f 1834/2140/2219 1836/2151/2230 1828/2141/2220
f 1837/2150/2229 1834/2140/2219 1833/2148/2227
f 1842/2152/2231 1515/1774/1777 1837/2150/2229
f 1517/1776/1779 1837/2150/2229 1515/1774/1777
f 1517/1776/1779 1835/2149/2228 1837/2150/2229
f 1837/2153/2232 1839/2154/2233 1838/2155/2234
f 1838/2155/2234 1840/2156/2235 1837/2153/2232
f 1837/2153/2232 1841/2157/2236 1839/2154/2233
f 1840/2156/2235 1841/2157/2236 1837/2153/2232
f 1837/2150/2229 1833/2148/2227 1844/2158/2237
f 1842/2152/2231 1837/2150/2229 1843/2159/2238
f 1843/2159/2238 1837/2150/2229 1844/2158/2237
f 1844/2158/2237 1833/2148/2227 1846/2160/2239
f 1843/2159/2238 1844/2158/2237 1845/2161/2240
f 1849/2162/2241 1845/2161/2240 1844/2158/2237
f 1846/2160/2239 1847/2163/2242 1844/2158/2237
f 1844/2158/2237 1847/2163/2242 1848/2164/2243
f 1844/2158/2237 1848/2164/2243 1849/2162/2241
f 1853/2165/2244 1849/2162/2241 1850/2166/2245
f 1851/2167/2246 1850/2166/2245 1849/2162/2241
f 1851/2167/2246 1849/2162/2241 1852/2168/2247
f 1852/2168/2247 1849/2162/2241 1854/2169/2248
f 1853/2165/2244 1845/2161/2240 1849/2162/2241
f 1849/2162/2241 1848/2164/2243 1854/2169/2248
f 1848/2164/2243 1855/2170/2249 1854/2169/2248
f 1848/2164/2243 1856/2171/2250 1855/2170/2249
f 1847/2163/2242 1856/2171/2250 1848/2164/2243
f 1847/2163/2242 1857/2172/2251 1856/2171/2250
f 1858/2173/2252 1857/2172/2251 1847/2163/2242
f 1859/2174/2253 1858/2173/2252 1847/2163/2242
f 1859/2174/2253 1860/2175/2254 1858/2173/2252
f 1861/2176/2255 1860/2175/2254 1859/2174/2253
f 1862/2177/2256 1860/2178/2257 1864/2179/2258
f 1863/2180/2259 1860/2178/2257 1862/2177/2256
f 1862/2177/2256 1864/2179/2258 1865/2181/2260
f 1866/2182/2261 1865/2181/2260 1867/2183/2262
f 1862/2177/2256 1865/2181/2260 1866/2182/2261
f 1866/2182/2261 1867/2183/2262 1868/2184/2263
f 1868/2184/2263 1846/2185/2264 1866/2182/2261
f 1831/2146/2225 1869/2186/2265 1866/2182/2261
f 1869/2186/2265 1870/2187/2266 1866/2182/2261
f 1866/2182/2261 1870/2187/2266 1871/2188/2267
f 1866/2182/2261 1871/2188/2267 1862/2177/2256
f 1832/2147/2226 1831/2146/2225 1866/2182/2261
f 1832/2147/2226 1866/2182/2261 1846/2185/2264
f 1873/2189/2268 1871/2188/2267 1870/2187/2266
f 1872/2190/2269 1862/2177/2256 1871/2188/2267
f 1872/2190/2269 1871/2188/2267 1873/2189/2268
f 1874/2191/2270 1875/2192/2271 1873/2189/2268
f 1873/2189/2268 1870/2187/2266 1874/2191/2270
f 1873/2189/2268 1876/2193/2272 1872/2190/2269
f 1873/2189/2268 1875/2192/2271 1876/2193/2272
f 1874/2191/2270 1877/2194/2273 1875/2192/2271
f 1878/2195/2274 1877/2194/2273 1874/2191/2270
f 1878/2195/2274 1879/2196/2275 1877/2194/2273
f 1880/2197/2276 1879/2196/2275 1878/2195/2274
f 1881/2198/2277 1880/2197/2276 1878/2195/2274
f 1881/2198/2277 1882/2199/2278 1880/2197/2276
f 1883/2200/2279 1882/2199/2278 1881/2198/2277
f 1885/2201/2280 1883/2200/2279 1881/2198/2277
f 1885/2201/2280 1884/2202/2281 1883/2200/2279
f 1850/2203/2282 1884/2202/2281 1885/2201/2280
f 1887/2204/2283 1886/2205/2284 1884/2202/2281
f 1887/2204/2283 1884/2202/2281 1850/2203/2282
f 1886/2206/2285 1850/2166/2245 1851/2167/2246
f 1878/2195/2274 1874/2191/2270 1888/2207/2286
f 1878/2195/2274 1888/2207/2286 1889/2208/2287
f 1889/2208/2287 1888/2207/2286 1890/2209/2288
f 1889/2208/2287 1890/2209/2288 1891/2210/2289
f 1892/2211/2290 1891/2210/2289 1890/2209/2288
f 1892/2211/2290 1893/2212/2291 1895/2213/2292
f 1892/2211/2290 1894/2214/2293 1893/2212/2291
f 1890/2209/2288 1894/2214/2293 1892/2211/2290
f 1895/2213/2292 1896/2215/2294 1897/2216/2295
f 1895/2213/2292 1893/2212/2291 1896/2215/2294
f 1896/2215/2294 1900/2217/2296 1897/2216/2295
f 1897/2218/2295 1898/2219/2297 1899/2220/2298
f 1897/2218/2295 1900/2221/2296 1898/2219/2297
f 1902/2222/2299 1900/2221/2296 1901/2223/2300
f 1901/2223/2300 1900/2221/2296 1896/2224/2294
f 1903/2225/2301 1900/2221/2296 1902/2222/2299
f 1903/2225/2301 1898/2219/2297 1900/2221/2296
f 1902/2222/2302 1904/2226/2303 1903/2225/2304
f 1903/2225/2304 1904/2226/2303 1905/2227/2305
f 1905/2227/2306 1898/2219/2297 1903/2225/2301
f 1905/2227/2305 1904/2226/2303 1907/2228/2307
f 1905/2227/2306 1906/2229/2308 1898/2219/2297
f 1905/2227/2305 1907/2228/2307 1906/2229/2309
f 1908/2230/2310 1909/2231/2311 1907/2228/2307
f 1907/2228/2307 1909/2231/2311 1910/2232/2312
f 1906/2229/2309 1907/2228/2307 1910/2232/2312
f 1906/2229/2309 1910/2232/2312 1911/2233/2313
f 1911/2233/2313 1910/2232/2312 1912/2234/2314
s 0
f 1911/2233/2315 1912/2234/2316 1913/2235/2317
f 1913/2235/2318 1914/2236/2319 1911/2233/2313
f 1911/2233/2313 1914/2236/2320 1915/2237/2321
f 1911/2233/2322 1915/2237/2323 1916/2238/2324
s 1
f 1916/2238/2325 1906/2229/2326 1911/2233/2313
f 1898/2219/2297 1906/2229/2308 1917/2239/2327
f 1898/2219/2297 1917/2239/2327 1918/2240/2328
f 1918/2240/2328 1917/2239/2327 1919/2241/2329
f 1918/2240/2328 1919/2241/2329 1899/2220/2298
f 1899/2220/2298 1919/2241/2329 1920/2242/2330
f 1899/2220/2298 1920/2242/2330 1921/2243/2331
f 1899/2220/2298 1898/2219/2297 1918/2240/2328
f 1901/2223/2332 1922/2244/2333 1904/2226/2303
f 1901/2223/2332 1904/2226/2303 1902/2222/2302
f 1923/2245/2334 1922/2244/2333 1901/2223/2332
f 1923/2245/2334 1924/2246/2335 1922/2244/2333
f 1925/2247/2336 1924/2246/2335 1923/2245/2334
f 1925/2247/2336 1926/2248/2337 1924/2246/2335
f 1925/2247/2336 1927/2249/2338 1926/2248/2337
f 1929/2250/2339 1928/2251/2340 1927/2249/2338
f 1929/2250/2339 1927/2249/2338 1925/2247/2336
f 1930/2252/2341 1929/2253/2342 1935/2254/2343
f 1934/2255/2344 1929/2250/2339 1930/2256/2345
f 1931/2257/2346 1928/2251/2340 1929/2250/2339
f 1931/2257/2346 1929/2250/2339 1934/2255/2344
f 1932/2258/2347 1929/2250/2342 1925/2247/2348
f 1933/2259/2349 1929/2250/2342 1932/2258/2347
f 1935/2260/2343 1929/2250/2342 1933/2259/2349
f 1935/2254/2343 1936/2261/2350 1937/2262/2351
f 1938/2263/2352 1936/2264/2350 1935/2260/2343
f 1935/2254/2343 1937/2262/2351 1930/2252/2341
f 1935/2265/2343 1831/2146/2225 1938/2266/2352
f 1935/2265/2343 1933/2267/2349 1831/2146/2225
f 1936/2264/2353 1938/2263/2354 1939/2268/2355
f 1938/2266/2352 1825/2138/2217 1822/2133/2211
f 1939/2268/2355 1938/2263/2354 1822/2269/2213
f 1938/2266/2352 1831/2146/2225 1825/2138/2217
f 1939/2268/2355 1940/2270/2356 1936/2264/2353
f 1939/2268/2355 1822/2269/2213 1820/2271/2207
f 1940/2270/2356 1941/2272/2357 1936/2264/2353
f 1936/2264/2353 1941/2272/2357 1942/2273/2358
f 1936/2264/2353 1942/2273/2358 1937/2274/2359
f 1942/2273/2358 1943/2275/2360 1937/2274/2359
f 1937/2274/2359 1943/2275/2360 1944/2276/2361
f 1937/2274/2359 1944/2276/2361 1930/2256/2345
f 1945/2277/2362 1930/2256/2345 1944/2276/2361
f 1934/2255/2344 1930/2256/2345 1945/2277/2362
f 1932/2258/2347 1946/2278/2363 1933/2259/2349
f 1946/2278/2363 1947/2279/2364 1933/2259/2349
f 1933/2267/2349 1947/2280/2364 1948/2281/2365
f 1933/2267/2349 1948/2281/2365 1869/2186/2265
f 1831/2146/2225 1933/2267/2349 1869/2186/2265
f 1874/2191/2270 1948/2281/2365 1947/2280/2364
f 1869/2186/2265 1948/2281/2365 1870/2187/2266
f 1874/2191/2270 1870/2187/2266 1948/2281/2365
f 1888/2207/2286 1947/2280/2364 1890/2209/2288
f 1888/2207/2286 1874/2191/2270 1947/2280/2364
f 1890/2209/2288 1947/2280/2364 1946/2282/2363
f 1932/2258/2347 1949/2283/2366 1946/2278/2363
f 1890/2209/2288 1946/2282/2363 1949/2284/2366
f 1890/2209/2288 1949/2284/2366 1894/2214/2293
f 1894/2285/2293 1949/2283/2366 1932/2258/2347
f 1925/2247/2348 1894/2285/2293 1932/2258/2347
f 1925/2247/2348 1893/2286/2291 1894/2285/2293
f 1923/2245/2367 1893/2286/2291 1925/2247/2348
f 1901/2223/2300 1896/2224/2294 1923/2245/2367
f 1923/2245/2367 1896/2224/2294 1893/2286/2291
f 1863/2180/2259 1862/2177/2256 1872/2190/2269
f 1853/2165/2244 1954/2287/2368 1950/2288/2369
f 1511/1771/1771 1853/2165/2244 1950/2288/2369
f 1951/2289/2370 1953/2290/2371 1853/2165/2244
f 1951/2289/2370 1853/2165/2244 1952/2291/2372
f 1952/2291/2372 1853/2165/2244 1850/2166/2245
f 1853/2165/2244 1953/2290/2371 1954/2287/2368
f 1510/1770/1770 1843/2159/2238 1853/2165/2244
f 1843/2159/2238 1845/2161/2240 1853/2165/2244
f 1510/1770/1770 1853/2165/2244 1511/1771/1771
f 1955/2292/2373 1954/2287/2368 1956/2293/2374
f 1950/2288/2369 1954/2287/2368 1955/2292/2373
f 1955/2292/2373 1956/2293/2374 1957/2294/2375
f 1957/2294/2375 1956/2293/2374 1958/2295/2376
f 1957/2294/2375 1958/2295/2376 1959/2296/2377
f 1959/2296/2377 1958/2295/2376 1432/1691/1677
f 1432/1691/1677 1958/2295/2376 1960/2297/2378
f 1432/1691/1677 1960/2297/2378 1433/1693/1679
f 1433/1693/1679 1960/2297/2378 1961/2298/2379
f 1433/1693/1679 1961/2298/2379 1429/1687/1673
f 1429/1687/1673 1961/2298/2379 1962/2299/2380
f 1429/1687/1673 1962/2299/2380 1425/1684/1670
f 1425/1684/1670 1962/2299/2380 1963/2300/2381
f 1425/1684/1670 1963/2300/2381 1426/1685/1671
f 1963/2300/2381 1964/2301/2382 1966/2302/2383
f 1965/2303/2384 1964/2301/2382 1963/2300/2381
f 1963/2300/2381 1968/2304/2385 1426/1685/1671
f 1966/2302/2383 1967/2305/2386 1963/2300/2381
f 1963/2300/2381 1967/2305/2386 1968/2304/2385
f 1426/1685/1671 1968/2304/2385 1969/2306/2387
f 1426/1685/1671 1969/2306/2387 1970/2307/2388
f 1970/2307/2388 1971/2308/2389 1426/1685/1671
f 1426/1685/1671 1971/2308/2389 1972/2309/2390
f 1973/2310/2391 1972/2309/2390 1974/2311/2392
f 1426/1685/1671 1972/2309/2390 1973/2310/2391
f 1973/2310/2391 1974/2311/2392 1975/2312/2393
f 1975/2312/2393 1976/2313/2394 1973/2310/2391
f 1973/2310/2391 1976/2313/2394 1977/2314/2395
f 1973/2310/2391 1977/2314/2395 1978/2315/2396
f 1978/2315/2396 1980/2316/2397 1973/2310/2391
f 1978/2315/2396 1979/2317/2398 1980/2316/2397
f 1973/2310/2391 1980/2316/2397 1984/2318/2399
f 1979/2317/2398 1981/2319/2400 1980/2316/2397
f 1980/2316/2397 1981/2319/2400 1982/2320/2401
f 1980/2316/2397 1982/2320/2401 1983/2321/2402
f 1973/2310/2391 1984/2318/2399 1417/1676/1662
f 1984/2318/2399 1985/2322/2403 1417/1676/1662
f 1417/1676/1662 1985/2322/2403 1986/2323/2404
f 1417/1676/1662 1986/2323/2404 1414/1673/1659
f 1414/1673/1659 1986/2323/2404 1987/2324/2405
f 1414/1673/1659 1987/2324/2405 1415/1675/1661
f 1987/2324/2405 1988/2325/2406 1415/1675/1661
f 1415/1675/1661 1988/2325/2406 1989/2326/2407
f 1415/1675/1661 1989/2326/2407 1412/1671/1657
f 1989/2326/2407 1990/2327/2408 1412/1671/1657
f 1412/1671/1657 1990/2327/2408 1991/2328/2409
f 1412/1671/1657 1991/2328/2409 1411/1670/1656
f 1991/2328/2409 1992/2329/2410 1411/1670/1656
f 1411/1670/1656 1992/2329/2410 1993/2330/2411
f 1411/1670/1656 1993/2330/2411 1995/2331/2412
f 1995/2331/2412 1993/2330/2411 1994/2332/2413
f 1995/2331/2412 1994/2332/2413 1996/2333/2414
f 1996/2333/2414 1997/2334/2415 1995/2331/2412
f 1997/2334/2415 1998/2335/2416 1995/2331/2412
f 1408/1667/1653 1411/1670/1656 1995/2331/2412
f 1995/2331/2412 1998/2335/2416 1408/1667/1653
f 1999/2336/2417 1998/2335/2416 1997/2334/2415
f 1999/2336/2417 1409/1668/1654 1998/2335/2416
f 1408/1667/1653 1998/2335/2416 1409/1668/1654
f 1310/1570/1552 1409/1668/1654 1999/2336/2417
f 1306/1566/1548 1310/1570/1552 1999/2336/2417
f 2000/2337/2418 1999/2336/2417 2001/2338/2419
f 1306/1566/1548 1999/2336/2417 2000/2337/2418
f 1997/2334/2415 2001/2338/2419 1999/2336/2417
f 2000/2337/2418 2002/2339/2420 1306/1566/1548
f 2003/2340/2421 1306/1566/1548 2002/2339/2420
f 1302/1561/1543 1306/1566/1548 2003/2340/2421
f 1983/2321/2402 1982/2320/2401 2004/2341/2422
f 1983/2321/2402 2004/2341/2422 1965/2303/2384
f 2004/2341/2422 2005/2342/2423 1965/2303/2384
f 1965/2303/2384 2005/2342/2423 1964/2301/2382
f 1417/1676/1662 1418/1678/1664 1973/2310/2391
f 1973/2310/2391 1422/1682/1668 1426/1685/1671
f 1973/2310/2391 1418/1678/1664 1422/1682/1668
f 2006/2343/2424 1957/2294/2375 1959/2296/2377
f 1431/1690/1676 1959/2296/2377 1432/1691/1677
f 2006/2343/2424 1959/2296/2377 1431/1690/1676
f 1439/1697/1683 1507/1767/1767 2006/2343/2424
f 1507/1767/1767 2007/2344/2425 2006/2343/2424
f 2007/2344/2425 1957/2294/2375 2006/2343/2424
f 1439/1697/1683 2006/2343/2424 1431/1690/1676
f 1507/1767/1767 1511/1771/1771 2007/2344/2425
f 2007/2344/2425 1955/2292/2373 1957/2294/2375
f 1511/1771/1771 1955/2292/2373 2007/2344/2425
f 1511/1771/1771 1950/2288/2369 1955/2292/2373
f 1952/2291/2372 1850/2166/2245 2008/2345/2426
f 1845/2346/2427 2010/2347/2428 2009/2348/2429
f 2009/2348/2429 2010/2347/2428 2011/2349/2430
f 2012/2350/2431 2011/2349/2430 2010/2347/2428
f 2013/2351/2432 2011/2349/2430 2012/2350/2431
f 2014/2352/2433 2015/2353/2434 2013/2351/2432
f 2013/2351/2432 2015/2353/2434 2011/2349/2430
f 2016/2354/2435 2015/2353/2434 2018/2355/2436
f 2016/2354/2435 2011/2349/2430 2015/2353/2434
f 2018/2355/2436 2015/2353/2434 2017/2356/2437
f 2014/2352/2433 2017/2356/2437 2015/2353/2434
f 2019/2357/2438 2018/2355/2436 2017/2356/2437
f 2020/2358/2439 2018/2355/2436 2019/2357/2438
f 2020/2358/2439 2016/2354/2435 2018/2355/2436
f 2021/2359/2440 2020/2358/2439 2022/2360/2441
f 2021/2359/2440 2023/2361/2442 2020/2358/2439
f 2022/2360/2441 2020/2358/2439 2019/2357/2438
f 2023/2361/2442 2016/2354/2435 2020/2358/2439
f 2024/2362/2443 2023/2361/2442 2027/2363/2444
f 2024/2362/2443 2025/2364/2445 2023/2361/2442
f 2025/2364/2445 2026/2365/2446 2023/2361/2442
f 2023/2361/2442 2026/2365/2446 2016/2354/2435
f 2027/2363/2444 2023/2361/2442 2028/2366/2447
f 2029/2367/2448 2028/2366/2447 2023/2361/2442
f 2029/2367/2448 2023/2361/2442 2021/2359/2440
f 2031/2368/2449 2028/2366/2447 2029/2367/2448
f 2030/2369/2450 2029/2367/2448 2021/2359/2440
f 2032/2370/2451 2029/2367/2448 2030/2369/2450
f 2032/2370/2451 2031/2368/2449 2029/2367/2448
f 2035/2371/2452 2033/2372/2453 2032/2370/2451
f 2033/2372/2453 2031/2368/2449 2032/2370/2451
f 2034/2373/2454 2032/2370/2451 2030/2369/2450
f 2035/2371/2452 2032/2370/2451 2034/2373/2454
f 2036/2374/2455 2035/2371/2452 2034/2373/2454
f 2038/2375/2456 2035/2371/2452 2036/2374/2455
f 2037/2376/2457 2033/2372/2453 2035/2371/2452
f 2038/2375/2456 2037/2376/2457 2035/2371/2452
f 2039/2377/2458 2038/2375/2456 2036/2374/2455
f 2040/2378/2459 2038/2375/2456 2039/2377/2458
f 2040/2378/2459 2041/2379/2460 2038/2375/2456
f 2041/2379/2460 2037/2376/2457 2038/2375/2456
f 1830/2143/2222 2041/2379/2460 2040/2378/2459
f 2040/2378/2459 2042/2380/2461 2043/2381/2462
f 2039/2377/2458 2042/2380/2461 2040/2378/2459
f 2040/2378/2459 2043/2381/2462 1830/2143/2222
f 2044/2382/2463 2043/2381/2462 2046/2383/2464
f 2044/2382/2463 2045/2384/2465 2043/2381/2462
f 2043/2381/2462 2045/2384/2465 1829/2144/2223
f 1830/2143/2222 2043/2381/2462 1829/2144/2223
f 2046/2383/2464 2043/2381/2462 2042/2380/2461
f 2046/2383/2464 2042/2380/2461 2047/2385/2466
f 2047/2385/2466 2042/2380/2461 2048/2386/2467
f 2047/2385/2466 2048/2386/2467 2049/2387/2468
f 2048/2386/2467 2050/2388/2469 2049/2387/2468
f 2048/2386/2467 2051/2389/2470 2050/2388/2469
f 2051/2389/2470 2053/2390/2471 2052/2391/2472
f 2054/2392/2473 2051/2389/2470 2048/2386/2467
f 2054/2392/2473 2053/2390/2471 2051/2389/2470
f 2057/2393/2474 2054/2392/2473 2048/2386/2467
f 2054/2392/2473 2055/2394/2475 2053/2390/2471
f 2056/2395/2476 2055/2394/2475 2054/2392/2473
f 2056/2395/2476 2054/2392/2473 2057/2393/2474
f 2057/2393/2474 2058/2396/2477 2056/2395/2476
f 2039/2377/2458 2036/2374/2455 2057/2393/2474
f 2057/2393/2474 2048/2386/2467 2039/2377/2458
f 2057/2393/2474 2036/2374/2455 2058/2396/2477
f 2036/2374/2455 2034/2373/2454 2058/2396/2477
f 2056/2395/2476 2058/2396/2477 1838/2155/2234
f 2058/2396/2477 1840/2156/2235 1838/2155/2234
f 2058/2396/2477 2034/2373/2454 1840/2156/2235
f 2056/2395/2476 2059/2397/2478 2055/2394/2475
f 1838/2155/2234 2059/2397/2478 2056/2395/2476
f 1838/2155/2234 1839/2154/2233 2059/2397/2478
f 1839/2154/2233 2060/2398/2479 2059/2397/2478
f 2059/2397/2478 2060/2398/2479 2061/2399/2480
f 2059/2397/2478 2061/2399/2480 2055/2394/2475
f 2061/2399/2480 2062/2400/2481 2063/2401/2482
f 2061/2399/2480 2064/2402/2483 2062/2400/2481
f 2055/2394/2475 2061/2399/2480 2063/2401/2482
f 2060/2398/2479 2064/2402/2483 2061/2399/2480
f 2064/2402/2483 2065/2403/2484 2062/2400/2481
f 2060/2398/2479 2019/2357/2438 2064/2402/2483
f 2019/2357/2438 2017/2356/2437 2064/2402/2483
f 2064/2402/2483 2017/2356/2437 2065/2403/2484
f 2065/2403/2484 2017/2356/2437 2014/2352/2433
f 2062/2400/2481 2065/2403/2484 2066/2404/2485
f 2062/2400/2481 2066/2404/2485 2067/2405/2486
f 2068/2406/2487 2069/2407/2488 2067/2405/2486
f 2067/2405/2486 2069/2407/2488 2062/2400/2481
f 2070/2408/2489 2069/2407/2488 2071/2409/2490
f 2063/2401/2482 2069/2407/2488 2070/2408/2489
f 2068/2406/2487 2071/2409/2490 2069/2407/2488
f 2063/2401/2482 2062/2400/2481 2069/2407/2488
f 2075/2410/2491 2072/2411/2492 2071/2409/2490
f 2072/2411/2492 2073/2412/2493 2071/2409/2490
f 2074/2413/2494 2071/2409/2490 2073/2412/2493
f 2070/2408/2489 2071/2409/2490 2074/2413/2494
f 2075/2410/2491 2071/2409/2490 2068/2406/2487
f 1513/2414/2495 2072/2411/2492 2075/2410/2491
f 2074/2413/2494 2076/2415/2496 2070/2408/2489
f 2077/2416/2497 2070/2408/2489 2076/2415/2496
f 2053/2390/2471 2070/2408/2489 2077/2416/2497
f 2077/2416/2497 2052/2391/2472 2053/2390/2471
f 2053/2390/2471 2063/2401/2482 2070/2408/2489
f 2055/2394/2475 2063/2401/2482 2053/2390/2471
f 2022/2360/2441 2019/2357/2438 2060/2398/2479
f 1839/2154/2233 2022/2360/2441 2060/2398/2479
f 2039/2377/2458 2048/2386/2467 2042/2380/2461
f 2078/2417/2498 2079/2418/2499 2037/2376/2457
f 2037/2376/2457 2079/2418/2499 2033/2372/2453
f 2033/2372/2453 2079/2418/2499 2031/2368/2449
f 2031/2368/2449 2079/2418/2499 2028/2366/2447
f 2078/2417/2498 2080/2419/2500 2079/2418/2499
f 2079/2418/2499 2080/2419/2500 2027/2363/2444
f 2027/2363/2444 2028/2366/2447 2079/2418/2499
f 2081/2420/2501 2027/2363/2444 2080/2419/2500
f 2081/2420/2501 2080/2419/2500 2078/2417/2498
f 2082/2421/2502 2027/2363/2444 2081/2420/2501
f 2034/2373/2454 2030/2369/2450 1840/2156/2235
f 2030/2369/2450 2021/2359/2440 1841/2157/2236
f 1840/2156/2235 2030/2369/2450 1841/2157/2236
f 2026/2365/2446 2083/2422/2503 2016/2354/2435
f 2016/2354/2435 2083/2422/2503 2009/2348/2429
f 1841/2157/2236 2021/2359/2440 2022/2360/2441
f 1841/2157/2236 2022/2360/2441 1839/2154/2233
f 2009/2348/2429 2011/2349/2430 2016/2354/2435
f 1842/2152/2231 1843/2159/2238 1510/1770/1770
f 1513/1773/1774 1515/1774/1777 1842/2152/2231
f 1510/1770/1770 1513/1773/1774 1842/2152/2231
f 1525/1784/1787 1526/1786/1789 1836/2151/2230
f 1517/1776/1779 1518/1777/1780 1835/2149/2228
f 1529/2114/2215 1809/2112/2186 1815/2136/2214
f 1799/2100/2173 1806/2119/2197 1800/2102/2175
f 1533/1792/1795 1537/1797/1800 1805/2107/2180
f 1792/2089/2163 1793/2093/2164 1802/2105/2178
f 1794/2094/2167 2084/2423/2504 1796/2095/2168
f 1785/2424/2505 2084/2423/2506 1790/2425/2507
f 1785/2424/2505 2085/2426/2508 2084/2423/2506
s 0
f 1790/2425/2509 2084/2423/2504 1794/2094/2510
s 1
f 1779/2072/2149 1778/2071/2148 2085/2426/2508
f 1779/2072/2149 2085/2426/2508 1785/2424/2505
f 2086/2427/2511 1780/2069/2146 1782/2077/2152
f 1782/2077/2152 2087/2428/2512 2086/2427/2511
f 2089/2429/2513 2088/2430/2514 2087/2431/2515
f 2091/2432/2516 2089/2429/2513 2087/2431/2515
f 2090/2433/2517 2086/2427/2511 2087/2428/2512
f 1556/1816/1819 1555/1815/1818 2091/2432/2516
f 2091/2432/2516 1555/1815/1818 2089/2429/2513
f 2092/2434/2518 1772/2435/2519 2090/2433/2517
f 2090/2433/2517 1772/2435/2519 2086/2427/2511
f 2093/2436/2520 1770/2437/2521 2092/2434/2518
f 2092/2434/2518 1770/2437/2521 1772/2435/2519
f 2093/2436/2520 1768/2438/2522 1770/2437/2521
f 2094/2439/2523 1768/2438/2522 2093/2436/2520
f 2094/2439/2523 1766/2440/2524 1768/2438/2522
f 2095/2441/2525 1766/2440/2524 2094/2439/2523
f 2095/2441/2525 1763/2054/2116 1766/2440/2524
f 1764/2053/2115 1763/2054/2116 2095/2441/2525
f 1555/1815/1818 2096/2442/2526 2089/2429/2513
f 2096/2442/2526 2097/2443/2527 2089/2429/2513
f 2089/2444/2513 2097/2445/2527 2088/2446/2514
f 2096/2442/2526 2098/2447/2528 2097/2443/2527
f 2102/2448/2529 2097/2443/2527 2098/2447/2528
f 2099/2449/2530 2097/2445/2527 2100/2450/2531
f 2097/2445/2527 2099/2449/2530 2088/2446/2514
f 2100/2450/2531 2097/2445/2527 1653/1915/1933
f 2101/2451/2532 1653/2452/1933 2097/2443/2527
f 2101/2451/2532 2097/2443/2527 2102/2448/2529
f 2098/2447/2528 1558/1818/1821 2102/2448/2529
f 1558/1818/1821 1561/1821/1824 2102/2448/2529
f 1561/1821/1824 2101/2451/2532 2102/2448/2529
f 1567/1826/1829 2101/2451/2532 1561/1821/1824
f 1567/1826/1829 1648/1908/1929 2101/2451/2532
f 1648/1908/1929 1653/2452/1933 2101/2451/2532
f 2100/2450/2531 1653/1915/1933 2103/2453/2533
f 2103/2453/2533 1653/1915/1933 1654/1916/1934
f 2098/2447/2528 2096/2442/2526 1555/1815/1818
f 1555/1815/1818 1558/1818/1821 2098/2447/2528
f 1780/2069/2146 2086/2427/2511 1774/2454/2534
f 1772/2435/2519 1774/2454/2534 2086/2427/2511
f 1776/2070/2147 1780/2069/2146 1774/2454/2534
s 0
f 1754/2046/2535 1750/2035/2536 1760/2047/2535
f 1751/2036/2091 1750/2035/2537 1754/2046/2538
f 1741/2023/2539 1740/2022/2540 1747/2030/2541
f 1727/2002/2038 1722/2004/2542 1697/1963/2543
f 1727/2002/2038 1697/1963/2544 1698/1962/1982
s 1
f 1692/1953/1971 1693/1957/1975 2104/2455/2545
f 1692/1953/1971 2104/2455/2545 2105/2456/2546
f 2105/2456/2546 2104/2455/2545 2106/2457/2547
f 2105/2456/2546 2106/2457/2547 2107/2458/2548
f 2107/2458/2548 2106/2457/2547 2108/2459/2549
f 2107/2458/2548 2108/2459/2549 2109/2460/2550
f 2109/2460/2550 2108/2459/2549 2110/2461/2551
f 2109/2460/2550 2110/2461/2551 2111/2462/2552
f 2111/2462/2552 2110/2461/2551 2112/2463/2553
f 2111/2462/2552 2112/2463/2553 2113/2464/2554
f 2113/2464/2554 2112/2463/2553 2114/2465/2555
f 2113/2464/2554 2114/2465/2555 2115/2466/2556
f 2115/2466/2556 2114/2465/2555 2116/2467/2557
f 2115/2466/2556 2116/2467/2557 2117/2468/2558
f 2117/2468/2558 2116/2467/2557 2118/2469/2559
f 2117/2468/2558 2118/2469/2559 2120/2470/2560
f 2120/2470/2560 2118/2469/2559 2119/2471/2561
f 2120/2470/2560 2119/2471/2561 2121/2472/2562
f 2121/2472/2562 2122/2473/2563 2123/2474/2564
f 2121/2472/2562 2119/2471/2561 2122/2473/2563
f 2123/2474/2564 2122/2473/2563 2124/2475/2565
f 2123/2474/2564 2124/2475/2565 2125/2476/2566
f 2125/2476/2566 2124/2475/2565 2127/2477/2567
f 2125/2476/2566 2127/2477/2567 2126/2478/2568
f 2126/2478/2568 2127/2477/2567 1151/1351/1378
f 2126/2478/2568 1151/1351/1378 1150/1348/1376
f 1691/1952/1970 1686/1948/1966 2128/2479/2569
f 1691/1952/1970 2128/2479/2569 2129/2480/2570
f 2129/2480/2570 2131/2481/2571 2130/2482/2572
f 2129/2480/2570 2128/2479/2569 2131/2481/2571
f 2132/2483/2573 2131/2481/2571 2128/2479/2569
f 2133/2484/2574 2131/2481/2571 2132/2483/2573
f 2133/2484/2574 1142/1341/1369 2131/2481/2571
f 2130/2482/2572 2131/2481/2571 1142/1341/1369
f 2132/2483/2573 2134/2485/2575 2133/2484/2574
f 2133/2484/2574 2134/2485/2575 1134/1330/1359
f 1137/1333/1361 1142/1341/1369 2133/2484/2574
f 2133/2484/2574 1134/1330/1359 1137/1333/1361
f 2132/2483/2573 2135/2486/2576 2134/2485/2575
f 2135/2486/2576 2136/2487/2577 2134/2485/2575
f 2134/2485/2575 1131/1324/1355 1134/1330/1359
f 2134/2485/2575 2136/2487/2577 1131/1324/1355
f 2136/2487/2577 1113/1302/1339 1128/1319/1352
f 1114/1301/1338 1113/1302/1339 2136/2487/2577
f 2136/2487/2577 1128/1319/1352 1131/1324/1355
f 2135/2486/2576 1114/1301/1338 2136/2487/2577
f 2138/2488/2578 2137/2489/2579 2135/2486/2576
f 2137/2489/2579 1114/1301/1338 2135/2486/2576
f 2138/2488/2578 2135/2486/2576 2132/2483/2573
f 2139/2490/2580 2137/2489/2579 2138/2488/2578
f 2132/2483/2573 2128/2479/2569 2138/2488/2578
f 2138/2488/2578 2128/2479/2569 1688/1951/1969
f 2138/2488/2578 1688/1951/1969 2139/2490/2580
f 1684/1946/1964 2140/2491/2581 2139/2490/2580
f 2139/2490/2580 2140/2491/2581 2137/2489/2579
f 1684/1946/1964 2139/2490/2580 1688/1951/1969
f 2141/2492/2582 2140/2491/2581 1684/1946/1964
f 2137/2489/2579 2140/2491/2581 2141/2492/2582
f 2141/2492/2582 1110/1300/1337 2137/2489/2579
f 1110/1300/1337 2141/2492/2582 1111/1295/1332
f 1111/1295/1332 2141/2492/2582 2142/2493/2583
f 2142/2493/2583 2141/2492/2582 1684/1946/1964
f 2143/2494/2584 2142/2493/2583 2144/2495/2585
f 2143/2494/2584 1111/1295/1332 2142/2493/2583
f 2144/2495/2585 2142/2493/2583 2145/2496/2586
f 2142/2493/2583 1684/1946/1964 2145/2496/2586
f 2144/2495/2585 2145/2496/2586 2146/2497/2587
f 2145/2496/2586 1681/1943/1961 2147/2498/2588
f 2145/2496/2586 1684/1946/1964 1681/1943/1961
f 2146/2497/2587 2145/2496/2586 2147/2498/2588
f 2149/2499/2589 2147/2498/2588 2148/2500/2590
f 2147/2498/2588 1678/1940/1958 2148/2500/2590
f 2147/2498/2588 1681/1943/1961 1678/1940/1958
f 2146/2497/2587 2147/2498/2588 2149/2499/2589
f 2150/2501/2591 2146/2497/2587 2149/2499/2589
f 2150/2501/2591 2149/2499/2589 2151/2502/2592
f 2151/2502/2592 2149/2499/2589 2152/2503/2593
f 2149/2499/2589 2148/2500/2590 2152/2503/2593
f 2152/2503/2593 2148/2500/2590 2155/2504/2594
f 2153/2505/2595 2152/2503/2593 2154/2506/2596
f 2151/2502/2592 2152/2503/2593 2153/2505/2595
f 2152/2503/2593 2155/2504/2594 2154/2506/2596
f 2148/2500/2590 1675/1937/1955 2155/2504/2594
f 2155/2504/2594 1672/1934/1952 2156/2507/2597
f 2155/2504/2594 1675/1937/1955 1672/1934/1952
f 2154/2506/2596 2155/2504/2594 2156/2507/2597
f 2156/2507/2597 1672/1934/1952 1669/1931/1949
f 2154/2506/2596 2156/2507/2597 2158/2508/2598
f 2158/2508/2598 2156/2507/2597 2157/2509/2599
f 2156/2507/2597 1669/1931/1949 2157/2509/2599
f 2159/2510/2600 2154/2506/2596 2158/2508/2598
f 2159/2510/2600 2158/2508/2598 2160/2511/2601
f 2160/2511/2601 2158/2508/2598 2161/2512/2602
f 2158/2508/2598 2157/2509/2599 2161/2512/2602
f 2160/2511/2601 2161/2512/2602 2162/2513/2603
f 2162/2513/2603 2161/2512/2602 2163/2514/2604
f 2161/2512/2602 2164/2515/2605 2163/2514/2604
f 2161/2512/2602 2157/2509/2599 2164/2515/2605
f 2163/2514/2604 2164/2515/2605 2165/2516/2606
f 2164/2515/2605 1665/1927/1945 2165/2516/2606
f 2164/2515/2605 1667/1929/1947 1665/1927/1945
f 2157/2509/2599 1667/1929/1947 2164/2515/2605
f 2163/2514/2604 2165/2516/2606 2166/2517/2607
f 2165/2516/2606 1663/1925/1943 2167/2518/2608
f 2165/2516/2606 1665/1927/1945 1663/1925/1943
f 2166/2517/2607 2165/2516/2606 2167/2518/2608
f 2167/2518/2608 1663/1925/1943 1661/1923/1941
f 2166/2517/2607 2167/2518/2608 2168/2519/2609
f 2168/2519/2609 2167/2518/2608 2169/2520/2610
f 2167/2518/2608 1661/1923/1941 2169/2520/2610
f 2170/2521/2611 2169/2520/2610 1650/1910/1930
f 2169/2520/2610 1659/1921/1939 1650/1910/1930
f 2168/2519/2609 2169/2520/2610 2170/2521/2611
f 2169/2520/2610 1661/1923/1941 1659/1921/1939
f 2171/2522/2612 2168/2523/2609 2170/2524/2611
f 2171/2522/2612 2170/2524/2611 2172/2525/2613
f 2172/2525/2613 2170/2524/2611 1647/1906/1927
f 2170/2524/2611 1650/1909/1930 1647/1906/1927
f 2173/2526/2614 2171/2522/2615 2172/2525/2616
f 2173/2526/2614 2172/2525/2616 2174/2527/2617
f 2172/2525/2613 1647/1906/1927 1645/1904/1924
f 2174/2527/2617 2172/2525/2616 1645/1904/1923
f 2174/2527/2617 1645/1904/1923 1643/1902/1921
f 2175/2528/2618 2171/2522/2615 2173/2526/2614
f 2175/2528/2618 2176/2529/2619 2171/2522/2615
f 2177/2530/2620 2176/2529/2619 2175/2528/2618
f 2177/2530/2620 2178/2531/2621 2176/2529/2619
f 2179/2532/2622 2178/2531/2621 2177/2530/2620
f 2179/2532/2622 2162/2533/2623 2178/2531/2621
f 2160/2534/2624 2162/2533/2623 2179/2532/2622
f 2179/2532/2622 2180/2535/2625 2160/2534/2624
f 2180/2535/2625 2181/2536/2626 2159/2537/2627
f 2159/2537/2627 2160/2534/2624 2180/2535/2625
f 2159/2537/2627 2181/2536/2626 2182/2538/2628
f 2153/2539/2628 2182/2538/2628 2183/2540/2629
f 2159/2537/2627 2182/2538/2628 2153/2539/2628
f 2151/2541/2629 2183/2540/2629 2184/2542/2630
f 2153/2539/2628 2183/2540/2629 2151/2541/2629
f 2150/2543/2630 2184/2542/2630 2185/2544/2631
f 2151/2541/2629 2184/2542/2630 2150/2543/2630
f 2187/2545/2632 2185/2544/2631 2186/2546/2633
f 2150/2543/2630 2185/2544/2631 2187/2545/2632
f 2187/2545/2632 2186/2546/2633 2188/2547/2633
f 2188/2548/2634 2144/2495/2585 2187/2549/2635
f 2187/2549/2635 2144/2495/2585 2146/2497/2587
f 2187/2549/2635 2146/2497/2587 2150/2501/2591
f 2188/2548/2634 2143/2494/2584 2144/2495/2585
f 2190/2550/2636 2143/2494/2584 2188/2548/2634
f 2188/2547/2633 2186/2546/2633 2189/2551/2637
f 2188/2547/2633 2189/2551/2637 2191/2552/2638
f 2191/2553/2639 2190/2550/2636 2188/2548/2634
f 2191/2553/2639 2192/2554/2640 2190/2550/2636
f 2193/2555/2641 2192/2554/2640 2191/2553/2639
f 2191/2552/2638 2189/2551/2637 2193/2556/2642
f 2193/2556/2642 2195/2557/2643 2194/2558/2644
f 2193/2555/2641 2194/2559/2645 2192/2554/2640
f 2193/2556/2642 2189/2551/2637 2195/2557/2643
f 2194/2558/2644 2195/2557/2643 2196/2560/2646
f 2194/2558/2644 2196/2560/2646 2197/2561/2647
f 2197/2561/2647 2196/2560/2646 2198/2562/2648
f 2199/2563/2649 2198/2562/2648 2201/2564/2650
f 2200/2565/2651 2198/2562/2648 2199/2563/2649
f 2197/2561/2647 2198/2562/2648 2200/2565/2651
f 2203/2566/2652 2201/2564/2650 2202/2567/2653
f 2199/2563/2649 2201/2564/2650 2203/2566/2652
f 2203/2568/2654 2205/2569/2655 2199/2570/2656
f 2203/2566/2652 2202/2567/2653 2204/2571/2657
f 2204/2572/2658 1117/1308/1343 2203/2568/2654
f 2203/2568/2654 1117/1308/1343 2205/2569/2655
f 1108/1296/1333 2205/2569/2655 1109/1298/1335
f 1108/1296/1333 2206/2573/2659 2205/2569/2655
f 1109/1298/1335 2205/2569/2655 1117/1308/1343
f 2206/2573/2659 2197/2574/2660 2205/2569/2655
f 2205/2569/2655 2200/2575/2661 2199/2570/2656
f 2205/2569/2655 2197/2574/2660 2200/2575/2661
f 2190/2550/2636 2206/2573/2659 1108/1296/1333
f 2192/2554/2640 2206/2573/2659 2190/2550/2636
f 2192/2554/2640 2194/2559/2645 2206/2573/2659
f 2194/2559/2645 2197/2574/2660 2206/2573/2659
f 2204/2571/2657 2202/2567/2653 2207/2576/2662
f 2204/2571/2658 2207/2576/2663 1117/1310/1343
f 2207/2576/2662 2202/2567/2653 2208/2577/2664
f 2207/2576/2662 2208/2577/2664 1119/1311/2665
f 1117/1310/1343 2207/2576/2663 1119/1311/1344
f 1119/1311/2665 2208/2577/2664 2209/2578/2666
f 1120/1312/2667 2209/2578/2666 2210/2579/2668
f 1119/1311/2665 2209/2578/2666 1120/1312/2667
f 1124/1317/2669 2210/2579/2668 2211/2580/2670
f 1125/1318/2671 2210/2579/2668 1124/1317/2669
f 1120/1312/2667 2210/2579/2668 1125/1318/2671
f 1124/1317/2669 2211/2580/2670 1123/1316/2672
f 2213/2581/2673 2211/2580/2670 2212/2582/2674
f 1123/1316/2672 2211/2580/2670 2213/2581/2673
f 2213/2581/2673 2212/2582/2674 2214/2583/2675
f 2214/2583/2676 1122/1315/1348 2213/2581/2677
f 2213/2581/2677 1122/1315/1348 1123/1316/1349
f 2214/2583/2675 2212/2582/2674 2215/2584/2678
f 2215/2584/2679 1122/1315/1348 2214/2583/2676
f 2218/2585/2680 2216/2586/2681 2215/2584/2678
f 2216/2586/2682 2217/2587/2683 2215/2584/2679
f 2215/2584/2679 2217/2587/2683 1122/1315/1348
f 2219/2588/2684 2215/2584/2678 2212/2582/2674
f 2218/2585/2680 2215/2584/2678 2219/2588/2684
f 2220/2589/2685 2216/2586/2681 2218/2585/2680
f 2220/2589/2685 2221/2590/2686 2223/2591/2687
f 2222/2592/2688 2221/2590/2686 2220/2589/2685
f 2220/2589/2685 2223/2591/2687 2216/2586/2681
f 2224/2593/2689 2216/2586/2682 2223/2591/2690
f 2223/2591/2690 2221/2590/2691 2224/2593/2689
f 2227/2594/2692 2224/2593/2689 2221/2590/2691
f 2224/2593/2689 2217/2587/2683 2216/2586/2682
f 2225/2595/2693 2217/2587/2683 2224/2593/2689
f 2226/2596/2694 2225/2595/2693 2224/2593/2689
f 2227/2594/2692 2226/2596/2694 2224/2593/2689
f 2222/2592/2688 2227/2594/2695 2221/2590/2686
f 2222/2592/2688 2228/2597/2696 2227/2594/2695
f 2228/2597/2697 2226/2596/2694 2227/2594/2692
f 2230/2598/2698 2229/2599/2699 2228/2597/2696
f 2229/2599/2700 2231/2600/2701 2228/2597/2697
f 2230/2598/2698 2228/2597/2696 2222/2592/2688
f 2228/2597/2697 2231/2600/2701 2226/2596/2694
f 2226/2596/2694 2231/2600/2701 2232/2601/2702
f 2232/2601/2702 2231/2600/2701 2233/2602/2703
f 2231/2600/2701 2236/2603/2704 2233/2602/2703
f 2231/2600/2701 2234/2604/2705 2236/2603/2704
f 2235/2605/2706 2234/2604/2705 2231/2600/2701
f 2229/2599/2700 2235/2605/2706 2231/2600/2701
f 2234/2604/2705 2238/2606/2707 2236/2603/2704
f 2236/2603/2704 2237/2607/2708 2233/2602/2703
f 2236/2603/2704 2238/2606/2707 2237/2607/2708
f 2234/2604/2705 2241/2608/2709 2238/2606/2707
f 2237/2607/2708 2238/2606/2707 2239/2609/2710
f 2239/2609/2710 2238/2606/2707 2240/2610/2711
f 2240/2610/2711 2238/2606/2707 2241/2608/2709
f 2244/2611/2712 2241/2608/2713 2242/2612/2714
f 2242/2612/2715 2241/2608/2709 2234/2604/2705
f 2244/2611/2712 2243/2613/2716 2241/2608/2713
f 2241/2608/2709 2243/2613/2717 2240/2610/2711
f 2244/2611/2712 2242/2612/2714 2245/2614/2718
f 2246/2615/2719 2243/2613/2716 2244/2611/2712
f 2246/2615/2719 2247/2616/2720 2243/2613/2716
f 2243/2613/2716 2247/2616/2720 2248/2617/2721
f 2248/2617/2721 2250/2618/2722 2249/2619/2723
f 2243/2613/2716 2248/2617/2721 2249/2619/2723
f 2249/2619/2723 2250/2618/2722 2251/2620/2724
f 2252/2621/2725 2251/2620/2724 2253/2622/2726
f 2254/2623/2727 2251/2620/2724 2252/2621/2725
f 2249/2619/2723 2251/2620/2724 2254/2623/2727
f 2256/2624/2728 2255/2625/2729 2254/2623/2730
f 2249/2619/2731 2254/2623/2730 2255/2625/2729
f 2256/2624/2728 2254/2623/2730 2252/2621/2732
f 2252/2621/2732 1371/1630/1612 2256/2624/2728
f 2256/2624/2728 1371/1630/1612 1370/1629/1611
f 1370/1629/1611 2255/2625/2729 2256/2624/2728
f 2255/2625/2729 1370/1629/1611 1367/1626/1608
f 2258/2626/2733 2255/2625/2729 1367/1626/1608
f 2257/2627/2734 2249/2619/2731 2255/2625/2729
f 2257/2627/2734 2255/2625/2729 2258/2626/2733
f 2259/2628/2735 2257/2627/2734 2258/2626/2733
f 1357/1617/1599 2258/2626/2733 1358/1618/1600
f 2258/2626/2733 1367/1626/1608 1358/1618/1600
f 2259/2628/2735 2258/2626/2733 1357/1617/1599
f 2260/2629/2736 2259/2628/2735 1356/1616/1598
f 2260/2629/2736 2239/2609/2710 2259/2628/2735
f 1356/1616/1598 2259/2628/2735 1357/1617/1599
f 2240/2610/2711 2257/2627/2734 2259/2628/2735
f 2239/2609/2710 2240/2610/2711 2259/2628/2735
f 2261/2630/2737 2260/2629/2736 1356/1616/1598
f 2262/2631/2738 2260/2629/2736 2261/2630/2737
f 2262/2631/2738 2263/2632/2739 2260/2629/2736
f 2263/2632/2739 2239/2609/2710 2260/2629/2736
f 2233/2602/2703 2237/2607/2708 2263/2632/2739
f 2263/2632/2739 2237/2607/2708 2239/2609/2710
f 2233/2602/2703 2263/2632/2739 2262/2631/2738
f 2262/2631/2738 2264/2633/2740 2265/2634/2741
f 2261/2630/2737 2264/2633/2740 2262/2631/2738
f 2262/2631/2738 2265/2634/2741 2233/2602/2703
f 2233/2602/2703 2265/2634/2741 2266/2635/2742
f 2266/2635/2742 2265/2634/2741 2267/2636/2743
f 2267/2636/2743 2265/2634/2741 2268/2637/2744
f 2268/2637/2744 2265/2634/2741 2264/2633/2740
f 2268/2637/2744 1174/1392/1400 2267/2636/2743
f 2268/2637/2744 2269/2638/2745 1174/1392/1400
f 2268/2637/2744 2264/2633/2740 2270/2639/2746
f 2270/2639/2746 2269/2638/2745 2268/2637/2744
f 1186/1422/1419 1187/1421/1420 2270/2639/2746
f 2270/2639/2746 2272/2640/2747 1186/1422/1419
f 2270/2639/2746 2271/2641/2748 2272/2640/2747
f 2270/2639/2746 2264/2633/2740 2271/2641/2748
f 2270/2639/2746 1187/1421/1420 2269/2638/2745
f 2272/2640/2747 1354/1614/1596 1353/1613/1595
f 1353/1613/1595 2273/2642/2749 2272/2640/2747
f 2272/2640/2747 2273/2642/2749 1186/1422/1419
f 2272/2640/2747 2271/2641/2748 1354/1614/1596
f 1349/1609/1591 2273/2642/2749 1353/1613/1595
f 1186/1422/1419 2273/2642/2749 2274/2643/2750
f 1345/1606/1588 2274/2643/2750 2273/2642/2749
f 1349/1609/1591 1345/1606/1588 2273/2642/2749
f 1345/1606/1588 1195/1436/1432 2274/2643/2750
f 1186/1422/1419 2274/2643/2750 1195/1436/1432
f 1354/1614/1596 2271/2641/2748 1360/1615/1597
f 2261/2630/2737 2271/2641/2748 2264/2633/2740
f 1360/1615/1597 2271/2641/2748 2261/2630/2737
f 1176/2644/1401 1174/1392/1400 2269/2638/2745
f 1176/1425/1401 2269/2645/2745 1187/1423/1420
f 2267/2636/2743 1166/1372/1392 2266/2635/2742
f 2267/2636/2743 1174/1392/1400 1166/1372/1392
f 2266/2635/2742 1163/1370/1390 2232/2601/2702
f 2266/2635/2742 1166/1372/1392 1163/1370/1390
f 2233/2602/2703 2266/2635/2742 2232/2601/2702
f 2261/2630/2737 1356/1616/1598 1360/1615/1597
f 2240/2610/2711 2243/2613/2717 2257/2627/2734
f 2243/2613/2717 2249/2619/2731 2257/2627/2734
f 2252/2621/2725 2253/2622/2726 1371/1630/1617
f 1371/1630/1617 2253/2622/2726 1373/1632/1615
f 2245/2614/2718 2242/2612/2714 2276/2646/2751
f 2245/2614/2718 2276/2646/2751 2275/2647/2752
f 2275/2647/2752 2276/2646/2751 2277/2648/2753
f 2276/2646/2754 2242/2612/2715 2234/2604/2705
f 2235/2605/2706 2276/2646/2754 2234/2604/2705
f 2277/2648/2755 2276/2646/2754 2235/2605/2706
f 2275/2647/2752 2277/2648/2753 2278/2649/2756
f 2278/2649/2756 2277/2648/2753 2229/2599/2699
f 2277/2648/2755 2235/2605/2706 2229/2599/2700
f 2278/2649/2756 2229/2599/2699 2230/2598/2698
f 2232/2601/2702 1164/1368/1388 2226/2596/2694
f 2232/2601/2702 1163/1370/1390 1164/1368/1388
f 2226/2596/2694 2279/2650/2757 2225/2595/2693
f 2226/2596/2694 1164/1368/1388 2279/2650/2757
f 2280/2651/2758 2225/2595/2693 2279/2650/2757
f 2281/2652/2759 2280/2651/2758 2279/2650/2757
f 1164/1368/1388 2282/2653/2760 2279/2650/2757
f 2281/2652/2759 2279/2650/2757 2282/2653/2760
f 2283/2654/2761 2281/2652/2759 2282/2653/2760
f 1164/1368/1388 1160/1366/1386 2282/2653/2760
f 2283/2654/2761 2282/2653/2760 1160/1366/1386
f 1133/1329/1358 2281/2652/2759 2283/2654/2761
f 1136/2655/1363 1133/1329/1358 2283/2654/2761
f 1161/1367/1387 2283/2654/2761 1160/1366/1386
f 1136/2655/1363 2283/2654/2761 1161/1367/1387
f 1133/1329/1358 1130/1327/1357 2281/2652/2759
f 1130/1327/1357 2280/2651/2758 2281/2652/2759
f 2280/2651/2758 2217/2587/2683 2225/2595/2693
f 1130/1327/1357 1127/1322/1354 2280/2651/2758
f 1127/1322/1354 2217/2587/2683 2280/2651/2758
f 1127/1322/1354 1122/1315/1348 2217/2587/2683
f 2190/2550/2636 1111/1295/1332 2143/2494/2584
f 2190/2550/2636 1108/1296/1333 1111/1295/1332
f 2178/2531/2762 2163/2656/2604 2166/2657/2607
f 2162/2513/2603 2163/2514/2604 2178/2658/2762
f 2178/2531/2762 2166/2657/2607 2176/2529/2763
f 2176/2529/2763 2166/2657/2607 2168/2523/2609
f 2176/2529/2763 2168/2523/2609 2171/2522/2612
f 2153/2505/2595 2154/2506/2596 2159/2510/2600
f 2157/2509/2599 1669/1931/1949 1667/1929/1947
f 2148/2500/2590 1678/1940/1958 1675/1937/1955
f 2137/2489/2579 1110/1300/1337 1114/1301/1338
f 2130/2482/2572 1142/1341/1369 1143/1340/1368
f 1686/1948/1966 1687/1949/1967 2128/2479/2569
f 2128/2479/2569 1687/1949/1967 1688/1951/1969
f 1650/1910/1930 1659/1921/1939 1651/1911/1931
f 1561/1821/1824 1562/1822/1825 1567/1826/1829
f 1552/1811/1814 1548/1807/1810 1545/1805/1808
f 1544/1804/1807 1537/1797/1800 1538/1796/1799
f 1531/1790/1793 1523/1782/1785 1520/1779/1782
f 1494/1754/1754 2284/2659/2764 1486/1745/1741
f 2284/2659/2764 1494/1754/1754 1477/1736/1731
f 1478/1737/1732 2284/2659/2764 1477/1736/1731
f 2284/2659/2764 1480/1739/1744 1486/1745/1741
f 1480/1739/1744 2284/2659/2764 1478/1737/1732
f 1449/1709/1695 1472/1731/1724 1446/1706/1692
f 1452/1712/1698 1470/1728/1725 1448/1708/1694
f 1449/1709/1695 1448/1708/1694 1470/1728/1725
f 1466/1725/1716 1470/1728/1725 1452/1712/1698
f 1451/1710/1696 1466/1725/1716 1452/1712/1698
f 1461/1720/1709 1381/1641/2765 2285/2660/2766
f 1461/1720/1709 1395/1655/1707 1381/1641/2765
f 2285/2660/2766 1381/1641/2765 2286/2661/2767
f 2286/2661/2767 1381/1641/2765 1378/1635/1620
f 1400/1659/1645 1398/1658/1644 1456/1715/1701
f 1456/1715/1701 1398/1658/1644 1396/1656/1642
f 1444/1704/1690 1435/1695/1681 1436/1694/1680
f 1310/1570/1552 1321/1580/1562 1409/1668/1654
f 1386/1646/1632 1387/1647/1633 1340/1600/1582
f 1339/1597/1579 1386/1646/1632 1340/1600/1582
f 1339/1597/1579 1364/1623/1605 1386/1646/1632
f 1383/1640/1626 1380/1639/1625 1385/1644/1630
f 1378/1635/1620 1381/1641/2765 1382/1642/2768
f 1378/1635/1620 1382/1642/2768 1376/1636/1621
f 1365/1624/1606 1377/1638/1624 1364/1623/1605
f 1337/1596/1578 1364/1623/1605 1339/1597/1579
f 1348/1607/1589 1362/1622/1604 1337/1596/1578
f 1348/1607/1589 1351/1610/1592 1362/1622/1604
f 1351/1610/1592 1359/1620/1602 1362/1622/1604
f 1338/1598/1580 1348/1607/1589 1337/1596/1578
f 1313/1573/1555 1321/1580/1562 1310/1570/1552
f 1256/1500/1497 1252/1498/1495 1319/1578/1560
f 2287/2662/2769 2288/2663/2770 1292/1550/1534
f 1291/1549/1533 2287/2662/2769 1292/1550/1534
f 1292/1550/1534 2289/2664/2771 1287/1545/1529
f 1292/1550/1534 2288/2663/2770 2289/2664/2771
f 2291/2665/2772 2289/2664/2771 2288/2663/2770
f 1287/1545/1529 2289/2664/2771 1288/1546/1530
f 2290/2666/2773 2289/2664/2771 2291/2665/2772
f 2290/2666/2773 1288/1546/1530 2289/2664/2771
f 2292/2667/2774 2290/2666/2773 2291/2665/2772
f 2292/2667/2774 2291/2665/2772 2294/2668/2775
f 2294/2668/2775 2291/2665/2772 2293/2669/2776
f 2291/2665/2772 2288/2663/2770 2293/2669/2776
f 2293/2669/2776 2295/2670/1980 2294/2668/2775
f 2294/2668/2775 2295/2670/1980 2296/2671/1980
f 2294/2668/2775 2296/2671/1980 2297/2672/2777
f 2297/2672/2777 2292/2667/2774 2294/2668/2775
f 2297/2672/2777 2296/2671/1980 2299/2673/1980
f 2297/2672/2777 2298/2674/2778 2292/2667/2774
f 2300/2675/2779 2298/2674/2778 2297/2672/2777
f 2297/2672/2777 2299/2673/1980 2300/2675/2779
f 2300/2675/2779 2301/2676/1980 2302/2677/2780
f 2300/2675/2779 2299/2673/1980 2301/2676/1980
f 2302/2677/2780 2303/2678/2781 2300/2675/2779
f 2300/2675/2779 2303/2678/2781 2298/2674/2778
f 2303/2678/2781 2305/2679/2782 2298/2674/2778
f 2302/2677/2780 2306/2680/2783 2303/2678/2781
f 2303/2678/2781 2304/2681/2784 2305/2679/2782
f 2306/2680/2783 2304/2681/2784 2303/2678/2781
f 2309/2682/2785 2307/2683/2786 2306/2680/2783
f 2307/2683/2786 2308/2684/2787 2306/2680/2783
f 2309/2682/2785 2306/2680/2783 2302/2677/2780
f 2306/2680/2783 2308/2684/2787 2304/2681/2784
f 2302/2677/2780 2310/2685/1980 2309/2682/2785
f 2309/2682/2785 2310/2685/1980 2311/2686/2788
f 2309/2682/2785 2311/2686/2788 2312/2687/2789
f 2312/2687/2789 2307/2683/2786 2309/2682/2785
f 2313/2688/2790 2312/2689/2791 2314/2690/2792
s 0
f 2311/2691/2793 2314/2690/2794 2312/2689/2795
s 1
f 2312/2687/2789 2315/2692/2796 2307/2683/2786
f 2307/2683/2786 2315/2692/2796 2313/2693/2797
f 2318/2694/2798 2314/2690/2792 2316/2695/2799
f 2322/2696/2800 2317/2697/2801 2314/2690/2802
f 2320/2698/2803 2314/2690/2792 2318/2694/2798
f 2314/2690/2792 2319/2699/2804 2321/2700/2805
f 2320/2698/2803 2319/2699/2804 2314/2690/2792
f 2314/2690/2792 2321/2700/2805 2313/2688/2790
f 2322/2696/2800 2314/2690/2802 2311/2691/2806
f 2311/2686/2788 2323/2701/1980 2322/2702/1980
f 2324/2703/2807 2317/2697/2801 2322/2696/2800
f 2311/2686/2788 2310/2685/1980 2323/2701/1980
f 2325/2704/2808 2321/2705/2809 2319/2706/2810
f 2313/2693/2811 2321/2705/2809 2325/2704/2808
f 2325/2704/2808 2326/2707/2812 2327/2708/2813
f 2319/2706/2810 2326/2707/2812 2325/2704/2808
f 2313/2693/2811 2325/2704/2808 2307/2683/2786
f 2307/2683/2786 2325/2704/2808 2308/2684/2787
f 2325/2704/2808 2327/2708/2813 2308/2684/2787
f 2326/2707/2812 2328/2709/2814 2327/2708/2813
f 2327/2708/2813 2328/2709/2814 1259/2710/1500
f 2327/2708/2813 1259/2710/1500 1263/1507/1504
f 2308/2684/2787 2327/2708/2813 1263/1507/1504
f 2326/2707/2812 2329/2711/2815 2328/2709/2814
f 2329/2712/2815 1245/1490/1487 2328/2713/2814
f 2328/2713/2814 1245/1490/1487 1257/1502/1499
f 2328/2713/2814 1257/1502/1499 1259/1503/1500
f 2320/2714/2816 2329/2711/2815 2326/2707/2812
f 2329/2712/2815 2318/2715/2817 1245/1490/1487
f 2320/2716/2816 2318/2715/2817 2329/2712/2815
f 2326/2707/2812 2319/2706/2810 2320/2714/2816
f 2316/2695/2799 2330/2717/2818 2318/2694/2819
f 2318/2715/2817 1244/1488/1485 1245/1490/1487
f 2316/2695/2799 2331/2718/2820 2330/2717/2818
f 2333/2719/2821 2331/2718/2820 2316/2695/2799
f 2333/2719/2821 2332/2720/2822 2331/2718/2820
f 2334/2721/2823 2332/2720/2822 2333/2719/2821
f 2334/2721/2823 2335/2722/2824 2332/2720/2822
f 2336/2723/2825 2335/2722/2824 2334/2721/2823
f 2335/2722/2824 2336/2723/2825 2337/2724/2826
f 2338/2725/2827 2337/2724/2826 2339/2726/2828
f 2338/2725/2827 2335/2722/2824 2337/2724/2826
f 2340/2727/2829 2338/2725/2827 2339/2726/2828
f 2341/2728/2830 2338/2725/2827 2340/2727/2829
f 2342/2729/2831 1244/2730/2832 2341/2728/2830
f 2342/2729/2831 2341/2728/2830 2343/2731/2833
f 2341/2728/2830 1244/2730/2832 2338/2725/2827
f 2343/2731/2833 2341/2728/2830 2344/2732/2834
f 2343/2731/2833 2344/2732/2834 2345/2733/2835
f 2345/2733/2835 2344/2732/2834 2346/2734/2836
f 2345/2733/2835 2346/2734/2836 2347/2735/2837
f 2347/2735/2837 2346/2734/2836 2348/2736/2838
f 2347/2735/2837 2348/2736/2838 1247/2737/2839
f 1247/2737/2839 2348/2736/2838 2349/2738/2840
f 1247/2737/2839 2349/2738/2840 2350/2739/2841
f 2352/2740/2842 2350/2739/2841 2351/2741/2843
f 1247/2737/2839 2350/2739/2841 2352/2740/2842
f 2352/2740/2842 2351/2741/2843 2353/2742/2844
f 2353/2742/2844 2351/2741/2843 2354/2743/2845
f 2351/2741/2843 2355/2744/2846 2354/2743/2845
f 2354/2743/2845 2355/2744/2846 2356/2745/2847
f 2355/2744/2846 2357/2746/2848 2356/2745/2847
f 2356/2745/2847 2358/2747/2849 1250/2748/2850
f 2356/2745/2847 2357/2746/2848 2358/2747/2849
f 1250/2748/2850 2358/2747/2849 2359/2749/2851
f 2360/2750/2852 2359/2749/2851 2361/2751/2853
f 1250/2748/2850 2359/2749/2851 2360/2750/2852
f 2360/2750/2852 2361/2751/2853 2362/2752/2854
f 2362/2752/2854 2361/2751/2853 2363/2753/2855
f 2363/2753/2855 2361/2751/2853 2364/2754/2856
f 2363/2755/2855 2364/2756/2856 1230/1474/1471
f 2364/2756/2856 2365/2757/2857 1230/1474/1471
f 1230/1474/1471 2365/2757/2857 1231/1475/1472
f 1244/2730/2832 2335/2722/2824 2338/2725/2827
f 2302/2677/2780 2301/2676/1980 2310/2685/1980
f 2308/2684/2787 1263/1507/1504 2304/2681/2784
f 2305/2679/2782 1268/1509/1505 2366/2758/2858
f 2304/2681/2784 1268/1509/1505 2305/2679/2782
f 2305/2679/2782 2366/2758/2858 2367/2759/2859
f 2298/2674/2778 2305/2679/2782 2367/2759/2859
f 2366/2758/2858 2368/2760/2860 2367/2759/2859
f 2298/2674/2778 2367/2759/2859 2292/2667/2774
f 2367/2759/2859 2290/2666/2773 2292/2667/2774
f 2367/2759/2859 2368/2760/2860 2290/2666/2773
f 2368/2760/2860 1288/1546/1530 2290/2666/2773
f 2366/2758/2858 2369/2761/2861 2368/2760/2860
f 2368/2760/2860 1282/1542/1524 1288/1546/1530
f 2369/2761/2861 1282/1542/1524 2368/2760/2860
f 1269/2762/1508 1277/1529/1519 2369/2763/2861
f 1269/1517/1508 2369/2761/2861 2366/2758/2858
f 2369/2763/2861 1277/1529/1519 1282/1537/1524
f 1268/1509/1505 1269/1517/1508 2366/2758/2858
f 2304/2681/2784 1263/1507/1504 1268/1509/1505
f 2293/2669/2776 2370/2764/1980 2295/2670/1980
f 2371/2765/2862 2370/2764/1980 2293/2669/2776
f 2371/2765/2862 2372/2766/1980 2370/2764/1980
f 2373/2767/2863 2372/2766/1980 2371/2765/2862
f 2373/2767/2863 2374/2768/1980 2372/2766/1980
f 2376/2769/2864 2374/2768/1980 2373/2767/2863
f 2376/2769/2864 2375/2770/1980 2374/2768/1980
f 1291/1549/1533 2376/2769/2864 2373/2767/2863
f 2377/2771/2865 2375/2770/1980 2376/2769/2864
f 1291/1549/1533 2377/2771/2865 2376/2769/2864
f 1290/1548/1532 2377/2771/2865 1291/1549/1533
f 2373/2767/2863 2371/2765/2862 2378/2772/2866
f 2373/2767/2863 2378/2772/2866 1291/1549/1533
f 2378/2772/2866 2288/2663/2770 2287/2662/2769
f 2378/2772/2866 2371/2765/2862 2288/2663/2770
f 1291/1549/1533 2378/2772/2866 2287/2662/2769
f 2293/2669/2776 2288/2663/2770 2371/2765/2862
f 1264/1522/1507 1277/1529/1519 1269/2762/1508
f 1272/1519/1513 1276/1527/1517 1274/1524/1515
f 1259/2710/1500 1260/1510/1501 1263/1507/1504
f 1248/1491/1488 1257/1502/1499 1245/1490/1487
f 1253/1496/1493 1240/1486/1483 1239/1485/1482
f 1242/1483/1480 1250/1495/1492 1228/1470/1467
f 1242/1483/1480 1228/1470/1467 1229/1472/1469
f 1241/1484/1481 1237/1481/1478 1234/1479/1476
f 1236/1480/1477 1235/1482/1479 1197/1438/1434
f 1236/1480/1477 1197/1438/1434 1195/1436/1432
f 1186/1422/1419 1195/1436/1432 1185/1416/1417
s 0
f 1171/1402/2867 1179/1406/2868 1172/1988/2869
s 1
f 1174/1392/1400 1175/1391/1399 1166/1372/1392
f 1166/1372/1392 1175/1391/1399 1169/1380/1394
f 1139/2773/1365 1136/2655/1363 1161/1367/1387
f 1139/2773/1365 1161/1367/1387 1158/1363/1383
f 1158/2774/1383 1146/1343/1371 1139/1337/1365
f 1158/2774/1383 1148/1345/1373 1146/1343/1371
f 1139/1337/1365 1146/1343/1371 1140/1338/1366
f 1113/1302/1339 1116/1304/1341 1128/1319/1352
s 0
f 3984/2775/705 3985/2776/705 3986/2777/705
f 3986/2777/705 3987/2778/705 3984/2775/705
f 3984/2775/705 3987/2778/705 3988/2779/705
f 3984/2775/705 3988/2779/705 3989/2780/705
f 3989/2780/705 3988/2779/705 3990/2781/705
f 3989/2780/705 3990/2781/705 3991/2782/705
f 3991/2782/705 3990/2781/705 3992/2783/705
f 3991/2782/705 3992/2783/705 3993/2784/705
f 3993/2784/705 3994/2785/705 3995/2786/705
f 3993/2784/705 3992/2783/705 3994/2785/705
f 3995/2786/705 4003/2787/705 3996/2788/705
f 3996/2788/705 3997/2789/705 3995/2786/705
f 3994/2785/705 3999/2790/705 3995/2786/705
f 3995/2786/705 3997/2789/705 3998/2791/705
f 4002/2792/705 3995/2786/705 3998/2791/705
f 3995/2786/705 3999/2790/705 4003/2787/705
f 4001/2793/705 4000/2794/705 3995/2786/705
f 4001/2793/705 3995/2786/705 4002/2792/705
f 3996/2788/705 4003/2787/705 4004/2795/705
f 4004/2795/705 4005/2796/705 3996/2788/705
f 3996/2788/705 4005/2796/705 4006/2797/705
f 3996/2788/705 4006/2797/705 4007/2798/705
f 4007/2798/705 4006/2797/705 4008/2799/705
f 4007/2798/705 4008/2799/705 4009/2800/705
f 4009/2800/705 4008/2799/705 4010/2801/705
f 4009/2800/705 4010/2801/705 4011/2802/705
f 4011/2802/705 4010/2801/705 4012/2803/705
f 4013/2804/705 4012/2803/705 4014/2805/705
f 4011/2802/705 4012/2803/705 4013/2804/705
f 4013/2804/705 4014/2805/705 4016/2806/705
f 4016/2806/705 4014/2805/705 4015/2807/705
f 4019/2808/705 4017/2809/705 4016/2806/705
f 4017/2809/2870 4018/2810/2870 4016/2806/2870
f 4019/2808/705 4016/2806/705 4020/2811/705
f 4016/2806/705 4015/2807/705 4020/2811/705
f 4021/2812/705 4017/2809/705 4019/2808/705
f 4021/2812/705 4022/2813/705 4017/2809/705
f 4023/2814/705 4022/2813/705 4021/2812/705
f 4024/2815/705 4025/2816/705 4023/2814/705
f 4023/2814/705 4025/2816/705 4022/2813/705
f 4024/2815/705 4026/2817/705 4025/2816/705
f 4028/2818/705 4027/2819/705 4026/2817/705
f 4028/2818/705 4026/2817/705 4024/2815/705
f 4029/2820/705 4027/2819/705 4028/2818/705
f 4029/2820/705 4031/2821/705 4027/2819/705
f 4030/2822/705 4031/2821/705 4029/2820/705
f 4030/2822/705 4032/2823/705 4031/2821/705
f 4031/2821/705 4032/2823/705 4033/2824/705
f 4033/2824/705 4034/2825/705 4035/2826/705
f 4033/2824/705 4032/2823/705 4034/2825/705
f 4035/2826/705 4034/2825/705 4036/2827/705
f 4035/2826/705 4036/2827/705 4037/2828/705
f 4037/2828/705 4036/2827/705 4038/2829/705
f 4037/2828/705 4038/2829/705 4039/2830/705
f 4039/2830/2870 4038/2829/2870 4040/2831/2870
f 4040/2831/705 4038/2829/705 4041/2832/705
f 4040/2831/705 4041/2832/705 4042/2833/705
f 4042/2833/705 4041/2832/705 4043/2834/705
f 4042/2833/705 4043/2834/705 4044/2835/705
f 4044/2835/705 4043/2834/705 4045/2836/705
f 4044/2835/705 4045/2836/705 4022/2813/705
f 4022/2813/705 4045/2836/705 4046/2837/705
f 4022/2813/705 4046/2837/705 4047/2838/705
f 4047/2838/705 4048/2839/705 4022/2813/705
f 4022/2813/705 4048/2839/705 4049/2840/705
f 4022/2813/705 4049/2840/705 4017/2809/705
f 4050/2841/705 4034/2825/705 4051/2842/705
f 4051/2842/705 4034/2825/705 4054/2843/705
f 4034/2825/705 4052/2844/705 4053/2845/705
f 4032/2823/705 4052/2844/705 4034/2825/705
f 4034/2825/705 4053/2845/705 4054/2843/705
f 4055/2846/705 4054/2843/705 4056/2847/705
f 4051/2842/705 4054/2843/705 4055/2846/705
f 4055/2846/705 4056/2847/705 4057/2848/705
f 4057/2848/705 4056/2847/705 4058/2849/705
f 4057/2848/705 4058/2849/705 4059/2850/705
f 4059/2850/705 4058/2849/705 4060/2851/705
f 4059/2850/705 4060/2851/705 4061/2852/705
f 4062/2853/705 4061/2852/705 4063/2854/705
f 4059/2850/705 4061/2852/705 4062/2853/705
f 4062/2853/705 4063/2854/705 4064/2855/705
f 4068/2856/705 4062/2853/705 4064/2855/705
f 4065/2857/705 4064/2855/705 4066/2858/705
f 4067/2859/705 4064/2855/705 4065/2857/705
f 4067/2859/705 4068/2856/705 4064/2855/705
f 4069/2860/705 4068/2856/705 4067/2859/705
f 4067/2859/705 4070/2861/705 4069/2860/705
f 4069/2860/705 4070/2861/705 4071/2862/705
f 4071/2862/705 4070/2861/705 4072/2863/705
f 4071/2862/705 4072/2863/705 4073/2864/705
f 4073/2864/705 4072/2863/705 4074/2865/705
f 4073/2864/705 4074/2865/705 4075/2866/705
f 4075/2866/705 4074/2865/705 4076/2867/705
f 4076/2867/705 4074/2865/705 4077/2868/705
f 4076/2867/705 4077/2868/705 4078/2869/705
f 4077/2868/705 4079/2870/705 4078/2869/705
f 4078/2869/705 4079/2870/705 4080/2871/705
f 4078/2869/705 4080/2871/705 4051/2842/705
f 4051/2842/705 4080/2871/705 4081/2872/705
f 4051/2842/705 4081/2872/705 4082/2873/705
f 4083/2874/705 4051/2842/705 4082/2873/705
f 4083/2874/705 4050/2841/705 4051/2842/705
f 4065/2857/705 4066/2858/705 4084/2875/705
f 4084/2875/705 4066/2858/705 4085/2876/705
f 4085/2876/705 4066/2858/705 4086/2877/705
f 4085/2876/705 4086/2877/705 4087/2878/705
f 4087/2878/705 4086/2877/705 3987/2778/705
f 4087/2878/705 3987/2778/705 3986/2777/705
f 4017/2809/2871 4088/2879/2871 4018/2810/2871
f 4089/2880/705 4088/2879/705 4017/2809/705
f 4089/2880/705 4090/2881/705 4088/2879/705
f 4091/2882/705 4090/2881/705 4089/2880/705
f 4093/2883/705 4092/2884/705 4091/2882/705
f 4093/2883/705 4091/2882/705 4089/2880/705
f 4094/2885/705 4092/2884/705 4093/2883/705
f 4094/2885/705 4095/2886/705 4096/2887/705
f 4096/2887/705 4097/2888/705 4094/2885/705
f 4094/2885/705 4097/2888/705 4092/2884/705
f 4096/2887/705 3996/2788/705 4007/2798/705
f 4096/2887/705 4095/2886/705 3996/2788/705
f 4098/2889/705 4000/2794/705 4001/2793/705
f 4099/2890/705 4100/2891/705 4098/2889/705
f 4098/2889/705 4100/2891/705 4000/2794/705
f 4099/2890/705 4101/2892/705 4100/2891/705
f 4103/2893/705 4102/2894/705 4101/2892/705
f 4103/2893/705 4101/2892/705 4099/2890/705
f 4104/2895/705 4102/2894/705 4103/2893/705
f 4105/2896/705 4106/2897/705 4104/2895/705
f 4106/2897/705 4107/2898/705 4104/2895/705
f 4104/2895/705 4107/2898/705 4102/2894/705
f 4105/2896/705 3985/2776/705 4106/2897/705
f 3986/2777/705 3985/2776/705 4105/2896/705
f 4108/2899/1980 4113/2900/1980 4109/2901/1980
f 4108/2899/1980 4109/2901/1980 4110/2902/1980
f 4108/2899/1980 4111/2903/1980 4113/2900/1980
f 4112/2904/1980 4111/2903/1980 4108/2899/1980
f 4114/2905/1980 4109/2901/1980 4113/2900/1980
f 4115/2906/1980 4109/2901/1980 4114/2905/1980
f 4116/2907/1980 4115/2906/1980 4114/2905/1980
f 4117/2908/1980 4118/2909/1980 4116/2907/1980
f 4118/2909/1980 4119/2910/1980 4116/2907/1980
f 4116/2907/1980 4119/2910/1980 4115/2906/1980
f 4119/2910/1980 4120/2911/1980 4110/2902/1980
f 4118/2909/1980 4120/2911/1980 4119/2910/1980
f 4119/2910/1980 4110/2902/1980 4115/2906/1980
f 4117/2908/1980 4121/2912/1980 4118/2909/1980
f 4122/2913/1980 4121/2912/1980 4117/2908/1980
f 4122/2913/1980 4123/2914/1980 4121/2912/1980
f 4124/2915/1980 4123/2914/1980 4122/2913/1980
f 4122/2913/1980 4125/2916/1980 4124/2915/1980
f 4125/2916/1980 4126/2917/1980 4124/2915/1980
f 4125/2916/1980 4127/2918/1980 4126/2917/1980
f 4128/2919/1980 4129/2920/1980 4127/2918/1980
f 4128/2919/1980 4127/2918/1980 4125/2916/1980
f 4128/2919/1980 4130/2921/1980 4129/2920/1980
f 4132/2922/1980 4130/2921/1980 4128/2919/1980
f 4132/2922/1980 4131/2923/1980 4130/2921/1980
f 4133/2924/1980 4132/2922/1980 4128/2919/1980
f 4137/2925/1980 4132/2922/1980 4133/2924/1980
f 4134/2926/1980 4132/2922/1980 4136/2927/1980
f 4134/2926/1980 4131/2923/1980 4132/2922/1980
f 4137/2925/1980 4135/2928/1980 4132/2922/1980
f 4136/2927/1980 4132/2922/1980 4135/2928/1980
f 4137/2925/1980 4133/2924/1980 4138/2929/1980
f 4142/2930/1980 4137/2925/1980 4138/2929/1980
f 4139/2931/1980 4135/2928/1980 4137/2925/1980
f 4137/2925/1980 4141/2932/1980 4139/2931/1980
f 4140/2933/1980 4137/2925/1980 4142/2930/1980
f 4140/2933/1980 4141/2932/1980 4137/2925/1980
f 4142/2930/1980 4138/2929/1980 4143/2934/1980
f 4143/2934/1980 4138/2929/1980 4144/2935/1980
f 4143/2934/1980 4144/2935/1980 4145/2936/1980
f 4145/2936/1980 4144/2935/1980 4146/2937/1980
f 4145/2936/1980 4146/2937/1980 4147/2938/1980
f 4146/2937/1980 4148/2939/1980 4147/2938/1980
f 4147/2938/1980 4148/2939/1980 4149/2940/1980
f 4147/2938/1980 4149/2940/1980 4150/2941/1980
f 4149/2940/1980 4151/2942/1980 4150/2941/1980
f 4150/2941/1980 4151/2942/1980 4154/2943/1980
f 4150/2941/1980 4154/2943/1980 4152/2944/1980
f 4150/2941/1980 4152/2944/1980 4153/2945/1980
f 4153/2945/1980 4152/2944/1980 4155/2946/1980
f 4153/2945/1980 4155/2946/1980 4156/2947/1980
f 4156/2947/1980 4155/2946/1980 4157/2948/1980
f 4156/2947/1980 4157/2948/1980 4158/2949/1980
f 4158/2949/1980 4157/2948/1980 4159/2950/1980
f 4158/2949/1980 4159/2950/1980 4160/2951/1980
f 4160/2951/1980 4161/2952/1980 4162/2953/1980
f 4160/2951/1980 4159/2950/1980 4161/2952/1980
f 4162/2953/1980 4164/2954/1980 4163/2955/1980
f 4162/2953/1980 4161/2952/1980 4164/2954/1980
f 4166/2956/1980 4164/2954/1980 4149/2940/1980
f 4164/2954/1980 4167/2957/1980 4149/2940/1980
f 4163/2955/1980 4164/2954/1980 4165/2958/1980
f 4165/2958/1980 4164/2954/1980 4166/2956/1980
f 4164/2954/1980 4169/2959/1980 4167/2957/1980
f 4161/2952/1980 4168/2960/1980 4164/2954/1980
f 4164/2954/1980 4168/2960/1980 4169/2959/1980
f 4149/2940/1980 4167/2957/1980 4170/2961/1980
f 4170/2961/1980 4171/2962/1980 4149/2940/1980
f 4149/2940/1980 4171/2962/1980 4151/2942/1980
f 4176/2963/1980 4166/2956/1980 4172/2964/1980
f 4178/2965/2872 4172/2964/2872 4166/2956/2872
f 4166/2956/1980 4149/2940/1980 4178/2965/1980
f 4173/2966/1980 4166/2956/1980 4174/2967/1980
f 4177/2968/1980 4166/2956/1980 4173/2966/1980
f 4175/2969/1980 4174/2967/1980 4166/2956/1980
f 4175/2969/1980 4166/2956/1980 4176/2963/1980
f 4177/2968/1980 4165/2958/1980 4166/2956/1980
f 4178/2965/1980 4149/2940/1980 4148/2939/1980
f 4179/2970/1980 4181/2971/1980 4178/2965/1980
f 4178/2965/1980 4148/2939/1980 4179/2970/1980
f 4178/2965/1980 4182/2972/1980 4180/2973/1980
f 4178/2965/1980 4180/2973/1980 4172/2964/1980
f 4178/2965/1980 4181/2971/1980 4182/2972/1980
f 4179/2970/1980 4183/2974/1980 4181/2971/1980
f 4183/2974/1980 4184/2975/1980 4181/2971/1980
f 4183/2974/1980 4185/2976/1980 4184/2975/1980
f 4186/2977/1980 4185/2976/1980 4183/2974/1980
f 4186/2977/1980 4187/2978/1980 4185/2976/1980
f 4188/2979/1980 4187/2978/1980 4186/2977/1980
f 4190/2980/1980 4188/2979/1980 4186/2977/1980
f 4190/2980/1980 4189/2981/1980 4188/2979/1980
f 4191/2982/1980 4189/2981/1980 4190/2980/1980
f 4192/2983/1980 4193/2984/1980 4191/2982/1980
f 4191/2982/1980 4193/2984/1980 4189/2981/1980
f 4192/2983/1980 4194/2985/1980 4193/2984/1980
f 4192/2983/1980 4195/2986/1980 4194/2985/1980
f 4196/2987/1980 4195/2986/1980 4192/2983/1980
f 4196/2987/1980 4197/2988/1980 4195/2986/1980
f 4199/2989/1980 4198/2990/1980 4197/2988/1980
f 4199/2989/1980 4197/2988/1980 4196/2987/1980
f 4200/2991/1980 4198/2990/1980 4199/2989/1980
f 4201/2992/1980 4202/2993/1980 4200/2991/1980
f 4200/2991/1980 4202/2993/1980 4198/2990/1980
f 4203/2994/1980 4202/2993/1980 4201/2992/1980
f 4204/2995/1980 4202/2993/1980 4203/2994/1980
f 4205/2996/1980 4204/2995/1980 4203/2994/1980
f 4206/2997/1980 4204/2995/1980 4205/2996/1980
f 4207/2998/1980 4206/2997/1980 4205/2996/1980
f 4207/2998/1980 4205/2996/1980 4208/2999/1980
f 4205/2996/1980 4209/3000/1980 4208/2999/1980
f 4205/2996/1980 4210/3001/1980 4209/3000/1980
f 4173/2966/1980 4210/3001/1980 4205/2996/1980
f 4173/2966/1980 4211/3002/1980 4210/3001/1980
f 4212/3003/1980 4211/3002/1980 4173/2966/1980
f 4173/2966/1980 4174/2967/1980 4212/3003/1980
f 4212/3003/1980 4174/2967/1980 4213/3004/1980
f 4213/3004/1980 4174/2967/1980 4175/2969/1980
f 4214/3005/1980 4217/3006/1980 4205/2996/1980
f 4215/3007/1980 4214/3005/1980 4205/2996/1980
f 4205/2996/1980 4220/3008/1980 4215/3007/1980
f 4205/2996/1980 4216/3009/1980 4173/2966/1980
f 4205/2996/1980 4203/2994/1980 4218/3010/1980
f 4205/2996/1980 4217/3006/1980 4216/3009/1980
f 4218/3010/1980 4219/3011/1980 4205/2996/1980
f 4205/2996/1980 4219/3011/1980 4220/3008/1980
f 4218/3010/1980 4221/3012/1980 4219/3011/1980
f 4222/3013/1980 4221/3012/1980 4218/3010/1980
f 4218/3010/1980 4223/3014/1980 4222/3013/1980
f 4224/3015/1980 4223/3014/1980 4225/3016/1980
f 4218/3010/1980 4225/3016/1980 4223/3014/1980
f 4225/3016/1980 4226/3017/1980 4224/3015/1980
f 4227/3018/1980 4225/3016/1980 4218/3010/1980
f 4225/3016/1980 4230/3019/1980 4226/3017/1980
f 4227/3018/1980 4228/3020/1980 4225/3016/1980
f 4229/3021/1980 4230/3019/1980 4225/3016/1980
f 4229/3021/1980 4231/3022/1980 4230/3019/1980
f 4214/3005/1980 4231/3022/1980 4229/3021/1980
f 4214/3005/1980 4232/3023/1980 4231/3022/1980
f 4233/3024/1980 4232/3023/1980 4214/3005/1980
f 4233/3024/1980 4214/3005/1980 4215/3007/1980
f 4234/3025/1980 4228/3020/1980 4227/3018/1980
f 4227/3018/1980 4235/3026/1980 4234/3025/1980
f 4235/3026/1980 4236/3027/1980 4234/3025/1980
f 4235/3026/1980 4237/3028/1980 4236/3027/1980
f 4239/3029/1980 4238/3030/1980 4237/3028/1980
f 4240/3031/1980 4239/3029/1980 4237/3028/1980
f 4240/3031/1980 4237/3028/1980 4235/3026/1980
f 4243/3032/1980 4239/3029/1980 4240/3031/1980
f 4240/3031/1980 4241/3033/1980 4242/3034/1980
f 4235/3026/1980 4241/3033/1980 4240/3031/1980
f 4240/3031/1980 4242/3034/1980 4243/3032/1980
f 4243/3032/1980 4244/3035/1980 4239/3029/1980
f 4239/3029/1980 4244/3035/1980 4245/3036/1980
f 4239/3029/1980 4245/3036/1980 4246/3037/1980
f 4246/3037/1980 4245/3036/1980 4247/3038/1980
f 4246/3037/1980 4247/3038/1980 4248/3039/1980
f 4249/3040/1980 4246/3037/1980 4248/3039/1980
f 4250/3041/1980 4249/3040/1980 4248/3039/1980
f 4251/3042/1980 4249/3040/1980 4250/3041/1980
f 4252/3043/1980 4253/3044/1980 4251/3042/1980
f 4251/3042/1980 4253/3044/1980 4249/3040/1980
f 4255/3045/1980 4254/3046/1980 4253/3044/1980
f 4254/3046/1980 4257/3047/1980 4253/3044/1980
f 4255/3045/1980 4253/3044/1980 4256/3048/1980
f 4256/3048/1980 4253/3044/1980 4252/3043/1980
f 4253/3044/1980 4259/3049/1980 4249/3040/1980
f 4257/3047/1980 4258/3050/1980 4253/3044/1980
f 4253/3044/1980 4258/3050/1980 4259/3049/1980
f 4258/3050/1980 4260/3051/1980 4259/3049/1980
f 4259/3049/1980 4260/3051/1980 4261/3052/1980
f 4259/3049/1980 4261/3052/1980 4262/3053/1980
f 4249/3040/1980 4259/3049/1980 4262/3053/1980
f 4246/3037/1980 4262/3053/1980 4266/3054/1980
f 4249/3040/1980 4262/3053/1980 4246/3037/1980
f 4262/3053/1980 4267/3055/1980 4263/3056/1980
f 4263/3056/1980 4264/3057/1980 4262/3053/1980
f 4262/3053/1980 4264/3057/1980 4265/3058/1980
f 4262/3053/1980 4265/3058/1980 4266/3054/1980
f 4262/3053/1980 4261/3052/1980 4267/3055/1980
f 4263/3056/1980 4267/3055/1980 4268/3059/1980
f 4268/3059/1980 4267/3055/1980 4270/3060/1980
f 4270/3060/1980 4267/3055/1980 4269/3061/1980
f 4270/3060/1980 4269/3061/1980 4271/3062/1980
f 4271/3062/1980 4269/3061/1980 4272/3063/1980
f 4271/3062/1980 4272/3063/1980 4273/3064/1980
f 4273/3064/1980 4272/3063/1980 4239/3029/1980
f 4273/3064/1980 4239/3029/1980 4274/3065/1980
f 4274/3065/1980 4239/3029/1980 4275/3066/1980
f 4246/3037/1980 4275/3066/1980 4239/3029/1980
f 4246/3037/1980 4276/3067/1980 4275/3066/1980
f 4277/3068/1980 4276/3067/1980 4246/3037/1980
f 4246/3037/1980 4266/3054/1980 4277/3068/1980
f 4272/3063/1980 4238/3030/1980 4239/3029/1980
f 4258/3050/1980 4278/3069/1980 4260/3051/1980
f 4257/3047/1980 4278/3069/1980 4258/3050/1980
f 4279/3070/1980 4257/3047/1980 4254/3046/1980
f 4254/3046/1980 4280/3071/1980 4279/3070/1980
f 4254/3046/1980 4281/3072/1980 4280/3071/1980
f 4283/3073/1980 4281/3072/1980 4254/3046/1980
f 4283/3073/1980 4282/3074/1980 4281/3072/1980
f 4285/3075/1980 4283/3073/1980 4254/3046/1980
f 4284/3076/1980 4283/3073/1980 4285/3075/1980
f 4284/3076/1980 4282/3074/1980 4283/3073/1980
f 4285/3075/1980 4254/3046/1980 4255/3045/1980
f 4285/3075/1980 4288/3077/1980 4284/3076/1980
f 4287/3078/1980 4285/3075/1980 4286/3079/1980
f 4255/3045/1980 4286/3079/1980 4285/3075/1980
f 4289/3080/1980 4285/3075/1980 4287/3078/1980
f 4289/3080/1980 4288/3077/1980 4285/3075/1980
f 4290/3081/1980 4288/3077/1980 4289/3080/1980
f 4290/3081/1980 4291/3082/1980 4288/3077/1980
f 4292/3083/1980 4291/3082/1980 4290/3081/1980
f 4292/3083/1980 4293/3084/1980 4291/3082/1980
f 4291/3082/1980 4293/3084/1980 4295/3085/1980
f 4294/3086/1980 4295/3085/1980 4293/3084/1980
f 4291/3082/1980 4295/3085/1980 4301/3087/1980
f 4294/3086/1980 4302/3088/1980 4295/3085/1980
f 4295/3085/1980 4300/3089/1980 4296/3090/1980
f 4296/3090/1980 4297/3091/1980 4295/3085/1980
f 4295/3085/1980 4297/3091/1980 4298/3092/1980
f 4301/3087/2872 4295/3085/2872 4298/3092/2872
f 4295/3085/1980 4299/3093/1980 4300/3089/1980
f 4302/3088/1980 4299/3093/1980 4295/3085/1980
f 4303/3094/1980 4302/3088/1980 4139/2931/1980
f 4305/3095/1980 4302/3088/1980 4303/3094/1980
f 4304/3096/1980 4307/3097/1980 4302/3088/1980
f 4305/3095/1980 4304/3096/1980 4302/3088/1980
f 4306/3098/1980 4135/2928/1980 4302/3088/1980
f 4302/3088/1980 4135/2928/1980 4139/2931/1980
f 4306/3098/1980 4302/3088/1980 4294/3086/1980
f 4302/3088/1980 4307/3097/1980 4299/3093/1980
f 4136/2927/1980 4135/2928/1980 4306/3098/1980
f 4303/3094/1980 4308/3099/1980 4305/3095/1980
f 4308/3099/1980 4313/3100/1980 4305/3095/1980
f 4305/3095/1980 4310/3101/1980 4301/3087/1980
f 4301/3087/1980 4309/3102/1980 4305/3095/1980
f 4305/3095/1980 4309/3102/1980 4312/3103/1980
f 4305/3095/1980 4313/3100/1980 4310/3101/1980
f 4305/3095/1980 4312/3103/1980 4311/3104/1980
f 4311/3104/1980 4304/3096/1980 4305/3095/1980
f 4314/3105/1980 4315/3106/1980 4310/3101/1980
f 4301/3087/1980 4310/3101/1980 4315/3106/1980
f 4291/3082/1980 4315/3106/1980 4314/3105/1980
f 4301/3087/1980 4315/3106/1980 4291/3082/1980
f 4291/3082/1980 4314/3105/1980 4316/3107/1980
f 4288/3077/1980 4316/3107/1980 4317/3108/1980
f 4291/3082/1980 4316/3107/1980 4288/3077/1980
f 4288/3077/1980 4317/3108/1980 4284/3076/1980
f 4301/3087/1980 4318/3109/1980 4309/3102/1980
f 4319/3110/1980 4318/3109/1980 4301/3087/1980
f 4301/3087/1980 4298/3092/1980 4319/3110/1980
f 4320/3111/1980 4286/3079/1980 4255/3045/1980
f 4255/3045/1980 4321/3112/1980 4320/3111/1980
f 4255/3045/1980 4322/3113/1980 4321/3112/1980
f 4256/3048/1980 4111/2903/1980 4322/3113/1980
f 4111/2903/1980 4112/2904/1980 4322/3113/1980
f 4256/3048/1980 4322/3113/1980 4255/3045/1980
f 4256/3048/1980 4252/3043/1980 4323/3114/1980
f 4323/3114/1980 4111/2903/1980 4256/3048/1980
f 4324/3115/1980 4111/2903/1980 4323/3114/1980
f 4324/3115/1980 4325/3116/1980 4111/2903/1980
f 4327/3117/1980 4325/3116/1980 4324/3115/1980
f 4324/3115/1980 4326/3118/1980 4327/3117/1980
f 4327/3117/1980 4326/3118/1980 4328/3119/1980
f 4327/3117/1980 4328/3119/1980 4329/3120/1980
f 4329/3120/1980 4328/3119/1980 4330/3121/1980
f 4329/3120/1980 4330/3121/1980 4331/3122/1980
f 4331/3122/1980 4330/3121/1980 4332/3123/1980
f 4331/3122/1980 4332/3123/1980 4333/3124/1980
f 4333/3124/1980 4332/3123/1980 4334/3125/1980
f 4333/3124/1980 4334/3125/1980 4335/3126/1980
f 4335/3126/1980 4334/3125/1980 4336/3127/1980
f 4335/3126/1980 4336/3127/1980 4337/3128/1980
f 4337/3128/1980 4336/3127/1980 4338/3129/1980
f 4337/3128/1980 4338/3129/1980 4339/3130/1980
f 4340/3131/1980 4201/2992/1980 4339/3130/1980
f 4340/3131/1980 4339/3130/1980 4341/3132/1980
f 4341/3132/1980 4339/3130/1980 4342/3133/1980
f 4339/3130/1980 4343/3134/1980 4342/3133/1980
f 4339/3130/1980 4338/3129/1980 4343/3134/1980
f 4344/3135/1980 4341/3132/1980 4342/3133/1980
f 4227/3018/1980 4341/3132/1980 4344/3135/1980
f 4344/3135/1980 4345/3136/1980 4227/3018/1980
f 4345/3136/1980 4346/3137/1980 4227/3018/1980
f 4227/3018/1980 4346/3137/1980 4347/3138/1980
f 4347/3138/1980 4348/3139/1980 4235/3026/1980
f 4227/3018/1980 4347/3138/1980 4235/3026/1980
f 4235/3026/1980 4348/3139/1980 4241/3033/1980
f 4227/3018/1980 4340/3131/1980 4341/3132/1980
f 4203/2994/1980 4201/2992/1980 4340/3131/1980
f 4218/3010/1980 4203/2994/1980 4340/3131/1980
f 4218/3010/1980 4340/3131/1980 4227/3018/1980
f 4173/2966/1980 4216/3009/1980 4349/3140/1980
f 4173/2966/1980 4349/3140/1980 4177/2968/1980
f 4349/3140/1980 4165/2958/1980 4177/2968/1980
f 4186/2977/1980 4183/2974/1980 4350/3141/1980
f 4350/3141/1980 4183/2974/1980 4125/2916/1980
f 4350/3141/1980 4125/2916/1980 4122/2913/1980
f 4351/3142/1980 4183/2974/1980 4179/2970/1980
f 4351/3142/1980 4125/2916/1980 4183/2974/1980
f 4352/3143/1980 4125/2916/1980 4351/3142/1980
f 4351/3142/1980 4144/2935/1980 4352/3143/1980
f 4351/3142/1980 4146/2937/1980 4144/2935/1980
f 4179/2970/1980 4146/2937/1980 4351/3142/1980
f 4133/2924/1980 4128/2919/1980 4352/3143/1980
f 4354/3144/2872 4133/2924/2872 4352/3143/2872
f 4352/3143/1980 4356/3145/1980 4353/3146/1980
f 4354/3144/1980 4352/3143/1980 4353/3146/1980
f 4352/3143/1980 4355/3147/1980 4356/3145/1980
f 4144/2935/1980 4355/3147/1980 4352/3143/1980
f 4352/3143/1980 4128/2919/1980 4125/2916/1980
f 4144/2935/1980 4357/3148/1980 4355/3147/1980
f 4358/3149/1980 4357/3148/1980 4144/2935/1980
f 4144/2935/1980 4359/3150/1980 4358/3149/1980
f 4144/2935/1980 4138/2929/1980 4359/3150/1980
f 4138/2929/1980 4360/3151/1980 4359/3150/1980
f 4138/2929/1980 4361/3152/1980 4360/3151/1980
f 4138/2929/1980 4362/3153/1980 4361/3152/1980
f 4133/2924/1980 4362/3153/1980 4138/2929/1980
f 4133/2924/1980 4363/3154/1980 4362/3153/1980
f 4364/3155/1980 4363/3154/1980 4133/2924/1980
f 4364/3155/1980 4133/2924/1980 4354/3144/1980
f 4179/2970/1980 4148/2939/1980 4146/2937/1980
f 4115/2906/1980 4110/2902/1980 4109/2901/1980
f 2379/3156/1980 2380/3157/1980 2381/3158/1980
f 2381/3158/1980 2380/3157/1980 2382/3159/1980
f 2383/3160/1980 2384/3161/1980 2385/3162/1980
f 2386/3163/1980 2387/3164/1980 2388/3165/1980
f 2381/3158/1980 2389/3166/1980 2379/3156/1980
f 2379/3156/1980 2389/3166/1980 2386/3163/1980
f 2379/3156/1980 2386/3163/1980 2390/3167/1980
f 2390/3167/1980 2386/3163/1980 2388/3165/1980
f 2391/3168/1980 2392/3169/1980 2393/3170/1980
f 2394/3171/1980 2395/3172/1980 2393/3170/1980
f 2393/3170/1980 2395/3172/1980 2396/3173/1980
f 2393/3170/1980 2396/3173/1980 2391/3168/1980
f 2385/3162/1980 2384/3161/1980 2397/3174/1980
f 2397/3174/1980 2384/3161/1980 2398/3175/1980
f 2397/3174/1980 2398/3175/1980 2399/3176/1980
f 2399/3176/1980 2398/3175/1980 2400/3177/1980
f 2399/3176/1980 2400/3177/1980 2401/3178/1980
f 2401/3178/1980 2400/3177/1980 2402/3179/1980
f 2401/3178/1980 2402/3179/1980 2403/3180/1980
f 2385/3162/1980 2404/3181/1980 2383/3160/1980
f 2383/3160/1980 2404/3181/1980 2405/3182/1980
f 2383/3160/1980 2405/3182/1980 2406/3183/1980
f 2406/3183/1980 2405/3182/1980 2388/3165/1980
f 2406/3183/1980 2388/3165/1980 2407/3184/1980
f 2407/3184/1980 2388/3165/1980 2387/3164/1980
f 2408/3185/1980 2409/3186/1980 2394/3171/1980
f 2394/3171/1980 2409/3186/1980 2410/3187/1980
f 2394/3171/1980 2410/3187/1980 2395/3172/1980
f 2403/3180/1980 2409/3186/1980 2401/3178/1980
f 2401/3178/1980 2409/3186/1980 2408/3185/1980
f 2401/3178/1980 2408/3185/1980 2411/3188/1980
f 2411/3188/1980 2408/3185/1980 2382/3159/1980
f 2411/3188/1980 2382/3159/1980 2412/3189/1980
f 2412/3189/1980 2382/3159/1980 2380/3157/1980
f 2389/3166/1980 2413/3190/1980 2386/3163/1980
f 2386/3163/1980 2413/3190/1980 2414/3191/1980
f 2386/3163/1980 2414/3191/1980 2415/3192/1980
f 2415/3192/1980 2414/3191/1980 2416/3193/1980
f 2415/3192/1980 2416/3193/1980 2417/3194/1980
f 2418/3195/1980 2419/3196/1980 2420/3197/1980
f 2420/3197/1980 2419/3196/1980 2421/3198/1980
f 2420/3197/1980 2421/3198/1980 2416/3193/1980
f 2416/3193/1980 2421/3198/1980 2422/3199/1980
f 2416/3193/1980 2422/3199/1980 2417/3194/1980
f 2423/3200/1980 2424/3201/1980 2425/3202/1980
f 2426/3203/1980 2427/3204/1980 2428/3205/1980
f 2428/3205/1980 2427/3204/1980 2429/3206/1980
f 2428/3205/1980 2429/3206/1980 2430/3207/1980
f 2431/3208/1980 2418/3195/1980 2432/3209/1980
f 2433/3210/1980 2434/3211/1980 2435/3212/1980
f 2426/3203/1980 2432/3209/1980 2427/3204/1980
f 2427/3204/1980 2432/3209/1980 2418/3195/1980
f 2427/3204/1980 2418/3195/1980 2436/3213/1980
f 2436/3213/1980 2418/3195/1980 2420/3197/1980
f 2430/3207/1980 2429/3206/1980 2424/3201/1980
f 2424/3201/1980 2429/3206/1980 2437/3214/1980
f 2424/3201/1980 2437/3214/1980 2425/3202/1980
f 2435/3212/1980 2434/3211/1980 2438/3215/1980
f 2438/3215/1980 2434/3211/1980 2439/3216/1980
f 2438/3215/1980 2439/3216/1980 2440/3217/1980
f 2440/3217/1980 2439/3216/1980 2441/3218/1980
f 2440/3217/1980 2441/3218/1980 2432/3209/1980
f 2432/3209/1980 2441/3218/1980 2442/3219/1980
f 2432/3209/1980 2442/3219/1980 2431/3208/1980
f 2435/3212/1980 2443/3220/1980 2433/3210/1980
f 2433/3210/1980 2443/3220/1980 2444/3221/1980
f 2433/3210/1980 2444/3221/1980 2445/3222/1980
f 2445/3222/1980 2444/3221/1980 2446/3223/1980
f 2445/3222/1980 2446/3223/1980 2447/3224/1980
f 2447/3224/1980 2446/3223/1980 2448/3225/1980
f 2449/3226/1980 2450/3227/1980 2451/3228/1980
f 2449/3226/1980 2452/3229/1980 2450/3227/1980
f 2450/3227/1980 2452/3229/1980 2453/3230/1980
f 2450/3227/1980 2453/3230/1980 2454/3231/1980
f 2454/3231/1980 2453/3230/1980 2455/3232/1980
f 2454/3231/1980 2455/3232/1980 2425/3202/1980
f 2425/3202/1980 2455/3232/1980 2448/3225/1980
f 2425/3202/1980 2448/3225/1980 2423/3200/1980
f 2423/3200/1980 2448/3225/1980 2446/3223/1980
f 2456/3233/1980 2457/3234/1980 2458/3235/1980
f 2458/3235/1980 2457/3234/1980 2459/3236/1980
f 2458/3235/1980 2459/3236/1980 2451/3228/1980
f 2451/3228/1980 2459/3236/1980 2460/3237/1980
f 2451/3228/1980 2460/3237/1980 2449/3226/1980
f 2461/3238/1980 2456/3233/1980 2462/3239/1980
f 2391/3168/1980 2463/3240/1980 2392/3169/1980
f 2392/3169/1980 2463/3240/1980 2464/3241/1980
f 2392/3169/1980 2464/3241/1980 2465/3242/1980
f 2465/3242/1980 2464/3241/1980 2466/3243/1980
f 2465/3242/1980 2466/3243/1980 2467/3244/1980
f 2468/3245/1980 2469/3246/1980 2470/3247/1980
f 2471/3248/1980 2472/3249/1980 2473/3250/1980
f 2473/3250/1980 2472/3249/1980 2474/3251/1980
f 2473/3250/1980 2474/3251/1980 2475/3252/1980
f 2475/3252/1980 2474/3251/1980 2468/3245/1980
f 2475/3252/1980 2468/3245/1980 2476/3253/1980
f 2476/3253/1980 2468/3245/1980 2470/3247/1980
f 2477/3254/1980 2478/3255/1980 2479/3256/1980
f 2479/3256/1980 2478/3255/1980 2480/3257/1980
f 2479/3256/1980 2480/3257/1980 2481/3258/1980
f 2481/3258/1980 2480/3257/1980 2482/3259/1980
f 2481/3258/1980 2482/3259/1980 2483/3260/1980
f 2483/3260/1980 2482/3259/1980 2484/3261/1980
f 2485/3262/1980 2486/3263/1980 2487/3264/1980
f 2488/3265/1980 2477/3254/1980 2489/3266/1980
f 2489/3266/1980 2477/3254/1980 2490/3267/1980
f 2489/3266/1980 2490/3267/1980 2491/3268/1980
f 2491/3268/1980 2490/3267/1980 2492/3269/1980
f 2491/3268/1980 2492/3269/1980 2493/3270/1980
f 2493/3270/1980 2492/3269/1980 2494/3271/1980
f 2493/3270/1980 2494/3271/1980 2495/3272/1980
f 2494/3271/1980 2496/3273/1980 2495/3272/1980
f 2495/3272/1980 2496/3273/1980 2497/3274/1980
f 2495/3272/1980 2497/3274/1980 2498/3275/1980
f 2498/3275/1980 2497/3274/1980 2499/3276/1980
f 2498/3275/1980 2499/3276/1980 2500/3277/1980
f 2501/3278/1980 2466/3243/1980 2499/3276/1980
f 2499/3276/1980 2466/3243/1980 2502/3279/1980
f 2499/3276/1980 2502/3279/1980 2500/3277/1980
f 2471/3248/1980 2462/3239/1980 2472/3249/1980
f 2472/3249/1980 2462/3239/1980 2456/3233/1980
f 2472/3249/1980 2456/3233/1980 2503/3280/1980
f 2503/3280/1980 2456/3233/1980 2458/3235/1980
f 2487/3264/1980 2486/3263/1980 2504/3281/1980
f 2504/3281/1980 2486/3263/1980 2505/3282/1980
f 2504/3281/1980 2505/3282/1980 2506/3283/1980
f 2506/3283/1980 2505/3282/1980 2507/3284/1980
f 2506/3283/1980 2507/3284/1980 2462/3239/1980
f 2462/3239/1980 2507/3284/1980 2508/3285/1980
f 2462/3239/1980 2508/3285/1980 2461/3238/1980
f 2467/3244/1980 2466/3243/1980 2509/3286/1980
f 2509/3286/1980 2466/3243/1980 2501/3278/1980
f 2509/3286/1980 2501/3278/1980 2484/3261/1980
f 2484/3261/1980 2501/3278/1980 2510/3287/1980
f 2484/3261/1980 2510/3287/1980 2483/3260/1980
f 2487/3264/1980 2511/3288/1980 2485/3262/1980
f 2485/3262/1980 2511/3288/1980 2512/3289/1980
f 2485/3262/1980 2512/3289/1980 2513/3290/1980
f 2513/3290/1980 2512/3289/1980 2514/3291/1980
f 2513/3290/1980 2514/3291/1980 2515/3292/1980
f 2515/3292/1980 2514/3291/1980 2516/3293/1980
f 2514/3291/1980 2470/3247/1980 2516/3293/1980
f 2516/3293/1980 2470/3247/1980 2469/3246/1980
f 2516/3293/1980 2469/3246/1980 2517/3294/1980
f 2517/3294/1980 2469/3246/1980 2518/3295/1980
f 2517/3294/1980 2518/3295/1980 2519/3296/1980
f 2519/3296/1980 2518/3295/1980 2520/3297/1980
f 2521/3298/1980 2522/3299/1980 2520/3297/1980
f 2520/3297/1980 2522/3299/1980 2523/3300/1980
f 2520/3297/1980 2523/3300/1980 2519/3296/1980
f 2488/3265/1980 2524/3301/1980 2477/3254/1980
f 2477/3254/1980 2524/3301/1980 2525/3302/1980
f 2477/3254/1980 2525/3302/1980 2478/3255/1980
f 2478/3255/1980 2525/3302/1980 2526/3303/1980
f 2478/3255/1980 2526/3303/1980 2521/3298/1980
f 2521/3298/1980 2526/3303/1980 2527/3304/1980
f 2521/3298/1980 2527/3304/1980 2522/3299/1980
s 1
f 2528/3305/2873 2529/3306/2874 2530/3307/2875
f 2531/3308/2876 2532/3309/2877 2533/3310/2878
f 2533/3310/2878 2532/3309/2877 2534/3311/2879
f 2530/3307/2875 2529/3306/2874 2532/3309/2877
f 2532/3309/2877 2529/3306/2874 2535/3312/2880
f 2532/3309/2877 2535/3312/2880 2534/3311/2879
f 2528/3305/2873 2530/3307/2875 2536/3313/2881
f 2536/3314/2881 2530/3315/2875 2537/3316/2882
f 2536/3313/2881 2537/3317/2882 2538/3318/2883
f 2538/3318/2883 2537/3317/2882 2539/3319/2884
f 2538/3320/2883 2539/3321/2884 2540/3322/2885
f 2540/3323/2885 2539/3319/2884 2541/3324/2886
f 2541/3324/2886 2539/3319/2884 2542/3325/2887
f 2541/3324/2886 2542/3325/2887 2543/3326/2888
f 2543/3327/2888 2542/3328/2887 2544/3329/2889
f 2544/3329/2889 2542/3328/2887 2545/3330/2890
f 2544/3329/2889 2545/3330/2890 2546/3331/2891
f 2546/3331/2891 2545/3330/2890 2547/3332/2892
f 2547/3332/2892 2545/3330/2890 2548/3333/2893
f 2547/3332/2892 2548/3333/2893 2549/3334/2894
f 2550/3335/2895 2452/3336/2896 2551/3337/2897
f 2551/3337/2897 2452/3336/2896 2449/3338/2898
f 2551/3337/2897 2449/3338/2898 2552/3339/2899
f 2552/3339/2899 2449/3338/2898 2460/3340/2900
f 2552/3339/2899 2460/3340/2900 2553/3341/2901
f 2553/3341/2901 2460/3340/2900 2459/3342/2902
f 2553/3341/2901 2459/3342/2902 2554/3343/2903
f 2523/3344/2904 2555/3345/2905 2519/3346/2906
f 2519/3346/2906 2555/3345/2905 2556/3347/2907
f 2519/3348/2906 2556/3349/2907 2517/3350/2908
f 2517/3350/2908 2556/3349/2907 2557/3351/2909
f 2517/3350/2908 2557/3351/2909 2516/3352/2910
f 2516/3352/2910 2557/3351/2909 2558/3353/2911
f 2516/3352/2910 2558/3353/2911 2515/3354/2912
f 2515/3354/2912 2558/3353/2911 2559/3355/2913
f 2515/3354/2912 2559/3355/2913 2513/3356/2914
f 2513/3356/2914 2559/3355/2913 2560/3357/2915
f 2513/3356/2914 2560/3357/2915 2485/3358/2916
f 2485/3358/2916 2560/3357/2915 2561/3359/2917
f 2485/3358/2916 2561/3359/2917 2486/3360/2918
f 2486/3360/2918 2561/3359/2917 2562/3361/2919
f 2486/3360/2918 2562/3361/2919 2505/3362/2920
f 2505/3362/2920 2562/3361/2919 2563/3363/2921
f 2505/3362/2920 2563/3363/2921 2507/3364/2922
f 2507/3364/2922 2563/3363/2921 2564/3365/2923
f 2507/3364/2922 2564/3365/2923 2508/3366/2924
f 2508/3366/2924 2564/3365/2923 2565/3367/2925
f 2508/3366/2924 2565/3367/2925 2461/3368/2926
f 2461/3368/2926 2565/3367/2925 2566/3369/2927
f 2461/3370/2926 2566/3371/2927 2456/3372/2928
f 2456/3372/2928 2566/3371/2927 2554/3343/2903
f 2456/3372/2928 2554/3343/2903 2457/3373/2929
f 2457/3373/2929 2554/3343/2903 2459/3342/2902
f 2567/3374/2930 2568/3375/2930 2569/3376/2931
f 2569/3376/2931 2568/3375/2930 2570/3377/2932
f 2569/3376/2931 2570/3377/2932 2571/3378/2933
f 2571/3378/2933 2572/3379/2934 2569/3376/2931
f 2569/3376/2931 2572/3379/2934 2573/3380/2935
f 2569/3376/2931 2573/3380/2935 2574/3381/2936
f 2575/3382/2934 2576/3383/2930 2569/3376/2931
f 2569/3376/2931 2576/3383/2930 2577/3384/2934
f 2569/3376/2931 2577/3384/2934 2567/3374/2930
f 2578/3385/2937 2579/3386/2938 2569/3376/2931
f 2569/3376/2931 2579/3386/2938 2580/3387/2937
f 2569/3376/2931 2580/3387/2937 2575/3382/2934
f 2533/3310/2878 2581/3388/2939 2531/3308/2876
f 2531/3308/2876 2581/3388/2939 2582/3389/2934
f 2531/3308/2876 2582/3389/2934 2569/3376/2931
f 2569/3376/2931 2582/3389/2934 2583/3390/2937
f 2569/3376/2931 2583/3390/2937 2578/3385/2937
f 2391/3391/2940 2584/3392/2941 2585/3393/2942
f 2391/3391/2940 2585/3393/2942 2463/3394/2943
f 2463/3394/2943 2585/3393/2942 2586/3395/2944
f 2463/3394/2943 2586/3395/2944 2464/3396/2945
f 2464/3396/2945 2586/3395/2944 2466/3397/2946
f 2466/3397/2946 2586/3395/2944 2587/3398/2947
f 2466/3397/2946 2587/3398/2947 2502/3399/2948
f 2502/3399/2948 2587/3398/2947 2588/3400/2949
f 2502/3399/2948 2588/3400/2949 2500/3401/2950
f 2500/3401/2950 2588/3400/2949 2589/3402/2951
f 2500/3401/2950 2589/3402/2951 2498/3403/2952
f 2498/3403/2952 2589/3402/2951 2590/3404/2953
f 2498/3403/2952 2590/3404/2953 2495/3405/2954
f 2495/3405/2954 2590/3404/2953 2591/3406/2955
f 2495/3405/2954 2591/3406/2955 2493/3407/2956
f 2493/3407/2956 2591/3406/2955 2592/3408/2957
f 2493/3407/2956 2592/3408/2957 2491/3409/2958
f 2491/3409/2958 2592/3408/2957 2593/3410/2959
f 2491/3409/2958 2593/3410/2959 2489/3411/2960
f 2489/3411/2960 2593/3410/2959 2594/3412/2961
f 2489/3411/2960 2594/3412/2961 2488/3413/2962
f 2488/3413/2962 2594/3412/2961 2595/3414/2963
f 2488/3413/2962 2595/3414/2963 2524/3415/2964
f 2524/3415/2964 2595/3414/2963 2596/3416/2965
f 2524/3415/2964 2596/3416/2965 2525/3417/2966
f 2525/3417/2966 2596/3416/2965 2597/3418/2967
f 2525/3417/2966 2597/3418/2967 2526/3419/2968
f 2526/3419/2968 2597/3418/2967 2598/3420/2969
f 2526/3419/2968 2598/3420/2969 2527/3421/2970
f 2527/3421/2970 2598/3420/2969 2599/3422/2971
f 2527/3421/2970 2599/3422/2971 2522/3423/2972
f 2522/3423/2972 2599/3422/2971 2555/3345/2905
f 2522/3423/2972 2555/3345/2905 2523/3344/2904
s 0
f 2569/3376/705 2600/3424/705 2531/3308/705
f 2531/3308/705 2600/3424/705 2548/3425/705
f 2531/3308/705 2548/3425/705 2532/3309/705
f 2601/3426/705 2602/3427/705 2569/3376/705
f 2569/3376/705 2602/3427/705 2603/3428/705
f 2604/3429/2973 2600/3424/2973 2605/3430/2973
f 2605/3430/705 2600/3424/705 2569/3376/705
f 2605/3430/705 2569/3376/705 2606/3431/705
f 2606/3431/705 2569/3376/705 2603/3428/705
f 2606/3431/2974 2603/3428/705 2607/3432/705
f 2548/3425/705 2545/3433/705 2542/3325/705
f 2530/3307/705 2532/3309/705 2537/3317/705
f 2537/3317/705 2532/3309/705 2548/3425/705
f 2537/3317/705 2548/3425/705 2539/3319/705
f 2539/3319/705 2548/3425/705 2542/3325/705
s 1
f 2608/3434/2975 2601/3426/2976 2609/3435/2977
f 2609/3435/2977 2601/3426/2976 2569/3376/2931
f 2609/3435/2977 2569/3376/2931 2574/3381/2936
f 2610/3436/2978 2600/3437/2979 2611/3438/2980
f 2611/3438/2980 2600/3437/2979 2604/3439/2981
f 2611/3438/2980 2604/3439/2981 2612/3440/2982
f 2612/3440/2982 2604/3439/2981 2613/3441/2983
f 2613/3441/2983 2604/3439/2981 2614/3442/2984
f 2614/3442/2984 2604/3439/2981 2605/3443/2985
f 2614/3442/2984 2605/3443/2985 2615/3444/2986
f 2615/3444/2986 2605/3443/2985 2606/3445/2987
f 2615/3444/2986 2606/3445/2987 2616/3446/2988
f 2617/3447/2989 2618/3448/2990 2607/3449/2991
f 2607/3449/2991 2618/3448/2990 2619/3450/2992
f 2607/3449/2991 2619/3450/2992 2606/3445/2987
f 2606/3445/2987 2619/3450/2992 2620/3451/2993
f 2606/3445/2987 2620/3451/2993 2616/3446/2988
f 2617/3447/2989 2607/3449/2991 2621/3452/2994
f 2621/3452/2994 2607/3449/2991 2603/3453/2995
f 2621/3452/2994 2603/3453/2995 2622/3454/2996
f 2623/3455/2997 2624/3456/2998 2602/3457/2999
f 2602/3458/2999 2624/3459/2998 2625/3460/3000
f 2602/3458/2999 2625/3460/3000 2603/3453/2995
f 2603/3453/2995 2625/3460/3000 2626/3461/3001
f 2603/3453/2995 2626/3461/3001 2622/3454/2996
f 2608/3434/2975 2627/3462/3002 2601/3426/2976
f 2601/3426/2976 2627/3462/3002 2628/3463/3003
f 2601/3426/2976 2628/3463/3003 2602/3427/2999
f 2602/3427/2999 2628/3463/3003 2629/3464/3004
f 2602/3457/2999 2629/3465/3004 2623/3455/2997
f 2452/3336/2896 2550/3335/2895 2453/3466/3005
f 2453/3466/3005 2550/3335/2895 2630/3467/3006
f 2453/3466/3005 2630/3467/3006 2455/3468/3007
f 2455/3468/3007 2630/3467/3006 2631/3469/3008
f 2455/3468/3007 2631/3469/3008 2448/3470/3009
f 2448/3470/3009 2631/3469/3008 2632/3471/3010
f 2448/3470/3009 2632/3471/3010 2447/3472/3011
f 2447/3472/3011 2632/3471/3010 2633/3473/3012
f 2447/3472/3011 2633/3473/3012 2445/3474/3013
f 2445/3474/3013 2633/3473/3012 2634/3475/3014
f 2445/3474/3013 2634/3475/3014 2433/3476/3015
f 2433/3476/3015 2634/3475/3014 2635/3477/3016
f 2433/3476/3015 2635/3477/3016 2434/3478/3017
f 2434/3478/3017 2635/3477/3016 2636/3479/3018
f 2434/3478/3017 2636/3479/3018 2439/3480/3019
f 2439/3480/3019 2636/3479/3018 2637/3481/3020
f 2439/3480/3019 2637/3481/3020 2441/3482/3021
f 2441/3482/3021 2637/3481/3020 2638/3483/3022
f 2441/3482/3021 2638/3483/3022 2442/3484/3023
f 2442/3484/3023 2638/3483/3022 2639/3485/3024
f 2442/3484/3023 2639/3485/3024 2431/3486/3025
f 2431/3486/3025 2639/3485/3024 2640/3487/3026
f 2431/3486/3025 2640/3487/3026 2418/3488/3027
f 2418/3488/3027 2640/3487/3026 2641/3489/3028
f 2418/3488/3027 2641/3489/3028 2419/3490/3029
f 2419/3490/3029 2641/3489/3028 2642/3491/3030
f 2419/3490/3029 2642/3491/3030 2421/3492/3031
f 2421/3492/3031 2642/3491/3030 2643/3493/3032
f 2421/3492/3031 2643/3493/3032 2422/3494/3033
f 2422/3494/3033 2643/3493/3032 2644/3495/3034
f 2422/3494/3033 2644/3495/3034 2417/3496/3035
f 2417/3496/3035 2644/3495/3034 2645/3497/3036
f 2533/3310/3037 2534/3311/3038 2646/3498/3039
f 2646/3498/3039 2534/3311/3038 2535/3312/3040
f 2646/3498/3039 2535/3312/3040 2529/3306/3041
f 2538/3318/3042 2647/3499/3043 2536/3313/3044
f 2536/3313/3044 2647/3499/3043 2646/3498/3039
f 2536/3313/3044 2646/3498/3039 2528/3305/3045
f 2528/3305/3045 2646/3498/3039 2529/3306/3041
f 2648/3500/3046 2581/3388/3047 2533/3310/3037
f 2555/3345/2905 2649/3501/3048 2650/3502/3049
f 2533/3310/3037 2651/3503/3050 2648/3500/3046
f 2648/3500/3046 2651/3503/3050 2652/3504/3051
f 2648/3500/3046 2652/3504/3051 2653/3505/3052
f 2653/3505/3052 2652/3504/3051 2654/3506/3053
f 2653/3505/3052 2654/3506/3053 2655/3507/3054
f 2655/3507/3054 2654/3506/3053 2656/3508/3055
f 2655/3507/3054 2656/3508/3055 2657/3509/3056
f 2657/3509/3056 2656/3508/3055 2658/3510/3057
f 2657/3509/3056 2658/3510/3057 2659/3511/3058
f 2659/3511/3058 2658/3510/3057 2660/3512/3059
f 2659/3511/3058 2660/3512/3059 2661/3513/3060
f 2661/3513/3060 2660/3512/3059 2662/3514/3061
f 2661/3513/3060 2662/3514/3061 2663/3515/3062
f 2663/3515/3062 2662/3514/3061 2664/3516/3063
f 2663/3515/3062 2664/3516/3063 2665/3517/3064
f 2665/3517/3064 2664/3516/3063 2666/3518/3065
f 2665/3517/3064 2666/3518/3065 2667/3519/3066
f 2667/3519/3066 2666/3518/3065 2668/3520/3067
f 2667/3519/3066 2668/3520/3067 2669/3521/3068
f 2669/3521/3068 2668/3520/3067 2670/3522/3069
f 2669/3521/3068 2670/3522/3069 2671/3523/3070
f 2671/3523/3070 2670/3522/3069 2672/3524/3071
f 2671/3523/3070 2672/3524/3071 2673/3525/3072
f 2673/3525/3072 2672/3524/3071 2674/3526/3073
f 2673/3525/3072 2674/3526/3073 2675/3527/3074
f 2675/3527/3074 2674/3526/3073 2676/3528/3075
f 2675/3527/3074 2676/3528/3075 2677/3529/3076
f 2677/3529/3076 2676/3528/3075 2678/3530/3077
f 2677/3529/3076 2678/3530/3077 2679/3531/3078
f 2679/3531/3078 2678/3530/3077 2680/3532/3079
f 2679/3531/3078 2680/3532/3079 2681/3533/3080
f 2533/3310/3037 2646/3498/3039 2651/3503/3050
f 2651/3503/3050 2646/3498/3039 2682/3534/3081
f 2651/3503/3050 2682/3534/3081 2652/3504/3051
f 2652/3504/3051 2682/3534/3081 2683/3535/3082
f 2652/3504/3051 2683/3535/3082 2654/3506/3053
f 2654/3506/3053 2683/3535/3082 2684/3536/3083
f 2654/3506/3053 2684/3536/3083 2656/3508/3055
f 2656/3508/3055 2684/3536/3083 2685/3537/3084
f 2656/3508/3055 2685/3537/3084 2658/3510/3057
f 2658/3510/3057 2685/3537/3084 2686/3538/3085
f 2658/3510/3057 2686/3538/3085 2660/3512/3059
f 2660/3512/3059 2686/3538/3085 2687/3539/3086
f 2660/3512/3059 2687/3539/3086 2662/3514/3061
f 2662/3514/3061 2687/3539/3086 2688/3540/3087
f 2662/3514/3061 2688/3540/3087 2664/3516/3063
f 2664/3516/3063 2688/3540/3087 2689/3541/3088
f 2664/3516/3063 2689/3541/3088 2666/3518/3065
f 2666/3518/3065 2689/3541/3088 2690/3542/3089
f 2666/3518/3065 2690/3542/3089 2668/3520/3067
f 2668/3520/3067 2690/3542/3089 2691/3543/3090
f 2668/3520/3067 2691/3543/3090 2670/3522/3069
f 2670/3522/3069 2691/3543/3090 2692/3544/3091
f 2670/3522/3069 2692/3544/3091 2672/3524/3071
f 2672/3524/3071 2692/3544/3091 2693/3545/3092
f 2672/3524/3071 2693/3545/3092 2674/3526/3073
f 2674/3526/3073 2693/3545/3092 2694/3546/3093
f 2674/3526/3073 2694/3546/3093 2676/3528/3075
f 2676/3528/3075 2694/3546/3093 2650/3502/3049
f 2676/3528/3075 2650/3502/3049 2678/3530/3077
f 2678/3530/3077 2650/3502/3049 2649/3501/3048
f 2678/3530/3077 2649/3501/3048 2680/3532/3079
f 2555/3345/2905 2650/3502/3049 2556/3347/2907
f 2556/3347/2907 2650/3502/3049 2694/3546/3093
f 2556/3347/2907 2694/3546/3093 2557/3547/2909
f 2557/3547/2909 2694/3546/3093 2693/3545/3092
f 2557/3547/2909 2693/3545/3092 2558/3548/2911
f 2558/3548/2911 2693/3545/3092 2692/3544/3091
f 2558/3548/2911 2692/3544/3091 2559/3549/2913
f 2559/3549/2913 2692/3544/3091 2691/3543/3090
f 2559/3549/2913 2691/3543/3090 2560/3550/2915
f 2560/3550/2915 2691/3543/3090 2690/3542/3089
f 2560/3550/2915 2690/3542/3089 2561/3551/2917
f 2561/3551/2917 2690/3542/3089 2689/3541/3088
f 2561/3551/2917 2689/3541/3088 2562/3552/2919
f 2562/3552/2919 2689/3541/3088 2688/3540/3087
f 2562/3552/2919 2688/3540/3087 2563/3553/2921
f 2563/3553/2921 2688/3540/3087 2687/3539/3086
f 2563/3553/2921 2687/3539/3086 2564/3554/2923
f 2564/3554/2923 2687/3539/3086 2686/3538/3085
f 2564/3554/2923 2686/3538/3085 2565/3555/2925
f 2565/3555/2925 2686/3538/3085 2685/3537/3084
f 2565/3555/2925 2685/3537/3084 2566/3371/2927
f 2566/3371/2927 2685/3537/3084 2684/3536/3083
f 2566/3371/2927 2684/3536/3083 2554/3343/2903
f 2554/3343/2903 2684/3536/3083 2683/3535/3082
f 2554/3343/2903 2683/3535/3082 2553/3341/2901
f 2553/3341/2901 2683/3535/3082 2682/3534/3081
f 2553/3341/2901 2682/3534/3081 2552/3339/2899
f 2552/3339/2899 2682/3534/3081 2646/3498/3039
f 2552/3339/2899 2646/3498/3039 2551/3337/2897
f 2551/3337/2897 2646/3498/3039 2647/3499/3043
f 2551/3337/2897 2647/3499/3043 2550/3335/2895
f 2580/3387/3094 2695/3556/3095 2696/3557/3096
f 2578/3385/3097 2583/3390/3098 2697/3558/3099
f 2582/3389/3100 2581/3388/3047 2648/3500/3046
f 2578/3385/3097 2697/3558/3099 2579/3386/3101
f 2580/3387/3094 2696/3557/3096 2575/3382/3102
f 2698/3559/3103 2699/3560/3104 2576/3383/3105
f 2576/3383/3105 2699/3560/3104 2700/3561/3106
f 2576/3383/3105 2700/3561/3106 2577/3384/3107
f 2577/3384/3107 2700/3561/3106 2567/3374/3108
f 2700/3561/3106 2701/3562/3109 2567/3374/3108
f 2567/3374/3108 2701/3562/3109 2702/3563/3110
f 2567/3374/3108 2702/3563/3110 2568/3375/3111
f 2702/3563/3110 2703/3564/3112 2568/3375/3111
f 2568/3375/3111 2703/3564/3112 2704/3565/3113
f 2568/3375/3111 2704/3565/3113 2570/3377/3114
f 2570/3377/3114 2704/3565/3113 2705/3566/3115
f 2570/3377/3114 2705/3566/3115 2706/3567/3116
f 2707/3568/3117 2572/3379/3118 2706/3567/3116
f 2706/3567/3116 2572/3379/3118 2571/3378/3119
f 2706/3567/3116 2571/3378/3119 2570/3377/3114
f 2708/3569/3120 2574/3381/3121 2573/3380/3122
f 2707/3568/3117 2709/3570/3123 2572/3379/3118
f 2572/3379/3118 2709/3570/3123 2710/3571/3124
f 2572/3379/3118 2710/3571/3124 2573/3380/3122
f 2573/3380/3122 2710/3571/3124 2711/3572/3125
f 2573/3380/3122 2711/3572/3125 2708/3569/3120
f 2708/3569/3120 2711/3572/3125 2712/3573/3126
f 2713/3574/3127 2714/3575/3128 2712/3573/3126
f 2712/3573/3126 2714/3575/3128 2715/3576/3129
f 2712/3573/3126 2715/3576/3129 2708/3569/3120
f 2712/3573/3126 2716/3577/3130 2713/3574/3127
f 2713/3574/3127 2716/3577/3130 2679/3531/3078
f 2713/3574/3127 2679/3531/3078 2681/3533/3080
f 2580/3387/3094 2579/3386/3101 2695/3556/3095
f 2695/3556/3095 2579/3386/3101 2697/3558/3099
f 2695/3556/3095 2697/3558/3099 2696/3557/3096
f 2696/3557/3096 2697/3558/3099 2717/3578/3131
f 2696/3557/3096 2717/3578/3131 2718/3579/3132
f 2718/3579/3132 2717/3578/3131 2719/3580/3133
f 2718/3579/3132 2719/3580/3133 2720/3581/3134
f 2720/3581/3134 2719/3580/3133 2721/3582/3135
f 2720/3581/3134 2721/3582/3135 2722/3583/3136
f 2722/3583/3136 2721/3582/3135 2723/3584/3137
f 2722/3583/3136 2723/3584/3137 2724/3585/3138
f 2724/3585/3138 2723/3584/3137 2725/3586/3139
f 2724/3585/3138 2725/3586/3139 2726/3587/3140
f 2726/3587/3140 2725/3586/3139 2727/3588/3141
f 2726/3587/3140 2727/3588/3141 2728/3589/3142
f 2728/3589/3142 2727/3588/3141 2729/3590/3143
f 2728/3589/3142 2729/3590/3143 2730/3591/3144
f 2730/3591/3144 2729/3590/3143 2731/3592/3145
f 2730/3591/3144 2731/3592/3145 2732/3593/3146
f 2732/3593/3146 2731/3592/3145 2733/3594/3147
f 2732/3593/3146 2733/3594/3147 2734/3595/3148
f 2734/3595/3148 2733/3594/3147 2735/3596/3149
f 2734/3595/3148 2735/3596/3149 2736/3597/3150
f 2736/3597/3150 2735/3596/3149 2737/3598/3151
f 2736/3597/3150 2737/3598/3151 2738/3599/3152
f 2738/3599/3152 2737/3598/3151 2739/3600/3153
f 2738/3599/3152 2739/3600/3153 2740/3601/3154
f 2740/3601/3154 2739/3600/3153 2741/3602/3155
f 2583/3390/3098 2582/3389/3100 2697/3558/3099
f 2697/3558/3099 2582/3389/3100 2648/3500/3046
f 2697/3558/3099 2648/3500/3046 2717/3578/3131
f 2717/3578/3131 2648/3500/3046 2653/3505/3052
f 2717/3578/3131 2653/3505/3052 2719/3580/3133
f 2719/3580/3133 2653/3505/3052 2655/3507/3054
f 2719/3580/3133 2655/3507/3054 2721/3582/3135
f 2721/3582/3135 2655/3507/3054 2657/3509/3056
f 2721/3582/3135 2657/3509/3056 2723/3584/3137
f 2723/3584/3137 2657/3509/3056 2659/3511/3058
f 2723/3584/3137 2659/3511/3058 2725/3586/3139
f 2725/3586/3139 2659/3511/3058 2661/3513/3060
f 2725/3586/3139 2661/3513/3060 2727/3588/3141
f 2727/3588/3141 2661/3513/3060 2663/3515/3062
f 2727/3588/3141 2663/3515/3062 2729/3590/3143
f 2729/3590/3143 2663/3515/3062 2665/3517/3064
f 2729/3590/3143 2665/3517/3064 2731/3592/3145
f 2731/3592/3145 2665/3517/3064 2667/3519/3066
f 2731/3592/3145 2667/3519/3066 2733/3594/3147
f 2733/3594/3147 2667/3519/3066 2669/3521/3068
f 2733/3594/3147 2669/3521/3068 2735/3596/3149
f 2735/3596/3149 2669/3521/3068 2671/3523/3070
f 2735/3596/3149 2671/3523/3070 2737/3598/3151
f 2737/3598/3151 2671/3523/3070 2673/3525/3072
f 2737/3598/3151 2673/3525/3072 2739/3600/3153
f 2739/3600/3153 2673/3525/3072 2675/3527/3074
f 2739/3600/3153 2675/3527/3074 2741/3602/3155
f 2741/3602/3155 2675/3527/3074 2677/3529/3076
f 2576/3383/3105 2575/3382/3102 2698/3559/3103
f 2698/3559/3103 2575/3382/3102 2696/3557/3096
f 2698/3559/3103 2696/3557/3096 2699/3560/3104
f 2699/3560/3104 2696/3557/3096 2718/3579/3132
f 2699/3560/3104 2718/3579/3132 2700/3561/3106
f 2700/3561/3106 2718/3579/3132 2720/3581/3134
f 2700/3561/3106 2720/3581/3134 2701/3562/3109
f 2701/3562/3109 2720/3581/3134 2722/3583/3136
f 2701/3562/3109 2722/3583/3136 2702/3563/3110
f 2702/3563/3110 2722/3583/3136 2724/3585/3138
f 2702/3563/3110 2724/3585/3138 2703/3564/3112
f 2703/3564/3112 2724/3585/3138 2726/3587/3140
f 2703/3564/3112 2726/3587/3140 2704/3565/3113
f 2704/3565/3113 2726/3587/3140 2728/3589/3142
f 2704/3565/3113 2728/3589/3142 2705/3566/3115
f 2705/3566/3115 2728/3589/3142 2730/3591/3144
f 2705/3566/3115 2730/3591/3144 2706/3567/3116
f 2706/3567/3116 2730/3591/3144 2732/3593/3146
f 2706/3567/3116 2732/3593/3146 2707/3568/3117
f 2707/3568/3117 2732/3593/3146 2734/3595/3148
f 2707/3568/3117 2734/3595/3148 2709/3570/3123
f 2709/3570/3123 2734/3595/3148 2736/3597/3150
f 2709/3570/3123 2736/3597/3150 2710/3571/3124
f 2710/3571/3124 2736/3597/3150 2738/3599/3152
f 2710/3571/3124 2738/3599/3152 2711/3572/3125
f 2711/3572/3125 2738/3599/3152 2740/3601/3154
f 2711/3572/3125 2740/3601/3154 2712/3573/3126
f 2712/3573/3126 2740/3601/3154 2741/3602/3155
f 2712/3573/3126 2741/3602/3155 2716/3577/3130
f 2716/3577/3130 2741/3602/3155 2677/3529/3076
f 2716/3577/3130 2677/3529/3076 2679/3531/3078
f 2742/3603/3156 2743/3604/3157 2744/3605/3158
f 2744/3605/3158 2743/3604/3157 2745/3606/3159
f 2744/3605/3158 2745/3606/3159 2746/3607/3160
f 2746/3607/3160 2745/3606/3159 2747/3608/3161
f 2746/3607/3160 2747/3608/3161 2748/3609/3162
f 2748/3609/3162 2747/3608/3161 2681/3533/3080
f 2748/3609/3162 2681/3533/3080 2680/3532/3079
f 2749/3610/3163 2750/3611/3164 2751/3612/3165
f 2751/3612/3165 2750/3611/3164 2752/3613/3166
f 2751/3612/3165 2752/3613/3166 2742/3603/3156
f 2742/3603/3156 2752/3613/3166 2753/3614/3167
f 2742/3603/3156 2753/3614/3167 2743/3604/3157
f 2749/3610/3163 2751/3612/3165 2754/3615/3168
f 2754/3615/3168 2751/3612/3165 2755/3616/3169
f 2754/3615/3168 2755/3616/3169 2756/3617/3170
f 2756/3617/3170 2755/3616/3169 2757/3618/3171
f 2756/3617/3170 2757/3618/3171 2758/3619/3172
f 2758/3619/3172 2757/3618/3171 2759/3620/3173
f 2758/3619/3172 2759/3620/3173 2760/3621/3174
f 2760/3621/3174 2759/3620/3173 2761/3622/3175
f 2760/3621/3174 2761/3622/3175 2762/3623/3176
f 2762/3623/3176 2761/3622/3175 2763/3624/3177
f 2762/3623/3176 2763/3624/3177 2764/3625/3178
f 2765/3626/3179 2766/3627/3180 2767/3628/3181
f 2767/3628/3181 2766/3627/3180 2768/3629/3182
f 2767/3628/3181 2768/3629/3182 2763/3624/3177
f 2763/3624/3177 2768/3629/3182 2769/3630/3183
f 2763/3624/3177 2769/3630/3183 2764/3625/3178
f 2767/3628/3181 2770/3631/3184 2765/3626/3179
f 2765/3626/3179 2770/3631/3184 2771/3632/3185
f 2765/3626/3179 2771/3632/3185 2772/3633/3186
f 2773/3634/3187 2774/3635/3188 2775/3636/3189
f 2775/3636/3189 2774/3635/3188 2776/3637/3190
f 2775/3636/3189 2776/3637/3190 2771/3632/3185
f 2771/3632/3185 2776/3637/3190 2777/3638/3191
f 2771/3632/3185 2777/3638/3191 2772/3633/3186
f 2775/3636/3189 2778/3639/3192 2773/3634/3187
f 2773/3634/3187 2778/3639/3192 2779/3640/3193
f 2773/3634/3187 2779/3640/3193 2780/3641/3194
f 2781/3642/3195 2779/3640/3193 2782/3643/3196
f 2782/3643/3196 2779/3640/3193 2778/3639/3192
f 2782/3643/3196 2778/3639/3192 2783/3644/3197
f 2783/3644/3197 2778/3639/3192 2775/3636/3189
f 2783/3644/3197 2775/3636/3189 2784/3645/3198
f 2784/3645/3198 2775/3636/3189 2771/3632/3185
f 2784/3645/3198 2771/3632/3185 2785/3646/3199
f 2785/3646/3199 2771/3632/3185 2770/3631/3184
f 2785/3646/3199 2770/3631/3184 2786/3647/3200
f 2786/3647/3200 2770/3631/3184 2767/3628/3181
f 2786/3647/3200 2767/3628/3181 2787/3648/3201
f 2787/3648/3201 2767/3628/3181 2763/3624/3177
f 2787/3648/3201 2763/3624/3177 2788/3649/3202
f 2788/3649/3202 2763/3624/3177 2761/3622/3175
f 2788/3649/3202 2761/3622/3175 2789/3650/3203
f 2789/3650/3203 2761/3622/3175 2759/3620/3173
f 2789/3650/3203 2759/3620/3173 2790/3651/3204
f 2790/3651/3204 2759/3620/3173 2757/3618/3171
f 2790/3651/3204 2757/3618/3171 2791/3652/3205
f 2791/3652/3205 2757/3618/3171 2755/3616/3169
f 2791/3652/3205 2755/3616/3169 2792/3653/3206
f 2792/3653/3206 2755/3616/3169 2751/3612/3165
f 2792/3653/3206 2751/3612/3165 2793/3654/3207
f 2793/3654/3207 2751/3612/3165 2742/3603/3156
f 2793/3654/3207 2742/3603/3156 2794/3655/3208
f 2794/3655/3208 2742/3603/3156 2744/3605/3158
f 2794/3655/3208 2744/3605/3158 2795/3656/3209
f 2795/3656/3209 2744/3605/3158 2746/3607/3160
f 2795/3656/3209 2746/3607/3160 2796/3657/3210
f 2796/3657/3210 2746/3607/3160 2748/3609/3162
f 2796/3657/3210 2748/3609/3162 2649/3501/3048
f 2649/3501/3048 2748/3609/3162 2680/3532/3079
f 2584/3392/2941 2781/3642/3195 2585/3393/2942
f 2585/3393/2942 2781/3642/3195 2782/3643/3196
f 2585/3393/2942 2782/3643/3196 2586/3395/2944
f 2586/3395/2944 2782/3643/3196 2783/3644/3197
f 2586/3395/2944 2783/3644/3197 2587/3398/2947
f 2587/3398/2947 2783/3644/3197 2784/3645/3198
f 2587/3398/2947 2784/3645/3198 2588/3400/2949
f 2588/3400/2949 2784/3645/3198 2785/3646/3199
f 2588/3400/2949 2785/3646/3199 2589/3402/2951
f 2589/3402/2951 2785/3646/3199 2786/3647/3200
f 2589/3402/2951 2786/3647/3200 2590/3404/2953
f 2590/3404/2953 2786/3647/3200 2787/3648/3201
f 2590/3404/2953 2787/3648/3201 2591/3406/2955
f 2591/3406/2955 2787/3648/3201 2788/3649/3202
f 2591/3406/2955 2788/3649/3202 2592/3408/2957
f 2592/3408/2957 2788/3649/3202 2789/3650/3203
f 2592/3408/2957 2789/3650/3203 2593/3410/2959
f 2593/3410/2959 2789/3650/3203 2790/3651/3204
f 2593/3410/2959 2790/3651/3204 2594/3412/2961
f 2594/3412/2961 2790/3651/3204 2791/3652/3205
f 2594/3412/2961 2791/3652/3205 2595/3414/2963
f 2595/3414/2963 2791/3652/3205 2792/3653/3206
f 2595/3414/2963 2792/3653/3206 2596/3416/2965
f 2596/3416/2965 2792/3653/3206 2793/3654/3207
f 2596/3416/2965 2793/3654/3207 2597/3418/2967
f 2597/3418/2967 2793/3654/3207 2794/3655/3208
f 2597/3418/2967 2794/3655/3208 2598/3420/2969
f 2598/3420/2969 2794/3655/3208 2795/3656/3209
f 2598/3420/2969 2795/3656/3209 2599/3422/2971
f 2599/3422/2971 2795/3656/3209 2796/3657/3210
f 2599/3422/2971 2796/3657/3210 2555/3345/2905
f 2555/3345/2905 2796/3657/3210 2649/3501/3048
f 2417/3496/3035 2645/3497/3036 2797/3658/3211
f 2417/3496/3035 2797/3658/3211 2415/3659/3212
f 2415/3659/3212 2797/3658/3211 2798/3660/3213
f 2415/3659/3212 2798/3660/3213 2386/3661/3214
f 2386/3661/3214 2798/3660/3213 2799/3662/3215
f 2386/3661/3214 2799/3662/3215 2387/3663/3216
f 2387/3663/3216 2799/3662/3215 2800/3664/3217
f 2387/3663/3216 2800/3664/3217 2407/3665/3218
f 2407/3665/3218 2800/3664/3217 2801/3666/3219
f 2407/3665/3218 2801/3666/3219 2406/3667/3220
f 2406/3667/3220 2801/3666/3219 2802/3668/3221
f 2406/3667/3220 2802/3668/3221 2383/3669/3222
f 2383/3669/3222 2802/3668/3221 2803/3670/3223
f 2383/3669/3222 2803/3670/3223 2384/3671/3224
f 2384/3671/3224 2803/3670/3223 2804/3672/3225
f 2384/3671/3224 2804/3672/3225 2398/3673/3226
f 2398/3673/3226 2804/3672/3225 2805/3674/3227
f 2398/3673/3226 2805/3674/3227 2400/3675/3228
f 2400/3675/3228 2805/3674/3227 2806/3676/3229
f 2400/3675/3228 2806/3676/3229 2402/3677/3230
f 2402/3677/3230 2806/3676/3229 2807/3678/3231
f 2402/3677/3230 2807/3678/3231 2403/3679/3232
f 2403/3679/3232 2807/3678/3231 2808/3680/3233
f 2403/3679/3232 2808/3680/3233 2409/3681/3234
f 2409/3681/3234 2808/3680/3233 2809/3682/3235
f 2409/3681/3234 2809/3682/3235 2410/3683/3236
f 2410/3683/3236 2809/3682/3235 2810/3684/3237
f 2410/3683/3236 2810/3684/3237 2395/3685/3238
f 2395/3685/3238 2810/3684/3237 2811/3686/3239
f 2395/3685/3238 2811/3686/3239 2396/3687/3240
f 2396/3687/3240 2811/3686/3239 2584/3392/2941
f 2396/3687/3240 2584/3392/2941 2391/3391/2940
f 2600/3437/2979 2610/3436/2978 2812/3688/3241
f 2812/3688/3241 2813/3689/3242 2600/3437/2979
f 2600/3437/2979 2813/3689/3242 2814/3690/3243
f 2600/3437/2979 2814/3690/3243 2815/3691/3244
f 2815/3691/3244 2816/3692/3241 2600/3437/2979
f 2600/3437/2979 2816/3692/3241 2817/3693/3242
f 2600/3437/2979 2817/3693/3242 2818/3694/3242
f 2818/3694/3242 2819/3695/3241 2600/3437/2979
f 2600/3437/2979 2819/3695/3241 2820/3696/3241
f 2600/3437/2979 2820/3696/3241 2821/3697/3245
f 2821/3697/3245 2822/3698/3241 2600/3437/2979
f 2600/3437/2979 2822/3698/3241 2823/3699/3241
f 2600/3437/2979 2823/3699/3241 2548/3333/2893
f 2548/3333/2893 2823/3699/3241 2824/3700/3241
f 2548/3333/2893 2824/3700/3241 2549/3334/2894
f 2547/3701/3246 2549/3702/3247 2825/3703/3248
f 2826/3704/3249 2827/3705/3250 2828/3706/3251
f 2828/3706/3251 2827/3705/3250 2829/3707/3252
f 2828/3706/3251 2829/3707/3252 2830/3708/3253
f 2830/3708/3253 2829/3707/3252 2831/3709/3254
f 2830/3708/3253 2831/3709/3254 2832/3710/3255
f 2832/3710/3255 2831/3709/3254 2833/3711/3256
f 2832/3710/3255 2833/3711/3256 2834/3712/3257
f 2835/3713/3258 2836/3714/3259 2837/3715/3260
f 2837/3715/3260 2836/3714/3259 2838/3716/3261
f 2837/3715/3260 2838/3716/3261 2826/3704/3249
f 2826/3704/3249 2838/3716/3261 2839/3717/3262
f 2826/3704/3249 2839/3717/3262 2827/3705/3250
f 2835/3713/3258 2837/3715/3260 2840/3718/3263
f 2840/3718/3263 2837/3715/3260 2841/3719/3264
f 2840/3718/3263 2841/3719/3264 2842/3720/3265
f 2842/3720/3265 2841/3719/3264 2843/3721/3266
f 2842/3720/3265 2843/3721/3266 2844/3722/3267
f 2844/3722/3267 2843/3721/3266 2845/3723/3268
f 2844/3722/3267 2845/3723/3268 2846/3724/3269
f 2846/3724/3269 2845/3723/3268 2847/3725/3270
f 2846/3724/3269 2847/3725/3270 2848/3726/3271
f 2848/3726/3271 2847/3725/3270 2849/3727/3272
f 2848/3726/3271 2849/3727/3272 2850/3728/3273
f 2850/3728/3273 2849/3727/3272 2851/3729/3274
f 2850/3728/3273 2851/3729/3274 2852/3730/3275
f 2853/3731/3276 2854/3732/3277 2855/3733/3278
f 2855/3733/3278 2854/3732/3277 2856/3734/3279
f 2855/3733/3278 2856/3734/3279 2851/3729/3274
f 2851/3729/3274 2856/3734/3279 2857/3735/3280
f 2851/3729/3274 2857/3735/3280 2852/3730/3275
f 2855/3733/3278 2858/3736/3281 2853/3731/3276
f 2853/3731/3276 2858/3736/3281 2859/3737/3282
f 2853/3731/3276 2859/3737/3282 2860/3738/3283
f 2860/3738/3283 2859/3737/3282 2861/3739/3284
f 2861/3739/3284 2859/3737/3282 2825/3703/3248
f 2861/3739/3284 2825/3703/3248 2862/3740/3285
f 2862/3740/3285 2825/3703/3248 2549/3702/3247
f 2862/3740/3285 2549/3702/3247 2824/3741/3286
f 2541/3324/3287 2863/3742/3288 2540/3323/3289
f 2540/3323/3289 2863/3742/3288 2647/3499/3043
f 2540/3323/3289 2647/3499/3043 2538/3318/3042
f 2541/3324/3287 2543/3326/3290 2863/3742/3288
f 2863/3742/3288 2543/3326/3290 2544/3743/3291
f 2863/3742/3288 2544/3743/3291 2546/3744/3292
f 2546/3744/3292 2547/3701/3246 2863/3742/3288
f 2863/3742/3288 2547/3701/3246 2825/3703/3248
f 2863/3742/3288 2825/3703/3248 2864/3745/3293
f 2864/3745/3293 2825/3703/3248 2859/3737/3282
f 2864/3745/3293 2859/3737/3282 2865/3746/3294
f 2865/3746/3294 2859/3737/3282 2858/3736/3281
f 2865/3746/3294 2858/3736/3281 2866/3747/3295
f 2866/3747/3295 2858/3736/3281 2855/3733/3278
f 2866/3747/3295 2855/3733/3278 2867/3748/3296
f 2867/3748/3296 2855/3733/3278 2851/3729/3274
f 2867/3748/3296 2851/3729/3274 2868/3749/3297
f 2868/3749/3297 2851/3729/3274 2849/3727/3272
f 2868/3749/3297 2849/3727/3272 2869/3750/3298
f 2869/3750/3298 2849/3727/3272 2847/3725/3270
f 2869/3750/3298 2847/3725/3270 2870/3751/3299
f 2870/3751/3299 2847/3725/3270 2845/3723/3268
f 2870/3751/3299 2845/3723/3268 2871/3752/3300
f 2871/3752/3300 2845/3723/3268 2843/3721/3266
f 2871/3752/3300 2843/3721/3266 2872/3753/3301
f 2872/3753/3301 2843/3721/3266 2841/3719/3264
f 2872/3753/3301 2841/3719/3264 2873/3754/3302
f 2873/3754/3302 2841/3719/3264 2837/3715/3260
f 2873/3754/3302 2837/3715/3260 2874/3755/3303
f 2874/3755/3303 2837/3715/3260 2826/3704/3249
f 2874/3755/3303 2826/3704/3249 2875/3756/3304
f 2875/3756/3304 2826/3704/3249 2828/3706/3251
f 2875/3756/3304 2828/3706/3251 2876/3757/3305
f 2876/3757/3305 2828/3706/3251 2830/3708/3253
f 2876/3757/3305 2830/3708/3253 2877/3758/3306
f 2877/3758/3306 2830/3708/3253 2832/3710/3255
f 2877/3758/3306 2832/3710/3255 2878/3759/3307
f 2878/3759/3307 2832/3710/3255 2834/3712/3257
f 2879/3760/3308 2645/3497/3036 2880/3761/3309
f 2880/3761/3309 2645/3497/3036 2644/3495/3034
f 2880/3761/3309 2644/3495/3034 2881/3762/3310
f 2881/3762/3310 2644/3495/3034 2643/3493/3032
f 2881/3762/3310 2643/3493/3032 2882/3763/3311
f 2882/3763/3311 2643/3493/3032 2642/3491/3030
f 2882/3763/3311 2642/3491/3030 2883/3764/3312
f 2883/3764/3312 2642/3491/3030 2641/3489/3028
f 2883/3764/3312 2641/3489/3028 2884/3765/3313
f 2884/3765/3313 2641/3489/3028 2640/3487/3026
f 2884/3765/3313 2640/3487/3026 2885/3766/3314
f 2885/3766/3314 2640/3487/3026 2639/3485/3024
f 2885/3766/3314 2639/3485/3024 2886/3767/3315
f 2886/3767/3315 2639/3485/3024 2638/3483/3022
f 2886/3767/3315 2638/3483/3022 2887/3768/3316
f 2887/3768/3316 2638/3483/3022 2637/3481/3020
f 2887/3768/3316 2637/3481/3020 2636/3479/3018
f 2550/3335/2895 2647/3499/3043 2630/3467/3006
f 2630/3467/3006 2647/3499/3043 2863/3742/3288
f 2630/3467/3006 2863/3742/3288 2631/3469/3008
f 2631/3469/3008 2863/3742/3288 2864/3745/3293
f 2631/3469/3008 2864/3745/3293 2632/3471/3010
f 2632/3471/3010 2864/3745/3293 2865/3746/3294
f 2632/3471/3010 2865/3746/3294 2633/3473/3012
f 2633/3473/3012 2865/3746/3294 2866/3747/3295
f 2633/3473/3012 2866/3747/3295 2634/3475/3014
f 2634/3475/3014 2866/3747/3295 2867/3748/3296
f 2634/3475/3014 2867/3748/3296 2635/3477/3016
f 2635/3477/3016 2867/3748/3296 2868/3749/3297
f 2635/3477/3016 2868/3749/3297 2636/3479/3018
f 2636/3479/3018 2868/3749/3297 2869/3750/3298
f 2636/3479/3018 2869/3750/3298 2887/3768/3316
f 2887/3768/3316 2869/3750/3298 2870/3751/3299
f 2887/3768/3316 2870/3751/3299 2886/3767/3315
f 2886/3767/3315 2870/3751/3299 2871/3752/3300
f 2886/3767/3315 2871/3752/3300 2885/3766/3314
f 2885/3766/3314 2871/3752/3300 2872/3753/3301
f 2885/3766/3314 2872/3753/3301 2884/3765/3313
f 2884/3765/3313 2872/3753/3301 2873/3754/3302
f 2884/3765/3313 2873/3754/3302 2883/3764/3312
f 2883/3764/3312 2873/3754/3302 2874/3755/3303
f 2883/3764/3312 2874/3755/3303 2882/3763/3311
f 2882/3763/3311 2874/3755/3303 2875/3756/3304
f 2882/3763/3311 2875/3756/3304 2881/3762/3310
f 2881/3762/3310 2875/3756/3304 2876/3757/3305
f 2881/3762/3310 2876/3757/3305 2880/3761/3309
f 2880/3761/3309 2876/3757/3305 2877/3758/3306
f 2880/3761/3309 2877/3758/3306 2879/3760/3308
f 2879/3760/3308 2877/3758/3306 2878/3759/3307
f 2714/3575/3128 2713/3574/3127 2888/3769/3317
f 2889/3770/3318 2708/3569/3120 2715/3576/3129
f 2609/3435/3319 2574/3381/3121 2708/3569/3120
f 2708/3569/3120 2889/3770/3318 2609/3435/3319
f 2609/3435/3319 2889/3770/3318 2890/3771/3320
f 2609/3435/3319 2890/3771/3320 2608/3434/3321
f 2608/3434/3321 2890/3771/3320 2891/3772/3322
f 2608/3434/3321 2891/3772/3322 2627/3462/3323
f 2627/3462/3323 2891/3772/3322 2892/3773/3324
f 2627/3462/3323 2892/3773/3324 2628/3463/3325
f 2892/3773/3324 2893/3774/3326 2628/3463/3325
f 2628/3463/3325 2893/3774/3326 2894/3775/3327
f 2628/3463/3325 2894/3775/3327 2629/3464/3328
f 2629/3464/3328 2894/3775/3327 2895/3776/3329
f 2629/3464/3328 2895/3776/3329 2623/3777/3330
f 2623/3777/3330 2895/3776/3329 2896/3778/3331
f 2623/3777/3330 2896/3778/3331 2624/3779/3332
f 2896/3778/3331 2897/3780/3333 2624/3779/3332
f 2624/3779/3332 2897/3780/3333 2898/3781/3334
f 2624/3779/3332 2898/3781/3334 2625/3782/3335
f 2898/3781/3334 2899/3783/3336 2625/3782/3335
f 2625/3782/3335 2899/3783/3336 2900/3784/3337
f 2625/3782/3335 2900/3784/3337 2626/3785/3338
f 2626/3785/3338 2900/3784/3337 2901/3786/3339
f 2626/3785/3338 2901/3786/3339 2622/3787/3340
f 2768/3629/3182 2902/3788/3341 2903/3789/3342
f 2904/3790/3343 2764/3625/3178 2903/3789/3342
f 2903/3789/3342 2764/3625/3178 2769/3630/3183
f 2903/3789/3342 2769/3630/3183 2768/3629/3182
f 2774/3635/3188 2773/3634/3187 2905/3791/3344
f 2774/3635/3188 2906/3792/3345 2776/3637/3190
f 2776/3637/3190 2906/3792/3345 2907/3793/3346
f 2908/3794/3347 2909/3795/3348 2905/3791/3344
f 2905/3791/3344 2909/3795/3348 2910/3796/3349
f 2768/3629/3182 2766/3627/3180 2902/3788/3341
f 2902/3788/3341 2766/3627/3180 2765/3626/3179
f 2902/3788/3341 2765/3626/3179 2911/3797/3350
f 2911/3797/3350 2765/3626/3179 2772/3633/3186
f 2911/3797/3350 2772/3633/3186 2907/3793/3346
f 2907/3793/3346 2772/3633/3186 2777/3638/3191
f 2907/3793/3346 2777/3638/3191 2776/3637/3190
f 2912/3798/3351 2750/3611/3164 2749/3610/3163
f 2912/3798/3351 2749/3610/3163 2913/3799/3352
f 2713/3574/3127 2681/3533/3080 2888/3769/3317
f 2888/3769/3317 2681/3533/3080 2747/3608/3161
f 2888/3769/3317 2747/3608/3161 2914/3800/3353
f 2914/3800/3353 2747/3608/3161 2745/3606/3159
f 2914/3800/3353 2745/3606/3159 2915/3801/3354
f 2915/3801/3354 2745/3606/3159 2743/3604/3157
f 2915/3801/3354 2743/3604/3157 2916/3802/3355
f 2916/3802/3355 2743/3604/3157 2753/3614/3167
f 2916/3802/3355 2753/3614/3167 2912/3798/3351
f 2912/3798/3351 2753/3614/3167 2752/3613/3166
f 2912/3798/3351 2752/3613/3166 2750/3611/3164
f 2906/3792/3345 2917/3803/3356 2907/3793/3346
f 2907/3793/3346 2917/3803/3356 2918/3804/3357
f 2907/3793/3346 2918/3804/3357 2911/3797/3350
f 2911/3797/3350 2918/3804/3357 2919/3805/3358
f 2911/3797/3350 2919/3805/3358 2902/3788/3341
f 2902/3788/3341 2919/3805/3358 2920/3806/3359
f 2902/3788/3341 2920/3806/3359 2903/3789/3342
f 2903/3789/3342 2920/3806/3359 2921/3807/3360
f 2903/3789/3342 2921/3807/3360 2904/3790/3343
f 2904/3790/3343 2921/3807/3360 2922/3808/3361
f 2904/3790/3343 2922/3808/3361 2923/3809/3362
f 2923/3809/3362 2922/3808/3361 2924/3810/3363
f 2923/3809/3362 2924/3810/3363 2925/3811/3364
f 2925/3811/3364 2924/3810/3363 2926/3812/3365
f 2925/3811/3364 2926/3812/3365 2913/3799/3352
f 2913/3799/3352 2926/3812/3365 2927/3813/3366
f 2913/3799/3352 2927/3813/3366 2912/3798/3351
f 2912/3798/3351 2927/3813/3366 2928/3814/3367
f 2912/3798/3351 2928/3814/3367 2916/3802/3355
f 2916/3802/3355 2928/3814/3367 2929/3815/3368
f 2916/3802/3355 2929/3815/3368 2915/3801/3354
f 2915/3801/3354 2929/3815/3368 2930/3816/3369
f 2915/3801/3354 2930/3816/3369 2914/3800/3353
f 2914/3800/3353 2930/3816/3369 2931/3817/3370
f 2914/3800/3353 2931/3817/3370 2888/3769/3317
f 2888/3769/3317 2931/3817/3370 2932/3818/3371
f 2888/3769/3317 2932/3818/3371 2714/3575/3128
f 2773/3634/3187 2780/3641/3194 2905/3791/3344
f 2905/3791/3344 2780/3641/3194 2933/3819/3372
f 2905/3791/3344 2933/3819/3372 2908/3794/3347
f 2909/3795/3348 2934/3820/3373 2910/3796/3349
f 2910/3796/3349 2934/3820/3373 2935/3821/3374
f 2910/3796/3349 2935/3821/3374 2901/3786/3339
f 2901/3786/3339 2935/3821/3374 2621/3822/3375
f 2901/3786/3339 2621/3822/3375 2622/3787/3340
f 2749/3610/3163 2754/3615/3168 2913/3799/3352
f 2913/3799/3352 2754/3615/3168 2756/3617/3170
f 2913/3799/3352 2756/3617/3170 2925/3811/3364
f 2925/3811/3364 2756/3617/3170 2758/3619/3172
f 2925/3811/3364 2758/3619/3172 2923/3809/3362
f 2923/3809/3362 2758/3619/3172 2760/3621/3174
f 2923/3809/3362 2760/3621/3174 2904/3790/3343
f 2904/3790/3343 2760/3621/3174 2762/3623/3176
f 2904/3790/3343 2762/3623/3176 2764/3625/3178
f 2774/3635/3188 2905/3791/3344 2906/3792/3345
f 2906/3792/3345 2905/3791/3344 2910/3796/3349
f 2906/3792/3345 2910/3796/3349 2917/3803/3356
f 2917/3803/3356 2910/3796/3349 2901/3786/3339
f 2917/3803/3356 2901/3786/3339 2918/3804/3357
f 2918/3804/3357 2901/3786/3339 2900/3784/3337
f 2918/3804/3357 2900/3784/3337 2919/3805/3358
f 2919/3805/3358 2900/3784/3337 2899/3783/3336
f 2919/3805/3358 2899/3783/3336 2920/3806/3359
f 2920/3806/3359 2899/3783/3336 2898/3781/3334
f 2920/3806/3359 2898/3781/3334 2921/3807/3360
f 2921/3807/3360 2898/3781/3334 2897/3780/3333
f 2921/3807/3360 2897/3780/3333 2922/3808/3361
f 2922/3808/3361 2897/3780/3333 2896/3778/3331
f 2922/3808/3361 2896/3778/3331 2924/3810/3363
f 2924/3810/3363 2896/3778/3331 2895/3776/3329
f 2924/3810/3363 2895/3776/3329 2926/3812/3365
f 2926/3812/3365 2895/3776/3329 2894/3775/3327
f 2926/3812/3365 2894/3775/3327 2927/3813/3366
f 2927/3813/3366 2894/3775/3327 2893/3774/3326
f 2927/3813/3366 2893/3774/3326 2928/3814/3367
f 2928/3814/3367 2893/3774/3326 2892/3773/3324
f 2928/3814/3367 2892/3773/3324 2929/3815/3368
f 2929/3815/3368 2892/3773/3324 2891/3772/3322
f 2929/3815/3368 2891/3772/3322 2930/3816/3369
f 2930/3816/3369 2891/3772/3322 2890/3771/3320
f 2930/3816/3369 2890/3771/3320 2931/3817/3370
f 2931/3817/3370 2890/3771/3320 2889/3770/3318
f 2931/3817/3370 2889/3770/3318 2932/3818/3371
f 2932/3818/3371 2889/3770/3318 2715/3576/3129
f 2932/3818/3371 2715/3576/3129 2714/3575/3128
f 2879/3760/3308 2878/3759/3307 2936/3823/3376
f 2937/3824/3377 2938/3825/3378 2939/3826/3379
f 2939/3826/3379 2938/3825/3378 2940/3827/3380
f 2939/3826/3379 2940/3827/3380 2941/3828/3381
f 2941/3828/3381 2940/3827/3380 2942/3829/3382
f 2941/3828/3381 2942/3829/3382 2943/3830/3383
f 2943/3830/3383 2942/3829/3382 2780/3641/3194
f 2943/3830/3383 2780/3641/3194 2779/3640/3193
f 2944/3831/3384 2945/3832/3385 2946/3833/3386
f 2946/3833/3386 2945/3832/3385 2947/3834/3387
f 2946/3833/3386 2947/3834/3387 2937/3824/3377
f 2937/3824/3377 2947/3834/3387 2948/3835/3388
f 2937/3824/3377 2948/3835/3388 2938/3825/3378
f 2944/3831/3384 2946/3833/3386 2949/3836/3389
f 2949/3836/3389 2946/3833/3386 2950/3837/3390
f 2949/3836/3389 2950/3837/3390 2951/3838/3391
f 2951/3838/3391 2950/3837/3390 2952/3839/3392
f 2951/3838/3391 2952/3839/3392 2953/3840/3393
f 2953/3840/3393 2952/3839/3392 2954/3841/3394
f 2953/3840/3393 2954/3841/3394 2955/3842/3395
f 2955/3842/3395 2954/3841/3394 2956/3843/3396
f 2955/3842/3395 2956/3843/3396 2957/3844/3397
f 2957/3844/3397 2956/3843/3396 2958/3845/3398
f 2957/3844/3397 2958/3845/3398 2959/3846/3399
f 2960/3847/3400 2961/3848/3401 2962/3849/3402
f 2962/3849/3402 2961/3848/3401 2963/3850/3403
f 2962/3849/3402 2963/3850/3403 2958/3845/3398
f 2958/3845/3398 2963/3850/3403 2964/3851/3404
f 2958/3845/3398 2964/3851/3404 2959/3846/3399
f 2962/3849/3402 2965/3852/3405 2960/3847/3400
f 2960/3847/3400 2965/3852/3405 2966/3853/3406
f 2960/3847/3400 2966/3853/3406 2967/3854/3407
f 2968/3855/3408 2969/3856/3409 2970/3857/3410
f 2970/3857/3410 2969/3856/3409 2971/3858/3411
f 2970/3857/3410 2971/3858/3411 2966/3853/3406
f 2966/3853/3406 2971/3858/3411 2972/3859/3412
f 2966/3853/3406 2972/3859/3412 2967/3854/3407
f 2970/3857/3410 2973/3860/3413 2968/3855/3408
f 2968/3855/3408 2973/3860/3413 2834/3712/3257
f 2968/3855/3408 2834/3712/3257 2833/3711/3256
f 2878/3759/3307 2834/3712/3257 2936/3823/3376
f 2936/3823/3376 2834/3712/3257 2973/3860/3413
f 2936/3823/3376 2973/3860/3413 2974/3861/3414
f 2974/3861/3414 2973/3860/3413 2970/3857/3410
f 2974/3861/3414 2970/3857/3410 2975/3862/3415
f 2975/3862/3415 2970/3857/3410 2966/3853/3406
f 2975/3862/3415 2966/3853/3406 2976/3863/3416
f 2976/3863/3416 2966/3853/3406 2965/3852/3405
f 2976/3863/3416 2965/3852/3405 2977/3864/3417
f 2977/3864/3417 2965/3852/3405 2962/3849/3402
f 2977/3864/3417 2962/3849/3402 2978/3865/3418
f 2978/3865/3418 2962/3849/3402 2958/3845/3398
f 2978/3865/3418 2958/3845/3398 2979/3866/3419
f 2979/3866/3419 2958/3845/3398 2956/3843/3396
f 2979/3866/3419 2956/3843/3396 2980/3867/3420
f 2980/3867/3420 2956/3843/3396 2954/3841/3394
f 2980/3867/3420 2954/3841/3394 2981/3868/3421
f 2981/3868/3421 2954/3841/3394 2952/3839/3392
f 2981/3868/3421 2952/3839/3392 2982/3869/3422
f 2982/3869/3422 2952/3839/3392 2950/3837/3390
f 2982/3869/3422 2950/3837/3390 2983/3870/3423
f 2983/3870/3423 2950/3837/3390 2946/3833/3386
f 2983/3870/3423 2946/3833/3386 2984/3871/3424
f 2984/3871/3424 2946/3833/3386 2937/3824/3377
f 2984/3871/3424 2937/3824/3377 2985/3872/3425
f 2985/3872/3425 2937/3824/3377 2939/3826/3379
f 2985/3872/3425 2939/3826/3379 2986/3873/3426
f 2986/3873/3426 2939/3826/3379 2941/3828/3381
f 2986/3873/3426 2941/3828/3381 2987/3874/3427
f 2987/3874/3427 2941/3828/3381 2943/3830/3383
f 2987/3874/3427 2943/3830/3383 2781/3642/3195
f 2781/3642/3195 2943/3830/3383 2779/3640/3193
f 2645/3497/3036 2879/3760/3308 2797/3658/3211
f 2797/3658/3211 2879/3760/3308 2936/3823/3376
f 2797/3658/3211 2936/3823/3376 2798/3660/3213
f 2798/3660/3213 2936/3823/3376 2974/3861/3414
f 2798/3660/3213 2974/3861/3414 2799/3662/3215
f 2799/3662/3215 2974/3861/3414 2975/3862/3415
f 2799/3662/3215 2975/3862/3415 2800/3664/3217
f 2800/3664/3217 2975/3862/3415 2976/3863/3416
f 2800/3664/3217 2976/3863/3416 2801/3666/3219
f 2801/3666/3219 2976/3863/3416 2977/3864/3417
f 2801/3666/3219 2977/3864/3417 2802/3668/3221
f 2802/3668/3221 2977/3864/3417 2978/3865/3418
f 2802/3668/3221 2978/3865/3418 2803/3670/3223
f 2803/3670/3223 2978/3865/3418 2979/3866/3419
f 2803/3670/3223 2979/3866/3419 2804/3672/3225
f 2804/3672/3225 2979/3866/3419 2980/3867/3420
f 2804/3672/3225 2980/3867/3420 2805/3674/3227
f 2805/3674/3227 2980/3867/3420 2981/3868/3421
f 2805/3674/3227 2981/3868/3421 2806/3676/3229
f 2806/3676/3229 2981/3868/3421 2982/3869/3422
f 2806/3676/3229 2982/3869/3422 2807/3678/3231
f 2807/3678/3231 2982/3869/3422 2983/3870/3423
f 2807/3678/3231 2983/3870/3423 2808/3680/3233
f 2808/3680/3233 2983/3870/3423 2984/3871/3424
f 2808/3680/3233 2984/3871/3424 2809/3682/3235
f 2809/3682/3235 2984/3871/3424 2985/3872/3425
f 2809/3682/3235 2985/3872/3425 2810/3684/3237
f 2810/3684/3237 2985/3872/3425 2986/3873/3426
f 2810/3684/3237 2986/3873/3426 2811/3686/3239
f 2811/3686/3239 2986/3873/3426 2987/3874/3427
f 2811/3686/3239 2987/3874/3427 2584/3392/2941
f 2584/3392/2941 2987/3874/3427 2781/3642/3195
f 2610/3875/3428 2988/3876/3429 2989/3877/3430
f 2610/3875/3428 2989/3877/3430 2812/3878/3431
f 2812/3878/3431 2989/3877/3430 2990/3879/3432
f 2812/3878/3431 2990/3879/3432 2813/3880/3433
f 2990/3879/3432 2991/3881/3434 2813/3880/3433
f 2813/3880/3433 2991/3881/3434 2992/3882/3435
f 2813/3880/3433 2992/3882/3435 2814/3883/3436
f 2992/3882/3435 2993/3884/3437 2814/3883/3436
f 2814/3883/3436 2993/3884/3437 2994/3885/3438
f 2814/3883/3436 2994/3885/3438 2815/3886/3439
f 2815/3886/3439 2994/3885/3438 2995/3887/3440
f 2815/3886/3439 2995/3887/3440 2816/3888/3441
f 2816/3888/3441 2995/3887/3440 2996/3889/3442
f 2816/3888/3441 2996/3889/3442 2817/3890/3443
f 2996/3889/3442 2997/3891/3444 2817/3890/3443
f 2817/3890/3443 2997/3891/3444 2998/3892/3445
f 2817/3890/3443 2998/3892/3445 2818/3893/3446
f 2998/3892/3445 2999/3894/3447 2818/3893/3446
f 2818/3893/3446 2999/3894/3447 3000/3895/3448
f 2818/3893/3446 3000/3895/3448 2819/3896/3449
f 2819/3896/3449 3000/3895/3448 3001/3897/3450
f 2819/3896/3449 3001/3897/3450 2820/3898/3451
f 2820/3898/3451 3001/3897/3450 3002/3899/3452
f 2820/3898/3451 3002/3899/3452 2821/3900/3453
f 3003/3901/3454 2861/3739/3284 2862/3740/3285
f 2821/3900/3453 3002/3899/3452 2822/3902/3455
f 2822/3902/3455 3002/3899/3452 3003/3901/3454
f 2822/3902/3455 3003/3901/3454 2823/3903/3456
f 2823/3903/3456 3003/3901/3454 2862/3740/3285
f 2823/3903/3456 2862/3740/3285 2824/3741/3286
f 2852/3730/3275 3004/3904/3457 3005/3905/3458
f 2852/3730/3275 2857/3735/3280 3004/3904/3457
f 3004/3904/3457 2857/3735/3280 2856/3734/3279
f 3004/3904/3457 2856/3734/3279 3006/3906/3459
f 3006/3906/3459 2856/3734/3279 2854/3732/3277
f 3006/3906/3459 2854/3732/3277 3007/3907/3460
f 3007/3907/3460 2854/3732/3277 2853/3731/3276
f 3007/3907/3460 2853/3731/3276 3008/3908/3461
f 3008/3908/3461 2853/3731/3276 2860/3738/3283
f 3008/3908/3461 3009/3909/3462 3007/3907/3460
f 3007/3907/3460 3009/3909/3462 3010/3910/3463
f 3007/3907/3460 3010/3910/3463 3006/3906/3459
f 3006/3906/3459 3010/3910/3463 3011/3911/3464
f 3006/3906/3459 3011/3911/3464 3004/3904/3457
f 3004/3904/3457 3011/3911/3464 3012/3912/3465
f 3004/3904/3457 3012/3912/3465 3005/3905/3458
f 3005/3905/3458 3012/3912/3465 3013/3913/3466
f 3005/3905/3458 3013/3913/3466 3014/3914/3467
f 3014/3914/3467 3013/3913/3466 3015/3915/3468
f 3014/3914/3467 3015/3915/3468 3016/3916/3469
f 3016/3916/3469 3015/3915/3468 3017/3917/3470
f 3016/3916/3469 3017/3917/3470 3018/3918/3471
f 3018/3918/3471 3017/3917/3470 3019/3919/3472
f 3018/3918/3471 3019/3919/3472 3020/3920/3473
f 3021/3921/3474 3022/3922/3475 3023/3923/3476
f 3023/3923/3476 3022/3922/3475 3024/3924/3477
f 3023/3923/3476 3024/3924/3477 3025/3925/3478
f 3025/3925/3478 3024/3924/3477 3026/3926/3479
f 3025/3925/3478 3026/3926/3479 3027/3927/3480
f 3027/3927/3480 3026/3926/3479 3028/3928/3481
f 3027/3927/3480 3028/3928/3481 3029/3929/3482
f 3029/3929/3482 3028/3928/3481 3030/3930/3483
f 3029/3929/3482 3030/3930/3483 3031/3931/3484
f 2836/3714/3259 2835/3713/3258 3030/3930/3483
f 3030/3930/3483 2835/3713/3258 3020/3920/3473
f 3030/3930/3483 3020/3920/3473 3031/3931/3484
f 3031/3931/3484 3020/3920/3473 3019/3919/3472
f 3032/3932/3485 2833/3711/3256 3022/3922/3475
f 3022/3922/3475 2833/3711/3256 2831/3709/3254
f 3022/3922/3475 2831/3709/3254 3024/3924/3477
f 3024/3924/3477 2831/3709/3254 2829/3707/3252
f 3024/3924/3477 2829/3707/3252 3026/3926/3479
f 3026/3926/3479 2829/3707/3252 2827/3705/3250
f 3026/3926/3479 2827/3705/3250 3028/3928/3481
f 3028/3928/3481 2827/3705/3250 2839/3717/3262
f 3028/3928/3481 2839/3717/3262 3030/3930/3483
f 3030/3930/3483 2839/3717/3262 2838/3716/3261
f 3030/3930/3483 2838/3716/3261 2836/3714/3259
f 2835/3713/3258 2840/3718/3263 3020/3920/3473
f 3020/3920/3473 2840/3718/3263 2842/3720/3265
f 3020/3920/3473 2842/3720/3265 3018/3918/3471
f 3018/3918/3471 2842/3720/3265 2844/3722/3267
f 3018/3918/3471 2844/3722/3267 3016/3916/3469
f 3016/3916/3469 2844/3722/3267 2846/3724/3269
f 3016/3916/3469 2846/3724/3269 3014/3914/3467
f 3014/3914/3467 2846/3724/3269 2848/3726/3271
f 3014/3914/3467 2848/3726/3271 3005/3905/3458
f 3005/3905/3458 2848/3726/3271 2850/3728/3273
f 3005/3905/3458 2850/3728/3273 2852/3730/3275
f 2988/3876/3429 3033/3933/3486 3021/3921/3474
f 3021/3921/3474 3033/3933/3486 3022/3922/3475
f 3022/3922/3475 3033/3933/3486 3034/3934/3487
f 3022/3922/3475 3034/3934/3487 3032/3932/3485
f 2988/3876/3429 3021/3921/3474 2989/3877/3430
f 2989/3877/3430 3021/3921/3474 3023/3923/3476
f 2989/3877/3430 3023/3923/3476 2990/3879/3432
f 2990/3879/3432 3023/3923/3476 3025/3925/3478
f 2990/3879/3432 3025/3925/3478 2991/3881/3434
f 2991/3881/3434 3025/3925/3478 3027/3927/3480
f 2991/3881/3434 3027/3927/3480 2992/3882/3435
f 2992/3882/3435 3027/3927/3480 3029/3929/3482
f 2992/3882/3435 3029/3929/3482 2993/3884/3437
f 2993/3884/3437 3029/3929/3482 3031/3931/3484
f 2993/3884/3437 3031/3931/3484 2994/3885/3438
f 2994/3885/3438 3031/3931/3484 3019/3919/3472
f 2994/3885/3438 3019/3919/3472 2995/3887/3440
f 2995/3887/3440 3019/3919/3472 3017/3917/3470
f 2995/3887/3440 3017/3917/3470 2996/3889/3442
f 2996/3889/3442 3017/3917/3470 3015/3915/3468
f 2996/3889/3442 3015/3915/3468 2997/3891/3444
f 2997/3891/3444 3015/3915/3468 3013/3913/3466
f 2997/3891/3444 3013/3913/3466 2998/3892/3445
f 2998/3892/3445 3013/3913/3466 3012/3912/3465
f 2998/3892/3445 3012/3912/3465 2999/3894/3447
f 2999/3894/3447 3012/3912/3465 3011/3911/3464
f 2999/3894/3447 3011/3911/3464 3000/3895/3448
f 3000/3895/3448 3011/3911/3464 3010/3910/3463
f 3000/3895/3448 3010/3910/3463 3001/3897/3450
f 3001/3897/3450 3010/3910/3463 3009/3909/3462
f 3001/3897/3450 3009/3909/3462 3002/3899/3452
f 3002/3899/3452 3009/3909/3462 3008/3908/3461
f 3002/3899/3452 3008/3908/3461 3003/3901/3454
f 3003/3901/3454 3008/3908/3461 2860/3738/3283
f 3003/3901/3454 2860/3738/3283 2861/3739/3284
f 2933/3819/3372 2780/3641/3194 2942/3829/3382
f 2909/3795/3348 2908/3794/3347 3035/3935/3488
f 2935/3821/3374 3036/3936/3489 2621/3822/3375
f 2621/3822/3375 3036/3936/3489 2617/3937/3490
f 2617/3937/3490 3036/3936/3489 2618/3938/3491
f 2618/3938/3491 3036/3936/3489 3037/3939/3492
f 2618/3938/3491 3037/3939/3492 2619/3940/3493
f 3037/3939/3492 3038/3941/3494 2619/3940/3493
f 2619/3940/3493 3038/3941/3494 3039/3942/3495
f 2619/3940/3493 3039/3942/3495 2620/3943/3496
f 3039/3942/3495 3040/3944/3497 2620/3943/3496
f 2620/3943/3496 3040/3944/3497 3041/3945/3498
f 2620/3943/3496 3041/3945/3498 2616/3946/3499
f 2616/3946/3499 3041/3945/3498 3042/3947/3500
f 2616/3946/3499 3042/3947/3500 2615/3948/3501
f 2615/3948/3501 3042/3947/3500 3043/3949/3502
f 2615/3948/3501 3043/3949/3502 2614/3950/3503
f 3043/3949/3502 3044/3951/3504 2614/3950/3503
f 2614/3950/3503 3044/3951/3504 3045/3952/3505
f 2614/3950/3503 3045/3952/3505 2613/3953/3506
f 2613/3953/3506 3045/3952/3505 3046/3954/3507
f 2613/3953/3506 3046/3954/3507 2612/3955/3508
f 2612/3955/3508 3046/3954/3507 3047/3956/3509
f 2612/3955/3508 3047/3956/3509 2611/3957/3510
f 3047/3956/3509 3048/3958/3511 2611/3957/3510
f 2611/3957/3510 3048/3958/3511 2988/3876/3429
f 2611/3957/3510 2988/3876/3429 2610/3875/3428
f 3034/3934/3487 3033/3933/3486 3049/3959/3512
f 2963/3850/3403 3050/3960/3513 3051/3961/3514
f 3052/3962/3515 2959/3846/3399 3051/3961/3514
f 3051/3961/3514 2959/3846/3399 2964/3851/3404
f 3051/3961/3514 2964/3851/3404 2963/3850/3403
f 2833/3711/3256 3032/3932/3485 2968/3855/3408
f 2968/3855/3408 3032/3932/3485 3053/3963/3516
f 2968/3855/3408 3053/3963/3516 2969/3856/3409
f 2969/3856/3409 3053/3963/3516 3054/3964/3517
f 2969/3856/3409 3054/3964/3517 2971/3858/3411
f 2971/3858/3411 3054/3964/3517 3055/3965/3518
f 2963/3850/3403 2961/3848/3401 3050/3960/3513
f 3050/3960/3513 2961/3848/3401 2960/3847/3400
f 3050/3960/3513 2960/3847/3400 3056/3966/3519
f 3056/3966/3519 2960/3847/3400 2967/3854/3407
f 3056/3966/3519 2967/3854/3407 3055/3965/3518
f 3055/3965/3518 2967/3854/3407 2972/3859/3412
f 3055/3965/3518 2972/3859/3412 2971/3858/3411
f 3057/3967/3520 2945/3832/3385 2944/3831/3384
f 3057/3967/3520 2944/3831/3384 3058/3968/3521
f 2908/3794/3347 2933/3819/3372 3035/3935/3488
f 3035/3935/3488 2933/3819/3372 2942/3829/3382
f 3035/3935/3488 2942/3829/3382 3059/3969/3522
f 3059/3969/3522 2942/3829/3382 2940/3827/3380
f 3059/3969/3522 2940/3827/3380 3060/3970/3523
f 3060/3970/3523 2940/3827/3380 2938/3825/3378
f 3060/3970/3523 2938/3825/3378 3061/3971/3524
f 3061/3971/3524 2938/3825/3378 2948/3835/3388
f 3061/3971/3524 2948/3835/3388 3057/3967/3520
f 3057/3967/3520 2948/3835/3388 2947/3834/3387
f 3057/3967/3520 2947/3834/3387 2945/3832/3385
f 3032/3932/3485 3034/3934/3487 3053/3963/3516
f 3053/3963/3516 3034/3934/3487 3049/3959/3512
f 3053/3963/3516 3049/3959/3512 3054/3964/3517
f 3054/3964/3517 3049/3959/3512 3062/3972/3525
f 3054/3964/3517 3062/3972/3525 3055/3965/3518
f 3055/3965/3518 3062/3972/3525 3063/3973/3526
f 3055/3965/3518 3063/3973/3526 3056/3966/3519
f 3056/3966/3519 3063/3973/3526 3064/3974/3527
f 3056/3966/3519 3064/3974/3527 3050/3960/3513
f 3050/3960/3513 3064/3974/3527 3065/3975/3528
f 3050/3960/3513 3065/3975/3528 3051/3961/3514
f 3051/3961/3514 3065/3975/3528 3066/3976/3529
f 3051/3961/3514 3066/3976/3529 3052/3962/3515
f 3052/3962/3515 3066/3976/3529 3067/3977/3530
f 3052/3962/3515 3067/3977/3530 3068/3978/3531
f 3068/3978/3531 3067/3977/3530 3069/3979/3532
f 3068/3978/3531 3069/3979/3532 3070/3980/3533
f 3070/3980/3533 3069/3979/3532 3071/3981/3534
f 3070/3980/3533 3071/3981/3534 3058/3968/3521
f 3058/3968/3521 3071/3981/3534 3072/3982/3535
f 3058/3968/3521 3072/3982/3535 3057/3967/3520
f 3057/3967/3520 3072/3982/3535 3073/3983/3536
f 3057/3967/3520 3073/3983/3536 3061/3971/3524
f 3061/3971/3524 3073/3983/3536 3074/3984/3537
f 3061/3971/3524 3074/3984/3537 3060/3970/3523
f 3060/3970/3523 3074/3984/3537 3075/3985/3538
f 3060/3970/3523 3075/3985/3538 3059/3969/3522
f 3059/3969/3522 3075/3985/3538 3076/3986/3539
f 3059/3969/3522 3076/3986/3539 3035/3935/3488
f 3035/3935/3488 3076/3986/3539 3077/3987/3540
f 3035/3935/3488 3077/3987/3540 2909/3795/3348
f 2909/3795/3348 3077/3987/3540 2934/3820/3373
f 2944/3831/3384 2949/3836/3389 3058/3968/3521
f 3058/3968/3521 2949/3836/3389 2951/3838/3391
f 3058/3968/3521 2951/3838/3391 3070/3980/3533
f 3070/3980/3533 2951/3838/3391 2953/3840/3393
f 3070/3980/3533 2953/3840/3393 3068/3978/3531
f 3068/3978/3531 2953/3840/3393 2955/3842/3395
f 3068/3978/3531 2955/3842/3395 3052/3962/3515
f 3052/3962/3515 2955/3842/3395 2957/3844/3397
f 3052/3962/3515 2957/3844/3397 2959/3846/3399
f 3049/3959/3512 3033/3933/3486 2988/3876/3429
f 3049/3959/3512 2988/3876/3429 3062/3972/3525
f 3062/3972/3525 2988/3876/3429 3048/3958/3511
f 3062/3972/3525 3048/3958/3511 3063/3973/3526
f 3063/3973/3526 3048/3958/3511 3047/3956/3509
f 3063/3973/3526 3047/3956/3509 3064/3974/3527
f 3064/3974/3527 3047/3956/3509 3046/3954/3507
f 3064/3974/3527 3046/3954/3507 3065/3975/3528
f 3065/3975/3528 3046/3954/3507 3045/3952/3505
f 3065/3975/3528 3045/3952/3505 3066/3976/3529
f 3066/3976/3529 3045/3952/3505 3044/3951/3504
f 3066/3976/3529 3044/3951/3504 3067/3977/3530
f 3067/3977/3530 3044/3951/3504 3043/3949/3502
f 3067/3977/3530 3043/3949/3502 3069/3979/3532
f 3069/3979/3532 3043/3949/3502 3042/3947/3500
f 3069/3979/3532 3042/3947/3500 3071/3981/3534
f 3071/3981/3534 3042/3947/3500 3041/3945/3498
f 3071/3981/3534 3041/3945/3498 3072/3982/3535
f 3072/3982/3535 3041/3945/3498 3040/3944/3497
f 3072/3982/3535 3040/3944/3497 3073/3983/3536
f 3073/3983/3536 3040/3944/3497 3039/3942/3495
f 3073/3983/3536 3039/3942/3495 3074/3984/3537
f 3074/3984/3537 3039/3942/3495 3038/3941/3494
f 3074/3984/3537 3038/3941/3494 3075/3985/3538
f 3075/3985/3538 3038/3941/3494 3037/3939/3492
f 3075/3985/3538 3037/3939/3492 3076/3986/3539
f 3076/3986/3539 3037/3939/3492 3036/3936/3489
f 3076/3986/3539 3036/3936/3489 3077/3987/3540
f 3077/3987/3540 3036/3936/3489 2935/3821/3374
f 3077/3987/3540 2935/3821/3374 2934/3820/3373
f 2381/3988/3541 3078/3989/3542 3079/3990/3543
f 2381/3988/3541 3079/3990/3543 2389/3991/3544
f 3079/3990/3543 3080/3992/3545 2389/3991/3544
f 2389/3991/3544 3080/3992/3545 3081/3993/3546
f 2389/3991/3544 3081/3993/3546 2413/3994/3547
f 3081/3993/3546 3082/3995/3548 2413/3994/3547
f 2413/3994/3547 3082/3995/3548 3083/3996/3549
f 2413/3994/3547 3083/3996/3549 2414/3997/3550
f 2414/3997/3550 3083/3996/3549 3084/3998/3551
f 2414/3997/3550 3084/3998/3551 2416/3999/3552
f 2416/3999/3552 3084/3998/3551 3085/4000/3553
f 3085/4000/3553 3086/4001/3554 2416/3999/3552
f 2416/3999/3552 3086/4001/3554 3087/4002/3555
f 2416/3999/3552 3087/4002/3555 2420/4003/3556
f 3087/4004/3555 3088/4005/3557 2420/3197/3556
f 2420/3197/3556 3088/4005/3557 3089/4006/3558
f 2420/3197/3556 3089/4006/3558 2436/3213/3559
f 3089/4006/3558 3090/4007/3560 2436/3213/3559
f 2436/3213/3559 3090/4007/3560 3091/4008/3561
f 2436/3213/3559 3091/4008/3561 2427/3204/3562
f 3091/4008/3561 3092/4009/3563 2427/3204/3562
f 2427/3204/3562 3092/4009/3563 3093/4010/3564
f 2427/3204/3562 3093/4010/3564 2429/3206/3565
f 2429/3206/3565 3093/4010/3564 3094/4011/3566
f 2429/3206/3565 3094/4011/3566 2437/3214/3567
f 2437/3214/3567 3094/4011/3566 3095/4012/3568
f 3095/4012/3568 3096/4013/3569 2437/3214/3567
f 2437/3214/3567 3096/4013/3569 3097/4014/3570
f 2437/3214/3567 3097/4014/3570 2425/3202/3571
f 3097/4014/3570 3098/4015/3572 2425/3202/3571
f 2425/3202/3571 3098/4015/3572 3099/4016/3573
f 2425/3202/3571 3099/4016/3573 2454/3231/3574
f 3099/4016/3573 3100/4017/3575 2454/3231/3574
f 2454/3231/3574 3100/4017/3575 3101/4018/3576
f 2454/3231/3574 3101/4018/3576 2450/3227/3577
f 3101/4018/3576 3102/4019/3578 2450/3227/3577
f 2450/3227/3577 3102/4019/3578 3103/4020/3579
f 2450/3227/3577 3103/4020/3579 2451/3228/3580
f 2451/3228/3580 3103/4020/3579 3104/4021/3581
f 2451/3228/3580 3104/4021/3581 2458/3235/3582
f 2458/3235/3582 3104/4021/3581 3105/4022/3583
f 2458/3235/3582 3105/4022/3583 2503/3280/3584
f 2503/3280/3584 3105/4022/3583 3106/4023/3585
f 2503/3280/3584 3106/4023/3585 2472/3249/3586
f 2472/3249/3586 3106/4023/3585 3107/4024/3587
f 3107/4024/3587 3108/4025/3588 2472/3249/3586
f 2472/3249/3586 3108/4025/3588 3109/4026/3589
f 2472/3249/3586 3109/4026/3589 2474/3251/3590
f 3109/4026/3589 3110/4027/3591 2474/3251/3590
f 2474/3251/3590 3110/4027/3591 3111/4028/3592
f 2474/3251/3590 3111/4028/3592 2468/3245/3593
f 3111/4028/3592 3112/4029/3594 2468/3245/3593
f 2468/3245/3593 3112/4029/3594 3113/4030/3595
f 2468/3245/3593 3113/4030/3595 2469/3246/3596
f 3113/4030/3595 3114/4031/3597 2469/3246/3596
f 2469/3246/3596 3114/4031/3597 3115/4032/3598
f 2469/3246/3596 3115/4032/3598 2518/3295/3599
f 2518/3295/3599 3115/4032/3598 3116/4033/3600
f 2518/3295/3599 3116/4033/3600 2520/3297/3601
f 2520/3297/3601 3116/4033/3600 3117/4034/3602
f 3117/4034/3602 3118/4035/3603 2520/3297/3601
f 2520/3297/3601 3118/4035/3603 3119/4036/3604
f 2520/3297/3601 3119/4036/3604 2521/3298/3605
f 2521/3298/3605 3119/4036/3604 3120/4037/3606
f 2521/3298/3605 3120/4037/3606 2478/3255/3607
f 2478/3255/3607 3120/4037/3606 3121/4038/3608
f 3121/4038/3608 3122/4039/3609 2478/3255/3607
f 2478/3255/3607 3122/4039/3609 3123/4040/3610
f 2478/3255/3607 3123/4040/3610 2480/3257/3611
f 2480/3257/3611 3123/4040/3610 3124/4041/3612
f 2480/3257/3611 3124/4041/3612 2482/3259/3613
f 3124/4041/3612 3125/4042/3614 2482/3259/3613
f 2482/3259/3613 3125/4042/3614 3126/4043/3615
f 2482/3259/3613 3126/4043/3615 2484/3261/3616
f 2484/3261/3616 3126/4043/3615 3127/4044/3617
f 3127/4044/3617 3128/4045/3618 2484/3261/3616
f 2484/3261/3616 3128/4045/3618 3129/4046/3619
f 2484/3261/3616 3129/4046/3619 2509/3286/3620
f 3129/4046/3619 3130/4047/3621 2509/3286/3620
f 2509/3286/3620 3130/4047/3621 3131/4048/3622
f 2509/3286/3620 3131/4048/3622 2467/3244/3623
f 2467/3244/3623 3131/4048/3622 3132/4049/3624
f 2467/3244/3623 3132/4049/3624 2465/3242/3625
f 2465/3242/3625 3132/4049/3624 3133/4050/3626
f 2465/3242/3625 3133/4050/3626 2392/3169/3627
f 3133/4050/3626 3134/4051/3628 2392/3169/3627
f 2392/3169/3627 3134/4051/3628 3135/4052/3629
f 2392/3169/3627 3135/4052/3629 2393/3170/3630
f 3135/4052/3629 3136/4053/3631 2393/3170/3630
f 2393/3170/3630 3136/4053/3631 3137/4054/3632
f 2393/4055/3630 3137/4056/3632 2394/1554/3633
f 3137/4054/3632 3138/4057/3634 2394/3171/3633
f 2394/4058/3633 3138/4059/3634 3139/4060/3635
f 2394/4058/3633 3139/4060/3635 2408/4061/3636
f 3139/4060/3635 3140/4062/3637 2408/4061/3636
f 2408/4061/3636 3140/4062/3637 3141/4063/3638
f 2408/4061/3636 3141/4063/3638 2382/4064/3639
f 2382/4064/3639 3141/4063/3638 3142/4065/3640
f 2382/4064/3639 3142/4065/3640 2381/3988/3541
f 2381/3988/3541 3142/4065/3640 3143/4066/3641
f 2381/3988/3541 3143/4066/3641 3078/3989/3542
f 3144/4067/3642 3145/4068/3643 3146/4069/1980
f 3146/4069/1980 3145/4068/3643 3147/4070/3644
f 3146/4069/1980 3147/4070/3644 3148/4071/3645
f 3149/4072/3646 3150/4073/3647 3146/4069/1980
f 3146/4069/1980 3150/4073/3647 3151/4074/3648
f 3146/4069/1980 3151/4074/3648 3144/4067/3642
f 3152/4075/3649 3153/4076/3650 3146/4069/1980
f 3146/4069/1980 3153/4076/3650 3154/4077/3651
f 3146/4069/1980 3154/4077/3651 3149/4072/3646
f 3155/4078/3652 3156/4079/3653 3146/4069/1980
f 3146/4069/1980 3156/4079/3653 3157/4080/3654
f 3146/4069/1980 3157/4080/3654 3152/4075/3649
f 3158/4081/3655 3159/4082/3656 3146/4069/1980
f 3146/4069/1980 3159/4082/3656 3160/4083/3657
f 3146/4069/1980 3160/4083/3657 3155/4078/3652
f 3161/4084/3658 3162/4085/3659 3146/4069/1980
f 3146/4069/1980 3162/4085/3659 3163/4086/3660
f 3146/4069/1980 3163/4086/3660 3158/4081/3655
f 3164/4087/3661 3165/4088/3662 3146/4069/1980
f 3146/4069/1980 3165/4088/3662 3166/4089/3663
f 3146/4069/1980 3166/4089/3663 3161/4084/3658
f 3167/4090/3664 3168/4091/3665 3146/4069/1980
f 3146/4069/1980 3168/4091/3665 3169/4092/3666
f 3146/4069/1980 3169/4092/3666 3164/4087/3661
f 3170/4093/3667 3171/4094/3668 3146/4069/1980
f 3146/4069/1980 3171/4094/3668 3172/4095/3669
f 3146/4069/1980 3172/4095/3669 3167/4090/3664
f 3173/4096/3670 3174/4097/3671 3146/4069/1980
f 3146/4069/1980 3174/4097/3671 3175/4098/3672
f 3146/4069/1980 3175/4098/3672 3170/4093/3667
f 3176/4099/3673 3177/4100/3674 3146/4069/1980
f 3146/4069/1980 3177/4100/3674 3178/4101/3675
f 3146/4069/1980 3178/4101/3675 3173/4096/3670
f 3179/4102/3676 3180/4103/3677 3146/4069/1980
f 3146/4069/1980 3180/4103/3677 3181/4104/3678
f 3146/4069/1980 3181/4104/3678 3176/4099/3673
f 3182/4105/3679 3183/4106/3680 3146/4069/1980
f 3146/4069/1980 3183/4106/3680 3184/4107/3681
f 3146/4069/1980 3184/4107/3681 3179/4102/3676
f 3185/4108/3682 3186/4109/3683 3146/4069/1980
f 3146/4069/1980 3186/4109/3683 3187/4110/3684
f 3146/4069/1980 3187/4110/3684 3182/4105/3679
f 3188/4111/3685 3189/4112/3686 3146/4069/1980
f 3146/4069/1980 3189/4112/3686 3190/4113/3687
f 3146/4069/1980 3190/4113/3687 3185/4108/3682
f 3191/4114/3688 3192/4115/3689 3146/4069/1980
f 3146/4069/1980 3192/4115/3689 3193/4116/3690
f 3146/4069/1980 3193/4116/3690 3188/4111/3685
f 3194/4117/3691 3195/4118/3692 3146/4069/1980
f 3146/4069/1980 3195/4118/3692 3196/4119/3693
f 3146/4069/1980 3196/4119/3693 3191/4114/3688
f 3197/4120/3694 3198/4121/3695 3146/4069/1980
f 3146/4069/1980 3198/4121/3695 3199/4122/3696
f 3146/4069/1980 3199/4122/3696 3194/4117/3691
f 3200/4123/3697 3201/4124/3698 3146/4069/1980
f 3146/4069/1980 3201/4124/3698 3202/4125/3699
f 3146/4069/1980 3202/4125/3699 3197/4120/3694
f 3203/4126/3700 3204/4127/3701 3146/4069/1980
f 3146/4069/1980 3204/4127/3701 3205/4128/3702
f 3146/4069/1980 3205/4128/3702 3200/4123/3697
f 3206/4129/3703 3207/4130/3704 3146/4069/1980
f 3146/4069/1980 3207/4130/3704 3208/4131/3705
f 3146/4069/1980 3208/4131/3705 3203/4126/3700
f 3148/4071/3645 3209/4132/3706 3146/4069/1980
f 3146/4069/1980 3209/4132/3706 3210/4133/3707
f 3146/4069/1980 3210/4133/3707 3206/4129/3703
f 3211/4134/3708 3078/4135/3542 3212/4136/3709
f 3212/4136/3709 3078/4135/3542 3143/4137/3641
f 3212/4136/3709 3143/4137/3641 3213/4138/3710
f 3213/4138/3710 3143/4137/3641 3142/4139/3640
f 3213/4138/3710 3142/4139/3640 3214/4140/3711
f 3214/4140/3711 3142/4139/3640 3141/4141/3638
f 3214/4140/3711 3141/4141/3638 3215/4142/3712
f 3215/4142/3712 3141/4141/3638 3140/4143/3637
f 3215/4142/3712 3140/4143/3637 3216/4144/3713
f 3216/4144/3713 3140/4143/3637 3139/4145/3635
f 3216/4144/3713 3139/4145/3635 3217/4146/3714
f 3217/4146/3714 3139/4145/3635 3138/4057/3634
f 3217/4146/3714 3138/4057/3634 3218/4147/3715
f 3218/4147/3715 3138/4057/3634 3137/4054/3632
f 3218/4147/3715 3137/4054/3632 3219/4148/3716
f 3219/4148/3716 3137/4054/3632 3136/4053/3631
f 3219/4148/3716 3136/4053/3631 3220/4149/3717
f 3220/4149/3717 3136/4053/3631 3135/4052/3629
f 3220/4149/3717 3135/4052/3629 3221/4150/3718
f 3221/4150/3718 3135/4052/3629 3134/4051/3628
f 3221/4150/3718 3134/4051/3628 3222/4151/3719
f 3222/4151/3719 3134/4051/3628 3133/4050/3626
f 3222/4151/3719 3133/4050/3626 3223/4152/3720
f 3223/4152/3720 3133/4050/3626 3132/4049/3624
f 3223/4152/3720 3132/4049/3624 3224/4153/3721
f 3224/4153/3721 3132/4049/3624 3131/4048/3622
f 3224/4153/3721 3131/4048/3622 3225/4154/3722
f 3225/4154/3722 3131/4048/3622 3130/4047/3621
f 3225/4154/3722 3130/4047/3621 3226/4155/3723
f 3226/4155/3723 3130/4047/3621 3129/4046/3619
f 3226/4155/3723 3129/4046/3619 3227/4156/3724
f 3227/4156/3724 3129/4046/3619 3128/4045/3618
f 3227/4156/3724 3128/4045/3618 3228/4157/3725
f 3228/4157/3725 3128/4045/3618 3127/4044/3617
f 3228/4157/3725 3127/4044/3617 3229/4158/3726
f 3229/4158/3726 3127/4044/3617 3126/4043/3615
f 3229/4158/3726 3126/4043/3615 3230/4159/3727
f 3230/4159/3727 3126/4043/3615 3125/4042/3614
f 3230/4159/3727 3125/4042/3614 3231/4160/3728
f 3231/4160/3728 3125/4042/3614 3124/4041/3612
f 3231/4160/3728 3124/4041/3612 3232/4161/3729
f 3232/4161/3729 3124/4041/3612 3123/4040/3610
f 3232/4161/3729 3123/4040/3610 3233/4162/3730
f 3233/4162/3730 3123/4040/3610 3122/4039/3609
f 3233/4162/3730 3122/4039/3609 3234/4163/3731
f 3234/4163/3731 3122/4039/3609 3121/4038/3608
f 3234/4163/3731 3121/4038/3608 3235/4164/3732
f 3235/4164/3732 3121/4038/3608 3120/4037/3606
f 3235/4164/3732 3120/4037/3606 3236/4165/3733
f 3236/4165/3733 3120/4037/3606 3119/4036/3604
f 3236/4165/3733 3119/4036/3604 3237/4166/3734
f 3237/4166/3734 3119/4036/3604 3118/4035/3603
f 3237/4166/3734 3118/4035/3603 3238/4167/3735
f 3238/4167/3735 3118/4035/3603 3117/4034/3602
f 3238/4167/3735 3117/4034/3602 3239/4168/3736
f 3239/4168/3736 3117/4034/3602 3116/4033/3600
f 3239/4168/3736 3116/4033/3600 3240/4169/3737
f 3240/4169/3737 3116/4033/3600 3115/4032/3598
f 3240/4169/3737 3115/4032/3598 3241/4170/3738
f 3241/4170/3738 3115/4032/3598 3114/4031/3597
f 3241/4170/3738 3114/4031/3597 3242/4171/3739
f 3242/4171/3739 3114/4031/3597 3113/4030/3595
f 3242/4171/3739 3113/4030/3595 3243/4172/3740
f 3243/4172/3740 3113/4030/3595 3112/4029/3594
f 3243/4172/3740 3112/4029/3594 3244/4173/3741
f 3244/4173/3741 3112/4029/3594 3111/4028/3592
f 3244/4173/3741 3111/4028/3592 3245/4174/3742
f 3245/4174/3742 3111/4028/3592 3110/4027/3591
f 3245/4174/3742 3110/4027/3591 3246/4175/3743
f 3246/4175/3743 3110/4027/3591 3109/4026/3589
f 3246/4175/3743 3109/4026/3589 3247/4176/3744
f 3247/4176/3744 3109/4026/3589 3108/4025/3588
f 3247/4176/3744 3108/4025/3588 3248/4177/3745
f 3248/4177/3745 3108/4025/3588 3107/4024/3587
f 3248/4177/3745 3107/4024/3587 3249/4178/3746
f 3249/4178/3746 3107/4024/3587 3106/4023/3585
f 3249/4178/3746 3106/4023/3585 3250/4179/3747
f 3250/4179/3747 3106/4023/3585 3105/4022/3583
f 3250/4179/3747 3105/4022/3583 3251/4180/3748
f 3251/4180/3748 3105/4022/3583 3104/4021/3581
f 3251/4180/3748 3104/4021/3581 3252/4181/3749
f 3252/4181/3749 3104/4021/3581 3103/4020/3579
f 3252/4181/3749 3103/4020/3579 3253/4182/3750
f 3253/4182/3750 3103/4020/3579 3102/4019/3578
f 3253/4182/3750 3102/4019/3578 3254/4183/3751
f 3254/4183/3751 3102/4019/3578 3101/4018/3576
f 3254/4183/3751 3101/4018/3576 3255/4184/3752
f 3255/4184/3752 3101/4018/3576 3100/4017/3575
f 3255/4184/3752 3100/4017/3575 3256/4185/3753
f 3256/4185/3753 3100/4017/3575 3099/4016/3573
f 3256/4185/3753 3099/4016/3573 3257/4186/3754
f 3257/4186/3754 3099/4016/3573 3098/4015/3572
f 3257/4186/3754 3098/4015/3572 3258/4187/3755
f 3258/4187/3755 3098/4015/3572 3097/4014/3570
f 3258/4187/3755 3097/4014/3570 3259/4188/3756
f 3259/4188/3756 3097/4014/3570 3096/4013/3569
f 3259/4188/3756 3096/4013/3569 3260/4189/3757
f 3260/4189/3757 3096/4013/3569 3095/4012/3568
f 3260/4189/3757 3095/4012/3568 3261/4190/3758
f 3261/4190/3758 3095/4012/3568 3094/4011/3566
f 3261/4190/3758 3094/4011/3566 3262/4191/3759
f 3262/4191/3759 3094/4011/3566 3093/4010/3564
f 3262/4191/3759 3093/4010/3564 3263/4192/3760
f 3263/4192/3760 3093/4010/3564 3092/4009/3563
f 3263/4192/3760 3092/4009/3563 3264/4193/3761
f 3264/4193/3761 3092/4009/3563 3091/4008/3561
f 3264/4193/3761 3091/4008/3561 3265/4194/3762
f 3265/4194/3762 3091/4008/3561 3090/4007/3560
f 3265/4194/3762 3090/4007/3560 3266/4195/3763
f 3266/4195/3763 3090/4007/3560 3089/4006/3558
f 3266/4195/3763 3089/4006/3558 3267/4196/3764
f 3267/4196/3764 3089/4006/3558 3088/4005/3557
f 3267/4196/3764 3088/4005/3557 3268/4197/3765
f 3268/4197/3765 3088/4005/3557 3087/4004/3555
f 3268/4197/3765 3087/4004/3555 3269/4198/3766
f 3269/4198/3766 3087/4004/3555 3086/4199/3554
f 3269/4198/3766 3086/4199/3554 3270/4200/3767
f 3270/4200/3767 3086/4199/3554 3085/4201/3553
f 3270/4200/3767 3085/4201/3553 3271/4202/3768
f 3271/4202/3768 3085/4201/3553 3084/4203/3551
f 3271/4202/3768 3084/4203/3551 3272/4204/3769
f 3272/4204/3769 3084/4203/3551 3083/4205/3549
f 3272/4204/3769 3083/4205/3549 3273/4206/3770
f 3273/4206/3770 3083/4205/3549 3082/4207/3548
f 3273/4206/3770 3082/4207/3548 3274/4208/3771
f 3274/4208/3771 3082/4207/3548 3081/4209/3546
f 3274/4208/3771 3081/4209/3546 3275/4210/3772
f 3275/4210/3772 3081/4209/3546 3080/4211/3545
f 3275/4210/3772 3080/4211/3545 3276/4212/3773
f 3276/4212/3773 3080/4211/3545 3079/4213/3543
f 3276/4212/3773 3079/4213/3543 3211/4134/3708
f 3211/4134/3708 3079/4213/3543 3078/4135/3542
f 3147/4070/3644 3211/4134/3708 3148/4071/3645
f 3148/4071/3645 3211/4134/3708 3212/4136/3709
f 3148/4071/3645 3212/4136/3709 3209/4132/3706
f 3209/4132/3706 3212/4136/3709 3213/4138/3710
f 3209/4132/3706 3213/4138/3710 3210/4133/3707
f 3210/4133/3707 3213/4138/3710 3214/4140/3711
f 3210/4133/3707 3214/4140/3711 3206/4129/3703
f 3206/4129/3703 3214/4140/3711 3215/4142/3712
f 3206/4129/3703 3215/4142/3712 3207/4130/3704
f 3207/4130/3704 3215/4142/3712 3216/4144/3713
f 3207/4130/3704 3216/4144/3713 3208/4131/3705
f 3208/4131/3705 3216/4144/3713 3217/4146/3714
f 3208/4131/3705 3217/4146/3714 3203/4126/3700
f 3203/4126/3700 3217/4146/3714 3218/4147/3715
f 3203/4126/3700 3218/4147/3715 3204/4127/3701
f 3204/4127/3701 3218/4147/3715 3219/4148/3716
f 3204/4127/3701 3219/4148/3716 3205/4128/3702
f 3205/4128/3702 3219/4148/3716 3220/4149/3717
f 3205/4128/3702 3220/4149/3717 3200/4123/3697
f 3200/4123/3697 3220/4149/3717 3221/4150/3718
f 3200/4123/3697 3221/4150/3718 3201/4124/3698
f 3201/4124/3698 3221/4150/3718 3222/4151/3719
f 3201/4124/3698 3222/4151/3719 3202/4125/3699
f 3202/4125/3699 3222/4151/3719 3223/4152/3720
f 3202/4125/3699 3223/4152/3720 3197/4120/3694
f 3197/4120/3694 3223/4152/3720 3224/4153/3721
f 3197/4120/3694 3224/4153/3721 3198/4121/3695
f 3198/4121/3695 3224/4153/3721 3225/4154/3722
f 3198/4121/3695 3225/4154/3722 3199/4122/3696
f 3199/4122/3696 3225/4154/3722 3226/4155/3723
f 3199/4122/3696 3226/4155/3723 3194/4117/3691
f 3194/4117/3691 3226/4155/3723 3227/4156/3724
f 3194/4117/3691 3227/4156/3724 3195/4118/3692
f 3195/4118/3692 3227/4156/3724 3228/4157/3725
f 3195/4118/3692 3228/4157/3725 3196/4119/3693
f 3196/4119/3693 3228/4157/3725 3229/4158/3726
f 3196/4119/3693 3229/4158/3726 3191/4114/3688
f 3191/4114/3688 3229/4158/3726 3230/4159/3727
f 3191/4114/3688 3230/4159/3727 3192/4115/3689
f 3192/4115/3689 3230/4159/3727 3231/4160/3728
f 3192/4115/3689 3231/4160/3728 3193/4116/3690
f 3193/4116/3690 3231/4160/3728 3232/4161/3729
f 3193/4116/3690 3232/4161/3729 3188/4111/3685
f 3188/4111/3685 3232/4161/3729 3233/4162/3730
f 3188/4111/3685 3233/4162/3730 3189/4112/3686
f 3189/4112/3686 3233/4162/3730 3234/4163/3731
f 3189/4112/3686 3234/4163/3731 3190/4113/3687
f 3190/4113/3687 3234/4163/3731 3235/4164/3732
f 3190/4113/3687 3235/4164/3732 3185/4108/3682
f 3185/4108/3682 3235/4164/3732 3236/4165/3733
f 3185/4108/3682 3236/4165/3733 3186/4109/3683
f 3186/4109/3683 3236/4165/3733 3237/4166/3734
f 3186/4109/3683 3237/4166/3734 3187/4110/3684
f 3187/4110/3684 3237/4166/3734 3238/4167/3735
f 3187/4110/3684 3238/4167/3735 3182/4105/3679
f 3182/4105/3679 3238/4167/3735 3239/4168/3736
f 3182/4105/3679 3239/4168/3736 3183/4106/3680
f 3183/4106/3680 3239/4168/3736 3240/4169/3737
f 3183/4106/3680 3240/4169/3737 3184/4107/3681
f 3184/4107/3681 3240/4169/3737 3241/4170/3738
f 3184/4107/3681 3241/4170/3738 3179/4102/3676
f 3179/4102/3676 3241/4170/3738 3242/4171/3739
f 3179/4102/3676 3242/4171/3739 3180/4103/3677
f 3180/4103/3677 3242/4171/3739 3243/4172/3740
f 3180/4103/3677 3243/4172/3740 3181/4104/3678
f 3181/4104/3678 3243/4172/3740 3244/4173/3741
f 3181/4104/3678 3244/4173/3741 3176/4099/3673
f 3176/4099/3673 3244/4173/3741 3245/4174/3742
f 3176/4099/3673 3245/4174/3742 3177/4100/3674
f 3177/4100/3674 3245/4174/3742 3246/4175/3743
f 3177/4100/3674 3246/4175/3743 3178/4101/3675
f 3178/4101/3675 3246/4175/3743 3247/4176/3744
f 3178/4101/3675 3247/4176/3744 3173/4096/3670
f 3173/4096/3670 3247/4176/3744 3248/4177/3745
f 3173/4096/3670 3248/4177/3745 3174/4097/3671
f 3174/4097/3671 3248/4177/3745 3249/4178/3746
f 3174/4097/3671 3249/4178/3746 3175/4098/3672
f 3175/4098/3672 3249/4178/3746 3250/4179/3747
f 3175/4098/3672 3250/4179/3747 3170/4093/3667
f 3170/4093/3667 3250/4179/3747 3251/4180/3748
f 3170/4093/3667 3251/4180/3748 3171/4094/3668
f 3171/4094/3668 3251/4180/3748 3252/4181/3749
f 3171/4094/3668 3252/4181/3749 3172/4095/3669
f 3172/4095/3669 3252/4181/3749 3253/4182/3750
f 3172/4095/3669 3253/4182/3750 3167/4090/3664
f 3167/4090/3664 3253/4182/3750 3254/4183/3751
f 3167/4090/3664 3254/4183/3751 3168/4091/3665
f 3168/4091/3665 3254/4183/3751 3255/4184/3752
f 3168/4091/3665 3255/4184/3752 3169/4092/3666
f 3169/4092/3666 3255/4184/3752 3256/4185/3753
f 3169/4092/3666 3256/4185/3753 3164/4087/3661
f 3164/4087/3661 3256/4185/3753 3257/4186/3754
f 3164/4087/3661 3257/4186/3754 3165/4088/3662
f 3165/4088/3662 3257/4186/3754 3258/4187/3755
f 3165/4088/3662 3258/4187/3755 3166/4089/3663
f 3166/4089/3663 3258/4187/3755 3259/4188/3756
f 3166/4089/3663 3259/4188/3756 3161/4084/3658
f 3161/4084/3658 3259/4188/3756 3260/4189/3757
f 3161/4084/3658 3260/4189/3757 3162/4085/3659
f 3162/4085/3659 3260/4189/3757 3261/4190/3758
f 3162/4085/3659 3261/4190/3758 3163/4086/3660
f 3163/4086/3660 3261/4190/3758 3262/4191/3759
f 3163/4086/3660 3262/4191/3759 3158/4081/3655
f 3158/4081/3655 3262/4191/3759 3263/4192/3760
f 3158/4081/3655 3263/4192/3760 3159/4082/3656
f 3159/4082/3656 3263/4192/3760 3264/4193/3761
f 3159/4082/3656 3264/4193/3761 3160/4083/3657
f 3160/4083/3657 3264/4193/3761 3265/4194/3762
f 3160/4083/3657 3265/4194/3762 3155/4078/3652
f 3155/4078/3652 3265/4194/3762 3266/4195/3763
f 3155/4078/3652 3266/4195/3763 3156/4079/3653
f 3156/4079/3653 3266/4195/3763 3267/4196/3764
f 3156/4079/3653 3267/4196/3764 3157/4080/3654
f 3157/4080/3654 3267/4196/3764 3268/4197/3765
f 3157/4080/3654 3268/4197/3765 3152/4075/3649
f 3152/4075/3649 3268/4197/3765 3269/4198/3766
f 3152/4075/3649 3269/4198/3766 3153/4076/3650
f 3153/4076/3650 3269/4198/3766 3270/4200/3767
f 3153/4076/3650 3270/4200/3767 3154/4077/3651
f 3154/4077/3651 3270/4200/3767 3271/4202/3768
f 3154/4077/3651 3271/4202/3768 3149/4072/3646
f 3149/4072/3646 3271/4202/3768 3272/4204/3769
f 3149/4072/3646 3272/4204/3769 3150/4073/3647
f 3150/4073/3647 3272/4204/3769 3273/4206/3770
f 3150/4073/3647 3273/4206/3770 3151/4074/3648
f 3151/4074/3648 3273/4206/3770 3274/4208/3771
f 3151/4074/3648 3274/4208/3771 3144/4067/3642
f 3144/4067/3642 3274/4208/3771 3275/4210/3772
f 3144/4067/3642 3275/4210/3772 3145/4068/3643
f 3145/4068/3643 3275/4210/3772 3276/4212/3773
f 3145/4068/3643 3276/4212/3773 3147/4070/3644
f 3147/4070/3644 3276/4212/3773 3211/4134/3708
f 3277/4214/1980 3278/4215/3774 3279/4216/3775
f 3280/4217/3776 3278/4215/3774 3277/4214/1980
f 3277/4214/1980 3281/4218/3777 3282/4219/3778
f 3283/4220/3779 3281/4218/3777 3277/4214/1980
f 3279/4216/3775 3283/4220/3779 3277/4214/1980
f 3277/4214/1980 3284/4221/3780 3285/4222/3781
f 3286/4223/3782 3284/4221/3780 3277/4214/1980
f 3282/4219/3778 3286/4223/3782 3277/4214/1980
f 3277/4214/1980 3287/4224/3783 3288/4225/3784
f 3289/4226/3785 3287/4224/3783 3277/4214/1980
f 3285/4222/3781 3289/4226/3785 3277/4214/1980
f 3288/4225/3784 3280/4217/3776 3277/4214/1980
f 3280/4217/3776 3290/4227/3786 3278/4215/3774
f 3278/4215/3774 3290/4227/3786 3291/4228/3787
f 3278/4215/3774 3291/4228/3787 3279/4216/3775
f 3279/4216/3775 3291/4228/3787 3292/4229/3788
f 3279/4216/3775 3292/4229/3788 3283/4220/3779
f 3283/4220/3779 3292/4229/3788 3293/4230/3789
f 3283/4220/3779 3293/4230/3789 3281/4218/3777
f 3281/4218/3777 3293/4230/3789 3294/4231/3790
f 3281/4218/3777 3294/4231/3790 3282/4219/3778
f 3282/4219/3778 3294/4231/3790 3295/4232/3791
f 3282/4219/3778 3295/4232/3791 3286/4223/3782
f 3286/4223/3782 3295/4232/3791 3296/4233/3792
f 3286/4223/3782 3296/4233/3792 3284/4221/3780
f 3284/4221/3780 3296/4233/3792 3297/4234/3793
f 3284/4221/3780 3297/4234/3793 3285/4222/3781
f 3285/4222/3781 3297/4234/3793 3298/4235/3794
f 3285/4222/3781 3298/4235/3794 3289/4226/3785
f 3289/4226/3785 3298/4235/3794 3299/4236/3795
f 3289/4226/3785 3299/4236/3795 3287/4224/3783
f 3287/4224/3783 3299/4236/3795 3300/4237/3796
f 3287/4224/3783 3300/4237/3796 3288/4225/3784
f 3288/4225/3784 3300/4237/3796 3301/4238/3797
f 3288/4225/3784 3301/4238/3797 3280/4217/3776
f 3280/4217/3776 3301/4238/3797 3290/4227/3786
f 3301/4238/3797 3302/4239/3798 3290/4227/3786
f 3290/4227/3786 3302/4239/3798 3303/4240/3799
f 3290/4227/3786 3303/4240/3799 3291/4228/3787
f 3291/4228/3787 3303/4240/3799 3304/4241/3800
f 3291/4228/3787 3304/4241/3800 3292/4229/3788
f 3292/4229/3788 3304/4241/3800 3305/4242/3801
f 3292/4229/3788 3305/4242/3801 3293/4230/3789
f 3293/4243/3789 3305/4244/3801 3306/4245/3802
f 3293/4243/3789 3306/4245/3802 3294/4246/3790
f 3294/4246/3790 3306/4245/3802 3307/4247/3803
f 3294/4246/3790 3307/4247/3803 3295/4248/3791
f 3295/4248/3791 3307/4247/3803 3308/4249/3804
f 3295/4248/3791 3308/4249/3804 3296/4250/3792
f 3296/4250/3792 3308/4249/3804 3309/4251/3805
f 3296/4250/3792 3309/4251/3805 3297/4252/3793
f 3297/4234/3793 3309/4253/3805 3310/4254/3806
f 3297/4234/3793 3310/4254/3806 3298/4235/3794
f 3298/4235/3794 3310/4254/3806 3311/4255/3807
f 3298/4235/3794 3311/4255/3807 3299/4236/3795
f 3299/4236/3795 3311/4255/3807 3312/4256/3808
f 3299/4236/3795 3312/4256/3808 3300/4237/3796
f 3300/4237/3796 3312/4256/3808 3313/4257/3809
f 3300/4237/3796 3313/4257/3809 3301/4238/3797
f 3301/4238/3797 3313/4257/3809 3302/4239/3798
f 3313/4257/3809 2397/3174/3810 3302/4239/3798
f 3302/4239/3798 2397/3174/3810 2399/3176/3811
f 3302/4239/3798 2399/3176/3811 3303/4240/3799
f 3303/4240/3799 2399/3176/3811 2401/3178/3812
f 3303/4240/3799 2401/3178/3812 3304/4241/3800
f 3304/4258/3800 2401/4259/3812 2411/4260/3813
f 3304/4258/3800 2411/4260/3813 3305/4244/3801
f 3305/4244/3801 2411/4260/3813 2412/4261/3814
f 3305/4244/3801 2412/4261/3814 3306/4245/3802
f 3306/4245/3802 2412/4261/3814 2380/4262/3815
f 3306/4245/3802 2380/4262/3815 3307/4247/3803
f 3307/4247/3803 2380/4262/3815 2379/4263/3816
f 3307/4247/3803 2379/4263/3816 3308/4249/3804
f 3308/4249/3804 2379/4263/3816 2390/4264/3817
f 3308/4249/3804 2390/4264/3817 3309/4251/3805
f 3309/4253/3805 2390/3167/3817 2388/3165/3818
f 3309/4253/3805 2388/3165/3818 3310/4254/3806
f 3310/4254/3806 2388/3165/3818 2405/3182/3819
f 3310/4254/3806 2405/3182/3819 3311/4255/3807
f 3311/4255/3807 2405/3182/3819 2404/3181/3820
f 3311/4255/3807 2404/3181/3820 3312/4256/3808
f 3312/4256/3808 2404/3181/3820 2385/3162/3821
f 3312/4256/3808 2385/3162/3821 3313/4257/3809
f 3313/4257/3809 2385/3162/3821 2397/3174/3810
f 3314/4265/1980 3315/4266/3822 3316/4267/3823
f 3317/4268/3824 3315/4266/3822 3314/4265/1980
f 3314/4265/1980 3318/4269/3825 3319/4270/3826
f 3320/4271/3827 3318/4269/3825 3314/4265/1980
f 3316/4267/3823 3320/4271/3827 3314/4265/1980
f 3314/4265/1980 3321/4272/3828 3322/4273/3829
f 3323/4274/3830 3321/4272/3828 3314/4265/1980
f 3319/4270/3826 3323/4274/3830 3314/4265/1980
f 3314/4265/1980 3324/4275/3831 3325/4276/3832
f 3326/4277/3833 3324/4275/3831 3314/4265/1980
f 3322/4273/3829 3326/4277/3833 3314/4265/1980
f 3325/4276/3832 3317/4268/3824 3314/4265/1980
f 3317/4268/3834 3327/4278/3835 3315/4266/3836
f 3315/4266/3836 3327/4278/3835 3328/4279/3837
f 3315/4266/3836 3328/4279/3837 3316/4267/3838
f 3316/4267/3838 3328/4279/3837 3329/4280/3839
f 3316/4267/3838 3329/4280/3839 3320/4271/3840
f 3320/4271/3840 3329/4280/3839 3330/4281/3841
f 3320/4271/3840 3330/4281/3841 3318/4269/3842
f 3318/4269/3842 3330/4281/3841 3331/4282/3843
f 3318/4269/3842 3331/4282/3843 3319/4270/3844
f 3319/4283/3844 3331/4284/3843 3332/4285/3845
f 3319/4283/3844 3332/4285/3845 3323/4286/3846
f 3323/4286/3846 3332/4285/3845 3333/4287/3847
f 3323/4286/3846 3333/4287/3847 3321/4288/3848
f 3321/4272/3848 3333/4289/3847 3334/4290/3849
f 3321/4272/3848 3334/4290/3849 3322/4273/3850
f 3322/4273/3850 3334/4290/3849 3335/4291/3851
f 3322/4273/3850 3335/4291/3851 3326/4277/3852
f 3326/4277/3852 3335/4291/3851 3336/4292/3853
f 3326/4277/3852 3336/4292/3853 3324/4275/3854
f 3324/4275/3854 3336/4292/3853 3337/4293/3855
f 3324/4275/3854 3337/4293/3855 3325/4276/3856
f 3325/4276/3856 3337/4293/3855 3338/4294/3857
f 3325/4276/3856 3338/4294/3857 3317/4268/3834
f 3317/4268/3834 3338/4294/3857 3327/4278/3835
f 3338/4294/3857 2476/3253/3858 3327/4278/3835
f 3327/4278/3835 2476/3253/3858 2470/3247/3859
f 3327/4278/3835 2470/3247/3859 3328/4279/3837
f 3328/4279/3837 2470/3247/3859 2514/3291/3860
f 3328/4279/3837 2514/3291/3860 3329/4280/3839
f 3329/4295/3839 2514/4296/3860 2512/4297/3861
f 3329/4295/3839 2512/4297/3861 3330/4298/3841
f 3330/4298/3841 2512/4297/3861 2511/4299/3862
f 3330/4298/3841 2511/4299/3862 3331/4284/3843
f 3331/4284/3843 2511/4299/3862 2487/4300/3863
f 3331/4284/3843 2487/4300/3863 3332/4285/3845
f 3332/4285/3845 2487/4300/3863 2504/4301/3864
f 3332/4285/3845 2504/4301/3864 3333/4287/3847
f 3333/4287/3847 2504/4301/3864 2506/4302/3865
f 3333/4287/3847 2506/4302/3865 3334/4303/3849
f 3334/4290/3849 2506/3283/3865 2462/3239/3866
f 3334/4290/3849 2462/3239/3866 3335/4291/3851
f 3335/4291/3851 2462/3239/3866 2471/3248/3867
f 3335/4291/3851 2471/3248/3867 3336/4292/3853
f 3336/4292/3853 2471/3248/3867 2473/3250/3868
f 3336/4292/3853 2473/3250/3868 3337/4293/3855
f 3337/4293/3855 2473/3250/3868 2475/3252/3869
f 3337/4293/3855 2475/3252/3869 3338/4294/3857
f 3338/4294/3857 2475/3252/3869 2476/3253/3858
f 3339/4304/1980 3340/4305/3822 3341/4306/3870
f 3342/4307/3824 3340/4305/3822 3339/4304/1980
f 3339/4304/1980 3343/4308/3825 3344/4309/3826
f 3345/4310/3827 3343/4308/3825 3339/4304/1980
f 3341/4306/3870 3345/4310/3827 3339/4304/1980
f 3339/4304/1980 3346/4311/3828 3347/4312/3871
f 3348/4313/3830 3346/4311/3828 3339/4304/1980
f 3344/4309/3826 3348/4313/3830 3339/4304/1980
f 3339/4304/1980 3349/4314/3831 3350/4315/3832
f 3351/4316/3833 3349/4314/3831 3339/4304/1980
f 3347/4312/3871 3351/4316/3833 3339/4304/1980
f 3350/4315/3832 3342/4307/3824 3339/4304/1980
f 3342/4307/3872 3352/4317/3835 3340/4305/3836
f 3340/4305/3836 3352/4317/3835 3353/4318/3873
f 3340/4305/3836 3353/4318/3873 3341/4306/3874
f 3341/4306/3874 3353/4318/3873 3354/4319/3839
f 3341/4306/3874 3354/4319/3839 3345/4310/3875
f 3345/4310/3875 3354/4319/3839 3355/4320/3841
f 3345/4310/3875 3355/4320/3841 3343/4308/3842
f 3343/4308/3842 3355/4320/3841 3356/4321/3876
f 3343/4308/3842 3356/4321/3876 3344/4309/3877
f 3344/4322/3877 3356/4323/3876 3357/4324/3845
f 3344/4322/3877 3357/4324/3845 3348/4325/3878
f 3348/4325/3878 3357/4324/3845 3358/4326/3879
f 3348/4325/3878 3358/4326/3879 3346/4327/3848
f 3346/4311/3848 3358/4328/3879 3359/4329/3880
f 3346/4311/3848 3359/4329/3880 3347/4312/3850
f 3347/4312/3850 3359/4329/3880 3360/4330/3851
f 3347/4312/3850 3360/4330/3851 3351/4316/3881
f 3351/4316/3881 3360/4330/3851 3361/4331/3853
f 3351/4316/3881 3361/4331/3853 3349/4314/3854
f 3349/4314/3854 3361/4331/3853 3362/4332/3855
f 3349/4314/3854 3362/4332/3855 3350/4315/3856
f 3350/4315/3856 3362/4332/3855 3363/4333/3857
f 3350/4315/3856 3363/4333/3857 3342/4307/3872
f 3342/4307/3872 3363/4333/3857 3352/4317/3835
f 3363/4333/3857 2497/3274/3882 3352/4317/3835
f 3352/4317/3835 2497/3274/3882 2496/3273/3883
f 3352/4317/3835 2496/3273/3883 3353/4318/3873
f 3353/4318/3873 2496/3273/3883 2494/3271/3860
f 3353/4318/3873 2494/3271/3860 3354/4319/3839
f 3354/4334/3839 2494/4335/3860 2492/4336/3861
f 3354/4334/3839 2492/4336/3861 3355/4337/3841
f 3355/4337/3841 2492/4336/3861 2490/4338/3862
f 3355/4337/3841 2490/4338/3862 3356/4323/3876
f 3356/4323/3876 2490/4338/3862 2477/4339/3884
f 3356/4323/3876 2477/4339/3884 3357/4324/3845
f 3357/4324/3845 2477/4339/3884 2479/4340/3885
f 3357/4324/3845 2479/4340/3885 3358/4326/3879
f 3358/4326/3879 2479/4340/3885 2481/4341/3886
f 3358/4326/3879 2481/4341/3886 3359/4342/3880
f 3359/4329/3880 2481/3258/3886 2483/3260/3887
f 3359/4329/3880 2483/3260/3887 3360/4330/3851
f 3360/4330/3851 2483/3260/3887 2510/3287/3888
f 3360/4330/3851 2510/3287/3888 3361/4331/3853
f 3361/4331/3853 2510/3287/3888 2501/3278/3868
f 3361/4331/3853 2501/3278/3868 3362/4332/3855
f 3362/4332/3855 2501/3278/3868 2499/3276/3869
f 3362/4332/3855 2499/3276/3869 3363/4333/3857
f 3363/4333/3857 2499/3276/3869 2497/3274/3882
f 3364/4343/1980 3365/4344/3822 3366/4345/3870
f 3367/4346/3824 3365/4344/3822 3364/4343/1980
f 3364/4343/1980 3368/4347/3825 3369/4348/3826
f 3370/4349/3827 3368/4347/3825 3364/4343/1980
f 3366/4345/3870 3370/4349/3827 3364/4343/1980
f 3364/4343/1980 3371/4350/3828 3372/4351/3829
f 3373/4352/3830 3371/4350/3828 3364/4343/1980
f 3369/4348/3826 3373/4352/3830 3364/4343/1980
f 3364/4343/1980 3374/4353/3831 3375/4354/3832
f 3376/4355/3833 3374/4353/3831 3364/4343/1980
f 3372/4351/3829 3376/4355/3833 3364/4343/1980
f 3375/4354/3832 3367/4346/3824 3364/4343/1980
f 3367/4346/3834 3377/4356/3835 3365/4344/3836
f 3365/4344/3836 3377/4356/3835 3378/4357/3837
f 3365/4344/3836 3378/4357/3837 3366/4345/3874
f 3366/4345/3874 3378/4357/3837 3379/4358/3839
f 3366/4345/3874 3379/4358/3839 3370/4349/3840
f 3370/4349/3840 3379/4358/3839 3380/4359/3841
f 3370/4349/3840 3380/4359/3841 3368/4347/3842
f 3368/4347/3842 3380/4359/3841 3381/4360/3889
f 3368/4347/3842 3381/4360/3889 3369/4348/3844
f 3369/4361/3844 3381/4362/3889 3382/4363/3845
f 3369/4361/3844 3382/4363/3845 3373/4364/3878
f 3373/4364/3878 3382/4363/3845 3383/4365/3879
f 3373/4364/3878 3383/4365/3879 3371/4366/3848
f 3371/4350/3848 3383/4367/3879 3384/4368/3880
f 3371/4350/3848 3384/4368/3880 3372/4351/3850
f 3372/4351/3850 3384/4368/3880 3385/4369/3851
f 3372/4351/3850 3385/4369/3851 3376/4355/3881
f 3376/4355/3881 3385/4369/3851 3386/4370/3853
f 3376/4355/3881 3386/4370/3853 3374/4353/3854
f 3374/4353/3854 3386/4370/3853 3387/4371/3890
f 3374/4353/3854 3387/4371/3890 3375/4354/3856
f 3375/4354/3856 3387/4371/3890 3388/4372/3857
f 3375/4354/3856 3388/4372/3857 3367/4346/3834
f 3367/4346/3834 3388/4372/3857 3377/4356/3835
f 3388/4372/3857 2426/3203/3858 3377/4356/3835
f 3377/4356/3835 2426/3203/3858 2428/3205/3859
f 3377/4356/3835 2428/3205/3859 3378/4357/3837
f 3378/4357/3837 2428/3205/3859 2430/3207/3860
f 3378/4357/3837 2430/3207/3860 3379/4358/3839
f 3379/4373/3839 2430/4374/3860 2424/4375/3891
f 3379/4373/3839 2424/4375/3891 3380/4376/3841
f 3380/4376/3841 2424/4375/3891 2423/4377/3862
f 3380/4376/3841 2423/4377/3862 3381/4362/3889
f 3381/4362/3889 2423/4377/3862 2446/4378/3863
f 3381/4362/3889 2446/4378/3863 3382/4363/3845
f 3382/4363/3845 2446/4378/3863 2444/4379/3885
f 3382/4363/3845 2444/4379/3885 3383/4365/3879
f 3383/4365/3879 2444/4379/3885 2443/4380/3865
f 3383/4365/3879 2443/4380/3865 3384/4381/3880
f 3384/4368/3880 2443/3220/3865 2435/3212/3887
f 3384/4368/3880 2435/3212/3887 3385/4369/3851
f 3385/4369/3851 2435/3212/3887 2438/3215/3867
f 3385/4369/3851 2438/3215/3867 3386/4370/3853
f 3386/4370/3853 2438/3215/3867 2440/3217/3892
f 3386/4370/3853 2440/3217/3892 3387/4371/3890
f 3387/4371/3890 2440/3217/3892 2432/3209/3869
f 3387/4371/3890 2432/3209/3869 3388/4372/3857
f 3388/4372/3857 2432/3209/3869 2426/3203/3858
f 3390/4382/3893 3391/4383/3894 3389/4384/3895
f 3389/4384/3895 3391/4383/3894 3392/4385/3896
f 3392/4385/3896 3391/4383/3894 3393/4386/3897
f 3392/4385/3896 3393/4386/3897 3394/4387/3898
f 3394/4387/3898 3393/4386/3897 3395/4388/3899
f 3394/4387/3898 3395/4388/3899 3396/4389/3900
f 3396/4389/3900 3395/4388/3899 3397/4390/3901
f 3396/4389/3900 3397/4390/3901 3398/4391/3902
f 3398/4391/3902 3397/4390/3901 3399/4392/3903
f 3398/4391/3902 3399/4392/3903 3400/4393/3904
f 3400/4393/3904 3399/4392/3903 3401/4394/3905
f 3400/4393/3904 3401/4394/3905 3402/4395/3906
f 3402/4395/3906 3401/4394/3905 3403/4396/3907
f 3402/4395/3906 3403/4396/3907 3404/4397/3908
f 3404/4397/3908 3403/4396/3907 3405/4398/3909
f 3404/4397/3908 3405/4398/3909 3406/4399/3910
f 3406/4399/3910 3405/4398/3909 3407/4400/3911
f 3406/4399/3910 3407/4400/3911 3408/4401/3912
f 3408/4401/3912 3407/4400/3911 3409/4402/3913
f 3408/4401/3912 3409/4402/3913 3410/4403/3914
f 3410/4403/3914 3409/4402/3913 3411/4404/3915
f 3410/4403/3914 3411/4404/3915 3412/4405/3916
f 3412/4405/3916 3411/4404/3915 3413/4406/3917
f 3412/4405/3916 3413/4406/3917 3414/4407/3918
f 3414/4407/3918 3413/4406/3917 3415/4408/3919
f 3414/4407/3918 3415/4408/3919 3416/4409/3920
f 3416/4409/3920 3415/4408/3919 3418/4410/3921
f 3416/4409/3920 3418/4410/3921 3417/4411/3922
f 3415/4408/3919 3419/4412/3923 3418/4410/3921
f 3418/4410/3921 3419/4412/3923 3420/4413/3924
f 3418/4410/3921 3420/4413/3924 3421/4414/3925
f 3417/4411/3922 3418/4410/3921 3421/4414/3925
f 3417/4411/3922 3421/4414/3925 3422/4415/3926
f 3421/4414/3925 3420/4413/3924 3424/4416/3927
f 3422/4415/3926 3421/4414/3925 3423/4417/3928
f 3421/4414/3925 3424/4416/3927 3423/4417/3928
f 3423/4417/3928 3424/4416/3927 3430/4418/3929
f 3428/4419/3930 3424/4416/3927 3425/4420/3931
f 3431/4421/3932 3425/4420/3931 3424/4416/3927
f 3429/4422/3933 3424/4416/3927 3420/4413/3924
f 3426/4423/3934 3424/4416/3927 3429/4422/3933
f 3431/4421/3932 3424/4416/3927 3426/4423/3934
f 3427/4424/3935 3424/4416/3927 3428/4419/3930
f 3427/4424/3935 3430/4418/3929 3424/4416/3927
f 3423/4417/3928 3430/4418/3929 3432/4425/3936
f 3432/4425/3936 3430/4418/3929 3436/4426/3937
f 3430/4418/3929 3433/4427/3938 3434/4428/3939
f 3430/4418/3929 3435/4429/3940 3433/4427/3938
f 3436/4426/3937 3430/4418/3929 3434/4428/3939
f 3435/4429/3940 3430/4418/3929 3427/4424/3935
f 3437/4430/3941 3432/4425/3936 3436/4426/3937
f 3437/4430/3941 3436/4426/3937 3438/4431/3942
f 3438/4431/3942 3436/4426/3937 3439/4432/3943
f 3436/4426/3937 3434/4428/3939 3439/4432/3943
f 3438/4433/3942 3439/4434/3943 3441/4435/3944
f 3439/4432/3943 3442/4436/3945 3440/4437/3946
f 3441/4435/3944 3439/4434/3943 3440/4438/3946
f 3439/4432/3943 3434/4428/3939 3442/4436/3945
f 3440/4437/3946 3442/4436/3945 3443/4439/3947
f 3442/4436/3945 3445/4440/3948 3443/4439/3947
f 3442/4436/3945 3444/4441/3949 3445/4440/3948
f 3434/4428/3939 3444/4441/3949 3442/4436/3945
f 3443/4439/3947 3445/4440/3948 3446/4442/3950
f 3447/4443/3951 3446/4442/3950 3445/4440/3948
f 3447/4443/3951 3445/4440/3948 3448/4444/3952
f 3449/4445/3953 3445/4440/3948 3444/4441/3949
f 3448/4444/3952 3445/4440/3948 3449/4445/3953
f 3450/4446/3954 3448/4444/3952 3449/4445/3953
f 3450/4446/3954 3449/4445/3953 3451/4447/3955
f 3449/4445/3953 3444/4441/3949 3451/4447/3955
f 3452/4448/3956 3450/4446/3954 3451/4447/3955
f 3452/4448/3956 3451/4447/3955 3453/4449/3957
f 3451/4447/3955 3454/4450/3958 3453/4449/3957
f 3451/4447/3955 3444/4441/3949 3454/4450/3958
f 3455/4451/3959 3454/4450/3958 3444/4441/3949
f 3434/4428/3939 3455/4451/3959 3444/4441/3949
f 3456/4452/3960 3455/4451/3959 3434/4428/3939
f 3434/4428/3939 3457/4453/3961 3456/4452/3960
f 3434/4428/3939 3433/4427/3938 3457/4453/3961
f 3458/4454/3962 3450/4446/3954 3452/4448/3956
f 3458/4454/3962 3459/4455/3963 3450/4446/3954
f 3460/4456/3964 3459/4455/3963 3458/4454/3962
f 3461/4457/3965 3459/4455/3963 3460/4456/3964
f 3462/4458/3966 3463/4459/3967 3461/4457/3965
f 3461/4457/3965 3463/4459/3967 3459/4455/3963
f 3462/4458/3966 3466/4460/3968 3463/4459/3967
f 3463/4459/3967 3464/4461/3969 3465/4462/3970
f 3466/4460/3968 3464/4461/3969 3463/4459/3967
f 3463/4459/3967 3465/4462/3970 3459/4455/3963
f 3467/4463/3971 3466/4460/3968 3462/4458/3966
f 3467/4463/3971 3468/4464/3972 3466/4460/3968
f 3468/4464/3972 3469/4465/3973 3466/4460/3968
f 3466/4460/3968 3469/4465/3973 3464/4461/3969
f 3468/4464/3972 3470/4466/3974 3469/4465/3973
f 3470/4466/3974 3472/4467/3975 3469/4465/3973
f 3469/4465/3973 3471/4468/3976 3464/4461/3969
f 3469/4465/3973 3472/4467/3975 3471/4468/3976
f 3474/4469/3977 3471/4468/3976 3472/4467/3975
f 3470/4466/3974 3473/4470/3978 3472/4467/3975
f 3475/4471/3979 3472/4467/3975 3473/4470/3978
f 3474/4469/3977 3472/4467/3975 3475/4471/3979
f 3476/4472/3980 3475/4471/3979 3477/4473/3981
f 3474/4469/3977 3475/4471/3979 3476/4472/3980
f 3475/4471/3979 3473/4470/3978 3477/4473/3981
f 3473/4470/3978 3478/4474/3982 3477/4473/3981
f 3476/4472/3980 3477/4473/3981 3478/4474/3982
f 3476/4472/3980 3478/4474/3982 3480/4475/3983
f 3473/4470/3978 3479/4476/3984 3478/4474/3982
f 3480/4475/3983 3478/4474/3982 3479/4476/3984
f 3480/4475/3983 3479/4476/3984 3481/4477/3985
f 3480/4475/3983 3481/4477/3985 3482/4478/3986
f 3484/4479/3987 3480/4475/3983 3482/4478/3986
f 3483/4480/3988 3476/4472/3980 3480/4475/3983
f 3483/4480/3988 3480/4475/3983 3484/4479/3987
f 3484/4479/3987 3482/4478/3986 3485/4481/3989
f 3487/4482/3990 3483/4480/3988 3484/4479/3987
f 3486/4483/3991 3484/4479/3987 3485/4481/3989
f 3487/4482/3990 3484/4479/3987 3486/4483/3991
f 3488/4484/3992 3483/4480/3988 3487/4482/3990
f 3487/4482/3990 3489/4485/3993 3488/4484/3992
f 3487/4482/3990 3490/4486/3994 3489/4485/3993
f 3486/4483/3991 3490/4486/3994 3487/4482/3990
f 3491/4487/3995 3489/4488/3993 3490/4489/3994
f 3491/4487/3995 3490/4489/3994 3492/4490/3996
f 3492/4490/3996 3490/4489/3994 3493/4491/3997
f 3486/4483/3991 3493/4492/3997 3490/4486/3994
f 3492/4490/3996 3493/4491/3997 3496/4493/3998
f 3495/4494/3999 3494/4495/4000 3493/4492/3997
f 3496/4493/3998 3493/4491/3997 3494/4496/4000
f 3495/4497/3999 3493/4498/3997 3486/4499/3991
f 3496/4493/3998 3494/4496/4000 3497/4500/4001
f 3497/4500/4001 3494/4496/4000 3498/4501/4002
f 3497/4500/4001 3498/4501/4002 3499/4502/4003
f 3499/4502/4003 3498/4501/4002 3501/4503/4004
f 3499/4502/4003 3501/4503/4004 3500/4504/4005
f 3504/4505/4006 3501/4506/4004 3498/4507/4002
f 3500/4504/4005 3501/4503/4004 3502/4508/4007
f 3503/4509/4008 3502/4510/4007 3501/4506/4004
f 3503/4509/4008 3501/4506/4004 3504/4505/4006
f 3504/4505/4006 3507/4511/4009 3503/4509/4008
f 3505/4512/4010 3506/4513/4011 3504/4505/4006
f 3504/4505/4006 3498/4507/4002 3505/4512/4010
f 3504/4505/4006 3506/4513/4011 3507/4511/4009
f 3507/4511/4009 3508/4514/4012 3510/4515/4013
f 3507/4511/4009 3509/4516/4014 3508/4514/4012
f 3506/4513/4011 3509/4516/4014 3507/4511/4009
f 3503/4509/4008 3507/4511/4009 3510/4515/4013
f 3510/4515/4013 3508/4514/4012 3513/4517/4015
f 3503/4509/4008 3510/4515/4013 3512/4518/4016
f 3512/4518/4016 3510/4515/4013 3511/4519/4017
f 3510/4515/4013 3513/4517/4015 3511/4519/4017
f 3511/4519/4017 3513/4517/4015 3514/4520/4018
f 3515/4521/4019 3514/4520/4018 3513/4517/4015
f 3515/4521/4019 3513/4517/4015 3516/4522/4020
f 3516/4522/4020 3513/4517/4015 3508/4514/4012
f 3517/4523/4021 3515/4521/4019 3516/4522/4020
f 3517/4523/4021 3516/4522/4020 3518/4524/4022
f 3518/4524/4022 3516/4522/4020 3519/4525/4023
f 3516/4522/4020 3508/4514/4012 3519/4525/4023
f 3519/4525/4023 3508/4514/4012 3521/4526/4024
f 3518/4524/4022 3519/4525/4023 3520/4527/4025
f 3520/4527/4025 3519/4525/4023 3521/4526/4024
f 3521/4526/4024 3508/4514/4012 3509/4516/4014
f 3521/4526/4024 3509/4516/4014 3522/4528/4026
f 3520/4527/4025 3521/4526/4024 3522/4528/4026
f 3509/4516/4014 3523/4529/4027 3522/4528/4026
f 3520/4527/4025 3522/4528/4026 3523/4529/4027
f 3509/4516/4014 3525/4530/4028 3523/4529/4027
f 3520/4527/4025 3523/4529/4027 3524/4531/4029
f 3524/4531/4029 3523/4529/4027 3525/4530/4028
f 3526/4532/4030 3527/4533/4031 3525/4530/4028
f 3525/4530/4028 3528/4534/4032 3526/4532/4030
f 3529/4535/4033 3525/4530/4028 3527/4533/4031
f 3528/4534/4032 3525/4530/4028 3509/4516/4014
f 3524/4531/4029 3525/4530/4028 3529/4535/4033
f 3530/4536/4034 3524/4531/4029 3529/4535/4033
f 3530/4536/4034 3529/4535/4033 3532/4537/4035
f 3529/4535/4033 3527/4533/4031 3531/4538/4036
f 3532/4537/4035 3529/4535/4033 3531/4538/4036
f 3535/4539/4037 3530/4536/4034 3532/4537/4035
f 3533/4540/4038 3532/4537/4035 3534/4541/4039
f 3535/4539/4037 3532/4537/4035 3533/4540/4038
f 3532/4537/4035 3531/4538/4036 3534/4541/4039
f 3536/4542/4040 3530/4536/4034 3535/4539/4037
f 3537/4543/4041 3536/4542/4040 3535/4539/4037
f 3537/4543/4041 3535/4539/4037 3538/4544/4042
f 3538/4544/4042 3535/4539/4037 3533/4540/4038
f 3538/4544/4042 3533/4540/4038 3539/4545/4043
f 3533/4540/4038 3540/4546/4044 3539/4545/4043
f 3539/4545/4043 3540/4546/4044 3541/4547/4045
f 3539/4545/4043 3541/4547/4045 3467/4463/3971
f 3540/4546/4044 3542/4548/4046 3541/4547/4045
f 3541/4547/4045 3542/4548/4046 3470/4466/3974
f 3541/4547/4045 3468/4464/3972 3467/4463/3971
f 3541/4547/4045 3470/4466/3974 3468/4464/3972
f 3540/4546/4044 3534/4541/4039 3542/4548/4046
f 3542/4548/4046 3473/4470/3978 3470/4466/3974
f 3542/4548/4046 3543/4549/4047 3473/4470/3978
f 3534/4541/4039 3543/4549/4047 3542/4548/4046
f 3543/4549/4047 3479/4476/3984 3473/4470/3978
f 3531/4538/4036 3481/4477/3985 3543/4549/4047
f 3534/4541/4039 3531/4538/4036 3543/4549/4047
f 3543/4549/4047 3481/4477/3985 3479/4476/3984
f 3533/4540/4038 3534/4541/4039 3540/4546/4044
f 3544/4550/4048 3536/4542/4040 3537/4543/4041
f 3545/4551/4049 3546/4552/4050 3544/4550/4048
f 3546/4552/4050 3547/4553/4051 3544/4550/4048
f 3544/4550/4048 3547/4553/4051 3536/4542/4040
f 3546/4552/4050 3548/4554/4052 3547/4553/4051
f 3547/4553/4051 3548/4554/4052 3549/4555/4053
f 3547/4553/4051 3549/4555/4053 3536/4542/4040
f 3536/4542/4040 3549/4555/4053 3530/4536/4034
f 3548/4554/4052 3520/4527/4025 3549/4555/4053
f 3549/4555/4053 3520/4527/4025 3524/4531/4029
f 3549/4555/4053 3524/4531/4029 3530/4536/4034
f 3546/4552/4050 3550/4556/4054 3548/4554/4052
f 3550/4556/4054 3518/4524/4022 3548/4554/4052
f 3548/4554/4052 3518/4524/4022 3520/4527/4025
f 3551/4557/4055 3550/4556/4054 3546/4552/4050
f 3551/4557/4055 3552/4558/4056 3550/4556/4054
f 3552/4558/4056 3517/4523/4021 3550/4556/4054
f 3550/4556/4054 3517/4523/4021 3518/4524/4022
f 3552/4558/4056 3553/4559/4057 3517/4523/4021
f 3555/4560/4058 3553/4559/4057 3552/4558/4056
f 3554/4561/4059 3552/4558/4056 3551/4557/4055
f 3554/4561/4059 3555/4560/4058 3552/4558/4056
f 3556/4562/4060 3555/4560/4058 3554/4561/4059
f 3556/4562/4060 3557/4563/4061 3555/4560/4058
f 3557/4563/4061 3558/4564/4062 3555/4560/4058
f 3555/4560/4058 3558/4564/4062 3553/4559/4057
f 3558/4564/4062 3559/4565/4063 3553/4559/4057
f 3558/4564/4062 3561/4566/4064 3559/4565/4063
f 3558/4564/4062 3562/4567/4065 3560/4568/4066
f 3560/4568/4066 3561/4566/4064 3558/4564/4062
f 3557/4563/4061 3563/4569/4067 3558/4564/4062
f 3558/4564/4062 3563/4569/4067 3562/4567/4065
f 3564/4570/4068 3563/4569/4067 3557/4563/4061
f 3565/4571/4069 3563/4569/4067 3564/4570/4068
f 3562/4567/4065 3563/4569/4067 3565/4571/4069
f 3565/4571/4069 3564/4570/4068 3567/4572/4070
f 3566/4573/4071 3565/4571/4069 3568/4574/4072
f 3566/4573/4071 3562/4567/4065 3565/4571/4069
f 3568/4574/4072 3565/4571/4069 3567/4572/4070
f 3569/4575/4073 3568/4574/4072 3570/4576/4074
f 3571/4577/4075 3568/4574/4072 3569/4575/4073
f 3571/4577/4075 3566/4573/4071 3568/4574/4072
f 3568/4574/4072 3567/4572/4070 3570/4576/4074
f 3572/4578/4076 3566/4573/4071 3571/4577/4075
f 3572/4578/4076 3571/4577/4075 3573/4579/4077
f 3573/4579/4077 3571/4577/4075 3569/4575/4073
f 3577/4580/4078 3573/4579/4077 3574/4581/4079
f 3573/4579/4077 3569/4575/4073 3574/4581/4079
f 3573/4579/4077 3575/4582/4080 3572/4578/4076
f 3576/4583/4081 3575/4582/4080 3573/4579/4077
f 3576/4583/4081 3573/4579/4077 3577/4580/4078
f 3578/4584/4082 3577/4580/4078 3579/4585/4083
f 3580/4586/4084 3577/4580/4078 3578/4584/4082
f 3577/4580/4078 3574/4581/4079 3579/4585/4083
f 3580/4586/4084 3576/4583/4081 3577/4580/4078
f 3581/4587/4085 3576/4583/4081 3580/4586/4084
f 3582/4588/4086 3581/4587/4085 3580/4586/4084
f 3582/4588/4086 3580/4586/4084 3583/4589/4087
f 3583/4589/4087 3580/4586/4084 3578/4584/4082
f 3583/4589/4087 3578/4584/4082 3584/4590/4088
f 3584/4590/4088 3578/4584/4082 3586/4591/4089
f 3584/4590/4088 3586/4591/4089 3585/4592/4090
f 3578/4584/4082 3579/4585/4083 3586/4591/4089
f 3586/4591/4089 3579/4585/4083 3588/4593/4091
f 3585/4592/4090 3586/4591/4089 3587/4594/4092
f 3586/4591/4089 3588/4593/4091 3587/4594/4092
f 3587/4594/4092 3588/4593/4091 3589/4595/4093
f 3588/4593/4091 3591/4596/4094 3589/4595/4093
f 3588/4593/4091 3590/4597/4095 3591/4596/4094
f 3579/4585/4083 3590/4597/4095 3588/4593/4091
f 3591/4596/4094 3596/4598/4096 3592/4599/4097
f 3591/4596/4094 3592/4599/4097 3593/4600/4098
f 3589/4595/4093 3591/4596/4094 3593/4600/4098
f 3591/4596/4094 3590/4597/4095 3594/4601/4099
f 3594/4601/4099 3595/4602/4100 3591/4596/4094
f 3591/4596/4094 3595/4602/4100 3596/4598/4096
f 3596/4598/4096 3595/4602/4100 3598/4603/4101
f 3597/4604/4102 3592/4599/4097 3596/4598/4096
f 3596/4598/4096 3598/4603/4101 3597/4604/4102
f 3598/4603/4101 3595/4602/4100 3594/4601/4099
f 3598/4603/4101 3601/4605/4103 3597/4604/4102
f 3599/4606/4104 3600/4607/4105 3598/4603/4101
f 3598/4603/4101 3594/4601/4099 3599/4606/4104
f 3598/4603/4101 3600/4607/4105 3601/4605/4103
f 3601/4605/4103 3602/4608/4106 3603/4609/4107
f 3600/4607/4105 3602/4608/4106 3601/4605/4103
f 3597/4604/4102 3601/4605/4103 3604/4610/4108
f 3601/4605/4103 3603/4609/4107 3604/4610/4108
f 3597/4604/4102 3604/4610/4108 3607/4611/4109
f 3604/4610/4108 3605/4612/4110 3606/4613/4111
f 3604/4610/4108 3603/4609/4107 3605/4612/4110
f 3607/4611/4109 3604/4610/4108 3606/4613/4111
f 3607/4611/4109 3606/4613/4111 3609/4614/4112
f 3607/4611/4109 3608/4615/4113 3597/4604/4102
f 3607/4611/4109 3610/4616/4114 3608/4615/4113
f 3609/4614/4112 3610/4616/4114 3607/4611/4109
f 3611/4617/4115 3608/4615/4113 3610/4616/4114
f 3611/4617/4115 3610/4616/4114 3612/4618/4116
f 3609/4614/4112 3613/4619/4117 3610/4616/4114
f 3612/4618/4116 3610/4616/4114 3613/4619/4117
f 3615/4620/4118 3614/4621/4119 3613/4619/4117
f 3616/4622/4120 3613/4619/4117 3614/4621/4119
f 3612/4618/4116 3613/4619/4117 3616/4622/4120
f 3615/4620/4118 3613/4619/4117 3609/4614/4112
f 3616/4622/4120 3614/4621/4119 3617/4623/4121
f 3619/4624/4122 3612/4618/4116 3616/4622/4120
f 3618/4625/4123 3616/4622/4120 3617/4623/4121
f 3619/4624/4122 3616/4622/4120 3618/4625/4123
f 3620/4626/4124 3612/4618/4116 3619/4624/4122
f 3621/4627/4125 3620/4626/4124 3619/4624/4122
f 3621/4627/4125 3619/4624/4122 3622/4628/4126
f 3622/4628/4126 3619/4624/4122 3618/4625/4123
f 3623/4629/4127 3621/4627/4125 3622/4628/4126
f 3623/4629/4127 3622/4628/4126 3624/4630/4128
f 3624/4630/4128 3622/4628/4126 3625/4631/4129
f 3622/4628/4126 3618/4625/4123 3625/4631/4129
f 3624/4630/4128 3625/4631/4129 3628/4632/4130
f 3625/4631/4129 3627/4633/4131 3626/4634/4132
f 3628/4632/4130 3625/4631/4129 3626/4634/4132
f 3625/4631/4129 3618/4625/4123 3627/4633/4131
f 3628/4632/4130 3626/4634/4132 3629/4635/4133
f 3629/4635/4133 3626/4634/4132 3630/4636/4134
f 3629/4635/4133 3630/4636/4134 3631/4637/4135
f 3631/4637/4135 3630/4636/4134 3632/4638/4136
f 3631/4637/4135 3632/4638/4136 3633/4639/4137
f 3633/4639/4137 3632/4638/4136 3634/4640/4138
f 3633/4639/4137 3634/4640/4138 3635/4641/4139
f 3635/4641/4139 3636/4642/4140 3637/4643/4141
f 3635/4641/4139 3634/4640/4138 3636/4642/4140
f 3637/4643/4141 3636/4642/4140 3638/4644/4142
f 3637/4643/4141 3638/4644/4142 3639/4645/4143
f 3639/4645/4143 3638/4644/4142 3640/4646/4144
f 3639/4645/4143 3640/4646/4144 3641/4647/4145
f 3641/4647/4145 3640/4646/4144 3642/4648/4146
f 3641/4647/4145 3642/4648/4146 3643/4649/4147
f 3643/4649/4147 3644/4650/4148 3645/4651/4149
f 3643/4649/4147 3642/4648/4146 3644/4650/4148
f 3645/4651/4149 3644/4650/4148 3646/4652/4150
f 3645/4651/4149 3646/4652/4150 3647/4653/4151
f 3647/4653/4151 3646/4652/4150 3648/4654/4152
f 3647/4653/4151 3648/4654/4152 3649/4655/4153
f 3649/4655/4153 3648/4654/4152 3650/4656/4154
f 3649/4655/4153 3650/4656/4154 3651/4657/4155
f 3651/4657/4155 3652/4658/4156 3653/4659/4157
f 3651/4657/4155 3650/4656/4154 3652/4658/4156
f 3653/4659/4157 3652/4658/4156 3654/4660/4158
f 3653/4659/4157 3654/4660/4158 3655/4661/4159
f 3655/4661/4159 3654/4660/4158 3656/4662/4160
f 3655/4661/4159 3656/4662/4160 3657/4663/4161
f 3657/4663/4161 3656/4662/4160 3659/4664/4162
f 3657/4663/4161 3659/4664/4162 3658/4665/4163
f 3656/4662/4160 3660/4666/4164 3659/4664/4162
f 3659/4664/4162 3660/4666/4164 3661/4667/4165
f 3659/4664/4162 3661/4667/4165 3662/4668/4166
f 3658/4665/4163 3659/4664/4162 3662/4668/4166
f 3658/4665/4163 3662/4668/4166 3663/4669/4167
f 3663/4669/4167 3662/4668/4166 3664/4670/4168
f 3662/4668/4166 3665/4671/4169 3664/4670/4168
f 3662/4668/4166 3661/4667/4165 3665/4671/4169
f 3664/4670/4168 3665/4671/4169 3668/4672/4170
f 3665/4671/4169 3666/4673/4171 3667/4674/4172
f 3661/4667/4165 3666/4673/4171 3665/4671/4169
f 3665/4671/4169 3667/4674/4172 3668/4672/4170
f 3668/4672/4170 3669/4675/4173 3671/4676/4174
f 3668/4672/4170 3667/4674/4172 3669/4675/4173
f 3664/4670/4168 3668/4672/4170 3670/4677/4175
f 3670/4677/4175 3668/4672/4170 3671/4676/4174
f 3671/4676/4174 3669/4675/4173 3673/4678/4176
f 3674/4679/4177 3671/4676/4174 3672/4680/4178
f 3671/4676/4174 3673/4678/4176 3672/4680/4178
f 3670/4677/4175 3671/4676/4174 3674/4679/4177
f 3674/4679/4177 3672/4680/4178 3391/4383/3894
f 3390/4382/3893 3674/4679/4177 3391/4383/3894
f 3675/4681/4179 3670/4677/4175 3674/4679/4177
f 3675/4681/4179 3674/4679/4177 3390/4382/3893
f 3676/4682/4180 3670/4677/4175 3675/4681/4179
f 3663/4669/4167 3664/4670/4168 3676/4682/4180
f 3676/4682/4180 3664/4670/4168 3670/4677/4175
f 3673/4678/4176 3680/4683/4181 3677/4684/4182
f 3673/4678/4176 3677/4684/4182 3678/4685/4183
f 3672/4680/4178 3673/4678/4176 3678/4685/4183
f 3669/4675/4173 3679/4686/4184 3673/4678/4176
f 3673/4678/4176 3679/4686/4184 3680/4683/4181
f 3679/4686/4184 3681/4687/4185 3680/4683/4181
f 3682/4688/4186 3680/4683/4181 3681/4687/4185
f 3682/4688/4186 3677/4684/4182 3680/4683/4181
f 3682/4688/4186 3685/4689/4187 3683/4690/4188
f 3683/4690/4188 3677/4684/4182 3682/4688/4186
f 3681/4687/4185 3684/4691/4189 3682/4688/4186
f 3682/4688/4186 3684/4691/4189 3685/4689/4187
f 3683/4690/4188 3685/4689/4187 3688/4692/4190
f 3685/4689/4187 3686/4693/4191 3688/4692/4190
f 3685/4689/4187 3687/4694/4192 3686/4693/4191
f 3684/4691/4189 3687/4694/4192 3685/4689/4187
f 3683/4690/4188 3688/4692/4190 3689/4695/4193
f 3688/4692/4190 3686/4693/4191 3690/4696/4194
f 3688/4692/4190 3690/4696/4194 3689/4695/4193
f 3691/4697/4195 3690/4696/4194 3692/4698/4196
f 3691/4697/4195 3689/4695/4193 3690/4696/4194
f 3686/4693/4191 3692/4698/4196 3690/4696/4194
f 3692/4698/4196 3693/4699/4197 3691/4697/4195
f 3695/4700/4198 3693/4699/4197 3692/4698/4196
f 3692/4698/4196 3686/4693/4191 3694/4701/4199
f 3694/4701/4199 3696/4702/4200 3692/4698/4196
f 3692/4698/4196 3696/4702/4200 3695/4700/4198
f 3697/4703/4201 3698/4704/4202 3695/4700/4198
f 3695/4700/4198 3698/4704/4202 3693/4699/4197
f 3698/4704/4202 3699/4705/4203 3700/4706/4204
f 3701/4707/4205 3699/4705/4203 3698/4704/4202
f 3698/4704/4202 3700/4706/4204 3693/4699/4197
f 3697/4703/4201 3701/4707/4205 3698/4704/4202
f 3702/4708/4206 3703/4709/4207 3701/4707/4205
f 3702/4708/4206 3701/4707/4205 3697/4703/4201
f 3701/4707/4205 3703/4709/4207 3699/4705/4203
f 3703/4709/4207 3704/4710/4208 3699/4705/4203
f 3703/4709/4207 3706/4711/4209 3704/4710/4208
f 3702/4708/4206 3705/4712/4210 3703/4709/4207
f 3705/4712/4210 3706/4711/4209 3703/4709/4207
f 3706/4711/4209 3707/4713/4211 3708/4714/4212
f 3709/4715/4213 3707/4713/4211 3706/4711/4209
f 3706/4711/4209 3708/4714/4212 3704/4710/4208
f 3705/4712/4210 3709/4715/4213 3706/4711/4209
f 3709/4715/4213 3712/4716/4214 3707/4713/4211
f 3710/4717/4215 3712/4716/4214 3709/4715/4213
f 3711/4718/4216 3710/4717/4215 3709/4715/4213
f 3711/4718/4216 3709/4715/4213 3705/4712/4210
f 3710/4717/4215 3713/4719/4217 3712/4716/4214
f 3713/4719/4217 3714/4720/4218 3712/4716/4214
f 3712/4716/4214 3714/4720/4218 3715/4721/4219
f 3712/4716/4214 3715/4721/4219 3707/4713/4211
f 3714/4720/4218 3717/4722/4220 3715/4721/4219
f 3707/4713/4211 3715/4721/4219 3716/4723/4221
f 3715/4721/4219 3718/4724/4222 3716/4723/4221
f 3715/4721/4219 3717/4722/4220 3718/4724/4222
f 3716/4723/4221 3718/4724/4222 3719/4725/4223
f 3401/4394/3905 3718/4724/4222 3403/4396/3907
f 3401/4394/3905 3719/4725/4223 3718/4724/4222
f 3403/4396/3907 3718/4724/4222 3717/4722/4220
f 3716/4723/4221 3719/4725/4223 3720/4726/4224
f 3399/4392/3903 3719/4725/4223 3401/4394/3905
f 3399/4392/3903 3721/4727/4225 3719/4725/4223
f 3720/4726/4224 3719/4725/4223 3721/4727/4225
f 3397/4390/3901 3721/4727/4225 3399/4392/3903
f 3397/4390/3901 3723/4728/4226 3721/4727/4225
f 3720/4726/4224 3721/4727/4225 3722/4729/4227
f 3722/4729/4227 3721/4727/4225 3723/4728/4226
f 3395/4388/3899 3723/4728/4226 3397/4390/3901
f 3395/4388/3899 3724/4730/4228 3723/4728/4226
f 3725/4731/4229 3723/4728/4226 3724/4730/4228
f 3722/4729/4227 3723/4728/4226 3725/4731/4229
f 3726/4732/4230 3722/4729/4227 3725/4731/4229
f 3726/4732/4230 3725/4731/4229 3727/4733/4231
f 3727/4733/4231 3725/4731/4229 3728/4734/4232
f 3725/4731/4229 3724/4730/4228 3728/4734/4232
f 3727/4733/4231 3728/4734/4232 3729/4735/4233
f 3729/4735/4233 3728/4734/4232 3730/4736/4234
f 3728/4734/4232 3731/4737/4235 3730/4736/4234
f 3728/4734/4232 3724/4730/4228 3731/4737/4235
f 3391/4383/3894 3731/4737/4235 3393/4386/3897
f 3391/4383/3894 3732/4738/4236 3731/4737/4235
f 3730/4736/4234 3731/4737/4235 3732/4738/4236
f 3393/4386/3897 3731/4737/4235 3724/4730/4228
f 3391/4383/3894 3672/4680/4178 3732/4738/4236
f 3672/4680/4178 3678/4685/4183 3732/4738/4236
f 3730/4736/4234 3732/4738/4236 3733/4739/4237
f 3732/4738/4236 3678/4685/4183 3733/4739/4237
f 3678/4685/4183 3734/4740/4238 3733/4739/4237
f 3735/4741/4239 3733/4739/4237 3734/4740/4238
f 3735/4741/4239 3730/4736/4234 3733/4739/4237
f 3737/4742/4240 3729/4735/4233 3735/4741/4239
f 3729/4735/4233 3730/4736/4234 3735/4741/4239
f 3736/4743/4241 3735/4741/4239 3734/4740/4238
f 3736/4743/4241 3737/4742/4240 3735/4741/4239
f 3691/4697/4195 3738/4744/4242 3737/4742/4240
f 3691/4697/4195 3737/4742/4240 3736/4743/4241
f 3737/4742/4240 3738/4744/4242 3729/4735/4233
f 3738/4744/4242 3727/4733/4231 3729/4735/4233
f 3739/4745/4243 3727/4733/4231 3738/4744/4242
f 3691/4697/4195 3740/4746/4244 3738/4744/4242
f 3740/4746/4244 3739/4745/4243 3738/4744/4242
f 3693/4699/4197 3740/4746/4244 3691/4697/4195
f 3693/4699/4197 3700/4706/4204 3740/4746/4244
f 3700/4706/4204 3739/4745/4243 3740/4746/4244
f 3739/4745/4243 3726/4732/4230 3727/4733/4231
f 3741/4747/4245 3726/4732/4230 3739/4745/4243
f 3700/4706/4204 3741/4747/4245 3739/4745/4243
f 3704/4710/4208 3742/4748/4246 3741/4747/4245
f 3699/4705/4203 3704/4710/4208 3741/4747/4245
f 3699/4705/4203 3741/4747/4245 3700/4706/4204
f 3741/4747/4245 3742/4748/4246 3726/4732/4230
f 3704/4710/4208 3708/4714/4212 3742/4748/4246
f 3708/4714/4212 3720/4726/4224 3742/4748/4246
f 3742/4748/4246 3720/4726/4224 3722/4729/4227
f 3742/4748/4246 3722/4729/4227 3726/4732/4230
f 3736/4743/4241 3689/4695/4193 3691/4697/4195
f 3689/4695/4193 3736/4743/4241 3683/4690/4188
f 3736/4743/4241 3734/4740/4238 3683/4690/4188
f 3683/4690/4188 3734/4740/4238 3677/4684/4182
f 3678/4685/4183 3677/4684/4182 3734/4740/4238
f 3393/4386/3897 3724/4730/4228 3395/4388/3899
f 3708/4714/4212 3716/4723/4221 3720/4726/4224
f 3405/4398/3909 3717/4722/4220 3743/4749/4247
f 3403/4396/3907 3717/4722/4220 3405/4398/3909
f 3714/4720/4218 3743/4749/4247 3717/4722/4220
f 3405/4398/3909 3743/4749/4247 3407/4400/3911
f 3407/4400/3911 3743/4749/4247 3744/4750/4248
f 3745/4751/4249 3744/4750/4248 3743/4749/4247
f 3745/4751/4249 3743/4749/4247 3714/4720/4218
f 3746/4752/4250 3744/4750/4248 3745/4751/4249
f 3747/4753/4251 3746/4752/4250 3745/4751/4249
f 3747/4753/4251 3745/4751/4249 3713/4719/4217
f 3713/4719/4217 3745/4751/4249 3714/4720/4218
f 3749/4754/4252 3748/4755/4253 3747/4753/4251
f 3748/4755/4253 3746/4752/4250 3747/4753/4251
f 3750/4756/4254 3747/4753/4251 3713/4719/4217
f 3749/4754/4252 3747/4753/4251 3750/4756/4254
f 3751/4757/4255 3750/4756/4254 3752/4758/4256
f 3751/4757/4255 3749/4754/4252 3750/4756/4254
f 3752/4758/4256 3750/4756/4254 3710/4717/4215
f 3750/4756/4254 3713/4719/4217 3710/4717/4215
f 3753/4759/4257 3751/4757/4255 3752/4758/4256
f 3754/4760/4258 3752/4758/4256 3711/4718/4216
f 3752/4758/4256 3710/4717/4215 3711/4718/4216
f 3753/4759/4257 3752/4758/4256 3754/4760/4258
f 3755/4761/4259 3753/4759/4257 3754/4760/4258
f 3755/4761/4259 3754/4760/4258 3756/4762/4260
f 3754/4760/4258 3711/4718/4216 3756/4762/4260
f 3756/4762/4260 3757/4763/4261 3755/4761/4259
f 3756/4762/4260 3697/4703/4201 3757/4763/4261
f 3756/4762/4260 3705/4712/4210 3702/4708/4206
f 3702/4708/4206 3697/4703/4201 3756/4762/4260
f 3756/4762/4260 3711/4718/4216 3705/4712/4210
f 3758/4764/4262 3753/4759/4257 3755/4761/4259
f 3759/4765/4263 3760/4766/4264 3758/4764/4262
f 3760/4766/4264 3761/4767/4265 3758/4764/4262
f 3758/4764/4262 3761/4767/4265 3753/4759/4257
f 3760/4766/4264 3762/4768/4266 3761/4767/4265
f 3761/4767/4265 3762/4768/4266 3751/4757/4255
f 3761/4767/4265 3751/4757/4255 3753/4759/4257
f 3760/4766/4264 3763/4769/4267 3762/4768/4266
f 3763/4769/4267 3764/4770/4268 3762/4768/4266
f 3762/4768/4266 3764/4770/4268 3749/4754/4252
f 3762/4768/4266 3749/4754/4252 3751/4757/4255
f 3764/4770/4268 3748/4755/4253 3749/4754/4252
f 3764/4770/4268 3766/4771/4269 3748/4755/4253
f 3765/4772/4270 3766/4771/4269 3764/4770/4268
f 3763/4769/4267 3765/4772/4270 3764/4770/4268
f 3765/4772/4270 3767/4773/4271 3766/4771/4269
f 3767/4773/4271 3768/4774/4272 3766/4771/4269
f 3766/4771/4269 3768/4774/4272 3769/4775/4273
f 3766/4771/4269 3769/4775/4273 3748/4755/4253
f 3768/4774/4272 3770/4776/4274 3769/4775/4273
f 3769/4775/4273 3770/4776/4274 3771/4777/4275
f 3769/4775/4273 3771/4777/4275 3746/4752/4250
f 3748/4755/4253 3769/4775/4273 3746/4752/4250
f 3411/4404/3915 3771/4777/4275 3770/4776/4274
f 3409/4402/3913 3744/4750/4248 3771/4777/4275
f 3746/4752/4250 3771/4777/4275 3744/4750/4248
f 3409/4402/3913 3771/4777/4275 3411/4404/3915
f 3413/4406/3917 3770/4776/4274 3772/4778/4276
f 3411/4404/3915 3770/4776/4274 3413/4406/3917
f 3768/4774/4272 3772/4778/4276 3770/4776/4274
f 3413/4406/3917 3772/4778/4276 3415/4408/3919
f 3415/4408/3919 3772/4778/4276 3419/4412/3923
f 3773/4779/4277 3772/4778/4276 3768/4774/4272
f 3773/4779/4277 3419/4412/3923 3772/4778/4276
f 3774/4780/4278 3419/4412/3923 3773/4779/4277
f 3775/4781/4279 3774/4780/4278 3773/4779/4277
f 3775/4781/4279 3773/4779/4277 3767/4773/4271
f 3767/4773/4271 3773/4779/4277 3768/4774/4272
f 3778/4782/4280 3774/4780/4278 3775/4781/4279
f 3776/4783/4281 3775/4781/4279 3767/4773/4271
f 3777/4784/4282 3775/4781/4279 3776/4783/4281
f 3777/4784/4282 3778/4782/4280 3775/4781/4279
f 3426/4423/3934 3429/4422/3933 3778/4782/4280
f 3778/4782/4280 3781/4785/4283 3426/4423/3934
f 3779/4786/4284 3778/4782/4280 3777/4784/4282
f 3779/4786/4284 3780/4787/4285 3778/4782/4280
f 3780/4787/4285 3781/4785/4283 3778/4782/4280
f 3778/4782/4280 3429/4422/3933 3774/4780/4278
f 3782/4788/4286 3780/4787/4285 3779/4786/4284
f 3783/4789/4287 3782/4788/4286 3779/4786/4284
f 3783/4789/4287 3779/4786/4284 3784/4790/4288
f 3785/4791/4289 3784/4790/4288 3786/4792/4290
f 3786/4792/4290 3784/4790/4288 3779/4786/4284
f 3785/4791/4289 3786/4792/4290 3787/4793/4291
f 3786/4792/4290 3779/4786/4284 3787/4793/4291
f 3785/4791/4289 3787/4793/4291 3791/4794/4292
f 3787/4793/4291 3779/4786/4284 3777/4784/4282
f 3788/4795/4293 3787/4793/4291 3789/4796/4294
f 3788/4795/4293 3791/4794/4292 3787/4793/4291
f 3789/4796/4294 3787/4793/4291 3790/4797/4295
f 3787/4793/4291 3777/4784/4282 3790/4797/4295
f 3792/4798/4296 3791/4794/4292 3788/4795/4293
f 3788/4795/4293 3789/4796/4294 3792/4798/4296
f 3792/4798/4296 3789/4796/4294 3793/4799/4297
f 3792/4798/4296 3793/4799/4297 3794/4800/4298
f 3794/4800/4298 3793/4799/4297 3759/4765/4263
f 3789/4796/4294 3790/4797/4295 3793/4799/4297
f 3793/4799/4297 3795/4801/4299 3759/4765/4263
f 3793/4799/4297 3796/4802/4300 3795/4801/4299
f 3793/4799/4297 3790/4797/4295 3796/4802/4300
f 3790/4797/4295 3776/4783/4281 3796/4802/4300
f 3796/4802/4300 3776/4783/4281 3765/4772/4270
f 3795/4801/4299 3796/4802/4300 3763/4769/4267
f 3796/4802/4300 3765/4772/4270 3763/4769/4267
f 3759/4765/4263 3795/4801/4299 3760/4766/4264
f 3795/4801/4299 3763/4769/4267 3760/4766/4264
f 3790/4797/4295 3777/4784/4282 3776/4783/4281
f 3776/4783/4281 3767/4773/4271 3765/4772/4270
f 3429/4422/3933 3420/4413/3924 3774/4780/4278
f 3774/4780/4278 3420/4413/3924 3419/4412/3923
f 3407/4400/3911 3744/4750/4248 3409/4402/3913
f 3707/4713/4211 3716/4723/4221 3708/4714/4212
f 3694/4701/4199 3686/4693/4191 3687/4694/4192
f 3694/4701/4199 3687/4694/4192 3797/4803/4301
f 3797/4803/4301 3687/4694/4192 3798/4804/4302
f 3797/4803/4301 3798/4804/4302 3799/4805/4303
f 3799/4805/4303 3798/4804/4302 3801/4806/4304
f 3799/4805/4303 3801/4806/4304 3800/4807/4305
f 3803/4808/4306 3802/4809/4307 3801/4806/4304
f 3801/4806/4304 3802/4809/4307 3800/4807/4305
f 3803/4808/4306 3801/4806/4304 3804/4810/4308
f 3804/4810/4308 3801/4806/4304 3798/4804/4302
f 3805/4811/4309 3803/4808/4306 3804/4810/4308
f 3681/4687/4185 3804/4810/4308 3684/4691/4189
f 3805/4811/4309 3804/4810/4308 3681/4687/4185
f 3804/4810/4308 3798/4804/4302 3684/4691/4189
f 3808/4812/4310 3805/4811/4309 3681/4687/4185
f 3806/4813/4311 3803/4808/4306 3805/4811/4309
f 3807/4814/4312 3806/4813/4311 3805/4811/4309
f 3807/4814/4312 3805/4811/4309 3808/4812/4310
f 3667/4674/4172 3807/4814/4312 3808/4812/4310
f 3667/4674/4172 3808/4812/4310 3669/4675/4173
f 3808/4812/4310 3681/4687/4185 3679/4686/4184
f 3669/4675/4173 3808/4812/4310 3679/4686/4184
f 3809/4815/4313 3806/4813/4311 3807/4814/4312
f 3667/4674/4172 3809/4815/4313 3807/4814/4312
f 3666/4673/4171 3810/4816/4314 3809/4815/4313
f 3666/4673/4171 3809/4815/4313 3667/4674/4172
f 3809/4815/4313 3810/4816/4314 3806/4813/4311
f 3806/4813/4311 3810/4816/4314 3811/4817/4315
f 3666/4673/4171 3811/4817/4315 3810/4816/4314
f 3812/4818/4316 3811/4817/4315 3666/4673/4171
f 3813/4819/4317 3811/4817/4315 3812/4818/4316
f 3806/4813/4311 3811/4817/4315 3813/4819/4317
f 3813/4819/4317 3814/4820/4318 3806/4813/4311
f 3813/4819/4317 3816/4821/4319 3814/4820/4318
f 3813/4819/4317 3812/4818/4316 3815/4822/4320
f 3815/4822/4320 3816/4821/4319 3813/4819/4317
f 3816/4821/4319 3817/4823/4321 3814/4820/4318
f 3816/4821/4319 3818/4824/4322 3817/4823/4321
f 3819/4825/4323 3818/4824/4322 3816/4821/4319
f 3815/4822/4320 3819/4825/4323 3816/4821/4319
f 3820/4826/4324 3822/4827/4325 3819/4825/4323
f 3821/4828/4326 3820/4826/4324 3819/4825/4323
f 3821/4828/4326 3819/4825/4323 3815/4822/4320
f 3819/4825/4323 3822/4827/4325 3818/4824/4322
f 3823/4829/4327 3818/4824/4322 3822/4827/4325
f 3823/4829/4327 3822/4827/4325 3824/4830/4328
f 3820/4826/4324 3825/4831/4329 3822/4827/4325
f 3822/4827/4325 3825/4831/4329 3824/4830/4328
f 3824/4830/4328 3825/4831/4329 3827/4832/4330
f 3826/4833/4331 3825/4831/4329 3820/4826/4324
f 3826/4833/4331 3827/4832/4330 3825/4831/4329
f 3824/4830/4328 3827/4832/4330 3829/4834/4332
f 3830/4835/4333 3828/4836/4334 3827/4832/4330
f 3827/4832/4330 3828/4836/4334 3829/4834/4332
f 3830/4835/4333 3827/4832/4330 3826/4833/4331
f 3832/4837/4335 3830/4835/4333 3826/4833/4331
f 3831/4838/4336 3830/4835/4333 3832/4837/4335
f 3831/4838/4336 3833/4839/4337 3830/4835/4333
f 3833/4839/4337 3828/4836/4334 3830/4835/4333
f 3834/4840/4338 3833/4839/4337 3831/4838/4336
f 3834/4840/4338 3836/4841/4339 3833/4839/4337
f 3833/4839/4337 3835/4842/4340 3828/4836/4334
f 3836/4841/4339 3835/4842/4340 3833/4839/4337
f 3837/4843/4341 3836/4841/4339 3834/4840/4338
f 3837/4843/4341 3838/4844/4342 3836/4841/4339
f 3838/4844/4342 3839/4845/4343 3836/4841/4339
f 3836/4841/4339 3839/4845/4343 3835/4842/4340
f 3840/4846/4344 3835/4842/4340 3839/4845/4343
f 3840/4846/4344 3839/4845/4343 3843/4847/4345
f 3838/4844/4342 3841/4848/4346 3839/4845/4343
f 3841/4848/4346 3844/4849/4347 3839/4845/4343
f 3839/4845/4343 3842/4850/4348 3843/4847/4345
f 3839/4845/4343 3844/4849/4347 3842/4850/4348
f 3847/4851/4349 3844/4849/4347 3845/4852/4350
f 3841/4848/4346 3845/4852/4350 3844/4849/4347
f 3842/4850/4348 3844/4849/4347 3846/4853/4351
f 3847/4851/4349 3846/4853/4351 3844/4849/4347
f 3848/4854/4352 3847/4851/4349 3850/4855/4353
f 3848/4854/4352 3849/4856/4354 3847/4851/4349
f 3850/4855/4353 3847/4851/4349 3845/4852/4350
f 3849/4856/4354 3846/4853/4351 3847/4851/4349
f 3851/4857/4355 3850/4855/4353 3841/4848/4346
f 3852/4858/4356 3850/4855/4353 3851/4857/4355
f 3850/4855/4353 3852/4858/4356 3848/4854/4352
f 3850/4855/4353 3845/4852/4350 3841/4848/4346
f 3851/4857/4355 3853/4859/4357 3852/4858/4356
f 3848/4854/4352 3852/4858/4356 3853/4859/4357
f 3851/4857/4355 3855/4860/4358 3853/4859/4357
f 3854/4861/4359 3853/4859/4357 3855/4860/4358
f 3854/4861/4359 3848/4854/4352 3853/4859/4357
f 3855/4860/4358 3858/4862/4360 3856/4863/4361
f 3856/4863/4361 3857/4864/4362 3855/4860/4358
f 3855/4860/4358 3857/4864/4362 3854/4861/4359
f 3858/4862/4360 3855/4860/4358 3851/4857/4355
f 3856/4863/4361 3858/4862/4360 3859/4865/4363
f 3859/4865/4363 3858/4862/4360 3851/4857/4355
f 3859/4865/4363 3851/4857/4355 3860/4866/4364
f 3860/4866/4364 3861/4867/4365 3859/4865/4363
f 3862/4868/4366 3859/4865/4363 3861/4867/4365
f 3856/4863/4361 3859/4865/4363 3862/4868/4366
f 3862/4868/4366 3861/4867/4365 3863/4869/4367
f 3862/4868/4366 3863/4869/4367 3866/4870/4368
f 3864/4871/4369 3856/4863/4361 3862/4868/4366
f 3864/4871/4369 3862/4868/4366 3865/4872/4370
f 3865/4872/4370 3862/4868/4366 3866/4870/4368
f 3867/4873/4371 3866/4870/4368 3869/4874/4372
f 3867/4873/4371 3868/4875/4373 3866/4870/4368
f 3871/4876/4374 3866/4870/4368 3868/4875/4373
f 3866/4870/4368 3870/4877/4375 3869/4874/4372
f 3866/4870/4368 3863/4869/4367 3870/4877/4375
f 3865/4872/4370 3866/4870/4368 3871/4876/4374
f 3644/4650/4148 3871/4876/4374 3646/4652/4150
f 3644/4650/4148 3865/4872/4370 3871/4876/4374
f 3646/4652/4150 3871/4876/4374 3872/4878/4376
f 3871/4876/4374 3868/4875/4373 3872/4878/4376
f 3872/4878/4376 3873/4879/4377 3874/4880/4378
f 3872/4878/4376 3868/4875/4373 3873/4879/4377
f 3646/4652/4150 3872/4878/4376 3648/4654/4152
f 3648/4654/4152 3872/4878/4376 3874/4880/4378
f 3650/4656/4154 3874/4880/4378 3875/4881/4379
f 3874/4880/4378 3876/4882/4380 3875/4881/4379
f 3874/4880/4378 3873/4879/4377 3876/4882/4380
f 3648/4654/4152 3874/4880/4378 3650/4656/4154
f 3873/4879/4377 3877/4883/4381 3876/4882/4380
f 3876/4882/4380 3877/4883/4381 3878/4884/4382
f 3876/4882/4380 3878/4884/4382 3879/4885/4383
f 3875/4881/4379 3876/4882/4380 3879/4885/4383
f 3879/4885/4383 3878/4884/4382 3882/4886/4384
f 3875/4881/4379 3879/4885/4383 3880/4887/4385
f 3880/4887/4385 3879/4885/4383 3881/4888/4386
f 3879/4885/4383 3882/4886/4384 3881/4888/4386
f 3884/4889/4387 3882/4886/4384 3878/4884/4382
f 3821/4828/4326 3883/4890/4388 3882/4886/4384
f 3881/4888/4386 3882/4886/4384 3883/4890/4388
f 3821/4828/4326 3882/4886/4384 3884/4889/4387
f 3884/4889/4387 3826/4833/4331 3820/4826/4324
f 3832/4837/4335 3826/4833/4331 3884/4889/4387
f 3884/4889/4387 3878/4884/4382 3832/4837/4335
f 3884/4889/4387 3820/4826/4324 3821/4828/4326
f 3815/4822/4320 3883/4890/4388 3821/4828/4326
f 3815/4822/4320 3812/4818/4316 3883/4890/4388
f 3885/4891/4389 3883/4890/4388 3812/4818/4316
f 3881/4888/4386 3883/4890/4388 3885/4891/4389
f 3660/4666/4164 3885/4891/4389 3886/4892/4390
f 3885/4891/4389 3812/4818/4316 3886/4892/4390
f 3887/4893/4391 3885/4891/4389 3660/4666/4164
f 3887/4893/4391 3881/4888/4386 3885/4891/4389
f 3654/4660/4158 3880/4887/4385 3887/4893/4391
f 3880/4887/4385 3881/4888/4386 3887/4893/4391
f 3654/4660/4158 3887/4893/4391 3656/4662/4160
f 3656/4662/4160 3887/4893/4391 3660/4666/4164
f 3660/4666/4164 3886/4892/4390 3661/4667/4165
f 3661/4667/4165 3886/4892/4390 3666/4673/4171
f 3886/4892/4390 3812/4818/4316 3666/4673/4171
f 3652/4658/4156 3880/4887/4385 3654/4660/4158
f 3652/4658/4156 3875/4881/4379 3880/4887/4385
f 3832/4837/4335 3878/4884/4382 3877/4883/4381
f 3873/4879/4377 3888/4894/4392 3877/4883/4381
f 3832/4837/4335 3877/4883/4381 3888/4894/4392
f 3873/4879/4377 3889/4895/4393 3888/4894/4392
f 3888/4894/4392 3889/4895/4393 3831/4838/4336
f 3888/4894/4392 3831/4838/4336 3832/4837/4335
f 3867/4873/4371 3889/4895/4393 3873/4879/4377
f 3831/4838/4336 3889/4895/4393 3867/4873/4371
f 3650/4656/4154 3875/4881/4379 3652/4658/4156
f 3873/4879/4377 3868/4875/4373 3867/4873/4371
f 3837/4843/4341 3869/4874/4372 3870/4877/4375
f 3837/4843/4341 3870/4877/4375 3863/4869/4367
f 3834/4840/4338 3869/4874/4372 3837/4843/4341
f 3834/4840/4338 3867/4873/4371 3869/4874/4372
f 3831/4838/4336 3867/4873/4371 3834/4840/4338
f 3642/4648/4146 3865/4872/4370 3644/4650/4148
f 3642/4648/4146 3864/4871/4369 3865/4872/4370
f 3640/4646/4144 3890/4896/4394 3864/4871/4369
f 3890/4896/4394 3856/4863/4361 3864/4871/4369
f 3640/4646/4144 3864/4871/4369 3642/4648/4146
f 3638/4644/4142 3891/4897/4395 3890/4896/4394
f 3891/4897/4395 3857/4864/4362 3890/4896/4394
f 3638/4644/4142 3890/4896/4394 3640/4646/4144
f 3890/4896/4394 3857/4864/4362 3856/4863/4361
f 3636/4642/4140 3893/4898/4396 3891/4897/4395
f 3636/4642/4140 3891/4897/4395 3638/4644/4142
f 3891/4897/4395 3892/4899/4397 3857/4864/4362
f 3893/4898/4396 3892/4899/4397 3891/4897/4395
f 3634/4640/4138 3894/4900/4398 3893/4898/4396
f 3894/4900/4398 3895/4901/4399 3893/4898/4396
f 3634/4640/4138 3893/4898/4396 3636/4642/4140
f 3893/4898/4396 3895/4901/4399 3892/4899/4397
f 3895/4901/4399 3899/4902/4400 3896/4903/4401
f 3896/4903/4401 3892/4899/4397 3895/4901/4399
f 3894/4900/4398 3897/4904/4402 3895/4901/4399
f 3897/4904/4402 3898/4905/4403 3895/4901/4399
f 3895/4901/4399 3898/4905/4403 3899/4902/4400
f 3899/4902/4400 3901/4906/4404 3896/4903/4401
f 3898/4905/4403 3900/4907/4405 3899/4902/4400
f 3900/4907/4405 3901/4906/4404 3899/4902/4400
f 3896/4903/4401 3901/4906/4404 3848/4854/4352
f 3900/4907/4405 3902/4908/4406 3901/4906/4404
f 3901/4906/4404 3849/4856/4354 3848/4854/4352
f 3901/4906/4404 3902/4908/4406 3849/4856/4354
f 3902/4908/4406 3903/4909/4407 3905/4910/4408
f 3904/4911/4409 3903/4909/4407 3902/4908/4406
f 3900/4907/4405 3904/4911/4409 3902/4908/4406
f 3902/4908/4406 3905/4910/4408 3849/4856/4354
f 3849/4856/4354 3905/4910/4408 3846/4853/4351
f 3906/4912/4410 3846/4853/4351 3905/4910/4408
f 3906/4912/4410 3905/4910/4408 3907/4913/4411
f 3907/4913/4411 3905/4910/4408 3903/4909/4407
f 3907/4913/4411 3903/4909/4407 3908/4914/4412
f 3908/4914/4412 3903/4909/4407 3909/4915/4413
f 3908/4914/4412 3909/4915/4413 3910/4916/4414
f 3909/4915/4413 3913/4917/4415 3910/4916/4414
f 3910/4916/4414 3911/4918/4416 3912/4919/4417
f 3910/4916/4414 3913/4917/4415 3911/4918/4416
f 3915/4920/4418 3913/4917/4415 3909/4915/4413
f 3914/4921/4419 3913/4917/4415 3915/4920/4418
f 3914/4921/4419 3911/4918/4416 3913/4917/4415
f 3915/4920/4418 3909/4915/4413 3904/4911/4409
f 3917/4922/4420 3915/4920/4418 3904/4911/4409
f 3916/4923/4421 3915/4920/4418 3917/4922/4420
f 3916/4923/4421 3914/4921/4419 3915/4920/4418
f 3918/4924/4422 3917/4922/4420 3919/4925/4423
f 3918/4924/4422 3916/4923/4421 3917/4922/4420
f 3917/4922/4420 3904/4911/4409 3900/4907/4405
f 3919/4925/4423 3917/4922/4420 3900/4907/4405
f 3920/4926/4424 3918/4924/4422 3919/4925/4423
f 3920/4926/4424 3919/4925/4423 3897/4904/4402
f 3897/4904/4402 3919/4925/4423 3898/4905/4403
f 3919/4925/4423 3900/4907/4405 3898/4905/4403
f 3924/4927/4425 3920/4926/4424 3897/4904/4402
f 3923/4928/4426 3921/4929/4427 3920/4926/4424
f 3921/4929/4427 3922/4930/4428 3920/4926/4424
f 3920/4926/4424 3922/4930/4428 3918/4924/4422
f 3923/4928/4426 3920/4926/4424 3924/4927/4425
f 3632/4638/4136 3924/4927/4425 3894/4900/4398
f 3924/4927/4425 3897/4904/4402 3894/4900/4398
f 3630/4636/4134 3924/4927/4425 3632/4638/4136
f 3630/4636/4134 3923/4928/4426 3924/4927/4425
f 3626/4634/4132 3923/4928/4426 3630/4636/4134
f 3626/4634/4132 3627/4633/4131 3923/4928/4426
f 3627/4633/4131 3921/4929/4427 3923/4928/4426
f 3922/4930/4428 3925/4931/4429 3916/4923/4421
f 3922/4930/4428 3916/4923/4421 3918/4924/4422
f 3921/4929/4427 3925/4931/4429 3922/4930/4428
f 3916/4923/4421 3925/4931/4429 3926/4932/4430
f 3921/4929/4427 3926/4932/4430 3925/4931/4429
f 3927/4933/4431 3926/4932/4430 3614/4621/4119
f 3614/4621/4119 3926/4932/4430 3921/4929/4427
f 3916/4923/4421 3926/4932/4430 3927/4933/4431
f 3927/4933/4431 3914/4921/4419 3916/4923/4421
f 3927/4933/4431 3614/4621/4119 3615/4620/4118
f 3615/4620/4118 3928/4934/4432 3927/4933/4431
f 3927/4933/4431 3928/4934/4432 3914/4921/4419
f 3928/4934/4432 3929/4935/4433 3911/4918/4416
f 3930/4936/4434 3929/4935/4433 3928/4934/4432
f 3615/4620/4118 3930/4936/4434 3928/4934/4432
f 3928/4934/4432 3911/4918/4416 3914/4921/4419
f 3930/4936/4434 3931/4937/4435 3929/4935/4433
f 3606/4613/4111 3931/4937/4435 3930/4936/4434
f 3609/4614/4112 3606/4613/4111 3930/4936/4434
f 3609/4614/4112 3930/4936/4434 3615/4620/4118
f 3932/4938/4436 3929/4935/4433 3931/4937/4435
f 3932/4938/4436 3931/4937/4435 3933/4939/4437
f 3606/4613/4111 3605/4612/4110 3931/4937/4435
f 3931/4937/4435 3605/4612/4110 3933/4939/4437
f 3933/4939/4437 3605/4612/4110 3603/4609/4107
f 3933/4939/4437 3603/4609/4107 3934/4940/4438
f 3603/4609/4107 3602/4608/4106 3934/4940/4438
f 3934/4940/4438 3602/4608/4106 3935/4941/4439
f 3934/4940/4438 3935/4941/4439 3936/4942/4440
f 3936/4942/4440 3935/4941/4439 3938/4943/4441
f 3936/4942/4440 3938/4943/4441 3937/4944/4442
f 3939/4945/4443 3938/4943/4441 3935/4941/4439
f 3567/4572/4070 3938/4943/4441 3939/4945/4443
f 3567/4572/4070 3564/4570/4068 3938/4943/4441
f 3938/4943/4441 3564/4570/4068 3940/4946/4444
f 3937/4944/4442 3938/4943/4441 3940/4946/4444
f 3940/4946/4444 3564/4570/4068 3556/4562/4060
f 3940/4946/4444 3556/4562/4060 3941/4947/4445
f 3941/4947/4445 3556/4562/4060 3554/4561/4059
f 3941/4947/4445 3554/4561/4059 3545/4551/4049
f 3570/4576/4074 3567/4572/4070 3939/4945/4443
f 3939/4945/4443 3935/4941/4439 3600/4607/4105
f 3599/4606/4104 3939/4945/4443 3600/4607/4105
f 3570/4576/4074 3939/4945/4443 3599/4606/4104
f 3600/4607/4105 3935/4941/4439 3602/4608/4106
f 3912/4919/4417 3929/4935/4433 3932/4938/4436
f 3912/4919/4417 3911/4918/4416 3929/4935/4433
f 3617/4623/4121 3614/4621/4119 3921/4929/4427
f 3627/4633/4131 3617/4623/4121 3921/4929/4427
f 3904/4911/4409 3909/4915/4413 3903/4909/4407
f 3842/4850/4348 3846/4853/4351 3906/4912/4410
f 3896/4903/4401 3848/4854/4352 3854/4861/4359
f 3854/4861/4359 3892/4899/4397 3896/4903/4401
f 3632/4638/4136 3894/4900/4398 3634/4640/4138
f 3854/4861/4359 3857/4864/4362 3892/4899/4397
f 3860/4866/4364 3863/4869/4367 3861/4867/4365
f 3837/4843/4341 3863/4869/4367 3860/4866/4364
f 3860/4866/4364 3851/4857/4355 3841/4848/4346
f 3860/4866/4364 3838/4844/4342 3837/4843/4341
f 3860/4866/4364 3841/4848/4346 3838/4844/4342
f 3829/4834/4332 3835/4842/4340 3840/4846/4344
f 3829/4834/4332 3828/4836/4334 3835/4842/4340
f 3942/4948/4446 3818/4824/4322 3823/4829/4327
f 3800/4807/4305 3817/4823/4321 3942/4948/4446
f 3942/4948/4446 3817/4823/4321 3818/4824/4322
f 3800/4807/4305 3802/4809/4307 3817/4823/4321
f 3814/4820/4318 3817/4823/4321 3802/4809/4307
f 3814/4820/4318 3802/4809/4307 3803/4808/4306
f 3806/4813/4311 3814/4820/4318 3803/4808/4306
f 3684/4691/4189 3798/4804/4302 3687/4694/4192
f 3618/4625/4123 3617/4623/4121 3627/4633/4131
f 3943/4949/4447 3621/4627/4125 3623/4629/4127
f 3944/4950/4448 3945/4951/4449 3943/4949/4447
f 3943/4949/4447 3945/4951/4449 3621/4627/4125
f 3944/4950/4448 3947/4952/4450 3945/4951/4449
f 3945/4951/4449 3620/4626/4124 3621/4627/4125
f 3945/4951/4449 3946/4953/4451 3620/4626/4124
f 3947/4952/4450 3946/4953/4451 3945/4951/4449
f 3587/4594/4092 3589/4595/4093 3947/4952/4450
f 3948/4954/4452 3587/4594/4092 3947/4952/4450
f 3948/4954/4452 3947/4952/4450 3944/4950/4448
f 3947/4952/4450 3589/4595/4093 3946/4953/4451
f 3585/4592/4090 3587/4594/4092 3948/4954/4452
f 3589/4595/4093 3593/4600/4098 3946/4953/4451
f 3946/4953/4451 3611/4617/4115 3620/4626/4124
f 3946/4953/4451 3593/4600/4098 3611/4617/4115
f 3620/4626/4124 3611/4617/4115 3612/4618/4116
f 3593/4600/4098 3608/4615/4113 3611/4617/4115
f 3597/4604/4102 3608/4615/4113 3592/4599/4097
f 3593/4600/4098 3592/4599/4097 3608/4615/4113
f 3599/4606/4104 3949/4955/4453 3570/4576/4074
f 3599/4606/4104 3594/4601/4099 3949/4955/4453
f 3574/4581/4079 3950/4956/4454 3949/4955/4453
f 3594/4601/4099 3574/4581/4079 3949/4955/4453
f 3570/4576/4074 3949/4955/4453 3950/4956/4454
f 3570/4576/4074 3950/4956/4454 3569/4575/4073
f 3574/4581/4079 3569/4575/4073 3950/4956/4454
f 3594/4601/4099 3590/4597/4095 3574/4581/4079
f 3579/4585/4083 3574/4581/4079 3590/4597/4095
f 3951/4957/4455 3581/4587/4085 3582/4588/4086
f 3952/4958/4456 3953/4959/4457 3951/4957/4455
f 3951/4957/4455 3953/4959/4457 3581/4587/4085
f 3952/4958/4456 3954/4960/4458 3953/4959/4457
f 3954/4960/4458 3955/4961/4459 3953/4959/4457
f 3953/4959/4457 3955/4961/4459 3956/4962/4460
f 3953/4959/4457 3956/4962/4460 3581/4587/4085
f 3955/4961/4459 3957/4963/4461 3956/4962/4460
f 3957/4963/4461 3958/4964/4462 3956/4962/4460
f 3956/4962/4460 3575/4582/4080 3576/4583/4081
f 3956/4962/4460 3958/4964/4462 3575/4582/4080
f 3581/4587/4085 3956/4962/4460 3576/4583/4081
f 3572/4578/4076 3575/4582/4080 3958/4964/4462
f 3957/4963/4461 3959/4965/4463 3958/4964/4462
f 3561/4566/4064 3958/4964/4462 3959/4965/4463
f 3572/4578/4076 3958/4964/4462 3561/4566/4064
f 3559/4565/4063 3959/4965/4463 3514/4520/4018
f 3561/4566/4064 3959/4965/4463 3559/4565/4063
f 3960/4966/4464 3514/4520/4018 3959/4965/4463
f 3960/4966/4464 3959/4965/4463 3957/4963/4461
f 3955/4961/4459 3960/4966/4464 3957/4963/4461
f 3961/4967/4465 3960/4966/4464 3955/4961/4459
f 3511/4519/4017 3514/4520/4018 3960/4966/4464
f 3961/4967/4465 3511/4519/4017 3960/4966/4464
f 3961/4967/4465 3962/4968/4466 3512/4518/4016
f 3961/4967/4465 3954/4960/4458 3962/4968/4466
f 3955/4961/4459 3954/4960/4458 3961/4967/4465
f 3512/4518/4016 3511/4519/4017 3961/4967/4465
f 3952/4958/4456 3962/4968/4466 3954/4960/4458
f 3963/4969/4467 3962/4968/4466 3952/4958/4456
f 3512/4518/4016 3962/4968/4466 3502/4510/4007
f 3963/4970/4467 3502/4508/4007 3962/4971/4466
f 3500/4504/4005 3502/4508/4007 3963/4970/4467
f 3572/4578/4076 3560/4568/4066 3566/4573/4071
f 3561/4566/4064 3560/4568/4066 3572/4578/4076
f 3560/4568/4066 3562/4567/4065 3566/4573/4071
f 3564/4570/4068 3557/4563/4061 3556/4562/4060
f 3553/4559/4057 3559/4565/4063 3964/4972/4468
f 3559/4565/4063 3514/4520/4018 3964/4972/4468
f 3964/4972/4468 3514/4520/4018 3515/4521/4019
f 3553/4559/4057 3964/4972/4468 3517/4523/4021
f 3517/4523/4021 3964/4972/4468 3515/4521/4019
f 3554/4561/4059 3551/4557/4055 3545/4551/4049
f 3545/4551/4049 3551/4557/4055 3546/4552/4050
f 3531/4538/4036 3965/4973/4469 3481/4477/3985
f 3527/4533/4031 3965/4973/4469 3531/4538/4036
f 3526/4532/4030 3965/4973/4469 3527/4533/4031
f 3482/4478/3986 3965/4973/4469 3526/4532/4030
f 3482/4478/3986 3481/4477/3985 3965/4973/4469
f 3966/4974/4470 3526/4532/4030 3528/4534/4032
f 3506/4513/4011 3528/4534/4032 3509/4516/4014
f 3966/4974/4470 3528/4534/4032 3506/4513/4011
f 3485/4481/3989 3526/4532/4030 3966/4974/4470
f 3495/4494/3999 3485/4481/3989 3966/4974/4470
f 3505/4512/4010 3966/4974/4470 3506/4513/4011
f 3495/4494/3999 3966/4974/4470 3505/4512/4010
f 3485/4481/3989 3482/4478/3986 3526/4532/4030
f 3512/4518/4016 3502/4510/4007 3503/4509/4008
f 3505/4512/4010 3494/4495/4000 3495/4494/3999
f 3505/4512/4010 3498/4507/4002 3494/4495/4000
f 3486/4483/3991 3485/4481/3989 3495/4494/3999
f 3967/4975/4471 3489/4488/3993 3491/4487/3995
f 3967/4975/4471 3488/4976/3992 3489/4488/3993
f 3968/4977/4472 3488/4976/3992 3967/4975/4471
f 3969/4978/4473 3970/4979/4474 3968/4977/4472
f 3968/4977/4472 3970/4979/4474 3488/4976/3992
f 3971/4980/4475 3972/4981/4476 3970/4982/4474
f 3969/4978/4473 3971/4983/4475 3970/4979/4474
f 3970/4982/4474 3973/4984/4477 3488/4484/3992
f 3970/4982/4474 3972/4981/4476 3973/4984/4477
f 3488/4484/3992 3973/4984/4477 3483/4480/3988
f 3973/4984/4477 3974/4985/4478 3476/4472/3980
f 3972/4981/4476 3974/4985/4478 3973/4984/4477
f 3973/4984/4477 3476/4472/3980 3483/4480/3988
f 3972/4981/4476 3975/4986/4479 3974/4985/4478
f 3474/4469/3977 3974/4985/4478 3975/4986/4479
f 3476/4472/3980 3974/4985/4478 3474/4469/3977
f 3977/4987/4480 3975/4986/4479 3972/4981/4476
f 3976/4988/4481 3975/4986/4479 3446/4442/3950
f 3474/4469/3977 3975/4986/4479 3976/4988/4481
f 3977/4987/4480 3446/4442/3950 3975/4986/4479
f 3978/4989/4482 3443/4439/3947 3977/4987/4480
f 3443/4439/3947 3446/4442/3950 3977/4987/4480
f 3978/4989/4482 3977/4987/4480 3971/4980/4475
f 3971/4980/4475 3977/4987/4480 3972/4981/4476
f 3440/4437/3946 3443/4439/3947 3978/4989/4482
f 3979/4990/4483 3440/4438/3946 3978/4991/4482
f 3979/4990/4483 3978/4991/4482 3980/4992/4484
f 3980/4992/4484 3978/4991/4482 3971/4983/4475
f 3980/4992/4484 3971/4983/4475 3969/4978/4473
f 3441/4435/3944 3440/4438/3946 3979/4990/4483
f 3976/4988/4481 3446/4442/3950 3447/4443/3951
f 3447/4443/3951 3981/4993/4485 3976/4988/4481
f 3976/4988/4481 3981/4993/4485 3471/4468/3976
f 3976/4988/4481 3471/4468/3976 3474/4469/3977
f 3465/4462/3970 3981/4993/4485 3982/4994/4486
f 3447/4443/3951 3982/4994/4486 3981/4993/4485
f 3464/4461/3969 3471/4468/3976 3981/4993/4485
f 3464/4461/3969 3981/4993/4485 3465/4462/3970
f 3459/4455/3963 3465/4462/3970 3982/4994/4486
f 3459/4455/3963 3982/4994/4486 3450/4446/3954
f 3448/4444/3952 3982/4994/4486 3447/4443/3951
f 3450/4446/3954 3982/4994/4486 3448/4444/3952
f 3983/4995/4487 3432/4425/3936 3437/4430/3941
f 3983/4995/4487 3423/4417/3928 3432/4425/3936
f 3422/4415/3926 3423/4417/3928 3983/4995/4487
