# Blender 4.3.2
# www.blender.org
o LINK_ANKLE_PITCH_L
v -0.026088 0.006148 0.005475
v -0.027198 0.005848 0.006871
v -0.028840 0.011250 0.008935
v -0.028121 0.005391 0.008032
v -0.028840 0.004798 0.008935
v -0.017686 0.011250 -0.005091
v -0.017686 0.006250 -0.005091
v -0.024897 0.006250 0.003977
v -0.011000 0.010848 -0.013500
v -0.011000 0.011250 -0.012000
v -0.011000 0.011250 -0.015361
v -0.011000 -0.011250 -0.015361
v -0.011000 -0.011250 -0.012000
v -0.011000 -0.010848 -0.013500
v -0.011000 -0.011000 -0.038000
v -0.011000 -0.010744 -0.040357
v -0.011000 -0.011319 -0.039143
v -0.011000 -0.011551 -0.017072
v -0.011000 -0.009750 -0.014598
v -0.011000 -0.012420 -0.018575
v -0.011000 0.009750 -0.014598
v -0.011000 -0.010511 -0.034758
v -0.011000 -0.012366 -0.038301
v -0.011000 -0.009089 -0.031803
v -0.011000 -0.023454 -0.032504
v -0.011000 -0.023500 -0.031988
v -0.011000 -0.023281 -0.031519
v -0.011000 0.023158 -0.032928
v -0.011000 0.017113 -0.038000
v -0.011000 0.013675 -0.038000
v -0.011000 0.010744 -0.040357
v -0.011000 0.010877 -0.039639
v -0.011000 0.011319 -0.039143
v -0.011000 0.010877 -0.036361
v -0.011000 0.012366 -0.038301
v -0.011000 0.009911 -0.033227
v -0.011000 0.012420 -0.018575
v -0.011000 0.011551 -0.017072
v -0.011000 0.008250 -0.015000
v -0.011000 0.023500 -0.031988
v -0.011000 0.023454 -0.032504
v -0.011000 0.023281 -0.031519
v -0.011000 -0.013675 -0.038000
v -0.011000 -0.017113 -0.038000
v -0.011000 -0.023158 -0.032928
v -0.011000 -0.006858 -0.029400
v -0.011000 -0.004019 -0.027760
v -0.011000 -0.000822 -0.027031
v -0.011000 -0.008250 -0.015000
v -0.011000 0.002448 -0.027276
v -0.011000 0.005500 -0.028474
v -0.011000 0.008064 -0.030518
v 0.029012 0.010250 0.023734
v 0.021886 0.010250 0.019608
v 0.029012 -0.010250 0.023734
v 0.021886 0.003250 0.019608
v 0.021886 -0.010250 0.019608
v 0.021886 -0.003250 0.019608
v 0.008417 -0.003250 0.011808
v 0.008417 0.003250 0.011808
v 0.017498 0.005848 0.018800
v 0.018879 0.005298 0.018800
v 0.018879 0.010250 0.018800
v -0.018508 0.010250 0.018800
v -0.018508 0.005154 0.018800
v -0.016741 0.005848 0.018800
v 0.016054 0.006148 0.018800
v -0.015177 0.006148 0.018800
v -0.013500 0.006250 0.018800
v 0.014505 0.006250 0.018800
v 0.034886 -0.005524 0.013219
v 0.035718 -0.005121 0.014150
v 0.035718 -0.010250 0.014150
v 0.012272 -0.011250 -0.012077
v 0.012272 -0.005703 -0.012077
v 0.012500 -0.005848 -0.011822
v 0.035512 -0.010957 0.013920
v 0.035285 -0.011174 0.013665
v 0.033908 -0.005848 0.012125
v 0.035017 -0.011250 0.013365
v 0.032358 -0.006148 0.010391
v 0.013224 -0.006148 -0.011013
v 0.014000 -0.006250 -0.010144
v 0.030695 -0.006250 0.008531
v 0.035664 -0.010633 0.014090
v -0.001500 -0.022944 -0.031117
v -0.000776 -0.023195 -0.031417
v 0.000000 -0.023281 -0.031519
v -0.003000 -0.012420 -0.018575
v -0.003000 -0.020764 -0.028519
v -0.002598 -0.022022 -0.030019
v 0.011000 -0.012420 -0.018575
v 0.003000 -0.012420 -0.018575
v 0.011000 -0.023281 -0.031519
v 0.003000 -0.020764 -0.028519
v 0.002598 -0.022022 -0.030019
v 0.001500 -0.022944 -0.031117
v 0.000776 -0.023195 -0.031417
v -0.003000 -0.011551 -0.017072
v -0.003000 -0.011250 -0.015361
v 0.003000 -0.011551 -0.017072
v 0.011000 -0.011551 -0.017072
v 0.003000 -0.011250 -0.015361
v 0.011000 -0.011250 -0.015409
v 0.011000 -0.011250 -0.015361
v -0.003000 0.012420 -0.018575
v -0.003000 0.020764 -0.028519
v -0.002598 0.022022 -0.030019
v -0.001500 0.022944 -0.031117
v -0.000776 0.023195 -0.031417
v 0.000000 0.023281 -0.031519
v 0.001500 0.022944 -0.031117
v 0.011000 0.023281 -0.031519
v 0.000776 0.023195 -0.031417
v 0.003000 0.012420 -0.018575
v 0.011000 0.012420 -0.018575
v 0.003000 0.020764 -0.028519
v 0.002598 0.022022 -0.030019
v -0.003000 0.011551 -0.017072
v -0.003000 0.011250 -0.015361
v 0.011000 0.011551 -0.017072
v 0.003000 0.011551 -0.017072
v 0.011000 0.011250 -0.015409
v 0.003000 0.011250 -0.015361
v 0.011000 0.011250 -0.015361
v 0.002431 0.000519 -0.043977
v 0.002232 0.001000 -0.043916
v 0.002232 0.001000 -0.048500
v 0.000500 0.002000 -0.043657
v 0.000185 0.001975 -0.043666
v 0.000500 0.002000 -0.048500
v -0.000250 0.001854 -0.043706
v -0.000500 0.001732 -0.048500
v 0.001250 0.001854 -0.043706
v 0.001500 0.001732 -0.048500
v 0.001500 0.001732 -0.043745
v 0.001914 0.001414 -0.043831
v 0.002500 0.000000 -0.044000
v 0.002500 0.000000 -0.048500
v 0.002399 -0.000627 -0.043967
v 0.002232 -0.001000 -0.048500
v 0.002232 -0.001000 -0.043916
v 0.001914 -0.001414 -0.043831
v 0.001500 -0.001732 -0.048500
v 0.001500 -0.001732 -0.043745
v 0.001019 -0.001932 -0.043681
v 0.000500 -0.002000 -0.048500
v 0.000500 -0.002000 -0.043657
v -0.000019 -0.001932 -0.043681
v -0.000500 -0.001732 -0.048500
v -0.000500 -0.001732 -0.043745
v -0.001232 -0.001000 -0.048500
v -0.001231 -0.001001 -0.043916
v -0.000914 -0.001414 -0.043831
v -0.001232 0.001000 -0.048500
v -0.001431 0.000519 -0.043977
v -0.001500 0.000000 -0.048500
v -0.001500 0.000000 -0.044000
v -0.001399 -0.000627 -0.043967
v -0.000501 0.001732 -0.043745
v -0.000914 0.001415 -0.043831
v -0.001232 0.001000 -0.043916
v -0.002296 -0.014100 -0.005543
v -0.002296 0.014100 -0.005543
v -0.002440 -0.014100 -0.005481
v -0.002440 0.014100 -0.005481
v -0.004243 -0.014100 -0.004243
v -0.004243 0.014100 -0.004243
v -0.004459 -0.014100 -0.004015
v -0.004459 0.014100 -0.004015
v -0.005543 -0.014100 -0.002296
v -0.005543 0.014100 -0.002296
v -0.005706 -0.014100 -0.001854
v -0.005706 0.014100 -0.001854
v -0.006000 -0.014100 0.000000
v -0.006000 0.014100 0.000000
v -0.005967 -0.014100 0.000627
v -0.005967 0.014100 0.000627
v -0.005543 -0.014100 0.002296
v -0.005543 0.014100 0.002296
v -0.005196 -0.014100 0.003000
v -0.005196 0.014100 0.003000
v -0.004243 -0.014100 0.004243
v -0.004243 0.014100 0.004243
v -0.003527 -0.014100 0.004854
v -0.003527 0.014100 0.004854
v -0.002296 -0.014100 0.005543
v -0.002296 0.014100 0.005543
v -0.001247 -0.014100 0.005869
v -0.001247 0.014100 0.005869
v 0.000000 -0.014100 0.006000
v 0.000000 0.014100 0.006000
v 0.001247 -0.014100 0.005869
v 0.001247 0.014100 0.005869
v 0.002296 -0.014100 0.005543
v 0.002296 0.014100 0.005543
v 0.003527 -0.014100 0.004854
v 0.003527 0.014100 0.004854
v 0.004243 -0.014100 0.004243
v 0.004243 0.014100 0.004243
v 0.005196 -0.014100 0.003000
v 0.005196 0.014100 0.003000
v 0.005543 -0.014100 0.002296
v 0.005543 0.014100 0.002296
v 0.005967 -0.014100 0.000627
v 0.005967 0.014100 0.000627
v 0.006000 -0.014100 0.000000
v 0.006000 0.014100 0.000000
v 0.005706 -0.014100 -0.001854
v 0.005706 0.014100 -0.001854
v 0.005543 -0.014100 -0.002296
v 0.005543 0.014100 -0.002296
v 0.004459 -0.014100 -0.004015
v 0.004459 0.014100 -0.004015
v 0.004243 -0.014100 -0.004243
v 0.004243 0.014100 -0.004243
v 0.002440 -0.014100 -0.005481
v 0.002440 0.014100 -0.005481
v 0.002296 -0.014100 -0.005543
v 0.002296 0.014100 -0.005543
v 0.000000 -0.014100 -0.006000
v 0.000000 0.014100 -0.006000
v -0.006172 0.011250 -0.008495
v -0.003245 0.011250 -0.009986
v -0.008495 0.011250 -0.006172
v 0.003245 0.011250 0.009986
v 0.000000 0.011250 0.010500
v 0.017200 0.011250 0.011500
v -0.003000 0.011250 -0.028519
v 0.003000 0.011250 -0.028519
v -0.016600 0.011250 -0.012000
v -0.016600 0.011250 -0.008203
v -0.009986 0.011250 -0.003245
v -0.016879 0.011250 -0.006555
v -0.010500 0.011250 0.000000
v 0.001500 0.011250 -0.031117
v 0.000000 0.011250 -0.031519
v -0.001500 0.011250 -0.031117
v -0.003245 0.011250 0.009986
v -0.006172 0.011250 0.008495
v -0.034668 0.011250 0.012464
v -0.008495 0.011250 0.006172
v -0.030439 0.011250 0.010255
v -0.009986 0.011250 0.003245
v -0.020177 0.011250 0.018002
v -0.021749 0.011250 0.018595
v -0.029384 0.011250 0.022583
v 0.002598 0.011250 -0.030019
v -0.002598 0.011250 -0.030019
v 0.035017 0.011250 0.013365
v 0.021800 0.011250 0.011500
v 0.029513 0.011250 0.022869
v 0.021492 0.011250 0.012650
v 0.022387 0.011250 0.018742
v 0.020650 0.011250 0.013492
v 0.020696 0.011250 0.018040
v 0.018879 0.011250 0.017800
v 0.019500 0.011250 0.013800
v 0.018350 0.011250 0.013492
v -0.018508 0.011250 0.017800
v 0.017508 0.011250 0.012650
v 0.000000 0.011250 -0.010500
v 0.003245 0.011250 -0.009986
v 0.012272 0.011250 -0.012077
v 0.011329 0.011250 -0.013626
v 0.018350 0.011250 0.009508
v 0.019500 0.011250 0.009200
v 0.020650 0.011250 0.009508
v 0.021492 0.011250 0.010350
v 0.009986 0.011250 -0.003245
v 0.008495 0.011250 -0.006172
v 0.006172 0.011250 -0.008495
v 0.010500 0.011250 0.000000
v 0.009986 0.011250 0.003245
v 0.017508 0.011250 0.010350
v 0.008495 0.011250 0.006172
v 0.006172 0.011250 0.008495
v 0.021800 -0.011250 0.011500
v 0.021492 -0.011250 0.010350
v 0.020650 -0.011250 0.009508
v 0.006172 -0.011250 -0.008495
v 0.003245 -0.011250 -0.009986
v 0.011329 -0.011250 -0.013626
v 0.010500 -0.011250 0.000000
v 0.019500 -0.011250 0.009200
v 0.018350 -0.011250 0.009508
v 0.021492 -0.011250 0.012650
v 0.029513 -0.011250 0.022869
v 0.020650 -0.011250 0.013492
v -0.002598 -0.011250 -0.030019
v -0.001500 -0.011250 -0.031117
v 0.000000 -0.011250 -0.031519
v 0.006172 -0.011250 0.008495
v 0.008495 -0.011250 0.006172
v 0.017508 -0.011250 0.010350
v -0.008495 -0.011250 -0.006172
v -0.006172 -0.011250 -0.008495
v -0.003245 -0.011250 -0.009986
v 0.000000 -0.011250 -0.010500
v -0.003000 -0.011250 -0.028519
v 0.003000 -0.011250 -0.028519
v 0.002598 -0.011250 -0.030019
v 0.001500 -0.011250 -0.031117
v 0.008495 -0.011250 -0.006172
v 0.009986 -0.011250 -0.003245
v 0.009986 -0.011250 0.003245
v -0.018508 -0.011250 0.017800
v -0.020177 -0.011250 0.018002
v -0.034668 -0.011250 0.012464
v -0.021749 -0.011250 0.018595
v -0.029384 -0.011250 0.022583
v 0.017508 -0.011250 0.012650
v 0.018350 -0.011250 0.013492
v 0.018879 -0.011250 0.017800
v 0.019500 -0.011250 0.013800
v 0.020696 -0.011250 0.018040
v 0.022387 -0.011250 0.018742
v -0.016600 -0.011250 -0.012000
v -0.016600 -0.011250 -0.008203
v -0.016879 -0.011250 -0.006555
v -0.009986 -0.011250 -0.003245
v -0.017686 -0.011250 -0.005091
v -0.010500 -0.011250 0.000000
v -0.028840 -0.011250 0.008935
v -0.009986 -0.011250 0.003245
v -0.030439 -0.011250 0.010255
v -0.008495 -0.011250 0.006172
v -0.006172 -0.011250 0.008495
v -0.003245 -0.011250 0.009986
v 0.000000 -0.011250 0.010500
v 0.017200 -0.011250 0.011500
v 0.003245 -0.011250 0.009986
v 0.011000 -0.010511 -0.034758
v 0.011000 -0.009089 -0.031803
v 0.011000 -0.012366 -0.038301
v 0.011000 0.010877 -0.039639
v 0.011000 0.010744 -0.040357
v 0.011000 0.011319 -0.039143
v 0.011000 0.003250 -0.002290
v 0.011000 -0.003250 -0.002290
v 0.011000 0.003250 -0.015409
v 0.011000 -0.003250 -0.015409
v 0.011000 -0.011000 -0.038000
v 0.011000 -0.011319 -0.039143
v 0.011000 -0.010744 -0.040357
v 0.011000 -0.023500 -0.031988
v 0.011000 -0.023454 -0.032504
v 0.011000 -0.023158 -0.032928
v 0.011000 -0.017113 -0.038000
v 0.011000 -0.000822 -0.027031
v 0.011000 -0.004019 -0.027760
v 0.011000 -0.006858 -0.029400
v 0.011000 -0.013675 -0.038000
v 0.011000 0.002448 -0.027276
v 0.011000 0.005500 -0.028474
v 0.011000 0.008064 -0.030518
v 0.011000 0.009911 -0.033227
v 0.011000 0.010877 -0.036361
v 0.011000 0.012366 -0.038301
v 0.011000 0.013675 -0.038000
v 0.011000 0.023158 -0.032928
v 0.011000 0.023454 -0.032504
v 0.011000 0.023500 -0.031988
v 0.011000 0.017113 -0.038000
v -0.011000 0.003250 -0.010000
v -0.011000 -0.003250 -0.010000
v -0.011000 0.003250 -0.002926
v -0.011000 -0.003250 -0.002926
v -0.013000 0.000000 -0.044000
v -0.013000 0.001854 -0.043706
v -0.013000 0.002296 -0.043543
v -0.013000 0.004015 -0.042459
v 0.015200 -0.003000 -0.043196
v -0.013000 -0.003000 -0.043196
v -0.013000 -0.002296 -0.043543
v -0.013000 -0.000627 -0.043967
v 0.015200 0.004015 -0.042459
v 0.015200 0.002296 -0.043543
v 0.015200 0.001854 -0.043706
v 0.015200 0.000000 -0.044000
v 0.015200 -0.000627 -0.043967
v 0.015200 -0.002296 -0.043543
v -0.013000 0.004243 -0.042243
v 0.015200 0.004243 -0.042243
v -0.013000 0.005481 -0.040440
v 0.015200 0.005481 -0.040440
v -0.013000 0.005543 -0.040296
v 0.015200 0.005543 -0.040296
v -0.013000 0.006000 -0.038000
v 0.015200 0.006000 -0.038000
v -0.013000 0.005543 -0.035704
v 0.015200 0.005543 -0.035704
v -0.013000 0.005481 -0.035560
v 0.015200 0.005481 -0.035560
v -0.013000 0.004243 -0.033757
v 0.015200 0.004243 -0.033757
v -0.013000 0.004015 -0.033541
v 0.015200 0.004015 -0.033541
v -0.013000 0.002296 -0.032457
v 0.015200 0.002296 -0.032457
v -0.013000 0.001854 -0.032294
v 0.015200 0.001854 -0.032294
v -0.013000 0.000000 -0.032000
v 0.015200 0.000000 -0.032000
v -0.013000 -0.000627 -0.032033
v 0.015200 -0.000627 -0.032033
v -0.013000 -0.002296 -0.032457
v 0.015200 -0.002296 -0.032457
v -0.013000 -0.003000 -0.032804
v 0.015200 -0.003000 -0.032804
v -0.013000 -0.004243 -0.033757
v 0.015200 -0.004243 -0.033757
v -0.013000 -0.004854 -0.034473
v 0.015200 -0.004854 -0.034473
v -0.013000 -0.005543 -0.035704
v 0.015200 -0.005543 -0.035704
v -0.013000 -0.005869 -0.036753
v 0.015200 -0.005869 -0.036753
v -0.013000 -0.006000 -0.038000
v 0.015200 -0.006000 -0.038000
v -0.013000 -0.005869 -0.039247
v 0.015200 -0.005869 -0.039247
v -0.013000 -0.005543 -0.040296
v 0.015200 -0.005543 -0.040296
v -0.013000 -0.004854 -0.041527
v 0.015200 -0.004854 -0.041527
v -0.013000 -0.004243 -0.042243
v 0.015200 -0.004243 -0.042243
v 0.015500 0.010580 -0.039595
v 0.015500 0.006300 -0.038000
v 0.015500 0.005820 -0.040411
v 0.015500 0.000000 -0.044300
v 0.015500 0.002381 -0.048432
v 0.015500 0.002411 -0.043820
v 0.015500 0.005350 -0.047266
v 0.015500 0.004455 -0.042455
v 0.015500 0.007844 -0.045278
v 0.015500 0.009640 -0.042643
v 0.015500 0.002411 -0.032180
v 0.015500 0.002381 -0.027568
v 0.015500 0.000000 -0.031700
v 0.015500 -0.000800 -0.027330
v 0.015500 -0.002411 -0.032180
v 0.015500 -0.003909 -0.028040
v 0.015500 -0.004455 -0.033545
v 0.015500 0.010700 -0.038000
v 0.015500 0.010580 -0.036405
v 0.015500 0.005820 -0.035589
v 0.015500 0.009640 -0.033357
v 0.015500 0.004455 -0.033545
v 0.015500 0.007844 -0.030722
v 0.015500 0.005350 -0.028733
v 0.015500 -0.005820 -0.040411
v 0.015500 -0.008841 -0.044027
v 0.015500 -0.004455 -0.042455
v 0.015500 -0.006671 -0.046366
v 0.015500 -0.002411 -0.043820
v 0.015500 -0.003909 -0.047960
v 0.015500 -0.000800 -0.048670
v 0.015500 -0.006671 -0.029634
v 0.015500 -0.008841 -0.031972
v 0.015500 -0.005820 -0.035589
v 0.015500 -0.010225 -0.034846
v 0.015500 -0.006300 -0.038000
v 0.015500 -0.010700 -0.038000
v 0.015500 -0.010225 -0.041154
v -0.002500 -0.003279 -0.048500
v -0.013000 -0.004019 -0.048240
v -0.013000 -0.002448 -0.048724
v -0.002500 -0.000822 -0.048969
v 0.015200 -0.000822 -0.048969
v 0.015200 -0.004019 -0.048240
v 0.003500 -0.003279 -0.048500
v -0.013000 -0.000822 -0.048969
v -0.013000 0.000822 -0.048969
v -0.002500 0.002448 -0.048724
v 0.003500 0.002448 -0.048724
v 0.003500 0.003279 -0.048500
v 0.015200 0.005500 -0.047526
v -0.013000 0.002448 -0.048724
v -0.013000 0.004019 -0.048240
v -0.002500 0.003279 -0.048500
v -0.013000 0.005500 -0.047526
v 0.015200 0.002448 -0.048724
v 0.003500 -0.000822 -0.048969
v -0.013000 0.010877 -0.036361
v -0.013000 0.010511 -0.034758
v -0.013000 0.009911 -0.033227
v -0.013000 0.009089 -0.031803
v -0.013000 0.008064 -0.030518
v -0.013000 0.006858 -0.029400
v -0.013000 0.005500 -0.028474
v -0.013000 0.004019 -0.027760
v -0.013000 0.002448 -0.027276
v -0.013000 0.000822 -0.027031
v -0.013000 -0.000822 -0.027031
v -0.013000 -0.002448 -0.027276
v -0.013000 -0.004019 -0.027760
v -0.013000 -0.005500 -0.028474
v -0.013000 -0.006858 -0.029400
v -0.013000 -0.008064 -0.030518
v -0.013000 -0.009089 -0.031803
v -0.013000 -0.009911 -0.033227
v -0.013000 -0.010511 -0.034758
v -0.013000 -0.010877 -0.036361
v 0.015200 -0.010511 -0.041242
v -0.013000 -0.011000 -0.038000
v -0.013000 -0.010877 -0.039639
v -0.013000 -0.010511 -0.041242
v 0.015200 -0.011000 -0.038000
v 0.015200 -0.010511 -0.034758
v 0.015200 -0.009089 -0.031803
v 0.015200 -0.006858 -0.029400
v 0.015200 -0.004019 -0.027760
v 0.015200 -0.000822 -0.027031
v 0.015200 0.002448 -0.027276
v 0.015200 0.005500 -0.028474
v 0.015200 0.008064 -0.030518
v 0.015200 0.009911 -0.033227
v 0.015200 0.010877 -0.036361
v 0.015200 0.011000 -0.038000
v 0.015200 0.010877 -0.039639
v 0.015200 0.009911 -0.042773
v -0.013000 -0.009911 -0.042773
v 0.015200 -0.009089 -0.044196
v -0.013000 -0.009089 -0.044196
v -0.013000 -0.008064 -0.045482
v 0.015200 -0.006858 -0.046600
v -0.013000 -0.005500 -0.047526
v -0.013000 -0.006858 -0.046600
v -0.013000 0.006858 -0.046600
v 0.015200 0.008064 -0.045482
v -0.013000 0.008064 -0.045482
v -0.013000 0.009089 -0.044196
v -0.013000 0.009911 -0.042773
v -0.013000 0.010511 -0.041242
v -0.013000 0.010877 -0.039639
v -0.013000 0.011000 -0.038000
v -0.013300 -0.010580 -0.039595
v -0.013300 -0.006300 -0.038000
v -0.013300 -0.005820 -0.040411
v -0.013300 0.000000 -0.044300
v -0.013300 -0.002381 -0.048432
v -0.013300 -0.002411 -0.043820
v -0.013300 -0.005350 -0.047266
v -0.013300 -0.004455 -0.042455
v -0.013300 -0.007844 -0.045278
v -0.013300 -0.009640 -0.042643
v -0.013300 -0.002411 -0.032180
v -0.013300 -0.002381 -0.027568
v -0.013300 0.000000 -0.031700
v -0.013300 0.000800 -0.027330
v -0.013300 0.002411 -0.032180
v -0.013300 0.003909 -0.028040
v -0.013300 0.004455 -0.033545
v -0.013300 0.005820 -0.040411
v -0.013300 0.008841 -0.044027
v -0.013300 0.004455 -0.042455
v -0.013300 0.006671 -0.046366
v -0.013300 0.002411 -0.043820
v -0.013300 0.003909 -0.047960
v -0.013300 0.000800 -0.048670
v -0.013300 0.006671 -0.029634
v -0.013300 0.008841 -0.031972
v -0.013300 0.005820 -0.035589
v -0.013300 0.010225 -0.034846
v -0.013300 0.006300 -0.038000
v -0.013300 0.010700 -0.038000
v -0.013300 0.010225 -0.041154
v -0.013300 -0.010700 -0.038000
v -0.013300 -0.010580 -0.036405
v -0.013300 -0.005820 -0.035589
v -0.013300 -0.009640 -0.033357
v -0.013300 -0.004455 -0.033545
v -0.013300 -0.007844 -0.030722
v -0.013300 -0.005350 -0.028733
v 0.004455 -0.014400 0.004455
v 0.005995 -0.014400 0.008252
v 0.002411 -0.014400 0.005820
v 0.003152 -0.014400 0.009701
v 0.000000 -0.014400 0.006300
v 0.000000 -0.014400 0.010200
v -0.002411 -0.014400 0.005820
v -0.003152 -0.014400 0.009701
v -0.004455 -0.014400 0.004455
v -0.005820 -0.014400 -0.002411
v -0.008252 -0.014400 -0.005995
v -0.004455 -0.014400 -0.004455
v -0.005995 -0.014400 -0.008252
v -0.002411 -0.014400 -0.005820
v -0.003152 -0.014400 -0.009701
v 0.000000 -0.014400 -0.006300
v 0.000000 -0.014400 -0.010200
v 0.002411 -0.014400 -0.005820
v 0.003152 -0.014400 -0.009701
v 0.004455 -0.014400 -0.004455
v -0.005995 -0.014400 0.008252
v -0.008252 -0.014400 0.005995
v -0.005820 -0.014400 0.002411
v -0.009701 -0.014400 0.003152
v -0.006300 -0.014400 0.000000
v -0.010200 -0.014400 0.000000
v -0.009701 -0.014400 -0.003152
v 0.005995 -0.014400 -0.008252
v 0.008252 -0.014400 -0.005995
v 0.005820 -0.014400 -0.002411
v 0.009701 -0.014400 -0.003152
v 0.006300 -0.014400 0.000000
v 0.010200 -0.014400 0.000000
v 0.005820 -0.014400 0.002411
v 0.009701 -0.014400 0.003152
v 0.008252 -0.014400 0.005995
v 0.003245 -0.014100 0.009986
v 0.006172 -0.014100 0.008495
v 0.008495 -0.014100 0.006172
v 0.009986 -0.014100 0.003245
v 0.010500 -0.014100 0.000000
v 0.009986 -0.014100 -0.003245
v 0.008495 -0.014100 -0.006172
v 0.006172 -0.014100 -0.008495
v 0.003245 -0.014100 -0.009986
v 0.000000 -0.014100 -0.010500
v -0.003245 -0.014100 -0.009986
v -0.006172 -0.014100 -0.008495
v -0.008495 -0.014100 -0.006172
v -0.009986 -0.014100 -0.003245
v -0.010500 -0.014100 0.000000
v -0.009986 -0.014100 0.003245
v -0.008495 -0.014100 0.006172
v -0.006172 -0.014100 0.008495
v -0.003245 -0.014100 0.009986
v 0.000000 -0.014100 0.010500
v -0.004455 0.014400 -0.004455
v -0.008252 0.014400 -0.005995
v -0.005820 0.014400 -0.002411
v -0.009701 0.014400 -0.003152
v -0.006300 0.014400 0.000000
v -0.010200 0.014400 0.000000
v -0.005820 0.014400 0.002411
v 0.005820 0.014400 -0.002411
v 0.008252 0.014400 -0.005995
v 0.004455 0.014400 -0.004455
v 0.005995 0.014400 -0.008252
v 0.002411 0.014400 -0.005820
v 0.003152 0.014400 -0.009701
v 0.000000 0.014400 -0.006300
v 0.000000 0.014400 -0.010200
v -0.002411 0.014400 -0.005820
v -0.003152 0.014400 -0.009701
v -0.005995 0.014400 -0.008252
v 0.004455 0.014400 0.004455
v 0.008252 0.014400 0.005995
v 0.005820 0.014400 0.002411
v 0.009701 0.014400 0.003152
v 0.006300 0.014400 0.000000
v 0.010200 0.014400 0.000000
v 0.009701 0.014400 -0.003152
v -0.009701 0.014400 0.003152
v -0.008252 0.014400 0.005995
v -0.004455 0.014400 0.004455
v -0.005995 0.014400 0.008252
v -0.002411 0.014400 0.005820
v -0.003152 0.014400 0.009701
v 0.000000 0.014400 0.006300
v 0.000000 0.014400 0.010200
v 0.002411 0.014400 0.005820
v 0.003152 0.014400 0.009701
v 0.005995 0.014400 0.008252
v 0.003245 0.014100 -0.009986
v 0.006172 0.014100 -0.008495
v 0.008495 0.014100 -0.006172
v 0.009986 0.014100 -0.003245
v 0.010500 0.014100 0.000000
v 0.009986 0.014100 0.003245
v 0.008495 0.014100 0.006172
v 0.006172 0.014100 0.008495
v 0.003245 0.014100 0.009986
v 0.000000 0.014100 0.010500
v -0.003245 0.014100 0.009986
v -0.006172 0.014100 0.008495
v -0.008495 0.014100 0.006172
v -0.009986 0.014100 0.003245
v -0.010500 0.014100 0.000000
v -0.009986 0.014100 -0.003245
v -0.008495 0.014100 -0.006172
v -0.006172 0.014100 -0.008495
v -0.003245 0.014100 -0.009986
v 0.000000 0.014100 -0.010500
v 0.000000 0.023281 -0.031519
v 0.000000 0.011250 -0.031519
v 0.000000 -0.023281 -0.031519
v 0.000000 -0.011250 -0.031519
v -0.016741 -0.005848 0.018800
v -0.018508 -0.005154 0.018800
v -0.018508 -0.010250 0.018800
v -0.015177 -0.006148 0.018800
v 0.018879 -0.010250 0.018800
v 0.018879 -0.005298 0.018800
v 0.017498 -0.005848 0.018800
v 0.016054 -0.006148 0.018800
v 0.014505 -0.006250 0.018800
v -0.013500 -0.006250 0.018800
v -0.028921 -0.010250 0.023469
v -0.021286 -0.010250 0.019482
v -0.028921 0.010250 0.023469
v -0.021286 -0.003250 0.019482
v -0.021286 0.010250 0.019482
v -0.021286 0.003250 0.019482
v -0.006350 0.003250 0.011682
v -0.006350 -0.003250 0.011682
v -0.030271 0.010250 0.023045
v -0.035555 0.010250 0.012927
v -0.030271 -0.010250 0.023045
v -0.035555 -0.010250 0.012927
v -0.030439 0.003250 0.010255
v -0.013685 0.003250 0.001506
v -0.013685 -0.003250 0.001506
v -0.030439 -0.003250 0.010255
v -0.035111 0.011116 0.012696
v -0.035111 -0.011116 0.012696
v -0.035436 -0.010750 0.012865
v -0.035436 0.010750 0.012865
v 0.030378 -0.010250 0.023370
v 0.035718 -0.010250 0.014150
v 0.035718 0.005121 0.014150
v 0.035718 0.010250 0.014150
v 0.035591 0.004750 0.014368
v 0.030378 0.010250 0.023370
v 0.035591 -0.004750 0.014368
v 0.035390 -0.003250 0.014716
v 0.035390 0.003250 0.014716
v 0.019500 -0.010950 0.013500
v 0.019500 0.010950 0.013500
v 0.020500 -0.010950 0.013232
v 0.020500 0.010950 0.013232
v 0.021232 -0.010950 0.012500
v 0.021232 0.010950 0.012500
v 0.021500 -0.010950 0.011500
v 0.021500 0.010950 0.011500
v 0.021232 -0.010950 0.010500
v 0.021232 0.010950 0.010500
v 0.020500 -0.010950 0.009768
v 0.020500 0.010950 0.009768
v 0.019500 -0.010950 0.009500
v 0.019500 0.010950 0.009500
v 0.018500 -0.010950 0.009768
v 0.018500 0.010950 0.009768
v 0.017768 -0.010950 0.010500
v 0.017768 0.010950 0.010500
v 0.017500 -0.010950 0.011500
v 0.017500 0.010950 0.011500
v 0.017768 -0.010950 0.012500
v 0.017768 0.010950 0.012500
v 0.018500 -0.010950 0.013232
v 0.018500 0.010950 0.013232
v -0.003573 0.003250 0.011000
v -0.003573 -0.003250 0.011000
v 0.005410 0.003250 0.011000
v 0.005410 -0.003250 0.011000
v -0.004961 -0.006250 0.014341
v 0.006189 -0.006250 0.014103
v 0.005410 -0.006250 0.014000
v 0.006914 -0.006250 0.014404
v -0.003573 -0.006250 0.014000
v -0.004288 -0.006250 0.014086
v -0.004961 0.006250 0.014341
v -0.004288 0.006250 0.014086
v -0.003573 0.006250 0.014000
v 0.006914 0.006250 0.014404
v 0.005410 0.006250 0.014000
v 0.006189 0.006250 0.014103
v 0.012272 0.005703 -0.012077
v 0.012508 0.005853 -0.011813
v 0.013224 0.006148 -0.011013
v 0.033908 0.005848 0.012125
v 0.035285 0.011174 0.013665
v 0.035512 0.010957 0.013920
v 0.035664 0.010633 0.014090
v 0.034886 0.005524 0.013219
v 0.035718 0.010250 0.014150
v 0.032358 0.006148 0.010391
v 0.030695 0.006250 0.008531
v 0.014000 0.006250 -0.010144
v 0.013494 0.003250 0.002037
v 0.013494 -0.003250 0.002037
v 0.014998 -0.006250 -0.000559
v 0.014000 -0.006250 -0.002290
v 0.014068 -0.006250 -0.001773
v 0.014267 -0.006250 -0.001291
v 0.014584 -0.006250 -0.000877
v 0.014998 0.006250 -0.000559
v 0.014267 0.006250 -0.001291
v 0.014068 0.006250 -0.001773
v 0.014000 0.006250 -0.002290
v 0.014584 0.006250 -0.000877
v -0.028840 -0.004798 0.008935
v -0.028121 -0.005391 0.008032
v -0.027198 -0.005848 0.006871
v -0.017686 -0.006250 -0.005091
v -0.024897 -0.006250 0.003977
v -0.026088 -0.006148 0.005475
v -0.014074 -0.006250 -0.002388
v -0.016879 -0.006250 -0.006555
v -0.014000 -0.006250 -0.002926
v -0.016600 -0.006250 -0.008203
v -0.014000 -0.006250 -0.010000
v -0.016600 -0.006250 -0.010000
v -0.015074 -0.006250 -0.001153
v -0.014631 -0.006250 -0.001467
v -0.014289 -0.006250 -0.001889
v -0.016600 0.006250 -0.008203
v -0.016600 0.006250 -0.010000
v -0.014000 0.006250 -0.010000
v -0.016879 0.006250 -0.006555
v -0.014000 0.006250 -0.002926
v -0.014074 0.006250 -0.002388
v -0.014289 0.006250 -0.001889
v -0.014631 0.006250 -0.001467
v -0.015074 0.006250 -0.001153
v 0.030262 -0.010750 0.023303
v 0.030125 -0.010957 0.023223
v 0.029946 -0.011116 0.023119
v -0.029827 -0.011116 0.022814
v -0.030152 -0.010750 0.022983
v 0.029946 0.011116 0.023119
v 0.030125 0.010957 0.023223
v 0.030262 0.010750 0.023303
v -0.030152 0.010750 0.022983
v -0.029827 0.011116 0.022814
v 0.011000 -0.003259 -0.015398
v 0.011104 -0.004032 -0.014396
v 0.011834 -0.005325 -0.012645
v 0.011395 -0.004738 -0.013461
v 0.011702 0.005179 -0.012854
v 0.011395 0.004738 -0.013461
v 0.011094 0.003994 -0.014445
v 0.011000 0.003259 -0.015398
v 0.000000 -0.014400 0.006300
v 0.000000 -0.014100 0.006000
v 0.000000 -0.014100 -0.006000
v 0.000000 0.014400 -0.006300
v 0.000000 0.014100 -0.006000
v -0.011184 0.003250 -0.001581
v -0.011184 -0.003250 -0.001581
v -0.011326 0.003250 -0.001150
v -0.011326 -0.003250 -0.001150
v -0.011724 0.003250 -0.000335
v -0.011724 -0.003250 -0.000335
v -0.012262 0.003250 0.000395
v -0.012262 -0.003250 0.000395
v -0.012578 0.003250 0.000720
v -0.012578 -0.003250 0.000720
v 0.011170 -0.003250 -0.000998
v 0.011170 0.003250 -0.000998
v 0.011301 -0.003250 -0.000582
v 0.011301 0.003250 -0.000582
v 0.011668 -0.003250 0.000207
v 0.011668 0.003250 0.000207
v 0.012167 -0.003250 0.000920
v 0.012167 0.003250 0.000920
v 0.012461 -0.003250 0.001242
v 0.012461 0.003250 0.001242
v 0.013696 0.004750 0.001689
v 0.013935 0.005371 0.001276
v 0.014422 0.006022 0.000434
v 0.014246 0.005848 0.000739
v 0.013609 0.004398 0.001839
v 0.012500 0.005848 -0.002290
v 0.012852 0.006022 -0.002290
v 0.012959 0.006022 -0.001476
v 0.013083 0.005371 0.000621
v 0.011402 0.004750 -0.002290
v 0.011879 0.005371 -0.002290
v 0.012019 0.005371 -0.001225
v 0.012623 0.004398 0.001081
v 0.011866 0.004398 0.000093
v 0.011228 0.004398 -0.002290
v 0.011390 0.004398 -0.001057
v 0.012429 0.005371 -0.000232
v 0.013273 0.006022 -0.000718
v 0.013772 0.006022 -0.000066
v 0.014422 -0.006022 0.000434
v 0.014246 -0.005848 0.000739
v 0.013609 -0.004398 0.001839
v 0.013696 -0.004750 0.001689
v 0.013935 -0.005371 0.001276
v 0.012852 -0.006022 -0.002290
v 0.012959 -0.006022 -0.001476
v 0.013273 -0.006022 -0.000718
v 0.013772 -0.006022 -0.000066
v 0.013083 -0.005371 0.000621
v 0.012500 -0.005848 -0.002290
v 0.012019 -0.005371 -0.001225
v 0.012429 -0.005371 -0.000232
v 0.011390 -0.004398 -0.001057
v 0.011866 -0.004398 0.000093
v 0.011879 -0.005371 -0.002290
v 0.011402 -0.004750 -0.002290
v 0.011228 -0.004398 -0.002290
v 0.012623 -0.004398 0.001081
v -0.019194 0.004745 0.018839
v -0.019938 0.010250 0.018973
v -0.021275 0.003259 0.019476
v -0.020641 0.003748 0.019192
v -0.019605 0.004479 0.018901
v -0.021275 -0.003259 0.019476
v -0.019938 -0.010250 0.018973
v -0.019194 -0.004745 0.018839
v -0.019613 -0.004474 0.018902
v -0.020641 -0.003748 0.019192
v 0.019819 -0.004748 0.018874
v 0.020436 -0.010250 0.019005
v 0.021875 -0.003259 0.019601
v 0.020956 -0.003971 0.019171
v 0.019930 -0.004677 0.018893
v 0.021875 0.003259 0.019601
v 0.020436 0.010250 0.019005
v 0.019821 0.004747 0.018874
v 0.019974 0.004650 0.018901
v 0.020956 0.003971 0.019171
v -0.005003 -0.003250 0.011173
v -0.005003 0.003250 0.011173
v 0.006967 -0.003250 0.011205
v 0.006967 0.003250 0.011205
v 0.007489 0.006022 0.013410
v 0.007665 0.005848 0.013106
v 0.007977 0.005371 0.012568
v 0.008216 0.004750 0.012156
v 0.008303 0.004398 0.012005
v 0.005410 0.004750 0.011402
v 0.005410 0.004398 0.011228
v 0.006908 0.004398 0.011426
v 0.006486 0.006022 0.012994
v 0.006739 0.005371 0.012054
v 0.005410 0.005371 0.011879
v 0.005410 0.005848 0.012500
v 0.005410 0.006022 0.012852
v -0.003573 0.004398 0.011228
v -0.003573 0.004750 0.011402
v -0.003573 0.005371 0.011879
v -0.003573 0.005848 0.012500
v -0.003573 0.006022 0.012852
v -0.006164 0.004750 0.012038
v -0.006244 0.004398 0.011884
v -0.004948 0.004398 0.011395
v -0.004561 0.006022 0.012971
v -0.004793 0.005371 0.012026
v -0.005943 0.005371 0.012460
v -0.005656 0.005848 0.013011
v -0.005493 0.006022 0.013323
v 0.007665 -0.005848 0.013106
v 0.007489 -0.006022 0.013410
v 0.007977 -0.005371 0.012568
v 0.008216 -0.004750 0.012156
v 0.008303 -0.004398 0.012005
v 0.005410 -0.005848 0.012500
v 0.005410 -0.006022 0.012852
v 0.006486 -0.006022 0.012994
v 0.006908 -0.004398 0.011426
v 0.006739 -0.005371 0.012054
v 0.005410 -0.005371 0.011879
v 0.005410 -0.004750 0.011402
v 0.005410 -0.004398 0.011228
v -0.003573 -0.004398 0.011228
v -0.003573 -0.004750 0.011402
v -0.003573 -0.005371 0.011879
v -0.003573 -0.005848 0.012500
v -0.003573 -0.006022 0.012852
v -0.005656 -0.005848 0.013011
v -0.005493 -0.006022 0.013323
v -0.004561 -0.006022 0.012971
v -0.004948 -0.004398 0.011395
v -0.004793 -0.005371 0.012026
v -0.005943 -0.005371 0.012460
v -0.006164 -0.004750 0.012038
v -0.006244 -0.004398 0.011884
v -0.029057 -0.010957 0.023209
v -0.028983 -0.010750 0.023350
v -0.029205 -0.010683 0.023466
v -0.029426 -0.010250 0.023582
v -0.029367 -0.010500 0.023551
v -0.029207 -0.011174 0.022922
v -0.029153 -0.011116 0.023026
v -0.029537 -0.011000 0.023226
v -0.029818 -0.010683 0.023373
v -0.029920 -0.010250 0.023427
v -0.028956 -0.010633 0.023401
v -0.021321 -0.010633 0.019414
v -0.021348 -0.010750 0.019363
v -0.021422 -0.010957 0.019222
v -0.021517 -0.011116 0.019038
v -0.021572 -0.011174 0.018934
v -0.029920 0.010250 0.023427
v -0.029426 0.010250 0.023582
v -0.019970 -0.010750 0.018843
v -0.020058 -0.011116 0.018487
v -0.018508 -0.010750 0.018666
v -0.018508 -0.011116 0.018300
v -0.029818 0.010683 0.023373
v -0.029367 0.010500 0.023551
v -0.029205 0.010683 0.023466
v -0.028956 0.010633 0.023401
v -0.029537 0.011000 0.023226
v -0.028983 0.010750 0.023350
v -0.029057 0.010957 0.023209
v -0.029153 0.011116 0.023026
v -0.029207 0.011174 0.022922
v 0.018879 -0.010750 0.018666
v 0.018879 -0.011116 0.018300
v -0.021321 0.010633 0.019414
v -0.021348 0.010750 0.019363
v -0.021422 0.010957 0.019222
v -0.021517 0.011116 0.019038
v -0.021572 0.011174 0.018934
v 0.021953 -0.010750 0.019492
v 0.020471 -0.010750 0.018876
v 0.022137 -0.011116 0.019175
v 0.020566 -0.011116 0.018523
v -0.019970 0.010750 0.018843
v -0.020058 0.011116 0.018487
v -0.018508 0.010750 0.018666
v -0.018508 0.011116 0.018300
v 0.029079 -0.010750 0.023618
v 0.029262 -0.011116 0.023302
v 0.018879 0.010750 0.018666
v 0.018879 0.011116 0.018300
v 0.029911 -0.010683 0.023677
v 0.029454 -0.010500 0.023835
v 0.029295 -0.010683 0.023744
v 0.029637 -0.011000 0.023519
v 0.030012 -0.010250 0.023736
v 0.029512 -0.010250 0.023869
v 0.020471 0.010750 0.018876
v 0.020566 0.011116 0.018523
v 0.021953 0.010750 0.019492
v 0.022137 0.011116 0.019175
v 0.029512 0.010250 0.023869
v 0.030012 0.010250 0.023736
v 0.029262 0.011116 0.023302
v 0.029079 0.010750 0.023618
v 0.029637 0.011000 0.023519
v 0.029295 0.010683 0.023744
v 0.029454 0.010500 0.023835
v 0.029911 0.010683 0.023677
v 0.000000 -0.014400 -0.010200
v 0.000000 -0.014100 -0.010500
v 0.000000 0.014400 0.010200
v 0.000000 0.014100 0.010500
v -0.016600 -0.008250 -0.015000
v -0.016600 0.008250 -0.015000
v -0.014000 -0.003250 -0.013000
v -0.014000 0.003250 -0.013000
v -0.016600 -0.003250 -0.013000
v -0.016600 0.003250 -0.013000
v -0.016600 0.005848 -0.011500
v -0.016600 -0.010848 -0.013500
v -0.016600 -0.005848 -0.011500
v -0.016600 -0.009750 -0.014598
v -0.016600 -0.004750 -0.012598
v -0.016600 0.010848 -0.013500
v -0.016600 0.009750 -0.014598
v -0.016600 0.004750 -0.012598
v -0.030429 -0.003259 0.010250
v -0.029560 -0.004060 0.009671
v -0.013791 -0.004398 0.001304
v -0.013871 -0.004750 0.001150
v -0.014092 -0.005371 0.000727
v -0.014543 -0.006022 -0.000135
v -0.014380 -0.005848 0.000177
v -0.012500 -0.005848 -0.002926
v -0.012852 -0.006022 -0.002926
v -0.012968 -0.006022 -0.002079
v -0.013180 -0.005371 0.000079
v -0.011402 -0.004750 -0.002926
v -0.011879 -0.005371 -0.002926
v -0.012031 -0.005371 -0.001817
v -0.012735 -0.004398 0.000554
v -0.011919 -0.004398 -0.000453
v -0.011228 -0.004398 -0.002926
v -0.011404 -0.004398 -0.001642
v -0.012475 -0.005371 -0.000790
v -0.013308 -0.006022 -0.001294
v -0.013846 -0.006022 -0.000630
v -0.011228 -0.004398 -0.010000
v -0.011402 -0.004750 -0.010000
v -0.011879 -0.005371 -0.010000
v -0.012500 -0.005848 -0.010000
v -0.012852 -0.006022 -0.010000
v -0.014000 -0.004398 -0.012772
v -0.014000 -0.004750 -0.012598
v -0.014000 -0.005371 -0.012121
v -0.014000 -0.005848 -0.011500
v -0.014000 -0.006022 -0.011148
v -0.013561 -0.006022 -0.011061
v -0.013188 -0.005371 -0.011960
v -0.012939 -0.006022 -0.010439
v -0.013188 -0.006022 -0.010812
v -0.012040 -0.005371 -0.010812
v -0.012500 -0.005371 -0.011500
v -0.011439 -0.004398 -0.011061
v -0.012040 -0.004398 -0.011960
v -0.012939 -0.004398 -0.012561
v -0.012852 -0.003250 -0.012772
v -0.012500 -0.003250 -0.012598
v -0.011228 -0.003250 -0.011148
v -0.011402 -0.003250 -0.011500
v -0.011879 -0.003250 -0.012121
v -0.011228 0.003250 -0.011148
v -0.011402 0.003250 -0.011500
v -0.011879 0.003250 -0.012121
v -0.012500 0.003250 -0.012598
v -0.012852 0.003250 -0.012772
v -0.014000 0.004398 -0.012772
v -0.014000 0.004750 -0.012598
v -0.014000 0.005371 -0.012121
v -0.014000 0.006022 -0.011148
v -0.014000 0.005848 -0.011500
v -0.013188 0.006022 -0.010812
v -0.012939 0.006022 -0.010439
v -0.012500 0.005848 -0.010000
v -0.012852 0.006022 -0.010000
v -0.013561 0.006022 -0.011061
v -0.011402 0.004750 -0.010000
v -0.011879 0.005371 -0.010000
v -0.012040 0.005371 -0.010812
v -0.012939 0.004398 -0.012561
v -0.012040 0.004398 -0.011960
v -0.011228 0.004398 -0.010000
v -0.011439 0.004398 -0.011061
v -0.012500 0.005371 -0.011500
v -0.013188 0.005371 -0.011960
v -0.011228 0.004398 -0.002926
v -0.011402 0.004750 -0.002926
v -0.011879 0.005371 -0.002926
v -0.012500 0.005848 -0.002926
v -0.012852 0.006022 -0.002926
v -0.012968 0.006022 -0.002079
v -0.013308 0.006022 -0.001294
v -0.013846 0.006022 -0.000630
v -0.014543 0.006022 -0.000135
v -0.014380 0.005848 0.000177
v -0.013180 0.005371 0.000079
v -0.014092 0.005371 0.000727
v -0.012031 0.005371 -0.001817
v -0.012475 0.005371 -0.000790
v -0.011404 0.004398 -0.001642
v -0.011919 0.004398 -0.000453
v -0.013871 0.004750 0.001150
v -0.012735 0.004398 0.000554
v -0.013791 0.004398 0.001304
v -0.029591 0.004030 0.009696
v -0.030429 0.003259 0.010250
vn -0.7827 -0.0000 -0.6224
vn -1.0000 -0.0000 -0.0000
vn -0.5011 -0.0000 0.8654
vn -0.0000 -0.0000 1.0000
vn 0.7455 -0.0000 -0.6665
vn 0.7454 -0.0001 -0.6666
vn 0.7456 -0.0000 -0.6664
vn -0.0000 -0.7661 0.6427
vn -0.0000 -0.7661 0.6428
vn -0.0000 -0.7660 0.6428
vn -0.0000 -0.7658 0.6430
vn -0.0000 -0.8660 0.5000
vn -0.0000 -0.9848 0.1736
vn 0.0010 -0.9840 0.1783
vn -0.0000 -1.0000 0.0050
vn -0.0000 0.7660 0.6428
vn -0.0000 0.7661 0.6427
vn -0.0000 0.7658 0.6430
vn -0.0000 0.7661 0.6428
vn -0.0000 0.8660 0.5000
vn -0.0000 0.9848 0.1736
vn -0.0000 0.9840 0.1783
vn 0.0010 0.9848 0.1736
vn -0.0000 1.0000 0.0046
vn -0.9237 -0.3831 -0.0000
vn 0.0792 -0.9969 -0.0000
vn 0.2669 -0.9637 0.0124
vn 0.2588 -0.9659 0.0111
vn -0.1910 -0.9816 -0.0000
vn -0.2588 -0.9659 0.0111
vn -0.4385 -0.8988 -0.0000
vn -0.7071 -0.7071 -0.0000
vn -0.7901 -0.6123 0.0284
vn -0.6088 -0.7933 -0.0000
vn -0.9908 -0.1321 0.0296
vn -0.9659 -0.2589 -0.0000
vn -0.9873 0.1589 -0.0000
vn -0.9658 0.2588 0.0143
vn -0.9126 0.4089 -0.0000
vn -0.7934 0.6088 -0.0000
vn -0.7070 0.7071 0.0146
vn -0.6087 0.7934 -0.0000
vn -0.3829 0.9238 -0.0000
vn -0.2588 0.9658 0.0141
vn -0.1308 0.9914 -0.0000
vn 0.1308 0.9914 -0.0000
vn 0.2588 0.9658 0.0141
vn 0.3830 0.9237 -0.0000
vn 0.7071 0.7071 0.0001
vn 0.7901 0.6124 0.0284
vn 0.6088 0.7934 -0.0000
vn 0.9658 -0.2588 0.0151
vn 0.9914 -0.1308 -0.0000
vn 0.9659 0.2588 -0.0000
vn 0.9869 0.1599 0.0232
vn 0.9124 0.4093 -0.0000
vn 0.4387 -0.8986 -0.0000
vn 0.6088 -0.7933 -0.0000
vn 0.7070 -0.7070 0.0146
vn 0.7932 -0.6089 -0.0000
vn 0.9237 -0.3830 -0.0000
vn 0.3947 -0.0000 0.9188
vn 0.5664 -0.0000 0.8241
vn 0.7254 -0.0000 0.6884
vn 0.8457 -0.0000 0.5336
vn 0.9382 -0.0000 0.3461
vn 0.9877 -0.0000 0.1564
vn 0.9986 -0.0000 -0.0524
vn 0.9692 -0.0000 -0.2462
vn 0.8969 -0.0000 -0.4423
vn 0.7934 -0.0000 -0.6088
vn 0.6495 -0.0000 -0.7604
vn 0.4886 -0.0000 -0.8725
vn 0.2966 -0.0000 -0.9550
vn 0.1045 -0.0000 -0.9945
vn -0.1045 -0.0000 -0.9945
vn -0.2966 -0.0000 -0.9550
vn -0.4886 -0.0000 -0.8725
vn -0.6495 -0.0000 -0.7604
vn -0.7934 -0.0000 -0.6088
vn -0.8969 -0.0000 -0.4423
vn -0.9692 -0.0000 -0.2462
vn -0.9986 -0.0000 -0.0524
vn -0.9877 -0.0000 0.1564
vn -0.9382 -0.0000 0.3461
vn -0.8457 -0.0000 0.5336
vn -0.7254 -0.0000 0.6884
vn -0.5664 -0.0000 0.8241
vn -0.3947 -0.0000 0.9188
vn -0.1951 -0.0000 0.9808
vn 0.1951 -0.0000 0.9808
vn -0.0000 1.0000 -0.0000
vn -0.0000 -1.0000 -0.0000
vn 1.0000 -0.0000 -0.0000
vn -0.0000 0.0523 0.9986
vn 0.0027 -0.2033 0.9791
vn -0.0000 -0.1564 0.9877
vn 0.0181 -0.0456 0.9988
vn 0.0082 -0.1301 0.9915
vn 0.0004 -0.2627 0.9649
vn -0.0000 -0.2987 0.9544
vn -0.0000 -0.3460 0.9382
vn 0.0009 -0.3222 0.9467
vn -0.0052 -0.5336 0.8457
vn -0.0080 0.3229 0.9464
vn 0.0050 0.3615 0.9324
vn 0.0086 0.3242 0.9459
vn 0.0138 0.2789 0.9602
vn 0.0226 0.2180 0.9757
vn -0.0203 0.4422 0.8967
vn 0.0156 0.1427 0.9896
vn -0.0000 0.2462 0.9692
vn 0.0042 -0.5336 0.8457
vn -0.0008 -0.3246 0.9458
vn -0.0000 -0.2990 0.9543
vn -0.0004 -0.2627 0.9649
vn -0.0025 -0.2031 0.9792
vn -0.0075 -0.1298 0.9915
vn -0.0046 -0.1564 0.9877
vn -0.0000 -0.0432 0.9991
vn -0.0143 0.1420 0.9898
vn 0.0184 0.4422 0.8967
vn -0.0208 0.2165 0.9761
vn -0.0128 0.2777 0.9606
vn 0.0112 -0.4545 0.8907
vn -0.0000 -0.5111 0.8595
vn -0.0000 -0.6883 0.7255
vn -0.0000 -0.8241 0.5664
vn -0.0000 -0.9188 0.3947
vn -0.0000 -0.9808 0.1951
vn -0.0000 -0.9808 -0.1951
vn -0.0000 -0.9189 -0.3946
vn -0.0000 -0.8241 -0.5664
vn -0.0000 -0.6884 -0.7254
vn -0.0000 -0.5336 -0.8457
vn -0.0000 -0.3461 -0.9382
vn -0.0000 -0.1564 -0.9877
vn -0.0000 0.0523 -0.9986
vn -0.0000 0.2462 -0.9692
vn -0.0000 0.4423 -0.8969
vn -0.0000 0.6088 -0.7934
vn -0.0000 0.7604 -0.6495
vn -0.0000 0.8725 -0.4886
vn -0.0000 0.9550 -0.2966
vn -0.0000 0.9945 -0.1045
vn -0.0000 0.9945 0.1045
vn -0.0000 0.9550 0.2966
vn -0.0000 0.8725 0.4886
vn -0.0000 0.7604 0.6494
vn -0.0000 0.6088 0.7934
vn -0.0000 0.4184 0.9083
vn -0.0048 0.3597 0.9331
vn -0.0029 -0.2948 -0.9556
vn 0.0061 -0.1876 -0.9822
vn 0.0076 -0.2225 -0.9749
vn -0.0000 -0.1490 -0.9888
vn -0.0000 -0.0000 -1.0000
vn 0.0117 0.0747 -0.9971
vn 0.0309 0.2603 -0.9650
vn -0.0000 0.1490 -0.9888
vn -0.0000 0.2948 -0.9556
vn -0.0056 0.2605 -0.9655
vn 0.0082 0.4339 -0.9009
vn -0.0000 0.4015 -0.9159
vn -0.0000 0.3653 -0.9309
vn -0.0000 0.0747 -0.9972
vn -0.0000 -0.1876 -0.9822
vn -0.0000 0.9556 0.2948
vn 0.1216 0.9677 0.2209
vn -0.0000 0.9309 0.3653
vn 0.0613 0.8247 0.5623
vn -0.0000 0.7818 0.6235
vn -0.0000 0.6802 0.7331
vn 0.0613 0.6223 0.7804
vn -0.0000 0.5633 0.8262
vn -0.0000 0.4339 0.9010
vn 0.0613 0.3647 0.9291
vn -0.0000 0.2948 0.9556
vn -0.0000 0.0747 0.9972
vn 0.1216 0.1479 0.9815
vn -0.0000 -0.2225 0.9749
vn 0.1216 -0.1479 0.9815
vn -0.0000 -0.2948 0.9556
vn -0.0000 -0.5000 0.8660
vn 0.1216 -0.4306 0.8943
vn -0.0000 -0.5633 0.8262
vn -0.0000 -0.7331 0.6802
vn 0.1216 -0.6751 0.7276
vn -0.0000 -0.7818 0.6235
vn -0.0000 -0.9010 0.4339
vn 0.1216 -0.8596 0.4963
vn -0.0000 -0.9309 0.3653
vn -0.0000 -0.9749 0.2225
vn 0.0613 -0.9870 0.1488
vn 0.0325 -0.9937 -0.1077
vn -0.0000 -0.9972 0.0747
vn -0.0000 -0.9972 -0.0747
vn 0.0273 -0.9938 -0.1077
vn -0.0152 -0.9748 -0.2225
vn -0.0000 -0.9670 -0.2547
vn -0.0000 -0.9888 -0.1490
vn -0.0000 -0.9888 0.1490
vn -0.0000 0.3653 0.9309
vn -0.0000 0.6235 0.7818
vn -0.0000 0.8262 0.5633
vn -0.0000 0.9972 0.0747
vn -0.0292 0.9996 -0.0000
vn -0.0000 0.9972 -0.0747
vn -0.0000 0.9833 -0.1818
vn 0.0202 0.9554 -0.2947
vn -0.0000 0.9453 -0.3263
vn -0.0000 -0.9309 -0.3653
vn 0.0044 -0.9010 -0.4339
vn -0.0000 -0.8660 -0.5000
vn -0.0000 -0.7818 -0.6235
vn 0.0044 -0.7330 -0.6802
vn -0.0000 -0.3319 -0.9433
vn -0.0000 -0.4339 -0.9010
vn 0.0044 -0.5000 -0.8660
vn -0.0000 -0.5633 -0.8262
vn -0.0000 -0.6802 -0.7331
vn -0.0000 0.5633 -0.8262
vn 0.0044 0.6235 -0.7818
vn -0.0000 0.6802 -0.7331
vn -0.0000 0.7818 -0.6235
vn 0.0044 0.8262 -0.5633
vn -0.0000 0.8660 -0.5000
vn 0.0531 0.9296 -0.3648
vn -0.0342 0.9828 -0.1817
vn -0.0000 0.9749 -0.2225
vn 0.1216 0.9898 -0.0742
vn 0.1564 -0.0000 0.9877
vn 0.4540 -0.0000 0.8910
vn 0.7071 -0.0000 0.7071
vn 0.8910 -0.0000 0.4540
vn 0.9877 -0.0000 -0.1564
vn 0.8910 -0.0000 -0.4540
vn 0.7071 -0.0000 -0.7071
vn 0.4540 -0.0000 -0.8910
vn 0.1564 -0.0000 -0.9877
vn -0.1564 -0.0000 -0.9877
vn -0.4540 -0.0000 -0.8910
vn -0.7071 -0.0000 -0.7071
vn -0.8910 -0.0000 -0.4540
vn -0.9877 -0.0000 -0.1564
vn -0.8910 -0.0000 0.4540
vn -0.7071 -0.0000 0.7071
vn -0.4540 -0.0000 0.8910
vn -0.1564 -0.0000 0.9877
vn -0.0000 0.6428 -0.7660
vn -0.0000 -0.6428 -0.7660
vn -0.0000 0.9063 0.4226
vn -0.0000 0.9962 -0.0872
vn -0.0000 0.8192 -0.5736
vn -0.0000 -0.8192 -0.5736
vn -0.0000 -0.9063 0.4226
vn -0.0000 -0.9962 -0.0872
vn -0.1305 -0.0000 0.9914
vn -0.2588 0.0086 0.9659
vn -0.3828 -0.0000 0.9238
vn -0.9659 -0.0000 0.2588
vn 0.9659 -0.0000 0.2588
vn 0.3828 -0.0000 0.9238
vn 0.2588 0.0086 0.9659
vn 0.1305 -0.0000 0.9914
vn -0.2588 -0.0086 0.9659
vn 0.2588 -0.0086 0.9659
vn 0.4629 -0.0000 0.8864
vn -0.8864 -0.0000 0.4629
vn -0.4629 -0.0000 -0.8864
vn -0.4629 0.0001 -0.8864
vn 0.8654 -0.0000 0.5011
vn 0.8653 -0.0000 0.5012
vn 0.8654 0.0001 0.5012
vn -0.2588 -0.0000 -0.9659
vn -0.9659 -0.0000 -0.2589
vn -0.2588 -0.0000 0.9659
vn 0.2589 -0.0000 0.9659
vn 0.9659 -0.0000 -0.2588
vn 0.2588 -0.0000 -0.9659
vn 0.7454 0.0001 -0.6666
vn 0.7455 -0.0000 -0.6666
vn 0.5011 -0.0000 -0.8654
vn 0.8359 -0.2588 0.4841
vn 0.8471 -0.1954 0.4942
vn 0.6877 -0.6088 0.3955
vn 0.7196 -0.5555 0.4167
vn 0.5269 -0.7933 0.3051
vn 0.4819 -0.8312 0.2772
vn 0.2227 -0.9659 0.1317
vn 0.1688 -0.9808 0.0978
vn -0.2293 -0.9659 0.1198
vn -0.6268 -0.7071 0.3273
vn -0.8562 -0.2589 0.4471
vn 0.2239 0.9659 0.1297
vn 0.1664 0.9810 0.1000
vn 0.5280 0.7933 0.3031
vn 0.4808 0.8315 0.2784
vn 0.6865 0.6088 0.3976
vn 0.7205 0.5553 0.4154
vn 0.8347 0.2588 0.4861
vn 0.8487 0.1952 0.4915
vn -0.8562 0.2589 0.4471
vn -0.6268 0.7071 0.3273
vn -0.2293 0.9659 0.1198
vn 1.0000 -0.0000 -0.0011
vn 0.9947 0.0001 -0.1028
vn 0.9999 -0.0137 -0.0050
vn 0.9825 0.0108 -0.1860
vn 0.7914 -0.0000 -0.6113
vn 0.8540 0.0134 -0.5202
vn 0.8818 0.0030 -0.4716
vn 0.9543 -0.0021 -0.2990
vn 0.8540 -0.0000 -0.5202
vn 0.8137 -0.0238 -0.5809
vn 0.8930 -0.0023 -0.4500
vn 0.9825 0.0053 -0.1860
vn 0.9606 -0.0226 -0.2770
vn 0.9999 0.0123 -0.0046
vn 0.9952 -0.0001 -0.0979
vn -0.5086 -0.6947 0.5086
vn -0.6947 -0.6948 0.1862
vn -0.6947 -0.6947 0.1862
vn -0.6947 -0.6947 -0.1862
vn -0.6947 -0.6948 -0.1862
vn -0.5086 -0.6947 -0.5086
vn -0.1861 -0.6947 -0.6948
vn -0.1862 -0.6947 -0.6947
vn 0.1861 -0.6947 -0.6947
vn 0.1862 -0.6947 -0.6948
vn 0.5086 -0.6947 -0.5086
vn 0.6947 -0.6948 -0.1861
vn 0.6948 -0.6947 -0.1861
vn 0.6947 -0.6948 0.1861
vn 0.5086 -0.6947 0.5086
vn 0.1862 -0.6948 0.6947
vn 0.1862 -0.6947 0.6947
vn -0.1862 -0.6947 0.6947
vn -0.1862 -0.6948 0.6947
vn -0.5087 0.6947 -0.5086
vn -0.5086 0.6947 -0.5086
vn -0.6947 0.6948 -0.1862
vn -0.6947 0.6947 -0.1862
vn -0.6947 0.6947 0.1862
vn -0.6947 0.6948 0.1862
vn -0.5086 0.6947 0.5086
vn -0.1862 0.6948 0.6947
vn -0.1862 0.6947 0.6947
vn 0.1862 0.6947 0.6947
vn 0.1862 0.6948 0.6947
vn 0.5086 0.6947 0.5086
vn 0.6947 0.6948 0.1861
vn 0.6948 0.6947 0.1861
vn 0.6947 0.6947 -0.1861
vn 0.6947 0.6948 -0.1861
vn 0.5086 0.6947 -0.5086
vn 0.5086 0.6947 -0.5087
vn 0.1862 0.6947 -0.6948
vn 0.1862 0.6947 -0.6947
vn -0.1861 0.6947 -0.6948
vn -0.1862 0.6947 -0.6948
vn 0.4160 -0.6629 0.6225
vn 0.4039 -0.7011 0.5876
vn 0.5130 -0.7070 0.4868
vn 0.6482 -0.6263 0.4331
vn 0.6023 -0.7019 0.3801
vn 0.6636 -0.7068 0.2448
vn 0.7902 -0.5923 0.1572
vn 0.7027 -0.7027 0.1113
vn 0.7066 -0.7066 -0.0371
vn 0.8109 -0.5626 -0.1613
vn 0.6889 -0.7034 -0.1750
vn 0.6349 -0.7064 -0.3131
vn 0.7005 -0.5387 -0.4681
vn 0.5634 -0.7041 -0.4323
vn 0.4599 -0.7060 -0.5385
vn 0.4739 -0.5219 -0.7092
vn -0.1674 -0.5134 -0.8417
vn 0.3467 -0.7046 -0.6191
vn 0.2101 -0.7056 -0.6767
vn 0.1674 -0.5134 -0.8417
vn 0.0741 -0.7052 -0.7052
vn -0.0741 -0.7052 -0.7052
vn -0.2101 -0.7056 -0.6767
vn -0.3467 -0.7046 -0.6191
vn -0.4739 -0.5219 -0.7092
vn -0.4599 -0.7060 -0.5385
vn -0.5936 -0.7002 -0.3966
vn -0.7219 -0.4146 -0.5540
vn -0.6349 -0.7064 -0.3131
vn -0.7002 -0.7002 -0.1393
vn -0.8453 -0.4892 -0.2147
vn -0.7066 -0.7066 -0.0371
vn -0.7002 -0.7002 0.1393
vn -0.8221 -0.5543 0.1302
vn -0.6636 -0.7068 0.2448
vn -0.5936 -0.7002 0.3966
vn -0.6697 -0.6106 0.4226
vn -0.5130 -0.7070 0.4868
vn -0.3966 -0.7002 0.5936
vn -0.4261 -0.6589 0.6199
vn -0.2791 -0.7071 0.6497
vn -0.1393 -0.7002 0.7002
vn 0.1393 -0.7002 0.7002
vn 0.2791 -0.7071 0.6497
vn 0.1674 0.5134 -0.8417
vn 0.2101 0.7056 -0.6767
vn 0.3467 0.7046 -0.6191
vn 0.4739 0.5219 -0.7092
vn 0.4599 0.7060 -0.5385
vn 0.5936 0.7002 -0.3966
vn 0.7219 0.4146 -0.5540
vn 0.6349 0.7064 -0.3131
vn 0.7002 0.7002 -0.1393
vn 0.8453 0.4892 -0.2147
vn 0.7066 0.7066 -0.0371
vn 0.7002 0.7002 0.1393
vn 0.8221 0.5543 0.1302
vn 0.6636 0.7068 0.2448
vn 0.5936 0.7002 0.3966
vn 0.6697 0.6106 0.4226
vn 0.5130 0.7070 0.4868
vn 0.3966 0.7002 0.5936
vn 0.4261 0.6589 0.6199
vn 0.2791 0.7071 0.6497
vn 0.1393 0.7002 0.7002
vn -0.1393 0.7002 0.7002
vn -0.2791 0.7071 0.6497
vn -0.4160 0.6629 0.6225
vn -0.4039 0.7011 0.5876
vn -0.5130 0.7070 0.4868
vn -0.6482 0.6263 0.4331
vn -0.6023 0.7019 0.3801
vn -0.6636 0.7068 0.2448
vn -0.7902 0.5923 0.1572
vn -0.7027 0.7027 0.1113
vn -0.7066 0.7066 -0.0371
vn -0.8109 0.5626 -0.1613
vn -0.6889 0.7034 -0.1750
vn -0.6349 0.7064 -0.3131
vn -0.7005 0.5387 -0.4681
vn -0.5634 0.7041 -0.4323
vn -0.4599 0.7060 -0.5385
vn -0.4739 0.5219 -0.7092
vn -0.3467 0.7046 -0.6191
vn -0.2101 0.7056 -0.6767
vn -0.1674 0.5134 -0.8417
vn -0.0741 0.7052 -0.7052
vn 0.0741 0.7052 -0.7052
vn -0.5133 0.8417 0.1674
vn -0.7056 0.6768 0.2102
vn -0.7046 0.6191 0.3467
vn -0.5218 0.7093 0.4739
vn -0.7059 0.5386 0.4600
vn -0.7001 0.3967 0.5937
vn -0.4146 0.5540 0.7220
vn -0.7063 0.3131 0.6349
vn -0.7002 0.1393 0.7003
vn -0.4890 0.2147 0.8454
vn -0.7066 0.0370 0.7067
vn -0.7002 -0.1393 0.7003
vn -0.5544 -0.1302 0.8220
vn -0.7068 -0.2448 0.6637
vn -0.7002 -0.3967 0.5937
vn -0.6106 -0.4226 0.6698
vn -0.7069 -0.4868 0.5131
vn -0.7001 -0.5937 0.3967
vn -0.6588 -0.6200 0.4261
vn -0.7070 -0.6498 0.2791
vn -0.7002 -0.7003 0.1393
vn -0.7001 -0.7003 0.1393
vn -0.7001 -0.7003 -0.1393
vn -0.7002 -0.7003 -0.1393
vn -0.7070 -0.6498 -0.2790
vn -0.6628 -0.6226 -0.4160
vn -0.7011 -0.5877 -0.4039
vn -0.7069 -0.4869 -0.5130
vn -0.6263 -0.4331 -0.6482
vn -0.7019 -0.3801 -0.6024
vn -0.7068 -0.2449 -0.6637
vn -0.5922 -0.1572 -0.7903
vn -0.7027 -0.1113 -0.7027
vn -0.7066 0.0370 -0.7066
vn -0.5625 0.1613 -0.8109
vn -0.7034 0.1750 -0.6890
vn -0.7063 0.3131 -0.6349
vn -0.5386 0.4681 -0.7006
vn -0.7040 0.4323 -0.5634
vn -0.7060 0.5385 -0.4600
vn -0.5218 0.7093 -0.4739
vn -0.7046 0.6192 -0.3467
vn -0.7056 0.6768 -0.2102
vn -0.5133 0.8417 -0.1674
vn -0.7051 0.7052 -0.0741
vn -0.7051 0.7052 0.0741
vn 0.6629 -0.6225 0.4160
vn 0.7011 -0.5877 0.4039
vn 0.7069 -0.4868 0.5131
vn 0.6263 -0.4331 0.6482
vn 0.7020 -0.3801 0.6023
vn 0.7069 -0.2448 0.6637
vn 0.5924 -0.1572 0.7902
vn 0.7027 -0.1113 0.7027
vn 0.7066 0.0370 0.7066
vn 0.5625 0.1613 0.8109
vn 0.7034 0.1750 0.6889
vn 0.7064 0.3131 0.6348
vn 0.5387 0.4681 0.7005
vn 0.7040 0.4323 0.5634
vn 0.7060 0.5385 0.4600
vn 0.5219 0.7092 0.4739
vn 0.5134 0.8417 -0.1674
vn 0.7047 0.6191 0.3467
vn 0.7056 0.6767 0.2101
vn 0.5134 0.8417 0.1674
vn 0.7052 0.7052 0.0741
vn 0.7052 0.7052 -0.0741
vn 0.7056 0.6767 -0.2101
vn 0.7046 0.6191 -0.3467
vn 0.5219 0.7093 -0.4739
vn 0.7060 0.5385 -0.4599
vn 0.7002 0.3966 -0.5936
vn 0.4147 0.5540 -0.7219
vn 0.7063 0.3131 -0.6349
vn 0.7002 0.1393 -0.7002
vn 0.4892 0.2147 -0.8453
vn 0.7067 0.0370 -0.7066
vn 0.7003 -0.1393 -0.7001
vn 0.5543 -0.1302 -0.8221
vn 0.7068 -0.2448 -0.6637
vn 0.7002 -0.3966 -0.5936
vn 0.6106 -0.4226 -0.6697
vn 0.7070 -0.4868 -0.5130
vn 0.7002 -0.5936 -0.3966
vn 0.6589 -0.6199 -0.4261
vn 0.7071 -0.6498 -0.2790
vn 0.7002 -0.7002 -0.1393
vn 0.7002 -0.7002 0.1393
vn 0.7071 -0.6497 0.2791
vn -0.9907 -0.0000 -0.1358
vn -0.9500 -0.0000 -0.3124
vn -0.8987 -0.0000 -0.4385
vn -0.8047 -0.0000 -0.5936
vn -0.7167 -0.0000 -0.6974
vn -0.5790 -0.0000 -0.8154
vn 0.9915 -0.0000 -0.1304
vn 0.9538 -0.0000 -0.3003
vn 0.9065 -0.0000 -0.4221
vn 0.8196 -0.0000 -0.5729
vn 0.7379 -0.0000 -0.6750
vn 0.6096 -0.0000 -0.7927
vn 0.3976 -0.6088 -0.6865
vn 0.4810 -0.5616 -0.6732
vn 0.3844 -0.6391 -0.6661
vn 0.2922 -0.8138 -0.5023
vn 0.0978 -0.9808 -0.1688
vn 0.3051 -0.7933 -0.5268
vn 0.2217 -0.8969 -0.3828
vn 0.1892 -0.9252 -0.3291
vn 0.0738 -0.9900 -0.1203
vn 0.4494 -0.4423 -0.7761
vn 0.4814 -0.2588 -0.8374
vn 0.4915 -0.1951 -0.8487
vn 0.4415 -0.8954 -0.0581
vn 0.3732 -0.7908 -0.4852
vn 0.7891 -0.6055 -0.1037
vn 0.5477 -0.4393 -0.7121
vn 0.5981 -0.1935 -0.7777
vn 0.7237 -0.1949 -0.6620
vn 0.7736 -0.2244 -0.5926
vn 0.9727 -0.1935 -0.1279
vn 0.9355 -0.1949 -0.2946
vn 0.9005 -0.2244 -0.3725
vn 0.8892 -0.1944 -0.4141
vn 0.8040 -0.1944 -0.5620
vn 0.8907 -0.4393 -0.1171
vn 0.8185 -0.5544 -0.1506
vn 0.7703 -0.5523 -0.3186
vn 0.7703 -0.5523 -0.3187
vn 0.6618 -0.5523 -0.5070
vn 0.6618 -0.5523 -0.5069
vn 0.5405 -0.5544 -0.6329
vn 0.4852 -0.6055 -0.6308
vn 0.6068 -0.7908 -0.0798
vn 0.5409 -0.8313 -0.1277
vn 0.5164 -0.8293 -0.2136
vn 0.5165 -0.8292 -0.2136
vn 0.4437 -0.8292 -0.3399
vn 0.3816 -0.8313 -0.4041
vn 0.2715 -0.8954 -0.3530
vn 0.1950 -0.9805 -0.0256
vn 0.1818 -0.9805 -0.0752
vn 0.1561 -0.9805 -0.1196
vn 0.1199 -0.9805 -0.1559
vn 1.0000 -0.0012 -0.0000
vn 0.9920 -0.1264 -0.0001
vn 0.9808 -0.1951 -0.0044
vn 0.9258 -0.3781 0.0023
vn 0.8968 -0.4424 -0.0001
vn 0.8204 -0.5718 0.0001
vn 0.6840 -0.7294 -0.0102
vn 0.1305 -0.9914 -0.0000
vn 0.1951 -0.9808 -0.0059
vn 0.3786 -0.9255 0.0027
vn 0.4423 -0.8969 -0.0001
vn 0.5373 -0.8434 -0.0000
vn 0.6088 -0.7933 -0.0024
vn 0.7933 -0.6087 0.0113
vn 0.0654 0.9914 -0.1129
vn 0.0999 0.9808 -0.1676
vn 0.1892 0.9252 -0.3290
vn 0.2217 0.8969 -0.3828
vn 0.2900 0.8155 -0.5008
vn 0.4810 0.5616 -0.6732
vn 0.4915 0.1951 -0.8487
vn 0.4814 0.2588 -0.8374
vn 0.4494 0.4423 -0.7761
vn 0.3859 0.6381 -0.6663
vn 0.3962 0.6088 -0.6873
vn 0.3058 0.7933 -0.5264
vn 0.1950 0.9805 -0.0256
vn 0.1818 0.9805 -0.0752
vn 0.1561 0.9805 -0.1196
vn 0.1199 0.9805 -0.1559
vn 0.2715 0.8954 -0.3530
vn 0.3816 0.8313 -0.4041
vn 0.3732 0.7908 -0.4852
vn 0.4415 0.8954 -0.0580
vn 0.5409 0.8313 -0.1277
vn 0.5164 0.8293 -0.2136
vn 0.5164 0.8292 -0.2136
vn 0.7703 0.5523 -0.3187
vn 0.7703 0.5523 -0.3186
vn 0.6068 0.7908 -0.0798
vn 0.7891 0.6055 -0.1037
vn 0.8185 0.5544 -0.1506
vn 0.8907 0.4393 -0.1171
vn 0.9727 0.1935 -0.1279
vn 0.4852 0.6055 -0.6308
vn 0.5405 0.5544 -0.6329
vn 0.5477 0.4393 -0.7121
vn 0.5981 0.1935 -0.7777
vn 0.4437 0.8292 -0.3399
vn 0.6618 0.5523 -0.5069
vn 0.6618 0.5523 -0.5070
vn 0.7736 0.2244 -0.5926
vn 0.7237 0.1949 -0.6620
vn 0.9355 0.1949 -0.2946
vn 0.9005 0.2244 -0.3725
vn 0.8892 0.1944 -0.4141
vn 0.8040 0.1944 -0.5620
vn 0.7933 0.6087 0.0113
vn 0.5437 0.8392 -0.0065
vn 0.1951 0.9808 -0.0000
vn 0.6088 0.7933 -0.0000
vn 0.4423 0.8969 -0.0000
vn 0.3800 0.9250 0.0028
vn 0.1397 0.9902 -0.0084
vn 0.6623 0.7491 -0.0140
vn 0.8011 0.5985 0.0001
vn 0.8968 0.4424 -0.0001
vn 0.9234 0.3838 0.0021
vn 0.9808 0.1951 -0.0042
vn 0.9911 0.1328 -0.0001
vn 1.0000 0.0011 -0.0000
vn -0.0000 -0.9040 -0.4275
vn -0.0000 -0.6268 -0.7792
vn -0.0000 -0.2239 -0.9746
vn -0.0000 0.2239 -0.9746
vn -0.0000 0.6268 -0.7792
vn -0.0000 0.9040 -0.4275
vn 0.0572 -0.0000 0.9984
vn 0.1200 -0.0079 0.9927
vn 0.4618 -0.0000 0.8870
vn 0.4089 -0.0001 0.9126
vn 0.3531 -0.0067 0.9355
vn 0.2679 0.0035 0.9634
vn 0.1508 -0.0036 0.9886
vn 0.1200 -0.0000 0.9928
vn 0.0663 0.0153 0.9977
vn 0.1515 0.0035 0.9885
vn 0.3531 -0.0085 0.9355
vn 0.2805 0.0150 0.9597
vn 0.4089 0.0001 0.9126
vn -0.0786 -0.0000 0.9969
vn -0.1308 0.0090 0.9914
vn -0.5005 -0.0000 0.8657
vn -0.4243 0.0002 0.9055
vn -0.3836 0.0074 0.9235
vn -0.2591 -0.0040 0.9658
vn -0.1690 0.0046 0.9856
vn -0.5003 -0.0000 0.8659
vn -0.1308 -0.0000 0.9914
vn -0.0868 -0.0140 0.9961
vn -0.1723 -0.0042 0.9850
vn -0.3836 0.0144 0.9234
vn -0.2812 -0.0251 0.9593
vn -0.4243 -0.0002 0.9055
vn 0.3532 -0.0000 0.9356
vn -0.3836 -0.0000 0.9235
vn -0.5011 -0.0015 0.8654
vn -0.4973 -0.1225 0.8589
vn -0.4612 -0.3417 0.8189
vn -0.0654 -0.9914 0.1130
vn -0.0934 -0.9808 0.1713
vn -0.1921 -0.9253 0.3269
vn -0.2216 -0.8969 0.3827
vn -0.3118 -0.7829 0.5384
vn -0.3061 -0.7933 0.5262
vn -0.4023 -0.5937 0.6969
vn -0.3976 -0.6087 0.6866
vn -0.4388 -0.4829 0.7578
vn -0.4491 -0.4423 0.7763
vn -0.4958 -0.1951 0.8463
vn -0.1175 -0.4393 0.8906
vn -0.0755 -0.9805 0.1817
vn -0.3053 -0.6054 0.7350
vn -0.2348 -0.7908 0.5653
vn -0.1725 -0.8311 0.5287
vn -0.1708 -0.8953 0.4113
vn -0.0754 -0.9805 0.1817
vn -0.0801 -0.7908 0.6068
vn -0.1156 -0.8311 0.5440
vn -0.0583 -0.8954 0.4415
vn -0.0257 -0.9805 0.1950
vn -0.1041 -0.6055 0.7890
vn -0.1434 -0.5541 0.8200
vn -0.2869 -0.5541 0.7815
vn -0.3446 -0.4393 0.8296
vn -0.1284 -0.1935 0.9727
vn -0.3764 -0.1935 0.9060
vn -0.3763 -0.1935 0.9061
vn -0.0000 -0.1951 0.9808
vn -0.0000 -0.4423 0.8968
vn -0.0000 -0.6088 0.7933
vn -0.0000 -0.7933 0.6088
vn -0.0000 -0.8969 0.4423
vn 0.3172 -0.4397 0.8402
vn 0.0236 -0.9805 0.1950
vn 0.0955 -0.6060 0.7897
vn 0.0734 -0.7912 0.6071
vn 0.1135 -0.8313 0.5441
vn 0.0534 -0.8956 0.4416
vn 0.2160 -0.7912 0.5721
vn 0.1512 -0.8313 0.5349
vn 0.1571 -0.8956 0.4162
vn 0.0694 -0.9805 0.1838
vn 0.2809 -0.6060 0.7442
vn 0.2580 -0.5545 0.7911
vn 0.1375 -0.5546 0.8207
vn 0.1078 -0.4398 0.8916
vn 0.3465 -0.1937 0.9178
vn 0.1177 -0.1937 0.9740
vn 0.4629 -0.0013 0.8864
vn 0.2048 -0.8969 0.3921
vn 0.0903 -0.9808 0.1729
vn 0.0603 -0.9897 0.1295
vn 0.1774 -0.9253 0.3350
vn 0.2818 -0.7933 0.5396
vn 0.3005 -0.7653 0.5693
vn 0.3657 -0.6087 0.7040
vn 0.3809 -0.5685 0.7292
vn 0.4151 -0.4423 0.7950
vn 0.4120 -0.4544 0.7898
vn 0.4551 -0.1951 0.8688
vn 0.4386 -0.2821 0.8533
vn 0.4612 -0.0848 0.8832
vn -0.5011 0.0015 0.8654
vn -0.2216 0.8969 0.3827
vn -0.0978 0.9808 0.1688
vn -0.0653 0.9898 0.1269
vn -0.1921 0.9253 0.3269
vn -0.3051 0.7933 0.5268
vn -0.3121 0.7838 0.5369
vn -0.3968 0.6087 0.6870
vn -0.4028 0.5949 0.6956
vn -0.4494 0.4423 0.7761
vn -0.4367 0.4860 0.7570
vn -0.4964 0.1951 0.8459
vn -0.4601 0.3464 0.8175
vn -0.4973 0.1225 0.8589
vn -0.0583 0.8954 0.4415
vn -0.3763 0.1935 0.9061
vn -0.2348 0.7908 0.5653
vn -0.3053 0.6054 0.7350
vn -0.2869 0.5541 0.7815
vn -0.3446 0.4393 0.8296
vn -0.3764 0.1935 0.9060
vn -0.1041 0.6055 0.7890
vn -0.1434 0.5541 0.8200
vn -0.1175 0.4393 0.8906
vn -0.1284 0.1935 0.9727
vn -0.0801 0.7908 0.6068
vn -0.1157 0.8311 0.5440
vn -0.1725 0.8311 0.5287
vn -0.1708 0.8953 0.4113
vn -0.0257 0.9805 0.1950
vn -0.0755 0.9805 0.1817
vn -0.0000 0.1951 0.9808
vn -0.0000 0.4423 0.8968
vn -0.0000 0.6088 0.7933
vn -0.0000 0.7933 0.6088
vn -0.0000 0.8969 0.4423
vn -0.0000 0.9808 0.1951
vn 0.1571 0.8956 0.4162
vn 0.1177 0.1937 0.9740
vn 0.0734 0.7912 0.6071
vn 0.0955 0.6060 0.7897
vn 0.1375 0.5546 0.8207
vn 0.1078 0.4398 0.8916
vn 0.2809 0.6060 0.7442
vn 0.2580 0.5545 0.7911
vn 0.3172 0.4397 0.8402
vn 0.3465 0.1937 0.9178
vn 0.2160 0.7912 0.5721
vn 0.1512 0.8313 0.5349
vn 0.1135 0.8313 0.5441
vn 0.0534 0.8956 0.4416
vn 0.0694 0.9805 0.1838
vn 0.0236 0.9805 0.1950
vn 0.4629 0.0013 0.8864
vn 0.4612 0.0848 0.8832
vn 0.4387 0.2813 0.8535
vn 0.0604 0.9914 0.1157
vn 0.0862 0.9808 0.1750
vn 0.1774 0.9253 0.3350
vn 0.2048 0.8969 0.3921
vn 0.2994 0.7626 0.5734
vn 0.2851 0.7933 0.5379
vn 0.3793 0.5655 0.7323
vn 0.3673 0.6087 0.7032
vn 0.4125 0.4538 0.7899
vn 0.4149 0.4423 0.7951
vn 0.4550 0.1951 0.8688
vn 0.2198 -0.6009 0.7685
vn 0.2171 -0.0692 0.9737
vn -0.0082 -0.8722 0.4891
vn 0.0914 -0.7759 0.6242
vn 0.0851 -0.6561 0.7498
vn -0.1293 -0.5085 0.8513
vn -0.1291 -0.5086 0.8513
vn -0.2942 -0.1861 0.9375
vn -0.1379 -0.9486 0.2849
vn -0.1489 -0.9195 0.3639
vn -0.4908 -0.6846 0.5390
vn -0.4908 -0.6846 0.5389
vn -0.7130 -0.2505 0.6549
vn -0.7128 -0.2506 0.6550
vn 0.2784 -0.1889 0.9417
vn 0.3080 -0.4393 0.8439
vn 0.2827 -0.1918 0.9398
vn 0.4540 -0.1951 0.8694
vn 0.4153 -0.4420 0.7951
vn 0.4152 -0.4423 0.7950
vn 0.3672 -0.6089 0.7031
vn 0.3672 -0.6088 0.7032
vn 0.2818 -0.7933 0.5397
vn 0.2819 -0.7933 0.5397
vn 0.2047 -0.8969 0.3920
vn 0.2046 -0.8970 0.3918
vn -0.7364 -0.0000 0.6766
vn -0.2994 -0.0000 0.9541
vn 0.2176 -0.0000 0.9760
vn 0.3413 -0.2571 0.9041
vn 0.3678 -0.1942 0.9094
vn 0.3172 -0.4397 0.8403
vn 0.2506 -0.7045 0.6639
vn 0.1160 -0.2570 0.9594
vn 0.1160 -0.2571 0.9594
vn 0.0852 -0.7045 0.7045
vn 0.0313 -0.9655 0.2586
vn 0.3205 -0.6078 0.7265
vn 0.2160 -0.7912 0.5722
vn 0.0920 -0.9655 0.2437
vn 0.2109 -0.8969 0.3887
vn -0.7129 0.2505 0.6550
vn -0.2942 0.1861 0.9375
vn 0.2827 0.1918 0.9398
vn 0.2784 0.1889 0.9417
vn -0.1292 0.5084 0.8514
vn -0.1292 0.5086 0.8512
vn 0.2171 0.0692 0.9737
vn 0.3080 0.4393 0.8439
vn 0.2198 0.6009 0.7685
vn 0.0851 0.6561 0.7498
vn 0.0914 0.7759 0.6242
vn -0.0080 0.8720 0.4894
vn -0.7129 0.2506 0.6549
vn -0.4908 0.6846 0.5389
vn -0.4908 0.6846 0.5390
vn -0.1489 0.9195 0.3639
vn -0.1379 0.9486 0.2849
vn -0.0000 -0.2587 0.9659
vn -0.0000 -0.7071 0.7071
vn -0.0000 -0.9660 0.2587
vn -0.0000 -0.9659 0.2587
vn 0.4540 0.1951 0.8694
vn 0.4152 0.4423 0.7950
vn 0.4152 0.4420 0.7951
vn 0.3672 0.6088 0.7032
vn 0.3673 0.6086 0.7033
vn 0.2819 0.7933 0.5397
vn 0.2818 0.7933 0.5397
vn 0.2046 0.8970 0.3918
vn 0.2047 0.8969 0.3920
vn 0.0903 0.9808 0.1729
vn -0.3708 -0.2567 0.8925
vn -0.3707 -0.2566 0.8926
vn -0.2724 -0.7041 0.6558
vn -0.1001 -0.9654 0.2409
vn -0.1265 -0.2566 0.9582
vn -0.1265 -0.2567 0.9582
vn -0.0929 -0.7041 0.7040
vn -0.0929 -0.7040 0.7040
vn -0.0341 -0.9654 0.2586
vn 0.3575 0.2565 0.8980
vn 0.3172 0.4398 0.8402
vn 0.2809 0.6061 0.7441
vn 0.2720 0.7030 0.6571
vn 0.2160 0.7912 0.5722
vn 0.1571 0.8956 0.4161
vn 0.1076 0.9649 0.2397
vn 0.1160 0.2571 0.9594
vn 0.1160 0.2570 0.9594
vn 0.0852 0.7045 0.7045
vn 0.0313 0.9655 0.2586
vn -0.4841 -0.2588 0.8359
vn -0.3543 -0.7071 0.6119
vn -0.3544 -0.7071 0.6119
vn -0.1297 -0.9659 0.2239
vn -0.0000 0.2587 0.9659
vn -0.0000 0.7071 0.7071
vn -0.0000 0.9660 0.2587
vn -0.0000 0.9659 0.2587
vn 0.0920 -0.5084 0.8562
vn -0.4231 -0.2582 0.8685
vn 0.0920 -0.5086 0.8561
vn -0.1870 -0.6948 0.6945
vn -0.1870 -0.6947 0.6946
vn 0.6836 -0.2505 0.6855
vn 0.6837 -0.2507 0.6854
vn 0.2530 -0.1862 0.9494
vn 0.5348 -0.5884 0.6065
vn 0.4259 -0.6721 0.6058
vn 0.3805 -0.7667 0.5171
vn 0.0913 -0.9351 0.3425
vn 0.0913 -0.9351 0.3423
vn -0.3192 -0.1889 0.9287
vn 0.2531 -0.1863 0.9493
vn -0.2595 -0.0693 0.9633
vn -0.1265 0.2567 0.9582
vn -0.1265 0.2566 0.9582
vn -0.0929 0.7040 0.7040
vn -0.0929 0.7041 0.7040
vn -0.0341 0.9654 0.2586
vn -0.3708 0.2566 0.8926
vn -0.3707 0.2567 0.8925
vn -0.2724 0.7041 0.6558
vn -0.1000 0.9654 0.2409
vn -0.1001 0.9654 0.2409
vn -0.2601 -0.0000 0.9656
vn 0.2576 -0.0000 0.9663
vn 0.7062 -0.0000 0.7080
vn -0.1297 0.9659 0.2239
vn -0.3543 0.7071 0.6119
vn -0.3544 0.7071 0.6119
vn -0.4841 0.2588 0.8359
vn 0.0921 0.5085 0.8561
vn -0.2595 0.0690 0.9633
vn 0.0919 0.5086 0.8561
vn 0.2530 0.1863 0.9494
vn 0.2531 0.1862 0.9494
vn 0.0912 0.9351 0.3424
vn 0.0914 0.9351 0.3424
vn -0.1870 0.6947 0.6945
vn 0.3805 0.7667 0.5171
vn 0.4259 0.6721 0.6058
vn 0.5348 0.5884 0.6065
vn 0.6836 0.2507 0.6855
vn 0.6837 0.2505 0.6854
vn -0.3192 0.1889 0.9287
vn -0.1871 0.6947 0.6945
vn -0.4231 0.2582 0.8685
vn 0.1113 -0.7027 0.7028
vn 0.3230 -0.7027 0.6340
vn 0.3230 -0.7027 0.6339
vn 0.5031 -0.7027 0.5031
vn 0.6339 -0.7027 0.3230
vn 0.6340 -0.7027 0.3230
vn 0.7028 -0.7027 0.1113
vn 0.7027 -0.7027 -0.1113
vn 0.7028 -0.7027 -0.1113
vn 0.6340 -0.7027 -0.3230
vn 0.6339 -0.7027 -0.3230
vn 0.5031 -0.7027 -0.5031
vn 0.3230 -0.7027 -0.6339
vn 0.3230 -0.7027 -0.6340
vn 0.1113 -0.7027 -0.7028
vn 0.1113 -0.7027 -0.7027
vn -0.1113 -0.7027 -0.7027
vn -0.1113 -0.7027 -0.7028
vn -0.3230 -0.7027 -0.6340
vn -0.3230 -0.7027 -0.6339
vn -0.5031 -0.7027 -0.5031
vn -0.6339 -0.7027 -0.3230
vn -0.6340 -0.7027 -0.3230
vn -0.7028 -0.7027 -0.1113
vn -0.7027 -0.7027 -0.1113
vn -0.7027 -0.7027 0.1113
vn -0.7028 -0.7027 0.1113
vn -0.6340 -0.7027 0.3230
vn -0.6339 -0.7027 0.3230
vn -0.5031 -0.7027 0.5031
vn -0.3230 -0.7027 0.6339
vn -0.3230 -0.7027 0.6340
vn -0.1113 -0.7027 0.7028
vn -0.1113 -0.7027 0.7027
vn 0.1113 -0.7027 0.7027
vn 0.1113 0.7027 -0.7028
vn 0.3230 0.7027 -0.6340
vn 0.3230 0.7027 -0.6339
vn 0.5031 0.7027 -0.5031
vn 0.6339 0.7027 -0.3230
vn 0.6340 0.7027 -0.3230
vn 0.7028 0.7027 -0.1113
vn 0.7027 0.7027 -0.1113
vn 0.7027 0.7027 0.1113
vn 0.7028 0.7027 0.1113
vn 0.6340 0.7027 0.3230
vn 0.6339 0.7027 0.3230
vn 0.5031 0.7027 0.5031
vn 0.3230 0.7027 0.6339
vn 0.3230 0.7027 0.6340
vn 0.1113 0.7027 0.7028
vn 0.1113 0.7027 0.7027
vn -0.1113 0.7027 0.7027
vn -0.1113 0.7027 0.7028
vn -0.3230 0.7027 0.6340
vn -0.3230 0.7027 0.6339
vn -0.5031 0.7027 0.5031
vn -0.6339 0.7027 0.3230
vn -0.6340 0.7027 0.3230
vn -0.7028 0.7027 0.1113
vn -0.7027 0.7027 -0.1113
vn -0.7028 0.7027 -0.1113
vn -0.6340 0.7027 -0.3230
vn -0.6339 0.7027 -0.3230
vn -0.5031 0.7027 -0.5031
vn -0.3230 0.7027 -0.6339
vn -0.3230 0.7027 -0.6340
vn -0.1113 0.7027 -0.7028
vn -0.1113 0.7027 -0.7027
vn 0.1113 0.7027 -0.7027
vn 0.7061 0.7061 0.0529
vn 0.7061 0.7061 -0.0529
vn 0.7031 0.6795 -0.2096
vn 0.7032 0.6794 -0.2096
vn 0.7032 0.5875 -0.4005
vn 0.7031 0.5875 -0.4005
vn 0.7031 0.4433 -0.5559
vn 0.7031 0.2598 -0.6619
vn 0.7031 0.0531 -0.7091
vn 0.7031 -0.1582 -0.6932
vn 0.7031 -0.3555 -0.6158
vn 0.7031 -0.5212 -0.4837
vn 0.7031 -0.5213 -0.4837
vn 0.7031 -0.6407 -0.3085
vn 0.7032 -0.6406 -0.3085
vn 0.7032 -0.7031 -0.1060
vn 0.7031 -0.7031 -0.1060
vn 0.7031 -0.7031 0.1060
vn 0.7032 -0.7031 0.1060
vn 0.7031 -0.6406 0.3085
vn 0.7031 -0.6407 0.3085
vn 0.7031 -0.5212 0.4836
vn 0.7031 -0.3555 0.6158
vn 0.7031 -0.1582 0.6932
vn 0.7032 -0.1582 0.6932
vn 0.7032 0.0531 0.7090
vn 0.7031 0.0531 0.7091
vn 0.7031 0.2598 0.6619
vn 0.7031 0.4433 0.5559
vn 0.7032 0.4433 0.5559
vn 0.7032 0.5875 0.4005
vn 0.7032 0.6794 0.2096
vn 0.7031 0.6795 0.2096
vn -0.7031 0.7032 -0.1060
vn -0.8732 0.4860 -0.0364
vn -0.7061 0.6904 -0.1576
vn -0.7031 0.6407 -0.3085
vn -0.8732 0.4537 -0.1781
vn -0.7060 0.6133 -0.3541
vn -0.7030 0.5213 -0.4837
vn -0.8732 0.3811 -0.3039
vn -0.7061 0.4817 -0.5191
vn -0.7031 0.3556 -0.6159
vn -0.8732 0.2746 -0.4027
vn -0.7060 0.3073 -0.6380
vn -0.7030 0.1582 -0.6933
vn -0.8732 0.1437 -0.4658
vn -0.7060 0.1055 -0.7003
vn -0.7061 -0.0000 -0.7082
vn -0.8134 -0.0435 -0.5801
vn -0.7060 -0.1055 -0.7003
vn -0.7031 -0.2598 -0.6620
vn -0.8732 -0.1437 -0.4658
vn -0.7061 -0.3073 -0.6380
vn -0.7060 -0.3989 -0.5851
vn -0.8134 -0.3627 -0.4548
vn -0.7061 -0.4817 -0.5191
vn -0.7061 -0.5537 -0.4415
vn -0.8134 -0.4807 -0.3277
vn -0.7061 -0.6132 -0.3541
vn -0.7031 -0.6795 -0.2096
vn -0.8732 -0.4537 -0.1781
vn -0.7061 -0.6904 -0.1576
vn -0.7061 -0.7062 -0.0529
vn -0.7060 -0.7062 -0.0529
vn -0.7060 -0.7062 0.0529
vn -0.7061 -0.7062 0.0529
vn -0.7031 -0.6795 0.2096
vn -0.8732 -0.4752 0.1085
vn -0.7061 -0.6592 0.2587
vn -0.7061 -0.6133 0.3541
vn -0.8134 -0.4807 0.3277
vn -0.7061 -0.5536 0.4415
vn -0.7031 -0.4434 0.5559
vn -0.8732 -0.3315 0.3573
vn -0.7060 -0.3989 0.5851
vn -0.7031 -0.2598 0.6620
vn -0.8731 -0.2115 0.4392
vn -0.7061 -0.2088 0.6767
vn -0.7031 -0.0531 0.7091
vn -0.8732 -0.0726 0.4819
vn -0.7061 -0.0000 0.7081
vn -0.7031 0.1582 0.6932
vn -0.8732 0.0726 0.4819
vn -0.7060 0.2088 0.6767
vn -0.7061 0.3072 0.6380
vn -0.8134 0.2909 0.5038
vn -0.7060 0.3989 0.5851
vn -0.7030 0.5213 0.4837
vn -0.8732 0.3315 0.3573
vn -0.7061 0.5537 0.4415
vn -0.7031 0.6407 0.3086
vn -0.8732 0.4221 0.2437
vn -0.7061 0.6592 0.2587
vn -0.7031 0.7032 0.1060
vn -0.8732 0.4752 0.1085
vn -0.7060 0.7062 0.0529
vn -0.4630 0.0011 -0.8864
vn -0.4586 0.1376 -0.8779
vn -0.4564 0.1951 -0.8681
vn -0.4233 0.3982 -0.8138
vn -0.4150 0.4423 -0.7951
vn -0.3639 0.6192 -0.6958
vn -0.3671 0.6087 -0.7034
vn -0.2805 0.7959 -0.5366
vn -0.0903 0.9808 -0.1729
vn -0.2818 0.7933 -0.5396
vn -0.2048 0.8969 -0.3921
vn -0.1738 0.9254 -0.3369
vn -0.0711 0.9897 -0.1241
vn -0.4415 0.8952 -0.0605
vn -0.3545 0.7906 -0.4993
vn -0.7887 0.6052 -0.1081
vn -0.5202 0.4390 -0.7326
vn -0.5680 0.1934 -0.8000
vn -0.7029 0.1949 -0.6840
vn -0.7567 0.2269 -0.6131
vn -0.9720 0.1933 -0.1332
vn -0.9317 0.1949 -0.3064
vn -0.8938 0.2269 -0.3869
vn -0.8816 0.1943 -0.4302
vn -0.7894 0.1943 -0.5823
vn -0.8901 0.4390 -0.1220
vn -0.8182 0.5541 -0.1534
vn -0.7652 0.5520 -0.3313
vn -0.6479 0.5520 -0.5249
vn -0.5147 0.5541 -0.6542
vn -0.4609 0.6052 -0.6491
vn -0.6067 0.7906 -0.0831
vn -0.5408 0.8313 -0.1285
vn -0.5131 0.8291 -0.2221
vn -0.5132 0.8291 -0.2221
vn -0.4345 0.8291 -0.3520
vn -0.4344 0.8291 -0.3520
vn -0.3643 0.8313 -0.4199
vn -0.2580 0.8952 -0.3633
vn -0.1950 0.9804 -0.0267
vn -0.1806 0.9804 -0.0782
vn -0.1529 0.9804 -0.1239
vn -0.1140 0.9804 -0.1605
vn -0.9808 0.1951 -0.0000
vn -0.8968 0.4423 -0.0000
vn -0.7933 0.6088 -0.0000
vn -0.6088 0.7933 -0.0000
vn -0.4423 0.8969 -0.0000
vn -0.1951 0.9808 -0.0000
vn 0.0294 0.2587 0.9655
vn -0.0000 0.6087 0.7934
vn 0.0393 0.7065 0.7066
vn 0.0294 0.9655 0.2587
vn -0.0388 0.9800 0.1949
vn -0.0876 0.8934 0.4406
vn -0.1929 0.8313 0.5213
vn -0.1202 0.7876 0.6044
vn -0.1653 0.9801 0.1104
vn -0.4682 0.8264 0.3128
vn -0.6954 0.5482 0.4646
vn -0.6954 0.5481 0.4647
vn -0.6044 0.7876 0.1202
vn -0.7836 0.6013 0.1559
vn -0.8065 0.5520 0.2116
vn -0.8829 0.4355 0.1756
vn -0.9626 0.1915 0.1915
vn -0.1559 0.6013 0.7837
vn -0.2116 0.5520 0.8065
vn -0.1756 0.4355 0.8829
vn -0.1915 0.1915 0.9626
vn -0.1104 0.9800 0.1652
vn -0.3128 0.8264 0.4681
vn -0.3128 0.8264 0.4682
vn -0.4646 0.5481 0.6955
vn -0.4647 0.5481 0.6954
vn -0.5403 0.2331 0.8086
vn -0.4338 0.1947 0.8797
vn -0.4263 0.8645 0.2663
vn -0.5522 0.8264 0.1098
vn -0.1949 0.9801 0.0388
vn -0.8797 0.1947 0.4338
vn -0.8086 0.2331 0.5403
vn -0.7783 0.1935 0.5973
vn -0.5972 0.1935 0.7784
vn -0.9808 -0.0000 0.1951
vn -0.8969 -0.0000 0.4423
vn -0.7933 -0.0000 0.6088
vn -0.6087 -0.0000 0.7934
vn -0.4423 -0.0000 0.8969
vn 0.0294 -0.2587 0.9655
vn -0.0000 -0.6087 0.7934
vn 0.0393 -0.7065 0.7066
vn 0.0294 -0.9655 0.2587
vn -0.1653 -0.9801 0.1104
vn -0.4406 -0.8934 0.0876
vn -0.1949 -0.9801 0.0388
vn -0.1104 -0.9801 0.1652
vn -0.7836 -0.6013 0.1559
vn -0.1756 -0.4355 0.8829
vn -0.1915 -0.1915 0.9626
vn -0.4338 -0.1947 0.8797
vn -0.5403 -0.2331 0.8086
vn -0.9626 -0.1915 0.1915
vn -0.8797 -0.1947 0.4338
vn -0.8086 -0.2331 0.5403
vn -0.7783 -0.1935 0.5973
vn -0.5972 -0.1935 0.7784
vn -0.8829 -0.4355 0.1756
vn -0.8065 -0.5520 0.2116
vn -0.6954 -0.5482 0.4647
vn -0.6955 -0.5481 0.4647
vn -0.4647 -0.5481 0.6954
vn -0.4646 -0.5481 0.6955
vn -0.2116 -0.5520 0.8065
vn -0.2663 -0.8645 0.4263
vn -0.1202 -0.7876 0.6044
vn -0.1559 -0.6013 0.7837
vn -0.6044 -0.7876 0.1202
vn -0.5213 -0.8313 0.1929
vn -0.4682 -0.8264 0.3128
vn -0.4681 -0.8264 0.3128
vn -0.3128 -0.8264 0.4682
vn -0.3128 -0.8264 0.4681
vn -0.1098 -0.8264 0.5522
vn -0.0388 -0.9801 0.1949
vn -0.9808 -0.1951 -0.0000
vn -0.8968 -0.4423 -0.0000
vn -0.7933 -0.6088 -0.0000
vn -0.4423 -0.8969 -0.0000
vn -0.1951 -0.9808 -0.0000
vn -0.1950 -0.9804 -0.0267
vn -0.1806 -0.9804 -0.0782
vn -0.1529 -0.9804 -0.1239
vn -0.1140 -0.9804 -0.1605
vn -0.2580 -0.8952 -0.3633
vn -0.3643 -0.8313 -0.4199
vn -0.3545 -0.7906 -0.4993
vn -0.4415 -0.8952 -0.0605
vn -0.5408 -0.8313 -0.1285
vn -0.5131 -0.8291 -0.2221
vn -0.5131 -0.8291 -0.2222
vn -0.7652 -0.5520 -0.3313
vn -0.6067 -0.7906 -0.0831
vn -0.7887 -0.6052 -0.1081
vn -0.8182 -0.5541 -0.1534
vn -0.8901 -0.4390 -0.1220
vn -0.9720 -0.1933 -0.1332
vn -0.4609 -0.6051 -0.6491
vn -0.5147 -0.5541 -0.6542
vn -0.5202 -0.4390 -0.7326
vn -0.5680 -0.1934 -0.8000
vn -0.4344 -0.8290 -0.3520
vn -0.4344 -0.8291 -0.3520
vn -0.6479 -0.5520 -0.5249
vn -0.7567 -0.2269 -0.6131
vn -0.7029 -0.1949 -0.6840
vn -0.9317 -0.1949 -0.3064
vn -0.8938 -0.2269 -0.3869
vn -0.8816 -0.1943 -0.4302
vn -0.7894 -0.1943 -0.5823
vn -0.4589 -0.1325 -0.8786
vn -0.4629 -0.0014 -0.8864
vn -0.0604 -0.9914 -0.1157
vn -0.0938 -0.9808 -0.1711
vn -0.1738 -0.9254 -0.3369
vn -0.2048 -0.8969 -0.3921
vn -0.2801 -0.7961 -0.5364
vn -0.2820 -0.7933 -0.5395
vn -0.3631 -0.6199 -0.6957
vn -0.3676 -0.6087 -0.7031
vn -0.4255 -0.3921 -0.8156
vn -0.4127 -0.4423 -0.7963
vn -0.4565 -0.1951 -0.8680
vn -0.9859 -0.0000 -0.1672
vn -0.8757 -0.0000 -0.4828
vn -0.7145 -0.0000 -0.6996
vn -0.6366 0.0151 -0.7711
vn -0.5547 0.0001 -0.8320
vn -0.4635 -0.0000 -0.8861
vn -0.6366 -0.0000 -0.7712
vn -0.6979 -0.0265 -0.7157
vn -0.5514 -0.0001 -0.8342
vn -0.0000 -0.2588 -0.9659
vn -0.0000 -0.7071 -0.7071
vn -0.0000 -0.9659 -0.2588
vn -0.0000 0.9659 -0.2588
vn -0.0000 0.7071 -0.7071
vn -0.0000 0.2588 -0.9659
s 0
f 1//1 2//1 3//1
f 3//1 2//1 4//1
f 3//1 4//1 5//1
f 6//1 7//1 3//1
f 3//1 7//1 8//1
f 3//1 8//1 1//1
f 9//2 10//2 11//2
f 12//2 13//2 14//2
f 15//2 16//2 17//2
f 12//2 14//2 18//2
f 18//2 14//2 19//2
f 18//2 19//2 20//2
f 9//2 11//2 21//2
f 15//2 17//2 22//2
f 22//2 17//2 23//2
f 22//2 23//2 24//2
f 25//2 26//2 27//2
f 28//2 29//2 30//2
f 31//2 32//2 33//2
f 33//2 32//2 34//2
f 33//2 34//2 35//2
f 35//2 34//2 36//2
f 35//2 36//2 37//2
f 11//2 38//2 21//2
f 21//2 38//2 37//2
f 21//2 37//2 39//2
f 40//2 41//2 42//2
f 42//2 41//2 28//2
f 42//2 28//2 37//2
f 37//2 28//2 30//2
f 37//2 30//2 35//2
f 23//2 43//2 24//2
f 24//2 43//2 44//2
f 24//2 44//2 45//2
f 45//2 25//2 24//2
f 24//2 25//2 27//2
f 24//2 27//2 46//2
f 46//2 27//2 20//2
f 46//2 20//2 47//2
f 47//2 20//2 19//2
f 47//2 19//2 48//2
f 48//2 19//2 49//2
f 48//2 49//2 50//2
f 50//2 49//2 39//2
f 50//2 39//2 51//2
f 51//2 39//2 37//2
f 51//2 37//2 52//2
f 52//2 37//2 36//2
f 53//3 54//3 55//3
f 55//3 54//3 56//3
f 57//3 55//3 58//3
f 58//3 55//3 56//3
f 58//3 56//3 59//3
f 59//3 56//3 60//3
f 61//4 62//4 63//4
f 64//4 65//4 66//4
f 61//4 63//4 67//4
f 66//4 68//4 64//4
f 64//4 68//4 69//4
f 64//4 69//4 63//4
f 63//4 69//4 70//4
f 63//4 70//4 67//4
f 71//5 72//5 73//5
f 74//5 75//5 76//5
f 77//6 78//6 79//6
f 79//7 78//7 80//7
f 79//5 80//5 81//5
f 76//5 82//5 74//5
f 74//5 82//5 83//5
f 74//5 83//5 80//5
f 80//5 83//5 84//5
f 80//5 84//5 81//5
f 71//5 73//5 79//5
f 79//5 73//5 85//5
f 79//7 85//7 77//7
f 86//8 27//8 87//8
f 87//9 27//9 88//9
f 89//10 20//10 90//10
f 90//10 20//10 27//10
f 90//10 27//10 91//10
f 91//10 27//10 86//10
f 92//10 93//10 94//10
f 94//10 93//10 95//10
f 94//10 95//10 96//10
f 96//10 97//10 94//10
f 94//8 97//8 98//8
f 94//11 98//11 88//11
f 20//12 89//12 18//12
f 18//12 89//12 99//12
f 18//13 99//13 12//13
f 12//13 99//13 100//13
f 93//12 92//12 101//12
f 101//12 92//12 102//12
f 101//13 102//13 103//13
f 103//14 102//14 104//14
f 103//15 104//15 105//15
f 37//16 106//16 42//16
f 42//16 106//16 107//16
f 42//16 107//16 108//16
f 108//16 109//16 42//16
f 42//17 109//17 110//17
f 42//18 110//18 111//18
f 112//17 113//17 114//17
f 114//19 113//19 111//19
f 115//16 116//16 117//16
f 117//16 116//16 113//16
f 117//16 113//16 118//16
f 118//16 113//16 112//16
f 106//20 37//20 119//20
f 119//20 37//20 38//20
f 119//21 38//21 120//21
f 120//21 38//21 11//21
f 116//20 115//20 121//20
f 121//20 115//20 122//20
f 121//22 122//22 123//22
f 123//23 122//23 124//23
f 123//24 124//24 125//24
f 126//25 127//25 128//25
f 129//26 130//26 131//26
f 131//27 130//27 132//27
f 131//28 132//28 133//28
f 129//29 131//29 134//29
f 134//30 131//30 135//30
f 134//31 135//31 136//31
f 128//32 127//32 135//32
f 135//33 127//33 137//33
f 135//34 137//34 136//34
f 126//35 128//35 138//35
f 138//36 128//36 139//36
f 138//37 139//37 140//37
f 140//38 139//38 141//38
f 140//39 141//39 142//39
f 142//40 141//40 143//40
f 143//41 141//41 144//41
f 143//42 144//42 145//42
f 145//43 144//43 146//43
f 146//44 144//44 147//44
f 146//45 147//45 148//45
f 148//46 147//46 149//46
f 149//47 147//47 150//47
f 149//48 150//48 151//48
f 152//49 153//49 150//49
f 150//50 153//50 154//50
f 150//51 154//51 151//51
f 155//52 156//52 157//52
f 157//53 156//53 158//53
f 157//54 158//54 152//54
f 152//55 158//55 159//55
f 152//56 159//56 153//56
f 132//57 160//57 133//57
f 133//58 160//58 161//58
f 133//59 161//59 155//59
f 155//60 161//60 162//60
f 155//61 162//61 156//61
f 163//62 164//62 165//62
f 165//62 164//62 166//62
f 165//63 166//63 167//63
f 167//63 166//63 168//63
f 167//64 168//64 169//64
f 169//64 168//64 170//64
f 169//65 170//65 171//65
f 171//65 170//65 172//65
f 171//66 172//66 173//66
f 173//66 172//66 174//66
f 173//67 174//67 175//67
f 175//67 174//67 176//67
f 175//68 176//68 177//68
f 177//68 176//68 178//68
f 177//69 178//69 179//69
f 179//69 178//69 180//69
f 179//70 180//70 181//70
f 181//70 180//70 182//70
f 181//71 182//71 183//71
f 183//71 182//71 184//71
f 183//72 184//72 185//72
f 185//72 184//72 186//72
f 185//73 186//73 187//73
f 187//73 186//73 188//73
f 187//74 188//74 189//74
f 189//74 188//74 190//74
f 189//75 190//75 191//75
f 191//75 190//75 192//75
f 191//76 192//76 193//76
f 193//76 192//76 194//76
f 193//77 194//77 195//77
f 195//77 194//77 196//77
f 195//78 196//78 197//78
f 197//78 196//78 198//78
f 197//79 198//79 199//79
f 199//79 198//79 200//79
f 199//80 200//80 201//80
f 201//80 200//80 202//80
f 201//81 202//81 203//81
f 203//81 202//81 204//81
f 203//82 204//82 205//82
f 205//82 204//82 206//82
f 205//83 206//83 207//83
f 207//83 206//83 208//83
f 207//84 208//84 209//84
f 209//84 208//84 210//84
f 209//85 210//85 211//85
f 211//85 210//85 212//85
f 211//86 212//86 213//86
f 213//86 212//86 214//86
f 213//87 214//87 215//87
f 215//87 214//87 216//87
f 215//88 216//88 217//88
f 217//88 216//88 218//88
f 217//89 218//89 219//89
f 219//89 218//89 220//89
f 219//90 220//90 221//90
f 221//90 220//90 222//90
f 221//91 222//91 163//91
f 163//91 222//91 164//91
f 10//92 223//92 224//92
f 223//92 10//92 225//92
f 226//92 227//92 228//92
f 120//92 124//92 229//92
f 229//92 124//92 230//92
f 10//92 231//92 225//92
f 225//92 231//92 232//92
f 225//92 232//92 233//92
f 233//92 232//92 234//92
f 233//92 234//92 235//92
f 236//92 237//92 238//92
f 239//92 240//92 241//92
f 241//92 240//92 242//92
f 241//92 242//92 243//92
f 243//92 242//92 244//92
f 243//92 244//92 3//92
f 3//92 244//92 235//92
f 3//92 235//92 6//92
f 6//92 235//92 234//92
f 245//92 241//92 246//92
f 246//92 241//92 247//92
f 230//92 248//92 229//92
f 229//92 248//92 236//92
f 229//92 236//92 249//92
f 249//92 236//92 238//92
f 250//92 251//92 252//92
f 252//92 251//92 253//92
f 252//92 253//92 254//92
f 254//92 253//92 255//92
f 254//92 255//92 256//92
f 256//92 255//92 257//92
f 255//92 258//92 257//92
f 257//92 258//92 259//92
f 257//92 259//92 260//92
f 260//92 259//92 261//92
f 260//92 261//92 245//92
f 245//92 261//92 228//92
f 245//92 228//92 241//92
f 241//92 228//92 227//92
f 241//92 227//92 239//92
f 11//92 10//92 120//92
f 120//92 10//92 224//92
f 120//92 224//92 124//92
f 124//92 224//92 262//92
f 124//92 262//92 263//92
f 250//92 264//92 124//92
f 124//92 264//92 265//92
f 124//92 265//92 125//92
f 266//92 267//92 124//92
f 124//92 267//92 268//92
f 124//92 268//92 250//92
f 250//92 268//92 269//92
f 250//92 269//92 251//92
f 270//92 266//92 271//92
f 271//92 266//92 124//92
f 271//92 124//92 272//92
f 272//92 124//92 263//92
f 270//92 273//92 266//92
f 266//92 273//92 274//92
f 266//92 274//92 275//92
f 275//92 274//92 276//92
f 275//92 276//92 228//92
f 228//92 276//92 277//92
f 228//92 277//92 226//92
f 278//93 279//93 80//93
f 80//93 279//93 280//93
f 100//93 281//93 282//93
f 103//93 105//93 283//93
f 284//93 285//93 286//93
f 278//93 80//93 287//93
f 287//93 80//93 288//93
f 287//93 288//93 289//93
f 290//93 291//93 292//93
f 293//93 294//93 295//93
f 296//93 13//93 297//93
f 297//93 13//93 12//93
f 297//93 12//93 298//93
f 298//93 12//93 100//93
f 298//93 100//93 299//93
f 299//93 100//93 282//93
f 300//93 290//93 301//93
f 301//93 290//93 292//93
f 301//93 292//93 302//93
f 302//93 292//93 303//93
f 300//93 301//93 100//93
f 100//93 301//93 103//93
f 100//93 103//93 281//93
f 281//93 103//93 283//93
f 281//93 283//93 304//93
f 304//93 283//93 74//93
f 304//93 74//93 305//93
f 305//93 74//93 80//93
f 305//93 80//93 284//93
f 284//93 80//93 280//93
f 284//93 280//93 285//93
f 295//93 294//93 286//93
f 286//93 294//93 306//93
f 286//93 306//93 284//93
f 307//93 308//93 309//93
f 309//93 308//93 310//93
f 309//93 310//93 311//93
f 312//93 313//93 314//93
f 314//93 313//93 315//93
f 314//93 315//93 316//93
f 316//93 315//93 289//93
f 316//93 289//93 317//93
f 317//93 289//93 288//93
f 318//93 13//93 319//93
f 319//93 13//93 296//93
f 319//93 296//93 320//93
f 320//93 296//93 321//93
f 320//93 321//93 322//93
f 322//93 321//93 323//93
f 322//93 323//93 324//93
f 324//93 323//93 325//93
f 324//93 325//93 326//93
f 326//93 325//93 327//93
f 326//93 327//93 309//93
f 327//93 328//93 309//93
f 309//93 328//93 329//93
f 309//93 329//93 330//93
f 314//93 307//93 312//93
f 312//93 307//93 309//93
f 312//93 309//93 331//93
f 331//93 309//93 330//93
f 331//93 330//93 295//93
f 295//93 330//93 332//93
f 295//93 332//93 293//93
f 333//94 334//94 335//94
f 336//94 337//94 338//94
f 339//94 340//94 341//94
f 341//94 340//94 342//94
f 92//94 341//94 102//94
f 102//94 341//94 342//94
f 102//94 342//94 104//94
f 333//94 335//94 343//94
f 343//94 335//94 344//94
f 343//94 344//94 345//94
f 346//94 347//94 94//94
f 94//94 347//94 348//94
f 94//94 348//94 349//94
f 350//94 121//94 351//94
f 351//94 121//94 352//94
f 352//94 349//94 334//94
f 334//94 349//94 353//94
f 334//94 353//94 335//94
f 121//94 123//94 352//94
f 352//94 123//94 341//94
f 352//94 341//94 349//94
f 349//94 341//94 92//94
f 349//94 92//94 94//94
f 350//94 354//94 121//94
f 121//94 354//94 355//94
f 121//94 355//94 116//94
f 116//94 355//94 356//94
f 116//94 356//94 357//94
f 336//94 338//94 358//94
f 358//94 338//94 359//94
f 358//94 359//94 357//94
f 357//94 359//94 360//94
f 357//94 360//94 116//94
f 361//94 362//94 363//94
f 360//94 364//94 116//94
f 116//94 364//94 361//94
f 116//94 361//94 113//94
f 113//94 361//94 363//94
f 365//2 366//2 367//2
f 367//2 366//2 368//2
f 159//95 158//95 369//95
f 162//96 161//96 370//96
f 369//97 158//97 370//97
f 370//98 158//98 156//98
f 370//99 156//99 162//99
f 161//100 160//100 370//100
f 370//101 160//101 132//101
f 370//102 132//102 371//102
f 371//103 132//103 130//103
f 371//104 130//104 372//104
f 145//105 146//105 373//105
f 148//106 149//106 374//106
f 374//107 149//107 151//107
f 151//108 154//108 374//108
f 374//109 154//109 153//109
f 374//110 153//110 375//110
f 375//111 153//111 159//111
f 375//112 159//112 376//112
f 376//95 159//95 369//95
f 377//113 129//113 378//113
f 378//114 129//114 134//114
f 378//102 134//102 379//102
f 379//115 134//115 136//115
f 379//116 136//116 137//116
f 137//117 127//117 379//117
f 379//118 127//118 126//118
f 379//119 126//119 380//119
f 380//120 126//120 138//120
f 380//95 138//95 381//95
f 381//95 138//95 140//95
f 381//112 140//112 382//112
f 382//121 140//121 142//121
f 382//122 142//122 373//122
f 373//123 142//123 143//123
f 373//124 143//124 145//124
f 130//125 129//125 372//125
f 372//126 129//126 377//126
f 372//127 377//127 383//127
f 383//127 377//127 384//127
f 383//128 384//128 385//128
f 385//128 384//128 386//128
f 385//129 386//129 387//129
f 387//129 386//129 388//129
f 387//130 388//130 389//130
f 389//130 388//130 390//130
f 389//131 390//131 391//131
f 391//131 390//131 392//131
f 391//132 392//132 393//132
f 393//132 392//132 394//132
f 393//133 394//133 395//133
f 395//133 394//133 396//133
f 395//134 396//134 397//134
f 397//134 396//134 398//134
f 397//135 398//135 399//135
f 399//135 398//135 400//135
f 399//136 400//136 401//136
f 401//136 400//136 402//136
f 401//137 402//137 403//137
f 403//137 402//137 404//137
f 403//138 404//138 405//138
f 405//138 404//138 406//138
f 405//139 406//139 407//139
f 407//139 406//139 408//139
f 407//140 408//140 409//140
f 409//140 408//140 410//140
f 409//141 410//141 411//141
f 411//141 410//141 412//141
f 411//142 412//142 413//142
f 413//142 412//142 414//142
f 413//143 414//143 415//143
f 415//143 414//143 416//143
f 415//144 416//144 417//144
f 417//144 416//144 418//144
f 417//145 418//145 419//145
f 419//145 418//145 420//145
f 419//146 420//146 421//146
f 421//146 420//146 422//146
f 421//147 422//147 423//147
f 423//147 422//147 424//147
f 423//148 424//148 425//148
f 425//148 424//148 426//148
f 425//149 426//149 427//149
f 427//149 426//149 428//149
f 427//150 428//150 374//150
f 374//150 428//150 373//150
f 374//151 373//151 148//151
f 148//152 373//152 146//152
f 429//94 430//94 431//94
f 432//94 433//94 434//94
f 434//94 433//94 435//94
f 434//94 435//94 436//94
f 436//94 435//94 437//94
f 436//94 437//94 431//94
f 431//94 437//94 438//94
f 431//94 438//94 429//94
f 439//94 440//94 441//94
f 441//94 440//94 442//94
f 441//94 442//94 443//94
f 443//94 442//94 444//94
f 443//94 444//94 445//94
f 429//94 446//94 430//94
f 430//94 446//94 447//94
f 430//94 447//94 448//94
f 448//94 447//94 449//94
f 448//94 449//94 450//94
f 450//94 449//94 451//94
f 450//94 451//94 439//94
f 439//94 451//94 452//94
f 439//94 452//94 440//94
f 453//94 454//94 455//94
f 455//94 454//94 456//94
f 455//94 456//94 457//94
f 457//94 456//94 458//94
f 457//94 458//94 432//94
f 432//94 458//94 459//94
f 432//94 459//94 433//94
f 444//94 460//94 445//94
f 445//94 460//94 461//94
f 445//94 461//94 462//94
f 462//94 461//94 463//94
f 462//94 463//94 464//94
f 464//94 463//94 465//94
f 464//94 465//94 453//94
f 453//94 465//94 466//94
f 453//94 466//94 454//94
f 467//153 468//153 469//153
f 467//154 469//154 470//154
f 471//155 472//155 473//155
f 469//156 474//156 470//156
f 470//157 474//157 475//157
f 470//158 475//158 476//158
f 477//159 478//159 479//159
f 475//160 480//160 476//160
f 476//161 480//161 481//161
f 476//162 481//162 482//162
f 482//163 481//163 483//163
f 482//164 483//164 478//164
f 479//165 484//165 477//165
f 477//166 484//166 471//166
f 477//166 471//166 485//166
f 485//167 471//167 473//167
f 34//168 486//168 36//168
f 36//169 486//169 487//169
f 487//170 488//170 36//170
f 36//20 488//20 489//20
f 36//171 489//171 52//171
f 489//172 490//172 52//172
f 52//173 490//173 491//173
f 52//174 491//174 51//174
f 491//175 492//175 51//175
f 51//176 492//176 493//176
f 51//177 493//177 50//177
f 50//178 493//178 494//178
f 50//179 494//179 48//179
f 494//180 495//180 48//180
f 48//4 495//4 496//4
f 48//181 496//181 47//181
f 496//182 497//182 47//182
f 47//183 497//183 498//183
f 47//184 498//184 46//184
f 498//185 499//185 46//185
f 46//186 499//186 500//186
f 46//187 500//187 24//187
f 500//188 501//188 24//188
f 24//189 501//189 502//189
f 24//190 502//190 22//190
f 22//191 502//191 503//191
f 503//192 504//192 22//192
f 22//193 504//193 505//193
f 22//194 505//194 15//194
f 343//195 345//195 506//195
f 505//196 507//196 15//196
f 15//197 507//197 508//197
f 15//198 508//198 16//198
f 16//199 508//199 509//199
f 16//200 509//200 345//200
f 506//201 510//201 343//201
f 343//202 510//202 511//202
f 343//202 511//202 333//202
f 333//190 511//190 512//190
f 333//190 512//190 334//190
f 334//187 512//187 513//187
f 334//187 513//187 352//187
f 352//184 513//184 514//184
f 352//184 514//184 351//184
f 351//181 514//181 515//181
f 351//181 515//181 350//181
f 350//179 515//179 516//179
f 350//179 516//179 354//179
f 354//203 516//203 517//203
f 354//203 517//203 355//203
f 355//204 517//204 518//204
f 355//204 518//204 356//204
f 356//205 518//205 519//205
f 356//205 519//205 357//205
f 357//168 519//168 520//168
f 357//168 520//168 358//168
f 358//206 520//206 521//206
f 358//207 521//207 336//207
f 336//208 521//208 522//208
f 336//209 522//209 337//209
f 337//210 522//210 523//210
f 337//211 523//211 31//211
f 345//200 509//200 506//200
f 506//212 509//212 524//212
f 506//213 524//213 525//213
f 524//214 526//214 525//214
f 525//215 526//215 527//215
f 525//216 527//216 528//216
f 467//217 473//217 468//217
f 468//217 473//217 472//217
f 468//218 472//218 529//218
f 529//219 472//219 528//219
f 529//220 528//220 530//220
f 530//221 528//221 527//221
f 478//164 483//164 479//164
f 479//222 483//222 531//222
f 479//223 531//223 532//223
f 531//224 533//224 532//224
f 532//225 533//225 534//225
f 532//226 534//226 523//226
f 523//227 534//227 535//227
f 523//211 535//211 31//211
f 31//228 535//228 536//228
f 31//229 536//229 32//229
f 32//230 536//230 537//230
f 32//92 537//92 34//92
f 34//231 537//231 538//231
f 34//206 538//206 486//206
f 539//2 540//2 541//2
f 542//2 543//2 544//2
f 544//2 543//2 545//2
f 544//2 545//2 546//2
f 546//2 545//2 547//2
f 546//2 547//2 541//2
f 541//2 547//2 548//2
f 541//2 548//2 539//2
f 549//2 550//2 551//2
f 551//2 550//2 552//2
f 551//2 552//2 553//2
f 553//2 552//2 554//2
f 553//2 554//2 555//2
f 556//2 557//2 558//2
f 558//2 557//2 559//2
f 558//2 559//2 560//2
f 560//2 559//2 561//2
f 560//2 561//2 542//2
f 542//2 561//2 562//2
f 542//2 562//2 543//2
f 554//2 563//2 555//2
f 555//2 563//2 564//2
f 555//2 564//2 565//2
f 565//2 564//2 566//2
f 565//2 566//2 567//2
f 567//2 566//2 568//2
f 567//2 568//2 556//2
f 556//2 568//2 569//2
f 556//2 569//2 557//2
f 539//2 570//2 540//2
f 540//2 570//2 571//2
f 540//2 571//2 572//2
f 572//2 571//2 573//2
f 572//2 573//2 574//2
f 574//2 573//2 575//2
f 574//2 575//2 549//2
f 549//2 575//2 576//2
f 549//2 576//2 550//2
f 577//93 578//93 579//93
f 579//93 578//93 580//93
f 579//93 580//93 581//93
f 581//93 580//93 582//93
f 581//93 582//93 583//93
f 583//93 582//93 584//93
f 583//93 584//93 585//93
f 586//93 587//93 588//93
f 588//93 587//93 589//93
f 588//93 589//93 590//93
f 590//93 589//93 591//93
f 590//93 591//93 592//93
f 592//93 591//93 593//93
f 592//93 593//93 594//93
f 594//93 593//93 595//93
f 594//93 595//93 596//93
f 584//93 597//93 585//93
f 585//93 597//93 598//93
f 585//93 598//93 599//93
f 599//93 598//93 600//93
f 599//93 600//93 601//93
f 601//93 600//93 602//93
f 601//93 602//93 586//93
f 586//93 602//93 603//93
f 586//93 603//93 587//93
f 595//93 604//93 596//93
f 596//93 604//93 605//93
f 596//93 605//93 606//93
f 606//93 605//93 607//93
f 606//93 607//93 608//93
f 608//93 607//93 609//93
f 608//93 609//93 610//93
f 610//93 609//93 611//93
f 610//93 611//93 577//93
f 577//93 611//93 612//93
f 577//93 612//93 578//93
f 330//232 613//232 332//232
f 332//233 613//233 614//233
f 332//233 614//233 293//233
f 293//234 614//234 615//234
f 293//234 615//234 294//234
f 294//235 615//235 616//235
f 294//235 616//235 306//235
f 306//67 616//67 617//67
f 306//67 617//67 284//67
f 284//236 617//236 618//236
f 284//236 618//236 305//236
f 305//237 618//237 619//237
f 305//237 619//237 304//237
f 304//238 619//238 620//238
f 304//238 620//238 281//238
f 281//239 620//239 621//239
f 281//239 621//239 282//239
f 282//240 621//240 622//240
f 282//240 622//240 299//240
f 299//241 622//241 623//241
f 299//241 623//241 298//241
f 298//242 623//242 624//242
f 298//242 624//242 297//242
f 297//243 624//243 625//243
f 297//243 625//243 296//243
f 296//244 625//244 626//244
f 296//244 626//244 321//244
f 321//245 626//245 627//245
f 321//245 627//245 323//245
f 323//84 627//84 628//84
f 323//84 628//84 325//84
f 325//246 628//246 629//246
f 325//246 629//246 327//246
f 327//247 629//247 630//247
f 327//247 630//247 328//247
f 328//248 630//248 631//248
f 328//248 631//248 329//248
f 329//249 631//249 632//249
f 329//249 632//249 330//249
f 330//232 632//232 613//232
f 633//92 634//92 635//92
f 635//92 634//92 636//92
f 635//92 636//92 637//92
f 637//92 636//92 638//92
f 637//92 638//92 639//92
f 640//92 641//92 642//92
f 642//92 641//92 643//92
f 642//92 643//92 644//92
f 644//92 643//92 645//92
f 644//92 645//92 646//92
f 646//92 645//92 647//92
f 646//92 647//92 648//92
f 648//92 647//92 649//92
f 648//92 649//92 633//92
f 633//92 649//92 650//92
f 633//92 650//92 634//92
f 651//92 652//92 653//92
f 653//92 652//92 654//92
f 653//92 654//92 655//92
f 655//92 654//92 656//92
f 655//92 656//92 640//92
f 640//92 656//92 657//92
f 640//92 657//92 641//92
f 638//92 658//92 639//92
f 639//92 658//92 659//92
f 639//92 659//92 660//92
f 660//92 659//92 661//92
f 660//92 661//92 662//92
f 662//92 661//92 663//92
f 662//92 663//92 664//92
f 664//92 663//92 665//92
f 664//92 665//92 666//92
f 666//92 665//92 667//92
f 666//92 667//92 651//92
f 651//92 667//92 668//92
f 651//92 668//92 652//92
f 262//240 669//240 263//240
f 263//239 669//239 670//239
f 263//239 670//239 272//239
f 272//238 670//238 671//238
f 272//238 671//238 271//238
f 271//237 671//237 672//237
f 271//237 672//237 270//237
f 270//236 672//236 673//236
f 270//236 673//236 273//236
f 273//67 673//67 674//67
f 273//67 674//67 274//67
f 274//235 674//235 675//235
f 274//235 675//235 276//235
f 276//234 675//234 676//234
f 276//234 676//234 277//234
f 277//233 676//233 677//233
f 277//233 677//233 226//233
f 226//232 677//232 678//232
f 226//232 678//232 227//232
f 227//249 678//249 679//249
f 227//249 679//249 239//249
f 239//248 679//248 680//248
f 239//248 680//248 240//248
f 240//247 680//247 681//247
f 240//247 681//247 242//247
f 242//246 681//246 682//246
f 242//246 682//246 244//246
f 244//84 682//84 683//84
f 244//84 683//84 235//84
f 235//245 683//245 684//245
f 235//245 684//245 233//245
f 233//244 684//244 685//244
f 233//244 685//244 225//244
f 225//243 685//243 686//243
f 225//243 686//243 223//243
f 223//242 686//242 687//242
f 223//242 687//242 224//242
f 224//241 687//241 688//241
f 224//241 688//241 262//241
f 262//240 688//240 669//240
f 28//250 361//250 29//250
f 29//250 361//250 364//250
f 348//251 45//251 349//251
f 349//251 45//251 44//251
f 111//252 113//252 363//252
f 40//252 42//252 111//252
f 111//252 363//252 40//252
f 40//253 363//253 362//253
f 40//253 362//253 41//253
f 41//254 362//254 361//254
f 41//254 361//254 28//254
f 45//255 348//255 347//255
f 346//256 94//256 88//256
f 45//255 347//255 25//255
f 25//257 347//257 346//257
f 25//257 346//257 26//257
f 26//256 346//256 88//256
f 26//256 88//256 27//256
f 133//157 482//157 131//157
f 131//157 482//157 478//157
f 131//157 478//157 135//157
f 144//157 473//157 147//157
f 147//157 473//157 467//157
f 147//157 467//157 150//157
f 133//157 155//157 482//157
f 482//157 155//157 157//157
f 482//157 157//157 467//157
f 467//157 157//157 152//157
f 467//157 152//157 150//157
f 144//157 141//157 473//157
f 473//157 141//157 139//157
f 473//157 139//157 478//157
f 478//157 139//157 128//157
f 478//157 128//157 135//157
f 485//2 473//2 477//2
f 477//2 473//2 478//2
f 482//94 467//94 476//94
f 476//94 467//94 470//94
f 107//94 106//94 229//94
f 229//94 106//94 119//94
f 229//94 119//94 120//94
f 124//2 122//2 230//2
f 230//2 122//2 115//2
f 230//2 115//2 117//2
f 100//94 99//94 300//94
f 300//94 99//94 89//94
f 300//94 89//94 90//94
f 95//2 93//2 301//2
f 301//2 93//2 101//2
f 301//2 101//2 103//2
f 689//258 690//258 114//258
f 114//259 690//259 236//259
f 114//260 236//260 112//260
f 112//247 236//247 248//247
f 112//247 248//247 118//247
f 118//261 248//261 230//261
f 118//261 230//261 117//261
f 107//262 229//262 249//262
f 107//262 249//262 108//262
f 108//234 249//234 238//234
f 108//234 238//234 109//234
f 109//263 238//263 110//263
f 110//264 238//264 237//264
f 110//265 237//265 689//265
f 353//157 349//157 43//157
f 43//157 349//157 44//157
f 30//157 29//157 360//157
f 360//157 29//157 364//157
f 95//261 301//261 302//261
f 95//261 302//261 96//261
f 96//247 302//247 303//247
f 96//247 303//247 97//247
f 97//260 303//260 98//260
f 98//266 303//266 292//266
f 98//258 292//258 691//258
f 88//265 692//265 87//265
f 87//267 692//267 291//267
f 87//263 291//263 86//263
f 86//234 291//234 290//234
f 86//234 290//234 91//234
f 91//262 290//262 300//262
f 91//262 300//262 90//262
f 693//4 694//4 695//4
f 693//4 695//4 696//4
f 697//4 698//4 699//4
f 699//4 700//4 697//4
f 697//4 700//4 701//4
f 697//4 701//4 695//4
f 695//4 701//4 702//4
f 695//4 702//4 696//4
f 703//268 704//268 705//268
f 705//268 704//268 706//268
f 707//268 705//268 708//268
f 708//268 705//268 706//268
f 708//268 706//268 709//268
f 709//268 706//268 710//268
f 711//269 712//269 713//269
f 713//269 712//269 714//269
f 241//270 243//270 715//270
f 716//270 717//270 715//270
f 715//270 717//270 718//270
f 241//270 715//270 719//270
f 720//271 721//271 309//271
f 309//270 721//270 714//270
f 309//270 714//270 326//270
f 326//270 714//270 718//270
f 718//270 714//270 712//270
f 718//270 712//270 715//270
f 715//270 712//270 722//270
f 715//270 722//270 719//270
f 723//272 724//272 72//272
f 725//273 726//273 727//273
f 727//272 726//272 728//272
f 72//274 729//274 723//274
f 723//272 729//272 730//272
f 723//272 730//272 728//272
f 728//272 730//272 731//272
f 728//272 731//272 727//272
f 732//275 733//275 734//275
f 734//275 733//275 735//275
f 734//243 735//243 736//243
f 736//243 735//243 737//243
f 736//276 737//276 738//276
f 738//276 737//276 739//276
f 738//261 739//261 740//261
f 740//261 739//261 741//261
f 740//247 741//247 742//247
f 742//247 741//247 743//247
f 742//277 743//277 744//277
f 744//277 743//277 745//277
f 744//278 745//278 746//278
f 746//278 745//278 747//278
f 746//234 747//234 748//234
f 748//234 747//234 749//234
f 748//262 749//262 750//262
f 750//262 749//262 751//262
f 750//279 751//279 752//279
f 752//279 751//279 753//279
f 752//238 753//238 754//238
f 754//238 753//238 755//238
f 754//280 755//280 732//280
f 732//280 755//280 733//280
f 756//4 757//4 758//4
f 758//4 757//4 759//4
f 760//92 702//92 701//92
f 761//92 762//92 763//92
f 763//92 762//92 764//92
f 763//92 764//92 701//92
f 701//92 764//92 765//92
f 701//92 765//92 760//92
f 70//93 69//93 766//93
f 766//93 767//93 70//93
f 70//93 767//93 768//93
f 70//93 768//93 769//93
f 769//93 768//93 770//93
f 769//93 770//93 771//93
f 772//5 264//5 773//5
f 773//5 264//5 774//5
f 775//7 250//7 776//7
f 776//281 777//281 775//281
f 775//7 777//7 778//7
f 775//5 778//5 779//5
f 779//282 778//282 780//282
f 779//5 780//5 725//5
f 775//5 781//5 250//5
f 250//5 781//5 782//5
f 250//5 782//5 264//5
f 264//5 782//5 783//5
f 264//5 783//5 774//5
f 731//283 730//283 784//283
f 784//283 730//283 785//283
f 786//92 84//92 787//92
f 787//92 84//92 83//92
f 788//92 789//92 787//92
f 787//92 789//92 790//92
f 787//92 790//92 786//92
f 783//93 782//93 791//93
f 792//93 793//93 794//93
f 783//93 791//93 794//93
f 794//93 791//93 795//93
f 794//93 795//93 792//93
f 796//1 797//1 324//1
f 324//1 797//1 798//1
f 799//1 322//1 800//1
f 800//1 322//1 324//1
f 800//1 324//1 801//1
f 801//1 324//1 798//1
f 799//92 802//92 803//92
f 803//92 802//92 804//92
f 803//92 804//92 805//92
f 805//92 804//92 806//92
f 805//92 806//92 807//92
f 799//92 800//92 808//92
f 808//92 809//92 799//92
f 799//92 809//92 810//92
f 799//92 810//92 802//92
f 811//93 812//93 813//93
f 811//93 813//93 814//93
f 814//93 813//93 815//93
f 814//93 815//93 7//93
f 7//93 815//93 816//93
f 7//93 816//93 817//93
f 817//93 818//93 7//93
f 7//93 818//93 819//93
f 7//93 819//93 8//93
f 73//284 723//284 820//284
f 73//285 820//285 85//285
f 85//286 820//286 821//286
f 85//287 821//287 77//287
f 77//288 821//288 822//288
f 77//289 822//289 78//289
f 78//290 822//290 288//290
f 78//291 288//291 80//291
f 309//292 311//292 823//292
f 309//292 823//292 720//292
f 720//293 823//293 824//293
f 720//293 824//293 721//293
f 721//294 824//294 713//294
f 721//294 713//294 714//294
f 250//295 252//295 825//295
f 250//296 825//296 776//296
f 776//297 825//297 826//297
f 776//298 826//298 777//298
f 777//299 826//299 827//299
f 777//300 827//300 778//300
f 778//301 827//301 728//301
f 778//302 728//302 726//302
f 712//303 711//303 828//303
f 712//303 828//303 722//303
f 722//304 828//304 829//304
f 722//304 829//304 719//304
f 719//305 829//305 247//305
f 719//305 247//305 241//305
f 342//306 830//306 104//306
f 104//307 830//307 831//307
f 104//308 831//308 105//308
f 105//309 831//309 283//309
f 75//310 74//310 832//310
f 832//311 74//311 283//311
f 832//312 283//312 833//312
f 833//313 283//313 831//313
f 265//314 264//314 772//314
f 772//315 834//315 265//315
f 265//316 834//316 835//316
f 265//317 835//317 125//317
f 125//318 835//318 836//318
f 125//319 836//319 123//319
f 123//320 836//320 837//320
f 123//306 837//306 341//306
f 742//321 280//321 740//321
f 740//321 280//321 279//321
f 740//322 279//322 738//322
f 738//323 279//323 278//323
f 738//324 278//324 736//324
f 736//325 278//325 287//325
f 736//326 287//326 734//326
f 734//326 287//326 289//326
f 734//327 289//327 732//327
f 732//328 289//328 315//328
f 732//329 315//329 754//329
f 754//330 315//330 313//330
f 754//331 313//331 752//331
f 752//331 313//331 312//331
f 752//332 312//332 750//332
f 750//333 312//333 331//333
f 750//334 331//334 748//334
f 748//334 331//334 295//334
f 748//335 295//335 746//335
f 746//335 295//335 286//335
f 746//336 286//336 744//336
f 744//337 286//337 285//337
f 744//338 285//338 742//338
f 742//339 285//339 280//339
f 735//340 255//340 737//340
f 737//341 255//341 253//341
f 737//342 253//342 739//342
f 739//343 253//343 251//343
f 739//344 251//344 741//344
f 741//345 251//345 269//345
f 741//346 269//346 743//346
f 743//346 269//346 268//346
f 743//347 268//347 745//347
f 745//348 268//348 267//348
f 745//349 267//349 747//349
f 747//350 267//350 266//350
f 747//351 266//351 749//351
f 749//351 266//351 275//351
f 749//352 275//352 751//352
f 751//353 275//353 228//353
f 751//354 228//354 753//354
f 753//355 228//355 261//355
f 753//356 261//356 755//356
f 755//357 261//357 259//357
f 755//358 259//358 733//358
f 733//359 259//359 258//359
f 733//360 258//360 735//360
f 735//361 258//361 255//361
f 588//362 590//362 165//362
f 165//363 167//363 588//363
f 588//364 167//364 169//364
f 588//365 169//365 586//365
f 169//366 171//366 586//366
f 586//367 171//367 173//367
f 586//368 173//368 601//368
f 173//369 175//369 601//369
f 601//370 175//370 177//370
f 601//371 177//371 599//371
f 177//372 179//372 599//372
f 599//373 179//373 181//373
f 599//374 181//374 585//374
f 181//375 183//375 585//375
f 585//376 183//376 185//376
f 585//377 185//377 583//377
f 193//378 579//378 838//378
f 185//379 187//379 583//379
f 583//380 187//380 189//380
f 583//381 189//381 838//381
f 838//382 189//382 839//382
f 838//383 839//383 193//383
f 193//384 195//384 579//384
f 579//385 195//385 197//385
f 579//386 197//386 577//386
f 577//387 197//387 199//387
f 577//388 199//388 610//388
f 199//389 201//389 610//389
f 610//390 201//390 203//390
f 610//391 203//391 608//391
f 203//392 205//392 608//392
f 608//393 205//393 207//393
f 608//394 207//394 606//394
f 207//395 209//395 606//395
f 606//396 209//396 211//396
f 606//397 211//397 596//397
f 211//398 213//398 596//398
f 596//399 213//399 215//399
f 596//400 215//400 594//400
f 215//401 217//401 594//401
f 594//402 217//402 219//402
f 594//403 219//403 592//403
f 592//403 219//403 840//403
f 592//404 840//404 590//404
f 590//404 840//404 163//404
f 590//405 163//405 165//405
f 190//406 662//406 664//406
f 190//407 188//407 662//407
f 662//408 188//408 186//408
f 662//409 186//409 660//409
f 660//410 186//410 184//410
f 660//411 184//411 639//411
f 184//412 182//412 639//412
f 639//413 182//413 180//413
f 639//414 180//414 637//414
f 180//415 178//415 637//415
f 637//416 178//416 176//416
f 637//417 176//417 635//417
f 176//418 174//418 635//418
f 635//419 174//419 172//419
f 635//420 172//420 633//420
f 172//421 170//421 633//421
f 633//422 170//422 168//422
f 633//423 168//423 648//423
f 168//424 166//424 648//424
f 648//425 166//425 164//425
f 648//426 164//426 841//426
f 841//426 164//426 842//426
f 841//427 842//427 644//427
f 842//427 220//427 644//427
f 644//428 220//428 218//428
f 644//429 218//429 642//429
f 218//430 216//430 642//430
f 642//431 216//431 214//431
f 642//432 214//432 640//432
f 214//433 212//433 640//433
f 640//434 212//434 210//434
f 640//435 210//435 655//435
f 210//436 208//436 655//436
f 655//437 208//437 206//437
f 655//438 206//438 653//438
f 206//439 204//439 653//439
f 653//440 204//440 202//440
f 653//441 202//441 651//441
f 202//442 200//442 651//442
f 651//443 200//443 198//443
f 651//444 198//444 666//444
f 198//445 196//445 666//445
f 666//446 196//446 194//446
f 666//447 194//447 664//447
f 664//448 194//448 192//448
f 664//449 192//449 190//449
f 421//450 541//450 540//450
f 421//451 423//451 541//451
f 541//452 423//452 425//452
f 541//453 425//453 546//453
f 546//454 425//454 427//454
f 546//455 427//455 544//455
f 427//456 374//456 544//456
f 544//457 374//457 375//457
f 544//458 375//458 542//458
f 375//459 376//459 542//459
f 542//460 376//460 369//460
f 542//461 369//461 560//461
f 369//462 370//462 560//462
f 560//463 370//463 371//463
f 560//464 371//464 558//464
f 371//465 372//465 558//465
f 558//466 372//466 383//466
f 558//467 383//467 556//467
f 383//468 385//468 556//468
f 556//469 385//469 387//469
f 556//470 387//470 567//470
f 567//471 387//471 389//471
f 567//472 389//472 565//472
f 389//473 391//473 565//473
f 565//474 391//474 393//474
f 565//475 393//475 555//475
f 393//476 395//476 555//476
f 555//477 395//477 397//477
f 555//478 397//478 553//478
f 397//479 399//479 553//479
f 553//480 399//480 401//480
f 553//481 401//481 551//481
f 401//482 403//482 551//482
f 551//483 403//483 405//483
f 551//484 405//484 549//484
f 405//485 407//485 549//485
f 549//486 407//486 409//486
f 549//487 409//487 574//487
f 409//488 411//488 574//488
f 574//489 411//489 413//489
f 574//490 413//490 572//490
f 413//491 415//491 572//491
f 572//492 415//492 417//492
f 572//493 417//493 540//493
f 540//494 417//494 419//494
f 540//495 419//495 421//495
f 436//496 431//496 386//496
f 386//497 384//497 436//497
f 436//498 384//498 377//498
f 436//499 377//499 434//499
f 377//500 378//500 434//500
f 434//501 378//501 379//501
f 434//502 379//502 432//502
f 379//503 380//503 432//503
f 432//504 380//504 381//504
f 432//505 381//505 457//505
f 381//506 382//506 457//506
f 457//507 382//507 373//507
f 457//508 373//508 455//508
f 373//509 428//509 455//509
f 455//510 428//510 426//510
f 455//511 426//511 453//511
f 418//512 462//512 464//512
f 426//513 424//513 453//513
f 453//514 424//514 422//514
f 453//515 422//515 464//515
f 464//516 422//516 420//516
f 464//517 420//517 418//517
f 418//518 416//518 462//518
f 462//519 416//519 414//519
f 462//520 414//520 445//520
f 445//521 414//521 412//521
f 445//522 412//522 443//522
f 412//523 410//523 443//523
f 443//524 410//524 408//524
f 443//525 408//525 441//525
f 408//526 406//526 441//526
f 441//527 406//527 404//527
f 441//528 404//528 439//528
f 404//529 402//529 439//529
f 439//530 402//530 400//530
f 439//531 400//531 450//531
f 400//532 398//532 450//532
f 450//533 398//533 396//533
f 450//534 396//534 448//534
f 396//535 394//535 448//535
f 448//536 394//536 392//536
f 448//537 392//537 430//537
f 430//537 392//537 390//537
f 430//538 390//538 431//538
f 431//538 390//538 388//538
f 431//539 388//539 386//539
f 367//540 368//540 843//540
f 843//540 368//540 844//540
f 843//541 844//541 845//541
f 845//541 844//541 846//541
f 845//542 846//542 847//542
f 847//542 846//542 848//542
f 847//543 848//543 849//543
f 849//543 848//543 850//543
f 849//544 850//544 851//544
f 851//544 850//544 852//544
f 851//545 852//545 716//545
f 716//545 852//545 717//545
f 340//546 339//546 853//546
f 853//546 339//546 854//546
f 853//547 854//547 855//547
f 855//547 854//547 856//547
f 855//548 856//548 857//548
f 857//548 856//548 858//548
f 857//549 858//549 859//549
f 859//549 858//549 860//549
f 859//550 860//550 861//550
f 861//550 860//550 862//550
f 861//551 862//551 785//551
f 785//551 862//551 784//551
f 727//552 863//552 864//552
f 725//553 727//553 779//553
f 779//554 727//554 864//554
f 779//555 864//555 775//555
f 865//556 791//556 782//556
f 864//557 866//557 775//557
f 775//558 866//558 865//558
f 775//559 865//559 781//559
f 781//560 865//560 782//560
f 863//561 727//561 867//561
f 867//562 727//562 731//562
f 867//563 731//563 784//563
f 868//564 869//564 870//564
f 866//565 864//565 871//565
f 872//566 873//566 874//566
f 863//567 867//567 875//567
f 875//568 867//568 784//568
f 784//568 862//568 875//568
f 875//569 862//569 860//569
f 875//570 860//570 876//570
f 339//571 877//571 854//571
f 854//571 877//571 878//571
f 854//572 878//572 856//572
f 856//573 878//573 876//573
f 856//574 876//574 858//574
f 858//575 876//575 860//575
f 877//576 872//576 878//576
f 878//577 872//577 874//577
f 878//578 874//578 876//578
f 876//579 874//579 879//579
f 876//580 879//580 875//580
f 875//581 879//581 871//581
f 875//582 871//582 863//582
f 863//583 871//583 864//583
f 873//584 868//584 874//584
f 874//585 868//585 870//585
f 874//586 870//586 879//586
f 879//587 870//587 880//587
f 879//588 880//588 871//588
f 871//588 880//588 881//588
f 871//589 881//589 866//589
f 866//590 881//590 865//590
f 869//591 794//591 870//591
f 870//591 794//591 793//591
f 870//592 793//592 880//592
f 880//592 793//592 792//592
f 880//593 792//593 881//593
f 881//593 792//593 795//593
f 881//594 795//594 865//594
f 865//594 795//594 791//594
f 341//595 837//595 339//595
f 339//596 837//596 836//596
f 339//597 836//597 877//597
f 877//598 836//598 835//598
f 877//599 835//599 872//599
f 872//600 835//600 834//600
f 872//601 834//601 772//601
f 783//602 794//602 774//602
f 774//603 794//603 869//603
f 774//604 869//604 773//604
f 773//605 869//605 868//605
f 773//606 868//606 772//606
f 772//607 868//607 873//607
f 772//608 873//608 872//608
f 84//609 786//609 81//609
f 81//610 786//610 882//610
f 81//611 882//611 79//611
f 79//612 882//612 883//612
f 79//613 883//613 71//613
f 729//614 72//614 71//614
f 785//615 730//615 884//615
f 884//616 730//616 729//616
f 884//617 729//617 885//617
f 885//618 729//618 71//618
f 885//619 71//619 886//619
f 886//620 71//620 883//620
f 788//621 787//621 887//621
f 789//622 788//622 888//622
f 790//623 789//623 889//623
f 790//624 890//624 786//624
f 786//624 890//624 882//624
f 882//625 890//625 883//625
f 883//626 890//626 891//626
f 883//627 891//627 886//627
f 788//621 887//621 888//621
f 888//628 887//628 892//628
f 888//629 892//629 893//629
f 789//622 888//622 889//622
f 889//630 888//630 893//630
f 889//631 893//631 894//631
f 894//632 893//632 895//632
f 894//633 895//633 896//633
f 892//634 897//634 893//634
f 893//635 897//635 898//635
f 893//636 898//636 895//636
f 895//637 898//637 899//637
f 895//638 899//638 340//638
f 886//639 891//639 885//639
f 885//640 891//640 900//640
f 885//641 900//641 884//641
f 884//642 900//642 861//642
f 884//642 861//642 785//642
f 790//623 889//623 890//623
f 890//643 889//643 894//643
f 890//643 894//643 891//643
f 891//644 894//644 896//644
f 891//645 896//645 900//645
f 900//646 896//646 859//646
f 900//647 859//647 861//647
f 340//638 853//638 895//638
f 895//648 853//648 855//648
f 895//649 855//649 896//649
f 896//650 855//650 857//650
f 896//651 857//651 859//651
f 75//652 898//652 897//652
f 75//653 897//653 76//653
f 887//654 787//654 83//654
f 897//655 892//655 76//655
f 76//656 892//656 887//656
f 76//657 887//657 82//657
f 82//658 887//658 83//658
f 75//659 832//659 898//659
f 898//660 832//660 833//660
f 898//661 833//661 899//661
f 899//662 833//662 831//662
f 899//663 831//663 340//663
f 340//664 831//664 830//664
f 340//665 830//665 342//665
f 16//666 345//666 17//666
f 17//666 345//666 344//666
f 17//667 344//667 23//667
f 23//667 344//667 335//667
f 23//668 335//668 43//668
f 43//668 335//668 353//668
f 30//669 360//669 35//669
f 35//669 360//669 359//669
f 35//670 359//670 33//670
f 33//670 359//670 338//670
f 33//671 338//671 31//671
f 31//671 338//671 337//671
f 65//672 64//672 901//672
f 901//673 64//673 902//673
f 708//674 903//674 707//674
f 707//675 903//675 904//675
f 707//676 904//676 902//676
f 902//677 904//677 905//677
f 902//678 905//678 901//678
f 906//674 706//674 704//674
f 907//679 695//679 694//679
f 694//680 908//680 907//680
f 907//681 908//681 909//681
f 907//682 909//682 704//682
f 704//683 909//683 910//683
f 704//684 910//684 906//684
f 698//685 697//685 911//685
f 911//686 697//686 912//686
f 58//687 913//687 57//687
f 57//688 913//688 914//688
f 57//689 914//689 912//689
f 912//690 914//690 915//690
f 912//691 915//691 911//691
f 916//692 56//692 54//692
f 917//693 63//693 62//693
f 62//694 918//694 917//694
f 917//695 918//695 919//695
f 917//696 919//696 54//696
f 54//697 919//697 920//697
f 54//698 920//698 916//698
f 757//679 756//679 921//679
f 921//679 756//679 922//679
f 921//699 922//699 710//699
f 710//699 922//699 709//699
f 59//700 60//700 923//700
f 923//700 60//700 924//700
f 923//693 924//693 759//693
f 759//693 924//693 758//693
f 56//701 916//701 60//701
f 60//702 916//702 920//702
f 60//703 920//703 919//703
f 70//704 769//704 67//704
f 67//705 769//705 925//705
f 67//706 925//706 61//706
f 61//707 925//707 926//707
f 61//708 926//708 62//708
f 62//709 926//709 927//709
f 62//710 927//710 918//710
f 918//711 927//711 928//711
f 918//712 928//712 919//712
f 919//713 928//713 929//713
f 919//714 929//714 60//714
f 930//715 931//715 932//715
f 769//716 771//716 933//716
f 928//717 927//717 934//717
f 934//718 927//718 926//718
f 934//719 926//719 933//719
f 933//720 926//720 925//720
f 933//721 925//721 769//721
f 935//722 934//722 936//722
f 936//723 934//723 933//723
f 936//724 933//724 937//724
f 937//725 933//725 771//725
f 937//725 771//725 770//725
f 935//726 930//726 934//726
f 934//727 930//727 932//727
f 934//728 932//728 928//728
f 928//729 932//729 929//729
f 931//730 758//730 932//730
f 932//730 758//730 924//730
f 932//731 924//731 929//731
f 929//732 924//732 60//732
f 756//733 758//733 938//733
f 938//733 758//733 931//733
f 938//734 931//734 939//734
f 939//734 931//734 930//734
f 939//735 930//735 940//735
f 940//735 930//735 935//735
f 940//736 935//736 941//736
f 941//736 935//736 936//736
f 941//737 936//737 942//737
f 942//737 936//737 937//737
f 942//130 937//130 768//130
f 768//130 937//130 770//130
f 943//738 944//738 945//738
f 768//739 767//739 946//739
f 939//740 940//740 947//740
f 947//741 940//741 941//741
f 947//742 941//742 946//742
f 946//743 941//743 942//743
f 946//739 942//739 768//739
f 948//744 947//744 949//744
f 949//745 947//745 946//745
f 949//746 946//746 950//746
f 950//747 946//747 767//747
f 950//747 767//747 766//747
f 948//748 943//748 947//748
f 947//749 943//749 945//749
f 947//750 945//750 939//750
f 939//751 945//751 938//751
f 944//752 709//752 945//752
f 945//752 709//752 922//752
f 945//753 922//753 938//753
f 938//753 922//753 756//753
f 903//754 708//754 709//754
f 66//755 949//755 950//755
f 766//756 69//756 950//756
f 950//757 69//757 68//757
f 950//758 68//758 66//758
f 949//759 66//759 948//759
f 948//760 66//760 65//760
f 948//761 65//761 943//761
f 943//762 65//762 901//762
f 943//763 901//763 944//763
f 944//764 901//764 905//764
f 944//765 905//765 709//765
f 709//766 905//766 904//766
f 709//767 904//767 903//767
f 913//768 58//768 59//768
f 699//769 951//769 952//769
f 763//770 701//770 952//770
f 952//771 701//771 700//771
f 952//772 700//772 699//772
f 951//773 699//773 953//773
f 953//774 699//774 698//774
f 953//775 698//775 954//775
f 954//776 698//776 911//776
f 954//777 911//777 955//777
f 955//778 911//778 915//778
f 955//779 915//779 59//779
f 59//780 915//780 914//780
f 59//781 914//781 913//781
f 956//782 957//782 958//782
f 59//783 923//783 959//783
f 951//784 953//784 960//784
f 960//785 953//785 954//785
f 960//786 954//786 959//786
f 959//787 954//787 955//787
f 959//788 955//788 59//788
f 961//789 960//789 962//789
f 962//790 960//790 959//790
f 962//791 959//791 963//791
f 963//792 959//792 923//792
f 963//792 923//792 759//792
f 961//793 956//793 960//793
f 960//794 956//794 958//794
f 960//795 958//795 951//795
f 951//796 958//796 952//796
f 957//797 762//797 958//797
f 958//797 762//797 761//797
f 958//798 761//798 952//798
f 952//798 761//798 763//798
f 759//799 757//799 963//799
f 963//799 757//799 964//799
f 963//800 964//800 962//800
f 962//800 964//800 965//800
f 962//801 965//801 961//801
f 961//801 965//801 966//801
f 961//802 966//802 956//802
f 956//802 966//802 967//802
f 956//803 967//803 957//803
f 957//803 967//803 968//803
f 957//804 968//804 762//804
f 762//804 968//804 764//804
f 969//805 970//805 971//805
f 757//806 921//806 972//806
f 967//807 966//807 973//807
f 973//808 966//808 965//808
f 973//809 965//809 972//809
f 972//810 965//810 964//810
f 972//806 964//806 757//806
f 974//811 973//811 975//811
f 975//812 973//812 972//812
f 975//813 972//813 976//813
f 976//814 972//814 921//814
f 976//814 921//814 710//814
f 974//815 969//815 973//815
f 973//816 969//816 971//816
f 973//817 971//817 967//817
f 967//818 971//818 968//818
f 970//819 760//819 971//819
f 971//819 760//819 765//819
f 971//820 765//820 968//820
f 968//820 765//820 764//820
f 706//821 906//821 710//821
f 710//822 906//822 910//822
f 710//823 910//823 909//823
f 702//824 760//824 696//824
f 696//825 760//825 970//825
f 696//826 970//826 693//826
f 693//827 970//827 969//827
f 693//828 969//828 694//828
f 694//829 969//829 974//829
f 694//830 974//830 908//830
f 908//831 974//831 975//831
f 908//832 975//832 909//832
f 909//833 975//833 976//833
f 909//834 976//834 710//834
f 977//835 978//835 979//835
f 703//836 980//836 981//836
f 982//837 983//837 984//837
f 984//838 983//838 977//838
f 977//839 979//839 984//839
f 984//840 979//840 981//840
f 984//841 981//841 985//841
f 985//842 981//842 980//842
f 985//842 980//842 986//842
f 823//843 311//843 982//843
f 982//844 984//844 823//844
f 823//845 984//845 985//845
f 823//846 985//846 824//846
f 824//847 985//847 986//847
f 824//848 986//848 713//848
f 979//849 703//849 981//849
f 978//850 987//850 979//850
f 979//851 987//851 703//851
f 703//852 987//852 704//852
f 704//852 987//852 988//852
f 988//853 987//853 989//853
f 989//854 987//854 978//854
f 989//855 978//855 990//855
f 990//856 978//856 977//856
f 990//857 977//857 991//857
f 991//858 977//858 983//858
f 991//859 983//859 992//859
f 983//860 982//860 992//860
f 992//756 982//756 311//756
f 992//756 311//756 310//756
f 711//861 713//861 986//861
f 711//861 986//861 993//861
f 993//862 986//862 980//862
f 993//862 980//862 994//862
f 994//863 980//863 703//863
f 994//863 703//863 705//863
f 995//864 907//864 704//864
f 704//865 988//865 995//865
f 995//866 988//866 989//866
f 995//867 989//867 996//867
f 695//868 907//868 997//868
f 997//869 907//869 995//869
f 997//870 995//870 998//870
f 998//870 995//870 996//870
f 998//871 996//871 307//871
f 307//871 996//871 308//871
f 989//872 990//872 996//872
f 996//873 990//873 991//873
f 996//874 991//874 308//874
f 308//875 991//875 992//875
f 308//747 992//747 310//747
f 711//876 993//876 999//876
f 993//877 994//877 1000//877
f 1001//878 705//878 1002//878
f 1000//879 705//879 1001//879
f 993//877 1000//877 999//877
f 999//880 1000//880 1001//880
f 999//881 1001//881 1003//881
f 994//882 705//882 1000//882
f 1002//883 1004//883 1001//883
f 1001//884 1004//884 1005//884
f 1001//885 1005//885 1003//885
f 1003//886 1005//886 1006//886
f 1003//887 1006//887 1007//887
f 711//888 999//888 828//888
f 828//889 999//889 1003//889
f 828//890 1003//890 829//890
f 829//891 1003//891 1007//891
f 829//892 1007//892 247//892
f 697//893 695//893 997//893
f 697//893 997//893 1008//893
f 1008//894 997//894 998//894
f 1008//894 998//894 1009//894
f 1009//895 998//895 307//895
f 1009//896 307//896 314//896
f 707//897 1010//897 705//897
f 705//897 1010//897 1002//897
f 1002//898 1010//898 1004//898
f 1004//899 1010//899 1011//899
f 1004//900 1011//900 1005//900
f 1005//901 1011//901 1012//901
f 1005//902 1012//902 1006//902
f 1006//903 1012//903 1013//903
f 1006//904 1013//904 1007//904
f 1013//905 1014//905 1007//905
f 1007//906 1014//906 246//906
f 1007//906 246//906 247//906
f 57//907 912//907 1015//907
f 1015//908 912//908 1016//908
f 1015//909 1016//909 1017//909
f 1017//909 1016//909 1018//909
f 1017//910 1018//910 317//910
f 317//910 1018//910 316//910
f 912//911 697//911 1016//911
f 1016//912 697//912 1008//912
f 1016//913 1008//913 1018//913
f 1018//914 1008//914 1009//914
f 1018//915 1009//915 316//915
f 316//915 1009//915 314//915
f 707//814 902//814 1010//814
f 1010//916 902//916 1019//916
f 1010//917 1019//917 1011//917
f 1011//918 1019//918 1012//918
f 1012//919 1019//919 1020//919
f 1012//920 1020//920 1013//920
f 1013//921 1020//921 1014//921
f 1014//922 1020//922 245//922
f 1014//819 245//819 246//819
f 902//923 64//923 1019//923
f 1019//924 64//924 1021//924
f 1019//925 1021//925 1020//925
f 1020//925 1021//925 1022//925
f 1020//926 1022//926 245//926
f 245//926 1022//926 260//926
f 55//927 57//927 1015//927
f 55//927 1015//927 1023//927
f 1023//928 1015//928 1017//928
f 1023//929 1017//929 1024//929
f 1024//930 1017//930 317//930
f 1024//930 317//930 288//930
f 64//931 63//931 1025//931
f 64//931 1025//931 1021//931
f 1021//932 1025//932 1026//932
f 1021//932 1026//932 1022//932
f 1022//933 1026//933 257//933
f 1022//934 257//934 260//934
f 1027//935 1028//935 1029//935
f 55//936 1023//936 1029//936
f 1027//937 1029//937 1030//937
f 1030//938 1029//938 1023//938
f 1030//939 1023//939 1024//939
f 820//940 723//940 1027//940
f 1027//941 723//941 1031//941
f 1027//942 1031//942 1028//942
f 820//943 1027//943 821//943
f 821//944 1027//944 1030//944
f 821//945 1030//945 822//945
f 822//946 1030//946 1024//946
f 822//947 1024//947 288//947
f 1028//948 55//948 1029//948
f 1031//949 1032//949 1028//949
f 1028//950 1032//950 55//950
f 63//951 917//951 1025//951
f 1025//952 917//952 1033//952
f 1025//953 1033//953 1026//953
f 1026//954 1033//954 1034//954
f 1026//955 1034//955 257//955
f 257//955 1034//955 256//955
f 917//956 54//956 1033//956
f 1033//957 54//957 1035//957
f 1033//958 1035//958 1034//958
f 1034//958 1035//958 1036//958
f 1034//959 1036//959 256//959
f 256//960 1036//960 254//960
f 53//961 55//961 1032//961
f 53//961 1032//961 1037//961
f 1037//962 1032//962 1031//962
f 1037//962 1031//962 1038//962
f 1038//963 1031//963 723//963
f 1038//963 723//963 728//963
f 252//964 254//964 1036//964
f 252//964 1036//964 1039//964
f 1039//965 1036//965 1035//965
f 1039//966 1035//966 1040//966
f 1040//967 1035//967 54//967
f 1040//967 54//967 53//967
f 1041//968 1042//968 1043//968
f 53//969 1037//969 1043//969
f 1041//970 1043//970 1044//970
f 1044//971 1043//971 1037//971
f 1044//972 1037//972 1038//972
f 825//973 252//973 1041//973
f 1041//974 252//974 1039//974
f 1041//975 1039//975 1042//975
f 825//976 1041//976 826//976
f 826//977 1041//977 1044//977
f 826//978 1044//978 827//978
f 827//979 1044//979 1038//979
f 827//980 1038//980 728//980
f 1042//981 53//981 1043//981
f 1039//982 1040//982 1042//982
f 1042//983 1040//983 53//983
f 632//984 580//984 613//984
f 613//985 580//985 578//985
f 613//986 578//986 614//986
f 614//987 578//987 612//987
f 614//987 612//987 615//987
f 615//988 612//988 611//988
f 615//989 611//989 616//989
f 616//990 611//990 609//990
f 616//369 609//369 617//369
f 617//991 609//991 607//991
f 617//992 607//992 618//992
f 618//993 607//993 605//993
f 618//994 605//994 619//994
f 619//995 605//995 604//995
f 619//995 604//995 620//995
f 620//996 604//996 595//996
f 620//997 595//997 621//997
f 621//998 595//998 1045//998
f 621//999 1045//999 1046//999
f 1046//1000 1045//1000 591//1000
f 1046//1001 591//1001 623//1001
f 623//1002 591//1002 589//1002
f 623//1003 589//1003 624//1003
f 624//1004 589//1004 587//1004
f 624//1004 587//1004 625//1004
f 625//1005 587//1005 603//1005
f 625//1006 603//1006 626//1006
f 626//1007 603//1007 602//1007
f 626//1008 602//1008 627//1008
f 627//1009 602//1009 600//1009
f 627//1010 600//1010 628//1010
f 628//1011 600//1011 598//1011
f 628//1012 598//1012 629//1012
f 629//1013 598//1013 597//1013
f 629//1013 597//1013 630//1013
f 630//1014 597//1014 584//1014
f 630//1015 584//1015 631//1015
f 631//1016 584//1016 582//1016
f 631//1017 582//1017 632//1017
f 632//1018 582//1018 580//1018
f 688//1019 645//1019 669//1019
f 669//1020 645//1020 643//1020
f 669//1021 643//1021 670//1021
f 670//1022 643//1022 641//1022
f 670//1022 641//1022 671//1022
f 671//1023 641//1023 657//1023
f 671//1024 657//1024 672//1024
f 672//1025 657//1025 656//1025
f 672//1026 656//1026 673//1026
f 673//1027 656//1027 654//1027
f 673//1028 654//1028 674//1028
f 674//1029 654//1029 652//1029
f 674//1030 652//1030 675//1030
f 675//1031 652//1031 668//1031
f 675//1031 668//1031 676//1031
f 676//1032 668//1032 667//1032
f 676//1033 667//1033 677//1033
f 677//1034 667//1034 1047//1034
f 677//1035 1047//1035 1048//1035
f 1048//1036 1047//1036 663//1036
f 1048//1037 663//1037 679//1037
f 679//1038 663//1038 661//1038
f 679//1039 661//1039 680//1039
f 680//1040 661//1040 659//1040
f 680//1040 659//1040 681//1040
f 681//1041 659//1041 658//1041
f 681//1042 658//1042 682//1042
f 682//1043 658//1043 638//1043
f 682//436 638//436 683//436
f 683//1044 638//1044 636//1044
f 683//1045 636//1045 684//1045
f 684//1046 636//1046 634//1046
f 684//1047 634//1047 685//1047
f 685//1048 634//1048 650//1048
f 685//1048 650//1048 686//1048
f 686//1049 650//1049 649//1049
f 686//1050 649//1050 687//1050
f 687//1051 649//1051 647//1051
f 687//1052 647//1052 688//1052
f 688//1053 647//1053 645//1053
f 447//1054 446//1054 521//1054
f 521//1055 446//1055 522//1055
f 446//1055 429//1055 522//1055
f 522//1056 429//1056 438//1056
f 522//1057 438//1057 523//1057
f 523//1058 438//1058 437//1058
f 523//1059 437//1059 532//1059
f 532//1060 437//1060 435//1060
f 532//1060 435//1060 479//1060
f 479//1061 435//1061 433//1061
f 479//1061 433//1061 484//1061
f 484//1062 433//1062 459//1062
f 484//1062 459//1062 471//1062
f 471//1063 459//1063 458//1063
f 471//1063 458//1063 472//1063
f 472//1064 458//1064 456//1064
f 472//1064 456//1064 528//1064
f 528//1065 456//1065 454//1065
f 528//1066 454//1066 525//1066
f 525//1067 454//1067 466//1067
f 525//1068 466//1068 506//1068
f 506//1069 466//1069 465//1069
f 506//1070 465//1070 510//1070
f 510//1071 465//1071 463//1071
f 510//1072 463//1072 511//1072
f 511//1073 463//1073 461//1073
f 511//1074 461//1074 512//1074
f 512//1075 461//1075 460//1075
f 512//1075 460//1075 513//1075
f 513//1076 460//1076 444//1076
f 513//1076 444//1076 514//1076
f 514//1077 444//1077 442//1077
f 514//1078 442//1078 515//1078
f 515//1079 442//1079 440//1079
f 515//1080 440//1080 516//1080
f 516//1081 440//1081 452//1081
f 516//1081 452//1081 517//1081
f 517//1082 452//1082 451//1082
f 517//1083 451//1083 518//1083
f 518//1084 451//1084 449//1084
f 518//1084 449//1084 519//1084
f 519//1085 449//1085 447//1085
f 519//1086 447//1086 520//1086
f 520//1054 447//1054 521//1054
f 569//1087 568//1087 538//1087
f 538//1088 537//1088 569//1088
f 569//1089 537//1089 536//1089
f 569//1090 536//1090 557//1090
f 536//1091 535//1091 557//1091
f 557//1092 535//1092 534//1092
f 557//1093 534//1093 559//1093
f 534//1094 533//1094 559//1094
f 559//1095 533//1095 531//1095
f 559//1096 531//1096 561//1096
f 531//1097 483//1097 561//1097
f 561//1098 483//1098 481//1098
f 561//1099 481//1099 562//1099
f 562//1100 481//1100 480//1100
f 480//1101 475//1101 562//1101
f 562//1102 475//1102 474//1102
f 562//1103 474//1103 543//1103
f 543//1104 474//1104 469//1104
f 543//1105 469//1105 545//1105
f 545//1106 469//1106 468//1106
f 468//1107 529//1107 545//1107
f 545//1108 529//1108 530//1108
f 545//1109 530//1109 547//1109
f 530//1110 527//1110 547//1110
f 547//1111 527//1111 526//1111
f 547//1112 526//1112 548//1112
f 548//1113 526//1113 524//1113
f 548//1114 524//1114 539//1114
f 524//1115 509//1115 539//1115
f 539//1116 509//1116 508//1116
f 539//1117 508//1117 570//1117
f 570//1118 508//1118 507//1118
f 570//1119 507//1119 571//1119
f 571//1120 507//1120 505//1120
f 571//1121 505//1121 573//1121
f 573//1122 505//1122 504//1122
f 504//1123 503//1123 573//1123
f 573//1124 503//1124 502//1124
f 573//1125 502//1125 575//1125
f 575//1126 502//1126 501//1126
f 575//1127 501//1127 576//1127
f 501//1128 500//1128 576//1128
f 576//1129 500//1129 499//1129
f 576//1130 499//1130 550//1130
f 499//1131 498//1131 550//1131
f 550//1132 498//1132 497//1132
f 550//1133 497//1133 552//1133
f 497//1134 496//1134 552//1134
f 552//1135 496//1135 495//1135
f 552//1136 495//1136 554//1136
f 554//1137 495//1137 494//1137
f 494//1138 493//1138 554//1138
f 554//1139 493//1139 492//1139
f 554//1140 492//1140 563//1140
f 563//1141 492//1141 491//1141
f 563//1142 491//1142 564//1142
f 491//1143 490//1143 564//1143
f 564//1144 490//1144 489//1144
f 564//1145 489//1145 566//1145
f 489//1146 488//1146 566//1146
f 566//1147 488//1147 487//1147
f 566//1148 487//1148 568//1148
f 568//1149 487//1149 486//1149
f 568//1150 486//1150 538//1150
f 1049//157 1050//157 49//157
f 49//157 1050//157 39//157
f 1051//4 1052//4 1053//4
f 1053//4 1052//4 1054//4
f 811//2 232//2 812//2
f 812//2 232//2 231//2
f 812//2 231//2 1055//2
f 319//2 805//2 318//2
f 318//2 805//2 807//2
f 318//2 807//2 1056//2
f 1056//2 807//2 1057//2
f 1056//2 1057//2 1058//2
f 1058//2 1057//2 1049//2
f 1057//2 1059//2 1049//2
f 1049//2 1059//2 1053//2
f 1049//2 1053//2 1050//2
f 231//2 1060//2 1055//2
f 1055//2 1060//2 1061//2
f 1055//2 1061//2 1062//2
f 1062//2 1061//2 1050//2
f 1062//2 1050//2 1054//2
f 1054//2 1050//2 1053//2
f 1063//1151 718//1151 717//1151
f 1063//1152 717//1152 1064//1152
f 1064//1153 717//1153 1065//1153
f 1064//1154 1065//1154 796//1154
f 796//1155 1065//1155 1066//1155
f 796//1156 1066//1156 797//1156
f 797//1157 1066//1157 1067//1157
f 797//1158 1067//1158 798//1158
f 1068//1159 808//1159 800//1159
f 1067//1160 1069//1160 798//1160
f 798//1161 1069//1161 1068//1161
f 798//1162 1068//1162 801//1162
f 801//1163 1068//1163 800//1163
f 1070//1164 1071//1164 1072//1164
f 1069//1165 1067//1165 1073//1165
f 1074//1166 1075//1166 1076//1166
f 1066//1167 1065//1167 1077//1167
f 1077//1168 1065//1168 717//1168
f 717//1168 852//1168 1077//1168
f 1077//1169 852//1169 850//1169
f 1077//1170 850//1170 1078//1170
f 368//1171 1079//1171 844//1171
f 844//1171 1079//1171 1080//1171
f 844//1172 1080//1172 846//1172
f 846//1173 1080//1173 1078//1173
f 846//1174 1078//1174 848//1174
f 848//1175 1078//1175 850//1175
f 1079//1176 1074//1176 1080//1176
f 1080//1177 1074//1177 1076//1177
f 1080//1178 1076//1178 1078//1178
f 1078//1178 1076//1178 1081//1178
f 1078//1179 1081//1179 1077//1179
f 1077//1179 1081//1179 1073//1179
f 1077//1180 1073//1180 1066//1180
f 1066//1181 1073//1181 1067//1181
f 1075//1182 1070//1182 1076//1182
f 1076//1183 1070//1183 1072//1183
f 1076//1184 1072//1184 1081//1184
f 1081//1185 1072//1185 1082//1185
f 1081//1186 1082//1186 1073//1186
f 1073//1187 1082//1187 1083//1187
f 1073//1188 1083//1188 1069//1188
f 1069//1189 1083//1189 1068//1189
f 1071//1190 804//1190 1072//1190
f 1072//1190 804//1190 802//1190
f 1072//1191 802//1191 1082//1191
f 1082//1191 802//1191 810//1191
f 1082//1192 810//1192 1083//1192
f 1083//1192 810//1192 809//1192
f 1083//1193 809//1193 1068//1193
f 1068//1193 809//1193 808//1193
f 368//1194 366//1194 1079//1194
f 1079//1194 366//1194 1084//1194
f 1079//1195 1084//1195 1074//1195
f 1074//1195 1084//1195 1085//1195
f 1074//1196 1085//1196 1075//1196
f 1075//1196 1085//1196 1086//1196
f 1075//1197 1086//1197 1070//1197
f 1070//1197 1086//1197 1087//1197
f 1070//1198 1087//1198 1071//1198
f 1071//1198 1087//1198 1088//1198
f 1071//1199 1088//1199 804//1199
f 804//1199 1088//1199 806//1199
f 1051//799 1053//799 1089//799
f 1089//1200 1053//1200 1059//1200
f 1089//800 1059//800 1090//800
f 1090//1201 1059//1201 1091//1201
f 1091//1202 1059//1202 1057//1202
f 1091//802 1057//802 1092//802
f 1092//803 1057//803 1093//803
f 1093//1203 1057//1203 807//1203
f 1093//804 807//804 806//804
f 806//1204 1094//1204 1093//1204
f 1093//1205 1094//1205 1092//1205
f 1092//1206 1094//1206 1095//1206
f 1092//1207 1095//1207 1091//1207
f 806//1208 1096//1208 1097//1208
f 1097//1209 1096//1209 1098//1209
f 1097//1209 1098//1209 1099//1209
f 1099//1210 1098//1210 1100//1210
f 1099//1211 1100//1211 1101//1211
f 1087//1212 1086//1212 1098//1212
f 1098//1213 1086//1213 1085//1213
f 1098//1214 1085//1214 1100//1214
f 1100//1215 1085//1215 1084//1215
f 1100//1216 1084//1216 366//1216
f 1091//1217 1095//1217 1090//1217
f 1090//1218 1095//1218 1102//1218
f 1090//1219 1102//1219 1089//1219
f 1089//1220 1102//1220 1103//1220
f 1089//1220 1103//1220 1051//1220
f 806//1221 1097//1221 1094//1221
f 1094//1222 1097//1222 1099//1222
f 1094//1223 1099//1223 1095//1223
f 1095//1224 1099//1224 1101//1224
f 1095//1225 1101//1225 1102//1225
f 1102//1226 1101//1226 1104//1226
f 1102//1227 1104//1227 1103//1227
f 1087//1228 1098//1228 1088//1228
f 1088//1229 1098//1229 1096//1229
f 1088//1230 1096//1230 806//1230
f 366//1216 1105//1216 1100//1216
f 1100//1231 1105//1231 1106//1231
f 1100//1232 1106//1232 1101//1232
f 1101//1233 1106//1233 1107//1233
f 1101//1234 1107//1234 1104//1234
f 366//1235 365//1235 1105//1235
f 1105//1235 365//1235 1108//1235
f 1105//1236 1108//1236 1106//1236
f 1106//1236 1108//1236 1109//1236
f 1106//1237 1109//1237 1107//1237
f 1107//1237 1109//1237 1110//1237
f 1107//1238 1110//1238 1104//1238
f 1104//1238 1110//1238 1111//1238
f 1104//1239 1111//1239 1103//1239
f 1103//1239 1111//1239 1112//1239
f 1103//90 1112//90 1051//90
f 1051//90 1112//90 1052//90
f 1052//733 1113//733 1054//733
f 1054//1240 1113//1240 1062//1240
f 1113//734 1114//734 1062//734
f 1062//1241 1114//1241 1115//1241
f 1062//1242 1115//1242 1055//1242
f 813//130 812//130 1116//130
f 1116//1243 812//1243 1055//1243
f 1116//737 1055//737 1117//737
f 1117//736 1055//736 1115//736
f 1118//1244 1119//1244 813//1244
f 1120//1245 1121//1245 1119//1245
f 1119//1246 1121//1246 813//1246
f 1122//1247 1118//1247 813//1247
f 1123//1248 1124//1248 1125//1248
f 1114//1249 1113//1249 1126//1249
f 1126//1250 1113//1250 1052//1250
f 1052//1250 1112//1250 1126//1250
f 1126//1251 1112//1251 1111//1251
f 1126//1252 1111//1252 1127//1252
f 365//1253 1128//1253 1108//1253
f 1108//1253 1128//1253 1129//1253
f 1108//1254 1129//1254 1109//1254
f 1109//1255 1129//1255 1127//1255
f 1109//1256 1127//1256 1110//1256
f 1110//1257 1127//1257 1111//1257
f 1128//1258 1123//1258 1129//1258
f 1129//1259 1123//1259 1125//1259
f 1129//1260 1125//1260 1127//1260
f 1127//1261 1125//1261 1130//1261
f 1127//1262 1130//1262 1126//1262
f 1126//1263 1130//1263 1131//1263
f 1126//1264 1131//1264 1114//1264
f 1116//1265 1117//1265 1131//1265
f 1131//1266 1117//1266 1115//1266
f 1131//1267 1115//1267 1114//1267
f 1124//1268 1120//1268 1125//1268
f 1125//1269 1120//1269 1119//1269
f 1125//1270 1119//1270 1130//1270
f 1130//1271 1119//1271 1118//1271
f 1130//1272 1118//1272 1131//1272
f 1131//1273 1118//1273 1122//1273
f 1131//1274 1122//1274 1116//1274
f 1116//1275 1122//1275 813//1275
f 365//1276 367//1276 1128//1276
f 1128//1276 367//1276 1132//1276
f 1128//1277 1132//1277 1123//1277
f 1123//1277 1132//1277 1133//1277
f 1123//1278 1133//1278 1124//1278
f 1124//1278 1133//1278 1134//1278
f 1124//34 1134//34 1120//34
f 1120//34 1134//34 1135//34
f 1120//1279 1135//1279 1121//1279
f 1121//1279 1135//1279 1136//1279
f 1121//1280 1136//1280 813//1280
f 813//1280 1136//1280 815//1280
f 816//1281 815//1281 1136//1281
f 817//1282 816//1282 1137//1282
f 818//1283 817//1283 1138//1283
f 818//1284 1139//1284 819//1284
f 819//1284 1139//1284 1140//1284
f 1140//1285 1139//1285 1141//1285
f 1141//1286 1139//1286 1142//1286
f 1141//1287 1142//1287 1143//1287
f 816//1281 1136//1281 1137//1281
f 1137//1288 1136//1288 1135//1288
f 1137//1289 1135//1289 1144//1289
f 817//1282 1137//1282 1138//1282
f 1138//1290 1137//1290 1144//1290
f 1138//1291 1144//1291 1145//1291
f 1145//1292 1144//1292 1146//1292
f 1145//1292 1146//1292 1147//1292
f 1135//1293 1134//1293 1144//1293
f 1144//1294 1134//1294 1133//1294
f 1144//1295 1133//1295 1146//1295
f 1146//1296 1133//1296 1132//1296
f 1146//1297 1132//1297 367//1297
f 1143//1298 1142//1298 1148//1298
f 1148//1299 1142//1299 1149//1299
f 1148//1300 1149//1300 1150//1300
f 1150//1301 1149//1301 851//1301
f 1150//1301 851//1301 716//1301
f 818//1283 1138//1283 1139//1283
f 1139//1302 1138//1302 1145//1302
f 1139//1303 1145//1303 1142//1303
f 1142//1304 1145//1304 1147//1304
f 1142//1304 1147//1304 1149//1304
f 1149//1305 1147//1305 849//1305
f 1149//1306 849//1306 851//1306
f 367//1297 843//1297 1146//1297
f 1146//1307 843//1307 845//1307
f 1146//1308 845//1308 1147//1308
f 1147//1309 845//1309 847//1309
f 1147//1310 847//1310 849//1310
f 1151//1311 716//1311 1152//1311
f 1152//1312 716//1312 715//1312
f 8//1313 819//1313 1//1313
f 1//1314 819//1314 1140//1314
f 1//1315 1140//1315 2//1315
f 2//1316 1140//1316 1141//1316
f 2//1317 1141//1317 4//1317
f 4//1318 1141//1318 1143//1318
f 4//1319 1143//1319 5//1319
f 5//1320 1143//1320 1148//1320
f 5//1321 1148//1321 1151//1321
f 1151//1322 1148//1322 1150//1322
f 1151//1323 1150//1323 716//1323
f 232//1324 811//1324 234//1324
f 234//1324 811//1324 814//1324
f 234//1325 814//1325 6//1325
f 6//1325 814//1325 7//1325
f 322//1325 799//1325 320//1325
f 320//1325 799//1325 803//1325
f 320//1324 803//1324 319//1324
f 319//1324 803//1324 805//1324
f 796//1326 324//1326 1064//1326
f 1064//1327 324//1327 326//1327
f 1064//1328 326//1328 1063//1328
f 1063//1329 326//1329 718//1329
f 243//1330 3//1330 5//1330
f 5//1331 1151//1331 243//1331
f 243//1332 1151//1332 1152//1332
f 243//1329 1152//1329 715//1329
f 1049//1333 49//1333 19//1333
f 1049//1333 19//1333 1058//1333
f 1058//1334 19//1334 14//1334
f 1058//1334 14//1334 1056//1334
f 1056//1335 14//1335 13//1335
f 1056//1335 13//1335 318//1335
f 231//1336 10//1336 9//1336
f 231//1336 9//1336 1060//1336
f 1060//1337 9//1337 21//1337
f 1060//1337 21//1337 1061//1337
f 1061//1338 21//1338 39//1338
f 1061//1338 39//1338 1050//1338
