# Blender 4.3.2
# www.blender.org
o LINK_HIP_ROLL_R
v -0.004090 -0.065727 -0.071296
v -0.004090 -0.064130 -0.067710
v 0.002653 -0.066891 -0.071296
v -0.009803 -0.062543 -0.067860
v -0.003819 -0.069389 -0.079999
v -0.001780 -0.064617 -0.067650
v -0.009549 -0.068027 -0.079999
v -0.015634 -0.066013 -0.079999
v -0.015002 -0.060593 -0.067996
v -0.017595 -0.065231 -0.079999
v -0.020951 -0.063729 -0.079999
v -0.026076 -0.061009 -0.079999
v -0.020004 -0.058209 -0.068127
v -0.024798 -0.055387 -0.068252
v -0.025367 -0.055013 -0.068267
v -0.036056 -0.053953 -0.079999
v -0.029777 -0.051792 -0.068383
v -0.030999 -0.057852 -0.079999
v -0.033884 -0.048208 -0.068490
v -0.035522 -0.046592 -0.068533
v -0.037683 -0.044268 -0.068589
v -0.040317 -0.050040 -0.079999
v -0.044255 -0.045779 -0.079999
v -0.041165 -0.039972 -0.068681
v -0.044430 -0.035136 -0.068766
v -0.047856 -0.041172 -0.079999
v -0.048234 -0.040641 -0.079999
v -0.049139 -0.039321 -0.079999
v -0.051371 -0.035768 -0.079999
v -0.047142 -0.030260 -0.068837
v -0.054092 -0.030666 -0.079999
v -0.056392 -0.025343 -0.079999
v -0.058261 -0.019806 -0.079999
v -0.049450 -0.025150 -0.068897
v -0.051343 -0.019811 -0.068946
v -0.052188 -0.016833 -0.068968
v -0.053382 -0.011285 -0.069000
v -0.058958 -0.017239 -0.079999
v -0.060139 -0.011572 -0.079999
v -0.060853 -0.005822 -0.079999
v -0.054695 0.000001 -0.069558
v -0.054105 -0.005667 -0.069018
v -0.061094 0.000001 -0.079999
v -0.060853 0.005824 -0.079999
v -0.054036 0.006418 -0.069017
v -0.054105 0.005669 -0.069018
v -0.060746 0.006994 -0.079999
v -0.060139 0.011574 -0.079999
v -0.053382 0.011287 -0.069000
v -0.058958 0.017241 -0.079999
v -0.058261 0.019807 -0.079999
v -0.052188 0.016835 -0.068968
v -0.051343 0.019813 -0.068946
v -0.056392 0.025345 -0.079999
v -0.049450 0.025151 -0.068897
v -0.055666 0.027160 -0.079999
v -0.054092 0.030668 -0.079999
v -0.047142 0.030262 -0.068837
v -0.051371 0.035770 -0.079999
v -0.048234 0.040643 -0.079999
v -0.044430 0.035138 -0.068766
v -0.047856 0.041174 -0.079999
v -0.041165 0.039974 -0.068681
v -0.044255 0.045781 -0.079999
v -0.037683 0.044269 -0.068589
v -0.040317 0.050041 -0.079999
v -0.035522 0.046594 -0.068533
v -0.033884 0.048210 -0.068490
v -0.036056 0.053955 -0.079999
v -0.029777 0.051794 -0.068383
v -0.030999 0.057854 -0.079999
v -0.025367 0.055014 -0.068267
v -0.024798 0.055388 -0.068252
v -0.026076 0.061011 -0.079999
v -0.020004 0.058211 -0.068127
v -0.020951 0.063730 -0.079999
v -0.015002 0.060595 -0.067996
v -0.009803 0.062545 -0.067860
v -0.017595 0.065232 -0.079999
v -0.015634 0.066015 -0.079999
v -0.009549 0.068029 -0.079999
v -0.003819 0.069391 -0.079999
v -0.004090 0.065728 -0.071296
v 0.002003 0.070281 -0.079999
v 0.002653 0.066893 -0.071296
v 0.007916 0.070701 -0.079999
v 0.009557 0.070734 -0.079999
v 0.009557 0.067340 -0.071296
v 0.008477 0.065818 -0.067531
v 0.009557 0.065910 -0.067681
v 0.015455 0.070447 -0.079999
v 0.017887 0.066817 -0.071297
v 0.013921 0.065649 -0.067391
v 0.009017 0.065867 -0.067606
v 0.009556 0.065908 -0.067675
v 0.009552 0.065906 -0.067669
v 0.009541 0.065902 -0.067660
v 0.017732 0.065163 -0.066936
v 0.017576 0.065152 -0.066853
v 0.021606 0.064319 -0.065909
v 0.025539 0.063250 -0.064584
v 0.025818 0.063886 -0.066983
v 0.026014 0.063107 -0.064393
v 0.026111 0.065402 -0.071299
v 0.034137 0.063116 -0.071300
v 0.029900 0.061848 -0.062555
v 0.033738 0.061815 -0.067037
v 0.033572 0.060907 -0.062915
v 0.040837 0.058487 -0.063399
v 0.041696 0.060077 -0.071301
v 0.036777 0.059531 -0.057751
v 0.033495 0.060618 -0.060337
v 0.045493 0.056430 -0.063373
v 0.040798 0.058137 -0.059032
v 0.045185 0.058335 -0.071301
v 0.045613 0.058758 -0.073459
v 0.050406 0.055013 -0.071302
v 0.052198 0.054292 -0.073464
v 0.051784 0.053936 -0.071302
v 0.049791 0.053839 -0.063358
v 0.045440 0.056272 -0.055301
v 0.049747 0.053788 -0.055302
v 0.053598 0.050647 -0.063355
v 0.057571 0.048249 -0.071303
v 0.054217 0.051781 -0.071302
v 0.056865 0.046917 -0.059446
v 0.053586 0.050685 -0.055302
v 0.056862 0.047095 -0.063480
v 0.057056 0.047590 -0.067475
v 0.063580 0.039052 -0.067437
v 0.063310 0.038651 -0.063418
v 0.067713 0.032015 -0.059342
v 0.068580 0.030508 -0.063329
v 0.064318 0.037147 -0.059386
v 0.067890 0.032561 -0.055304
v 0.064481 0.037581 -0.055304
v 0.056978 0.047109 -0.055303
v 0.061209 0.043761 -0.049069
v 0.065083 0.039022 -0.049039
v 0.065984 0.041084 -0.042815
v 0.068663 0.034092 -0.049010
v 0.071527 0.028554 -0.050514
v 0.069773 0.036340 -0.042782
v 0.072555 0.030462 -0.045086
v 0.072984 0.025712 -0.050370
v 0.073590 0.025626 -0.048669
v 0.074528 0.030224 -0.041135
v 0.073089 0.031442 -0.042678
v 0.074506 0.034120 -0.036637
v 0.075839 0.036853 -0.030702
v 0.078359 0.032147 -0.031671
v 0.078359 0.028735 -0.034797
v 0.078359 0.035241 -0.028189
v 0.078359 0.029286 -0.031212
v 0.078359 0.027338 -0.032932
v 0.078359 0.023716 -0.035628
v 0.078359 0.021510 -0.037002
v 0.078359 0.025097 -0.037504
v 0.078359 0.021116 -0.039882
v 0.075599 0.025386 -0.043748
v 0.078359 0.018779 -0.041032
v 0.076491 0.018981 -0.046433
v 0.075921 0.012629 -0.053274
v 0.077058 0.012485 -0.048236
v 0.078359 0.016912 -0.041836
v 0.078359 0.012790 -0.043275
v 0.074784 0.019200 -0.052072
v 0.073692 0.019437 -0.057724
v 0.073795 0.018295 -0.063308
v 0.074225 0.016742 -0.063308
v 0.075243 0.012787 -0.058322
v 0.071419 0.026012 -0.056181
v 0.070717 0.026620 -0.059717
v 0.070769 0.026381 -0.063304
v 0.070830 0.027047 -0.056711
v 0.070935 0.027317 -0.055304
v 0.068796 0.030780 -0.067373
v 0.070964 0.026566 -0.067348
v 0.072940 0.021764 -0.067649
v 0.075052 0.017187 -0.071907
v 0.074432 0.016908 -0.067651
v 0.073572 0.022044 -0.071901
v 0.071559 0.026800 -0.071304
v 0.072771 0.027260 -0.075707
v 0.069949 0.033065 -0.075639
v 0.069431 0.031123 -0.071304
v 0.071956 0.033146 -0.079999
v 0.074443 0.027963 -0.079999
v 0.076202 0.017632 -0.076023
v 0.077829 0.018198 -0.079999
v 0.078822 0.013947 -0.079999
v 0.078462 0.007845 -0.077140
v 0.076518 0.022546 -0.079999
v 0.077418 0.019674 -0.079999
v 0.079749 0.008081 -0.079999
v 0.076599 0.007385 -0.070706
v 0.078392 0.000001 -0.075898
v 0.077295 0.000000 -0.072312
v 0.076631 0.000000 -0.068458
v 0.076599 -0.007383 -0.070706
v 0.076200 -0.007259 -0.067655
v 0.075960 -0.007196 -0.063310
v 0.075614 -0.009975 -0.063309
v 0.074225 -0.016741 -0.063308
v 0.073692 -0.019436 -0.057724
v 0.075243 -0.012786 -0.058322
v 0.076081 -0.006264 -0.058656
v 0.076460 -0.000000 -0.056311
v 0.076258 0.000000 -0.061650
v 0.076534 -0.006181 -0.053945
v 0.077058 -0.012483 -0.048236
v 0.075921 -0.012628 -0.053274
v 0.077364 -0.006106 -0.049240
v 0.078359 -0.008308 -0.044354
v 0.078359 -0.006527 -0.044650
v 0.077163 -0.000000 -0.051079
v 0.078360 0.001897 -0.045081
v 0.076534 0.006183 -0.053945
v 0.077364 0.006108 -0.049240
v 0.078360 -0.001895 -0.045081
v 0.078360 0.000001 -0.045124
v 0.078360 0.000002 -0.042800
v 0.078360 -0.004439 -0.042569
v 0.078360 0.003779 -0.042633
v 0.078359 0.006529 -0.044650
v 0.078359 0.008253 -0.041997
v 0.078359 0.008309 -0.044354
v 0.078359 0.010786 -0.041418
v 0.078359 0.015090 -0.040052
v 0.078359 0.017493 -0.039062
v 0.078359 -0.008899 -0.041865
v 0.078359 -0.011423 -0.041247
v 0.078359 -0.012788 -0.043275
v 0.078359 -0.015705 -0.039815
v 0.078359 -0.016911 -0.041836
v 0.078359 -0.018092 -0.038788
v 0.078359 -0.018778 -0.041032
v 0.078359 -0.022078 -0.036666
v 0.078359 -0.021114 -0.039882
v 0.073590 -0.025625 -0.048669
v 0.076491 -0.018979 -0.046433
v 0.075545 -0.025390 -0.043873
v 0.078359 -0.025095 -0.037504
v 0.078359 -0.024262 -0.035259
v 0.078359 -0.027842 -0.032507
v 0.078359 -0.028733 -0.034797
v 0.074528 -0.030222 -0.041135
v 0.078359 -0.032146 -0.031671
v 0.078359 -0.029763 -0.030757
v 0.078359 -0.032838 -0.027451
v 0.078359 -0.035240 -0.028189
v 0.078359 -0.034443 -0.025407
v 0.078359 -0.036034 -0.027166
v 0.078359 -0.036928 -0.021637
v 0.078359 -0.038173 -0.019356
v 0.078359 -0.038627 -0.023333
v 0.078358 -0.039807 -0.021257
v 0.077043 -0.039716 -0.024105
v 0.075839 -0.036851 -0.030702
v 0.074446 -0.038634 -0.030712
v 0.074506 -0.034119 -0.036637
v 0.069773 -0.036338 -0.042782
v 0.073089 -0.031440 -0.042678
v 0.072555 -0.030461 -0.045086
v 0.068663 -0.034091 -0.049010
v 0.071527 -0.028552 -0.050514
v 0.067890 -0.032559 -0.055304
v 0.070935 -0.027315 -0.055304
v 0.072984 -0.025710 -0.050370
v 0.071419 -0.026010 -0.056181
v 0.074784 -0.019198 -0.052072
v 0.070769 -0.026379 -0.063304
v 0.070830 -0.027045 -0.056712
v 0.070717 -0.026618 -0.059716
v 0.067713 -0.032013 -0.059342
v 0.064318 -0.037145 -0.059386
v 0.064481 -0.037579 -0.055304
v 0.067786 -0.031846 -0.063344
v 0.070964 -0.026565 -0.067348
v 0.064378 -0.037110 -0.063404
v 0.068796 -0.030778 -0.067373
v 0.069431 -0.031122 -0.071304
v 0.071559 -0.026798 -0.071304
v 0.063580 -0.039050 -0.067437
v 0.056862 -0.047093 -0.063480
v 0.057056 -0.047589 -0.067475
v 0.064248 -0.039602 -0.071304
v 0.057571 -0.048247 -0.071303
v 0.058034 -0.048625 -0.073421
v 0.063821 -0.045299 -0.079999
v 0.065680 -0.042955 -0.079999
v 0.066601 -0.038687 -0.075596
v 0.069025 -0.038163 -0.079999
v 0.069949 -0.033063 -0.075639
v 0.071956 -0.033144 -0.079999
v 0.072769 -0.027258 -0.075702
v 0.076518 -0.022545 -0.079999
v 0.074443 -0.027961 -0.079999
v 0.076202 -0.017631 -0.076023
v 0.073572 -0.022042 -0.071901
v 0.072940 -0.021762 -0.067649
v 0.075052 -0.017186 -0.071907
v 0.074432 -0.016906 -0.067651
v 0.073795 -0.018294 -0.063308
v 0.079749 -0.008079 -0.079999
v 0.078462 -0.007843 -0.077140
v 0.077418 -0.019672 -0.079999
v 0.078822 -0.013945 -0.079999
v 0.077829 -0.018196 -0.079999
v 0.080097 -0.004038 -0.079999
v 0.080212 0.000001 -0.079999
v 0.080097 0.004039 -0.079999
v 0.059884 -0.049688 -0.079999
v 0.056180 -0.053226 -0.079999
v 0.052702 -0.054628 -0.075646
v 0.052198 -0.054290 -0.073464
v 0.046118 -0.059155 -0.075641
v 0.045613 -0.058756 -0.073459
v 0.054217 -0.051780 -0.071302
v 0.045185 -0.058334 -0.071301
v 0.050406 -0.055011 -0.071302
v 0.051784 -0.053935 -0.071302
v 0.049791 -0.053838 -0.063358
v 0.053598 -0.050645 -0.063355
v 0.053586 -0.050683 -0.055302
v 0.056865 -0.046915 -0.059446
v 0.056978 -0.047108 -0.055303
v 0.053757 -0.051468 -0.049053
v 0.057259 -0.047825 -0.050127
v 0.057645 -0.049025 -0.044741
v 0.053983 -0.052745 -0.042888
v 0.061209 -0.043760 -0.049069
v 0.061865 -0.045577 -0.042841
v 0.065083 -0.039021 -0.049039
v 0.065984 -0.041083 -0.042815
v 0.063104 -0.049767 -0.030741
v 0.067831 -0.045663 -0.030737
v 0.063632 -0.052355 -0.023089
v 0.072025 -0.041436 -0.030725
v 0.068498 -0.048571 -0.023086
v 0.073051 -0.044472 -0.023075
v 0.073643 -0.046897 -0.015437
v 0.078003 -0.042766 -0.015435
v 0.077738 -0.041779 -0.018582
v 0.078358 -0.042584 -0.014937
v 0.078358 -0.040814 -0.019254
v 0.078358 -0.040000 -0.015227
v 0.078358 -0.040850 -0.012772
v 0.078358 -0.042996 -0.013708
v 0.078358 -0.041968 -0.008397
v 0.078358 -0.044174 -0.009233
v 0.078358 -0.043776 -0.010965
v 0.078358 -0.042400 -0.005835
v 0.078358 -0.042779 -0.001336
v 0.078358 -0.044887 -0.004660
v 0.078313 -0.044500 -0.007756
v 0.078355 -0.045067 -0.002417
v 0.078358 -0.045129 -0.000000
v 0.071961 -0.050595 -0.000001
v 0.078358 -0.042781 0.001263
v 0.078358 -0.042410 0.005763
v 0.078358 -0.044887 0.004659
v 0.071961 -0.050348 0.005078
v 0.071961 -0.049611 0.010080
v 0.064943 -0.054531 0.011081
v 0.064943 -0.055332 0.005579
v 0.064943 -0.055599 -0.000001
v 0.058884 -0.059307 -0.000001
v 0.063998 -0.055753 -0.007763
v 0.073863 -0.048487 -0.007758
v 0.069063 -0.052256 -0.007762
v 0.058887 -0.059196 -0.003880
v 0.057583 -0.060039 -0.000001
v 0.050336 -0.063494 -0.005749
v 0.058892 -0.058868 -0.007761
v 0.058892 -0.058637 -0.009619
v 0.050337 -0.062751 -0.011951
v 0.058870 -0.057591 -0.015542
v 0.063929 -0.054420 -0.015449
v 0.068931 -0.050808 -0.015446
v 0.058768 -0.055887 -0.022319
v 0.050340 -0.061203 -0.019853
v 0.050338 -0.062141 -0.015439
v 0.054378 -0.058282 -0.023077
v 0.054333 -0.056073 -0.030739
v 0.058489 -0.053279 -0.030740
v 0.050363 -0.061090 -0.020292
v 0.050219 -0.058461 -0.030738
v 0.050536 -0.059528 -0.026167
v 0.049562 -0.057763 -0.034662
v 0.049873 -0.055574 -0.042905
v 0.045307 -0.057293 -0.046757
v 0.046383 -0.057159 -0.044554
v 0.047906 -0.057166 -0.040723
v 0.049089 -0.057485 -0.036734
v 0.049796 -0.054458 -0.049071
v 0.049747 -0.053786 -0.055302
v 0.045438 -0.056885 -0.049079
v 0.045440 -0.056271 -0.055301
v 0.040798 -0.058135 -0.059032
v 0.040800 -0.058215 -0.055300
v 0.040837 -0.058486 -0.063399
v 0.045493 -0.056428 -0.063373
v 0.040798 -0.058334 -0.053571
v 0.043233 -0.057711 -0.050270
v 0.039287 -0.058765 -0.055300
v 0.038905 -0.058877 -0.055705
v 0.036777 -0.059530 -0.057751
v 0.036005 -0.059778 -0.058416
v 0.032794 -0.060856 -0.060814
v 0.033572 -0.060905 -0.062915
v 0.033738 -0.061813 -0.067037
v 0.029311 -0.062045 -0.062868
v 0.025818 -0.063884 -0.066983
v 0.025539 -0.063249 -0.064584
v 0.022212 -0.064168 -0.065733
v 0.018117 -0.065056 -0.066749
v 0.017732 -0.065162 -0.066936
v 0.013921 -0.065647 -0.067391
v 0.017887 -0.066815 -0.071297
v 0.009557 -0.065909 -0.067681
v 0.009557 -0.067339 -0.071296
v 0.007268 -0.065771 -0.067574
v 0.009556 -0.065906 -0.067675
v 0.009550 -0.065903 -0.067667
v 0.009524 -0.065897 -0.067651
v 0.004995 -0.065552 -0.067473
v 0.002407 -0.065279 -0.067540
v 0.007916 -0.070700 -0.079999
v 0.009557 -0.070733 -0.079999
v 0.015455 -0.070445 -0.079999
v 0.018574 -0.070100 -0.079999
v 0.021640 -0.069628 -0.079999
v 0.026111 -0.065401 -0.071299
v 0.027353 -0.068382 -0.079999
v 0.033004 -0.066654 -0.079999
v 0.034137 -0.063114 -0.071300
v 0.035955 -0.065543 -0.079999
v 0.042663 -0.061026 -0.075639
v 0.042145 -0.060562 -0.073457
v 0.038477 -0.064475 -0.079999
v 0.043836 -0.061822 -0.079999
v 0.048694 -0.058921 -0.079999
v 0.052235 -0.056442 -0.079999
v 0.053833 -0.055202 -0.079999
v 0.041696 -0.060076 -0.071301
v 0.002003 -0.070279 -0.079999
v 0.063065 -0.049799 -0.030741
v 0.058192 -0.051389 -0.036620
v 0.050336 -0.063731 -0.000001
v 0.050336 -0.063474 0.005874
v 0.057583 -0.059752 0.006025
v 0.050336 -0.062749 0.011420
v 0.057583 -0.058891 0.011968
v 0.050336 -0.061452 0.017272
v 0.050337 -0.059622 0.022974
v 0.057583 -0.057465 0.017771
v 0.057583 -0.055488 0.023379
v 0.064943 -0.053207 0.016452
v 0.071961 -0.048395 0.014959
v 0.064943 -0.051372 0.021642
v 0.071961 -0.046713 0.019672
v 0.057584 -0.052976 0.028741
v 0.064943 -0.049042 0.026604
v 0.057584 -0.049953 0.033808
v 0.071961 -0.044584 0.024176
v 0.064944 -0.046240 0.031292
v 0.071962 -0.042028 0.028433
v 0.064944 -0.042991 0.035665
v 0.057584 -0.046445 0.038533
v 0.057584 -0.042483 0.042875
v 0.050337 -0.045310 0.045303
v 0.050337 -0.051915 0.037500
v 0.050337 -0.048732 0.041588
v 0.050337 -0.054790 0.033086
v 0.050337 -0.057491 0.028012
v 0.050337 -0.041302 0.048973
v 0.050337 -0.036904 0.052334
v 0.057584 -0.038103 0.046795
v 0.064944 -0.035268 0.043314
v 0.064944 -0.039323 0.039685
v 0.057584 -0.033343 0.050258
v 0.057584 -0.028247 0.053234
v 0.050338 -0.031796 0.055533
v 0.064944 -0.030863 0.046523
v 0.071962 -0.028045 0.042284
v 0.071962 -0.032046 0.039362
v 0.064944 -0.026147 0.049281
v 0.057584 -0.022859 0.055696
v 0.064944 -0.021161 0.051564
v 0.071962 -0.023763 0.044801
v 0.078359 -0.019842 0.040531
v 0.071962 -0.019236 0.046889
v 0.071962 -0.014506 0.048527
v 0.064944 -0.015951 0.053352
v 0.078359 -0.015586 0.042349
v 0.078359 -0.015772 0.039788
v 0.078359 -0.011493 0.041228
v 0.078359 -0.011167 0.043723
v 0.071962 -0.009612 0.049698
v 0.078359 -0.008970 0.041849
v 0.078359 -0.009908 0.044025
v 0.071963 -0.004600 0.050389
v 0.078360 -0.005332 0.044809
v 0.078360 -0.004507 0.042562
v 0.078360 -0.000001 0.042800
v 0.078360 -0.000708 0.045120
v 0.078360 -0.000001 0.045126
v 0.075814 -0.000001 0.047430
v 0.070627 -0.000001 0.051613
v 0.064945 -0.005053 0.055377
v 0.064325 -0.000001 0.056000
v 0.064269 -0.000374 0.056035
v 0.064075 -0.000774 0.056156
v 0.063634 -0.001239 0.056430
v 0.062680 -0.001742 0.057018
v 0.061200 -0.001998 0.057916
v 0.060846 -0.001996 0.058128
v 0.057585 -0.005455 0.059801
v 0.059415 -0.001745 0.058977
v 0.058927 -0.001551 0.059262
v 0.058388 -0.001232 0.059576
v 0.057923 -0.000774 0.059844
v 0.057732 -0.000427 0.059954
v 0.057655 -0.000081 0.059998
v 0.057652 -0.000001 0.060000
v 0.057398 -0.000001 0.060141
v 0.050449 -0.000001 0.063677
v 0.050338 -0.003529 0.063636
v 0.050338 -0.006775 0.063386
v 0.050338 -0.012428 0.062563
v 0.057585 -0.011410 0.058995
v 0.050338 -0.017185 0.061474
v 0.057585 -0.017229 0.057622
v 0.064945 -0.010565 0.054627
v 0.050338 -0.022125 0.059930
v 0.050338 -0.027246 0.057847
v 0.078359 -0.018158 0.038757
v 0.078359 -0.022140 0.036629
v 0.078359 -0.023921 0.038265
v 0.078359 -0.025011 0.037563
v 0.078359 -0.024322 0.035218
v 0.078359 -0.028726 0.034804
v 0.078359 -0.032140 0.031680
v 0.078359 -0.027897 0.032459
v 0.078359 -0.029815 0.030707
v 0.078359 -0.032884 0.027395
v 0.078359 -0.035239 0.028192
v 0.078359 -0.036035 0.027167
v 0.071962 -0.035731 0.036059
v 0.071962 -0.039068 0.032405
v 0.078359 -0.034486 0.025349
v 0.078359 -0.038628 0.023334
v 0.078358 -0.040815 0.019255
v 0.078359 -0.036964 0.021575
v 0.078359 -0.038206 0.019292
v 0.078358 -0.040025 0.015159
v 0.078358 -0.042585 0.014938
v 0.078358 -0.042996 0.013708
v 0.078358 -0.040872 0.012702
v 0.078358 -0.044174 0.009232
v 0.078358 -0.041982 0.008326
v 0.078130 -0.043342 -0.013326
v 0.076081 0.006266 -0.058656
v 0.076291 0.000001 -0.063310
v 0.075960 0.007198 -0.063310
v 0.076200 0.007260 -0.067655
v 0.075614 0.009977 -0.063309
v 0.066601 0.038689 -0.075596
v 0.069025 0.038164 -0.079999
v 0.065680 0.042957 -0.079999
v 0.064248 0.039604 -0.071304
v 0.063821 0.045301 -0.079999
v 0.057891 0.048520 -0.072821
v 0.059884 0.049689 -0.079999
v 0.052702 0.054629 -0.075646
v 0.056180 0.053227 -0.079999
v 0.053833 0.055204 -0.079999
v 0.052235 0.056443 -0.079999
v 0.046118 0.059157 -0.075641
v 0.048694 0.058923 -0.079999
v 0.043836 0.061824 -0.079999
v 0.042663 0.061027 -0.075639
v 0.035955 0.065545 -0.079999
v 0.038477 0.064477 -0.079999
v 0.042145 0.060564 -0.073457
v 0.033004 0.066655 -0.079999
v 0.027353 0.068384 -0.079999
v 0.021640 0.069630 -0.079999
v 0.018574 0.070102 -0.079999
v 0.078359 0.032411 -0.027953
v 0.078359 0.036036 -0.027166
v 0.078359 0.034047 -0.025935
v 0.078359 0.036913 -0.025962
v 0.078359 0.038629 -0.023333
v 0.078359 0.036590 -0.022204
v 0.078359 0.037870 -0.019942
v 0.078358 0.040816 -0.019254
v 0.077051 0.039736 -0.024059
v 0.078358 0.042586 -0.014937
v 0.077908 0.042392 -0.016689
v 0.077716 0.041704 -0.018804
v 0.073051 0.044474 -0.023075
v 0.073643 0.046899 -0.015437
v 0.068931 0.050809 -0.015446
v 0.073863 0.048489 -0.007758
v 0.078126 0.043326 -0.013396
v 0.078002 0.042768 -0.015434
v 0.078312 0.044490 -0.007835
v 0.078358 0.042997 -0.013708
v 0.078358 0.044175 -0.009233
v 0.078358 0.044889 -0.004660
v 0.078358 0.041834 -0.009043
v 0.078358 0.040648 -0.013399
v 0.078358 0.039760 -0.015842
v 0.078358 0.042305 -0.006487
v 0.078358 0.045130 -0.000000
v 0.078358 0.042753 -0.001994
v 0.078358 0.042796 0.000604
v 0.078358 0.044889 0.004659
v 0.078358 0.042494 0.005109
v 0.078358 0.044176 0.009232
v 0.078358 0.042106 0.007678
v 0.078358 0.042998 0.013708
v 0.078358 0.041062 0.012071
v 0.078358 0.042586 0.014938
v 0.078358 0.040254 0.014541
v 0.078358 0.040816 0.019255
v 0.078359 0.038498 0.018701
v 0.078359 0.038630 0.023334
v 0.078359 0.037292 0.021003
v 0.078359 0.036037 0.027167
v 0.078359 0.034872 0.024815
v 0.078359 0.035241 0.028192
v 0.078359 0.033302 0.026885
v 0.078359 0.032141 0.031680
v 0.078359 0.030285 0.030244
v 0.078359 0.028728 0.034804
v 0.078359 0.028393 0.032026
v 0.078359 0.025012 0.037563
v 0.078359 0.024861 0.034839
v 0.078359 0.023923 0.038265
v 0.078359 0.022701 0.036283
v 0.078359 0.019844 0.040531
v 0.078359 0.018753 0.038473
v 0.078359 0.015588 0.042349
v 0.078359 0.016383 0.039540
v 0.078359 0.011168 0.043723
v 0.078359 0.012127 0.041046
v 0.078359 0.009910 0.044025
v 0.078359 0.009613 0.041706
v 0.078360 0.005334 0.044809
v 0.078360 0.005166 0.042487
v 0.078360 0.004510 0.042562
v 0.078360 0.000710 0.045120
v 0.078360 0.000003 0.042800
v 0.078360 0.000003 0.045126
v 0.075814 0.000003 0.047430
v 0.070627 0.000003 0.051613
v 0.071988 0.004599 0.050369
v 0.064325 0.000003 0.056000
v 0.064323 0.000074 0.056001
v 0.065000 0.005051 0.055341
v 0.065000 0.010560 0.054592
v 0.071988 0.009610 0.049678
v 0.064221 0.000505 0.056065
v 0.064006 0.000869 0.056199
v 0.063509 0.001331 0.056507
v 0.062937 0.001643 0.056860
v 0.062681 0.001742 0.057017
v 0.061268 0.001996 0.057875
v 0.057670 0.005453 0.059754
v 0.050449 0.005958 0.063412
v 0.050449 0.011595 0.062664
v 0.058344 0.001198 0.059601
v 0.057652 0.000003 0.060000
v 0.057899 0.000739 0.059858
v 0.057708 0.000356 0.059968
v 0.060863 0.001997 0.058118
v 0.059344 0.001721 0.059019
v 0.057670 0.011402 0.058948
v 0.057398 0.000003 0.060141
v 0.050449 0.000003 0.063677
v 0.057669 0.017217 0.057577
v 0.064999 0.015943 0.053317
v 0.050449 0.017074 0.061450
v 0.050449 0.022389 0.059781
v 0.057669 0.022843 0.055652
v 0.050449 0.027889 0.057491
v 0.050449 0.033004 0.054778
v 0.057669 0.028226 0.053192
v 0.057669 0.033319 0.050219
v 0.064999 0.030845 0.046492
v 0.064999 0.026131 0.049249
v 0.071988 0.023755 0.044783
v 0.071988 0.028035 0.042267
v 0.064999 0.021149 0.051531
v 0.071988 0.019230 0.046870
v 0.071988 0.014502 0.048508
v 0.071987 0.032035 0.039346
v 0.064999 0.035247 0.043286
v 0.071987 0.035718 0.036044
v 0.064999 0.039298 0.039659
v 0.071987 0.039054 0.032392
v 0.071987 0.042013 0.028421
v 0.064999 0.042964 0.035642
v 0.057669 0.046410 0.038503
v 0.057669 0.042451 0.042841
v 0.064999 0.046212 0.031272
v 0.057668 0.049915 0.033781
v 0.071987 0.044568 0.024166
v 0.064998 0.049012 0.026586
v 0.064998 0.051340 0.021628
v 0.071987 0.046696 0.019664
v 0.057668 0.052936 0.028719
v 0.050448 0.055566 0.031635
v 0.050448 0.058008 0.026773
v 0.057668 0.055446 0.023361
v 0.064998 0.053174 0.016441
v 0.050448 0.059983 0.021831
v 0.057668 0.057422 0.017757
v 0.064998 0.054498 0.011074
v 0.050448 0.061591 0.016553
v 0.057668 0.058846 0.011958
v 0.057668 0.059707 0.006020
v 0.050447 0.062794 0.010855
v 0.064998 0.055297 0.005576
v 0.058884 0.059309 -0.000001
v 0.071987 0.050577 -0.000001
v 0.071987 0.050329 0.005076
v 0.064998 0.055565 -0.000001
v 0.058885 0.059257 -0.002654
v 0.063998 0.055755 -0.007763
v 0.069063 0.052257 -0.007762
v 0.063929 0.054421 -0.015449
v 0.058892 0.058707 -0.009108
v 0.058873 0.057676 -0.015146
v 0.058783 0.056084 -0.021628
v 0.063632 0.052357 -0.023089
v 0.063104 0.049769 -0.030741
v 0.063065 0.049801 -0.030741
v 0.058489 0.053281 -0.030740
v 0.068498 0.048572 -0.023086
v 0.072025 0.041437 -0.030725
v 0.067831 0.045664 -0.030737
v 0.061865 0.045579 -0.042841
v 0.058235 0.051631 -0.035862
v 0.057672 0.049119 -0.044384
v 0.057257 0.047822 -0.050152
v 0.053757 0.051470 -0.049053
v 0.053983 0.052747 -0.042888
v 0.049796 0.054460 -0.049071
v 0.049873 0.055575 -0.042905
v 0.049562 0.057764 -0.034662
v 0.048572 0.057297 -0.038637
v 0.047258 0.057127 -0.042481
v 0.046383 0.057160 -0.044554
v 0.050219 0.058462 -0.030738
v 0.054333 0.056075 -0.030739
v 0.050504 0.059266 -0.027216
v 0.050450 0.060633 -0.022029
v 0.054436 0.058251 -0.023077
v 0.050449 0.061386 -0.018819
v 0.050448 0.062089 -0.015438
v 0.050448 0.062661 -0.012201
v 0.050447 0.063415 -0.006100
v 0.050447 0.063681 -0.000001
v 0.058892 0.058870 -0.007761
v 0.057668 0.059994 -0.000001
v 0.050447 0.063490 0.005060
v 0.050447 0.063376 0.006390
v 0.044491 0.057441 -0.048236
v 0.045438 0.056886 -0.049079
v 0.042237 0.057955 -0.051708
v 0.040800 0.058217 -0.055300
v 0.040798 0.058336 -0.053571
v 0.039287 0.058766 -0.055300
v 0.074446 0.038635 -0.030712
v 0.076189 0.037631 -0.028976
v 0.071987 0.049593 0.010076
v 0.071987 0.048377 0.014953
v 0.078353 0.045015 -0.003297
v 0.050448 0.052732 0.036237
v 0.050448 0.049531 0.040547
v 0.050448 0.049265 0.040872
v 0.050448 0.046039 0.044489
v 0.050448 0.042155 0.048178
v 0.050448 0.037739 0.051680
v 0.057669 0.038075 0.046758
v 0.004995 0.065554 -0.067473
v 0.002407 0.065281 -0.067540
v -0.001780 0.064618 -0.067650
v -0.004090 0.064132 -0.067710
v -0.054351 0.000001 -0.069024
v 0.075986 0.000003 0.040458
v 0.075986 0.000003 0.042458
v 0.075986 -0.001493 0.040430
v 0.075986 -0.002273 0.042397
v 0.075986 -0.005594 0.040069
v 0.075986 -0.006544 0.041951
v 0.075986 -0.009778 0.039258
v 0.075986 -0.010889 0.041038
v 0.075986 -0.013974 0.037968
v 0.075986 -0.015236 0.039630
v 0.075986 -0.018101 0.036183
v 0.075986 -0.019501 0.037715
v 0.075986 -0.022074 0.033906
v 0.075986 -0.023597 0.035297
v 0.075986 -0.025806 0.031160
v 0.075986 -0.027437 0.032403
v 0.075986 -0.029217 0.027987
v 0.075986 -0.030941 0.029076
v 0.075986 -0.032237 0.024448
v 0.075986 -0.034039 0.025379
v 0.075986 -0.034812 0.020616
v 0.075986 -0.036677 0.021389
v 0.075986 -0.036907 0.016576
v 0.075986 -0.038823 0.017191
v 0.075986 -0.038507 0.012414
v 0.075986 -0.040461 0.012871
v 0.075986 -0.039616 0.008214
v 0.075986 -0.041596 0.008516
v 0.075986 -0.040255 0.004054
v 0.075986 -0.042250 0.004203
v 0.075986 -0.040458 0.000001
v 0.075986 -0.042458 0.000001
v 0.075986 -0.040255 -0.004052
v 0.075986 -0.042250 -0.004201
v 0.075986 -0.039616 -0.008212
v 0.075986 -0.041596 -0.008514
v 0.075986 -0.038507 -0.012412
v 0.075986 -0.040461 -0.012869
v 0.075986 -0.036907 -0.016574
v 0.075986 -0.038823 -0.017188
v 0.075986 -0.034812 -0.020614
v 0.075986 -0.036677 -0.021387
v 0.075986 -0.032237 -0.024446
v 0.075986 -0.034039 -0.025377
v 0.075986 -0.029217 -0.027985
v 0.075986 -0.030941 -0.029074
v 0.075986 -0.025806 -0.031158
v 0.075986 -0.027437 -0.032401
v 0.075986 -0.022074 -0.033904
v 0.075986 -0.023597 -0.035295
v 0.075986 -0.018102 -0.036181
v 0.075986 -0.019501 -0.037713
v 0.075986 -0.013975 -0.037966
v 0.075986 -0.015236 -0.039628
v 0.075986 -0.009779 -0.039256
v 0.075986 -0.010890 -0.041036
v 0.075986 -0.005595 -0.040067
v 0.075986 -0.006545 -0.041948
v 0.075986 -0.001494 -0.040428
v 0.075986 -0.002274 -0.042395
v 0.075986 0.000002 -0.040456
v 0.075986 0.000002 -0.042456
v 0.080126 0.000003 0.032599
v 0.082085 0.000003 0.033001
v 0.080074 -0.001147 0.032828
v 0.082032 -0.001161 0.033236
v 0.079927 -0.002109 0.033475
v 0.081882 -0.002136 0.033897
v 0.079706 -0.002741 0.034426
v 0.081656 -0.002776 0.034871
v 0.079441 -0.002958 0.035533
v 0.081384 -0.002998 0.036006
v 0.079168 -0.002736 0.036635
v 0.081104 -0.002774 0.037138
v 0.078927 -0.002104 0.037576
v 0.080855 -0.002134 0.038107
v 0.078759 -0.001144 0.038214
v 0.080681 -0.001161 0.038766
v 0.078698 0.000003 0.038441
v 0.080618 0.000003 0.039001
v 0.075985 0.029078 0.028136
v 0.075985 0.030873 0.029153
v 0.075985 0.029073 0.030947
v 0.075985 0.025672 0.031274
v 0.075985 0.035084 -0.020156
v 0.075985 0.032579 -0.023994
v 0.075985 0.034916 -0.024162
v 0.075985 0.029629 -0.027553
v 0.075985 0.026286 -0.030758
v 0.075985 0.028176 -0.031764
v 0.075985 0.026228 -0.033390
v 0.075985 0.009721 0.039274
v 0.075985 0.013892 0.038000
v 0.075985 0.013753 0.040170
v 0.075985 0.027171 0.032629
v 0.075985 0.025147 0.034213
v 0.075985 0.021952 0.033988
v 0.075985 0.023041 0.035666
v 0.075985 0.017998 0.036237
v 0.075985 0.032561 0.027255
v 0.075985 0.032099 0.024634
v 0.075985 0.034128 0.025265
v 0.075985 0.030026 -0.030022
v 0.075985 0.031765 -0.028176
v 0.075985 0.033388 -0.026233
v 0.075985 0.022085 -0.036263
v 0.075985 0.022615 -0.033549
v 0.075985 0.017672 -0.038606
v 0.075985 0.018695 -0.035880
v 0.075985 0.013054 -0.040401
v 0.075985 0.020824 0.037004
v 0.075985 0.018548 0.038195
v 0.075985 0.016166 0.039262
v 0.075986 0.001486 0.040431
v 0.075985 0.011237 0.040945
v 0.075985 0.008721 0.041554
v 0.075986 0.005562 0.040074
v 0.075986 0.006114 0.042016
v 0.075986 0.003537 0.042311
v 0.075985 0.036310 -0.022013
v 0.075985 0.037587 -0.019755
v 0.075985 0.037111 -0.016122
v 0.075986 0.002183 -0.040397
v 0.075986 0.003479 -0.042314
v 0.075986 0.006278 -0.039967
v 0.075985 0.008301 -0.041637
v 0.075985 0.010444 -0.039086
v 0.075985 0.014610 -0.037728
v 0.075985 0.040295 -0.003675
v 0.075985 0.039703 -0.007802
v 0.075984 0.041793 -0.007511
v 0.075985 0.036877 0.021052
v 0.075985 0.034684 0.020838
v 0.075985 0.039091 0.016583
v 0.075985 0.036796 0.016832
v 0.075985 0.040753 0.011928
v 0.075985 0.038418 0.012700
v 0.075984 0.041856 0.007153
v 0.075985 0.039555 0.008525
v 0.075984 0.042399 0.002324
v 0.075985 0.038713 -0.017444
v 0.075985 0.039714 -0.015028
v 0.075985 0.038649 -0.011977
v 0.075985 0.040554 -0.012588
v 0.075985 0.041257 -0.010046
v 0.075985 0.040225 0.004384
v 0.075985 0.040461 0.000344
v 0.075984 0.042399 -0.002325
v 0.075984 0.042179 -0.004900
v 0.081128 0.037042 0.002815
v 0.079167 0.036640 0.002738
v 0.079279 0.036194 0.002883
v 0.081488 0.035577 0.002971
v 0.078954 0.037474 0.002206
v 0.080854 0.038111 0.002135
v 0.078927 0.037579 0.002105
v 0.078698 0.038442 0.000001
v 0.078708 0.038405 0.000473
v 0.080651 0.038879 0.000852
v 0.078759 0.038216 0.001146
v 0.078852 0.037865 0.001771
v 0.082082 0.033014 -0.000265
v 0.082060 0.033111 0.000803
v 0.080122 0.032614 -0.000282
v 0.080098 0.032724 0.000852
v 0.082032 0.033235 -0.001158
v 0.080074 0.032828 -0.001144
v 0.081970 0.033509 -0.001668
v 0.080011 0.033107 -0.001664
v 0.081882 0.033894 -0.002133
v 0.079927 0.033473 -0.002107
v 0.081725 0.034575 -0.002638
v 0.079770 0.034152 -0.002612
v 0.081656 0.034867 -0.002776
v 0.081385 0.036002 -0.002999
v 0.079442 0.035530 -0.002960
v 0.081072 0.037265 -0.002720
v 0.080618 0.039002 0.000001
v 0.080631 0.038954 -0.000534
v 0.078737 0.038299 -0.000916
v 0.080681 0.038768 -0.001163
v 0.078927 0.037576 -0.002106
v 0.080783 0.038382 -0.001825
v 0.079168 0.036635 -0.002738
v 0.079233 0.036378 -0.002831
v 0.082032 0.033238 0.001166
v 0.081907 0.033788 0.002025
v 0.079939 0.033422 0.002057
v 0.081881 0.033900 0.002141
v 0.079886 0.033654 0.002276
v 0.081796 0.034267 0.002448
v 0.079705 0.034431 0.002746
v 0.081654 0.034876 0.002782
v 0.079599 0.034879 0.002888
v 0.079440 0.035539 0.002962
v 0.082032 -0.033236 0.001173
v 0.080074 -0.032829 0.001159
v 0.081976 -0.033482 0.001635
v 0.079926 -0.033478 0.002119
v 0.079671 -0.034572 0.002801
v 0.081762 -0.034415 0.002549
v 0.081881 -0.033900 0.002145
v 0.081020 -0.037467 0.002616
v 0.079168 -0.036638 0.002737
v 0.079011 -0.037252 0.002385
v 0.080854 -0.038110 0.002131
v 0.078901 -0.037678 0.001995
v 0.080806 -0.038294 0.001931
v 0.078759 -0.038214 0.001138
v 0.080681 -0.038767 0.001155
v 0.080642 -0.038915 0.000699
v 0.078727 -0.038336 0.000777
v 0.080622 -0.038988 -0.000244
v 0.078703 -0.038425 -0.000270
v 0.080683 -0.038761 -0.001168
v 0.078761 -0.038208 -0.001151
v 0.080753 -0.038497 -0.001659
v 0.078832 -0.037938 -0.001657
v 0.080857 -0.038101 -0.002138
v 0.078929 -0.037569 -0.002108
v 0.081030 -0.037428 -0.002636
v 0.079101 -0.036900 -0.002609
v 0.081105 -0.037131 -0.002777
v 0.081386 -0.035998 -0.002999
v 0.079443 -0.035525 -0.002960
v 0.081658 -0.034859 -0.002775
v 0.079733 -0.034310 -0.002693
v 0.081731 -0.034549 -0.002626
v 0.079929 -0.033465 -0.002104
v 0.081927 -0.033698 -0.001926
v 0.079986 -0.033218 -0.001824
v 0.082034 -0.033229 -0.001153
v 0.080076 -0.032821 -0.001139
v 0.082068 -0.033075 -0.000678
v 0.080116 -0.032642 -0.000526
v 0.082083 -0.033007 0.000243
v 0.080126 -0.032595 0.000012
v 0.080097 -0.032724 0.000867
v 0.079330 -0.035988 0.002924
v 0.081366 -0.036078 0.003000
v 0.079440 -0.035537 0.002962
v 0.081433 -0.035805 0.002995
v 0.081655 -0.034874 0.002783
v 0.078759 0.001149 0.038214
v 0.080681 0.001166 0.038766
v 0.078927 0.002108 0.037576
v 0.080855 0.002138 0.038108
v 0.079168 0.002741 0.036635
v 0.081103 0.002778 0.037139
v 0.079441 0.002963 0.035534
v 0.081384 0.003002 0.036007
v 0.079705 0.002746 0.034428
v 0.081655 0.002782 0.034872
v 0.079927 0.002115 0.033476
v 0.081881 0.002142 0.033898
v 0.080074 0.001153 0.032829
v 0.082032 0.001167 0.033236
v 0.085024 -0.000842 0.005409
v 0.085109 0.000002 0.000001
v 0.085024 -0.001402 0.005292
v 0.085024 -0.004727 0.002758
v 0.085024 -0.005004 0.002217
v 0.085024 -0.005445 0.000543
v 0.085024 -0.005472 0.000001
v 0.085024 -0.005215 -0.001658
v 0.085024 -0.005004 -0.002215
v 0.085024 -0.003987 -0.003747
v 0.085024 -0.003536 -0.004176
v 0.085024 -0.003041 -0.004549
v 0.085024 -0.002513 -0.004861
v 0.085024 -0.001963 -0.005108
v 0.085024 -0.001402 -0.005289
v 0.085024 -0.002513 0.004863
v 0.085024 -0.003041 0.004551
v 0.085024 -0.001963 0.005110
v 0.085024 -0.003536 0.004178
v 0.085024 -0.003987 0.003749
v 0.085024 -0.004387 0.003273
v 0.085024 -0.005215 0.001660
v 0.085024 -0.005361 0.001099
v 0.085024 -0.005445 -0.000541
v 0.085024 -0.005361 -0.001097
v 0.085024 -0.004727 -0.002756
v 0.085024 -0.004387 -0.003271
v 0.085024 -0.000842 -0.005407
v 0.085024 -0.000291 -0.005465
v 0.080814 -0.002051 0.038261
v 0.080062 0.000003 0.040792
v 0.079471 -0.002273 0.042397
v 0.079471 0.000003 0.042458
v 0.081931 0.000002 -0.033735
v 0.081310 0.000002 -0.036430
v 0.080814 -0.002052 -0.038259
v 0.080814 0.000002 -0.038314
v 0.080761 0.000002 -0.038502
v 0.083711 0.000002 -0.022886
v 0.082819 0.000002 -0.029050
v 0.082939 -0.001516 -0.028277
v 0.084763 0.000002 -0.011253
v 0.084094 0.000002 -0.019496
v 0.084336 -0.000909 -0.016966
v 0.083727 0.000002 -0.022749
v 0.084767 -0.000597 -0.011168
v 0.084767 0.000002 -0.011184
v 0.085024 0.000002 -0.005473
v 0.085023 0.000002 -0.005506
v 0.084919 0.000002 -0.008265
v 0.084336 -0.000908 0.016968
v 0.084336 0.000003 0.016993
v 0.084692 0.000003 0.012393
v 0.082939 -0.001515 0.028280
v 0.082913 0.000003 0.028483
v 0.083618 0.000003 0.023626
v 0.080814 -0.005905 0.037858
v 0.081969 -0.001796 0.033508
v 0.081969 -0.005171 0.033155
v 0.080814 -0.038128 -0.003791
v 0.081969 -0.033391 -0.003320
v 0.079471 -0.042458 0.000001
v 0.079471 -0.042250 -0.004201
v 0.079471 -0.042250 0.004203
v 0.080814 -0.038128 0.003794
v 0.081969 -0.033391 0.003322
v 0.082939 -0.028181 0.002804
v 0.082939 -0.028320 0.000001
v 0.082939 -0.028181 -0.002802
v 0.080814 -0.037538 -0.007683
v 0.079471 -0.041596 -0.008514
v 0.080814 -0.036513 -0.011613
v 0.079471 -0.040461 -0.012869
v 0.080814 -0.035036 -0.015512
v 0.079471 -0.038823 -0.017188
v 0.080814 -0.033099 -0.019301
v 0.079471 -0.036677 -0.021387
v 0.080814 -0.030718 -0.022901
v 0.079471 -0.034039 -0.025377
v 0.080814 -0.027922 -0.026237
v 0.079471 -0.030941 -0.029074
v 0.080814 -0.024760 -0.029240
v 0.079471 -0.027437 -0.032401
v 0.080814 -0.021295 -0.031852
v 0.079471 -0.023597 -0.035295
v 0.080814 -0.017599 -0.034034
v 0.079471 -0.019501 -0.037713
v 0.080814 -0.013750 -0.035762
v 0.079471 -0.015236 -0.039628
v 0.080814 -0.009828 -0.037032
v 0.079471 -0.010890 -0.041036
v 0.080814 -0.005906 -0.037856
v 0.079471 -0.006545 -0.041948
v 0.079471 -0.002274 -0.042395
v 0.079471 0.000002 -0.042456
v 0.081969 -0.001797 -0.033506
v 0.081969 -0.005172 -0.033153
v 0.082939 -0.004365 -0.027980
v 0.081969 -0.008607 -0.032431
v 0.082939 -0.007263 -0.027371
v 0.081969 -0.012042 -0.031319
v 0.082939 -0.010163 -0.026432
v 0.081969 -0.015412 -0.029805
v 0.082939 -0.013007 -0.025154
v 0.081969 -0.018649 -0.027895
v 0.082939 -0.015739 -0.023542
v 0.081969 -0.021684 -0.025607
v 0.082939 -0.018301 -0.021611
v 0.081969 -0.024453 -0.022978
v 0.082939 -0.020638 -0.019392
v 0.081969 -0.026902 -0.020056
v 0.082939 -0.022704 -0.016926
v 0.081969 -0.028987 -0.016903
v 0.082939 -0.024464 -0.014265
v 0.081969 -0.030683 -0.013584
v 0.082939 -0.025895 -0.011464
v 0.081969 -0.031977 -0.010171
v 0.082939 -0.026988 -0.008583
v 0.081969 -0.032874 -0.006729
v 0.082939 -0.027745 -0.005679
v 0.079471 -0.006544 0.041951
v 0.080814 -0.009827 0.037034
v 0.079471 -0.010889 0.041038
v 0.080814 -0.013750 0.035764
v 0.079471 -0.015236 0.039630
v 0.080814 -0.017598 0.034036
v 0.079471 -0.019501 0.037715
v 0.080814 -0.021295 0.031854
v 0.079471 -0.023597 0.035297
v 0.080814 -0.024760 0.029242
v 0.079471 -0.027437 0.032403
v 0.080814 -0.027922 0.026239
v 0.079471 -0.030941 0.029076
v 0.080814 -0.030718 0.022903
v 0.079471 -0.034039 0.025379
v 0.080814 -0.033099 0.019303
v 0.079471 -0.036677 0.021389
v 0.080814 -0.035036 0.015514
v 0.079471 -0.038823 0.017191
v 0.080814 -0.036513 0.011616
v 0.079471 -0.040461 0.012871
v 0.080814 -0.037538 0.007685
v 0.079471 -0.041596 0.008516
v 0.082939 -0.004364 0.027982
v 0.082939 -0.007263 0.027373
v 0.081969 -0.008606 0.032433
v 0.082939 -0.010162 0.026434
v 0.081969 -0.012041 0.031321
v 0.082939 -0.013007 0.025156
v 0.081969 -0.015412 0.029807
v 0.082939 -0.015739 0.023544
v 0.081969 -0.018649 0.027897
v 0.082939 -0.018301 0.021613
v 0.081969 -0.021684 0.025609
v 0.082939 -0.020638 0.019394
v 0.081969 -0.024453 0.022980
v 0.082939 -0.022704 0.016928
v 0.081969 -0.026902 0.020058
v 0.082939 -0.024464 0.014267
v 0.081969 -0.028987 0.016905
v 0.082939 -0.025895 0.011467
v 0.081969 -0.030683 0.013586
v 0.082939 -0.026988 0.008585
v 0.081969 -0.031977 0.010173
v 0.082939 -0.027745 0.005681
v 0.081969 -0.032874 0.006731
v 0.083727 -0.001217 0.022719
v 0.084336 -0.002618 0.016789
v 0.084767 -0.000597 0.011170
v 0.085024 -0.000291 0.005467
v 0.085024 0.000002 0.005475
v 0.083727 -0.003506 0.022480
v 0.084336 -0.004357 0.016424
v 0.083727 -0.005835 0.021990
v 0.084336 -0.006097 0.015861
v 0.083727 -0.008164 0.021236
v 0.084336 -0.007804 0.015094
v 0.083727 -0.010449 0.020210
v 0.084336 -0.009443 0.014127
v 0.083727 -0.012644 0.018914
v 0.084336 -0.010980 0.012968
v 0.083727 -0.014702 0.017363
v 0.084336 -0.012382 0.011637
v 0.083727 -0.016579 0.015581
v 0.084336 -0.013622 0.010158
v 0.083727 -0.018239 0.013600
v 0.084336 -0.014678 0.008561
v 0.083727 -0.019654 0.011462
v 0.084336 -0.015537 0.006880
v 0.083727 -0.020803 0.009212
v 0.084336 -0.016192 0.005152
v 0.083727 -0.021681 0.006897
v 0.084336 -0.016647 0.003409
v 0.083727 -0.022289 0.004564
v 0.084336 -0.016908 0.001683
v 0.083727 -0.022639 0.002253
v 0.084336 -0.016992 0.000001
v 0.083727 -0.022751 0.000001
v 0.084336 -0.016908 -0.001681
v 0.083727 -0.022639 -0.002251
v 0.084336 -0.016647 -0.003407
v 0.083727 -0.022289 -0.004562
v 0.084336 -0.016192 -0.005150
v 0.083727 -0.021681 -0.006895
v 0.084336 -0.015537 -0.006878
v 0.083727 -0.020803 -0.009210
v 0.084336 -0.014678 -0.008559
v 0.083727 -0.019654 -0.011460
v 0.084336 -0.013622 -0.010155
v 0.083727 -0.018240 -0.013598
v 0.084336 -0.012382 -0.011635
v 0.083727 -0.016579 -0.015579
v 0.084336 -0.010980 -0.012966
v 0.083727 -0.014702 -0.017361
v 0.084336 -0.009443 -0.014125
v 0.083727 -0.012644 -0.018912
v 0.084336 -0.007804 -0.015092
v 0.083727 -0.010449 -0.020208
v 0.084336 -0.006097 -0.015859
v 0.083727 -0.008164 -0.021234
v 0.084336 -0.004358 -0.016422
v 0.083727 -0.005835 -0.021988
v 0.084336 -0.002618 -0.016787
v 0.083727 -0.003506 -0.022477
v 0.083727 -0.001217 -0.022717
v 0.084767 -0.001723 0.011052
v 0.084767 -0.002868 0.010812
v 0.084767 -0.004013 0.010441
v 0.084767 -0.005136 0.009936
v 0.084767 -0.006216 0.009300
v 0.084767 -0.007227 0.008537
v 0.084767 -0.008150 0.007661
v 0.084767 -0.008967 0.006687
v 0.084767 -0.009662 0.005636
v 0.084767 -0.010227 0.004529
v 0.084767 -0.010658 0.003392
v 0.084767 -0.010957 0.002244
v 0.084767 -0.011130 0.001108
v 0.084767 -0.011185 0.000001
v 0.084767 -0.011130 -0.001106
v 0.084767 -0.010957 -0.002242
v 0.084767 -0.010658 -0.003389
v 0.084767 -0.010227 -0.004527
v 0.084767 -0.009662 -0.005633
v 0.084767 -0.008967 -0.006685
v 0.084767 -0.008150 -0.007658
v 0.084767 -0.007227 -0.008535
v 0.084767 -0.006216 -0.009297
v 0.084767 -0.005136 -0.009934
v 0.084767 -0.004013 -0.010439
v 0.084767 -0.002868 -0.010810
v 0.084767 -0.001723 -0.011050
v 0.085023 0.000002 0.005508
v 0.084326 0.000003 0.017097
v 0.085023 0.000225 -0.005502
v 0.085023 0.000642 -0.005469
v 0.085023 0.001423 0.005322
v 0.085023 0.000972 0.005422
v 0.085023 0.001873 0.005181
v 0.085023 0.000522 0.005484
v 0.085023 0.003097 0.004557
v 0.085023 0.002711 0.004797
v 0.085023 0.003465 0.004285
v 0.085023 0.002297 0.005008
v 0.085023 0.004399 0.003320
v 0.085023 0.004114 0.003666
v 0.085023 0.004653 0.002953
v 0.085023 0.003802 0.003989
v 0.085023 0.005220 0.001767
v 0.085023 0.005063 0.002176
v 0.085023 0.005342 0.001356
v 0.085023 0.004875 0.002570
v 0.085023 0.005510 0.000071
v 0.085023 0.005487 0.000516
v 0.085023 0.005498 -0.000371
v 0.085023 0.005431 0.000934
v 0.085023 0.005233 -0.001727
v 0.085023 0.005359 -0.001284
v 0.085023 0.005067 -0.002166
v 0.085023 0.005449 -0.000824
v 0.085023 0.004376 -0.003348
v 0.085023 0.004636 -0.002977
v 0.085023 0.004084 -0.003698
v 0.085023 0.004870 -0.002578
v 0.085023 0.003069 -0.004574
v 0.085023 0.003430 -0.004311
v 0.085023 0.002691 -0.004806
v 0.085023 0.003769 -0.004018
v 0.085023 0.001482 -0.005304
v 0.085023 0.001896 -0.005171
v 0.085023 0.001067 -0.005403
v 0.085023 0.002298 -0.005005
v 0.079471 0.003214 0.042336
v 0.079470 0.042460 0.000539
v 0.081930 0.033361 -0.005054
v 0.081930 0.033664 -0.002278
v 0.080760 0.038074 -0.005768
v 0.080760 0.038421 -0.002600
v 0.082912 0.028485 0.000362
v 0.082912 0.028423 -0.001923
v 0.082912 0.028363 0.002665
v 0.080760 0.038340 0.003602
v 0.081930 0.033593 0.003156
v 0.079470 0.042388 0.002515
v 0.079470 0.042276 0.003977
v 0.079470 0.042457 -0.000722
v 0.079470 0.042281 -0.003929
v 0.084326 0.000249 0.017095
v 0.085023 0.000082 0.005508
v 0.084763 0.000457 -0.011244
v 0.084326 0.000692 -0.017081
v 0.083711 0.000926 -0.022867
v 0.082913 0.001151 -0.028458
v 0.081931 0.001363 -0.033707
v 0.080761 0.001556 -0.038470
v 0.079471 0.002275 -0.042395
v 0.079471 0.003479 -0.042314
v 0.080761 0.004472 -0.038241
v 0.080761 0.010342 -0.037088
v 0.079471 0.008630 -0.041571
v 0.080761 0.007441 -0.037777
v 0.079471 0.008301 -0.041637
v 0.079471 0.005466 -0.042103
v 0.080761 0.013238 -0.036156
v 0.079471 0.013164 -0.040365
v 0.079471 0.011762 -0.040796
v 0.080761 0.018796 -0.033605
v 0.079470 0.019082 -0.037929
v 0.080761 0.016048 -0.035000
v 0.079471 0.017672 -0.038606
v 0.079471 0.016170 -0.039258
v 0.080760 0.028532 -0.025858
v 0.079470 0.028254 -0.031695
v 0.080760 0.026331 -0.028096
v 0.079470 0.025784 -0.033734
v 0.080760 0.023958 -0.030144
v 0.079470 0.024603 -0.034605
v 0.080760 0.021437 -0.031986
v 0.079470 0.022085 -0.036263
v 0.079470 0.021895 -0.036378
v 0.080760 0.030573 -0.023411
v 0.079470 0.032703 -0.027082
v 0.079470 0.030562 -0.029476
v 0.080760 0.035404 -0.015147
v 0.079470 0.037153 -0.020557
v 0.080760 0.034027 -0.018027
v 0.079470 0.035498 -0.023300
v 0.080760 0.032395 -0.020818
v 0.079470 0.034671 -0.024512
v 0.079470 0.033712 -0.025815
v 0.080760 0.036565 -0.012077
v 0.079470 0.039825 -0.014732
v 0.079470 0.038597 -0.017700
v 0.079470 0.041864 -0.007103
v 0.079470 0.041210 -0.010239
v 0.080760 0.037446 -0.008984
v 0.079470 0.040831 -0.011656
v 0.079470 0.040320 -0.013318
v 0.080760 0.037952 0.006521
v 0.079470 0.041856 0.007153
v 0.080760 0.037325 0.009473
v 0.079470 0.041198 0.010285
v 0.079470 0.040753 0.011928
v 0.080760 0.036474 0.012350
v 0.079470 0.040303 0.013370
v 0.080760 0.035380 0.015204
v 0.079470 0.039167 0.016401
v 0.080760 0.034062 0.017964
v 0.079470 0.038578 0.017744
v 0.079470 0.039091 0.016583
v 0.080760 0.032509 0.020641
v 0.079470 0.036877 0.021052
v 0.079470 0.037130 0.020602
v 0.080760 0.028745 0.025624
v 0.079470 0.033606 0.025955
v 0.080760 0.030733 0.023202
v 0.079470 0.034128 0.025265
v 0.079470 0.035472 0.023340
v 0.080761 0.018933 0.033530
v 0.079470 0.023120 0.035615
v 0.080760 0.021633 0.031855
v 0.079470 0.025746 0.033765
v 0.080760 0.024205 0.029948
v 0.079470 0.028217 0.031730
v 0.080760 0.026562 0.027880
v 0.079470 0.030529 0.029513
v 0.079470 0.031532 0.028439
v 0.080761 0.016038 0.035007
v 0.079470 0.019146 0.037899
v 0.079470 0.020339 0.037272
v 0.080761 0.006781 0.037903
v 0.079471 0.010144 0.041229
v 0.080761 0.009928 0.037203
v 0.079471 0.013231 0.040345
v 0.080761 0.013075 0.036217
v 0.079471 0.016234 0.039234
v 0.079471 0.017685 0.038602
v 0.080761 0.003636 0.038332
v 0.079471 0.006403 0.041973
v 0.079471 0.006974 0.041882
v 0.081931 0.003186 0.033586
v 0.082913 0.000413 0.028480
v 0.082913 0.002691 0.028356
v 0.082913 0.003309 -0.028288
v 0.081931 0.003919 -0.033507
v 0.082913 0.005506 -0.027945
v 0.081930 0.006520 -0.033099
v 0.082913 0.007651 -0.027435
v 0.081930 0.009062 -0.032496
v 0.082913 0.009794 -0.026746
v 0.081930 0.011600 -0.031679
v 0.082913 0.011873 -0.025891
v 0.081930 0.014062 -0.030667
v 0.082912 0.013905 -0.024859
v 0.081930 0.016469 -0.029444
v 0.082912 0.015859 -0.023661
v 0.081930 0.018783 -0.028026
v 0.082912 0.017724 -0.022299
v 0.081930 0.020992 -0.026412
v 0.082912 0.019479 -0.020783
v 0.081930 0.023071 -0.024617
v 0.082912 0.021108 -0.019128
v 0.081930 0.025000 -0.022657
v 0.082912 0.022617 -0.017318
v 0.081930 0.026788 -0.020512
v 0.082912 0.023965 -0.015399
v 0.081930 0.028385 -0.018240
v 0.082912 0.025172 -0.013335
v 0.081930 0.029815 -0.015795
v 0.082912 0.026191 -0.011204
v 0.081930 0.031021 -0.013271
v 0.082912 0.027050 -0.008934
v 0.081930 0.032038 -0.010582
v 0.082912 0.027701 -0.006645
v 0.081930 0.032810 -0.007871
v 0.082912 0.028166 -0.004267
v 0.082912 0.028076 0.004824
v 0.081930 0.033254 0.005714
v 0.082912 0.027612 0.007008
v 0.081930 0.032705 0.008300
v 0.082912 0.026983 0.009136
v 0.081930 0.031959 0.010822
v 0.082912 0.026173 0.011247
v 0.081930 0.031000 0.013322
v 0.082912 0.025198 0.013289
v 0.081930 0.029845 0.015740
v 0.082912 0.024049 0.015270
v 0.081930 0.028484 0.018086
v 0.082912 0.022736 0.017164
v 0.081930 0.026929 0.020329
v 0.082912 0.021265 0.018955
v 0.081930 0.025186 0.022451
v 0.082912 0.019650 0.020624
v 0.081930 0.023274 0.024428
v 0.082912 0.017907 0.022154
v 0.081930 0.021209 0.026240
v 0.082912 0.016004 0.023565
v 0.081930 0.018955 0.027911
v 0.082912 0.014007 0.024804
v 0.081930 0.016590 0.029379
v 0.082913 0.011865 0.025896
v 0.081930 0.014053 0.030672
v 0.082913 0.009673 0.026792
v 0.081930 0.011457 0.031733
v 0.082913 0.007345 0.027521
v 0.081930 0.008699 0.032597
v 0.082913 0.005017 0.028038
v 0.081930 0.005942 0.033210
v 0.084326 0.001988 -0.016980
v 0.083710 0.002660 -0.022731
v 0.084326 0.003306 -0.016773
v 0.083710 0.004425 -0.022455
v 0.084326 0.004594 -0.016467
v 0.083710 0.006149 -0.022046
v 0.084326 0.005880 -0.016054
v 0.083710 0.007871 -0.021492
v 0.084326 0.007128 -0.015540
v 0.083710 0.009541 -0.020805
v 0.084326 0.008348 -0.014921
v 0.083710 0.011175 -0.019975
v 0.084326 0.009521 -0.014202
v 0.083710 0.012744 -0.019013
v 0.084326 0.010640 -0.013384
v 0.083710 0.014243 -0.017918
v 0.084326 0.011694 -0.012475
v 0.083710 0.015654 -0.016701
v 0.084326 0.012671 -0.011481
v 0.083710 0.016962 -0.015370
v 0.084326 0.013577 -0.010394
v 0.083710 0.018175 -0.013916
v 0.084326 0.014386 -0.009243
v 0.083710 0.019258 -0.012374
v 0.084326 0.015111 -0.008004
v 0.083710 0.020229 -0.010715
v 0.084326 0.015723 -0.006725
v 0.083710 0.021047 -0.009003
v 0.084326 0.016238 -0.005362
v 0.083710 0.021737 -0.007179
v 0.084326 0.016629 -0.003988
v 0.083710 0.022261 -0.005340
v 0.084326 0.016908 -0.002561
v 0.083710 0.022634 -0.003428
v 0.084326 0.017062 -0.001154
v 0.083710 0.022840 -0.001545
v 0.084326 0.017100 0.000217
v 0.083710 0.022891 0.000291
v 0.084326 0.017026 0.001600
v 0.083710 0.022792 0.002142
v 0.084326 0.016854 0.002896
v 0.083710 0.022562 0.003877
v 0.084326 0.016576 0.004207
v 0.083710 0.022189 0.005631
v 0.084326 0.016198 0.005484
v 0.083710 0.021683 0.007342
v 0.084326 0.015712 0.006751
v 0.083710 0.021033 0.009038
v 0.084326 0.015127 0.007977
v 0.083710 0.020249 0.010679
v 0.084326 0.014437 0.009166
v 0.083710 0.019326 0.012270
v 0.084326 0.013649 0.010303
v 0.083710 0.018271 0.013792
v 0.084326 0.012766 0.011378
v 0.083710 0.017089 0.015232
v 0.084326 0.011797 0.012380
v 0.083710 0.015791 0.016573
v 0.084326 0.010750 0.013298
v 0.083710 0.014390 0.017802
v 0.084326 0.009608 0.014145
v 0.083710 0.012861 0.018936
v 0.084326 0.008409 0.014889
v 0.083710 0.011256 0.019932
v 0.084326 0.007124 0.015544
v 0.083710 0.009535 0.020809
v 0.084326 0.005808 0.016082
v 0.083710 0.007774 0.021529
v 0.084326 0.004410 0.016519
v 0.083710 0.005903 0.022115
v 0.084326 0.003013 0.016830
v 0.083710 0.004032 0.022531
v 0.084326 0.001616 0.017021
v 0.083710 0.002163 0.022786
v 0.083711 0.000333 0.022886
v 0.084763 0.001309 -0.011177
v 0.084763 0.002177 -0.011041
v 0.084763 0.003025 -0.010840
v 0.084763 0.003872 -0.010568
v 0.084763 0.004693 -0.010230
v 0.084763 0.005497 -0.009822
v 0.084763 0.006269 -0.009349
v 0.084763 0.007006 -0.008811
v 0.084763 0.007699 -0.008212
v 0.084763 0.008343 -0.007558
v 0.084763 0.008939 -0.006842
v 0.084763 0.009472 -0.006084
v 0.084763 0.009949 -0.005269
v 0.084763 0.010351 -0.004427
v 0.084763 0.010691 -0.003529
v 0.084763 0.010948 -0.002625
v 0.084763 0.011132 -0.001685
v 0.084763 0.011233 -0.000759
v 0.084763 0.011258 0.000144
v 0.084763 0.011210 0.001054
v 0.084763 0.011096 0.001907
v 0.084763 0.010913 0.002770
v 0.084763 0.010664 0.003611
v 0.084763 0.010344 0.004445
v 0.084763 0.009959 0.005252
v 0.084763 0.009505 0.006034
v 0.084763 0.008986 0.006783
v 0.084763 0.008405 0.007491
v 0.084763 0.007767 0.008150
v 0.084763 0.007078 0.008755
v 0.084763 0.006326 0.009312
v 0.084763 0.005537 0.009802
v 0.084763 0.004691 0.010233
v 0.084763 0.003824 0.010587
v 0.084763 0.002904 0.010875
v 0.084763 0.001984 0.011080
v 0.084763 0.001065 0.011205
v 0.084763 0.000165 0.011254
v 0.078953 0.000002 -0.042456
v 0.078953 0.000003 0.042458
v 0.083031 -0.004189 0.003087
v 0.083031 -0.004772 0.002075
v 0.083109 0.000002 0.000001
v 0.082796 -0.005944 0.008821
v 0.082796 -0.006909 0.008087
v 0.083031 -0.003379 0.003958
v 0.083031 -0.000278 0.005198
v 0.083031 -0.001341 0.005029
v 0.083031 -0.004127 -0.003168
v 0.083031 -0.003300 -0.004022
v 0.083031 -0.001248 -0.005051
v 0.083031 -0.000189 -0.005200
v 0.082796 -0.005769 -0.008934
v 0.082796 -0.004729 -0.009525
v 0.083031 -0.002313 -0.004660
v 0.082796 -0.010098 -0.003338
v 0.082796 -0.009671 -0.004424
v 0.083031 -0.004731 -0.002164
v 0.083031 -0.005203 -0.000043
v 0.083031 -0.005086 -0.001096
v 0.083031 0.000002 0.005205
v 0.082971 0.000003 0.006981
v 0.082896 0.000002 -0.008718
v 0.083100 0.000002 -0.001713
v 0.078064 -0.003124 -0.040335
v 0.078064 0.000002 -0.040456
v 0.079127 0.000002 -0.036894
v 0.079200 -0.001340 -0.036590
v 0.079200 -0.005029 -0.036267
v 0.078064 -0.006228 -0.039974
v 0.078064 -0.008880 -0.039469
v 0.079200 -0.008793 -0.035543
v 0.078064 -0.009715 -0.039272
v 0.078064 -0.011933 -0.038656
v 0.079200 -0.012568 -0.034390
v 0.078064 -0.013887 -0.037998
v 0.078064 -0.014890 -0.037616
v 0.079200 -0.016283 -0.032794
v 0.078064 -0.017749 -0.036355
v 0.078064 -0.021947 -0.033986
v 0.078064 -0.021445 -0.034305
v 0.079200 -0.019863 -0.030759
v 0.078064 -0.020505 -0.034875
v 0.078064 -0.018102 -0.036181
v 0.078064 -0.024057 -0.032527
v 0.079200 -0.023229 -0.028303
v 0.078064 -0.025667 -0.031273
v 0.078064 -0.026503 -0.030567
v 0.079200 -0.026312 -0.025463
v 0.078064 -0.028783 -0.028431
v 0.078064 -0.032094 -0.024633
v 0.078064 -0.031592 -0.025273
v 0.079200 -0.029046 -0.022293
v 0.078064 -0.030894 -0.026122
v 0.078064 -0.029072 -0.028135
v 0.078064 -0.033468 -0.022730
v 0.079200 -0.031386 -0.018859
v 0.078064 -0.034679 -0.020837
v 0.078064 -0.035128 -0.020071
v 0.079200 -0.033297 -0.015233
v 0.078064 -0.036572 -0.017300
v 0.078064 -0.038413 -0.012699
v 0.078064 -0.038177 -0.013391
v 0.079200 -0.034765 -0.011493
v 0.078064 -0.037800 -0.014423
v 0.078064 -0.036790 -0.016831
v 0.078064 -0.039106 -0.010371
v 0.079200 -0.035794 -0.007715
v 0.078064 -0.039550 -0.008524
v 0.078064 -0.039792 -0.007312
v 0.079200 -0.036401 -0.003967
v 0.078064 -0.040237 -0.004220
v 0.078064 -0.040443 -0.001098
v 0.078064 -0.040458 0.000001
v 0.078064 -0.040337 0.003136
v 0.079200 -0.036465 0.003326
v 0.078064 -0.039616 0.008214
v 0.078064 -0.039794 0.007300
v 0.079200 -0.035929 0.007062
v 0.078064 -0.039973 0.006246
v 0.078064 -0.040255 0.004054
v 0.078064 -0.039103 0.010383
v 0.079200 -0.034975 0.010840
v 0.078064 -0.038645 0.011978
v 0.078064 -0.038182 0.013379
v 0.079200 -0.033584 0.014592
v 0.078064 -0.037036 0.016286
v 0.078064 -0.035667 0.019099
v 0.079200 -0.031749 0.018243
v 0.078064 -0.035135 0.020060
v 0.078064 -0.032237 0.024448
v 0.078064 -0.032575 0.023995
v 0.079200 -0.029482 0.021716
v 0.078064 -0.033463 0.022741
v 0.078064 -0.034812 0.020616
v 0.078064 -0.031602 0.025263
v 0.079200 -0.026812 0.024937
v 0.078064 -0.029558 0.027627
v 0.078064 -0.025806 0.031160
v 0.078064 -0.026515 0.030559
v 0.079200 -0.023786 0.027838
v 0.078064 -0.027335 0.029828
v 0.078064 -0.029217 0.027987
v 0.078064 -0.024049 0.032535
v 0.079200 -0.020464 0.030364
v 0.078064 -0.022611 0.033550
v 0.078064 -0.018101 0.036183
v 0.078064 -0.018747 0.035853
v 0.079200 -0.016916 0.032475
v 0.078064 -0.021458 0.034299
v 0.078064 -0.022074 0.033906
v 0.078064 -0.015921 0.037194
v 0.079200 -0.013219 0.034147
v 0.078064 -0.014906 0.037612
v 0.078064 -0.009778 0.039258
v 0.078064 -0.010440 0.039088
v 0.079200 -0.009448 0.035376
v 0.078064 -0.011925 0.038661
v 0.078064 -0.013974 0.037968
v 0.078064 -0.008895 0.039468
v 0.079200 -0.005678 0.036173
v 0.078064 -0.005823 0.040037
v 0.078064 0.000003 0.040458
v 0.078064 -0.001616 0.040426
v 0.080243 -0.001724 0.031974
v 0.080243 -0.004965 0.031633
v 0.078064 -0.002711 0.040367
v 0.080243 -0.031832 -0.003469
v 0.080243 -0.032020 -0.000271
v 0.080243 -0.031888 0.002909
v 0.080088 0.000002 -0.032777
v 0.080243 -0.001172 -0.031997
v 0.080243 -0.004398 -0.031715
v 0.080243 -0.007689 -0.031082
v 0.080243 -0.010991 -0.030073
v 0.080243 -0.014240 -0.028678
v 0.080243 -0.017370 -0.026898
v 0.080243 -0.020314 -0.024750
v 0.080243 -0.023009 -0.022267
v 0.080243 -0.025401 -0.019495
v 0.080243 -0.027447 -0.016491
v 0.080243 -0.029118 -0.013321
v 0.080243 -0.030402 -0.010050
v 0.080243 -0.031302 -0.006746
v 0.082796 -0.010397 -0.002240
v 0.082796 -0.010573 -0.001152
v 0.082796 -0.010635 -0.000089
v 0.082796 -0.010592 0.000967
v 0.082796 -0.009116 -0.005477
v 0.082796 -0.006747 -0.008221
v 0.082796 -0.007642 -0.007396
v 0.082796 -0.008437 -0.006475
v 0.082796 -0.003650 -0.009989
v 0.082445 0.000002 -0.015637
v 0.082796 -0.000388 -0.010628
v 0.082796 -0.001460 -0.010534
v 0.082796 -0.002553 -0.010324
v 0.081844 -0.000792 -0.021644
v 0.082401 -0.000591 -0.016153
v 0.081844 -0.002974 -0.021453
v 0.082401 -0.002219 -0.016011
v 0.081844 -0.005201 -0.021025
v 0.082401 -0.003881 -0.015691
v 0.081844 -0.007434 -0.020343
v 0.082401 -0.005548 -0.015182
v 0.081844 -0.009632 -0.019399
v 0.082401 -0.007188 -0.014478
v 0.081844 -0.011750 -0.018195
v 0.082401 -0.008769 -0.013579
v 0.081844 -0.013741 -0.016742
v 0.082401 -0.010255 -0.012495
v 0.081844 -0.015565 -0.015063
v 0.082401 -0.011616 -0.011241
v 0.081844 -0.017183 -0.013187
v 0.082401 -0.012823 -0.009842
v 0.081844 -0.018566 -0.011155
v 0.082401 -0.013856 -0.008325
v 0.081844 -0.019697 -0.009011
v 0.082401 -0.014700 -0.006724
v 0.081844 -0.020566 -0.006798
v 0.082401 -0.015348 -0.005073
v 0.081844 -0.021174 -0.004563
v 0.082401 -0.015802 -0.003405
v 0.081844 -0.021533 -0.002346
v 0.082401 -0.016070 -0.001751
v 0.081844 -0.021660 -0.000183
v 0.082401 -0.016165 -0.000136
v 0.081844 -0.021571 0.001968
v 0.082401 -0.016098 0.001469
v 0.081844 -0.021254 0.004178
v 0.082401 -0.015862 0.003119
v 0.081844 -0.020690 0.006413
v 0.082401 -0.015441 0.004786
v 0.081844 -0.019866 0.008632
v 0.082401 -0.014826 0.006443
v 0.081844 -0.018781 0.010792
v 0.082401 -0.014016 0.008055
v 0.081844 -0.017440 0.012847
v 0.082401 -0.013015 0.009588
v 0.081844 -0.015861 0.014752
v 0.082401 -0.011837 0.011010
v 0.081844 -0.014071 0.016468
v 0.082401 -0.010501 0.012291
v 0.081844 -0.012106 0.017962
v 0.082401 -0.009034 0.013406
v 0.081844 -0.010007 0.019211
v 0.082401 -0.007468 0.014338
v 0.081844 -0.007819 0.020200
v 0.082401 -0.005835 0.015076
v 0.081844 -0.005589 0.020927
v 0.082401 -0.004171 0.015618
v 0.081844 -0.003358 0.021399
v 0.082401 -0.002506 0.015970
v 0.081844 -0.001165 0.021629
v 0.082401 -0.000869 0.016143
v 0.081852 0.000003 0.021592
v 0.082551 0.000003 0.014307
v 0.083031 -0.002403 0.004616
v 0.082796 -0.003839 0.009920
v 0.082796 -0.004913 0.009434
v 0.082796 -0.000571 0.010622
v 0.082796 -0.001648 0.010508
v 0.082796 -0.002743 0.010277
v 0.083031 -0.005105 0.001005
v 0.082796 -0.010159 0.003150
v 0.082796 -0.010436 0.002052
v 0.082796 -0.007788 0.007245
v 0.082796 -0.008563 0.006309
v 0.082796 -0.009222 0.005300
v 0.082796 -0.009755 0.004239
v 0.081793 0.000002 -0.022085
v 0.080243 -0.031420 0.006176
v 0.080243 -0.030586 0.009480
v 0.080243 -0.029369 0.012761
v 0.080243 -0.027764 0.015954
v 0.080243 -0.025782 0.018991
v 0.080243 -0.023447 0.021808
v 0.080243 -0.020801 0.024345
v 0.080243 -0.017896 0.026553
v 0.080243 -0.014793 0.028399
v 0.080243 -0.011560 0.029861
v 0.080243 -0.008263 0.030936
v 0.080992 0.000002 -0.027831
v 0.081125 -0.000987 -0.026970
v 0.081125 -0.003707 -0.026732
v 0.081125 -0.006481 -0.026198
v 0.081125 -0.009264 -0.025348
v 0.081125 -0.012003 -0.024173
v 0.081125 -0.014641 -0.022672
v 0.081125 -0.017122 -0.020862
v 0.081125 -0.019394 -0.018769
v 0.081125 -0.021410 -0.016432
v 0.081125 -0.023135 -0.013900
v 0.081125 -0.024543 -0.011228
v 0.081125 -0.025626 -0.008471
v 0.081125 -0.026384 -0.005686
v 0.081125 -0.026831 -0.002924
v 0.081125 -0.026989 -0.000228
v 0.081125 -0.026879 0.002452
v 0.081125 -0.026483 0.005206
v 0.081125 -0.025780 0.007991
v 0.081125 -0.024755 0.010756
v 0.081125 -0.023402 0.013447
v 0.081125 -0.021731 0.016007
v 0.081125 -0.019764 0.018382
v 0.081125 -0.017533 0.020520
v 0.081125 -0.015084 0.022382
v 0.081125 -0.012469 0.023937
v 0.081125 -0.009743 0.025170
v 0.081125 -0.006964 0.026076
v 0.081125 -0.004185 0.026664
v 0.081125 -0.001453 0.026951
v 0.081045 0.000003 0.027502
v 0.083031 0.004175 -0.003110
v 0.083031 0.004762 -0.002106
v 0.082795 0.010588 -0.001052
v 0.082795 0.010641 0.000001
v 0.083031 0.005208 0.000001
v 0.082400 0.011784 -0.011069
v 0.082400 0.012964 -0.009662
v 0.082795 0.008531 -0.006357
v 0.082400 0.013969 -0.008143
v 0.081843 0.017369 -0.012946
v 0.082795 0.010588 0.001053
v 0.082795 0.010424 0.002134
v 0.083031 0.005102 0.001045
v 0.082795 0.010140 0.003225
v 0.082795 0.009730 0.004307
v 0.083031 0.004762 0.002108
v 0.082795 0.009192 0.005359
v 0.082795 0.008531 0.006358
v 0.083031 0.004176 0.003112
v 0.082795 0.007755 0.007284
v 0.082795 0.006878 0.008118
v 0.083031 0.003366 0.003973
v 0.083031 0.001338 0.005031
v 0.083031 0.000281 0.005198
v 0.082796 0.005916 0.008843
v 0.082796 0.004889 0.009449
v 0.083031 0.002394 0.004624
v 0.079199 0.036441 -0.003624
v 0.080242 0.031868 -0.003169
v 0.078063 0.040456 -0.000763
v 0.078063 0.040275 -0.003892
v 0.078063 0.040461 0.000344
v 0.078063 0.040392 0.002396
v 0.078063 0.040315 0.003462
v 0.080242 0.032026 -0.000000
v 0.080242 0.031868 0.003169
v 0.079199 0.036441 0.003624
v 0.078064 0.003136 0.040337
v 0.078064 0.006123 0.039993
v 0.079200 0.005649 0.036179
v 0.078064 0.009203 0.039398
v 0.079199 0.009397 0.035391
v 0.078064 0.013892 0.038000
v 0.078064 0.012658 0.038428
v 0.079199 0.013145 0.034177
v 0.078064 0.012224 0.038569
v 0.078064 0.010382 0.039104
v 0.078064 0.018461 0.036003
v 0.078064 0.017998 0.036237
v 0.079199 0.016823 0.032525
v 0.078064 0.015618 0.037324
v 0.078064 0.014524 0.037763
v 0.078063 0.021184 0.034472
v 0.079199 0.020356 0.030440
v 0.078063 0.021953 0.033988
v 0.079199 0.023667 0.027944
v 0.078063 0.026150 0.030876
v 0.078063 0.025672 0.031274
v 0.078063 0.024664 0.032075
v 0.078063 0.023784 0.032732
v 0.078063 0.022491 0.033634
v 0.078063 0.027092 0.030053
v 0.079199 0.026689 0.025074
v 0.078063 0.029078 0.028136
v 0.078063 0.032441 0.024183
v 0.078063 0.032100 0.024634
v 0.079199 0.029361 0.021886
v 0.078063 0.031400 0.025519
v 0.078063 0.029337 0.027866
v 0.078063 0.034955 0.020381
v 0.078063 0.034684 0.020838
v 0.079199 0.031636 0.018445
v 0.078063 0.033891 0.022105
v 0.078063 0.033278 0.023017
v 0.078063 0.035512 0.019393
v 0.079199 0.033486 0.014824
v 0.078063 0.036907 0.016586
v 0.078063 0.038077 0.013689
v 0.079199 0.034899 0.011099
v 0.078063 0.038560 0.012264
v 0.078063 0.039021 0.010706
v 0.079199 0.035877 0.007343
v 0.078063 0.039297 0.009643
v 0.078063 0.040225 0.004384
v 0.078063 0.039926 0.006570
v 0.078063 0.039641 0.008114
v 0.078063 0.039855 -0.006988
v 0.079199 0.035877 -0.007344
v 0.078063 0.038559 -0.012264
v 0.078063 0.038908 -0.011106
v 0.079199 0.034898 -0.011099
v 0.078063 0.039195 -0.010046
v 0.078063 0.039641 -0.008114
v 0.078063 0.037923 -0.014108
v 0.079199 0.033485 -0.014824
v 0.078063 0.036998 -0.016380
v 0.079199 0.031635 -0.018445
v 0.078063 0.035295 -0.019784
v 0.078063 0.036717 -0.017001
v 0.078063 0.032439 -0.024183
v 0.078063 0.033039 -0.023357
v 0.079199 0.029359 -0.021886
v 0.078063 0.033661 -0.022451
v 0.078063 0.034954 -0.020381
v 0.078063 0.031116 -0.025863
v 0.079199 0.026687 -0.025074
v 0.078063 0.029487 -0.027705
v 0.079199 0.023666 -0.027943
v 0.078063 0.026757 -0.030349
v 0.078063 0.029020 -0.028194
v 0.078063 0.022489 -0.033633
v 0.078063 0.023445 -0.032974
v 0.079199 0.020354 -0.030439
v 0.078063 0.024332 -0.032325
v 0.078063 0.026148 -0.030875
v 0.078063 0.020800 -0.034703
v 0.079199 0.016821 -0.032524
v 0.078064 0.018586 -0.035937
v 0.079199 0.013143 -0.034176
v 0.078064 0.015202 -0.037493
v 0.078064 0.018051 -0.036209
v 0.078064 0.010380 -0.039103
v 0.078064 0.011207 -0.038874
v 0.079199 0.009395 -0.035390
v 0.078064 0.012260 -0.038555
v 0.078064 0.014522 -0.037762
v 0.078064 0.008140 -0.039630
v 0.079200 0.005647 -0.036177
v 0.078064 0.006240 -0.039973
v 0.078064 0.005044 -0.040141
v 0.079200 0.001964 -0.036562
v 0.078064 0.001925 -0.040410
v 0.082401 0.000869 -0.016141
v 0.082796 0.000572 -0.010620
v 0.083031 0.000281 -0.005196
v 0.081844 0.001164 0.021630
v 0.080242 0.001719 0.031975
v 0.080242 0.004941 0.031638
v 0.082796 0.000573 0.010622
v 0.082796 0.001643 0.010510
v 0.082796 0.002732 0.010281
v 0.082796 0.003821 0.009929
v 0.082401 0.000869 0.016143
v 0.081844 0.003343 0.021402
v 0.082400 0.002496 0.015973
v 0.081844 0.005560 0.020936
v 0.082400 0.004150 0.015625
v 0.081844 0.007778 0.020218
v 0.082400 0.005805 0.015089
v 0.081844 0.009954 0.019241
v 0.082400 0.007429 0.014360
v 0.081844 0.012043 0.018008
v 0.082400 0.008989 0.013439
v 0.081843 0.014003 0.016531
v 0.082400 0.010451 0.012337
v 0.081843 0.015790 0.014833
v 0.082400 0.011785 0.011071
v 0.081843 0.017370 0.012947
v 0.082400 0.012965 0.009663
v 0.081843 0.018717 0.010912
v 0.082400 0.013969 0.008144
v 0.081843 0.019811 0.008770
v 0.082400 0.014786 0.006545
v 0.081843 0.020646 0.006566
v 0.082400 0.015410 0.004901
v 0.081843 0.021225 0.004344
v 0.082400 0.015842 0.003242
v 0.081843 0.021559 0.002144
v 0.082400 0.016091 0.001601
v 0.081843 0.021665 0.000000
v 0.082400 0.016170 0.000001
v 0.081843 0.021559 -0.002144
v 0.082400 0.016091 -0.001599
v 0.081843 0.021225 -0.004344
v 0.082400 0.015841 -0.003241
v 0.081843 0.020646 -0.006565
v 0.082795 0.009192 -0.005357
v 0.082795 0.009730 -0.004306
v 0.081843 0.018716 -0.010911
v 0.081843 0.019810 -0.008769
v 0.082400 0.014786 -0.006544
v 0.082400 0.015409 -0.004900
v 0.082795 0.010140 -0.003223
v 0.082795 0.010424 -0.002132
v 0.083031 0.005102 -0.001043
v 0.081843 0.015789 -0.014832
v 0.081843 0.014001 -0.016530
v 0.081844 0.007777 -0.020216
v 0.081844 0.009953 -0.019239
v 0.082400 0.007429 -0.014358
v 0.082400 0.008988 -0.013438
v 0.082796 0.005915 -0.008841
v 0.082795 0.006877 -0.008116
v 0.083031 0.003366 -0.003971
v 0.081844 0.001163 -0.021628
v 0.082400 0.002495 -0.015971
v 0.082796 0.001643 -0.010508
v 0.082796 0.002731 -0.010279
v 0.083031 0.001338 -0.005029
v 0.081844 0.003342 -0.021400
v 0.081844 0.005559 -0.020934
v 0.082400 0.004150 -0.015623
v 0.082400 0.005805 -0.015088
v 0.082796 0.003820 -0.009927
v 0.082796 0.004889 -0.009447
v 0.083031 0.002393 -0.004622
v 0.082795 0.007755 -0.007283
v 0.082400 0.010450 -0.012336
v 0.081844 0.012042 -0.018006
v 0.080242 0.001718 -0.031973
v 0.080242 0.004939 -0.031636
v 0.080242 0.008216 -0.030948
v 0.080242 0.011494 -0.029886
v 0.080242 0.014711 -0.028442
v 0.080242 0.017800 -0.026619
v 0.080242 0.020696 -0.024436
v 0.080242 0.023339 -0.021927
v 0.080242 0.025675 -0.019139
v 0.080242 0.027665 -0.016130
v 0.080242 0.029283 -0.012964
v 0.080242 0.030519 -0.009706
v 0.080242 0.031375 -0.006422
v 0.080242 0.031375 0.006422
v 0.080242 0.030519 0.009706
v 0.080242 0.029284 0.012964
v 0.080242 0.027666 0.016130
v 0.080242 0.025676 0.019140
v 0.080242 0.023340 0.021928
v 0.080242 0.020698 0.024437
v 0.080242 0.017802 0.026620
v 0.080242 0.014712 0.028443
v 0.080242 0.011496 0.029888
v 0.080242 0.008218 0.030949
v 0.081125 0.001448 -0.026949
v 0.081124 0.004164 -0.026666
v 0.081124 0.006926 -0.026085
v 0.081124 0.009689 -0.025191
v 0.081124 0.012400 -0.023973
v 0.081124 0.015004 -0.022437
v 0.081124 0.017445 -0.020597
v 0.081124 0.019673 -0.018482
v 0.081124 0.021642 -0.016132
v 0.081124 0.023320 -0.013596
v 0.081124 0.024684 -0.010927
v 0.081124 0.025725 -0.008181
v 0.081124 0.026446 -0.005413
v 0.081124 0.026862 -0.002671
v 0.081124 0.026995 0.000000
v 0.081124 0.026862 0.002672
v 0.081124 0.026447 0.005413
v 0.081124 0.025725 0.008181
v 0.081124 0.024684 0.010927
v 0.081124 0.023320 0.013596
v 0.081124 0.021643 0.016133
v 0.081124 0.019674 0.018483
v 0.081124 0.017447 0.020598
v 0.081124 0.015005 0.022438
v 0.081124 0.012402 0.023975
v 0.081124 0.009691 0.025192
v 0.081124 0.006927 0.026087
v 0.081124 0.004165 0.026668
v 0.081125 0.001449 0.026951
vn -0.2900 -0.8709 0.3967
vn -0.2287 -0.8893 0.3960
vn -0.2069 -0.8989 0.3863
vn -0.1709 -0.9066 0.3857
vn -0.1788 -0.9104 0.3730
vn -0.1099 -0.9210 0.3737
vn -0.2567 -0.8867 0.3846
vn -0.3185 -0.8608 0.3970
vn -0.3626 -0.8384 0.4069
vn -0.3572 -0.8427 0.4027
vn -0.4024 -0.8199 0.4073
vn -0.4622 -0.7831 0.4160
vn -0.4316 -0.8003 0.4162
vn -0.4893 -0.7647 0.4193
vn -0.5201 -0.7421 0.4227
vn -0.5814 -0.6827 0.4426
vn -0.5244 -0.7351 0.4297
vn -0.5633 -0.7024 0.4351
vn -0.6187 -0.6500 0.4412
vn -0.6427 -0.6217 0.4478
vn -0.6334 -0.6217 0.4607
vn -0.6819 -0.5771 0.4494
vn -0.6672 -0.5729 0.4761
vn -0.7063 -0.5302 0.4691
vn -0.7076 -0.5189 0.4796
vn -0.7446 -0.4549 0.4884
vn -0.7154 -0.5005 0.4875
vn -0.7304 -0.4806 0.4853
vn -0.7560 -0.4346 0.4895
vn -0.7762 -0.3868 0.4979
vn -0.7820 -0.3717 0.5003
vn -0.8042 -0.3058 0.5096
vn -0.8208 -0.2487 0.5143
vn -0.8012 -0.3206 0.5052
vn -0.8186 -0.2598 0.5122
vn -0.8305 -0.2050 0.5179
vn -0.8323 -0.1984 0.5176
vn -0.8416 -0.1431 0.5209
vn -0.8422 -0.1384 0.5210
vn -0.8496 -0.0703 0.5228
vn -0.8468 -0.0000 0.5320
vn -0.8488 -0.0737 0.5235
vn -0.8526 -0.0000 0.5226
vn -0.8506 0.0565 0.5228
vn -0.8498 0.0579 0.5239
vn -0.8473 0.0946 0.5226
vn -0.8418 0.1419 0.5209
vn -0.8410 0.1456 0.5210
vn -0.8319 0.1988 0.5180
vn -0.8307 0.2054 0.5174
vn -0.8214 0.2473 0.5140
vn -0.8184 0.2581 0.5135
vn -0.8083 0.2964 0.5087
vn -0.7997 0.3198 0.5081
vn -0.7944 0.3365 0.5057
vn -0.7796 0.3775 0.4998
vn -0.7749 0.3959 0.4927
vn -0.7444 0.4423 0.5002
vn -0.7238 0.4837 0.4921
vn -0.7550 0.4510 0.4760
vn -0.7076 0.5189 0.4796
vn -0.7083 0.5215 0.4758
vn -0.6775 0.5705 0.4642
vn -0.6710 0.5798 0.4621
vn -0.6331 0.6290 0.4512
vn -0.6442 0.6152 0.4544
vn -0.6121 0.6511 0.4489
vn -0.5821 0.6844 0.4390
vn -0.5641 0.6996 0.4385
vn -0.5240 0.7372 0.4266
vn -0.5195 0.7393 0.4283
vn -0.4861 0.7648 0.4229
vn -0.4620 0.7835 0.4157
vn -0.4316 0.8003 0.4162
vn -0.4024 0.8199 0.4073
vn -0.3626 0.8384 0.4068
vn -0.3185 0.8608 0.3970
vn -0.2880 0.8733 0.3930
vn -0.3572 0.8427 0.4027
vn -0.2477 0.8848 0.3946
vn -0.1818 0.9047 0.3853
vn -0.2164 0.9005 0.3772
vn -0.1074 0.9223 0.3713
vn -0.1123 0.9214 0.3722
vn -0.0435 0.9297 0.3657
vn -0.0030 0.9316 0.3635
vn 0.0132 0.9316 0.3633
vn -0.0504 0.9299 0.3644
vn -0.0153 0.8909 0.4539
vn -0.0049 0.9319 0.3627
vn 0.0584 0.9348 0.3504
vn 0.0722 0.9289 0.3632
vn 0.1114 0.9266 0.3591
vn -0.0277 0.9379 0.3457
vn -0.0281 0.9399 0.3402
vn -0.0283 0.9392 0.3422
vn 0.1143 0.9347 0.3367
vn 0.0925 0.9479 0.3049
vn 0.1557 0.9619 0.2249
vn 0.1959 0.9363 0.2915
vn 0.1729 0.9470 0.2709
vn 0.1779 0.9460 0.2711
vn 0.2461 0.9486 0.1990
vn 0.2111 0.9148 0.3445
vn 0.3020 0.9033 0.3048
vn 0.2693 0.9256 0.2658
vn 0.2913 0.9420 0.1669
vn 0.3667 0.9181 0.1505
vn 0.4724 0.8510 0.2292
vn 0.3988 0.8826 0.2491
vn 0.3140 0.9492 0.0220
vn 0.3590 0.9328 0.0309
vn 0.2915 0.9524 0.0890
vn 0.4569 0.8827 0.1094
vn 0.4893 0.8315 0.2629
vn 0.5631 0.8045 0.1890
vn 0.6150 0.7519 0.2377
vn 0.6257 0.7536 0.2016
vn 0.5768 0.8119 0.0898
vn 0.4420 0.8961 -0.0406
vn 0.5665 0.8230 -0.0426
vn 0.6944 0.7148 0.0826
vn 0.7404 0.6342 0.2227
vn 0.7740 0.6093 0.1723
vn 0.6960 0.7022 0.1500
vn 0.7671 0.6414 -0.0118
vn 0.6771 0.7332 -0.0625
vn 0.7651 0.6398 0.0725
vn 0.8077 0.5666 0.1629
vn 0.8125 0.5795 0.0629
vn 0.8516 0.5209 -0.0592
vn 0.8637 0.5027 0.0366
vn 0.8161 0.5762 -0.0446
vn 0.7993 0.5825 -0.1476
vn 0.8353 0.5242 -0.1661
vn 0.7466 0.6575 -0.1013
vn 0.7416 0.6287 -0.2339
vn 0.7678 0.5856 -0.2600
vn 0.7207 0.6089 -0.3314
vn 0.7956 0.5364 -0.2815
vn 0.8452 0.4636 -0.2657
vn 0.8049 0.4776 -0.3522
vn 0.7503 0.5503 -0.3665
vn 0.8884 0.3787 -0.2596
vn 0.8817 0.3541 -0.3119
vn 0.8141 0.4312 -0.3890
vn 0.7833 0.4892 -0.3835
vn 0.7697 0.4935 -0.4050
vn 0.7434 0.5332 -0.4038
vn 0.7813 0.4663 -0.4149
vn 0.9565 0.1950 -0.2170
vn 1.0000 -0.0000 -0.0000
vn 0.7446 0.5177 -0.4213
vn 0.9695 0.1395 -0.2014
vn 0.9710 0.1125 -0.2109
vn 0.8806 0.3109 -0.3577
vn 0.9314 0.2192 -0.2906
vn 0.9789 0.1016 -0.1773
vn 0.9725 0.1536 -0.1751
vn 0.9400 0.2580 -0.2230
vn 0.9663 0.1102 -0.2325
vn 0.9879 0.0563 -0.1443
vn 0.9836 0.0653 -0.1683
vn 0.9525 0.2859 -0.1046
vn 0.9539 0.3001 0.0085
vn 0.8993 0.4098 -0.1526
vn 0.9722 0.2340 0.0122
vn 0.9800 0.1853 -0.0723
vn 0.9078 0.4192 0.0156
vn 0.8567 0.4759 -0.1988
vn 0.8223 0.5673 -0.0458
vn 0.8750 0.4685 -0.1217
vn 0.8608 0.4917 0.1311
vn 0.9041 0.4122 0.1130
vn 0.9352 0.3340 0.1178
vn 0.9665 0.2366 0.0996
vn 0.9309 0.3128 0.1888
vn 0.9459 0.2392 0.2192
vn 0.8924 0.3944 0.2192
vn 0.8704 0.3617 0.3342
vn 0.8225 0.4508 0.3469
vn 0.8524 0.4652 0.2385
vn 0.8164 0.4303 0.3851
vn 0.8471 0.3514 0.3987
vn 0.9047 0.2426 0.3503
vn 0.8894 0.2280 0.3963
vn 0.8897 0.1664 0.4251
vn 0.8767 0.2626 0.4030
vn 0.9268 0.1058 0.3604
vn 0.8405 0.3071 0.4464
vn 0.9013 0.1037 0.4206
vn 0.9371 0.0026 0.3489
vn 0.9723 0.1101 0.2060
vn 0.9715 0.0042 0.2370
vn 0.9934 -0.0413 0.1069
vn 0.9929 0.0044 0.1186
vn 0.9752 -0.1092 0.1924
vn 0.9959 -0.0865 0.0262
vn 0.9868 -0.1596 0.0269
vn 0.9956 -0.0794 -0.0494
vn 0.9495 -0.2923 -0.1138
vn 0.9723 -0.2333 0.0170
vn 0.9796 -0.1822 -0.0848
vn 0.9865 -0.0752 -0.1452
vn 0.9999 -0.0106 -0.0089
vn 0.9964 -0.0086 -0.0843
vn 0.9734 -0.1545 -0.1694
vn 0.9795 -0.0525 -0.1944
vn 0.9624 -0.1232 -0.2420
vn 0.9921 -0.0320 -0.1214
vn 0.9939 -0.0162 -0.1090
vn 0.9859 0.0077 -0.1669
vn 0.9894 0.0706 -0.1268
vn 0.9944 0.0088 -0.1049
vn 0.9785 0.0558 -0.1987
vn 0.9949 -0.0000 -0.1004
vn 0.9947 -0.0068 -0.1025
vn 0.9927 0.0240 -0.1178
vn 0.9900 0.0261 -0.1384
vn 0.9901 -0.0411 -0.1340
vn 0.9850 -0.0711 -0.1570
vn 0.9834 -0.0770 -0.1643
vn 0.9753 -0.1180 -0.1865
vn 0.8796 -0.3619 -0.3087
vn 0.8723 -0.3247 -0.3656
vn 0.9267 -0.2184 -0.3057
vn 0.9695 -0.1395 -0.2014
vn 0.9565 -0.1950 -0.2169
vn 0.8127 -0.4276 -0.3957
vn 0.7899 -0.4511 -0.4155
vn 1.0000 -0.0001 -0.0000
vn 0.6951 -0.6216 -0.3611
vn 0.6807 -0.6512 -0.3354
vn 0.7134 -0.5975 -0.3661
vn 0.7322 -0.5562 -0.3932
vn 0.7314 -0.5502 -0.4028
vn 0.7143 -0.5867 -0.3816
vn 0.7648 -0.5020 -0.4038
vn 0.7528 -0.5140 -0.4112
vn 0.7537 -0.5537 -0.3539
vn 0.7833 -0.4892 -0.3835
vn 0.8148 -0.4635 -0.3481
vn 0.8004 -0.5295 -0.2810
vn 0.8472 -0.4606 -0.2648
vn 0.8351 -0.5228 -0.1710
vn 0.8611 -0.4703 -0.1929
vn 0.8872 -0.3836 -0.2564
vn 0.8996 -0.4095 -0.1517
vn 0.9439 -0.2538 -0.2112
vn 0.9063 -0.4224 0.0124
vn 0.8202 -0.5699 -0.0492
vn 0.8752 -0.4682 -0.1216
vn 0.8523 -0.5199 -0.0573
vn 0.8573 -0.5137 0.0349
vn 0.8139 -0.5795 -0.0425
vn 0.7935 -0.5884 -0.1551
vn 0.9030 -0.4130 0.1180
vn 0.8630 -0.4871 0.1336
vn 0.8223 -0.5664 0.0548
vn 0.8519 -0.4634 0.2441
vn 0.8909 -0.3964 0.2217
vn 0.8085 -0.5650 0.1643
vn 0.7663 -0.6383 0.0734
vn 0.7587 -0.6312 0.1611
vn 0.7909 -0.5458 0.2769
vn 0.7365 -0.6322 0.2408
vn 0.7106 -0.6415 0.2890
vn 0.7946 -0.5001 0.3443
vn 0.7276 -0.5985 0.3353
vn 0.7539 -0.5582 0.3465
vn 0.7855 -0.4948 0.3717
vn 0.8249 -0.4479 0.3449
vn 0.8174 -0.4293 0.3841
vn 0.8666 -0.3673 0.3377
vn 0.8610 -0.2951 0.4143
vn 0.9081 -0.2352 0.3464
vn 0.8461 -0.3643 0.3892
vn 0.9224 -0.3219 0.2133
vn 0.9320 -0.3387 0.1290
vn 0.9650 -0.2418 0.1011
vn 0.9468 -0.2316 0.2236
vn 0.9543 -0.2989 -0.0013
vn 0.8767 -0.2626 0.4030
vn 0.9259 -0.1138 0.3603
vn 0.8998 -0.1167 0.4204
vn 0.8853 -0.1573 0.4376
vn 0.8894 -0.2280 0.3963
vn 0.9050 -0.0551 0.4219
vn 0.9140 -0.0000 0.4057
vn 0.8980 0.0631 0.4354
vn 0.6866 -0.6626 0.2992
vn 0.6070 -0.7570 0.2418
vn 0.6480 -0.7038 0.2911
vn 0.6003 -0.7552 0.2635
vn 0.5013 -0.8227 0.2681
vn 0.4940 -0.8288 0.2629
vn 0.4786 -0.8484 0.2261
vn 0.6257 -0.7536 0.2016
vn 0.6863 -0.7031 0.1861
vn 0.5591 -0.8108 0.1733
vn 0.6960 -0.7141 0.0748
vn 0.5790 -0.8105 0.0888
vn 0.6796 -0.7316 -0.0546
vn 0.7586 -0.6465 -0.0814
vn 0.7819 -0.6230 -0.0206
vn 0.7161 -0.6766 -0.1714
vn 0.6473 -0.7489 -0.1422
vn 0.7307 -0.6371 -0.2451
vn 0.6593 -0.7110 -0.2443
vn 0.5900 -0.7775 -0.2175
vn 0.7589 -0.5975 -0.2588
vn 0.6976 -0.6553 -0.2898
vn 0.7167 -0.6205 -0.3183
vn 0.6208 -0.7233 -0.3023
vn 0.6382 -0.6870 -0.3474
vn 0.5660 -0.7788 -0.2704
vn 0.6079 -0.7381 -0.2926
vn 0.6832 -0.6309 -0.3677
vn 0.6623 -0.6794 -0.3158
vn 0.6880 -0.6664 -0.2874
vn 0.6442 -0.7321 -0.2215
vn 0.6827 -0.6843 -0.2563
vn 0.6888 -0.6834 -0.2420
vn 0.6822 -0.6590 -0.3168
vn 1.0000 -0.0095 -0.0015
vn 1.0000 -0.0052 -0.0007
vn 0.9024 -0.4257 -0.0664
vn -0.9401 -0.3396 -0.0287
vn 0.9985 -0.0549 -0.0028
vn 1.0000 -0.0005 -0.0000
vn 0.6500 -0.7599 0.0093
vn 0.6516 -0.7570 -0.0476
vn 0.6105 -0.7919 -0.0133
vn 0.6154 -0.7845 0.0765
vn 1.0000 -0.0006 -0.0000
vn 0.6512 -0.7550 0.0775
vn 0.5494 -0.8200 0.1604
vn 0.6165 -0.7724 0.1527
vn 0.5495 -0.8316 0.0810
vn 0.5550 -0.8318 -0.0033
vn 0.5064 -0.8623 0.0098
vn 0.4935 -0.8683 -0.0503
vn 0.5966 -0.7969 -0.0947
vn 0.5469 -0.8310 -0.1012
vn 0.6323 -0.7661 -0.1157
vn 0.4707 -0.8823 0.0039
vn 0.4552 -0.8875 -0.0715
vn 0.4875 -0.8683 -0.0916
vn 0.4904 -0.8617 -0.1305
vn 0.4594 -0.8783 -0.1326
vn 0.4999 -0.8463 -0.1838
vn 0.5517 -0.8108 -0.1958
vn 0.5976 -0.7750 -0.2055
vn 0.5246 -0.8158 -0.2435
vn 0.4816 -0.8464 -0.2272
vn 0.4638 -0.8648 -0.1926
vn 0.4623 -0.8708 -0.1674
vn 0.5149 -0.8229 -0.2402
vn 0.4866 -0.8408 -0.2374
vn 0.5653 -0.7842 -0.2561
vn 0.4606 -0.8581 -0.2268
vn 0.4627 -0.8629 -0.2030
vn 0.5176 -0.8345 -0.1889
vn 0.3876 -0.8945 -0.2229
vn 0.5416 -0.8318 -0.1214
vn 0.4618 -0.8745 -0.1482
vn 0.4769 -0.8596 -0.1832
vn 0.4712 -0.8586 -0.2018
vn 0.4379 -0.8730 -0.2148
vn 0.5648 -0.8240 -0.0445
vn 0.4398 -0.8974 -0.0362
vn 0.4455 -0.8882 -0.1125
vn 0.3335 -0.9419 0.0401
vn 0.3575 -0.9238 0.1372
vn 0.3621 -0.9311 -0.0431
vn 0.3701 -0.9257 -0.0778
vn 0.4592 -0.8822 0.1045
vn 0.3887 -0.9157 -0.1018
vn 0.3405 -0.9382 -0.0616
vn 0.3286 -0.9439 -0.0320
vn 0.3209 -0.9468 -0.0235
vn 0.3126 -0.9484 0.0522
vn 0.2816 -0.9466 0.1569
vn 0.2480 -0.9620 0.1141
vn 0.2931 -0.9209 0.2568
vn 0.2427 -0.9480 0.2059
vn 0.1949 -0.9352 0.2957
vn 0.1745 -0.9466 0.2710
vn 0.1565 -0.9598 0.2332
vn 0.1456 -0.9587 0.2441
vn 0.0986 -0.9296 0.3552
vn 0.0479 -0.9426 0.3306
vn 0.1083 -0.9273 0.3583
vn -0.0068 -0.9349 0.3547
vn 0.0002 -0.9303 0.3669
vn -0.0631 -0.9331 0.3541
vn -0.0409 -0.9402 0.3383
vn -0.0413 -0.9424 0.3321
vn -0.0421 -0.9474 0.3172
vn 0.0194 -0.2473 0.9688
vn -0.0793 -0.9265 0.3677
vn -0.1319 -0.9140 0.3837
vn -0.0435 -0.9297 0.3657
vn 0.0132 -0.9316 0.3633
vn 0.0722 -0.9289 0.3632
vn 0.1226 -0.9252 0.3590
vn 0.1660 -0.9198 0.3555
vn 0.2102 -0.9164 0.3405
vn 0.2386 -0.9077 0.3451
vn 0.2956 -0.8960 0.3315
vn 0.3123 -0.8967 0.3137
vn 0.3534 -0.8795 0.3188
vn 0.4327 -0.8562 0.2822
vn 0.4088 -0.8673 0.2840
vn 0.3813 -0.8673 0.3201
vn 0.4556 -0.8493 0.2667
vn 0.5317 -0.8023 0.2713
vn 0.5655 -0.7802 0.2673
vn 0.6086 -0.7507 0.2571
vn 0.3883 -0.8848 0.2575
vn -0.1040 -0.9242 0.3675
vn 0.6021 -0.7528 -0.2659
vn 0.5897 -0.7546 -0.2879
vn 0.4539 -0.8910 0.0011
vn 0.4535 -0.8879 0.0766
vn 0.4853 -0.8702 0.0848
vn 0.4527 -0.8784 0.1534
vn 0.4872 -0.8572 0.1670
vn 0.4520 -0.8611 0.2326
vn 0.4524 -0.8361 0.3103
vn 0.4879 -0.8364 0.2496
vn 0.5504 -0.7998 0.2395
vn 0.4890 -0.8073 0.3304
vn 0.6194 -0.7509 0.2290
vn 0.5515 -0.7717 0.3168
vn 0.6226 -0.7242 0.2965
vn 0.5526 -0.7358 0.3915
vn 0.4897 -0.7701 0.4089
vn 0.4902 -0.7250 0.4838
vn 0.5535 -0.6925 0.4627
vn 0.6208 -0.6912 0.3699
vn 0.6222 -0.6502 0.4360
vn 0.5541 -0.6423 0.5296
vn 0.4896 -0.6725 0.5550
vn 0.4893 -0.6140 0.6193
vn 0.4571 -0.6291 0.6287
vn 0.4569 -0.6771 0.5769
vn 0.4543 -0.7248 0.5179
vn 0.4531 -0.7674 0.4536
vn 0.4527 -0.8051 0.3833
vn 0.4550 -0.5724 0.6821
vn 0.4536 -0.5085 0.7319
vn 0.4900 -0.5480 0.6780
vn 0.4898 -0.4769 0.7299
vn 0.5543 -0.5857 0.5914
vn 0.5541 -0.5233 0.6473
vn 0.5536 -0.4560 0.6969
vn 0.4899 -0.4016 0.7738
vn 0.4531 -0.4390 0.7759
vn 0.6237 -0.4288 0.6535
vn 0.6247 -0.4916 0.6067
vn 0.5527 -0.3844 0.7394
vn 0.4891 -0.3228 0.8103
vn 0.5516 -0.3095 0.7745
vn 0.6224 -0.3642 0.6928
vn 0.6575 -0.3331 0.6758
vn 0.6188 -0.2936 0.7286
vn 0.5505 -0.2320 0.8019
vn 0.6170 -0.2209 0.7554
vn 0.6574 -0.2593 0.7075
vn 0.6524 -0.1974 0.7317
vn 0.6177 -0.1435 0.7732
vn 0.6486 -0.1521 0.7458
vn 0.6186 -0.0712 0.7825
vn 0.6483 -0.0942 0.7556
vn 0.6097 -0.2558 0.7502
vn 0.6711 -0.0060 0.7413
vn 0.6580 -0.0360 0.7522
vn 0.6022 -0.0387 0.7974
vn 0.5521 -0.0802 0.8299
vn 0.5813 -0.0289 0.8132
vn 0.6124 -0.0226 0.7902
vn 0.5691 -0.0338 0.8216
vn 0.5493 -0.0415 0.8346
vn 0.5315 -0.0551 0.8453
vn 0.5152 -0.0776 0.8535
vn 0.5120 -0.0707 0.8561
vn 0.4831 -0.0840 0.8715
vn 0.4971 -0.0527 0.8661
vn 0.4861 -0.0466 0.8727
vn 0.4737 -0.0431 0.8797
vn 0.4491 -0.0406 0.8926
vn 0.3749 -0.0391 0.9263
vn 0.3612 -0.0389 0.9317
vn -0.3183 -0.0307 0.9475
vn 0.4705 -0.0367 0.8817
vn 0.4841 -0.0378 0.8742
vn 0.4543 -0.0464 0.8897
vn 0.4535 -0.0246 0.8909
vn 0.4537 -0.0987 0.8856
vn 0.4870 -0.1590 0.8588
vn 0.4543 -0.1647 0.8755
vn 0.5495 -0.1529 0.8214
vn 0.4882 -0.2415 0.8387
vn 0.4544 -0.2310 0.8604
vn 0.4530 -0.3005 0.8394
vn 0.4531 -0.3707 0.8107
vn 0.6561 -0.3856 0.6487
vn 0.6593 -0.4284 0.6179
vn 0.6597 -0.4784 0.5796
vn 0.6597 -0.5357 0.5272
vn 0.6242 -0.6016 0.4985
vn 0.6598 -0.5778 0.4804
vn 0.6606 -0.6066 0.4422
vn 0.6253 -0.5492 0.5544
vn 0.6617 -0.6422 0.3871
vn 0.6563 -0.6850 0.3162
vn 0.6480 -0.7125 0.2691
vn 0.6540 -0.7247 0.2171
vn 0.6531 -0.7414 0.1540
vn 0.6550 -0.7440 -0.1323
vn 0.2031 -0.9573 -0.2059
vn 0.6793 -0.7059 -0.2007
vn 0.6812 -0.6967 -0.2248
vn 0.4326 -0.8784 -0.2033
vn 0.9942 0.0896 -0.0590
vn 0.9993 -0.0030 0.0384
vn 0.9958 0.0877 0.0249
vn 0.9902 0.1076 0.0888
vn 0.9874 0.1577 0.0135
vn 0.7955 0.4964 0.3475
vn 0.7857 0.4926 0.3741
vn 0.7539 0.5582 0.3465
vn 0.7904 0.5475 0.2748
vn 0.7286 0.5983 0.3335
vn 0.7052 0.6474 0.2892
vn 0.6852 0.6638 0.2998
vn 0.6063 0.7485 0.2687
vn 0.6480 0.7038 0.2911
vn 0.6086 0.7507 0.2571
vn 0.5655 0.7802 0.2673
vn 0.4989 0.8283 0.2552
vn 0.5261 0.8047 0.2751
vn 0.4248 0.8604 0.2814
vn 0.4626 0.8418 0.2782
vn 0.3549 0.8778 0.3217
vn 0.3813 0.8673 0.3201
vn 0.4007 0.8723 0.2801
vn 0.2956 0.8960 0.3315
vn 0.2386 0.9077 0.3451
vn 0.1660 0.9198 0.3555
vn 0.1226 0.9252 0.3590
vn 0.6911 0.6503 -0.3155
vn 0.6835 0.6678 -0.2946
vn 0.7001 0.6200 -0.3541
vn 0.7111 0.6051 -0.3580
vn 0.6882 0.6850 -0.2390
vn 0.6936 0.6685 -0.2683
vn 0.6421 0.7316 -0.2290
vn 0.6536 0.6872 -0.3170
vn 0.6794 0.6906 -0.2482
vn 0.6023 0.7702 -0.2097
vn 0.6437 0.7576 -0.1079
vn 0.6838 0.7030 -0.1954
vn 0.6841 0.6948 -0.2218
vn 0.6456 0.7530 -0.1275
vn 0.2235 0.9525 -0.2069
vn 0.7158 0.6753 -0.1778
vn 1.0000 0.0059 -0.0008
vn 0.9999 0.0104 -0.0016
vn 0.8987 0.4334 -0.0676
vn 1.0000 0.0006 -0.0000
vn 1.0000 0.0001 -0.0000
vn 1.0000 0.0005 -0.0000
vn 0.6711 0.0059 0.7413
vn 0.6097 0.2558 0.7502
vn 0.6526 0.0417 0.7566
vn 0.6010 0.0480 0.7978
vn 0.6203 0.0632 0.7818
vn 0.6493 0.0842 0.7558
vn 0.5910 0.0323 0.8060
vn 0.6633 0.0089 0.7483
vn 0.5544 0.0780 0.8286
vn 0.5933 0.0264 0.8045
vn 0.5500 0.1528 0.8211
vn 0.6156 0.1458 0.7744
vn 0.4821 0.0835 0.8721
vn 0.5632 0.0355 0.8255
vn 0.5478 0.0423 0.8356
vn 0.5388 0.0486 0.8410
vn 0.5297 0.0573 0.8463
vn 0.5185 0.0706 0.8522
vn 0.4547 0.0792 0.8871
vn 0.4549 0.1542 0.8771
vn 0.4682 0.0390 0.8828
vn 0.4875 0.1588 0.8586
vn 0.4943 0.0506 0.8678
vn 0.4737 0.0434 0.8796
vn 0.4428 0.0412 0.8957
vn 0.3043 0.0422 0.9516
vn 0.4667 0.0383 0.8836
vn 0.5102 0.0653 0.8576
vn 0.4532 0.0396 0.8905
vn 0.4540 0.2293 0.8610
vn 0.5510 0.2320 0.8016
vn 0.4888 0.2415 0.8383
vn 0.4534 0.3045 0.8377
vn 0.4896 0.3228 0.8100
vn 0.4532 0.3805 0.8061
vn 0.4904 0.4014 0.7736
vn 0.4536 0.4533 0.7673
vn 0.5532 0.3843 0.7391
vn 0.4910 0.4765 0.7293
vn 0.5541 0.4558 0.6966
vn 0.6221 0.3617 0.6944
vn 0.5521 0.3094 0.7742
vn 0.6225 0.4300 0.6539
vn 0.6224 0.2926 0.7260
vn 0.6504 0.2602 0.7137
vn 0.6502 0.2015 0.7325
vn 0.6196 0.2222 0.7528
vn 0.6517 0.1553 0.7424
vn 0.6598 0.3868 0.6443
vn 0.6240 0.4918 0.6072
vn 0.6603 0.4271 0.6177
vn 0.5546 0.5231 0.6471
vn 0.6243 0.5497 0.5551
vn 0.6619 0.4768 0.5784
vn 0.6625 0.5335 0.5258
vn 0.6252 0.6028 0.4957
vn 0.5548 0.5854 0.5911
vn 0.6612 0.5779 0.4783
vn 0.6554 0.6472 0.3893
vn 0.6531 0.6156 0.4409
vn 0.6260 0.6461 0.4366
vn 0.5546 0.6420 0.5293
vn 0.4903 0.6730 0.5538
vn 0.4911 0.6131 0.6188
vn 0.5540 0.6922 0.4625
vn 0.4898 0.7250 0.4842
vn 0.5531 0.7355 0.3913
vn 0.6249 0.6898 0.3657
vn 0.4900 0.7698 0.4090
vn 0.5520 0.7714 0.3167
vn 0.6213 0.7231 0.3019
vn 0.4552 0.7771 0.4346
vn 0.4541 0.8122 0.3662
vn 0.4898 0.8068 0.3304
vn 0.4534 0.8408 0.2957
vn 0.5509 0.7995 0.2394
vn 0.4892 0.8358 0.2494
vn 0.4528 0.8635 0.2221
vn 0.5499 0.8197 0.1603
vn 0.4883 0.8566 0.1668
vn 0.4541 0.8786 0.1479
vn 0.4871 0.8692 0.0848
vn 0.5499 0.8313 0.0810
vn 0.5067 0.8620 0.0135
vn 0.5530 0.8332 -0.0019
vn 0.6167 0.7872 -0.0062
vn 0.6164 0.7837 0.0768
vn 0.4902 0.8704 -0.0461
vn 0.5443 0.8330 -0.0994
vn 0.5899 0.8008 -0.1039
vn 0.5505 0.8128 -0.1907
vn 0.4908 0.8620 -0.1267
vn 0.4975 0.8495 -0.1756
vn 0.5184 0.8220 -0.2357
vn 0.5672 0.7796 -0.2655
vn 0.6087 0.7316 -0.3070
vn 0.6229 0.7276 -0.2874
vn 0.5929 0.7496 -0.2943
vn 0.5539 0.7851 -0.2772
vn 0.6521 0.6840 -0.3270
vn 0.6830 0.6354 -0.3603
vn 0.6841 0.6733 -0.2806
vn 0.5810 0.7634 -0.2823
vn 0.6603 0.7190 -0.2170
vn 0.7067 0.6871 -0.1688
vn 0.6366 0.7564 -0.1501
vn 0.5977 0.7756 -0.2031
vn 0.5181 0.8344 -0.1882
vn 0.5440 0.8293 -0.1277
vn 0.3894 0.8938 -0.2226
vn 0.4908 0.8396 -0.2327
vn 0.4538 0.8658 -0.2109
vn 0.4771 0.8573 -0.1936
vn 0.4697 0.8675 -0.1642
vn 0.5133 0.8208 -0.2505
vn 0.4970 0.8394 -0.2201
vn 0.4641 0.8590 -0.2162
vn 0.4721 0.8513 -0.2290
vn 0.4633 0.8651 -0.1921
vn 0.4620 0.8710 -0.1669
vn 0.4594 0.8780 -0.1346
vn 0.4621 0.8841 -0.0691
vn 0.4870 0.8693 -0.0840
vn 0.4576 0.8891 -0.0062
vn 0.4707 0.8823 0.0045
vn 0.4558 0.8884 0.0548
vn 0.4549 0.8854 0.0956
vn 0.4056 0.9062 -0.1195
vn 0.4573 0.8822 -0.1124
vn 0.3719 0.9235 -0.0938
vn 0.3624 0.9310 -0.0449
vn 0.3320 0.9411 -0.0642
vn 0.3406 0.9385 -0.0559
vn 0.7122 0.5872 -0.3847
vn 0.7262 0.5666 -0.3892
vn 0.7365 0.5411 -0.4058
vn 0.7223 0.5744 -0.3851
vn 0.6500 0.7559 0.0783
vn 0.6508 0.7433 0.1551
vn 0.6179 0.7713 0.1528
vn 0.6186 0.7524 0.2262
vn 0.6528 0.7262 0.2158
vn 0.6555 0.7088 0.2606
vn 0.6498 0.7601 0.0059
vn 0.6354 0.7689 -0.0703
vn 0.9949 0.1004 -0.0052
vn 1.0000 0.0060 -0.0008
vn -0.8697 0.4911 -0.0490
vn 0.4570 0.7356 0.5000
vn 0.4579 0.7014 0.5462
vn 0.4570 0.6763 0.5777
vn 0.4563 0.6401 0.6181
vn 0.4547 0.5846 0.6720
vn 0.4913 0.5474 0.6775
vn 0.4540 0.5215 0.7225
vn 0.6517 0.6833 0.3292
vn 0.6554 0.3278 0.6805
vn -0.0789 0.9248 0.3722
vn -0.1330 0.9142 0.3827
vn -0.1696 0.9077 0.3839
vn -0.2287 0.8893 0.3960
vn -0.8405 -0.0000 0.5418
vn -1.0000 -0.0000 -0.0000
vn -0.2015 -0.0005 0.9795
vn -0.1843 0.3921 0.9013
vn -0.1853 0.3939 0.9003
vn -0.1367 0.7177 0.6828
vn -0.1380 0.7196 0.6805
vn -0.0657 0.9283 0.3661
vn -0.0664 0.9289 0.3643
vn 0.0200 0.9998 0.0022
vn 0.0202 0.9998 0.0031
vn 0.1106 0.9268 -0.3588
vn 0.1120 0.9282 -0.3549
vn 0.1942 0.7169 -0.6696
vn 0.1964 0.7205 -0.6650
vn 0.2556 0.3928 -0.8834
vn 0.2576 0.3964 -0.8812
vn 0.2794 0.0005 -0.9602
vn 0.0804 -0.3193 -0.9442
vn 0.1185 -0.4041 -0.9070
vn 0.0472 -0.1895 -0.9808
vn -0.0188 0.0824 -0.9964
vn 0.1640 -0.5787 -0.7989
vn 0.1773 -0.6805 -0.7110
vn 0.2003 -0.6867 -0.6988
vn 0.2769 -0.9606 0.0251
vn 0.2646 -0.9494 -0.1694
vn 0.2490 -0.9089 -0.3344
vn 0.2372 -0.8802 -0.4112
vn 0.2018 -0.7938 -0.5738
vn -0.2004 0.9767 0.0766
vn -0.1957 0.9569 -0.2146
vn -0.1991 0.9769 0.0771
vn -0.1811 0.9330 -0.3111
vn -0.1871 0.9110 0.3674
vn -0.1869 0.9110 0.3676
vn -0.1645 0.8072 0.5669
vn -0.1646 0.8068 0.5674
vn -0.1336 0.6660 0.7339
vn -0.1342 0.6667 0.7332
vn -0.0957 0.4958 0.8631
vn -0.0714 0.4153 0.9069
vn -0.0291 0.2955 0.9549
vn 0.0305 0.0067 0.9995
vn -0.0026 0.0356 0.9994
vn 0.1275 -0.4098 0.9032
vn 0.2800 -0.9596 -0.0281
vn 0.2736 -0.9426 0.1912
vn 0.2804 -0.8933 0.3513
vn 0.2669 -0.8676 0.4195
vn 0.1795 -0.6703 0.7201
vn 0.2291 -0.7203 0.6547
vn 0.1175 -0.4355 0.8925
vn 0.0484 -0.2217 0.9739
vn -0.1589 0.8759 -0.4557
vn -0.1435 0.7712 -0.6203
vn -0.1498 0.7600 -0.6325
vn -0.1350 0.6599 -0.7392
vn -0.1094 0.5879 -0.8015
vn -0.1070 0.5426 -0.8331
vn -0.0672 0.3949 -0.9163
vn -0.0700 0.3611 -0.9299
vn -0.0256 0.2045 -0.9785
vn 0.0048 -0.0189 -0.9998
vn -0.1834 -0.9152 -0.3587
vn -0.1667 -0.8753 -0.4540
vn -0.1601 -0.8108 -0.5630
vn -0.1091 -0.6784 -0.7266
vn -0.0401 -0.3379 -0.9403
vn -0.0902 -0.5190 -0.8500
vn -0.1363 -0.6770 -0.7232
vn 0.1087 0.4254 -0.8985
vn 0.0978 0.3537 -0.9302
vn 0.1696 0.5532 -0.8156
vn 0.1809 0.6382 -0.7483
vn 0.2185 0.7254 -0.6528
vn 0.2222 0.7585 -0.6126
vn 0.2530 0.8631 -0.4370
vn 0.2530 0.8671 -0.4290
vn 0.2773 0.9402 -0.1980
vn 0.2737 0.9381 -0.2122
vn 0.2808 0.9563 0.0819
vn 0.2793 0.9567 0.0823
vn 0.2595 0.8923 0.3694
vn 0.2594 0.8928 0.3683
vn 0.2303 0.7892 0.5693
vn 0.2296 0.7902 0.5682
vn 0.1911 0.6495 0.7359
vn 0.1904 0.6525 0.7335
vn 0.1450 0.4820 0.8641
vn 0.1290 0.4016 0.9067
vn 0.1115 0.2743 0.9552
vn 0.0333 0.0023 0.9994
vn 0.0279 0.0137 0.9995
vn -0.0510 -0.3037 0.9514
vn -0.0580 -0.3876 0.9200
vn -0.1058 -0.5137 0.8514
vn -0.1259 -0.6468 0.7522
vn -0.1609 -0.7331 0.6608
vn -0.1602 -0.7889 0.5932
vn -0.1849 -0.8876 0.4219
vn -0.1806 -0.8968 0.4039
vn -0.2013 -0.9591 0.1989
vn -0.2018 -0.9623 0.1824
vn -0.1928 -0.9765 -0.0960
vn -0.2166 -0.9756 -0.0356
vn -0.2128 -0.9469 -0.2409
vn 0.0473 0.1795 -0.9826
vn 0.0307 0.1069 -0.9938
vn 0.0180 -0.0414 -0.9990
vn -0.0101 -0.1162 -0.9932
vn -0.0595 -0.3335 -0.9409
vn 0.2581 -0.3921 -0.8830
vn 0.2553 -0.3958 -0.8822
vn 0.1974 -0.7168 -0.6687
vn 0.1933 -0.7206 -0.6659
vn 0.1128 -0.9270 -0.3578
vn 0.1097 -0.9284 -0.3550
vn 0.0204 -0.9998 0.0027
vn 0.0197 -0.9998 0.0034
vn -0.0668 -0.9283 0.3658
vn -0.0653 -0.9289 0.3645
vn -0.1383 -0.7181 0.6821
vn -0.1362 -0.7200 0.6805
vn -0.1854 -0.3929 0.9007
vn -0.1840 -0.3947 0.9002
vn 0.9995 -0.0048 0.0303
vn 0.9995 -0.0079 0.0297
vn 0.9995 -0.0266 0.0155
vn 0.9995 -0.0281 0.0125
vn 0.9995 -0.0305 0.0031
vn 0.9995 -0.0307 -0.0000
vn 0.9995 -0.0293 -0.0093
vn 0.9995 -0.0281 -0.0125
vn 0.9995 -0.0224 -0.0211
vn 0.9995 -0.0199 -0.0235
vn 0.9995 -0.0171 -0.0256
vn 0.9995 -0.0141 -0.0273
vn 0.9995 -0.0110 -0.0287
vn 0.9995 -0.0079 -0.0297
vn 0.9995 -0.0141 0.0273
vn 0.9995 -0.0171 0.0256
vn 0.9995 -0.0111 0.0287
vn 0.9995 -0.0199 0.0235
vn 0.9995 -0.0224 0.0211
vn 0.9995 -0.0247 0.0184
vn 0.9995 -0.0293 0.0093
vn 0.9995 -0.0301 0.0062
vn 0.9995 -0.0305 -0.0031
vn 0.9995 -0.0301 -0.0062
vn 0.9995 -0.0266 -0.0155
vn 0.9995 -0.0247 -0.0184
vn 0.9995 -0.0048 -0.0303
vn 0.9996 -0.0033 -0.0287
vn 0.9625 -0.0253 0.2701
vn 0.9587 -0.0206 0.2835
vn 0.9524 -0.0254 0.3038
vn 0.9549 -0.0000 0.2969
vn 0.9493 -0.0004 0.3144
vn 0.9493 -0.0266 0.3132
vn 0.9425 0.0018 0.3341
vn 0.9782 -0.0033 -0.2079
vn 0.9718 -0.0026 -0.2357
vn 0.9616 -0.0209 -0.2735
vn 0.9650 -0.0003 -0.2623
vn 0.9567 -0.0015 -0.2911
vn 0.9912 -0.0008 -0.1320
vn 0.9854 -0.0016 -0.1705
vn 0.9871 -0.0093 -0.1598
vn 0.9977 -0.0006 -0.0673
vn 0.9943 -0.0083 -0.1059
vn 0.9962 0.0103 -0.0869
vn 0.9933 -0.0011 -0.1154
vn 0.9981 -0.0055 -0.0610
vn 0.9985 0.0002 -0.0554
vn 0.9997 0.0006 -0.0229
vn 0.9994 -0.0003 -0.0344
vn 0.9990 0.0079 -0.0429
vn 0.9959 -0.0064 0.0908
vn 0.9966 0.0008 0.0827
vn 0.9971 0.0266 0.0709
vn 0.9869 -0.0114 0.1610
vn 0.9867 -0.0014 0.1623
vn 0.9908 0.0131 0.1344
vn 0.9612 -0.0455 0.2721
vn 0.9660 -0.0304 0.2568
vn 0.9712 -0.0376 0.2354
vn 0.9830 -0.0141 0.1828
vn 0.9799 -0.0133 0.1990
vn 0.9784 -0.0207 0.2059
vn 0.9782 -0.0352 0.2045
vn 0.9751 -0.0299 0.2198
vn 0.9499 -0.3119 -0.0197
vn 0.9550 -0.2955 -0.0239
vn 0.9607 -0.2751 -0.0362
vn 0.9618 -0.2731 -0.0206
vn 0.9653 -0.2602 -0.0232
vn 0.9676 -0.2503 -0.0321
vn 0.9701 -0.2303 -0.0764
vn 0.9812 -0.1921 -0.0170
vn 0.9788 -0.2029 -0.0263
vn 0.9765 -0.2145 -0.0227
vn 0.9742 -0.2219 -0.0420
vn 0.9488 -0.3158 -0.0001
vn 0.9490 -0.3153 -0.0063
vn 0.9505 -0.3089 -0.0331
vn 0.9506 -0.3087 0.0330
vn 0.9501 -0.3110 0.0238
vn 0.9486 -0.3162 0.0144
vn 0.9702 -0.2277 0.0829
vn 0.9695 -0.2370 0.0628
vn 0.9607 -0.2755 0.0354
vn 0.9787 -0.2034 0.0278
vn 0.9804 -0.1964 0.0148
vn 0.9781 -0.2073 0.0164
vn 0.9766 -0.2141 0.0220
vn 0.9745 -0.2208 0.0391
vn 0.9662 -0.2565 0.0255
vn 0.9624 -0.2710 0.0206
vn 0.9539 -0.2989 0.0265
vn 0.9832 -0.1823 0.0129
vn 0.9869 -0.1605 0.0166
vn 0.9837 -0.1798 0.0039
vn 0.9871 -0.1603 -0.0000
vn 0.9836 -0.1801 -0.0084
vn 0.9869 -0.1605 -0.0166
vn 0.9830 -0.1825 -0.0187
vn 0.9619 -0.2679 -0.0551
vn 0.9513 -0.3021 -0.0621
vn 0.9619 -0.2606 -0.0831
vn 0.9513 -0.2938 -0.0937
vn 0.9619 -0.2500 -0.1109
vn 0.9513 -0.2819 -0.1250
vn 0.9619 -0.2362 -0.1379
vn 0.9513 -0.2663 -0.1555
vn 0.9619 -0.2193 -0.1636
vn 0.9513 -0.2472 -0.1844
vn 0.9619 -0.1993 -0.1874
vn 0.9513 -0.2247 -0.2112
vn 0.9619 -0.1768 -0.2088
vn 0.9513 -0.1993 -0.2353
vn 0.9619 -0.1521 -0.2274
vn 0.9513 -0.1715 -0.2563
vn 0.9619 -0.1257 -0.2429
vn 0.9513 -0.1418 -0.2739
vn 0.9619 -0.0983 -0.2552
vn 0.9513 -0.1108 -0.2878
vn 0.9619 -0.0703 -0.2643
vn 0.9513 -0.0793 -0.2980
vn 0.9619 -0.0424 -0.2701
vn 0.9513 -0.0478 -0.3047
vn 0.9510 -0.0207 -0.3083
vn 0.9507 -0.0000 -0.3102
vn 0.9779 -0.0137 -0.2084
vn 0.9777 -0.0325 -0.2074
vn 0.9868 -0.0251 -0.1599
vn 0.9777 -0.0540 -0.2029
vn 0.9868 -0.0416 -0.1565
vn 0.9777 -0.0755 -0.1960
vn 0.9868 -0.0582 -0.1511
vn 0.9777 -0.0966 -0.1865
vn 0.9868 -0.0744 -0.1438
vn 0.9777 -0.1168 -0.1746
vn 0.9868 -0.0900 -0.1346
vn 0.9777 -0.1358 -0.1603
vn 0.9868 -0.1047 -0.1236
vn 0.9777 -0.1531 -0.1439
vn 0.9868 -0.1180 -0.1109
vn 0.9777 -0.1684 -0.1256
vn 0.9868 -0.1298 -0.0968
vn 0.9777 -0.1814 -0.1059
vn 0.9868 -0.1399 -0.0816
vn 0.9777 -0.1920 -0.0851
vn 0.9868 -0.1480 -0.0656
vn 0.9777 -0.2001 -0.0638
vn 0.9868 -0.1543 -0.0492
vn 0.9777 -0.2057 -0.0423
vn 0.9868 -0.1586 -0.0326
vn 0.9513 -0.0478 0.3047
vn 0.9619 -0.0703 0.2643
vn 0.9513 -0.0793 0.2980
vn 0.9619 -0.0983 0.2552
vn 0.9513 -0.1108 0.2878
vn 0.9619 -0.1257 0.2429
vn 0.9513 -0.1418 0.2739
vn 0.9619 -0.1521 0.2274
vn 0.9513 -0.1715 0.2563
vn 0.9619 -0.1768 0.2088
vn 0.9513 -0.1993 0.2353
vn 0.9619 -0.1993 0.1874
vn 0.9513 -0.2247 0.2112
vn 0.9619 -0.2193 0.1636
vn 0.9513 -0.2472 0.1844
vn 0.9619 -0.2362 0.1379
vn 0.9513 -0.2663 0.1555
vn 0.9619 -0.2500 0.1109
vn 0.9513 -0.2819 0.1250
vn 0.9619 -0.2606 0.0831
vn 0.9513 -0.2938 0.0937
vn 0.9619 -0.2679 0.0551
vn 0.9513 -0.3021 0.0621
vn 0.9836 -0.0002 0.1806
vn 0.9868 -0.0251 0.1599
vn 0.9868 -0.0416 0.1565
vn 0.9777 -0.0540 0.2029
vn 0.9868 -0.0582 0.1511
vn 0.9777 -0.0755 0.1960
vn 0.9868 -0.0744 0.1438
vn 0.9777 -0.0965 0.1865
vn 0.9868 -0.0900 0.1346
vn 0.9777 -0.1168 0.1746
vn 0.9868 -0.1047 0.1236
vn 0.9777 -0.1358 0.1603
vn 0.9868 -0.1180 0.1109
vn 0.9777 -0.1531 0.1439
vn 0.9868 -0.1298 0.0968
vn 0.9777 -0.1684 0.1256
vn 0.9868 -0.1399 0.0816
vn 0.9777 -0.1814 0.1059
vn 0.9868 -0.1480 0.0656
vn 0.9777 -0.1920 0.0851
vn 0.9868 -0.1543 0.0492
vn 0.9777 -0.2001 0.0638
vn 0.9868 -0.1586 0.0326
vn 0.9777 -0.2057 0.0423
vn 0.9928 -0.0050 0.1195
vn 0.9959 -0.0140 0.0890
vn 0.9984 0.0078 0.0553
vn 0.9995 -0.0020 0.0310
vn 0.9998 0.0018 0.0221
vn 0.9924 -0.0191 0.1217
vn 0.9959 -0.0232 0.0871
vn 0.9924 -0.0317 0.1190
vn 0.9959 -0.0324 0.0841
vn 0.9924 -0.0443 0.1150
vn 0.9959 -0.0414 0.0800
vn 0.9924 -0.0566 0.1094
vn 0.9959 -0.0501 0.0749
vn 0.9924 -0.0685 0.1024
vn 0.9959 -0.0582 0.0688
vn 0.9924 -0.0796 0.0940
vn 0.9959 -0.0657 0.0617
vn 0.9924 -0.0898 0.0844
vn 0.9959 -0.0722 0.0539
vn 0.9924 -0.0988 0.0737
vn 0.9959 -0.0778 0.0454
vn 0.9924 -0.1064 0.0621
vn 0.9959 -0.0824 0.0365
vn 0.9924 -0.1126 0.0499
vn 0.9959 -0.0858 0.0274
vn 0.9924 -0.1174 0.0374
vn 0.9959 -0.0882 0.0181
vn 0.9924 -0.1207 0.0248
vn 0.9959 -0.0896 0.0090
vn 0.9924 -0.1225 0.0123
vn 0.9959 -0.0901 -0.0000
vn 0.9924 -0.1231 -0.0000
vn 0.9959 -0.0896 -0.0090
vn 0.9924 -0.1225 -0.0123
vn 0.9959 -0.0882 -0.0181
vn 0.9924 -0.1207 -0.0248
vn 0.9959 -0.0858 -0.0274
vn 0.9924 -0.1174 -0.0374
vn 0.9959 -0.0824 -0.0365
vn 0.9924 -0.1126 -0.0499
vn 0.9959 -0.0778 -0.0454
vn 0.9924 -0.1064 -0.0621
vn 0.9959 -0.0722 -0.0539
vn 0.9924 -0.0988 -0.0737
vn 0.9959 -0.0657 -0.0617
vn 0.9924 -0.0898 -0.0844
vn 0.9959 -0.0582 -0.0688
vn 0.9924 -0.0796 -0.0940
vn 0.9959 -0.0501 -0.0749
vn 0.9924 -0.0685 -0.1024
vn 0.9959 -0.0414 -0.0800
vn 0.9924 -0.0566 -0.1094
vn 0.9959 -0.0324 -0.0841
vn 0.9924 -0.0443 -0.1150
vn 0.9959 -0.0232 -0.0871
vn 0.9924 -0.0317 -0.1190
vn 0.9959 -0.0140 -0.0890
vn 0.9924 -0.0191 -0.1217
vn 0.9924 -0.0085 -0.1224
vn 0.9982 -0.0093 0.0593
vn 0.9982 -0.0154 0.0580
vn 0.9982 -0.0216 0.0560
vn 0.9982 -0.0276 0.0533
vn 0.9982 -0.0334 0.0499
vn 0.9982 -0.0388 0.0458
vn 0.9982 -0.0437 0.0411
vn 0.9982 -0.0481 0.0359
vn 0.9982 -0.0518 0.0303
vn 0.9982 -0.0549 0.0243
vn 0.9982 -0.0572 0.0182
vn 0.9982 -0.0588 0.0121
vn 0.9982 -0.0597 0.0060
vn 0.9982 -0.0600 -0.0000
vn 0.9982 -0.0597 -0.0060
vn 0.9982 -0.0588 -0.0121
vn 0.9982 -0.0572 -0.0182
vn 0.9982 -0.0549 -0.0243
vn 0.9982 -0.0518 -0.0303
vn 0.9982 -0.0481 -0.0359
vn 0.9982 -0.0437 -0.0411
vn 0.9982 -0.0388 -0.0458
vn 0.9982 -0.0334 -0.0499
vn 0.9982 -0.0276 -0.0533
vn 0.9982 -0.0216 -0.0560
vn 0.9982 -0.0154 -0.0580
vn 0.9982 -0.0093 -0.0593
vn 0.9992 -0.0013 0.0391
vn 0.9951 -0.0016 0.0992
vn 0.9996 0.0032 -0.0292
vn 0.9995 0.0036 -0.0306
vn 0.9995 0.0080 0.0298
vn 0.9995 0.0054 0.0303
vn 0.9995 0.0105 0.0290
vn 0.9995 0.0029 0.0307
vn 0.9995 0.0173 0.0255
vn 0.9995 0.0151 0.0268
vn 0.9995 0.0194 0.0239
vn 0.9995 0.0128 0.0280
vn 0.9995 0.0246 0.0186
vn 0.9995 0.0230 0.0205
vn 0.9995 0.0260 0.0165
vn 0.9995 0.0213 0.0223
vn 0.9995 0.0292 0.0099
vn 0.9995 0.0283 0.0122
vn 0.9995 0.0299 0.0076
vn 0.9995 0.0273 0.0144
vn 0.9995 0.0308 0.0004
vn 0.9995 0.0307 0.0028
vn 0.9995 0.0307 -0.0021
vn 0.9995 0.0304 0.0052
vn 0.9995 0.0293 -0.0097
vn 0.9995 0.0300 -0.0072
vn 0.9995 0.0283 -0.0121
vn 0.9995 0.0305 -0.0046
vn 0.9995 0.0245 -0.0187
vn 0.9995 0.0259 -0.0167
vn 0.9995 0.0228 -0.0207
vn 0.9995 0.0272 -0.0144
vn 0.9995 0.0171 -0.0256
vn 0.9995 0.0192 -0.0241
vn 0.9995 0.0150 -0.0269
vn 0.9995 0.0211 -0.0224
vn 0.9995 0.0083 -0.0296
vn 0.9995 0.0106 -0.0289
vn 0.9995 0.0059 -0.0302
vn 0.9995 0.0128 -0.0280
vn 0.9493 0.0277 0.3131
vn 0.9491 0.3151 0.0011
vn 0.9506 0.3099 0.0203
vn 0.9492 0.3145 0.0054
vn 0.9736 0.2253 -0.0359
vn 0.9777 0.2071 -0.0340
vn 0.9766 0.2135 -0.0241
vn 0.9800 0.1983 -0.0185
vn 0.9774 0.2109 -0.0155
vn 0.9720 0.2304 -0.0470
vn 0.9606 0.2746 -0.0437
vn 0.9663 0.2558 -0.0289
vn 0.9573 0.2881 -0.0224
vn 0.9552 0.2954 -0.0213
vn 0.9869 0.1612 0.0023
vn 0.9836 0.1802 0.0100
vn 0.9835 0.1809 -0.0032
vn 0.9868 0.1618 -0.0118
vn 0.9831 0.1823 -0.0162
vn 0.9823 0.1864 -0.0186
vn 0.9830 0.1827 0.0192
vn 0.9867 0.1618 0.0155
vn 0.9815 0.1908 0.0170
vn 0.9561 0.2922 0.0225
vn 0.9677 0.2486 0.0425
vn 0.9596 0.2799 0.0298
vn 0.9678 0.2277 0.1073
vn 0.9749 0.2197 0.0359
vn 0.9767 0.2137 0.0196
vn 0.9786 0.2045 0.0251
vn 0.9779 0.2087 0.0162
vn 0.9508 0.3091 0.0198
vn 0.9511 0.3073 0.0310
vn 0.9491 0.3147 -0.0116
vn 0.9493 0.3143 -0.0091
vn 0.9505 0.3098 -0.0230
vn 0.9509 0.3079 -0.0308
vn 0.9957 0.0039 0.0923
vn 0.9995 0.0023 0.0316
vn 0.9981 0.0044 -0.0617
vn 0.9961 -0.0176 -0.0867
vn 0.9921 0.0075 -0.1252
vn 0.9871 0.0068 -0.1601
vn 0.9778 0.0129 -0.2093
vn 0.9607 0.0159 -0.2773
vn 0.9508 0.0149 -0.3095
vn 0.9508 0.0264 -0.3086
vn 0.9615 0.0324 -0.2728
vn 0.9615 0.0736 -0.2647
vn 0.9507 0.0679 -0.3027
vn 0.9614 0.0529 -0.2699
vn 0.9508 0.0557 -0.3048
vn 0.9508 0.0421 -0.3068
vn 0.9615 0.0948 -0.2580
vn 0.9506 0.0984 -0.2943
vn 0.9506 0.0833 -0.2989
vn 0.9616 0.1340 -0.2397
vn 0.9506 0.1416 -0.2762
vn 0.9615 0.1142 -0.2499
vn 0.9511 0.1273 -0.2814
vn 0.9513 0.1166 -0.2854
vn 0.9614 0.2034 -0.1853
vn 0.9515 0.2047 -0.2298
vn 0.9610 0.1894 -0.2015
vn 0.9511 0.1903 -0.2435
vn 0.9613 0.1722 -0.2153
vn 0.9508 0.1781 -0.2536
vn 0.9616 0.1529 -0.2281
vn 0.9508 0.1645 -0.2624
vn 0.9507 0.1562 -0.2678
vn 0.9616 0.2178 -0.1668
vn 0.9506 0.2376 -0.1997
vn 0.9513 0.2205 -0.2155
vn 0.9614 0.2527 -0.1087
vn 0.9512 0.2699 -0.1493
vn 0.9611 0.2441 -0.1290
vn 0.9509 0.2606 -0.1669
vn 0.9614 0.2319 -0.1481
vn 0.9509 0.2526 -0.1787
vn 0.9507 0.2463 -0.1886
vn 0.9616 0.2604 -0.0861
vn 0.9507 0.2901 -0.1101
vn 0.9511 0.2801 -0.1303
vn 0.9512 0.3042 -0.0516
vn 0.9509 0.3012 -0.0713
vn 0.9614 0.2677 -0.0635
vn 0.9509 0.2975 -0.0853
vn 0.9507 0.2947 -0.0969
vn 0.9614 0.2713 0.0468
vn 0.9507 0.3056 0.0523
vn 0.9615 0.2665 0.0672
vn 0.9507 0.3015 0.0723
vn 0.9508 0.2973 0.0868
vn 0.9614 0.2603 0.0888
vn 0.9508 0.2931 0.1006
vn 0.9615 0.2527 0.1081
vn 0.9509 0.2878 0.1142
vn 0.9615 0.2429 0.1281
vn 0.9506 0.2807 0.1325
vn 0.9507 0.2849 0.1229
vn 0.9615 0.2318 0.1474
vn 0.9508 0.2673 0.1564
vn 0.9506 0.2733 0.1470
vn 0.9615 0.2052 0.1826
vn 0.9507 0.2429 0.1929
vn 0.9615 0.2193 0.1656
vn 0.9509 0.2507 0.1816
vn 0.9508 0.2587 0.1705
vn 0.9616 0.1351 0.2391
vn 0.9505 0.1691 0.2609
vn 0.9615 0.1543 0.2272
vn 0.9504 0.1884 0.2474
vn 0.9616 0.1725 0.2137
vn 0.9504 0.2067 0.2325
vn 0.9616 0.1894 0.1988
vn 0.9506 0.2214 0.2174
vn 0.9506 0.2324 0.2057
vn 0.9616 0.1143 0.2493
vn 0.9510 0.1393 0.2761
vn 0.9507 0.1510 0.2710
vn 0.9615 0.0486 0.2703
vn 0.9505 0.0740 0.3018
vn 0.9615 0.0709 0.2654
vn 0.9504 0.0967 0.2955
vn 0.9616 0.0931 0.2583
vn 0.9506 0.1165 0.2876
vn 0.9507 0.1292 0.2820
vn 0.9531 0.0203 0.3018
vn 0.9601 0.0331 0.2777
vn 0.9507 0.0426 0.3071
vn 0.9506 0.0552 0.3055
vn 0.9679 0.1017 0.2297
vn 0.9670 0.0348 0.2525
vn 0.9615 0.0193 0.2740
vn 0.9783 0.0157 0.2065
vn 0.9743 0.0407 0.2214
vn 0.9783 0.0267 0.2055
vn 0.9869 0.0051 0.1611
vn 0.9828 0.0130 0.1842
vn 0.9867 0.0159 0.1617
vn 0.9866 0.0190 -0.1619
vn 0.9773 0.0247 -0.2103
vn 0.9866 0.0315 -0.1600
vn 0.9773 0.0409 -0.2078
vn 0.9866 0.0439 -0.1570
vn 0.9773 0.0570 -0.2040
vn 0.9866 0.0560 -0.1531
vn 0.9773 0.0728 -0.1989
vn 0.9866 0.0680 -0.1482
vn 0.9773 0.0883 -0.1925
vn 0.9866 0.0796 -0.1423
vn 0.9773 0.1034 -0.1848
vn 0.9866 0.0908 -0.1354
vn 0.9773 0.1179 -0.1759
vn 0.9866 0.1015 -0.1276
vn 0.9773 0.1318 -0.1658
vn 0.9866 0.1115 -0.1190
vn 0.9773 0.1448 -0.1545
vn 0.9866 0.1209 -0.1095
vn 0.9773 0.1570 -0.1422
vn 0.9866 0.1295 -0.0992
vn 0.9773 0.1682 -0.1288
vn 0.9866 0.1372 -0.0881
vn 0.9773 0.1782 -0.1144
vn 0.9866 0.1441 -0.0764
vn 0.9773 0.1872 -0.0992
vn 0.9866 0.1500 -0.0641
vn 0.9773 0.1948 -0.0832
vn 0.9866 0.1548 -0.0512
vn 0.9773 0.2011 -0.0665
vn 0.9866 0.1586 -0.0380
vn 0.9773 0.2060 -0.0494
vn 0.9866 0.1612 -0.0245
vn 0.9866 0.1607 0.0277
vn 0.9773 0.2087 0.0360
vn 0.9866 0.1580 0.0401
vn 0.9773 0.2053 0.0521
vn 0.9866 0.1544 0.0523
vn 0.9773 0.2006 0.0680
vn 0.9866 0.1498 0.0644
vn 0.9773 0.1946 0.0836
vn 0.9866 0.1442 0.0761
vn 0.9773 0.1873 0.0988
vn 0.9866 0.1377 0.0874
vn 0.9773 0.1788 0.1135
vn 0.9866 0.1301 0.0983
vn 0.9773 0.1690 0.1276
vn 0.9866 0.1217 0.1085
vn 0.9773 0.1581 0.1409
vn 0.9866 0.1125 0.1181
vn 0.9773 0.1461 0.1533
vn 0.9866 0.1025 0.1269
vn 0.9773 0.1331 0.1648
vn 0.9866 0.0916 0.1349
vn 0.9773 0.1190 0.1752
vn 0.9866 0.0801 0.1420
vn 0.9773 0.1041 0.1845
vn 0.9866 0.0680 0.1482
vn 0.9773 0.0883 0.1925
vn 0.9866 0.0553 0.1534
vn 0.9773 0.0718 0.1993
vn 0.9866 0.0421 0.1575
vn 0.9773 0.0547 0.2046
vn 0.9866 0.0288 0.1605
vn 0.9773 0.0374 0.2085
vn 0.9959 0.0106 -0.0899
vn 0.9923 0.0145 -0.1230
vn 0.9959 0.0175 -0.0888
vn 0.9923 0.0239 -0.1216
vn 0.9959 0.0244 -0.0872
vn 0.9923 0.0333 -0.1193
vn 0.9959 0.0311 -0.0850
vn 0.9923 0.0426 -0.1164
vn 0.9959 0.0378 -0.0823
vn 0.9923 0.0517 -0.1126
vn 0.9959 0.0442 -0.0790
vn 0.9923 0.0605 -0.1082
vn 0.9959 0.0504 -0.0752
vn 0.9923 0.0690 -0.1029
vn 0.9959 0.0564 -0.0709
vn 0.9923 0.0771 -0.0970
vn 0.9959 0.0619 -0.0661
vn 0.9923 0.0847 -0.0904
vn 0.9959 0.0671 -0.0608
vn 0.9923 0.0919 -0.0832
vn 0.9959 0.0719 -0.0551
vn 0.9923 0.0984 -0.0754
vn 0.9959 0.0762 -0.0489
vn 0.9923 0.1043 -0.0670
vn 0.9959 0.0800 -0.0424
vn 0.9923 0.1095 -0.0581
vn 0.9959 0.0833 -0.0356
vn 0.9923 0.1140 -0.0487
vn 0.9959 0.0860 -0.0285
vn 0.9923 0.1177 -0.0389
vn 0.9959 0.0881 -0.0211
vn 0.9923 0.1205 -0.0289
vn 0.9959 0.0895 -0.0136
vn 0.9923 0.1226 -0.0186
vn 0.9959 0.0904 -0.0062
vn 0.9923 0.1237 -0.0084
vn 0.9959 0.0906 0.0012
vn 0.9923 0.1239 0.0016
vn 0.9959 0.0902 0.0084
vn 0.9923 0.1234 0.0114
vn 0.9959 0.0892 0.0154
vn 0.9923 0.1221 0.0210
vn 0.9959 0.0878 0.0223
vn 0.9923 0.1201 0.0305
vn 0.9959 0.0858 0.0291
vn 0.9923 0.1174 0.0398
vn 0.9959 0.0832 0.0357
vn 0.9923 0.1139 0.0489
vn 0.9959 0.0801 0.0423
vn 0.9923 0.1096 0.0578
vn 0.9959 0.0764 0.0486
vn 0.9923 0.1046 0.0664
vn 0.9959 0.0723 0.0546
vn 0.9923 0.0989 0.0747
vn 0.9959 0.0676 0.0603
vn 0.9923 0.0925 0.0825
vn 0.9959 0.0625 0.0656
vn 0.9923 0.0855 0.0897
vn 0.9959 0.0569 0.0704
vn 0.9923 0.0779 0.0964
vn 0.9959 0.0509 0.0749
vn 0.9923 0.0696 0.1025
vn 0.9959 0.0445 0.0789
vn 0.9923 0.0609 0.1080
vn 0.9959 0.0378 0.0823
vn 0.9923 0.0517 0.1127
vn 0.9959 0.0307 0.0852
vn 0.9923 0.0420 0.1166
vn 0.9959 0.0234 0.0875
vn 0.9923 0.0320 0.1197
vn 0.9959 0.0160 0.0891
vn 0.9923 0.0219 0.1220
vn 0.9959 0.0086 0.0901
vn 0.9923 0.0118 0.1234
vn 0.9930 -0.0120 0.1176
vn 0.9982 0.0070 -0.0598
vn 0.9982 0.0117 -0.0591
vn 0.9982 0.0162 -0.0580
vn 0.9982 0.0207 -0.0566
vn 0.9982 0.0251 -0.0547
vn 0.9982 0.0294 -0.0526
vn 0.9982 0.0336 -0.0500
vn 0.9982 0.0375 -0.0472
vn 0.9982 0.0412 -0.0439
vn 0.9982 0.0447 -0.0404
vn 0.9982 0.0478 -0.0366
vn 0.9982 0.0507 -0.0326
vn 0.9982 0.0533 -0.0282
vn 0.9982 0.0555 -0.0237
vn 0.9982 0.0572 -0.0189
vn 0.9982 0.0586 -0.0140
vn 0.9982 0.0596 -0.0091
vn 0.9982 0.0601 -0.0041
vn 0.9982 0.0603 0.0008
vn 0.9982 0.0600 0.0056
vn 0.9982 0.0594 0.0102
vn 0.9982 0.0584 0.0148
vn 0.9982 0.0571 0.0193
vn 0.9982 0.0554 0.0238
vn 0.9982 0.0533 0.0281
vn 0.9982 0.0509 0.0323
vn 0.9982 0.0481 0.0363
vn 0.9982 0.0450 0.0401
vn 0.9982 0.0416 0.0436
vn 0.9982 0.0379 0.0469
vn 0.9982 0.0339 0.0498
vn 0.9982 0.0296 0.0525
vn 0.9982 0.0251 0.0548
vn 0.9982 0.0204 0.0567
vn 0.9982 0.0156 0.0582
vn 0.9982 0.0107 0.0593
vn 0.9982 0.0058 0.0600
vn 0.9975 -0.0443 0.0547
vn -0.0022 0.0044 -1.0000
vn -0.0000 0.0071 -1.0000
vn -0.0000 -0.0654 -0.9979
vn -0.0000 -0.0654 0.9979
vn -0.0000 0.0074 1.0000
vn -0.0005 0.0062 1.0000
vn -0.0000 -0.0000 -1.0000
vn -0.0000 -0.1550 -0.9879
vn -0.0000 -0.2572 -0.9664
vn -0.0000 -0.3594 -0.9332
vn -0.0000 -0.4597 -0.8881
vn -0.0000 -0.5560 -0.8312
vn -0.0000 -0.6463 -0.7631
vn -0.0000 -0.7287 -0.6848
vn -0.0000 -0.8015 -0.5979
vn -0.0000 -0.8636 -0.5041
vn -0.0000 -0.9141 -0.4054
vn -0.0000 -0.9527 -0.3038
vn -0.0000 -0.9795 -0.2014
vn -0.0000 -0.9950 -0.0999
vn -0.0000 -1.0000 -0.0000
vn -0.0000 -0.9950 0.0999
vn -0.0000 -0.9795 0.2014
vn -0.0000 -0.9527 0.3038
vn -0.0000 -0.9141 0.4054
vn -0.0000 -0.8636 0.5041
vn -0.0000 -0.8016 0.5979
vn -0.0000 -0.8015 0.5979
vn -0.0000 -0.7287 0.6848
vn -0.0000 -0.7287 0.6849
vn -0.0000 -0.6463 0.7631
vn -0.0000 -0.5560 0.8312
vn -0.0000 -0.4597 0.8881
vn -0.0000 -0.3594 0.9332
vn -0.0000 -0.2572 0.9664
vn -0.0000 -0.1550 0.9879
vn -0.0000 0.0055 1.0000
vn -0.0127 0.2606 -0.9654
vn -0.0057 0.3255 -0.9455
vn -0.0056 0.3097 -0.9508
vn 0.0006 0.0789 0.9969
vn 0.0027 0.2419 0.9703
vn 0.0051 0.3224 0.9466
vn -0.0026 0.3088 0.9511
vn -0.0002 0.3779 0.9259
vn 0.0002 0.3737 0.9275
vn -0.0005 0.4158 0.9095
vn -0.0038 0.4368 0.8996
vn -0.0012 0.4510 0.8925
vn 0.0014 0.4932 0.8699
vn -0.0006 0.4871 0.8733
vn 0.0014 0.5408 0.8411
vn 0.0022 0.5431 0.8397
vn -0.0006 0.5910 0.8066
vn 0.0046 0.6058 0.7956
vn -0.0014 0.6394 0.7689
vn 0.0028 0.6668 0.7452
vn 0.0066 0.6891 0.7247
vn 0.0049 0.7260 0.6877
vn -0.0069 0.7131 0.7010
vn 0.0006 0.7654 0.6436
vn -0.0070 0.7445 0.6676
vn 0.0021 0.7844 0.6203
vn -0.0068 0.8117 0.5841
vn -0.0000 0.8088 0.5880
vn -0.0112 0.9205 0.3905
vn -0.0000 0.9181 0.3964
vn -0.0075 0.9025 0.4305
vn -0.0052 0.8661 0.4998
vn -0.0036 0.8829 0.4695
vn -0.0077 0.8577 0.5141
vn -0.0275 0.8422 0.5385
vn -0.0110 0.9604 0.2783
vn -0.0000 0.9600 0.2798
vn -0.0072 0.9454 0.3259
vn -0.0012 0.9294 0.3691
vn -0.0123 0.9984 0.0555
vn -0.0072 0.9945 0.1042
vn -0.0048 0.9849 0.1732
vn -0.0056 0.9847 0.1744
vn -0.0182 0.9741 0.2255
vn -0.0109 0.9996 -0.0248
vn -0.0116 0.9999 0.0111
vn -0.0000 0.9984 0.0569
vn 0.0085 0.9985 -0.0543
vn 0.0093 0.9933 -0.1153
vn -0.0074 0.9960 -0.0887
vn 0.0040 0.9845 -0.1754
vn -0.0014 0.9863 -0.1650
vn -0.0005 0.9722 -0.2341
vn 0.0004 0.9727 -0.2322
vn -0.0006 0.9615 -0.2750
vn -0.0039 0.9551 -0.2964
vn -0.0007 0.9495 -0.3137
vn -0.0002 0.9343 -0.3564
vn 0.0003 0.9348 -0.3551
vn 0.0005 0.9125 -0.4091
vn 0.0031 0.9094 -0.4159
vn -0.0010 0.8856 -0.4644
vn 0.0049 0.8751 -0.4840
vn -0.0015 0.8552 -0.5183
vn 0.0026 0.8404 -0.5420
vn -0.0034 0.8218 -0.5697
vn -0.0013 0.8150 -0.5795
vn 0.0015 0.7847 -0.6199
vn -0.0052 0.7924 -0.6100
vn 0.0120 0.7446 -0.6674
vn -0.0089 0.7662 -0.6425
vn 0.0072 0.7078 -0.7063
vn -0.0047 0.7221 -0.6918
vn 0.0024 0.6649 -0.7470
vn 0.0010 0.6667 -0.7454
vn -0.0037 0.6085 -0.7936
vn 0.0001 0.6130 -0.7901
vn -0.0114 0.4137 -0.9104
vn -0.0000 0.4157 -0.9095
vn -0.0076 0.4593 -0.8883
vn -0.0052 0.5243 -0.8515
vn -0.0014 0.4996 -0.8662
vn -0.0067 0.5401 -0.8416
vn -0.0244 0.5644 -0.8251
vn -0.0171 0.3647 -0.9310
vn -0.0060 0.2248 -0.9744
vn -0.0079 0.1991 -0.9800
vn -0.0000 0.1807 -0.9835
vn -0.0085 0.0744 -0.9972
vn -0.1645 0.0638 -0.9843
vn -0.0075 0.1342 -0.9909
vn -0.0065 0.0844 -0.9964
vn -0.0003 0.0737 0.9973
vn 0.0010 0.1366 0.9906
vn -0.0008 0.1417 0.9899
vn 0.0015 0.1769 0.9842
vn -0.0015 0.2047 0.9788
vn 0.0064 0.2707 0.9626
vn -0.9996 0.0241 -0.0178
vn -0.9996 0.0274 -0.0120
vn -1.0000 -0.0000 -0.0001
vn -0.9983 0.0323 -0.0479
vn -0.9983 0.0375 -0.0439
vn -0.9996 0.0194 -0.0227
vn -0.9996 0.0041 -0.0274
vn -0.9996 0.0078 -0.0288
vn -0.9996 0.0237 0.0182
vn -0.9996 0.0190 0.0231
vn -0.9996 0.0073 0.0290
vn -0.9965 -0.0777 0.0294
vn -0.9983 0.0314 0.0485
vn -0.9983 0.0257 0.0517
vn -0.9996 0.0133 0.0267
vn -0.9983 0.0548 0.0182
vn -0.9983 0.0525 0.0241
vn -0.9996 0.0271 0.0125
vn -0.9996 0.0298 0.0003
vn -0.9996 0.0292 0.0064
vn -0.9997 -0.0000 -0.0246
vn -0.9991 -0.0002 -0.0414
vn -0.9990 0.0083 0.0429
vn -0.9992 0.0401 0.0056
vn -0.9589 0.0223 0.2830
vn -0.9583 0.0021 0.2858
vn -0.9659 -0.0011 0.2588
vn -0.9677 0.0135 0.2519
vn -0.9676 0.0350 0.2501
vn -0.9591 0.0438 0.2797
vn -0.9593 0.0583 0.2763
vn -0.9677 0.0606 0.2449
vn -0.9590 0.0705 0.2746
vn -0.9593 0.0829 0.2700
vn -0.9677 0.0868 0.2367
vn -0.9590 0.0957 0.2668
vn -0.9593 0.1075 0.2612
vn -0.9676 0.1122 0.2261
vn -0.9591 0.1197 0.2566
vn -0.9590 0.1566 0.2363
vn -0.9591 0.1491 0.2406
vn -0.9677 0.1368 0.2117
vn -0.9594 0.1406 0.2445
vn -0.9590 0.1305 0.2515
vn -0.9593 0.1671 0.2275
vn -0.9677 0.1601 0.1947
vn -0.9590 0.1786 0.2202
vn -0.9593 0.1879 0.2107
vn -0.9676 0.1812 0.1756
vn -0.9591 0.1977 0.2024
vn -0.9590 0.2265 0.1705
vn -0.9592 0.2203 0.1774
vn -0.9677 0.1999 0.1534
vn -0.9595 0.2136 0.1839
vn -0.9590 0.2065 0.1943
vn -0.9593 0.2334 0.1587
vn -0.9677 0.2162 0.1298
vn -0.9590 0.2418 0.1480
vn -0.9593 0.2473 0.1363
vn -0.9676 0.2294 0.1053
vn -0.9592 0.2534 0.1254
vn -0.9590 0.2701 0.0862
vn -0.9591 0.2666 0.0946
vn -0.9677 0.2393 0.0792
vn -0.9594 0.2627 0.1027
vn -0.9590 0.2593 0.1146
vn -0.9593 0.2728 0.0733
vn -0.9677 0.2465 0.0532
vn -0.9590 0.2769 0.0609
vn -0.9592 0.2787 0.0479
vn -0.9670 0.2524 0.0359
vn -0.9578 0.2856 0.0336
vn -0.9558 0.2930 0.0251
vn -0.9547 0.2975 0.0118
vn -0.9542 0.2988 0.0182
vn -0.9540 0.2999 -0.0024
vn -0.9539 0.3002 0.0047
vn -0.9539 0.3000 -0.0099
vn -0.9570 0.2890 -0.0238
vn -0.9552 0.2954 -0.0185
vn -0.9573 0.2871 -0.0331
vn -0.9588 0.2811 -0.0411
vn -0.9668 0.2531 -0.0349
vn -0.9591 0.2767 -0.0600
vn -0.9591 0.2787 -0.0506
vn -0.9677 0.2474 -0.0488
vn -0.9594 0.2791 -0.0415
vn -0.9591 0.2815 -0.0309
vn -0.9593 0.2731 -0.0712
vn -0.9677 0.2407 -0.0748
vn -0.9590 0.2709 -0.0836
vn -0.9592 0.2658 -0.0961
vn -0.9676 0.2315 -0.1008
vn -0.9590 0.2593 -0.1143
vn -0.9593 0.2507 -0.1301
vn -0.9677 0.2186 -0.1257
vn -0.9590 0.2466 -0.1398
vn -0.9591 0.2249 -0.1719
vn -0.9590 0.2292 -0.1668
vn -0.9677 0.2029 -0.1495
vn -0.9594 0.2345 -0.1568
vn -0.9592 0.2415 -0.1473
vn -0.9594 0.2183 -0.1789
vn -0.9676 0.1847 -0.1718
vn -0.9589 0.2102 -0.1904
vn -0.9592 0.1783 -0.2196
vn -0.9590 0.1860 -0.2137
vn -0.9677 0.1638 -0.1916
vn -0.9594 0.1927 -0.2058
vn -0.9592 0.2012 -0.1985
vn -0.9594 0.1686 -0.2259
vn -0.9677 0.1408 -0.2090
vn -0.9590 0.1600 -0.2340
vn -0.9592 0.1234 -0.2543
vn -0.9590 0.1350 -0.2492
vn -0.9676 0.1167 -0.2237
vn -0.9594 0.1462 -0.2414
vn -0.9591 0.1541 -0.2375
vn -0.9594 0.1134 -0.2581
vn -0.9677 0.0911 -0.2351
vn -0.9590 0.1047 -0.2633
vn -0.9591 0.0678 -0.2748
vn -0.9590 0.0746 -0.2735
vn -0.9677 0.0652 -0.2435
vn -0.9594 0.0846 -0.2691
vn -0.9592 0.0953 -0.2662
vn -0.9593 0.0588 -0.2764
vn -0.9671 0.0430 -0.2507
vn -0.9586 0.0421 -0.2817
vn -0.9537 -0.0010 -0.3006
vn -0.9541 -0.0024 -0.2995
vn -0.9548 0.0191 -0.2965
vn -0.9553 0.0128 -0.2954
vn -0.9583 0.0335 -0.2838
vn -0.9832 0.0006 -0.1823
vn -0.9799 0.0087 -0.1993
vn -0.9826 0.0103 -0.1854
vn -0.9786 0.0222 -0.2048
vn -0.9806 0.0329 -0.1930
vn -0.9565 0.0238 -0.2906
vn -0.9633 0.0347 -0.2661
vn -0.9716 0.0310 -0.2347
vn -0.9756 0.0331 -0.2169
vn -0.9755 0.2154 0.0445
vn -0.9725 0.2304 0.0346
vn -0.9621 0.2708 0.0325
vn -0.9587 0.2821 0.0363
vn -0.9810 0.1924 0.0250
vn -0.9829 0.1843 0.0022
vn -0.9808 0.1951 0.0079
vn -0.9815 0.1910 0.0107
vn -0.9796 0.2003 0.0158
vn -0.9782 0.2063 0.0222
vn -0.9726 0.2111 -0.0970
vn -0.9782 0.2063 -0.0233
vn -0.9812 0.1918 -0.0220
vn -0.9665 0.2557 -0.0224
vn -0.9699 0.2421 -0.0262
vn -0.9721 0.2220 -0.0757
vn -0.9804 0.1967 -0.0112
vn -0.9815 0.1914 -0.0077
vn -0.9804 0.1971 -0.0016
vn -0.9780 -0.0020 0.2087
vn -0.9808 0.0093 0.1949
vn -0.9802 0.0273 0.1959
vn -0.9802 0.0477 0.1920
vn -0.9802 0.0680 0.1858
vn -0.9802 0.0881 0.1772
vn -0.9802 0.1074 0.1662
vn -0.9802 0.1256 0.1530
vn -0.9802 0.1422 0.1377
vn -0.9802 0.1570 0.1205
vn -0.9802 0.1696 0.1020
vn -0.9802 0.1799 0.0824
vn -0.9802 0.1878 0.0622
vn -0.9802 0.1934 0.0419
vn -0.9983 0.0564 0.0122
vn -0.9983 0.0574 0.0063
vn -0.9983 0.0577 0.0005
vn -0.9983 0.0575 -0.0053
vn -0.9983 0.0495 0.0298
vn -0.9983 0.0367 0.0447
vn -0.9983 0.0415 0.0402
vn -0.9983 0.0458 0.0352
vn -0.9983 0.0199 0.0542
vn -0.9968 0.0009 0.0797
vn -0.9979 -0.0239 0.0608
vn -0.9983 0.0080 0.0572
vn -0.9983 0.0139 0.0561
vn -0.9934 0.0045 0.1148
vn -0.9960 0.0005 0.0899
vn -0.9930 0.0163 0.1167
vn -0.9962 0.0120 0.0857
vn -0.9930 0.0284 0.1144
vn -0.9962 0.0208 0.0840
vn -0.9930 0.0405 0.1107
vn -0.9962 0.0298 0.0813
vn -0.9930 0.0525 0.1055
vn -0.9962 0.0385 0.0775
vn -0.9930 0.0640 0.0990
vn -0.9962 0.0470 0.0727
vn -0.9930 0.0748 0.0911
vn -0.9962 0.0549 0.0669
vn -0.9930 0.0847 0.0820
vn -0.9962 0.0622 0.0602
vn -0.9930 0.0935 0.0718
vn -0.9962 0.0687 0.0527
vn -0.9930 0.1010 0.0608
vn -0.9962 0.0742 0.0446
vn -0.9930 0.1071 0.0491
vn -0.9962 0.0787 0.0361
vn -0.9930 0.1119 0.0371
vn -0.9962 0.0822 0.0272
vn -0.9930 0.1152 0.0249
vn -0.9962 0.0846 0.0183
vn -0.9930 0.1171 0.0129
vn -0.9963 0.0860 0.0095
vn -0.9930 0.1178 0.0010
vn -0.9963 0.0865 0.0007
vn -0.9930 0.1173 -0.0108
vn -0.9963 0.0861 -0.0079
vn -0.9930 0.1156 -0.0228
vn -0.9962 0.0849 -0.0168
vn -0.9930 0.1125 -0.0350
vn -0.9962 0.0826 -0.0257
vn -0.9930 0.1081 -0.0470
vn -0.9962 0.0794 -0.0345
vn -0.9930 0.1022 -0.0588
vn -0.9962 0.0750 -0.0432
vn -0.9930 0.0949 -0.0699
vn -0.9962 0.0697 -0.0514
vn -0.9930 0.0863 -0.0803
vn -0.9962 0.0634 -0.0590
vn -0.9930 0.0766 -0.0896
vn -0.9962 0.0562 -0.0658
vn -0.9930 0.0659 -0.0977
vn -0.9962 0.0484 -0.0718
vn -0.9930 0.0545 -0.1045
vn -0.9962 0.0400 -0.0768
vn -0.9930 0.0426 -0.1099
vn -0.9962 0.0313 -0.0807
vn -0.9930 0.0305 -0.1138
vn -0.9962 0.0224 -0.0836
vn -0.9930 0.0184 -0.1164
vn -0.9962 0.0135 -0.0855
vn -0.9930 0.0075 -0.1181
vn -0.9960 -0.0056 -0.0894
vn -0.9933 -0.0007 -0.1159
vn -0.9973 -0.0002 -0.0734
vn -0.9996 0.0139 -0.0265
vn -0.9983 0.0209 -0.0539
vn -0.9983 0.0267 -0.0512
vn -0.9981 -0.0216 -0.0575
vn -0.9983 0.0090 -0.0570
vn -0.9983 0.0149 -0.0558
vn -0.9996 0.0293 -0.0058
vn -0.9983 0.0552 -0.0171
vn -0.9983 0.0567 -0.0112
vn -0.9983 0.0423 -0.0394
vn -0.9983 0.0465 -0.0343
vn -0.9983 0.0501 -0.0288
vn -0.9983 0.0530 -0.0231
vn -0.9924 -0.0011 0.1233
vn -0.9802 0.1941 -0.0383
vn -0.9802 0.1890 -0.0587
vn -0.9802 0.1815 -0.0790
vn -0.9802 0.1716 -0.0987
vn -0.9802 0.1593 -0.1174
vn -0.9802 0.1449 -0.1348
vn -0.9802 0.1286 -0.1505
vn -0.9802 0.1107 -0.1641
vn -0.9802 0.0915 -0.1755
vn -0.9802 0.0715 -0.1845
vn -0.9802 0.0512 -0.1911
vn -0.9864 -0.0021 0.1645
vn -0.9886 0.0053 0.1505
vn -0.9881 0.0213 0.1524
vn -0.9881 0.0371 0.1494
vn -0.9881 0.0529 0.1445
vn -0.9881 0.0685 0.1379
vn -0.9881 0.0836 0.1293
vn -0.9881 0.0977 0.1190
vn -0.9881 0.1106 0.1071
vn -0.9881 0.1221 0.0938
vn -0.9881 0.1319 0.0793
vn -0.9881 0.1399 0.0641
vn -0.9881 0.1461 0.0484
vn -0.9881 0.1504 0.0326
vn -0.9881 0.1530 0.0168
vn -0.9881 0.1539 0.0013
vn -0.9881 0.1532 -0.0141
vn -0.9881 0.1510 -0.0298
vn -0.9881 0.1470 -0.0457
vn -0.9881 0.1412 -0.0614
vn -0.9881 0.1335 -0.0768
vn -0.9881 0.1239 -0.0913
vn -0.9881 0.1127 -0.1049
vn -0.9881 0.1000 -0.1170
vn -0.9881 0.0861 -0.1276
vn -0.9881 0.0712 -0.1365
vn -0.9881 0.0557 -0.1435
vn -0.9881 0.0398 -0.1487
vn -0.9881 0.0240 -0.1520
vn -0.9883 0.0088 -0.1522
vn -0.9871 0.0015 -0.1599
vn -0.9996 -0.0240 0.0179
vn -0.9996 -0.0273 0.0121
vn -0.9983 -0.0575 0.0058
vn -0.9983 -0.0578 -0.0000
vn -0.9996 -0.0299 -0.0000
vn -0.9962 -0.0631 0.0593
vn -0.9962 -0.0694 0.0518
vn -0.9983 -0.0464 0.0346
vn -0.9962 -0.0748 0.0436
vn -0.9930 -0.0945 0.0705
vn -0.9983 -0.0575 -0.0058
vn -0.9983 -0.0566 -0.0116
vn -0.9996 -0.0293 -0.0061
vn -0.9983 -0.0551 -0.0175
vn -0.9983 -0.0528 -0.0234
vn -0.9996 -0.0273 -0.0121
vn -0.9983 -0.0499 -0.0291
vn -0.9983 -0.0464 -0.0345
vn -0.9996 -0.0240 -0.0179
vn -0.9983 -0.0421 -0.0396
vn -0.9983 -0.0374 -0.0441
vn -0.9996 -0.0194 -0.0228
vn -0.9996 -0.0078 -0.0288
vn -0.9996 -0.0041 -0.0274
vn -0.9983 -0.0322 -0.0480
vn -0.9983 -0.0266 -0.0513
vn -0.9996 -0.0138 -0.0265
vn -0.9584 -0.2839 0.0308
vn -0.9654 -0.2597 0.0239
vn -0.9670 -0.2524 0.0357
vn -0.9688 -0.2470 0.0222
vn -0.9737 -0.2219 0.0523
vn -0.9753 -0.2143 0.0534
vn -0.9811 -0.1922 0.0235
vn -0.9784 -0.2057 0.0215
vn -0.9541 -0.2994 0.0093
vn -0.9537 -0.3007 0.0006
vn -0.9550 -0.2963 0.0153
vn -0.9576 -0.2865 0.0319
vn -0.9537 -0.3006 -0.0080
vn -0.9541 -0.2994 -0.0042
vn -0.9549 -0.2965 -0.0166
vn -0.9552 -0.2953 -0.0174
vn -0.9567 -0.2899 -0.0267
vn -0.9578 -0.2860 -0.0274
vn -0.9578 -0.2853 -0.0345
vn -0.9797 -0.2001 0.0146
vn -0.9810 -0.1937 0.0101
vn -0.9824 -0.1867 -0.0018
vn -0.9806 -0.1962 0.0009
vn -0.9811 -0.1921 -0.0233
vn -0.9831 -0.1829 -0.0064
vn -0.9791 -0.2028 -0.0170
vn -0.9778 -0.2081 -0.0265
vn -0.9758 -0.2127 -0.0504
vn -0.9740 -0.2161 -0.0682
vn -0.9720 -0.2321 -0.0375
vn -0.9666 -0.2540 -0.0345
vn -0.9693 -0.2450 -0.0230
vn -0.9620 -0.2713 -0.0317
vn -0.9588 -0.2802 -0.0465
vn -0.9563 -0.0257 -0.2914
vn -0.9545 -0.0159 -0.2977
vn -0.9587 -0.0339 -0.2823
vn -0.9588 -0.0441 -0.2808
vn -0.9633 -0.0348 -0.2662
vn -0.9672 -0.0424 -0.2506
vn -0.9592 -0.0611 -0.2761
vn -0.9677 -0.0648 -0.2437
vn -0.9591 -0.0958 -0.2662
vn -0.9598 -0.0885 -0.2665
vn -0.9677 -0.0907 -0.2352
vn -0.9596 -0.0837 -0.2685
vn -0.9590 -0.0739 -0.2737
vn -0.9589 -0.1333 -0.2504
vn -0.9592 -0.1220 -0.2549
vn -0.9676 -0.1160 -0.2242
vn -0.9594 -0.1117 -0.2591
vn -0.9590 -0.1026 -0.2643
vn -0.9593 -0.1447 -0.2424
vn -0.9677 -0.1401 -0.2095
vn -0.9591 -0.1530 -0.2382
vn -0.9677 -0.1630 -0.1923
vn -0.9590 -0.1841 -0.2156
vn -0.9591 -0.1784 -0.2196
vn -0.9599 -0.1704 -0.2228
vn -0.9597 -0.1656 -0.2271
vn -0.9590 -0.1589 -0.2348
vn -0.9594 -0.1912 -0.2075
vn -0.9676 -0.1839 -0.1729
vn -0.9592 -0.1999 -0.1998
vn -0.9590 -0.2282 -0.1682
vn -0.9591 -0.2238 -0.1733
vn -0.9677 -0.2020 -0.1506
vn -0.9593 -0.2170 -0.1805
vn -0.9589 -0.2088 -0.1920
vn -0.9590 -0.2454 -0.1419
vn -0.9591 -0.2416 -0.1474
vn -0.9677 -0.2178 -0.1269
vn -0.9597 -0.2355 -0.1535
vn -0.9595 -0.2320 -0.1601
vn -0.9593 -0.2497 -0.1321
vn -0.9676 -0.2308 -0.1024
vn -0.9590 -0.2584 -0.1165
vn -0.9592 -0.2651 -0.0982
vn -0.9677 -0.2402 -0.0766
vn -0.9590 -0.2702 -0.0857
vn -0.9596 -0.2715 -0.0744
vn -0.9677 -0.2470 -0.0507
vn -0.9595 -0.2734 -0.0673
vn -0.9591 -0.2812 -0.0332
vn -0.9593 -0.2789 -0.0445
vn -0.9590 -0.2777 -0.0568
vn -0.9592 -0.2792 0.0455
vn -0.9677 -0.2471 0.0507
vn -0.9590 -0.2698 0.0871
vn -0.9593 -0.2716 0.0770
vn -0.9677 -0.2402 0.0766
vn -0.9595 -0.2732 0.0691
vn -0.9590 -0.2774 0.0583
vn -0.9593 -0.2644 0.0993
vn -0.9676 -0.2306 0.1026
vn -0.9590 -0.2605 0.1119
vn -0.9676 -0.2181 0.1269
vn -0.9593 -0.2487 0.1339
vn -0.9593 -0.2542 0.1230
vn -0.9590 -0.2261 0.1710
vn -0.9593 -0.2311 0.1626
vn -0.9677 -0.2020 0.1507
vn -0.9595 -0.2354 0.1548
vn -0.9590 -0.2434 0.1454
vn -0.9593 -0.2167 0.1809
vn -0.9676 -0.1837 0.1730
vn -0.9590 -0.2087 0.1919
vn -0.9677 -0.1632 0.1923
vn -0.9593 -0.1901 0.2087
vn -0.9593 -0.1992 0.2003
vn -0.9590 -0.1563 0.2365
vn -0.9593 -0.1640 0.2298
vn -0.9677 -0.1401 0.2094
vn -0.9595 -0.1706 0.2241
vn -0.9590 -0.1812 0.2180
vn -0.9593 -0.1443 0.2427
vn -0.9676 -0.1158 0.2243
vn -0.9590 -0.1332 0.2503
vn -0.9676 -0.0909 0.2354
vn -0.9593 -0.1105 0.2600
vn -0.9592 -0.1217 0.2551
vn -0.9590 -0.0703 0.2746
vn -0.9592 -0.0791 0.2715
vn -0.9677 -0.0648 0.2436
vn -0.9594 -0.0872 0.2682
vn -0.9590 -0.0991 0.2656
vn -0.9593 -0.0575 0.2766
vn -0.9677 -0.0390 0.2492
vn -0.9590 -0.0449 0.2799
vn -0.9591 -0.0321 0.2811
vn -0.9679 -0.0159 0.2509
vn -0.9587 -0.0162 0.2841
vn -0.9961 -0.0037 0.0887
vn -0.9981 0.0132 0.0605
vn -0.9983 0.0509 0.0295
vn -0.9931 -0.0069 -0.1167
vn -0.9823 -0.0122 -0.1872
vn -0.9799 -0.0088 -0.1993
vn -0.9799 -0.0458 -0.1941
vn -0.9755 -0.0394 -0.2167
vn -0.9806 -0.0324 -0.1934
vn -0.9723 -0.0342 -0.2311
vn -0.9981 0.0217 -0.0575
vn -0.9983 -0.0090 -0.0570
vn -0.9983 -0.0149 -0.0558
vn -0.9983 -0.0208 -0.0539
vn -0.9956 0.0142 -0.0927
vn -0.9930 -0.0183 -0.1164
vn -0.9962 -0.0134 -0.0855
vn -0.9930 -0.0303 -0.1139
vn -0.9962 -0.0223 -0.0836
vn -0.9930 -0.0424 -0.1100
vn -0.9962 -0.0311 -0.0808
vn -0.9930 -0.0542 -0.1047
vn -0.9962 -0.0398 -0.0769
vn -0.9930 -0.0656 -0.0980
vn -0.9962 -0.0482 -0.0719
vn -0.9930 -0.0762 -0.0899
vn -0.9962 -0.0560 -0.0661
vn -0.9930 -0.0859 -0.0807
vn -0.9962 -0.0631 -0.0593
vn -0.9930 -0.0945 -0.0705
vn -0.9962 -0.0694 -0.0517
vn -0.9930 -0.1018 -0.0594
vn -0.9962 -0.0748 -0.0436
vn -0.9930 -0.1078 -0.0478
vn -0.9962 -0.0792 -0.0351
vn -0.9930 -0.1123 -0.0358
vn -0.9962 -0.0825 -0.0263
vn -0.9930 -0.1154 -0.0237
vn -0.9962 -0.0848 -0.0174
vn -0.9930 -0.1172 -0.0118
vn -0.9962 -0.0861 -0.0086
vn -0.9930 -0.1178 -0.0000
vn -0.9962 -0.0865 -0.0000
vn -0.9930 -0.1172 0.0118
vn -0.9962 -0.0861 0.0086
vn -0.9930 -0.1154 0.0237
vn -0.9962 -0.0848 0.0174
vn -0.9930 -0.1123 0.0358
vn -0.9983 -0.0499 0.0291
vn -0.9983 -0.0528 0.0234
vn -0.9930 -0.1018 0.0594
vn -0.9930 -0.1078 0.0478
vn -0.9962 -0.0791 0.0351
vn -0.9962 -0.0825 0.0263
vn -0.9983 -0.0551 0.0175
vn -0.9983 -0.0566 0.0116
vn -0.9996 -0.0293 0.0061
vn -0.9930 -0.0859 0.0807
vn -0.9930 -0.0762 0.0900
vn -0.9930 -0.0424 0.1100
vn -0.9930 -0.0542 0.1047
vn -0.9962 -0.0398 0.0769
vn -0.9962 -0.0482 0.0720
vn -0.9983 -0.0322 0.0480
vn -0.9983 -0.0374 0.0441
vn -0.9996 -0.0194 0.0228
vn -0.9932 -0.0066 0.1164
vn -0.9962 -0.0134 0.0855
vn -0.9983 -0.0090 0.0570
vn -0.9983 -0.0149 0.0558
vn -0.9996 -0.0078 0.0288
vn -0.9930 -0.0183 0.1164
vn -0.9930 -0.0303 0.1139
vn -0.9962 -0.0223 0.0836
vn -0.9962 -0.0311 0.0808
vn -0.9983 -0.0208 0.0539
vn -0.9983 -0.0266 0.0513
vn -0.9996 -0.0138 0.0265
vn -0.9983 -0.0421 0.0396
vn -0.9962 -0.0560 0.0661
vn -0.9930 -0.0656 0.0980
vn -0.9807 -0.0106 0.1950
vn -0.9802 -0.0307 0.1954
vn -0.9802 -0.0509 0.1912
vn -0.9802 -0.0711 0.1847
vn -0.9802 -0.0910 0.1758
vn -0.9802 -0.1101 0.1645
vn -0.9802 -0.1279 0.1510
vn -0.9802 -0.1442 0.1356
vn -0.9802 -0.1587 0.1183
vn -0.9802 -0.1709 0.0998
vn -0.9802 -0.1809 0.0802
vn -0.9802 -0.1885 0.0601
vn -0.9802 -0.1938 0.0398
vn -0.9802 -0.1938 -0.0398
vn -0.9802 -0.1885 -0.0601
vn -0.9802 -0.1809 -0.0802
vn -0.9802 -0.1710 -0.0998
vn -0.9802 -0.1587 -0.1183
vn -0.9802 -0.1443 -0.1355
vn -0.9802 -0.1279 -0.1510
vn -0.9802 -0.1101 -0.1645
vn -0.9802 -0.0910 -0.1757
vn -0.9802 -0.0712 -0.1847
vn -0.9802 -0.0509 -0.1912
vn -0.9885 -0.0072 0.1513
vn -0.9881 -0.0239 0.1520
vn -0.9881 -0.0396 0.1487
vn -0.9881 -0.0554 0.1437
vn -0.9881 -0.0708 0.1367
vn -0.9881 -0.0856 0.1280
vn -0.9881 -0.0995 0.1175
vn -0.9881 -0.1122 0.1054
vn -0.9881 -0.1234 0.0921
vn -0.9881 -0.1330 0.0776
vn -0.9881 -0.1408 0.0624
vn -0.9881 -0.1467 0.0468
vn -0.9881 -0.1508 0.0310
vn -0.9881 -0.1531 0.0154
vn -0.9881 -0.1539 -0.0000
vn -0.9881 -0.1531 -0.0154
vn -0.9881 -0.1508 -0.0310
vn -0.9881 -0.1467 -0.0468
vn -0.9881 -0.1408 -0.0624
vn -0.9881 -0.1330 -0.0776
vn -0.9881 -0.1234 -0.0921
vn -0.9881 -0.1122 -0.1054
vn -0.9881 -0.0995 -0.1175
vn -0.9881 -0.0856 -0.1280
vn -0.9881 -0.0708 -0.1367
vn -0.9881 -0.0554 -0.1436
vn -0.9881 -0.0396 -0.1487
vn -0.9881 -0.0239 -0.1520
vn -0.9884 -0.0095 -0.1517
vn 0.0053 0.5254 0.8508
vn 0.0071 0.5603 0.8282
vn 0.0055 0.5513 0.8343
vn 0.0070 0.9843 -0.1763
vn 0.0078 0.9755 -0.2200
vn 0.0067 0.9781 -0.2082
vn 0.0101 0.4809 -0.8767
vn 0.0077 0.4296 -0.9030
vn 0.0066 0.4433 -0.8964
vn -0.0011 0.0511 0.9987
vn -0.0000 -0.0042 1.0000
vn -0.0036 0.0026 1.0000
vn -0.0000 -0.0094 -1.0000
vn -0.0061 -0.0060 -1.0000
vn 0.0002 0.0371 -0.9993
vn 0.0046 0.0501 -0.9987
vn 0.0213 0.0883 -0.9959
vn 0.0050 0.1409 -0.9900
vn 0.0013 0.1332 -0.9911
vn 0.0090 0.2038 -0.9790
vn 0.0150 0.2404 -0.9706
vn -0.0000 0.2403 -0.9707
vn 0.0080 0.3724 -0.9280
vn -0.0000 0.3386 -0.9409
vn 0.0146 0.3477 -0.9375
vn 0.0170 0.2962 -0.9550
vn 0.0054 0.2659 -0.9640
vn 0.0451 0.4104 -0.9108
vn 0.0101 0.5134 -0.8581
vn 0.0154 0.5432 -0.8395
vn -0.0000 0.5451 -0.8384
vn 0.0157 0.6396 -0.7686
vn 0.0191 0.5947 -0.8037
vn 0.0055 0.5669 -0.8238
vn 0.0065 0.7182 -0.6958
vn 0.0075 0.7064 -0.7077
vn 0.0447 0.6901 -0.7223
vn 0.0071 0.6586 -0.7524
vn -0.0000 0.6316 -0.7753
vn 0.0041 0.8100 -0.5865
vn -0.0000 0.7950 -0.6066
vn 0.0156 0.7973 -0.6034
vn 0.0125 0.7701 -0.6378
vn 0.0061 0.7438 -0.6684
vn 0.0382 0.8920 -0.4503
vn 0.0040 0.8708 -0.4916
vn 0.0072 0.8581 -0.5135
vn 0.0078 0.8495 -0.5276
vn 0.0451 0.8366 -0.5460
vn 0.0071 0.9136 -0.4067
vn 0.0004 0.9088 -0.4173
vn 0.0100 0.9389 -0.3442
vn 0.0136 0.9519 -0.3060
vn 0.0021 0.9563 -0.2924
vn 0.0425 0.9695 -0.2412
vn 0.0048 0.9946 -0.1038
vn 0.0049 1.0000 -0.0025
vn 0.0034 0.9999 -0.0166
vn 0.0141 0.9983 -0.0572
vn 0.0073 0.9931 -0.1168
vn 0.0400 0.9897 -0.1375
vn 0.0139 0.9793 0.2021
vn 0.0081 0.9860 0.1664
vn 0.0020 0.9954 0.0958
vn 0.0044 0.9949 0.1012
vn 0.0181 0.9987 0.0478
vn 0.0091 0.9417 0.3363
vn -0.0007 0.9521 0.3057
vn 0.0132 0.9508 0.3095
vn 0.0145 0.9662 0.2575
vn 0.0015 0.9763 0.2166
vn 0.0023 0.9150 0.4034
vn 0.0061 0.9179 0.3969
vn 0.0485 0.9255 0.3756
vn 0.0137 0.8617 0.5072
vn 0.0089 0.8777 0.4792
vn 0.0120 0.8945 0.4468
vn 0.0092 0.7775 0.6288
vn -0.0006 0.7981 0.6025
vn 0.0150 0.7951 0.6063
vn 0.0169 0.8280 0.5605
vn 0.0017 0.8520 0.5235
vn 0.0143 0.6369 0.7709
vn 0.0008 0.6290 0.7774
vn 0.0115 0.6683 0.7438
vn 0.0036 0.7272 0.6864
vn 0.0085 0.6966 0.7174
vn 0.0064 0.7343 0.6788
vn 0.0501 0.7483 0.6615
vn 0.0486 0.5793 0.8137
vn 0.0134 0.3443 0.9388
vn 0.0003 0.3370 0.9415
vn 0.0108 0.3833 0.9235
vn 0.0057 0.4523 0.8919
vn 0.0046 0.4211 0.9070
vn 0.0068 0.4677 0.8839
vn 0.0389 0.4882 0.8719
vn 0.0103 0.1520 0.9883
vn 0.0127 0.2026 0.9792
vn 0.0054 0.2476 0.9688
vn 0.0075 0.2577 0.9662
vn 0.0434 0.2801 0.9590
vn 0.0287 0.0935 0.9952
vn -0.0052 0.1294 0.9916
vn 0.0138 -0.5061 -0.8624
vn -0.0000 -0.5411 -0.8410
vn 0.0156 -0.5398 -0.8416
vn 0.0080 -0.6752 0.7376
vn 0.0093 -0.6310 0.7758
vn 0.0088 -0.6467 0.7627
vn 0.0054 -0.2810 0.9597
vn 0.0074 -0.2394 0.9709
vn 0.0080 -0.2545 0.9671
vn 0.0035 -0.0619 0.9981
vn -0.0002 -0.0525 0.9986
vn 0.0093 -0.1123 0.9936
vn 0.0128 -0.1578 0.9874
vn -0.0001 -0.1583 0.9874
vn 0.0345 -0.2152 0.9760
vn 0.0072 -0.3578 0.9338
vn 0.0129 -0.4604 0.8876
vn 0.0097 -0.4280 0.9037
vn 0.0084 -0.3934 0.9193
vn 0.0077 -0.3409 0.9401
vn 0.0378 -0.3199 0.9467
vn 0.0078 -0.5823 0.8129
vn 0.0006 -0.5506 0.8347
vn 0.0159 -0.5606 0.8279
vn 0.0164 -0.5115 0.8591
vn -0.0006 -0.4692 0.8831
vn 0.0449 -0.6151 0.7872
vn 0.0119 -0.7033 0.7108
vn 0.0132 -0.7327 0.6804
vn -0.0007 -0.7353 0.6777
vn 0.0379 -0.8414 0.5391
vn 0.0107 -0.8027 0.5963
vn 0.0093 -0.8534 0.5212
vn 0.0089 -0.8653 0.5011
vn 0.0049 -0.8810 0.4732
vn 0.0050 -0.8185 0.5745
vn 0.0102 -0.7907 0.6122
vn 0.0441 -0.7764 0.6287
vn 0.0117 -0.8994 0.4369
vn 0.0126 -0.9174 0.3978
vn -0.0008 -0.9181 0.3964
vn 0.0084 -0.9809 0.1946
vn 0.0096 -0.9765 0.2155
vn 0.0104 -0.9540 0.2996
vn 0.0382 -0.9715 0.2339
vn 0.0063 -0.9624 0.2716
vn 0.0101 -0.9481 0.3179
vn 0.0394 -0.9402 0.3383
vn 0.0128 -0.9999 -0.0081
vn 0.0081 -0.9995 0.0321
vn 0.0049 -0.9956 0.0939
vn 0.0032 -0.9948 0.1016
vn 0.0115 -0.9879 0.1544
vn -0.0000 -0.9932 -0.1162
vn 0.0070 -0.9967 -0.0814
vn 0.0138 -0.9939 -0.1095
vn 0.0148 -0.9983 -0.0558
vn -0.0000 -0.9999 -0.0143
vn 0.0144 -0.9871 -0.1595
vn 0.0152 -0.9774 -0.2110
vn 0.0016 -0.9802 -0.1981
vn 0.0137 -0.9482 -0.3175
vn 0.0020 -0.9540 -0.2998
vn 0.0194 -0.9640 -0.2653
vn 0.0092 -0.9706 -0.2406
vn -0.0000 -0.8541 -0.5202
vn 0.0031 -0.8666 -0.4991
vn 0.0175 -0.8570 -0.5150
vn 0.0152 -0.8829 -0.4692
vn 0.0072 -0.9106 -0.4132
vn 0.0044 -0.9149 -0.4036
vn 0.0159 -0.9345 -0.3556
vn -0.0000 -0.7911 -0.6116
vn 0.0040 -0.8061 -0.5917
vn 0.0160 -0.7911 -0.6115
vn 0.0230 -0.8235 -0.5669
vn 0.0161 -0.8353 -0.5496
vn 0.0105 -0.7212 -0.6927
vn 0.0081 -0.7408 -0.6717
vn 0.0188 -0.7627 -0.6465
vn -0.0000 -0.6312 -0.7756
vn 0.0041 -0.6508 -0.7592
vn 0.0181 -0.6344 -0.7728
vn 0.0181 -0.6758 -0.7369
vn -0.0000 -0.7083 -0.7059
vn 0.0051 -0.5627 -0.8266
vn 0.0230 -0.5872 -0.8091
vn 0.0124 -0.6062 -0.7952
vn 0.0086 -0.4753 -0.8798
vn 0.0114 -0.4475 -0.8942
vn -0.0000 -0.4330 -0.9014
vn 0.0169 -0.3931 -0.9193
vn 0.0161 -0.3420 -0.9395
vn 0.0045 -0.3639 -0.9314
vn 0.0317 -0.2870 -0.9574
vn 0.0093 -0.3140 -0.9494
vn -0.0000 -0.3396 -0.9406
vn 0.0120 -0.2701 -0.9628
vn 0.0105 -0.2400 -0.9707
vn 0.0060 -0.2114 -0.9774
vn -0.0041 -0.1297 -0.9915
vn 0.0090 -0.1507 -0.9885
vn -0.0171 -0.0423 -0.9990
vn 0.0296 -0.0907 -0.9954
vt 0.452741 0.462142
vt 0.463881 0.449790
vt 0.467346 0.459522
vt 0.468651 0.444817
vt 0.476788 0.482623
vt 0.482007 0.445539
vt 0.464963 0.494562
vt 0.453373 0.507326
vt 0.443461 0.473461
vt 0.449866 0.511458
vt 0.444138 0.518558
vt 0.715673 0.453012
vt 0.756893 0.443238
vt 0.715943 0.462576
vt 0.435396 0.484429
vt 0.756201 0.433331
vt 0.756118 0.432021
vt 0.715106 0.428301
vt 0.715401 0.441942
vt 0.755466 0.420749
vt 0.754845 0.408232
vt 0.754593 0.402594
vt 0.714843 0.414637
vt 0.754256 0.394491
vt 0.714584 0.399782
vt 0.753700 0.379533
vt 0.714330 0.383742
vt 0.753159 0.362711
vt 0.714303 0.381893
vt 0.714235 0.377303
vt 0.714061 0.364946
vt 0.752690 0.345771
vt 0.713832 0.347222
vt 0.713613 0.328747
vt 0.713407 0.309543
vt 0.752268 0.328030
vt 0.751895 0.309514
vt 0.751714 0.299194
vt 0.713318 0.300648
vt 0.751428 0.279977
vt 0.713137 0.281018
vt 0.712972 0.261117
vt 0.749176 0.240929
vt 0.751200 0.260531
vt 0.712824 0.240978
vt 0.712696 0.220854
vt 0.750932 0.221338
vt 0.712673 0.216811
vt 0.750923 0.218750
vt 0.712588 0.200998
vt 0.750893 0.201938
vt 0.712501 0.181442
vt 0.750916 0.182794
vt 0.712469 0.172592
vt 0.750956 0.172527
vt 0.712412 0.153506
vt 0.751076 0.154128
vt 0.712398 0.147255
vt 0.712378 0.135177
vt 0.751256 0.136530
vt 0.712366 0.117624
vt 0.712377 0.100877
vt 0.751494 0.119758
vt 0.712379 0.099051
vt 0.751805 0.103139
vt 0.712414 0.083239
vt 0.752158 0.088398
vt 0.712471 0.068633
vt 0.752385 0.080428
vt 0.752560 0.074891
vt 0.712549 0.055239
vt 0.753011 0.062629
vt 0.712659 0.041918
vt 0.753510 0.051631
vt 0.753576 0.050356
vt 0.712782 0.031159
vt 0.754135 0.040746
vt 0.712923 0.021920
vt 0.754731 0.032659
vt 0.713082 0.014190
vt 0.755364 0.026079
vt 0.713022 0.016834
vt 0.713278 0.007419
vt 0.713475 0.002891
vt 0.743639 0.015336
vt 0.309466 0.546565
vt 0.309466 0.513000
vt 0.312243 0.545505
vt 0.713687 0.000000
vt 0.743881 0.011523
vt 0.431275 0.507179
vt 0.425655 0.474850
vt 0.435396 0.505667
vt 0.420698 0.476603
vt 0.429853 0.507573
vt 0.417567 0.462937
vt 0.417206 0.463333
vt 0.416827 0.463731
vt 0.411958 0.463671
vt 0.423394 0.508857
vt 0.411186 0.478384
vt 0.416822 0.463711
vt 0.416820 0.463687
vt 0.416821 0.463654
vt 0.406900 0.462843
vt 0.407028 0.462518
vt 0.400731 0.459953
vt 0.395100 0.464484
vt 0.393835 0.455978
vt 0.392961 0.455389
vt 0.385600 0.449583
vt 0.398814 0.479859
vt 0.383732 0.481010
vt 0.380820 0.465861
vt 0.378960 0.451378
vt 0.364031 0.453968
vt 0.357550 0.482078
vt 0.366590 0.481814
vt 0.372658 0.433952
vt 0.363964 0.438846
vt 0.378701 0.442410
vt 0.352860 0.454313
vt 0.358028 0.489724
vt 0.341646 0.482245
vt 0.337055 0.489863
vt 0.336785 0.482226
vt 0.340253 0.454441
vt 0.354347 0.426523
vt 0.342078 0.426743
vt 0.326102 0.454310
vt 0.312500 0.481777
vt 0.311725 0.468299
vt 0.327360 0.482112
vt 0.311617 0.440462
vt 0.328194 0.426657
vt 0.311230 0.454375
vt 0.277296 0.466987
vt 0.277194 0.452992
vt 0.252039 0.437916
vt 0.245261 0.451334
vt 0.272238 0.438900
vt 0.274519 0.425052
vt 0.254667 0.424259
vt 0.313157 0.426317
vt 0.299606 0.404830
vt 0.280264 0.404131
vt 0.287780 0.383615
vt 0.260561 0.403304
vt 0.239133 0.407381
vt 0.245829 0.389583
vt 0.268499 0.382882
vt 0.228372 0.406328
vt 0.227936 0.400598
vt 0.244156 0.376397
vt 0.249169 0.381745
vt 0.258205 0.362173
vt 0.267476 0.342962
vt 0.249266 0.345390
vt 0.237175 0.355044
vt 0.232989 0.348196
vt 0.260384 0.334409
vt 0.239876 0.342905
vt 0.220311 0.356312
vt 0.224440 0.363193
vt 0.212653 0.360331
vt 0.210643 0.370100
vt 0.226457 0.384089
vt 0.203707 0.391491
vt 0.202606 0.373311
vt 0.181489 0.412844
vt 0.204658 0.410529
vt 0.181172 0.395758
vt 0.182174 0.379115
vt 0.196212 0.375478
vt 0.205093 0.429768
vt 0.199848 0.448608
vt 0.229418 0.426020
vt 0.194291 0.448218
vt 0.181421 0.430074
vt 0.229519 0.450453
vt 0.234416 0.423308
vt 0.231232 0.438192
vt 0.233275 0.428031
vt 0.244978 0.465361
vt 0.228971 0.464447
vt 0.211109 0.464422
vt 0.193594 0.463237
vt 0.210416 0.479261
vt 0.192908 0.478091
vt 0.228231 0.478250
vt 0.227558 0.493803
vt 0.249482 0.494748
vt 0.244572 0.479123
vt 0.246818 0.510219
vt 0.227289 0.509157
vt 0.192314 0.492638
vt 0.191709 0.506853
vt 0.176665 0.505738
vt 0.196992 0.507225
vt 0.157436 0.493901
vt 0.207369 0.507925
vt 0.156324 0.504096
vt 0.131757 0.487133
vt 0.159210 0.471219
vt 0.133651 0.474560
vt 0.111702 0.456008
vt 0.135208 0.461164
vt 0.110177 0.466541
vt 0.113189 0.441044
vt 0.104284 0.440082
vt 0.117302 0.425382
vt 0.076024 0.417453
vt 0.083117 0.437610
vt 0.096511 0.421972
vt 0.118298 0.409333
vt 0.137208 0.437692
vt 0.138315 0.419400
vt 0.097629 0.404843
vt 0.118916 0.393387
vt 0.098271 0.387848
vt 0.111863 0.376141
vt 0.117703 0.377721
vt 0.138929 0.401591
vt 0.159350 0.413249
vt 0.145569 0.381869
vt 0.159468 0.397256
vt 0.139262 0.381415
vt 0.132976 0.380667
vt 0.139830 0.373434
vt 0.125141 0.371234
vt 0.152411 0.374056
vt 0.161052 0.381858
vt 0.167421 0.373288
vt 0.167036 0.381405
vt 0.175974 0.372105
vt 0.190594 0.368773
vt 0.198812 0.366135
vt 0.110505 0.367401
vt 0.102273 0.364481
vt 0.097249 0.371012
vt 0.088405 0.358203
vt 0.083910 0.364763
vt 0.080728 0.353920
vt 0.077907 0.361413
vt 0.070428 0.356722
vt 0.068010 0.345370
vt 0.057768 0.384361
vt 0.057887 0.368418
vt 0.077669 0.379465
vt 0.057787 0.347292
vt 0.046367 0.336839
vt 0.061099 0.339843
vt 0.049883 0.329255
vt 0.670816 0.194772
vt 0.669756 0.220024
vt 0.659624 0.185561
vt 0.685203 0.226288
vt 0.035794 0.325022
vt 0.043928 0.322637
vt 0.034522 0.310305
vt 0.026368 0.312081
vt 0.029688 0.302777
vt 0.023977 0.308313
vt 0.022353 0.289040
vt 0.016299 0.294326
vt 0.018773 0.280811
vt 0.012885 0.286823
vt 0.630461 0.166059
vt 0.628642 0.155432
vt 0.634226 0.161383
vt 0.645243 0.172439
vt 0.643733 0.187310
vt 0.637281 0.189922
vt 0.655321 0.206964
vt 0.648360 0.175406
vt 0.650460 0.233415
vt 0.666792 0.227076
vt 0.671291 0.235020
vt 0.662277 0.253354
vt 0.681356 0.252511
vt 0.688246 0.243596
vt 0.673825 0.272677
vt 0.690257 0.267238
vt 0.689537 0.249559
vt 0.057638 0.390037
vt 0.056689 0.409539
vt 0.695184 0.268883
vt 0.077166 0.398365
vt 0.054342 0.433739
vt 0.705230 0.289974
vt 0.698510 0.280060
vt 0.692884 0.271407
vt 0.681278 0.284356
vt 0.688639 0.295364
vt 0.664246 0.290652
vt 0.656871 0.278897
vt 0.712366 0.300795
vt 0.040590 0.445860
vt 0.038964 0.431446
vt 0.052562 0.447615
vt 0.699892 0.304666
vt 0.671381 0.301711
vt 0.037900 0.459404
vt 0.050271 0.461270
vt 0.707652 0.314250
vt 0.673063 0.314272
vt 0.635985 0.315800
vt 0.642506 0.326441
vt 0.680438 0.323576
vt 0.014580 0.455506
vt 0.017975 0.442244
vt 0.649257 0.335934
vt 0.653408 0.340823
vt 0.014381 0.471090
vt 0.684683 0.347777
vt 0.693257 0.344326
vt 0.000000 0.484646
vt 0.012790 0.486945
vt 0.029919 0.473799
vt 0.293415 0.578501
vt 0.306316 0.574115
vt 0.306316 0.590345
vt 0.026719 0.489218
vt 0.046548 0.476513
vt 0.057653 0.493640
vt 0.075229 0.481467
vt 0.041606 0.491440
vt 0.064038 0.465294
vt 0.066590 0.450633
vt 0.081321 0.452524
vt 0.078780 0.467202
vt 0.078363 0.437017
vt 0.066351 0.494760
vt 0.105347 0.488931
vt 0.102669 0.498976
vt 0.084057 0.496902
vt 0.070868 0.495323
vt 0.115763 0.500338
vt 0.129064 0.501644
vt 0.142581 0.502897
vt 0.667504 0.355172
vt 0.629443 0.352035
vt 0.652347 0.362220
vt 0.633875 0.357021
vt 0.609918 0.369804
vt 0.605590 0.364827
vt 0.601532 0.359763
vt 0.625300 0.346920
vt 0.634970 0.342266
vt 0.620068 0.349578
vt 0.621671 0.321599
vt 0.606852 0.328916
vt 0.607697 0.299214
vt 0.622149 0.292812
vt 0.629340 0.304599
vt 0.612700 0.277729
vt 0.596012 0.281363
vt 0.627539 0.267314
vt 0.602330 0.261774
vt 0.583772 0.263555
vt 0.645108 0.260019
vt 0.615332 0.248369
vt 0.633096 0.240547
vt 0.590405 0.211537
vt 0.609044 0.202470
vt 0.574117 0.188780
vt 0.592557 0.179379
vt 0.626562 0.194492
vt 0.610742 0.170648
vt 0.619147 0.148961
vt 0.594915 0.147821
vt 0.612694 0.139514
vt 0.613023 0.137428
vt 0.623475 0.149705
vt 0.013711 0.266048
vt 0.010028 0.279622
vt 0.005199 0.264232
vt 0.011484 0.257344
vt 0.004132 0.259881
vt 0.008834 0.241964
vt 0.002208 0.250209
vt 0.001308 0.244135
vt 0.008021 0.233024
vt 0.000049 0.228201
vt 0.007856 0.217450
vt 0.000624 0.238949
vt 0.297706 0.512999
vt 0.297907 0.520777
vt 0.297706 0.531565
vt 0.000000 0.220438
vt 0.000379 0.212119
vt 0.582949 0.095492
vt 0.587210 0.102230
vt 0.557865 0.107762
vt 0.549531 0.093671
vt 0.008480 0.208522
vt 0.010805 0.193183
vt 0.002312 0.196189
vt 0.575327 0.082565
vt 0.514749 0.090707
vt 0.542163 0.079868
vt 0.522872 0.105892
vt 0.532035 0.121374
vt 0.510776 0.133219
vt 0.517660 0.144022
vt 0.561266 0.135035
vt 0.542820 0.144880
vt 0.579516 0.125770
vt 0.506321 0.135772
vt 0.492469 0.166078
vt 0.524919 0.154859
vt 0.528516 0.160061
vt 0.504425 0.183442
vt 0.540449 0.176743
vt 0.558169 0.166604
vt 0.576649 0.156902
vt 0.554778 0.196059
vt 0.541177 0.206796
vt 0.520687 0.205652
vt 0.511478 0.193234
vt 0.558030 0.228537
vt 0.543817 0.236594
vt 0.573042 0.220454
vt 0.534904 0.223072
vt 0.521694 0.206845
vt 0.568846 0.271588
vt 0.550147 0.248965
vt 0.581182 0.289070
vt 0.561293 0.291393
vt 0.560380 0.283082
vt 0.557524 0.269305
vt 0.553025 0.255738
vt 0.592945 0.306604
vt 0.578090 0.315044
vt 0.566314 0.297646
vt 0.569893 0.334644
vt 0.576923 0.346661
vt 0.563331 0.324247
vt 0.560141 0.319422
vt 0.591868 0.337366
vt 0.561519 0.305349
vt 0.558661 0.327263
vt 0.558226 0.329153
vt 0.555392 0.339104
vt 0.554210 0.342497
vt 0.554045 0.359824
vt 0.548585 0.355581
vt 0.560014 0.370812
vt 0.541509 0.368246
vt 0.536854 0.386564
vt 0.533109 0.380559
vt 0.525318 0.390427
vt 0.515453 0.401504
vt 0.514646 0.402797
vt 0.505199 0.411792
vt 0.519733 0.414363
vt 0.494486 0.421494
vt 0.498285 0.431334
vt 0.488885 0.425905
vt 0.494475 0.421480
vt 0.494454 0.421470
vt 0.494372 0.421482
vt 0.294477 0.513000
vt 0.294477 0.518634
vt 0.294459 0.515981
vt 0.483475 0.430309
vt 0.477668 0.435839
vt 0.503521 0.458396
vt 0.507515 0.455030
vt 0.522558 0.442999
vt 0.530842 0.436664
vt 0.539210 0.430458
vt 0.542437 0.397741
vt 0.555429 0.418950
vt 0.572315 0.407641
vt 0.566135 0.381656
vt 0.581484 0.401768
vt 0.598206 0.376588
vt 0.593955 0.371648
vt 0.589526 0.396765
vt 0.607262 0.386194
vt 0.624186 0.376686
vt 0.637140 0.369812
vt 0.643192 0.366728
vt 0.589959 0.366641
vt 0.489644 0.470566
vt 0.585660 0.237704
vt 0.590254 0.211613
vt 0.482158 0.150052
vt 0.472468 0.133747
vt 0.496424 0.119053
vt 0.464141 0.118429
vt 0.487643 0.102651
vt 0.456259 0.102344
vt 0.449542 0.086759
vt 0.480065 0.086723
vt 0.507743 0.075967
vt 0.473761 0.071420
vt 0.535820 0.066479
vt 0.501918 0.061807
vt 0.530556 0.053624
vt 0.497327 0.048357
vt 0.468790 0.056884
vt 0.465198 0.043248
vt 0.494011 0.035739
vt 0.526413 0.041416
vt 0.523423 0.029961
vt 0.492000 0.024065
vt 0.463019 0.030634
vt 0.462273 0.019155
vt 0.435396 0.026810
vt 0.435979 0.036626
vt 0.437612 0.047516
vt 0.440331 0.059361
vt 0.444484 0.073068
vt 0.435887 0.017207
vt 0.437573 0.008522
vt 0.462965 0.008914
vt 0.465091 0.000000
vt 0.491310 0.013439
vt 0.056156 0.063327
vt 0.054457 0.048757
vt 0.071101 0.038369
vt 0.491949 0.003955
vt 0.071561 0.053702
vt 0.088746 0.029761
vt 0.084282 0.019050
vt 0.066546 0.028418
vt 0.073340 0.070790
vt 0.059346 0.079563
vt 0.087890 0.045721
vt 0.107233 0.023011
vt 0.104998 0.039457
vt 0.088169 0.063501
vt 0.094180 0.080905
vt 0.103704 0.057765
vt 0.122730 0.034967
vt 0.119810 0.053637
vt 0.108753 0.076006
vt 0.107513 0.084746
vt 0.122070 0.081155
vt 0.123760 0.072689
vt 0.130599 0.079819
vt 0.136342 0.051163
vt 0.128011 0.072050
vt 0.145590 0.078786
vt 0.153153 0.050377
vt 0.143396 0.070804
vt 0.158824 0.071202
vt 0.160608 0.079396
vt 0.164107 0.062898
vt 0.161172 0.071407
vt 0.169963 0.047320
vt 0.159409 0.031463
vt 0.176910 0.030780
vt 0.175735 0.030528
vt 0.174615 0.029941
vt 0.173551 0.028750
vt 0.172913 0.026349
vt 0.173661 0.022838
vt 0.174050 0.022028
vt 0.166014 0.014423
vt 0.176425 0.018857
vt 0.177592 0.017824
vt 0.179233 0.016723
vt 0.181250 0.015838
vt 0.182610 0.015526
vt 0.183842 0.015465
vt 0.297907 0.531867
vt 0.297907 0.513000
vt 0.297912 0.513275
vt 0.184380 0.014941
vt 0.184110 0.015483
vt 0.180102 0.000169
vt 0.191723 0.001172
vt 0.169265 0.000000
vt 0.146048 0.015307
vt 0.150295 0.001035
vt 0.140924 0.032293
vt 0.126393 0.018179
vt 0.134236 0.003271
vt 0.117459 0.007007
vt 0.099953 0.012542
vt 0.099341 0.087530
vt 0.085604 0.093580
vt 0.080086 0.087394
vt 0.076299 0.089463
vt 0.078016 0.097736
vt 0.063293 0.097761
vt 0.051199 0.107413
vt 0.065477 0.106078
vt 0.058681 0.111491
vt 0.047687 0.121895
vt 0.040062 0.118411
vt 0.521609 0.019359
vt 0.551172 0.018561
vt 0.551585 0.021293
vt 0.037169 0.121680
vt 0.520988 0.009700
vt 0.550431 0.009329
vt 0.046308 0.089740
vt 0.521562 0.001070
vt 0.041872 0.128416
vt 0.027630 0.134025
vt 0.553782 0.031563
vt 0.557094 0.042579
vt 0.032726 0.140595
vt 0.019379 0.147343
vt 0.028050 0.148044
vt 0.021005 0.161661
vt 0.012454 0.161611
vt 0.561525 0.054320
vt 0.562945 0.057680
vt 0.010788 0.165707
vt 0.017599 0.169833
vt 0.005791 0.180707
vt 0.568657 0.069952
vt 0.012848 0.184514
vt 0.597275 0.117255
vt 0.600488 0.121320
vt 0.608395 0.133299
vt 0.610205 0.133947
vt 0.604149 0.126197
vt 0.158903 0.429351
vt 0.136777 0.443404
vt 0.160982 0.445604
vt 0.159910 0.460608
vt 0.170531 0.446402
vt 0.271290 0.495603
vt 0.266217 0.511125
vt 0.285251 0.511863
vt 0.277566 0.480599
vt 0.294769 0.512172
vt 0.312735 0.487154
vt 0.313014 0.512644
vt 0.337175 0.497582
vt 0.328217 0.512901
vt 0.336970 0.512980
vt 0.342577 0.513000
vt 0.358354 0.497464
vt 0.354113 0.512959
vt 0.367788 0.497242
vt 0.368279 0.512745
vt 0.387989 0.512085
vt 0.382089 0.512335
vt 0.367262 0.489479
vt 0.394429 0.511749
vt 0.405441 0.510979
vt 0.414911 0.510041
vt 0.419340 0.509475
vt 0.251043 0.332701
vt 0.263272 0.331145
vt 0.256968 0.326286
vt 0.266474 0.327290
vt 0.272812 0.318800
vt 0.266317 0.314275
vt 0.271116 0.306913
vt 0.281064 0.305482
vt 0.284722 0.304068
vt 0.277532 0.321339
vt 0.287989 0.291214
vt 0.287338 0.297066
vt 0.306588 0.293199
vt 0.297234 0.318527
vt 0.288804 0.292897
vt 0.323967 0.293368
vt 0.313527 0.267377
vt 0.291036 0.286100
vt 0.289654 0.287123
vt 0.296079 0.267412
vt 0.294652 0.272124
vt 0.286923 0.270729
vt 0.298131 0.256642
vt 0.281929 0.285319
vt 0.278387 0.293426
vt 0.289110 0.262100
vt 0.300064 0.240713
vt 0.291689 0.246809
vt 0.292460 0.237897
vt 0.300395 0.224630
vt 0.292552 0.222327
vt 0.299137 0.208696
vt 0.291886 0.213378
vt 0.296314 0.192950
vt 0.289489 0.197957
vt 0.295245 0.188593
vt 0.287405 0.189218
vt 0.290417 0.173204
vt 0.282586 0.174373
vt 0.284147 0.158500
vt 0.279141 0.166083
vt 0.276469 0.144512
vt 0.272031 0.152223
vt 0.274074 0.140738
vt 0.267320 0.144614
vt 0.264630 0.127777
vt 0.258117 0.132121
vt 0.254055 0.115962
vt 0.252270 0.125400
vt 0.242388 0.105310
vt 0.241226 0.114618
vt 0.238942 0.102551
vt 0.234405 0.108972
vt 0.225948 0.093478
vt 0.221826 0.100200
vt 0.212259 0.085882
vt 0.214218 0.095783
vt 0.197918 0.079765
vt 0.200450 0.089262
vt 0.193814 0.078329
vt 0.192265 0.086198
vt 0.177689 0.082108
vt 0.178809 0.074183
vt 0.175528 0.081643
vt 0.163532 0.071652
vt 0.160622 0.079397
vt 0.161187 0.071408
vt 0.164122 0.062900
vt 0.169978 0.047321
vt 0.183667 0.053366
vt 0.176923 0.030781
vt 0.177162 0.030799
vt 0.192895 0.034800
vt 0.178704 0.030693
vt 0.211005 0.039120
vt 0.200136 0.057326
vt 0.202141 0.018059
vt 0.180146 0.030299
vt 0.182217 0.029270
vt 0.183874 0.028024
vt 0.184479 0.027455
vt 0.186850 0.024259
vt 0.211446 0.003970
vt 0.229980 0.008326
vt 0.184394 0.014942
vt 0.221700 0.022713
vt 0.188011 0.019795
vt 0.187349 0.017395
vt 0.186303 0.016262
vt 0.185234 0.015719
vt 0.184122 0.015485
vt 0.187289 0.023330
vt 0.191737 0.001173
vt 0.247877 0.014231
vt 0.228568 0.045203
vt 0.240674 0.029266
vt 0.265118 0.021648
vt 0.258885 0.037659
vt 0.282826 0.031258
vt 0.276163 0.047815
vt 0.299149 0.042196
vt 0.261409 0.062406
vt 0.292350 0.059642
vt 0.276389 0.073368
vt 0.245913 0.078622
vt 0.245421 0.052989
vt 0.259514 0.088620
vt 0.231397 0.070021
vt 0.216093 0.062898
vt 0.272083 0.099924
vt 0.290227 0.085776
vt 0.283513 0.112431
vt 0.293702 0.126033
vt 0.302799 0.099520
vt 0.302562 0.140610
vt 0.313996 0.114479
vt 0.332971 0.104034
vt 0.320881 0.087877
vt 0.323717 0.130520
vt 0.343462 0.121363
vt 0.331877 0.147501
vt 0.310013 0.156035
vt 0.352263 0.139709
vt 0.338402 0.165270
vt 0.315985 0.172176
vt 0.368442 0.128840
vt 0.375369 0.146315
vt 0.359295 0.158908
vt 0.380728 0.163918
vt 0.343233 0.183667
vt 0.364496 0.178784
vt 0.384783 0.182557
vt 0.346323 0.202523
vt 0.367818 0.199154
vt 0.387395 0.202508
vt 0.369231 0.219825
vt 0.347644 0.221663
vt 0.365315 0.240664
vt 0.347178 0.240903
vt 0.324094 0.240953
vt 0.324506 0.223435
vt 0.364495 0.249760
vt 0.346857 0.267393
vt 0.330518 0.267462
vt 0.340626 0.293356
vt 0.361096 0.271759
vt 0.356227 0.292170
vt 0.349447 0.313907
vt 0.332194 0.318878
vt 0.322236 0.344218
vt 0.315088 0.318802
vt 0.322378 0.344218
vt 0.338202 0.344252
vt 0.304197 0.344006
vt 0.286252 0.343606
vt 0.306540 0.384165
vt 0.331716 0.361265
vt 0.321835 0.389608
vt 0.316513 0.408915
vt 0.332158 0.405481
vt 0.337685 0.384761
vt 0.350908 0.384755
vt 0.345778 0.405565
vt 0.360467 0.357063
vt 0.363124 0.343956
vt 0.358874 0.370336
vt 0.358600 0.383181
vt 0.359027 0.390108
vt 0.351360 0.344163
vt 0.366383 0.332179
vt 0.372231 0.314782
vt 0.360349 0.318558
vt 0.375511 0.303996
vt 0.378670 0.292605
vt 0.381353 0.281666
vt 0.385338 0.260947
vt 0.361966 0.267184
vt 0.387704 0.240082
vt 0.368724 0.240597
vt 0.388299 0.222637
vt 0.388243 0.218033
vt 0.360828 0.402402
vt 0.357900 0.405344
vt 0.363798 0.413966
vt 0.365135 0.426055
vt 0.365952 0.420150
vt 0.368371 0.425875
vt 0.274691 0.343239
vt 0.270151 0.337364
vt 0.323273 0.206027
vt 0.320421 0.188889
vt 0.298886 0.252000
vt 0.293378 0.517729
vt 0.293486 0.513000
vt 0.293486 0.528795
vt 0.360149 0.112134
vt 0.350567 0.096317
vt 0.349763 0.095116
vt 0.339931 0.081670
vt 0.327930 0.067767
vt 0.307300 0.073036
vt 0.314119 0.054338
vt 0.419952 0.461839
vt 0.421444 0.461382
vt 0.756893 0.016999
vt 0.756362 0.019160
vt 0.756072 0.020770
vt 0.751035 0.240927
vt 0.069434 0.543122
vt 0.065620 0.537355
vt 0.073801 0.540349
vt 0.072299 0.533192
vt 0.086318 0.533570
vt 0.085468 0.526334
vt 0.099930 0.527929
vt 0.099741 0.520679
vt 0.114491 0.523648
vt 0.114960 0.516450
vt 0.129798 0.520926
vt 0.130911 0.513839
vt 0.145597 0.519916
vt 0.147334 0.513000
vt 0.161597 0.520717
vt 0.163930 0.514023
vt 0.177485 0.523362
vt 0.180379 0.516935
vt 0.192944 0.527809
vt 0.196363 0.521687
vt 0.207677 0.533947
vt 0.211583 0.528160
vt 0.221425 0.541601
vt 0.225778 0.536176
vt 0.233977 0.550552
vt 0.238739 0.545508
vt 0.245184 0.560547
vt 0.250318 0.555902
vt 0.254961 0.571324
vt 0.260430 0.567090
vt 0.263279 0.582624
vt 0.269046 0.578810
vt 0.270422 0.594700
vt 0.276460 0.591326
vt 0.276514 0.607914
vt 0.282799 0.605009
vt 0.281326 0.622139
vt 0.287832 0.619731
vt 0.284650 0.637192
vt 0.291347 0.635310
vt 0.286314 0.652837
vt 0.293168 0.651508
vt 0.286195 0.668796
vt 0.293168 0.668046
vt 0.284236 0.684760
vt 0.291284 0.684613
vt 0.280452 0.700414
vt 0.287525 0.700887
vt 0.274927 0.715449
vt 0.281972 0.716558
vt 0.267813 0.729591
vt 0.274771 0.731340
vt 0.259317 0.742608
vt 0.266125 0.744995
vt 0.249678 0.754330
vt 0.256276 0.757342
vt 0.239159 0.764646
vt 0.245485 0.768260
vt 0.228022 0.773508
vt 0.234021 0.777692
vt 0.223761 0.776441
vt 0.227575 0.782207
vt 0.747541 0.653915
vt 0.746075 0.653796
vt 0.746903 0.649915
vt 0.745422 0.649746
vt 0.744804 0.646508
vt 0.743275 0.646294
vt 0.607876 0.554199
vt 0.606401 0.552749
vt 0.607219 0.550363
vt 0.605747 0.548830
vt 0.608075 0.546520
vt 0.606630 0.544890
vt 0.610300 0.543218
vt 0.608904 0.541491
vt 0.613587 0.540927
vt 0.612255 0.539117
vt 0.617474 0.540007
vt 0.616212 0.538146
vt 0.293486 0.519643
vt 0.294459 0.518570
vt 0.621367 0.540642
vt 0.620167 0.538776
vt 0.009088 0.634098
vt 0.001973 0.634591
vt 0.003739 0.625984
vt 0.012925 0.618557
vt 0.083873 0.784805
vt 0.098416 0.791095
vt 0.091995 0.796037
vt 0.113709 0.795733
vt 0.129465 0.798599
vt 0.125934 0.805105
vt 0.134653 0.806079
vt 0.043668 0.565069
vt 0.034068 0.576698
vt 0.030331 0.570172
vt 0.006016 0.617506
vt 0.008832 0.609079
vt 0.018476 0.603637
vt 0.012137 0.600874
vt 0.025592 0.589610
vt 0.000725 0.643282
vt 0.007054 0.649961
vt 0.000000 0.652009
vt 0.117273 0.803609
vt 0.108739 0.801603
vt 0.100355 0.799096
vt 0.152078 0.806463
vt 0.145373 0.799646
vt 0.169275 0.804802
vt 0.161126 0.798894
vt 0.186014 0.801172
vt 0.015979 0.592788
vt 0.020270 0.585014
vt 0.025104 0.577394
vt 0.065210 0.546029
vt 0.036107 0.563142
vt 0.042205 0.556588
vt 0.054134 0.554830
vt 0.048839 0.550284
vt 0.055708 0.544520
vt 0.083880 0.792498
vt 0.075890 0.788421
vt 0.070332 0.777039
vt 0.217358 0.780431
vt 0.217275 0.788428
vt 0.204728 0.786998
vt 0.202080 0.795674
vt 0.191034 0.792403
vt 0.176431 0.796431
vt 0.037409 0.747219
vt 0.046990 0.757992
vt 0.040407 0.761137
vt 0.000109 0.669399
vt 0.006839 0.665833
vt 0.002246 0.686505
vt 0.008391 0.681412
vt 0.006331 0.703100
vt 0.011593 0.696422
vt 0.012258 0.718973
vt 0.016278 0.710628
vt 0.019900 0.733932
vt 0.068234 0.783907
vt 0.060740 0.778848
vt 0.057991 0.768019
vt 0.053664 0.773412
vt 0.046789 0.767425
vt 0.022243 0.723846
vt 0.029267 0.735948
vt 0.028769 0.747339
vt 0.034313 0.754343
vt 0.305865 0.536173
vt 0.299057 0.536443
vt 0.298866 0.535448
vt 0.305147 0.533954
vt 0.299347 0.539158
vt 0.306236 0.539644
vt 0.299375 0.539609
vt 0.299325 0.547493
vt 0.299408 0.545909
vt 0.306316 0.544735
vt 0.299464 0.543487
vt 0.299437 0.541035
vt 0.856575 0.772286
vt 0.852874 0.772480
vt 0.856764 0.770970
vt 0.852831 0.771199
vt 0.859633 0.773171
vt 0.859714 0.771827
vt 0.861359 0.774188
vt 0.861474 0.772863
vt 0.862919 0.775583
vt 0.862960 0.774187
vt 0.864576 0.778006
vt 0.864619 0.776606
vt 0.678702 0.715145
vt 0.679293 0.714605
vt 0.679517 0.715943
vt 0.683057 0.718031
vt 0.683499 0.717387
vt 0.687611 0.718643
vt 0.306192 0.547660
vt 0.306059 0.549351
vt 0.299071 0.550322
vt 0.305846 0.551185
vt 0.298494 0.553360
vt 0.305534 0.552897
vt 0.297912 0.554322
vt 0.304819 0.554513
vt 0.687461 0.717996
vt 0.686489 0.717988
vt 0.851604 0.772868
vt 0.848565 0.774660
vt 0.848579 0.773456
vt 0.848151 0.775031
vt 0.847796 0.774231
vt 0.847044 0.776262
vt 0.846074 0.776859
vt 0.845817 0.778325
vt 0.297912 0.533839
vt 0.304731 0.533755
vt 0.298183 0.533897
vt 0.298547 0.534427
vt 0.309466 0.523534
vt 0.303650 0.523449
vt 0.309391 0.521725
vt 0.303243 0.519491
vt 0.301794 0.515787
vt 0.308429 0.517513
vt 0.309042 0.519518
vt 0.461101 0.612045
vt 0.465604 0.612692
vt 0.463435 0.613103
vt 0.458698 0.612856
vt 0.461766 0.613862
vt 0.457941 0.613285
vt 0.459244 0.616005
vt 0.455693 0.615242
vt 0.454743 0.616545
vt 0.458478 0.617034
vt 0.453448 0.619518
vt 0.457015 0.620325
vt 0.453030 0.622786
vt 0.456618 0.623440
vt 0.453218 0.624691
vt 0.456806 0.625404
vt 0.453797 0.626718
vt 0.457341 0.627305
vt 0.455152 0.629133
vt 0.458682 0.629725
vt 0.455842 0.629942
vt 0.458845 0.632010
vt 0.462230 0.632496
vt 0.875293 0.534258
vt 0.875169 0.535950
vt 0.874355 0.538151
vt 0.874075 0.540101
vt 0.873797 0.539202
vt 0.304078 0.533755
vt 0.297912 0.533600
vt 0.299914 0.532917
vt 0.306175 0.532726
vt 0.300582 0.532373
vt 0.307633 0.530932
vt 0.301840 0.530756
vt 0.308285 0.529638
vt 0.302648 0.529062
vt 0.309138 0.526809
vt 0.303159 0.527419
vt 0.303608 0.524522
vt 0.297912 0.513081
vt 0.302830 0.513000
vt 0.299277 0.513404
vt 0.305735 0.513741
vt 0.300145 0.513920
vt 0.306236 0.514142
vt 0.307777 0.516124
vt 0.297776 0.554853
vt 0.304429 0.554513
vt 0.298749 0.557245
vt 0.305414 0.556953
vt 0.299410 0.560700
vt 0.306080 0.560495
vt 0.299647 0.564662
vt 0.306316 0.564561
vt 0.299423 0.568547
vt 0.306082 0.568548
vt 0.298768 0.571809
vt 0.305411 0.571895
vt 0.297776 0.573968
vt 0.304401 0.574115
vt 0.744234 0.661102
vt 0.742698 0.661072
vt 0.746593 0.657858
vt 0.745108 0.657787
vt 0.574528 0.646640
vt 0.570833 0.665193
vt 0.572647 0.646353
vt 0.559370 0.650599
vt 0.557883 0.652024
vt 0.554575 0.656929
vt 0.553866 0.658654
vt 0.552753 0.664345
vt 0.552768 0.666404
vt 0.554164 0.672589
vt 0.555075 0.674521
vt 0.556186 0.676323
vt 0.557471 0.677965
vt 0.558898 0.679423
vt 0.560434 0.680681
vt 0.568695 0.646416
vt 0.566691 0.646796
vt 0.570692 0.646272
vt 0.564718 0.647415
vt 0.562816 0.648267
vt 0.561023 0.649336
vt 0.556583 0.653579
vt 0.555479 0.655226
vt 0.553324 0.660444
vt 0.552945 0.662349
vt 0.553004 0.668491
vt 0.553470 0.670566
vt 0.562043 0.681733
vt 0.563692 0.682577
vt 0.612730 0.538718
vt 0.622770 0.532979
vt 0.618104 0.525068
vt 0.625261 0.527589
vt 0.534949 0.774724
vt 0.532434 0.783485
vt 0.524405 0.786978
vt 0.530736 0.789610
vt 0.530571 0.790220
vt 0.545759 0.739482
vt 0.539502 0.759503
vt 0.535551 0.755180
vt 0.558175 0.701715
vt 0.549303 0.728475
vt 0.549155 0.719172
vt 0.545901 0.739039
vt 0.556402 0.700721
vt 0.558251 0.701490
vt 0.564597 0.682954
vt 0.564559 0.683063
vt 0.561474 0.692016
vt 0.588324 0.609077
vt 0.591189 0.610086
vt 0.585538 0.624999
vt 0.600833 0.571688
vt 0.605821 0.572842
vt 0.599537 0.588582
vt 0.600262 0.535420
vt 0.608530 0.556055
vt 0.606927 0.554415
vt 0.596007 0.551527
vt 0.451845 0.632050
vt 0.466723 0.631262
vt 0.466029 0.636151
vt 0.463455 0.632522
vt 0.462387 0.632635
vt 0.444030 0.614606
vt 0.439829 0.628490
vt 0.449530 0.601221
vt 0.466318 0.612793
vt 0.465538 0.612452
vt 0.460600 0.607441
vt 0.473696 0.614600
vt 0.471460 0.619966
vt 0.470840 0.617814
vt 0.469816 0.615892
vt 0.468757 0.614587
vt 0.471639 0.621756
vt 0.488390 0.622482
vt 0.471228 0.625046
vt 0.484721 0.631410
vt 0.469967 0.627954
vt 0.481919 0.640670
vt 0.468975 0.629314
vt 0.449192 0.645382
vt 0.436888 0.643263
vt 0.447845 0.659357
vt 0.435396 0.658749
vt 0.447948 0.673770
vt 0.435510 0.674719
vt 0.449604 0.688376
vt 0.437345 0.690904
vt 0.452864 0.702903
vt 0.440957 0.707002
vt 0.457719 0.717066
vt 0.446337 0.722697
vt 0.464100 0.730585
vt 0.453408 0.737676
vt 0.471877 0.743201
vt 0.462025 0.751656
vt 0.480869 0.754695
vt 0.471989 0.764393
vt 0.490859 0.764901
vt 0.483059 0.775702
vt 0.501607 0.773708
vt 0.494969 0.785461
vt 0.512868 0.781066
vt 0.507447 0.793614
vt 0.520231 0.800165
vt 0.527247 0.803082
vt 0.529575 0.771832
vt 0.519471 0.766654
vt 0.527023 0.750810
vt 0.509609 0.760210
vt 0.518700 0.745372
vt 0.500196 0.752497
vt 0.510755 0.738862
vt 0.491447 0.743559
vt 0.503371 0.731319
vt 0.483572 0.733493
vt 0.496725 0.722823
vt 0.476761 0.722445
vt 0.490977 0.713499
vt 0.471173 0.710606
vt 0.486261 0.703507
vt 0.466921 0.698202
vt 0.482672 0.693039
vt 0.464066 0.685480
vt 0.480263 0.682301
vt 0.462616 0.672688
vt 0.479039 0.671506
vt 0.462526 0.660066
vt 0.478962 0.660853
vt 0.463705 0.647827
vt 0.479958 0.650524
vt 0.604288 0.521414
vt 0.587098 0.533408
vt 0.589702 0.519184
vt 0.573418 0.532842
vt 0.574542 0.518558
vt 0.559437 0.533852
vt 0.559051 0.519676
vt 0.545408 0.536514
vt 0.543506 0.522626
vt 0.531601 0.540848
vt 0.528206 0.527430
vt 0.518289 0.546812
vt 0.513455 0.534037
vt 0.505733 0.554295
vt 0.499541 0.542329
vt 0.494161 0.563132
vt 0.486719 0.552122
vt 0.483758 0.573112
vt 0.475192 0.563180
vt 0.474657 0.583993
vt 0.465106 0.575238
vt 0.466931 0.595520
vt 0.456545 0.588011
vt 0.611832 0.558205
vt 0.591617 0.569251
vt 0.581887 0.567763
vt 0.584479 0.549764
vt 0.571775 0.567345
vt 0.572498 0.549269
vt 0.561442 0.568091
vt 0.560254 0.550153
vt 0.551073 0.570058
vt 0.547968 0.552484
vt 0.540868 0.573262
vt 0.535876 0.556281
vt 0.531029 0.577670
vt 0.524218 0.561503
vt 0.521748 0.583200
vt 0.513222 0.568056
vt 0.513195 0.589732
vt 0.503088 0.575795
vt 0.505506 0.597108
vt 0.493977 0.584535
vt 0.498779 0.605151
vt 0.486006 0.594065
vt 0.493069 0.613671
vt 0.479240 0.604160
vt 0.594586 0.590066
vt 0.582794 0.607614
vt 0.582186 0.628249
vt 0.576310 0.647112
vt 0.577233 0.647437
vt 0.587182 0.588108
vt 0.576956 0.606721
vt 0.579365 0.586912
vt 0.570889 0.606470
vt 0.571241 0.586576
vt 0.564688 0.606918
vt 0.562940 0.587175
vt 0.558467 0.608098
vt 0.554610 0.588756
vt 0.552343 0.610020
vt 0.546411 0.591330
vt 0.546440 0.612665
vt 0.538507 0.594871
vt 0.540872 0.615983
vt 0.531051 0.599314
vt 0.535740 0.619902
vt 0.524180 0.604561
vt 0.531127 0.624328
vt 0.518004 0.610487
vt 0.527090 0.629153
vt 0.512599 0.616948
vt 0.523664 0.634265
vt 0.508012 0.623792
vt 0.520857 0.639552
vt 0.504253 0.630871
vt 0.518656 0.644909
vt 0.501306 0.638044
vt 0.516974 0.650465
vt 0.499054 0.645483
vt 0.515797 0.656378
vt 0.497479 0.653399
vt 0.515200 0.662575
vt 0.496679 0.661697
vt 0.515246 0.668967
vt 0.496741 0.670255
vt 0.515980 0.675444
vt 0.497724 0.678928
vt 0.517426 0.681886
vt 0.499659 0.687554
vt 0.519579 0.688167
vt 0.502542 0.695963
vt 0.522409 0.694162
vt 0.506331 0.703990
vt 0.525858 0.699757
vt 0.510949 0.711481
vt 0.529846 0.704855
vt 0.516288 0.718306
vt 0.534277 0.709381
vt 0.522220 0.724366
vt 0.539043 0.713287
vt 0.528603 0.729596
vt 0.544038 0.716550
vt 0.535290 0.733965
vt 0.542141 0.737476
vt 0.578546 0.627286
vt 0.574703 0.626698
vt 0.570708 0.626533
vt 0.566627 0.626828
vt 0.562531 0.627605
vt 0.558500 0.628870
vt 0.554614 0.630611
vt 0.550949 0.632795
vt 0.547571 0.635375
vt 0.544534 0.638288
vt 0.541877 0.641465
vt 0.539622 0.644830
vt 0.537774 0.648310
vt 0.536325 0.651836
vt 0.535218 0.655494
vt 0.534443 0.659386
vt 0.534050 0.663465
vt 0.534080 0.667672
vt 0.534564 0.671936
vt 0.535515 0.676177
vt 0.536933 0.680312
vt 0.538795 0.684258
vt 0.541066 0.687941
vt 0.543691 0.691297
vt 0.546608 0.694276
vt 0.549746 0.696847
vt 0.553034 0.698995
vt 0.577273 0.647327
vt 0.591319 0.609747
vt 0.565256 0.683314
vt 0.566594 0.683707
vt 0.581480 0.649628
vt 0.580193 0.648765
vt 0.582719 0.650623
vt 0.578863 0.648028
vt 0.585812 0.654110
vt 0.584885 0.652871
vt 0.586643 0.655434
vt 0.583840 0.651691
vt 0.588436 0.659681
vt 0.587951 0.658217
vt 0.588805 0.661173
vt 0.587351 0.656797
vt 0.589202 0.665698
vt 0.589186 0.664187
vt 0.589106 0.667178
vt 0.589054 0.662681
vt 0.588149 0.671550
vt 0.588589 0.670076
vt 0.587601 0.672968
vt 0.588898 0.668656
vt 0.585210 0.677049
vt 0.586113 0.675764
vt 0.584186 0.678275
vt 0.586923 0.674379
vt 0.580669 0.681285
vt 0.581909 0.680393
vt 0.579356 0.682072
vt 0.583097 0.679377
vt 0.575184 0.683703
vt 0.576611 0.683279
vt 0.573740 0.684003
vt 0.578006 0.682734
vt 0.569399 0.684175
vt 0.570843 0.684237
vt 0.567993 0.683998
vt 0.572286 0.684181
vt 0.635120 0.531820
vt 0.696599 0.711901
vt 0.697165 0.708991
vt 0.709089 0.714317
vt 0.671934 0.721528
vt 0.676084 0.712884
vt 0.677013 0.712692
vt 0.686912 0.729506
vt 0.691648 0.719641
vt 0.692402 0.717081
vt 0.662059 0.698108
vt 0.677793 0.702226
vt 0.676238 0.705573
vt 0.659226 0.705445
vt 0.675942 0.708737
vt 0.676267 0.710720
vt 0.678632 0.701200
vt 0.664336 0.690489
vt 0.681459 0.699071
vt 0.696058 0.703906
vt 0.693251 0.700416
vt 0.698555 0.699422
vt 0.688524 0.698152
vt 0.685962 0.697924
vt 0.683545 0.698274
vt 0.682136 0.695169
vt 0.681966 0.698830
vt 0.711149 0.707821
vt 0.712487 0.702943
vt 0.695819 0.713579
vt 0.707626 0.718402
vt 0.694464 0.715394
vt 0.703376 0.728597
vt 0.592084 0.610047
vt 0.577519 0.647424
vt 0.559600 0.702228
vt 0.554017 0.721458
vt 0.548658 0.740526
vt 0.543675 0.758953
vt 0.539220 0.776262
vt 0.535446 0.791975
vt 0.534395 0.805600
vt 0.538240 0.806774
vt 0.544793 0.794717
vt 0.564402 0.797987
vt 0.555138 0.810518
vt 0.554575 0.796756
vt 0.554037 0.810342
vt 0.544670 0.808465
vt 0.574498 0.798424
vt 0.570648 0.812024
vt 0.565787 0.811745
vt 0.594748 0.796788
vt 0.591891 0.811190
vt 0.584581 0.798031
vt 0.586716 0.811702
vt 0.581289 0.812024
vt 0.634009 0.783286
vt 0.627649 0.801922
vt 0.624572 0.787916
vt 0.617602 0.805588
vt 0.614819 0.791727
vt 0.612920 0.807001
vt 0.604841 0.794689
vt 0.603165 0.809373
vt 0.602440 0.809520
vt 0.643189 0.777784
vt 0.646826 0.792272
vt 0.637396 0.797482
vt 0.667772 0.756743
vt 0.668216 0.776421
vt 0.660160 0.764444
vt 0.659894 0.783341
vt 0.651856 0.771547
vt 0.655922 0.786286
vt 0.651430 0.789368
vt 0.674931 0.748172
vt 0.683257 0.760713
vt 0.676008 0.768876
vt 0.698416 0.738397
vt 0.692757 0.747789
vt 0.681244 0.739187
vt 0.689944 0.751935
vt 0.686432 0.756716
vt 0.700718 0.689489
vt 0.714845 0.692137
vt 0.702172 0.679162
vt 0.716412 0.681187
vt 0.716922 0.675326
vt 0.702844 0.668811
vt 0.717184 0.670110
vt 0.702729 0.658246
vt 0.717147 0.658918
vt 0.701809 0.647717
vt 0.716860 0.653857
vt 0.717118 0.658236
vt 0.700064 0.637174
vt 0.715381 0.641094
vt 0.715650 0.642856
vt 0.694094 0.616512
vt 0.710856 0.621280
vt 0.697490 0.626745
vt 0.711685 0.624142
vt 0.713649 0.631991
vt 0.672665 0.579139
vt 0.689350 0.577411
vt 0.679140 0.587798
vt 0.695393 0.586548
vt 0.684949 0.597059
vt 0.700738 0.596102
vt 0.689900 0.606586
vt 0.705379 0.606059
vt 0.707262 0.610740
vt 0.665355 0.570890
vt 0.679611 0.565253
vt 0.682604 0.568711
vt 0.639869 0.550434
vt 0.655422 0.543691
vt 0.648862 0.556464
vt 0.664016 0.550249
vt 0.657525 0.563422
vt 0.672083 0.557440
vt 0.675873 0.561226
vt 0.623457 0.540925
vt 0.630572 0.545284
vt 0.644630 0.536809
vt 0.646303 0.537786
vt 0.625316 0.552054
vt 0.626194 0.548121
vt 0.625558 0.544219
vt 0.619723 0.557856
vt 0.623059 0.555465
vt 0.622569 0.560114
vt 0.607095 0.573343
vt 0.615779 0.558834
vt 0.614044 0.576466
vt 0.550590 0.760982
vt 0.547411 0.778665
vt 0.557827 0.762490
vt 0.555982 0.780451
vt 0.565096 0.763401
vt 0.564592 0.781530
vt 0.572565 0.763724
vt 0.573438 0.781913
vt 0.580024 0.763433
vt 0.582273 0.781568
vt 0.587545 0.762514
vt 0.591182 0.780479
vt 0.595011 0.760961
vt 0.600025 0.778641
vt 0.602392 0.758770
vt 0.608767 0.776045
vt 0.609607 0.755951
vt 0.617313 0.772706
vt 0.616588 0.752526
vt 0.625582 0.768649
vt 0.623379 0.748456
vt 0.633625 0.763828
vt 0.629790 0.743842
vt 0.641219 0.758363
vt 0.635933 0.738588
vt 0.648495 0.752140
vt 0.641564 0.732891
vt 0.655164 0.745393
vt 0.646860 0.726551
vt 0.661437 0.737883
vt 0.651530 0.719904
vt 0.666968 0.730010
vt 0.655722 0.712743
vt 0.665936 0.683141
vt 0.684031 0.686466
vt 0.667011 0.675502
vt 0.685305 0.677417
vt 0.667508 0.667844
vt 0.685893 0.668347
vt 0.667423 0.660029
vt 0.685793 0.659090
vt 0.666743 0.652240
vt 0.684987 0.649865
vt 0.665452 0.644441
vt 0.683458 0.640627
vt 0.663548 0.636726
vt 0.681203 0.631490
vt 0.661035 0.629157
vt 0.678227 0.622524
vt 0.657933 0.621814
vt 0.674553 0.613826
vt 0.654270 0.614766
vt 0.670214 0.605479
vt 0.649973 0.607916
vt 0.665125 0.597365
vt 0.645183 0.601511
vt 0.659451 0.589778
vt 0.639776 0.595409
vt 0.653046 0.582551
vt 0.633983 0.589884
vt 0.646186 0.576007
vt 0.627575 0.584737
vt 0.638595 0.569911
vt 0.620922 0.580276
vt 0.630715 0.564627
vt 0.558168 0.722676
vt 0.554215 0.742156
vt 0.562512 0.723582
vt 0.560030 0.743368
vt 0.566876 0.724129
vt 0.565872 0.744100
vt 0.571359 0.724323
vt 0.571873 0.744360
vt 0.575836 0.724148
vt 0.577867 0.744126
vt 0.580351 0.723596
vt 0.583911 0.743388
vt 0.584833 0.722665
vt 0.589911 0.742140
vt 0.589263 0.721349
vt 0.595842 0.740379
vt 0.593594 0.719657
vt 0.601640 0.738114
vt 0.597784 0.717602
vt 0.607249 0.735362
vt 0.601861 0.715158
vt 0.612706 0.732091
vt 0.605709 0.712389
vt 0.617858 0.728384
vt 0.609396 0.709235
vt 0.622794 0.724162
vt 0.612776 0.705816
vt 0.627319 0.719584
vt 0.615955 0.702010
vt 0.631574 0.714489
vt 0.618758 0.698021
vt 0.635327 0.709148
vt 0.621274 0.693722
vt 0.638696 0.703394
vt 0.623378 0.689342
vt 0.641512 0.697530
vt 0.625078 0.684938
vt 0.643788 0.691634
vt 0.626444 0.680364
vt 0.645617 0.685511
vt 0.627405 0.675953
vt 0.646903 0.679606
vt 0.628051 0.671368
vt 0.647767 0.673468
vt 0.628349 0.666772
vt 0.648166 0.667315
vt 0.628298 0.662081
vt 0.648098 0.661035
vt 0.627889 0.657406
vt 0.647552 0.654776
vt 0.627114 0.652724
vt 0.646514 0.648509
vt 0.625972 0.648094
vt 0.644984 0.642310
vt 0.624463 0.643550
vt 0.642965 0.636227
vt 0.622601 0.639142
vt 0.640472 0.630326
vt 0.620403 0.634912
vt 0.637529 0.624663
vt 0.617823 0.630800
vt 0.634076 0.619158
vt 0.614948 0.626955
vt 0.630227 0.614011
vt 0.611702 0.623293
vt 0.625882 0.609108
vt 0.608225 0.619976
vt 0.621227 0.604669
vt 0.604378 0.616887
vt 0.616077 0.600533
vt 0.600384 0.614209
vt 0.610731 0.596948
vt 0.596255 0.611922
vt 0.605204 0.593886
vt 0.599620 0.591376
vt 0.562333 0.703030
vt 0.565193 0.703626
vt 0.568066 0.703987
vt 0.571017 0.704114
vt 0.573965 0.704000
vt 0.576937 0.703636
vt 0.579887 0.703023
vt 0.582804 0.702157
vt 0.585655 0.701043
vt 0.588413 0.699690
vt 0.591097 0.698081
vt 0.593630 0.696258
vt 0.596057 0.694182
vt 0.598282 0.691931
vt 0.600375 0.689426
vt 0.602220 0.686800
vt 0.603877 0.683970
vt 0.605262 0.681086
vt 0.606381 0.678187
vt 0.607280 0.675176
vt 0.607913 0.672273
vt 0.608338 0.669254
vt 0.608534 0.666228
vt 0.608501 0.663140
vt 0.608232 0.660063
vt 0.607721 0.656981
vt 0.606969 0.653932
vt 0.605976 0.650941
vt 0.604751 0.648040
vt 0.603303 0.645255
vt 0.601605 0.642548
vt 0.599712 0.640017
vt 0.597575 0.637606
vt 0.595286 0.635423
vt 0.592754 0.633389
vt 0.590125 0.631626
vt 0.587406 0.630120
vt 0.584660 0.628886
vt 0.416794 0.797516
vt 0.407279 0.797566
vt 0.404532 0.794647
vt 0.621455 0.525156
vt 0.628612 0.527677
vt 0.625759 0.527602
vt 0.415708 0.794588
vt 0.418454 0.797507
vt 0.399521 0.788090
vt 0.410697 0.788031
vt 0.394621 0.779931
vt 0.405798 0.779872
vt 0.389935 0.770166
vt 0.401110 0.770107
vt 0.385566 0.758852
vt 0.396742 0.758793
vt 0.381621 0.746111
vt 0.392797 0.746052
vt 0.378194 0.732127
vt 0.389370 0.732068
vt 0.375364 0.717144
vt 0.386540 0.717085
vt 0.373188 0.701447
vt 0.384364 0.701388
vt 0.371699 0.685348
vt 0.382875 0.685289
vt 0.370901 0.669161
vt 0.382077 0.669102
vt 0.370774 0.653190
vt 0.381950 0.653131
vt 0.371275 0.637705
vt 0.382451 0.637646
vt 0.372343 0.622933
vt 0.383519 0.622874
vt 0.373907 0.609051
vt 0.385083 0.608993
vt 0.375979 0.595668
vt 0.387155 0.595609
vt 0.378642 0.582461
vt 0.389818 0.582402
vt 0.381909 0.569691
vt 0.393084 0.569632
vt 0.385773 0.557638
vt 0.396949 0.557579
vt 0.390203 0.546584
vt 0.401379 0.546525
vt 0.395144 0.536797
vt 0.406320 0.536738
vt 0.400518 0.528511
vt 0.411694 0.528452
vt 0.406227 0.521910
vt 0.417403 0.521851
vt 0.412158 0.517113
vt 0.423334 0.517054
vt 0.418195 0.514170
vt 0.429371 0.514111
vt 0.424220 0.513058
vt 0.435396 0.513000
vt 0.114976 0.516272
vt 0.099757 0.520502
vt 0.593053 0.519272
vt 0.607639 0.521502
vt 0.433502 0.806188
vt 0.435396 0.806469
vt 0.424071 0.806512
vt 0.639449 0.532378
vt 0.668790 0.551526
vt 0.675256 0.557357
vt 0.681442 0.563666
vt 0.687153 0.570249
vt 0.692514 0.577239
vt 0.697397 0.584467
vt 0.701872 0.592024
vt 0.705853 0.599754
vt 0.709386 0.607727
vt 0.712452 0.615901
vt 0.715036 0.624230
vt 0.720469 0.658324
vt 0.718732 0.641182
vt 0.720272 0.675414
vt 0.714314 0.708538
vt 0.718196 0.692225
vt 0.708947 0.723624
vt 0.705290 0.731713
vt 0.701074 0.739724
vt 0.696478 0.747310
vt 0.691355 0.754714
vt 0.685923 0.761629
vt 0.680018 0.768272
vt 0.673842 0.774422
vt 0.667259 0.780224
vt 0.660441 0.785530
vt 0.653288 0.790425
vt 0.645994 0.794789
vt 0.638449 0.798699
vt 0.630675 0.802143
vt 0.622732 0.805091
vt 0.590067 0.811790
vt 0.606516 0.809461
vt 0.293276 0.529452
vt 0.293168 0.532420
vt 0.293168 0.512999
vt 0.293377 0.513000
vt 0.293377 0.529783
vt 0.293276 0.518707
vt 0.429350 0.804955
vt 0.417745 0.804838
vt 0.428921 0.804779
vt 0.422753 0.801204
vt 0.421250 0.800029
vt 0.425265 0.802899
vt 0.411577 0.801263
vt 0.647133 0.536413
vt 0.654715 0.541027
vt 0.661851 0.546009
vt 0.849941 0.643280
vt 0.853517 0.641401
vt 0.860039 0.658169
vt 0.830378 0.636459
vt 0.833042 0.633223
vt 0.846827 0.645960
vt 0.842127 0.656508
vt 0.842853 0.652858
vt 0.871542 0.644329
vt 0.874382 0.647300
vt 0.877662 0.654527
vt 0.878034 0.658207
vt 0.891693 0.639435
vt 0.893596 0.643106
vt 0.876455 0.650796
vt 0.872939 0.623731
vt 0.876635 0.625350
vt 0.868156 0.642108
vt 0.860892 0.640196
vt 0.864512 0.640739
vt 0.842064 0.657477
vt 0.835932 0.657242
vt 0.890168 0.659341
vt 0.865961 0.658398
vt 1.000000 0.652925
vt 0.999999 0.663741
vt 0.987654 0.663230
vt 0.986778 0.658550
vt 0.986158 0.645763
vt 0.999167 0.642153
vt 0.997781 0.632926
vt 0.984160 0.632664
vt 0.997211 0.630013
vt 0.995380 0.622269
vt 0.980682 0.619467
vt 0.993369 0.615432
vt 0.992184 0.611914
vt 0.975669 0.606419
vt 0.988210 0.601869
vt 0.980589 0.587051
vt 0.981623 0.588826
vt 0.969117 0.593781
vt 0.983466 0.592150
vt 0.987655 0.600628
vt 0.975831 0.579566
vt 0.961083 0.581822
vt 0.971713 0.573837
vt 0.969387 0.570852
vt 0.951686 0.570795
vt 0.962312 0.562690
vt 0.949635 0.550745
vt 0.951779 0.552563
vt 0.941101 0.560923
vt 0.954618 0.555090
vt 0.961330 0.561653
vt 0.943247 0.545743
vt 0.929549 0.552383
vt 0.936870 0.541309
vt 0.934282 0.539654
vt 0.917279 0.545296
vt 0.924904 0.534294
vt 0.909255 0.527320
vt 0.911615 0.528227
vt 0.904556 0.539722
vt 0.915127 0.529669
vt 0.923313 0.533478
vt 0.901307 0.524615
vt 0.891641 0.535663
vt 0.894985 0.522835
vt 0.890831 0.521838
vt 0.878775 0.533067
vt 0.880207 0.519884
vt 0.871017 0.527460
vt 0.869451 0.518756
vt 0.869307 0.526462
vt 0.865655 0.518558
vt 0.866296 0.525596
vt 0.862666 0.525764
vt 0.854809 0.518559
vt 0.861398 0.526135
vt 0.858361 0.527868
vt 0.856953 0.529283
vt 0.853588 0.531871
vt 0.837168 0.520371
vt 0.840350 0.519876
vt 0.840610 0.533223
vt 0.844014 0.519399
vt 0.851625 0.518719
vt 0.829607 0.521851
vt 0.827431 0.536014
vt 0.824037 0.523222
vt 0.819132 0.524633
vt 0.814283 0.540320
vt 0.808937 0.528205
vt 0.799036 0.532559
vt 0.801424 0.546171
vt 0.795644 0.534267
vt 0.780099 0.543694
vt 0.781708 0.542586
vt 0.789121 0.553538
vt 0.786160 0.539687
vt 0.793680 0.535310
vt 0.777196 0.545780
vt 0.777636 0.562330
vt 0.768758 0.552525
vt 0.756049 0.565014
vt 0.758220 0.562645
vt 0.767209 0.572396
vt 0.760856 0.559910
vt 0.767467 0.553654
vt 0.751064 0.570899
vt 0.758038 0.583537
vt 0.747364 0.575731
vt 0.737664 0.590960
vt 0.738891 0.588773
vt 0.750272 0.595512
vt 0.744622 0.579615
vt 0.746062 0.577540
vt 0.733879 0.598358
vt 0.743999 0.608062
vt 0.732298 0.601809
vt 0.725924 0.619302
vt 0.726602 0.617040
vt 0.739248 0.620923
vt 0.728277 0.611967
vt 0.730944 0.604979
vt 0.725082 0.622325
vt 0.735989 0.633843
vt 0.722705 0.632865
vt 0.727413 0.653182
vt 0.720469 0.652934
vt 0.728349 0.649248
vt 0.720797 0.647345
vt 0.730676 0.646012
vt 0.749925 0.648029
vt 0.751537 0.636877
vt 0.721147 0.643570
vt 0.734002 0.643945
vt 0.737827 0.643316
vt 0.741611 0.644205
vt 0.874155 0.531165
vt 0.872522 0.528792
vt 0.876402 0.548749
vt 0.865380 0.547674
vt 0.866350 0.545562
vt 0.868493 0.545026
vt 0.870915 0.543749
vt 0.871920 0.542935
vt 0.855131 0.538464
vt 0.857332 0.542328
vt 0.854376 0.547702
vt 0.855649 0.531353
vt 0.854910 0.533568
vt 0.854715 0.535119
vt 0.860554 0.544693
vt 0.861547 0.545094
vt 0.864485 0.545651
vt 0.973394 0.662648
vt 0.970850 0.658484
vt 0.970307 0.647301
vt 0.968560 0.635846
vt 0.965519 0.624305
vt 0.961135 0.612894
vt 0.955405 0.601843
vt 0.948380 0.591385
vt 0.940162 0.581742
vt 0.930906 0.573108
vt 0.920803 0.565640
vt 0.910074 0.559443
vt 0.898948 0.554569
vt 0.887654 0.551019
vt 0.869187 0.622552
vt 0.865450 0.621798
vt 0.861789 0.621441
vt 0.858133 0.621450
vt 0.880199 0.627409
vt 0.889359 0.635961
vt 0.886630 0.632757
vt 0.883555 0.629890
vt 0.895052 0.646897
vt 0.914090 0.660280
vt 0.896823 0.658252
vt 0.896643 0.654537
vt 0.896062 0.650731
vt 0.934971 0.658359
vt 0.915953 0.658303
vt 0.934605 0.650794
vt 0.915679 0.652657
vt 0.933423 0.643045
vt 0.914797 0.646873
vt 0.931366 0.635238
vt 0.913262 0.641046
vt 0.928400 0.627518
vt 0.911049 0.635285
vt 0.924524 0.620042
vt 0.908156 0.629705
vt 0.919772 0.612968
vt 0.904609 0.624426
vt 0.914213 0.606444
vt 0.900461 0.619557
vt 0.907952 0.600604
vt 0.895788 0.615199
vt 0.901118 0.595552
vt 0.890687 0.611428
vt 0.893859 0.591360
vt 0.885271 0.608299
vt 0.886333 0.588063
vt 0.879654 0.605839
vt 0.878693 0.585662
vt 0.873952 0.604047
vt 0.871082 0.584126
vt 0.868272 0.602901
vt 0.863626 0.583399
vt 0.862707 0.602358
vt 0.856183 0.583418
vt 0.857152 0.602373
vt 0.848505 0.584219
vt 0.851422 0.602970
vt 0.840709 0.585869
vt 0.845604 0.604202
vt 0.832932 0.588417
vt 0.839800 0.606103
vt 0.825325 0.591878
vt 0.834122 0.608686
vt 0.818047 0.596236
vt 0.828691 0.611939
vt 0.811253 0.601437
vt 0.823620 0.615820
vt 0.805085 0.607392
vt 0.819017 0.620264
vt 0.799660 0.613982
vt 0.814968 0.625183
vt 0.795066 0.621066
vt 0.811540 0.630470
vt 0.791355 0.628491
vt 0.808770 0.636011
vt 0.788544 0.636099
vt 0.806673 0.641689
vt 0.786616 0.643743
vt 0.805234 0.647394
vt 0.785526 0.651287
vt 0.804420 0.653025
vt 0.785497 0.655327
vt 0.810638 0.656277
vt 0.844420 0.649246
vt 0.826300 0.643584
vt 0.828122 0.639938
vt 0.823437 0.654779
vt 0.823973 0.651074
vt 0.824919 0.647320
vt 0.857259 0.640392
vt 0.850535 0.622654
vt 0.854364 0.621843
vt 0.836071 0.630299
vt 0.839407 0.627745
vt 0.842981 0.625605
vt 0.846716 0.623905
vt 0.936388 0.661163
vt 0.843027 0.548885
vt 0.831502 0.551325
vt 0.820005 0.555092
vt 0.808760 0.560208
vt 0.798001 0.566651
vt 0.787957 0.574339
vt 0.778839 0.583142
vt 0.770819 0.592884
vt 0.764027 0.603356
vt 0.758542 0.614331
vt 0.754387 0.625579
vt 0.956272 0.661957
vt 0.953424 0.658420
vt 0.952967 0.648994
vt 0.951494 0.639338
vt 0.948931 0.629610
vt 0.945235 0.619992
vt 0.940406 0.610676
vt 0.934484 0.601861
vt 0.927558 0.593733
vt 0.919756 0.586456
vt 0.911240 0.580161
vt 0.902196 0.574937
vt 0.892818 0.570829
vt 0.883298 0.567838
vt 0.873815 0.565924
vt 0.864525 0.565018
vt 0.855249 0.565042
vt 0.845683 0.566039
vt 0.835969 0.568096
vt 0.826278 0.571270
vt 0.816799 0.575583
vt 0.807731 0.581013
vt 0.799265 0.587493
vt 0.791579 0.594913
vt 0.784819 0.603125
vt 0.779095 0.611952
vt 0.774471 0.621203
vt 0.770969 0.630683
vt 0.768567 0.640207
vt 0.767208 0.649607
vt 0.765112 0.654565
vt 0.870230 0.673004
vt 0.866684 0.674896
vt 0.862271 0.694892
vt 0.858627 0.694931
vt 0.859345 0.676154
vt 0.896732 0.700376
vt 0.891712 0.704263
vt 0.880873 0.688493
vt 0.886329 0.707531
vt 0.902490 0.719940
vt 0.854997 0.694610
vt 0.851287 0.693900
vt 0.855754 0.675650
vt 0.847556 0.692772
vt 0.843872 0.691210
vt 0.852126 0.674334
vt 0.840310 0.689213
vt 0.836946 0.686796
vt 0.848737 0.672174
vt 0.833851 0.683991
vt 0.831089 0.680847
vt 0.845871 0.669263
vt 0.842486 0.662114
vt 0.842052 0.658441
vt 0.828712 0.677427
vt 0.826757 0.673800
vt 0.843752 0.665815
vt 0.862444 0.788398
vt 0.864744 0.785224
vt 0.867832 0.784670
vt 0.865098 0.784344
vt 0.865648 0.781425
vt 0.866833 0.768776
vt 0.857452 0.798195
vt 0.855058 0.791115
vt 0.858246 0.790742
vt 0.868288 0.797989
vt 0.853433 0.790923
vt 0.853629 0.798067
vt 0.851130 0.790177
vt 0.846548 0.797552
vt 0.849015 0.788879
vt 0.842876 0.797143
vt 0.847896 0.787844
vt 0.855863 0.768896
vt 0.844935 0.767930
vt 0.845528 0.778389
vt 0.845191 0.780664
vt 0.842791 0.783702
vt 0.845380 0.782944
vt 0.845827 0.784507
vt 0.847562 0.787467
vt 0.720469 0.663773
vt 0.728042 0.657170
vt 0.730111 0.660564
vt 0.721257 0.674140
vt 0.733265 0.662866
vt 0.734453 0.672974
vt 0.722897 0.684859
vt 0.736671 0.686026
vt 0.727100 0.701247
vt 0.725785 0.696924
vt 0.740362 0.699139
vt 0.725358 0.695405
vt 0.723755 0.688973
vt 0.733386 0.717296
vt 0.732640 0.715665
vt 0.745576 0.712066
vt 0.729204 0.707298
vt 0.727834 0.703460
vt 0.738312 0.726910
vt 0.752306 0.724548
vt 0.739881 0.729628
vt 0.760487 0.736323
vt 0.750069 0.744546
vt 0.748758 0.742842
vt 0.746125 0.739251
vt 0.743972 0.736125
vt 0.741030 0.731535
vt 0.752785 0.747909
vt 0.769994 0.747145
vt 0.759141 0.755026
vt 0.772348 0.767172
vt 0.770836 0.765933
vt 0.780650 0.756800
vt 0.767871 0.763399
vt 0.760041 0.755958
vt 0.785146 0.776366
vt 0.783601 0.775369
vt 0.792233 0.765122
vt 0.779331 0.772459
vt 0.776263 0.770221
vt 0.788482 0.778423
vt 0.804494 0.771997
vt 0.797993 0.783617
vt 0.807846 0.788046
vt 0.817174 0.777374
vt 0.812705 0.789904
vt 0.818023 0.791705
vt 0.830018 0.781257
vt 0.821659 0.792802
vt 0.839703 0.796709
vt 0.832192 0.795385
vt 0.826896 0.794195
vt 0.879040 0.796950
vt 0.880756 0.783218
vt 0.897439 0.793179
vt 0.893392 0.794231
vt 0.893862 0.780338
vt 0.889693 0.795081
vt 0.882958 0.796361
vt 0.903895 0.791228
vt 0.906921 0.775955
vt 0.911868 0.788337
vt 0.919677 0.770047
vt 0.923855 0.782908
vt 0.914052 0.787447
vt 0.939434 0.773629
vt 0.936500 0.775591
vt 0.931870 0.762644
vt 0.933289 0.777618
vt 0.925963 0.781808
vt 0.945417 0.769281
vt 0.943241 0.753840
vt 0.951998 0.763901
vt 0.953557 0.743784
vt 0.961498 0.754823
vt 0.953750 0.762352
vt 0.973416 0.740516
vt 0.971011 0.743731
vt 0.962625 0.732676
vt 0.968650 0.746709
vt 0.963397 0.752790
vt 0.977337 0.734825
vt 0.970300 0.720751
vt 0.981897 0.727340
vt 0.976499 0.708265
vt 0.987727 0.715859
vt 0.982907 0.725528
vt 0.993934 0.699416
vt 0.993033 0.702240
vt 0.981194 0.695478
vt 0.991790 0.705835
vt 0.988746 0.713544
vt 0.996054 0.691745
vt 0.984416 0.682636
vt 0.997493 0.685227
vt 0.998234 0.681119
vt 0.986239 0.669962
vt 0.999583 0.670380
vt 0.915715 0.663342
vt 0.896666 0.661568
vt 0.877957 0.659829
vt 0.785212 0.659334
vt 0.749461 0.659924
vt 0.740870 0.663163
vt 0.750194 0.671098
vt 0.737029 0.663772
vt 0.823283 0.658731
vt 0.823526 0.662443
vt 0.824171 0.666236
vt 0.825243 0.670045
vt 0.804186 0.659031
vt 0.785707 0.666893
vt 0.804555 0.664672
vt 0.787019 0.674615
vt 0.805534 0.670436
vt 0.789203 0.682372
vt 0.807164 0.676225
vt 0.792287 0.690020
vt 0.809466 0.681933
vt 0.796268 0.697404
vt 0.812437 0.687443
vt 0.801108 0.704369
vt 0.816049 0.692642
vt 0.806732 0.710771
vt 0.820246 0.697420
vt 0.813035 0.716483
vt 0.824951 0.701683
vt 0.819887 0.721406
vt 0.830064 0.705357
vt 0.827141 0.725473
vt 0.835477 0.708392
vt 0.834642 0.728654
vt 0.841075 0.710766
vt 0.842239 0.730951
vt 0.846746 0.712480
vt 0.849795 0.732397
vt 0.852385 0.713560
vt 0.857188 0.733051
vt 0.857902 0.714048
vt 0.864609 0.732970
vt 0.863440 0.713987
vt 0.872254 0.732111
vt 0.869146 0.713346
vt 0.880007 0.730407
vt 0.877331 0.690644
vt 0.873626 0.692360
vt 0.895278 0.724319
vt 0.887732 0.727814
vt 0.880697 0.710140
vt 0.874932 0.712074
vt 0.869832 0.693633
vt 0.866025 0.694470
vt 0.862965 0.675928
vt 0.909217 0.714732
vt 0.915320 0.708783
vt 0.928891 0.687771
vt 0.925224 0.695157
vt 0.908678 0.685767
vt 0.905290 0.691032
vt 0.889807 0.679788
vt 0.887173 0.683015
vt 0.873312 0.670323
vt 0.934653 0.665111
vt 0.914910 0.668938
vt 0.896137 0.665250
vt 0.895201 0.668981
vt 0.877240 0.663457
vt 0.933574 0.672609
vt 0.931668 0.680206
vt 0.913488 0.674608
vt 0.911415 0.680254
vt 0.893837 0.672696
vt 0.892036 0.676323
vt 0.875692 0.667050
vt 0.884176 0.685936
vt 0.901286 0.695936
vt 0.920684 0.702212
vt 0.970379 0.668464
vt 0.968784 0.679547
vt 0.965967 0.690777
vt 0.961861 0.701960
vt 0.956440 0.712879
vt 0.949728 0.723307
vt 0.941798 0.733021
vt 0.932777 0.741815
vt 0.922833 0.749514
vt 0.912171 0.755988
vt 0.901015 0.761155
vt 0.889596 0.764987
vt 0.878135 0.767506
vt 0.833765 0.765791
vt 0.822533 0.762396
vt 0.811444 0.757694
vt 0.800722 0.751681
vt 0.790592 0.744404
vt 0.781274 0.735960
vt 0.772960 0.726497
vt 0.765806 0.716199
vt 0.759921 0.705284
vt 0.755361 0.693979
vt 0.752133 0.682512
vt 0.953027 0.666832
vt 0.951683 0.676175
vt 0.949308 0.685641
vt 0.945847 0.695067
vt 0.941278 0.704270
vt 0.935620 0.713060
vt 0.928937 0.721248
vt 0.921332 0.728661
vt 0.912951 0.735150
vt 0.903964 0.740607
vt 0.894561 0.744962
vt 0.884936 0.748192
vt 0.875275 0.750315
vt 0.865749 0.751386
vt 0.856502 0.751487
vt 0.847291 0.750673
vt 0.837876 0.748870
vt 0.828409 0.746008
vt 0.819062 0.742045
vt 0.810024 0.736977
vt 0.801486 0.730843
vt 0.793632 0.723726
vt 0.786624 0.715749
vt 0.780594 0.707069
vt 0.775633 0.697869
vt 0.771790 0.688340
vt 0.769069 0.678674
vt 0.767434 0.669053
vt 0.766817 0.659634
vt 0.785074 0.225811
vt 0.783876 0.224180
vt 0.785572 0.223809
vt 0.775580 0.068927
vt 0.777185 0.066171
vt 0.779184 0.066219
vt 0.873916 0.001202
vt 0.876308 0.000897
vt 0.878306 0.000944
vt 0.842237 0.269429
vt 0.846868 0.271295
vt 0.844869 0.271247
vt 0.336951 0.521789
vt 0.330287 0.521775
vt 0.334978 0.519943
vt 0.328465 0.520061
vt 0.333627 0.518814
vt 0.329713 0.516134
vt 0.323339 0.516289
vt 0.325736 0.514274
vt 0.317908 0.513874
vt 0.324572 0.513889
vt 0.887907 0.000050
vt 0.891218 0.000000
vt 0.893217 0.000048
vt 0.312243 0.513000
vt 0.318908 0.513014
vt 0.321703 0.513239
vt 0.323694 0.513645
vt 0.884263 0.000203
vt 0.863685 0.003028
vt 0.863314 0.003621
vt 0.861315 0.003573
vt 0.848533 0.008107
vt 0.853586 0.005681
vt 0.859232 0.004091
vt 0.834265 0.014361
vt 0.832266 0.014313
vt 0.840242 0.010570
vt 0.843636 0.009169
vt 0.846534 0.008060
vt 0.817222 0.023288
vt 0.818795 0.022220
vt 0.820794 0.022268
vt 0.821710 0.020325
vt 0.830790 0.015078
vt 0.801972 0.035515
vt 0.804731 0.033025
vt 0.808375 0.031651
vt 0.806377 0.031604
vt 0.813017 0.026307
vt 0.794480 0.043024
vt 0.797213 0.042283
vt 0.787575 0.051101
vt 0.787455 0.053898
vt 0.784526 0.055104
vt 0.781268 0.059737
vt 0.772423 0.078968
vt 0.767142 0.091888
vt 0.765143 0.091840
vt 0.769116 0.081805
vt 0.770424 0.078920
vt 0.773815 0.072136
vt 0.760351 0.119558
vt 0.758836 0.116379
vt 0.763129 0.105291
vt 0.760992 0.105808
vt 0.763929 0.095428
vt 0.756899 0.138035
vt 0.756957 0.135507
vt 0.758993 0.134512
vt 0.757466 0.127126
vt 0.758201 0.120601
vt 0.759208 0.149926
vt 0.757278 0.150851
vt 0.756893 0.141832
vt 0.761106 0.165532
vt 0.758745 0.163345
vt 0.757420 0.152633
vt 0.763801 0.184433
vt 0.762972 0.181760
vt 0.764740 0.181031
vt 0.760869 0.173951
vt 0.759267 0.166367
vt 0.777088 0.210461
vt 0.775392 0.210952
vt 0.773594 0.207667
vt 0.770095 0.196109
vt 0.768937 0.198023
vt 0.768375 0.196721
vt 0.765005 0.188020
vt 0.778972 0.216936
vt 0.806161 0.246615
vt 0.804399 0.246777
vt 0.801708 0.244345
vt 0.795344 0.235919
vt 0.794244 0.236855
vt 0.793345 0.235871
vt 0.787350 0.228777
vt 0.826004 0.262284
vt 0.818318 0.257498
vt 0.817758 0.255787
vt 0.815939 0.255866
vt 0.809734 0.251233
vt 0.835265 0.267143
vt 0.829869 0.263387
vt 0.359835 0.566716
vt 0.360543 0.569210
vt 0.353879 0.569196
vt 0.336970 0.783492
vt 0.335993 0.784463
vt 0.329549 0.784234
vt 0.881608 0.279414
vt 0.878770 0.279176
vt 0.880986 0.279244
vt 0.853735 0.273694
vt 0.850917 0.273382
vt 0.860948 0.276210
vt 0.866992 0.277157
vt 0.864867 0.277083
vt 0.871183 0.278226
vt 0.312243 0.792749
vt 0.318028 0.791685
vt 0.323764 0.791987
vt 0.319732 0.792717
vt 0.318786 0.792768
vt 0.176758 0.796256
vt 0.893217 0.279738
vt 0.885256 0.279629
vt 0.331765 0.788007
vt 0.330308 0.788991
vt 0.323834 0.788854
vt 0.327777 0.790421
vt 0.324535 0.791752
vt 0.333134 0.786973
vt 0.340690 0.779235
vt 0.335057 0.777876
vt 0.341479 0.778213
vt 0.348927 0.766218
vt 0.340249 0.769899
vt 0.351436 0.761066
vt 0.345031 0.760481
vt 0.352122 0.759543
vt 0.347761 0.768402
vt 0.346658 0.770357
vt 0.344290 0.774207
vt 0.355112 0.752240
vt 0.349326 0.749851
vt 0.355736 0.750565
vt 0.356261 0.726014
vt 0.362707 0.726963
vt 0.353079 0.738271
vt 0.361286 0.732689
vt 0.360455 0.735777
vt 0.359504 0.739108
vt 0.357892 0.744317
vt 0.360898 0.700530
vt 0.367050 0.704122
vt 0.358862 0.713351
vt 0.365403 0.714047
vt 0.363480 0.723573
vt 0.369122 0.687165
vt 0.368809 0.690261
vt 0.362457 0.687151
vt 0.368416 0.693809
vt 0.367563 0.700544
vt 0.369759 0.679723
vt 0.363538 0.672924
vt 0.370120 0.674376
vt 0.364071 0.658025
vt 0.370707 0.659624
vt 0.370553 0.665226
vt 0.370402 0.669005
vt 0.369936 0.627166
vt 0.370054 0.628976
vt 0.363271 0.627151
vt 0.370277 0.632846
vt 0.363995 0.642679
vt 0.370682 0.643625
vt 0.370774 0.654424
vt 0.368543 0.611752
vt 0.368750 0.613624
vt 0.361879 0.611738
vt 0.369230 0.618411
vt 0.369555 0.622105
vt 0.359824 0.596745
vt 0.366679 0.597949
vt 0.368102 0.608040
vt 0.363803 0.582488
vt 0.364199 0.584354
vt 0.357138 0.582473
vt 0.364962 0.588155
vt 0.366488 0.596759
vt 0.361033 0.571005
vt 0.362185 0.575486
vt 0.362949 0.578677
vt 0.357241 0.558471
vt 0.350123 0.557141
vt 0.356787 0.557155
vt 0.354405 0.550764
vt 0.345962 0.546480
vt 0.353283 0.548024
vt 0.350869 0.542640
vt 0.351330 0.543618
vt 0.352627 0.546495
vt 0.348886 0.538685
vt 0.341499 0.537324
vt 0.347594 0.536311
vt 0.336835 0.529718
vt 0.344141 0.530674
vt 0.332068 0.523650
vt 0.340685 0.525958
s 1
f 4/1/1 1/3/3 2/2/2
f 1/3/3 6/4/4 2/2/2
f 5/5/5 3/6/6 1/3/3
f 1/3/3 3/6/6 6/4/4
f 7/7/7 1/3/3 4/1/1
f 7/7/7 5/5/5 1/3/3
f 8/8/8 7/7/7 4/1/1
f 8/8/8 4/1/1 9/9/9
f 10/10/10 8/8/8 9/9/9
f 11/11/11 10/10/10 9/9/9
f 12/12/12 11/14/11 13/13/13
f 11/11/11 9/9/9 13/15/13
f 12/12/12 13/13/13 14/16/14
f 15/17/15 12/12/12 14/16/14
f 16/18/16 18/19/17 15/17/15
f 16/18/16 15/17/15 17/20/18
f 18/19/17 12/12/12 15/17/15
f 19/21/19 16/18/16 17/20/18
f 16/18/16 19/21/19 20/22/20
f 22/23/21 20/22/20 21/24/22
f 22/23/21 16/18/16 20/22/20
f 22/23/21 24/26/24 23/25/23
f 24/26/24 22/23/21 21/24/22
f 24/26/24 25/28/26 26/27/25
f 24/26/24 26/27/25 23/25/23
f 25/28/26 27/29/27 26/27/25
f 25/28/26 28/30/28 27/29/27
f 29/31/29 28/30/28 25/28/26
f 29/31/29 25/28/26 30/32/30
f 31/33/31 29/31/29 30/32/30
f 32/34/32 31/33/31 30/32/30
f 33/35/33 32/34/32 34/36/34
f 32/34/32 30/32/30 34/36/34
f 33/35/33 34/36/34 35/37/35
f 36/38/36 33/35/33 35/37/35
f 38/39/37 36/38/36 37/40/38
f 38/39/37 33/35/33 36/38/36
f 39/41/39 38/39/37 37/40/38
f 40/42/40 39/41/39 37/40/38
f 41/43/41 40/42/40 42/44/42
f 40/42/40 41/43/41 43/45/43
f 40/42/40 37/40/38 42/44/42
f 43/45/43 41/43/41 44/46/44
f 41/43/41 46/47/45 44/46/44
f 44/46/44 45/49/46 47/48/46
f 45/49/46 44/46/44 46/47/45
f 45/49/46 48/50/47 47/48/46
f 49/51/48 50/52/49 48/50/47
f 45/49/46 49/51/48 48/50/47
f 49/51/48 52/53/50 50/52/49
f 50/52/49 53/55/52 51/54/51
f 52/53/50 53/55/52 50/52/49
f 53/55/52 54/56/53 51/54/51
f 53/55/52 55/57/54 54/56/53
f 54/56/53 55/57/54 56/58/55
f 55/57/54 57/59/56 56/58/55
f 55/57/54 58/60/57 57/59/56
f 57/59/56 58/60/57 59/61/58
f 58/60/57 60/62/59 59/61/58
f 58/60/57 61/63/60 60/62/59
f 61/63/60 62/64/61 60/62/59
f 61/63/60 63/65/62 62/64/61
f 63/65/62 64/66/63 62/64/61
f 63/65/62 65/67/64 64/66/63
f 65/67/64 66/68/65 64/66/63
f 65/67/64 67/69/66 66/68/65
f 67/69/66 68/70/67 66/68/65
f 68/70/67 69/71/68 66/68/65
f 68/70/67 70/72/69 69/71/68
f 70/72/69 71/73/70 69/71/68
f 70/72/69 72/74/71 71/73/70
f 72/74/71 73/75/72 71/73/70
f 73/75/72 75/77/74 74/76/73
f 73/75/72 74/76/73 71/73/70
f 75/77/74 76/78/75 74/76/73
f 75/77/74 77/79/76 76/78/75
f 77/79/76 78/81/78 80/80/77
f 76/78/75 77/79/76 79/82/79
f 77/79/76 80/80/77 79/82/79
f 81/83/80 80/80/77 78/81/78
f 82/84/81 81/83/80 78/81/78
f 82/84/81 78/81/78 83/85/82
f 84/86/83 82/88/81 83/87/82
f 84/89/83 83/85/82 85/90/84
f 86/91/85 84/93/83 85/92/84
f 86/91/85 85/92/84 88/94/86
f 87/95/87 86/91/85 88/94/86
f 89/96/88 88/94/86 85/92/84
f 89/96/88 94/97/89 88/94/86
f 90/98/90 93/99/91 88/94/86
f 94/97/89 90/98/90 88/94/86
f 87/95/87 88/94/86 91/100/92
f 88/94/86 92/101/93 91/100/92
f 93/99/91 92/101/93 88/94/86
f 94/97/89 95/102/94 90/98/90
f 95/102/94 94/97/89 96/103/95
f 94/97/89 97/104/96 96/103/95
f 94/97/89 89/96/88 97/104/96
f 93/99/91 98/105/97 92/101/93
f 98/105/97 93/99/91 99/106/98
f 98/105/97 99/106/98 100/107/99
f 102/108/100 100/107/99 101/109/101
f 102/108/100 98/105/97 100/107/99
f 103/110/102 106/111/103 102/108/100
f 103/110/102 102/108/100 101/109/101
f 102/108/100 105/113/105 104/112/104
f 98/105/97 102/108/100 104/112/104
f 102/108/100 107/114/106 105/113/105
f 106/111/103 107/114/106 102/108/100
f 106/111/103 108/115/107 107/114/106
f 107/114/106 108/115/107 109/116/108
f 107/114/106 109/116/108 105/113/105
f 115/117/109 110/118/110 109/116/108
f 105/113/105 109/116/108 110/118/110
f 111/119/111 114/120/112 109/116/108
f 112/121/113 111/119/111 109/116/108
f 108/115/107 112/121/113 109/116/108
f 113/122/114 109/116/108 114/120/112
f 115/117/109 109/116/108 113/122/114
f 110/118/110 115/117/109 116/123/115
f 115/117/109 117/124/116 116/123/115
f 117/124/116 115/117/109 113/122/114
f 117/124/116 118/125/117 116/123/115
f 117/124/116 119/126/118 118/125/117
f 119/126/118 117/124/116 120/127/119
f 117/124/116 113/122/114 120/127/119
f 120/127/119 113/122/114 121/128/120
f 120/127/119 121/128/120 122/129/121
f 123/130/122 120/127/119 122/129/121
f 119/126/118 120/127/119 123/130/122
f 123/130/122 129/132/124 124/131/123
f 125/133/125 123/130/122 124/131/123
f 125/133/125 119/126/118 123/130/122
f 126/134/126 123/130/122 127/135/127
f 123/130/122 126/134/126 128/136/128
f 123/130/122 122/129/121 127/135/127
f 123/130/122 128/136/128 129/132/124
f 129/132/124 130/137/129 124/131/123
f 128/136/128 131/138/130 129/132/124
f 131/138/130 130/137/129 129/132/124
f 132/139/131 133/140/132 131/138/130
f 134/141/133 132/139/131 131/138/130
f 131/138/130 133/140/132 130/137/129
f 134/141/133 131/138/130 128/136/128
f 136/142/134 134/141/133 126/134/126
f 126/134/126 134/141/133 128/136/128
f 135/143/135 132/139/131 134/141/133
f 136/142/134 135/143/135 134/141/133
f 137/144/136 136/142/134 126/134/126
f 138/145/137 136/142/134 137/144/136
f 138/145/137 139/146/138 136/142/134
f 139/146/138 135/143/135 136/142/134
f 139/146/138 138/145/137 140/147/139
f 139/146/138 140/147/139 141/148/140
f 135/143/135 139/146/138 141/148/140
f 135/143/135 141/148/140 142/149/141
f 142/149/141 141/148/140 144/150/142
f 141/148/140 140/147/139 143/151/143
f 141/148/140 143/151/143 144/150/142
f 145/152/144 142/149/141 144/150/142
f 146/153/145 145/152/144 144/150/142
f 146/153/145 144/150/142 147/154/146
f 144/150/142 148/155/147 147/154/146
f 144/150/142 143/151/143 148/155/147
f 148/155/147 149/156/148 147/154/146
f 143/151/143 149/156/148 148/155/147
f 149/156/148 143/151/143 150/157/149
f 149/156/148 150/157/149 151/158/150
f 149/156/148 151/158/150 147/154/146
f 147/154/146 151/158/150 152/159/151
f 155/160/152 152/159/151 151/158/152
f 150/157/149 153/161/153 151/158/150
s 0
f 154/162/152 151/158/152 153/161/152
f 154/162/152 155/160/152 151/158/152
s 1
f 155/160/152 156/163/152 152/159/151
f 156/163/152 157/165/152 158/164/154
f 156/163/152 158/164/154 152/159/151
f 157/165/152 159/166/155 158/164/154
f 159/166/155 160/167/156 158/164/154
f 158/164/154 160/167/156 152/159/151
f 160/167/156 146/153/145 147/154/146
f 146/153/145 160/167/156 162/168/157
f 160/167/156 147/154/146 152/159/151
f 160/167/156 159/166/155 161/169/158
f 160/167/156 161/169/158 162/168/157
f 163/170/159 167/171/160 162/168/157
f 164/172/161 163/170/159 162/168/157
f 164/172/161 162/168/157 166/173/162
f 165/174/163 166/173/162 162/168/157
f 165/174/163 162/168/157 161/169/158
f 146/153/145 162/168/157 167/171/160
f 163/170/159 168/175/164 167/171/160
f 168/175/164 145/152/144 167/171/160
f 145/152/144 146/153/145 167/171/160
f 169/176/165 172/177/166 168/175/164
f 170/178/167 169/176/165 168/175/164
f 170/178/167 168/175/164 171/179/168
f 168/175/164 163/170/159 171/179/168
f 168/175/164 172/177/166 145/152/144
f 169/176/165 174/180/169 172/177/166
f 145/152/144 172/177/166 142/149/141
f 172/177/166 176/181/170 142/149/141
f 172/177/166 174/180/169 173/182/171
f 172/177/166 173/182/171 175/183/172
f 176/181/170 172/177/166 175/183/172
f 175/183/172 135/143/135 176/181/170
f 176/181/170 135/143/135 142/149/141
f 135/143/135 175/183/172 132/139/131
f 175/183/172 173/182/171 132/139/131
f 133/140/132 174/180/169 177/184/173
f 173/182/171 174/180/169 133/140/132
f 174/180/169 178/185/174 177/184/173
f 178/185/174 174/180/169 179/186/175
f 174/180/169 169/176/165 179/186/175
f 179/186/175 169/176/165 181/187/176
f 178/185/174 179/186/175 182/188/177
f 179/186/175 181/187/176 180/189/178
f 182/188/177 179/186/175 180/189/178
f 183/190/179 182/188/177 184/191/180
f 183/190/179 178/185/174 182/188/177
f 182/188/177 180/189/178 184/191/180
f 185/192/181 186/193/182 184/191/180
f 185/192/181 184/191/180 187/194/183
f 186/193/182 183/190/179 184/191/180
f 187/194/183 184/191/180 188/195/184
f 189/196/185 188/195/184 184/191/180
f 180/189/178 189/196/185 184/191/180
f 190/197/186 189/196/185 191/198/187
f 194/199/188 189/196/185 190/197/186
f 189/196/185 192/200/189 191/198/187
f 189/196/185 180/189/178 192/200/189
f 189/196/185 193/201/190 188/195/184
f 194/199/188 193/201/190 189/196/185
f 191/198/187 192/200/189 195/202/191
f 197/203/192 195/202/191 192/200/189
f 180/189/178 196/204/193 192/200/189
f 198/205/194 192/200/189 196/204/193
f 198/205/194 197/203/192 192/200/189
f 198/205/194 199/207/196 201/206/195
f 199/207/196 198/205/194 196/204/193
f 198/205/194 201/206/195 200/208/197
f 197/203/192 198/205/194 200/208/197
f 199/207/196 202/209/198 201/206/195
f 203/210/199 200/208/197 201/206/195
f 202/209/198 203/210/199 201/206/195
f 202/209/198 207/211/200 203/210/199
f 205/212/201 204/213/202 203/210/199
f 203/210/199 204/213/202 200/208/197
f 206/214/203 205/212/201 203/210/199
f 207/211/200 206/214/203 203/210/199
f 207/211/200 210/215/204 206/214/203
f 209/216/205 207/211/200 202/209/198
f 208/217/206 210/215/204 207/211/200
f 209/216/205 208/217/206 207/211/200
f 210/215/204 212/218/207 206/214/203
f 208/217/206 213/219/208 210/215/204
f 210/215/204 211/220/209 212/218/207
f 213/219/208 211/220/209 210/215/204
f 213/219/208 214/221/210 211/220/209
f 214/221/210 213/219/208 215/222/211
f 216/223/212 215/222/211 213/219/208
f 208/217/206 216/223/212 213/219/208
f 218/224/213 216/223/212 208/217/206
f 216/223/212 219/226/215 217/225/214
f 221/227/216 216/223/212 217/225/214
f 216/223/212 218/224/213 219/226/215
f 216/223/212 220/228/217 215/222/211
f 220/228/217 216/223/212 221/227/216
f 222/229/152 220/228/217 221/227/216
f 221/227/216 217/225/214 222/229/152
f 222/229/152 223/230/152 220/228/217
f 217/225/214 224/231/152 222/229/152
f 225/232/218 226/233/152 224/231/152
f 217/225/214 225/232/218 224/231/152
f 226/233/152 227/234/219 166/173/162
f 228/235/152 226/233/152 166/173/162
f 226/233/152 225/232/218 227/234/219
f 228/235/152 166/173/162 165/174/163
f 229/236/152 228/235/152 165/174/163
f 229/236/152 165/174/163 161/169/158
f 230/237/152 229/236/152 161/169/158
f 157/165/152 230/237/152 159/166/155
f 230/237/152 161/169/158 159/166/155
f 227/234/219 164/172/161 166/173/162
f 227/234/219 225/232/218 164/172/161
f 225/232/218 217/225/214 219/226/215
f 225/232/218 219/226/215 164/172/161
f 223/230/152 231/238/152 215/222/211
f 223/230/152 215/222/211 220/228/217
f 231/238/152 232/239/152 214/221/210
f 231/238/152 214/221/210 215/222/211
f 232/239/152 234/241/152 233/240/220
f 232/239/152 233/240/220 214/221/210
f 234/241/152 235/242/221 233/240/220
f 234/241/152 236/243/152 235/242/221
f 236/243/152 237/244/222 235/242/221
f 236/243/152 239/245/223 237/244/222
f 239/245/223 236/243/152 238/246/152
f 239/245/223 242/248/225 240/247/224
f 241/249/226 239/245/223 240/247/224
f 237/244/222 239/245/223 241/249/226
f 239/245/223 243/250/227 242/248/225
f 243/250/227 239/245/223 238/246/152
f 243/250/227 246/251/228 242/248/225
f 243/250/227 238/246/152 244/252/152
f 245/253/152 243/250/227 244/252/152
f 246/251/228 243/250/227 245/253/152
f 246/254/228 248/256/230 247/255/229
f 246/254/228 247/255/229 242/257/225
f 248/258/152 246/251/228 249/259/152
f 246/251/228 245/253/152 249/259/152
s 0
f 248/258/152 249/259/152 250/260/152
f 251/261/152 248/258/152 250/260/152
f 251/261/152 250/260/152 252/262/152
f 253/263/231 251/261/231 252/262/231
f 253/263/152 252/262/152 254/264/152
f 256/265/152 253/263/152 254/264/152
f 255/266/152 256/265/152 254/264/152
f 256/265/152 255/266/152 257/267/152
s 1
f 258/268/232 256/270/234 257/269/233
f 253/271/235 256/270/234 259/272/236
f 258/268/232 259/272/236 256/270/234
f 260/273/237 261/274/238 259/272/236
f 260/273/237 259/272/236 258/268/232
f 251/275/239 259/272/236 261/274/238
f 251/275/239 253/271/235 259/272/236
f 260/273/237 262/276/240 261/274/238
f 262/276/240 263/277/241 261/274/238
f 247/255/229 261/274/238 263/277/241
f 248/256/230 261/274/238 247/255/229
f 248/256/230 251/275/239 261/274/238
f 262/276/240 264/278/242 263/277/241
f 264/278/242 247/255/229 263/277/241
f 265/279/243 264/278/242 262/276/240
f 265/279/243 266/280/244 264/278/242
f 240/281/224 264/278/242 266/280/244
f 242/257/225 247/255/229 264/278/242
f 240/281/224 242/257/225 264/278/242
f 267/282/245 268/283/246 266/280/244
f 267/282/245 266/280/244 265/279/243
f 269/284/247 266/280/244 268/283/246
f 269/284/247 240/281/224 266/280/244
f 269/285/247 270/286/248 205/212/201
f 270/287/248 269/284/247 268/283/246
f 271/288/249 269/285/247 205/212/201
f 269/285/247 271/288/249 240/247/224
f 241/249/226 240/247/224 271/288/249
f 211/220/209 241/249/226 271/288/249
f 271/288/249 205/212/201 206/214/203
f 211/220/209 271/288/249 212/218/207
f 212/218/207 271/288/249 206/214/203
f 270/286/248 272/289/250 205/212/201
f 270/287/248 274/291/251 272/290/250
f 270/287/248 268/283/246 273/292/252
f 274/291/251 270/287/248 273/292/252
f 272/290/250 274/291/251 275/293/253
f 273/292/252 275/293/253 274/291/251
f 278/294/254 272/290/250 275/293/253
f 275/293/253 273/292/252 267/282/245
f 278/294/254 275/293/253 276/295/255
f 276/295/255 275/293/253 277/296/256
f 275/293/253 267/282/245 277/296/256
f 279/297/257 272/290/250 278/294/254
f 281/298/258 279/300/257 278/299/254
f 281/301/258 278/294/254 280/302/259
f 280/302/259 278/294/254 276/295/255
f 282/303/260 283/304/261 281/298/258
f 282/305/260 281/301/258 284/306/262
f 283/304/261 279/300/257 281/298/258
f 284/306/262 281/301/258 280/302/259
f 284/306/262 280/302/259 285/307/263
f 286/308/264 284/306/262 285/307/263
f 287/309/265 284/306/262 286/308/264
f 287/310/265 282/303/260 284/311/262
f 288/312/266 289/313/267 287/309/265
f 288/312/266 287/309/265 286/308/264
f 282/303/260 287/310/265 292/314/268
f 289/313/267 290/315/269 287/309/265
f 287/309/265 290/315/269 291/316/270
f 287/310/265 291/317/270 292/314/268
f 293/318/271 294/319/272 292/314/268
f 291/320/270 293/322/271 292/321/268
f 282/303/260 292/314/268 294/319/272
f 293/318/271 295/323/273 294/319/272
f 296/324/274 294/319/272 295/323/273
f 296/324/274 282/303/260 294/319/272
f 297/325/275 299/326/276 296/324/274
f 297/325/275 296/324/274 298/327/277
f 298/327/277 296/324/274 295/323/273
f 299/326/276 300/328/278 296/324/274
f 282/303/260 296/324/274 283/304/261
f 296/324/274 300/328/278 283/304/261
f 300/328/278 303/330/280 301/329/279
f 283/304/261 300/328/278 301/329/279
f 300/328/278 302/331/281 303/330/280
f 299/326/276 302/331/281 300/328/278
f 204/213/202 301/329/279 303/330/280
f 204/213/202 303/330/280 200/208/197
f 302/331/281 200/208/197 303/330/280
f 302/331/281 299/326/276 200/208/197
f 279/300/257 301/329/279 304/332/282
f 301/329/279 204/213/202 304/332/282
f 279/300/257 283/304/261 301/329/279
f 205/212/201 304/332/282 204/213/202
f 272/289/250 304/332/282 205/212/201
f 272/289/250 279/300/257 304/332/282
f 299/326/276 297/325/275 307/333/283
f 299/326/276 305/335/285 306/334/284
f 305/335/285 299/326/276 308/336/286
f 299/326/276 306/334/284 200/208/197
f 299/326/276 307/333/283 309/337/287
f 299/326/276 309/337/287 308/336/286
f 310/338/288 197/203/192 306/334/284
f 310/338/288 306/334/284 305/335/285
f 197/203/192 200/208/197 306/334/284
f 197/203/192 310/338/288 311/339/289
f 312/340/290 197/203/192 311/339/289
f 197/203/192 312/340/290 195/202/191
f 289/313/267 313/341/291 290/315/269
f 313/341/291 289/313/267 316/342/292
f 314/343/293 313/341/291 315/344/294
f 313/341/291 316/342/292 315/344/294
f 316/342/292 318/346/296 317/345/295
f 315/344/294 316/342/292 317/345/295
f 316/342/292 320/347/297 318/346/296
f 316/342/292 319/349/299 322/348/298
f 289/313/267 319/349/299 316/342/292
f 320/347/297 316/342/292 321/350/300
f 316/342/292 322/348/298 321/350/300
f 322/348/298 319/349/299 324/351/301
f 321/350/300 322/348/298 323/352/302
f 322/348/298 324/351/301 323/352/302
f 323/352/302 324/351/301 325/353/303
f 324/351/301 327/354/304 325/353/303
f 324/351/301 286/308/264 285/307/263
f 326/355/305 324/351/301 285/307/263
f 319/349/299 286/308/264 324/351/301
f 324/351/301 326/355/305 327/354/304
f 326/355/305 276/295/255 327/354/304
f 276/295/255 277/296/256 327/354/304
f 329/356/306 327/354/304 277/296/256
f 327/354/304 328/357/307 325/353/303
f 328/357/307 327/354/304 329/356/306
f 329/356/306 277/296/256 332/358/308
f 330/359/309 329/356/306 332/358/308
f 330/359/309 331/360/310 329/356/306
f 331/360/310 328/357/307 329/356/306
f 332/358/308 277/296/256 334/361/311
f 330/359/309 332/358/308 333/362/312
f 332/358/308 334/361/311 333/362/312
f 277/296/256 265/279/243 334/361/311
f 333/362/312 334/361/311 335/363/313
f 334/361/311 262/276/240 335/363/313
f 334/361/311 265/279/243 262/276/240
f 333/362/312 335/363/313 336/364/314
f 335/363/313 337/365/315 336/364/314
f 335/363/313 262/276/240 337/365/315
f 338/366/316 336/364/314 337/365/315
f 338/366/316 337/365/315 340/367/317
f 262/276/240 339/368/318 337/365/315
f 339/368/318 341/369/319 337/365/315
f 341/369/319 340/367/317 337/365/315
f 339/368/318 260/273/237 341/369/319
f 260/273/237 258/268/232 341/369/319
f 341/369/319 258/268/232 344/370/320
f 341/369/319 342/371/321 340/367/317
f 342/371/321 341/369/319 343/372/322
f 341/369/319 344/370/320 343/372/322
f 343/372/322 344/370/320 345/373/323
f 344/370/320 346/374/324 345/373/323
f 344/370/320 258/268/232 346/374/324
s 0
f 347/375/152 345/377/152 346/376/152
f 255/266/152 346/376/152 257/267/152
s 1
f 346/374/324 258/268/232 257/269/233
s 0
f 255/266/152 347/375/152 346/376/152
f 347/375/152 348/378/152 345/377/152
f 348/378/152 350/380/152 349/379/152
f 348/378/152 349/379/152 345/377/152
f 350/380/152 352/381/152 349/379/152
s 1
f 350/380/152 351/382/325 352/381/152
f 350/380/152 353/383/152 351/382/325
f 353/383/152 354/385/152 355/384/326
f 353/383/152 355/384/326 351/382/325
f 356/386/327 351/382/325 355/384/326
s 0
f 357/387/328 356/389/328 355/388/328
s 1
f 357/390/329 355/384/326 358/391/330
f 354/385/152 358/391/330 355/384/326
f 358/392/331 359/394/333 357/393/332
f 363/395/334 359/394/333 358/392/331
s 0
f 354/385/152 360/396/152 358/391/330
f 360/396/231 361/397/231 358/391/330
f 361/397/152 362/398/152 358/391/335
s 1
f 362/399/336 363/395/334 358/392/331
f 365/400/337 363/395/334 364/401/338
f 364/401/338 363/395/334 362/399/336
f 365/400/337 366/402/339 363/395/334
f 366/402/339 367/403/340 363/395/334
f 363/395/334 367/403/340 359/394/333
f 366/402/339 368/404/341 367/403/340
f 368/404/341 372/405/342 367/403/340
f 367/403/340 369/407/344 371/406/343
f 372/405/342 369/407/344 367/403/340
f 367/403/340 371/406/343 370/408/345
f 359/394/333 367/403/340 370/408/345
f 368/404/341 373/409/346 372/405/342
f 373/409/346 374/410/347 372/405/342
f 375/411/348 372/405/342 374/410/347
f 372/405/342 375/411/348 369/407/344
f 376/412/349 375/411/348 374/410/347
f 375/411/348 376/412/349 369/407/344
f 376/412/349 374/410/347 377/413/350
f 378/414/351 376/412/349 377/413/350
f 376/412/349 378/414/351 379/415/352
f 376/412/349 379/415/352 369/407/344
f 379/415/352 338/366/316 340/367/317
f 378/414/351 338/366/316 379/415/352
f 369/407/344 379/415/352 380/416/353
f 379/415/352 340/367/317 380/416/353
f 342/371/321 371/406/343 380/416/353
f 342/371/321 380/416/353 340/367/317
f 369/407/344 380/416/353 371/406/343
f 378/414/351 381/417/354 338/366/316
f 384/418/355 381/417/354 378/414/351
f 382/419/356 378/414/351 383/420/357
f 384/418/355 378/414/351 382/419/356
f 378/414/351 377/413/350 383/420/357
f 385/421/358 384/418/355 388/422/359
f 385/421/358 386/423/360 384/418/355
f 386/423/360 381/417/354 384/418/355
f 384/418/355 387/425/362 389/424/361
f 387/425/362 384/418/355 382/419/356
f 384/418/355 389/424/361 388/422/359
f 331/360/310 385/421/358 388/422/359
f 391/426/363 331/360/310 388/422/359
f 391/426/363 388/422/359 390/427/364
f 331/360/310 391/426/363 328/357/307
f 391/426/363 396/428/365 328/357/307
f 391/426/363 392/429/366 396/428/365
f 392/429/366 391/426/363 393/430/367
f 391/426/363 394/431/368 393/430/367
f 391/426/363 395/432/369 394/431/368
f 395/432/369 391/426/363 390/427/364
f 396/428/365 399/434/371 397/433/370
f 328/357/307 396/428/365 397/433/370
f 396/428/365 398/435/372 399/434/371
f 392/429/366 398/435/372 396/428/365
f 400/436/373 402/437/374 399/434/371
f 400/436/373 399/434/371 401/438/375
f 401/438/375 399/434/371 404/439/376
f 402/437/374 403/440/377 399/434/371
f 403/440/377 397/433/370 399/434/371
f 399/434/371 405/441/378 404/439/376
f 398/435/372 405/441/378 399/434/371
f 398/435/372 392/429/366 405/441/378
f 401/438/375 404/439/376 406/442/379
f 406/442/379 407/443/380 401/438/375
f 407/443/380 408/444/381 400/436/373
f 407/443/380 400/436/373 401/438/375
f 408/444/381 409/445/382 400/436/373
f 411/446/383 409/445/382 410/447/384
f 409/445/382 411/446/383 402/437/374
f 409/445/382 402/437/374 400/436/373
f 411/446/383 413/449/386 412/448/385
f 411/446/383 412/448/385 402/437/374
f 413/449/386 411/446/383 410/447/384
f 413/449/386 414/450/387 412/448/385
f 413/449/386 415/451/388 414/450/387
f 414/450/387 415/451/388 416/452/389
f 414/450/387 416/452/389 417/453/390
f 418/454/391 414/450/387 417/453/390
f 418/454/391 417/453/390 419/455/392
f 418/454/391 419/455/392 420/456/393
f 420/456/393 419/455/392 421/457/394
f 422/458/395 420/456/393 421/457/394
f 422/458/395 421/457/394 423/459/396
f 421/457/394 424/460/397 423/459/396
f 423/459/396 424/460/397 425/461/398
f 423/459/396 425/461/398 426/462/399
s 0
f 427/463/400 423/465/400 426/464/400
s 1
f 3/6/6 422/458/395 427/466/401
f 3/6/6 427/466/401 428/467/402
f 422/458/395 423/459/396 427/466/401
f 6/4/4 3/6/6 428/467/402
f 429/468/403 430/469/404 422/458/395
f 429/468/403 422/458/395 3/6/6
f 430/469/404 431/470/405 422/458/395
f 431/470/405 420/456/393 422/458/395
f 431/470/405 432/471/406 420/456/393
f 432/471/406 433/472/407 420/456/393
f 433/472/407 434/473/408 420/456/393
f 433/472/407 435/474/409 434/473/408
f 435/474/409 436/475/410 434/473/408
f 436/475/410 437/476/411 434/473/408
f 436/475/410 438/477/412 437/476/411
f 439/478/413 440/479/414 438/477/412
f 439/478/413 438/477/412 441/480/415
f 440/479/414 437/476/411 438/477/412
f 442/481/416 439/478/413 441/480/415
f 317/345/295 442/481/416 443/482/417
f 442/481/416 317/345/295 439/478/413
f 444/483/418 317/345/295 443/482/417
f 445/484/419 315/344/294 444/483/418
f 315/344/294 317/345/295 444/483/418
f 314/343/293 315/344/294 445/484/419
f 317/345/295 440/479/414 439/478/413
f 320/347/297 440/479/414 318/346/296
f 317/345/295 318/346/296 440/479/414
f 440/479/414 446/485/420 437/476/411
f 320/347/297 446/485/420 440/479/414
f 412/448/385 446/485/420 402/437/374
f 320/347/297 402/437/374 446/485/420
f 446/485/420 412/448/385 437/476/411
f 412/448/385 434/473/408 437/476/411
f 414/450/387 420/456/393 434/473/408
f 412/448/385 414/450/387 434/473/408
f 447/486/421 429/468/403 3/6/6
f 5/5/5 447/486/421 3/6/6
f 414/450/387 418/454/391 420/456/393
f 403/440/377 323/352/302 397/433/370
f 320/347/297 323/352/302 403/440/377
f 402/437/374 320/347/297 403/440/377
f 323/352/302 325/353/303 397/433/370
f 328/357/307 397/433/370 325/353/303
f 331/360/310 386/423/360 385/421/358
f 449/487/422 386/423/360 331/360/310
f 386/423/360 449/487/422 448/488/423
f 381/417/354 386/423/360 448/488/423
f 449/487/422 331/360/310 330/359/309
f 449/487/422 330/359/309 336/364/314
f 449/487/422 336/364/314 448/488/423
f 336/364/314 338/366/316 448/488/423
f 381/417/354 448/488/423 338/366/316
f 373/409/346 450/489/424 374/410/347
f 451/490/425 450/489/424 373/409/346
f 451/490/425 373/409/346 452/491/426
f 453/492/427 451/490/425 452/491/426
f 453/492/427 452/491/426 454/493/428
f 455/494/429 453/492/427 454/493/428
f 456/495/430 455/494/429 457/496/431
f 455/494/429 454/493/428 457/496/431
f 459/497/432 458/498/433 457/496/431
f 456/495/430 457/496/431 458/498/433
f 365/400/337 459/497/432 457/496/431
f 365/400/337 457/496/431 454/493/428
f 459/497/432 364/401/338 460/499/434
f 461/500/435 459/497/432 460/499/434
f 459/497/432 365/400/337 364/401/338
f 459/497/432 461/500/435 458/498/433
f 461/500/435 460/499/434 462/501/436
f 464/502/437 461/500/435 462/501/436
f 461/500/435 464/502/437 463/503/438
f 461/500/435 463/503/438 458/498/433
f 464/502/437 467/505/440 465/504/439
f 464/502/437 465/504/439 463/503/438
f 464/502/437 462/501/436 466/506/441
f 467/505/440 464/502/437 466/506/441
f 467/505/440 466/506/441 468/507/442
f 469/508/443 467/505/440 468/507/442
f 467/505/440 470/509/444 465/504/439
f 467/505/440 469/508/443 470/509/444
f 469/508/443 471/510/445 470/509/444
f 472/511/446 470/509/444 471/510/445
f 472/511/446 474/512/447 470/509/444
f 473/513/448 465/504/439 470/509/444
f 474/512/447 473/513/448 470/509/444
f 473/513/448 475/514/449 465/504/439
f 475/514/449 463/503/438 465/504/439
f 475/514/449 476/515/450 463/503/438
f 476/515/450 458/498/433 463/503/438
f 476/515/450 456/495/430 458/498/433
f 477/516/451 472/511/446 471/510/445
f 478/517/452 477/516/451 479/518/453
f 477/516/451 471/510/445 479/518/453
f 478/517/452 479/518/453 482/519/454
f 481/520/455 479/518/453 471/510/445
f 480/521/456 482/523/454 479/522/453
f 481/520/455 480/524/456 479/518/453
f 485/525/457 483/526/458 482/523/454
f 484/527/459 482/523/454 483/526/458
f 484/527/459 478/528/452 482/523/454
f 480/521/456 485/525/457 482/523/454
f 485/525/457 487/530/461 486/529/460
f 488/531/462 485/525/457 486/529/460
f 485/525/457 488/531/462 483/526/458
f 485/525/457 480/521/456 487/530/461
f 488/531/462 490/533/464 489/532/463
f 488/531/462 489/532/463 483/526/458
f 488/531/462 486/529/460 491/534/465
f 490/533/464 488/531/462 491/534/465
f 491/534/465 486/529/460 492/535/466
f 493/536/467 491/534/465 492/535/466
f 490/533/464 491/534/465 493/536/467
f 495/537/468 493/536/467 494/538/469
f 494/538/469 493/536/467 496/539/470
f 493/536/467 492/535/466 496/539/470
f 495/537/468 490/533/464 493/536/467
s 0
f 497/540/152 496/539/152 492/535/152
f 497/540/152 498/541/152 496/539/152
f 498/541/152 499/542/152 496/539/152
s 1
f 494/538/469 496/539/470 499/542/471
s 0
f 498/541/152 501/543/152 499/542/152
s 1
f 500/544/472 494/538/469 499/542/471
f 500/544/472 499/542/471 502/545/473
s 0
f 501/543/152 502/545/152 499/542/152
f 501/543/152 505/546/152 502/545/152
s 1
f 503/547/474 500/544/472 502/545/473
f 503/547/474 502/545/473 504/548/475
s 0
f 505/546/152 504/548/152 502/545/152
f 507/549/152 505/546/152 506/550/152
f 505/546/152 507/549/152 504/548/152
s 1
f 509/551/476 507/549/478 508/552/477
s 0
f 508/552/231 507/549/231 506/550/231
s 1
f 509/551/476 510/553/479 507/549/478
f 507/549/478 503/547/474 504/548/475
f 510/553/479 503/547/474 507/549/478
f 510/553/479 511/554/480 503/547/474
f 511/554/480 510/553/479 512/555/481
f 511/554/480 512/555/481 513/556/482
f 514/557/483 511/554/480 513/556/482
f 511/554/480 514/557/483 515/558/484
f 511/554/480 515/558/484 516/559/485
f 517/560/486 511/554/480 516/559/485
f 511/554/480 517/560/486 518/561/487
f 511/554/480 518/561/487 519/562/488
f 519/562/488 518/561/487 520/563/489
f 519/562/488 520/563/489 521/564/490
f 522/565/491 519/562/488 521/564/490
f 519/562/488 522/565/491 523/566/492
f 519/562/488 523/566/492 524/567/493
f 525/568/494 519/562/488 524/567/493
s 0
f 519/569/495 525/571/495 526/570/495
s 1
f 527/572/496 519/562/488 526/573/497
f 529/574/498 519/562/488 527/572/496
f 528/575/499 529/574/498 527/572/496
f 529/574/498 530/576/500 519/562/488
f 530/576/500 532/577/501 519/562/488
f 530/576/500 531/578/502 532/577/501
f 535/579/503 519/562/488 532/577/501
f 495/537/468 535/579/503 532/577/501
f 495/537/468 532/577/501 534/580/504
f 531/578/502 533/581/505 532/577/501
f 533/581/505 534/580/504 532/577/501
f 535/579/503 511/554/480 519/562/488
f 511/554/480 535/579/503 500/544/472
f 535/579/503 495/537/468 494/538/469
f 535/579/503 494/538/469 500/544/472
f 533/581/505 536/582/506 534/580/504
f 490/533/464 534/580/504 489/532/463
f 536/582/506 489/532/463 534/580/504
f 490/533/464 495/537/468 534/580/504
f 536/582/506 537/583/507 489/532/463
f 537/583/507 483/526/458 489/532/463
f 537/583/507 484/527/459 483/526/458
f 511/554/480 500/544/472 503/547/474
s 0
f 538/584/152 497/540/152 492/535/152
f 539/585/152 538/584/152 540/586/152
f 538/584/152 492/535/152 540/586/152
s 1
f 486/529/460 541/587/509 540/586/508
s 0
f 539/585/152 540/586/152 541/587/152
s 1
f 492/535/466 486/529/460 540/586/508
s 0
f 542/588/152 539/585/152 541/587/152
f 542/588/152 541/587/152 543/589/152
s 1
f 486/529/460 543/589/510 541/587/509
f 487/530/461 544/590/511 543/589/510
s 0
f 545/591/152 543/589/152 544/590/152
f 545/591/152 542/588/152 543/589/152
s 1
f 486/529/460 487/530/461 543/589/510
s 0
f 546/592/152 545/591/152 544/590/152
f 547/593/152 546/592/152 548/594/152
f 546/592/152 544/590/152 548/594/152
s 1
f 551/595/512 549/597/514 548/596/513
s 0
f 547/593/152 548/594/152 549/598/152
s 1
f 550/599/515 551/595/512 548/596/513
f 550/599/515 548/596/513 544/600/511
f 551/595/512 468/507/442 549/597/514
f 481/520/455 551/595/512 550/599/515
f 469/508/443 468/507/442 551/595/512
f 481/520/455 469/508/443 551/595/512
f 487/530/461 550/601/515 544/590/511
f 480/524/456 550/599/515 487/602/461
f 480/524/456 481/520/455 550/599/515
s 0
f 552/603/152 547/593/152 549/598/152
f 552/603/152 549/598/152 553/604/152
s 1
f 468/507/442 553/605/516 549/597/514
f 466/506/441 554/606/517 553/605/516
s 0
f 555/607/152 553/604/152 554/608/152
f 555/607/152 552/603/152 553/604/152
s 1
f 468/507/442 466/506/441 553/605/516
s 0
f 556/609/152 555/607/152 554/608/152
f 557/610/152 556/609/152 558/611/152
f 556/609/152 554/608/152 558/611/152
s 1
f 460/499/434 559/613/519 558/612/518
s 0
f 557/610/152 558/611/152 559/614/152
s 1
f 554/606/517 460/499/434 558/612/518
s 0
f 560/615/152 557/610/152 559/614/152
f 560/615/152 559/614/152 561/616/152
s 1
f 460/499/434 561/617/520 559/613/519
f 364/401/338 362/399/336 561/617/520
s 0
f 562/618/152 561/616/152 362/398/152
f 562/618/152 560/615/152 561/616/152
s 1
f 460/499/434 364/401/338 561/617/520
s 0
f 361/397/152 562/618/152 362/398/152
s 1
f 462/501/436 460/499/434 554/606/517
f 466/506/441 462/501/436 554/606/517
f 469/508/443 481/520/455 471/510/445
f 366/402/339 454/493/428 452/491/426
f 366/402/339 365/400/337 454/493/428
f 368/404/341 366/402/339 452/491/426
f 368/404/341 452/491/426 373/409/346
f 370/408/345 371/406/343 342/371/321
f 359/394/333 370/408/345 357/393/332
f 357/393/332 370/408/345 356/619/521
f 370/408/345 342/371/321 356/619/521
f 356/619/521 563/621/523 351/620/522
f 356/619/521 342/371/321 563/621/523
f 342/371/321 343/372/322 563/621/523
f 563/621/523 343/372/322 349/622/524
f 351/620/522 563/621/523 352/623/525
f 563/621/523 349/622/524 352/623/525
f 343/372/322 345/373/323 349/622/524
f 262/276/240 260/273/237 339/368/318
f 330/359/309 333/362/312 336/364/314
f 280/302/259 276/295/255 326/355/305
f 285/307/263 280/302/259 326/355/305
f 320/347/297 321/350/300 323/352/302
f 319/349/299 288/312/266 286/308/264
f 289/313/267 288/312/266 319/349/299
f 277/296/256 267/282/245 265/279/243
f 273/292/252 268/283/246 267/282/245
f 235/242/221 241/249/226 211/220/209
f 235/242/221 237/244/222 241/249/226
f 233/240/220 235/242/221 211/220/209
f 214/221/210 233/240/220 211/220/209
f 218/224/213 163/170/159 219/226/215
f 219/226/215 163/170/159 164/172/161
f 218/224/213 564/624/526 163/170/159
f 218/224/213 208/217/206 209/216/205
f 564/624/526 218/224/213 209/216/205
f 564/624/526 171/179/168 163/170/159
f 564/624/526 209/216/205 565/625/527
f 566/626/528 564/624/526 565/625/527
f 564/624/526 566/626/528 171/179/168
f 565/625/527 567/627/529 566/626/528
f 568/628/530 566/626/528 567/627/529
f 566/626/528 568/628/530 171/179/168
f 568/628/530 170/178/167 171/179/168
f 568/628/530 181/187/176 170/178/167
f 181/187/176 568/628/530 567/627/529
f 199/207/196 196/204/193 567/627/529
f 181/187/176 567/627/529 196/204/193
f 565/625/527 199/207/196 567/627/529
f 565/625/527 209/216/205 202/209/198
f 199/207/196 565/625/527 202/209/198
f 180/189/178 181/187/176 196/204/193
f 569/629/531 185/192/181 187/194/183
f 569/629/531 187/194/183 570/630/532
f 571/631/533 569/629/531 570/630/532
f 571/631/533 572/632/534 569/629/531
f 571/631/533 573/633/535 572/632/534
f 573/633/535 575/635/537 574/634/536
f 573/633/535 574/634/536 572/632/534
f 574/634/536 575/635/537 576/636/538
f 575/635/537 577/637/539 576/636/538
f 577/637/539 578/638/540 576/636/538
f 578/638/540 579/639/541 576/636/538
f 579/639/541 580/640/542 576/636/538
f 579/639/541 581/641/543 580/640/542
f 581/641/543 583/642/544 580/640/542
f 581/641/543 582/643/545 583/642/544
f 584/644/546 105/113/105 583/642/544
f 585/645/547 584/644/546 583/642/544
f 105/113/105 586/646/548 583/642/544
f 582/643/545 585/645/547 583/642/544
f 116/123/115 580/640/542 583/642/544
f 586/646/548 116/123/115 583/642/544
f 586/646/548 110/118/110 116/123/115
f 105/113/105 110/118/110 586/646/548
f 584/644/546 587/647/549 105/113/105
f 587/647/549 588/648/550 104/112/104
f 587/647/549 104/112/104 105/113/105
f 588/648/550 589/649/551 104/112/104
f 92/101/93 104/112/104 589/649/551
f 92/101/93 589/649/551 590/650/552
f 91/100/92 92/101/93 590/650/552
f 116/123/115 118/125/117 580/640/542
f 118/125/117 576/636/538 580/640/542
f 118/125/117 574/634/536 576/636/538
f 572/632/534 574/634/536 124/131/123
f 574/634/536 118/125/117 124/131/123
f 130/137/129 572/632/534 124/131/123
f 572/632/534 185/192/181 569/629/531
f 572/632/534 186/193/182 185/192/181
f 177/184/173 186/193/182 572/632/534
f 130/137/129 177/184/173 572/632/534
f 178/185/174 183/190/179 186/193/182
f 177/184/173 178/185/174 186/193/182
f 169/176/165 170/178/167 181/187/176
f 133/140/132 177/184/173 130/137/129
f 132/139/131 173/182/171 133/140/132
s 0
f 591/651/152 154/162/152 153/161/152
f 591/651/152 153/161/152 592/652/152
f 593/653/152 591/651/152 592/652/152
f 593/653/152 592/652/152 594/654/152
f 595/655/152 593/653/152 594/654/152
f 596/656/152 593/653/152 595/655/152
f 597/657/152 596/656/152 598/658/152
f 596/656/152 595/655/152 598/658/152
s 1
f 598/658/553 599/660/555 602/659/554
f 599/660/555 598/658/553 595/655/556
s 0
f 597/657/152 598/658/152 600/661/152
s 1
f 600/661/557 598/658/553 601/662/558
f 598/658/553 602/659/554 601/662/558
f 604/663/559 601/662/558 602/659/554
f 603/664/560 604/663/559 602/659/554
f 603/664/560 602/659/554 599/660/555
f 604/663/559 608/665/561 601/662/558
f 603/664/560 605/666/562 604/663/559
f 606/667/563 604/663/559 605/666/562
f 606/667/563 607/668/564 604/663/559
f 607/668/564 608/665/561 604/663/559
f 607/668/564 600/661/557 608/665/561
f 600/661/557 601/662/558 608/665/561
f 610/669/565 600/661/557 607/668/564
f 607/668/564 606/667/563 609/670/566
f 611/671/567 607/668/564 609/670/566
f 611/671/568 610/669/565 607/668/564
f 613/672/152 611/671/570 612/673/569
f 612/673/569 611/671/570 609/670/571
f 614/674/152 610/669/152 611/671/570
f 613/672/152 614/674/152 611/671/570
s 0
f 614/674/152 615/675/152 610/669/152
f 615/675/152 597/657/152 600/661/152
f 615/675/152 600/661/152 610/669/152
s 1
f 616/676/152 613/672/152 612/673/569
f 616/676/152 612/673/569 617/677/572
s 0
f 618/678/573 616/676/573 617/677/574
f 617/677/572 619/679/573 618/678/573
f 620/680/152 621/681/152 619/679/152
f 617/677/574 620/680/573 619/679/573
f 620/680/152 622/682/152 621/681/152
f 622/682/152 623/683/152 621/681/152
f 622/682/152 624/684/152 623/683/152
f 624/684/152 625/685/152 623/683/152
f 624/684/152 626/686/152 625/685/152
f 626/686/152 627/687/152 625/685/152
f 628/688/152 629/689/152 627/687/152
f 626/686/152 628/688/152 627/687/152
f 628/688/152 630/690/152 629/689/152
f 630/690/152 631/691/152 629/689/152
f 630/690/152 632/692/152 631/691/152
f 632/692/152 633/693/152 631/691/152
f 632/692/573 634/694/573 633/693/573
f 634/694/152 635/695/152 633/693/152
f 636/696/152 637/697/152 635/695/152
f 634/694/152 636/696/152 635/695/152
f 636/696/152 638/698/152 637/697/152
f 638/698/152 639/699/152 637/697/152
f 638/698/152 640/700/152 639/699/152
f 640/700/152 641/701/152 639/699/152
f 640/700/152 642/702/152 641/701/152
f 642/702/152 643/703/152 641/701/152
f 644/704/152 645/705/152 643/703/152
f 642/702/152 644/704/152 643/703/152
f 644/704/152 646/706/152 645/705/152
f 646/706/152 647/707/152 645/705/152
f 646/706/152 648/708/152 647/707/152
f 648/708/152 649/709/152 647/707/152
f 648/708/152 650/710/152 649/709/152
f 650/710/152 651/711/152 649/709/152
f 651/711/152 652/713/152 653/712/152
f 650/710/152 652/713/152 651/711/152
f 652/713/152 654/714/152 653/712/152
f 652/713/152 655/715/152 654/714/152
f 655/715/152 656/716/152 654/714/152
f 655/715/573 657/717/573 656/716/573
s 1
f 657/717/575 655/715/577 658/718/576
f 655/715/577 659/719/578 658/718/576
f 659/719/578 652/713/580 660/720/579
f 655/715/577 652/713/580 659/719/578
f 661/721/581 659/719/578 660/720/579
f 661/721/581 663/723/583 662/722/582
f 663/723/583 661/721/581 660/720/579
f 663/723/583 666/724/584 662/722/582
f 664/725/585 663/723/583 665/726/586
f 672/727/587 663/723/583 664/725/585
f 663/723/583 660/720/579 665/726/586
f 663/723/583 667/728/588 666/724/584
f 667/728/588 663/723/583 668/729/589
f 663/723/583 669/730/590 668/729/589
f 663/723/583 670/731/591 669/730/590
f 671/732/592 670/731/591 663/723/583
f 672/727/587 671/732/592 663/723/583
f 672/727/587 674/734/594 673/733/593
f 682/735/595 672/727/587 673/733/593
f 672/727/587 681/736/596 674/734/594
f 681/736/596 672/727/587 664/725/585
f 672/727/587 675/738/598 680/737/597
f 675/738/598 672/727/587 677/739/599
f 672/727/587 676/741/601 678/740/600
f 672/727/587 682/735/595 676/741/601
f 672/727/587 678/740/600 677/739/599
f 671/732/592 672/727/587 679/742/602
f 672/727/587 680/737/597 679/742/602
f 682/735/595 673/733/593 683/743/603
f 681/736/596 686/744/604 674/734/594
f 681/736/596 664/725/585 685/745/605
f 684/746/606 681/736/596 685/745/605
f 681/736/596 684/746/606 686/744/604
f 684/746/606 687/747/607 686/744/604
f 684/746/606 688/748/608 687/747/607
f 688/748/608 689/749/609 687/747/607
f 688/748/608 691/750/610 689/749/609
f 691/750/610 690/751/611 689/749/609
f 691/750/610 688/748/608 694/752/612
f 691/750/610 692/753/613 690/751/611
f 692/753/613 691/750/610 693/754/614
f 691/750/610 694/752/612 693/754/614
f 694/752/612 697/756/616 695/755/615
f 694/752/612 695/755/615 696/757/617
f 688/748/608 697/756/616 694/752/612
f 693/754/614 694/752/612 696/757/617
f 688/748/608 684/746/606 697/756/616
f 697/756/616 698/758/618 695/755/615
f 697/756/616 685/745/605 698/758/618
f 684/746/606 685/745/605 697/756/616
f 646/706/619 695/755/615 698/758/618
f 648/708/620 646/706/619 698/758/618
f 648/708/620 698/758/618 699/759/621
f 685/745/605 699/759/621 698/758/618
f 650/710/622 648/708/620 699/759/621
f 664/725/585 665/726/586 699/759/621
f 650/710/622 699/759/621 665/726/586
f 685/745/605 664/725/585 699/759/621
f 642/702/623 696/757/617 695/755/615
f 693/754/614 696/757/617 700/760/624
f 640/700/625 700/760/624 696/757/617
f 642/702/623 640/700/625 696/757/617
f 701/761/626 693/754/614 700/760/624
f 701/761/626 700/760/624 702/762/627
f 638/698/628 702/762/627 700/760/624
f 640/700/625 638/698/628 700/760/624
f 636/696/629 704/763/630 702/762/627
f 638/698/628 636/696/629 702/762/627
f 703/764/631 701/761/626 702/762/627
f 703/764/631 702/762/627 704/763/630
f 636/696/629 634/694/632 704/763/630
f 704/763/630 632/692/634 630/690/633
f 705/765/635 704/763/630 630/690/633
f 706/766/636 704/763/630 705/765/635
f 706/766/636 703/764/631 704/763/630
f 704/763/630 634/694/632 632/692/634
f 707/767/637 708/768/638 706/766/636
f 707/767/637 706/766/636 709/769/639
f 708/768/638 703/764/631 706/766/636
f 709/769/639 706/766/636 705/765/635
f 710/770/640 707/767/637 709/769/639
f 710/770/640 709/769/639 712/771/641
f 709/769/639 705/765/635 711/772/642
f 712/771/641 709/769/639 711/772/642
f 715/773/643 710/770/640 712/771/641
f 713/774/644 712/771/641 714/775/645
f 715/773/643 712/771/641 713/774/644
f 712/771/641 711/772/642 714/775/645
f 710/770/640 715/773/643 716/776/646
f 715/773/643 717/777/647 716/776/646
f 715/773/643 718/778/648 717/777/647
f 718/778/648 715/773/643 713/774/644
f 718/778/648 720/779/649 717/777/647
f 718/778/648 713/774/644 719/780/650
f 721/781/651 718/778/648 719/780/650
f 718/778/648 721/781/651 720/779/649
f 721/781/651 723/782/652 720/779/649
f 721/781/651 719/780/650 722/783/653
f 724/784/654 721/781/651 722/783/653
f 721/781/651 724/784/654 723/782/652
f 724/784/654 726/785/655 723/782/652
f 725/786/656 724/784/654 727/787/657
f 724/784/654 725/786/656 726/785/655
f 724/784/654 722/783/653 727/787/657
f 725/786/656 727/787/657 728/788/658
f 728/788/658 727/787/657 731/789/659
f 727/787/657 730/791/661 729/790/660
f 731/789/659 727/787/657 729/790/660
f 727/787/657 722/783/653 730/791/661
f 731/789/659 732/792/662 728/788/658
f 733/793/663 732/792/662 731/789/659
f 734/794/664 731/789/659 729/790/660
f 734/794/664 733/793/663 731/789/659
f 733/793/663 734/794/664 735/795/665
f 606/667/563 734/794/664 729/790/660
f 734/794/664 606/667/563 605/666/562
f 734/794/664 605/666/562 735/795/665
f 733/793/663 735/795/665 736/796/666
f 736/796/666 735/795/665 737/797/667
f 738/798/668 737/797/667 735/795/665
f 739/799/669 735/795/665 605/666/562
f 739/799/669 738/798/668 735/795/665
f 739/799/669 743/801/671 740/800/670
f 739/799/669 740/800/670 741/802/672
f 742/803/673 739/799/669 741/802/672
f 739/799/669 742/803/673 738/798/668
f 743/801/671 739/799/669 605/666/562
f 743/801/671 745/804/674 740/800/670
f 743/801/671 605/666/562 603/664/560
f 744/805/675 743/801/671 603/664/560
f 743/801/671 744/805/675 745/804/674
f 140/147/139 745/804/674 744/805/675
f 140/147/139 746/806/676 745/804/674
f 746/806/676 740/800/670 745/804/674
f 746/806/676 747/807/677 740/800/670
f 747/807/677 746/806/676 748/808/678
f 749/809/679 748/808/678 746/806/676
f 138/145/137 749/809/679 746/806/676
f 138/145/137 746/806/676 140/147/139
f 749/809/679 138/145/137 137/144/136
f 750/810/680 748/808/678 749/809/679
f 750/810/680 749/809/679 127/135/127
f 127/135/127 749/809/679 137/144/136
f 751/811/681 748/808/678 750/810/680
f 753/812/682 751/811/681 750/810/680
f 752/813/683 750/810/680 127/135/127
f 753/812/682 750/810/680 752/813/683
f 754/814/684 758/815/685 753/812/682
f 754/814/684 753/812/682 755/816/686
f 753/812/682 756/817/687 755/816/686
f 753/812/682 757/818/688 756/817/687
f 757/818/688 753/812/682 752/813/683
f 758/815/685 751/811/681 753/812/682
f 758/815/685 759/819/689 751/811/681
f 759/819/689 758/815/685 760/820/690
f 759/819/689 760/820/690 761/821/691
f 762/822/692 759/819/689 761/821/691
f 762/822/692 761/821/691 763/823/693
f 737/797/667 762/822/692 763/823/693
f 737/797/667 763/823/693 764/824/694
f 765/825/695 737/797/667 764/824/694
f 736/796/666 737/797/667 765/825/695
f 736/796/666 765/825/695 766/826/696
f 768/827/697 766/826/696 767/828/698
f 768/827/697 736/796/666 766/826/696
f 733/793/663 768/827/697 732/792/662
f 732/792/662 768/827/697 767/828/698
f 768/827/697 733/793/663 736/796/666
f 767/828/698 770/830/700 769/829/699
f 732/792/662 767/828/698 769/829/699
f 725/786/656 770/830/700 771/831/701
f 770/830/700 725/786/656 769/829/699
f 725/786/656 771/831/701 726/785/655
f 769/829/699 725/786/656 728/788/658
f 728/788/658 732/792/662 769/829/699
f 737/797/667 738/798/668 762/822/692
f 738/798/668 759/819/689 762/822/692
f 738/798/668 742/803/673 759/819/689
f 759/819/689 742/803/673 747/807/677
f 751/811/681 759/819/689 748/808/678
f 759/819/689 747/807/677 748/808/678
f 772/832/702 757/818/688 773/833/703
f 757/818/688 752/813/683 773/833/703
f 772/832/702 773/833/703 121/128/120
f 773/833/703 122/129/121 121/128/120
f 773/833/703 752/813/683 122/129/121
f 774/834/704 772/832/702 121/128/120
f 774/834/704 121/128/120 775/835/705
f 776/836/706 774/834/704 775/835/705
f 121/128/120 114/120/112 775/835/705
f 775/835/705 111/119/111 777/837/707
f 111/119/111 775/835/705 114/120/112
f 752/813/683 127/135/127 122/129/121
f 747/807/677 741/802/672 740/800/670
f 747/807/677 742/803/673 741/802/672
f 744/805/675 603/664/560 599/660/555
f 778/838/708 744/805/675 599/660/555
f 140/147/139 744/805/675 143/151/143
f 143/151/143 744/805/675 778/838/708
f 778/838/708 599/660/555 779/839/709
f 150/157/149 778/838/708 779/839/709
f 143/151/143 778/838/708 150/157/149
f 779/839/709 594/654/711 592/652/710
f 779/839/709 599/660/555 594/654/711
f 150/157/149 779/839/709 153/161/153
f 779/839/709 592/652/710 153/161/153
f 620/680/712 729/790/660 730/791/661
f 622/682/713 620/680/712 730/791/661
f 722/783/653 780/840/714 730/791/661
f 622/682/713 730/791/661 780/840/714
f 719/780/650 781/841/715 780/840/714
f 624/684/716 780/840/714 781/841/715
f 722/783/653 719/780/650 780/840/714
f 624/684/716 622/682/713 780/840/714
f 719/780/650 713/774/644 781/841/715
f 713/774/644 714/775/645 781/841/715
f 626/686/717 624/684/716 781/841/715
f 626/686/717 781/841/715 714/775/645
f 620/680/712 617/677/718 729/790/660
f 782/842/719 729/790/660 617/677/718
f 782/842/719 609/670/566 729/790/660
f 606/667/563 729/790/660 609/670/566
f 617/677/572 612/673/721 782/842/720
s 0
f 612/843/722 609/845/722 782/844/722
s 1
f 710/770/640 716/776/646 783/846/723
f 710/770/640 783/846/723 784/847/724
f 707/767/637 784/847/724 785/848/725
f 707/767/637 710/770/640 784/847/724
f 707/767/637 785/848/725 786/849/726
f 708/768/638 707/767/637 786/849/726
f 708/768/638 786/849/726 787/850/727
f 789/851/728 787/850/727 788/852/729
f 789/851/728 708/768/638 787/850/727
f 789/851/728 692/753/613 701/761/626
f 692/753/613 789/851/728 788/852/729
f 789/851/728 701/761/626 703/764/631
f 708/768/638 789/851/728 703/764/631
f 692/753/613 788/852/729 690/751/611
f 628/688/730 626/686/717 714/775/645
f 630/690/633 628/688/730 714/775/645
f 630/690/633 714/775/645 711/772/642
f 705/765/635 630/690/633 711/772/642
f 692/753/613 693/754/614 701/761/626
f 644/704/731 642/702/623 695/755/615
f 646/706/619 644/704/731 695/755/615
f 652/713/580 650/710/622 665/726/586
f 652/713/580 665/726/586 660/720/579
f 599/660/555 595/655/556 594/654/711
f 126/134/126 127/135/127 137/144/136
f 118/125/117 125/133/125 124/131/123
f 118/125/117 119/126/118 125/133/125
f 113/122/114 114/120/112 121/128/120
f 108/115/107 106/111/103 112/121/113
f 98/105/97 104/112/104 92/101/93
f 790/853/732 89/96/88 85/92/84
f 790/853/732 85/92/84 791/854/733
f 85/90/84 83/85/82 791/855/733
f 83/85/82 792/856/734 791/855/733
f 83/85/82 793/857/735 792/856/734
f 83/85/82 78/81/78 793/857/735
f 41/43/41 794/858/736 46/47/45
f 41/43/41 42/44/42 794/858/736
s 0
f 795/859/737 797/861/737 796/860/737
f 797/861/737 798/862/737 796/860/737
f 797/861/737 799/863/737 798/862/737
f 799/863/737 800/864/737 798/862/737
f 799/863/737 801/865/737 800/864/737
f 801/865/737 802/866/737 800/864/737
f 801/865/737 803/867/737 802/866/737
f 803/867/737 804/868/737 802/866/737
f 803/867/737 805/869/737 804/868/737
f 805/869/737 806/870/737 804/868/737
f 805/869/737 807/871/737 806/870/737
f 807/871/737 808/872/737 806/870/737
f 807/871/737 809/873/737 808/872/737
f 809/873/737 810/874/737 808/872/737
f 809/873/737 811/875/737 810/874/737
f 811/875/737 812/876/737 810/874/737
f 811/875/737 813/877/737 812/876/737
f 813/877/737 814/878/737 812/876/737
f 813/877/737 815/879/737 814/878/737
f 815/879/737 816/880/737 814/878/737
f 815/879/737 817/881/737 816/880/737
f 817/881/737 818/882/737 816/880/737
f 817/881/737 819/883/737 818/882/737
f 819/883/737 820/884/737 818/882/737
f 819/883/737 821/885/737 820/884/737
f 821/885/737 822/886/737 820/884/737
f 821/885/737 823/887/737 822/886/737
f 823/887/737 824/888/737 822/886/737
f 823/887/737 825/889/737 824/888/737
f 825/889/737 826/890/737 824/888/737
f 825/889/737 827/891/737 826/890/737
f 827/891/737 828/892/737 826/890/737
f 827/891/737 829/893/737 828/892/737
f 829/893/737 830/894/737 828/892/737
f 829/893/737 831/895/737 830/894/737
f 831/895/737 832/896/737 830/894/737
f 831/895/737 833/897/737 832/896/737
f 833/897/737 834/898/737 832/896/737
f 833/897/737 835/899/737 834/898/737
f 835/899/737 836/900/737 834/898/737
f 835/899/737 837/901/737 836/900/737
f 837/901/737 838/902/737 836/900/737
f 837/901/737 839/903/737 838/902/737
f 839/903/737 840/904/737 838/902/737
f 839/903/737 841/905/737 840/904/737
f 841/905/737 842/906/737 840/904/737
f 841/905/737 843/907/737 842/906/737
f 843/907/737 844/908/737 842/906/737
f 843/907/737 845/909/737 844/908/737
f 845/909/737 846/910/737 844/908/737
f 845/909/737 847/911/737 846/910/737
f 847/911/737 848/912/737 846/910/737
f 847/911/737 849/913/737 848/912/737
f 849/913/737 850/914/737 848/912/737
f 849/913/737 851/915/737 850/914/737
f 851/915/737 852/916/737 850/914/737
f 851/915/737 853/917/737 852/916/737
f 853/917/737 854/918/737 852/916/737
f 853/917/737 855/919/737 854/918/737
f 855/919/737 856/920/737 854/918/737
s 1
f 857/921/738 859/923/739 858/922/738
f 859/923/739 860/924/740 858/922/738
f 859/923/739 861/925/741 860/924/740
f 861/925/741 862/926/742 860/924/740
f 861/927/741 863/929/743 862/928/742
f 863/929/743 864/930/744 862/928/742
f 863/929/743 865/931/745 864/930/744
f 865/931/745 866/932/746 864/930/744
f 865/931/745 867/933/747 866/932/746
f 867/933/747 868/934/748 866/932/746
f 867/933/747 869/935/749 868/934/748
f 869/935/749 870/936/750 868/934/748
f 869/935/749 871/937/751 870/936/750
f 871/937/751 872/938/752 870/936/750
f 871/939/751 873/940/753 872/844/752
f 873/941/753 874/942/753 872/938/752
s 0
f 875/943/737 877/945/737 876/944/737
f 875/943/737 878/946/737 877/945/737
f 879/947/737 881/949/737 880/948/737
f 882/950/737 884/952/737 883/951/737
f 884/952/737 885/953/737 883/951/737
f 886/954/737 888/956/737 887/955/737
f 877/945/737 878/946/737 889/957/737
f 878/946/737 890/958/737 889/957/737
f 878/946/737 891/959/737 890/958/737
f 891/959/737 892/960/737 890/958/737
f 891/959/737 893/961/737 892/960/737
f 876/944/737 894/962/737 875/943/737
f 894/962/737 895/963/737 875/943/737
f 894/962/737 896/964/737 895/963/737
f 884/952/737 882/950/737 897/965/737
f 882/950/737 898/966/737 897/965/737
f 882/950/737 880/948/737 898/966/737
f 880/948/737 899/967/737 898/966/737
f 880/948/737 881/949/737 899/967/737
f 885/953/737 900/968/737 883/951/737
f 900/968/737 901/969/737 883/951/737
f 900/968/737 902/970/737 901/969/737
f 902/970/737 903/971/737 901/969/737
f 902/970/737 904/972/737 903/971/737
f 892/960/737 893/961/737 905/973/737
f 893/961/737 906/974/737 905/973/737
f 893/961/737 887/955/737 906/974/737
f 887/955/737 907/975/737 906/974/737
f 887/955/737 888/956/737 907/975/737
f 796/860/737 908/976/737 795/859/737
f 888/956/737 886/954/737 909/977/737
f 886/954/737 910/978/737 909/977/737
f 886/954/737 911/979/737 910/978/737
f 911/979/737 912/980/737 910/978/737
f 911/979/737 908/976/737 912/980/737
f 908/976/737 913/981/737 912/980/737
f 908/976/737 796/860/737 913/981/737
f 881/949/737 879/947/737 914/982/737
f 879/947/737 915/983/737 914/982/737
f 879/947/737 916/984/737 915/983/737
f 855/919/737 917/985/737 856/920/737
f 917/985/737 918/986/737 856/920/737
f 917/985/737 919/987/737 918/986/737
f 919/987/737 920/988/737 918/986/737
f 919/987/737 921/989/737 920/988/737
f 921/989/737 904/972/737 920/988/737
f 921/989/737 922/990/737 904/972/737
f 922/990/737 903/971/737 904/972/737
f 923/991/737 925/993/737 924/992/737
f 896/964/737 926/994/737 895/963/737
f 926/994/737 927/995/737 895/963/737
f 926/994/737 928/996/737 927/995/737
f 928/996/737 929/997/737 927/995/737
f 928/996/737 930/998/737 929/997/737
f 930/998/737 931/999/737 929/997/737
f 930/998/737 932/1000/737 931/999/737
f 932/1000/737 933/1001/737 931/999/737
f 932/1000/737 934/1002/737 933/1001/737
f 915/983/737 916/984/737 935/1003/737
f 916/984/737 936/1004/737 935/1003/737
f 916/984/737 937/1005/737 936/1004/737
f 937/1005/737 938/1006/737 936/1004/737
f 937/1005/737 924/992/737 938/1006/737
f 924/992/737 939/1007/737 938/1006/737
f 924/992/737 925/993/737 939/1007/737
f 933/1001/737 934/1002/737 940/1008/737
f 934/1002/737 941/1009/737 940/1008/737
f 934/1002/737 942/1010/737 941/1009/737
f 942/1010/737 923/991/737 941/1009/737
f 942/1010/737 943/1011/737 923/991/737
f 943/1011/737 925/993/737 923/991/737
s 1
f 944/1012/754 946/1014/756 945/1013/755
f 944/1012/754 947/1015/757 946/1014/756
f 945/1013/755 948/1016/758 944/1012/754
f 948/1016/758 949/1017/759 944/1012/754
f 948/1016/758 950/1018/760 949/1017/759
f 951/1019/761 953/1021/763 952/1020/762
f 953/1021/763 954/1022/764 952/1020/762
f 953/1021/763 949/1017/759 954/1022/764
f 949/1017/759 955/1023/765 954/1022/764
f 949/1017/759 950/1018/760 955/1023/765
f 956/1024/766 958/1026/768 957/1025/767
f 958/1026/768 959/1027/769 957/1025/767
f 956/1024/766 960/1028/770 958/1026/768
f 960/1028/770 961/1029/771 958/1026/768
f 960/1028/770 962/1030/772 961/1029/771
f 962/1030/772 963/1031/773 961/1029/771
f 962/1030/772 964/1032/774 963/1031/773
f 964/1032/774 965/1033/775 963/1031/773
f 964/1032/774 966/1034/776 965/1033/775
f 966/1034/776 967/1035/777 965/1033/775
f 966/1036/776 968/1038/778 967/1037/777
f 968/1038/778 969/1039/779 967/1037/777
f 969/1039/779 970/1040/780 967/1037/777
f 969/1039/779 971/1041/781 970/1040/780
f 953/1021/763 951/1019/761 972/1042/782
f 951/1019/761 973/1043/783 972/1042/782
f 951/1019/761 974/1044/784 973/1043/783
f 974/1044/784 975/1045/785 973/1043/783
f 974/1044/784 976/1046/786 975/1045/785
f 976/1046/786 977/1047/787 975/1045/785
f 976/1046/786 978/1048/788 977/1047/787
f 978/1048/788 971/1049/781 977/1047/787
f 978/1050/788 979/1051/789 971/1041/781
f 979/1051/789 970/1040/780 971/1041/781
f 957/1025/767 959/1027/769 980/1052/790
f 959/1027/769 981/1053/791 980/1052/790
f 959/1027/769 982/1054/792 981/1053/791
f 982/1054/792 983/1055/793 981/1053/791
f 982/1054/792 984/1056/794 983/1055/793
f 984/1056/794 985/1057/795 983/1055/793
f 984/1056/794 986/1058/796 985/1057/795
f 986/1058/796 987/1059/797 985/1057/795
f 986/1060/796 988/1062/798 987/1061/797
f 988/1062/798 947/1015/757 987/1061/797
f 988/1062/798 989/1063/799 947/1015/757
f 989/1063/799 946/1014/756 947/1015/757
f 990/1064/800 992/1066/802 991/1065/801
f 992/1066/802 993/1067/803 991/1065/801
f 994/1068/804 993/1067/803 995/1069/805
f 993/1067/803 996/1070/806 995/1069/805
f 993/1067/803 992/1066/802 996/1070/806
f 997/1071/807 999/1073/809 998/1072/808
f 997/1071/807 1000/1074/810 999/1073/809
f 1000/1074/810 1001/1075/811 999/1073/809
f 1000/1074/810 1002/1076/812 1001/1075/811
f 1002/1076/812 1003/1077/813 1001/1075/811
f 1002/1076/812 1004/1078/814 1003/1077/813
f 1004/1078/814 1005/1079/815 1003/1077/813
f 1005/1079/815 1006/1080/816 1003/1077/813
f 1005/1079/815 1007/1081/817 1006/1080/816
f 1007/1081/817 1008/1082/818 1006/1080/816
f 1007/1081/817 1009/1083/819 1008/1082/818
f 1009/1083/819 1010/1084/820 1008/1082/818
f 1009/1083/819 1011/1085/821 1010/1084/820
f 1011/1085/821 1012/1086/822 1010/1084/820
f 1011/1085/821 1013/1087/823 1012/1086/822
f 1013/1087/823 1014/1088/824 1012/1086/822
f 1013/1087/823 1015/1089/825 1014/1088/824
f 1015/1089/825 1016/1090/826 1014/1088/824
f 1015/1089/825 1017/1091/827 1016/1090/826
f 1017/1091/827 1018/1092/828 1016/1090/826
f 1018/1092/828 1019/1093/829 1016/1090/826
f 1018/1094/828 1020/1096/830 1019/1095/829
f 1020/1096/830 1021/1097/831 1019/1095/829
f 1020/1096/830 1022/1098/832 1021/1097/831
f 1022/1099/832 1023/1101/833 1021/1100/831
f 1022/1099/832 1024/1102/834 1023/1101/833
f 1024/1102/834 1025/1103/835 1023/1101/833
f 1024/1102/834 1026/1104/836 1025/1103/835
f 1026/1104/836 1027/1105/837 1025/1103/835
f 1026/1104/836 1028/1106/838 1027/1105/837
f 1028/1106/838 1029/1107/839 1027/1105/837
f 1028/1106/838 1030/1108/840 1029/1107/839
f 1030/1108/840 1031/1109/841 1029/1107/839
f 1030/1108/840 990/1064/800 1031/1109/841
f 990/1064/800 1032/1110/842 1031/1109/841
f 990/1064/800 991/1065/801 1032/1110/842
f 998/1111/808 1033/1113/843 997/1112/807
f 1033/1113/843 1034/1114/844 997/1112/807
f 1033/1113/843 1035/1115/845 1034/1114/844
f 1035/1115/845 1036/1116/846 1034/1114/844
f 1035/1115/845 994/1068/804 1036/1116/846
f 994/1068/804 1037/1117/847 1036/1116/846
f 994/1068/804 995/1069/805 1037/1117/847
f 873/1118/753 1038/1120/848 874/1119/753
f 1038/1120/848 1039/1121/849 874/1119/753
f 1038/1120/848 1040/1122/850 1039/1121/849
f 1040/1122/850 1041/1123/851 1039/1121/849
f 1040/1122/850 1042/1124/852 1041/1123/851
f 1042/1124/852 1043/1125/853 1041/1123/851
f 1042/1124/852 1044/1126/854 1043/1125/853
f 1044/1126/854 1045/1127/855 1043/1125/853
f 1044/1126/854 1046/1128/856 1045/1127/855
f 1046/1128/856 1047/1129/857 1045/1127/855
f 1046/1128/856 1048/1130/858 1047/1129/857
f 1048/1130/858 1049/1131/859 1047/1129/857
f 1048/1132/858 1050/1134/860 1049/1133/859
f 1050/1134/860 1051/1135/861 1049/1133/859
f 1050/1134/860 857/921/738 1051/1135/861
f 857/921/738 858/922/738 1051/1135/861
f 1052/1136/862 1054/1138/863 1053/1137/573
f 1055/1139/864 1056/1140/865 1053/1137/573
f 1057/1141/866 1058/1142/867 1053/1137/573
f 1059/1143/868 1060/1144/869 1053/1137/573
f 1061/1145/870 1062/1146/871 1053/1137/573
f 1063/1147/872 1064/1148/873 1053/1137/573
f 1065/1149/874 1066/1150/875 1053/1137/573
f 1067/1151/876 1068/1152/877 1053/1137/573
f 1069/1153/878 1067/1151/876 1053/1137/573
f 1070/1154/879 1053/1137/573 1068/1152/877
f 1071/1155/880 1072/1156/881 1053/1137/573
f 1071/1155/880 1053/1137/573 1070/1154/879
f 1055/1139/864 1053/1137/573 1072/1156/881
f 1073/1157/882 1074/1158/883 1053/1137/573
f 1073/1157/882 1053/1137/573 1056/1140/865
f 1057/1141/866 1053/1137/573 1074/1158/883
f 1075/1159/884 1076/1160/885 1053/1137/573
f 1075/1159/884 1053/1137/573 1058/1142/867
f 1059/1143/868 1053/1137/573 1076/1160/885
f 1077/1161/886 1078/1162/887 1053/1137/573
f 1077/1161/886 1053/1137/573 1060/1144/869
f 1061/1145/870 1053/1137/573 1078/1162/887
f 1063/1147/872 1053/1137/573 1062/1146/871
f 1065/1149/874 1053/1137/573 1064/1148/873
f 1079/1163/888 1080/1164/889 1053/1137/573
f 1079/1163/888 1053/1137/573 1066/1150/875
f 870/936/890 872/938/892 1081/1165/891
f 874/942/893 1082/1166/894 872/938/892
f 1082/1166/894 1083/1167/895 872/938/892
f 1082/1166/894 1084/1168/896 1083/1167/895
f 1085/1169/897 1087/1171/899 1086/1170/898
f 1087/1171/899 1088/1172/900 1086/1170/898
f 1087/1171/899 1089/1173/901 1088/1172/900
f 1090/1174/902 1092/1176/904 1091/1175/903
f 1092/1176/904 1085/1169/897 1091/1175/903
f 1093/1177/905 1095/1179/907 1094/1178/906
f 1095/1179/907 1096/1180/908 1094/1178/906
f 1097/1181/909 1093/1177/905 1098/1182/910
f 1053/1137/573 1080/1164/889 1099/1183/911
f 1080/1164/889 1100/1184/912 1099/1183/911
f 1080/1164/889 1101/1185/913 1100/1184/912
f 1102/1186/914 1104/1188/916 1103/1187/915
f 1105/1189/917 1107/1191/919 1106/1190/918
f 1081/1165/891 1108/1192/920 870/936/890
f 1108/1192/920 868/934/921 870/936/890
f 1108/1192/920 866/932/922 868/934/921
f 860/1193/923 862/928/925 1109/1194/924
f 862/928/925 1110/1195/926 1109/1194/924
f 862/928/925 864/930/927 1110/1195/926
f 1009/1083/928 1111/1196/930 1011/1085/929
f 1111/1196/930 1013/1087/931 1011/1085/929
f 1013/1087/931 1111/1196/930 1015/1089/932
f 1111/1196/930 1017/1091/933 1015/1089/932
f 1111/1196/930 1018/1092/934 1017/1091/933
f 1024/1197/935 1022/1199/937 1112/1198/936
f 1022/1199/937 1020/1200/938 1112/1198/936
f 1113/1201/939 1114/1202/941 1007/1081/940
f 1114/1202/941 1009/1083/928 1007/1081/940
f 1115/1203/942 1113/1201/939 1004/1078/943
f 1113/1201/939 1005/1079/944 1004/1078/943
f 1113/1201/939 1007/1081/940 1005/1079/944
f 1036/1204/945 1116/1206/947 1034/1205/946
f 1117/1207/948 996/1209/950 992/1208/949
f 996/1209/950 1117/1207/948 995/1210/951
f 1117/1207/948 1037/1211/952 995/1210/951
f 1117/1207/948 1036/1204/945 1037/1211/952
f 1034/1205/946 1116/1206/947 997/1071/953
f 1116/1206/947 1000/1074/954 997/1071/953
f 1116/1206/947 1002/1076/955 1000/1074/954
f 990/1212/956 1030/1214/958 1118/1213/957
f 1030/1214/958 1119/1215/959 1118/1213/957
f 1030/1214/958 1028/1216/960 1119/1215/959
f 1028/1216/960 1120/1217/961 1119/1215/959
f 1028/1216/960 1026/1218/962 1120/1217/961
f 1009/1083/928 1114/1202/941 1111/1196/930
f 1114/1202/941 1121/1219/963 1111/1196/930
f 1114/1202/941 1122/1220/964 1121/1219/963
f 1122/1220/964 1123/1221/965 1121/1219/963
f 1122/1220/964 1124/1222/966 1123/1221/965
f 1124/1222/966 1125/1223/967 1123/1221/965
f 1124/1222/966 1126/1224/968 1125/1223/967
f 1126/1224/968 1127/1225/969 1125/1223/967
f 1126/1224/968 1128/1226/970 1127/1225/969
f 1128/1226/970 1129/1227/971 1127/1225/969
f 1128/1226/970 1130/1228/972 1129/1227/971
f 1130/1228/972 1131/1229/973 1129/1227/971
f 1130/1228/972 1132/1230/974 1131/1229/973
f 1132/1230/974 1133/1231/975 1131/1229/973
f 1132/1230/974 1134/1232/976 1133/1231/975
f 1134/1232/976 1135/1233/977 1133/1231/975
f 1134/1232/976 1136/1234/978 1135/1233/977
f 1136/1234/978 1137/1235/979 1135/1233/977
f 1136/1234/978 1138/1236/980 1137/1235/979
f 1138/1236/980 1139/1237/981 1137/1235/979
f 1138/1236/980 1140/1238/982 1139/1237/981
f 1140/1238/982 1141/1239/983 1139/1237/981
f 1140/1238/982 1142/1240/984 1141/1239/983
f 1142/1240/984 1143/1241/985 1141/1239/983
f 1142/1240/984 1144/1242/986 1143/1241/985
f 1144/1242/986 1087/1171/899 1143/1241/985
f 1144/1242/986 1145/1243/987 1087/1171/899
f 1145/1243/987 1089/1173/901 1087/1171/899
f 1145/1243/987 1146/1244/988 1089/1173/901
f 1085/1169/897 1092/1176/904 1147/1245/989
f 1092/1176/904 1148/1246/990 1147/1245/989
f 1092/1176/904 1149/1247/991 1148/1246/990
f 1149/1247/991 1150/1248/992 1148/1246/990
f 1149/1247/991 1151/1249/993 1150/1248/992
f 1151/1249/993 1152/1250/994 1150/1248/992
f 1151/1249/993 1153/1251/995 1152/1250/994
f 1153/1251/995 1154/1252/996 1152/1250/994
f 1153/1251/995 1155/1253/997 1154/1252/996
f 1155/1253/997 1156/1254/998 1154/1252/996
f 1155/1253/997 1157/1255/999 1156/1254/998
f 1157/1255/999 1158/1256/1000 1156/1254/998
f 1157/1255/999 1159/1257/1001 1158/1256/1000
f 1159/1257/1001 1160/1258/1002 1158/1256/1000
f 1159/1257/1001 1161/1259/1003 1160/1258/1002
f 1161/1259/1003 1162/1260/1004 1160/1258/1002
f 1161/1259/1003 1163/1261/1005 1162/1260/1004
f 1163/1261/1005 1164/1262/1006 1162/1260/1004
f 1163/1261/1005 1165/1263/1007 1164/1262/1006
f 1165/1263/1007 1166/1264/1008 1164/1262/1006
f 1165/1263/1007 1167/1265/1009 1166/1264/1008
f 1167/1265/1009 1168/1266/1010 1166/1264/1008
f 1167/1265/1009 1169/1267/1011 1168/1266/1010
f 1169/1267/1011 1170/1268/1012 1168/1266/1010
f 1169/1267/1011 1171/1269/1013 1170/1268/1012
f 1171/1269/1013 1112/1198/936 1170/1268/1012
f 1171/1269/1013 1120/1217/961 1112/1198/936
f 1120/1217/961 1024/1197/935 1112/1198/936
f 1120/1217/961 1026/1218/962 1024/1197/935
f 1085/1169/897 1147/1245/989 1087/1171/899
f 1147/1245/989 1143/1241/985 1087/1171/899
f 1147/1245/989 1148/1246/990 1143/1241/985
f 1148/1246/990 1141/1239/983 1143/1241/985
f 1148/1246/990 1150/1248/992 1141/1239/983
f 1150/1248/992 1139/1237/981 1141/1239/983
f 1150/1248/992 1152/1250/994 1139/1237/981
f 1152/1250/994 1137/1235/979 1139/1237/981
f 1152/1250/994 1154/1252/996 1137/1235/979
f 1154/1252/996 1135/1233/977 1137/1235/979
f 1154/1252/996 1156/1254/998 1135/1233/977
f 1156/1254/998 1133/1231/975 1135/1233/977
f 1156/1254/998 1158/1256/1000 1133/1231/975
f 1158/1256/1000 1131/1229/973 1133/1231/975
f 1158/1256/1000 1160/1258/1002 1131/1229/973
f 1160/1258/1002 1129/1227/971 1131/1229/973
f 1160/1258/1002 1162/1260/1004 1129/1227/971
f 1162/1260/1004 1127/1225/969 1129/1227/971
f 1162/1260/1004 1164/1262/1006 1127/1225/969
f 1164/1262/1006 1125/1223/967 1127/1225/969
f 1164/1262/1006 1166/1264/1008 1125/1223/967
f 1166/1264/1008 1123/1221/965 1125/1223/967
f 1166/1264/1008 1168/1266/1010 1123/1221/965
f 1168/1266/1010 1121/1219/963 1123/1221/965
f 1168/1266/1010 1170/1268/1012 1121/1219/963
f 1170/1268/1012 1111/1196/930 1121/1219/963
f 1170/1268/1012 1112/1198/936 1111/1196/930
f 1112/1198/936 1018/1092/934 1111/1196/930
f 1112/1198/936 1020/1200/938 1018/1092/934
f 872/938/892 1083/1167/895 1081/1165/891
f 1083/1167/895 1108/1192/920 1081/1165/891
f 1083/1167/895 1172/1270/1014 1108/1192/920
f 1172/1270/1014 1173/1271/1015 1108/1192/920
f 1172/1270/1014 1174/1272/1016 1173/1271/1015
f 1174/1272/1016 1175/1273/1017 1173/1271/1015
f 1174/1272/1016 1176/1274/1018 1175/1273/1017
f 1176/1274/1018 1177/1275/1019 1175/1273/1017
f 1176/1274/1018 1178/1276/1020 1177/1275/1019
f 1178/1276/1020 1179/1277/1021 1177/1275/1019
f 1178/1276/1020 1180/1278/1022 1179/1277/1021
f 1180/1278/1022 1181/1279/1023 1179/1277/1021
f 1180/1278/1022 1182/1280/1024 1181/1279/1023
f 1182/1280/1024 1183/1281/1025 1181/1279/1023
f 1182/1280/1024 1184/1282/1026 1183/1281/1025
f 1184/1282/1026 1185/1283/1027 1183/1281/1025
f 1184/1282/1026 1186/1284/1028 1185/1283/1027
f 1186/1284/1028 1187/1285/1029 1185/1283/1027
f 1186/1284/1028 1188/1286/1030 1187/1285/1029
f 1188/1286/1030 1189/1287/1031 1187/1285/1029
f 1188/1286/1030 1190/1288/1032 1189/1287/1031
f 1190/1288/1032 1191/1289/1033 1189/1287/1031
f 1190/1288/1032 1192/1290/1034 1191/1289/1033
f 1192/1290/1034 1193/1291/1035 1191/1289/1033
f 1192/1290/1034 1194/1292/1036 1193/1291/1035
f 1194/1292/1036 1116/1206/947 1193/1291/1035
f 1194/1292/1036 1115/1203/942 1116/1206/947
f 1115/1203/942 1002/1076/955 1116/1206/947
f 1115/1203/942 1004/1078/943 1002/1076/955
f 858/1293/1037 860/1193/923 1106/1190/918
f 860/1193/923 1105/1189/917 1106/1190/918
f 860/1193/923 1109/1194/924 1105/1189/917
f 1109/1194/924 1195/1294/1038 1105/1189/917
f 1109/1194/924 1110/1195/926 1195/1294/1038
f 1110/1195/926 1196/1295/1039 1195/1294/1038
f 1110/1195/926 1197/1296/1040 1196/1295/1039
f 1197/1296/1040 1198/1297/1041 1196/1295/1039
f 1197/1296/1040 1199/1298/1042 1198/1297/1041
f 1199/1298/1042 1200/1299/1043 1198/1297/1041
f 1199/1298/1042 1201/1300/1044 1200/1299/1043
f 1201/1300/1044 1202/1301/1045 1200/1299/1043
f 1201/1300/1044 1203/1302/1046 1202/1301/1045
f 1203/1302/1046 1204/1303/1047 1202/1301/1045
f 1203/1302/1046 1205/1304/1048 1204/1303/1047
f 1205/1304/1048 1206/1305/1049 1204/1303/1047
f 1205/1304/1048 1207/1306/1050 1206/1305/1049
f 1207/1306/1050 1208/1307/1051 1206/1305/1049
f 1207/1306/1050 1209/1308/1052 1208/1307/1051
f 1209/1308/1052 1210/1309/1053 1208/1307/1051
f 1209/1308/1052 1211/1310/1054 1210/1309/1053
f 1211/1310/1054 1212/1311/1055 1210/1309/1053
f 1211/1310/1054 1213/1312/1056 1212/1311/1055
f 1213/1312/1056 1214/1313/1057 1212/1311/1055
f 1213/1312/1056 1215/1314/1058 1214/1313/1057
f 1215/1314/1058 1216/1315/1059 1214/1313/1057
f 1215/1314/1058 1217/1316/1060 1216/1315/1059
f 1217/1316/1060 1118/1213/957 1216/1315/1059
f 1217/1316/1060 1117/1207/948 1118/1213/957
f 1117/1207/948 990/1212/956 1118/1213/957
f 1117/1207/948 992/1208/949 990/1212/956
f 1036/1204/945 1117/1207/948 1116/1206/947
f 1117/1207/948 1193/1291/1035 1116/1206/947
f 1117/1207/948 1217/1316/1060 1193/1291/1035
f 1217/1316/1060 1191/1289/1033 1193/1291/1035
f 1217/1316/1060 1215/1314/1058 1191/1289/1033
f 1215/1314/1058 1189/1287/1031 1191/1289/1033
f 1215/1314/1058 1213/1312/1056 1189/1287/1031
f 1213/1312/1056 1187/1285/1029 1189/1287/1031
f 1213/1312/1056 1211/1310/1054 1187/1285/1029
f 1211/1310/1054 1185/1283/1027 1187/1285/1029
f 1211/1310/1054 1209/1308/1052 1185/1283/1027
f 1209/1308/1052 1183/1281/1025 1185/1283/1027
f 1209/1308/1052 1207/1306/1050 1183/1281/1025
f 1207/1306/1050 1181/1279/1023 1183/1281/1025
f 1207/1306/1050 1205/1304/1048 1181/1279/1023
f 1205/1304/1048 1179/1277/1021 1181/1279/1023
f 1205/1304/1048 1203/1302/1046 1179/1277/1021
f 1203/1302/1046 1177/1275/1019 1179/1277/1021
f 1203/1302/1046 1201/1300/1044 1177/1275/1019
f 1201/1300/1044 1175/1273/1017 1177/1275/1019
f 1201/1300/1044 1199/1298/1042 1175/1273/1017
f 1199/1298/1042 1173/1271/1015 1175/1273/1017
f 1199/1298/1042 1197/1296/1040 1173/1271/1015
f 1197/1296/1040 1108/1192/920 1173/1271/1015
f 1197/1296/1040 1110/1195/926 1108/1192/920
f 1110/1195/926 866/932/922 1108/1192/920
f 1110/1195/926 864/930/927 866/932/922
f 1218/1317/1061 1219/1318/1062 1102/1186/914
f 1220/1319/1063 1052/1136/862 1221/1320/1064
f 1052/1136/862 1053/1137/573 1221/1320/1064
f 1222/1321/1065 1221/1320/1064 1053/1137/573
f 1069/1153/878 1053/1137/573 1054/1138/863
f 1218/1317/1061 1223/1322/1066 1219/1318/1062
f 1223/1322/1066 1224/1323/1067 1219/1318/1062
f 1223/1322/1066 1225/1324/1068 1224/1323/1067
f 1225/1324/1068 1226/1325/1069 1224/1323/1067
f 1225/1324/1068 1227/1326/1070 1226/1325/1069
f 1227/1326/1070 1228/1327/1071 1226/1325/1069
f 1227/1326/1070 1229/1328/1072 1228/1327/1071
f 1229/1328/1072 1230/1329/1073 1228/1327/1071
f 1229/1328/1072 1231/1330/1074 1230/1329/1073
f 1231/1330/1074 1232/1331/1075 1230/1329/1073
f 1231/1330/1074 1233/1332/1076 1232/1331/1075
f 1233/1332/1076 1234/1333/1077 1232/1331/1075
f 1233/1332/1076 1235/1334/1078 1234/1333/1077
f 1235/1334/1078 1236/1335/1079 1234/1333/1077
f 1235/1334/1078 1237/1336/1080 1236/1335/1079
f 1237/1336/1080 1238/1337/1081 1236/1335/1079
f 1237/1336/1080 1239/1338/1082 1238/1337/1081
f 1239/1338/1082 1240/1339/1083 1238/1337/1081
f 1239/1338/1082 1241/1340/1084 1240/1339/1083
f 1241/1340/1084 1242/1341/1085 1240/1339/1083
f 1241/1340/1084 1243/1342/1086 1242/1341/1085
f 1243/1342/1086 1244/1343/1087 1242/1341/1085
f 1243/1342/1086 1245/1344/1088 1244/1343/1087
f 1245/1344/1088 1246/1345/1089 1244/1343/1087
f 1245/1344/1088 1247/1346/1090 1246/1345/1089
f 1247/1346/1090 1248/1347/1091 1246/1345/1089
f 1247/1346/1090 1249/1348/1092 1248/1347/1091
f 1249/1348/1092 1250/1349/1093 1248/1347/1091
f 1249/1348/1092 1251/1350/1094 1250/1349/1093
f 1251/1350/1094 1252/1351/1095 1250/1349/1093
f 1251/1350/1094 1253/1352/1096 1252/1351/1095
f 1253/1352/1096 1254/1353/1097 1252/1351/1095
f 1253/1352/1096 1255/1354/1098 1254/1353/1097
f 1255/1354/1098 1256/1355/1099 1254/1353/1097
f 1255/1354/1098 1257/1356/1100 1256/1355/1099
f 1257/1356/1100 1258/1357/1101 1256/1355/1099
f 1257/1356/1100 1259/1358/1102 1258/1357/1101
f 1259/1358/1102 1260/1359/1103 1258/1357/1101
f 1259/1358/1102 1261/1360/1104 1260/1359/1103
f 1261/1360/1104 1262/1361/1105 1260/1359/1103
f 1261/1360/1104 1263/1362/1106 1262/1361/1105
f 1263/1362/1106 1264/1363/1107 1262/1361/1105
f 1263/1362/1106 1265/1364/1108 1264/1363/1107
f 1265/1364/1108 1266/1365/1109 1264/1363/1107
f 1265/1364/1108 1267/1366/1110 1266/1365/1109
f 1267/1366/1110 1268/1367/1111 1266/1365/1109
f 1267/1366/1110 1269/1368/1112 1268/1367/1111
f 1269/1368/1112 1270/1369/1113 1268/1367/1111
f 1269/1368/1112 1271/1370/1114 1270/1369/1113
f 1271/1370/1114 1272/1371/1115 1270/1369/1113
f 1271/1370/1114 1273/1372/1116 1272/1371/1115
f 1273/1372/1116 1274/1373/1117 1272/1371/1115
f 1273/1372/1116 1275/1374/1118 1274/1373/1117
f 1275/1374/1118 1095/1179/907 1274/1373/1117
f 1275/1374/1118 1276/1375/1119 1095/1179/907
f 1276/1375/1119 1096/1180/908 1095/1179/907
f 1276/1375/1119 1090/1174/902 1096/1180/908
f 1220/1319/1063 1277/1376/1120 1052/1136/862
f 1277/1376/1120 1054/1138/863 1052/1136/862
f 1277/1376/1120 1278/1377/1121 1054/1138/863
f 1278/1377/1121 1069/1153/878 1054/1138/863
f 1278/1377/1121 1279/1378/1122 1069/1153/878
f 1279/1378/1122 1067/1151/876 1069/1153/878
f 1279/1378/1122 1280/1379/1123 1067/1151/876
f 1280/1379/1123 1068/1152/877 1067/1151/876
f 1280/1379/1123 1281/1380/1124 1068/1152/877
f 1281/1380/1124 1070/1154/879 1068/1152/877
f 1281/1380/1124 1282/1381/1125 1070/1154/879
f 1282/1381/1125 1071/1155/880 1070/1154/879
f 1282/1381/1125 1283/1382/1126 1071/1155/880
f 1283/1382/1126 1072/1156/881 1071/1155/880
f 1283/1382/1126 1284/1383/1127 1072/1156/881
f 1284/1383/1127 1055/1139/864 1072/1156/881
f 1284/1383/1127 1285/1384/1128 1055/1139/864
f 1285/1384/1128 1056/1140/865 1055/1139/864
f 1285/1384/1128 1286/1385/1129 1056/1140/865
f 1286/1385/1129 1073/1157/882 1056/1140/865
f 1286/1385/1129 1287/1386/1130 1073/1157/882
f 1287/1386/1130 1074/1158/883 1073/1157/882
f 1287/1386/1130 1288/1387/1131 1074/1158/883
f 1288/1387/1131 1057/1141/866 1074/1158/883
f 1288/1387/1131 1289/1388/1132 1057/1141/866
f 1289/1388/1132 1058/1142/867 1057/1141/866
f 1289/1388/1132 1290/1389/1133 1058/1142/867
f 1290/1389/1133 1075/1159/884 1058/1142/867
f 1290/1389/1133 1291/1390/1134 1075/1159/884
f 1291/1390/1134 1076/1160/885 1075/1159/884
f 1291/1390/1134 1292/1391/1135 1076/1160/885
f 1292/1391/1135 1059/1143/868 1076/1160/885
f 1292/1391/1135 1293/1392/1136 1059/1143/868
f 1293/1392/1136 1060/1144/869 1059/1143/868
f 1293/1392/1136 1294/1393/1137 1060/1144/869
f 1294/1393/1137 1077/1161/886 1060/1144/869
f 1294/1393/1137 1295/1394/1138 1077/1161/886
f 1295/1394/1138 1078/1162/887 1077/1161/886
f 1295/1394/1138 1296/1395/1139 1078/1162/887
f 1296/1395/1139 1061/1145/870 1078/1162/887
f 1296/1395/1139 1297/1396/1140 1061/1145/870
f 1297/1396/1140 1062/1146/871 1061/1145/870
f 1297/1396/1140 1298/1397/1141 1062/1146/871
f 1298/1397/1141 1063/1147/872 1062/1146/871
f 1298/1397/1141 1299/1398/1142 1063/1147/872
f 1299/1398/1142 1064/1148/873 1063/1147/872
f 1299/1398/1142 1300/1399/1143 1064/1148/873
f 1300/1399/1143 1065/1149/874 1064/1148/873
f 1300/1399/1143 1301/1400/1144 1065/1149/874
f 1301/1400/1144 1066/1150/875 1065/1149/874
f 1301/1400/1144 1302/1401/1145 1066/1150/875
f 1302/1401/1145 1079/1163/888 1066/1150/875
f 1302/1401/1145 1303/1402/1146 1079/1163/888
f 1303/1402/1146 1080/1164/889 1079/1163/888
f 1303/1402/1146 1097/1181/909 1080/1164/889
f 1097/1181/909 1101/1185/913 1080/1164/889
f 1097/1181/909 1098/1182/910 1101/1185/913
f 1093/1177/905 1097/1181/909 1095/1179/907
f 1097/1181/909 1274/1373/1117 1095/1179/907
f 1097/1181/909 1303/1402/1146 1274/1373/1117
f 1303/1402/1146 1272/1371/1115 1274/1373/1117
f 1303/1402/1146 1302/1401/1145 1272/1371/1115
f 1302/1401/1145 1270/1369/1113 1272/1371/1115
f 1302/1401/1145 1301/1400/1144 1270/1369/1113
f 1301/1400/1144 1268/1367/1111 1270/1369/1113
f 1301/1400/1144 1300/1399/1143 1268/1367/1111
f 1300/1399/1143 1266/1365/1109 1268/1367/1111
f 1300/1399/1143 1299/1398/1142 1266/1365/1109
f 1299/1398/1142 1264/1363/1107 1266/1365/1109
f 1299/1398/1142 1298/1397/1141 1264/1363/1107
f 1298/1397/1141 1262/1361/1105 1264/1363/1107
f 1298/1397/1141 1297/1396/1140 1262/1361/1105
f 1297/1396/1140 1260/1359/1103 1262/1361/1105
f 1297/1396/1140 1296/1395/1139 1260/1359/1103
f 1296/1395/1139 1258/1357/1101 1260/1359/1103
f 1296/1395/1139 1295/1394/1138 1258/1357/1101
f 1295/1394/1138 1256/1355/1099 1258/1357/1101
f 1295/1394/1138 1294/1393/1137 1256/1355/1099
f 1294/1393/1137 1254/1353/1097 1256/1355/1099
f 1294/1393/1137 1293/1392/1136 1254/1353/1097
f 1293/1392/1136 1252/1351/1095 1254/1353/1097
f 1293/1392/1136 1292/1391/1135 1252/1351/1095
f 1292/1391/1135 1250/1349/1093 1252/1351/1095
f 1292/1391/1135 1291/1390/1134 1250/1349/1093
f 1291/1390/1134 1248/1347/1091 1250/1349/1093
f 1291/1390/1134 1290/1389/1133 1248/1347/1091
f 1290/1389/1133 1246/1345/1089 1248/1347/1091
f 1290/1389/1133 1289/1388/1132 1246/1345/1089
f 1289/1388/1132 1244/1343/1087 1246/1345/1089
f 1289/1388/1132 1288/1387/1131 1244/1343/1087
f 1288/1387/1131 1242/1341/1085 1244/1343/1087
f 1288/1387/1131 1287/1386/1130 1242/1341/1085
f 1287/1386/1130 1240/1339/1083 1242/1341/1085
f 1287/1386/1130 1286/1385/1129 1240/1339/1083
f 1286/1385/1129 1238/1337/1081 1240/1339/1083
f 1286/1385/1129 1285/1384/1128 1238/1337/1081
f 1285/1384/1128 1236/1335/1079 1238/1337/1081
f 1285/1384/1128 1284/1383/1127 1236/1335/1079
f 1284/1383/1127 1234/1333/1077 1236/1335/1079
f 1284/1383/1127 1283/1382/1126 1234/1333/1077
f 1283/1382/1126 1232/1331/1075 1234/1333/1077
f 1283/1382/1126 1282/1381/1125 1232/1331/1075
f 1282/1381/1125 1230/1329/1073 1232/1331/1075
f 1282/1381/1125 1281/1380/1124 1230/1329/1073
f 1281/1380/1124 1228/1327/1071 1230/1329/1073
f 1281/1380/1124 1280/1379/1123 1228/1327/1071
f 1280/1379/1123 1226/1325/1069 1228/1327/1071
f 1280/1379/1123 1279/1378/1122 1226/1325/1069
f 1279/1378/1122 1224/1323/1067 1226/1325/1069
f 1279/1378/1122 1278/1377/1121 1224/1323/1067
f 1278/1377/1121 1219/1318/1062 1224/1323/1067
f 1278/1377/1121 1277/1376/1120 1219/1318/1062
f 1277/1376/1120 1102/1186/914 1219/1318/1062
f 1277/1376/1120 1220/1319/1063 1102/1186/914
f 1220/1319/1063 1104/1188/916 1102/1186/914
f 1220/1319/1063 1221/1320/1064 1104/1188/916
f 1221/1320/1064 1304/1403/1147 1104/1188/916
f 1221/1320/1064 1222/1321/1065 1304/1403/1147
f 1090/1174/902 1276/1375/1119 1092/1176/904
f 1276/1375/1119 1149/1247/991 1092/1176/904
f 1276/1375/1119 1275/1374/1118 1149/1247/991
f 1275/1374/1118 1151/1249/993 1149/1247/991
f 1275/1374/1118 1273/1372/1116 1151/1249/993
f 1273/1372/1116 1153/1251/995 1151/1249/993
f 1273/1372/1116 1271/1370/1114 1153/1251/995
f 1271/1370/1114 1155/1253/997 1153/1251/995
f 1271/1370/1114 1269/1368/1112 1155/1253/997
f 1269/1368/1112 1157/1255/999 1155/1253/997
f 1269/1368/1112 1267/1366/1110 1157/1255/999
f 1267/1366/1110 1159/1257/1001 1157/1255/999
f 1267/1366/1110 1265/1364/1108 1159/1257/1001
f 1265/1364/1108 1161/1259/1003 1159/1257/1001
f 1265/1364/1108 1263/1362/1106 1161/1259/1003
f 1263/1362/1106 1163/1261/1005 1161/1259/1003
f 1263/1362/1106 1261/1360/1104 1163/1261/1005
f 1261/1360/1104 1165/1263/1007 1163/1261/1005
f 1261/1360/1104 1259/1358/1102 1165/1263/1007
f 1259/1358/1102 1167/1265/1009 1165/1263/1007
f 1259/1358/1102 1257/1356/1100 1167/1265/1009
f 1257/1356/1100 1169/1267/1011 1167/1265/1009
f 1257/1356/1100 1255/1354/1098 1169/1267/1011
f 1255/1354/1098 1171/1269/1013 1169/1267/1011
f 1255/1354/1098 1253/1352/1096 1171/1269/1013
f 1253/1352/1096 1120/1217/961 1171/1269/1013
f 1253/1352/1096 1251/1350/1094 1120/1217/961
f 1251/1350/1094 1119/1215/959 1120/1217/961
f 1251/1350/1094 1249/1348/1092 1119/1215/959
f 1249/1348/1092 1118/1213/957 1119/1215/959
f 1249/1348/1092 1247/1346/1090 1118/1213/957
f 1247/1346/1090 1216/1315/1059 1118/1213/957
f 1247/1346/1090 1245/1344/1088 1216/1315/1059
f 1245/1344/1088 1214/1313/1057 1216/1315/1059
f 1245/1344/1088 1243/1342/1086 1214/1313/1057
f 1243/1342/1086 1212/1311/1055 1214/1313/1057
f 1243/1342/1086 1241/1340/1084 1212/1311/1055
f 1241/1340/1084 1210/1309/1053 1212/1311/1055
f 1241/1340/1084 1239/1338/1082 1210/1309/1053
f 1239/1338/1082 1208/1307/1051 1210/1309/1053
f 1239/1338/1082 1237/1336/1080 1208/1307/1051
f 1237/1336/1080 1206/1305/1049 1208/1307/1051
f 1237/1336/1080 1235/1334/1078 1206/1305/1049
f 1235/1334/1078 1204/1303/1047 1206/1305/1049
f 1235/1334/1078 1233/1332/1076 1204/1303/1047
f 1233/1332/1076 1202/1301/1045 1204/1303/1047
f 1233/1332/1076 1231/1330/1074 1202/1301/1045
f 1231/1330/1074 1200/1299/1043 1202/1301/1045
f 1231/1330/1074 1229/1328/1072 1200/1299/1043
f 1229/1328/1072 1198/1297/1041 1200/1299/1043
f 1229/1328/1072 1227/1326/1070 1198/1297/1041
f 1227/1326/1070 1196/1295/1039 1198/1297/1041
f 1227/1326/1070 1225/1324/1068 1196/1295/1039
f 1225/1324/1068 1195/1294/1038 1196/1295/1039
f 1225/1324/1068 1223/1322/1066 1195/1294/1038
f 1223/1322/1066 1105/1189/917 1195/1294/1038
f 1223/1322/1066 1218/1317/1061 1105/1189/917
f 1218/1317/1061 1107/1191/919 1105/1189/917
f 1218/1317/1061 1102/1186/914 1107/1191/919
f 1102/1186/914 1305/1404/1148 1107/1191/919
f 1102/1186/914 1103/1187/915 1305/1404/1148
f 1306/1405/1149 1307/1406/1150 1053/1137/573
f 1308/1407/1151 1309/1408/1152 1053/1137/573
f 1310/1409/1153 1308/1407/1151 1053/1137/573
f 1311/1410/1154 1053/1137/573 1309/1408/1152
f 1312/1411/1155 1313/1412/1156 1053/1137/573
f 1314/1413/1157 1312/1411/1155 1053/1137/573
f 1315/1414/1158 1053/1137/573 1313/1412/1156
f 1310/1409/1153 1053/1137/573 1315/1414/1158
f 1316/1415/1159 1317/1416/1160 1053/1137/573
f 1318/1417/1161 1316/1415/1159 1053/1137/573
f 1319/1418/1162 1053/1137/573 1317/1416/1160
f 1314/1413/1157 1053/1137/573 1319/1418/1162
f 1320/1419/1163 1321/1420/1164 1053/1137/573
f 1322/1421/1165 1320/1419/1163 1053/1137/573
f 1323/1422/1166 1053/1137/573 1321/1420/1164
f 1318/1417/1161 1053/1137/573 1323/1422/1166
f 1324/1423/1167 1325/1424/1168 1053/1137/573
f 1326/1425/1169 1324/1423/1167 1053/1137/573
f 1327/1426/1170 1053/1137/573 1325/1424/1168
f 1322/1421/1165 1053/1137/573 1327/1426/1170
f 1328/1427/1171 1329/1428/1172 1053/1137/573
f 1330/1429/1173 1328/1427/1171 1053/1137/573
f 1331/1430/1174 1053/1137/573 1329/1428/1172
f 1326/1425/1169 1053/1137/573 1331/1430/1174
f 1332/1431/1175 1333/1432/1176 1053/1137/573
f 1334/1433/1177 1332/1431/1175 1053/1137/573
f 1335/1434/1178 1053/1137/573 1333/1432/1176
f 1330/1429/1173 1053/1137/573 1335/1434/1178
f 1336/1435/1179 1337/1436/1180 1053/1137/573
f 1338/1437/1181 1336/1435/1179 1053/1137/573
f 1339/1438/1182 1053/1137/573 1337/1436/1180
f 1334/1433/1177 1053/1137/573 1339/1438/1182
f 1340/1439/1183 1341/1440/1184 1053/1137/573
f 1342/1441/1185 1340/1439/1183 1053/1137/573
f 1343/1442/1186 1053/1137/573 1341/1440/1184
f 1338/1437/1181 1053/1137/573 1343/1442/1186
f 1082/1166/894 1344/1443/1187 1084/1168/896
f 1101/1185/913 1306/1405/1149 1100/1184/912
f 972/1444/1188 1345/1446/1190 953/1445/1189
f 968/1038/1191 966/1036/1193 1346/1447/1192
f 966/1036/1193 1347/1448/1194 1346/1447/1192
f 966/1036/1193 964/1449/1195 1347/1448/1194
f 968/1038/1191 1348/1450/1197 969/1039/1196
f 1348/1450/1197 971/1041/1198 969/1039/1196
f 1348/1450/1197 1349/1451/1199 971/1041/1198
f 1349/1451/1199 977/1452/1200 971/1041/1198
f 1350/1453/1201 956/1455/1203 957/1454/1202
f 1350/1453/1201 1351/1456/1204 956/1455/1203
f 1351/1456/1204 960/1457/1205 956/1455/1203
f 1351/1456/1204 962/1458/1206 960/1457/1205
f 957/1454/1202 980/1459/1207 1350/1453/1201
f 980/1459/1207 1352/1460/1208 1350/1453/1201
f 980/1459/1207 981/1461/1209 1352/1460/1208
f 949/1462/1210 1353/1464/1212 944/1463/1211
f 1353/1464/1212 947/1465/1213 944/1463/1211
f 987/1466/1214 1354/1468/1216 985/1467/1215
f 1354/1468/1216 983/1469/1217 985/1467/1215
f 1354/1468/1216 981/1461/1209 983/1469/1217
f 1345/1446/1190 1355/1470/1218 953/1445/1189
f 1355/1470/1218 949/1462/1210 953/1445/1189
f 1355/1470/1218 1356/1471/1219 949/1462/1210
f 972/1444/1188 973/1472/1220 1345/1446/1190
f 973/1472/1220 1357/1473/1221 1345/1446/1190
f 973/1472/1220 975/1474/1222 1357/1473/1221
f 975/1474/1222 1358/1475/1223 1357/1473/1221
f 975/1474/1222 977/1452/1200 1358/1475/1223
f 1104/1188/916 1359/1476/1224 1103/1187/915
f 1359/1476/1224 1305/1404/1148 1103/1187/915
f 1359/1476/1224 1107/1191/919 1305/1404/1148
f 1304/1403/1147 1222/1321/1065 1360/1477/1225
f 1222/1321/1065 1053/1137/573 1360/1477/1225
f 1311/1410/1154 1360/1477/1225 1053/1137/573
f 1100/1184/912 1306/1405/1149 1099/1183/911
f 1306/1405/1149 1053/1137/573 1099/1183/911
f 1342/1441/1185 1053/1137/573 1307/1406/1150
f 1361/1478/1226 1101/1185/913 1098/1182/910
f 1362/1479/1227 1093/1177/905 1094/1178/906
f 1363/1480/1228 1094/1178/906 1096/1180/908
f 1364/1481/1229 1090/1174/902 1091/1175/903
f 1365/1482/1230 1091/1175/903 1085/1169/897
f 1089/1173/901 1366/1483/1231 1088/1172/900
f 1366/1483/1231 1086/1170/898 1088/1172/900
f 1146/1244/988 1367/1484/1232 1089/1173/901
f 1367/1484/1232 1366/1483/1231 1089/1173/901
f 1367/1484/1232 1368/1485/1233 1366/1483/1231
f 1368/1485/1233 1369/1486/1234 1366/1483/1231
f 1370/1487/1235 1372/1489/1237 1371/1488/1236
f 1372/1489/1237 1373/1490/1238 1371/1488/1236
f 1372/1489/1237 1369/1486/1234 1373/1490/1238
f 1369/1486/1234 1374/1491/1239 1373/1490/1238
f 1369/1486/1234 1368/1485/1233 1374/1491/1239
f 1375/1492/1240 1370/1487/1235 1376/1493/1241
f 1370/1487/1235 1377/1494/1242 1376/1493/1241
f 1370/1487/1235 1371/1488/1236 1377/1494/1242
f 1378/1495/1243 1380/1497/1245 1379/1496/1244
f 1380/1497/1245 1381/1498/1246 1379/1496/1244
f 1380/1497/1245 1375/1492/1240 1381/1498/1246
f 1375/1492/1240 1382/1499/1247 1381/1498/1246
f 1375/1492/1240 1376/1493/1241 1382/1499/1247
f 1383/1500/1248 1385/1502/1250 1384/1501/1249
f 1385/1502/1250 1386/1503/1251 1384/1501/1249
f 1385/1502/1250 1387/1504/1252 1386/1503/1251
f 1387/1504/1252 1388/1505/1253 1386/1503/1251
f 1387/1504/1252 1389/1506/1254 1388/1505/1253
f 1389/1506/1254 1390/1507/1255 1388/1505/1253
f 1389/1506/1254 1378/1495/1243 1390/1507/1255
f 1378/1495/1243 1391/1508/1256 1390/1507/1255
f 1378/1495/1243 1379/1496/1244 1391/1508/1256
f 1392/1509/1257 1383/1500/1248 1393/1510/1258
f 1383/1500/1248 1394/1511/1259 1393/1510/1258
f 1383/1500/1248 1384/1501/1249 1394/1511/1259
f 1395/1512/1260 1397/1514/1262 1396/1513/1261
f 1397/1514/1262 1398/1515/1263 1396/1513/1261
f 1397/1514/1262 1399/1516/1264 1398/1515/1263
f 1399/1516/1264 1400/1517/1265 1398/1515/1263
f 1399/1516/1264 1392/1509/1257 1400/1517/1265
f 1392/1509/1257 1401/1518/1266 1400/1517/1265
f 1392/1509/1257 1393/1510/1258 1401/1518/1266
f 1402/1519/1267 1395/1512/1260 1403/1520/1268
f 1395/1512/1260 1404/1521/1269 1403/1520/1268
f 1395/1512/1260 1396/1513/1261 1404/1521/1269
f 977/1452/1200 1349/1451/1199 1358/1475/1223
f 1349/1451/1199 1405/1522/1270 1358/1475/1223
f 1349/1451/1199 1348/1450/1197 1405/1522/1270
f 1348/1450/1197 1406/1523/1271 1405/1522/1270
f 1348/1450/1197 1407/1524/1272 1406/1523/1271
f 1407/1524/1272 1408/1525/1273 1406/1523/1271
f 1407/1524/1272 1402/1519/1267 1408/1525/1273
f 1402/1519/1267 1409/1526/1274 1408/1525/1273
f 1402/1519/1267 1403/1520/1268 1409/1526/1274
f 949/1462/1210 1356/1471/1219 1353/1464/1212
f 1356/1471/1219 1410/1527/1275 1353/1464/1212
f 1356/1471/1219 1411/1528/1276 1410/1527/1275
f 1411/1528/1276 1412/1529/1277 1410/1527/1275
f 1411/1528/1276 1413/1530/1278 1412/1529/1277
f 1413/1530/1278 1414/1531/1279 1412/1529/1277
f 1414/1531/1279 1415/1532/1280 1412/1529/1277
f 1414/1531/1279 1416/1533/1281 1415/1532/1280
f 1416/1533/1281 1417/1534/1282 1415/1532/1280
f 1416/1533/1281 1418/1535/1283 1417/1534/1282
f 1419/1536/1284 1417/1534/1282 1420/1537/1285
f 1417/1534/1282 1421/1538/1286 1420/1537/1285
f 1417/1534/1282 1418/1535/1283 1421/1538/1286
f 1422/1539/1287 1419/1536/1284 1423/1540/1288
f 1419/1536/1284 1424/1541/1289 1423/1540/1288
f 1419/1536/1284 1420/1537/1285 1424/1541/1289
f 1425/1542/1290 1427/1544/1292 1426/1543/1291
f 1427/1544/1292 1428/1545/1293 1426/1543/1291
f 1427/1544/1292 1422/1539/1287 1428/1545/1293
f 1422/1539/1287 1429/1546/1294 1428/1545/1293
f 1422/1539/1287 1423/1540/1288 1429/1546/1294
f 1430/1547/1295 1432/1549/1297 1431/1548/1296
f 1432/1549/1297 1433/1550/1298 1431/1548/1296
f 1432/1549/1297 1434/1551/1299 1433/1550/1298
f 1434/1551/1299 1435/1552/1300 1433/1550/1298
f 1434/1551/1299 1436/1553/1301 1435/1552/1300
f 1436/1553/1301 1437/1554/1302 1435/1552/1300
f 1436/1553/1301 1425/1542/1290 1437/1554/1302
f 1425/1542/1290 1438/1555/1303 1437/1554/1302
f 1425/1542/1290 1426/1543/1291 1438/1555/1303
f 1439/1556/1304 1430/1547/1295 1440/1557/1305
f 1430/1547/1295 1441/1558/1306 1440/1557/1305
f 1430/1547/1295 1431/1548/1296 1441/1558/1306
f 1442/1559/1307 1444/1561/1309 1443/1560/1308
f 1444/1561/1309 1445/1562/1310 1443/1560/1308
f 1444/1561/1309 1446/1563/1311 1445/1562/1310
f 1446/1563/1311 1447/1564/1312 1445/1562/1310
f 1446/1563/1311 1439/1556/1304 1447/1564/1312
f 1439/1556/1304 1448/1565/1313 1447/1564/1312
f 1439/1556/1304 1440/1557/1305 1448/1565/1313
f 874/942/893 1039/1566/1314 1082/1166/894
f 1039/1566/1314 1344/1443/1187 1082/1166/894
f 1039/1566/1314 1449/1567/1315 1344/1443/1187
f 1449/1567/1315 1450/1568/1316 1344/1443/1187
f 1449/1567/1315 1442/1559/1307 1450/1568/1316
f 1442/1559/1307 1451/1569/1317 1450/1568/1316
f 1442/1559/1307 1443/1560/1308 1451/1569/1317
f 1045/1570/1318 1449/1567/1315 1043/1571/1319
f 1449/1567/1315 1041/1572/1320 1043/1571/1319
f 1449/1567/1315 1039/1566/1314 1041/1572/1320
f 1049/1573/1321 1452/1575/1323 1047/1574/1322
f 1452/1575/1323 1045/1570/1318 1047/1574/1322
f 1106/1190/918 1453/1576/1324 858/1293/1037
f 1453/1576/1324 1051/1577/1325 858/1293/1037
f 1453/1576/1324 1454/1578/1326 1051/1577/1325
f 1091/1175/903 1365/1482/1230 1364/1481/1229
f 1365/1482/1230 1455/1579/1327 1364/1481/1229
f 1365/1482/1230 1456/1580/1328 1455/1579/1327
f 1456/1580/1328 1457/1581/1329 1455/1579/1327
f 1456/1580/1328 1458/1582/1330 1457/1581/1329
f 1458/1582/1330 1459/1583/1331 1457/1581/1329
f 1458/1582/1330 1460/1584/1332 1459/1583/1331
f 1460/1584/1332 1461/1585/1333 1459/1583/1331
f 1460/1584/1332 1462/1586/1334 1461/1585/1333
f 1462/1586/1334 1463/1587/1335 1461/1585/1333
f 1462/1586/1334 1464/1588/1336 1463/1587/1335
f 1464/1588/1336 1465/1589/1337 1463/1587/1335
f 1464/1588/1336 1466/1590/1338 1465/1589/1337
f 1466/1590/1338 1467/1591/1339 1465/1589/1337
f 1466/1590/1338 1468/1592/1340 1467/1591/1339
f 1468/1592/1340 1469/1593/1341 1467/1591/1339
f 1468/1592/1340 1470/1594/1342 1469/1593/1341
f 1470/1594/1342 1471/1595/1343 1469/1593/1341
f 1470/1594/1342 1472/1596/1344 1471/1595/1343
f 1472/1596/1344 1473/1597/1345 1471/1595/1343
f 1472/1596/1344 1474/1598/1346 1473/1597/1345
f 1474/1598/1346 1475/1599/1347 1473/1597/1345
f 1474/1598/1346 1476/1600/1348 1475/1599/1347
f 1476/1600/1348 1477/1601/1349 1475/1599/1347
f 1476/1600/1348 1478/1602/1350 1477/1601/1349
f 1478/1602/1350 1479/1603/1351 1477/1601/1349
f 1478/1602/1350 1480/1604/1352 1479/1603/1351
f 1480/1604/1352 1481/1605/1353 1479/1603/1351
f 1480/1604/1352 1482/1606/1354 1481/1605/1353
f 1482/1606/1354 1483/1607/1355 1481/1605/1353
f 1482/1606/1354 1484/1608/1356 1483/1607/1355
f 1484/1608/1356 1485/1609/1357 1483/1607/1355
f 1484/1608/1356 1486/1610/1358 1485/1609/1357
f 1486/1610/1358 1487/1611/1359 1485/1609/1357
f 1486/1610/1358 1346/1447/1192 1487/1611/1359
f 1346/1447/1192 1351/1456/1204 1487/1611/1359
f 1346/1447/1192 1347/1448/1194 1351/1456/1204
f 1347/1448/1194 962/1458/1206 1351/1456/1204
f 1347/1448/1194 964/1449/1195 962/1458/1206
f 968/1038/1191 1346/1447/1192 1348/1450/1197
f 1346/1447/1192 1407/1524/1272 1348/1450/1197
f 1346/1447/1192 1486/1610/1358 1407/1524/1272
f 1486/1610/1358 1402/1519/1267 1407/1524/1272
f 1486/1610/1358 1484/1608/1356 1402/1519/1267
f 1484/1608/1356 1395/1512/1260 1402/1519/1267
f 1484/1608/1356 1482/1606/1354 1395/1512/1260
f 1482/1606/1354 1397/1514/1262 1395/1512/1260
f 1482/1606/1354 1480/1604/1352 1397/1514/1262
f 1480/1604/1352 1399/1516/1264 1397/1514/1262
f 1480/1604/1352 1478/1602/1350 1399/1516/1264
f 1478/1602/1350 1392/1509/1257 1399/1516/1264
f 1478/1602/1350 1476/1600/1348 1392/1509/1257
f 1476/1600/1348 1383/1500/1248 1392/1509/1257
f 1476/1600/1348 1474/1598/1346 1383/1500/1248
f 1474/1598/1346 1385/1502/1250 1383/1500/1248
f 1474/1598/1346 1472/1596/1344 1385/1502/1250
f 1472/1596/1344 1387/1504/1252 1385/1502/1250
f 1472/1596/1344 1470/1594/1342 1387/1504/1252
f 1470/1594/1342 1389/1506/1254 1387/1504/1252
f 1470/1594/1342 1468/1592/1340 1389/1506/1254
f 1468/1592/1340 1378/1495/1243 1389/1506/1254
f 1468/1592/1340 1466/1590/1338 1378/1495/1243
f 1466/1590/1338 1380/1497/1245 1378/1495/1243
f 1466/1590/1338 1464/1588/1336 1380/1497/1245
f 1464/1588/1336 1375/1492/1240 1380/1497/1245
f 1464/1588/1336 1462/1586/1334 1375/1492/1240
f 1462/1586/1334 1370/1487/1235 1375/1492/1240
f 1462/1586/1334 1460/1584/1332 1370/1487/1235
f 1460/1584/1332 1372/1489/1237 1370/1487/1235
f 1460/1584/1332 1458/1582/1330 1372/1489/1237
f 1458/1582/1330 1369/1486/1234 1372/1489/1237
f 1458/1582/1330 1456/1580/1328 1369/1486/1234
f 1456/1580/1328 1366/1483/1231 1369/1486/1234
f 1456/1580/1328 1365/1482/1230 1366/1483/1231
f 1365/1482/1230 1086/1170/898 1366/1483/1231
f 1365/1482/1230 1085/1169/897 1086/1170/898
f 981/1461/1209 1354/1468/1216 1352/1460/1208
f 1354/1468/1216 1488/1612/1360 1352/1460/1208
f 1354/1468/1216 1489/1613/1361 1488/1612/1360
f 1489/1613/1361 1490/1614/1362 1488/1612/1360
f 1489/1613/1361 1491/1615/1363 1490/1614/1362
f 1491/1615/1363 1492/1616/1364 1490/1614/1362
f 1491/1615/1363 1493/1617/1365 1492/1616/1364
f 1493/1617/1365 1494/1618/1366 1492/1616/1364
f 1493/1617/1365 1495/1619/1367 1494/1618/1366
f 1495/1619/1367 1496/1620/1368 1494/1618/1366
f 1495/1619/1367 1497/1621/1369 1496/1620/1368
f 1497/1621/1369 1498/1622/1370 1496/1620/1368
f 1497/1621/1369 1499/1623/1371 1498/1622/1370
f 1499/1623/1371 1500/1624/1372 1498/1622/1370
f 1499/1623/1371 1501/1625/1373 1500/1624/1372
f 1501/1625/1373 1502/1626/1374 1500/1624/1372
f 1501/1625/1373 1503/1627/1375 1502/1626/1374
f 1503/1627/1375 1504/1628/1376 1502/1626/1374
f 1503/1627/1375 1505/1629/1377 1504/1628/1376
f 1505/1629/1377 1506/1630/1378 1504/1628/1376
f 1505/1629/1377 1507/1631/1379 1506/1630/1378
f 1507/1631/1379 1508/1632/1380 1506/1630/1378
f 1507/1631/1379 1509/1633/1381 1508/1632/1380
f 1509/1633/1381 1510/1634/1382 1508/1632/1380
f 1509/1633/1381 1511/1635/1383 1510/1634/1382
f 1511/1635/1383 1512/1636/1384 1510/1634/1382
f 1511/1635/1383 1513/1637/1385 1512/1636/1384
f 1513/1637/1385 1514/1638/1386 1512/1636/1384
f 1513/1637/1385 1515/1639/1387 1514/1638/1386
f 1515/1639/1387 1516/1640/1388 1514/1638/1386
f 1515/1639/1387 1517/1641/1389 1516/1640/1388
f 1517/1641/1389 1518/1642/1390 1516/1640/1388
f 1517/1641/1389 1519/1643/1391 1518/1642/1390
f 1519/1643/1391 1454/1578/1326 1518/1642/1390
f 1519/1643/1391 1452/1575/1323 1454/1578/1326
f 1452/1575/1323 1051/1577/1325 1454/1578/1326
f 1452/1575/1323 1049/1573/1321 1051/1577/1325
f 1045/1570/1318 1452/1575/1323 1449/1567/1315
f 1452/1575/1323 1442/1559/1307 1449/1567/1315
f 1452/1575/1323 1519/1643/1391 1442/1559/1307
f 1519/1643/1391 1444/1561/1309 1442/1559/1307
f 1519/1643/1391 1517/1641/1389 1444/1561/1309
f 1517/1641/1389 1446/1563/1311 1444/1561/1309
f 1517/1641/1389 1515/1639/1387 1446/1563/1311
f 1515/1639/1387 1439/1556/1304 1446/1563/1311
f 1515/1639/1387 1513/1637/1385 1439/1556/1304
f 1513/1637/1385 1430/1547/1295 1439/1556/1304
f 1513/1637/1385 1511/1635/1383 1430/1547/1295
f 1511/1635/1383 1432/1549/1297 1430/1547/1295
f 1511/1635/1383 1509/1633/1381 1432/1549/1297
f 1509/1633/1381 1434/1551/1299 1432/1549/1297
f 1509/1633/1381 1507/1631/1379 1434/1551/1299
f 1507/1631/1379 1436/1553/1301 1434/1551/1299
f 1507/1631/1379 1505/1629/1377 1436/1553/1301
f 1505/1629/1377 1425/1542/1290 1436/1553/1301
f 1505/1629/1377 1503/1627/1375 1425/1542/1290
f 1503/1627/1375 1427/1544/1292 1425/1542/1290
f 1503/1627/1375 1501/1625/1373 1427/1544/1292
f 1501/1625/1373 1422/1539/1287 1427/1544/1292
f 1501/1625/1373 1499/1623/1371 1422/1539/1287
f 1499/1623/1371 1419/1536/1284 1422/1539/1287
f 1499/1623/1371 1497/1621/1369 1419/1536/1284
f 1497/1621/1369 1417/1534/1282 1419/1536/1284
f 1497/1621/1369 1495/1619/1367 1417/1534/1282
f 1495/1619/1367 1415/1532/1280 1417/1534/1282
f 1495/1619/1367 1493/1617/1365 1415/1532/1280
f 1493/1617/1365 1412/1529/1277 1415/1532/1280
f 1493/1617/1365 1491/1615/1363 1412/1529/1277
f 1491/1615/1363 1410/1527/1275 1412/1529/1277
f 1491/1615/1363 1489/1613/1361 1410/1527/1275
f 1489/1613/1361 1353/1464/1212 1410/1527/1275
f 1489/1613/1361 1354/1468/1216 1353/1464/1212
f 1354/1468/1216 947/1465/1213 1353/1464/1212
f 1354/1468/1216 987/1466/1214 947/1465/1213
f 1094/1178/906 1363/1480/1228 1362/1479/1227
f 1363/1480/1228 1520/1644/1392 1362/1479/1227
f 1363/1480/1228 1521/1645/1393 1520/1644/1392
f 1521/1645/1393 1522/1646/1394 1520/1644/1392
f 1521/1645/1393 1523/1647/1395 1522/1646/1394
f 1523/1647/1395 1524/1648/1396 1522/1646/1394
f 1523/1647/1395 1525/1649/1397 1524/1648/1396
f 1525/1649/1397 1526/1650/1398 1524/1648/1396
f 1525/1649/1397 1527/1651/1399 1526/1650/1398
f 1527/1651/1399 1528/1652/1400 1526/1650/1398
f 1527/1651/1399 1529/1653/1401 1528/1652/1400
f 1529/1653/1401 1530/1654/1402 1528/1652/1400
f 1529/1653/1401 1531/1655/1403 1530/1654/1402
f 1531/1655/1403 1532/1656/1404 1530/1654/1402
f 1531/1655/1403 1533/1657/1405 1532/1656/1404
f 1533/1657/1405 1534/1658/1406 1532/1656/1404
f 1533/1657/1405 1535/1659/1407 1534/1658/1406
f 1535/1659/1407 1536/1660/1408 1534/1658/1406
f 1535/1659/1407 1537/1661/1409 1536/1660/1408
f 1537/1661/1409 1538/1662/1410 1536/1660/1408
f 1537/1661/1409 1539/1663/1411 1538/1662/1410
f 1539/1663/1411 1540/1664/1412 1538/1662/1410
f 1539/1663/1411 1541/1665/1413 1540/1664/1412
f 1541/1665/1413 1542/1666/1414 1540/1664/1412
f 1541/1665/1413 1543/1667/1415 1542/1666/1414
f 1543/1667/1415 1544/1668/1416 1542/1666/1414
f 1543/1667/1415 1545/1669/1417 1544/1668/1416
f 1545/1669/1417 1546/1670/1418 1544/1668/1416
f 1545/1669/1417 1547/1671/1419 1546/1670/1418
f 1547/1671/1419 1548/1672/1420 1546/1670/1418
f 1547/1671/1419 1549/1673/1421 1548/1672/1420
f 1549/1673/1421 1550/1674/1422 1548/1672/1420
f 1549/1673/1421 1551/1675/1423 1550/1674/1422
f 1551/1675/1423 1552/1676/1424 1550/1674/1422
f 1551/1675/1423 1553/1677/1425 1552/1676/1424
f 1553/1677/1425 1554/1678/1426 1552/1676/1424
f 1553/1677/1425 1555/1679/1427 1554/1678/1426
f 1555/1679/1427 1556/1680/1428 1554/1678/1426
f 1555/1679/1427 1557/1681/1429 1556/1680/1428
f 1557/1681/1429 1558/1682/1430 1556/1680/1428
f 1557/1681/1429 1559/1683/1431 1558/1682/1430
f 1559/1683/1431 1560/1684/1432 1558/1682/1430
f 1559/1683/1431 1561/1685/1433 1560/1684/1432
f 1561/1685/1433 1562/1686/1434 1560/1684/1432
f 1561/1685/1433 1563/1687/1435 1562/1686/1434
f 1563/1687/1435 1564/1688/1436 1562/1686/1434
f 1563/1687/1435 1565/1689/1437 1564/1688/1436
f 1565/1689/1437 1566/1690/1438 1564/1688/1436
f 1565/1689/1437 1567/1691/1439 1566/1690/1438
f 1567/1691/1439 1568/1692/1440 1566/1690/1438
f 1567/1691/1439 1569/1693/1441 1568/1692/1440
f 1569/1693/1441 1570/1694/1442 1568/1692/1440
f 1569/1693/1441 1571/1695/1443 1570/1694/1442
f 1571/1695/1443 1572/1696/1444 1570/1694/1442
f 1571/1695/1443 1573/1697/1445 1572/1696/1444
f 1573/1697/1445 1574/1698/1446 1572/1696/1444
f 1573/1697/1445 1575/1699/1447 1574/1698/1446
f 1575/1699/1447 1576/1700/1448 1574/1698/1446
f 1575/1699/1447 1577/1701/1449 1576/1700/1448
f 1577/1701/1449 1578/1702/1450 1576/1700/1448
f 1577/1701/1449 1579/1703/1451 1578/1702/1450
f 1579/1703/1451 1580/1704/1452 1578/1702/1450
f 1579/1703/1451 1581/1705/1453 1580/1704/1452
f 1581/1705/1453 1582/1706/1454 1580/1704/1452
f 1581/1705/1453 1583/1707/1455 1582/1706/1454
f 1583/1707/1455 1584/1708/1456 1582/1706/1454
f 1583/1707/1455 1585/1709/1457 1584/1708/1456
f 1585/1709/1457 1586/1710/1458 1584/1708/1456
f 1585/1709/1457 1587/1711/1459 1586/1710/1458
f 1587/1711/1459 1588/1712/1460 1586/1710/1458
f 1587/1711/1459 1589/1713/1461 1588/1712/1460
f 1589/1713/1461 1590/1714/1462 1588/1712/1460
f 1589/1713/1461 1591/1715/1463 1590/1714/1462
f 1591/1715/1463 1592/1716/1464 1590/1714/1462
f 1591/1715/1463 1593/1717/1465 1592/1716/1464
f 1593/1717/1465 1359/1476/1224 1592/1716/1464
f 1593/1717/1465 1594/1718/1466 1359/1476/1224
f 1594/1718/1466 1107/1191/919 1359/1476/1224
f 1594/1718/1466 1106/1190/918 1107/1191/919
f 1101/1185/913 1361/1478/1226 1306/1405/1149
f 1361/1478/1226 1307/1406/1150 1306/1405/1149
f 1361/1478/1226 1595/1719/1467 1307/1406/1150
f 1595/1719/1467 1342/1441/1185 1307/1406/1150
f 1595/1719/1467 1596/1720/1468 1342/1441/1185
f 1596/1720/1468 1340/1439/1183 1342/1441/1185
f 1596/1720/1468 1597/1721/1469 1340/1439/1183
f 1597/1721/1469 1341/1440/1184 1340/1439/1183
f 1597/1721/1469 1598/1722/1470 1341/1440/1184
f 1598/1722/1470 1343/1442/1186 1341/1440/1184
f 1598/1722/1470 1599/1723/1471 1343/1442/1186
f 1599/1723/1471 1338/1437/1181 1343/1442/1186
f 1599/1723/1471 1600/1724/1472 1338/1437/1181
f 1600/1724/1472 1336/1435/1179 1338/1437/1181
f 1600/1724/1472 1601/1725/1473 1336/1435/1179
f 1601/1725/1473 1337/1436/1180 1336/1435/1179
f 1601/1725/1473 1602/1726/1474 1337/1436/1180
f 1602/1726/1474 1339/1438/1182 1337/1436/1180
f 1602/1726/1474 1603/1727/1475 1339/1438/1182
f 1603/1727/1475 1334/1433/1177 1339/1438/1182
f 1603/1727/1475 1604/1728/1476 1334/1433/1177
f 1604/1728/1476 1332/1431/1175 1334/1433/1177
f 1604/1728/1476 1605/1729/1477 1332/1431/1175
f 1605/1729/1477 1333/1432/1176 1332/1431/1175
f 1605/1729/1477 1606/1730/1478 1333/1432/1176
f 1606/1730/1478 1335/1434/1178 1333/1432/1176
f 1606/1730/1478 1607/1731/1479 1335/1434/1178
f 1607/1731/1479 1330/1429/1173 1335/1434/1178
f 1607/1731/1479 1608/1732/1480 1330/1429/1173
f 1608/1732/1480 1328/1427/1171 1330/1429/1173
f 1608/1732/1480 1609/1733/1481 1328/1427/1171
f 1609/1733/1481 1329/1428/1172 1328/1427/1171
f 1609/1733/1481 1610/1734/1482 1329/1428/1172
f 1610/1734/1482 1331/1430/1174 1329/1428/1172
f 1610/1734/1482 1611/1735/1483 1331/1430/1174
f 1611/1735/1483 1326/1425/1169 1331/1430/1174
f 1611/1735/1483 1612/1736/1484 1326/1425/1169
f 1612/1736/1484 1324/1423/1167 1326/1425/1169
f 1612/1736/1484 1613/1737/1485 1324/1423/1167
f 1613/1737/1485 1325/1424/1168 1324/1423/1167
f 1613/1737/1485 1614/1738/1486 1325/1424/1168
f 1614/1738/1486 1327/1426/1170 1325/1424/1168
f 1614/1738/1486 1615/1739/1487 1327/1426/1170
f 1615/1739/1487 1322/1421/1165 1327/1426/1170
f 1615/1739/1487 1616/1740/1488 1322/1421/1165
f 1616/1740/1488 1320/1419/1163 1322/1421/1165
f 1616/1740/1488 1617/1741/1489 1320/1419/1163
f 1617/1741/1489 1321/1420/1164 1320/1419/1163
f 1617/1741/1489 1618/1742/1490 1321/1420/1164
f 1618/1742/1490 1323/1422/1166 1321/1420/1164
f 1618/1742/1490 1619/1743/1491 1323/1422/1166
f 1619/1743/1491 1318/1417/1161 1323/1422/1166
f 1619/1743/1491 1620/1744/1492 1318/1417/1161
f 1620/1744/1492 1316/1415/1159 1318/1417/1161
f 1620/1744/1492 1621/1745/1493 1316/1415/1159
f 1621/1745/1493 1317/1416/1160 1316/1415/1159
f 1621/1745/1493 1622/1746/1494 1317/1416/1160
f 1622/1746/1494 1319/1418/1162 1317/1416/1160
f 1622/1746/1494 1623/1747/1495 1319/1418/1162
f 1623/1747/1495 1314/1413/1157 1319/1418/1162
f 1623/1747/1495 1624/1748/1496 1314/1413/1157
f 1624/1748/1496 1312/1411/1155 1314/1413/1157
f 1624/1748/1496 1625/1749/1497 1312/1411/1155
f 1625/1749/1497 1313/1412/1156 1312/1411/1155
f 1625/1749/1497 1626/1750/1498 1313/1412/1156
f 1626/1750/1498 1315/1414/1158 1313/1412/1156
f 1626/1750/1498 1627/1751/1499 1315/1414/1158
f 1627/1751/1499 1310/1409/1153 1315/1414/1158
f 1627/1751/1499 1628/1752/1500 1310/1409/1153
f 1628/1752/1500 1308/1407/1151 1310/1409/1153
f 1628/1752/1500 1629/1753/1501 1308/1407/1151
f 1629/1753/1501 1309/1408/1152 1308/1407/1151
f 1629/1753/1501 1630/1754/1502 1309/1408/1152
f 1630/1754/1502 1311/1410/1154 1309/1408/1152
f 1630/1754/1502 1631/1755/1503 1311/1410/1154
f 1631/1755/1503 1360/1477/1225 1311/1410/1154
f 1631/1755/1503 1632/1756/1504 1360/1477/1225
f 1632/1756/1504 1304/1403/1147 1360/1477/1225
f 1632/1756/1504 1104/1188/916 1304/1403/1147
f 1104/1188/916 1632/1756/1504 1359/1476/1224
f 1632/1756/1504 1592/1716/1464 1359/1476/1224
f 1632/1756/1504 1631/1755/1503 1592/1716/1464
f 1631/1755/1503 1590/1714/1462 1592/1716/1464
f 1631/1755/1503 1630/1754/1502 1590/1714/1462
f 1630/1754/1502 1588/1712/1460 1590/1714/1462
f 1630/1754/1502 1629/1753/1501 1588/1712/1460
f 1629/1753/1501 1586/1710/1458 1588/1712/1460
f 1629/1753/1501 1628/1752/1500 1586/1710/1458
f 1628/1752/1500 1584/1708/1456 1586/1710/1458
f 1628/1752/1500 1627/1751/1499 1584/1708/1456
f 1627/1751/1499 1582/1706/1454 1584/1708/1456
f 1627/1751/1499 1626/1750/1498 1582/1706/1454
f 1626/1750/1498 1580/1704/1452 1582/1706/1454
f 1626/1750/1498 1625/1749/1497 1580/1704/1452
f 1625/1749/1497 1578/1702/1450 1580/1704/1452
f 1625/1749/1497 1624/1748/1496 1578/1702/1450
f 1624/1748/1496 1576/1700/1448 1578/1702/1450
f 1624/1748/1496 1623/1747/1495 1576/1700/1448
f 1623/1747/1495 1574/1698/1446 1576/1700/1448
f 1623/1747/1495 1622/1746/1494 1574/1698/1446
f 1622/1746/1494 1572/1696/1444 1574/1698/1446
f 1622/1746/1494 1621/1745/1493 1572/1696/1444
f 1621/1745/1493 1570/1694/1442 1572/1696/1444
f 1621/1745/1493 1620/1744/1492 1570/1694/1442
f 1620/1744/1492 1568/1692/1440 1570/1694/1442
f 1620/1744/1492 1619/1743/1491 1568/1692/1440
f 1619/1743/1491 1566/1690/1438 1568/1692/1440
f 1619/1743/1491 1618/1742/1490 1566/1690/1438
f 1618/1742/1490 1564/1688/1436 1566/1690/1438
f 1618/1742/1490 1617/1741/1489 1564/1688/1436
f 1617/1741/1489 1562/1686/1434 1564/1688/1436
f 1617/1741/1489 1616/1740/1488 1562/1686/1434
f 1616/1740/1488 1560/1684/1432 1562/1686/1434
f 1616/1740/1488 1615/1739/1487 1560/1684/1432
f 1615/1739/1487 1558/1682/1430 1560/1684/1432
f 1615/1739/1487 1614/1738/1486 1558/1682/1430
f 1614/1738/1486 1556/1680/1428 1558/1682/1430
f 1614/1738/1486 1613/1737/1485 1556/1680/1428
f 1613/1737/1485 1554/1678/1426 1556/1680/1428
f 1613/1737/1485 1612/1736/1484 1554/1678/1426
f 1612/1736/1484 1552/1676/1424 1554/1678/1426
f 1612/1736/1484 1611/1735/1483 1552/1676/1424
f 1611/1735/1483 1550/1674/1422 1552/1676/1424
f 1611/1735/1483 1610/1734/1482 1550/1674/1422
f 1610/1734/1482 1548/1672/1420 1550/1674/1422
f 1610/1734/1482 1609/1733/1481 1548/1672/1420
f 1609/1733/1481 1546/1670/1418 1548/1672/1420
f 1609/1733/1481 1608/1732/1480 1546/1670/1418
f 1608/1732/1480 1544/1668/1416 1546/1670/1418
f 1608/1732/1480 1607/1731/1479 1544/1668/1416
f 1607/1731/1479 1542/1666/1414 1544/1668/1416
f 1607/1731/1479 1606/1730/1478 1542/1666/1414
f 1606/1730/1478 1540/1664/1412 1542/1666/1414
f 1606/1730/1478 1605/1729/1477 1540/1664/1412
f 1605/1729/1477 1538/1662/1410 1540/1664/1412
f 1605/1729/1477 1604/1728/1476 1538/1662/1410
f 1604/1728/1476 1536/1660/1408 1538/1662/1410
f 1604/1728/1476 1603/1727/1475 1536/1660/1408
f 1603/1727/1475 1534/1658/1406 1536/1660/1408
f 1603/1727/1475 1602/1726/1474 1534/1658/1406
f 1602/1726/1474 1532/1656/1404 1534/1658/1406
f 1602/1726/1474 1601/1725/1473 1532/1656/1404
f 1601/1725/1473 1530/1654/1402 1532/1656/1404
f 1601/1725/1473 1600/1724/1472 1530/1654/1402
f 1600/1724/1472 1528/1652/1400 1530/1654/1402
f 1600/1724/1472 1599/1723/1471 1528/1652/1400
f 1599/1723/1471 1526/1650/1398 1528/1652/1400
f 1599/1723/1471 1598/1722/1470 1526/1650/1398
f 1598/1722/1470 1524/1648/1396 1526/1650/1398
f 1598/1722/1470 1597/1721/1469 1524/1648/1396
f 1597/1721/1469 1522/1646/1394 1524/1648/1396
f 1597/1721/1469 1596/1720/1468 1522/1646/1394
f 1596/1720/1468 1520/1644/1392 1522/1646/1394
f 1596/1720/1468 1595/1719/1467 1520/1644/1392
f 1595/1719/1467 1362/1479/1227 1520/1644/1392
f 1595/1719/1467 1361/1478/1226 1362/1479/1227
f 1361/1478/1226 1093/1177/905 1362/1479/1227
f 1361/1478/1226 1098/1182/910 1093/1177/905
f 1106/1190/918 1594/1718/1466 1453/1576/1324
f 1594/1718/1466 1454/1578/1326 1453/1576/1324
f 1594/1718/1466 1593/1717/1465 1454/1578/1326
f 1593/1717/1465 1518/1642/1390 1454/1578/1326
f 1593/1717/1465 1591/1715/1463 1518/1642/1390
f 1591/1715/1463 1516/1640/1388 1518/1642/1390
f 1591/1715/1463 1589/1713/1461 1516/1640/1388
f 1589/1713/1461 1514/1638/1386 1516/1640/1388
f 1589/1713/1461 1587/1711/1459 1514/1638/1386
f 1587/1711/1459 1512/1636/1384 1514/1638/1386
f 1587/1711/1459 1585/1709/1457 1512/1636/1384
f 1585/1709/1457 1510/1634/1382 1512/1636/1384
f 1585/1709/1457 1583/1707/1455 1510/1634/1382
f 1583/1707/1455 1508/1632/1380 1510/1634/1382
f 1583/1707/1455 1581/1705/1453 1508/1632/1380
f 1581/1705/1453 1506/1630/1378 1508/1632/1380
f 1581/1705/1453 1579/1703/1451 1506/1630/1378
f 1579/1703/1451 1504/1628/1376 1506/1630/1378
f 1579/1703/1451 1577/1701/1449 1504/1628/1376
f 1577/1701/1449 1502/1626/1374 1504/1628/1376
f 1577/1701/1449 1575/1699/1447 1502/1626/1374
f 1575/1699/1447 1500/1624/1372 1502/1626/1374
f 1575/1699/1447 1573/1697/1445 1500/1624/1372
f 1573/1697/1445 1498/1622/1370 1500/1624/1372
f 1573/1697/1445 1571/1695/1443 1498/1622/1370
f 1571/1695/1443 1496/1620/1368 1498/1622/1370
f 1571/1695/1443 1569/1693/1441 1496/1620/1368
f 1569/1693/1441 1494/1618/1366 1496/1620/1368
f 1569/1693/1441 1567/1691/1439 1494/1618/1366
f 1567/1691/1439 1492/1616/1364 1494/1618/1366
f 1567/1691/1439 1565/1689/1437 1492/1616/1364
f 1565/1689/1437 1490/1614/1362 1492/1616/1364
f 1565/1689/1437 1563/1687/1435 1490/1614/1362
f 1563/1687/1435 1488/1612/1360 1490/1614/1362
f 1563/1687/1435 1561/1685/1433 1488/1612/1360
f 1561/1685/1433 1352/1460/1208 1488/1612/1360
f 1561/1685/1433 1559/1683/1431 1352/1460/1208
f 1559/1683/1431 1350/1453/1201 1352/1460/1208
f 1559/1683/1431 1557/1681/1429 1350/1453/1201
f 1557/1681/1429 1351/1456/1204 1350/1453/1201
f 1557/1681/1429 1555/1679/1427 1351/1456/1204
f 1555/1679/1427 1487/1611/1359 1351/1456/1204
f 1555/1679/1427 1553/1677/1425 1487/1611/1359
f 1553/1677/1425 1485/1609/1357 1487/1611/1359
f 1553/1677/1425 1551/1675/1423 1485/1609/1357
f 1551/1675/1423 1483/1607/1355 1485/1609/1357
f 1551/1675/1423 1549/1673/1421 1483/1607/1355
f 1549/1673/1421 1481/1605/1353 1483/1607/1355
f 1549/1673/1421 1547/1671/1419 1481/1605/1353
f 1547/1671/1419 1479/1603/1351 1481/1605/1353
f 1547/1671/1419 1545/1669/1417 1479/1603/1351
f 1545/1669/1417 1477/1601/1349 1479/1603/1351
f 1545/1669/1417 1543/1667/1415 1477/1601/1349
f 1543/1667/1415 1475/1599/1347 1477/1601/1349
f 1543/1667/1415 1541/1665/1413 1475/1599/1347
f 1541/1665/1413 1473/1597/1345 1475/1599/1347
f 1541/1665/1413 1539/1663/1411 1473/1597/1345
f 1539/1663/1411 1471/1595/1343 1473/1597/1345
f 1539/1663/1411 1537/1661/1409 1471/1595/1343
f 1537/1661/1409 1469/1593/1341 1471/1595/1343
f 1537/1661/1409 1535/1659/1407 1469/1593/1341
f 1535/1659/1407 1467/1591/1339 1469/1593/1341
f 1535/1659/1407 1533/1657/1405 1467/1591/1339
f 1533/1657/1405 1465/1589/1337 1467/1591/1339
f 1533/1657/1405 1531/1655/1403 1465/1589/1337
f 1531/1655/1403 1463/1587/1335 1465/1589/1337
f 1531/1655/1403 1529/1653/1401 1463/1587/1335
f 1529/1653/1401 1461/1585/1333 1463/1587/1335
f 1529/1653/1401 1527/1651/1399 1461/1585/1333
f 1527/1651/1399 1459/1583/1331 1461/1585/1333
f 1527/1651/1399 1525/1649/1397 1459/1583/1331
f 1525/1649/1397 1457/1581/1329 1459/1583/1331
f 1525/1649/1397 1523/1647/1395 1457/1581/1329
f 1523/1647/1395 1455/1579/1327 1457/1581/1329
f 1523/1647/1395 1521/1645/1393 1455/1579/1327
f 1521/1645/1393 1364/1481/1229 1455/1579/1327
f 1521/1645/1393 1363/1480/1228 1364/1481/1229
f 1363/1480/1228 1090/1174/902 1364/1481/1229
f 1363/1480/1228 1096/1180/908 1090/1174/902
f 1633/1757/1505 854/1759/1507 856/1758/1506
f 798/1760/1508 1634/1762/1510 796/1761/1509
f 1145/1763/1507 1633/1757/1505 1146/1764/1511
f 1633/1757/1505 1145/1763/1507 854/1759/1507
f 1145/1763/1507 852/1765/1512 854/1759/1507
f 1145/1763/1507 1144/1766/1512 852/1765/1512
f 1144/1766/1512 850/1767/1513 852/1765/1512
f 1144/1766/1512 1142/1768/1513 850/1767/1513
f 1142/1768/1513 848/1769/1514 850/1767/1513
f 1142/1768/1513 1140/1770/1514 848/1769/1514
f 1140/1770/1514 846/1771/1515 848/1769/1514
f 1140/1770/1514 1138/1772/1515 846/1771/1515
f 1138/1772/1515 844/1773/1516 846/1771/1515
f 1138/1772/1515 1136/1774/1516 844/1773/1516
f 1136/1774/1516 842/1775/1517 844/1773/1516
f 1136/1774/1516 1134/1776/1517 842/1775/1517
f 1134/1776/1517 840/1777/1518 842/1775/1517
f 1134/1776/1517 1132/1778/1518 840/1777/1518
f 1132/1778/1518 838/1779/1519 840/1777/1518
f 1132/1778/1518 1130/1780/1519 838/1779/1519
f 1130/1780/1519 836/1781/1520 838/1779/1519
f 1130/1780/1519 1128/1782/1520 836/1781/1520
f 1128/1782/1520 834/1783/1521 836/1781/1520
f 1128/1782/1520 1126/1784/1521 834/1783/1521
f 1126/1784/1521 832/1785/1522 834/1783/1521
f 1126/1784/1521 1124/1786/1522 832/1785/1522
f 1124/1786/1522 830/1787/1523 832/1785/1522
f 1124/1786/1522 1122/1788/1523 830/1787/1523
f 1122/1788/1523 828/1789/1524 830/1787/1523
f 1122/1788/1523 1114/1790/1524 828/1789/1524
f 1114/1790/1524 826/1791/1525 828/1789/1524
f 1114/1790/1524 1113/1792/1525 826/1791/1525
f 1113/1792/1525 824/1793/1526 826/1791/1525
f 1113/1792/1525 1115/1794/1526 824/1793/1526
f 1115/1794/1526 822/1795/1527 824/1793/1526
f 1115/1794/1526 1194/1796/1527 822/1795/1527
f 1194/1796/1527 820/1797/1528 822/1795/1527
f 1194/1796/1527 1192/1798/1528 820/1797/1528
f 1192/1798/1528 818/1799/1529 820/1797/1528
f 1192/1798/1528 1190/1800/1529 818/1799/1529
f 1190/1800/1529 816/1801/1530 818/1799/1529
f 1190/1800/1529 1188/1802/1530 816/1801/1530
f 1188/1802/1530 814/1803/1531 816/1801/1530
f 1188/1802/1530 1186/1804/1532 814/1803/1531
f 1186/1804/1532 812/1805/1533 814/1803/1531
f 1186/1804/1532 1184/1806/1534 812/1805/1533
f 1184/1806/1534 810/1807/1535 812/1805/1533
f 1184/1806/1534 1182/1808/1535 810/1807/1535
f 1182/1808/1535 808/1809/1536 810/1807/1535
f 1182/1808/1535 1180/1810/1536 808/1809/1536
f 1180/1810/1536 806/1811/1537 808/1809/1536
f 1180/1810/1536 1178/1812/1537 806/1811/1537
f 1178/1812/1537 804/1813/1538 806/1811/1537
f 1178/1812/1537 1176/1814/1538 804/1813/1538
f 1176/1815/1538 802/866/1539 804/868/1538
f 1176/1815/1538 1174/1816/1539 802/866/1539
f 1174/1272/1539 800/1818/1540 802/1817/1539
f 1174/1272/1539 1172/1270/1540 800/1818/1540
f 1172/1270/1540 798/1760/1508 800/1818/1540
f 1172/1270/1540 1083/1167/1508 798/1760/1508
f 1083/1167/1508 1634/1762/1510 798/1760/1508
f 1083/1167/1508 1084/1168/1541 1634/1762/1510
f 1377/1819/1542 904/1821/1544 1376/1820/1543
f 1634/1762/1510 913/1822/1545 796/1761/1509
f 1443/1560/1546 1445/1562/1548 888/1823/1547
f 1445/1562/1548 907/1824/1549 888/1823/1547
f 1445/1562/1548 1447/1564/1550 907/1824/1549
f 1447/1564/1550 1448/1565/1551 907/1824/1549
f 1448/1565/1551 906/1825/1552 907/1824/1549
f 1448/1565/1551 1440/1557/1553 906/1825/1552
f 1440/1557/1553 905/1826/1554 906/1825/1552
f 1440/1557/1553 1441/1558/1555 905/1826/1554
f 1441/1558/1555 892/1827/1556 905/1826/1554
f 1441/1558/1555 1431/1548/1557 892/1827/1556
f 1431/1548/1557 890/1828/1558 892/1827/1556
f 1431/1548/1557 1433/1550/1559 890/1828/1558
f 1433/1550/1559 889/1829/1560 890/1828/1558
f 1433/1550/1559 1435/1552/1561 889/1829/1560
f 889/1829/1560 1435/1552/1561 877/1830/1562
f 1435/1552/1561 876/1831/1563 877/1830/1562
f 1435/1552/1561 1437/1554/1564 876/1831/1563
f 1437/1554/1564 894/1832/1565 876/1831/1563
f 1437/1554/1564 1438/1555/1566 894/1832/1565
f 1438/1555/1566 1426/1543/1567 894/1832/1565
f 1426/1543/1567 896/1833/1568 894/1832/1565
f 1426/1543/1567 1428/1545/1569 896/1833/1568
f 928/1834/1570 1420/1537/1572 1421/1538/1571
f 928/1834/1570 926/1835/1573 1420/1537/1572
f 1420/1537/1572 926/1835/1573 1424/1541/1574
f 926/1835/1573 1423/1540/1575 1424/1541/1574
f 926/1835/1573 896/1833/1568 1423/1540/1575
f 896/1833/1568 1429/1546/1576 1423/1540/1575
f 896/1833/1568 1428/1545/1569 1429/1546/1576
f 930/1836/1577 1416/1533/1579 1414/1531/1578
f 930/1836/1577 928/1834/1570 1416/1533/1579
f 928/1834/1570 1418/1535/1580 1416/1533/1579
f 928/1834/1570 1421/1538/1571 1418/1535/1580
f 934/1837/1581 932/1838/1583 1356/1471/1582
f 932/1838/1583 1411/1528/1584 1356/1471/1582
f 932/1838/1583 930/1836/1577 1411/1528/1584
f 930/1836/1577 1413/1530/1585 1411/1528/1584
f 930/1836/1577 1414/1531/1578 1413/1530/1585
f 1357/1473/1586 934/1837/1581 1345/1446/1587
f 934/1837/1581 1355/1470/1588 1345/1446/1587
f 934/1837/1581 1356/1471/1582 1355/1470/1588
f 934/1837/1581 1357/1473/1586 942/1839/1589
f 1357/1473/1586 943/1840/1590 942/1839/1589
f 1357/1473/1586 1358/1475/1591 943/1840/1590
f 1358/1475/1591 925/1841/1592 943/1840/1590
f 1358/1475/1591 1405/1522/1593 925/1841/1592
f 1405/1522/1593 939/1842/1594 925/1841/1592
f 1405/1522/1593 1406/1523/1595 939/1842/1594
f 1406/1523/1595 1408/1525/1596 939/1842/1594
f 1408/1525/1596 938/1843/1597 939/1842/1594
f 1408/1525/1596 1409/1526/1598 938/1843/1597
f 1409/1526/1598 936/1844/1599 938/1843/1597
f 1409/1526/1598 1403/1520/1600 936/1844/1599
f 1403/1520/1600 935/1845/1601 936/1844/1599
f 1403/1520/1600 1404/1521/1602 935/1845/1601
f 1404/1521/1602 915/1846/1603 935/1845/1601
f 1404/1521/1602 1396/1513/1604 915/1846/1603
f 1396/1513/1604 914/1847/1605 915/1846/1603
f 1396/1513/1604 1398/1515/1606 914/1847/1605
f 1398/1515/1606 881/1848/1607 914/1847/1605
f 1398/1515/1606 1400/1517/1608 881/1848/1607
f 1400/1517/1608 899/1849/1609 881/1848/1607
f 1400/1517/1608 1401/1518/1610 899/1849/1609
f 1401/1518/1610 898/1850/1611 899/1849/1609
f 1401/1518/1610 1393/1510/1612 898/1850/1611
f 1393/1510/1612 897/1851/1613 898/1850/1611
f 1393/1510/1612 1394/1511/1614 897/1851/1613
f 1394/1511/1614 884/1852/1615 897/1851/1613
f 1394/1511/1614 1384/1501/1616 884/1852/1615
f 1384/1501/1616 885/1853/1617 884/1852/1615
f 1384/1501/1616 1386/1503/1618 885/1853/1617
f 902/1854/1619 1379/1496/1621 1381/1498/1620
f 902/1854/1619 900/1855/1622 1379/1496/1621
f 1379/1496/1621 900/1855/1622 1391/1508/1623
f 900/1855/1622 1390/1507/1624 1391/1508/1623
f 900/1855/1622 885/1853/1617 1390/1507/1624
f 885/1853/1617 1388/1505/1625 1390/1507/1624
f 885/1853/1617 1386/1503/1618 1388/1505/1625
f 904/1856/1544 902/1858/1619 1376/1857/1543
f 902/1859/1619 1382/1861/1626 1376/1860/1543
f 902/1854/1619 1381/1498/1620 1382/1499/1626
f 1377/1819/1542 1371/1862/1627 904/1821/1544
f 1371/1862/1627 920/1863/1628 904/1821/1544
f 1371/1862/1627 1373/1864/1629 920/1863/1628
f 1368/1865/1630 1367/1866/1631 1633/1757/1505
f 1367/1866/1631 1146/1764/1511 1633/1757/1505
f 1373/1864/1629 1374/1867/1632 920/1863/1628
f 1374/1867/1632 918/1868/1633 920/1863/1628
f 1374/1867/1632 1368/1865/1630 918/1868/1633
f 1368/1865/1630 856/1758/1506 918/1868/1633
f 1368/1865/1630 1633/1757/1505 856/1758/1506
f 1084/1168/1541 1344/1443/1634 1634/1762/1510
f 1344/1443/1634 913/1822/1545 1634/1762/1510
f 1344/1443/1634 1450/1568/1635 913/1822/1545
f 1450/1568/1635 912/1869/1636 913/1822/1545
f 1450/1568/1635 1451/1569/1637 912/1869/1636
f 1451/1569/1637 910/1870/1638 912/1869/1636
f 1451/1569/1637 1443/1560/1546 910/1870/1638
f 1443/1560/1546 909/1871/1639 910/1870/1638
f 1443/1560/1546 888/1823/1547 909/1871/1639
f 1635/1872/1640 1637/1874/1642 1636/1873/1641
f 1638/1875/1643 1640/1877/1645 1639/1876/1644
f 1641/1878/1646 1637/1874/1642 1642/1879/1647
f 1643/1880/1648 1637/1874/1642 1644/1881/1649
f 1637/1874/1642 1646/1883/1651 1645/1882/1650
f 1647/1884/1652 1649/1886/1654 1648/1885/1653
f 1650/1887/1655 1652/1889/1657 1651/1888/1656
f 1637/1874/1642 1654/1891/1659 1653/1890/1658
f 1641/1878/1646 1656/1893/1661 1655/1892/1660
f 1657/1894/1662 1646/1883/1651 1658/1895/1663
f 1646/1883/1651 1637/1874/1642 1658/1895/1663
f 1659/1896/1664 1661/1898/1666 1660/1897/1665
f 1661/1898/1666 1659/1896/1664 1662/1899/1667
f 1659/1896/1664 1663/1900/1668 1662/1899/1667
f 1659/1896/1664 1664/1901/1669 1663/1900/1668
f 1664/1901/1669 1665/1902/1670 1663/1900/1668
f 1665/1902/1670 1666/1903/1671 1663/1900/1668
f 1665/1902/1670 1667/1904/1672 1666/1903/1671
f 1667/1904/1672 1668/1905/1673 1666/1903/1671
f 1668/1905/1673 1669/1906/1674 1666/1903/1671
f 1668/1905/1673 1670/1907/1675 1669/1906/1674
f 1670/1907/1675 1671/1908/1676 1669/1906/1674
f 1671/1908/1676 1672/1909/1677 1669/1906/1674
f 1671/1908/1676 1673/1910/1678 1672/1909/1677
f 1674/1911/1679 1676/1913/1681 1675/1912/1680
f 1676/1913/1681 1677/1914/1682 1675/1912/1680
f 1676/1913/1681 1672/1909/1677 1677/1914/1682
f 1672/1909/1677 1678/1915/1683 1677/1914/1682
f 1672/1909/1677 1673/1910/1678 1678/1915/1683
f 1674/1911/1679 1679/1916/1684 1676/1913/1681
f 1679/1916/1684 1680/1917/1685 1676/1913/1681
f 1679/1916/1684 1681/1918/1686 1680/1917/1685
f 1681/1918/1686 1682/1919/1687 1680/1917/1685
f 1682/1919/1687 1683/1920/1688 1680/1917/1685
f 1682/1919/1687 1684/1921/1689 1683/1920/1688
f 1685/1922/1690 1687/1924/1692 1686/1923/1691
f 1687/1924/1692 1688/1925/1693 1686/1923/1691
f 1687/1924/1692 1683/1920/1688 1688/1925/1693
f 1683/1920/1688 1689/1926/1694 1688/1925/1693
f 1683/1920/1688 1684/1921/1689 1689/1926/1694
f 1685/1922/1690 1690/1927/1695 1687/1924/1692
f 1690/1927/1695 1691/1928/1696 1687/1924/1692
f 1690/1927/1695 1692/1929/1697 1691/1928/1696
f 1692/1929/1697 1693/1930/1698 1691/1928/1696
f 1693/1930/1698 1694/1931/1699 1691/1928/1696
f 1693/1930/1698 1695/1932/1700 1694/1931/1699
f 1696/1933/1701 1698/1935/1703 1697/1934/1702
f 1698/1935/1703 1699/1936/1704 1697/1934/1702
f 1698/1935/1703 1694/1931/1699 1699/1936/1704
f 1694/1931/1699 1700/1937/1705 1699/1936/1704
f 1694/1931/1699 1695/1932/1700 1700/1937/1705
f 1696/1933/1701 1701/1938/1706 1698/1935/1703
f 1701/1938/1706 1702/1939/1707 1698/1935/1703
f 1701/1938/1706 1703/1940/1708 1702/1939/1707
f 1703/1940/1708 1704/1941/1709 1702/1939/1707
f 1704/1941/1709 1705/1942/1710 1702/1939/1707
f 1704/1941/1709 1706/1943/1711 1705/1942/1710
f 1706/1943/1711 1707/1945/1713 1012/1944/1712
f 1707/1945/1713 1010/1946/1714 1012/1944/1712
f 1707/1945/1713 1708/1947/1715 1010/1946/1714
f 1010/1946/1714 1708/1947/1715 1008/1948/1716
f 1708/1947/1715 1006/1949/1717 1008/1948/1716
f 1708/1947/1715 1709/1950/1718 1006/1949/1717
f 1709/1950/1718 1003/1951/1719 1006/1949/1717
f 1003/1951/1719 1709/1950/1718 1001/1952/1720
f 1709/1950/1718 999/1953/1721 1001/1952/1720
f 1709/1950/1718 1710/1954/1722 999/1953/1721
f 1711/1955/1723 1713/1957/1725 1712/1956/1724
f 1713/1957/1725 1714/1958/1726 1712/1956/1724
f 1713/1957/1725 1710/1954/1722 1714/1958/1726
f 1710/1954/1722 1715/1959/1727 1714/1958/1726
f 1710/1954/1722 1709/1950/1718 1715/1959/1727
f 1711/1955/1723 1716/1960/1728 1713/1957/1725
f 1716/1960/1728 1717/1961/1729 1713/1957/1725
f 1716/1960/1728 1718/1962/1730 1717/1961/1729
f 1718/1962/1730 1719/1963/1731 1717/1961/1729
f 1719/1963/1731 1720/1964/1732 1717/1961/1729
f 1719/1963/1731 1721/1965/1733 1720/1964/1732
f 1721/1965/1733 1722/1966/1734 1720/1964/1732
f 1722/1966/1734 1723/1967/1735 1720/1964/1732
f 1722/1966/1734 1724/1968/1736 1723/1967/1735
f 1725/1969/1737 1727/1971/1739 1726/1970/1738
f 1727/1971/1739 1728/1972/1740 1726/1970/1738
f 1727/1971/1739 1723/1967/1735 1728/1972/1740
f 1723/1967/1735 1729/1973/1741 1728/1972/1740
f 1723/1967/1735 1724/1968/1736 1729/1973/1741
f 1725/1969/1737 1730/1974/1742 1727/1971/1739
f 1730/1974/1742 1731/1975/1743 1727/1971/1739
f 1730/1974/1742 1732/1976/1744 1731/1975/1743
f 1733/1977/1745 1735/1979/1747 1734/1978/1746
f 1735/1979/1747 1736/1980/1748 1734/1978/1746
f 1735/1979/1747 1731/1975/1743 1736/1980/1748
f 1731/1975/1743 1737/1981/1749 1736/1980/1748
f 1731/1975/1743 1732/1976/1744 1737/1981/1749
f 1733/1977/1745 1738/1982/1750 1735/1979/1747
f 1738/1982/1750 1739/1983/1751 1735/1979/1747
f 1738/1982/1750 1740/1984/1752 1739/1983/1751
f 1741/1985/1753 1743/1987/1755 1742/1986/1754
f 1743/1987/1755 1744/1988/1756 1742/1986/1754
f 1743/1987/1755 1739/1983/1751 1744/1988/1756
f 1739/1983/1751 1745/1989/1757 1744/1988/1756
f 1739/1983/1751 1740/1984/1752 1745/1989/1757
f 1741/1985/1753 1746/1990/1758 1743/1987/1755
f 1746/1990/1758 1747/1991/1759 1743/1987/1755
f 1746/1990/1758 1748/1992/1760 1747/1991/1759
f 1749/1993/1761 1751/1995/1763 1750/1994/1762
f 1751/1995/1763 1752/1996/1764 1750/1994/1762
f 1751/1995/1763 1747/1991/1759 1752/1996/1764
f 1747/1991/1759 1753/1997/1765 1752/1996/1764
f 1747/1991/1759 1748/1992/1760 1753/1997/1765
f 1749/1993/1761 1754/1998/1766 1751/1995/1763
f 1754/1998/1766 1755/1999/1767 1751/1995/1763
f 1754/1998/1766 1756/2000/1768 1755/1999/1767
f 873/2001/1769 871/2003/1771 1757/2002/1770
f 871/2003/1771 1758/2004/1772 1757/2002/1770
f 871/2003/1771 869/2005/1773 1758/2004/1772
f 857/921/1774 1759/2006/1776 859/923/1775
f 1759/2006/1776 861/925/1777 859/923/1775
f 1759/2006/1776 1760/2007/1778 861/925/1777
f 1758/2004/1772 869/2005/1773 1761/2008/1779
f 869/2005/1773 1756/2000/1768 1761/2008/1779
f 869/2005/1773 867/2009/1780 1756/2000/1768
f 867/2009/1780 1755/1999/1767 1756/2000/1768
f 867/2009/1780 865/2010/1781 1755/1999/1767
f 865/2010/1781 863/2011/1782 1755/1999/1767
f 1021/1097/1783 1705/1942/1710 1019/1095/1784
f 1705/1942/1710 1016/2012/1785 1019/1095/1784
f 1705/1942/1710 1706/1943/1711 1016/2012/1785
f 1706/1943/1711 1014/2013/1786 1016/2012/1785
f 1706/1943/1711 1012/1944/1712 1014/2013/1786
f 1762/2014/1787 1029/2016/1789 1763/2015/1788
f 1029/2016/1789 1762/2014/1787 1027/2017/1790
f 1762/2014/1787 1025/2018/1791 1027/2017/1790
f 1762/2014/1787 1023/2019/1792 1025/2018/1791
f 994/2020/1793 1764/2022/1795 993/2021/1794
f 999/1953/1721 1710/1954/1722 998/2023/1796
f 1710/1954/1722 1033/2024/1797 998/2023/1796
f 1710/1954/1722 1035/2025/1798 1033/2024/1797
f 993/2021/1794 1764/2022/1795 991/2026/1799
f 1764/2022/1795 1032/2027/1800 991/2026/1799
f 1764/2022/1795 1763/2015/1788 1032/2027/1800
f 1763/2015/1788 1031/2028/1801 1032/2027/1800
f 1763/2015/1788 1029/2016/1789 1031/2028/1801
f 1661/1898/1666 1662/1899/1667 1765/2029/1802
f 1662/1899/1667 1766/2030/1803 1765/2029/1802
f 1662/1899/1667 1663/1900/1668 1766/2030/1803
f 1663/1900/1668 1767/2031/1804 1766/2030/1803
f 1663/1900/1668 1666/1903/1671 1767/2031/1804
f 1666/1903/1671 1768/2032/1805 1767/2031/1804
f 1666/1903/1671 1669/1906/1674 1768/2032/1805
f 1669/1906/1674 1769/2033/1806 1768/2032/1805
f 1669/1906/1674 1672/1909/1677 1769/2033/1806
f 1672/1909/1677 1770/2034/1807 1769/2033/1806
f 1672/1909/1677 1676/1913/1681 1770/2034/1807
f 1676/1913/1681 1771/2035/1808 1770/2034/1807
f 1676/1913/1681 1680/1917/1685 1771/2035/1808
f 1680/1917/1685 1772/2036/1809 1771/2035/1808
f 1680/1917/1685 1683/1920/1688 1772/2036/1809
f 1683/1920/1688 1773/2037/1810 1772/2036/1809
f 1683/1920/1688 1687/1924/1692 1773/2037/1810
f 1687/1924/1692 1774/2038/1811 1773/2037/1810
f 1687/1924/1692 1691/1928/1696 1774/2038/1811
f 1691/1928/1696 1775/2039/1812 1774/2038/1811
f 1691/1928/1696 1694/1931/1699 1775/2039/1812
f 1694/1931/1699 1776/2040/1813 1775/2039/1812
f 1694/1931/1699 1698/1935/1703 1776/2040/1813
f 1698/1935/1703 1777/2041/1814 1776/2040/1813
f 1698/1935/1703 1702/1939/1707 1777/2041/1814
f 1702/1939/1707 1778/2042/1815 1777/2041/1814
f 1702/1939/1707 1705/1942/1710 1778/2042/1815
f 1705/1942/1710 1762/2014/1787 1778/2042/1815
f 1705/1942/1710 1021/1097/1783 1762/2014/1787
f 1021/1097/1783 1023/2019/1792 1762/2014/1787
f 1779/2043/1816 1780/2044/1817 1654/1891/1659
f 1780/2044/1817 1653/1890/1658 1654/1891/1659
f 1780/2044/1817 1781/2045/1818 1653/1890/1658
f 1781/2045/1818 1782/2046/1819 1653/1890/1658
f 1651/1888/1656 1652/1889/1657 1783/2047/1820
f 1652/1889/1657 1643/1880/1648 1783/2047/1820
f 1652/1889/1657 1637/1874/1642 1643/1880/1648
f 1784/2048/1821 1785/2049/1822 1644/1881/1649
f 1785/2049/1822 1643/1880/1648 1644/1881/1649
f 1785/2049/1822 1786/2050/1823 1643/1880/1648
f 1786/2050/1823 1783/2047/1820 1643/1880/1648
f 1779/2043/1816 1654/1891/1659 1650/1887/1655
f 1654/1891/1659 1652/1889/1657 1650/1887/1655
f 1654/1891/1659 1637/1874/1642 1652/1889/1657
f 1648/1885/1653 1649/1886/1654 1787/2051/1824
f 1649/1886/1654 1645/1882/1650 1787/2051/1824
f 1649/1886/1654 1637/1874/1642 1645/1882/1650
f 1788/2052/1825 1789/2053/1826 1657/1894/1662
f 1789/2053/1826 1646/1883/1651 1657/1894/1662
f 1789/2053/1826 1790/2054/1827 1646/1883/1651
f 1790/2054/1827 1645/1882/1650 1646/1883/1651
f 1790/2054/1827 1791/2055/1828 1645/1882/1650
f 1791/2055/1828 1787/2051/1824 1645/1882/1650
f 1784/2048/1821 1644/1881/1649 1647/1884/1652
f 1644/1881/1649 1649/1886/1654 1647/1884/1652
f 1644/1881/1649 1637/1874/1642 1649/1886/1654
f 1792/2056/1829 1794/2058/1831 1793/2057/1830
f 1794/2058/1831 1795/2059/1832 1793/2057/1830
f 1794/2058/1831 1796/2060/1833 1795/2059/1832
f 1796/2060/1833 1797/2061/1834 1795/2059/1832
f 1796/2060/1833 1798/2062/1835 1797/2061/1834
f 1798/2062/1835 1799/2063/1836 1797/2061/1834
f 1798/2062/1835 1800/2064/1837 1799/2063/1836
f 1800/2064/1837 1801/2065/1838 1799/2063/1836
f 1800/2064/1837 1802/2066/1839 1801/2065/1838
f 1802/2066/1839 1803/2067/1840 1801/2065/1838
f 1802/2066/1839 1804/2068/1841 1803/2067/1840
f 1804/2068/1841 1805/2069/1842 1803/2067/1840
f 1804/2068/1841 1806/2070/1843 1805/2069/1842
f 1806/2070/1843 1807/2071/1844 1805/2069/1842
f 1806/2070/1843 1808/2072/1845 1807/2071/1844
f 1808/2072/1845 1809/2073/1846 1807/2071/1844
f 1808/2072/1845 1810/2074/1847 1809/2073/1846
f 1810/2074/1847 1811/2075/1848 1809/2073/1846
f 1810/2074/1847 1812/2076/1849 1811/2075/1848
f 1812/2076/1849 1813/2077/1850 1811/2075/1848
f 1812/2076/1849 1814/2078/1851 1813/2077/1850
f 1814/2078/1851 1815/2079/1852 1813/2077/1850
f 1814/2078/1851 1816/2080/1853 1815/2079/1852
f 1816/2080/1853 1817/2081/1854 1815/2079/1852
f 1816/2080/1853 1818/2082/1855 1817/2081/1854
f 1818/2082/1855 1819/2083/1856 1817/2081/1854
f 1818/2082/1855 1820/2084/1857 1819/2083/1856
f 1820/2084/1857 1821/2085/1858 1819/2083/1856
f 1820/2084/1857 1822/2086/1859 1821/2085/1858
f 1822/2086/1859 1823/2087/1860 1821/2085/1858
f 1822/2086/1859 1824/2088/1861 1823/2087/1860
f 1824/2088/1861 1825/2089/1862 1823/2087/1860
f 1824/2088/1861 1826/2090/1863 1825/2089/1862
f 1826/2090/1863 1827/2091/1864 1825/2089/1862
f 1826/2090/1863 1828/2092/1865 1827/2091/1864
f 1828/2092/1865 1829/2093/1866 1827/2091/1864
f 1828/2092/1865 1830/2094/1867 1829/2093/1866
f 1830/2094/1867 1831/2095/1868 1829/2093/1866
f 1830/2094/1867 1832/2096/1869 1831/2095/1868
f 1832/2096/1869 1833/2097/1870 1831/2095/1868
f 1832/2096/1869 1834/2098/1871 1833/2097/1870
f 1834/2098/1871 1835/2099/1872 1833/2097/1870
f 1834/2098/1871 1836/2100/1873 1835/2099/1872
f 1836/2100/1873 1837/2101/1874 1835/2099/1872
f 1836/2100/1873 1838/2102/1875 1837/2101/1874
f 1838/2102/1875 1839/2103/1876 1837/2101/1874
f 1838/2102/1875 1840/2104/1877 1839/2103/1876
f 1840/2104/1877 1841/2105/1878 1839/2103/1876
f 1840/2104/1877 1842/2106/1879 1841/2105/1878
f 1842/2106/1879 1843/2107/1880 1841/2105/1878
f 1842/2106/1879 1844/2108/1881 1843/2107/1880
f 1844/2108/1881 1845/2109/1882 1843/2107/1880
f 1844/2108/1881 1846/2110/1883 1845/2109/1882
f 1846/2110/1883 1847/2111/1884 1845/2109/1882
f 1846/2110/1883 1848/2112/1885 1847/2111/1884
f 1848/2112/1885 1849/2113/1886 1847/2111/1884
f 1848/2112/1885 1850/2114/1887 1849/2113/1886
f 1850/2114/1887 1851/2115/1888 1849/2113/1886
f 1637/1874/1642 1852/2116/1889 1642/1879/1647
f 1852/2116/1889 1853/2117/1890 1642/1879/1647
f 1852/2116/1889 1854/2118/1891 1853/2117/1890
f 1655/1892/1660 1637/1874/1642 1641/1878/1646
f 1656/1893/1661 1641/1878/1646 1855/2119/1892
f 1641/1878/1646 1856/2120/1893 1855/2119/1892
f 1641/1878/1646 1642/1879/1647 1856/2120/1893
f 1642/1879/1647 1857/2121/1894 1856/2120/1893
f 1642/1879/1647 1853/2117/1890 1857/2121/1894
f 1637/1874/1642 1858/2122/1895 1636/1873/1641
f 1858/2122/1895 1859/2123/1896 1636/1873/1641
f 1858/2122/1895 1860/2124/1897 1859/2123/1896
f 1639/1876/1644 1640/1877/1645 1861/2125/1898
f 1640/1877/1645 1635/1872/1640 1861/2125/1898
f 1640/1877/1645 1637/1874/1642 1635/1872/1640
f 1861/2125/1898 1635/1872/1640 1862/2126/1899
f 1635/1872/1640 1863/2127/1900 1862/2126/1899
f 1635/1872/1640 1636/1873/1641 1863/2127/1900
f 1636/1873/1641 1864/2128/1901 1863/2127/1900
f 1636/1873/1641 1859/2123/1896 1864/2128/1901
f 1854/2118/1891 1852/2116/1889 1638/1875/1643
f 1852/2116/1889 1640/1877/1645 1638/1875/1643
f 1852/2116/1889 1637/1874/1642 1640/1877/1645
f 1860/2124/1897 1858/2122/1895 1782/2046/1819
f 1858/2122/1895 1653/1890/1658 1782/2046/1819
f 1858/2122/1895 1637/1874/1642 1653/1890/1658
f 1656/1893/1661 1855/2119/1892 1851/2115/1888
f 1855/2119/1892 1849/2113/1886 1851/2115/1888
f 1855/2119/1892 1856/2120/1893 1849/2113/1886
f 1856/2120/1893 1847/2111/1884 1849/2113/1886
f 1856/2120/1893 1857/2121/1894 1847/2111/1884
f 1857/2121/1894 1845/2109/1882 1847/2111/1884
f 1857/2121/1894 1853/2117/1890 1845/2109/1882
f 1853/2117/1890 1843/2107/1880 1845/2109/1882
f 1853/2117/1890 1854/2118/1891 1843/2107/1880
f 1854/2118/1891 1841/2105/1878 1843/2107/1880
f 1854/2118/1891 1638/1875/1643 1841/2105/1878
f 1638/1875/1643 1839/2103/1876 1841/2105/1878
f 1638/1875/1643 1639/1876/1644 1839/2103/1876
f 1639/1876/1644 1837/2101/1874 1839/2103/1876
f 1639/1876/1644 1861/2125/1898 1837/2101/1874
f 1861/2125/1898 1835/2099/1872 1837/2101/1874
f 1861/2125/1898 1862/2126/1899 1835/2099/1872
f 1862/2126/1899 1833/2097/1870 1835/2099/1872
f 1862/2126/1899 1863/2127/1900 1833/2097/1870
f 1863/2127/1900 1831/2095/1868 1833/2097/1870
f 1863/2127/1900 1864/2128/1901 1831/2095/1868
f 1864/2128/1901 1829/2093/1866 1831/2095/1868
f 1864/2128/1901 1859/2123/1896 1829/2093/1866
f 1859/2123/1896 1827/2091/1864 1829/2093/1866
f 1859/2123/1896 1860/2124/1897 1827/2091/1864
f 1860/2124/1897 1825/2089/1862 1827/2091/1864
f 1860/2124/1897 1782/2046/1819 1825/2089/1862
f 1782/2046/1819 1823/2087/1860 1825/2089/1862
f 1782/2046/1819 1781/2045/1818 1823/2087/1860
f 1781/2045/1818 1821/2085/1858 1823/2087/1860
f 1781/2045/1818 1780/2044/1817 1821/2085/1858
f 1780/2044/1817 1819/2083/1856 1821/2085/1858
f 1780/2044/1817 1779/2043/1816 1819/2083/1856
f 1779/2043/1816 1817/2081/1854 1819/2083/1856
f 1779/2043/1816 1650/1887/1655 1817/2081/1854
f 1650/1887/1655 1815/2079/1852 1817/2081/1854
f 1650/1887/1655 1651/1888/1656 1815/2079/1852
f 1651/1888/1656 1813/2077/1850 1815/2079/1852
f 1651/1888/1656 1783/2047/1820 1813/2077/1850
f 1783/2047/1820 1811/2075/1848 1813/2077/1850
f 1783/2047/1820 1786/2050/1823 1811/2075/1848
f 1786/2050/1823 1809/2073/1846 1811/2075/1848
f 1786/2050/1823 1785/2049/1822 1809/2073/1846
f 1785/2049/1822 1807/2071/1844 1809/2073/1846
f 1785/2049/1822 1784/2048/1821 1807/2071/1844
f 1784/2048/1821 1805/2069/1842 1807/2071/1844
f 1784/2048/1821 1647/1884/1652 1805/2069/1842
f 1647/1884/1652 1803/2067/1840 1805/2069/1842
f 1647/1884/1652 1648/1885/1653 1803/2067/1840
f 1648/1885/1653 1801/2065/1838 1803/2067/1840
f 1648/1885/1653 1787/2051/1824 1801/2065/1838
f 1787/2051/1824 1799/2063/1836 1801/2065/1838
f 1787/2051/1824 1791/2055/1828 1799/2063/1836
f 1791/2055/1828 1797/2061/1834 1799/2063/1836
f 1791/2055/1828 1790/2054/1827 1797/2061/1834
f 1790/2054/1827 1795/2059/1832 1797/2061/1834
f 1790/2054/1827 1789/2053/1826 1795/2059/1832
f 1789/2053/1826 1793/2057/1830 1795/2059/1832
f 1789/2053/1826 1788/2052/1825 1793/2057/1830
f 1788/2052/1825 1792/2056/1829 1793/2057/1830
f 1788/2052/1825 1865/2129/1902 1792/2056/1829
f 1035/2025/1798 1710/1954/1722 994/2020/1793
f 1710/1954/1722 1764/2022/1795 994/2020/1793
f 1710/1954/1722 1713/1957/1725 1764/2022/1795
f 1713/1957/1725 1866/2130/1903 1764/2022/1795
f 1713/1957/1725 1717/1961/1729 1866/2130/1903
f 1717/1961/1729 1867/2131/1904 1866/2130/1903
f 1717/1961/1729 1720/1964/1732 1867/2131/1904
f 1720/1964/1732 1868/2132/1905 1867/2131/1904
f 1720/1964/1732 1723/1967/1735 1868/2132/1905
f 1723/1967/1735 1869/2133/1906 1868/2132/1905
f 1723/1967/1735 1727/1971/1739 1869/2133/1906
f 1727/1971/1739 1870/2134/1907 1869/2133/1906
f 1727/1971/1739 1731/1975/1743 1870/2134/1907
f 1731/1975/1743 1871/2135/1908 1870/2134/1907
f 1731/1975/1743 1735/1979/1747 1871/2135/1908
f 1735/1979/1747 1872/2136/1909 1871/2135/1908
f 1735/1979/1747 1739/1983/1751 1872/2136/1909
f 1739/1983/1751 1873/2137/1910 1872/2136/1909
f 1739/1983/1751 1743/1987/1755 1873/2137/1910
f 1743/1987/1755 1874/2138/1911 1873/2137/1910
f 1743/1987/1755 1747/1991/1759 1874/2138/1911
f 1747/1991/1759 1875/2139/1912 1874/2138/1911
f 1747/1991/1759 1751/1995/1763 1875/2139/1912
f 1751/1995/1763 1876/2140/1913 1875/2139/1912
f 1751/1995/1763 1755/1999/1767 1876/2140/1913
f 1755/1999/1767 1760/2007/1778 1876/2140/1913
f 1755/1999/1767 863/2011/1782 1760/2007/1778
f 863/2011/1782 861/925/1777 1760/2007/1778
f 1765/2029/1802 1766/2030/1803 1877/2141/1914
f 1766/2030/1803 1878/2142/1915 1877/2141/1914
f 1766/2030/1803 1767/2031/1804 1878/2142/1915
f 1767/2031/1804 1879/2143/1916 1878/2142/1915
f 1767/2031/1804 1768/2032/1805 1879/2143/1916
f 1768/2032/1805 1880/2144/1917 1879/2143/1916
f 1768/2032/1805 1769/2033/1806 1880/2144/1917
f 1769/2033/1806 1881/2145/1918 1880/2144/1917
f 1769/2033/1806 1770/2034/1807 1881/2145/1918
f 1770/2034/1807 1882/2146/1919 1881/2145/1918
f 1770/2034/1807 1771/2035/1808 1882/2146/1919
f 1771/2035/1808 1883/2147/1920 1882/2146/1919
f 1771/2035/1808 1772/2036/1809 1883/2147/1920
f 1772/2036/1809 1884/2148/1921 1883/2147/1920
f 1772/2036/1809 1773/2037/1810 1884/2148/1921
f 1773/2037/1810 1885/2149/1922 1884/2148/1921
f 1773/2037/1810 1774/2038/1811 1885/2149/1922
f 1774/2038/1811 1886/2150/1923 1885/2149/1922
f 1774/2038/1811 1775/2039/1812 1886/2150/1923
f 1775/2039/1812 1887/2151/1924 1886/2150/1923
f 1775/2039/1812 1776/2040/1813 1887/2151/1924
f 1776/2040/1813 1888/2152/1925 1887/2151/1924
f 1776/2040/1813 1777/2041/1814 1888/2152/1925
f 1777/2041/1814 1889/2153/1926 1888/2152/1925
f 1777/2041/1814 1778/2042/1815 1889/2153/1926
f 1778/2042/1815 1890/2154/1927 1889/2153/1926
f 1778/2042/1815 1762/2014/1787 1890/2154/1927
f 1762/2014/1787 1891/2155/1928 1890/2154/1927
f 1762/2014/1787 1763/2015/1788 1891/2155/1928
f 1763/2015/1788 1892/2156/1929 1891/2155/1928
f 1763/2015/1788 1764/2022/1795 1892/2156/1929
f 1764/2022/1795 1893/2157/1930 1892/2156/1929
f 1764/2022/1795 1866/2130/1903 1893/2157/1930
f 1866/2130/1903 1894/2158/1931 1893/2157/1930
f 1866/2130/1903 1867/2131/1904 1894/2158/1931
f 1867/2131/1904 1895/2159/1932 1894/2158/1931
f 1867/2131/1904 1868/2132/1905 1895/2159/1932
f 1868/2132/1905 1896/2160/1933 1895/2159/1932
f 1868/2132/1905 1869/2133/1906 1896/2160/1933
f 1869/2133/1906 1897/2161/1934 1896/2160/1933
f 1869/2133/1906 1870/2134/1907 1897/2161/1934
f 1870/2134/1907 1898/2162/1935 1897/2161/1934
f 1870/2134/1907 1871/2135/1908 1898/2162/1935
f 1871/2135/1908 1899/2163/1936 1898/2162/1935
f 1871/2135/1908 1872/2136/1909 1899/2163/1936
f 1872/2136/1909 1900/2164/1937 1899/2163/1936
f 1872/2136/1909 1873/2137/1910 1900/2164/1937
f 1873/2137/1910 1901/2165/1938 1900/2164/1937
f 1873/2137/1910 1874/2138/1911 1901/2165/1938
f 1874/2138/1911 1902/2166/1939 1901/2165/1938
f 1874/2138/1911 1875/2139/1912 1902/2166/1939
f 1875/2139/1912 1903/2167/1940 1902/2166/1939
f 1875/2139/1912 1876/2140/1913 1903/2167/1940
f 1876/2140/1913 1904/2168/1941 1903/2167/1940
f 1876/2140/1913 1760/2007/1778 1904/2168/1941
f 1760/2007/1778 1905/2169/1942 1904/2168/1941
f 1760/2007/1778 1759/2006/1776 1905/2169/1942
f 1759/2006/1776 1906/2170/1943 1905/2169/1942
f 1759/2006/1776 857/921/1774 1906/2170/1943
f 857/921/1774 1907/2171/1944 1906/2170/1943
f 1877/2141/1914 1878/2142/1915 1865/2129/1902
f 1878/2142/1915 1792/2056/1829 1865/2129/1902
f 1878/2142/1915 1879/2143/1916 1792/2056/1829
f 1879/2143/1916 1794/2058/1831 1792/2056/1829
f 1879/2143/1916 1880/2144/1917 1794/2058/1831
f 1880/2144/1917 1796/2060/1833 1794/2058/1831
f 1880/2144/1917 1881/2145/1918 1796/2060/1833
f 1881/2145/1918 1798/2062/1835 1796/2060/1833
f 1881/2145/1918 1882/2146/1919 1798/2062/1835
f 1882/2146/1919 1800/2064/1837 1798/2062/1835
f 1882/2146/1919 1883/2147/1920 1800/2064/1837
f 1883/2147/1920 1802/2066/1839 1800/2064/1837
f 1883/2147/1920 1884/2148/1921 1802/2066/1839
f 1884/2148/1921 1804/2068/1841 1802/2066/1839
f 1884/2148/1921 1885/2149/1922 1804/2068/1841
f 1885/2149/1922 1806/2070/1843 1804/2068/1841
f 1885/2149/1922 1886/2150/1923 1806/2070/1843
f 1886/2150/1923 1808/2072/1845 1806/2070/1843
f 1886/2150/1923 1887/2151/1924 1808/2072/1845
f 1887/2151/1924 1810/2074/1847 1808/2072/1845
f 1887/2151/1924 1888/2152/1925 1810/2074/1847
f 1888/2152/1925 1812/2076/1849 1810/2074/1847
f 1888/2152/1925 1889/2153/1926 1812/2076/1849
f 1889/2153/1926 1814/2078/1851 1812/2076/1849
f 1889/2153/1926 1890/2154/1927 1814/2078/1851
f 1890/2154/1927 1816/2080/1853 1814/2078/1851
f 1890/2154/1927 1891/2155/1928 1816/2080/1853
f 1891/2155/1928 1818/2082/1855 1816/2080/1853
f 1891/2155/1928 1892/2156/1929 1818/2082/1855
f 1892/2156/1929 1820/2084/1857 1818/2082/1855
f 1892/2156/1929 1893/2157/1930 1820/2084/1857
f 1893/2157/1930 1822/2086/1859 1820/2084/1857
f 1893/2157/1930 1894/2158/1931 1822/2086/1859
f 1894/2158/1931 1824/2088/1861 1822/2086/1859
f 1894/2158/1931 1895/2159/1932 1824/2088/1861
f 1895/2159/1932 1826/2090/1863 1824/2088/1861
f 1895/2159/1932 1896/2160/1933 1826/2090/1863
f 1896/2160/1933 1828/2092/1865 1826/2090/1863
f 1896/2160/1933 1897/2161/1934 1828/2092/1865
f 1897/2161/1934 1830/2094/1867 1828/2092/1865
f 1897/2161/1934 1898/2162/1935 1830/2094/1867
f 1898/2162/1935 1832/2096/1869 1830/2094/1867
f 1898/2162/1935 1899/2163/1936 1832/2096/1869
f 1899/2163/1936 1834/2098/1871 1832/2096/1869
f 1899/2163/1936 1900/2164/1937 1834/2098/1871
f 1900/2164/1937 1836/2100/1873 1834/2098/1871
f 1900/2164/1937 1901/2165/1938 1836/2100/1873
f 1901/2165/1938 1838/2102/1875 1836/2100/1873
f 1901/2165/1938 1902/2166/1939 1838/2102/1875
f 1902/2166/1939 1840/2104/1877 1838/2102/1875
f 1902/2166/1939 1903/2167/1940 1840/2104/1877
f 1903/2167/1940 1842/2106/1879 1840/2104/1877
f 1903/2167/1940 1904/2168/1941 1842/2106/1879
f 1904/2168/1941 1844/2108/1881 1842/2106/1879
f 1904/2168/1941 1905/2169/1942 1844/2108/1881
f 1905/2169/1942 1846/2110/1883 1844/2108/1881
f 1905/2169/1942 1906/2170/1943 1846/2110/1883
f 1906/2170/1943 1848/2112/1885 1846/2110/1883
f 1906/2170/1943 1907/2171/1944 1848/2112/1885
f 1907/2171/1944 1850/2114/1887 1848/2112/1885
f 1908/2172/1945 1637/1874/1642 1909/2173/1946
f 1910/2174/1947 1912/2176/1949 1911/2175/1948
f 1913/2177/1950 1915/2179/1952 1914/2178/1951
f 1916/2180/1953 1917/2181/1954 1914/2178/1951
f 1918/2182/1955 1920/2184/1957 1919/2183/1956
f 1921/2185/1958 1923/2187/1960 1922/2186/1959
f 1924/2188/1961 1926/2190/1963 1925/2189/1962
f 1927/2191/1964 1929/2193/1966 1928/2192/1965
f 1637/1874/1642 1931/2195/1968 1930/2194/1967
f 1932/2196/1969 1934/2198/1971 1933/2197/1970
f 1656/1893/1661 1931/2195/1968 1655/1892/1660
f 976/2199/1972 1935/2201/1974 978/2200/1973
f 1935/2201/1974 979/2202/1975 978/2200/1973
f 970/2203/1976 1936/2204/1978 967/1035/1977
f 1936/2204/1978 965/1033/1979 967/1035/1977
f 1937/2205/1980 974/2207/1982 951/2206/1981
f 1937/2205/1980 1938/2208/1983 974/2207/1982
f 951/2206/1981 952/2209/1984 1937/2205/1980
f 952/2209/1984 1939/2210/1985 1937/2205/1980
f 952/2209/1984 954/2211/1986 1939/2210/1985
f 954/2211/1986 1940/2212/1987 1939/2210/1985
f 954/2211/1986 955/2213/1988 1940/2212/1987
f 955/2213/1988 1941/2214/1989 1940/2212/1987
f 955/2213/1988 950/2215/1990 1941/2214/1989
f 965/1033/1979 1936/2204/1978 963/1031/1991
f 1936/2204/1978 961/1029/1992 963/1031/1991
f 1936/2204/1978 1942/2216/1993 961/1029/1992
f 1942/2216/1993 958/1026/1994 961/1029/1992
f 1942/2216/1993 1943/2217/1995 958/1026/1994
f 1943/2217/1995 959/1027/1996 958/1026/1994
f 959/1027/1996 1943/2217/1995 982/1054/1997
f 1943/2217/1995 984/1056/1998 982/1054/1997
f 1943/2217/1995 986/1058/1999 984/1056/1998
f 988/2218/2000 1944/2220/2002 989/2219/2001
f 989/2219/2001 1944/2220/2002 946/2221/2003
f 1944/2220/2002 945/2222/2004 946/2221/2003
f 1944/2220/2002 1941/2214/1989 945/2222/2004
f 1941/2214/1989 948/2223/2005 945/2222/2004
f 1941/2214/1989 950/2215/1990 948/2223/2005
f 1945/2224/2006 873/2001/1769 1757/2002/1770
f 873/2001/1769 1945/2224/2006 1038/2225/2007
f 1945/2224/2006 1040/2226/2008 1038/2225/2007
f 1945/2224/2006 1946/2227/2009 1040/2226/2008
f 1040/2226/2008 1946/2227/2009 1042/2228/2010
f 1946/2227/2009 1947/2229/2011 1042/2228/2010
f 1946/2227/2009 1948/2230/2012 1947/2229/2011
f 1948/2230/2012 1949/2231/2013 1947/2229/2011
f 1950/2232/2014 1952/2234/2016 1951/2233/2015
f 1952/2234/2016 1953/2235/2017 1951/2233/2015
f 1952/2234/2016 1949/2231/2013 1953/2235/2017
f 1949/2231/2013 1954/2236/2018 1953/2235/2017
f 1949/2231/2013 1948/2230/2012 1954/2236/2018
f 1955/2237/2019 1957/2239/2021 1956/2238/2020
f 1957/2239/2021 1958/2240/2022 1956/2238/2020
f 1957/2239/2021 1952/2234/2016 1958/2240/2022
f 1952/2234/2016 1959/2241/2023 1958/2240/2022
f 1952/2234/2016 1950/2232/2014 1959/2241/2023
f 1955/2237/2019 1960/2242/2024 1957/2239/2021
f 1960/2242/2024 1961/2243/2025 1957/2239/2021
f 1960/2242/2024 1962/2244/2026 1961/2243/2025
f 1963/2245/2027 1965/2247/2029 1964/2246/2028
f 1965/2247/2029 1963/2245/2027 1966/2248/2030
f 1963/2245/2027 1967/2249/2031 1966/2248/2030
f 1963/2245/2027 1961/2243/2025 1967/2249/2031
f 1961/2243/2025 1968/2250/2032 1967/2249/2031
f 1961/2243/2025 1962/2244/2026 1968/2250/2032
f 1964/2246/2028 1969/2251/2033 1963/2245/2027
f 1969/2251/2033 1970/2252/2034 1963/2245/2027
f 1969/2251/2033 1971/2253/2035 1970/2252/2034
f 1972/2254/2036 1974/2256/2038 1973/2255/2037
f 1974/2256/2038 1975/2257/2039 1973/2255/2037
f 1974/2256/2038 1970/2252/2034 1975/2257/2039
f 1970/2252/2034 1976/2258/2040 1975/2257/2039
f 1970/2252/2034 1971/2253/2035 1976/2258/2040
f 1977/2259/2041 1979/2261/2043 1978/2260/2042
f 1979/2261/2043 1980/2262/2044 1978/2260/2042
f 1979/2261/2043 1974/2256/2038 1980/2262/2044
f 1974/2256/2038 1981/2263/2045 1980/2262/2044
f 1974/2256/2038 1972/2254/2036 1981/2263/2045
f 1977/2259/2041 1982/2264/2046 1979/2261/2043
f 1982/2264/2046 1983/2265/2047 1979/2261/2043
f 1982/2264/2046 1984/2266/2048 1983/2265/2047
f 1984/2266/2048 1985/2267/2049 1983/2265/2047
f 1985/2267/2049 1986/2268/2050 1983/2265/2047
f 1985/2267/2049 1987/2269/2051 1986/2268/2050
f 1987/2269/2051 1988/2270/2052 1986/2268/2050
f 1988/2270/2052 1989/2271/2053 1986/2268/2050
f 1988/2270/2052 1990/2272/2054 1989/2271/2053
f 1941/2214/1989 1944/2220/2002 1991/2273/2055
f 1944/2220/2002 1992/2274/2056 1991/2273/2055
f 1944/2220/2002 1989/2271/2053 1992/2274/2056
f 1989/2271/2053 1993/2275/2057 1992/2274/2056
f 1989/2271/2053 1990/2272/2054 1993/2275/2057
f 974/2207/1982 1938/2208/1983 976/2199/1972
f 1938/2208/1983 1935/2201/1974 976/2199/1972
f 1938/2208/1983 1994/2276/2058 1935/2201/1974
f 1994/2276/2058 1995/2277/2059 1935/2201/1974
f 1996/2278/2060 1998/2280/2062 1997/2279/2061
f 1998/2280/2062 1999/2281/2063 1997/2279/2061
f 1998/2280/2062 1995/2277/2059 1999/2281/2063
f 1995/2277/2059 2000/2282/2064 1999/2281/2063
f 1995/2277/2059 1994/2276/2058 2000/2282/2064
f 1996/2278/2060 2001/2283/2065 1998/2280/2062
f 2001/2283/2065 2002/2284/2066 1998/2280/2062
f 2001/2283/2065 2003/2285/2067 2002/2284/2066
f 2004/2286/2068 2002/2284/2066 2005/2287/2069
f 2002/2284/2066 2006/2288/2070 2005/2287/2069
f 2002/2284/2066 2003/2285/2067 2006/2288/2070
f 2007/2289/2071 2009/2291/2073 2008/2290/2072
f 2009/2291/2073 2010/2292/2074 2008/2290/2072
f 2009/2291/2073 2004/2286/2068 2010/2292/2074
f 2004/2286/2068 2011/2293/2075 2010/2292/2074
f 2004/2286/2068 2005/2287/2069 2011/2293/2075
f 2007/2289/2071 2012/2294/2076 2009/2291/2073
f 2012/2294/2076 2013/2295/2077 2009/2291/2073
f 2012/2294/2076 2014/2296/2078 2013/2295/2077
f 2015/2297/2079 2013/2295/2077 2016/2298/2080
f 2013/2295/2077 2017/2299/2081 2016/2298/2080
f 2013/2295/2077 2014/2296/2078 2017/2299/2081
f 2018/2300/2082 2020/2302/2084 2019/2301/2083
f 2020/2302/2084 2021/2303/2085 2019/2301/2083
f 2020/2302/2084 2015/2297/2079 2021/2303/2085
f 2015/2297/2079 2022/2304/2086 2021/2303/2085
f 2015/2297/2079 2016/2298/2080 2022/2304/2086
f 2018/2300/2082 2023/2305/2087 2020/2302/2084
f 2023/2305/2087 2024/2306/2088 2020/2302/2084
f 2023/2305/2087 2025/2307/2089 2024/2306/2088
f 2026/2308/2090 2024/2306/2088 2027/2309/2091
f 2024/2306/2088 2028/2310/2092 2027/2309/2091
f 2024/2306/2088 2025/2307/2089 2028/2310/2092
f 2029/2311/2093 2031/2313/2095 2030/2312/2094
f 2031/2313/2095 2032/2314/2096 2030/2312/2094
f 2031/2313/2095 2026/2308/2090 2032/2314/2096
f 2026/2308/2090 2033/2315/2097 2032/2314/2096
f 2026/2308/2090 2027/2309/2091 2033/2315/2097
f 2029/2311/2093 2034/2316/2098 2031/2313/2095
f 2034/2316/2098 2035/2317/2099 2031/2313/2095
f 2034/2316/2098 2036/2318/2100 2035/2317/2099
f 2036/2318/2100 2037/2319/2101 2035/2317/2099
f 2037/2319/2101 2038/2320/2102 2035/2317/2099
f 2037/2319/2101 2039/2321/2103 2038/2320/2102
f 2039/2321/2103 1661/1898/1666 2038/2320/2102
f 2039/2321/2103 1660/1897/1665 1661/1898/1666
f 2040/2322/2104 1865/2129/1902 1788/2052/1825
f 1788/2052/1825 1657/1894/1662 2041/2323/2105
f 1657/1894/1662 2042/2324/2106 2041/2323/2105
f 1657/1894/1662 1658/1895/1663 2042/2324/2106
f 1658/1895/1663 1637/1874/1642 2042/2324/2106
f 1931/2195/1968 1637/1874/1642 1655/1892/1660
f 2043/2325/2107 1851/2115/1888 1850/2114/1887
f 857/921/1774 1050/1134/2109 2044/2326/2108
f 1050/1134/2109 1048/1132/2110 2044/2326/2108
f 1048/1132/2110 1046/2327/2111 2044/2326/2108
f 1046/2327/2111 2045/2328/2112 2044/2326/2108
f 1046/2327/2111 1044/2329/2113 2045/2328/2112
f 1851/2115/1888 2046/2330/2114 1656/1893/1661
f 2046/2330/2114 1931/2195/1968 1656/1893/1661
f 2046/2330/2114 2047/2331/2115 1931/2195/1968
f 2047/2331/2115 1930/2194/1967 1931/2195/1968
f 2047/2331/2115 2048/2332/2116 1930/2194/1967
f 2048/2332/2116 2049/2333/2117 1930/2194/1967
f 1933/2197/1970 1934/2198/1971 2049/2333/2117
f 1934/2198/1971 1930/2194/1967 2049/2333/2117
f 1934/2198/1971 1637/1874/1642 1930/2194/1967
f 1928/2192/1965 1929/2193/1966 1932/2196/1969
f 1929/2193/1966 1934/2198/1971 1932/2196/1969
f 1929/2193/1966 1637/1874/1642 1934/2198/1971
f 1925/2189/1962 1926/2190/1963 1927/2191/1964
f 1926/2190/1963 1929/2193/1966 1927/2191/1964
f 1926/2190/1963 1637/1874/1642 1929/2193/1966
f 1922/2186/1959 1923/2187/1960 1924/2188/1961
f 1923/2187/1960 1926/2190/1963 1924/2188/1961
f 1923/2187/1960 1637/1874/1642 1926/2190/1963
f 1919/2183/1956 1920/2184/1957 1921/2185/1958
f 1920/2184/1957 1923/2187/1960 1921/2185/1958
f 1920/2184/1957 1637/1874/1642 1923/2187/1960
f 1911/2175/1948 1912/2176/1949 1918/2182/1955
f 1912/2176/1949 1920/2184/1957 1918/2182/1955
f 1912/2176/1949 1637/1874/1642 1920/2184/1957
f 2043/2325/2107 2051/2335/2119 2050/2334/2118
f 2051/2335/2119 2052/2336/2120 2050/2334/2118
f 2051/2335/2119 2053/2337/2121 2052/2336/2120
f 2053/2337/2121 2054/2338/2122 2052/2336/2120
f 2053/2337/2121 2055/2339/2123 2054/2338/2122
f 2055/2339/2123 2056/2340/2124 2054/2338/2122
f 2055/2339/2123 2057/2341/2125 2056/2340/2124
f 2057/2341/2125 2058/2342/2126 2056/2340/2124
f 2057/2341/2125 2059/2343/2127 2058/2342/2126
f 2059/2343/2127 2060/2344/2128 2058/2342/2126
f 2059/2343/2127 2061/2345/2129 2060/2344/2128
f 2061/2345/2129 2062/2346/2130 2060/2344/2128
f 2061/2345/2129 2063/2347/2131 2062/2346/2130
f 2063/2347/2131 2064/2348/2132 2062/2346/2130
f 2063/2347/2131 2065/2349/2133 2064/2348/2132
f 2065/2349/2133 2066/2350/2134 2064/2348/2132
f 2065/2349/2133 2067/2351/2135 2066/2350/2134
f 2067/2351/2135 2068/2352/2136 2066/2350/2134
f 2067/2351/2135 2069/2353/2137 2068/2352/2136
f 2069/2353/2137 2070/2354/2138 2068/2352/2136
f 2069/2353/2137 2071/2355/2139 2070/2354/2138
f 2071/2355/2139 2072/2356/2140 2070/2354/2138
f 2071/2355/2139 2073/2357/2141 2072/2356/2140
f 2073/2357/2141 2074/2358/2142 2072/2356/2140
f 2073/2357/2141 2075/2359/2143 2074/2358/2142
f 2075/2359/2143 2076/2360/2144 2074/2358/2142
f 2075/2359/2143 2077/2361/2145 2076/2360/2144
f 2077/2361/2145 2078/2362/2146 2076/2360/2144
f 2077/2361/2145 2079/2363/2147 2078/2362/2146
f 2079/2363/2147 2080/2364/2148 2078/2362/2146
f 2079/2363/2147 2081/2365/2149 2080/2364/2148
f 2081/2365/2149 2082/2366/2150 2080/2364/2148
f 2081/2365/2149 2083/2367/2151 2082/2366/2150
f 2043/2325/2107 2050/2334/2118 1851/2115/1888
f 2050/2334/2118 2046/2330/2114 1851/2115/1888
f 2050/2334/2118 2052/2336/2120 2046/2330/2114
f 2052/2336/2120 2047/2331/2115 2046/2330/2114
f 2052/2336/2120 2054/2338/2122 2047/2331/2115
f 2054/2338/2122 2048/2332/2116 2047/2331/2115
f 2054/2338/2122 2056/2340/2124 2048/2332/2116
f 2056/2340/2124 2049/2333/2117 2048/2332/2116
f 2056/2340/2124 2058/2342/2126 2049/2333/2117
f 2058/2342/2126 1933/2197/1970 2049/2333/2117
f 2058/2342/2126 2060/2344/2128 1933/2197/1970
f 2060/2344/2128 1932/2196/1969 1933/2197/1970
f 2060/2344/2128 2062/2346/2130 1932/2196/1969
f 2062/2346/2130 1928/2192/1965 1932/2196/1969
f 2062/2346/2130 2064/2348/2132 1928/2192/1965
f 2064/2348/2132 1927/2191/1964 1928/2192/1965
f 2064/2348/2132 2066/2350/2134 1927/2191/1964
f 2066/2350/2134 1925/2189/1962 1927/2191/1964
f 2066/2350/2134 2068/2352/2136 1925/2189/1962
f 2068/2352/2136 1924/2188/1961 1925/2189/1962
f 2068/2352/2136 2070/2354/2138 1924/2188/1961
f 2070/2354/2138 1922/2186/1959 1924/2188/1961
f 2070/2354/2138 2072/2356/2140 1922/2186/1959
f 2072/2356/2140 1921/2185/1958 1922/2186/1959
f 2072/2356/2140 2074/2358/2142 1921/2185/1958
f 2074/2358/2142 1919/2183/1956 1921/2185/1958
f 2074/2358/2142 2076/2360/2144 1919/2183/1956
f 2076/2360/2144 1918/2182/1955 1919/2183/1956
f 2076/2360/2144 2078/2362/2146 1918/2182/1955
f 2078/2362/2146 1911/2175/1948 1918/2182/1955
f 2078/2362/2146 2080/2364/2148 1911/2175/1948
f 2080/2364/2148 1910/2174/1947 1911/2175/1948
f 2080/2364/2148 2082/2366/2150 1910/2174/1947
f 1915/2179/1952 2084/2368/2152 1914/2178/1951
f 2084/2368/2152 1916/2180/1953 1914/2178/1951
f 2084/2368/2152 2085/2369/2153 1916/2180/1953
f 2086/2370/2154 2088/2372/2156 2087/2371/2155
f 2088/2372/2156 2089/2373/2157 2087/2371/2155
f 2088/2372/2156 2090/2374/2158 2089/2373/2157
f 2090/2374/2158 2091/2375/2159 2089/2373/2157
f 2090/2374/2158 2092/2376/2160 2091/2375/2159
f 1917/2181/1954 2093/2377/2161 1914/2178/1951
f 2093/2377/2161 1913/2177/1950 1914/2178/1951
f 2093/2377/2161 2094/2378/2162 1913/2177/1950
f 2095/2379/2163 2097/2381/2165 2096/2380/2164
f 2097/2381/2165 2098/2382/2166 2096/2380/2164
f 2097/2381/2165 2099/2383/2167 2098/2382/2166
f 2099/2383/2167 2100/2384/2168 2098/2382/2166
f 2099/2383/2167 2101/2385/2169 2100/2384/2168
f 1865/2129/1902 2040/2322/2104 2102/2386/2170
f 2040/2322/2104 2103/2387/2171 2102/2386/2170
f 2040/2322/2104 2104/2388/2172 2103/2387/2171
f 2104/2388/2172 2105/2389/2173 2103/2387/2171
f 2104/2388/2172 2106/2390/2174 2105/2389/2173
f 2107/2391/2175 2109/2393/2177 2108/2392/2176
f 2109/2393/2177 2110/2394/2178 2108/2392/2176
f 2109/2393/2177 2111/2395/2179 2110/2394/2178
f 2111/2395/2179 2112/2396/2180 2110/2394/2178
f 2111/2395/2179 2113/2397/2181 2112/2396/2180
f 2087/2371/2155 2089/2373/2157 2083/2367/2151
f 2089/2373/2157 2082/2366/2150 2083/2367/2151
f 2089/2373/2157 2091/2375/2159 2082/2366/2150
f 2091/2375/2159 1910/2174/1947 2082/2366/2150
f 2091/2375/2159 2092/2376/2160 1910/2174/1947
f 2092/2376/2160 1912/2176/1949 1910/2174/1947
f 2092/2376/2160 1637/1874/1642 1912/2176/1949
f 2085/2369/2153 2084/2368/2152 1909/2173/1946
f 2084/2368/2152 1908/2172/1945 1909/2173/1946
f 2084/2368/2152 1915/2179/1952 1908/2172/1945
f 1915/2179/1952 2114/2398/2182 1908/2172/1945
f 1915/2179/1952 1913/2177/1950 2114/2398/2182
f 1913/2177/1950 2115/2399/2183 2114/2398/2182
f 1913/2177/1950 2094/2378/2162 2115/2399/2183
f 2094/2378/2162 2116/2400/2184 2115/2399/2183
f 1917/2181/1954 1916/2180/1953 2086/2370/2154
f 1916/2180/1953 2088/2372/2156 2086/2370/2154
f 1916/2180/1953 2085/2369/2153 2088/2372/2156
f 2085/2369/2153 2090/2374/2158 2088/2372/2156
f 2085/2369/2153 1909/2173/1946 2090/2374/2158
f 1909/2173/1946 2092/2376/2160 2090/2374/2158
f 1909/2173/1946 1637/1874/1642 2092/2376/2160
f 2096/2380/2164 2098/2382/2166 2116/2400/2184
f 2098/2382/2166 2115/2399/2183 2116/2400/2184
f 2098/2382/2166 2100/2384/2168 2115/2399/2183
f 2100/2384/2168 2114/2398/2182 2115/2399/2183
f 2100/2384/2168 2101/2385/2169 2114/2398/2182
f 2101/2385/2169 1908/2172/1945 2114/2398/2182
f 2101/2385/2169 1637/1874/1642 1908/2172/1945
f 2108/2392/2176 2110/2394/2178 2095/2379/2163
f 2110/2394/2178 2097/2381/2165 2095/2379/2163
f 2110/2394/2178 2112/2396/2180 2097/2381/2165
f 2112/2396/2180 2099/2383/2167 2097/2381/2165
f 2112/2396/2180 2113/2397/2181 2099/2383/2167
f 2113/2397/2181 2101/2385/2169 2099/2383/2167
f 2113/2397/2181 1637/1874/1642 2101/2385/2169
f 1788/2052/1825 2041/2323/2105 2040/2322/2104
f 2041/2323/2105 2104/2388/2172 2040/2322/2104
f 2041/2323/2105 2042/2324/2106 2104/2388/2172
f 2042/2324/2106 2106/2390/2174 2104/2388/2172
f 2042/2324/2106 1637/1874/1642 2106/2390/2174
f 2102/2386/2170 2103/2387/2171 2107/2391/2175
f 2103/2387/2171 2109/2393/2177 2107/2391/2175
f 2103/2387/2171 2105/2389/2173 2109/2393/2177
f 2105/2389/2173 2111/2395/2179 2109/2393/2177
f 2105/2389/2173 2106/2390/2174 2111/2395/2179
f 2106/2390/2174 2113/2397/2181 2111/2395/2179
f 2106/2390/2174 1637/1874/1642 2113/2397/2181
f 1765/2029/1802 2117/2401/2185 1661/1898/1666
f 2117/2401/2185 2038/2320/2102 1661/1898/1666
f 2117/2401/2185 2118/2402/2186 2038/2320/2102
f 2118/2402/2186 2035/2317/2099 2038/2320/2102
f 2118/2402/2186 2119/2403/2187 2035/2317/2099
f 2119/2403/2187 2031/2313/2095 2035/2317/2099
f 2119/2403/2187 2120/2404/2188 2031/2313/2095
f 2120/2404/2188 2026/2308/2090 2031/2313/2095
f 2120/2404/2188 2121/2405/2189 2026/2308/2090
f 2121/2405/2189 2024/2306/2088 2026/2308/2090
f 2121/2405/2189 2122/2406/2190 2024/2306/2088
f 2122/2406/2190 2020/2302/2084 2024/2306/2088
f 2122/2406/2190 2123/2407/2191 2020/2302/2084
f 2123/2407/2191 2015/2297/2079 2020/2302/2084
f 2123/2407/2191 2124/2408/2192 2015/2297/2079
f 2124/2408/2192 2013/2295/2077 2015/2297/2079
f 2124/2408/2192 2125/2409/2193 2013/2295/2077
f 2125/2409/2193 2009/2291/2073 2013/2295/2077
f 2125/2409/2193 2126/2410/2194 2009/2291/2073
f 2126/2410/2194 2004/2286/2068 2009/2291/2073
f 2126/2410/2194 2127/2411/2195 2004/2286/2068
f 2127/2411/2195 2002/2284/2066 2004/2286/2068
f 2127/2411/2195 2128/2412/2196 2002/2284/2066
f 2128/2412/2196 1998/2280/2062 2002/2284/2066
f 2128/2412/2196 2129/2413/2197 1998/2280/2062
f 2129/2413/2197 1995/2277/2059 1998/2280/2062
f 2129/2413/2197 1936/2204/1978 1995/2277/2059
f 1936/2204/1978 1935/2201/1974 1995/2277/2059
f 1936/2204/1978 970/2203/1976 1935/2201/1974
f 970/2203/1976 979/2202/1975 1935/2201/1974
f 986/1058/1999 1943/2217/1995 988/2218/2000
f 1943/2217/1995 1944/2220/2002 988/2218/2000
f 1943/2217/1995 2130/2414/2198 1944/2220/2002
f 2130/2414/2198 1989/2271/2053 1944/2220/2002
f 2130/2414/2198 2131/2415/2199 1989/2271/2053
f 2131/2415/2199 1986/2268/2050 1989/2271/2053
f 2131/2415/2199 2132/2416/2200 1986/2268/2050
f 2132/2416/2200 1983/2265/2047 1986/2268/2050
f 2132/2416/2200 2133/2417/2201 1983/2265/2047
f 2133/2417/2201 1979/2261/2043 1983/2265/2047
f 2133/2417/2201 2134/2418/2202 1979/2261/2043
f 2134/2418/2202 1974/2256/2038 1979/2261/2043
f 2134/2418/2202 2135/2419/2203 1974/2256/2038
f 2135/2419/2203 1970/2252/2034 1974/2256/2038
f 2135/2419/2203 2136/2420/2204 1970/2252/2034
f 2136/2420/2204 1963/2245/2027 1970/2252/2034
f 2136/2420/2204 2137/2421/2205 1963/2245/2027
f 2137/2421/2205 1961/2243/2025 1963/2245/2027
f 2137/2421/2205 2138/2422/2206 1961/2243/2025
f 2138/2422/2206 1957/2239/2021 1961/2243/2025
f 2138/2422/2206 2139/2423/2207 1957/2239/2021
f 2139/2423/2207 1952/2234/2016 1957/2239/2021
f 2139/2423/2207 2140/2424/2208 1952/2234/2016
f 2140/2424/2208 1949/2231/2013 1952/2234/2016
f 2140/2424/2208 2045/2328/2112 1949/2231/2013
f 2045/2328/2112 1947/2229/2011 1949/2231/2013
f 2045/2328/2112 1044/2329/2113 1947/2229/2011
f 1044/2329/2113 1042/2228/2010 1947/2229/2011
f 1877/2141/1914 2141/2425/2209 1765/2029/1802
f 2141/2425/2209 2117/2401/2185 1765/2029/1802
f 2141/2425/2209 2142/2426/2210 2117/2401/2185
f 2142/2426/2210 2118/2402/2186 2117/2401/2185
f 2142/2426/2210 2143/2427/2211 2118/2402/2186
f 2143/2427/2211 2119/2403/2187 2118/2402/2186
f 2143/2427/2211 2144/2428/2212 2119/2403/2187
f 2144/2428/2212 2120/2404/2188 2119/2403/2187
f 2144/2428/2212 2145/2429/2213 2120/2404/2188
f 2145/2429/2213 2121/2405/2189 2120/2404/2188
f 2145/2429/2213 2146/2430/2214 2121/2405/2189
f 2146/2430/2214 2122/2406/2190 2121/2405/2189
f 2146/2430/2214 2147/2431/2215 2122/2406/2190
f 2147/2431/2215 2123/2407/2191 2122/2406/2190
f 2147/2431/2215 2148/2432/2216 2123/2407/2191
f 2148/2432/2216 2124/2408/2192 2123/2407/2191
f 2148/2432/2216 2149/2433/2217 2124/2408/2192
f 2149/2433/2217 2125/2409/2193 2124/2408/2192
f 2149/2433/2217 2150/2434/2218 2125/2409/2193
f 2150/2434/2218 2126/2410/2194 2125/2409/2193
f 2150/2434/2218 2151/2435/2219 2126/2410/2194
f 2151/2435/2219 2127/2411/2195 2126/2410/2194
f 2151/2435/2219 2152/2436/2220 2127/2411/2195
f 2152/2436/2220 2128/2412/2196 2127/2411/2195
f 2152/2436/2220 2153/2437/2221 2128/2412/2196
f 2153/2437/2221 2129/2413/2197 2128/2412/2196
f 2153/2437/2221 2154/2438/2222 2129/2413/2197
f 2154/2438/2222 1936/2204/1978 2129/2413/2197
f 2154/2438/2222 2155/2439/2223 1936/2204/1978
f 2155/2439/2223 1942/2216/1993 1936/2204/1978
f 2155/2439/2223 2156/2440/2224 1942/2216/1993
f 2156/2440/2224 1943/2217/1995 1942/2216/1993
f 2156/2440/2224 2157/2441/2225 1943/2217/1995
f 2157/2441/2225 2130/2414/2198 1943/2217/1995
f 2157/2441/2225 2158/2442/2226 2130/2414/2198
f 2158/2442/2226 2131/2415/2199 2130/2414/2198
f 2158/2442/2226 2159/2443/2227 2131/2415/2199
f 2159/2443/2227 2132/2416/2200 2131/2415/2199
f 2159/2443/2227 2160/2444/2228 2132/2416/2200
f 2160/2444/2228 2133/2417/2201 2132/2416/2200
f 2160/2444/2228 2161/2445/2229 2133/2417/2201
f 2161/2445/2229 2134/2418/2202 2133/2417/2201
f 2161/2445/2229 2162/2446/2230 2134/2418/2202
f 2162/2446/2230 2135/2419/2203 2134/2418/2202
f 2162/2446/2230 2163/2447/2231 2135/2419/2203
f 2163/2447/2231 2136/2420/2204 2135/2419/2203
f 2163/2447/2231 2164/2448/2232 2136/2420/2204
f 2164/2448/2232 2137/2421/2205 2136/2420/2204
f 2164/2448/2232 2165/2449/2233 2137/2421/2205
f 2165/2449/2233 2138/2422/2206 2137/2421/2205
f 2165/2449/2233 2166/2450/2234 2138/2422/2206
f 2166/2450/2234 2139/2423/2207 2138/2422/2206
f 2166/2450/2234 2167/2451/2235 2139/2423/2207
f 2167/2451/2235 2140/2424/2208 2139/2423/2207
f 2167/2451/2235 2168/2452/2236 2140/2424/2208
f 2168/2452/2236 2045/2328/2112 2140/2424/2208
f 2168/2452/2236 2169/2453/2237 2045/2328/2112
f 2169/2453/2237 2044/2326/2108 2045/2328/2112
f 2169/2453/2237 1907/2171/1944 2044/2326/2108
f 1907/2171/1944 857/921/1774 2044/2326/2108
f 1865/2129/1902 2102/2386/2170 1877/2141/1914
f 2102/2386/2170 2141/2425/2209 1877/2141/1914
f 2102/2386/2170 2107/2391/2175 2141/2425/2209
f 2107/2391/2175 2142/2426/2210 2141/2425/2209
f 2107/2391/2175 2108/2392/2176 2142/2426/2210
f 2108/2392/2176 2143/2427/2211 2142/2426/2210
f 2108/2392/2176 2095/2379/2163 2143/2427/2211
f 2095/2379/2163 2144/2428/2212 2143/2427/2211
f 2095/2379/2163 2096/2380/2164 2144/2428/2212
f 2096/2380/2164 2145/2429/2213 2144/2428/2212
f 2096/2380/2164 2116/2400/2184 2145/2429/2213
f 2116/2400/2184 2146/2430/2214 2145/2429/2213
f 2116/2400/2184 2094/2378/2162 2146/2430/2214
f 2094/2378/2162 2147/2431/2215 2146/2430/2214
f 2094/2378/2162 2093/2377/2161 2147/2431/2215
f 2093/2377/2161 2148/2432/2216 2147/2431/2215
f 2093/2377/2161 1917/2181/1954 2148/2432/2216
f 1917/2181/1954 2149/2433/2217 2148/2432/2216
f 1917/2181/1954 2086/2370/2154 2149/2433/2217
f 2086/2370/2154 2150/2434/2218 2149/2433/2217
f 2086/2370/2154 2087/2371/2155 2150/2434/2218
f 2087/2371/2155 2151/2435/2219 2150/2434/2218
f 2087/2371/2155 2083/2367/2151 2151/2435/2219
f 2083/2367/2151 2152/2436/2220 2151/2435/2219
f 2083/2367/2151 2081/2365/2149 2152/2436/2220
f 2081/2365/2149 2153/2437/2221 2152/2436/2220
f 2081/2365/2149 2079/2363/2147 2153/2437/2221
f 2079/2363/2147 2154/2438/2222 2153/2437/2221
f 2079/2363/2147 2077/2361/2145 2154/2438/2222
f 2077/2361/2145 2155/2439/2223 2154/2438/2222
f 2077/2361/2145 2075/2359/2143 2155/2439/2223
f 2075/2359/2143 2156/2440/2224 2155/2439/2223
f 2075/2359/2143 2073/2357/2141 2156/2440/2224
f 2073/2357/2141 2157/2441/2225 2156/2440/2224
f 2073/2357/2141 2071/2355/2139 2157/2441/2225
f 2071/2355/2139 2158/2442/2226 2157/2441/2225
f 2071/2355/2139 2069/2353/2137 2158/2442/2226
f 2069/2353/2137 2159/2443/2227 2158/2442/2226
f 2069/2353/2137 2067/2351/2135 2159/2443/2227
f 2067/2351/2135 2160/2444/2228 2159/2443/2227
f 2067/2351/2135 2065/2349/2133 2160/2444/2228
f 2065/2349/2133 2161/2445/2229 2160/2444/2228
f 2065/2349/2133 2063/2347/2131 2161/2445/2229
f 2063/2347/2131 2162/2446/2230 2161/2445/2229
f 2063/2347/2131 2061/2345/2129 2162/2446/2230
f 2061/2345/2129 2163/2447/2231 2162/2446/2230
f 2061/2345/2129 2059/2343/2127 2163/2447/2231
f 2059/2343/2127 2164/2448/2232 2163/2447/2231
f 2059/2343/2127 2057/2341/2125 2164/2448/2232
f 2057/2341/2125 2165/2449/2233 2164/2448/2232
f 2057/2341/2125 2055/2339/2123 2165/2449/2233
f 2055/2339/2123 2166/2450/2234 2165/2449/2233
f 2055/2339/2123 2053/2337/2121 2166/2450/2234
f 2053/2337/2121 2167/2451/2235 2166/2450/2234
f 2053/2337/2121 2051/2335/2119 2167/2451/2235
f 2051/2335/2119 2168/2452/2236 2167/2451/2235
f 2051/2335/2119 2043/2325/2107 2168/2452/2236
f 2043/2325/2107 2169/2453/2237 2168/2452/2236
f 2043/2325/2107 1850/2114/1887 2169/2453/2237
f 1850/2114/1887 1907/2171/1944 2169/2453/2237
f 1675/2454/2238 843/2456/2240 1674/2455/2239
f 1712/2457/2241 821/2459/2243 1711/2458/2242
f 1742/2460/2244 805/2462/2246 1741/2461/2245
f 853/2463/2247 1660/2465/2249 855/2464/2248
f 1757/2466/2250 1758/2468/2252 795/2467/2251
f 1758/2468/2252 797/2469/2253 795/2467/2251
f 1758/2468/2252 1761/2470/2254 797/2469/2253
f 1761/2470/2254 1756/2471/2255 797/2469/2253
f 1756/2471/2255 799/2472/2256 797/2469/2253
f 1756/2471/2255 1754/2473/2257 799/2472/2256
f 1754/2473/2257 801/2474/2258 799/2472/2256
f 1754/2473/2257 1749/2475/2259 801/2474/2258
f 1748/2476/2260 803/2478/2262 1753/2477/2261
f 803/2479/2262 1752/2481/2263 1753/2480/2261
f 803/2479/2262 801/2474/2258 1752/2481/2263
f 801/2474/2258 1750/2482/2264 1752/2481/2263
f 801/2474/2258 1749/2475/2259 1750/2482/2264
f 805/2462/2246 803/2478/2262 1741/2461/2245
f 803/2478/2262 1746/2483/2265 1741/2461/2245
f 803/2478/2262 1748/2476/2260 1746/2483/2265
f 1742/2460/2244 1744/2484/2266 805/2462/2246
f 1744/2484/2266 807/2485/2267 805/2462/2246
f 1744/2484/2266 1745/2486/2268 807/2485/2267
f 809/2487/2269 807/2485/2267 1738/2488/2270
f 807/2485/2267 1740/2489/2271 1738/2488/2270
f 807/2485/2267 1745/2486/2268 1740/2489/2271
f 811/2490/2272 809/2487/2269 1737/2491/2273
f 809/2487/2269 1736/2492/2274 1737/2491/2273
f 1736/2492/2274 809/2487/2269 1734/2493/2275
f 809/2487/2269 1733/2494/2276 1734/2493/2275
f 809/2487/2269 1738/2488/2270 1733/2494/2276
f 1726/2495/2277 813/2497/2279 1725/2496/2278
f 813/2497/2279 1730/2498/2280 1725/2496/2278
f 813/2497/2279 811/2490/2272 1730/2498/2280
f 811/2490/2272 1732/2499/2281 1730/2498/2280
f 811/2490/2272 1737/2491/2273 1732/2499/2281
f 1722/2500/2282 815/2502/2284 1724/2501/2283
f 815/2502/2284 1729/2503/2285 1724/2501/2283
f 815/2502/2284 813/2497/2279 1729/2503/2285
f 813/2497/2279 1728/2504/2286 1729/2503/2285
f 813/2497/2279 1726/2495/2277 1728/2504/2286
f 1722/2500/2282 1721/2505/2287 815/2502/2284
f 1721/2505/2287 817/2506/2288 815/2502/2284
f 1721/2505/2287 1719/2507/2289 817/2506/2288
f 1719/2507/2289 819/2508/2290 817/2506/2288
f 1719/2507/2289 1718/2509/2291 819/2508/2290
f 821/2459/2243 819/2508/2290 1711/2458/2242
f 819/2508/2290 1716/2510/2292 1711/2458/2242
f 819/2508/2290 1718/2509/2291 1716/2510/2292
f 823/2511/2293 1708/2513/2295 825/2512/2294
f 1708/2513/2295 823/2511/2293 1709/2514/2296
f 823/2511/2293 1715/2515/2297 1709/2514/2296
f 823/2511/2293 821/2459/2243 1715/2515/2297
f 821/2459/2243 1714/2516/2298 1715/2515/2297
f 821/2459/2243 1712/2457/2241 1714/2516/2298
f 829/2517/2299 827/2519/2301 1704/2518/2300
f 827/2519/2301 1706/2520/2302 1704/2518/2300
f 827/2519/2301 825/2512/2294 1706/2520/2302
f 825/2512/2294 1707/2521/2303 1706/2520/2302
f 825/2512/2294 1708/2513/2295 1707/2521/2303
f 1697/2522/2304 831/2524/2306 1696/2523/2305
f 831/2524/2306 1701/2525/2307 1696/2523/2305
f 831/2524/2306 829/2517/2299 1701/2525/2307
f 829/2517/2299 1703/2526/2308 1701/2525/2307
f 829/2517/2299 1704/2518/2300 1703/2526/2308
f 833/2527/2309 831/2524/2306 1700/2528/2310
f 831/2524/2306 1699/2529/2311 1700/2528/2310
f 831/2524/2306 1697/2522/2304 1699/2529/2311
f 835/2530/2312 833/2527/2309 1693/2531/2313
f 833/2527/2309 1695/2532/2314 1693/2531/2313
f 833/2527/2309 1700/2528/2310 1695/2532/2314
f 1686/2533/2315 837/2535/2317 1685/2534/2316
f 837/2535/2317 1690/2536/2318 1685/2534/2316
f 837/2535/2317 835/2530/2312 1690/2536/2318
f 835/2530/2312 1692/2537/2319 1690/2536/2318
f 835/2530/2312 1693/2531/2313 1692/2537/2319
f 841/2538/2320 1682/2540/2322 1681/2539/2321
f 841/2538/2320 839/2541/2323 1682/2540/2322
f 1682/2540/2322 839/2541/2323 1684/2542/2324
f 839/2541/2323 1689/2543/2325 1684/2542/2324
f 839/2541/2323 837/2535/2317 1689/2543/2325
f 837/2535/2317 1688/2544/2326 1689/2543/2325
f 837/2535/2317 1686/2533/2315 1688/2544/2326
f 843/2456/2240 841/2538/2320 1674/2455/2239
f 841/2538/2320 1679/2545/2327 1674/2455/2239
f 841/2538/2320 1681/2539/2321 1679/2545/2327
f 847/2546/2328 1671/2548/2330 1670/2547/2329
f 847/2546/2328 845/2549/2331 1671/2548/2330
f 1671/2548/2330 845/2549/2331 1673/2550/2332
f 845/2549/2331 1678/2551/2333 1673/2550/2332
f 845/2549/2331 843/2456/2240 1678/2551/2333
f 843/2456/2240 1677/2552/2334 1678/2551/2333
f 843/2456/2240 1675/2454/2238 1677/2552/2334
f 1664/2553/2335 849/2555/2337 1665/2554/2336
f 849/2555/2337 1667/2556/2338 1665/2554/2336
f 849/2555/2337 847/2546/2328 1667/2556/2338
f 847/2546/2328 1668/2557/2339 1667/2556/2338
f 847/2546/2328 1670/2547/2329 1668/2557/2339
f 1660/2465/2249 853/2463/2247 1659/2558/2340
f 853/2463/2247 1664/2553/2335 1659/2558/2340
f 853/2463/2247 851/2559/2341 1664/2553/2335
f 851/2559/2341 849/2555/2337 1664/2553/2335
f 1960/2560/2342 891/2562/2344 1962/2561/2343
f 2016/2563/2345 883/2565/2347 2022/2564/2346
f 2030/2566/2348 921/2568/2350 2029/2567/2349
f 855/2464/2248 1660/2465/2249 917/2569/2351
f 1660/2465/2249 2039/2570/2352 917/2569/2351
f 2039/2570/2352 2037/2571/2353 917/2569/2351
f 2037/2571/2353 919/2572/2354 917/2569/2351
f 2037/2571/2353 2036/2573/2355 919/2572/2354
f 921/2568/2350 919/2572/2354 2029/2567/2349
f 919/2572/2354 2034/2574/2356 2029/2567/2349
f 919/2572/2354 2036/2573/2355 2034/2574/2356
f 922/2575/2357 2028/2577/2359 903/2576/2358
f 2028/2577/2359 922/2575/2357 2027/2578/2360
f 922/2575/2357 2033/2579/2361 2027/2578/2360
f 922/990/2357 921/989/2350 2033/2580/2361
f 921/2568/2350 2032/2582/2362 2033/2581/2361
f 921/2568/2350 2030/2566/2348 2032/2582/2362
f 2019/2583/2363 901/2585/2365 2018/2584/2364
f 901/2585/2365 2023/2586/2366 2018/2584/2364
f 901/2585/2365 903/2576/2358 2023/2586/2366
f 903/2576/2358 2025/2587/2367 2023/2586/2366
f 903/2576/2358 2028/2577/2359 2025/2587/2367
f 883/2565/2347 901/2585/2365 2022/2564/2346
f 901/2585/2365 2021/2588/2368 2022/2564/2346
f 901/2585/2365 2019/2583/2363 2021/2588/2368
f 2016/2563/2345 2017/2589/2369 883/2565/2347
f 2017/2589/2369 882/2590/2370 883/2565/2347
f 2017/2589/2369 2014/2591/2371 882/2590/2370
f 2010/2592/2372 2011/2594/2374 880/2593/2373
f 2011/2594/2374 879/2595/2375 880/2593/2373
f 2011/2594/2374 2005/2596/2376 879/2595/2375
f 2010/2592/2372 880/2593/2373 2008/2597/2377
f 880/2593/2373 2007/2598/2378 2008/2597/2377
f 880/2593/2373 882/2590/2370 2007/2598/2378
f 882/2590/2370 2012/2599/2379 2007/2598/2378
f 882/2590/2370 2014/2591/2371 2012/2599/2379
f 2005/2596/2376 2006/2600/2380 879/2595/2375
f 2006/2600/2380 916/2601/2381 879/2595/2375
f 2006/2600/2380 2003/2602/2382 916/2601/2381
f 924/2603/2383 937/2605/2385 2000/2604/2384
f 937/2605/2385 1999/2606/2386 2000/2604/2384
f 1999/2606/2386 937/2605/2385 1997/2607/2387
f 937/2605/2385 1996/2608/2388 1997/2607/2387
f 937/2605/2385 916/2601/2381 1996/2608/2388
f 916/2601/2381 2001/2609/2389 1996/2608/2388
f 916/2601/2381 2003/2602/2382 2001/2609/2389
f 941/2610/2390 923/2612/2392 1937/2611/2391
f 923/2612/2392 1938/2613/2393 1937/2611/2391
f 923/2612/2392 924/2603/2383 1938/2613/2393
f 924/2603/2383 1994/2614/2394 1938/2613/2393
f 924/2603/2383 2000/2604/2384 1994/2614/2394
f 1991/2615/2395 940/2617/2397 1941/2616/2396
f 940/2617/2397 1940/2618/2398 1941/2616/2396
f 940/2617/2397 941/2610/2390 1940/2618/2398
f 941/2610/2390 1939/2619/2399 1940/2618/2398
f 941/2610/2390 1937/2611/2391 1939/2619/2399
f 1991/2615/2395 1992/2620/2400 940/2617/2397
f 1992/2620/2400 933/2621/2401 940/2617/2397
f 1992/2620/2400 1993/2622/2402 933/2621/2401
f 931/2623/2403 1988/2625/2405 1987/2624/2404
f 931/2623/2403 933/2621/2401 1988/2625/2405
f 933/2621/2401 1990/2626/2406 1988/2625/2405
f 933/2621/2401 1993/2622/2402 1990/2626/2406
f 1978/2627/2407 927/2629/2409 1977/2628/2408
f 927/2629/2409 1982/2630/2410 1977/2628/2408
f 927/2629/2409 929/2631/2411 1982/2630/2410
f 929/2631/2411 1984/2632/2412 1982/2630/2410
f 929/2631/2411 931/2623/2403 1984/2632/2412
f 931/2623/2403 1985/2633/2413 1984/2632/2412
f 931/2623/2403 1987/2624/2404 1985/2633/2413
f 1973/2634/2414 895/2636/2416 1972/2635/2415
f 895/2636/2416 1981/2637/2417 1972/2635/2415
f 895/2636/2416 927/2629/2409 1981/2637/2417
f 927/2629/2409 1980/2638/2418 1981/2637/2417
f 927/2629/2409 1978/2627/2407 1980/2638/2418
f 875/2639/2419 895/2636/2416 1976/2640/2420
f 895/2636/2416 1975/2641/2421 1976/2640/2420
f 895/2636/2416 1973/2634/2414 1975/2641/2421
f 1965/2642/2422 878/2644/2424 1964/2643/2423
f 878/2644/2424 1969/2645/2425 1964/2643/2423
f 878/2644/2424 875/2639/2419 1969/2645/2425
f 875/2639/2419 1971/2646/2426 1969/2645/2425
f 875/2639/2419 1976/2640/2420 1971/2646/2426
f 1962/2561/2343 891/2562/2344 1968/2647/2427
f 891/2562/2344 1967/2648/2428 1968/2647/2427
f 891/2562/2344 878/2644/2424 1967/2648/2428
f 878/2644/2424 1966/2649/2429 1967/2648/2428
f 878/2644/2424 1965/2642/2422 1966/2649/2429
f 1960/2560/2342 1955/2650/2430 891/2562/2344
f 1955/2650/2430 893/2651/2431 891/2562/2344
f 1955/2650/2430 1956/2652/2432 893/2651/2431
f 1956/2652/2432 1958/2653/2433 893/2651/2431
f 1958/2653/2433 887/2654/2434 893/2651/2431
f 1958/2653/2433 1959/2655/2435 887/2654/2434
f 1953/2656/2436 887/2654/2434 1951/2657/2437
f 887/2654/2434 1950/2658/2438 1951/2657/2437
f 887/2654/2434 1959/2655/2435 1950/2658/2438
f 1953/2656/2436 1954/2659/2439 887/2654/2434
f 1954/2659/2439 886/2660/2440 887/2654/2434
f 1954/2659/2439 1948/2661/2441 886/2660/2440
f 1948/2661/2441 911/2662/2442 886/2660/2440
f 1948/2661/2441 1946/2663/2443 911/2662/2442
f 1946/2663/2443 908/2664/2444 911/2662/2442
f 1946/2663/2443 1945/2665/2445 908/2664/2444
f 1945/2665/2445 795/2467/2251 908/2664/2444
f 1945/2665/2445 1757/2466/2250 795/2467/2251
