# Blender 4.3.2
# www.blender.org
o LINK_ANKLE_ROLL_L
v -0.063785 -0.032660 -0.050766
v -0.064748 -0.033194 -0.050766
v -0.064543 -0.032038 -0.050766
v -0.065526 -0.032451 -0.050766
v -0.065165 -0.031281 -0.050766
v -0.066158 -0.031580 -0.050766
v -0.065627 -0.030416 -0.050766
v -0.066625 -0.030611 -0.050766
v -0.065911 -0.029478 -0.050766
v -0.066911 -0.029574 -0.050766
v -0.066007 -0.028503 -0.050766
v -0.067007 -0.028503 -0.050766
v -0.065911 -0.027528 -0.050766
v -0.066911 -0.027432 -0.050766
v -0.065627 -0.026590 -0.050766
v -0.066625 -0.026395 -0.050766
v -0.065165 -0.025725 -0.050766
v -0.066158 -0.025426 -0.050766
v -0.064543 -0.024967 -0.050766
v -0.065526 -0.024555 -0.050766
v -0.063785 -0.024346 -0.050766
v -0.056103 -0.027528 -0.050766
v -0.055031 -0.027965 -0.050766
v -0.056007 -0.028503 -0.050766
v -0.055031 -0.029041 -0.050766
v -0.056103 -0.029478 -0.050766
v -0.055223 -0.030099 -0.050766
v -0.056388 -0.030416 -0.050766
v -0.055601 -0.031106 -0.050766
v -0.056850 -0.031281 -0.050766
v -0.056153 -0.032030 -0.050766
v -0.057472 -0.032038 -0.050766
v -0.056861 -0.032840 -0.050766
v -0.058229 -0.032660 -0.050766
v -0.057702 -0.033510 -0.050766
v -0.059094 -0.033122 -0.050766
v -0.058649 -0.034020 -0.050766
v -0.060032 -0.033407 -0.050766
v -0.059672 -0.034353 -0.050766
v -0.061007 -0.033503 -0.050766
v -0.060738 -0.034497 -0.050766
v -0.061983 -0.033407 -0.050766
v -0.061813 -0.034449 -0.050766
v -0.062921 -0.033122 -0.050766
v -0.062861 -0.034209 -0.050766
v -0.063850 -0.033787 -0.050766
v -0.064748 -0.023812 -0.050766
v -0.063850 -0.023219 -0.050766
v -0.062921 -0.023884 -0.050766
v -0.062861 -0.022797 -0.050766
v -0.061983 -0.023599 -0.050766
v -0.061813 -0.022557 -0.050766
v -0.061007 -0.023503 -0.050766
v -0.060738 -0.022509 -0.050766
v -0.060032 -0.023599 -0.050766
v -0.059672 -0.022653 -0.050766
v -0.059094 -0.023884 -0.050766
v -0.058649 -0.022986 -0.050766
v -0.058229 -0.024346 -0.050766
v -0.057702 -0.023495 -0.050766
v -0.057472 -0.024967 -0.050766
v -0.056861 -0.024166 -0.050766
v -0.056850 -0.025725 -0.050766
v -0.056153 -0.024976 -0.050766
v -0.056388 -0.026590 -0.050766
v -0.055601 -0.025900 -0.050766
v -0.055223 -0.026907 -0.050766
v -0.063785 -0.024346 -0.063766
v -0.064748 -0.023812 -0.063766
v -0.064543 -0.024967 -0.063766
v -0.065526 -0.024555 -0.063766
v -0.065165 -0.025725 -0.063766
v -0.066158 -0.025426 -0.063766
v -0.065627 -0.026590 -0.063766
v -0.066625 -0.026395 -0.063766
v -0.065911 -0.027528 -0.063766
v -0.066911 -0.027432 -0.063766
v -0.066007 -0.028503 -0.063766
v -0.067007 -0.028503 -0.063766
v -0.065911 -0.029478 -0.063766
v -0.066911 -0.029574 -0.063766
v -0.065627 -0.030416 -0.063766
v -0.066625 -0.030611 -0.063766
v -0.065165 -0.031281 -0.063766
v -0.066158 -0.031580 -0.063766
v -0.064543 -0.032038 -0.063766
v -0.065526 -0.032451 -0.063766
v -0.063785 -0.032660 -0.063766
v -0.056103 -0.029478 -0.063766
v -0.055031 -0.029041 -0.063766
v -0.056007 -0.028503 -0.063766
v -0.055031 -0.027965 -0.063766
v -0.056103 -0.027528 -0.063766
v -0.055223 -0.026907 -0.063766
v -0.056388 -0.026590 -0.063766
v -0.055601 -0.025900 -0.063766
v -0.056850 -0.025725 -0.063766
v -0.056153 -0.024976 -0.063766
v -0.057472 -0.024967 -0.063766
v -0.056861 -0.024166 -0.063766
v -0.058229 -0.024346 -0.063766
v -0.057702 -0.023495 -0.063766
v -0.059094 -0.023884 -0.063766
v -0.058649 -0.022986 -0.063766
v -0.060032 -0.023599 -0.063766
v -0.059672 -0.022653 -0.063766
v -0.061007 -0.023503 -0.063766
v -0.060738 -0.022509 -0.063766
v -0.061983 -0.023599 -0.063766
v -0.061813 -0.022557 -0.063766
v -0.062921 -0.023884 -0.063766
v -0.062861 -0.022797 -0.063766
v -0.063850 -0.023219 -0.063766
v -0.064748 -0.033194 -0.063766
v -0.063850 -0.033787 -0.063766
v -0.062921 -0.033122 -0.063766
v -0.062861 -0.034209 -0.063766
v -0.061983 -0.033407 -0.063766
v -0.061813 -0.034449 -0.063766
v -0.061007 -0.033503 -0.063766
v -0.060738 -0.034497 -0.063766
v -0.060032 -0.033407 -0.063766
v -0.059672 -0.034353 -0.063766
v -0.059094 -0.033122 -0.063766
v -0.058649 -0.034020 -0.063766
v -0.058229 -0.032660 -0.063766
v -0.057702 -0.033510 -0.063766
v -0.057472 -0.032038 -0.063766
v -0.056861 -0.032840 -0.063766
v -0.056850 -0.031281 -0.063766
v -0.056153 -0.032030 -0.063766
v -0.056388 -0.030416 -0.063766
v -0.055601 -0.031106 -0.063766
v -0.055223 -0.030099 -0.063766
v 0.127443 0.038859 -0.054159
v 0.127388 0.038901 -0.054076
v 0.127201 0.038763 -0.054125
v 0.129074 0.037497 -0.056687
v 0.128069 0.038076 -0.055428
v 0.128913 0.037372 -0.056694
v 0.128868 0.037353 -0.056699
v 0.128717 0.037324 -0.056723
v 0.127850 0.038018 -0.055534
v 0.128611 0.037330 -0.056745
v 0.128461 0.037378 -0.056783
v 0.127661 0.038071 -0.055682
v 0.128372 0.037431 -0.056811
v 0.126707 0.038922 -0.054524
v 0.128204 0.037628 -0.056883
v 0.128252 0.037551 -0.056858
v 0.126995 0.038718 -0.054234
v 0.126818 0.038776 -0.054378
v 0.122689 0.041047 -0.047323
v 0.120155 0.041348 -0.043921
v 0.120049 0.041249 -0.043996
v 0.124903 0.040401 -0.050402
v 0.123813 0.040641 -0.049114
v 0.123619 0.040590 -0.049242
v 0.119860 0.041190 -0.044137
v 0.123440 0.040649 -0.049383
v 0.119676 0.041247 -0.044278
v 0.123314 0.040802 -0.049506
v 0.119538 0.041405 -0.044390
v 0.012436 0.047400 -0.034917
v 0.012415 0.047467 -0.034854
v 0.009940 0.047094 -0.027629
v 0.009891 0.047083 -0.027475
v 0.009874 0.046945 -0.027490
v 0.012436 0.047227 -0.035073
v 0.009851 0.046877 -0.027502
v 0.009819 0.046815 -0.027517
v 0.012363 0.047089 -0.035189
v 0.009731 0.046708 -0.027552
v 0.012247 0.047004 -0.035254
v 0.009619 0.046633 -0.027593
v 0.012220 0.046992 -0.035262
v 0.009493 0.046595 -0.027636
v 0.012078 0.046961 -0.035277
v 0.011833 0.046987 -0.035229
v 0.009361 0.046594 -0.027678
v 0.009281 0.046613 -0.027702
v 0.011630 0.047076 -0.035130
v 0.009233 0.046632 -0.027716
v 0.009120 0.046704 -0.027747
v 0.009941 -0.048641 -0.027629
v 0.012398 -0.049062 -0.034808
v 0.012431 -0.048891 -0.034966
v 0.009536 -0.048135 -0.027626
v 0.009682 -0.048200 -0.027574
v 0.012139 -0.048561 -0.035230
v 0.012205 -0.048582 -0.035219
v 0.012338 -0.048667 -0.035157
v 0.009798 -0.048314 -0.027528
v 0.012387 -0.048731 -0.035105
v 0.009892 -0.048628 -0.027474
v 0.009871 -0.048463 -0.027493
v 0.012418 -0.048802 -0.035045
v 0.119813 -0.049992 -0.045640
v 0.119607 -0.049972 -0.045374
v 0.119573 -0.049732 -0.045418
v 0.125962 -0.050301 -0.053886
v 0.119638 -0.049491 -0.045387
v 0.128545 -0.049761 -0.057449
v 0.128591 -0.050187 -0.057583
v 0.128522 -0.049999 -0.057539
v 0.128516 -0.049943 -0.057522
v 0.119783 -0.049317 -0.045288
v 0.119972 -0.049248 -0.045147
v 0.128907 -0.049516 -0.057251
v 0.128862 -0.049520 -0.057266
v 0.128686 -0.049586 -0.057344
v 0.128558 -0.049731 -0.057435
v 0.120036 0.041355 -0.043764
v 0.115688 0.041280 -0.038085
v 0.115443 0.041136 -0.038029
v 0.110518 0.040381 -0.032524
v 0.110475 0.040404 -0.032553
v 0.115075 0.041135 -0.038318
v 0.114918 0.041291 -0.038406
v 0.110344 0.040524 -0.032632
v 0.110319 0.040559 -0.032644
v 0.110617 0.040350 -0.032447
v 0.115260 0.041077 -0.038177
v 0.110699 0.040349 -0.032376
v 0.110828 0.040402 -0.032246
v 0.110858 0.040429 -0.032209
v 0.110886 0.040462 -0.032173
v 0.111249 0.040628 -0.032480
v 0.110909 0.040500 -0.032137
v 0.104450 0.035000 -0.025516
v 0.104318 0.034859 -0.025386
v 0.104261 0.034818 -0.025489
v 0.109912 0.040995 -0.032082
v 0.110222 0.041105 -0.032534
v 0.110208 0.041040 -0.032575
v 0.107447 0.037976 -0.028751
v 0.107320 0.037969 -0.028880
v 0.107674 0.038153 -0.028758
v 0.107175 0.038018 -0.028978
v 0.107030 0.038118 -0.029033
v 0.106905 0.038258 -0.029034
v 0.110238 0.040748 -0.032671
v 0.110313 0.040568 -0.032646
v 0.110233 0.040773 -0.032672
v 0.106818 0.038419 -0.028980
v 0.110211 0.040860 -0.032653
v 0.110203 0.040928 -0.032629
v 0.106786 0.038580 -0.028873
v 0.107744 0.039493 -0.029720
v 0.106775 0.038670 -0.028707
v 0.103539 0.035427 -0.025564
v 0.103558 0.035500 -0.025465
v 0.104142 0.034800 -0.025629
v 0.103999 0.034836 -0.025736
v 0.103850 0.034919 -0.025797
v 0.103714 0.035039 -0.025806
v 0.103610 0.035179 -0.025761
v 0.103556 0.035297 -0.025687
v 0.103539 0.035380 -0.025614
v 0.008918 0.046494 -0.023923
v 0.008839 0.045819 -0.020339
v 0.008769 0.045697 -0.020362
v 0.010305 0.044464 -0.015840
v 0.011460 0.043546 -0.013874
v 0.009868 0.044836 -0.016739
v 0.009789 0.044908 -0.016922
v 0.008871 0.045949 -0.020297
v 0.009202 0.045501 -0.018598
v 0.008874 0.045989 -0.020283
v 0.008791 0.046266 -0.021440
v 0.008961 0.046630 -0.023896
v 0.009029 0.046762 -0.024240
v 0.009498 0.044446 -0.016976
v 0.011182 0.043099 -0.013916
v 0.009373 0.044397 -0.016942
v 0.011064 0.043042 -0.013869
v 0.009244 0.044383 -0.016892
v 0.011033 0.043033 -0.013854
v 0.010944 0.043019 -0.013805
v 0.011434 0.043424 -0.013917
v 0.009762 0.044761 -0.016968
v 0.009701 0.044635 -0.016990
v 0.011390 0.043323 -0.013938
v 0.011375 0.043297 -0.013941
v 0.009610 0.044527 -0.016993
v 0.011288 0.043186 -0.013940
v 0.011234 0.043137 -0.013930
v 0.008147 0.045543 -0.020328
v 0.009123 0.044405 -0.016832
v 0.010831 0.043031 -0.013728
v 0.008669 0.045598 -0.020376
v 0.008547 0.045531 -0.020379
v 0.008413 0.045498 -0.020371
v 0.008276 0.045503 -0.020354
v 0.008211 0.046308 -0.024063
v 0.008839 0.046380 -0.023952
v 0.008732 0.046293 -0.023981
v 0.008605 0.046241 -0.024009
v 0.008470 0.046226 -0.024033
v 0.008335 0.046249 -0.024051
v 0.008585 -0.047028 -0.019250
v 0.009369 -0.046504 -0.016971
v 0.009509 -0.046588 -0.017014
v 0.008682 -0.047931 -0.021463
v 0.009018 -0.048332 -0.024384
v 0.008905 -0.048128 -0.023940
v 0.008726 -0.047605 -0.020393
v 0.008717 -0.047794 -0.020648
v 0.009689 -0.046869 -0.017026
v 0.009946 -0.046881 -0.016510
v 0.008997 -0.047469 -0.018973
v 0.008834 -0.047977 -0.023972
v 0.008716 -0.047861 -0.024008
v 0.008389 -0.047254 -0.020419
v 0.008566 -0.047792 -0.024046
v 0.008656 -0.047451 -0.020413
v 0.008538 -0.047330 -0.020422
v 0.009620 -0.046714 -0.017033
v 0.011502 -0.046125 -0.013885
v 0.011480 -0.045987 -0.013912
v 0.011411 -0.045832 -0.013915
v 0.011304 -0.045705 -0.013886
v 0.011171 -0.045619 -0.013829
v 0.109097 -0.047525 -0.032007
v 0.109043 -0.047540 -0.032051
v 0.105376 -0.044734 -0.027997
v 0.101963 -0.042567 -0.024672
v 0.101265 -0.041860 -0.023949
v 0.101255 -0.041722 -0.024097
v 0.106113 -0.046455 -0.029128
v 0.108689 -0.048152 -0.032158
v 0.108407 -0.048129 -0.031699
v 0.108701 -0.048230 -0.032122
v 0.105078 -0.044944 -0.028097
v 0.108696 -0.048008 -0.032200
v 0.104970 -0.045107 -0.028060
v 0.104918 -0.045279 -0.027963
v 0.108911 -0.047617 -0.032140
v 0.108788 -0.047761 -0.032200
v 0.108769 -0.047795 -0.032206
v 0.105220 -0.044814 -0.028074
v 0.108947 -0.047589 -0.032118
v 0.109136 -0.047520 -0.031976
v 0.105522 -0.044713 -0.027880
v 0.109186 -0.047522 -0.031930
v 0.109289 -0.047556 -0.031828
v 0.105639 -0.044752 -0.027740
v 0.109329 -0.047585 -0.031784
v 0.105712 -0.044844 -0.027595
v 0.109406 -0.047683 -0.031684
v 0.102057 -0.041283 -0.023751
v 0.101987 -0.041198 -0.023905
v 0.101872 -0.041166 -0.024049
v 0.101783 -0.041175 -0.024125
v 0.101726 -0.041192 -0.024165
v 0.101635 -0.041233 -0.024213
v 0.101569 -0.041273 -0.024237
v 0.101505 -0.041322 -0.024251
v 0.101312 -0.041558 -0.024205
v 0.101423 -0.041401 -0.024252
v 0.115731 -0.049496 -0.040469
v 0.098222 0.029266 -0.020478
v 0.097004 0.027749 -0.019201
v 0.101032 0.032706 -0.023001
v 0.103451 0.035387 -0.025359
v 0.098423 0.028910 -0.020745
v 0.098566 0.028798 -0.020744
v 0.098720 0.028719 -0.020686
v 0.098863 0.028684 -0.020579
v 0.098978 0.028697 -0.020437
v 0.099031 0.028734 -0.020330
v 0.098310 0.029039 -0.020692
v 0.098249 0.029148 -0.020610
v 0.093417 0.022119 -0.016274
v 0.093567 0.022002 -0.016308
v 0.093731 0.021913 -0.016277
v 0.093887 0.021862 -0.016186
v 0.094014 0.021856 -0.016051
v 0.094095 0.021894 -0.015889
v 0.093271 0.022457 -0.015846
v 0.093254 0.022369 -0.016020
v 0.093306 0.022248 -0.016174
v 0.090914 0.019289 -0.013638
v 0.092148 0.020584 -0.015093
v 0.092245 0.020436 -0.015180
v 0.091740 0.018950 -0.013465
v 0.091291 0.018597 -0.012866
v 0.091558 0.018820 -0.013444
v 0.093210 0.022364 -0.015792
v 0.092347 0.021101 -0.015016
v 0.092111 0.020726 -0.014954
v 0.091125 0.019720 -0.013687
v 0.090907 0.019463 -0.013534
v 0.089201 0.017673 -0.009625
v 0.089181 0.017668 -0.009594
v 0.089066 0.017588 -0.009682
v 0.090174 0.017988 -0.011183
v 0.093190 0.020561 -0.015065
v 0.093152 0.020510 -0.015029
v 0.092834 0.020161 -0.014950
v 0.092551 0.019761 -0.014420
v 0.092701 0.020159 -0.015080
v 0.092544 0.020209 -0.015170
v 0.092385 0.020305 -0.015205
v 0.090986 0.019114 -0.013694
v 0.091106 0.018963 -0.013698
v 0.091256 0.018857 -0.013651
v 0.091414 0.018807 -0.013562
v 0.088928 0.017559 -0.009776
v 0.088784 0.017587 -0.009862
v 0.088651 0.017671 -0.009932
v 0.088544 0.017802 -0.009976
v 0.088505 0.017880 -0.009986
v 0.088478 0.017966 -0.009987
v 0.088463 0.018072 -0.009978
v 0.088464 0.018146 -0.009963
v 0.088504 0.018310 -0.009907
v 0.089696 0.018712 -0.011787
v 0.090021 0.018911 -0.012218
v 0.090951 0.019566 -0.013470
v 0.015449 0.040411 -0.007732
v 0.016816 0.039394 -0.005710
v 0.016758 0.039247 -0.005746
v 0.013936 0.041575 -0.010015
v 0.011609 0.043428 -0.013636
v 0.016406 0.038952 -0.005655
v 0.016209 0.038947 -0.005523
v 0.016605 0.039059 -0.005736
v 0.016729 0.039199 -0.005750
v 0.012479 0.042734 -0.012266
v 0.014046 -0.044800 -0.009870
v 0.012527 -0.045614 -0.012253
v 0.011657 -0.046049 -0.013637
v 0.016471 -0.042647 -0.005661
v 0.016597 -0.042724 -0.005713
v 0.016704 -0.042835 -0.005737
v 0.016783 -0.042971 -0.005730
v 0.016822 -0.043110 -0.005696
v 0.017006 0.039252 -0.005430
v 0.024959 0.033076 0.005897
v 0.023654 0.033851 0.004159
v 0.030184 0.027861 0.013993
v 0.023134 0.033598 0.004387
v 0.030360 0.027865 0.013862
v 0.023314 0.033601 0.004260
v 0.030545 0.027954 0.013778
v 0.023499 0.033691 0.004178
v 0.030639 0.028036 0.013759
v 0.030702 0.028112 0.013759
v 0.030797 0.028307 0.013809
v 0.016999 -0.042996 -0.005437
v 0.019177 -0.041550 -0.002271
v 0.030670 -0.033273 0.013642
v 0.023639 -0.038261 0.004085
v 0.023558 -0.038127 0.004074
v 0.023449 -0.038016 0.004096
v 0.023323 -0.037941 0.004148
v 0.030306 -0.032814 0.013658
v 0.030432 -0.032890 0.013605
v 0.030541 -0.033000 0.013585
v 0.030624 -0.033133 0.013598
v 0.084197 0.017803 -0.005926
v 0.084197 0.017900 -0.005955
v 0.085477 0.017658 -0.006699
v 0.088331 0.018260 -0.009635
v 0.088451 0.018295 -0.009824
v 0.088411 0.018131 -0.009880
v 0.086639 0.017902 -0.007576
v 0.086615 0.017725 -0.007606
v 0.085604 0.017892 -0.006779
v 0.085486 0.017835 -0.006717
v 0.084455 0.017498 -0.005367
v 0.084381 0.017476 -0.005495
v 0.085820 0.017311 -0.006119
v 0.085727 0.017275 -0.006255
v 0.087116 0.017266 -0.007078
v 0.087009 0.017215 -0.007198
v 0.088226 0.017404 -0.008248
v 0.088108 0.017337 -0.008348
v 0.089106 0.017646 -0.009474
v 0.084371 0.017477 -0.005512
v 0.084312 0.017500 -0.005626
v 0.086894 0.017221 -0.007321
v 0.084237 0.017602 -0.005792
v 0.086785 0.017283 -0.007436
v 0.084255 0.017566 -0.005749
v 0.084296 0.017513 -0.005659
v 0.089128 0.017653 -0.009510
v 0.089012 0.017572 -0.009599
v 0.088874 0.017544 -0.009693
v 0.088730 0.017572 -0.009779
v 0.088597 0.017656 -0.009849
v 0.084203 0.017736 -0.005895
v 0.085503 0.017499 -0.006633
v 0.084215 0.017669 -0.005852
v 0.086695 0.017396 -0.007529
v 0.087631 0.017609 -0.008671
v 0.088490 0.017787 -0.009893
v 0.087583 0.017780 -0.008682
v 0.088425 0.017952 -0.009904
v 0.087585 0.017959 -0.008654
v 0.087937 0.018155 -0.009040
v 0.084202 0.017954 -0.005963
v 0.086636 0.017549 -0.007589
v 0.087623 0.018088 -0.008606
v 0.086368 0.017995 -0.007268
v 0.084281 0.018248 -0.005911
v 0.084231 0.018109 -0.005958
v 0.034975 0.024972 0.017487
v 0.034932 0.024927 0.017612
v 0.032239 0.026335 0.016193
v 0.031767 0.026595 0.015944
v 0.041220 0.024246 0.015911
v 0.041198 0.024166 0.015884
v 0.038418 0.024639 0.017070
v 0.038185 0.024621 0.017110
v 0.036293 0.025159 0.017407
v 0.036572 0.024978 0.017371
v 0.036139 0.025208 0.017405
v 0.032702 0.026781 0.016007
v 0.032815 0.026764 0.016108
v 0.033869 0.026064 0.016807
v 0.034449 0.025865 0.017079
v 0.035191 0.025422 0.017269
v 0.032145 0.026336 0.016302
v 0.034365 0.025140 0.017599
v 0.034901 0.024919 0.017748
v 0.041392 0.023534 0.016461
v 0.037582 0.024103 0.017799
v 0.038169 0.023975 0.017531
v 0.038140 0.024017 0.017396
v 0.038123 0.024095 0.017276
v 0.035026 0.025051 0.017382
v 0.032344 0.026370 0.016099
v 0.032451 0.026437 0.016029
v 0.032552 0.026534 0.015988
v 0.033733 0.025809 0.016814
v 0.035083 0.025158 0.017307
v 0.036564 0.024617 0.017424
v 0.038118 0.024204 0.017179
v 0.032638 0.026651 0.015980
v 0.033808 0.025931 0.016791
v 0.035139 0.025285 0.017268
v 0.036597 0.024747 0.017370
v 0.038128 0.024335 0.017116
v 0.031172 0.027995 0.014305
v 0.036636 0.024888 0.017358
v 0.038150 0.024478 0.017092
v 0.041186 0.024111 0.015873
v 0.035227 0.025533 0.017302
v 0.041172 0.024011 0.015869
v 0.041168 0.023963 0.015874
v 0.041168 0.023859 0.015899
v 0.041184 0.023723 0.015968
v 0.041218 0.023615 0.016069
v 0.041268 0.023545 0.016193
v 0.041327 0.023517 0.016327
v 0.039947 -0.029382 0.016915
v 0.041510 -0.029338 0.016258
v 0.041460 -0.029359 0.016149
v 0.036725 -0.030436 0.017357
v 0.038347 -0.030110 0.017041
v 0.038661 -0.030173 0.016984
v 0.039824 -0.030032 0.016524
v 0.040466 -0.030080 0.016274
v 0.041331 -0.029978 0.015839
v 0.041346 -0.030060 0.015868
v 0.039809 -0.029908 0.016504
v 0.038257 -0.030075 0.017056
v 0.039806 -0.029783 0.016514
v 0.038242 -0.029950 0.017054
v 0.039815 -0.029665 0.016552
v 0.038235 -0.029829 0.017083
v 0.039835 -0.029561 0.016617
v 0.038237 -0.029719 0.017139
v 0.039865 -0.029475 0.016702
v 0.038248 -0.029625 0.017220
v 0.038266 -0.029553 0.017320
v 0.036710 -0.030368 0.017333
v 0.035296 -0.030689 0.017239
v 0.036686 -0.030246 0.017315
v 0.035201 -0.030683 0.017216
v 0.036664 -0.030125 0.017329
v 0.035167 -0.030564 0.017212
v 0.036645 -0.030011 0.017373
v 0.035129 -0.030450 0.017238
v 0.036630 -0.029912 0.017443
v 0.035089 -0.030348 0.017291
v 0.036617 -0.029777 0.017643
v 0.035010 -0.030204 0.017464
v 0.035643 -0.030014 0.017584
v 0.032290 -0.031424 0.015988
v 0.032793 -0.031140 0.016401
v 0.032380 -0.031485 0.015926
v 0.033551 -0.030767 0.016892
v 0.032464 -0.031568 0.015886
v 0.033687 -0.030914 0.016755
v 0.032538 -0.031667 0.015869
v 0.033748 -0.031015 0.016721
v 0.032597 -0.031776 0.015876
v 0.033800 -0.031127 0.016714
v 0.032675 -0.031784 0.015938
v 0.033839 -0.031243 0.016734
v 0.032920 -0.031760 0.016149
v 0.034434 -0.031072 0.017018
v 0.038928 -0.029445 0.017266
v 0.041410 -0.029413 0.016039
v 0.041374 -0.029483 0.015958
v 0.041340 -0.029597 0.015880
v 0.041325 -0.029695 0.015842
v 0.041319 -0.029848 0.015822
v 0.031721 -0.032501 0.014979
v 0.036206 -0.030545 0.017364
v 0.087672 -0.028540 -0.008997
v 0.087909 -0.028609 -0.009451
v 0.087917 -0.028638 -0.009440
v 0.085675 -0.027996 -0.006683
v 0.085100 -0.028073 -0.006247
v 0.085089 -0.027975 -0.006260
v 0.087729 -0.027703 -0.007917
v 0.087657 -0.027678 -0.007972
v 0.086532 -0.027490 -0.006882
v 0.085759 -0.028183 -0.006676
v 0.086222 -0.028150 -0.007128
v 0.086238 -0.028216 -0.007104
v 0.083815 -0.028134 -0.005501
v 0.083844 -0.028253 -0.005463
v 0.084682 -0.028198 -0.005933
v 0.084996 -0.028185 -0.006127
v 0.085122 -0.028167 -0.006218
v 0.085686 -0.028094 -0.006665
v 0.085126 -0.028181 -0.006212
v 0.085708 -0.028182 -0.006634
v 0.087129 -0.028167 -0.008246
v 0.087130 -0.028269 -0.008226
v 0.087153 -0.028379 -0.008189
v 0.087150 -0.028367 -0.008194
v 0.086604 -0.028263 -0.007491
v 0.086445 -0.028240 -0.007316
v 0.086285 -0.028221 -0.007151
v 0.086812 -0.027575 -0.006651
v 0.087219 -0.027660 -0.007016
v 0.086722 -0.027524 -0.006683
v 0.087851 -0.027801 -0.007814
v 0.086662 -0.027495 -0.006748
v 0.087795 -0.027745 -0.007864
v 0.086597 -0.027484 -0.006815
v 0.083967 -0.027522 -0.005143
v 0.085377 -0.027440 -0.005806
v 0.083926 -0.027549 -0.005222
v 0.085325 -0.027441 -0.005884
v 0.083898 -0.027578 -0.005276
v 0.085275 -0.027461 -0.005961
v 0.083856 -0.027649 -0.005363
v 0.085227 -0.027497 -0.006034
v 0.083821 -0.027755 -0.005441
v 0.086467 -0.027513 -0.006946
v 0.087580 -0.027670 -0.008027
v 0.086405 -0.027554 -0.007006
v 0.087502 -0.027680 -0.008080
v 0.086348 -0.027610 -0.007058
v 0.087424 -0.027707 -0.008129
v 0.086299 -0.027680 -0.007101
v 0.087350 -0.027751 -0.008171
v 0.086259 -0.027763 -0.007133
v 0.087283 -0.027812 -0.008207
v 0.086230 -0.027854 -0.007153
v 0.087225 -0.027886 -0.008233
v 0.086210 -0.028051 -0.007151
v 0.087146 -0.028067 -0.008253
v 0.085909 -0.027471 -0.006005
v 0.085428 -0.027456 -0.005729
v 0.084011 -0.027512 -0.005061
v 0.085920 -0.027472 -0.006012
v 0.086377 -0.027512 -0.006315
v 0.086777 -0.027569 -0.006621
v 0.085184 -0.027549 -0.006100
v 0.085148 -0.027615 -0.006158
v 0.085119 -0.027694 -0.006204
v 0.085099 -0.027782 -0.006238
v 0.085088 -0.027877 -0.006257
v 0.085676 -0.027897 -0.006685
v 0.086213 -0.027952 -0.007159
v 0.087178 -0.027972 -0.008249
v 0.083802 -0.027892 -0.005494
v 0.083801 -0.028003 -0.005510
v 0.087578 -0.027760 -0.007389
v 0.088124 -0.027906 -0.008170
v 0.088684 -0.028109 -0.009117
v 0.088627 -0.028042 -0.009164
v 0.088587 -0.028011 -0.009193
v 0.088457 -0.027953 -0.009280
v 0.088408 -0.027945 -0.009310
v 0.088312 -0.027949 -0.009364
v 0.088241 -0.027967 -0.009400
v 0.088166 -0.028001 -0.009435
v 0.088085 -0.028059 -0.009469
v 0.088038 -0.028106 -0.009486
v 0.087943 -0.028253 -0.009508
v 0.087923 -0.028304 -0.009509
v 0.087897 -0.028428 -0.009497
v 0.087895 -0.028507 -0.009481
v 0.088076 -0.028670 -0.009752
v 0.088080 -0.028687 -0.009747
v 0.088085 -0.028703 -0.009740
v 0.087946 -0.028650 -0.009494
v 0.062941 0.021450 0.005319
v 0.048301 0.023377 0.012549
v 0.060352 0.021804 0.006623
v 0.063049 0.020706 0.005738
v 0.063118 0.020725 0.005869
v 0.062986 0.020732 0.005605
v 0.062933 0.020800 0.005481
v 0.062895 0.020906 0.005379
v 0.062878 0.021040 0.005307
v 0.062882 0.021192 0.005274
v 0.062799 -0.028645 0.005968
v 0.062725 -0.029140 0.005462
v 0.062758 -0.029372 0.005509
v 0.059986 -0.029483 0.006892
v 0.062820 -0.028710 0.005687
v 0.062746 -0.028891 0.005525
v 0.077288 -0.028667 -0.001950
v 0.058202 -0.015571 0.015420
v 0.050244 -0.015585 0.020655
v 0.050628 -0.003064 0.020967
v 0.058854 0.008491 0.014861
v 0.071634 0.007000 0.006173
v 0.073388 -0.004279 0.005527
v 0.050140 0.009450 0.020568
v 0.071061 -0.015470 0.006652
v 0.093172 -0.005476 -0.009407
v 0.092834 -0.014947 -0.009815
v 0.092817 -0.014957 -0.009803
v 0.084174 -0.004932 -0.002318
v 0.073308 0.006796 0.005001
v 0.084091 0.005426 -0.002824
v 0.092968 0.004173 -0.009875
v 0.092991 0.004154 -0.009893
v 0.083831 -0.015247 -0.002615
v 0.083066 -0.015265 -0.002037
v 0.073066 -0.015444 0.005243
v 0.100097 -0.013087 -0.012299
v 0.101213 -0.012709 -0.012680
v 0.102318 -0.001860 -0.012950
v 0.102435 -0.003702 -0.012934
v 0.102472 -0.009887 -0.012985
v 0.101764 -0.012302 -0.012853
v 0.102155 -0.011718 -0.012959
v 0.102403 -0.010800 -0.012999
v 0.101851 0.000127 -0.012884
v 0.101365 0.000717 -0.012743
v 0.100068 0.001411 -0.012307
v 0.083502 -0.019632 -0.006394
v 0.087197 -0.017237 -0.006946
v 0.043583 -0.022653 0.015023
v 0.056515 -0.022511 0.007828
v 0.070126 -0.022162 -0.000075
v 0.082948 -0.019953 -0.006315
v 0.079647 -0.021709 -0.005861
v 0.045520 -0.014813 0.028333
v 0.045841 -0.002813 0.028678
v 0.046249 -0.002822 0.026302
v 0.049691 -0.015584 0.021018
v 0.047711 -0.015531 0.022602
v 0.048676 -0.002956 0.022379
v 0.047378 -0.015505 0.022972
v 0.047151 -0.002869 0.024146
v 0.046313 -0.015330 0.024703
v 0.045907 -0.015171 0.025924
v 0.048182 0.009641 0.021964
v 0.046668 0.009686 0.023701
v 0.045792 0.009518 0.025842
v 0.045414 0.009180 0.028236
v 0.088162 0.006565 -0.007715
v 0.083993 0.009453 -0.007107
v 0.079647 0.012098 -0.006492
v 0.069569 0.013573 -0.000289
v 0.043528 0.016582 0.014644
v 0.056252 0.015210 0.007511
v 0.101696 -0.014423 -0.010710
v 0.097828 -0.015212 -0.009593
v 0.101587 0.002513 -0.011090
v 0.090377 0.005936 -0.008222
v 0.104051 -0.000616 -0.011469
v 0.103811 0.000718 -0.011563
v 0.103457 0.001406 -0.011545
v 0.102900 0.001939 -0.011440
v 0.101881 0.002416 -0.011173
v 0.104233 -0.011357 -0.011241
v 0.104352 -0.006413 -0.011178
v 0.104344 -0.005897 -0.011188
v 0.104325 -0.005106 -0.011210
v 0.104126 -0.012341 -0.011282
v 0.103850 -0.013168 -0.011271
v 0.103599 -0.013539 -0.011229
v 0.103414 -0.013728 -0.011190
v 0.102829 -0.014100 -0.011041
v 0.091020 -0.019198 -0.008256
v 0.101336 -0.016721 -0.010998
v 0.059531 -0.024228 0.008991
v 0.034794 -0.024735 0.021801
v 0.038052 -0.023450 0.018849
v 0.038984 -0.023683 0.018630
v 0.039804 -0.022969 0.017405
v 0.040619 -0.022824 0.016809
v 0.061944 -0.025925 0.010598
v 0.037775 -0.026602 0.022316
v 0.043493 -0.022653 0.015072
v 0.073680 -0.025404 0.004545
v 0.085420 -0.024702 -0.001794
v 0.084255 -0.021825 -0.007782
v 0.040289 -0.022443 0.018229
v 0.039828 -0.022042 0.020878
v 0.039981 -0.021478 0.023986
v 0.041893 -0.019346 0.025540
v 0.041609 -0.022630 0.016312
v 0.043854 -0.009623 0.043680
v 0.043855 -0.009335 0.043750
v 0.043882 -0.007092 0.043965
v 0.043906 -0.002780 0.044013
v 0.045008 -0.014113 0.032778
v 0.044318 -0.013130 0.038735
v 0.044102 -0.012707 0.040646
v 0.043954 -0.011983 0.042121
v 0.043878 -0.010937 0.043111
v 0.043856 0.001490 0.043912
v 0.043850 0.001761 0.043900
v 0.043811 0.004002 0.043598
v 0.043821 0.005226 0.043071
v 0.043841 0.005750 0.042684
v 0.043876 0.006227 0.042187
v 0.044001 0.006984 0.040810
v 0.044237 0.007496 0.038640
v 0.043452 0.016590 0.014686
v 0.041558 0.016753 0.015934
v 0.042885 0.012465 0.026013
v 0.040556 0.016750 0.017167
v 0.040245 0.016705 0.017830
v 0.039789 0.016370 0.020460
v 0.039945 0.015815 0.023575
v 0.085324 0.014574 -0.002158
v 0.084967 0.011659 -0.008809
v 0.042908 0.016648 0.014986
v 0.047757 0.019918 0.017411
v 0.040281 0.017119 0.016665
v 0.034955 0.019619 0.021601
v 0.037437 0.021141 0.022315
v 0.037665 0.018158 0.018951
v 0.039282 0.017443 0.017466
v 0.074509 0.016292 0.003772
v 0.061915 0.018085 0.010349
v 0.101087 0.005006 -0.011435
v 0.104141 0.003496 -0.012571
v 0.106816 0.001467 -0.014244
v 0.105442 0.000432 -0.012844
v 0.103088 0.004141 -0.012082
v 0.108412 0.000220 -0.015385
v 0.108934 -0.004929 -0.015373
v 0.108957 -0.008933 -0.015390
v 0.108647 -0.012924 -0.015446
v 0.107115 -0.013933 -0.014212
v 0.108982 -0.006475 -0.015378
v 0.101551 -0.016667 -0.011062
v 0.103799 -0.015910 -0.011935
v 0.104593 -0.015508 -0.012388
v 0.105811 -0.014777 -0.013222
v 0.091229 -0.022957 -0.011834
v 0.089414 -0.022420 -0.010516
v 0.094553 -0.023579 -0.013962
v 0.095159 -0.023553 -0.014220
v 0.097919 -0.023067 -0.015052
v 0.093141 -0.023462 -0.013194
v 0.091348 -0.022994 -0.011923
v 0.087509 -0.022025 -0.009322
v 0.099556 -0.022692 -0.015483
v 0.110059 -0.020124 -0.018456
v 0.119344 -0.017611 -0.021355
v 0.109099 -0.014710 -0.013534
v 0.115893 -0.012817 -0.016240
v 0.126461 -0.015504 -0.023730
v 0.092045 -0.024940 -0.008053
v 0.088991 -0.024591 -0.004337
v 0.041689 -0.029525 0.016632
v 0.041179 -0.029535 0.016873
v 0.062983 -0.028826 0.006322
v 0.078068 -0.028078 -0.001437
v 0.081136 -0.027889 -0.003072
v 0.084192 -0.027684 -0.004726
v 0.033067 -0.025445 0.023130
v 0.032656 -0.026902 0.024107
v 0.032315 -0.025771 0.023526
v 0.030214 -0.027376 0.024156
v 0.030489 -0.026646 0.023984
v 0.029741 -0.027504 0.024077
v 0.028692 -0.027662 0.023758
v 0.028016 -0.028068 0.023494
v 0.037374 -0.023125 0.022895
v 0.040461 -0.020356 0.029513
v 0.040272 -0.020817 0.027328
v 0.040782 -0.019511 0.033216
v 0.041215 -0.018208 0.038204
v 0.041303 -0.017908 0.039211
v 0.041487 -0.017135 0.041119
v 0.041532 -0.016900 0.041536
v 0.042100 -0.009670 0.044863
v 0.042009 -0.012215 0.044605
v 0.041929 -0.013531 0.044262
v 0.041771 -0.015248 0.043372
v 0.041746 -0.015462 0.043207
v 0.041559 -0.016750 0.041773
v 0.042088 0.003037 0.044838
v 0.042794 0.010011 0.038233
v 0.041939 0.006799 0.044374
v 0.041713 0.009695 0.043040
v 0.041179 0.012548 0.037795
v 0.041446 0.011503 0.040729
v 0.040372 0.014826 0.028486
v 0.027827 0.023593 0.023522
v 0.029570 0.022801 0.024104
v 0.029690 0.022435 0.024023
v 0.029973 0.022648 0.024169
v 0.031421 0.021470 0.023849
v 0.032387 0.021930 0.024107
v 0.031808 0.021263 0.023727
v 0.034925 0.021453 0.023398
v 0.033574 0.020342 0.022772
v 0.033995 0.020124 0.022450
v 0.040970 0.023743 0.016928
v 0.069740 0.019938 0.002735
v 0.084540 0.017627 -0.005174
v 0.041509 0.023681 0.016673
v 0.048584 0.022807 0.013310
v 0.088619 0.014060 -0.004386
v 0.087817 0.011513 -0.010207
v 0.088674 0.011551 -0.010725
v 0.091288 0.013855 -0.007442
v 0.090466 0.011728 -0.011931
v 0.090839 0.011771 -0.012192
v 0.092692 0.011911 -0.013421
v 0.093746 0.011878 -0.014004
v 0.096136 0.011473 -0.014974
v 0.098009 0.010934 -0.015503
v 0.113999 0.005665 -0.019981
v 0.126396 0.001042 -0.023619
v 0.126230 0.001011 -0.023496
v 0.109626 0.007178 -0.018718
v 0.111209 0.001107 -0.014565
v 0.116036 -0.000910 -0.016410
v 0.115063 -0.002199 -0.017754
v 0.113546 -0.001629 -0.017209
v 0.114953 -0.011453 -0.017683
v 0.116794 -0.009174 -0.018330
v 0.116778 -0.009378 -0.018325
v 0.116613 -0.010243 -0.018272
v 0.116332 -0.010749 -0.018175
v 0.115902 -0.011116 -0.018023
v 0.116780 -0.004587 -0.018345
v 0.116591 -0.003499 -0.018292
v 0.116291 -0.002959 -0.018192
v 0.115836 -0.002558 -0.018032
v 0.102836 -0.023998 -0.015496
v 0.100384 -0.023532 -0.015268
v 0.127237 -0.017327 -0.023130
v 0.116493 -0.020480 -0.019569
v 0.114349 -0.021065 -0.018894
v 0.101843 -0.024234 -0.015219
v 0.099844 -0.024678 -0.014594
v 0.097156 -0.025129 -0.013356
v 0.094211 -0.025230 -0.010888
v 0.092317 -0.024985 -0.008430
v 0.091821 -0.023989 -0.010188
v 0.096102 -0.025227 -0.012648
v 0.118254 -0.009760 -0.017289
v 0.130093 -0.011033 -0.024859
v 0.129927 -0.011923 -0.024826
v 0.118061 -0.010976 -0.017214
v 0.129327 -0.013519 -0.024674
v 0.117734 -0.011701 -0.017070
v 0.128469 -0.014536 -0.024413
v 0.117196 -0.012261 -0.016827
v 0.127991 -0.014871 -0.024256
v 0.116293 -0.012696 -0.016418
v 0.088690 -0.028111 -0.009127
v 0.087246 -0.027699 -0.006987
v 0.086868 -0.027650 -0.006585
v 0.086817 -0.027645 -0.006535
v 0.086462 -0.027618 -0.006208
v 0.086211 -0.027607 -0.005999
v 0.086147 -0.027605 -0.005948
v 0.086032 -0.027603 -0.005860
v 0.085173 -0.027620 -0.005280
v 0.085125 -0.027622 -0.005250
v 0.084203 -0.027683 -0.004732
v 0.084162 -0.027611 -0.004798
v 0.041678 -0.029496 0.016610
v 0.041608 -0.029382 0.016467
v 0.041600 -0.029374 0.016450
v 0.084063 -0.027523 -0.004967
v 0.084124 -0.027565 -0.004862
v 0.026362 -0.028870 0.022435
v 0.032064 -0.031609 0.016721
v 0.031845 -0.031732 0.016535
v 0.023610 -0.030642 0.019480
v 0.030423 -0.032687 0.014957
v 0.029895 -0.033090 0.014251
v 0.033062 -0.031115 0.017403
v 0.034876 -0.030439 0.018091
v 0.035169 -0.030350 0.018147
v 0.037174 -0.029878 0.018195
v 0.040466 -0.029550 0.017203
v 0.039730 -0.029581 0.017516
v 0.037472 -0.029826 0.018155
v 0.037268 -0.020478 0.035412
v 0.036114 -0.022321 0.030502
v 0.034069 -0.022845 0.031917
v 0.030152 -0.025590 0.028620
v 0.034797 -0.024178 0.024941
v 0.038102 -0.018962 0.038989
v 0.036463 -0.019253 0.039375
v 0.031278 -0.024205 0.031325
v 0.031740 -0.023622 0.032434
v 0.034787 -0.019462 0.039759
v 0.035776 -0.017817 0.042128
v 0.036575 -0.015714 0.044009
v 0.037050 -0.013081 0.045096
v 0.037217 -0.010099 0.045460
v 0.037300 -0.002256 0.045633
v 0.037138 0.005412 0.045294
v 0.037878 0.014132 0.038448
v 0.036910 0.008683 0.044797
v 0.036361 0.011444 0.043539
v 0.035487 0.013582 0.041506
v 0.034436 0.015282 0.039041
v 0.036031 0.017281 0.030809
v 0.031727 0.018956 0.032681
v 0.037128 0.024438 0.018226
v 0.037923 0.024238 0.018083
v 0.040094 0.023850 0.017332
v 0.035161 0.025080 0.018207
v 0.034859 0.025199 0.018152
v 0.033074 0.026028 0.017480
v 0.032825 0.026164 0.017332
v 0.026314 0.024486 0.022542
v 0.031221 0.027214 0.015957
v 0.025824 0.024822 0.022117
v 0.030759 0.027579 0.015408
v 0.023683 0.026526 0.019698
v 0.030010 0.028208 0.014418
v 0.041453 0.023590 0.016578
v 0.084517 0.017547 -0.005272
v 0.084573 0.017622 -0.005193
v 0.063184 0.020784 0.005983
v 0.086694 0.017349 -0.006563
v 0.087188 0.017339 -0.006999
v 0.087622 0.017358 -0.007442
v 0.088535 0.017495 -0.008600
v 0.089071 0.017636 -0.009418
v 0.092596 0.013809 -0.009230
v 0.101713 0.011870 -0.015456
v 0.097673 0.012983 -0.013681
v 0.094536 0.013637 -0.011502
v 0.105874 0.010554 -0.016733
v 0.113995 0.007787 -0.019059
v 0.127388 0.002769 -0.022985
v 0.127803 0.000387 -0.024029
v 0.116925 -0.001355 -0.016786
v 0.128946 -0.000613 -0.024367
v 0.117674 -0.002066 -0.017102
v 0.129671 -0.001988 -0.024593
v 0.118056 -0.002896 -0.017256
v 0.130046 -0.003590 -0.024725
v 0.118248 -0.004119 -0.017317
v 0.118367 -0.006946 -0.017336
v 0.129193 -0.016562 -0.023796
v 0.129553 -0.016351 -0.023914
v 0.130817 -0.015208 -0.024308
v 0.131660 -0.013695 -0.024538
v 0.131733 -0.013499 -0.024556
v 0.132241 -0.011358 -0.024657
v 0.107160 -0.029978 -0.018944
v 0.117429 -0.037483 -0.025871
v 0.113361 -0.038756 -0.025389
v 0.111274 -0.035773 -0.022997
v 0.121436 -0.036067 -0.026309
v 0.123657 -0.030932 -0.024664
v 0.130307 -0.032415 -0.027205
v 0.108320 -0.031600 -0.020004
v 0.114749 -0.029618 -0.021305
v 0.121365 -0.027397 -0.022743
v 0.127459 -0.025221 -0.024161
v 0.132029 -0.031632 -0.027376
v 0.132303 -0.023455 -0.025355
v 0.137034 -0.029243 -0.027886
v 0.098308 -0.028048 -0.015352
v 0.090301 -0.028817 -0.011898
v 0.093857 -0.027406 -0.013067
v 0.091596 -0.029749 -0.013738
v 0.095966 -0.027747 -0.014426
v 0.092247 -0.030365 -0.014489
v 0.093779 -0.032099 -0.015920
v 0.088855 -0.028173 -0.009417
v 0.090586 -0.026579 -0.008855
v 0.089329 -0.028356 -0.010255
v 0.130347 -0.007411 -0.024872
v 0.088741 -0.028064 -0.009505
v 0.088069 -0.028466 -0.009800
v 0.088074 -0.028436 -0.009803
v 0.088114 -0.028313 -0.009807
v 0.088167 -0.028220 -0.009797
v 0.088254 -0.028123 -0.009768
v 0.088336 -0.028064 -0.009734
v 0.088543 -0.028008 -0.009629
v 0.088575 -0.028009 -0.009610
v 0.085977 -0.027522 -0.005935
v 0.086026 -0.027591 -0.005869
v 0.085023 -0.027490 -0.005407
v 0.085074 -0.027541 -0.005327
v 0.083420 -0.029835 -0.009070
v 0.073342 -0.030890 -0.004640
v 0.056706 -0.033287 -0.000228
v 0.039924 -0.035407 0.003831
v 0.049499 -0.037335 -0.006735
v 0.026524 -0.041508 -0.005712
v 0.033239 -0.040363 -0.005965
v 0.039943 -0.039156 -0.006258
v 0.076584 -0.031513 -0.008503
v 0.059029 -0.035405 -0.007282
v 0.040031 -0.029395 0.017116
v 0.040109 -0.029499 0.017292
v 0.038330 -0.029599 0.017874
v 0.036664 -0.029872 0.018149
v 0.036589 -0.029903 0.018168
v 0.029845 -0.033128 0.014184
v 0.029871 -0.032953 0.014066
v 0.038410 -0.029580 0.017840
v 0.036647 -0.029810 0.018061
v 0.034926 -0.030207 0.017868
v 0.034922 -0.030262 0.017962
v 0.034926 -0.030336 0.018043
v 0.038347 -0.029499 0.017645
v 0.038318 -0.029492 0.017539
v 0.036618 -0.029751 0.017748
v 0.034980 -0.030171 0.017560
v 0.033492 -0.030732 0.016975
v 0.033352 -0.030756 0.017261
v 0.033325 -0.030807 0.017354
v 0.033311 -0.030876 0.017438
v 0.033310 -0.030961 0.017510
v 0.032006 -0.031415 0.016309
v 0.029971 -0.032826 0.013917
v 0.031960 -0.031464 0.016397
v 0.031930 -0.031532 0.016479
v 0.031916 -0.031616 0.016552
v 0.033390 -0.030726 0.017164
v 0.034937 -0.030173 0.017767
v 0.036633 -0.029768 0.017961
v 0.038378 -0.029528 0.017747
v 0.040072 -0.029437 0.017210
v 0.036623 -0.029748 0.017855
v 0.034956 -0.030161 0.017663
v 0.033438 -0.030718 0.017067
v 0.032134 -0.031377 0.016135
v 0.030126 -0.032777 0.013773
v 0.010626 -0.043034 -0.005253
v 0.005085 -0.042934 -0.005533
v 0.014444 -0.037008 0.007543
v 0.015980 -0.042988 -0.005176
v 0.015838 -0.043080 -0.005384
v 0.025270 -0.036513 0.008013
v 0.018386 -0.037908 0.005679
v 0.027885 -0.026070 0.023177
v 0.026557 -0.026622 0.022541
v 0.025642 -0.027096 0.021828
v 0.023737 -0.028339 0.019711
v 0.024906 -0.027540 0.021097
v 0.030916 -0.022439 0.030455
v 0.034329 -0.017838 0.038661
v 0.036422 -0.010017 0.043626
v 0.036260 -0.012788 0.043264
v 0.035939 -0.014556 0.042512
v 0.035468 -0.015885 0.041393
v 0.034659 -0.017339 0.039455
v 0.036424 0.002812 0.043631
v 0.036334 0.005500 0.043444
v 0.036494 -0.000941 0.043778
v 0.036494 -0.000997 0.043779
v 0.036499 -0.001516 0.043789
v 0.034095 0.013480 0.038232
v 0.034072 0.013513 0.038178
v 0.035121 0.011779 0.040641
v 0.035751 0.010179 0.042115
v 0.036334 0.005518 0.043442
v 0.036301 0.006209 0.043374
v 0.036101 0.008491 0.042925
v 0.027808 0.023435 0.023486
v 0.027626 0.021605 0.023079
v 0.031999 0.016368 0.033316
v 0.033335 0.025804 0.017572
v 0.034904 0.025131 0.018133
v 0.029976 0.028130 0.014320
v 0.029982 0.028232 0.014380
v 0.031991 0.026561 0.016655
v 0.038304 0.024094 0.017931
v 0.036575 0.024482 0.018180
v 0.032011 0.026453 0.016548
v 0.033337 0.025698 0.017462
v 0.034885 0.025024 0.018026
v 0.030006 0.028005 0.014218
v 0.030078 0.027912 0.014105
v 0.032064 0.026376 0.016426
v 0.033366 0.025624 0.017332
v 0.034884 0.024952 0.017894
v 0.036546 0.024406 0.018051
v 0.038254 0.024012 0.017811
v 0.023771 0.024186 0.019822
v 0.025695 0.022683 0.021934
v 0.027328 0.021729 0.022969
v 0.005176 0.041305 -0.005531
v 0.015820 0.039499 -0.005396
v 0.015985 0.039376 -0.005154
v 0.014186 0.034417 0.007182
v 0.022477 0.034350 0.004147
v 0.040190 0.029582 0.003746
v 0.020050 0.038510 -0.005456
v 0.023089 0.037752 -0.005499
v 0.057152 0.025877 -0.000390
v 0.073871 0.021904 -0.004876
v 0.080878 0.020893 -0.008757
v 0.062246 0.026842 -0.007192
v 0.043435 0.032322 -0.006140
v 0.090896 0.015708 -0.009323
v 0.089155 0.017660 -0.009551
v 0.100820 0.015398 -0.016001
v 0.096843 0.015760 -0.014631
v 0.100141 0.016088 -0.015947
v 0.094332 0.015740 -0.013138
v 0.092470 0.015780 -0.011421
v 0.092231 0.015779 -0.011141
v 0.123168 0.019400 -0.024768
v 0.120137 0.015589 -0.022554
v 0.112588 0.019617 -0.021126
v 0.130190 0.019929 -0.027462
v 0.138830 0.013233 -0.028189
v 0.136106 0.010742 -0.026756
v 0.117089 0.011677 -0.020638
v 0.101629 0.018290 -0.017028
v 0.133825 0.008656 -0.025651
v 0.126021 0.022945 -0.027148
v 0.119071 0.027543 -0.026622
v 0.115572 0.029621 -0.026342
v 0.105777 0.024005 -0.020360
v 0.111998 0.031562 -0.026041
v 0.129287 0.001868 -0.023535
v 0.130783 0.000523 -0.023982
v 0.131732 -0.001306 -0.024289
v 0.132222 -0.003428 -0.024476
v 0.132522 -0.007394 -0.024650
v 0.139864 -0.027675 -0.028183
v 0.141942 -0.025883 -0.028379
v 0.143216 -0.023900 -0.028449
v 0.143943 -0.021516 -0.028413
v 0.144023 -0.021103 -0.028401
v 0.142643 -0.034582 -0.033242
v 0.132299 -0.039898 -0.033880
v 0.131320 -0.038172 -0.031060
v 0.140860 -0.033397 -0.030905
v 0.130325 -0.035752 -0.028813
v 0.138969 -0.031546 -0.029152
v 0.121468 -0.039476 -0.028407
v 0.121811 -0.045693 -0.036609
v 0.121626 -0.044163 -0.033533
v 0.121519 -0.042114 -0.030764
v 0.121918 -0.046262 -0.038017
v 0.130751 -0.042296 -0.037323
v 0.141721 -0.036668 -0.036264
v 0.144305 -0.035230 -0.035995
v 0.112974 -0.042720 -0.028082
v 0.117341 -0.044928 -0.032152
v 0.112519 -0.045697 -0.030745
v 0.116282 -0.046879 -0.034602
v 0.112124 -0.047483 -0.032814
v 0.117344 -0.042745 -0.029671
v 0.117380 -0.040224 -0.027607
v 0.107822 -0.040224 -0.024669
v 0.102449 -0.033919 -0.019276
v 0.093808 -0.032134 -0.015945
v 0.099800 -0.038921 -0.021489
v 0.098203 -0.037184 -0.019944
v 0.102229 -0.041459 -0.023923
v 0.091066 -0.030564 -0.014231
v 0.090430 -0.030008 -0.013460
v 0.090400 -0.029820 -0.013553
v 0.092183 -0.030553 -0.015116
v 0.092327 -0.030530 -0.014998
v 0.093635 -0.032060 -0.016246
v 0.092439 -0.030564 -0.014854
v 0.093746 -0.032074 -0.016098
v 0.093777 -0.032094 -0.016035
v 0.089654 -0.028481 -0.011587
v 0.089809 -0.028508 -0.011486
v 0.089935 -0.028598 -0.011382
v 0.089230 -0.028791 -0.011750
v 0.089342 -0.028630 -0.011731
v 0.089491 -0.028522 -0.011674
v 0.089176 -0.028984 -0.011723
v 0.093684 -0.032059 -0.016190
v 0.093555 -0.032075 -0.016317
v 0.093407 -0.032137 -0.016402
v 0.092027 -0.030630 -0.015190
v 0.093334 -0.032181 -0.016424
v 0.093274 -0.032226 -0.016433
v 0.091879 -0.030752 -0.015207
v 0.093143 -0.032349 -0.016413
v 0.091763 -0.030905 -0.015162
v 0.091141 -0.029358 -0.013269
v 0.091021 -0.029294 -0.013396
v 0.090871 -0.029293 -0.013508
v 0.090713 -0.029354 -0.013591
v 0.090566 -0.029474 -0.013631
v 0.090456 -0.029636 -0.013619
v 0.093068 -0.032449 -0.016363
v 0.093047 -0.032484 -0.016339
v 0.091699 -0.031066 -0.015057
v 0.092998 -0.032611 -0.016222
v 0.091710 -0.031218 -0.014911
v 0.093005 -0.032723 -0.016060
v 0.090362 -0.029954 -0.013371
v 0.089762 -0.029521 -0.012532
v 0.089185 -0.029175 -0.011635
v 0.083578 -0.030876 -0.011504
v 0.090352 -0.029956 -0.013338
v 0.083934 -0.031664 -0.012770
v 0.089594 -0.029421 -0.012270
v 0.091082 -0.030591 -0.014220
v 0.092888 -0.032587 -0.015949
v 0.085850 -0.034511 -0.015421
v 0.085195 -0.033607 -0.014747
v 0.084179 -0.032090 -0.013310
v 0.083940 -0.031673 -0.012783
v 0.076472 -0.036798 -0.014889
v 0.057841 -0.040873 -0.014121
v 0.057735 -0.039164 -0.012824
v 0.057887 -0.037534 -0.011142
v 0.048203 -0.039531 -0.010786
v 0.053022 -0.041849 -0.013970
v 0.048265 -0.042760 -0.013854
v 0.039040 -0.040141 -0.008456
v 0.038463 -0.041466 -0.010742
v 0.038614 -0.044236 -0.013848
v 0.024504 -0.045424 -0.013723
v 0.024365 -0.045036 -0.013046
v 0.033366 -0.044846 -0.013964
v 0.024851 -0.042873 -0.008765
v 0.024432 -0.043488 -0.010077
v 0.024294 -0.043873 -0.010860
v 0.017942 -0.045823 -0.013673
v 0.023141 -0.037905 0.004259
v 0.016288 -0.042613 -0.005552
v 0.022982 -0.037957 0.004399
v 0.016125 -0.042667 -0.005417
v 0.022877 -0.038088 0.004541
v 0.016015 -0.042801 -0.005283
v 0.010645 -0.046001 -0.013386
v 0.010636 -0.046005 -0.013399
v 0.009274 -0.045780 -0.012668
v 0.013239 -0.044666 -0.009293
v 0.002456 -0.044239 -0.009007
v 0.016393 -0.033501 0.010222
v 0.010448 -0.037488 0.002131
v 0.005053 -0.040838 -0.005537
v 0.005161 0.039152 -0.005521
v 0.008623 0.036584 -0.000534
v 0.016246 0.030502 0.010008
v 0.015978 0.039233 -0.005222
v 0.023025 0.033652 0.004495
v 0.022949 0.033747 0.004604
v 0.022914 0.033874 0.004701
v 0.016096 0.039003 -0.005418
v 0.016017 0.039101 -0.005314
v 0.010609 0.043456 -0.013357
v 0.003228 0.042654 -0.008484
v 0.003079 0.042631 -0.008388
v 0.021411 0.042151 -0.013698
v 0.020771 0.041395 -0.012374
v 0.020563 0.040284 -0.010299
v 0.021406 0.039037 -0.007909
v 0.025554 0.041442 -0.013751
v 0.032013 0.040018 -0.013553
v 0.043244 0.037258 -0.013480
v 0.043159 0.037165 -0.013381
v 0.042198 0.035888 -0.011944
v 0.041889 0.034694 -0.010318
v 0.042235 0.033639 -0.008597
v 0.046290 0.036456 -0.013516
v 0.066749 0.030809 -0.014011
v 0.062147 0.030463 -0.012700
v 0.061604 0.029072 -0.011127
v 0.061697 0.027859 -0.009225
v 0.080885 0.022030 -0.011094
v 0.081138 0.022930 -0.012367
v 0.082791 0.025966 -0.014815
v 0.081975 0.024640 -0.013949
v 0.081261 0.023238 -0.012717
v 0.088477 0.018302 -0.009865
v 0.088437 0.018138 -0.009922
v 0.088517 0.017794 -0.009934
v 0.088624 0.017663 -0.009890
v 0.088757 0.017580 -0.009821
v 0.088901 0.017551 -0.009734
v 0.089039 0.017580 -0.009640
v 0.088451 0.017959 -0.009946
v 0.094989 0.021040 -0.015815
v 0.094067 0.021849 -0.015841
v 0.095951 0.024621 -0.017485
v 0.094101 0.021901 -0.015870
v 0.098598 0.028184 -0.019877
v 0.099793 0.029686 -0.020984
v 0.104340 0.034893 -0.025326
v 0.104446 0.035005 -0.025429
v 0.120599 0.030437 -0.028805
v 0.118492 0.034043 -0.030406
v 0.121799 0.032954 -0.031424
v 0.119309 0.036094 -0.033048
v 0.122448 0.035090 -0.034603
v 0.122544 0.037023 -0.038263
v 0.117207 0.038843 -0.034958
v 0.116166 0.039171 -0.034432
v 0.115958 0.037172 -0.031780
v 0.115020 0.035259 -0.029573
v 0.113614 0.033400 -0.027698
v 0.131970 0.022601 -0.029355
v 0.133103 0.024473 -0.031317
v 0.133906 0.026008 -0.033771
v 0.134523 0.027450 -0.037155
v 0.137056 0.025262 -0.036888
v 0.146719 0.016443 -0.035731
v 0.146463 0.016474 -0.035355
v 0.144930 0.016544 -0.033283
v 0.144483 0.016507 -0.032743
v 0.142732 0.016042 -0.030913
v 0.141032 0.015080 -0.029535
v 0.141000 0.011360 -0.028391
v 0.144514 0.003921 -0.028413
v 0.143910 0.006642 -0.028504
v 0.142762 0.009179 -0.028511
v 0.144790 0.002066 -0.028357
v 0.145349 -0.008698 -0.028238
v 0.144940 -0.014884 -0.028277
v 0.145737 -0.022472 -0.029025
v 0.141767 -0.029938 -0.029259
v 0.145666 -0.032689 -0.032952
v 0.147417 -0.033209 -0.035500
v 0.147966 -0.030330 -0.032482
v 0.149769 -0.030705 -0.034653
v 0.149397 -0.027522 -0.032057
v 0.151209 -0.027771 -0.033930
v 0.144025 -0.027919 -0.029319
v 0.145462 -0.025439 -0.029295
v 0.147830 -0.023822 -0.030080
v 0.143779 -0.031643 -0.030818
v 0.146053 -0.029456 -0.030656
v 0.147487 -0.026807 -0.030471
v 0.149757 -0.024571 -0.031510
v 0.151965 -0.024889 -0.033684
v 0.131205 -0.045231 -0.044844
v 0.139810 -0.044214 -0.052510
v 0.145777 -0.039867 -0.048621
v 0.143439 -0.041773 -0.050582
v 0.148908 -0.036595 -0.044517
v 0.148085 -0.037555 -0.045791
v 0.148911 -0.036596 -0.044524
v 0.109851 -0.047868 -0.032084
v 0.110992 -0.047671 -0.032431
v 0.117132 -0.049136 -0.040795
v 0.120122 -0.049499 -0.044583
v 0.108140 -0.044365 -0.027914
v 0.105957 -0.045073 -0.027844
v 0.109414 -0.047701 -0.031671
v 0.108868 -0.047371 -0.031055
v 0.098039 -0.038460 -0.020715
v 0.101094 -0.041685 -0.023773
v 0.091701 -0.031210 -0.014898
v 0.090441 -0.030019 -0.013469
v 0.092228 -0.043215 -0.022646
v 0.091806 -0.042641 -0.022111
v 0.090304 -0.040593 -0.020277
v 0.072227 -0.046365 -0.020830
v 0.058789 -0.048963 -0.020479
v 0.079311 -0.053585 -0.028657
v 0.094886 -0.046837 -0.026235
v 0.097437 -0.050303 -0.030075
v 0.060138 -0.056431 -0.027671
v 0.038733 -0.044901 -0.014485
v 0.043183 -0.045444 -0.015342
v 0.044666 -0.045757 -0.015753
v 0.046700 -0.046321 -0.016445
v 0.055903 -0.051666 -0.022322
v 0.055466 -0.051275 -0.021900
v 0.053913 -0.049571 -0.020165
v 0.052928 -0.049317 -0.019794
v 0.050276 -0.047769 -0.018103
v 0.049896 -0.047583 -0.017897
v 0.058669 -0.054565 -0.025513
v 0.028363 -0.050159 -0.027796
v 0.023819 -0.049596 -0.027717
v 0.024206 -0.049540 -0.026601
v 0.030073 -0.050009 -0.024727
v 0.031772 -0.049177 -0.020858
v 0.031385 -0.049483 -0.021869
v 0.025568 -0.048473 -0.020132
v 0.025222 -0.049157 -0.023023
v 0.032311 -0.048519 -0.019218
v 0.025387 -0.047454 -0.017477
v 0.032787 -0.047486 -0.017339
v 0.032951 -0.046931 -0.016517
v 0.010980 -0.045585 -0.013719
v 0.010806 -0.045648 -0.013592
v 0.010686 -0.045797 -0.013472
v 0.017343 -0.047078 -0.016830
v 0.017157 -0.048062 -0.020304
v 0.017110 -0.048686 -0.023998
v 0.021180 -0.049343 -0.027696
v -0.007656 -0.045737 -0.013586
v -0.008230 -0.045496 -0.012873
v -0.005207 -0.045464 -0.012777
v -0.002991 -0.045758 -0.013589
v -0.003756 -0.045405 -0.012579
v 0.002093 -0.045869 -0.013600
v -0.002345 -0.045299 -0.012220
v 0.000228 -0.044906 -0.010966
v 0.006858 -0.046023 -0.013616
v 0.010491 -0.046074 -0.013631
v 0.002400 -0.042190 -0.009048
v 0.000651 -0.042765 -0.010659
v -0.000353 -0.042993 -0.011329
v -0.001521 -0.043188 -0.011915
v -0.004008 -0.043419 -0.012625
v -0.007480 -0.043495 -0.012870
v -0.008230 -0.043496 -0.012873
v -0.008230 0.044476 -0.012873
v -0.004174 0.044386 -0.012643
v -0.008230 0.042476 -0.012873
v -0.004290 0.042392 -0.012660
v -0.001949 0.042149 -0.012067
v -0.001960 0.044171 -0.012076
v -0.000451 0.041859 -0.011380
v -0.000447 0.043900 -0.011387
v 0.000248 0.041676 -0.010955
v 0.000771 0.043581 -0.010601
v 0.002246 0.040932 -0.009286
v 0.002659 0.042843 -0.008868
v 0.004342 0.039723 -0.006705
v 0.010599 0.043465 -0.013374
v 0.010594 0.043319 -0.013442
v 0.010717 0.043089 -0.013629
v 0.010635 0.043188 -0.013530
v 0.010439 0.043588 -0.013631
v 0.004927 0.044358 -0.013609
v 0.001258 0.044606 -0.013598
v -0.000304 0.044654 -0.013594
v -0.004201 0.044692 -0.013588
v -0.007930 0.044701 -0.013586
v 0.023867 0.047475 -0.027718
v 0.024120 0.047392 -0.026967
v 0.024725 0.046996 -0.024542
v 0.024780 0.046902 -0.024123
v 0.024787 0.046886 -0.024055
v 0.024810 0.046338 -0.022132
v 0.024359 0.045407 -0.019713
v 0.023328 0.044107 -0.017061
v 0.039388 0.040514 -0.015576
v 0.039792 0.040560 -0.015704
v 0.045310 0.041928 -0.018144
v 0.048200 0.042482 -0.019257
v 0.050808 0.044951 -0.022295
v 0.033489 0.040431 -0.014305
v 0.026707 0.044009 -0.017499
v 0.027149 0.045483 -0.020168
v 0.027079 0.046572 -0.022859
v 0.026807 0.046986 -0.024303
v 0.026474 0.047240 -0.025471
v 0.025599 0.047566 -0.027741
v 0.087304 0.032590 -0.019423
v 0.069124 0.039194 -0.020328
v 0.092051 0.038618 -0.024587
v 0.072706 0.043028 -0.024253
v 0.094381 0.041297 -0.027240
v 0.076030 0.046699 -0.028451
v 0.096735 0.043845 -0.030010
v 0.055287 0.048651 -0.027515
v 0.065465 0.047783 -0.027889
v 0.052155 0.045962 -0.023662
v 0.058225 0.041087 -0.019860
v 0.065671 0.035297 -0.016733
v 0.085035 0.029377 -0.017061
v 0.092801 0.030823 -0.019670
v 0.098846 0.036926 -0.025050
v 0.104336 0.034885 -0.025339
v 0.108775 0.039089 -0.029805
v 0.107705 0.038200 -0.028689
v 0.105739 0.036343 -0.026703
v 0.129395 0.034122 -0.043263
v 0.132352 0.032635 -0.045633
v 0.138415 0.027176 -0.044117
v 0.132587 0.032510 -0.045829
v 0.151032 0.015812 -0.043351
v 0.135563 0.030833 -0.048419
v 0.139822 0.028036 -0.052517
v 0.143771 0.024261 -0.050732
v 0.146548 0.021394 -0.048831
v 0.148836 0.018762 -0.046509
v 0.149052 0.014044 -0.035311
v 0.146096 0.007958 -0.029402
v 0.148063 0.005605 -0.029916
v 0.147214 0.014272 -0.033035
v 0.150936 0.011343 -0.034607
v 0.149046 0.011676 -0.032588
v 0.152216 0.008300 -0.033951
v 0.150274 0.008741 -0.032153
v 0.145186 0.013993 -0.031031
v 0.147010 0.011518 -0.030832
v 0.148231 0.008703 -0.030599
v 0.143082 0.012968 -0.029497
v 0.144891 0.010637 -0.029491
v 0.151232 0.005625 -0.032124
v 0.152942 0.005102 -0.033665
v 0.147616 -0.001828 -0.029081
v 0.147770 -0.008852 -0.029023
v 0.147279 -0.015860 -0.029062
v 0.149461 -0.016632 -0.030172
v 0.151428 -0.017140 -0.031683
v 0.149863 -0.001663 -0.030194
v 0.151904 -0.001896 -0.031686
v 0.150013 -0.009156 -0.030126
v 0.152017 -0.009529 -0.031627
v 0.153703 -0.012393 -0.033421
v 0.153772 -0.002391 -0.033449
v 0.153561 0.000422 -0.033503
v 0.154359 -0.025031 -0.036312
v 0.153491 -0.028527 -0.036861
v 0.152227 -0.031634 -0.038667
v 0.150621 -0.034332 -0.041530
v 0.120329 -0.049520 -0.044850
v 0.126273 -0.049897 -0.052756
v 0.129459 -0.049825 -0.057191
v 0.120156 -0.049296 -0.045001
v 0.112817 -0.048229 -0.036220
v 0.120257 -0.049389 -0.044915
v 0.120288 -0.049434 -0.044888
v 0.101361 -0.052963 -0.038566
v 0.085761 -0.057176 -0.040679
v 0.063140 -0.057779 -0.032251
v 0.106858 -0.056162 -0.050881
v 0.091565 -0.059468 -0.050580
v 0.074161 -0.062227 -0.050253
v 0.047562 -0.054409 -0.025382
v 0.043771 -0.052386 -0.023429
v 0.047143 -0.050807 -0.020683
v 0.042374 -0.049065 -0.018849
v 0.051577 -0.053389 -0.023519
v 0.037548 -0.047638 -0.017350
v 0.036327 -0.049216 -0.019857
v 0.039753 -0.050885 -0.022109
v 0.035552 -0.049814 -0.021291
v 0.034838 -0.050186 -0.022528
v 0.036969 -0.051528 -0.025437
v 0.032994 -0.050632 -0.025427
v 0.035164 -0.051680 -0.028463
v 0.031148 -0.050653 -0.027950
v 0.043065 -0.055473 -0.031420
v 0.041562 -0.054504 -0.030568
v 0.043721 -0.054447 -0.027652
v 0.049908 -0.056952 -0.028368
v 0.046852 -0.056510 -0.029408
v 0.053342 -0.057049 -0.027766
v 0.055625 -0.056932 -0.027616
v 0.057678 -0.056735 -0.027602
v 0.038544 -0.052948 -0.029318
v 0.040419 -0.052800 -0.026354
v 0.034133 -0.052047 -0.032776
v 0.029587 -0.051163 -0.037075
v 0.026643 -0.050534 -0.036078
v 0.024075 -0.050134 -0.035635
v 0.021136 -0.049786 -0.035378
v 0.022479 -0.049724 -0.031547
v 0.037509 -0.053683 -0.034853
v 0.032010 -0.051849 -0.038477
v 0.030831 -0.051495 -0.037718
v 0.041983 -0.055127 -0.032072
v 0.008164 -0.047082 -0.019141
v 0.008018 -0.047245 -0.019074
v 0.009583 -0.046319 -0.015253
v 0.008787 -0.048575 -0.027297
v 0.007868 -0.048219 -0.023735
v 0.007827 -0.047917 -0.023052
v 0.007720 -0.047762 -0.020620
v 0.008036 -0.047394 -0.018712
v 0.009016 -0.046780 -0.016136
v 0.007754 -0.047613 -0.021048
v 0.007688 -0.047863 -0.021223
v 0.008994 -0.048397 -0.027778
v 0.008940 -0.048613 -0.027778
v 0.008890 -0.048601 -0.027624
v 0.009710 -0.046166 -0.015367
v 0.007977 -0.047743 -0.023056
v 0.009133 -0.048225 -0.027747
v 0.009326 -0.048133 -0.027693
v 0.008366 -0.047006 -0.019204
v 0.009891 -0.046101 -0.015488
v 0.008185 -0.047653 -0.023043
v -0.007649 -0.048364 -0.027586
v -0.007650 -0.047986 -0.023763
v -0.007652 -0.047423 -0.020150
v -0.007654 -0.046669 -0.016756
v -0.027027 -0.045394 -0.012975
v -0.027027 -0.043393 -0.012975
v -0.027027 0.044374 -0.012975
v -0.027027 0.042374 -0.012975
v 0.008074 0.045674 -0.019015
v 0.008863 0.044850 -0.016551
v 0.000510 0.045523 -0.016815
v 0.007806 0.046197 -0.021050
v 0.000086 0.046251 -0.020274
v 0.000164 0.046768 -0.023901
v 0.007944 0.046703 -0.023810
v 0.008686 0.047037 -0.026970
v 0.000583 0.047068 -0.027596
v 0.008890 0.047083 -0.027624
v -0.007907 0.046311 -0.020211
v -0.007891 0.047158 -0.027586
v 0.021233 0.048065 -0.035417
v 0.008939 0.047094 -0.027778
v 0.008954 0.046974 -0.027781
v 0.008864 0.044721 -0.016599
v 0.009000 0.044474 -0.016753
v 0.007882 0.045910 -0.020202
v 0.007927 0.045759 -0.020246
v 0.008018 0.045633 -0.020290
v 0.008910 0.044583 -0.016672
v 0.007978 0.046608 -0.023965
v 0.008011 0.046558 -0.024059
v 0.008091 0.046417 -0.024066
v 0.009016 0.046825 -0.027772
v 0.046947 0.046329 -0.023350
v 0.036527 0.047846 -0.026095
v 0.039508 0.048638 -0.028125
v 0.043129 0.047718 -0.025357
v 0.030134 0.047102 -0.024421
v 0.027318 0.047676 -0.027814
v 0.028385 0.047759 -0.027908
v 0.039445 0.046398 -0.022802
v 0.035500 0.045660 -0.021246
v 0.033393 0.047363 -0.024936
v 0.031364 0.045457 -0.020551
v 0.032021 0.042937 -0.016905
v 0.037482 0.043051 -0.017920
v 0.040089 0.043494 -0.018855
v 0.042557 0.044229 -0.020108
v 0.036064 0.049055 -0.031346
v 0.033667 0.048448 -0.029497
v 0.032346 0.048216 -0.028855
v 0.024159 0.048376 -0.035674
v 0.026982 0.048788 -0.036198
v 0.029616 0.049307 -0.037139
v 0.032010 0.049915 -0.038544
v 0.037839 0.049775 -0.033553
v 0.101367 0.039755 -0.027812
v 0.103486 0.042561 -0.030761
v 0.050560 0.049005 -0.027576
v 0.045937 0.049331 -0.028522
v 0.041704 0.049594 -0.030619
v 0.062718 0.051631 -0.036999
v 0.073200 0.055223 -0.050377
v 0.082702 0.050555 -0.039337
v 0.090030 0.053888 -0.050288
v 0.100008 0.048095 -0.040288
v 0.103356 0.051727 -0.050460
v 0.059034 0.050200 -0.032297
v 0.104469 0.035026 -0.025469
v 0.115327 0.041894 -0.038933
v 0.119551 0.041976 -0.044406
v 0.119530 0.041937 -0.044420
v 0.114912 0.041300 -0.038409
v 0.114838 0.041647 -0.038441
v 0.114880 0.041823 -0.038396
v 0.110803 0.041233 -0.033251
v 0.114851 0.041463 -0.038445
v 0.119533 0.041414 -0.044394
v 0.119480 0.041577 -0.044442
v 0.119478 0.041761 -0.044452
v 0.151035 0.015812 -0.043356
v 0.152672 0.013167 -0.040454
v 0.154083 0.010244 -0.038038
v 0.155084 0.007165 -0.036700
v 0.155651 0.004120 -0.036310
v 0.156217 -0.002873 -0.036023
v 0.156132 -0.010518 -0.035926
v 0.155465 -0.018158 -0.036028
v 0.129353 -0.049693 -0.057177
v 0.126133 -0.049604 -0.053273
v 0.129113 -0.049546 -0.057198
v 0.118556 -0.051781 -0.049717
v 0.116526 -0.053951 -0.055639
v 0.114591 -0.054374 -0.053482
v 0.115800 -0.050867 -0.044108
v 0.111649 -0.051510 -0.042144
v 0.107072 -0.052440 -0.041016
v 0.112321 -0.054844 -0.051881
v 0.109693 -0.055450 -0.051072
v 0.074144 -0.061988 -0.051451
v 0.091548 -0.059230 -0.051779
v 0.106839 -0.055923 -0.052079
v 0.055964 -0.059846 -0.045053
v 0.047264 -0.056933 -0.035704
v 0.050798 -0.057864 -0.033857
v 0.065363 -0.062439 -0.051512
v 0.054744 -0.058327 -0.032651
v 0.068180 -0.062669 -0.050631
v 0.058948 -0.058236 -0.032203
v 0.071167 -0.062563 -0.050265
v 0.062792 -0.061931 -0.052804
v 0.036290 -0.053416 -0.042523
v 0.035754 -0.051972 -0.043817
v 0.033995 -0.051245 -0.041978
v 0.030283 -0.049954 -0.039054
v 0.026113 -0.048985 -0.037399
v 0.020612 -0.048250 -0.036687
v 0.011311 -0.048999 -0.034744
v 0.011345 -0.048930 -0.034810
v 0.005926 -0.047277 -0.035786
v 0.011431 -0.048811 -0.034927
v 0.011646 -0.048644 -0.035101
v 0.011945 -0.048550 -0.035218
v -0.000871 -0.048630 -0.034138
v -0.007931 -0.047167 -0.035234
v -0.008286 -0.048666 -0.033891
v -0.013931 -0.048413 -0.027591
v -0.026084 -0.045635 -0.013642
v -0.015990 -0.048207 -0.025294
v -0.021387 -0.047230 -0.019271
v -0.026428 -0.045631 -0.013644
v -0.030620 -0.043317 -0.012819
v -0.027320 -0.045390 -0.012977
v -0.031876 -0.045264 -0.012581
v -0.035470 -0.042954 -0.011034
v -0.033173 -0.043179 -0.012186
v -0.031876 -0.043261 -0.012581
v -0.035501 -0.044961 -0.011014
v -0.038696 -0.044417 -0.008111
v -0.037537 -0.042638 -0.009372
v -0.040829 -0.043844 -0.005153
v -0.040829 -0.041816 -0.005153
v -0.039538 -0.042186 -0.007028
v -0.040829 0.040797 -0.005154
v -0.040829 0.042824 -0.005153
v -0.040818 0.040800 -0.005169
v -0.033687 0.042118 -0.011982
v -0.034971 0.041993 -0.011340
v -0.034971 0.044002 -0.011340
v -0.036148 0.041845 -0.010563
v -0.038281 0.043489 -0.008593
v -0.038386 0.041446 -0.008474
v -0.040718 0.040830 -0.005321
v -0.031003 0.042282 -0.012760
v -0.031291 0.044272 -0.012708
v -0.027760 0.042364 -0.012980
v -0.026428 0.044615 -0.013644
v -0.026729 0.044495 -0.013308
v -0.020519 0.046401 -0.020238
v -0.013931 0.047279 -0.027591
v -0.008246 0.047407 -0.033936
v -0.001301 0.047241 -0.034173
v 0.011328 0.047421 -0.034791
v 0.011454 0.047221 -0.034983
v 0.011381 0.047316 -0.034891
v 0.020660 0.046531 -0.036720
v 0.007123 0.045801 -0.035898
v -0.007896 0.045901 -0.035279
v 0.025066 0.047017 -0.037215
v 0.029122 0.047737 -0.038514
v 0.032665 0.048727 -0.040800
v 0.035794 0.049905 -0.043761
v 0.036307 0.051314 -0.042620
v 0.043338 0.051339 -0.038018
v 0.043334 0.051338 -0.038014
v 0.105339 0.046939 -0.040782
v 0.110474 0.045482 -0.041604
v 0.119669 0.041969 -0.044562
v 0.118216 0.044305 -0.047689
v 0.113561 0.048167 -0.050752
v 0.116697 0.046534 -0.050872
v 0.110196 0.049637 -0.050645
v 0.054774 0.050634 -0.032749
v 0.047889 0.051202 -0.035304
v 0.050994 0.050988 -0.033841
v 0.051349 0.050958 -0.033704
v 0.103301 0.051180 -0.051558
v 0.095797 0.052580 -0.051432
v 0.084946 0.053850 -0.051375
v 0.073319 0.054666 -0.051472
v 0.067227 0.055497 -0.050891
v 0.068804 0.055432 -0.050637
v 0.070228 0.055369 -0.050494
v 0.061437 0.055671 -0.052708
v 0.064976 0.055579 -0.051449
v 0.126789 0.039494 -0.054625
v 0.126842 0.039451 -0.054708
v 0.126769 0.039353 -0.054706
v 0.122354 0.041648 -0.048147
v 0.123397 0.041396 -0.049577
v 0.123319 0.041263 -0.049604
v 0.123570 0.041342 -0.049818
v 0.124754 0.040860 -0.051514
v 0.123273 0.040947 -0.049567
v 0.123274 0.041106 -0.049601
v 0.126682 0.039057 -0.054609
v 0.126703 0.039206 -0.054672
v 0.126754 0.039328 -0.054702
v 0.128148 0.037876 -0.056948
v 0.127561 0.038826 -0.055856
v 0.128264 0.038166 -0.056995
v 0.128205 0.038083 -0.056986
v 0.128751 -0.049852 -0.057417
v 0.126541 -0.050962 -0.058504
v 0.122498 -0.051584 -0.054367
v 0.118680 -0.053323 -0.058345
v 0.120769 -0.052519 -0.061074
v 0.115739 -0.054009 -0.056369
v 0.114011 -0.054377 -0.054434
v 0.111963 -0.054751 -0.052977
v 0.109570 -0.055251 -0.052252
v 0.068562 -0.062347 -0.051752
v 0.065934 -0.062083 -0.052543
v 0.063553 -0.061581 -0.053758
v 0.052928 -0.059402 -0.058323
v 0.049935 -0.058488 -0.058323
v 0.050206 -0.057988 -0.059674
v -0.018923 -0.049453 -0.035624
v -0.018407 -0.049373 -0.035373
v -0.018111 -0.047872 -0.036746
v -0.013007 -0.048826 -0.033972
v -0.013751 -0.047392 -0.035447
v -0.016136 -0.049080 -0.034537
v -0.017383 -0.049228 -0.034944
v -0.021359 -0.049912 -0.037155
v -0.022132 -0.048652 -0.039394
v -0.024669 -0.050710 -0.040079
v -0.024571 -0.049263 -0.041657
v -0.024831 -0.050752 -0.040236
v -0.018353 -0.048526 -0.027734
v -0.022737 -0.048915 -0.028596
v -0.026623 -0.049685 -0.030535
v -0.029936 -0.050711 -0.033356
v -0.023963 -0.047788 -0.021637
v -0.032242 -0.047950 -0.019987
v -0.027184 -0.048432 -0.023681
v -0.030289 -0.049380 -0.026184
v -0.036170 -0.050236 -0.025085
v -0.036476 -0.045758 -0.013394
v -0.038135 -0.046742 -0.015317
v -0.041089 -0.045729 -0.013096
v -0.034932 -0.047378 -0.017505
v -0.039430 -0.044916 -0.010936
v -0.044018 -0.044498 -0.011055
v -0.042844 -0.044125 -0.009617
v -0.045944 -0.045279 -0.012674
v -0.043360 -0.046919 -0.014859
v -0.040094 -0.047920 -0.016990
v -0.040149 -0.049599 -0.020321
v -0.042204 -0.049176 -0.018499
v -0.050230 -0.047375 -0.014987
v -0.044630 -0.048633 -0.016944
v -0.046367 -0.042043 0.003252
v -0.049872 -0.038739 0.008636
v -0.052150 -0.039914 0.012159
v -0.052150 -0.037871 0.012159
v -0.052150 0.036851 0.012159
v -0.052150 0.038895 0.012159
v -0.046367 0.041023 0.003252
v -0.042419 0.040305 -0.002756
v -0.040095 0.046900 -0.016989
v -0.042204 0.048156 -0.018498
v -0.040526 0.048506 -0.019950
v -0.033919 0.047895 -0.022174
v -0.031602 0.046583 -0.019146
v -0.034933 0.046359 -0.017504
v -0.036477 0.044739 -0.013393
v -0.038136 0.045723 -0.015316
v -0.042694 0.043066 -0.009393
v -0.039430 0.043897 -0.010935
v -0.044018 0.043478 -0.011055
v -0.045172 0.047490 -0.016672
v -0.043361 0.045900 -0.014859
v -0.041090 0.044709 -0.013095
v -0.050230 0.046356 -0.014987
v -0.045653 0.044131 -0.012467
v -0.036170 0.049216 -0.025085
v -0.029936 0.049691 -0.033356
v -0.030319 0.048380 -0.026253
v -0.027195 0.047416 -0.023713
v -0.023952 0.046761 -0.021649
v -0.026623 0.048661 -0.030525
v -0.022737 0.047868 -0.028558
v -0.018352 0.047437 -0.027688
v -0.012969 0.047666 -0.034003
v -0.020227 0.048647 -0.036381
v -0.018918 0.048402 -0.035638
v -0.017361 0.048153 -0.034958
v -0.016116 0.047984 -0.034558
v -0.021354 0.048883 -0.037157
v -0.024639 0.049683 -0.040049
v -0.024831 0.049732 -0.040236
v -0.024571 0.048244 -0.041657
v -0.024251 0.048161 -0.041345
v -0.019941 0.047146 -0.037770
v -0.016213 0.046528 -0.036034
v -0.013570 0.046234 -0.035454
v 0.048825 0.054764 -0.057820
v 0.048596 0.055380 -0.056718
v 0.040702 0.051806 -0.048890
v 0.051300 0.055648 -0.056717
v 0.109941 0.049129 -0.051742
v 0.116027 0.046282 -0.051959
v 0.116362 0.046408 -0.051416
v 0.119438 0.044965 -0.051080
v 0.120333 0.044422 -0.051243
v 0.123301 0.042453 -0.052563
v 0.125887 0.040369 -0.055267
v 0.061555 0.055105 -0.053797
v 0.065099 0.055019 -0.052538
v 0.068924 0.054876 -0.051730
v 0.127480 0.038809 -0.057292
v 0.119766 -0.052670 -0.061517
v 0.117893 -0.053381 -0.059076
v 0.053264 -0.058828 -0.059674
v -0.035148 -0.052016 -0.052315
v -0.035751 -0.053597 -0.051246
v -0.027185 -0.051362 -0.042550
v -0.038923 -0.051423 -0.027553
v -0.041839 -0.051369 -0.024295
v -0.044760 -0.051275 -0.021797
v -0.046555 -0.051197 -0.020667
v -0.047985 -0.051124 -0.019956
v -0.051287 -0.050921 -0.018824
v -0.056426 -0.050523 -0.017917
v -0.057516 -0.045585 -0.013199
v -0.056539 -0.043181 -0.010968
v -0.054422 -0.041781 -0.008621
v -0.052830 -0.041198 -0.005726
v -0.051773 -0.041177 -0.002471
v -0.063301 -0.037561 0.000084
v -0.064092 -0.037562 -0.003296
v -0.065074 -0.038323 -0.006352
v -0.066278 -0.040091 -0.008854
v -0.067618 -0.042565 -0.010883
v -0.086459 -0.027184 0.003707
v -0.089154 -0.025502 0.003473
v -0.086496 -0.027160 0.010294
v -0.085428 -0.027786 0.003665
v -0.082872 -0.029015 0.020129
v -0.083528 -0.028844 0.003496
v -0.078752 -0.031268 0.002943
v -0.079856 -0.030478 0.019340
v -0.073536 -0.033615 0.002135
v -0.069141 -0.034823 0.016596
v -0.061579 -0.037326 0.014656
v -0.057234 -0.037580 0.020099
v -0.056561 -0.035868 0.019052
v -0.059728 -0.033834 0.023990
v -0.061284 -0.034836 0.026436
v -0.061284 -0.032681 0.026436
v -0.061282 0.031663 0.026432
v -0.061284 0.031661 0.026436
v -0.061284 0.033816 0.026436
v -0.057234 0.036561 0.020099
v -0.055381 0.035463 0.017212
v -0.058762 0.033492 0.022480
v -0.061233 0.031700 0.026356
v -0.061579 0.036307 0.014656
v -0.051773 0.040158 -0.002471
v -0.063301 0.036542 0.000084
v -0.069141 0.033803 0.016596
v -0.066521 0.035381 0.000765
v -0.071065 0.033100 0.017085
v -0.073536 0.032595 0.002135
v -0.075184 0.031491 0.018136
v -0.078752 0.030248 0.002943
v -0.079855 0.029459 0.019340
v -0.083528 0.027825 0.003496
v -0.082872 0.027995 0.020129
v -0.085428 0.026766 0.003665
v -0.085637 0.026626 0.012563
v -0.088325 0.025018 0.003613
v -0.089154 0.024482 0.003473
v -0.052830 0.040178 -0.005726
v -0.054422 0.040762 -0.008621
v -0.056539 0.042162 -0.010968
v -0.066278 0.039071 -0.008854
v -0.067618 0.041545 -0.010883
v -0.060769 0.043664 -0.012434
v -0.065074 0.037303 -0.006352
v -0.064092 0.036542 -0.003296
v -0.056426 0.049503 -0.017917
v -0.056109 0.049530 -0.017960
v -0.051287 0.049902 -0.018824
v -0.048153 0.050095 -0.019882
v -0.046555 0.050177 -0.020667
v -0.045214 0.050237 -0.021484
v -0.042461 0.050333 -0.023692
v -0.038923 0.050404 -0.027553
v -0.027185 0.050343 -0.042550
v -0.035751 0.052578 -0.051246
v -0.035148 0.050996 -0.052315
v 0.048828 0.054756 -0.057834
v 0.051506 0.055060 -0.057764
v 0.120016 0.044323 -0.051803
v 0.125590 0.040255 -0.055834
v 0.123002 0.042367 -0.053140
v 0.125292 0.040141 -0.056401
v 0.122702 0.042281 -0.053718
v 0.119699 0.044225 -0.052364
v 0.126343 0.039097 -0.057721
v -0.038495 -0.052508 -0.055876
v -0.040134 -0.054542 -0.055876
v -0.036239 -0.052287 -0.053468
v -0.038117 -0.054178 -0.053731
v -0.036254 -0.053317 -0.047485
v -0.046784 -0.054523 -0.055876
v -0.051922 -0.052654 -0.035649
v -0.047281 -0.053098 -0.038068
v -0.043434 -0.053151 -0.038748
v -0.040835 -0.054582 -0.055877
v -0.043512 -0.054630 -0.055877
v -0.057590 -0.050420 -0.017762
v -0.063139 -0.049870 -0.017044
v -0.071056 -0.048902 -0.016085
v -0.070495 -0.047906 -0.015170
v -0.061545 -0.050038 -0.017247
v -0.074085 -0.033714 -0.001850
v -0.081951 -0.036402 -0.008337
v -0.086389 -0.033805 -0.007956
v -0.085327 -0.031892 -0.006220
v -0.072529 -0.040802 -0.009837
v -0.077223 -0.038799 -0.008976
v -0.076114 -0.036731 -0.007400
v -0.074917 -0.034711 -0.004961
v -0.083689 -0.029028 -0.000474
v -0.084266 -0.030005 -0.003634
v -0.084113 -0.021971 0.020516
v -0.084868 -0.014843 0.020752
v -0.091097 -0.000510 0.003769
v -0.085418 -0.000510 0.020926
v -0.090664 -0.012979 0.003703
v -0.090427 -0.015895 0.003668
v -0.082170 -0.029272 0.022468
v -0.082548 -0.028424 0.027278
v -0.083618 -0.027347 0.029637
v -0.078921 -0.029506 0.028945
v -0.069923 -0.034340 0.019702
v -0.082004 -0.029112 0.024869
v -0.070881 -0.033654 0.022711
v -0.072132 -0.032696 0.025540
v -0.073650 -0.031526 0.028194
v -0.090118 -0.031263 -0.007639
v -0.090125 -0.031258 -0.007638
v -0.088152 -0.029593 -0.005501
v -0.086539 -0.028369 -0.002892
v -0.085622 -0.027847 0.000230
v -0.090643 -0.024536 0.000150
v -0.088178 -0.026238 0.000543
v -0.089596 -0.026097 -0.002377
v -0.092256 -0.023639 -0.002222
v -0.091608 -0.026469 -0.004794
v -0.095163 -0.025364 -0.006443
v -0.093008 -0.024686 -0.004442
v -0.096408 -0.022411 -0.005923
v -0.094428 -0.022589 -0.004259
v -0.096667 -0.021569 -0.005782
v -0.090986 -0.030550 -0.007510
v -0.092465 -0.029138 -0.007220
v -0.093306 -0.028179 -0.007016
v -0.094332 -0.026774 -0.006722
v -0.063366 -0.033251 0.029724
v -0.062687 -0.031612 0.028650
v -0.062341 -0.034039 0.028103
v -0.063366 0.032231 0.029724
v -0.062341 0.033019 0.028103
v -0.062687 0.030592 0.028650
v -0.073650 0.030506 0.028194
v -0.070881 0.032634 0.022711
v -0.069923 0.033320 0.019702
v -0.092459 0.028125 -0.007221
v -0.090125 0.030238 -0.007638
v -0.088118 0.028546 -0.005459
v -0.093920 0.021806 -0.003856
v -0.093021 0.023666 -0.004454
v -0.090923 0.023907 -0.002200
v -0.095714 0.023203 -0.006233
v -0.096447 0.021272 -0.005903
v -0.096667 0.020550 -0.005782
v -0.088198 0.025212 0.000487
v -0.090333 0.023707 0.000744
v -0.091948 0.022780 -0.001846
v -0.094007 0.026233 -0.006821
v -0.091621 0.025453 -0.004807
v -0.089616 0.025079 -0.002408
v -0.086523 0.027339 -0.002858
v -0.085619 0.026826 0.000249
v -0.090118 0.030244 -0.007639
v -0.083644 0.027940 0.000039
v -0.084128 0.028744 -0.003120
v -0.085091 0.030449 -0.005764
v -0.086389 0.032785 -0.007956
v -0.072528 0.039783 -0.009837
v -0.074085 0.032695 -0.001850
v -0.081949 0.035383 -0.008337
v -0.074917 0.033691 -0.004961
v -0.076114 0.035712 -0.007400
v -0.077223 0.037779 -0.008976
v -0.076166 0.030945 0.021094
v -0.082120 0.028260 0.022724
v -0.076612 0.030477 0.023802
v -0.082004 0.028092 0.024869
v -0.077568 0.029626 0.026429
v -0.078849 0.028516 0.028934
v -0.082452 0.027508 0.027001
v -0.083618 0.026328 0.029637
v -0.090659 0.012035 0.003702
v -0.084113 0.020952 0.020516
v -0.084868 0.013824 0.020752
v -0.090427 0.014876 0.003668
v -0.068521 0.043245 -0.012176
v -0.071056 0.047882 -0.016085
v -0.070022 0.048022 -0.016205
v -0.063139 0.048850 -0.017044
v -0.051369 0.051863 -0.037825
v -0.038117 0.053158 -0.053731
v -0.036112 0.052381 -0.048549
v -0.045783 0.053549 -0.055876
v -0.043511 0.053611 -0.055877
v -0.047281 0.052078 -0.038068
v -0.040134 0.053522 -0.055876
v -0.043434 0.052131 -0.038748
v -0.046784 0.053503 -0.055876
v -0.037716 0.051483 -0.055041
v -0.038495 0.051488 -0.055876
v -0.062197 -0.053329 -0.055876
v -0.076221 -0.051460 -0.055876
v -0.073700 -0.050444 -0.035954
v -0.088505 -0.037559 -0.011278
v -0.079461 -0.042996 -0.012158
v -0.074554 -0.044834 -0.012845
v -0.073814 -0.048485 -0.015775
v -0.078089 -0.047507 -0.015331
v -0.082365 -0.045862 -0.014927
v -0.086128 -0.043716 -0.014591
v -0.090275 -0.040634 -0.014226
v -0.084487 -0.014542 0.027871
v -0.085413 -0.013995 0.030151
v -0.084724 -0.020703 0.029952
v -0.083442 -0.022168 0.022873
v -0.083265 -0.022045 0.025268
v -0.083750 -0.021521 0.027643
v -0.084211 -0.014975 0.023120
v -0.084031 -0.014893 0.025514
v -0.085919 -0.000510 0.030299
v -0.085025 -0.000510 0.028038
v -0.084589 -0.000510 0.025692
v -0.084772 -0.000510 0.023300
v -0.097596 -0.011881 -0.005633
v -0.095322 -0.011564 -0.003906
v -0.091808 -0.012561 0.000790
v -0.093327 -0.012089 -0.001800
v -0.092415 -0.000510 0.000413
v -0.093907 -0.000510 -0.002024
v -0.095967 -0.000510 -0.004118
v -0.097943 -0.000510 -0.005576
v -0.083622 -0.027343 0.029645
v -0.079864 -0.028486 0.031375
v -0.076461 -0.029300 0.032833
v -0.072913 -0.030509 0.032037
v -0.093223 -0.033841 -0.010844
v -0.095855 -0.035919 -0.013742
v -0.096345 -0.031160 -0.010623
v -0.096755 -0.028310 -0.009072
v -0.097329 -0.024011 -0.007278
v -0.097472 -0.021197 -0.006299
v -0.065179 -0.029543 0.032493
v -0.066265 -0.030694 0.034175
v -0.065419 -0.029307 0.032843
v -0.066298 -0.030658 0.034224
v -0.066747 -0.027772 0.034687
v -0.070733 -0.022191 0.039439
v -0.069631 -0.021618 0.037871
v -0.069071 -0.023354 0.037373
v -0.068852 -0.027013 0.037573
v -0.067628 -0.029014 0.036061
v -0.067853 -0.026055 0.036069
v -0.068012 -0.025761 0.036254
v -0.071892 -0.016630 0.040206
v -0.070710 -0.016457 0.038594
v -0.069976 -0.020298 0.038137
v -0.070710 0.015437 0.038594
v -0.071892 0.015610 0.040206
v -0.069815 0.019924 0.038017
v -0.070733 0.021171 0.039439
v -0.069631 0.020599 0.037871
v -0.070724 0.021203 0.039432
v -0.068794 0.023053 0.037101
v -0.068852 0.025993 0.037573
v -0.067853 0.025036 0.036069
v -0.067613 0.025453 0.035784
v -0.068825 0.026045 0.037541
v -0.066321 0.027294 0.034116
v -0.067605 0.028027 0.036031
v -0.066298 0.029638 0.034224
v -0.066248 0.029693 0.034151
v -0.064568 0.029082 0.031581
v -0.065419 0.028287 0.032844
v -0.067883 0.031015 0.030852
v -0.076461 0.028280 0.032833
v -0.091806 0.011685 0.000772
v -0.091255 0.017759 0.000689
v -0.092837 0.017040 -0.001906
v -0.095353 0.010669 -0.003941
v -0.097617 0.010522 -0.005629
v -0.093339 0.011204 -0.001829
v -0.097472 0.020177 -0.006299
v -0.097329 0.022991 -0.007278
v -0.096930 0.026147 -0.008537
v -0.096755 0.027290 -0.009072
v -0.096345 0.030140 -0.010623
v -0.095855 0.034899 -0.013742
v -0.093223 0.032822 -0.010844
v -0.096246 0.030929 -0.011101
v -0.090275 0.039614 -0.014226
v -0.088505 0.036540 -0.011278
v -0.088299 0.041158 -0.014400
v -0.084576 0.043664 -0.014728
v -0.079459 0.041976 -0.012158
v -0.074553 0.043815 -0.012845
v -0.076425 0.046933 -0.015499
v -0.080476 0.045666 -0.015101
v -0.079864 0.027467 0.031375
v -0.083622 0.026324 0.029645
v -0.083442 0.021148 0.022873
v -0.083750 0.020501 0.027643
v -0.083265 0.021026 0.025268
v -0.084724 0.019684 0.029952
v -0.085413 0.012975 0.030151
v -0.084487 0.013522 0.027871
v -0.084211 0.013956 0.023120
v -0.084031 0.013874 0.025514
v -0.073700 0.049425 -0.035954
v -0.076221 0.050441 -0.055876
v -0.062197 0.052309 -0.055876
v -0.093788 -0.042877 -0.040596
v -0.092580 -0.042315 -0.031068
v -0.088447 -0.045407 -0.033309
v -0.091801 -0.041845 -0.025164
v -0.083903 -0.047837 -0.034699
v -0.078950 -0.049465 -0.035555
v -0.094797 -0.043133 -0.049024
v -0.094792 -0.043136 -0.049028
v -0.090726 -0.046165 -0.052073
v -0.086319 -0.048654 -0.054434
v -0.081457 -0.050387 -0.055651
v -0.085282 -0.025476 0.032852
v -0.088300 -0.014909 0.037184
v -0.088196 -0.015831 0.037117
v -0.088182 -0.015951 0.037108
v -0.087618 -0.019630 0.036618
v -0.086660 -0.022938 0.035271
v -0.089049 -0.000510 0.037666
v -0.088836 -0.008309 0.037528
v -0.099112 -0.020347 -0.007352
v -0.099686 -0.019966 -0.007716
v -0.100634 -0.019144 -0.008305
v -0.101728 -0.017610 -0.008944
v -0.102440 -0.015655 -0.009298
v -0.102864 -0.012755 -0.009411
v -0.103088 -0.009932 -0.009429
v -0.103405 -0.000510 -0.009455
v -0.079005 -0.026878 0.036945
v -0.080119 -0.025305 0.038635
v -0.081105 -0.023383 0.040027
v -0.082499 -0.018805 0.041712
v -0.083226 -0.013662 0.042310
v -0.096568 -0.041686 -0.047610
v -0.098763 -0.035935 -0.023165
v -0.100028 -0.035835 -0.027471
v -0.102755 -0.035469 -0.037432
v -0.103792 -0.035249 -0.041735
v -0.101614 -0.029715 -0.013256
v -0.102849 -0.027654 -0.013154
v -0.102504 -0.025085 -0.011644
v -0.104294 -0.024142 -0.013036
v -0.102150 -0.022722 -0.010536
v -0.103595 -0.019097 -0.011030
v -0.097230 -0.034672 -0.013625
v -0.099790 -0.032063 -0.013409
v -0.099769 -0.028673 -0.011227
v -0.099782 -0.025746 -0.009767
v -0.104236 -0.014975 -0.011138
v -0.105574 -0.017245 -0.012934
v -0.104732 -0.022548 -0.013001
v -0.072770 -0.008823 0.040690
v -0.071491 -0.009908 0.039029
v -0.071874 -0.001985 0.039242
v -0.073071 -0.000510 0.040856
v -0.071883 -0.000510 0.039247
v -0.072770 0.007803 0.040690
v -0.071614 0.007301 0.039097
v -0.070818 0.014722 0.038654
v -0.079005 0.025858 0.036945
v -0.080100 0.024317 0.038607
v -0.081105 0.022363 0.040027
v -0.082499 0.017785 0.041712
v -0.083226 0.012643 0.042310
v -0.102864 0.011735 -0.009411
v -0.102601 0.013864 -0.009358
v -0.102440 0.014635 -0.009298
v -0.102021 0.015953 -0.009100
v -0.101065 0.017626 -0.008564
v -0.099686 0.018946 -0.007716
v -0.103088 0.008912 -0.009429
v -0.102511 0.024109 -0.011667
v -0.102155 0.021730 -0.010547
v -0.103602 0.018099 -0.011042
v -0.104236 0.013956 -0.011138
v -0.099782 0.024760 -0.009781
v -0.099770 0.027709 -0.011259
v -0.099543 0.031322 -0.013430
v -0.101840 0.028356 -0.013238
v -0.102849 0.026635 -0.013154
v -0.105574 0.016225 -0.012934
v -0.105472 0.017136 -0.012942
v -0.104696 0.021676 -0.013004
v -0.103513 0.025237 -0.013100
v -0.097021 0.034958 -0.017437
v -0.092649 0.041334 -0.031601
v -0.103792 0.034229 -0.041735
v -0.094797 0.042113 -0.049024
v -0.101255 0.034678 -0.031794
v -0.100027 0.034815 -0.027467
v -0.081457 0.049367 -0.055651
v -0.078950 0.048445 -0.035555
v -0.086318 0.047635 -0.054434
v -0.083903 0.046817 -0.034699
v -0.090726 0.045146 -0.052073
v -0.088447 0.044387 -0.033309
v -0.094792 0.042117 -0.049028
v -0.088196 0.014811 0.037117
v -0.088182 0.014932 0.037108
v -0.085814 0.013748 0.039856
v -0.087618 0.018610 0.036618
v -0.086660 0.021918 0.035271
v -0.085282 0.024456 0.032852
v -0.086175 -0.048252 -0.055488
v -0.086784 -0.047888 -0.055399
v -0.086789 -0.047886 -0.055394
v -0.088696 -0.047188 -0.053806
v -0.090932 -0.045960 -0.052068
v -0.079663 -0.050797 -0.055863
v -0.081419 -0.050323 -0.055829
v -0.083446 -0.049600 -0.055742
v -0.086547 -0.000510 0.040327
v -0.083847 -0.000510 0.042709
v -0.083651 -0.007975 0.042584
v -0.106198 -0.009196 -0.012884
v -0.106198 0.008177 -0.012884
v -0.106416 -0.000510 -0.012867
v -0.097082 -0.038498 -0.048613
v -0.103423 -0.032843 -0.043511
v -0.094676 -0.040474 -0.050513
v -0.107264 -0.031555 -0.038899
v -0.111800 -0.016940 -0.033486
v -0.108719 -0.017293 -0.022742
v -0.108342 -0.022588 -0.024332
v -0.111593 -0.022173 -0.035913
v -0.112365 -0.016834 -0.035675
v -0.103744 -0.032023 -0.026014
v -0.106600 -0.027627 -0.024890
v -0.109954 -0.027214 -0.036886
v -0.083609 0.007713 0.042557
v -0.103747 0.031026 -0.026099
v -0.106594 0.026662 -0.024971
v -0.109174 0.016245 -0.024247
v -0.112365 0.015814 -0.035675
v -0.108341 0.021661 -0.024406
v -0.111573 0.021249 -0.035922
v -0.109928 0.026251 -0.036904
v -0.107246 0.030559 -0.038914
v -0.103423 0.031823 -0.043511
v -0.101868 0.033273 -0.044774
v -0.094676 0.039454 -0.050513
v -0.086789 0.046867 -0.055394
v -0.086784 0.046868 -0.055399
v -0.086176 0.047232 -0.055488
v -0.091795 0.044374 -0.051394
v -0.088696 0.046168 -0.053806
v -0.088670 0.046180 -0.053826
v -0.084560 0.048085 -0.055662
v -0.081011 0.049425 -0.055839
v -0.089110 -0.044346 -0.054874
v -0.090942 -0.043268 -0.053437
v -0.091879 -0.042625 -0.052702
v -0.112922 -0.009166 -0.035583
v -0.113128 -0.000510 -0.035549
v -0.112922 0.008146 -0.035583
v -0.111873 -0.016780 -0.036575
v -0.111281 -0.020669 -0.036868
v -0.110441 -0.023616 -0.037479
v -0.109371 -0.025967 -0.038373
v -0.107723 -0.028412 -0.039834
v -0.106357 -0.029958 -0.041049
v -0.105074 -0.031253 -0.042150
v -0.106277 0.029021 -0.041119
v -0.108367 0.026542 -0.039258
v -0.109104 0.025412 -0.038606
v -0.111873 0.015761 -0.036575
v -0.111528 0.018347 -0.036722
v -0.110852 0.021349 -0.037165
v -0.109797 0.024121 -0.038008
v -0.091879 0.041605 -0.052702
v -0.089110 0.043326 -0.054874
v -0.112638 -0.000510 -0.036439
v -0.112314 -0.011297 -0.036494
v -0.112432 0.008119 -0.036474
v -0.042484 0.052616 -0.058398
v -0.044806 0.051549 -0.060883
v -0.042979 0.050075 -0.060682
v -0.041174 0.050888 -0.058752
v -0.040771 0.051034 -0.058320
v -0.041626 0.052961 -0.057478
v -0.038497 0.051488 -0.055878
v -0.040134 0.053522 -0.055876
v -0.039864 0.051296 -0.057346
v -0.040474 0.051131 -0.058001
v -0.046417 0.048312 -0.064499
v -0.047461 0.050230 -0.063703
v -0.048774 0.049553 -0.065101
v -0.044723 0.049192 -0.062569
v -0.050081 0.048849 -0.066525
v -0.049040 0.048258 -0.066525
v -0.048020 0.047495 -0.066525
v -0.043707 0.048977 -0.066525
v -0.043115 0.049187 -0.066525
v -0.042025 0.049733 -0.065354
v -0.045022 0.048509 -0.066525
v -0.035148 0.050996 -0.052315
v -0.036048 0.051224 -0.053265
v -0.034195 0.050655 -0.056986
v -0.034994 0.050859 -0.057823
v -0.036546 0.051126 -0.059467
v -0.038327 0.051494 -0.055695
v -0.037375 0.051153 -0.060360
v -0.039522 0.050790 -0.062666
v -0.039085 0.050913 -0.062198
v -0.037828 0.051128 -0.060848
v -0.040323 0.050507 -0.063525
v 0.043611 0.054041 -0.057973
v 0.045567 0.054812 -0.060169
v 0.048844 0.054771 -0.057841
v 0.051506 0.055060 -0.057764
v -0.024589 0.048159 -0.047175
v -0.024571 0.048244 -0.041657
v -0.027334 0.048870 -0.049919
v -0.027902 0.049107 -0.044939
v -0.007897 0.045838 -0.039280
v -0.010289 0.046003 -0.035240
v -0.010292 0.045940 -0.039262
v -0.012648 0.046155 -0.035346
v -0.012649 0.046088 -0.039488
v -0.014933 0.046370 -0.035695
v -0.014930 0.046298 -0.040076
v -0.017112 0.046652 -0.036342
v -0.017105 0.046574 -0.041042
v -0.019162 0.046995 -0.037302
v -0.019154 0.046911 -0.042332
v -0.021074 0.047385 -0.038554
v -0.021073 0.047299 -0.043853
v 0.011078 0.045861 -0.040121
v 0.018290 0.046271 -0.040568
v 0.020660 0.046531 -0.036720
v 0.011076 0.045924 -0.036114
v 0.000309 0.045739 -0.035574
v 0.000309 0.045676 -0.039578
v 0.033544 0.049878 -0.047172
v 0.035764 0.049893 -0.043731
v 0.032639 0.048717 -0.040773
v 0.030431 0.048602 -0.044264
v 0.030937 0.048192 -0.039522
v 0.028703 0.048016 -0.043079
v 0.029107 0.047732 -0.038499
v 0.026831 0.047496 -0.042142
v 0.027145 0.047341 -0.037730
v 0.024825 0.047062 -0.041459
v 0.025063 0.047017 -0.037211
v 0.022708 0.046719 -0.041008
v 0.041004 0.051921 -0.049213
v 0.039032 0.052190 -0.052961
v 0.042469 0.052470 -0.050785
v 0.046013 0.053767 -0.054664
v -0.040134 -0.054542 -0.055876
v -0.038495 -0.052508 -0.055876
v -0.040771 -0.052054 -0.058320
v -0.042484 -0.053635 -0.058398
v -0.042979 -0.051094 -0.060682
v -0.044806 -0.052568 -0.060883
v -0.049391 -0.049503 -0.066525
v -0.050081 -0.049869 -0.066525
v -0.048782 -0.050569 -0.065109
v -0.046221 -0.049433 -0.064267
v -0.047461 -0.051250 -0.063703
v -0.047748 -0.048650 -0.066160
v -0.048020 -0.048514 -0.066525
v -0.043459 -0.054631 -0.055876
v -0.046784 -0.054523 -0.055876
v -0.057372 -0.051589 -0.061258
v -0.051048 -0.049807 -0.066525
v -0.054844 -0.049528 -0.066525
v -0.055662 -0.049462 -0.066525
v -0.057148 -0.049334 -0.066525
v -0.069818 -0.050208 -0.061258
v -0.064180 -0.048627 -0.066525
v -0.068999 -0.048040 -0.066525
v -0.055474 -0.053956 -0.055876
v -0.076221 -0.051460 -0.055876
v -0.072574 -0.052029 -0.055876
v -0.074892 -0.049466 -0.061259
v -0.073552 -0.047399 -0.066525
v -0.071092 -0.047756 -0.066525
v -0.069347 -0.047994 -0.066525
v -0.064121 -0.053120 -0.055876
v -0.075546 -0.047076 -0.066525
v -0.079708 -0.050786 -0.055862
v -0.077579 -0.046662 -0.066525
v -0.081762 -0.050216 -0.055818
v -0.080655 -0.045744 -0.066525
v -0.082177 -0.050078 -0.055803
v -0.080240 -0.045894 -0.066525
v -0.079747 -0.046061 -0.066526
v -0.081363 -0.045467 -0.066525
v -0.083458 -0.047233 -0.060884
v -0.084361 -0.049199 -0.055678
v -0.084132 -0.047691 -0.059194
v -0.084882 -0.047959 -0.057762
v -0.085315 -0.048021 -0.057100
v -0.085757 -0.048031 -0.056515
v -0.086395 -0.048123 -0.055457
v -0.086784 -0.047888 -0.055397
v -0.084339 -0.044462 -0.061346
v -0.082662 -0.043065 -0.065860
v -0.082415 -0.042846 -0.066525
v -0.084535 -0.044613 -0.060823
v -0.085032 -0.044922 -0.059642
v -0.085251 -0.045018 -0.059200
v -0.085905 -0.045179 -0.058095
v -0.086745 -0.045171 -0.057008
v -0.087062 -0.045120 -0.056662
v -0.087475 -0.045020 -0.056250
v -0.088284 -0.045535 -0.055102
v -0.088040 -0.044831 -0.055740
v -0.089110 -0.044346 -0.054874
v -0.087747 -0.043896 -0.062966
v -0.087845 -0.043945 -0.062702
v -0.085425 -0.043460 -0.064994
v -0.083561 -0.042953 -0.066525
v -0.091414 -0.042987 -0.057937
v -0.090658 -0.043469 -0.058513
v -0.090051 -0.043812 -0.059004
v -0.089683 -0.043986 -0.059346
v -0.089032 -0.044188 -0.060129
v -0.088480 -0.044187 -0.061114
v -0.092759 -0.042055 -0.056857
v -0.089580 -0.044095 -0.054505
v -0.089334 -0.044226 -0.054804
v -0.094444 -0.040753 -0.055496
v -0.094676 -0.040474 -0.050513
v -0.094011 -0.041097 -0.055848
v -0.093001 -0.041793 -0.051824
v -0.091100 -0.043164 -0.053313
v -0.105244 -0.031177 -0.046297
v -0.105357 -0.030973 -0.041912
v -0.104192 -0.032201 -0.047216
v -0.101073 -0.035016 -0.045416
v -0.099286 -0.036700 -0.051457
v -0.097231 -0.038372 -0.048494
v -0.105613 -0.030810 -0.045975
v -0.105827 -0.030505 -0.041509
v -0.107340 -0.028961 -0.044499
v -0.107532 -0.028646 -0.040004
v -0.107980 -0.028172 -0.043976
v -0.108140 -0.027874 -0.039461
v -0.108693 -0.027087 -0.038969
v -0.108512 -0.027446 -0.043555
v -0.109568 -0.025599 -0.038203
v -0.109525 -0.025804 -0.042802
v -0.110220 -0.024186 -0.037657
v -0.110121 -0.024593 -0.042397
v -0.110307 -0.024159 -0.042278
v -0.110319 -0.023938 -0.037577
v -0.110927 -0.022416 -0.041913
v -0.110925 -0.022116 -0.037111
v -0.111209 -0.020993 -0.036915
v -0.111427 -0.020422 -0.041670
v -0.111610 -0.018853 -0.036680
v -0.111775 -0.018312 -0.041547
v -0.111857 -0.017645 -0.041528
v -0.111897 -0.016553 -0.036568
v -0.112030 -0.015952 -0.041492
v -0.112029 -0.015148 -0.036542
v -0.112711 -0.000510 -0.041379
v -0.112394 -0.009896 -0.036481
v -0.112541 -0.008372 -0.041408
v -0.112539 0.007399 -0.041408
v -0.112030 0.014930 -0.041492
v -0.112029 0.014128 -0.036542
v -0.112636 0.000219 -0.036439
v -0.112544 0.005318 -0.036455
v -0.105743 0.029660 -0.045861
v -0.105244 0.030157 -0.046297
v -0.105357 0.029953 -0.041912
v -0.107369 0.027908 -0.044475
v -0.106930 0.028323 -0.040541
v -0.108149 0.026842 -0.039454
v -0.108166 0.026907 -0.043826
v -0.109123 0.025381 -0.038589
v -0.109209 0.025343 -0.043026
v -0.109949 0.023797 -0.037881
v -0.110082 0.023665 -0.042416
v -0.110333 0.022883 -0.037566
v -0.110312 0.023133 -0.042266
v -0.110949 0.021326 -0.041885
v -0.110956 0.020983 -0.037089
v -0.111437 0.018866 -0.036774
v -0.111428 0.019396 -0.041641
v -0.111943 0.015071 -0.036557
v -0.111744 0.017525 -0.041524
v -0.111583 0.018012 -0.036693
v -0.082662 0.042045 -0.065860
v -0.082415 0.041826 -0.066525
v -0.081363 0.044447 -0.066525
v -0.084339 0.043442 -0.061346
v -0.082408 0.045357 -0.063713
v -0.083458 0.046213 -0.060884
v -0.087557 0.045623 -0.055260
v -0.087484 0.043998 -0.056241
v -0.086085 0.044176 -0.057837
v -0.085048 0.043910 -0.059610
v -0.084396 0.046793 -0.058640
v -0.084149 0.046680 -0.059156
v -0.085130 0.046982 -0.057371
v -0.085749 0.047011 -0.056525
v -0.086794 0.046858 -0.055394
v -0.094444 0.039734 -0.055496
v -0.094676 0.039454 -0.050513
v -0.097250 0.037430 -0.053176
v -0.099280 0.035592 -0.046859
v -0.101026 0.034132 -0.049966
v -0.102955 0.032264 -0.043892
v -0.091414 0.041967 -0.057937
v -0.089334 0.043206 -0.054804
v -0.089580 0.043075 -0.054505
v -0.090900 0.042276 -0.053470
v -0.092758 0.041035 -0.056859
v -0.089383 0.043181 -0.054725
v -0.092810 0.040919 -0.051974
v -0.087845 0.042925 -0.062702
v -0.087747 0.042876 -0.062966
v -0.085427 0.042442 -0.064990
v -0.083561 0.041933 -0.066525
v -0.088283 0.043109 -0.061580
v -0.088469 0.043151 -0.061170
v -0.089026 0.043141 -0.060201
v -0.090261 0.042664 -0.058863
v -0.090036 0.042780 -0.059063
v -0.089319 0.043070 -0.059812
v -0.043459 0.053611 -0.055876
v -0.043385 0.053612 -0.055876
v -0.042466 0.052623 -0.058379
v -0.042464 0.052624 -0.058377
v -0.044096 0.052602 -0.058384
v -0.043613 0.052117 -0.059609
v -0.045089 0.053575 -0.055876
v -0.045793 0.052538 -0.058386
v -0.080876 0.049464 -0.055842
v -0.082576 0.048917 -0.055787
v -0.080655 0.044725 -0.066525
v -0.084737 0.048000 -0.055646
v -0.084399 0.048162 -0.055675
v -0.078102 0.045515 -0.066525
v -0.077579 0.045642 -0.066525
v -0.077964 0.050135 -0.055875
v -0.075546 0.046056 -0.066525
v -0.073552 0.046379 -0.066525
v -0.074900 0.048459 -0.061227
v -0.049375 0.049235 -0.065747
v -0.057372 0.050583 -0.061226
v -0.057589 0.052756 -0.055876
v -0.069818 0.049202 -0.061226
v -0.071092 0.046737 -0.066525
v -0.069344 0.046975 -0.066525
v -0.051048 0.048787 -0.066525
v -0.054844 0.048509 -0.066525
v -0.055662 0.048442 -0.066525
v -0.070272 0.051336 -0.055876
v -0.068999 0.047020 -0.066525
v -0.064180 0.047608 -0.066525
v -0.057147 0.048315 -0.066525
v 0.131146 0.029268 -0.063642
v 0.132121 0.028786 -0.063190
v 0.131075 0.031173 -0.063566
v 0.132068 0.030767 -0.063122
v 0.131765 0.032615 -0.062738
v 0.130294 0.035473 -0.060868
v 0.129159 0.035806 -0.061258
v 0.130020 0.034546 -0.062330
v 0.131143 0.034189 -0.061948
v 0.130056 0.034482 -0.062374
v 0.130708 0.032977 -0.063150
v 0.126649 0.036460 -0.062120
v 0.127651 0.035059 -0.063379
v 0.127898 0.034607 -0.063691
v 0.128494 0.032977 -0.064438
v 0.128645 0.032121 -0.064628
v 0.128717 0.030470 -0.064717
v 0.139411 0.027235 -0.056658
v 0.139467 0.026654 -0.057840
v 0.137866 0.023521 -0.060410
v 0.138297 0.024114 -0.060180
v 0.136314 0.024963 -0.061180
v 0.138680 0.024676 -0.059910
v 0.132904 0.028075 -0.062823
v 0.139243 0.025714 -0.059124
v 0.139462 0.026562 -0.057999
v 0.131146 0.004776 -0.063642
v 0.131146 -0.000510 -0.063643
v 0.135826 -0.000510 -0.061419
v 0.131146 0.025225 -0.063643
v 0.131146 0.016840 -0.063642
v 0.131146 0.013158 -0.063643
v 0.143579 -0.000510 -0.057452
v 0.143356 0.017277 -0.057573
v 0.141265 0.020066 -0.058674
v 0.148542 -0.000510 -0.054711
v 0.148175 0.003284 -0.054919
v 0.145395 -0.000510 -0.056469
v 0.147985 0.004525 -0.055027
v 0.147019 0.008706 -0.055571
v 0.145295 0.013520 -0.056525
v 0.145054 0.014076 -0.056657
v 0.126782 0.035848 -0.063611
v 0.123226 0.038689 -0.065253
v 0.123030 0.038427 -0.065633
v 0.126404 0.035131 -0.064807
v 0.125720 0.032576 -0.065783
v 0.125724 0.034196 -0.065595
v 0.122418 0.035141 -0.066418
v 0.122197 0.037361 -0.066335
v 0.121169 0.036078 -0.066502
v 0.126099 0.034688 -0.065248
v 0.122307 0.037499 -0.066288
v 0.123609 0.039283 -0.062757
v 0.123444 0.038993 -0.064527
v 0.126049 0.037090 -0.062301
v 0.128169 0.033505 -0.064397
v 0.122619 0.039777 -0.064056
v 0.122313 0.039364 -0.065235
v 0.122001 0.038954 -0.065789
v 0.121461 0.038250 -0.066263
v 0.120783 0.036356 -0.066515
v 0.119482 0.037267 -0.066525
v 0.120437 0.038636 -0.066406
v 0.120854 0.039233 -0.066163
v 0.121201 0.039731 -0.065757
v 0.121468 0.040113 -0.065192
v 0.121650 0.040374 -0.064491
v 0.121819 0.040616 -0.062842
v 0.126912 -0.000510 -0.065408
v 0.125511 -0.000510 -0.065843
v 0.125433 0.018378 -0.065599
v 0.119482 0.010123 -0.066525
v 0.119482 0.002415 -0.066525
v 0.119482 -0.000510 -0.066525
v 0.120069 -0.000510 -0.066525
v 0.119482 0.006257 -0.066525
v 0.123704 -0.000510 -0.066246
v 0.119482 0.034252 -0.066525
v 0.119482 0.030386 -0.066525
v 0.119482 0.022187 -0.066525
v 0.119482 0.018321 -0.066525
v 0.131146 -0.029924 -0.063643
v 0.131146 -0.026244 -0.063643
v 0.125447 -0.024274 -0.065629
v 0.119482 -0.003430 -0.066525
v 0.119482 -0.007276 -0.066525
v 0.119482 -0.011143 -0.066525
v 0.119482 -0.019340 -0.066525
v 0.119482 -0.023207 -0.066525
v 0.131146 -0.017860 -0.063642
v 0.131146 -0.014178 -0.063643
v 0.131146 -0.005795 -0.063642
v 0.131146 -0.038309 -0.063643
v 0.125497 -0.046385 -0.065847
v 0.131146 -0.041989 -0.063643
v 0.127208 -0.045673 -0.065304
v 0.131146 -0.043735 -0.063642
v 0.119482 -0.043470 -0.066525
v 0.119482 -0.035271 -0.066525
v 0.119482 -0.031406 -0.066525
v 0.119482 -0.048047 -0.066525
v 0.122009 -0.047561 -0.066454
v 0.119482 -0.047335 -0.066525
v 0.123265 -0.047186 -0.066316
v 0.124420 -0.046796 -0.066109
v 0.145900 -0.026394 -0.056192
v 0.146540 -0.023748 -0.055838
v 0.147386 -0.019416 -0.055366
v 0.148278 -0.012605 -0.054860
v 0.148643 -0.006459 -0.054652
v 0.143926 -0.032656 -0.057267
v 0.145325 -0.028493 -0.056507
v 0.137360 -0.039969 -0.060662
v 0.138371 -0.039300 -0.060156
v 0.138954 -0.038900 -0.059861
v 0.140269 -0.037903 -0.059189
v 0.141969 -0.036193 -0.058307
v 0.143371 -0.033923 -0.057565
v 0.133618 -0.042315 -0.062485
v 0.131947 -0.043287 -0.063271
v 0.074106 -0.048193 -0.066525
v 0.074106 -0.048193 -0.063766
v 0.073844 -0.048229 -0.063766
v 0.073844 -0.048229 -0.066525
v 0.073588 -0.048263 -0.063766
v 0.073588 -0.048263 -0.066525
v 0.072417 -0.048347 -0.066525
v 0.072417 -0.048347 -0.063766
v 0.068871 -0.048395 -0.063766
v 0.068871 -0.048395 -0.066525
v 0.065334 -0.048439 -0.063766
v 0.065334 -0.048439 -0.066525
v 0.063963 -0.048361 -0.066525
v 0.063963 -0.048361 -0.063766
v 0.062831 -0.048205 -0.063766
v 0.062831 -0.048205 -0.066525
v 0.061660 -0.048013 -0.063766
v 0.061660 -0.048013 -0.066525
v 0.097176 0.037212 -0.066525
v 0.097176 0.037212 -0.063766
v 0.098580 0.036923 -0.063766
v 0.098580 0.036923 -0.066525
v 0.099967 0.036614 -0.063766
v 0.099967 0.036614 -0.066525
v 0.095188 0.037585 -0.066525
v 0.095188 0.037585 -0.063766
v 0.096186 0.037403 -0.063766
v 0.096186 0.037403 -0.066525
v 0.090847 0.038277 -0.066525
v 0.090847 0.038277 -0.063766
v 0.093029 0.037948 -0.063766
v 0.093029 0.037948 -0.066525
v 0.088751 0.038562 -0.066525
v 0.088751 0.038562 -0.063766
v 0.089801 0.038423 -0.063766
v 0.089801 0.038423 -0.066525
v 0.084220 0.039088 -0.066525
v 0.084220 0.039088 -0.063766
v 0.086492 0.038838 -0.063766
v 0.086492 0.038838 -0.066525
v 0.082050 0.039302 -0.066525
v 0.082050 0.039302 -0.063766
v 0.083136 0.039198 -0.063766
v 0.083136 0.039198 -0.066525
v 0.077386 0.039693 -0.066525
v 0.077386 0.039693 -0.063766
v 0.079722 0.039508 -0.063766
v 0.079722 0.039508 -0.066525
v 0.075163 0.039849 -0.066525
v 0.075163 0.039849 -0.063766
v 0.076275 0.039773 -0.063766
v 0.076275 0.039773 -0.066525
v 0.063279 0.040416 -0.066525
v 0.063279 0.040415 -0.063766
v 0.069240 0.040182 -0.063766
v 0.069240 0.040182 -0.066525
v 0.055021 0.032421 -0.066525
v 0.055021 0.032421 -0.063766
v 0.055655 0.035542 -0.066525
v 0.055655 0.035542 -0.063766
v 0.057456 0.038168 -0.066525
v 0.057456 0.038168 -0.063766
v 0.060139 0.039884 -0.066525
v 0.060139 0.039884 -0.063766
v 0.055021 -0.040129 -0.066525
v 0.055021 -0.040129 -0.063766
v 0.055021 -0.000510 -0.066525
v 0.058259 -0.046558 -0.066525
v 0.058259 -0.046558 -0.063766
v 0.055876 -0.043728 -0.066525
v 0.055876 -0.043728 -0.063766
v 0.108032 -0.042154 -0.066525
v 0.108032 -0.042154 -0.063766
v 0.089083 -0.045731 -0.063766
v 0.089083 -0.045731 -0.066525
v 0.114482 -0.034305 -0.066525
v 0.114482 -0.034305 -0.063766
v 0.113655 -0.037847 -0.066525
v 0.113655 -0.037847 -0.063766
v 0.111346 -0.040657 -0.066525
v 0.111346 -0.040657 -0.063766
v 0.101926 0.036133 -0.063766
v 0.101926 0.036133 -0.066525
v 0.103579 0.035680 -0.063766
v 0.103579 0.035680 -0.066525
v 0.106732 0.034656 -0.063766
v 0.106732 0.034656 -0.066525
v 0.108187 0.034099 -0.063766
v 0.108187 0.034099 -0.066525
v 0.109665 0.033481 -0.063766
v 0.109665 0.033481 -0.066525
v 0.112201 0.031736 -0.066525
v 0.112201 0.031736 -0.063766
v 0.113890 0.029163 -0.066525
v 0.113890 0.029163 -0.063766
v 0.114482 0.026142 -0.066525
v 0.114482 0.026142 -0.063766
v 0.114482 -0.000510 -0.066525
v 0.024268 0.021535 -0.059161
v 0.024993 0.021497 -0.059177
v 0.024993 0.021497 -0.044517
v 0.019079 0.032242 -0.059042
v 0.018930 0.031997 -0.044517
v 0.020362 0.033747 -0.059060
v 0.021493 0.034559 -0.044517
v 0.020651 0.033988 -0.059061
v 0.022713 0.035115 -0.059085
v 0.024654 0.035489 -0.059149
v 0.024993 0.035497 -0.044517
v 0.022359 0.034982 -0.059078
v 0.021493 0.034559 -0.059066
v 0.027652 0.034972 -0.059239
v 0.027308 0.035103 -0.059231
v 0.028493 0.034559 -0.044517
v 0.026983 0.035208 -0.059223
v 0.025028 0.035497 -0.059163
v 0.031055 0.031997 -0.044517
v 0.030075 0.033310 -0.059294
v 0.029646 0.033726 -0.059284
v 0.029357 0.033970 -0.059278
v 0.028493 0.034559 -0.059258
v 0.031382 0.031356 -0.059337
v 0.031219 0.031696 -0.059329
v 0.031055 0.031997 -0.059322
v 0.031927 0.029456 -0.059372
v 0.031993 0.028497 -0.044517
v 0.031968 0.029080 -0.059375
v 0.031055 0.024997 -0.044517
v 0.031006 0.024914 -0.059320
v 0.031768 0.026740 -0.059360
v 0.031854 0.027108 -0.059366
v 0.031993 0.028497 -0.059377
v 0.028493 0.022435 -0.044517
v 0.030075 0.023684 -0.059294
v 0.030808 0.024601 -0.059313
v 0.026245 0.021610 -0.059206
v 0.026614 0.021687 -0.059215
v 0.028454 0.022413 -0.059257
v 0.021493 0.022435 -0.059097
v 0.021667 0.022337 -0.059101
v 0.021493 0.022435 -0.044517
v 0.022004 0.022167 -0.059109
v 0.023894 0.021584 -0.059152
v 0.018704 0.025422 -0.059033
v 0.018931 0.024997 -0.059038
v 0.018930 0.024997 -0.044517
v 0.019815 0.023786 -0.059059
v 0.020077 0.023513 -0.059065
v 0.017993 0.028497 -0.059017
v 0.018007 0.028053 -0.059017
v 0.017993 0.028497 -0.044517
v 0.018041 0.027677 -0.059018
v 0.018548 0.025765 -0.059029
v 0.018930 0.031997 -0.059038
v 0.018253 0.030390 -0.059023
v 0.018161 0.030024 -0.059021
v -0.002607 0.003461 -0.044517
v -0.002607 0.003461 -0.058545
v -0.002851 0.003308 -0.058539
v -0.004071 0.001997 -0.044517
v -0.001629 0.003864 -0.058567
v -0.000607 0.003997 -0.044517
v -0.000607 0.003997 -0.058591
v 0.001393 0.003461 -0.044517
v 0.001011 0.003655 -0.058628
v -0.000291 0.003984 -0.058598
v 0.002942 0.001842 -0.058672
v 0.002857 0.001997 -0.058670
v 0.002857 0.001997 -0.044517
v 0.002131 0.002913 -0.058653
v 0.001393 0.003461 -0.058636
v 0.003352 0.000563 -0.058681
v 0.003393 -0.000003 -0.044517
v 0.003393 -0.000003 -0.058682
v 0.003360 -0.000510 -0.058681
v 0.002857 -0.002003 -0.044517
v 0.002969 -0.001794 -0.058672
v 0.001067 -0.003636 -0.058629
v 0.001393 -0.003467 -0.058636
v 0.001393 -0.003467 -0.044517
v 0.002175 -0.002877 -0.058654
v 0.002857 -0.002003 -0.058670
v -0.000230 -0.003985 -0.058599
v -0.000607 -0.004003 -0.044517
v -0.000607 -0.004003 -0.058591
v -0.002607 -0.003467 -0.044517
v -0.002607 -0.003467 -0.058545
v -0.001570 -0.003885 -0.058569
v -0.004428 -0.001187 -0.058504
v -0.004071 -0.002003 -0.058512
v -0.004071 -0.002003 -0.044517
v -0.003821 -0.002385 -0.058517
v -0.002801 -0.003348 -0.058541
v -0.004575 -0.000510 -0.058502
v -0.004607 -0.000003 -0.044517
v -0.004607 -0.000003 -0.058501
v -0.003821 0.002379 -0.058517
v -0.004022 0.002079 -0.058513
v -0.004519 0.000832 -0.058503
v 0.019213 -0.024554 -0.059045
v 0.018930 -0.025003 -0.059038
v 0.018930 -0.025003 -0.044517
v 0.023248 -0.035282 -0.059137
v 0.024993 -0.035503 -0.059177
v 0.024993 -0.035503 -0.044517
v 0.025214 -0.035499 -0.059183
v 0.025954 -0.035437 -0.059200
v 0.026326 -0.035375 -0.059208
v 0.028195 -0.034727 -0.059251
v 0.028493 -0.034565 -0.044517
v 0.018930 -0.032003 -0.044517
v 0.019622 -0.032992 -0.059054
v 0.021493 -0.034565 -0.044517
v 0.020789 -0.034100 -0.059081
v 0.021102 -0.034322 -0.059088
v 0.021493 -0.034565 -0.059097
v 0.022885 -0.035178 -0.059128
v 0.017993 -0.028503 -0.044517
v 0.018013 -0.029030 -0.059017
v 0.018439 -0.030961 -0.059027
v 0.018581 -0.031311 -0.059030
v 0.018931 -0.032003 -0.059038
v 0.018339 -0.026329 -0.059025
v 0.018232 -0.026690 -0.059022
v 0.017994 -0.028653 -0.059017
v 0.021154 -0.022649 -0.059089
v 0.020845 -0.022864 -0.059082
v 0.021493 -0.022441 -0.044517
v 0.019433 -0.024249 -0.059050
v 0.024993 -0.021503 -0.059177
v 0.023308 -0.021709 -0.059139
v 0.024993 -0.021503 -0.044517
v 0.022945 -0.021809 -0.059130
v 0.021493 -0.022441 -0.059097
v 0.027922 -0.022145 -0.059245
v 0.027575 -0.021997 -0.059237
v 0.028493 -0.022441 -0.044517
v 0.025652 -0.021534 -0.059193
v 0.025276 -0.021509 -0.059184
v 0.030075 -0.023690 -0.059294
v 0.029862 -0.023474 -0.059289
v 0.031055 -0.025003 -0.044517
v 0.029584 -0.023219 -0.059283
v 0.028493 -0.022441 -0.059258
v 0.031382 -0.025644 -0.059337
v 0.031219 -0.025304 -0.059329
v 0.031055 -0.025003 -0.059322
v 0.031927 -0.027543 -0.059372
v 0.031993 -0.028503 -0.044517
v 0.031968 -0.027920 -0.059375
v 0.031055 -0.032003 -0.044517
v 0.031006 -0.032086 -0.059320
v 0.031768 -0.030260 -0.059360
v 0.031854 -0.029892 -0.059366
v 0.031993 -0.028503 -0.059377
v 0.028526 -0.034546 -0.059259
v 0.030075 -0.033316 -0.059294
v 0.030809 -0.032399 -0.059313
v -0.009007 -0.021503 -0.045132
v -0.009013 -0.021503 -0.058828
v -0.010554 -0.021676 -0.045857
v -0.009823 -0.021551 -0.059022
v -0.012507 -0.022441 -0.046985
v -0.010563 -0.021678 -0.059246
v -0.012311 -0.022332 -0.059956
v -0.012592 -0.022491 -0.060094
v -0.015069 -0.025003 -0.048464
v -0.014123 -0.023725 -0.060938
v -0.015963 -0.027715 -0.062085
v -0.016007 -0.028503 -0.062113
v -0.016007 -0.028503 -0.049005
v -0.014451 -0.024102 -0.061137
v -0.015065 -0.024995 -0.061518
v -0.015769 -0.026691 -0.048868
v -0.015423 -0.025702 -0.061743
v -0.015933 -0.027484 -0.062066
v -0.015931 -0.029537 -0.062064
v -0.015423 -0.031304 -0.061743
v -0.015769 -0.030315 -0.048868
v -0.015066 -0.032010 -0.061518
v -0.015069 -0.032003 -0.048464
v -0.014538 -0.032794 -0.061190
v -0.013354 -0.033990 -0.060495
v -0.012661 -0.034473 -0.060125
v -0.012507 -0.034565 -0.046985
v -0.012508 -0.034564 -0.060047
v -0.010784 -0.035274 -0.059264
v -0.010554 -0.035330 -0.045857
v -0.008833 -0.035501 -0.058673
v -0.009007 -0.035503 -0.045132
v -0.008407 -0.035477 -0.058591
v -0.007252 -0.035279 -0.044663
v -0.006618 -0.035083 -0.058430
v -0.005554 -0.034592 -0.044517
v -0.006325 -0.034969 -0.058427
v -0.005507 -0.034565 -0.044517
v -0.002713 -0.025440 -0.058543
v -0.002945 -0.025003 -0.058537
v -0.002945 -0.025003 -0.044517
v -0.003821 -0.023802 -0.058517
v -0.005507 -0.022441 -0.044517
v -0.005371 -0.022522 -0.058495
v -0.005554 -0.022414 -0.044517
v -0.005587 -0.022395 -0.058496
v -0.007248 -0.021728 -0.044662
v -0.007383 -0.021694 -0.058584
v -0.007958 -0.021582 -0.058649
v -0.002007 -0.028503 -0.058559
v -0.002021 -0.028071 -0.058558
v -0.002007 -0.028503 -0.044517
v -0.002054 -0.027696 -0.058558
v -0.002557 -0.025783 -0.058546
v -0.002945 -0.032003 -0.044517
v -0.002271 -0.030407 -0.058553
v -0.002179 -0.030042 -0.058555
v -0.003289 -0.032540 -0.058529
v -0.003281 -0.032529 -0.058530
v -0.003823 -0.033207 -0.058515
v -0.005507 -0.034565 -0.058443
v -0.004648 -0.033980 -0.058481
v -0.004380 -0.033755 -0.058493
v -0.003073 -0.032216 -0.058534
v -0.002945 -0.032003 -0.058537
v -0.002714 0.031562 -0.058542
v -0.002945 0.031997 -0.058534
v -0.002945 0.031997 -0.044517
v -0.005554 0.034586 -0.044517
v -0.005507 0.034559 -0.044517
v -0.005709 0.034671 -0.058255
v -0.005798 0.034718 -0.044520
v -0.007473 0.035327 -0.058225
v -0.008058 0.035432 -0.044682
v -0.006044 0.034839 -0.044529
v -0.011397 0.035076 -0.046344
v -0.009012 0.035497 -0.058476
v -0.012507 0.034559 -0.046985
v -0.009321 0.035490 -0.058561
v -0.010114 0.035409 -0.058831
v -0.010565 0.035322 -0.045812
v -0.009073 0.035497 -0.044983
v -0.008781 0.035493 -0.044874
v -0.011833 0.034901 -0.059630
v -0.012507 0.034559 -0.060000
v -0.015069 0.031997 -0.048464
v -0.012690 0.034450 -0.060103
v -0.014188 0.033205 -0.060978
v -0.015907 0.029677 -0.062049
v -0.016007 0.028497 -0.049005
v -0.015423 0.031298 -0.061743
v -0.015769 0.030309 -0.048868
v -0.015065 0.032005 -0.061518
v -0.014453 0.032896 -0.061138
v -0.015941 0.029456 -0.062071
v -0.016007 0.028497 -0.062113
v -0.015954 0.027636 -0.062079
v -0.015423 0.025696 -0.061743
v -0.015222 0.025276 -0.061617
v -0.015769 0.026685 -0.048868
v -0.015016 0.024907 -0.061487
v -0.015069 0.024997 -0.048464
v -0.013849 0.023441 -0.060777
v -0.013639 0.023249 -0.060656
v -0.012507 0.022435 -0.046985
v -0.012509 0.022436 -0.060052
v -0.011997 0.022167 -0.059810
v -0.010030 0.021572 -0.059080
v -0.009702 0.021532 -0.058989
v -0.010554 0.021670 -0.045857
v -0.009013 0.021497 -0.058827
v -0.009007 0.021497 -0.045132
v -0.007837 0.021596 -0.058633
v -0.007436 0.021676 -0.058589
v -0.007252 0.021721 -0.044663
v -0.005644 0.022358 -0.058497
v -0.005554 0.022408 -0.044517
v -0.005507 0.022435 -0.044517
v -0.003809 0.033185 -0.058469
v -0.004064 0.033453 -0.058441
v -0.005507 0.034559 -0.058273
v -0.002007 0.028497 -0.058559
v -0.002021 0.028929 -0.058558
v -0.002007 0.028497 -0.044517
v -0.002052 0.029288 -0.058558
v -0.002551 0.031202 -0.058546
v -0.002945 0.024997 -0.044517
v -0.002271 0.026592 -0.058553
v -0.002179 0.026957 -0.058555
v -0.003281 0.024471 -0.058530
v -0.003073 0.024784 -0.058534
v -0.002945 0.024997 -0.058537
v -0.005507 0.022435 -0.058496
v -0.005338 0.022536 -0.058495
v -0.003821 0.023796 -0.058517
v -0.068007 -0.028503 -0.063766
v -0.068007 -0.028503 -0.050766
v -0.067069 -0.025003 -0.063766
v -0.067069 -0.025003 -0.050766
v -0.064507 -0.022441 -0.063766
v -0.064507 -0.022441 -0.050766
v -0.061007 -0.021503 -0.063766
v -0.061007 -0.021503 -0.050766
v -0.057507 -0.022441 -0.063766
v -0.057507 -0.022441 -0.050766
v -0.054945 -0.025003 -0.063766
v -0.054945 -0.025003 -0.050766
v -0.054007 -0.028503 -0.063766
v -0.054007 -0.028503 -0.050766
v -0.054945 -0.032003 -0.063766
v -0.054945 -0.032003 -0.050766
v -0.057507 -0.034565 -0.063766
v -0.057507 -0.034565 -0.050766
v -0.061007 -0.035503 -0.063766
v -0.061007 -0.035503 -0.050766
v -0.064507 -0.034565 -0.063766
v -0.064507 -0.034565 -0.050766
v -0.067069 -0.032003 -0.063766
v -0.067069 -0.032003 -0.050766
v -0.068007 0.028497 -0.063766
v -0.068007 0.028497 -0.050766
v -0.067069 0.031997 -0.063766
v -0.067069 0.031997 -0.050766
v -0.064507 0.034559 -0.063766
v -0.064507 0.034559 -0.050766
v -0.061007 0.035497 -0.063766
v -0.061007 0.035497 -0.050766
v -0.057507 0.034559 -0.063766
v -0.057507 0.034559 -0.050766
v -0.054945 0.031997 -0.063766
v -0.054945 0.031997 -0.050766
v -0.054007 0.028497 -0.063766
v -0.054007 0.028497 -0.050766
v -0.054945 0.024997 -0.063766
v -0.054945 0.024997 -0.050766
v -0.057507 0.022435 -0.063766
v -0.057507 0.022435 -0.050766
v -0.061007 0.021497 -0.063766
v -0.061007 0.021497 -0.050766
v -0.064507 0.022435 -0.063766
v -0.064507 0.022435 -0.050766
v -0.067069 0.024997 -0.063766
v -0.067069 0.024997 -0.050766
v -0.079757 0.028750 -0.066525
v -0.079757 0.028750 -0.063766
v -0.079397 0.030866 -0.063766
v -0.079397 0.030866 -0.066525
v -0.079048 0.032579 -0.063766
v -0.079048 0.032579 -0.066525
v -0.081940 0.002269 -0.063766
v -0.081940 0.002269 -0.066525
v -0.081958 -0.000510 -0.063766
v -0.081958 -0.000510 -0.066525
v -0.081883 0.005044 -0.063766
v -0.081883 0.005044 -0.066525
v -0.081790 0.007808 -0.063766
v -0.081790 0.007808 -0.066525
v -0.081693 0.009904 -0.063766
v -0.081693 0.009904 -0.066525
v -0.081575 0.011990 -0.063766
v -0.081575 0.011990 -0.066525
v -0.080322 0.024906 -0.066525
v -0.080322 0.024906 -0.063766
v -0.080049 0.026844 -0.063766
v -0.080049 0.026844 -0.066525
v -0.080771 0.021265 -0.066525
v -0.080771 0.021265 -0.063766
v -0.080555 0.023095 -0.063766
v -0.080555 0.023095 -0.066525
v -0.081227 0.016680 -0.063766
v -0.081227 0.016680 -0.066525
v -0.081940 -0.003289 -0.066525
v -0.081940 -0.003289 -0.063766
v -0.081790 -0.008828 -0.066525
v -0.081790 -0.008828 -0.063766
v -0.081883 -0.006064 -0.063766
v -0.081883 -0.006064 -0.066525
v -0.081575 -0.013010 -0.066525
v -0.081575 -0.013010 -0.063766
v -0.081693 -0.010923 -0.063766
v -0.081693 -0.010923 -0.066525
v -0.080771 -0.022285 -0.066525
v -0.080771 -0.022285 -0.063766
v -0.081227 -0.017699 -0.063766
v -0.081227 -0.017699 -0.066525
v -0.080322 -0.025925 -0.066525
v -0.080322 -0.025925 -0.063766
v -0.080555 -0.024114 -0.063766
v -0.080555 -0.024114 -0.066525
v -0.079757 -0.029769 -0.066525
v -0.079757 -0.029769 -0.063766
v -0.080049 -0.027863 -0.063766
v -0.080049 -0.027863 -0.066525
v -0.079034 -0.033661 -0.066525
v -0.079034 -0.033661 -0.063766
v -0.079217 -0.032811 -0.063766
v -0.079217 -0.032811 -0.066525
v -0.079391 -0.031921 -0.063766
v -0.079391 -0.031921 -0.066525
v -0.078900 0.033195 -0.063766
v -0.078758 0.033684 -0.063766
v -0.078773 0.033689 -0.066525
v -0.078900 0.033195 -0.066525
v -0.077416 0.036435 -0.066525
v -0.077416 0.036435 -0.063766
v -0.075127 0.038471 -0.066525
v -0.075127 0.038471 -0.063766
v -0.072241 0.039497 -0.066525
v -0.072239 0.039487 -0.063766
v -0.071193 0.039652 -0.066525
v -0.071193 0.039652 -0.063766
v -0.070122 0.039804 -0.063766
v -0.070122 0.039804 -0.066525
v -0.069114 0.039943 -0.063766
v -0.069114 0.039943 -0.066525
v -0.068089 0.040080 -0.063766
v -0.068089 0.040080 -0.066525
v -0.065773 0.040373 -0.063766
v -0.065773 0.040373 -0.066525
v -0.063395 0.040652 -0.063766
v -0.063395 0.040652 -0.066525
v -0.059281 0.041086 -0.063766
v -0.059281 0.041086 -0.066525
v -0.055083 0.041466 -0.063766
v -0.055083 0.041466 -0.066525
v -0.054285 0.041531 -0.066525
v -0.054285 0.041531 -0.063766
v -0.052434 0.041673 -0.063766
v -0.052434 0.041673 -0.066525
v -0.050585 0.041802 -0.063766
v -0.050585 0.041802 -0.066525
v -0.039021 0.042309 -0.066525
v -0.039021 0.042309 -0.063766
v -0.035907 0.041749 -0.066525
v -0.035907 0.041749 -0.063766
v -0.033254 0.040027 -0.066525
v -0.033254 0.040027 -0.063766
v -0.031476 0.037411 -0.066525
v -0.031476 0.037411 -0.063766
v -0.030851 0.034310 -0.066525
v -0.030851 0.034310 -0.063766
v -0.030851 -0.000510 -0.066525
v -0.030851 -0.035330 -0.063766
v -0.030851 -0.035330 -0.066525
v -0.031476 -0.038431 -0.066525
v -0.031476 -0.038431 -0.063766
v -0.033254 -0.041047 -0.066525
v -0.033254 -0.041047 -0.063766
v -0.035907 -0.042769 -0.066525
v -0.035907 -0.042769 -0.063766
v -0.039021 -0.043328 -0.066525
v -0.039021 -0.043328 -0.063766
v -0.050585 -0.042822 -0.066525
v -0.050585 -0.042822 -0.063766
v -0.052434 -0.042693 -0.063766
v -0.052434 -0.042693 -0.066525
v -0.054285 -0.042551 -0.063766
v -0.054285 -0.042551 -0.066525
v -0.055083 -0.042486 -0.066525
v -0.055083 -0.042486 -0.063766
v -0.059281 -0.042105 -0.063766
v -0.059281 -0.042105 -0.066525
v -0.063395 -0.041671 -0.063766
v -0.063395 -0.041671 -0.066525
v -0.078902 -0.034212 -0.066525
v -0.078772 -0.034710 -0.066525
v -0.078758 -0.034706 -0.063766
v -0.078902 -0.034212 -0.063766
v -0.072240 -0.040517 -0.066525
v -0.072239 -0.040507 -0.063766
v -0.075126 -0.039491 -0.066525
v -0.075126 -0.039491 -0.063766
v -0.077415 -0.037456 -0.066525
v -0.077415 -0.037456 -0.063766
v -0.071192 -0.040672 -0.063766
v -0.071192 -0.040672 -0.066525
v -0.070122 -0.040824 -0.066525
v -0.070122 -0.040824 -0.063766
v -0.068089 -0.041099 -0.066525
v -0.068089 -0.041099 -0.063766
v -0.069114 -0.040963 -0.063766
v -0.069114 -0.040963 -0.066525
v -0.065773 -0.041392 -0.063766
v -0.065773 -0.041392 -0.066525
v -0.003783 0.034309 -0.058334
v -0.006663 0.037123 -0.057309
v -0.009542 0.037600 -0.057664
v -0.012241 0.038353 -0.058551
v -0.012330 0.035740 -0.059750
v -0.014804 0.036616 -0.061138
v -0.015423 0.033653 -0.061743
v -0.003930 0.039007 -0.055235
v -0.004562 0.040416 -0.052450
v -0.007733 0.040549 -0.052462
v -0.003722 0.036997 -0.057309
v -0.006970 0.039135 -0.055229
v -0.008805 0.040655 -0.052551
v -0.009953 0.039581 -0.055588
v -0.013767 0.041680 -0.053907
v -0.012760 0.040304 -0.056497
v -0.012840 0.041424 -0.053522
v -0.010844 0.040970 -0.052904
v -0.014720 0.039202 -0.059889
v -0.015338 0.041154 -0.057867
v -0.016462 0.042541 -0.055345
v -0.027792 0.045466 -0.066525
v -0.025473 0.043519 -0.066525
v -0.024773 0.042738 -0.066525
v -0.023004 0.038965 -0.066525
v -0.023678 0.041050 -0.066525
v -0.022851 0.026151 -0.066525
v -0.022851 0.032310 -0.066525
v -0.022851 0.036449 -0.066525
v -0.084001 0.041367 -0.066525
v -0.086832 0.034427 -0.066525
v -0.085987 0.037427 -0.066525
v -0.085387 0.038947 -0.066525
v -0.037643 0.049158 -0.066525
v -0.040959 0.049244 -0.066525
v -0.028885 0.046194 -0.066525
v -0.030864 0.047293 -0.066525
v -0.080655 0.044725 -0.066525
v -0.048020 0.047495 -0.066525
v -0.043118 0.049180 -0.066525
v -0.041352 0.049236 -0.066525
v -0.033907 0.048470 -0.066525
v -0.034995 0.048751 -0.066525
v -0.037262 0.049122 -0.066525
v -0.048399 0.047794 -0.066525
v -0.051048 0.048787 -0.066525
v -0.089958 -0.000510 -0.066525
v -0.089954 0.000934 -0.066525
v -0.022851 -0.000510 -0.066525
v -0.022851 0.009925 -0.066525
v -0.022851 0.016774 -0.066525
v -0.022851 0.023551 -0.066525
v -0.087657 0.030011 -0.066525
v -0.087965 0.028003 -0.066525
v -0.088250 0.025972 -0.066525
v -0.088495 0.024074 -0.066525
v -0.088721 0.022160 -0.066525
v -0.089198 0.017359 -0.066525
v -0.089560 0.012484 -0.066525
v -0.089683 0.010313 -0.066525
v -0.089783 0.008134 -0.066525
v -0.089880 0.005259 -0.066525
v -0.089939 0.002377 -0.066525
v -0.052946 0.048654 -0.066525
v -0.054844 0.048509 -0.066525
v -0.059965 0.048052 -0.066525
v -0.070054 0.046880 -0.066525
v -0.089975 0.041779 -0.061392
v -0.087796 0.042901 -0.062834
v -0.094301 0.038918 -0.057641
v -0.105459 0.029516 -0.046993
v -0.099032 0.035901 -0.051672
v -0.111558 0.018714 -0.041587
v -0.111424 0.019386 -0.041714
v -0.108070 0.026776 -0.044470
v -0.108760 0.026061 -0.043362
v -0.110144 0.023422 -0.042630
v -0.110670 0.022190 -0.042045
v -0.091168 0.034609 -0.062117
v -0.086792 0.037461 -0.065801
v -0.084183 0.042116 -0.066023
v -0.093615 0.031451 -0.060129
v -0.112541 0.007353 -0.041408
v -0.101551 0.018253 -0.053354
v -0.098524 -0.000510 -0.057631
v -0.095879 0.010345 -0.060164
v -0.106574 -0.000510 -0.048662
v -0.101263 -0.000510 -0.054641
v -0.102183 0.008882 -0.053385
v -0.112471 -0.000510 -0.041675
v -0.106731 0.022569 -0.046843
v -0.100489 0.027116 -0.053302
v -0.095034 0.021184 -0.060151
v -0.105244 -0.031176 -0.046297
v -0.103550 -0.032815 -0.047775
v -0.105460 -0.030534 -0.046992
v -0.102488 -0.033812 -0.048700
v -0.094302 -0.039938 -0.057641
v -0.099690 -0.036345 -0.051112
v -0.089975 -0.042799 -0.061392
v -0.091085 -0.043201 -0.058188
v -0.089597 -0.044022 -0.059435
v -0.088685 -0.044212 -0.060703
v -0.084001 -0.042387 -0.066525
v -0.084183 -0.043136 -0.066022
v -0.083561 -0.042953 -0.066525
v -0.087657 -0.031031 -0.066525
v -0.091168 -0.035628 -0.062117
v -0.086832 -0.035447 -0.066525
v -0.086792 -0.038481 -0.065801
v -0.085987 -0.038446 -0.066525
v -0.084598 -0.041485 -0.066525
v -0.094580 -0.019589 -0.060632
v -0.100311 -0.020001 -0.054157
v -0.099340 -0.030241 -0.053947
v -0.111269 -0.021100 -0.041804
v -0.112618 -0.006342 -0.041395
v -0.112030 -0.015954 -0.041492
v -0.111855 -0.017645 -0.041528
v -0.089560 -0.013504 -0.066525
v -0.089783 -0.009153 -0.066525
v -0.089939 -0.003397 -0.066525
v -0.088250 -0.026992 -0.066525
v -0.088721 -0.023179 -0.066525
v -0.110407 -0.023826 -0.042420
v -0.109273 -0.026086 -0.043373
v -0.107766 -0.028164 -0.044757
v -0.025480 -0.044548 -0.066525
v -0.023903 -0.042496 -0.066525
v -0.080655 -0.045744 -0.066525
v -0.033709 -0.049432 -0.066525
v -0.030862 -0.048314 -0.066526
v -0.028882 -0.047216 -0.066525
v -0.025980 -0.045033 -0.066525
v -0.022851 -0.037469 -0.066525
v -0.022853 -0.038020 -0.066525
v -0.023108 -0.040489 -0.066525
v -0.041352 -0.050256 -0.066525
v -0.037316 -0.050147 -0.066525
v -0.034994 -0.049770 -0.066525
v -0.033876 -0.049481 -0.066525
v -0.048020 -0.048514 -0.066525
v -0.043115 -0.050206 -0.066525
v -0.052946 -0.049674 -0.066525
v -0.059965 -0.049072 -0.066525
v -0.077579 -0.046662 -0.066525
v -0.073552 -0.047399 -0.066525
v -0.070054 -0.047899 -0.066525
v 0.047036 -0.053510 -0.066277
v 0.046459 -0.054194 -0.065655
v 0.048327 -0.055499 -0.065663
v 0.050324 -0.056765 -0.065659
v 0.050749 -0.056237 -0.066141
v 0.049411 -0.056025 -0.065756
v 0.047819 -0.056566 -0.062826
v 0.049476 -0.057002 -0.064701
v 0.048367 -0.056392 -0.064454
v 0.047431 -0.055844 -0.064329
v 0.046026 -0.054593 -0.064783
v 0.045682 -0.054805 -0.063850
v 0.047406 -0.056314 -0.062787
v 0.046568 -0.055783 -0.062758
v 0.045364 -0.054935 -0.062861
v 0.048925 -0.056301 -0.065177
v 0.049586 -0.052912 -0.066525
v 0.048584 -0.052321 -0.066525
v 0.048380 -0.052159 -0.066525
v 0.048191 -0.051982 -0.066525
v 0.050970 -0.055355 -0.066430
v 0.048978 -0.054442 -0.066388
v 0.048698 -0.055067 -0.066112
v 0.050671 -0.053452 -0.066525
v 0.050206 -0.057988 -0.059674
v 0.051419 -0.058321 -0.059674
v 0.050206 -0.057763 -0.062801
v 0.053264 -0.058828 -0.059674
v 0.053258 -0.058635 -0.062797
v 0.047621 -0.051172 -0.066525
v 0.045228 -0.052505 -0.065838
v 0.044796 -0.051448 -0.065960
v 0.043771 -0.051886 -0.065038
v 0.045053 -0.053899 -0.064538
v 0.043550 -0.053176 -0.063456
v 0.047270 -0.050140 -0.066525
v 0.045767 -0.049745 -0.066456
v 0.046266 -0.051746 -0.066414
v 0.045726 -0.052163 -0.066194
v 0.045788 -0.053425 -0.065727
v 0.041836 -0.045659 -0.064688
v 0.042090 -0.049836 -0.064424
v 0.043011 -0.048120 -0.065519
v 0.043523 -0.045659 -0.065867
v 0.044248 -0.047882 -0.066168
v 0.044228 -0.045659 -0.066174
v 0.042374 -0.050949 -0.064188
v 0.043365 -0.050689 -0.065269
v 0.044498 -0.050289 -0.066065
v 0.047113 -0.049146 -0.066525
v 0.047043 -0.048100 -0.066525
v 0.047022 -0.046845 -0.066525
v 0.047021 -0.045659 -0.066525
v 0.045591 -0.045659 -0.066473
v 0.044341 -0.052962 -0.064776
v 0.042725 -0.051835 -0.063934
v 0.045890 -0.055834 -0.060647
v 0.045024 -0.055503 -0.059675
v 0.050437 -0.057235 -0.065172
v 0.050360 -0.057413 -0.064783
v 0.050314 -0.057518 -0.064463
v 0.050622 -0.056814 -0.065744
v 0.050864 -0.056260 -0.066156
v 0.051156 -0.055593 -0.066403
v 0.051828 -0.054056 -0.066525
v 0.052738 -0.054363 -0.066525
v 0.053958 -0.054656 -0.066525
v 0.053739 -0.056296 -0.066409
v 0.054070 -0.054680 -0.066525
v 0.053702 -0.056473 -0.066367
v 0.053483 -0.057538 -0.065827
v 0.053374 -0.058072 -0.065183
v 0.053340 -0.058238 -0.064854
v 0.053333 -0.058267 -0.064783
v 0.053310 -0.058379 -0.064462
v 0.053295 -0.058455 -0.064178
v 0.063694 -0.060464 -0.062800
v 0.063581 -0.060451 -0.062800
v 0.063553 -0.060823 -0.055626
v 0.065117 -0.060601 -0.062815
v 0.066125 -0.061210 -0.054692
v 0.068623 -0.060732 -0.062851
v 0.068735 -0.061417 -0.054040
v 0.074144 -0.061046 -0.053773
v 0.074100 -0.060358 -0.062844
v 0.058352 -0.058847 -0.065494
v 0.059157 -0.056628 -0.066505
v 0.059480 -0.055753 -0.066525
v 0.054725 -0.054814 -0.066525
v 0.058667 -0.057965 -0.066197
v 0.058590 -0.058178 -0.066085
v 0.058160 -0.059422 -0.064178
v 0.063343 -0.060239 -0.064178
v 0.063601 -0.060268 -0.064178
v 0.063626 -0.060042 -0.064867
v 0.063710 -0.059313 -0.065848
v 0.063697 -0.059341 -0.065825
v 0.063695 -0.059430 -0.065746
v 0.063524 -0.059794 -0.065300
v 0.063417 -0.060063 -0.064765
v 0.063711 -0.059306 -0.065854
v 0.063750 -0.058961 -0.066088
v 0.063884 -0.057788 -0.066460
v 0.064040 -0.056435 -0.066525
v 0.073822 -0.057889 -0.066420
v 0.073643 -0.056298 -0.066525
v 0.072887 -0.056375 -0.066525
v 0.121901 -0.051245 -0.064739
v 0.119220 -0.051831 -0.064824
v 0.121163 -0.051670 -0.063897
v 0.118822 -0.052270 -0.063278
v 0.120175 -0.052026 -0.062787
v 0.118649 -0.052346 -0.062782
v 0.122099 -0.051085 -0.064966
v 0.122552 -0.050585 -0.065489
v 0.119382 -0.051061 -0.065820
v 0.122976 -0.049754 -0.065979
v 0.119424 -0.050522 -0.066155
v 0.123102 -0.049329 -0.066120
v 0.119448 -0.049990 -0.066350
v 0.122252 -0.047954 -0.066431
v 0.115754 -0.052905 -0.062745
v 0.115778 -0.053067 -0.058091
v 0.106839 -0.054978 -0.054410
v 0.109526 -0.054299 -0.054529
v 0.106821 -0.054738 -0.062748
v 0.111281 -0.053789 -0.062716
v 0.111790 -0.053780 -0.055027
v 0.113791 -0.053406 -0.056212
v 0.113693 -0.053298 -0.062721
v 0.115700 -0.052614 -0.064660
v 0.106648 -0.050694 -0.066525
v 0.105992 -0.050827 -0.066525
v 0.106337 -0.052457 -0.066407
v 0.108767 -0.050258 -0.066525
v 0.110506 -0.049898 -0.066525
v 0.110834 -0.051543 -0.066405
v 0.111020 -0.052477 -0.066037
v 0.106491 -0.053181 -0.066160
v 0.111146 -0.053111 -0.065455
v 0.106617 -0.053778 -0.065744
v 0.111228 -0.053525 -0.064644
v 0.106712 -0.054225 -0.065163
v 0.106774 -0.054516 -0.064442
v 0.115022 -0.048978 -0.066525
v 0.115328 -0.050618 -0.066406
v 0.115502 -0.051553 -0.066042
v 0.115622 -0.052191 -0.065464
v 0.115385 -0.048905 -0.066525
v 0.123846 0.039504 -0.058593
v 0.117479 0.043209 -0.062865
v 0.114994 0.044395 -0.062897
v 0.114855 0.044087 -0.064535
v 0.117176 0.038720 -0.066525
v 0.115376 0.039670 -0.066525
v 0.121752 0.040663 -0.062842
v 0.119731 0.041966 -0.062849
v 0.113286 0.040632 -0.066525
v 0.113959 0.042115 -0.066414
v 0.114262 0.042783 -0.066180
v 0.114518 0.043346 -0.065784
v 0.114716 0.043782 -0.065228
v 0.122309 0.040852 -0.056785
v 0.120679 0.042073 -0.055415
v 0.120403 0.042262 -0.055246
v 0.118550 0.043441 -0.054492
v 0.118095 0.043710 -0.054388
v 0.115448 0.045172 -0.054127
v 0.109613 0.047924 -0.053908
v 0.108972 0.046790 -0.062979
v 0.103150 0.049934 -0.053731
v 0.102728 0.048531 -0.063013
v 0.111397 0.041431 -0.066525
v 0.109468 0.042174 -0.066525
v 0.102157 0.046062 -0.066399
v 0.101774 0.044407 -0.066525
v 0.107750 0.042766 -0.066525
v 0.108143 0.044333 -0.066418
v 0.108377 0.045025 -0.066190
v 0.102429 0.047236 -0.065856
v 0.108577 0.045614 -0.065805
v 0.108734 0.046079 -0.065263
v 0.102618 0.048056 -0.064765
v 0.108847 0.046415 -0.064585
v 0.095951 0.051295 -0.053604
v 0.087798 0.050976 -0.062983
v 0.072874 0.053451 -0.053646
v 0.072713 0.052212 -0.062965
v 0.085816 0.052522 -0.053541
v 0.088776 0.052222 -0.053547
v 0.070801 0.048115 -0.066525
v 0.072481 0.048026 -0.066525
v 0.071074 0.048558 -0.066523
v 0.072570 0.049638 -0.066417
v 0.072032 0.050109 -0.066301
v 0.072611 0.050368 -0.066188
v 0.072412 0.050723 -0.066004
v 0.072645 0.050988 -0.065801
v 0.072652 0.051111 -0.065690
v 0.072692 0.051830 -0.064568
v 0.087741 0.050582 -0.064588
v 0.098730 0.045059 -0.066525
v 0.089775 0.046496 -0.066525
v 0.091978 0.046197 -0.066525
v 0.087430 0.048405 -0.066418
v 0.096590 0.045461 -0.066525
v 0.077979 0.047671 -0.066525
v 0.082796 0.047267 -0.066525
v 0.075690 0.047831 -0.066525
v 0.085047 0.047045 -0.066525
v 0.087203 0.046809 -0.066525
v 0.072687 0.051748 -0.064764
v 0.087690 0.050230 -0.065264
v 0.087621 0.049743 -0.065806
v 0.087533 0.049128 -0.066190
v 0.072672 0.051476 -0.065257
v 0.047354 0.053581 -0.061781
v 0.050515 0.052977 -0.063209
v 0.050100 0.053695 -0.060664
v 0.055750 0.052866 -0.063082
v 0.054089 0.053793 -0.059045
v 0.060984 0.052715 -0.063009
v 0.061070 0.053777 -0.056248
v 0.066835 0.053664 -0.054289
v 0.068468 0.053627 -0.053965
v 0.064814 0.053700 -0.054859
v 0.065744 0.052537 -0.062972
v 0.066706 0.052498 -0.062969
v 0.061801 0.048464 -0.066525
v 0.067377 0.048272 -0.066525
v 0.066732 0.049940 -0.066411
v 0.068481 0.048225 -0.066525
v 0.060908 0.050638 -0.066267
v 0.060830 0.048489 -0.066525
v 0.066832 0.052107 -0.064570
v 0.066766 0.050663 -0.066179
v 0.060938 0.051456 -0.065800
v 0.066794 0.051276 -0.065791
v 0.060947 0.051688 -0.065581
v 0.066816 0.051759 -0.065247
v 0.060969 0.052302 -0.064594
v 0.060974 0.052450 -0.064178
v 0.045823 0.053475 -0.062403
v 0.047400 0.053079 -0.063284
v 0.045847 0.053136 -0.063220
v 0.044630 0.053281 -0.062889
v 0.044316 0.053200 -0.063015
v 0.045548 0.052603 -0.064108
v 0.046991 0.052095 -0.065088
v 0.043674 0.051551 -0.064465
v 0.044864 0.051849 -0.064783
v 0.045291 0.051924 -0.064866
v 0.043965 0.052451 -0.063809
v 0.050502 0.052402 -0.064783
v 0.050495 0.052114 -0.065244
v 0.055735 0.052406 -0.064638
v 0.055708 0.051533 -0.065819
v 0.050478 0.051466 -0.065891
v 0.050456 0.050624 -0.066310
v 0.055667 0.050196 -0.066416
v 0.054597 0.048588 -0.066525
v 0.052500 0.048596 -0.066525
v 0.050402 0.048590 -0.066525
v 0.055684 0.048579 -0.066525
v 0.056771 0.048566 -0.066525
v 0.058800 0.048533 -0.066525
v 0.049652 0.048560 -0.066525
v 0.044740 0.050927 -0.065425
v 0.047896 0.047784 -0.066525
v 0.049064 0.048449 -0.066525
v 0.048062 0.050598 -0.066251
v 0.047545 0.051445 -0.065775
v 0.045842 0.050060 -0.066134
v 0.043571 0.051124 -0.064697
v 0.043212 0.048351 -0.065495
v 0.044146 0.048264 -0.065999
v 0.047157 0.046547 -0.066525
v 0.047821 0.047709 -0.066525
v 0.047858 0.047747 -0.066525
v 0.043142 0.045206 -0.065651
v 0.043638 0.045334 -0.065925
v 0.043188 0.047899 -0.065548
v 0.045123 0.047773 -0.066347
v 0.047021 0.045201 -0.066525
v 0.044153 0.045417 -0.066147
v 0.045550 0.045421 -0.066469
v 0.025168 -0.045106 -0.052570
v 0.026436 -0.045739 -0.052505
v 0.026802 -0.044823 -0.055569
v 0.023075 -0.038039 -0.058942
v 0.017310 -0.033543 -0.059001
v 0.017013 -0.036623 -0.058810
v 0.022371 -0.040633 -0.057858
v 0.016775 -0.039299 -0.057779
v 0.021909 -0.042487 -0.055686
v 0.016627 -0.041297 -0.055707
v 0.021656 -0.043691 -0.052785
v 0.030075 -0.037887 -0.059294
v 0.028676 -0.040781 -0.059056
v 0.027529 -0.043203 -0.057883
v 0.016554 -0.042690 -0.052937
v 0.030127 -0.046875 -0.055412
v 0.030238 -0.047906 -0.052334
v 0.033985 -0.050095 -0.052866
v 0.035367 -0.041952 -0.060133
v 0.032826 -0.039833 -0.059468
v 0.034129 -0.044766 -0.059479
v 0.031444 -0.042742 -0.059095
v 0.033686 -0.046040 -0.058896
v 0.030893 -0.044046 -0.058596
v 0.033420 -0.047168 -0.058072
v 0.030484 -0.045186 -0.057807
v 0.033437 -0.048914 -0.055747
v 0.029074 -0.049599 -0.043255
v 0.032641 -0.050690 -0.046239
v 0.035768 -0.051884 -0.049521
v 0.025015 -0.048755 -0.041347
v 0.020619 -0.048188 -0.040696
v 0.039550 -0.044638 -0.062835
v 0.038879 -0.047514 -0.062070
v 0.038795 -0.050057 -0.060765
v 0.039484 -0.052040 -0.058816
v 0.040732 -0.053521 -0.056455
v 0.037483 -0.051968 -0.054271
v 0.040418 -0.053718 -0.054570
v 0.036558 -0.046327 -0.060470
v 0.037471 -0.043499 -0.061259
v 0.036570 -0.050638 -0.056898
v 0.036193 -0.048783 -0.059059
v 0.039550 -0.000510 -0.062835
v 0.037404 -0.000510 -0.061214
v 0.035106 -0.000510 -0.060032
v 0.032639 -0.000510 -0.059444
v 0.030075 -0.000510 -0.059294
v -0.017365 0.037878 -0.062690
v -0.018055 0.034634 -0.063417
v -0.017214 0.034314 -0.062880
v -0.017004 0.041630 -0.059189
v -0.016478 0.039851 -0.060992
v -0.016534 0.037562 -0.062162
v -0.018225 0.043168 -0.056429
v -0.019052 0.043471 -0.056943
v -0.017828 0.041939 -0.059706
v -0.017304 0.040164 -0.061513
v -0.019018 0.034999 -0.064035
v -0.018316 0.038240 -0.063298
v -0.018249 0.040521 -0.062113
v -0.018772 0.042293 -0.060301
v -0.019998 0.043818 -0.057534
v 0.014207 0.040876 -0.052882
v 0.004884 0.040445 -0.052668
v 0.014231 0.039807 -0.055117
v 0.005215 0.039055 -0.055445
v 0.014242 0.039480 -0.055652
v 0.014284 0.038467 -0.056912
v 0.005366 0.037052 -0.057517
v 0.014368 0.036873 -0.058076
v 0.005418 0.034364 -0.058544
v 0.014498 0.034796 -0.058752
v 0.005505 0.031271 -0.058731
v 0.014710 0.031709 -0.058941
v 0.030075 0.036668 -0.059294
v 0.033631 0.039421 -0.059608
v 0.032096 0.042204 -0.059135
v 0.028801 0.039130 -0.059133
v 0.031485 0.043444 -0.058601
v 0.027589 0.041512 -0.058195
v 0.031035 0.044520 -0.057782
v 0.027379 0.041935 -0.057855
v 0.030762 0.045408 -0.056684
v 0.026781 0.043169 -0.056201
v 0.030658 0.046104 -0.055350
v 0.026637 0.043482 -0.055498
v 0.030804 0.047069 -0.052265
v 0.026291 0.044308 -0.052379
v 0.030430 0.048603 -0.044264
v 0.026830 0.047498 -0.042142
v 0.022422 0.042489 -0.052644
v 0.022708 0.046719 -0.041008
v 0.020467 0.041845 -0.052771
v 0.005748 0.045711 -0.039832
v -0.030146 0.047501 -0.064042
v -0.038104 0.051099 -0.061145
v -0.041881 0.049805 -0.065199
v -0.039336 0.050845 -0.062467
v -0.035137 0.050892 -0.057972
v -0.037289 0.051155 -0.060268
v -0.027431 0.045625 -0.065611
v -0.027606 0.045770 -0.065517
v -0.028930 0.046738 -0.064766
v -0.022743 0.036405 -0.066454
v -0.021465 0.035926 -0.065620
v -0.020387 0.035518 -0.064919
v -0.020149 0.035428 -0.064766
v -0.009883 -0.000510 -0.059038
v -0.006895 -0.000510 -0.058544
v -0.015423 -0.000510 -0.061743
v -0.012722 -0.000510 -0.060159
v -0.024589 -0.049179 -0.047175
v -0.019998 -0.044838 -0.057534
v -0.034195 -0.051674 -0.056986
v -0.030142 -0.048517 -0.064049
v -0.042020 -0.050755 -0.065349
v -0.038420 -0.052073 -0.061485
v -0.038101 -0.052119 -0.061142
v -0.040533 -0.051442 -0.063751
v -0.036369 -0.052128 -0.059278
v -0.027432 -0.046645 -0.065615
v -0.028570 -0.047512 -0.064980
v -0.028938 -0.047762 -0.064766
v -0.018862 -0.043475 -0.060069
v -0.018248 -0.041541 -0.062113
v -0.018358 -0.038970 -0.063394
v -0.019017 -0.036019 -0.064034
v -0.004582 -0.041724 -0.052453
v -0.007933 -0.047104 -0.039235
v -0.003717 -0.041726 -0.052471
v 0.004640 -0.047175 -0.039729
v 0.006430 -0.041970 -0.052706
v 0.012641 -0.047531 -0.040168
v 0.007022 -0.032804 -0.058765
v 0.006604 -0.035881 -0.058572
v -0.003828 -0.035013 -0.058422
v 0.006492 -0.038567 -0.057543
v 0.006437 -0.040572 -0.055474
v -0.003775 -0.040328 -0.055239
v -0.003828 -0.035633 -0.058333
v -0.003824 -0.037179 -0.057903
v -0.003808 -0.038877 -0.056894
v -0.004651 -0.036044 -0.058234
v -0.004643 -0.038539 -0.057137
v -0.004618 -0.040403 -0.055103
v -0.003775 -0.040328 -0.055239
v -0.014883 -0.040920 -0.059385
v -0.015397 -0.042216 -0.057900
v -0.012957 -0.041458 -0.056584
v -0.016534 -0.043603 -0.055384
v -0.014763 -0.040260 -0.059915
v -0.012474 -0.039524 -0.058659
v -0.014706 -0.039284 -0.060510
v -0.009995 -0.038879 -0.057775
v -0.014827 -0.037668 -0.061152
v -0.014397 -0.034345 -0.061104
v -0.014867 -0.037390 -0.061232
v -0.015423 -0.034697 -0.061743
v -0.007393 -0.035764 -0.058398
v -0.010054 -0.036221 -0.058887
v -0.007353 -0.038447 -0.057351
v -0.008824 -0.041878 -0.052558
v -0.007492 -0.040432 -0.055261
v -0.009926 -0.042004 -0.052715
v -0.010307 -0.040827 -0.055672
v -0.012861 -0.042546 -0.053527
v -0.014660 -0.043020 -0.054327
v -0.021077 -0.048329 -0.043851
v -0.017125 -0.047654 -0.041028
v -0.012684 -0.047256 -0.039458
v 0.013067 -0.000510 -0.058904
v 0.016903 0.031912 -0.058992
v 0.018233 0.035243 -0.058837
v 0.017517 0.039849 -0.055695
v 0.017799 0.037892 -0.057791
v 0.020714 0.040634 -0.055665
v 0.028707 0.035859 -0.059263
v 0.021869 0.036194 -0.058915
v 0.025327 0.037672 -0.058986
v 0.021169 0.038782 -0.057832
v 0.024367 0.040177 -0.057850
v 0.023759 0.041885 -0.055585
v 0.036622 0.041852 -0.060736
v 0.039550 0.043623 -0.062835
v 0.035197 0.048835 -0.056277
v 0.035910 0.050076 -0.053529
v 0.033824 0.043476 -0.059403
v 0.033025 0.045835 -0.057986
v 0.040650 0.052488 -0.056431
v 0.039143 0.050446 -0.059453
v 0.038764 0.049022 -0.060731
v 0.035010 0.047057 -0.058531
v 0.038724 0.047742 -0.061510
v 0.035551 0.044648 -0.059970
v 0.044844 0.054306 -0.060391
v 0.045272 0.054480 -0.060840
v 0.045567 0.054811 -0.060169
v 0.042853 0.053740 -0.057131
v 0.043611 0.054041 -0.057973
v 0.044075 0.053988 -0.059601
v 0.044294 0.054079 -0.059823
v 0.042818 0.048855 -0.065099
v 0.042627 0.049344 -0.064783
v 0.042061 0.047162 -0.064783
v 0.041957 0.045503 -0.064783
v 0.042212 0.044849 -0.064990
v 0.042620 0.052437 -0.061574
v 0.041675 0.050341 -0.063179
v 0.041954 0.044732 -0.064783
v 0.041472 0.047663 -0.064184
v 0.041836 0.044678 -0.064688
v 0.041836 -0.000510 -0.064688
v 0.043523 -0.000510 -0.065867
v 0.044228 -0.000510 -0.066174
v 0.045591 -0.000510 -0.066473
v 0.047021 -0.039112 -0.066525
v 0.047021 -0.033638 -0.066525
v 0.047021 -0.022262 -0.066525
v 0.047021 -0.016741 -0.066525
v 0.047021 -0.000510 -0.066525
v 0.047021 0.021243 -0.066525
v 0.047021 0.032619 -0.066525
v 0.047021 0.038092 -0.066525
v 0.047021 0.015722 -0.066525
v 0.075122 -0.056129 -0.066525
v 0.064745 -0.056502 -0.066525
v 0.069604 -0.056613 -0.066525
v 0.086587 -0.054422 -0.066525
v 0.088748 -0.054054 -0.066525
v 0.089867 -0.053860 -0.066525
v 0.093316 -0.053247 -0.066525
v 0.095463 -0.052856 -0.066525
v 0.100003 -0.052005 -0.066525
v 0.102137 -0.051593 -0.066525
v 0.064080 -0.058316 -0.066358
v 0.068842 -0.060425 -0.064508
v 0.068842 -0.060100 -0.065209
v 0.068842 -0.059627 -0.065772
v 0.068842 -0.058276 -0.066412
v 0.073827 -0.057929 -0.066412
v 0.068842 -0.059011 -0.066174
v 0.073909 -0.058660 -0.066173
v 0.073978 -0.059271 -0.065770
v 0.074030 -0.059740 -0.065205
v 0.074067 -0.060060 -0.064503
v 0.074077 -0.060153 -0.064178
v 0.090130 -0.055485 -0.066411
v 0.090516 -0.057877 -0.062825
v 0.090471 -0.057595 -0.064491
v 0.090248 -0.056212 -0.066170
v 0.090346 -0.056819 -0.065765
v 0.090421 -0.057282 -0.065197
v 0.091448 -0.058305 -0.054102
v 0.120249 -0.052460 -0.062161
v 0.120731 -0.052240 -0.062809
v 0.117788 -0.053417 -0.058941
v 0.114097 -0.054361 -0.054516
v 0.112877 -0.054583 -0.053512
v 0.111052 -0.054929 -0.052602
v 0.110295 -0.055088 -0.052389
v 0.107679 -0.055711 -0.052100
v 0.092094 -0.059128 -0.051789
v 0.083142 -0.060682 -0.051620
v 0.064884 -0.061886 -0.053031
v 0.069232 -0.062363 -0.051638
v 0.044267 -0.055546 -0.053070
v 0.036339 -0.052218 -0.044447
v 0.032678 -0.050740 -0.040765
v 0.029126 -0.049637 -0.038446
v 0.025036 -0.048804 -0.037171
v 0.005927 -0.047277 -0.035786
v -0.012682 -0.047323 -0.035315
v -0.017133 -0.047733 -0.036328
v -0.021079 -0.048415 -0.038551
v -0.035148 -0.052016 -0.052315
v -0.045243 -0.049942 -0.063146
v -0.040618 -0.052105 -0.058155
v -0.039117 -0.052452 -0.056543
v -0.037613 -0.052495 -0.054931
v 0.124474 -0.046960 -0.066097
v 0.124420 -0.046796 -0.066109
v 0.124420 -0.047151 -0.066108
v 0.123268 -0.047207 -0.066315
v 0.124416 -0.047506 -0.066102
v 0.124428 -0.047498 -0.066100
v 0.124438 -0.047474 -0.066098
v 0.124458 -0.047373 -0.066096
v 0.124420 -0.047506 -0.066101
v 0.124423 -0.047504 -0.066101
v 0.123796 -0.050455 -0.065223
v 0.123998 -0.050042 -0.065508
v 0.123405 -0.049821 -0.065883
v 0.124270 -0.049108 -0.065895
v 0.123235 -0.049545 -0.066053
v 0.122722 -0.048714 -0.066339
v 0.122009 -0.047561 -0.066455
v 0.122508 -0.051134 -0.064966
v 0.122950 -0.050556 -0.065500
v 0.123323 -0.049688 -0.065956
v 0.121921 -0.051284 -0.064701
v 0.122265 -0.051362 -0.064673
v 0.121901 -0.051245 -0.064739
v 0.122363 -0.051275 -0.064791
v 0.120175 -0.052026 -0.062787
v 0.121573 -0.051834 -0.063837
v 0.123432 -0.050964 -0.064712
v 0.122095 -0.051904 -0.062863
v 0.122744 -0.051547 -0.063755
v 0.123315 -0.051090 -0.064548
v 0.120540 -0.052329 -0.062551
v 0.121327 -0.052271 -0.061821
v 0.126102 -0.049206 -0.065001
v 0.125630 -0.046332 -0.065810
v 0.126283 -0.047717 -0.065521
v 0.128061 -0.045291 -0.064983
v 0.128136 -0.046897 -0.064860
v 0.127735 -0.049365 -0.063273
v 0.125524 -0.050315 -0.063975
v 0.131630 -0.047934 -0.060123
v 0.131930 -0.047281 -0.061491
v 0.128122 -0.048306 -0.064297
v 0.127051 -0.050088 -0.061935
v 0.123324 -0.051509 -0.062775
v 0.131685 -0.045137 -0.063292
v 0.131976 -0.046359 -0.062596
v 0.125885 -0.051185 -0.058798
v 0.127325 -0.050679 -0.058152
v 0.126577 -0.050596 -0.060418
v 0.130759 -0.049247 -0.056605
v 0.132101 -0.048606 -0.055998
v 0.135365 -0.045851 -0.058466
v 0.135897 -0.046576 -0.054279
v 0.139246 -0.043434 -0.056635
v 0.122559 -0.052136 -0.060281
v 0.137360 -0.039969 -0.060662
v 0.133618 -0.042315 -0.062485
v 0.131947 -0.043287 -0.063271
v 0.139435 -0.042770 -0.057856
v 0.131930 -0.047281 -0.061491
v 0.138371 -0.039300 -0.060156
v 0.139256 -0.041286 -0.059390
v 0.139387 -0.041775 -0.059028
v 0.139443 -0.042120 -0.058699
v 0.139443 -0.042710 -0.057948
v 0.138969 -0.038924 -0.059854
v 0.139737 -0.040171 -0.059358
v 0.140209 -0.040940 -0.058764
v 0.140773 -0.041858 -0.057168
v 0.140574 -0.041532 -0.057927
v 0.139741 -0.038325 -0.059461
v 0.140932 -0.042284 -0.055841
v 0.141294 -0.041385 -0.057050
v 0.141116 -0.040503 -0.058165
v 0.141132 -0.037121 -0.058743
v 0.142087 -0.038073 -0.058163
v 0.143374 -0.036492 -0.057487
v 0.142364 -0.035667 -0.058098
v 0.144423 -0.034704 -0.056926
v 0.143371 -0.033923 -0.057564
v 0.146065 -0.036622 -0.053601
v 0.145784 -0.036068 -0.054921
v 0.145206 -0.038025 -0.053971
v 0.144541 -0.038088 -0.055512
v 0.143805 -0.039777 -0.054567
v 0.143023 -0.039866 -0.056224
v 0.141576 -0.041800 -0.055547
v 0.145257 -0.035431 -0.056060
v 0.144119 -0.037353 -0.056648
v 0.142722 -0.039052 -0.057354
v 0.140456 -0.043804 -0.052217
v 0.142686 -0.042306 -0.051060
v 0.144530 -0.040900 -0.049751
v 0.145391 -0.040173 -0.048983
v 0.146922 -0.038741 -0.047317
v 0.147337 -0.038319 -0.046793
v 0.148234 -0.036597 -0.046833
v 0.148888 -0.036588 -0.044535
v 0.147328 -0.033853 -0.053014
v 0.148830 -0.034421 -0.047743
v 0.150215 -0.031773 -0.045854
v 0.151375 -0.028648 -0.044578
v 0.148970 -0.028707 -0.052162
v 0.150829 -0.030272 -0.045116
v 0.148320 -0.030958 -0.052509
v 0.148026 -0.031883 -0.052662
v 0.153981 -0.026762 -0.036460
v 0.154359 -0.025031 -0.036312
v 0.151853 -0.026900 -0.044237
v 0.152279 -0.025025 -0.044032
v 0.149885 -0.025018 -0.051661
v 0.153549 -0.028340 -0.036802
v 0.153315 -0.029055 -0.037060
v 0.152728 -0.030562 -0.037865
v 0.152023 -0.032020 -0.039013
v 0.149182 -0.036231 -0.044053
v 0.150843 -0.033987 -0.041120
v 0.151859 -0.032322 -0.039297
v 0.149419 -0.024747 -0.052999
v 0.146335 -0.029510 -0.055887
v 0.145196 -0.028934 -0.056578
v 0.144376 -0.031472 -0.057024
v 0.147911 -0.030532 -0.053833
v 0.146967 -0.033356 -0.054331
v 0.146370 -0.032791 -0.055475
v 0.145477 -0.032153 -0.056357
v 0.147269 -0.030051 -0.054987
v 0.147731 -0.024106 -0.055107
v 0.148720 -0.024443 -0.054175
v 0.146540 -0.023748 -0.055838
v 0.145901 -0.026394 -0.056192
v 0.145325 -0.028493 -0.056508
v 0.152112 -0.002844 -0.050384
v 0.151995 -0.000135 -0.050446
v 0.151499 -0.000216 -0.051796
v 0.147611 -0.018018 -0.055239
v 0.148817 -0.018262 -0.054490
v 0.150541 -0.018698 -0.052361
v 0.151275 -0.012571 -0.051935
v 0.150545 -0.012463 -0.053124
v 0.148314 -0.012215 -0.054840
v 0.149529 -0.012342 -0.054079
v 0.149823 -0.018491 -0.053544
v 0.149863 -0.006379 -0.053884
v 0.150882 -0.006389 -0.052926
v 0.151615 -0.006399 -0.051733
v 0.148645 -0.006367 -0.054651
v 0.152118 -0.006407 -0.050385
v 0.149757 -0.000405 -0.053946
v 0.150772 -0.000305 -0.052988
v 0.151775 -0.012668 -0.050589
v 0.151030 -0.018883 -0.051018
v 0.154062 -0.010458 -0.043644
v 0.153396 -0.018071 -0.043749
v 0.151574 0.004106 -0.050673
v 0.154152 -0.002845 -0.043734
v 0.156216 -0.002845 -0.036024
v 0.156094 -0.000317 -0.036103
v 0.153737 0.004115 -0.043527
v 0.156258 -0.005171 -0.035973
v 0.154985 -0.021546 -0.036141
v 0.155657 -0.016499 -0.035988
v 0.155946 -0.013395 -0.035941
v 0.156229 -0.007952 -0.035937
v 0.148175 0.003284 -0.054919
v 0.149381 0.003515 -0.054163
v 0.150384 0.003733 -0.053212
v 0.151096 0.003930 -0.052022
v 0.150202 0.015807 -0.046301
v 0.148246 0.015802 -0.052483
v 0.149355 0.012986 -0.051887
v 0.155491 0.005175 -0.036382
v 0.155105 0.007081 -0.036678
v 0.151050 0.007094 -0.050953
v 0.154622 0.008778 -0.037249
v 0.150701 0.008590 -0.051142
v 0.154283 0.009736 -0.037730
v 0.150294 0.010086 -0.051365
v 0.151040 0.015801 -0.043338
v 0.152384 0.013672 -0.040967
v 0.152944 0.012668 -0.039963
v 0.150292 0.010094 -0.051366
v 0.153655 0.011235 -0.038730
v 0.154056 0.010311 -0.038077
v 0.147888 0.015324 -0.053805
v 0.149866 0.009762 -0.052708
v 0.147074 0.008524 -0.055541
v 0.148242 0.008970 -0.054815
v 0.149203 0.009389 -0.053885
v 0.145295 0.013520 -0.056525
v 0.146399 0.014172 -0.055848
v 0.147293 0.014782 -0.054956
v 0.140984 0.022403 -0.058733
v 0.140080 0.021357 -0.059287
v 0.142131 0.019012 -0.058221
v 0.147601 0.017179 -0.052805
v 0.146988 0.018336 -0.053098
v 0.146274 0.018544 -0.054629
v 0.146167 0.019693 -0.053479
v 0.144591 0.021871 -0.054197
v 0.145758 0.017911 -0.055776
v 0.144934 0.017182 -0.056647
v 0.139467 0.026654 -0.057840
v 0.139462 0.026562 -0.057999
v 0.141949 0.024128 -0.056756
v 0.139243 0.025714 -0.059124
v 0.141638 0.023348 -0.057904
v 0.138680 0.024676 -0.059910
v 0.138297 0.024114 -0.060180
v 0.137866 0.023521 -0.060410
v 0.143888 0.016395 -0.057287
v 0.143111 0.019933 -0.057620
v 0.143853 0.020774 -0.056765
v 0.144267 0.021484 -0.055613
v 0.142557 0.024178 -0.055138
v 0.149562 0.017844 -0.045578
v 0.148875 0.018714 -0.046462
v 0.146209 0.021759 -0.049109
v 0.146849 0.021065 -0.048572
v 0.147943 0.019830 -0.047518
v 0.145061 0.022961 -0.049947
v 0.144341 0.023692 -0.050403
v 0.139822 0.028036 -0.052517
v 0.142210 0.025783 -0.051518
v 0.143098 0.024923 -0.051090
v 0.135664 0.031825 -0.054151
v 0.136192 0.030172 -0.058210
v 0.133537 0.033700 -0.054976
v 0.126935 0.038945 -0.057498
v 0.127282 0.038082 -0.058901
v 0.045295 0.053407 -0.062619
v 0.044316 0.053200 -0.063015
v 0.045567 0.054811 -0.060169
v 0.052939 0.053773 -0.059511
v 0.053457 0.055104 -0.056985
v 0.064710 0.053702 -0.054893
v 0.064727 0.055030 -0.052652
v 0.067353 0.053654 -0.054172
v 0.067364 0.054939 -0.051980
v 0.069940 0.053582 -0.053782
v 0.070265 0.054817 -0.051595
v 0.073319 0.054666 -0.051472
v 0.076479 0.053244 -0.053591
v 0.083320 0.053992 -0.051378
v 0.084967 0.052601 -0.053541
v 0.089156 0.053431 -0.051383
v 0.091292 0.053186 -0.051393
v 0.092138 0.051828 -0.053566
v 0.097701 0.052280 -0.051456
v 0.097963 0.050969 -0.053632
v 0.111623 0.048424 -0.051793
v 0.109941 0.049128 -0.051741
v 0.109613 0.047924 -0.053908
v 0.106873 0.050217 -0.051652
v 0.108131 0.049801 -0.051688
v 0.116027 0.046282 -0.051959
v 0.112133 0.048197 -0.051810
v 0.117952 0.045233 -0.052085
v 0.116099 0.044826 -0.054159
v 0.121328 0.043215 -0.052913
v 0.119050 0.043137 -0.054638
v 0.120831 0.043533 -0.052706
v 0.119683 0.044234 -0.052360
v 0.121581 0.041421 -0.056092
v 0.122459 0.042454 -0.053547
v 0.122215 0.042624 -0.053388
v 0.122727 0.040507 -0.057237
v 0.123831 0.041424 -0.054700
v 0.123490 0.041693 -0.054370
v 0.128717 0.030470 -0.064718
v 0.131146 0.029268 -0.063643
v 0.127525 0.035266 -0.063221
v 0.128112 0.034146 -0.063959
v 0.128491 0.032976 -0.064441
v 0.125546 0.037754 -0.060732
vn -0.7205 0.6930 -0.0243
vn -0.7332 0.6798 0.0194
vn -0.6144 0.7596 0.2133
vn -0.4549 -0.8790 -0.1431
vn -0.4518 -0.8802 -0.1454
vn -0.4378 -0.8855 -0.1555
vn -0.8219 0.0446 0.5678
vn -0.7787 0.1569 0.6075
vn -0.7362 0.2502 0.6288
vn -0.8546 -0.1017 0.5093
vn -0.8315 0.1141 0.5437
vn -0.7580 0.2868 0.5858
vn -0.7751 0.0950 0.6247
vn -0.5829 0.4609 0.6691
vn -0.6359 0.3119 0.7060
vn 0.4263 0.9039 -0.0337
vn 0.2557 0.8896 0.3784
vn 0.2945 0.9209 0.2554
vn -0.6202 0.2576 0.7410
vn 0.4321 0.3673 0.8236
vn 0.5338 0.2749 0.7997
vn 0.3726 0.5781 0.7259
vn 0.3310 -0.3870 0.8606
vn 0.2202 -0.7338 0.6427
vn 0.3297 -0.3918 0.8589
vn 0.1628 -0.8216 0.5464
vn 0.2613 0.8225 0.5052
vn 0.2720 0.8192 0.5049
vn 0.2202 0.8633 0.4542
vn 0.3036 0.7303 0.6120
vn 0.3246 0.6820 0.6554
vn 0.3246 0.6872 0.6499
vn 0.3267 0.7003 0.6347
vn 0.3375 0.6973 0.6323
vn 0.3417 0.6938 0.6339
vn 0.2458 0.8325 0.4965
vn 0.2992 0.6520 0.6967
vn 0.2887 0.6661 0.6877
vn 0.3405 0.6955 0.6327
vn 0.5797 -0.5785 0.5739
vn 0.3036 0.7302 0.6120
vn 0.2018 0.8737 0.4425
vn 0.1868 0.8915 0.4127
vn 0.2024 0.8944 0.3989
vn 0.2147 0.8960 0.3886
vn 0.0995 -0.9106 0.4011
vn 0.1203 -0.9136 0.3885
vn 0.0978 -0.9070 0.4096
vn 0.2369 -0.7803 0.5788
vn 0.2346 -0.7789 0.5816
vn 0.2238 -0.7799 0.5846
vn 0.2299 -0.7718 0.5928
vn 0.2419 -0.6946 0.6775
vn 0.2321 -0.7078 0.6672
vn 0.2317 -0.7294 0.6436
vn 0.2265 -0.7618 0.6069
vn 0.1153 -0.8918 0.4375
vn 0.1324 -0.8824 0.4514
vn 0.1638 -0.8502 0.5003
vn 0.1777 -0.8327 0.5244
vn 0.2380 -0.7808 0.5777
vn 0.4418 0.8191 0.3660
vn 0.4906 0.8088 0.3243
vn 0.4825 0.8178 0.3137
vn 0.3490 0.8633 0.3645
vn 0.3252 0.8767 0.3545
vn 0.3083 -0.7428 0.5943
vn 0.2911 -0.7543 0.5885
vn 0.2654 -0.7663 0.5851
vn 0.3266 -0.7429 0.5844
vn 0.3145 -0.7486 0.5837
vn 0.3529 -0.7298 0.5856
vn 0.3362 -0.7429 0.5789
vn 0.3620 -0.7235 0.5877
vn 0.3868 -0.7174 0.5794
vn 0.3678 -0.7245 0.5830
vn 0.2591 0.5269 0.8095
vn 0.1003 0.4720 0.8759
vn 0.1179 0.4630 0.8785
vn -0.1434 0.3081 0.9405
vn 0.0580 0.2137 0.9752
vn -0.3038 0.3603 0.8820
vn -0.3215 0.3743 0.8698
vn -0.2619 -0.1798 0.9482
vn -0.4301 -0.3289 0.8407
vn -0.3792 -0.3183 0.8688
vn -0.2609 -0.3526 0.8987
vn -0.1731 -0.3721 0.9119
vn -0.0563 -0.4070 0.9117
vn 0.0555 -0.5107 0.8580
vn 0.0617 -0.5397 0.8396
vn 0.1912 -0.6483 0.7370
vn 0.1612 -0.6257 0.7632
vn 0.2371 -0.6687 0.7048
vn 0.3724 0.7210 0.5844
vn 0.3471 0.7350 0.5824
vn 0.3632 0.7224 0.5884
vn 0.4075 0.7043 0.5813
vn 0.4304 0.6880 0.5843
vn 0.4503 0.6851 0.5725
vn 0.3642 0.7204 0.5902
vn 0.3775 0.7204 0.5818
vn 0.3868 0.7214 0.5745
vn 0.4176 0.7082 0.5692
vn 0.1875 -0.9060 0.3795
vn 0.2102 -0.9060 0.3674
vn 0.3036 -0.8841 0.3552
vn 0.3559 -0.8682 0.3457
vn 0.3378 -0.8730 0.3517
vn 0.4223 0.5810 0.6958
vn 0.4441 0.5185 0.7307
vn 0.4345 0.5171 0.7375
vn 0.1740 0.3756 0.9103
vn 0.1609 0.3912 0.9061
vn 0.1547 0.3860 0.9094
vn 0.1635 0.4112 0.8968
vn 0.1730 0.4484 0.8769
vn 0.1771 0.3738 0.9105
vn 0.2637 0.1393 0.9545
vn 0.1884 0.3776 0.9066
vn 0.2688 0.1084 0.9571
vn 0.1774 0.3873 0.9047
vn 0.1639 0.4036 0.9002
vn 0.1793 0.4836 0.8567
vn 0.2395 0.6595 0.7125
vn 0.2505 0.6978 0.6710
vn 0.3361 0.7709 0.5410
vn 0.4640 0.7927 0.3953
vn 0.5284 0.7940 0.3006
vn 0.5259 0.7907 0.3133
vn 0.3696 0.7664 0.5253
vn 0.4087 0.8115 0.4176
vn 0.4748 0.8131 0.3368
vn 0.5232 -0.7182 0.4587
vn 0.5272 -0.7139 0.4609
vn 0.5243 -0.7037 0.4795
vn 0.5197 -0.7069 0.4799
vn 0.4692 -0.7056 0.5309
vn 0.5047 -0.7050 0.4982
vn 0.4787 -0.7097 0.5168
vn 0.4620 -0.7107 0.5305
vn 0.4517 -0.7103 0.5399
vn 0.4400 -0.7087 0.5514
vn 0.4306 -0.7066 0.5615
vn 0.4261 -0.7052 0.5666
vn 0.4174 -0.7085 0.5690
vn 0.3939 -0.7183 0.5735
vn 0.3799 -0.7223 0.5780
vn 0.3722 -0.7241 0.5807
vn -0.2858 -0.7330 -0.6173
vn -0.2910 -0.7335 -0.6143
vn -0.2540 -0.7973 -0.5475
vn 0.0736 -0.8679 0.4912
vn 0.0792 -0.8658 0.4940
vn 0.0632 -0.8730 0.4836
vn 0.0421 -0.8826 0.4682
vn 0.0509 -0.8790 0.4741
vn 0.0454 -0.8827 0.4677
vn 0.1028 -0.8535 0.5108
vn 0.0999 -0.8553 0.5085
vn 0.1029 -0.8535 0.5108
vn 0.0999 -0.8552 0.5085
vn 0.1345 -0.8386 0.5278
vn 0.1196 -0.8471 0.5178
vn 0.1346 -0.8386 0.5279
vn 0.1497 -0.8312 0.5354
vn 0.1669 -0.8231 0.5428
vn 0.1908 -0.8091 0.5558
vn 0.1669 -0.8231 0.5429
vn 0.2021 -0.8041 0.5591
vn 0.2869 -0.7567 0.5874
vn 0.2705 -0.7648 0.5848
vn 0.2389 -0.7811 0.5769
vn 0.2828 0.7786 0.5601
vn 0.3230 0.7503 0.5769
vn 0.2659 0.7900 0.5525
vn 0.3513 0.7311 0.5848
vn 0.3631 0.7224 0.5884
vn 0.3137 0.7568 0.5734
vn 0.2659 0.7900 0.5524
vn 0.2433 0.8059 0.5397
vn 0.2340 0.8119 0.5349
vn 0.2123 0.8263 0.5216
vn 0.2129 0.8270 0.5203
vn 0.1864 0.8436 0.5036
vn 0.1918 0.8413 0.5054
vn 0.1670 0.8577 0.4862
vn 0.1733 0.8550 0.4888
vn 0.1487 0.8706 0.4690
vn 0.1641 0.8630 0.4778
vn 0.1440 0.8768 0.4588
vn 0.1492 0.8783 0.4542
vn 0.1417 0.8815 0.4505
vn -0.1587 0.8241 -0.5438
vn -0.1990 0.7649 -0.6126
vn -0.1257 0.8501 -0.5115
vn -0.1618 0.8508 -0.4999
vn -0.2288 0.7840 -0.5771
vn -0.1968 0.7794 -0.5948
vn -0.1788 0.8022 -0.5697
vn -0.2136 0.7460 -0.6308
vn 0.3746 0.8222 0.4286
vn 0.5361 0.6550 0.5325
vn 0.4571 0.6766 0.5773
vn 0.5039 0.6776 0.5357
vn 0.5674 0.6354 0.5238
vn 0.6221 0.6176 0.4812
vn 0.5945 0.6145 0.5186
vn 0.6222 0.6176 0.4811
vn 0.6133 0.6136 0.4974
vn 0.3984 -0.8488 0.3476
vn 0.3592 -0.8556 0.3727
vn 0.1144 -0.5203 0.8463
vn 0.1946 -0.8529 0.4845
vn 0.1508 -0.7204 0.6769
vn 0.2848 -0.8420 0.4582
vn 0.2832 -0.8386 0.4653
vn 0.1224 -0.4058 0.9057
vn 0.1107 -0.4700 0.8757
vn 0.1093 -0.7627 0.6375
vn 0.1236 -0.3956 0.9101
vn 0.1256 -0.3956 0.9098
vn 0.1257 -0.3955 0.9098
vn 0.0995 -0.3928 0.9142
vn 0.1007 -0.3941 0.9135
vn 0.1220 -0.3955 0.9103
vn 0.4881 0.3293 0.8083
vn 0.2481 0.1418 0.9583
vn 0.1296 0.3420 0.9307
vn 0.2138 0.1250 0.9688
vn 0.0556 0.2793 0.9586
vn 0.1734 0.0876 0.9810
vn -0.0192 0.1745 0.9845
vn 0.1369 0.0522 0.9892
vn -0.0820 0.0762 0.9937
vn 0.1215 0.0311 0.9921
vn -0.0937 0.0335 0.9950
vn 0.1039 0.0031 0.9946
vn 0.3161 -0.3340 0.8880
vn 0.3177 -0.2991 0.8998
vn 0.3145 -0.2389 0.9187
vn 0.2551 -0.5030 0.8258
vn 0.2546 -0.5281 0.8101
vn 0.2638 -0.4551 0.8505
vn 0.2731 -0.4558 0.8471
vn 0.2721 -0.3520 0.8956
vn 0.2576 -0.3722 0.8917
vn 0.2948 -0.3709 0.8806
vn 0.2797 -0.3178 0.9060
vn 0.2961 -0.2597 0.9192
vn 0.3051 -0.1985 0.9314
vn 0.2429 -0.3313 0.9117
vn 0.2928 -0.1416 0.9456
vn 0.2340 -0.2673 0.9348
vn 0.3312 -0.3376 0.8811
vn 0.2903 -0.3712 0.8820
vn 0.4846 -0.6766 0.5544
vn 0.4314 -0.6108 0.6639
vn 0.4117 -0.5854 0.6984
vn 0.3523 -0.4734 0.8073
vn 0.3315 -0.4943 0.8036
vn 0.2742 -0.4273 0.8615
vn 0.3598 -0.3820 0.8513
vn 0.5202 -0.7245 0.4523
vn 0.5227 -0.7087 0.4739
vn 0.5118 -0.7170 0.4733
vn 0.5285 -0.7069 0.4700
vn 0.5082 -0.6757 0.5340
vn 0.4870 -0.5695 0.6622
vn 0.4642 -0.5076 0.7258
vn 0.5206 -0.7246 0.4515
vn 0.2679 -0.8995 0.3452
vn 0.2789 -0.8913 0.3574
vn 0.2598 -0.8843 0.3880
vn 0.2635 -0.8989 0.3502
vn 0.2489 -0.8937 0.3732
vn 0.2539 -0.9014 0.3508
vn 0.2347 -0.9039 0.3576
vn 0.2539 -0.9021 0.3488
vn 0.2540 -0.9019 0.3495
vn 0.2540 -0.9013 0.3509
vn 0.2541 -0.9008 0.3520
vn 0.2541 -0.9007 0.3523
vn 0.2541 -0.9006 0.3525
vn 0.2540 -0.9010 0.3517
vn 0.2540 -0.9012 0.3511
vn 0.2537 -0.9022 0.3489
vn 0.2529 -0.9042 0.3443
vn 0.2279 -0.8983 0.3756
vn 0.2139 -0.9074 0.3618
vn 0.2278 -0.8983 0.3756
vn 0.2179 -0.8990 0.3799
vn 0.1958 -0.9046 0.3787
vn 0.2008 -0.9035 0.3787
vn 0.1873 -0.9138 0.3605
vn 0.1955 -0.9046 0.3787
vn 0.1936 -0.9054 0.3778
vn 0.1964 -0.9060 0.3751
vn 0.1952 -0.9048 0.3785
vn 0.1794 -0.9130 0.3665
vn 0.1906 -0.9066 0.3765
vn 0.1934 -0.9054 0.3780
vn 0.1953 -0.9048 0.3784
vn 0.1951 -0.9049 0.3783
vn 0.1941 -0.9039 0.3812
vn 0.1509 -0.9361 0.3178
vn 0.1623 -0.9279 0.3357
vn 0.1674 -0.9264 0.3374
vn 0.1722 -0.9265 0.3346
vn 0.1874 -0.9218 0.3394
vn 0.2359 -0.9083 0.3454
vn 0.2195 -0.8978 0.3818
vn -0.0195 -0.9169 0.3985
vn -0.0363 -0.9188 0.3930
vn 0.0039 -0.8959 0.4443
vn 0.0015 -0.9037 0.4282
vn 0.0017 -0.9193 0.3935
vn 0.0402 -0.8855 0.4630
vn 0.0271 -0.8927 0.4498
vn 0.0274 -0.9029 0.4289
vn -0.4660 0.1086 0.8781
vn -0.5120 0.0486 0.8576
vn -0.5454 0.0450 0.8370
vn -0.5454 0.0450 0.8369
vn -0.5121 0.0486 0.8576
vn -0.6417 -0.0216 0.7666
vn -0.6597 -0.0108 0.7515
vn -0.7652 -0.0235 0.6434
vn -0.7454 -0.0409 0.6653
vn -0.7164 -0.0888 0.6920
vn 0.6467 0.6255 -0.4365
vn 0.5196 0.3708 -0.7697
vn 0.6277 0.4826 -0.6108
vn 0.0133 0.8291 -0.5589
vn 0.0691 0.9362 -0.3446
vn -0.0789 0.8685 -0.4894
vn 0.3933 0.8616 -0.3210
vn 0.3458 0.9380 -0.0219
vn -0.7778 0.0053 0.6285
vn -0.6860 -0.0240 0.7272
vn -0.7615 0.0013 0.6482
vn -0.6292 -0.0289 0.7767
vn -0.5867 -0.1141 0.8017
vn -0.6002 -0.7974 0.0621
vn -0.4903 -0.1123 0.8643
vn -0.5823 -0.0813 0.8089
vn -0.4902 -0.1123 0.8643
vn -0.5822 -0.0813 0.8089
vn -0.3993 -0.1611 0.9025
vn 0.1519 0.9268 0.3434
vn 0.1492 0.9207 0.3607
vn 0.1497 0.9126 0.3804
vn 0.1560 0.9002 0.4066
vn 0.1529 0.8970 0.4147
vn 0.1341 0.8864 0.4431
vn 0.2618 0.8963 0.3579
vn 0.2521 0.9063 0.3392
vn 0.2688 0.8975 0.3495
vn 0.2269 0.9199 0.3199
vn 0.2283 0.9157 0.3308
vn 0.2450 0.9134 0.3250
vn 0.2759 0.8886 0.3664
vn 0.2755 0.8888 0.3663
vn 0.2753 0.8889 0.3663
vn 0.2748 0.8890 0.3662
vn 0.2736 0.8895 0.3658
vn 0.2711 0.8908 0.3648
vn 0.2677 0.8926 0.3628
vn 0.3100 0.8748 0.3723
vn 0.3023 0.8777 0.3718
vn 0.2915 0.8882 0.3551
vn 0.2855 0.8855 0.3667
vn 0.2788 0.8879 0.3659
vn 0.3458 0.8565 0.3831
vn 0.3415 0.8599 0.3794
vn 0.3239 0.8718 0.3674
vn 0.3415 0.8608 0.3774
vn 0.3405 0.8653 0.3679
vn 0.3476 0.8574 0.3795
vn 0.3330 0.8529 0.4020
vn 0.2975 0.8866 0.3542
vn 0.2687 0.9000 0.3432
vn 0.6194 0.6100 0.4943
vn 0.6211 0.6051 0.4981
vn 0.6314 0.6095 0.4793
vn 0.6401 0.5992 0.4809
vn 0.6170 0.6085 0.4990
vn 0.6156 0.6075 0.5020
vn 0.6169 0.6083 0.4993
vn 0.3375 0.2324 0.9122
vn 0.3173 0.1998 0.9270
vn 0.3649 0.2557 0.8952
vn 0.3998 0.3565 0.8444
vn 0.3159 0.2630 0.9116
vn 0.4825 0.4354 0.7600
vn 0.5197 0.5062 0.6882
vn 0.5958 0.5642 0.5716
vn 0.5831 0.5412 0.6059
vn 0.6245 0.5907 0.5110
vn 0.3172 0.3066 0.8974
vn 0.3162 0.2413 0.9175
vn 0.3134 0.2967 0.9021
vn 0.3335 0.3336 0.8817
vn 0.2927 0.2711 0.9170
vn 0.2847 0.2090 0.9356
vn 0.3114 0.1746 0.9341
vn 0.3012 0.2724 0.9138
vn 0.3139 0.1243 0.9413
vn 0.3106 0.0976 0.9455
vn 0.3171 0.1292 0.9395
vn 0.3240 0.3848 0.8642
vn 0.3223 0.4045 0.8558
vn 0.3146 0.4219 0.8503
vn 0.3000 0.3573 0.8845
vn 0.2969 0.4497 0.8424
vn 0.1959 -0.1200 0.9733
vn 0.0459 -0.3580 0.9326
vn 0.1642 -0.0987 0.9815
vn -0.0375 -0.2651 0.9635
vn 0.1295 -0.0727 0.9889
vn -0.0923 -0.1561 0.9834
vn 0.1024 -0.0397 0.9940
vn -0.1077 -0.0778 0.9911
vn 0.0941 -0.0220 0.9953
vn -0.1030 -0.0195 0.9945
vn 0.2433 -0.2157 0.9457
vn 0.2520 -0.1598 0.9544
vn 0.2604 -0.1164 0.9585
vn 0.2635 -0.0856 0.9608
vn 0.2708 -0.0697 0.9601
vn 0.3883 -0.7517 0.5331
vn 0.3566 -0.7935 0.4932
vn 0.3101 -0.6766 0.6679
vn 0.3191 -0.6078 0.7272
vn 0.2569 -0.5028 0.8253
vn 0.2563 -0.4026 0.8788
vn 0.2689 -0.5735 0.7738
vn 0.3401 -0.8502 0.4017
vn 0.3246 -0.7965 0.5102
vn 0.2866 -0.7075 0.6460
vn 0.3386 -0.8695 0.3597
vn 0.3730 -0.8445 0.3844
vn 0.4034 -0.8261 0.3935
vn 0.4313 -0.8073 0.4027
vn 0.2533 -0.6234 0.7398
vn 0.2983 -0.7577 0.5805
vn 0.2024 -0.7067 0.6779
vn 0.3051 -0.8462 0.4368
vn 0.3085 -0.8248 0.4738
vn 0.2705 -0.6780 0.6835
vn 0.2473 -0.5660 0.7864
vn 0.2369 -0.5451 0.8042
vn 0.2552 -0.4504 0.8556
vn 0.2520 -0.4227 0.8705
vn 0.2395 -0.5268 0.8156
vn 0.2726 -0.5064 0.8181
vn 0.2426 -0.4873 0.8388
vn 0.2295 -0.5680 0.7904
vn 0.2474 -0.8443 0.4754
vn 0.2464 -0.7181 0.6509
vn 0.2337 -0.7669 0.5977
vn 0.2609 -0.8134 0.5199
vn 0.2765 -0.8823 0.3808
vn 0.2188 -0.5857 0.7804
vn 0.2038 -0.5174 0.8311
vn 0.1790 -0.5238 0.8328
vn 0.1896 -0.5450 0.8167
vn 0.2144 -0.6591 0.7208
vn 0.2189 -0.5858 0.7804
vn 0.2274 -0.7259 0.6492
vn 0.1664 -0.5225 0.8362
vn 0.1581 -0.5991 0.7849
vn 0.1818 -0.6462 0.7412
vn 0.2041 -0.8065 0.5549
vn 0.1678 -0.7950 0.5829
vn 0.1491 -0.6407 0.7532
vn 0.1281 -0.6506 0.7485
vn 0.1738 -0.9002 0.3993
vn 0.1318 -0.8128 0.5675
vn 0.0789 -0.7082 0.7016
vn 0.0396 -0.8695 0.4924
vn 0.0837 -0.8645 0.4956
vn 0.0699 -0.7630 0.6426
vn 0.1654 -0.9205 0.3539
vn 0.1489 -0.9079 0.3920
vn 0.1225 -0.8907 0.4378
vn 0.0785 -0.9583 0.2747
vn 0.1164 -0.9543 0.2751
vn 0.1373 -0.9409 0.3096
vn 0.0403 -0.8628 0.5039
vn 0.0449 -0.9597 0.2773
vn 0.0019 -0.9550 0.2967
vn -0.0037 -0.9580 0.2869
vn -0.0164 -0.9495 0.3135
vn -0.0200 -0.9341 0.3565
vn -0.0252 -0.9367 0.3492
vn -0.7852 -0.0350 0.6182
vn -0.8011 -0.0156 0.5984
vn -0.8025 -0.0434 0.5950
vn -0.8030 -0.0130 0.5959
vn -0.8077 -0.0111 0.5895
vn -0.8199 0.0082 0.5724
vn -0.8145 0.0032 0.5801
vn -0.8072 0.0323 0.5894
vn -0.8087 0.0011 0.5882
vn -0.7904 0.0248 0.6121
vn 0.1386 0.9219 0.3618
vn 0.1077 0.9344 0.3397
vn 0.0865 0.9318 0.3524
vn 0.1416 0.9079 0.3944
vn 0.0894 0.9042 0.4175
vn 0.1347 0.8287 0.5432
vn 0.1642 0.8380 0.5203
vn 0.2000 0.8794 0.4321
vn 0.1995 0.9162 0.3475
vn 0.2317 0.9074 0.3506
vn 0.2220 0.9212 0.3196
vn 0.2243 0.9222 0.3149
vn 0.1455 0.8025 0.5786
vn 0.1519 0.6995 0.6983
vn 0.1639 0.6478 0.7440
vn 0.1688 0.6594 0.7326
vn 0.1945 0.7205 0.6657
vn 0.2287 0.8115 0.5377
vn 0.2535 0.8750 0.4125
vn 0.1815 0.6139 0.7682
vn 0.1858 0.5310 0.8268
vn 0.2107 0.6323 0.7456
vn 0.2559 0.7571 0.6012
vn 0.2846 0.8536 0.4364
vn 0.2981 0.8055 0.5122
vn 0.2833 0.7185 0.6352
vn 0.2079 0.4407 0.8732
vn 0.2293 0.5038 0.8328
vn 0.2640 0.6204 0.7385
vn 0.3355 0.7621 0.5537
vn 0.3732 0.8230 0.4282
vn 0.3668 0.8385 0.4029
vn 0.3881 0.8309 0.3987
vn 0.3061 0.6743 0.6720
vn 0.2794 0.5797 0.7655
vn 0.2399 0.4546 0.8578
vn 0.2168 0.3835 0.8978
vn 0.3177 0.3371 0.8862
vn 0.3032 0.3381 0.8909
vn 0.2729 0.3393 0.9002
vn 0.6110 0.5749 0.5443
vn 0.5604 0.5278 0.6383
vn 0.4910 0.4719 0.7323
vn 0.4067 0.4145 0.8141
vn 0.3517 0.3782 0.8563
vn 0.2889 0.3433 0.8937
vn 0.2858 0.3374 0.8969
vn 0.2872 0.3923 0.8739
vn 0.2914 0.4167 0.8611
vn 0.2826 0.4704 0.8360
vn 0.2899 0.4901 0.8221
vn 0.3730 0.5034 0.7794
vn 0.3989 0.5959 0.6970
vn 0.4489 0.6220 0.6415
vn 0.4595 0.6843 0.5663
vn 0.5147 0.7131 0.4761
vn 0.5370 0.7549 0.3764
vn 0.4820 0.7579 0.4397
vn 0.4385 0.7581 0.4827
vn 0.4065 0.6594 0.6324
vn 0.3511 0.5758 0.7384
vn 0.3175 0.5052 0.8025
vn 0.3840 0.4575 0.8020
vn 0.4615 0.5909 0.6616
vn 0.5336 0.6871 0.4931
vn 0.5769 0.7324 0.3616
vn 0.5967 0.7164 0.3615
vn 0.6273 0.7017 0.3378
vn 0.6095 0.6880 0.3940
vn 0.5816 0.6674 0.4651
vn 0.5380 0.6156 0.5758
vn 0.4529 0.5228 0.7222
vn 0.3462 0.3806 0.8575
vn 0.2904 0.2133 0.9328
vn 0.3107 0.0836 0.9468
vn 0.2957 0.1130 0.9486
vn 0.2885 0.1576 0.9444
vn 0.3070 0.0606 0.9498
vn 0.2918 -0.0019 0.9565
vn 0.2833 -0.0418 0.9581
vn 0.3404 -0.0929 0.9357
vn 0.2732 -0.3352 0.9017
vn 0.4613 -0.6717 0.5797
vn 0.5066 -0.7357 0.4495
vn 0.5470 -0.5157 0.6594
vn 0.6086 -0.5768 0.5449
vn 0.6092 -0.3203 0.7255
vn 0.6748 -0.3599 0.6443
vn 0.3090 -0.2542 0.9164
vn 0.3363 -0.1673 0.9268
vn 0.4774 -0.1271 0.8695
vn 0.3700 -0.5253 0.7663
vn 0.4303 -0.3976 0.8104
vn 0.4741 -0.2528 0.8434
vn 0.6233 -0.1622 0.7649
vn 0.7031 -0.1827 0.6873
vn 0.3774 -0.8648 0.3313
vn 0.3858 -0.8653 0.3201
vn 0.4034 -0.8445 0.3522
vn 0.3962 -0.8506 0.3456
vn 0.4239 -0.8314 0.3592
vn 0.3161 -0.7449 0.5875
vn 0.2853 -0.8175 0.5003
vn 0.3152 -0.8808 0.3533
vn 0.3402 -0.8771 0.3392
vn 0.2400 -0.6350 0.7343
vn 0.2268 -0.6301 0.7427
vn 0.3233 -0.6805 0.6576
vn 0.3722 -0.6259 0.6853
vn 0.1965 -0.5486 0.8127
vn 0.1951 -0.5915 0.7823
vn 0.1759 -0.6071 0.7749
vn 0.1808 -0.5934 0.7843
vn 0.1780 -0.5539 0.8134
vn 0.1988 -0.5136 0.8347
vn 0.1560 -0.6144 0.7734
vn 0.1382 -0.6337 0.7612
vn 0.1689 -0.8054 0.5682
vn 0.1902 -0.6407 0.7438
vn 0.2159 -0.7930 0.5697
vn 0.1398 -0.8241 0.5490
vn 0.0482 -0.7110 0.7015
vn 0.0654 -0.6612 0.7474
vn 0.0715 -0.6553 0.7520
vn 0.0769 -0.6518 0.7545
vn 0.1123 -0.6782 0.7263
vn 0.1506 -0.6403 0.7533
vn 0.1242 -0.6348 0.7626
vn 0.1023 -0.6502 0.7528
vn 0.1013 -0.6468 0.7559
vn 0.0932 -0.6476 0.7563
vn 0.1496 -0.6837 0.7143
vn -0.1417 -0.9847 0.1012
vn -0.1079 -0.9910 0.0791
vn -0.1024 -0.9890 0.1065
vn -0.1350 -0.9739 0.1826
vn -0.0875 -0.9288 0.3601
vn -0.1114 -0.9539 0.2788
vn -0.0557 -0.9532 0.2972
vn -0.0846 -0.9784 0.1889
vn -0.0521 -0.8949 0.4433
vn -0.0161 -0.9061 0.4227
vn -0.0199 -0.8510 0.5248
vn 0.0155 -0.8041 0.5942
vn -0.0026 -0.9451 0.3267
vn 0.0101 -0.9557 0.2941
vn -0.0147 -0.9668 0.2550
vn -0.0295 -0.9748 0.2213
vn -0.0472 -0.9737 0.2227
vn -0.0387 -0.9828 0.1809
vn -0.0426 -0.9873 0.1531
vn -0.0612 -0.9892 0.1331
vn -0.0486 -0.9929 0.1085
vn -0.0552 -0.9955 0.0775
vn -0.0797 -0.9937 0.0786
vn -0.0661 -0.9964 0.0535
vn -0.0038 -0.9536 0.3011
vn -0.0048 -0.9485 0.3168
vn -0.0041 -0.9443 0.3291
vn -0.0154 -0.9514 0.3076
vn -0.0108 -0.9456 0.3250
vn -0.0237 -0.9517 0.3062
vn -0.0159 -0.9410 0.3379
vn -0.0209 -0.9421 0.3348
vn -0.0275 -0.9546 0.2966
vn -0.0085 -0.9594 0.2818
vn -0.7479 -0.0074 0.6638
vn -0.7276 0.0005 0.6860
vn -0.6294 0.0049 0.7771
vn -0.5499 0.0244 0.8348
vn -0.4984 0.0132 0.8669
vn -0.3889 0.0144 0.9212
vn -0.3235 0.0001 0.9462
vn -0.1755 -0.0205 0.9843
vn -0.1935 -0.0015 0.9811
vn -0.0822 -0.0105 0.9966
vn -0.0299 -0.0037 0.9995
vn -0.0154 0.0040 0.9999
vn -0.0046 -0.0000 1.0000
vn -0.0309 -0.0000 0.9995
vn -0.1513 0.0005 0.9885
vn -0.0308 -0.0008 0.9995
vn -0.1504 0.0004 0.9886
vn -0.3405 0.0029 0.9402
vn -0.3254 0.0029 0.9456
vn -0.4743 0.0033 0.8803
vn -0.4693 0.0003 0.8831
vn -0.5805 0.0142 0.8141
vn -0.6020 0.0032 0.7985
vn -0.7148 0.0189 0.6991
vn -0.7151 0.0017 0.6990
vn -0.7683 0.0200 0.6398
vn -0.8059 0.0055 0.5921
vn 0.0923 0.9391 0.3311
vn 0.1335 0.9240 0.3583
vn 0.1318 0.9272 0.3506
vn 0.0942 0.9459 0.3105
vn 0.0544 0.9422 0.3306
vn 0.0502 0.9538 0.2963
vn 0.0293 0.9448 0.3264
vn 0.0208 0.9558 0.2934
vn 0.0152 0.9479 0.3183
vn 0.0074 0.9510 0.3090
vn 0.0053 0.9596 0.2814
vn -0.0026 0.9537 0.3008
vn -0.0011 0.9633 0.2683
vn -0.0270 0.9981 0.0545
vn -0.0420 0.9937 0.1038
vn -0.0180 0.9960 0.0878
vn -0.0356 0.9884 0.1477
vn -0.0326 0.9788 0.2022
vn -0.0208 0.9745 0.2236
vn -0.0097 0.9902 0.1393
vn -0.0096 0.9679 0.2513
vn -0.0097 0.9902 0.1394
vn -0.0011 0.9780 0.2086
vn 0.0105 0.9469 0.3213
vn 0.0156 0.9660 0.2580
vn 0.0461 0.9083 0.4158
vn 0.0277 0.9549 0.2957
vn 0.0921 0.8566 0.5077
vn 0.0641 0.9144 0.3998
vn 0.0601 0.9269 0.3705
vn 0.0456 0.9317 0.3604
vn 0.0322 0.9412 0.3363
vn 0.1398 0.6909 0.7093
vn 0.1427 0.6899 0.7097
vn 0.1393 0.6978 0.7026
vn 0.1433 0.6861 0.7133
vn 0.1183 0.7314 0.6716
vn 0.1416 0.7234 0.6757
vn 0.1032 0.8366 0.5380
vn 0.0561 0.8950 0.4426
vn 0.0083 0.9445 0.3283
vn -0.0174 0.9698 0.2431
vn -0.0236 0.9810 0.1924
vn -0.0527 0.9901 0.1304
vn 0.1818 0.5262 0.8307
vn 0.1542 0.6103 0.7770
vn 0.1760 0.5863 0.7907
vn 0.1378 0.6690 0.7304
vn 0.1741 0.6318 0.7553
vn 0.1307 0.8171 0.5615
vn 0.1846 0.7812 0.5963
vn 0.0754 0.8682 0.4905
vn 0.1126 0.8367 0.5360
vn 0.1059 0.7578 0.6439
vn 0.1315 0.6498 0.7486
vn 0.1622 0.5717 0.8043
vn 0.1957 0.4648 0.8635
vn 0.2143 0.4726 0.8548
vn 0.2230 0.4379 0.8709
vn 0.2158 0.4003 0.8906
vn 0.2259 0.5057 0.8326
vn 0.2147 0.5519 0.8058
vn 0.2315 0.5280 0.8171
vn -0.7982 0.5956 0.0900
vn -0.7783 0.6140 0.1310
vn -0.8202 0.5706 0.0419
vn 0.4388 0.6508 0.6196
vn 0.3886 0.6329 0.6697
vn 0.3358 0.5900 0.7343
vn 0.3358 0.5899 0.7343
vn 0.3084 0.5465 0.7786
vn 0.2941 0.5082 0.8095
vn 0.5163 0.7723 0.3700
vn 0.4592 0.7969 0.3925
vn 0.5851 0.7485 0.3120
vn 0.6065 0.7475 0.2708
vn 0.6262 0.7372 0.2537
vn 0.6163 0.7524 0.2326
vn 0.6503 0.7100 0.2701
vn 0.6328 0.7534 0.1789
vn 0.6387 0.7512 0.1663
vn 0.6377 0.7472 0.1871
vn 0.6419 0.7404 0.1993
vn 0.6428 0.7318 0.2263
vn 0.6529 0.6380 0.4083
vn 0.3734 0.1642 0.9130
vn 0.4700 0.1189 0.8746
vn 0.5976 0.5845 0.5489
vn 0.6909 0.5083 0.5141
vn 0.6252 0.4535 0.6352
vn 0.7047 0.3201 0.6331
vn 0.6304 0.2812 0.7236
vn 0.4894 0.4767 0.7303
vn 0.5059 0.3661 0.7810
vn 0.5210 0.2323 0.8213
vn 0.3573 0.3220 0.8767
vn 0.3750 0.2494 0.8928
vn 0.6329 0.1559 0.7584
vn 0.7050 0.1622 0.6904
vn 0.3620 0.0364 0.9315
vn 0.3756 -0.0053 0.9268
vn 0.3716 -0.0553 0.9267
vn 0.5171 -0.0768 0.8525
vn 0.6941 -0.1207 0.7097
vn 0.5249 0.0606 0.8490
vn 0.6397 0.0585 0.7664
vn 0.5224 -0.0131 0.8526
vn 0.6576 -0.0169 0.7532
vn 0.7144 -0.0579 0.6973
vn 0.7121 0.0355 0.7012
vn 0.7118 0.1046 0.6945
vn 0.7130 -0.1979 0.6726
vn 0.6404 -0.4490 0.6232
vn 0.5282 -0.6842 0.5028
vn 0.4557 -0.7939 0.4027
vn 0.3465 -0.8792 0.3270
vn 0.3610 -0.8881 0.2844
vn 0.3707 -0.8940 0.2518
vn 0.2039 -0.6162 0.7607
vn 0.1984 -0.7095 0.6762
vn 0.2328 -0.8471 0.4777
vn 0.1904 -0.6006 0.7766
vn 0.2185 -0.9069 0.3603
vn 0.1695 -0.9266 0.3356
vn 0.1349 -0.9313 0.3384
vn 0.2330 -0.9108 0.3409
vn 0.1851 -0.9269 0.3266
vn 0.1384 -0.9883 0.0642
vn -0.1744 -0.8192 0.5463
vn -0.1721 -0.8456 0.5053
vn -0.0173 -0.7455 0.6663
vn -0.0265 -0.7695 0.6380
vn 0.0050 -0.7387 0.6740
vn -0.0168 -0.7783 0.6276
vn -0.0878 -0.8619 0.4993
vn -0.1430 -0.8809 0.4512
vn -0.1315 -0.9075 0.3990
vn -0.1565 -0.9367 0.3132
vn -0.2281 -0.9356 0.2697
vn -0.1888 -0.9604 0.2047
vn -0.2650 -0.9494 0.1686
vn -0.1975 -0.9720 0.1271
vn -0.3572 -0.9202 0.1601
vn -0.3886 -0.8849 0.2567
vn -0.3145 -0.8703 0.3790
vn -0.1696 -0.9134 0.3701
vn -0.2882 -0.9198 0.2663
vn -0.0417 -0.8884 0.4572
vn 0.0490 -0.8586 0.5103
vn 0.0924 -0.8425 0.5308
vn -0.3367 -0.9255 0.1733
vn -0.2726 -0.8969 0.3482
vn -0.3013 -0.9444 0.1313
vn -0.2153 -0.9762 0.0269
vn -0.1771 -0.9819 0.0667
vn -0.1254 -0.9902 0.0614
vn -0.0934 -0.9944 0.0489
vn -0.0948 -0.9938 0.0585
vn -0.3447 -0.9342 0.0923
vn -0.3069 -0.9502 0.0541
vn -0.2423 -0.9687 0.0536
vn -0.3745 -0.9181 0.1295
vn -0.0766 -0.9965 0.0348
vn -0.0169 -0.9645 0.2635
vn -0.0142 -0.9964 0.0835
vn -0.0141 -0.9972 0.0736
vn -0.0038 -0.9973 0.0733
vn -0.0148 -0.9932 0.1155
vn -0.0069 -0.9918 0.1273
vn -0.0160 -0.9880 0.1533
vn -0.0095 -0.9827 0.1851
vn -0.0162 -0.9836 0.1798
vn -0.0087 -0.9676 0.2525
vn -0.0157 -0.9758 0.2181
vn 0.0100 -0.0152 0.9998
vn 0.0191 -0.0000 0.9998
vn 0.0207 -0.0098 0.9997
vn -0.0063 -0.0000 1.0000
vn 0.0590 0.9614 0.2688
vn 0.0952 0.9481 0.3034
vn 0.0234 0.9716 0.2357
vn 0.0268 0.9795 0.1999
vn 0.0123 0.9840 0.1775
vn 0.0075 0.9933 0.1154
vn 0.0066 0.9900 0.1409
vn 0.0010 0.9965 0.0831
vn 0.0023 0.9978 0.0667
vn -0.0033 0.9978 0.0662
vn 0.0032 0.9838 0.1792
vn 0.0104 0.9971 0.0760
vn -0.0728 0.9919 0.1045
vn -0.0379 0.9975 0.0597
vn 0.9297 0.1386 -0.3412
vn 0.9566 0.1122 -0.2689
vn 0.9204 0.2759 -0.2770
vn 0.0599 0.7983 0.5993
vn -0.0405 0.9459 0.3220
vn -0.0746 0.9516 0.2981
vn -0.0097 0.8818 0.4715
vn -0.0167 0.9551 0.2960
vn -0.0619 0.9885 0.1381
vn -0.0630 0.9844 0.1644
vn 0.0360 0.8627 0.5044
vn 0.0405 0.8582 0.5118
vn -0.0234 0.9462 0.3227
vn 0.0452 0.8736 0.4845
vn 0.0892 0.7828 0.6159
vn 0.0971 0.7637 0.6382
vn 0.0976 0.7647 0.6370
vn 0.0962 0.7746 0.6251
vn -0.1150 0.9719 0.2056
vn -0.0904 0.9763 0.1964
vn -0.0744 0.9797 0.1864
vn -0.1003 0.9868 0.1270
vn -0.1153 0.9813 0.1539
vn -0.1295 0.9746 0.1825
vn -0.1343 0.9724 0.1910
vn -0.1263 0.9716 0.1999
vn 0.2377 0.5533 0.7983
vn 0.2460 0.6036 0.7584
vn 0.2237 0.5969 0.7705
vn 0.2774 0.6357 0.7204
vn 0.2523 0.7593 0.5998
vn 0.3006 0.8130 0.4986
vn 0.0352 0.8923 0.4501
vn -0.0425 0.9385 0.3427
vn -0.0958 0.9648 0.2448
vn 0.0666 0.9444 0.3221
vn 0.0677 0.9468 0.3146
vn 0.1179 0.9198 0.3743
vn 0.1257 0.9229 0.3640
vn 0.1888 0.8950 0.4041
vn 0.2184 0.8984 0.3810
vn 0.0782 0.9325 0.3526
vn -0.7842 0.6096 -0.1161
vn -0.7746 0.6266 -0.0864
vn -0.7761 0.6184 -0.1238
vn -0.7561 0.6481 -0.0908
vn 0.6308 0.7432 0.2232
vn 0.5809 0.7491 0.3183
vn 0.6789 0.7316 0.0627
vn 0.6635 0.7380 0.1229
vn 0.6308 0.7432 0.2233
vn 0.5502 0.7572 0.3519
vn 0.6720 0.7375 0.0670
vn 0.6545 0.6783 0.3341
vn 0.7060 0.5412 0.4568
vn 0.7245 0.3169 0.6121
vn 0.7167 0.1412 0.6829
vn 0.7282 0.0389 0.6842
vn 0.7266 -0.0238 0.6866
vn 0.6711 -0.1253 0.7307
vn 0.3278 -0.9078 0.2618
vn 0.3033 -0.9517 0.0471
vn 0.2652 -0.9589 0.1009
vn 0.3152 -0.8951 0.3152
vn 0.3209 -0.8991 0.2978
vn 0.3037 -0.8974 0.3202
vn 0.2972 -0.8866 0.3543
vn 0.2824 -0.8956 0.3437
vn 0.2487 -0.8920 0.3775
vn 0.2504 -0.9018 0.3523
vn 0.3640 -0.8713 0.3292
vn 0.2842 -0.8945 0.3450
vn -0.2524 -0.9664 0.0494
vn -0.2947 -0.9550 0.0342
vn -0.2160 -0.9722 0.0903
vn -0.0904 -0.9908 -0.1005
vn -0.0806 -0.9782 0.1912
vn -0.0100 -0.9997 -0.0226
vn 0.0522 -0.9574 0.2839
vn 0.0779 -0.9968 0.0188
vn -0.1366 -0.9782 -0.1565
vn -0.3211 -0.9468 0.0220
vn -0.0186 -0.9984 0.0532
vn 0.0156 -0.9967 0.0790
vn 0.0054 -0.9988 0.0482
vn -0.0018 -1.0000 0.0054
vn -0.0280 -0.9986 0.0459
vn -0.0095 -0.9563 0.2921
vn 0.0009 -0.9912 0.1325
vn -0.0002 -0.9749 0.2227
vn 0.0062 -0.9511 0.3087
vn -0.0045 -0.9403 0.3404
vn 0.1124 0.0316 0.9932
vn 0.0064 -0.0660 0.9978
vn 0.2478 0.0396 0.9680
vn 0.5516 0.0346 0.8334
vn 0.4079 0.0815 0.9094
vn 0.2411 -0.0000 0.9705
vn 0.5344 0.0002 0.8452
vn 0.7471 0.0118 0.6646
vn 0.6743 0.0810 0.7340
vn 0.8220 -0.0000 0.5695
vn 0.8269 0.0051 0.5623
vn 0.8090 0.0204 0.5875
vn 0.8335 -0.0000 0.5525
vn 0.8189 -0.0036 0.5739
vn 0.8331 -0.0000 0.5530
vn 0.3374 -0.0893 0.9371
vn 0.5030 -0.0000 0.8643
vn 0.4853 -0.0413 0.8734
vn 0.6271 -0.0384 0.7780
vn 0.7308 -0.0161 0.6824
vn 0.7546 -0.0004 0.6562
vn 0.8193 -0.0024 0.5733
vn 0.1916 -0.0190 0.9813
vn 0.2177 0.0045 0.9760
vn 0.0370 -0.0143 0.9992
vn -0.0649 0.9618 0.2659
vn -0.0824 0.9583 0.2736
vn -0.0004 0.9527 0.3040
vn 0.0151 0.9772 0.2118
vn 0.0290 0.9947 0.0989
vn 0.0249 0.9988 0.0417
vn 0.0166 0.9999 -0.0035
vn -0.0121 0.9990 0.0425
vn -0.0062 0.9987 0.0502
vn -0.1261 0.9742 0.1873
vn -0.1037 0.9761 0.1911
vn -0.1148 0.9744 0.1932
vn 0.3055 0.8554 0.4183
vn 0.2697 0.8726 0.4071
vn 0.3534 0.8471 0.3969
vn 0.3361 0.8467 0.4125
vn 0.4119 0.8247 0.3876
vn 0.5185 0.7829 0.3439
vn 0.4697 0.8041 0.3644
vn 0.4676 0.8016 0.3725
vn 0.4094 0.8316 0.3753
vn 0.4560 0.8165 0.3543
vn 0.3306 0.8639 0.3800
vn 0.0342 0.9502 0.3098
vn -0.0680 0.9732 0.2197
vn -0.0317 0.9678 0.2497
vn -0.0037 0.9615 0.2747
vn -0.0082 0.9680 0.2507
vn 0.0098 0.9639 0.2662
vn 0.0296 0.9590 0.2817
vn -0.0617 0.9771 0.2035
vn -0.0330 0.9734 0.2266
vn 0.3013 -0.9396 0.1627
vn 0.2681 -0.9561 0.1182
vn 0.2888 -0.9433 0.1635
vn 0.3190 -0.9229 0.2157
vn 0.2805 -0.9598 -0.0094
vn 0.2525 -0.9639 -0.0840
vn -0.2037 -0.9516 -0.2301
vn -0.4513 -0.8601 -0.2379
vn 0.0382 -0.9919 0.1211
vn 0.0829 -0.9895 0.1187
vn 0.0881 -0.9841 0.1541
vn 0.0689 -0.9919 0.1063
vn 0.0420 -0.9956 0.0838
vn 0.0903 -0.9881 0.1244
vn 0.1037 -0.9865 0.1268
vn 0.1395 -0.9756 0.1696
vn 0.1282 -0.9840 0.1235
vn 0.1570 -0.9772 0.1428
vn 0.1424 -0.9835 0.1114
vn 0.1441 -0.9831 0.1128
vn 0.0515 -0.9763 0.2104
vn 0.0993 -0.9483 0.3013
vn 0.0898 -0.9745 0.2056
vn 0.1567 -0.9609 0.2285
vn 0.2011 -0.9449 0.2583
vn 0.0193 -0.9224 0.3858
vn 0.0758 -0.8909 0.4478
vn 0.0067 -0.8882 0.4595
vn 0.1216 -0.9247 0.3607
vn 0.0374 -0.9382 0.3440
vn -0.0090 -0.9372 0.3486
vn -0.0515 -0.9572 0.2849
vn -0.0967 -0.8972 0.4310
vn -0.1405 -0.9599 0.2426
vn -0.0496 -0.8129 0.5803
vn 0.0487 -0.8266 0.5607
vn 0.1142 -0.8527 0.5098
vn 0.1791 -0.9186 0.3523
vn 0.1602 -0.8702 0.4659
vn 0.0231 -0.7307 0.6823
vn 0.1166 -0.8090 0.5762
vn 0.0187 -0.9595 0.2811
vn -0.0876 -0.9830 0.1614
vn -0.1754 -0.9774 0.1179
vn 0.8355 -0.0085 0.5494
vn 0.8388 0.0018 0.5444
vn 0.8406 0.0006 0.5416
vn 0.8411 -0.0001 0.5409
vn 0.8405 0.0009 0.5418
vn 0.8402 -0.0000 0.5423
vn 0.8363 0.0093 0.5482
vn 0.8352 -0.0020 0.5500
vn 0.1207 0.8642 0.4885
vn 0.1674 0.8582 0.4852
vn 0.1992 0.9056 0.3745
vn 0.1639 0.9442 0.2856
vn 0.0988 0.9460 0.3088
vn 0.1161 0.9228 0.3673
vn 0.0137 0.9358 0.3524
vn 0.0849 0.8892 0.4496
vn -0.0191 0.9788 0.2040
vn 0.0576 0.9453 0.3210
vn 0.0407 0.9379 0.3444
vn -0.1879 0.9742 0.1252
vn -0.1640 0.9588 0.2319
vn -0.0734 0.9603 0.2692
vn -0.1018 0.8964 0.4313
vn 0.1061 0.8014 0.5886
vn 0.0587 0.8260 0.5606
vn 0.0067 0.8882 0.4595
vn 0.0185 0.7346 0.6782
vn -0.0521 0.8219 0.5673
vn 0.2042 0.9459 0.2521
vn 0.1653 0.9746 0.1509
vn 0.1068 0.9747 0.1962
vn 0.0964 0.9684 0.2300
vn 0.0339 0.9747 0.2210
vn 0.1377 0.9778 0.1581
vn 0.0960 0.9845 0.1467
vn 0.0546 0.9909 0.1234
vn 0.0592 0.9951 0.0796
vn 0.1116 0.9847 0.1339
vn 0.1050 0.9858 0.1311
vn 0.0957 0.9884 0.1176
vn 0.0896 0.9901 0.1080
vn 0.1215 0.9836 0.1334
vn 0.1431 0.9820 0.1233
vn 0.1459 0.9829 0.1123
vn -0.1014 0.9779 0.1828
vn -0.0862 0.9782 0.1887
vn 0.5149 0.7872 0.3395
vn 0.5571 0.7668 0.3188
vn 0.5566 0.7678 0.3174
vn 0.5945 0.7547 0.2774
vn 0.6139 0.7487 0.2502
vn 0.6454 0.7370 0.2007
vn 0.6655 0.7273 0.1680
vn 0.5361 0.8313 -0.1468
vn 0.6679 0.7410 0.0700
vn 0.5618 0.8098 -0.1691
vn 0.6437 0.7639 -0.0453
vn 0.6656 0.7456 -0.0309
vn 0.6808 0.7315 0.0374
vn 0.1491 -0.9825 0.1117
vn 0.1619 -0.9741 0.1577
vn 0.1557 -0.9638 0.2164
vn 0.1477 -0.9555 0.2554
vn 0.1061 -0.9489 0.2973
vn 0.0775 -0.9409 0.3297
vn 0.0197 -0.9135 0.4064
vn 0.0330 -0.7016 0.7118
vn -0.0029 -0.6767 0.7363
vn -0.0598 -0.7461 0.6632
vn -0.1543 -0.8835 0.4422
vn -0.2371 -0.9519 0.1940
vn -0.2533 -0.9639 0.0818
vn -0.3141 -0.9476 0.0581
vn -0.2912 -0.9364 0.1956
vn -0.2073 -0.8564 0.4729
vn -0.0965 -0.6992 0.7084
vn -0.0267 -0.6242 0.7808
vn -0.2305 -0.9705 0.0709
vn -0.5174 -0.8557 0.0086
vn -0.5292 -0.8485 -0.0064
vn -0.4811 -0.8767 0.0059
vn -0.4977 -0.8670 0.0235
vn -0.4384 -0.8985 0.0202
vn -0.4668 -0.8837 0.0344
vn -0.4282 -0.9032 0.0313
vn -0.3903 -0.9192 0.0524
vn -0.3745 -0.9259 0.0501
vn -0.3331 -0.9414 0.0533
vn -0.2657 -0.9589 0.0992
vn -0.2398 -0.9666 0.0910
vn 0.8407 0.0005 0.5415
vn 0.8422 -0.0000 0.5392
vn 0.8421 -0.0004 0.5394
vn 0.8419 -0.0007 0.5396
vn 0.8420 -0.0008 0.5395
vn 0.8420 -0.0002 0.5394
vn 0.8431 0.0020 0.5377
vn 0.8431 0.0019 0.5377
vn 0.8440 0.0006 0.5364
vn 0.8440 0.0007 0.5364
vn 0.8443 -0.0000 0.5358
vn 0.8449 -0.0000 0.5350
vn 0.8449 -0.0000 0.5349
vn 0.8438 -0.0004 0.5367
vn 0.8420 -0.0000 0.5395
vn 0.8402 -0.0000 0.5422
vn 0.8405 0.0009 0.5417
vn 0.8406 0.0009 0.5417
vn 0.8420 0.0028 0.5394
vn 0.8419 -0.0000 0.5396
vn 0.8419 -0.0000 0.5397
vn 0.8420 0.0027 0.5395
vn 0.8429 -0.0019 0.5381
vn 0.8419 -0.0001 0.5396
vn 0.8437 -0.0003 0.5368
vn 0.8439 -0.0000 0.5366
vn 0.8437 -0.0004 0.5367
vn 0.8438 -0.0000 0.5366
vn 0.8448 -0.0000 0.5351
vn -0.2328 0.9699 0.0714
vn -0.2424 0.9663 0.0862
vn -0.2701 0.9568 0.1080
vn -0.2486 0.9657 0.0755
vn -0.3044 0.9507 0.0589
vn -0.3020 0.9509 0.0680
vn -0.3441 0.9376 0.0498
vn -0.3447 0.9374 0.0501
vn -0.3800 0.9236 0.0500
vn -0.3704 0.9281 0.0387
vn -0.4298 0.9025 0.0291
vn -0.4118 0.9107 0.0308
vn -0.4673 0.8837 0.0276
vn -0.4356 0.8999 0.0191
vn -0.4994 0.8660 0.0238
vn -0.4617 0.8870 0.0035
vn -0.5343 0.8451 0.0207
vn -0.5536 0.8326 0.0207
vn -0.2271 0.9544 0.1936
vn -0.1534 0.8818 0.4460
vn -0.0653 0.7384 0.6712
vn -0.0958 0.7010 0.7067
vn -0.0221 0.6202 0.7841
vn -0.0374 0.6781 0.7341
vn -0.2073 0.8564 0.4729
vn -0.2888 0.9380 0.1916
vn 0.0109 0.6840 0.7294
vn 0.0394 0.7217 0.6911
vn 0.0192 0.9172 0.3980
vn 0.0705 0.9403 0.3331
vn 0.1029 0.9531 0.2845
vn 0.1281 0.9576 0.2580
vn 0.1764 0.9603 0.2160
vn 0.1586 0.9718 0.1743
vn 0.1484 0.9828 0.1103
vn 0.1303 -0.9860 0.1036
vn 0.1489 -0.9844 0.0933
vn 0.0929 -0.9909 0.0976
vn -0.0529 -0.9957 0.0760
vn -0.0739 -0.9931 0.0912
vn -0.0233 -0.9955 0.0923
vn 0.0655 -0.9935 0.0933
vn 0.0558 -0.9933 0.1011
vn 0.0384 -0.9952 0.0904
vn -0.0041 -0.9964 0.0849
vn -0.0685 -0.9924 0.1019
vn 0.0326 -0.6863 0.7266
vn 0.0053 -0.6591 0.7521
vn -0.0078 -0.6741 0.7386
vn -0.0033 -0.6480 0.7617
vn 0.0236 -0.6841 0.7290
vn -0.3602 -0.9069 0.2187
vn -0.2069 -0.5390 0.8165
vn -0.2880 -0.5498 0.7841
vn -0.2920 -0.6328 0.7172
vn -0.0678 -0.5727 0.8169
vn -0.1282 -0.5558 0.8213
vn -0.1703 -0.6278 0.7595
vn -0.2788 -0.7988 0.5331
vn -0.4295 -0.8798 0.2039
vn -0.3518 -0.7911 0.5004
vn -0.9412 -0.1815 0.2850
vn -0.9301 -0.1911 0.3138
vn -0.9480 -0.1440 0.2837
vn -0.9312 -0.1367 0.3379
vn -0.9546 -0.0770 0.2876
vn -0.9405 0.0001 0.3399
vn -0.9571 -0.0000 0.2897
vn -0.9400 -0.0584 0.3361
vn -0.9395 -0.1056 0.3260
vn -0.3826 -0.9213 0.0698
vn -0.3609 -0.9094 0.2067
vn -0.3814 -0.8920 0.2427
vn -0.3458 -0.9136 0.2140
vn -0.3139 -0.9445 0.0965
vn -0.3502 -0.9252 0.1463
vn -0.2884 -0.9433 0.1646
vn -0.2760 -0.9352 0.2219
vn -0.2679 -0.9275 0.2608
vn -0.2336 -0.9566 0.1743
vn -0.2131 -0.9367 0.2778
vn -0.3239 -0.5634 0.7601
vn -0.3389 -0.5550 0.7597
vn -0.3874 -0.6297 0.6734
vn -0.4751 -0.7629 0.4384
vn -0.5068 -0.8476 0.1573
vn -0.6061 -0.7797 0.1573
vn -0.5468 -0.8266 0.1329
vn -0.5462 -0.7483 0.3766
vn -0.7520 -0.3936 0.5287
vn -0.4853 -0.5901 0.6452
vn -0.5389 -0.4296 0.7246
vn -0.6030 -0.5225 0.6028
vn -0.5856 -0.3369 0.7373
vn -0.6616 -0.2843 0.6939
vn -0.5974 -0.1871 0.7798
vn -0.3571 -0.5424 0.7604
vn -0.3839 -0.5354 0.7523
vn -0.4314 -0.5036 0.7485
vn -0.4785 -0.4507 0.7536
vn 0.8423 0.0035 0.5390
vn 0.8431 0.0028 0.5378
vn 0.8451 0.0001 0.5346
vn 0.8447 -0.0001 0.5353
vn 0.8431 0.0027 0.5377
vn 0.8443 -0.0001 0.5359
vn 0.8446 -0.0000 0.5354
vn 0.8444 -0.0000 0.5358
vn 0.8422 -0.0043 0.5392
vn 0.8448 0.0001 0.5351
vn 0.8427 -0.0014 0.5384
vn 0.8427 -0.0013 0.5383
vn 0.8446 0.0002 0.5354
vn 0.8450 -0.0000 0.5348
vn -0.2105 0.9360 0.2822
vn -0.2631 0.9294 0.2589
vn -0.2372 0.9561 0.1720
vn -0.2762 0.9443 0.1788
vn -0.2926 0.9510 0.0995
vn -0.3937 0.5336 0.7486
vn -0.3569 0.5640 0.7447
vn -0.3748 0.6431 0.6678
vn -0.6789 0.3128 0.6642
vn -0.5899 0.4996 0.6344
vn -0.6271 0.6909 0.3598
vn -0.5370 0.3756 0.7554
vn -0.6004 0.3276 0.7295
vn -0.6060 0.1908 0.7722
vn -0.5494 0.8252 0.1313
vn -0.5867 0.8015 0.1158
vn -0.6709 0.6932 0.2634
vn -0.4668 0.4869 0.7383
vn -0.4885 0.5900 0.6429
vn -0.5472 0.7318 0.4063
vn -0.4483 0.7834 0.4305
vn -0.4904 0.8569 0.1591
vn -0.3359 0.5549 0.7611
vn -0.4471 0.8802 0.1594
vn -0.3833 0.8103 0.4433
vn -0.3041 0.6519 0.6947
vn -0.2846 0.5508 0.7846
vn -0.0664 0.5625 0.8242
vn -0.3640 0.9058 0.2168
vn -0.2026 0.5439 0.8144
vn -0.2805 0.7978 0.5337
vn -0.1679 0.6306 0.7578
vn -0.1240 0.5545 0.8229
vn -0.3649 0.9279 0.0762
vn -0.4011 0.9134 0.0695
vn -0.3502 0.9263 0.1389
vn -0.3800 0.9147 0.1374
vn -0.3408 0.9183 0.2013
vn -0.3437 0.9080 0.2395
vn -0.3747 0.9034 0.2087
vn -0.3728 0.8931 0.2516
vn -0.9400 0.0584 0.3362
vn -0.9308 0.1888 0.3130
vn -0.9426 0.1815 0.2803
vn -0.9472 0.1454 0.2857
vn -0.9543 0.0754 0.2893
vn -0.9371 0.1011 0.3341
vn -0.9325 0.1414 0.3323
vn 0.0011 0.6185 0.7858
vn -0.0153 0.6395 0.7686
vn 0.0079 0.6461 0.7632
vn 0.0330 0.6371 0.7701
vn -0.0663 0.9928 0.1000
vn -0.0795 0.9921 0.0974
vn -0.0705 0.9935 0.0888
vn 0.0929 0.9908 0.0980
vn 0.1502 0.9844 0.0920
vn 0.1338 0.9857 0.1027
vn -0.0360 0.9962 0.0794
vn 0.0030 0.9963 0.0864
vn -0.0218 0.9953 0.0939
vn 0.0448 0.9947 0.0921
vn 0.0571 0.9933 0.1008
vn -0.0587 0.9954 0.0755
vn -0.1029 -0.9918 0.0753
vn -0.0843 -0.9922 0.0915
vn -0.0896 -0.9923 0.0860
vn -0.1668 -0.9832 0.0741
vn -0.1424 -0.9864 0.0822
vn -0.1009 -0.9910 0.0881
vn -0.1242 -0.9879 0.0932
vn -0.2995 -0.5571 0.7745
vn -0.1597 -0.5746 0.8027
vn -0.0700 -0.6007 0.7964
vn -0.0424 -0.6368 0.7699
vn -0.1154 -0.5905 0.7987
vn -0.1929 -0.5650 0.8022
vn -0.2694 -0.5300 0.8041
vn -0.3274 -0.5295 0.7826
vn -0.9596 -0.0634 -0.2741
vn -0.9242 -0.0567 -0.3777
vn -0.9227 -0.1062 -0.3707
vn -0.9681 -0.1819 0.1721
vn -0.9742 -0.1484 0.1699
vn -0.9843 -0.1745 -0.0260
vn -0.9891 -0.1399 -0.0465
vn -0.9588 -0.1563 -0.2371
vn -0.9568 -0.1220 -0.2640
vn -0.9203 -0.1386 -0.3659
vn -0.9824 -0.0766 0.1703
vn -0.9960 -0.0726 -0.0523
vn -0.9251 -0.0000 -0.3796
vn -0.9606 -0.0000 -0.2780
vn -0.9985 -0.0000 -0.0550
vn -0.9855 -0.0000 0.1698
vn -0.5861 -0.0438 0.8091
vn -0.6674 -0.0466 0.7432
vn -0.9027 -0.0654 0.4253
vn -0.8028 -0.0587 0.5934
vn -0.8929 -0.1196 0.4341
vn -0.8948 0.0001 0.4465
vn -0.7866 -0.0011 0.6174
vn -0.6545 -0.0012 0.7561
vn -0.5863 -0.0003 0.8101
vn -0.3936 -0.8769 0.2759
vn -0.3663 -0.8890 0.2749
vn -0.2780 -0.9045 0.3234
vn -0.2001 -0.9277 0.3151
vn -0.1790 -0.9191 0.3510
vn -0.2009 -0.9101 0.3623
vn -0.4180 -0.4965 0.7607
vn -0.3912 -0.5336 0.7498
vn -0.4400 -0.4996 0.7462
vn -0.4974 -0.4452 0.7446
vn -0.5427 -0.3438 0.7664
vn -0.5868 -0.1743 0.7908
vn 0.8372 0.0106 0.5468
vn 0.8340 0.0187 0.5514
vn 0.8297 0.0295 0.5574
vn 0.8279 0.0330 0.5599
vn 0.8205 0.0475 0.5696
vn 0.8002 0.0853 0.5936
vn 0.7999 0.0880 0.5937
vn 0.7998 0.0821 0.5947
vn 0.8080 0.0706 0.5849
vn 0.8189 0.0512 0.5717
vn 0.8119 0.0642 0.5803
vn 0.8068 0.0760 0.5859
vn 0.8010 0.0681 0.5947
vn 0.8018 0.0700 0.5934
vn 0.8028 0.0853 0.5901
vn 0.7996 0.0889 0.5939
vn 0.8000 -0.0773 0.5950
vn 0.8027 -0.0700 0.5922
vn 0.8005 -0.0867 0.5930
vn 0.8001 -0.0886 0.5933
vn 0.7999 -0.0881 0.5937
vn 0.7993 -0.0878 0.5945
vn 0.8005 -0.0809 0.5939
vn 0.8064 -0.0757 0.5866
vn 0.8089 -0.0723 0.5835
vn 0.8134 -0.0549 0.5791
vn 0.8118 -0.0671 0.5800
vn 0.8227 -0.0417 0.5669
vn 0.8192 -0.0559 0.5707
vn 0.8290 -0.0310 0.5584
vn 0.8346 -0.0243 0.5504
vn 0.8377 0.0061 0.5461
vn 0.8319 -0.0249 0.5543
vn -0.2033 0.9265 0.3166
vn -0.2033 0.9265 0.3167
vn -0.1866 0.9232 0.3359
vn -0.1807 0.9203 0.3470
vn -0.2614 0.9054 0.3345
vn -0.9014 0.0584 0.4291
vn -0.8937 0.1156 0.4334
vn -0.9015 0.1356 0.4111
vn -0.8091 0.0975 0.5796
vn -0.8200 0.1210 0.5595
vn -0.6672 0.0488 0.7433
vn -0.5856 0.0422 0.8095
vn -0.8012 0.0528 0.5961
vn -0.5934 0.1813 0.7842
vn -0.5638 0.3230 0.7602
vn -0.4930 0.4184 0.7628
vn -0.4840 0.4539 0.7481
vn -0.4407 0.4938 0.7496
vn -0.4093 0.5353 0.7389
vn -0.3768 0.5268 0.7619
vn -0.4256 0.5110 0.7468
vn -0.3583 0.5362 0.7642
vn -0.3178 0.5376 0.7810
vn -0.3136 0.5413 0.7802
vn -0.2424 0.5545 0.7961
vn -0.1586 0.5692 0.8067
vn -0.0659 0.6042 0.7941
vn -0.0750 0.6181 0.7825
vn -0.1549 0.5897 0.7926
vn -0.3669 0.8886 0.2753
vn -0.3866 0.8789 0.2794
vn -0.9742 0.1479 0.1704
vn -0.9219 0.1374 -0.3624
vn -0.9566 0.1226 -0.2645
vn -0.9615 0.1569 -0.2256
vn -0.9890 0.1411 -0.0455
vn -0.9840 0.1764 -0.0262
vn -0.9697 0.1834 0.1613
vn -0.9227 0.1062 -0.3707
vn -0.9254 0.0553 -0.3748
vn -0.9596 0.0634 -0.2741
vn -0.9824 0.0766 0.1703
vn -0.9960 0.0726 -0.0523
vn -0.0987 0.9910 0.0906
vn -0.1426 0.9863 0.0827
vn -0.1671 0.9836 0.0683
vn -0.1033 0.9918 0.0747
vn -0.1153 0.9891 0.0917
vn -0.1429 0.9851 0.0955
vn -0.5675 -0.8168 0.1038
vn -0.5785 -0.8048 0.1328
vn -0.4960 -0.8604 0.1173
vn -0.5609 -0.8125 0.1588
vn -0.5934 -0.7877 0.1657
vn -0.5333 -0.8340 0.1414
vn -0.4137 -0.9013 0.1282
vn -0.3721 -0.9230 0.0986
vn -0.2789 -0.9539 0.1109
vn -0.2376 -0.9676 0.0857
vn -0.1752 -0.9796 0.0987
vn -0.5784 -0.8104 0.0938
vn -0.5552 -0.8264 0.0938
vn -0.5933 -0.7935 -0.1354
vn -0.4505 -0.8820 -0.1383
vn -0.3032 -0.9395 -0.1594
vn -0.9097 -0.1329 -0.3934
vn -0.9115 -0.1306 -0.3901
vn -0.9201 -0.0653 -0.3863
vn -0.9186 -0.0773 -0.3875
vn -0.9174 -0.0841 -0.3889
vn -0.9178 -0.0944 -0.3855
vn -0.9162 -0.1178 -0.3830
vn -0.9198 0.0031 -0.3925
vn -0.9149 -0.0283 -0.4028
vn -0.5979 -0.1637 0.7846
vn -0.6111 -0.1601 0.7752
vn -0.6128 -0.1408 0.7776
vn -0.6332 -0.1095 0.7662
vn -0.6555 -0.0794 0.7510
vn -0.6655 -0.0545 0.7444
vn -0.6663 -0.0341 0.7449
vn -0.6691 0.0005 0.7432
vn -0.4502 -0.8041 0.3882
vn -0.2688 -0.8294 0.4897
vn -0.2704 -0.7082 0.6522
vn -0.5619 -0.5894 0.5804
vn -0.5648 -0.5536 0.6120
vn -0.6390 -0.3281 0.6957
vn -0.6488 -0.2978 0.7002
vn -0.6887 -0.1285 0.7135
vn -0.6743 -0.1722 0.7181
vn -0.6878 -0.1327 0.7136
vn 0.1666 -0.0590 0.9843
vn 0.1616 -0.0804 0.9836
vn 0.1132 -0.2550 0.9603
vn 0.0085 -0.5403 0.8414
vn 0.0630 -0.4006 0.9141
vn 0.1405 -0.1667 0.9759
vn -0.0788 -0.7384 0.6698
vn -0.1545 -0.8813 0.4466
vn -0.1266 -0.8236 0.5528
vn -0.5957 -0.7968 0.1009
vn -0.6347 -0.7472 0.1971
vn -0.6780 -0.7106 0.1878
vn -0.6438 -0.7474 0.1642
vn -0.6433 -0.7540 0.1333
vn -0.6361 -0.7630 0.1146
vn -0.5544 -0.4109 0.7238
vn -0.7492 -0.4216 0.5107
vn -0.6309 -0.2954 0.7175
vn -0.8159 -0.2855 0.5028
vn -0.6347 -0.2199 0.7408
vn -0.7226 -0.1346 0.6780
vn -0.4330 -0.5150 0.7398
vn -0.4579 -0.4792 0.7488
vn -0.5099 -0.4143 0.7539
vn -0.5571 -0.3411 0.7572
vn -0.7438 -0.0777 0.6639
vn -0.8585 -0.1139 0.4999
vn -0.8323 -0.1998 0.5171
vn 0.8028 0.0329 0.5953
vn 0.8057 0.0462 0.5905
vn 0.8077 0.0139 0.5894
vn 0.8062 -0.0028 0.5916
vn 0.8045 -0.0072 0.5939
vn 0.8037 -0.0356 0.5940
vn 0.8040 -0.0315 0.5938
vn 0.8036 -0.0607 0.5921
vn -0.1553 0.8771 0.4546
vn -0.2660 0.8306 0.4892
vn -0.1279 0.8241 0.5519
vn -0.2720 0.7104 0.6491
vn -0.0836 0.7428 0.6643
vn -0.0203 0.5804 0.8141
vn 0.0659 0.3980 0.9150
vn 0.1415 0.1673 0.9757
vn -0.0461 0.5097 0.8591
vn 0.0945 0.2809 0.9551
vn 0.1689 0.0581 0.9839
vn 0.1052 0.1754 0.9789
vn 0.1053 0.1753 0.9789
vn 0.1611 0.0798 0.9837
vn -0.6649 0.0536 0.7450
vn -0.6591 0.0716 0.7486
vn -0.6541 0.0817 0.7520
vn -0.6379 0.1004 0.7635
vn -0.6188 0.1346 0.7740
vn -0.6105 0.1676 0.7741
vn -0.6668 0.0335 0.7445
vn -0.6340 0.2827 0.7198
vn -0.6460 0.2202 0.7309
vn -0.7084 0.1414 0.6915
vn -0.7441 0.0755 0.6638
vn -0.5593 0.3381 0.7569
vn -0.5089 0.4149 0.7543
vn -0.4781 0.4901 0.7289
vn -0.5591 0.4120 0.7195
vn -0.7463 0.4244 0.5127
vn -0.8646 0.0907 0.4941
vn -0.8603 0.1246 0.4943
vn -0.8315 0.2226 0.5090
vn -0.7960 0.3439 0.4981
vn -0.6067 0.7773 0.1668
vn -0.6429 0.7352 0.2147
vn -0.6483 0.7370 0.1913
vn -0.5793 0.8042 0.1329
vn -0.6269 0.7690 0.1253
vn -0.5817 0.8061 0.1090
vn -0.6422 0.7531 0.1430
vn -0.6372 0.7514 0.1717
vn -0.5695 0.8078 0.1523
vn -0.4837 0.8646 0.1362
vn -0.2997 0.9289 -0.2173
vn -0.2376 0.9675 0.0866
vn -0.4529 0.8813 -0.1347
vn -0.3718 0.9229 0.0997
vn -0.6276 0.7493 -0.2111
vn -0.4980 0.8593 0.1163
vn -0.5545 0.8257 0.1033
vn -0.3557 0.9272 0.1174
vn -0.2263 0.9686 0.1029
vn -0.7293 0.1068 0.6758
vn -0.7207 0.1362 0.6797
vn -0.7158 0.0702 0.6948
vn 0.0950 0.9414 0.3237
vn -0.6720 0.1786 0.7187
vn -0.6740 0.1909 0.7136
vn -0.6451 0.3007 0.7025
vn -0.6408 0.3316 0.6924
vn -0.5645 0.5543 0.6116
vn -0.5618 0.5894 0.5805
vn -0.4473 0.8060 0.3876
vn -0.9174 0.0840 -0.3889
vn -0.9178 0.0944 -0.3855
vn -0.9098 0.1328 -0.3933
vn -0.9115 0.1306 -0.3901
vn -0.9162 0.1178 -0.3830
vn -0.9213 0.0604 -0.3841
vn -0.6989 0.0064 0.7152
vn -0.6616 0.0016 0.7499
vn -0.6906 -0.0678 0.7201
vn -0.7295 0.0144 0.6838
vn -0.6985 -0.0708 0.7121
vn -0.6914 -0.1118 0.7137
vn -0.8731 -0.0418 0.4857
vn -0.8733 0.0415 0.4854
vn -0.8755 0.0006 0.4833
vn 0.1707 -0.0279 0.9849
vn 0.1694 -0.0228 0.9853
vn 0.1698 0.0003 0.9855
vn 0.1696 0.0006 0.9855
vn -0.7273 -0.6657 0.1669
vn -0.9596 -0.1111 0.2586
vn -0.9519 -0.1056 0.2875
vn -0.9300 -0.2474 0.2717
vn -0.9350 -0.2511 0.2504
vn -0.9637 -0.1101 0.2431
vn -0.7328 -0.6493 0.2035
vn -0.7202 -0.6590 0.2168
vn -0.6718 -0.7133 0.1999
vn -0.8526 -0.4616 0.2450
vn -0.7983 -0.5550 0.2337
vn -0.8530 -0.4734 0.2197
vn 0.1707 0.0253 0.9850
vn 0.1694 0.0285 0.9851
vn -0.7150 0.6629 0.2222
vn -0.7322 0.6505 0.2017
vn -0.8532 0.4623 0.2414
vn -0.7923 0.5572 0.2486
vn -0.9560 0.0942 0.2777
vn -0.9567 0.1059 0.2713
vn -0.9296 0.2492 0.2716
vn -0.9345 0.2502 0.2531
vn -0.8517 0.4761 0.2190
vn -0.7246 0.6689 0.1661
vn -0.6920 0.0612 0.7193
vn -0.6652 0.0888 0.7414
vn -0.9597 -0.0420 0.2780
vn -0.9588 -0.0000 0.2839
vn -0.9577 0.0483 0.2836
vn 0.5592 -0.0289 0.8285
vn 0.5484 -0.0376 0.8354
vn 0.5712 0.0044 0.8208
vn 0.5594 0.0406 0.8279
vn 0.5698 0.0416 0.8207
vn 0.5766 0.0025 0.8170
vn 0.5681 0.0484 0.8216
vn 0.5669 -0.0338 0.8231
vn 0.4870 -0.0009 0.8734
vn 0.5121 -0.0552 0.8572
vn 0.6176 -0.1104 0.7787
vn 0.6057 0.0003 0.7957
vn 0.5831 0.0428 0.8112
vn 0.6067 0.0433 0.7938
vn 0.6203 0.0488 0.7828
vn 0.5222 0.0527 0.8512
vn 0.5850 -0.3111 0.7490
vn 0.5946 -0.0410 0.8029
vn 0.5817 -0.0375 0.8125
vn 0.3370 -0.0506 0.9401
vn 0.3358 -0.0525 0.9405
vn 0.3457 0.0422 0.9374
vn 0.3535 0.0140 0.9353
vn 0.4870 -0.0008 0.8734
vn 0.3477 -0.0273 0.9372
vn 0.3354 -0.0550 0.9405
vn 0.3358 -0.0526 0.9405
vn 0.3358 -0.0519 0.9405
vn 0.3359 -0.0517 0.9405
vn 0.3393 -0.0457 0.9396
vn 0.3291 0.0460 0.9432
vn 0.3412 0.0508 0.9386
vn 0.3422 0.0523 0.9382
vn 0.4616 -0.6030 0.6506
vn 0.4686 -0.6075 0.6413
vn 0.5249 -0.5422 0.6561
vn 0.3198 -0.7575 0.5691
vn 0.3488 -0.7529 0.5581
vn 0.3547 -0.7338 0.5794
vn 0.3806 -0.7171 0.5839
vn 0.4058 -0.6799 0.6108
vn 0.3504 -0.4289 0.8327
vn 0.4112 -0.6027 0.6838
vn 0.4335 -0.6598 0.6138
vn 0.4260 -0.6703 0.6076
vn 0.9891 -0.0312 0.1441
vn 0.9896 0.0052 0.1439
vn 0.9611 0.0044 0.2763
vn 0.5852 -0.0362 0.8101
vn 0.6855 -0.0397 0.7270
vn 0.6752 0.0037 0.7377
vn 0.7937 -0.0401 0.6070
vn 0.8508 0.0028 0.5254
vn 0.9013 -0.0355 0.4318
vn 0.9676 -0.0345 0.2503
vn 0.6763 0.0508 0.7348
vn 0.8473 0.0511 0.5287
vn 0.9580 0.0454 0.2832
vn 0.9134 0.3729 0.1634
vn 0.5561 0.5777 0.5975
vn 0.5074 0.6348 0.5827
vn 0.5453 0.5933 0.5921
vn 0.4115 0.4748 0.7779
vn 0.4600 0.6314 0.6243
vn 0.4698 0.6815 0.5611
vn 0.4461 0.7003 0.5573
vn 0.4074 0.7430 0.5311
vn 0.4073 0.7768 0.4803
vn 0.3773 0.7673 0.5185
vn 0.3955 0.7433 0.5395
vn 0.4641 0.6909 0.5544
vn -0.0020 0.7646 0.6445
vn -0.0069 0.7623 0.6472
vn 0.0136 0.7753 0.6315
vn 0.0146 0.7889 0.6143
vn 0.0126 0.7707 0.6371
vn 0.0125 0.7695 0.6386
vn -0.0634 -0.6943 0.7169
vn -0.0392 -0.7146 0.6984
vn -0.0390 -0.7159 0.6971
vn -0.0390 -0.7157 0.6973
vn -0.0393 -0.7147 0.6983
vn -0.0391 -0.7138 0.6993
vn -0.0391 -0.7137 0.6994
vn -0.0442 -0.7172 0.6954
vn -0.0441 -0.7172 0.6955
vn -0.0391 -0.7137 0.6993
vn -0.0449 -0.7177 0.6949
vn -0.6374 -0.0405 0.7694
vn -0.6062 -0.0667 0.7925
vn -0.5349 -0.1823 0.8250
vn -0.4383 -0.3002 0.8472
vn -0.3962 -0.3828 0.8346
vn -0.2117 -0.5704 0.7936
vn -0.2215 -0.5675 0.7930
vn -0.0833 -0.6790 0.7294
vn -0.6682 0.0472 0.7425
vn -0.6922 0.0153 0.7215
vn -0.6840 -0.0030 0.7294
vn -0.6678 -0.0083 0.7443
vn -0.6719 0.0047 0.7407
vn -0.6725 0.0034 0.7401
vn -0.6690 0.1187 0.7337
vn -0.5568 0.2850 0.7802
vn -0.6191 0.1271 0.7750
vn -0.5110 0.3208 0.7975
vn -0.5568 0.2851 0.7802
vn -0.3314 0.5258 0.7834
vn -0.4007 0.4519 0.7970
vn -0.2861 0.5704 0.7699
vn -0.1185 0.6962 0.7080
vn -0.1293 0.6896 0.7125
vn 0.3073 -0.3922 0.8671
vn 0.2464 -0.1862 0.9511
vn 0.2535 -0.1522 0.9553
vn 0.3376 -0.4107 0.8470
vn 0.2813 -0.2164 0.9349
vn 0.3144 -0.1667 0.9346
vn 0.4778 -0.8251 0.3014
vn 0.4740 -0.7728 0.4219
vn 0.4173 -0.7702 0.4823
vn 0.5790 -0.7980 0.1671
vn 0.5958 -0.7937 0.1226
vn 0.7209 -0.6863 0.0958
vn 0.5633 -0.7588 0.3269
vn 0.6636 -0.7125 0.2278
vn 0.7283 -0.6612 0.1802
vn 0.3688 -0.7659 0.5266
vn 0.3383 -0.7606 0.5540
vn 0.4364 -0.6867 0.5814
vn 0.9926 -0.0314 0.1172
vn 0.9925 -0.0271 0.1191
vn 0.9923 -0.0164 0.1226
vn 0.9921 0.0038 0.1252
vn 0.9924 -0.0298 0.1195
vn 0.9443 -0.2873 0.1604
vn 0.9406 -0.2792 0.1931
vn 0.9289 -0.2480 0.2751
vn 0.8865 -0.1971 0.4187
vn 0.9921 0.0214 0.1232
vn 0.9922 0.0304 0.1206
vn 0.9923 0.0382 0.1175
vn 0.9924 0.0435 0.1150
vn 0.9065 0.2320 0.3527
vn 0.9288 0.2533 0.2707
vn 0.9378 0.2844 0.1992
vn 0.9428 0.2904 0.1638
vn 0.3782 0.7826 0.4945
vn 0.4437 0.7810 0.4395
vn 0.4388 0.7904 0.4274
vn 0.6622 0.7175 0.2159
vn 0.7233 0.6811 0.1139
vn 0.4985 0.7968 0.3414
vn 0.5318 0.7757 0.3398
vn 0.5566 0.7887 0.2610
vn 0.6221 0.7672 0.1562
vn 0.6483 0.7546 0.1014
vn 0.2960 0.2409 0.9243
vn 0.2702 0.1914 0.9436
vn 0.3357 0.2113 0.9180
vn 0.3723 0.4321 0.8214
vn 0.5510 0.2118 0.8071
vn 0.6411 0.1642 0.7497
vn 0.6033 0.1940 0.7736
vn 0.6442 0.1383 0.7522
vn 0.6529 0.1140 0.7488
vn 0.4807 0.2546 0.8391
vn 0.4135 0.2504 0.8754
vn 0.4282 0.2086 0.8793
vn 0.3417 0.2396 0.9088
vn 0.5553 0.0708 0.8286
vn 0.5147 0.0349 0.8566
vn 0.5167 -0.0290 0.8556
vn 0.5413 -0.0538 0.8391
vn 0.6649 -0.0925 0.7412
vn 0.6730 -0.0707 0.7363
vn 0.6702 0.0015 0.7422
vn 0.5211 0.0012 0.8535
vn 0.6706 0.0295 0.7413
vn 0.6678 0.0595 0.7419
vn 0.3678 -0.4059 0.8366
vn 0.3751 -0.2139 0.9020
vn 0.4800 -0.2011 0.8539
vn 0.4864 -0.2532 0.8362
vn 0.5879 -0.1465 0.7956
vn 0.6332 -0.1447 0.7604
vn 0.5312 -0.3162 0.7860
vn 0.5824 -0.2340 0.7785
vn 0.6599 -0.1324 0.7396
vn 0.3190 -0.6441 0.6953
vn 0.3108 -0.6447 0.6984
vn 0.3228 -0.6435 0.6940
vn 0.3227 -0.6436 0.6940
vn 0.3277 -0.6387 0.6962
vn 0.3244 -0.6425 0.6942
vn 0.3231 -0.6429 0.6945
vn 0.3003 -0.6395 0.7077
vn 0.2915 -0.6190 0.7293
vn 0.3410 -0.6295 0.6982
vn 0.3750 -0.5959 0.7101
vn 0.4064 -0.5240 0.7485
vn 0.3947 -0.5632 0.7259
vn 0.4372 -0.4766 0.7627
vn 0.4395 -0.4440 0.7808
vn 0.4720 -0.8622 0.1839
vn 0.4791 -0.8635 0.1574
vn 0.4757 -0.8664 0.1521
vn 0.4226 -0.8559 0.2979
vn 0.3483 -0.8818 0.3179
vn 0.4605 -0.5339 0.7091
vn 0.7865 -0.5997 0.1474
vn 0.6070 -0.7835 0.1332
vn 0.5831 -0.8044 0.1137
vn 0.6087 -0.7778 0.1562
vn 0.8239 -0.5552 0.1140
vn 0.8505 -0.5149 0.1072
vn 0.8589 -0.4920 0.1422
vn 0.8596 -0.4726 0.1943
vn 0.3408 -0.0671 0.9377
vn 0.4823 -0.0304 0.8755
vn 0.4062 -0.1957 0.8926
vn 0.5525 -0.1128 0.8259
vn 0.7892 -0.3092 0.5306
vn 0.6375 -0.2129 0.7405
vn 0.8311 -0.3746 0.4111
vn 0.8434 -0.4262 0.3273
vn 0.8664 -0.4509 0.2147
vn 0.4299 0.0034 0.9029
vn 0.3309 0.0773 0.9405
vn 0.4862 0.0328 0.8733
vn 0.8323 0.5342 0.1480
vn 0.4445 0.2810 0.8506
vn 0.8170 0.4402 0.3725
vn 0.7077 0.3287 0.6254
vn 0.5792 0.1652 0.7983
vn 0.5092 0.0729 0.8575
vn 0.6637 0.7314 0.1567
vn 0.6184 0.7005 0.3564
vn 0.6504 0.7475 0.1347
vn 0.2019 0.9625 0.1810
vn 0.5378 0.4433 0.7171
vn 0.4775 0.8121 0.3353
vn 0.5349 0.8123 0.2325
vn 0.5623 0.8121 0.1558
vn 0.5604 0.8171 0.1358
vn 0.3631 0.5977 0.7148
vn 0.3710 0.6275 0.6846
vn 0.3769 0.6425 0.6672
vn 0.3805 0.6497 0.6581
vn 0.3827 0.6528 0.6537
vn 0.3831 0.6535 0.6528
vn 0.3810 0.6521 0.6555
vn 0.3766 0.6497 0.6604
vn 0.3798 0.6494 0.6588
vn 0.4048 0.6303 0.6625
vn 0.3723 0.4322 0.8213
vn 0.4363 0.5491 0.7129
vn 0.4736 0.3886 0.7904
vn 0.0034 -0.6422 0.7665
vn 0.0429 -0.5623 0.8258
vn 0.0016 -0.6831 0.7303
vn 0.1759 -0.2973 0.9384
vn 0.1838 -0.2793 0.9425
vn -0.0356 -0.7060 0.7074
vn -0.0384 -0.7048 0.7084
vn -0.0165 -0.7057 0.7083
vn 0.0013 -0.6811 0.7322
vn 0.3455 -0.0314 0.9379
vn 0.3512 -0.0009 0.9363
vn 0.3510 -0.0073 0.9364
vn 0.3505 -0.0114 0.9365
vn 0.3495 -0.0169 0.9368
vn 0.3480 -0.0231 0.9372
vn 0.3525 0.0100 0.9358
vn 0.3484 0.0342 0.9367
vn 0.3502 0.0307 0.9362
vn 0.3401 0.0139 0.9403
vn 0.3518 0.0207 0.9359
vn 0.3513 0.0273 0.9359
vn 0.0967 0.6153 0.7823
vn 0.0935 0.6224 0.7771
vn 0.0587 0.7309 0.6799
vn 0.0591 0.6948 0.7167
vn 0.0517 0.7149 0.6973
vn 0.0262 0.7350 0.6776
vn 0.0612 0.7329 0.6775
vn 0.0610 0.7375 0.6726
vn 0.0533 0.7307 0.6806
vn 0.5353 -0.0230 0.8444
vn 0.5341 -0.0510 0.8439
vn 0.5313 -0.0893 0.8424
vn 0.5380 -0.0594 0.8408
vn 0.5236 -0.1541 0.8379
vn 0.5338 -0.1245 0.8364
vn 0.5054 -0.2422 0.8282
vn 0.5101 -0.2365 0.8270
vn 0.4798 -0.3332 0.8116
vn 0.4758 -0.3583 0.8033
vn 0.3725 -0.8860 0.2760
vn 0.4199 -0.8840 0.2055
vn 0.3742 -0.8886 0.2655
vn 0.4602 -0.8671 0.1909
vn 0.4823 -0.8440 0.2348
vn 0.4281 -0.8739 0.2303
vn 0.4620 -0.8569 0.2287
vn 0.4374 -0.8671 0.2382
vn 0.4285 -0.8704 0.2423
vn 0.4583 -0.8707 0.1784
vn 0.2808 -0.8924 0.3533
vn 0.2840 -0.9297 0.2344
vn 0.2393 -0.8409 0.4855
vn 0.3821 -0.8786 0.2863
vn 0.3537 -0.8803 0.3161
vn 0.2070 -0.8702 0.4472
vn 0.2636 -0.9124 0.3132
vn 0.1816 -0.7899 0.5858
vn 0.1764 -0.7949 0.5805
vn 0.1591 -0.6726 0.7228
vn 0.1383 -0.5784 0.8039
vn 0.1500 -0.5377 0.8296
vn 0.2090 -0.8797 0.4272
vn 0.1861 -0.8520 0.4893
vn 0.1402 -0.3574 0.9234
vn 0.1220 -0.2738 0.9540
vn 0.1297 -0.0664 0.9893
vn 0.1712 -0.0069 0.9852
vn 0.1341 0.1122 0.9846
vn 0.4027 0.8616 0.3090
vn 0.1982 0.3381 0.9200
vn 0.2678 0.5855 0.7651
vn 0.2934 0.6377 0.7122
vn 0.3446 0.7970 0.4961
vn 0.3714 0.8634 0.3415
vn 0.5334 0.8318 0.1537
vn 0.5505 0.8221 0.1455
vn 0.4981 0.8406 0.2129
vn 0.4674 0.8528 0.2327
vn 0.4766 0.8488 0.2290
vn 0.4521 0.8541 0.2572
vn 0.5023 0.8361 0.2206
vn 0.5049 0.8406 0.1961
vn 0.5010 0.2710 0.8219
vn 0.5175 0.1828 0.8359
vn 0.5214 0.1440 0.8411
vn 0.5282 0.0866 0.8447
vn 0.5286 0.0673 0.8462
vn 0.5316 0.0301 0.8465
vn 0.5306 0.0293 0.8471
vn -0.1380 -0.6524 0.7452
vn -0.1532 -0.6389 0.7539
vn -0.3295 -0.4830 0.8113
vn -0.3361 -0.4816 0.8094
vn -0.4815 -0.2553 0.8385
vn -0.4884 -0.2541 0.8348
vn -0.5470 -0.0755 0.8337
vn -0.5600 -0.0585 0.8264
vn -0.5610 0.0351 0.8271
vn -0.5205 -0.0132 0.8538
vn -0.5535 0.0954 0.8273
vn -0.5535 0.1039 0.8264
vn -0.4833 0.2532 0.8380
vn -0.4778 0.2649 0.8376
vn -0.3230 0.4791 0.8162
vn -0.3149 0.4799 0.8188
vn -0.1267 0.6467 0.7521
vn -0.1058 0.6582 0.7454
vn 0.0465 0.7173 0.6952
vn 0.5319 0.0043 0.8468
vn 0.5342 -0.0114 0.8453
vn -0.9231 0.0002 0.3845
vn -0.9231 -0.0001 0.3845
vn -0.9232 -0.0000 0.3844
vn -0.9233 -0.0002 0.3842
vn -0.9231 -0.0002 0.3845
vn -0.9232 -0.0003 0.3842
vn -0.9231 -0.0002 0.3846
vn -0.9232 -0.0001 0.3843
vn -0.9175 0.0017 0.3977
vn -0.9174 0.0018 0.3980
vn -0.9179 0.0021 0.3969
vn -0.9175 0.0016 0.3976
vn -0.9185 0.0016 0.3955
vn -0.9179 0.0021 0.3968
vn -0.9197 0.0006 0.3927
vn -0.9197 0.0006 0.3926
vn -0.9205 0.0004 0.3908
vn -0.9221 -0.0001 0.3870
vn -0.9221 -0.0000 0.3870
vn -0.9223 0.0002 0.3866
vn -0.9223 0.0002 0.3864
vn -0.9221 -0.0001 0.3869
vn -0.9228 -0.0004 0.3852
vn -0.9229 -0.0002 0.3849
vn -0.9230 -0.0003 0.3848
vn -0.9232 -0.0002 0.3843
vn -0.9178 -0.0018 0.3970
vn -0.9173 -0.0038 0.3982
vn -0.9173 -0.0028 0.3982
vn -0.9178 -0.0018 0.3969
vn -0.9174 -0.0028 0.3980
vn -0.9176 -0.0015 0.3975
vn -0.9173 -0.0001 0.3981
vn -0.9176 -0.0014 0.3976
vn -0.9173 -0.0000 0.3981
vn -0.9174 -0.0007 0.3980
vn -0.9173 -0.0001 0.3982
vn -0.9173 -0.0002 0.3981
vn -0.9174 0.0017 0.3980
vn -0.9173 -0.0002 0.3982
vn -0.9175 0.0016 0.3977
vn -0.9204 -0.0011 0.3910
vn -0.9203 -0.0012 0.3912
vn -0.9203 -0.0011 0.3913
vn -0.9204 -0.0011 0.3909
vn -0.9198 -0.0010 0.3924
vn -0.9178 -0.0023 0.3971
vn -0.9188 -0.0005 0.3947
vn -0.9189 -0.0015 0.3944
vn -0.9190 -0.0015 0.3943
vn -0.9198 -0.0009 0.3924
vn -0.9199 -0.0013 0.3923
vn -0.9199 -0.0013 0.3922
vn -0.9199 -0.0010 0.3923
vn -0.9202 -0.0012 0.3914
vn -0.9173 -0.0036 0.3982
vn -0.9173 -0.0040 0.3982
vn -0.9174 -0.0029 0.3980
vn -0.9173 -0.0035 0.3982
vn -0.9174 -0.0028 0.3979
vn -0.9174 -0.0032 0.3980
vn -0.9178 -0.0022 0.3971
vn -0.9178 -0.0010 0.3971
vn -0.9188 -0.0005 0.3948
vn -0.9177 0.0121 0.3970
vn -0.9165 0.0186 0.3996
vn -0.9198 -0.0001 0.3925
vn -0.9193 0.0033 0.3935
vn -0.9193 0.0034 0.3935
vn -0.9197 -0.0003 0.3927
vn -0.9200 -0.0006 0.3919
vn -0.9201 -0.0006 0.3916
vn -0.9200 -0.0008 0.3918
vn -0.9202 -0.0014 0.3915
vn -0.0000 -0.0000 1.0000
vn -0.0000 -0.0000 -1.0000
vn 1.0000 -0.0000 -0.0000
vn 0.9808 -0.1951 -0.0000
vn 0.9239 -0.3827 -0.0000
vn 0.8315 -0.5556 -0.0000
vn 0.7071 -0.7071 -0.0000
vn 0.5556 -0.8315 -0.0000
vn 0.3827 -0.9239 -0.0000
vn 0.1951 -0.9808 -0.0000
vn -0.0000 -1.0000 -0.0000
vn -0.1951 -0.9808 -0.0000
vn -0.3827 -0.9239 -0.0000
vn -0.5556 -0.8315 -0.0000
vn -0.7071 -0.7071 -0.0000
vn -0.8315 -0.5556 -0.0000
vn -0.9239 -0.3827 -0.0000
vn -0.9808 -0.1951 -0.0000
vn -1.0000 -0.0000 -0.0000
vn -0.9808 0.1951 -0.0000
vn -0.9239 0.3827 -0.0000
vn -0.8315 0.5556 -0.0000
vn -0.7071 0.7071 -0.0000
vn -0.5556 0.8315 -0.0000
vn -0.3827 0.9239 -0.0000
vn -0.1951 0.9808 -0.0000
vn -0.0000 1.0000 -0.0000
vn 0.1951 0.9808 -0.0000
vn 0.3827 0.9239 -0.0000
vn 0.5556 0.8315 -0.0000
vn 0.7071 0.7071 -0.0000
vn 0.8315 0.5556 -0.0000
vn 0.9239 0.3827 -0.0000
vn 0.9808 0.1951 -0.0000
vn -0.9839 0.1786 -0.0000
vn -0.9362 0.3514 -0.0000
vn -0.8585 0.5129 -0.0000
vn -0.7531 0.6579 -0.0000
vn -0.6235 0.7818 -0.0000
vn -0.4739 0.8806 -0.0000
vn -0.3090 0.9511 -0.0000
vn -0.1342 0.9909 -0.0000
vn 0.0449 0.9990 -0.0000
vn 0.2225 0.9749 -0.0000
vn 0.3930 0.9195 -0.0000
vn 0.5509 0.8346 -0.0000
vn 0.6911 0.7228 -0.0000
vn 0.8090 0.5878 -0.0000
vn 0.9010 0.4339 -0.0000
vn 0.9640 0.2660 -0.0000
vn 0.9960 0.0896 -0.0000
vn 0.9960 -0.0896 -0.0000
vn 0.9640 -0.2660 -0.0000
vn 0.9010 -0.4339 -0.0000
vn 0.8090 -0.5878 -0.0000
vn 0.6911 -0.7228 -0.0000
vn 0.5509 -0.8346 -0.0000
vn 0.3930 -0.9195 -0.0000
vn 0.2225 -0.9749 -0.0000
vn 0.0449 -0.9990 -0.0000
vn -0.1342 -0.9910 -0.0000
vn -0.3090 -0.9511 -0.0000
vn -0.4739 -0.8806 -0.0000
vn -0.6235 -0.7818 -0.0000
vn -0.7531 -0.6579 -0.0000
vn -0.8585 -0.5129 -0.0000
vn -0.9362 -0.3514 -0.0000
vn -0.9839 -0.1786 -0.0000
vn -0.3675 0.7041 -0.6075
vn -0.3801 0.7201 -0.5805
vn -0.1942 0.8359 -0.5133
vn -0.4441 0.6251 -0.6419
vn -0.1898 0.8042 -0.5632
vn -0.3661 0.6881 -0.6265
vn -0.1799 0.8023 -0.5691
vn 0.0084 0.8714 -0.4904
vn 0.2183 0.9054 -0.3641
vn 0.2231 0.9013 -0.3713
vn 0.4246 0.8756 -0.2304
vn 0.5779 0.8119 -0.0825
vn 0.6012 0.7958 -0.0728
vn 0.7916 0.5483 0.2699
vn 0.8444 0.4736 0.2502
vn 0.7499 0.6559 0.0861
vn 0.2174 0.9346 -0.2814
vn 0.5756 0.8177 0.0083
vn -0.6037 0.6077 -0.5160
vn -0.4609 0.7931 -0.3983
vn -0.3329 0.8950 -0.2969
vn -0.1706 0.9325 -0.3185
vn -0.6053 0.6052 -0.5171
vn -0.0674 0.9570 -0.2823
vn 0.1271 0.9803 -0.1515
vn 0.0211 0.9992 -0.0337
vn 0.4908 0.8607 0.1354
vn 0.3932 0.8840 0.2528
vn 0.7262 0.5784 0.3716
vn 0.6159 0.6580 0.4334
vn -0.5895 0.5395 -0.6012
vn -0.5925 0.5358 -0.6015
vn -0.9462 0.0153 -0.3233
vn -0.7565 -0.5893 -0.2837
vn -0.9158 0.2676 -0.2994
vn -0.9492 0.1472 -0.2780
vn -0.9319 0.2497 -0.2631
vn -0.8253 0.5027 -0.2574
vn -0.8777 0.4194 -0.2319
vn -0.7940 0.5757 -0.1956
vn -0.6348 0.7513 -0.1807
vn -0.6359 0.7599 -0.1351
vn -0.4519 0.8850 -0.1120
vn -0.4099 0.9104 -0.0563
vn -0.1986 0.8823 -0.4267
vn -0.1535 0.9878 0.0273
vn -0.1279 0.9599 -0.2495
vn 0.2312 0.9648 0.1250
vn 0.0856 0.9913 0.0996
vn 0.2557 0.9552 0.1488
vn 0.5507 0.8033 0.2269
vn 0.4040 0.8951 0.1883
vn 0.6054 0.7598 0.2370
vn -0.9417 -0.1353 -0.3082
vn -0.9423 -0.1103 -0.3160
vn -0.9052 -0.3070 -0.2940
vn -0.2134 -0.9769 0.0089
vn -0.5331 -0.8402 -0.0998
vn -0.1948 -0.9808 -0.0134
vn -0.3978 -0.9134 -0.0857
vn -0.5875 -0.7940 -0.1563
vn -0.7679 -0.6121 -0.1891
vn -0.7353 -0.6425 -0.2158
vn -0.9521 -0.1464 -0.2686
vn -0.9159 -0.3107 -0.2541
vn -0.8293 -0.4963 -0.2567
vn 0.7834 0.2278 0.5782
vn 0.7780 0.2180 0.5892
vn 0.7885 -0.0210 0.6147
vn 0.7765 0.2749 0.5670
vn 0.6612 -0.5057 0.5541
vn 0.7191 -0.4373 0.5400
vn 0.8021 0.1600 0.5754
vn 0.8073 0.0638 0.5867
vn 0.7860 -0.2019 0.5843
vn 0.3705 -0.8587 0.3541
vn 0.1871 -0.9577 0.2185
vn 0.0735 -0.9947 0.0726
vn 0.1514 -0.9797 0.1314
vn 0.1515 -0.9797 0.1314
vn 0.3990 -0.8617 0.3135
vn 0.6097 -0.6424 0.4642
vn -0.5026 0.7752 -0.3828
vn -0.5326 0.7564 -0.3798
vn -0.3909 0.8906 -0.2323
vn 0.0850 0.9067 0.4131
vn 0.2546 0.8124 0.5245
vn 0.3358 0.8834 0.3267
vn 0.5679 0.6579 0.4946
vn 0.4281 0.6610 0.6162
vn 0.5162 0.5558 0.6516
vn -0.0822 0.9541 0.2879
vn -0.0378 0.9983 0.0435
vn -0.2902 0.9511 0.1061
vn -0.4750 0.8762 -0.0819
vn -0.5763 0.7929 -0.1979
vn -0.6373 0.7216 -0.2705
vn -0.6551 0.6102 -0.4455
vn -0.6593 0.6915 -0.2953
vn 0.7815 -0.4534 0.4285
vn 0.7564 -0.4567 0.4683
vn 0.7653 -0.3923 0.5104
vn -0.5051 0.8325 0.2275
vn -0.2483 0.8546 0.4562
vn -0.6723 0.7369 -0.0706
vn 0.0442 0.7542 0.6552
vn 0.3343 0.5495 0.7657
vn 0.5815 0.2644 0.7694
vn 0.6867 0.2470 0.6837
vn 0.5909 0.4428 0.6744
vn 0.7399 0.0968 0.6658
vn 0.7469 -0.0645 0.6618
vn 0.7670 -0.0455 0.6400
vn 0.7798 -0.2219 0.5854
vn 0.8061 -0.3748 0.4579
vn 0.7907 -0.4008 0.4627
vn 0.8001 -0.5024 0.3276
vn 0.8176 -0.4782 0.3207
vn 0.8028 -0.5426 0.2474
vn -0.3889 0.7924 0.4700
vn -0.1008 0.7208 0.6858
vn 0.1998 0.5528 0.8090
vn 0.4721 0.3122 0.8244
vn 0.6735 0.0460 0.7378
vn 0.7828 -0.1872 0.5935
vn 0.8196 -0.3509 0.4529
vn -0.8913 0.4497 -0.0577
vn -0.9271 0.3237 0.1887
vn -0.7870 0.5685 0.2397
vn -0.4375 -0.8856 -0.1557
vn -0.4999 -0.8565 -0.1283
vn -0.9819 -0.0074 0.1894
vn -0.9912 0.0130 0.1316
vn -0.9905 0.0112 0.1372
vn -0.9964 0.0319 0.0787
vn -0.6743 -0.7224 -0.1534
vn -0.8790 0.4767 0.0098
vn -0.9511 -0.1714 -0.2570
vn -0.9502 -0.1764 -0.2570
vn -0.9319 0.2496 -0.2631
vn -0.3457 0.8237 0.4494
vn -0.2876 0.7894 0.5424
vn -0.0919 0.9189 0.3836
vn -0.1242 0.8672 0.4822
vn 0.1679 0.9425 0.2891
vn 0.0122 0.9077 0.4195
vn 0.1784 0.9277 0.3280
vn -0.8615 0.0032 0.5077
vn -0.8858 0.1851 0.4255
vn -0.7596 0.4466 0.4728
vn -0.6760 0.4226 0.6037
vn -0.5746 0.6627 0.4803
vn -0.5547 0.5741 0.6022
vn -0.4269 0.6929 0.5811
vn 0.4791 0.8618 0.1668
vn 0.4238 0.8902 0.1673
vn 0.4027 0.8976 0.1795
vn -0.5841 0.7665 0.2670
vn -0.3364 0.9014 0.2727
vn -0.0645 0.9643 0.2569
vn 0.2111 0.9520 0.2216
vn 0.5459 0.8139 0.1989
vn -0.7315 0.6819 0.0011
vn -0.5137 0.8560 0.0579
vn -0.2575 0.9600 0.1096
vn 0.0162 0.9883 0.1516
vn 0.2883 0.9401 0.1818
vn -0.9203 0.0463 0.3886
vn -0.9203 0.0463 0.3885
vn -0.9667 0.1892 0.1723
vn -0.9441 0.3183 -0.0856
vn -0.1116 -0.9651 0.2367
vn -0.3798 -0.8457 0.3749
vn -0.5100 -0.7552 0.4118
vn -0.9168 -0.3961 -0.0511
vn -0.9620 -0.2009 0.1851
vn -0.9968 -0.0418 0.0681
vn -0.9990 -0.0096 0.0443
vn -0.8383 -0.3605 0.4091
vn -0.9575 0.0767 -0.2781
vn -0.9093 -0.4022 -0.1066
vn -0.8044 -0.5915 -0.0560
vn -0.5643 -0.8255 0.0111
vn -0.4391 -0.8815 0.1738
vn -0.3226 -0.9454 0.0453
vn -0.8584 0.4994 -0.1170
vn -0.9018 -0.3953 0.1747
vn -0.8143 -0.5476 0.1926
vn -0.5672 -0.8008 0.1923
vn -0.7457 -0.5015 0.4386
vn -0.8301 -0.3477 0.4359
vn -0.7869 0.6102 0.0917
vn -0.9529 -0.2255 0.2030
vn -0.8496 -0.0295 0.5267
vn -0.8715 0.2162 0.4402
vn -0.8507 -0.0208 0.5252
vn -0.8712 0.2201 0.4388
vn -0.7571 -0.3249 0.5667
vn -0.6761 -0.4725 0.5653
vn -0.4571 -0.7264 0.5132
vn -0.1606 -0.9058 0.3921
vn -0.0677 -0.9477 0.3120
vn 0.0596 -0.9116 0.4067
vn -0.0922 -0.8165 0.5699
vn 0.8193 0.4257 0.3841
vn 0.8215 0.4440 0.3576
vn 0.8134 0.3013 0.4976
vn 0.8036 0.3206 0.5015
vn 0.7792 0.2642 0.5684
vn 0.8004 0.3659 0.4748
vn 0.7760 0.3567 0.5202
vn 0.5014 -0.3862 0.7742
vn 0.7543 -0.0152 0.6564
vn 0.7109 -0.0552 0.7011
vn 0.8173 0.3462 0.4607
vn 0.3639 -0.7181 0.5932
vn 0.5212 -0.5418 0.6594
vn 0.6515 -0.3246 0.6857
vn 0.2183 -0.6518 0.7262
vn 0.2056 -0.8390 0.5037
vn -0.1647 -0.9565 0.2406
vn -0.3859 -0.8604 0.3328
vn -0.2964 -0.9460 0.1311
vn -0.4471 -0.8943 -0.0195
vn -0.6224 -0.7811 0.0508
vn -0.5761 -0.7984 -0.1749
vn -0.7073 -0.7010 -0.0913
vn -0.6667 -0.6704 -0.3257
vn -0.7340 -0.6775 -0.0480
vn -0.6573 -0.7458 0.1087
vn -0.4538 -0.8047 0.3828
vn -0.2702 -0.7897 0.5508
vn -0.1227 -0.7469 0.6535
vn 0.0322 -0.6775 0.7348
vn 0.1773 -0.5893 0.7882
vn 0.3183 -0.4816 0.8166
vn 0.6986 -0.0185 0.7153
vn 0.5000 -0.3025 0.8115
vn 0.7311 0.4058 0.5485
vn 0.7362 -0.6702 -0.0939
vn 0.8160 -0.5224 0.2475
vn 0.4423 0.2759 0.8534
vn 0.1558 0.5005 0.8516
vn -0.1529 0.6593 0.7362
vn -0.4423 0.7299 0.5212
vn -0.6569 0.7079 0.2597
vn -0.7296 0.6712 0.1309
vn 0.6612 0.0286 0.7497
vn 0.7958 -0.2098 0.5680
vn 0.8314 -0.3221 0.4527
vn 0.8295 -0.3727 0.4160
vn 0.5540 0.1403 0.8206
vn 0.2634 0.3877 0.8833
vn -0.0603 0.5739 0.8167
vn -0.3717 0.6768 0.6354
vn -0.6298 0.6829 0.3702
vn 0.8588 -0.4868 0.1598
vn 0.8519 -0.3819 0.3584
vn 0.8597 -0.3869 0.3335
vn 0.7652 -0.1338 0.6297
vn 0.8153 -0.0558 0.5764
vn 0.7792 -0.0989 0.6189
vn 0.5860 0.1996 0.7854
vn -0.5559 0.8111 0.1822
vn -0.5749 0.8167 0.0504
vn -0.4376 0.8770 0.1985
vn 0.8596 -0.4874 0.1532
vn 0.8486 -0.5099 0.1409
vn 0.8476 -0.3699 0.3804
vn 0.8005 -0.5736 0.1740
vn 0.8328 -0.3846 0.3982
vn -0.4867 0.8625 -0.1389
vn -0.4824 0.8630 -0.1500
vn -0.3735 0.9272 -0.0281
vn -0.4896 0.8620 -0.1315
vn -0.6575 0.6765 0.3319
vn -0.6915 0.6830 0.2353
vn -0.5819 0.7443 0.3276
vn -0.3950 0.8231 0.4080
vn -0.3130 0.7508 0.5816
vn -0.0033 0.6519 0.7583
vn 0.3108 0.4609 0.8313
vn 0.6746 0.2961 0.6762
vn 0.4393 0.5959 0.6723
vn 0.1475 0.8051 0.5745
vn -0.1616 0.9022 0.3998
vn 0.1082 0.9096 0.4012
vn 0.5185 0.6492 0.5565
vn 0.2414 0.8534 0.4620
vn 0.5224 0.6453 0.5574
vn -0.1138 0.9775 0.1777
vn 0.1717 0.9207 0.3506
vn 0.4404 0.7570 0.4827
vn 0.6376 0.5355 0.5538
vn 0.8173 0.3341 0.4694
vn 0.8085 0.1852 0.5586
vn 0.8660 -0.0102 0.4999
vn 0.8380 -0.2324 0.4937
vn 0.8193 -0.3549 0.4504
vn 0.8103 -0.4160 0.4128
vn 0.8125 -0.3923 0.4313
vn 0.4737 -0.8793 -0.0497
vn 0.7910 -0.5261 0.3123
vn 0.8004 -0.5207 0.2969
vn -0.8481 -0.0155 0.5296
vn -0.0015 0.8876 0.4607
vn 0.3668 0.9039 0.2201
vn -0.3800 0.6908 0.6151
vn -0.6134 0.4505 0.6486
vn -0.8613 -0.1271 0.4919
vn -0.8539 0.1469 0.4993
vn -0.8498 0.0504 0.5246
vn -0.8432 -0.0244 0.5371
vn -0.1166 -0.8851 0.4505
vn -0.3949 -0.7212 0.5692
vn -0.6089 -0.4961 0.6189
vn -0.7627 -0.2219 0.6075
vn -0.8092 -0.0860 0.5811
vn -0.7812 0.1222 0.6122
vn 0.4000 0.8841 0.2415
vn 0.3851 0.8933 0.2317
vn 0.0740 0.8689 0.4894
vn 0.0468 0.8826 0.4679
vn -0.2536 0.7133 0.6534
vn -0.3249 0.7033 0.6323
vn -0.4689 0.5285 0.7077
vn -0.7121 0.1718 0.6807
vn -0.8061 -0.0732 0.5872
vn -0.8343 0.0767 0.5459
vn 0.1245 -0.9142 0.3856
vn -0.6708 -0.3455 0.6562
vn -0.5799 -0.4789 0.6590
vn -0.3615 -0.7004 0.6154
vn -0.0825 -0.8630 0.4984
vn -0.0581 -0.8476 0.5274
vn -0.3325 -0.6813 0.6521
vn -0.5492 -0.4585 0.6987
vn -0.7116 -0.1909 0.6762
vn -0.7664 -0.0509 0.6403
vn 0.4974 0.3266 0.8037
vn 0.4994 0.1658 0.8504
vn 0.5597 0.2347 0.7948
vn 0.8033 -0.3780 0.4601
vn 0.8175 -0.3565 0.4524
vn 0.8388 -0.1904 0.5101
vn 0.6923 -0.1920 0.6956
vn 0.6823 -0.0238 0.7307
vn 0.5551 -0.1878 0.8103
vn 0.5462 -0.0620 0.8353
vn -0.0256 0.9528 -0.3025
vn 0.0835 0.9898 -0.1156
vn -0.0575 0.9723 -0.2267
vn 0.1203 0.9915 0.0497
vn -0.2959 0.9003 -0.3192
vn -0.0996 0.9903 -0.0965
vn -0.3701 0.9144 -0.1641
vn -0.1765 0.9843 -0.0042
vn -0.4645 0.8718 -0.1555
vn 0.1619 0.9865 0.0257
vn 0.2313 0.9580 0.1694
vn 0.1281 0.9821 0.1380
vn 0.4159 0.7277 0.5454
vn 0.3415 0.8633 0.3716
vn 0.3607 0.8297 0.4261
vn 0.2961 0.9059 0.3027
vn -0.4829 0.8628 -0.1495
vn -0.3544 0.9328 -0.0653
vn -0.0750 0.9896 0.1229
vn 0.2032 0.9331 0.2968
vn 0.4640 0.7657 0.4454
vn 0.4822 0.4740 0.7367
vn 0.5390 0.3795 0.7520
vn 0.4541 0.6108 0.6486
vn 0.5286 0.6340 0.5645
vn 0.7734 -0.0013 0.6339
vn 0.7629 0.1412 0.6309
vn 0.6798 0.4993 0.5372
vn 0.7789 0.0795 0.6221
vn 0.8092 0.1687 0.5628
vn 0.7712 -0.2651 0.5787
vn 0.7577 -0.4775 0.4448
vn 0.4858 -0.0143 0.8739
vn 0.6439 0.3278 0.6914
vn 0.7326 -0.4108 0.5426
vn 0.7285 -0.1167 0.6751
vn 0.4741 -0.6371 0.6078
vn 0.5416 -0.0364 0.8398
vn 0.3973 -0.3980 0.8269
vn 0.4343 -0.2747 0.8579
vn 0.2226 0.8305 0.5106
vn 0.5017 0.8539 0.1383
vn 0.1753 -0.7014 0.6908
vn 0.1738 -0.7041 0.6885
vn 0.1680 0.0469 0.9847
vn 0.2055 -0.0731 0.9759
vn 0.1752 0.0739 0.9818
vn 0.0931 -0.0433 0.9947
vn -0.1383 -0.3929 0.9091
vn -0.2175 -0.4596 0.8611
vn -0.6195 0.0909 0.7797
vn -0.6582 -0.3022 0.6895
vn -0.4201 0.0797 0.9040
vn -0.2177 0.5055 0.8349
vn -0.5014 -0.5555 0.6633
vn -0.4966 -0.5407 0.6790
vn -0.2708 -0.2221 0.9366
vn 0.4262 0.8900 0.1619
vn 0.0041 0.9582 -0.2861
vn -0.0676 0.8340 -0.5476
vn 0.1103 0.9799 -0.1663
vn 0.2845 0.9453 0.1596
vn 0.2752 0.8946 0.3520
vn 0.3090 0.7454 0.5906
vn 0.1613 0.7475 0.6443
vn 0.0654 0.8179 0.5717
vn -0.1472 0.6892 0.7095
vn -0.3626 0.5044 0.7836
vn -0.2712 0.3517 0.8959
vn -0.5873 -0.7076 0.3929
vn 0.0563 0.5550 0.8299
vn -0.0023 0.4487 0.8937
vn 0.1538 0.3541 0.9225
vn -0.2613 -0.8882 0.3779
vn 0.3295 0.5268 0.7835
vn -0.5366 0.2680 0.8002
vn -0.3495 0.2169 0.9115
vn -0.1203 0.1954 0.9733
vn 0.1151 0.2137 0.9701
vn 0.3157 0.2630 0.9117
vn -0.6195 0.0910 0.7797
vn -0.4999 -0.8515 -0.1580
vn -0.1783 0.0589 0.9822
vn 0.0930 -0.0047 0.9957
vn 0.2711 -0.0274 0.9621
vn 0.3649 -0.2505 0.8967
vn 0.3804 -0.1728 0.9085
vn -0.2708 -0.2221 0.9367
vn -0.2622 -0.1918 0.9458
vn 0.4042 -0.0201 0.9144
vn 0.4183 0.1316 0.8987
vn 0.4208 0.3341 0.8434
vn 0.3953 0.5836 0.7094
vn 0.3325 0.7980 0.5026
vn 0.2398 0.9376 0.2519
vn 0.1271 0.9917 -0.0214
vn 0.0927 -0.9893 0.1128
vn 0.0206 -0.9997 -0.0103
vn 0.1475 -0.9555 0.2553
vn 0.0257 0.3312 0.9432
vn 0.2327 0.1943 0.9529
vn 0.1843 0.0332 0.9823
vn 0.2531 0.5391 0.8033
vn 0.3613 0.1274 0.9237
vn 0.3643 0.0363 0.9306
vn 0.3520 0.4599 0.8152
vn 0.4041 0.2635 0.8759
vn 0.3888 0.3667 0.8452
vn 0.3687 0.0604 0.9276
vn 0.2217 0.0735 0.9724
vn 0.3736 -0.1925 0.9074
vn 0.2584 -0.0856 0.9622
vn 0.3540 -0.4321 0.8294
vn 0.2701 -0.3324 0.9036
vn 0.3128 -0.6402 0.7016
vn 0.2647 -0.5547 0.7888
vn 0.2620 -0.7807 0.5674
vn 0.2455 -0.7386 0.6279
vn 0.2051 -0.8988 0.3874
vn 0.0174 0.2540 0.9671
vn -0.1463 0.0195 0.9890
vn 0.0461 0.0177 0.9988
vn -0.2377 0.0429 0.9704
vn -0.2005 -0.0286 0.9793
vn 0.0929 -0.2270 0.9695
vn -0.1596 -0.1467 0.9762
vn 0.1334 -0.4562 0.8798
vn -0.0792 -0.3749 0.9237
vn 0.1777 -0.7009 0.6908
vn 0.0300 -0.6311 0.7751
vn 0.1980 -0.8998 0.3889
vn 0.1489 -0.8449 0.5138
vn 0.2068 -0.9272 0.3122
vn 0.0171 -0.8511 0.5247
vn 0.0970 -0.8642 0.4937
vn -0.1942 -0.7202 0.6661
vn 0.0497 -0.8087 0.5861
vn -0.3537 -0.5603 0.7489
vn -0.1503 -0.5935 0.7907
vn -0.4983 -0.3597 0.7888
vn -0.3083 -0.3416 0.8878
vn -0.5892 -0.2464 0.7695
vn -0.4132 -0.1170 0.9031
vn -0.6292 -0.0375 0.7763
vn -0.4624 0.0075 0.8866
vn -0.6410 0.2797 0.7148
vn -0.2592 -0.4852 0.8351
vn 0.1110 -0.9845 0.1357
vn 0.2426 -0.8538 0.4607
vn 0.3217 -0.6975 0.6403
vn 0.3810 -0.4959 0.7803
vn 0.4164 -0.2614 0.8708
vn 0.4239 0.0105 0.9057
vn -0.6410 0.2796 0.7148
vn -0.6334 -0.1672 0.7555
vn -0.6292 -0.0376 0.7763
vn -0.6330 0.7724 0.0517
vn -0.7664 -0.0510 0.6404
vn -0.4757 0.6210 0.6229
vn -0.1151 -0.2896 0.9502
vn -0.2377 0.0428 0.9704
vn -0.0652 -0.3848 0.9207
vn -0.1993 0.6942 0.6916
vn -0.2051 0.7079 0.6758
vn 0.7729 0.5025 0.3874
vn 0.8605 0.3104 0.4041
vn 0.8469 0.3728 0.3791
vn 0.6229 0.1074 0.7749
vn 0.5494 0.0722 0.8325
vn -0.3722 -0.9225 -0.1024
vn -0.2304 -0.9730 0.0118
vn 0.0538 -0.9859 0.1588
vn 0.6011 0.3976 0.6932
vn 0.6832 0.3247 0.6540
vn 0.6457 0.4009 0.6499
vn 0.4526 0.2407 0.8586
vn 0.4739 0.4056 0.7816
vn 0.5118 0.4178 0.7506
vn 0.5938 0.3091 0.7429
vn 0.4931 0.4663 0.7345
vn 0.5629 0.3951 0.7259
vn 0.8120 0.0121 0.5836
vn 0.8112 0.2167 0.5431
vn 0.7703 0.4309 0.4701
vn 0.7871 0.3768 0.4884
vn 0.7667 0.3397 0.5448
vn 0.6027 0.6705 0.4326
vn 0.5144 0.7771 0.3627
vn 0.6360 0.6137 0.4678
vn 0.6742 0.4119 0.6130
vn -0.4594 -0.8191 -0.3436
vn -0.4608 -0.8474 -0.2638
vn -0.3164 -0.9241 -0.2143
vn -0.6579 -0.6640 -0.3554
vn -0.2057 -0.9725 -0.1091
vn -0.4916 -0.8443 -0.2132
vn -0.0777 -0.9967 0.0249
vn 0.1260 -0.9805 0.1508
vn -0.0254 -0.9973 -0.0693
vn 0.2048 -0.9322 0.2984
vn 0.0647 -0.9944 0.0839
vn 0.2779 -0.8554 0.4370
vn 0.1688 -0.9566 0.2375
vn 0.3563 -0.7196 0.5960
vn 0.2700 -0.8848 0.3798
vn 0.4295 -0.5097 0.7455
vn 0.1838 -0.9400 0.2874
vn -0.0815 -0.9895 0.1196
vn 0.3081 -0.8601 0.4065
vn 0.0770 -0.9706 0.2282
vn 0.4221 -0.7483 0.5117
vn 0.2281 -0.9166 0.3284
vn 0.5214 -0.6080 0.5988
vn 0.3749 -0.8275 0.4180
vn 0.6068 -0.4402 0.6618
vn 0.5079 -0.7063 0.4932
vn 0.6675 -0.2635 0.6964
vn 0.6233 -0.5568 0.5490
vn 0.7095 0.1390 0.6908
vn 0.7806 -0.1930 0.5945
vn -0.1686 -0.9648 -0.2019
vn -0.1621 -0.9451 -0.2838
vn 0.0373 -0.9991 -0.0180
vn -0.1816 -0.9663 -0.1823
vn -0.3080 -0.9047 -0.2943
vn -0.4307 -0.8225 -0.3715
vn 0.3558 -0.7844 0.5080
vn 0.4303 -0.6491 0.6273
vn 0.4940 -0.4933 0.7160
vn 0.5396 -0.3154 0.7806
vn 0.5575 -0.1276 0.8203
vn 0.6095 0.0503 0.7912
vn 0.6989 -0.0648 0.7122
vn 0.7155 -0.3813 0.5854
vn 0.4702 -0.2560 0.8446
vn 0.4726 -0.0070 0.8813
vn -0.4663 -0.8570 -0.2196
vn -0.7600 -0.4755 -0.4430
vn -0.5471 -0.8231 -0.1524
vn -0.6381 -0.7344 -0.2314
vn -0.6046 -0.7733 -0.1910
vn -0.4684 -0.8785 -0.0940
vn -0.3045 -0.9521 0.0264
vn -0.1289 -0.9840 0.1231
vn 0.0273 -0.9746 0.2223
vn 0.1748 -0.9370 0.3026
vn 0.3350 -0.8665 0.3700
vn 0.4777 -0.7651 0.4317
vn 0.6172 -0.6231 0.4804
vn 0.7492 -0.4153 0.5160
vn 0.8229 -0.2262 0.5213
vn 0.8636 -0.0284 0.5034
vn 0.8709 0.1679 0.4619
vn 0.8606 0.2553 0.4407
vn 0.8408 0.3733 0.3921
vn 0.8369 0.3885 0.3857
vn 0.8491 0.3437 0.4011
vn 0.4111 -0.2466 0.8776
vn 0.1629 -0.8215 0.5464
vn 0.1203 0.9920 -0.0372
vn -0.0169 0.9546 -0.2974
vn 0.2484 0.9411 0.2293
vn 0.3547 0.8045 0.4765
vn 0.4290 0.5926 0.6817
vn 0.4639 0.3228 0.8250
vn 0.4481 -0.0380 0.8932
vn -0.0012 -0.9965 -0.0839
vn 0.4486 -0.0065 0.8937
vn 0.4270 0.2405 0.8717
vn 0.2426 0.7990 0.5502
vn 0.3943 0.3673 0.8424
vn 0.2617 -0.8577 0.4425
vn 0.4069 -0.4945 0.7680
vn 0.3256 0.6414 0.6947
vn 0.3249 0.6428 0.6937
vn -0.3123 -0.6533 -0.6897
vn -0.1538 -0.9096 -0.3860
vn -0.2737 -0.7379 -0.6169
vn -0.1900 -0.8708 -0.4534
vn -0.1008 -0.9586 -0.2663
vn -0.0644 -0.9751 -0.2122
vn -0.1694 -0.9008 -0.3997
vn -0.2416 -0.8015 -0.5471
vn -0.2759 -0.7477 -0.6040
vn -0.6535 -0.7304 -0.1985
vn -0.6096 -0.7747 -0.1681
vn -0.4765 -0.8762 -0.0716
vn 0.8660 0.0170 0.4997
vn 0.8372 -0.1703 0.5196
vn 0.7696 -0.3637 0.5249
vn 0.6501 -0.5671 0.5056
vn 0.4907 -0.7417 0.4572
vn 0.2667 -0.8918 0.3654
vn -0.0130 -0.9762 0.2164
vn -0.2258 -0.9701 0.0886
vn -0.4114 -0.7865 -0.4606
vn -0.4291 -0.7869 -0.4434
vn -0.5688 -0.7133 -0.4094
vn -0.4816 -0.7576 -0.4407
vn -0.5129 -0.7502 -0.4174
vn -0.3327 -0.8277 -0.4520
vn -0.4141 -0.7626 -0.4969
vn -0.4004 -0.7282 -0.5562
vn -0.4292 -0.6799 -0.5946
vn -0.3365 -0.7597 -0.5564
vn -0.1339 -0.9456 -0.2966
vn -0.2661 -0.8243 -0.4997
vn -0.2957 -0.7509 -0.5906
vn -0.0443 -0.9724 -0.2289
vn -0.2687 -0.7375 -0.6196
vn -0.2216 -0.7573 -0.6143
vn -0.2609 -0.7527 -0.6044
vn -0.1432 -0.8177 -0.5576
vn -0.2327 -0.2970 -0.9261
vn -0.2351 -0.2679 -0.9343
vn 0.0523 -0.8446 -0.5328
vn 0.0807 -0.9389 -0.3345
vn 0.1099 -0.7397 -0.6639
vn 0.0491 -0.7663 -0.6406
vn 0.0491 -0.7663 -0.6407
vn 0.2199 -0.8381 -0.4992
vn 0.0501 -0.1128 -0.9924
vn 0.8282 -0.3922 -0.4003
vn 0.8296 -0.3898 -0.3998
vn 0.7754 -0.5681 -0.2757
vn 0.7550 -0.5857 -0.2949
vn -0.0998 -0.7777 -0.6207
vn 0.1526 -0.8506 -0.5032
vn 0.3389 -0.8625 -0.3757
vn 0.3473 -0.7519 -0.5604
vn 0.3485 -0.6230 -0.7003
vn 0.2478 -0.6977 -0.6722
vn 0.4044 -0.5422 -0.7365
vn 0.0597 -0.9784 -0.1978
vn 0.1298 -0.9901 0.0539
vn 0.1977 -0.9731 0.1181
vn 0.2326 -0.9392 0.2526
vn 0.2085 -0.9053 0.3700
vn 0.4664 -0.8587 -0.2124
vn 0.5173 -0.7576 -0.3981
vn 0.5439 -0.6200 -0.5655
vn 0.5518 -0.5542 -0.6232
vn 0.2873 0.1845 -0.9399
vn 0.5191 -0.8544 -0.0238
vn 0.5756 -0.8177 0.0068
vn 0.6338 -0.7372 -0.2341
vn 0.6927 -0.6023 -0.3967
vn 0.7178 -0.4622 -0.5207
vn 0.7718 -0.4053 -0.4900
vn 0.6501 -0.5308 -0.5437
vn 0.6031 -0.6849 -0.4090
vn 0.3931 -0.9194 -0.0145
vn 0.3176 -0.9327 -0.1707
vn 0.1742 -0.9354 -0.3077
vn 0.0028 -0.9192 -0.3937
vn -0.1409 -0.8785 -0.4565
vn 0.1911 -0.9768 -0.0964
vn 0.2811 -0.9587 0.0429
vn 0.3055 -0.9337 0.1869
vn 0.2971 -0.9165 0.2678
vn 0.2715 -0.9139 0.3018
vn 0.3789 0.5458 -0.7473
vn 0.4426 0.4960 -0.7471
vn 0.7271 0.6618 -0.1825
vn 0.7721 0.5787 -0.2627
vn 0.8339 0.3651 -0.4139
vn 0.8412 0.2358 -0.4865
vn 0.8431 0.2342 -0.4841
vn 0.5553 -0.2063 -0.8056
vn 0.7254 0.5564 -0.4052
vn 0.3760 0.0602 -0.9247
vn 0.1727 0.9780 0.1169
vn -0.2776 0.2439 -0.9292
vn 0.1165 0.8492 -0.5151
vn 0.2047 0.8207 -0.5334
vn 0.2046 0.8207 -0.5334
vn 0.1111 0.8310 -0.5451
vn 0.0969 0.1795 -0.9790
vn 0.2879 0.8704 -0.3993
vn 0.3285 0.4502 -0.8303
vn 0.7271 0.6619 -0.1824
vn 0.6999 0.6443 -0.3083
vn 0.5721 0.6854 -0.4506
vn 0.3978 0.7142 -0.5759
vn 0.7693 0.5931 -0.2376
vn 0.6299 0.7766 -0.0085
vn 0.5924 0.8017 -0.0797
vn 0.4977 0.8605 -0.1091
vn 0.2593 0.9228 -0.2851
vn 0.1268 0.8759 -0.4656
vn -0.2596 0.7877 -0.5587
vn 0.3745 0.8222 0.4286
vn 0.2262 0.9450 0.2362
vn -0.2037 0.9779 0.0472
vn -0.3552 0.9320 -0.0715
vn -0.7214 0.4638 -0.5143
vn -0.2968 0.9385 -0.1762
vn -0.3758 0.8227 -0.4266
vn -0.5414 0.0266 -0.8403
vn -0.1610 0.8508 -0.5003
vn 0.8289 0.3991 0.3921
vn 0.8222 0.4349 0.3673
vn 0.8312 0.1493 0.5356
vn -0.1436 -0.7674 0.6249
vn -0.4304 -0.8118 0.3946
vn -0.4125 -0.7701 0.4866
vn -0.4261 -0.8532 0.3008
vn -0.6451 -0.7604 0.0755
vn -0.6765 -0.7294 0.1016
vn -0.6444 -0.7441 0.1760
vn -0.7331 -0.6799 0.0193
vn -0.6350 -0.7725 0.0073
vn -0.7674 -0.6409 -0.0179
vn -0.1043 -0.9616 0.2537
vn -0.4082 -0.9117 0.0473
vn -0.5417 -0.8385 -0.0589
vn -0.0968 -0.9825 0.1593
vn -0.7419 -0.6155 -0.2661
vn 0.7409 -0.3458 0.5757
vn 0.5173 -0.6627 0.5415
vn 0.2185 -0.8768 0.4283
vn 0.8552 0.0389 0.5168
vn -0.5379 -0.7671 0.3496
vn -0.2346 -0.7353 0.6358
vn -0.0055 -0.6404 0.7680
vn 0.1671 -0.6153 0.7704
vn 0.1726 -0.5338 0.8278
vn 0.3359 -0.4063 0.8498
vn 0.4590 -0.3715 0.8070
vn 0.5356 -0.2028 0.8198
vn 0.6882 -0.0660 0.7225
vn -0.2976 -0.9363 0.1866
vn -0.5318 -0.8417 0.0936
vn -0.3998 -0.8897 0.2205
vn -0.1039 -0.8904 0.4431
vn 0.2096 -0.7675 0.6058
vn 0.4984 -0.5329 0.6838
vn 0.7196 -0.2133 0.6608
vn 0.6737 -0.0136 0.7389
vn 0.7556 0.1416 0.6395
vn 0.8141 0.2594 0.5196
vn 0.8208 0.3603 0.4432
vn 0.8250 0.4768 0.3034
vn 0.8242 0.4824 0.2965
vn -0.7568 -0.6153 -0.2207
vn 0.8286 0.4072 0.3843
vn 0.8431 0.3465 0.4113
vn 0.8520 0.3142 0.4188
vn 0.8224 -0.4310 -0.3714
vn 0.2564 -0.9232 0.2863
vn 0.2271 -0.9430 0.2434
vn 0.5740 -0.8188 0.0057
vn 0.5550 -0.8315 -0.0243
vn 0.7911 -0.5382 -0.2907
vn 0.7776 -0.5590 -0.2877
vn 0.8333 -0.3837 -0.3981
vn 0.8513 0.2348 -0.4691
vn 0.8521 0.1895 -0.4878
vn 0.8509 0.3316 -0.4074
vn 0.6247 0.7809 -0.0038
vn 0.7766 0.5899 -0.2211
vn 0.8447 0.3284 -0.4226
vn 0.6200 0.7845 -0.0129
vn 0.7782 0.5874 -0.2222
vn 0.8501 -0.1976 0.4882
vn 0.8167 -0.3557 0.4543
vn 0.6838 0.5133 0.5186
vn 0.4697 0.7636 0.4431
vn 0.2029 0.9311 0.3032
vn -0.0851 0.9879 0.1294
vn -0.3607 0.9309 -0.0576
vn -0.4828 0.8628 -0.1497
vn 0.8175 0.1866 0.5448
vn 0.3133 -0.8445 0.4344
vn 0.4427 -0.8293 0.3410
vn 0.8247 0.4190 0.3798
vn -0.8002 -0.5696 -0.1875
vn -0.8198 -0.5036 -0.2727
vn 0.8231 0.4409 0.3580
vn 0.7531 0.6577 -0.0127
vn 0.8250 0.4459 0.3471
vn 0.8107 0.5247 0.2596
vn -0.8272 -0.3298 -0.4550
vn 0.7586 0.5992 0.2558
vn 0.7587 0.5992 0.2558
vn 0.7997 0.5327 0.2769
vn 0.5620 0.8270 -0.0136
vn 0.8094 0.4976 0.3120
vn 0.8331 -0.3837 -0.3983
vn 0.8381 -0.3522 -0.4165
vn 0.1997 -0.9616 0.1884
vn 0.5447 -0.8356 -0.0713
vn 0.7797 -0.5392 -0.3184
vn 0.8391 -0.3474 -0.4185
vn 0.8659 0.1871 -0.4638
vn 0.8707 0.1823 -0.4567
vn 0.8663 0.3295 -0.3755
vn 0.8612 0.2061 -0.4646
vn 0.6237 0.7816 -0.0074
vn 0.7890 0.5808 -0.2005
vn -0.8323 0.4099 -0.3731
vn -0.8158 0.5771 0.0382
vn -0.8153 0.2490 -0.5228
vn -0.8150 0.2481 -0.5237
vn -0.7639 0.6436 0.0485
vn -0.8497 0.4652 -0.2482
vn -0.1970 -0.9774 -0.0769
vn -0.1971 -0.9774 -0.0768
vn -0.2115 -0.9757 -0.0581
vn -0.5786 -0.7209 -0.3815
vn -0.2616 -0.9632 -0.0608
vn -0.6554 -0.5988 -0.4603
vn -0.6650 -0.5795 -0.4712
vn -0.6861 -0.6223 -0.3768
vn 0.3922 -0.8149 0.4268
vn -0.4814 -0.8185 -0.3136
vn -0.5495 -0.7470 -0.3741
vn -0.6482 -0.6074 -0.4593
vn -0.6843 -0.5418 -0.4881
vn -0.6839 -0.5424 -0.4880
vn -0.8201 -0.3944 -0.4146
vn 0.0367 -0.7170 0.6961
vn -0.8020 -0.2970 -0.5183
vn -0.8019 -0.2962 -0.5188
vn -0.7915 -0.1937 -0.5797
vn 0.5828 -0.8123 0.0223
vn 0.8763 -0.4709 -0.1017
vn 0.8167 -0.4809 -0.3191
vn 0.9017 -0.3411 0.2656
vn 0.8590 -0.4471 0.2493
vn 0.9157 -0.3740 0.1473
vn 0.8380 -0.3478 -0.4204
vn 0.8394 -0.3464 -0.4187
vn 0.9384 -0.3418 -0.0508
vn 0.8948 -0.3956 -0.2069
vn 0.7619 -0.6278 -0.1592
vn 0.8683 -0.1942 -0.4565
vn 0.8153 -0.5758 0.0605
vn 0.9580 -0.2810 0.0573
vn 0.8436 -0.4488 0.2947
vn 0.9189 -0.2339 0.3177
vn 0.9208 -0.2348 0.3114
vn 0.5554 -0.8293 -0.0614
vn 0.5897 -0.7876 0.1788
vn 0.5744 -0.7852 0.2313
vn 0.1851 -0.9741 0.1302
vn 0.3799 -0.9191 0.1041
vn 0.2142 -0.9646 0.1536
vn -0.0702 -0.9726 0.2214
vn 0.3840 -0.9092 0.1609
vn 0.0097 -0.9895 0.1439
vn 0.9457 0.1165 0.3036
vn 0.9423 0.1100 0.3162
vn 0.9173 0.2554 0.3055
vn 0.8995 0.3446 0.2684
vn 0.8893 0.2386 -0.3900
vn 0.6597 0.7512 0.0195
vn 0.7636 0.6457 0.0048
vn 0.9435 0.3303 -0.0270
vn 0.9022 0.4312 0.0042
vn 0.7231 0.6846 0.0920
vn 0.8370 0.5302 -0.1358
vn 0.8698 -0.4381 -0.2272
vn 0.7959 0.5912 0.1304
vn 0.9668 0.1924 0.1679
vn 0.9156 0.3435 0.2089
vn 0.7728 0.6023 0.2000
vn 0.8045 0.5240 0.2795
vn 0.9804 0.1589 0.1168
vn 0.7959 0.5911 0.1305
vn -0.7636 0.6369 -0.1064
vn -0.7924 0.2381 -0.5616
vn -0.7041 0.6680 -0.2408
vn -0.7897 0.2421 -0.5637
vn -0.7192 0.6810 -0.1379
vn 0.7315 -0.3931 0.5572
vn 0.6673 -0.5346 0.5185
vn 0.7118 -0.4332 0.5529
vn 0.6738 0.4780 0.5635
vn 0.7829 -0.1488 0.6041
vn 0.7544 -0.3269 0.5692
vn 0.7757 -0.2287 0.5883
vn 0.7600 0.2177 0.6123
vn 0.7116 0.4787 0.5143
vn 0.7845 0.2166 0.5810
vn 0.7857 -0.1502 0.6000
vn 0.7315 -0.3930 0.5572
vn 0.3849 -0.9006 0.2017
vn 0.6765 0.6928 0.2496
vn -0.7257 -0.4435 -0.5260
vn -0.6985 -0.5021 -0.5099
vn -0.6329 -0.6251 -0.4567
vn -0.6506 -0.5989 -0.4670
vn -0.1825 -0.9786 -0.0955
vn -0.1173 -0.9877 -0.1038
vn 0.6969 -0.4918 0.5219
vn -0.4712 -0.8183 -0.3293
vn 0.1255 -0.9705 -0.2060
vn 0.1776 -0.9647 -0.1943
vn 0.1762 -0.9650 -0.1943
vn 0.2154 -0.9574 -0.1924
vn 0.2147 -0.9573 -0.1934
vn -0.6639 -0.6208 -0.4170
vn -0.6744 -0.6068 -0.4207
vn -0.5275 -0.7371 -0.4224
vn -0.6953 -0.5263 -0.4894
vn -0.5285 -0.6721 -0.5186
vn -0.5115 -0.6718 -0.5358
vn -0.4173 -0.6927 -0.5883
vn -0.2773 -0.6939 -0.6646
vn -0.3048 -0.6761 -0.6708
vn -0.1358 -0.6722 -0.7278
vn -0.1455 -0.6797 -0.7189
vn -0.1653 -0.7281 -0.6652
vn -0.0697 -0.6670 -0.7418
vn -0.0723 -0.6719 -0.7371
vn -0.0583 -0.6550 -0.7534
vn -0.0724 -0.6723 -0.7367
vn -0.0739 -0.6763 -0.7329
vn -0.0829 -0.7055 -0.7039
vn -0.0904 -0.7239 -0.6840
vn -0.0967 -0.6963 -0.7112
vn -0.1006 -0.6775 -0.7286
vn -0.1019 -0.6714 -0.7341
vn -0.1027 -0.6693 -0.7359
vn -0.1035 -0.6663 -0.7385
vn -0.1034 -0.6649 -0.7397
vn -0.0351 -0.6912 -0.7218
vn 0.0046 -0.6749 -0.7379
vn 0.0105 -0.6688 -0.7434
vn 0.0779 -0.9936 0.0823
vn 0.4630 -0.8616 0.2080
vn 0.7721 -0.5625 0.2957
vn 0.9033 -0.2811 0.3240
vn 0.9352 -0.1378 0.3261
vn 0.9327 0.1642 0.3212
vn 0.7786 0.5551 0.2927
vn 0.8952 0.3115 0.3188
vn -0.0912 0.6686 -0.7380
vn -0.0895 0.6759 -0.7315
vn -0.1129 0.6739 -0.7301
vn -0.0919 0.6660 -0.7403
vn -0.1181 0.6683 -0.7345
vn -0.0924 0.6656 -0.7406
vn -0.1180 0.6683 -0.7345
vn -0.0876 0.6845 -0.7237
vn -0.0488 0.6558 -0.7534
vn -0.0675 0.6796 -0.7305
vn -0.0649 0.6733 -0.7365
vn -0.0637 0.6706 -0.7390
vn -0.0633 0.6699 -0.7397
vn -0.0593 0.6636 -0.7458
vn -0.0248 0.6971 -0.7165
vn 0.0158 0.6747 -0.7379
vn 0.0226 0.6684 -0.7435
vn -0.1790 0.6779 -0.7131
vn -0.2299 0.6875 -0.6888
vn -0.3092 0.6907 -0.6537
vn -0.4381 0.6731 -0.5959
vn -0.4467 0.6735 -0.5890
vn -0.6243 0.5975 -0.5032
vn -0.5366 0.6747 -0.5069
vn -0.6638 0.5977 -0.4497
vn -0.6601 0.6019 -0.4494
vn 0.2068 0.8712 -0.4452
vn 0.2016 0.8755 -0.4391
vn 0.1447 0.9281 -0.3432
vn 0.1001 0.8746 -0.4744
vn 0.0767 0.9159 -0.3940
vn 0.0640 0.8934 -0.4448
vn 0.0649 0.8933 -0.4447
vn 0.6401 -0.4500 0.6227
vn 0.6260 -0.4526 0.6350
vn 0.6739 -0.3903 0.6273
vn 0.7236 -0.3765 0.5784
vn 0.6498 -0.5026 0.5702
vn 0.7197 -0.3615 0.5928
vn 0.6511 -0.4799 0.5880
vn 0.7171 -0.3363 0.6104
vn 0.6763 -0.4908 0.5492
vn 0.8172 0.2592 0.5148
vn 0.8077 -0.0597 0.5865
vn 0.8591 0.2411 0.4515
vn 0.8242 -0.0494 0.5641
vn 0.7484 -0.2575 0.6113
vn 0.8653 0.1209 0.4865
vn 0.6635 -0.3928 0.6367
vn 0.6626 -0.3950 0.6364
vn 0.7473 -0.2547 0.6137
vn -0.2783 -0.3181 0.9063
vn -0.2785 -0.3179 0.9063
vn -0.2797 -0.3166 0.9064
vn -0.2784 -0.3181 0.9063
vn -0.2798 -0.3166 0.9064
vn -0.2827 -0.3166 0.9054
vn -0.2826 -0.3140 0.9064
vn -0.2825 -0.3155 0.9059
vn -0.2830 -0.3166 0.9053
vn -0.2829 -0.3164 0.9055
vn -0.2764 -0.3201 0.9062
vn -0.2801 -0.3148 0.9069
vn -0.2830 -0.3133 0.9065
vn -0.2828 -0.3135 0.9065
vn -0.2826 -0.3139 0.9064
vn -0.2786 -0.3179 0.9063
vn -0.2773 -0.3199 0.9060
vn -0.2798 -0.3165 0.9064
vn -0.2762 -0.3215 0.9057
vn 0.1496 -0.9851 -0.0848
vn 0.1272 -0.9891 -0.0746
vn 0.1395 -0.9825 -0.1232
vn 0.1435 -0.9801 -0.1372
vn 0.1935 -0.9650 -0.1773
vn 0.1985 -0.9626 -0.1843
vn 0.0312 -0.9627 -0.2686
vn -0.0052 -0.9467 -0.3222
vn -0.0219 -0.9336 -0.3576
vn -0.3970 -0.8315 -0.3887
vn 0.4531 -0.6585 -0.6009
vn 0.3877 -0.6625 -0.6409
vn 0.3952 -0.6852 -0.6119
vn 0.1012 -0.6829 -0.7235
vn 0.1563 -0.6926 -0.7042
vn 0.2561 -0.7040 -0.6624
vn 0.3193 -0.6905 -0.6491
vn 0.5259 -0.6468 -0.5524
vn 0.5828 -0.6106 -0.5362
vn 0.6263 -0.5891 -0.5107
vn 0.6335 -0.5914 -0.4989
vn 0.6389 -0.5863 -0.4980
vn 0.6388 0.5864 -0.4981
vn 0.6396 0.5879 -0.4953
vn 0.6192 0.5989 -0.5079
vn 0.4004 0.6925 -0.6001
vn 0.4929 0.6396 -0.5898
vn 0.4940 0.6589 -0.5673
vn 0.5609 0.6340 -0.5324
vn 0.6206 0.5939 -0.5120
vn 0.3613 0.6840 -0.6337
vn 0.3066 0.6844 -0.6615
vn 0.2577 0.6716 -0.6946
vn 0.1491 0.6811 -0.7168
vn 0.1145 0.6793 -0.7249
vn -0.6996 0.5520 -0.4536
vn -0.6994 0.5527 -0.4531
vn -0.6942 0.5680 -0.4421
vn 0.2988 0.8345 -0.4630
vn 0.3876 0.8174 -0.4261
vn 0.4008 0.8042 -0.4388
vn 0.2985 0.8381 -0.4566
vn 0.3536 0.7726 -0.5273
vn 0.4130 0.7974 -0.4400
vn 0.1753 0.8808 -0.4397
vn 0.1735 0.8816 -0.4390
vn 0.1570 0.8853 -0.4377
vn 0.1560 0.8872 -0.4342
vn 0.1074 0.9090 -0.4028
vn 0.1024 0.8935 -0.4372
vn 0.1014 0.8928 -0.4388
vn 0.0711 0.8970 -0.4362
vn -0.1977 0.2018 0.9593
vn -0.1963 0.2031 0.9593
vn -0.1725 0.2139 0.9615
vn -0.1934 0.2053 0.9594
vn -0.1883 0.2086 0.9597
vn -0.1815 0.2122 0.9602
vn -0.1739 0.2152 0.9609
vn -0.1666 0.2171 0.9618
vn -0.1539 0.2187 0.9636
vn -0.1596 0.2187 0.9627
vn -0.1563 0.2183 0.9633
vn -0.1600 0.2181 0.9627
vn 0.2070 -0.9680 -0.1421
vn 0.1800 -0.9767 -0.1165
vn -0.1496 -0.8996 -0.4102
vn 0.6511 -0.5801 -0.4894
vn 0.6507 -0.5801 -0.4899
vn 0.6426 -0.5944 -0.4835
vn 0.6495 0.5762 -0.4961
vn 0.6451 0.5817 -0.4954
vn 0.6424 0.5916 -0.4871
vn -0.0848 0.8629 -0.4983
vn 0.0436 0.8751 -0.4819
vn -0.0849 0.8624 -0.4990
vn 0.0485 0.8751 -0.4816
vn -0.0853 0.8622 -0.4993
vn 0.4256 0.8166 -0.3898
vn 0.4075 0.8317 -0.3772
vn 0.3591 0.8605 -0.3613
vn 0.3860 0.8613 -0.3303
vn 0.3886 0.8594 -0.3323
vn 0.4088 0.8307 -0.3779
vn 0.3218 0.8592 -0.3978
vn 0.3852 0.8622 -0.3290
vn 0.4060 0.8340 -0.3735
vn 0.3337 0.8432 -0.4214
vn 0.6464 -0.5206 -0.5578
vn 0.6462 -0.5409 -0.5384
vn 0.6522 -0.5721 -0.4973
vn 0.6475 -0.5724 -0.5031
vn 0.6233 0.5718 -0.5334
vn 0.6548 0.5498 -0.5187
vn 0.6350 0.5513 -0.5412
vn 0.6603 0.5318 -0.5304
vn -0.4772 -0.7974 -0.3693
vn -0.5217 -0.7727 -0.3617
vn -0.5405 -0.7663 -0.3474
vn -0.5406 -0.7662 -0.3474
vn -0.6509 -0.6217 -0.4357
vn -0.7161 -0.5264 -0.4584
vn -0.1800 -0.9394 0.2919
vn -0.2482 -0.8943 -0.3722
vn -0.3138 -0.8799 -0.3567
vn -0.3513 -0.9311 -0.0983
vn -0.7440 -0.3071 -0.5934
vn -0.7566 -0.3092 -0.5762
vn -0.7590 -0.3095 -0.5728
vn -0.7243 -0.3114 -0.6152
vn -0.7271 -0.3114 -0.6118
vn -0.7321 -0.3075 -0.6078
vn -0.7397 -0.3073 -0.5987
vn -0.7624 0.3071 -0.5696
vn -0.7649 0.3044 -0.5676
vn -0.7514 0.3173 -0.5786
vn -0.7361 0.3069 -0.6033
vn -0.7323 0.3071 -0.6078
vn -0.7267 0.3102 -0.6129
vn -0.5360 0.7692 -0.3478
vn -0.5175 0.7812 -0.3493
vn -0.4904 0.7899 -0.3681
vn -0.5030 0.8472 0.1710
vn -0.7081 0.3315 -0.6234
vn -0.6545 0.6187 -0.4345
vn -0.5551 0.7940 -0.2477
vn -0.3899 0.8895 -0.2383
vn -0.2226 0.9457 -0.2370
vn -0.6860 -0.3372 -0.6448
vn -0.6721 -0.3443 -0.6555
vn -0.7038 -0.3241 -0.6322
vn -0.7203 -0.3213 -0.6148
vn -0.8738 -0.0778 -0.4800
vn -0.8742 -0.0777 -0.4793
vn -0.8748 -0.1151 -0.4706
vn -0.8644 -0.1435 -0.4819
vn -0.8613 -0.1840 -0.4736
vn -0.8333 -0.2281 -0.5035
vn -0.8332 -0.2171 -0.5085
vn -0.8107 -0.2673 -0.5208
vn -0.7925 -0.2880 -0.5376
vn -0.7849 -0.2905 -0.5473
vn -0.7732 -0.3044 -0.5563
vn -0.7902 0.2861 -0.5420
vn -0.7829 0.2934 -0.5486
vn -0.8145 0.2633 -0.5169
vn -0.8351 0.2288 -0.5002
vn -0.8279 0.2274 -0.5126
vn -0.8640 0.1459 -0.4820
vn -0.8727 0.0809 -0.4815
vn -0.8751 0.0813 -0.4771
vn -0.9024 0.1015 -0.4187
vn -0.8602 0.1625 -0.4833
vn -0.8561 0.1955 -0.4784
vn -0.7130 0.3170 -0.6255
vn -0.6895 0.3361 -0.6416
vn -0.6710 0.3446 -0.6565
vn -0.6721 0.3444 -0.6555
vn -0.8757 -0.0025 -0.4828
vn -0.8749 -0.0023 -0.4842
vn -0.8886 -0.0587 -0.4549
vn -0.8561 -0.0244 -0.5162
vn -0.8750 0.0384 -0.4826
vn -0.8750 0.0383 -0.4826
vn 0.5084 0.5243 -0.6831
vn 0.4951 0.5229 -0.6939
vn 0.4975 0.5210 -0.6935
vn 0.5126 0.5272 -0.6777
vn 0.5271 0.5282 -0.6658
vn 0.5278 0.5199 -0.6716
vn 0.6060 0.4881 -0.6281
vn 0.5652 0.5011 -0.6554
vn 0.5654 0.5100 -0.6483
vn 0.5651 0.5011 -0.6554
vn 0.5431 0.5283 -0.6527
vn 0.4795 0.5611 -0.6748
vn 0.4671 0.5437 -0.6973
vn 0.4524 0.5992 -0.6605
vn 0.5113 0.5119 -0.6903
vn 0.3702 0.6519 -0.6618
vn 0.4221 0.6301 -0.6518
vn 0.4724 0.6119 -0.6344
vn -0.3299 0.9344 -0.1342
vn -0.3311 0.9348 -0.1285
vn -0.3166 0.9392 -0.1328
vn -0.3023 0.9443 -0.1300
vn -0.3285 0.9348 -0.1353
vn -0.3300 0.9344 -0.1342
vn -0.3272 0.9355 -0.1334
vn -0.3286 0.9347 -0.1353
vn -0.3248 0.9364 -0.1325
vn -0.3178 0.9396 -0.1274
vn 0.2656 0.9639 -0.0162
vn 0.2312 0.9727 -0.0207
vn 0.2643 0.9643 -0.0163
vn 0.2220 0.9747 -0.0267
vn 0.1244 0.9912 -0.0449
vn 0.1087 0.9932 -0.0411
vn 0.0204 0.9982 -0.0561
vn -0.2008 0.9731 -0.1127
vn -0.1368 0.9859 -0.0965
vn -0.1470 0.9826 -0.1137
vn -0.0547 0.9960 -0.0705
vn -0.0797 0.9918 -0.0999
vn 0.0095 0.9973 -0.0722
vn -0.2061 0.9719 -0.1139
vn -0.2436 0.9623 -0.1212
vn -0.2700 0.9547 -0.1249
vn -0.1525 0.9679 0.1997
vn -0.1366 0.9683 0.2093
vn -0.1218 0.9758 0.1818
vn -0.1112 0.9785 0.1737
vn 0.3399 0.9347 -0.1043
vn 0.2551 0.9668 -0.0157
vn 0.2663 0.9638 -0.0156
vn 0.2654 0.9640 -0.0157
vn 0.2663 0.9638 -0.0155
vn 0.2660 0.9638 -0.0156
vn 0.2644 0.9643 -0.0163
vn 0.2659 0.9639 -0.0157
vn 0.2657 0.9639 -0.0162
vn 0.0306 0.9994 -0.0157
vn 0.0310 0.9994 -0.0157
vn 0.0535 0.9984 -0.0157
vn 0.0537 0.9984 -0.0158
vn 0.0795 0.9967 -0.0159
vn 0.0818 0.9965 -0.0161
vn 0.1120 0.9936 -0.0161
vn 0.1181 0.9929 -0.0163
vn 0.1480 0.9889 -0.0162
vn 0.1583 0.9872 -0.0163
vn 0.1849 0.9826 -0.0162
vn 0.1983 0.9800 -0.0160
vn 0.2220 0.9749 -0.0159
vn 0.3048 0.9452 -0.1173
vn -0.0412 0.9990 -0.0177
vn -0.0736 0.9970 -0.0218
vn -0.0902 0.9958 -0.0134
vn -0.0402 0.9991 -0.0157
vn 0.0011 0.9999 -0.0157
vn 0.0001 0.9999 -0.0157
vn -0.2321 0.9615 0.1471
vn -0.2266 0.9636 0.1421
vn -0.2325 0.9649 0.1220
vn -0.2538 0.9594 0.1234
vn -0.2158 0.9720 0.0933
vn -0.2357 0.9672 0.0945
vn -0.1949 0.9787 0.0644
vn -0.2079 0.9762 0.0626
vn -0.1687 0.9850 0.0356
vn -0.1713 0.9847 0.0311
vn -0.1361 0.9907 0.0084
vn -0.1247 0.9922 0.0028
vn -0.2040 0.9643 0.1687
vn -0.1919 0.9653 0.1771
vn -0.1821 0.9697 0.1628
vn -0.1586 0.9697 0.1860
vn 0.5675 -0.4983 -0.6555
vn 0.5958 -0.4798 -0.6441
vn 0.5339 -0.5132 -0.6720
vn 0.5107 -0.5233 -0.6822
vn 0.5005 -0.5222 -0.6905
vn 0.4939 -0.5258 -0.6925
vn 0.3998 -0.6415 -0.6547
vn 0.3541 -0.6677 -0.6548
vn 0.4212 -0.6123 -0.6690
vn 0.5014 -0.5461 -0.6712
vn 0.4726 -0.5576 -0.6825
vn 0.4961 -0.5961 -0.6313
vn 0.4822 -0.6113 -0.6276
vn 0.0250 -0.9331 -0.3588
vn -0.0076 -0.9291 -0.3698
vn -0.0076 -0.9297 -0.3683
vn -0.0494 -0.9243 -0.3784
vn -0.0484 -0.9238 -0.3797
vn -0.0619 -0.9234 -0.3789
vn -0.0650 -0.9192 -0.3884
vn -0.0853 -0.9195 -0.3836
vn -0.0646 -0.9188 -0.3894
vn -0.0613 -0.9208 -0.3851
vn -0.0701 -0.9171 -0.3924
vn -0.0763 -0.9157 -0.3946
vn -0.0887 -0.9155 -0.3925
vn -0.1183 -0.9156 -0.3843
vn -0.0975 -0.9197 -0.3803
vn -0.1155 -0.9121 -0.3933
vn -0.0750 -0.9210 -0.3822
vn -0.1619 -0.9116 -0.3777
vn -0.1315 -0.9177 -0.3749
vn -0.1578 -0.9093 -0.3852
vn -0.1389 -0.9093 -0.3924
vn -0.1292 -0.9107 -0.3924
vn -0.1221 -0.9110 -0.3938
vn -0.0957 -0.9144 -0.3934
vn -0.1679 -0.9055 -0.3897
vn -0.2198 -0.8950 -0.3882
vn -0.2137 -0.8963 -0.3886
vn -0.2791 -0.8762 -0.3930
vn -0.3242 -0.8602 -0.3936
vn -0.3310 -0.8594 -0.3897
vn -0.3032 -0.8679 -0.3935
vn -0.2693 -0.8797 -0.3920
vn -0.3363 -0.8556 -0.3935
vn -0.3455 -0.8529 -0.3915
vn -0.4099 -0.8318 -0.3743
vn -0.4001 -0.8326 -0.3831
vn -0.4366 -0.8169 -0.3769
vn -0.4546 -0.8116 -0.3671
vn -0.6191 -0.6151 -0.4882
vn -0.5037 -0.7797 -0.3720
vn -0.6724 -0.4742 -0.5684
vn -0.8441 -0.3376 -0.4166
vn -0.8417 -0.3366 -0.4221
vn -0.8417 -0.3382 -0.4209
vn -0.8418 -0.3367 -0.4220
vn -0.8420 -0.3391 -0.4197
vn -0.8419 -0.3390 -0.4198
vn -0.8408 -0.3374 -0.4234
vn -0.8400 -0.3383 -0.4241
vn -0.8205 -0.3382 -0.4609
vn -0.8227 -0.3412 -0.4548
vn -0.8008 -0.3437 -0.4905
vn -0.7844 -0.3447 -0.5156
vn -0.7644 -0.3517 -0.5404
vn -0.7551 -0.3506 -0.5539
vn -0.7271 -0.3516 -0.5896
vn -0.7095 -0.3507 -0.6112
vn -0.6925 -0.3512 -0.6301
vn -0.6824 -0.3502 -0.6416
vn -0.6862 -0.3435 -0.6412
vn -0.6803 -0.3487 -0.6447
vn 0.0343 -0.9845 -0.1720
vn -0.0540 -0.9755 -0.2132
vn 0.0080 -0.9640 -0.2657
vn -0.0186 -0.9614 -0.2745
vn 0.0691 -0.9593 -0.2737
vn 0.0828 -0.9583 -0.2735
vn 0.0891 -0.9554 -0.2815
vn -0.5385 -0.8423 0.0212
vn -0.4619 -0.8866 -0.0256
vn -0.4963 -0.8680 0.0143
vn -0.4058 -0.9129 -0.0435
vn -0.4390 -0.8984 0.0093
vn -0.3480 -0.9337 -0.0840
vn -0.3120 -0.9440 -0.1071
vn -0.3777 -0.9258 -0.0145
vn -0.2578 -0.9576 -0.1283
vn -0.2519 -0.9628 -0.0981
vn -0.1805 -0.9646 -0.1923
vn -0.1296 -0.9641 -0.2316
vn -0.1365 -0.9773 -0.1620
vn -0.0604 -0.9604 -0.2720
vn -0.0890 -0.9587 -0.2701
vn -0.5691 -0.8222 0.0138
vn -0.5158 -0.8566 -0.0115
vn -0.4838 -0.8748 -0.0248
vn -0.4619 -0.8865 -0.0256
vn -0.6198 -0.7846 0.0142
vn -0.6232 -0.7819 0.0149
vn -0.6060 -0.7953 0.0140
vn -0.5997 -0.8001 0.0154
vn -0.5556 -0.8314 -0.0000
vn -0.6927 -0.7211 0.0155
vn -0.6935 -0.7202 0.0169
vn -0.6786 -0.7343 0.0159
vn -0.6689 -0.7432 0.0142
vn -0.6486 -0.7611 0.0121
vn -0.6410 -0.7674 0.0144
vn -0.7062 -0.7079 0.0143
vn -0.7199 -0.6939 0.0153
vn -0.7421 -0.6701 0.0130
vn -0.7654 -0.6434 0.0143
vn -0.7845 -0.6200 0.0124
vn -0.8048 -0.5934 0.0106
vn -0.8458 -0.5335 0.0073
vn -0.8200 -0.5722 0.0143
vn -0.8896 -0.4566 0.0097
vn -0.8677 -0.4968 0.0164
vn -0.9187 -0.3948 0.0142
vn -0.9036 -0.4280 0.0179
vn -0.9280 -0.3724 0.0144
vn -0.9387 -0.3442 0.0175
vn -0.9552 -0.2957 0.0152
vn -0.9604 -0.2782 0.0179
vn -0.9760 -0.2167 0.0192
vn -0.9783 -0.2065 0.0161
vn -0.9880 -0.1531 0.0201
vn -0.9896 -0.1424 0.0177
vn -0.9933 -0.1142 0.0176
vn -0.9941 -0.1076 0.0171
vn -0.9962 -0.0858 0.0131
vn -0.9968 -0.0795 0.0126
vn -0.9999 -0.0024 0.0148
vn -0.9998 -0.0120 0.0149
vn -0.9986 -0.0507 0.0131
vn -0.9990 -0.0407 0.0177
vn -0.9988 0.0461 0.0157
vn -0.9959 0.0900 0.0131
vn -0.9970 0.0762 0.0155
vn -0.9999 0.0120 0.0122
vn -0.9994 0.0331 0.0128
vn -0.7084 0.7056 0.0168
vn -0.6885 0.7252 0.0127
vn -0.7084 0.7057 0.0129
vn -0.7431 0.6690 0.0146
vn -0.7477 0.6639 0.0133
vn -0.8093 0.5872 0.0132
vn -0.7973 0.6035 0.0120
vn -0.8650 0.5017 0.0126
vn -0.8524 0.5227 0.0119
vn -0.9065 0.4220 0.0145
vn -0.8992 0.4372 0.0143
vn -0.9368 0.3495 0.0180
vn -0.9274 0.3738 0.0157
vn -0.9564 0.2915 0.0183
vn -0.9648 0.2624 0.0174
vn -0.9807 0.1946 0.0165
vn -0.9774 0.2103 0.0212
vn -0.9943 0.1048 0.0169
vn -0.9901 0.1397 0.0165
vn -0.9890 0.1466 0.0182
vn -0.8417 0.3387 -0.4206
vn -0.8408 0.3374 -0.4234
vn -0.8427 0.3370 -0.4198
vn -0.8428 0.3370 -0.4197
vn -0.8408 0.3381 -0.4228
vn -0.8407 0.3381 -0.4230
vn -0.8444 0.3331 -0.4195
vn -0.8413 0.3376 -0.4222
vn -0.6841 0.3541 -0.6377
vn -0.6832 0.3545 -0.6384
vn -0.6995 0.3558 -0.6198
vn -0.7564 0.3543 -0.5499
vn -0.8149 0.3450 -0.4657
vn -0.7984 0.3473 -0.4918
vn -0.8258 0.3404 -0.4496
vn -0.7687 0.3504 -0.5351
vn -0.7302 0.3523 -0.5854
vn -0.7047 0.3524 -0.6159
vn -0.6819 0.7186 -0.1363
vn -0.6236 0.7816 0.0173
vn -0.7070 0.6921 -0.1454
vn -0.6531 0.7570 0.0174
vn -0.6614 0.7499 0.0133
vn -0.6799 0.7332 0.0135
vn -0.6161 0.7730 -0.1511
vn -0.4523 0.8902 -0.0548
vn -0.5010 0.8649 -0.0285
vn -0.5197 0.8535 -0.0380
vn -0.5510 0.8345 -0.0034
vn -0.6508 0.7436 -0.1530
vn -0.5136 0.8567 -0.0490
vn -0.5992 0.8005 0.0127
vn -0.0678 0.9779 -0.1976
vn -0.0533 0.9722 -0.2279
vn -0.0358 0.9640 -0.2635
vn 0.0190 0.9639 -0.2657
vn 0.0694 0.9604 -0.2697
vn 0.0689 0.9643 -0.2557
vn 0.0892 0.9554 -0.2815
vn -0.1018 0.9759 -0.1928
vn -0.0940 0.9651 -0.2444
vn -0.0941 0.9651 -0.2444
vn -0.1719 0.9722 -0.1593
vn -0.2234 0.9626 -0.1531
vn -0.2654 0.9599 -0.0898
vn -0.3676 0.9253 -0.0933
vn -0.4648 0.8844 0.0424
vn -0.3891 0.9212 -0.0029
vn -0.3227 0.9465 -0.0011
vn -0.0124 0.9271 -0.3747
vn 0.0194 0.9337 -0.3574
vn 0.0007 0.9267 -0.3757
vn 0.0258 0.9357 -0.3518
vn -0.0109 0.9368 -0.3496
vn -0.0038 0.9333 -0.3591
vn -0.0228 0.9277 -0.3726
vn -0.0267 0.9257 -0.3772
vn -0.0299 0.9277 -0.3720
vn -0.0542 0.9246 -0.3770
vn -0.0488 0.9238 -0.3798
vn -0.0517 0.9220 -0.3837
vn -0.2551 0.8846 -0.3904
vn -0.3317 0.8594 -0.3890
vn -0.3019 0.8668 -0.3968
vn -0.4358 0.8045 -0.4035
vn -0.4878 0.8031 -0.3420
vn -0.4727 0.8063 -0.3556
vn -0.4063 0.8278 -0.3868
vn -0.4475 0.8130 -0.3726
vn -0.4243 0.8220 -0.3799
vn -0.3348 0.8530 -0.4004
vn -0.3257 0.8596 -0.3937
vn -0.3602 0.8483 -0.3882
vn -0.3986 0.8332 -0.3832
vn -0.2427 0.8878 -0.3911
vn -0.2011 0.8996 -0.3876
vn -0.1864 0.9036 -0.3857
vn -0.1674 0.9055 -0.3900
vn -0.1390 0.9092 -0.3924
vn -0.1658 0.9084 -0.3839
vn -0.1525 0.9124 -0.3797
vn -0.0618 0.9202 -0.3864
vn -0.0820 0.9196 -0.3841
vn -0.0829 0.9221 -0.3779
vn -0.1186 0.9159 -0.3835
vn -0.1290 0.9106 -0.3926
vn -0.1221 0.9111 -0.3938
vn -0.0590 0.9146 -0.4000
vn -0.0648 0.9180 -0.3912
vn -0.0701 0.9171 -0.3923
vn -0.0763 0.9157 -0.3945
vn -0.1199 0.9189 -0.3758
vn -0.1154 0.9121 -0.3933
vn -0.1021 0.9156 -0.3889
vn -0.0852 0.9147 -0.3951
vn 0.4226 0.0271 -0.9059
vn 0.4366 0.0241 -0.8993
vn 0.4406 0.1340 -0.8876
vn 0.5104 0.1619 -0.8445
vn 0.5804 0.4239 -0.6952
vn 0.5671 0.7489 -0.3428
vn 0.3874 0.7837 -0.4855
vn 0.4154 0.7095 -0.5692
vn 0.5872 0.6366 -0.5000
vn 0.4297 0.6212 -0.6553
vn 0.4547 0.4615 -0.7618
vn 0.3834 0.7362 -0.5577
vn 0.6555 0.7085 -0.2616
vn 0.3889 0.7443 -0.5430
vn 0.5825 0.6988 -0.4153
vn 0.4183 0.6653 -0.6184
vn 0.4192 0.6591 -0.6243
vn 0.4184 0.6642 -0.6195
vn 0.4193 0.6590 -0.6245
vn 0.4563 0.5557 -0.6950
vn 0.5792 0.5516 -0.6002
vn 0.4699 0.4091 -0.7822
vn 0.4912 0.3590 -0.7937
vn 0.4795 0.2847 -0.8301
vn 0.4012 0.1532 -0.9031
vn 0.3768 0.0278 -0.9259
vn 0.7117 0.6431 -0.2826
vn 0.7155 0.6199 -0.3220
vn 0.4498 0.0042 -0.8931
vn 0.4700 0.0613 -0.8805
vn 0.4552 0.0287 -0.8899
vn 0.5425 0.1663 -0.8234
vn 0.4486 0.0228 -0.8934
vn 0.6609 0.3814 -0.6463
vn 0.7113 0.5477 -0.4405
vn 0.3918 0.0058 -0.9200
vn 0.4072 -0.0000 -0.9134
vn 0.4422 -0.0000 -0.8969
vn 0.3919 -0.0096 -0.9200
vn 0.3777 -0.0000 -0.9259
vn 0.3775 0.0001 -0.9260
vn 0.4661 0.0001 -0.8848
vn 0.4633 -0.0026 -0.8862
vn 0.4566 -0.0020 -0.8897
vn 0.4877 -0.0006 -0.8730
vn 0.4881 -0.0012 -0.8728
vn 0.4820 -0.0002 -0.8762
vn 0.4879 -0.0011 -0.8729
vn 0.4843 -0.0002 -0.8749
vn 0.4821 -0.0002 -0.8761
vn 0.4842 -0.0002 -0.8749
vn 0.4793 -0.0004 -0.8777
vn 0.4792 -0.0004 -0.8777
vn 0.4756 -0.0001 -0.8797
vn 0.6798 0.6291 -0.3770
vn 0.5653 0.6032 -0.5627
vn 0.4628 0.4471 -0.7654
vn 0.5828 0.4678 -0.6645
vn 0.2694 0.0374 -0.9623
vn 0.3911 0.1763 -0.9033
vn 0.1450 -0.0222 -0.9892
vn 0.1760 0.1142 -0.9777
vn 0.0634 0.0185 -0.9978
vn 0.4886 0.3147 -0.8138
vn 0.3096 0.2299 -0.9227
vn 0.6385 0.7589 -0.1280
vn 0.6229 0.7042 -0.3408
vn 0.7121 0.6897 -0.1311
vn 0.6343 0.4539 -0.6258
vn 0.5740 0.7835 -0.2379
vn 0.5133 0.6575 -0.5516
vn 0.4000 0.4561 -0.7950
vn 0.2300 0.2264 -0.9465
vn 0.0470 0.0346 -0.9983
vn 0.0227 0.0293 -0.9993
vn 0.1301 0.1578 -0.9789
vn 0.2658 0.3586 -0.8948
vn 0.3855 0.5523 -0.7392
vn 0.4848 0.7015 -0.5224
vn 0.5414 0.7789 -0.3165
vn 0.5824 0.8028 -0.1277
vn 0.3209 -0.0000 -0.9471
vn 0.2395 0.0016 -0.9709
vn 0.2394 -0.0017 -0.9709
vn 0.0679 0.0042 -0.9977
vn 0.0510 0.0074 -0.9987
vn -0.0003 -0.0000 -1.0000
vn 0.0428 -0.0000 -0.9991
vn 0.0563 -0.0000 -0.9984
vn 0.1903 -0.0001 -0.9817
vn 0.0370 -0.0155 -0.9992
vn 0.0631 -0.0035 -0.9980
vn 0.0771 -0.0000 -0.9970
vn 0.3814 -0.0000 -0.9244
vn 0.2399 -0.0000 -0.9708
vn 0.0510 -0.0074 -0.9987
vn 0.0645 -0.0032 -0.9979
vn 0.0745 -0.0000 -0.9972
vn 0.3806 -0.0002 -0.9247
vn 0.3871 -0.0033 -0.9220
vn 0.3977 -0.0018 -0.9175
vn 0.3914 0.0042 -0.9202
vn 0.2166 0.0579 -0.9745
vn 0.3953 0.0030 -0.9185
vn 0.2392 0.1749 -0.9551
vn 0.4000 -0.0002 -0.9165
vn 0.0516 0.0061 -0.9987
vn 0.0653 0.0034 -0.9979
vn 0.0241 -0.0440 -0.9987
vn 0.0351 0.0912 -0.9952
vn 0.0209 0.0040 -0.9998
vn 0.1138 0.0777 -0.9905
vn 0.1703 0.1306 -0.9767
vn 0.4812 -0.0000 -0.8766
vn 0.4834 0.0001 -0.8754
vn 0.4836 0.0001 -0.8753
vn 0.4866 0.0003 -0.8736
vn 0.4892 0.0006 -0.8722
vn 0.4888 0.0004 -0.8724
vn 0.4734 -0.0000 -0.8809
vn 0.4775 -0.0000 -0.8787
vn 0.4380 0.0019 -0.8990
vn 0.4488 0.0004 -0.8936
vn 0.4520 0.0006 -0.8920
vn 0.4559 0.0011 -0.8900
vn 0.4607 0.0013 -0.8875
vn 0.4686 -0.0000 -0.8834
vn 0.4295 0.0046 -0.9031
vn 0.4225 0.0016 -0.9064
vn -0.1483 0.9889 -0.0000
vn -0.1331 0.9911 -0.0000
vn -0.1021 0.9948 -0.0000
vn -0.0428 0.9991 -0.0000
vn -0.0129 0.9999 -0.0000
vn 0.0221 0.9998 -0.0000
vn 0.0966 0.9953 -0.0000
vn 0.1492 0.9888 -0.0000
vn 0.2798 0.9601 -0.0000
vn -0.1954 -0.9807 -0.0000
vn -0.2096 -0.9778 -0.0000
vn -0.2279 -0.9737 -0.0000
vn -0.1729 -0.9849 -0.0000
vn -0.1845 -0.9828 -0.0000
vn -0.1435 -0.9896 -0.0000
vn -0.1576 -0.9875 -0.0000
vn -0.1263 -0.9920 -0.0000
vn -0.1345 -0.9909 -0.0000
vn -0.1050 -0.9945 -0.0000
vn -0.1153 -0.9933 -0.0000
vn -0.0920 -0.9958 -0.0000
vn -0.0983 -0.9952 -0.0000
vn -0.0753 -0.9972 -0.0000
vn -0.0834 -0.9965 -0.0000
vn -0.0620 -0.9981 -0.0000
vn -0.0700 -0.9975 -0.0000
vn 0.0643 -0.9979 -0.0004
vn 0.0642 -0.9979 -0.0006
vn -0.0477 -0.9989 -0.0001
vn -0.0477 -0.9989 -0.0000
vn 0.9950 -0.1000 -0.0000
vn 0.9208 -0.3901 -0.0000
vn 0.6956 -0.7184 -0.0000
vn 0.3602 -0.9329 -0.0000
vn 0.3601 -0.9329 -0.0001
vn 0.9932 0.1164 -0.0000
vn 0.5952 0.8036 -0.0000
vn 0.8931 0.4499 -0.0000
vn -0.3007 0.9537 -0.0000
vn -0.1739 0.9848 -0.0000
vn -0.9934 0.1144 -0.0000
vn -0.8967 0.4427 -0.0000
vn -0.6081 0.7939 -0.0000
vn -0.6080 0.7939 -0.0000
vn -0.2513 -0.9679 -0.0000
vn -0.2866 -0.9580 -0.0000
vn -0.3333 -0.9428 -0.0000
vn -0.3716 -0.9284 -0.0000
vn -0.3715 -0.9284 -0.0000
vn -0.4789 -0.8779 -0.0000
vn -0.4788 -0.8779 -0.0000
vn -0.7149 -0.6993 -0.0000
vn -0.9260 -0.3776 -0.0000
vn -0.9953 -0.0967 -0.0000
vn -0.9953 -0.0966 -0.0000
vn 0.0917 0.9958 -0.0020
vn -0.0201 0.9998 -0.0000
vn 0.0023 0.9999 -0.0124
vn 0.8100 -0.5865 -0.0016
vn 0.8658 -0.5002 -0.0152
vn 0.7023 -0.7118 -0.0060
vn 0.4973 -0.8675 -0.0110
vn 0.6037 -0.7972 -0.0036
vn 0.2645 -0.9643 -0.0147
vn 0.1103 -0.9939 -0.0095
vn 0.0033 -0.9999 -0.0104
vn 0.3932 -0.9194 -0.0033
vn 0.5013 -0.8653 -0.0000
vn -0.3975 -0.9176 -0.0030
vn -0.3308 -0.9437 -0.0082
vn -0.5000 -0.8659 -0.0156
vn -0.2322 -0.9726 -0.0063
vn -0.0644 -0.9979 -0.0001
vn -0.8665 -0.4990 -0.0138
vn -0.7489 -0.6626 -0.0075
vn -0.6726 -0.7399 -0.0108
vn -0.6070 -0.7947 -0.0038
vn -0.5042 -0.8636 -0.0000
vn -0.9360 -0.3520 -0.0055
vn -0.8903 -0.4554 -0.0006
vn -0.8423 -0.5390 -0.0000
vn -0.9808 -0.1949 -0.0064
vn -1.0000 0.0043 -0.0069
vn -0.9971 -0.0767 -0.0014
vn -0.8688 0.4951 -0.0069
vn -0.8921 0.4516 -0.0136
vn -0.9503 0.3107 -0.0224
vn -0.9862 0.1657 -0.0063
vn -0.9996 0.0290 -0.0000
vn -0.5000 0.8659 -0.0151
vn -0.7057 0.7085 -0.0028
vn -0.8142 0.5806 -0.0020
vn -0.1518 0.9884 -0.0053
vn -0.2853 0.9584 -0.0061
vn -0.4984 0.8669 -0.0000
vn 0.5476 0.8368 -0.0000
vn 0.4692 0.8831 -0.0003
vn 0.4980 0.8671 -0.0120
vn 0.3684 0.9296 -0.0082
vn 0.0024 1.0000 -0.0089
vn 0.2158 0.9764 -0.0104
vn 0.8969 0.4422 -0.0010
vn 0.8469 0.5317 -0.0000
vn 0.8666 0.4987 -0.0134
vn 0.7617 0.6479 -0.0099
vn 0.6692 0.7430 -0.0100
vn 0.9992 -0.0391 -0.0000
vn 0.9981 0.0617 -0.0009
vn 0.9999 0.0016 -0.0136
vn 0.9841 0.1773 -0.0070
vn 0.9425 0.3342 -0.0072
vn 0.8907 -0.4545 -0.0000
vn 0.9496 -0.3132 -0.0079
vn 0.9832 -0.1822 -0.0078
vn 0.5014 -0.8652 -0.0071
vn 0.4566 -0.8897 -0.0000
vn 0.6155 -0.7881 -0.0035
vn 0.8670 -0.4982 -0.0046
vn 0.2554 -0.9668 -0.0005
vn -0.0011 -1.0000 -0.0079
vn 0.0436 -0.9991 -0.0000
vn -0.4991 -0.8665 -0.0079
vn -0.3514 -0.9362 -0.0024
vn -0.1462 -0.9893 -0.0024
vn -0.9192 -0.3937 -0.0012
vn -0.8337 -0.5523 -0.0000
vn -0.8663 -0.4994 -0.0070
vn -0.8663 -0.4995 -0.0084
vn -0.8336 -0.5524 -0.0000
vn -0.6969 -0.7172 -0.0004
vn -0.5274 -0.8496 -0.0000
vn -0.9818 -0.1901 -0.0015
vn -1.0000 0.0002 -0.0074
vn -1.0000 -0.0037 -0.0000
vn -0.9838 0.1794 -0.0019
vn -0.8664 0.4993 -0.0082
vn -0.9237 0.3832 -0.0017
vn -0.3618 0.9323 -0.0028
vn -0.5338 0.8456 -0.0000
vn -0.4989 0.8666 -0.0076
vn -0.7023 0.7119 -0.0005
vn -0.8378 0.5460 -0.0000
vn -0.1579 0.9875 -0.0029
vn 0.0017 1.0000 -0.0034
vn 0.0018 1.0000 -0.0009
vn 0.0359 0.9994 -0.0000
vn 0.4982 0.8671 -0.0033
vn 0.4446 0.8957 -0.0082
vn 0.2532 0.9674 -0.0093
vn 0.9525 0.3044 -0.0065
vn 0.8790 0.4767 -0.0000
vn 0.8659 0.5001 -0.0070
vn 0.7651 0.6439 -0.0019
vn 0.6086 0.7935 -0.0017
vn 0.9898 0.1423 -0.0062
vn 1.0000 -0.0028 -0.0033
vn 0.9998 -0.0208 -0.0000
vn 0.7630 -0.6464 -0.0040
vn 0.8671 -0.4982 -0.0015
vn 0.7630 -0.6463 -0.0040
vn 0.8862 -0.4632 -0.0074
vn 0.9695 -0.2451 -0.0085
vn 0.8282 -0.5604 -0.0012
vn 0.8818 -0.4716 -0.0000
vn 0.8651 -0.5015 -0.0134
vn 0.2054 0.9786 -0.0097
vn 0.0539 0.9985 -0.0000
vn 0.0016 1.0000 -0.0048
vn -0.0511 0.9987 -0.0005
vn -0.1267 0.9919 -0.0038
vn -0.2527 0.9674 -0.0145
vn -0.4008 0.9161 -0.0095
vn -0.4971 0.8676 -0.0103
vn 0.8670 0.4982 -0.0115
vn 0.7551 0.6555 -0.0057
vn 0.4960 0.8683 -0.0071
vn 0.6363 0.7714 -0.0061
vn 0.5537 0.8327 -0.0010
vn 0.4551 0.8903 -0.0162
vn 0.3441 0.9385 -0.0288
vn 0.9999 0.0027 -0.0118
vn 0.9904 0.1379 -0.0085
vn 0.9560 0.2933 -0.0114
vn 0.9107 0.4131 -0.0023
vn 0.8579 0.5138 -0.0000
vn 0.9391 -0.3434 -0.0069
vn 0.9781 -0.2079 -0.0067
vn 0.9999 0.0026 -0.0144
vn 0.9994 -0.0354 0.0005
vn 0.9994 -0.0354 -0.0005
vn 0.5479 -0.8366 -0.0008
vn 0.6397 -0.7686 -0.0072
vn 0.5014 -0.8651 -0.0132
vn 0.7552 -0.6554 -0.0079
vn 0.0496 -0.9988 -0.0000
vn 0.1986 -0.9800 -0.0091
vn -0.0020 -0.9999 -0.0125
vn 0.3274 -0.9449 -0.0092
vn 0.4619 -0.8869 -0.0000
vn -0.4266 -0.9044 -0.0016
vn -0.3128 -0.9498 -0.0092
vn -0.4985 -0.8668 -0.0123
vn -0.1568 -0.9876 -0.0077
vn -0.0444 -0.9990 -0.0005
vn -0.7555 -0.6551 -0.0081
vn -0.6925 -0.7212 -0.0187
vn -0.8664 -0.4992 -0.0134
vn -0.6354 -0.7721 -0.0111
vn -0.5222 -0.8528 -0.0000
vn -0.9360 -0.3520 -0.0054
vn -0.9808 -0.1948 -0.0064
vn -0.9971 -0.0766 -0.0014
vn -0.8922 0.4515 -0.0136
vn -0.5545 0.8322 -0.0002
vn -0.7075 0.7067 -0.0032
vn -0.0353 -0.9994 -0.0008
vn 0.0032 -1.0000 -0.0032
vn 0.2028 -0.9792 0.0039
vn 0.1378 -0.9903 -0.0188
vn 0.4928 -0.8701 0.0049
vn 0.2748 -0.9614 -0.0162
vn 0.4392 -0.8984 -0.0009
vn 0.5935 -0.8047 -0.0165
vn 0.8115 -0.5844 -0.0027
vn 0.7100 -0.7039 -0.0182
vn 0.9957 -0.0926 -0.0022
vn 1.0000 0.0087 -0.0000
vn 0.9999 0.0001 0.0130
vn 0.7976 -0.6032 -0.0039
vn 0.8694 -0.4941 -0.0058
vn 0.9640 -0.2659 0.0078
vn 0.9376 -0.3476 -0.0119
vn 0.9999 -0.0000 0.0130
vn 0.9800 -0.1989 -0.0099
vn 0.9850 0.1726 -0.0079
vn 0.9374 0.3480 -0.0120
vn 0.9640 0.2659 0.0078
vn 0.8714 0.4906 -0.0058
vn 0.8120 0.5837 -0.0034
vn 0.7861 0.6181 -0.0056
vn 0.6619 0.7490 -0.0293
vn 0.5740 0.8184 -0.0270
vn 0.5001 0.8660 -0.0027
vn 0.4638 0.8859 -0.0000
vn 0.2791 0.9603 0.0007
vn 0.2000 0.9798 0.0003
vn 0.0418 0.9991 0.0010
vn -0.0336 0.9994 -0.0016
vn -0.1277 0.9918 0.0013
vn -0.2665 0.9638 -0.0036
vn -0.2904 0.9569 -0.0005
vn -0.4408 0.8976 0.0003
vn -0.4014 0.9159 -0.0027
vn -0.6025 0.7981 -0.0047
vn -0.8977 -0.4405 -0.0011
vn -0.8480 -0.5300 -0.0000
vn -0.8667 -0.4986 -0.0138
vn -0.7284 -0.6851 -0.0022
vn -0.8667 -0.4987 -0.0138
vn -0.7284 -0.6852 -0.0028
vn -0.6029 -0.7978 -0.0075
vn -0.5729 -0.8196 -0.0009
vn -0.4386 -0.8987 -0.0001
vn -0.4345 -0.9007 0.0006
vn -0.2676 -0.9635 -0.0006
vn -0.2708 -0.9626 -0.0038
vn -0.1304 -0.9915 -0.0043
vn -0.9992 0.0399 -0.0000
vn -0.9982 -0.0603 -0.0009
vn -0.9999 -0.0017 -0.0140
vn -0.9845 -0.1753 -0.0073
vn -0.9434 -0.3315 -0.0076
vn -0.8655 0.5008 -0.0151
vn -0.9495 0.3135 -0.0084
vn -0.9830 0.1833 -0.0081
vn -0.7990 0.6014 -0.0035
vn -0.8253 0.5646 -0.0014
vn -0.7404 0.6721 -0.0114
vn -0.5050 0.8631 -0.0000
vn -0.6121 0.7906 -0.0148
vn -0.6705 0.7415 -0.0241
vn -0.8452 0.5344 -0.0004
vn -0.8916 0.4529 -0.0000
vn -0.8980 -0.4401 -0.0012
vn -0.8487 -0.5288 -0.0000
vn -0.8668 -0.4984 -0.0140
vn -0.4863 -0.8738 0.0001
vn -0.6026 -0.7980 -0.0078
vn -0.4182 -0.9084 -0.0031
vn -0.4587 -0.8886 0.0001
vn -0.2278 -0.9737 -0.0039
vn -0.1963 -0.9805 0.0039
vn -0.3646 -0.9312 0.0025
vn 0.3229 -0.9459 0.0307
vn -0.0040 -0.9995 -0.0309
vn 0.5087 -0.8606 0.0237
vn 0.0802 -0.9951 -0.0579
vn 0.2121 -0.9769 -0.0272
vn 0.1738 -0.9847 0.0077
vn 0.0280 -0.9996 0.0068
vn -0.0552 -0.9985 0.0070
vn 0.3911 -0.9203 -0.0040
vn 0.5272 -0.8490 -0.0367
vn 0.8109 -0.5852 -0.0019
vn 0.6010 -0.7980 -0.0453
vn 0.7176 -0.6963 -0.0166
vn 0.9763 -0.2161 -0.0121
vn 0.9998 0.0036 0.0180
vn 0.9357 -0.3527 -0.0132
vn 0.8694 -0.4940 -0.0058
vn 0.7993 -0.6009 -0.0037
vn 0.9939 -0.1106 -0.0031
vn 1.0000 -0.0034 -0.0000
vn 0.9871 0.1602 -0.0065
vn 0.9395 0.3411 -0.0319
vn 0.9998 0.0037 0.0171
vn 0.9395 0.3412 -0.0319
vn 0.8999 0.4350 -0.0314
vn 0.9646 0.2634 0.0142
vn 0.8445 0.5355 -0.0092
vn 0.8163 0.5776 -0.0091
vn 0.7423 0.6700 -0.0111
vn 0.6542 0.7562 -0.0155
vn 0.4894 0.8721 0.0010
vn 0.5405 0.8413 -0.0000
vn 0.3974 0.9176 -0.0033
vn 0.2188 0.9755 -0.0248
vn 0.1106 0.9936 -0.0242
vn 0.2031 0.9791 0.0048
vn -0.0054 1.0000 -0.0038
vn -0.0349 0.9994 -0.0010
vn -0.1377 0.9905 -0.0047
vn -0.2690 0.9631 -0.0040
vn -0.2672 0.9636 -0.0011
vn -0.4236 0.9059 0.0008
vn -0.4391 0.8985 -0.0004
vn -0.6062 0.7953 -0.0017
vn -0.7675 -0.6410 -0.0071
vn -0.6752 -0.7376 -0.0081
vn -0.5518 -0.8340 -0.0000
vn -0.9982 -0.0597 -0.0009
vn -0.9999 -0.0017 -0.0149
vn -0.9999 -0.0018 -0.0139
vn -0.9848 -0.1736 -0.0074
vn -0.9440 -0.3298 -0.0078
vn -0.8639 0.5036 -0.0109
vn -0.8074 0.5900 -0.0028
vn -0.8453 0.5343 -0.0004
vn -0.8916 0.4528 -0.0000
vn -0.5013 0.8653 -0.0000
vn -0.5841 0.8116 -0.0114
vn -0.7095 0.7045 -0.0161
vn 0.9659 -0.2588 -0.0000
vn 0.8660 -0.5000 -0.0000
vn 0.2588 -0.9659 -0.0000
vn -0.2588 -0.9659 -0.0000
vn -0.5000 -0.8660 -0.0000
vn -0.8660 -0.5000 -0.0000
vn -0.9659 -0.2588 -0.0000
vn -0.9659 0.2588 -0.0000
vn -0.8660 0.5000 -0.0000
vn -0.5000 0.8660 -0.0000
vn -0.2588 0.9659 -0.0000
vn 0.2588 0.9659 -0.0000
vn 0.5000 0.8660 -0.0000
vn 0.8660 0.5000 -0.0000
vn 0.9659 0.2588 -0.0000
vn 0.9872 -0.1596 -0.0000
vn 0.9830 -0.1837 -0.0000
vn 0.9762 -0.2167 -0.0000
vn 0.9762 -0.2168 -0.0000
vn 0.9999 -0.0135 -0.0000
vn 0.9996 -0.0271 -0.0000
vn 0.9992 -0.0399 -0.0000
vn 0.9987 -0.0512 -0.0000
vn 0.9979 -0.0652 -0.0000
vn 0.9910 -0.1336 -0.0000
vn 0.9894 -0.1454 -0.0000
vn 0.9941 -0.1081 -0.0000
vn 0.9925 -0.1225 -0.0000
vn 0.9963 -0.0865 -0.0000
vn 0.9999 0.0135 -0.0000
vn 0.9992 0.0399 -0.0000
vn 0.9996 0.0271 -0.0000
vn 0.9979 0.0652 -0.0000
vn 0.9987 0.0512 -0.0000
vn 0.9941 0.1081 -0.0000
vn 0.9963 0.0865 -0.0000
vn 0.9910 0.1336 -0.0000
vn 0.9925 0.1225 -0.0000
vn 0.9872 0.1597 -0.0000
vn 0.9894 0.1454 -0.0000
vn 0.9750 0.2220 -0.0000
vn 0.9796 0.2011 -0.0000
vn 0.9838 0.1795 -0.0000
vn 0.9670 -0.2548 -0.0025
vn 0.9324 -0.3613 -0.0043
vn 0.9368 -0.3498 -0.0031
vn 0.9703 -0.2419 -0.0000
vn 0.7961 -0.6051 -0.0013
vn 0.7968 -0.6042 -0.0000
vn 0.5092 -0.8607 -0.0000
vn 0.5085 -0.8611 -0.0009
vn 0.2407 -0.9706 -0.0028
vn 0.2435 -0.9699 -0.0022
vn 0.1445 -0.9895 -0.0014
vn 0.1481 -0.9890 -0.0000
vn 0.1386 -0.9903 -0.0000
vn 0.1387 -0.9903 -0.0000
vn 0.1343 -0.9909 -0.0000
vn 0.1342 -0.9910 -0.0000
vn 0.1288 -0.9917 -0.0000
vn 0.1210 -0.9926 -0.0000
vn 0.1107 -0.9939 -0.0000
vn 0.0976 -0.9952 -0.0000
vn 0.0858 -0.9963 -0.0000
vn 0.0790 -0.9969 -0.0000
vn 0.0731 -0.9973 -0.0000
vn 0.0567 -0.9984 -0.0000
vn -0.0670 -0.9978 -0.0000
vn -0.3679 -0.9299 -0.0000
vn -0.6996 -0.7146 -0.0000
vn -0.9218 -0.3876 -0.0000
vn -0.9951 -0.0993 -0.0000
vn -0.9951 0.0993 -0.0000
vn -0.9218 0.3876 -0.0000
vn -0.6996 0.7146 -0.0000
vn -0.3679 0.9299 -0.0000
vn -0.0670 0.9978 -0.0000
vn 0.0567 0.9984 -0.0000
vn 0.0731 0.9973 -0.0000
vn 0.0790 0.9969 -0.0000
vn 0.0858 0.9963 -0.0000
vn 0.0976 0.9952 -0.0000
vn 0.1107 0.9939 -0.0000
vn 0.9697 0.2442 -0.0024
vn 0.9374 0.3482 -0.0042
vn 0.9333 0.3592 -0.0030
vn 0.9665 0.2566 -0.0000
vn 0.2426 0.9701 -0.0022
vn 0.2454 0.9694 -0.0028
vn 0.5083 0.8612 -0.0009
vn 0.5077 0.8615 -0.0000
vn 0.7952 0.6063 -0.0000
vn 0.7959 0.6054 -0.0013
vn 0.1470 0.9891 -0.0014
vn 0.1434 0.9897 -0.0000
vn 0.1387 0.9903 -0.0000
vn 0.1288 0.9917 -0.0000
vn 0.1342 0.9910 -0.0000
vn 0.1343 0.9909 -0.0000
vn 0.1210 0.9927 -0.0000
vn 0.0047 0.1226 -0.9924
vn -0.0107 0.0949 -0.9954
vn -0.0084 0.2348 -0.9720
vn 0.1119 0.5634 -0.8186
vn 0.1651 0.3879 -0.9068
vn 0.0488 0.3514 -0.9349
vn 0.2054 0.3931 -0.8962
vn 0.2911 0.5628 -0.7736
vn 0.2473 0.4009 -0.8821
vn 0.3495 0.3465 -0.8705
vn 0.4662 0.5430 -0.6984
vn 0.4697 0.2275 -0.8530
vn 0.4793 0.0794 -0.8741
vn 0.4298 0.1248 -0.8942
vn 0.4087 0.1132 -0.9056
vn 0.5562 0.1988 -0.8069
vn 0.5393 0.0278 -0.8417
vn 0.5139 0.0318 -0.8572
vn 0.0069 0.8146 -0.5799
vn 0.0132 0.9105 -0.4134
vn 0.0845 0.9119 -0.4016
vn 0.0010 0.5502 -0.8351
vn 0.1077 0.8232 -0.5574
vn 0.1606 0.9125 -0.3763
vn 0.2755 0.8224 -0.4977
vn 0.3909 0.8795 -0.2714
vn 0.4174 0.8001 -0.4308
vn 0.3299 0.8934 -0.3049
vn 0.2575 0.9032 -0.3435
vn -0.0145 0.1396 -0.9901
vn 0.5638 0.5275 -0.6354
vn 0.4925 0.7806 -0.3849
vn 0.4288 0.8700 -0.2432
vn -0.0002 0.0001 -1.0000
vn -0.0001 -0.0000 -1.0000
vn 0.0002 -0.0000 -1.0000
vn 0.0001 -0.0000 -1.0000
vn -0.6381 0.6947 -0.3321
vn -0.6037 0.7120 -0.3587
vn -0.6036 0.7123 -0.3583
vn -0.6030 0.7140 -0.3558
vn -0.6381 0.6947 -0.3320
vn -0.6028 0.7178 -0.3484
vn -0.6128 0.7172 -0.3317
vn -0.6462 0.6950 -0.3153
vn -0.7599 0.4131 -0.5019
vn -0.7872 0.5535 -0.2719
vn -0.8046 0.3619 -0.4708
vn -0.7744 0.5308 -0.3443
vn -0.9106 0.1057 -0.3996
vn -0.7574 0.0550 -0.6506
vn -0.9117 0.1558 -0.3801
vn -0.8379 0.4984 -0.2224
vn -0.8102 0.5011 -0.3039
vn -0.8747 0.3823 -0.2978
vn -0.8980 0.3940 -0.1958
vn -0.8723 0.2439 -0.4239
vn -0.9022 0.2041 -0.3799
vn -0.9727 0.2142 -0.0890
vn -0.6842 0.2149 -0.6969
vn -0.7141 0.1538 -0.6829
vn -0.6195 0.2878 -0.7304
vn -0.6679 0.2116 -0.7135
vn -0.6467 0.2232 -0.7294
vn -0.5596 0.3533 -0.7497
vn -0.5692 0.3588 -0.7398
vn -0.5050 0.3935 -0.7682
vn -0.6963 0.1560 -0.7006
vn -0.6240 0.2845 -0.7278
vn -0.7112 0.1180 -0.6930
vn -0.7167 0.1045 -0.6895
vn -0.7294 0.1258 -0.6724
vn -0.7572 0.0299 -0.6526
vn -0.7445 0.0690 -0.6640
vn -0.7319 -0.0112 -0.6813
vn -0.7224 0.0020 -0.6915
vn -0.7270 0.0384 -0.6856
vn -0.7290 0.0036 -0.6845
vn -0.7250 0.0093 -0.6887
vn -0.7202 0.0179 -0.6935
vn -0.7168 0.0280 -0.6967
vn -0.7158 0.0368 -0.6974
vn -0.7176 0.0492 -0.6947
vn -0.7556 -0.0084 -0.6550
vn -0.7427 -0.0165 -0.6695
vn -0.7467 0.0368 -0.6641
vn -0.7673 -0.0012 -0.6413
vn -0.7573 0.1170 -0.6425
vn -0.7577 0.0978 -0.6453
vn -0.7444 0.1214 -0.6566
vn -0.7765 0.0019 -0.6301
vn -0.7264 0.0793 -0.6827
vn -0.7180 0.0602 -0.6934
vn -0.7143 0.0784 -0.6954
vn -0.7176 0.0922 -0.6904
vn -0.7207 0.0958 -0.6866
vn -0.7815 -0.5603 -0.2744
vn -0.7795 -0.5497 -0.3004
vn -0.7857 -0.2653 -0.5588
vn -0.7773 -0.5214 -0.3522
vn -0.7614 -0.4121 -0.5005
vn -0.7747 -0.5272 -0.3492
vn -0.7306 -0.6207 -0.2844
vn -0.6029 -0.7143 -0.3554
vn -0.6035 -0.7125 -0.3579
vn -0.6376 -0.6953 -0.3318
vn -0.6689 -0.6728 -0.3163
vn -0.6325 -0.7060 -0.3187
vn -0.6377 -0.6952 -0.3317
vn -0.6059 -0.7193 -0.3399
vn -0.6972 -0.6422 -0.3187
vn -0.5418 -0.3758 -0.7518
vn -0.5456 -0.3720 -0.7509
vn -0.5049 -0.3935 -0.7682
vn -0.6249 -0.2810 -0.7283
vn -0.7233 -0.1106 -0.6816
vn -0.7212 -0.1395 -0.6785
vn -0.6963 -0.1560 -0.7006
vn -0.6627 -0.2205 -0.7157
vn -0.6428 -0.2445 -0.7260
vn -0.5929 -0.3209 -0.7386
vn -0.6837 -0.2147 -0.6975
vn -0.7372 -0.0690 -0.6722
vn -0.7443 -0.0688 -0.6642
vn -0.7410 -0.1086 -0.6627
vn -0.7389 -0.0688 -0.6703
vn -0.5642 -0.0255 -0.8252
vn -0.7321 -0.0546 -0.6790
vn -0.7202 -0.0655 -0.6906
vn -0.7322 -0.0492 -0.6793
vn -0.7283 -0.0321 -0.6845
vn -0.7216 -0.0133 -0.6922
vn -0.7330 -0.0992 -0.6729
vn -0.7311 -0.0809 -0.6775
vn -0.7410 -0.0869 -0.6658
vn -0.7399 -0.0913 -0.6664
vn -0.7415 -0.0918 -0.6646
vn 0.0003 0.0001 -1.0000
vn -0.0001 -0.0001 -1.0000
vn -0.2449 -0.2790 -0.9285
vn -0.4556 -0.5611 -0.6911
vn -0.4213 -0.6153 -0.6663
vn -0.3593 -0.6281 -0.6902
vn -0.2181 -0.4267 -0.8777
vn -0.3606 -0.5777 -0.7323
vn -0.4818 -0.8591 -0.1725
vn -0.4604 -0.7959 -0.3931
vn -0.5110 -0.7721 -0.3778
vn -0.5129 -0.7671 -0.3852
vn -0.5419 -0.6899 -0.4800
vn -0.5926 -0.7389 -0.3207
vn -0.5237 -0.8225 -0.2221
vn -0.5385 -0.8110 -0.2287
vn -0.5698 -0.7766 -0.2688
vn -0.4641 -0.6906 -0.5547
vn -0.0313 -0.0379 -0.9988
vn -0.0387 -0.0581 -0.9976
vn -0.0434 -0.0505 -0.9978
vn -0.0538 -0.0455 -0.9975
vn -0.0722 -0.1588 -0.9847
vn -0.1327 -0.1904 -0.9727
vn -0.2840 -0.4264 -0.8588
vn -0.0137 -0.0271 -0.9995
vn -0.3680 -0.9274 -0.0679
vn -0.2642 -0.9620 -0.0692
vn -0.3620 -0.9257 -0.1095
vn -0.2057 -0.9757 -0.0752
vn -0.2271 -0.9696 -0.0917
vn -0.0372 -0.0326 -0.9988
vn -0.4969 -0.3654 -0.7871
vn -0.4659 -0.2458 -0.8500
vn -0.6079 -0.4090 -0.6806
vn -0.6021 -0.6480 -0.4664
vn -0.6287 -0.6562 -0.4173
vn -0.0263 -0.0073 -0.9996
vn -0.1604 -0.0312 -0.9866
vn -0.1761 -0.1018 -0.9791
vn -0.3405 -0.2236 -0.9133
vn -0.5001 -0.4577 -0.7351
vn -0.6189 -0.0332 -0.7848
vn -0.6025 -0.2463 -0.7592
vn -0.5645 -0.0966 -0.8198
vn -0.4873 -0.0033 -0.8732
vn -0.3180 -0.0449 -0.9470
vn -0.3089 -0.0028 -0.9511
vn -0.6682 -0.3512 -0.6558
vn -0.6100 -0.2305 -0.7582
vn -0.4124 -0.1221 -0.9028
vn -0.0254 -0.0026 -0.9997
vn -0.0551 0.0075 -0.9985
vn -0.0642 -0.0005 -0.9979
vn -0.0313 -0.0124 -0.9994
vn -0.1103 -0.0397 -0.9931
vn -0.6134 -0.5376 -0.5786
vn -0.6627 -0.5075 -0.5507
vn -0.4858 -0.8629 -0.1395
vn -0.4746 -0.8721 -0.1192
vn -0.4509 -0.7366 -0.5041
vn -0.3505 -0.8403 -0.4136
vn -0.3586 -0.8995 -0.2498
vn -0.2409 -0.6195 -0.7471
vn -0.1511 -0.4299 -0.8901
vn -0.0896 -0.2042 -0.9748
vn -0.0121 -0.0335 -0.9994
vn -0.0102 -0.0378 -0.9992
vn -0.0088 -0.0351 -0.9993
vn 0.1129 -0.2093 -0.9713
vn -0.0072 -0.0344 -0.9994
vn -0.0575 -0.3039 -0.9510
vn -0.1533 -0.6005 -0.7848
vn -0.1963 -0.8107 -0.5515
vn -0.2065 -0.8824 -0.4227
vn -0.2135 -0.9058 -0.3661
vn -0.2238 -0.9277 -0.2988
vn -0.2316 -0.9527 -0.1965
vn -0.1042 -0.9903 -0.0924
vn -0.1375 -0.9866 -0.0876
vn -0.0826 -0.9717 -0.2212
vn -0.0637 -0.9907 -0.1199
vn -0.0351 -0.9728 -0.2290
vn 0.0105 -0.9918 -0.1273
vn 0.0305 -0.9706 -0.2388
vn 0.1104 -0.9660 -0.2338
vn 0.1094 -0.9875 -0.1133
vn -0.1324 -0.7853 -0.6048
vn -0.0327 -0.1186 -0.9924
vn -0.0019 -0.0111 -0.9999
vn -0.0033 -0.0471 -0.9989
vn -0.0676 -0.3257 -0.9430
vn -0.0953 -0.5421 -0.8349
vn -0.1660 -0.9562 -0.2411
vn -0.1369 -0.9653 -0.2224
vn -0.0809 -0.9695 -0.2315
vn -0.0577 -0.9011 -0.4299
vn -0.0577 -0.6331 -0.7719
vn -0.0429 -0.6689 -0.7421
vn -0.0110 -0.7482 -0.6634
vn -0.5009 -0.5664 -0.6545
vn 0.0505 -0.8204 -0.5695
vn -0.1201 -0.9229 -0.3658
vn -0.0623 -0.5734 -0.8169
vn -0.0804 -0.4195 -0.9042
vn 0.0183 -0.1621 -0.9866
vn -0.0018 -0.0234 -0.9997
vn 0.0682 -0.1433 -0.9873
vn 0.0036 -0.0328 -0.9995
vn 0.0028 -0.0334 -0.9994
vn 0.2080 -0.8943 -0.3961
vn 0.1920 -0.8906 -0.4122
vn 0.2082 -0.9479 -0.2409
vn 0.1971 -0.9693 -0.1467
vn 0.2130 -0.9729 -0.0894
vn 0.1974 -0.9787 -0.0557
vn 0.0444 -0.7758 -0.6294
vn 0.0981 -0.6586 -0.7461
vn 0.1586 -0.6682 -0.7268
vn 0.1323 -0.4378 -0.8893
vn 0.1141 -0.4391 -0.8912
vn 0.1118 -0.2785 -0.9539
vn 0.0693 -0.2252 -0.9718
vn 0.0485 -0.1067 -0.9931
vn 0.1843 -0.9785 -0.0924
vn 0.1664 -0.9858 -0.0242
vn 0.2138 -0.9550 -0.2057
vn 0.1939 -0.9570 -0.2157
vn 0.1994 -0.9767 -0.0788
vn 0.2033 -0.9761 -0.0771
vn 0.0884 -0.9665 -0.2410
vn -0.0487 -0.9666 -0.2518
vn 0.1914 -0.9780 -0.0834
vn 0.1826 -0.9306 -0.3172
vn 0.0071 -0.0347 -0.9994
vn 0.0070 -0.0347 -0.9994
vn 0.0404 -0.1936 -0.9803
vn 0.0073 -0.0349 -0.9994
vn 0.0072 -0.0350 -0.9994
vn 0.0437 -0.2138 -0.9759
vn 0.1021 -0.5152 -0.8510
vn 0.0925 -0.4365 -0.8949
vn 0.1506 -0.7771 -0.6111
vn 0.1432 -0.6688 -0.7295
vn 0.1890 -0.9322 -0.3088
vn 0.1743 -0.8429 -0.5090
vn 0.1887 -0.9477 -0.2576
vn 0.0071 -0.0349 -0.9994
vn 0.0424 -0.2116 -0.9764
vn 0.1011 -0.5096 -0.8545
vn 0.1554 -0.7701 -0.6187
vn 0.0073 -0.0350 -0.9994
vn 0.6249 0.7770 -0.0759
vn 0.4609 0.8682 -0.1838
vn 0.4021 0.9019 -0.1579
vn 0.3936 0.8589 -0.3278
vn 0.0197 0.0363 -0.9991
vn 0.0182 0.0338 -0.9993
vn 0.5530 0.8232 -0.1283
vn 0.4969 0.8507 -0.1714
vn 0.0139 0.0315 -0.9994
vn 0.0807 0.1754 -0.9812
vn 0.1806 0.3902 -0.9029
vn 0.2773 0.5974 -0.7525
vn 0.3535 0.7590 -0.5468
vn 0.5696 0.8183 -0.0778
vn 0.5354 0.8406 -0.0822
vn 0.5197 0.8506 -0.0803
vn 0.4982 0.8630 -0.0839
vn 0.4832 0.8712 -0.0865
vn 0.4430 0.8914 -0.0958
vn 0.3455 0.9296 -0.1286
vn 0.3136 0.9300 -0.1919
vn 0.2308 0.9613 -0.1506
vn 0.2129 0.9533 -0.2144
vn 0.0130 0.0331 -0.9994
vn 0.0125 0.0329 -0.9994
vn 0.0509 0.2456 -0.9680
vn 0.0089 0.0366 -0.9993
vn 0.0098 0.0329 -0.9994
vn 0.0576 0.1774 -0.9825
vn 0.1308 0.3978 -0.9081
vn 0.1283 0.6115 -0.7808
vn 0.2008 0.6113 -0.7655
vn 0.2570 0.7798 -0.5709
vn 0.1903 0.8764 -0.4424
vn 0.2939 0.8889 -0.3513
vn 0.1560 0.9749 -0.1586
vn 0.1164 0.9736 -0.1965
vn 0.0610 0.9893 -0.1325
vn 0.0625 0.9809 -0.1840
vn 0.0871 0.9863 -0.1404
vn 0.1133 0.9834 -0.1416
vn -0.0051 0.0100 -0.9999
vn 0.0057 0.0303 -0.9995
vn 0.0006 0.0648 -0.9979
vn 0.0059 0.1829 -0.9831
vn 0.0051 0.3015 -0.9534
vn 0.0317 0.4145 -0.9095
vn 0.0542 0.5297 -0.8464
vn -0.0102 0.6237 -0.7816
vn 0.0366 0.7091 -0.7042
vn 0.0617 0.9489 -0.3094
vn 0.1149 0.9282 -0.3540
vn 0.0073 0.0382 -0.9992
vn 0.0045 0.0338 -0.9994
vn 0.0057 0.0362 -0.9993
vn 0.0253 0.1866 -0.9821
vn 0.0070 0.0399 -0.9992
vn 0.0029 0.0355 -0.9994
vn 0.0030 0.0352 -0.9994
vn 0.0023 0.0341 -0.9994
vn 0.0034 0.0337 -0.9994
vn 0.0038 0.0332 -0.9994
vn 0.0583 0.8982 -0.4356
vn 0.1028 0.8131 -0.5730
vn 0.0810 0.6376 -0.7661
vn 0.0534 0.4128 -0.9093
vn 0.0533 0.8220 -0.5669
vn 0.0555 0.9578 -0.2821
vn 0.0336 0.9516 -0.3054
vn 0.0515 0.9675 -0.2477
vn 0.0300 0.9683 -0.2482
vn 0.0541 0.9803 -0.1901
vn 0.0430 0.9808 -0.1902
vn 0.0729 0.9851 -0.1556
vn 0.0508 0.9897 -0.1340
vn 0.0488 0.9900 -0.1327
vn 0.0584 0.9883 -0.1410
vn 0.0406 0.9820 -0.1842
vn 0.0434 0.9820 -0.1838
vn -0.0022 0.0557 -0.9984
vn 0.0014 0.0347 -0.9994
vn 0.0064 0.1881 -0.9821
vn 0.0016 0.0348 -0.9994
vn 0.0050 0.3148 -0.9491
vn 0.0014 0.0597 -0.9982
vn 0.0396 0.9364 -0.3486
vn 0.0155 0.4244 -0.9054
vn 0.0143 0.5961 -0.8028
vn 0.0252 0.6471 -0.7620
vn 0.0186 0.7727 -0.6345
vn 0.0330 0.8243 -0.5651
vn 0.0242 0.9017 -0.4317
vn 0.0306 0.9599 -0.2786
vn 0.0219 0.9319 -0.3621
vn 0.0122 0.9119 -0.4103
vn 0.0008 0.8916 -0.4528
vn -0.0208 0.8861 -0.4631
vn -0.3972 0.8095 -0.4323
vn -0.1181 0.8099 -0.5745
vn -0.1003 0.7620 -0.6398
vn -0.5022 0.5790 -0.6423
vn -0.3046 0.6809 -0.6661
vn -0.2041 0.6677 -0.7159
vn -0.4408 0.6799 -0.5860
vn 0.0075 0.8924 -0.4513
vn -0.0058 0.7855 -0.6189
vn 0.0158 0.8951 -0.4456
vn 0.0052 0.6269 -0.7791
vn -0.0118 0.5825 -0.8128
vn -0.0086 0.2848 -0.9586
vn 0.0028 0.2376 -0.9714
vn 0.0002 0.0338 -0.9994
vn -0.0038 0.0463 -0.9989
vn -0.0012 0.0534 -0.9986
vn 0.0003 0.0337 -0.9994
vn 0.0061 0.0415 -0.9991
vn 0.0011 0.0600 -0.9982
vn -0.0079 0.0574 -0.9983
vn -0.3342 0.4336 -0.8369
vn -0.0415 0.0519 -0.9978
vn -0.0218 0.0593 -0.9980
vn -0.0681 0.2932 -0.9536
vn -0.1063 0.5743 -0.8117
vn -0.1948 0.2727 -0.9422
vn -0.5381 0.4262 -0.7272
vn -0.5090 0.1817 -0.8414
vn -0.3824 0.1612 -0.9098
vn -0.0456 0.0228 -0.9987
vn -0.0571 0.0414 -0.9975
vn -0.0451 0.0452 -0.9980
vn -0.5365 0.0224 -0.8436
vn -0.4435 0.0236 -0.8960
vn -0.4532 0.0901 -0.8869
vn -0.1753 0.0848 -0.9809
vn -0.0241 0.0068 -0.9997
vn -0.3132 0.0104 -0.9496
vn -0.1303 0.0057 -0.9915
vn -0.3703 -0.8858 -0.2798
vn -0.4405 -0.8561 -0.2705
vn -0.4047 -0.7846 -0.4698
vn -0.0249 -0.0735 -0.9970
vn -0.0377 -0.0679 -0.9970
vn -0.0878 -0.1998 -0.9759
vn -0.0369 -0.0517 -0.9980
vn -0.0229 0.0002 -0.9997
vn -0.0268 -0.0282 -0.9992
vn -0.0407 -0.0378 -0.9985
vn -0.0518 -0.2019 -0.9780
vn -0.0438 -0.0437 -0.9981
vn -0.0404 -0.0631 -0.9972
vn -0.1984 -0.5354 -0.8210
vn -0.0949 -0.5392 -0.8368
vn -0.2732 -0.7970 -0.5387
vn -0.1191 -0.8073 -0.5780
vn -0.2608 -0.8969 -0.3571
vn -0.0558 -0.0274 -0.9981
vn -0.1342 -0.1884 -0.9729
vn -0.3177 -0.5361 -0.7821
vn -0.1162 -0.9043 -0.4109
vn -0.0253 -0.0000 -0.9997
vn -0.0230 -0.0000 -0.9997
vn -0.0230 -0.0001 -0.9997
vn -0.4898 -0.7694 -0.4099
vn -0.4923 -0.8383 -0.2344
vn -0.5211 -0.8288 -0.2037
vn -0.3945 -0.0366 -0.9182
vn -0.1845 -0.0330 -0.9823
vn -0.3746 -0.1592 -0.9134
vn -0.1906 -0.1599 -0.9686
vn -0.4388 -0.3650 -0.8211
vn -0.2929 -0.3529 -0.8886
vn -0.5090 -0.5788 -0.6372
vn -0.4122 -0.5853 -0.6983
vn -0.5343 -0.7610 -0.3678
vn -0.3269 -0.9366 -0.1262
vn -0.4114 -0.9057 -0.1027
vn -0.4508 -0.8874 -0.0963
vn -0.2135 -0.9639 -0.1588
vn -0.1235 -0.9735 -0.1926
vn -0.6250 -0.0348 -0.7798
vn -0.6460 -0.1868 -0.7401
vn -0.6615 -0.4967 -0.5619
vn -0.5905 -0.7385 -0.3254
vn -0.5296 -0.8253 -0.1960
vn -0.5256 -0.8274 -0.1977
vn -0.4670 -0.8778 -0.1067
vn -0.5449 -0.2012 -0.8140
vn -0.5586 -0.0331 -0.8288
vn -0.5647 -0.7507 -0.3429
vn -0.5866 -0.5319 -0.6107
vn -0.6160 -0.0005 -0.7878
vn -0.5312 -0.0022 -0.8472
vn -0.3485 -0.0012 -0.9373
vn -0.1457 0.0008 -0.9893
vn -0.0405 0.0002 -0.9992
vn -0.0310 -0.0021 -0.9995
vn -0.0430 -0.0022 -0.9991
vn -0.0506 -0.0017 -0.9987
vn -0.0648 -0.0010 -0.9979
vn -0.0902 0.0014 -0.9959
vn -0.0787 0.0026 -0.9969
vn -0.0813 -0.0005 -0.9967
vn -0.1058 0.0001 -0.9944
vn -0.1392 -0.0023 -0.9903
vn -0.0455 0.0062 -0.9989
vn -0.0590 0.0052 -0.9982
vn 0.5342 -0.0000 -0.8453
vn 0.5318 -0.0004 -0.8469
vn 0.5264 -0.0052 -0.8502
vn 0.5814 0.2143 -0.7849
vn 0.5490 0.0355 -0.8350
vn 0.5441 0.0327 -0.8384
vn 0.5252 0.7592 -0.3844
vn 0.5874 0.5219 -0.6185
vn 0.5792 0.2171 -0.7858
vn 0.4492 0.8646 -0.2252
vn 0.4535 0.8640 -0.2187
vn 0.5235 0.7634 -0.3784
vn 0.5884 0.5209 -0.6184
vn 0.5504 0.0364 -0.8341
vn 0.5882 0.2110 -0.7807
vn 0.5954 0.5207 -0.6118
vn 0.5271 0.7633 -0.3737
vn 0.4516 0.8661 -0.2141
vn -0.0940 0.9121 -0.3990
vn -0.0315 0.9096 -0.4143
vn -0.0908 0.8709 -0.4829
vn -0.0398 0.8138 -0.5798
vn -0.0653 0.8096 -0.5834
vn -0.0539 0.6981 -0.7140
vn -0.0406 0.5469 -0.8362
vn -0.0462 0.4399 -0.8968
vn -0.0297 0.2069 -0.9779
vn -0.0318 0.1877 -0.9817
vn -0.0231 0.0289 -0.9993
vn -0.0250 0.0292 -0.9993
vn -0.0229 0.0004 -0.9997
vn -0.0134 0.0157 -0.9998
vn -0.0105 0.0328 -0.9994
vn -0.0664 0.0240 -0.9975
vn -0.2562 0.0379 -0.9659
vn -0.2257 0.1667 -0.9598
vn -0.1135 0.1489 -0.9823
vn -0.3099 0.3733 -0.8744
vn -0.2614 0.3898 -0.8830
vn -0.4116 0.5574 -0.7210
vn -0.3643 0.5770 -0.7310
vn -0.4500 0.7239 -0.5230
vn -0.4380 0.7172 -0.5421
vn -0.5078 0.7899 -0.3438
vn -0.4583 0.8103 -0.3652
vn -0.5218 0.8276 -0.2070
vn -0.4412 0.8607 -0.2542
vn -0.5220 0.8340 -0.1786
vn -0.4644 0.8582 -0.2187
vn -0.3422 0.8949 -0.2866
vn -0.3353 0.8842 -0.3251
vn -0.1990 0.9186 -0.3414
vn -0.1977 0.9079 -0.3697
vn -0.1029 0.9237 -0.3690
vn -0.0332 0.9245 -0.3799
vn 0.0336 0.9271 -0.3734
vn 0.1476 0.9294 -0.3382
vn 0.2758 0.9199 -0.2787
vn 0.4143 0.8941 -0.1699
vn 0.4056 0.8954 -0.1835
vn -0.0223 0.9156 -0.4015
vn -0.0241 0.9153 -0.4021
vn -0.0294 0.9140 -0.4047
vn 0.0213 0.9274 -0.3735
vn 0.0593 0.9406 -0.3342
vn 0.1929 0.9309 -0.3103
vn 0.0057 0.9227 -0.3855
vn 0.2833 0.8481 -0.4478
vn 0.3777 0.9051 -0.1952
vn 0.3048 0.9220 -0.2386
vn 0.1253 0.9374 -0.3249
vn 0.2119 0.9343 -0.2866
vn 0.3228 0.9214 -0.2166
vn 0.5671 0.6696 -0.4796
vn 0.5289 0.7728 -0.3507
vn 0.5551 0.7566 -0.3456
vn 0.4893 0.8239 -0.2859
vn 0.4832 0.8356 -0.2613
vn 0.3988 0.8950 -0.1997
vn 0.4556 0.8623 -0.2211
vn 0.5560 0.0201 -0.8309
vn 0.5542 0.0319 -0.8318
vn 0.5528 0.0336 -0.8327
vn 0.5518 0.0347 -0.8333
vn 0.5540 0.0207 -0.8323
vn 0.5754 0.1238 -0.8084
vn 0.5999 0.3338 -0.7272
vn 0.5959 0.4948 -0.6325
vn 0.2481 0.0001 -0.9687
vn 0.3135 0.0017 -0.9496
vn 0.2672 -0.0005 -0.9637
vn 0.0147 -0.0028 -0.9999
vn 0.0886 0.0008 -0.9961
vn 0.0189 -0.0012 -0.9998
vn 0.0182 0.0053 -0.9998
vn -0.0210 -0.0009 -0.9998
vn -0.0207 -0.0000 -0.9998
vn -0.0087 0.0004 -1.0000
vn 0.0048 0.0015 -1.0000
vn 0.0239 0.0029 -0.9997
vn -0.0086 -0.0040 -1.0000
vn 0.0736 0.0027 -0.9973
vn 0.5145 0.0008 -0.8575
vn 0.5295 0.0001 -0.8483
vn 0.5238 -0.0005 -0.8518
vn 0.5333 -0.0000 -0.8459
vn 0.5399 0.0011 -0.8417
vn 0.4382 -0.0010 -0.8989
vn 0.3965 0.0015 -0.9180
vn 0.4593 0.0029 -0.8883
vn 0.4920 0.0029 -0.8706
vn 0.1351 0.0018 -0.9908
vn 0.1946 0.0017 -0.9809
vn 0.5413 -0.0000 -0.8408
vn 0.5413 -0.0001 -0.8408
vn 0.5415 0.0002 -0.8407
vn 0.5414 0.0013 -0.8408
vn 0.5414 0.0014 -0.8408
vn 0.5419 -0.0000 -0.8405
vn 0.5419 0.0001 -0.8405
vn 0.5418 0.0001 -0.8405
vn 0.5419 -0.0000 -0.8404
vn 0.5432 0.0014 -0.8396
vn 0.5418 -0.0000 -0.8405
vn 0.5415 -0.0011 -0.8407
vn 0.5416 -0.0009 -0.8407
vn 0.5404 0.0001 -0.8414
vn 0.3405 -0.9344 -0.1046
vn 0.4463 -0.8693 -0.2125
vn 0.3222 -0.9416 -0.0982
vn 0.4080 -0.8944 -0.1832
vn -0.1678 -0.9481 -0.2702
vn 0.0005 -0.9170 -0.3990
vn -0.2496 -0.9457 -0.2080
vn -0.0005 -0.9779 -0.2091
vn 0.0949 -0.9802 -0.1738
vn 0.1102 -0.9328 -0.3431
vn -0.1082 -0.9650 -0.2389
vn 0.2263 -0.9653 -0.1306
vn 0.3096 -0.9296 -0.1999
vn 0.2125 -0.9346 -0.2851
vn 0.5875 -0.6628 -0.4642
vn 0.6707 -0.7151 -0.1968
vn 0.5243 -0.7802 -0.3410
vn 0.4894 -0.8247 -0.2835
vn 0.4632 -0.8517 -0.2451
vn 0.4462 -0.8688 -0.2146
vn 0.4008 -0.8942 -0.1996
vn 0.2987 -0.9511 -0.0789
vn 0.5167 -0.7739 -0.3662
vn 0.5800 -0.5274 -0.6209
vn 0.5727 -0.2002 -0.7950
vn 0.5485 -0.0294 -0.8357
vn 0.5580 -0.0117 -0.8298
vn 0.5675 -0.0279 -0.8229
vn 0.6001 -0.1915 -0.7767
vn 0.6071 -0.3865 -0.6943
vn 0.0148 -0.9114 -0.4113
vn 0.0155 -0.9809 -0.1941
vn -0.0209 -0.9096 -0.4150
vn -0.0335 -0.9790 -0.2009
vn -0.0536 -0.9084 -0.4147
vn -0.0796 -0.9718 -0.2221
vn -0.0243 -0.0292 -0.9993
vn -0.0287 -0.2059 -0.9782
vn -0.0147 -0.0141 -0.9998
vn -0.0079 -0.0385 -0.9992
vn -0.0378 -0.1020 -0.9941
vn -0.0415 -0.5490 -0.8348
vn -0.0520 -0.8124 -0.5807
vn -0.0267 -0.8258 -0.5633
vn -0.0264 -0.1954 -0.9804
vn -0.1527 -0.4217 -0.8938
vn -0.0450 -0.6418 -0.7655
vn 0.0074 -0.0536 -0.9985
vn -0.0045 -0.0881 -0.9961
vn -0.0036 -0.2600 -0.9656
vn 0.0400 -0.5594 -0.8280
vn 0.0109 -0.8309 -0.5563
vn -0.0209 -0.8225 -0.5684
vn 0.5307 -0.6626 -0.5285
vn 0.4765 -0.7964 -0.3725
vn 0.4170 -0.8034 -0.4250
vn 0.4271 -0.8735 -0.2335
vn 0.5591 -0.5193 -0.6464
vn 0.4402 -0.6937 -0.5701
vn 0.5482 -0.3734 -0.7484
vn 0.3370 -0.5667 -0.7519
vn 0.5479 -0.1882 -0.8151
vn 0.4303 0.0001 -0.9027
vn 0.4527 -0.0203 -0.8914
vn 0.4881 -0.0257 -0.8724
vn 0.5232 -0.0264 -0.8518
vn 0.6374 -0.0891 -0.7653
vn 0.5393 -0.0231 -0.8418
vn 0.0459 -0.1075 -0.9931
vn 0.0631 -0.1185 -0.9910
vn 0.1198 -0.2507 -0.9606
vn 0.1764 -0.0438 -0.9834
vn 0.3397 -0.2293 -0.9122
vn 0.2043 -0.0555 -0.9773
vn 0.3948 -0.0481 -0.9175
vn 0.0380 -0.1184 -0.9922
vn 0.1241 -0.5554 -0.8223
vn 0.1026 -0.9159 -0.3880
vn 0.1061 -0.8211 -0.5608
vn 0.2038 -0.9128 -0.3540
vn 0.2762 -0.8204 -0.5006
vn 0.3118 -0.8995 -0.3061
vn 0.3865 -0.8844 -0.2618
vn 0.3001 -0.9463 -0.1203
vn 0.2057 -0.9679 -0.1441
vn 0.0962 -0.9809 -0.1692
vn 0.5233 0.0003 -0.8522
vn 0.5320 0.0002 -0.8467
vn 0.5364 0.0006 -0.8440
vn 0.5406 0.0002 -0.8413
vn 0.5343 -0.0000 -0.8453
vn 0.5392 -0.0007 -0.8422
vn 0.5392 -0.0010 -0.8422
vn 0.5414 -0.0001 -0.8408
vn 0.5417 -0.0002 -0.8406
vn 0.5416 -0.0003 -0.8406
vn 0.5422 -0.0003 -0.8403
vn 0.0201 0.0148 -0.9997
vn 0.5319 -0.0000 -0.8468
vn 0.4685 0.0001 -0.8835
vn 0.5079 -0.0005 -0.8614
vn 0.5248 -0.0003 -0.8512
vn 0.0082 0.0060 -0.9999
vn 0.0728 -0.0029 -0.9973
vn 0.0210 -0.0029 -0.9998
vn -0.0140 0.0040 -0.9999
vn -0.0079 -0.0005 -1.0000
vn -0.0206 -0.0000 -0.9998
vn 0.1988 -0.0018 -0.9800
vn 0.1384 -0.0020 -0.9904
vn 0.4157 -0.0006 -0.9095
vn 0.3407 -0.0009 -0.9402
vn 0.2633 -0.0000 -0.9647
vn -0.0228 -0.0000 -0.9997
vn -0.0229 -0.0000 -0.9997
vn -0.0227 -0.0000 -0.9997
vn -0.0228 0.0001 -0.9997
vn -0.0229 0.0001 -0.9997
vn -0.0228 0.0002 -0.9997
vn -0.0232 -0.0000 -0.9997
vn -0.0231 0.0001 -0.9997
vn -0.0231 -0.0000 -0.9997
vn -0.0264 0.0289 -0.9992
vn -0.0410 0.0402 -0.9983
vn -0.0215 -0.0007 -0.9998
vn -0.0187 0.0003 -0.9998
vn -0.0185 0.0003 -0.9998
vn -0.0226 -0.0000 -0.9997
vn -0.0230 -0.0003 -0.9997
vn -0.0642 0.0572 -0.9963
vn -0.0651 0.2048 -0.9766
vn -0.0554 0.0841 -0.9949
vn -0.1358 0.6767 -0.7237
vn -0.1081 0.5433 -0.8325
vn -0.2315 0.8063 -0.5443
vn -0.0383 0.0470 -0.9982
vn -0.0231 0.0002 -0.9997
vn -0.0317 0.0193 -0.9993
vn -0.0765 0.1092 -0.9911
vn -0.0637 0.1076 -0.9922
vn -0.0970 0.2237 -0.9698
vn -0.0612 0.1038 -0.9927
vn -0.1196 0.2056 -0.9713
vn -0.0457 0.0884 -0.9950
vn -0.0291 0.0850 -0.9960
vn -0.1911 0.5427 -0.8179
vn -0.2867 0.5307 -0.7976
vn -0.3858 0.7788 -0.4946
vn -0.0523 -0.0117 -0.9986
vn -0.0646 -0.0160 -0.9978
vn -0.0731 -0.0132 -0.9972
vn -0.0879 -0.0090 -0.9961
vn -0.1111 -0.0046 -0.9938
vn -0.1264 -0.0020 -0.9920
vn -0.1324 -0.0008 -0.9912
vn -0.0820 0.0005 -0.9966
vn -0.0726 0.0007 -0.9974
vn -0.0368 0.0019 -0.9993
vn -0.0522 0.0015 -0.9986
vn -0.4977 0.0238 -0.8670
vn -0.6154 0.0436 -0.7870
vn -0.5546 0.7574 -0.3447
vn -0.5327 0.8222 -0.2006
vn -0.3635 0.2229 -0.9045
vn -0.4616 0.5538 -0.6930
vn -0.5453 0.8119 -0.2083
vn -0.6079 0.7010 -0.3728
vn -0.6491 0.5209 -0.5544
vn -0.5807 0.5234 -0.6235
vn -0.6462 0.2821 -0.7092
vn -0.5266 0.2082 -0.8242
vn -0.5421 0.8161 -0.2005
vn -0.5459 0.8126 -0.2042
vn -0.5266 0.8312 -0.1781
vn -0.5283 0.8304 -0.1769
vn -0.5281 0.8303 -0.1780
vn -0.5458 0.8140 -0.1986
vn -0.5419 0.8167 -0.1985
vn -0.5818 0.2189 -0.7833
vn -0.6620 0.2808 -0.6949
vn -0.6251 0.1063 -0.7732
vn -0.6525 0.0296 -0.7573
vn -0.6005 0.0093 -0.7995
vn -0.6148 0.7247 -0.3111
vn -0.6830 0.4728 -0.5567
vn -0.6269 0.0007 -0.7791
vn -0.6238 0.2182 -0.7505
vn -0.6397 0.0160 -0.7685
vn -0.6016 -0.0001 -0.7988
vn -0.4887 -0.0001 -0.8724
vn -0.3069 0.0027 -0.9517
vn -0.1278 0.0031 -0.9918
vn -0.0181 -0.0000 -0.9998
vn -0.0640 0.0003 -0.9980
vn -0.0656 -0.0000 -0.9978
vn -0.0653 -0.0011 -0.9979
vn 0.0052 -0.0352 -0.9994
vn 0.0038 -0.0411 -0.9991
vn -0.0002 -0.0359 -0.9994
vn 0.0055 -0.0357 -0.9993
vn 0.0059 -0.0342 -0.9994
vn 0.0060 -0.0342 -0.9994
vn 0.0063 -0.0344 -0.9994
vn 0.0066 -0.0350 -0.9994
vn 0.0068 -0.0356 -0.9993
vn 0.0068 -0.0351 -0.9994
vn 0.4612 -0.5331 -0.7093
vn -0.0855 -0.2737 -0.9580
vn 0.0102 -0.9522 -0.3053
vn 0.0080 -0.8466 -0.5322
vn 0.0097 -0.6665 -0.7455
vn 0.0008 -0.1906 -0.9817
vn 0.0415 -0.2363 -0.9708
vn 0.0072 -0.4353 -0.9002
vn 0.0475 -0.4323 -0.9005
vn 0.0728 -0.6630 -0.7451
vn 0.0925 -0.8415 -0.5322
vn 0.1026 -0.9321 -0.3474
vn 0.1064 -0.9709 -0.2146
vn 0.0324 -0.1904 -0.9812
vn 0.1715 -0.9785 -0.1149
vn 0.1617 -0.9429 -0.2913
vn 0.0728 -0.4297 -0.9000
vn 0.1119 -0.6599 -0.7430
vn 0.1423 -0.8377 -0.5273
vn 0.1767 -0.9580 -0.2258
vn -0.3335 -0.7926 -0.5105
vn -0.3265 -0.7942 -0.5124
vn -0.3369 -0.7907 -0.5111
vn -0.3369 -0.7908 -0.5111
vn -0.3715 -0.7742 -0.5124
vn -0.3486 -0.7960 -0.4948
vn -0.3285 -0.8210 -0.4669
vn -0.3061 -0.8379 -0.4520
vn -0.2393 -0.8638 -0.4433
vn -0.0912 -0.8947 -0.4372
vn 0.0619 -0.9150 -0.3987
vn 0.1287 -0.9146 -0.3833
vn 0.2051 -0.9047 -0.3735
vn 0.2034 -0.9071 -0.3684
vn 0.1731 -0.9117 -0.3725
vn 0.1358 -0.9045 -0.4044
vn 0.1041 -0.9213 -0.3747
vn -0.0148 -0.9265 -0.3759
vn 0.0048 -0.9279 -0.3728
vn 0.0595 -0.9247 -0.3759
vn -0.4182 -0.9071 -0.0468
vn -0.4007 -0.9160 -0.0179
vn -0.3890 -0.9211 -0.0152
vn -0.3219 -0.9468 -0.0081
vn -0.2362 -0.9717 -0.0058
vn -0.1599 -0.9871 -0.0097
vn -0.0959 -0.9953 -0.0146
vn 0.0124 -0.9998 -0.0157
vn -0.0346 -0.9992 -0.0214
vn 0.0616 -0.9980 -0.0159
vn 0.1267 -0.9918 -0.0162
vn 0.1999 -0.9797 -0.0160
vn 0.2536 -0.9672 -0.0157
vn 0.2517 -0.9676 -0.0194
vn -0.3233 -0.9373 -0.1303
vn -0.3268 -0.9357 -0.1327
vn -0.2703 -0.9544 -0.1271
vn -0.1691 -0.9776 -0.1254
vn -0.0178 -0.9956 -0.0922
vn 0.1739 -0.9841 -0.0363
vn 0.0540 -0.9955 -0.0773
vn 0.2467 -0.0116 -0.9690
vn 0.2101 0.0031 -0.9777
vn 0.2016 -0.0104 -0.9794
vn 0.1562 -0.0341 -0.9871
vn 0.2068 -0.0761 -0.9754
vn 0.2501 -0.0520 -0.9668
vn 0.2473 -0.0365 -0.9683
vn 0.2462 -0.0227 -0.9690
vn 0.2417 -0.0931 -0.9659
vn 0.2489 -0.0806 -0.9652
vn 0.3682 -0.6946 -0.6180
vn 0.3649 -0.5818 -0.7269
vn 0.3051 -0.4440 -0.8425
vn 0.3064 -0.2931 -0.9057
vn 0.2613 -0.2519 -0.9318
vn 0.1993 -0.1051 -0.9743
vn 0.1174 -0.0270 -0.9927
vn 0.1087 -0.7693 -0.6295
vn 0.1707 -0.6440 -0.7457
vn 0.1889 -0.4602 -0.8675
vn -0.1746 -0.7721 -0.6111
vn 0.0667 -0.8648 -0.4977
vn -0.1682 -0.7475 -0.6426
vn 0.0876 -0.8271 -0.5552
vn -0.2395 -0.8097 -0.5358
vn -0.3039 -0.7800 -0.5470
vn -0.3171 -0.7642 -0.5617
vn -0.2396 -0.7839 -0.5728
vn 0.3438 -0.8125 -0.4708
vn 0.2268 -0.9585 -0.1728
vn 0.2738 -0.9490 -0.1560
vn 0.2398 -0.9432 -0.2300
vn 0.3064 -0.9220 -0.2366
vn 0.3314 -0.8768 -0.3485
vn 0.2199 -0.9621 -0.1614
vn 0.2559 -0.9558 -0.1447
vn 0.4470 -0.5511 -0.7046
vn 0.3203 -0.1329 -0.9379
vn 0.3725 -0.1646 -0.9133
vn 0.3925 -0.0539 -0.9182
vn 0.4336 -0.1930 -0.8802
vn 0.4980 -0.7809 -0.3772
vn 0.4278 -0.8235 -0.3727
vn 0.5199 -0.8232 -0.2283
vn 0.5425 -0.7392 -0.3992
vn 0.5123 -0.5197 -0.6837
vn 0.4357 -0.8778 -0.1988
vn 0.3433 -0.9302 -0.1299
vn 0.4340 -0.0574 -0.8991
vn 0.4949 -0.1926 -0.8474
vn 0.5734 -0.4884 -0.6578
vn 0.3714 -0.9134 -0.1664
vn 0.4309 -0.8854 -0.1745
vn 0.3996 -0.9008 -0.1697
vn 0.4797 -0.8562 -0.1921
vn 0.5214 -0.8297 -0.1994
vn 0.5763 -0.7719 -0.2684
vn 0.5584 -0.8026 -0.2100
vn 0.5948 -0.7699 -0.2313
vn 0.6104 -0.7467 -0.2643
vn 0.3370 -0.9224 -0.1888
vn 0.4986 -0.1077 -0.8601
vn 0.4700 -0.0700 -0.8799
vn 0.4486 -0.0534 -0.8921
vn 0.6238 -0.7018 -0.3440
vn 0.5922 -0.7084 -0.3840
vn 0.4802 -0.0990 -0.8716
vn 0.5484 -0.2643 -0.7934
vn 0.6135 -0.4307 -0.6619
vn 0.6311 -0.5451 -0.5519
vn 0.6276 -0.6470 -0.4331
vn 0.4804 -0.0523 -0.8755
vn 0.5190 -0.1550 -0.8406
vn 0.6266 -0.3416 -0.7005
vn 0.6564 -0.6618 -0.3622
vn 0.6643 -0.5392 -0.5177
vn 0.4889 -0.0496 -0.8709
vn 0.6413 -0.7197 -0.2659
vn 0.6929 -0.5959 -0.4059
vn 0.6566 -0.3809 -0.6510
vn 0.4908 -0.0407 -0.8703
vn 0.5606 -0.1352 -0.8170
vn 0.5771 -0.1047 -0.8099
vn 0.4995 -0.0303 -0.8658
vn 0.5880 -0.0786 -0.8050
vn 0.5064 -0.0224 -0.8620
vn 0.8646 -0.3959 -0.3094
vn 0.8370 -0.3313 -0.4356
vn 0.8214 -0.4851 -0.2999
vn 0.7916 -0.4333 -0.4309
vn 0.7559 -0.5877 -0.2885
vn 0.7341 -0.5355 -0.4175
vn 0.6763 -0.6842 -0.2730
vn 0.7417 -0.2122 -0.6363
vn 0.7197 -0.2802 -0.6352
vn 0.6857 -0.3453 -0.6408
vn 0.6121 -0.7537 -0.2393
vn 0.6710 -0.6999 -0.2447
vn 0.7425 -0.6137 -0.2683
vn 0.7802 -0.5635 -0.2716
vn 0.8264 -0.4932 -0.2717
vn 0.8481 -0.4590 -0.2648
vn 0.8764 -0.4045 -0.2615
vn 0.8858 -0.3845 -0.2598
vn 0.8992 -0.2978 -0.3205
vn 0.9062 -0.3189 -0.2777
vn 0.9246 -0.2643 -0.2742
vn 0.9377 -0.2139 -0.2739
vn 0.9220 -0.1985 -0.3323
vn 0.9327 -0.2353 -0.2733
vn 0.9186 -0.2278 -0.3229
vn 0.9094 -0.2527 -0.3305
vn 0.9471 -0.1933 -0.2562
vn 0.9512 -0.1712 -0.2567
vn 0.9417 -0.1943 -0.2746
vn 0.9468 -0.1638 -0.2769
vn 0.9318 -0.1636 -0.3240
vn 0.9441 -0.2080 -0.2558
vn 0.9413 -0.2212 -0.2551
vn 0.9375 -0.2363 -0.2554
vn 0.9328 -0.2539 -0.2558
vn 0.9001 -0.3511 -0.2581
vn 0.9202 -0.2963 -0.2559
vn 0.9285 -0.2696 -0.2554
vn 0.8855 -0.1402 -0.4430
vn 0.5967 -0.0456 -0.8012
vn 0.5139 -0.0143 -0.8577
vn 0.5110 -0.0164 -0.8595
vn 0.8744 -0.1926 -0.4453
vn 0.8650 -0.2424 -0.4393
vn 0.7537 -0.1525 -0.6393
vn 0.5926 -0.0572 -0.8035
vn 0.7598 -0.1209 -0.6388
vn 0.6025 -0.0340 -0.7974
vn 0.7659 -0.0902 -0.6366
vn 0.5215 -0.0094 -0.8532
vn 0.5196 -0.0115 -0.8543
vn 0.5148 -0.0127 -0.8572
vn 0.9401 0.0125 -0.3406
vn 0.9475 0.0586 -0.3143
vn 0.8987 0.0411 -0.4367
vn 0.5269 -0.0070 -0.8499
vn 0.6074 -0.0237 -0.7940
vn 0.8923 -0.0975 -0.4408
vn 0.8968 -0.0559 -0.4388
vn 0.7750 -0.0357 -0.6310
vn 0.5307 -0.0041 -0.8475
vn 0.6113 -0.0136 -0.7913
vn 0.7711 -0.0621 -0.6337
vn 0.6137 -0.0029 -0.7895
vn 0.7775 -0.0073 -0.6288
vn 0.8995 -0.0114 -0.4367
vn 0.5326 -0.0010 -0.8464
vn 0.9462 -0.0162 -0.3231
vn 0.5321 0.0025 -0.8467
vn 0.6139 0.0089 -0.7893
vn 0.7781 0.0240 -0.6277
vn 0.9447 -0.0691 -0.3206
vn 0.9396 -0.1160 -0.3221
vn 0.9593 -0.0491 -0.2781
vn 0.9536 -0.1100 -0.2803
vn 0.9425 0.1129 -0.3144
vn 0.9608 0.0256 -0.2762
vn 0.9657 0.0249 -0.2585
vn 0.9638 0.0601 -0.2596
vn 0.9501 0.1409 -0.2784
vn 0.9613 0.1047 -0.2549
vn 0.9647 -0.0036 -0.2632
vn 0.9560 -0.1393 -0.2583
vn 0.9605 -0.1001 -0.2596
vn 0.9629 -0.0701 -0.2607
vn 0.9646 -0.0282 -0.2621
vn 0.5295 0.0070 -0.8483
vn 0.6126 0.0244 -0.7900
vn 0.7764 0.0640 -0.6270
vn 0.8959 0.1001 -0.4328
vn 0.9053 0.3258 -0.2726
vn 0.8937 0.3213 -0.3132
vn 0.9057 0.2479 -0.3438
vn 0.9565 0.1404 -0.2556
vn 0.9497 0.1678 -0.2645
vn 0.9277 0.1463 -0.3435
vn 0.9450 0.1864 -0.2687
vn 0.9307 0.1892 -0.3131
vn 0.9418 0.2018 -0.2691
vn 0.9282 0.2124 -0.3055
vn 0.9151 0.3096 -0.2581
vn 0.9285 0.2527 -0.2719
vn 0.9331 0.2367 -0.2708
vn 0.9212 0.2332 -0.3114
vn 0.9372 0.2216 -0.2694
vn 0.9397 0.2105 -0.2696
vn 0.8564 0.2647 -0.4433
vn 0.8802 0.1855 -0.4368
vn 0.5233 0.0126 -0.8521
vn 0.6072 0.0447 -0.7933
vn 0.7692 0.1164 -0.6283
vn 0.5142 0.0190 -0.8575
vn 0.5956 0.0650 -0.8006
vn 0.7524 0.1694 -0.6366
vn 0.5649 0.1341 -0.8142
vn 0.4899 0.0338 -0.8711
vn 0.4989 0.0329 -0.8660
vn 0.8773 0.3596 -0.3179
vn 0.8610 0.4051 -0.3075
vn 0.8228 0.3622 -0.4379
vn 0.8285 0.4646 -0.3126
vn 0.7973 0.5324 -0.2844
vn 0.7351 0.2310 -0.6374
vn 0.5874 0.0890 -0.8044
vn 0.7380 0.5973 -0.3138
vn 0.7321 0.5295 -0.4284
vn 0.7497 0.5236 -0.4048
vn 0.6801 0.3641 -0.6363
vn 0.6907 0.3445 -0.6358
vn 0.5658 0.1542 -0.8100
vn 0.4851 0.0390 -0.8736
vn 0.4594 0.0092 -0.8882
vn 0.5078 0.0253 -0.8611
vn 0.5767 0.1155 -0.8088
vn 0.7138 0.2958 -0.6348
vn 0.7876 0.4553 -0.4152
vn 0.7565 0.5988 -0.2628
vn 0.7210 0.6557 -0.2240
vn 0.8806 0.3782 -0.2855
vn 0.8717 0.4024 -0.2796
vn 0.7938 0.5587 -0.2402
vn 0.8168 0.5183 -0.2533
vn 0.8426 0.4691 -0.2644
vn 0.7727 0.5890 -0.2366
vn 0.7603 0.6073 -0.2308
vn 0.7096 0.6753 -0.2011
vn 0.7277 0.6521 -0.2127
vn 0.7392 0.6379 -0.2161
vn 0.6977 0.6898 -0.1933
vn 0.6981 0.6921 -0.1832
vn 0.6805 0.7027 -0.2078
vn 0.4976 0.7994 -0.3366
vn 0.3684 0.8298 -0.4192
vn 0.3750 0.8134 -0.4447
vn 0.1547 0.8590 -0.4880
vn 0.1310 0.8561 -0.4999
vn 0.0693 0.8545 -0.5148
vn 0.0285 0.8560 -0.5163
vn 0.1573 0.8600 -0.4855
vn 0.1774 0.8543 -0.4885
vn 0.1689 0.8546 -0.4910
vn 0.1887 0.8519 -0.4886
vn 0.1979 0.8454 -0.4961
vn 0.1995 0.8439 -0.4980
vn 0.1813 0.8459 -0.5017
vn 0.1741 0.8472 -0.5019
vn 0.1303 0.8543 -0.5032
vn 0.1263 0.8559 -0.5015
vn 0.0840 0.8619 -0.5001
vn 0.0801 0.8630 -0.4987
vn 0.0600 0.8658 -0.4967
vn 0.0609 0.8667 -0.4951
vn 0.0626 0.8682 -0.4923
vn 0.0626 0.8682 -0.4922
vn 0.0721 0.8641 -0.4982
vn 0.0800 0.8633 -0.4984
vn 0.0931 0.8553 -0.5098
vn 0.1013 0.8599 -0.5004
vn 0.1078 0.8605 -0.4979
vn 0.1373 0.8562 -0.4981
vn 0.1434 0.8554 -0.4977
vn 0.1927 0.8410 -0.5056
vn 0.1847 0.8471 -0.4984
vn 0.3320 0.7974 -0.5040
vn 0.3049 0.8123 -0.4972
vn 0.3038 0.8027 -0.5132
vn 0.2363 0.8180 -0.5245
vn 0.2643 0.8163 -0.5136
vn 0.3711 0.7827 -0.4997
vn 0.3716 0.7801 -0.5033
vn 0.3521 0.7757 -0.5237
vn 0.3666 0.7904 -0.4907
vn 0.3810 0.7801 -0.4963
vn 0.3854 0.7771 -0.4976
vn 0.3052 0.8364 -0.4553
vn 0.3182 0.8258 -0.4656
vn 0.3404 0.8092 -0.4789
vn 0.3363 0.8131 -0.4752
vn 0.3583 0.7967 -0.4866
vn 0.2742 0.8573 -0.4357
vn 0.2865 0.8478 -0.4462
vn 0.3000 0.8379 -0.4559
vn 0.2819 0.8530 -0.4393
vn 0.2625 0.8657 -0.4261
vn 0.2640 0.8641 -0.4286
vn 0.2710 0.8581 -0.4361
vn 0.4230 0.0622 -0.9040
vn 0.4257 0.0521 -0.9034
vn 0.4244 0.0569 -0.9037
vn 0.4063 0.7340 -0.5442
vn 0.3964 0.7460 -0.5351
vn 0.3970 0.7340 -0.5510
vn 0.3789 0.7621 -0.5250
vn 0.4109 0.6992 -0.5851
vn 0.4170 0.6644 -0.6202
vn 0.4195 0.6590 -0.6243
vn 0.4194 0.6591 -0.6242
vn 0.4166 0.6652 -0.6196
vn 0.4624 0.5616 -0.6862
vn 0.4434 0.5954 -0.6700
vn 0.4503 0.5441 -0.7080
vn 0.4757 0.4058 -0.7804
vn 0.4630 0.3737 -0.8037
vn 0.4796 0.2846 -0.8301
vn 0.4719 0.2690 -0.8396
vn 0.4215 0.0675 -0.9043
vn 0.3383 0.8173 -0.4664
vn 0.3685 0.8079 -0.4600
vt 0.479832 0.899432
vt 0.480003 0.898806
vt 0.480289 0.899017
vt 0.460173 0.920846
vt 0.460685 0.913956
vt 0.460088 0.923960
vt 0.463117 0.892180
vt 0.463875 0.885037
vt 0.464366 0.884959
vt 0.462216 0.900265
vt 0.461107 0.913937
vt 0.461440 0.913873
vt 0.469702 0.843522
vt 0.469349 0.849519
vt 0.475748 0.814627
vt 0.289665 0.445354
vt 0.293320 0.438596
vt 0.289015 0.447226
vt 0.294813 0.440116
vt 0.298564 0.435371
vt 0.294773 0.440466
vt 0.117131 0.616780
vt 0.117780 0.621052
vt 0.117352 0.619624
vt 0.287206 0.468255
vt 0.284746 0.492255
vt 0.286942 0.468194
vt 0.280237 0.533152
vt 0.129176 0.533663
vt 0.134487 0.523892
vt 0.136299 0.570173
vt 0.133369 0.479973
vt 0.126204 0.449880
vt 0.130520 0.461088
vt 0.129820 0.464207
vt 0.132157 0.467103
vt 0.132664 0.469891
vt 0.123908 0.541360
vt 0.120361 0.459686
vt 0.133363 0.479668
vt 0.126241 0.581083
vt 0.138233 0.602587
vt 0.129151 0.620865
vt 0.138126 0.618110
vt 0.258077 0.617462
vt 0.248063 0.617962
vt 0.249197 0.599995
vt 0.262185 0.476450
vt 0.262346 0.474600
vt 0.273646 0.489701
vt 0.263774 0.465591
vt 0.271838 0.446870
vt 0.277089 0.454725
vt 0.267104 0.456441
vt 0.264803 0.462119
vt 0.263166 0.580602
vt 0.253568 0.565509
vt 0.268393 0.537770
vt 0.258294 0.520056
vt 0.262163 0.476711
vt 0.136440 0.635654
vt 0.134751 0.641928
vt 0.128543 0.643947
vt 0.137650 0.629123
vt 0.129661 0.633110
vt 0.110744 0.473973
vt 0.110683 0.472251
vt 0.114207 0.545924
vt 0.117464 0.596971
vt 0.118243 0.607361
vt 0.119075 0.617717
vt 0.123810 0.443990
vt 0.119052 0.442551
vt 0.122699 0.441465
vt 0.117293 0.434573
vt 0.119702 0.435453
vt 0.116826 0.433051
vt 0.116199 0.429697
vt 0.114791 0.427572
vt 0.284397 0.422778
vt 0.281980 0.428426
vt 0.280786 0.428868
vt 0.281517 0.429745
vt 0.277752 0.434655
vt 0.279360 0.437728
vt 0.277098 0.435967
vt 0.277968 0.446237
vt 0.274164 0.442033
vt 0.273464 0.443500
vt 0.285599 0.467256
vt 0.274669 0.564904
vt 0.267847 0.615296
vt 0.285424 0.469082
vt 0.282945 0.493065
vt 0.256529 0.628780
vt 0.247738 0.627617
vt 0.247903 0.630534
vt 0.255893 0.638205
vt 0.248563 0.636653
vt 0.230154 0.715993
vt 0.215805 0.757777
vt 0.215695 0.757208
vt 0.145241 0.704834
vt 0.132092 0.680840
vt 0.136101 0.669981
vt 0.133427 0.672716
vt 0.134759 0.664555
vt 0.161476 0.759349
vt 0.155593 0.761908
vt 0.154099 0.735685
vt 0.144550 0.726189
vt 0.142488 0.719064
vt 0.131250 0.677546
vt 0.129662 0.670896
vt 0.132978 0.655372
vt 0.128030 0.661856
vt 0.132858 0.653331
vt 0.127598 0.651681
vt 0.128396 0.644924
vt 0.131513 0.643598
vt 0.127661 0.658256
vt 0.133170 0.648528
vt 0.134633 0.642341
vt 0.117781 0.633441
vt 0.117788 0.633419
vt 0.118466 0.631362
vt 0.118947 0.629392
vt 0.119145 0.628213
vt 0.119299 0.626884
vt 0.119314 0.626707
vt 0.119393 0.625470
vt 0.119420 0.624600
vt 0.119423 0.624379
vt 0.119426 0.623986
vt 0.119334 0.621046
vt 0.119324 0.620881
vt 0.119078 0.617753
vt 0.939405 0.006750
vt 0.939399 0.006717
vt 0.939664 0.006803
vt 0.111952 0.422446
vt 0.103089 0.442583
vt 0.102656 0.441917
vt 0.105718 0.414208
vt 0.099301 0.437673
vt 0.097890 0.436130
vt 0.104837 0.445668
vt 0.107255 0.451408
vt 0.107573 0.452348
vt 0.109299 0.458869
vt 0.110592 0.469848
vt 0.110449 0.467371
vt 0.109492 0.459853
vt 0.287635 0.454332
vt 0.287036 0.456982
vt 0.285899 0.464291
vt 0.289574 0.447838
vt 0.289934 0.446850
vt 0.292463 0.441078
vt 0.292881 0.440284
vt 0.287142 0.417957
vt 0.296106 0.435238
vt 0.288177 0.416416
vt 0.297231 0.433814
vt 0.293439 0.409787
vt 0.299172 0.431524
vt 0.917468 0.472440
vt 0.912546 0.494554
vt 0.912197 0.494643
vt 0.939828 0.359533
vt 0.940127 0.359426
vt 0.940109 0.359531
vt 0.931364 0.406146
vt 0.926923 0.426646
vt 0.267029 0.622677
vt 0.267831 0.615410
vt 0.267014 0.624391
vt 0.267083 0.625907
vt 0.267540 0.629140
vt 0.267998 0.631059
vt 0.255744 0.642879
vt 0.248721 0.637926
vt 0.249767 0.674257
vt 0.249204 0.647834
vt 0.253185 0.660546
vt 0.249260 0.644253
vt 0.255201 0.649743
vt 0.245718 0.688274
vt 0.246373 0.662203
vt 0.248019 0.655909
vt 0.237181 0.715612
vt 0.234830 0.701268
vt 0.221599 0.760750
vt 0.213748 0.762527
vt 0.158231 0.768400
vt 0.163651 0.764426
vt 0.158947 0.769588
vt 0.164784 0.765998
vt 0.162782 0.773723
vt 0.168178 0.768784
vt 0.167806 0.776414
vt 0.173459 0.770654
vt 0.168455 0.776642
vt 0.176394 0.771133
vt 0.175522 0.778155
vt 0.112612 0.696237
vt 0.088413 0.731987
vt 0.083918 0.718655
vt 0.093681 0.711060
vt 0.093375 0.745097
vt 0.110524 0.751607
vt 0.106064 0.774066
vt 0.107319 0.700396
vt 0.114289 0.721586
vt 0.122056 0.743396
vt 0.129630 0.763495
vt 0.108769 0.779684
vt 0.135765 0.779485
vt 0.117005 0.796002
vt 0.118417 0.666297
vt 0.115427 0.639376
vt 0.120290 0.651167
vt 0.112362 0.644091
vt 0.119265 0.658398
vt 0.110349 0.646436
vt 0.104697 0.651907
vt 0.117573 0.634048
vt 0.122989 0.639471
vt 0.116962 0.635799
vt 0.115966 0.631019
vt 0.115925 0.631126
vt 0.111677 0.616298
vt 0.116295 0.630112
vt 0.115430 0.594574
vt 0.107632 0.582403
vt 0.117411 0.620695
vt 0.117430 0.621139
vt 0.117450 0.623135
vt 0.117446 0.623313
vt 0.117354 0.624977
vt 0.117339 0.625144
vt 0.117279 0.625704
vt 0.117205 0.626264
vt 0.116830 0.628223
vt 0.112344 0.545407
vt 0.098622 0.527130
vt 0.111833 0.536034
vt 0.108794 0.470090
vt 0.108911 0.473058
vt 0.090487 0.471429
vt 0.108381 0.464030
vt 0.102630 0.445525
vt 0.105071 0.450242
vt 0.106975 0.455932
vt 0.097316 0.438814
vt 0.100022 0.441907
vt 0.107377 0.457626
vt 0.084314 0.505242
vt 0.063048 0.398918
vt 0.068178 0.405256
vt 0.068726 0.430070
vt 0.073040 0.452040
vt 0.077555 0.473972
vt 0.105622 0.593909
vt 0.091427 0.536435
vt 0.062393 0.377999
vt 0.062232 0.359892
vt 0.083295 0.387262
vt 0.063002 0.395522
vt 0.062676 0.395110
vt 0.097757 0.435983
vt 0.085870 0.422597
vt 0.080561 0.400656
vt 0.121322 0.427048
vt 0.119357 0.422880
vt 0.117679 0.420073
vt 0.589585 0.825501
vt 0.583195 0.821377
vt 0.588544 0.814627
vt 0.582814 0.816306
vt 0.116113 0.417854
vt 0.910619 0.523965
vt 0.910089 0.521942
vt 0.910484 0.523017
vt 0.910351 0.504643
vt 0.910034 0.504730
vt 0.912158 0.496233
vt 0.909198 0.516152
vt 0.909183 0.518023
vt 0.909106 0.516093
vt 0.520457 0.827076
vt 0.521294 0.817763
vt 0.526836 0.822775
vt 0.527614 0.814627
vt 0.283875 0.422736
vt 0.320740 0.863227
vt 0.320964 0.858809
vt 0.320964 0.864908
vt 0.697469 0.865619
vt 0.703411 0.861827
vt 0.697977 0.871570
vt 0.703411 0.869471
vt 0.698208 0.872577
vt 0.338828 0.353393
vt 0.333809 0.388392
vt 0.333434 0.388889
vt 0.317763 0.380729
vt 0.318062 0.408560
vt 0.299246 0.431436
vt 0.299526 0.434224
vt 0.314195 0.416420
vt 0.303885 0.467074
vt 0.333098 0.392305
vt 0.330918 0.402344
vt 0.328683 0.412373
vt 0.288332 0.458791
vt 0.289880 0.451711
vt 0.290026 0.451205
vt 0.291009 0.448213
vt 0.292019 0.445685
vt 0.279215 0.541944
vt 0.292903 0.523849
vt 0.269628 0.627221
vt 0.269408 0.626103
vt 0.281002 0.579926
vt 0.269080 0.621711
vt 0.269817 0.614557
vt 0.269970 0.628632
vt 0.278035 0.603808
vt 0.296084 0.541934
vt 0.312545 0.479621
vt 0.268100 0.631458
vt 0.268118 0.631530
vt 0.261827 0.637175
vt 0.268030 0.631187
vt 0.268051 0.631267
vt 0.268076 0.631363
vt 0.261241 0.671163
vt 0.262175 0.657805
vt 0.263452 0.668870
vt 0.261988 0.649256
vt 0.262069 0.642780
vt 0.262062 0.641936
vt 0.275734 0.745966
vt 0.263101 0.735864
vt 0.275774 0.710493
vt 0.277900 0.769516
vt 0.256604 0.798526
vt 0.248282 0.789491
vt 0.250116 0.725777
vt 0.270739 0.673802
vt 0.241309 0.781946
vt 0.287468 0.755542
vt 0.302007 0.732283
vt 0.308548 0.720589
vt 0.289651 0.687653
vt 0.314639 0.708657
vt 0.218766 0.767166
vt 0.214451 0.772271
vt 0.210539 0.766428
vt 0.208504 0.775596
vt 0.206073 0.768964
vt 0.201570 0.777415
vt 0.200837 0.770349
vt 0.188561 0.778754
vt 0.188309 0.771675
vt 0.122378 0.805214
vt 0.128424 0.811919
vt 0.135040 0.815951
vt 0.142930 0.818130
vt 0.144296 0.818357
vt 0.099620 0.815968
vt 0.081250 0.782640
vt 0.087006 0.778684
vt 0.103505 0.809527
vt 0.095007 0.774744
vt 0.109531 0.802803
vt 0.082055 0.745930
vt 0.061162 0.749327
vt 0.066360 0.747934
vt 0.073250 0.746821
vt 0.059214 0.750027
vt 0.073031 0.778504
vt 0.092507 0.813769
vt 0.097465 0.822062
vt 0.070701 0.718290
vt 0.063572 0.733655
vt 0.060722 0.717612
vt 0.056923 0.730872
vt 0.054696 0.716908
vt 0.070893 0.732953
vt 0.079301 0.732422
vt 0.078671 0.700466
vt 0.099250 0.681187
vt 0.104585 0.652010
vt 0.074761 0.681464
vt 0.082466 0.673389
vt 0.088129 0.667681
vt 0.074186 0.682078
vt 0.108120 0.617424
vt 0.111602 0.639944
vt 0.105486 0.618930
vt 0.113362 0.637189
vt 0.115749 0.631638
vt 0.109524 0.642580
vt 0.103018 0.649031
vt 0.096135 0.626009
vt 0.099090 0.623644
vt 0.104073 0.619882
vt 0.105454 0.618951
vt 0.087863 0.595348
vt 0.072948 0.534460
vt 0.078631 0.533693
vt 0.084100 0.533697
vt 0.076744 0.502047
vt 0.069343 0.518712
vt 0.065955 0.503172
vt 0.074107 0.471566
vt 0.069565 0.470278
vt 0.060291 0.471667
vt 0.055200 0.425498
vt 0.056503 0.424866
vt 0.057835 0.454542
vt 0.063912 0.425359
vt 0.061775 0.424317
vt 0.060453 0.424066
vt 0.053648 0.385947
vt 0.056600 0.390346
vt 0.062642 0.398404
vt 0.053336 0.404016
vt 0.052062 0.383432
vt 0.052149 0.380055
vt 0.052135 0.380031
vt 0.052801 0.375392
vt 0.057007 0.387564
vt 0.057509 0.352134
vt 0.584831 0.855725
vt 0.591264 0.868526
vt 0.584982 0.884434
vt 0.589969 0.914182
vt 0.583844 0.911033
vt 0.526436 0.916102
vt 0.520397 0.919785
vt 0.525441 0.898340
vt 0.518835 0.873962
vt 0.525195 0.859743
vt 0.345866 0.372715
vt 0.342905 0.347540
vt 0.342824 0.347031
vt 0.343721 0.378663
vt 0.345840 0.376053
vt 0.342477 0.408291
vt 0.340021 0.405968
vt 0.336484 0.404927
vt 0.340178 0.383045
vt 0.332611 0.407273
vt 0.336628 0.387605
vt 0.333529 0.391729
vt 0.340497 0.421935
vt 0.336383 0.443173
vt 0.328280 0.480181
vt 0.327972 0.479890
vt 0.323786 0.476535
vt 0.319943 0.475267
vt 0.316613 0.476115
vt 0.325902 0.490235
vt 0.309067 0.557843
vt 0.307621 0.542506
vt 0.303107 0.540501
vt 0.299252 0.540492
vt 0.281626 0.604242
vt 0.284523 0.605274
vt 0.294479 0.610973
vt 0.290111 0.608221
vt 0.285524 0.605729
vt 0.272091 0.634674
vt 0.270132 0.629254
vt 0.270083 0.629063
vt 0.270107 0.629158
vt 0.274243 0.637940
vt 0.274750 0.638546
vt 0.279305 0.642724
vt 0.283477 0.645619
vt 0.277603 0.645542
vt 0.279279 0.651560
vt 0.281858 0.648480
vt 0.269137 0.635027
vt 0.271128 0.639001
vt 0.272288 0.640574
vt 0.274959 0.643372
vt 0.277432 0.645413
vt 0.291017 0.654785
vt 0.282029 0.648593
vt 0.302790 0.663686
vt 0.307755 0.667721
vt 0.324968 0.683138
vt 0.325338 0.683497
vt 0.311503 0.737528
vt 0.323066 0.730678
vt 0.319707 0.741824
vt 0.329704 0.733759
vt 0.326579 0.744464
vt 0.332706 0.745411
vt 0.338433 0.727063
vt 0.339456 0.723510
vt 0.333039 0.722419
vt 0.326815 0.719024
vt 0.320707 0.714159
vt 0.286705 0.775540
vt 0.292826 0.779527
vt 0.297785 0.782565
vt 0.302360 0.785198
vt 0.295409 0.793617
vt 0.267347 0.825745
vt 0.267447 0.824823
vt 0.267676 0.819347
vt 0.267550 0.817769
vt 0.265988 0.811672
vt 0.262771 0.805882
vt 0.250625 0.805829
vt 0.226499 0.817951
vt 0.235376 0.815771
vt 0.243608 0.811808
vt 0.220435 0.818993
vt 0.185147 0.821667
vt 0.164800 0.820835
vt 0.139906 0.824221
vt 0.115040 0.811863
vt 0.106110 0.825661
vt 0.104394 0.831991
vt 0.114082 0.832905
vt 0.112868 0.839313
vt 0.123447 0.837277
vt 0.122669 0.843638
vt 0.121859 0.819113
vt 0.130126 0.823618
vt 0.135586 0.831414
vt 0.109518 0.818932
vt 0.116903 0.826171
vt 0.125731 0.830616
vt 0.133202 0.838098
vt 0.132209 0.845830
vt 0.062965 0.781850
vt 0.066559 0.811622
vt 0.081582 0.829985
vt 0.075004 0.822903
vt 0.092845 0.839094
vt 0.053284 0.709334
vt 0.054008 0.713133
vt 0.049200 0.735177
vt 0.048028 0.745821
vt 0.064902 0.702543
vt 0.062396 0.695434
vt 0.053823 0.707801
vt 0.054899 0.705851
vt 0.083875 0.667414
vt 0.073358 0.678345
vt 0.067650 0.649171
vt 0.069534 0.647628
vt 0.076242 0.642145
vt 0.102574 0.649449
vt 0.055721 0.583493
vt 0.046071 0.539591
vt 0.032134 0.608979
vt 0.055762 0.658948
vt 0.044362 0.668416
vt 0.021221 0.546167
vt 0.058078 0.472247
vt 0.056621 0.487059
vt 0.055692 0.492032
vt 0.053972 0.498892
vt 0.036838 0.530749
vt 0.038112 0.529195
vt 0.043683 0.523595
vt 0.044454 0.520267
vt 0.049418 0.511084
vt 0.050008 0.509781
vt 0.027357 0.540737
vt 0.972076 0.463474
vt 0.970711 0.461972
vt 0.971460 0.458454
vt 0.039107 0.441563
vt 0.040862 0.427634
vt 0.039936 0.446493
vt 0.043053 0.451158
vt 0.041951 0.450130
vt 0.044882 0.430612
vt 0.042427 0.430158
vt 0.045359 0.452515
vt 0.048377 0.429364
vt 0.048907 0.453586
vt 0.050794 0.453902
vt 0.048969 0.402836
vt 0.051784 0.382982
vt 0.049006 0.378511
vt 0.046841 0.375980
vt 0.045504 0.403056
vt 0.045648 0.375451
vt 0.045143 0.375524
vt 0.043224 0.403750
vt 0.043675 0.377288
vt 0.042584 0.380842
vt 0.041182 0.417937
vt 0.042538 0.381038
vt 0.040576 0.426612
vt 0.051449 0.320108
vt 0.052235 0.318052
vt 0.052604 0.327934
vt 0.051776 0.335395
vt 0.052932 0.332643
vt 0.051843 0.352068
vt 0.053423 0.337180
vt 0.055011 0.345311
vt 0.051741 0.367697
vt 0.051882 0.379609
vt 0.582814 0.922910
vt 0.588853 0.925886
vt 0.064231 0.351794
vt 0.062095 0.346458
vt 0.061217 0.343331
vt 0.060441 0.339645
vt 0.059427 0.331668
vt 0.058868 0.320347
vt 0.058802 0.317890
vt 0.347644 0.310791
vt 0.347706 0.324041
vt 0.341077 0.310953
vt 0.341150 0.323826
vt 0.340586 0.331389
vt 0.347223 0.331193
vt 0.339804 0.336172
vt 0.346506 0.336023
vt 0.339290 0.338386
vt 0.345611 0.339868
vt 0.337121 0.344634
vt 0.343457 0.345743
vt 0.527614 0.929189
vt 0.521558 0.931331
vt 0.521370 0.929692
vt 0.526783 0.920254
vt 0.345891 0.372683
vt 0.346265 0.372204
vt 0.348327 0.354074
vt 0.348832 0.342030
vt 0.348856 0.336908
vt 0.348651 0.324131
vt 0.348365 0.311912
vt 0.356866 0.373310
vt 0.359297 0.418935
vt 0.356836 0.373117
vt 0.359090 0.419610
vt 0.357994 0.421100
vt 0.357715 0.421196
vt 0.355912 0.369618
vt 0.357667 0.421206
vt 0.354436 0.368275
vt 0.355990 0.420909
vt 0.353603 0.368318
vt 0.353045 0.418985
vt 0.352134 0.369070
vt 0.348854 0.415139
vt 0.346200 0.375605
vt 0.348993 0.372172
vt 0.350123 0.370905
vt 0.350340 0.370678
vt 0.338511 0.467737
vt 0.338690 0.469085
vt 0.343497 0.487582
vt 0.345495 0.497249
vt 0.353633 0.506252
vt 0.337819 0.448137
vt 0.348790 0.426316
vt 0.353503 0.428221
vt 0.356905 0.428484
vt 0.358153 0.427872
vt 0.358885 0.427012
vt 0.359738 0.424607
vt 0.316328 0.626224
vt 0.336408 0.566311
vt 0.336202 0.642407
vt 0.349057 0.578589
vt 0.345029 0.650399
vt 0.361133 0.590089
vt 0.353424 0.658505
vt 0.365839 0.521756
vt 0.363830 0.555262
vt 0.356983 0.510879
vt 0.341728 0.530342
vt 0.323544 0.554535
vt 0.305729 0.618538
vt 0.310975 0.644432
vt 0.301269 0.658351
vt 0.283785 0.645823
vt 0.317652 0.671970
vt 0.331194 0.664912
vt 0.326512 0.680193
vt 0.500096 0.848312
vt 0.500052 0.848528
vt 0.500000 0.848486
vt 0.343941 0.706858
vt 0.343513 0.705682
vt 0.338845 0.698298
vt 0.335904 0.694624
vt 0.329764 0.687903
vt 0.346375 0.738031
vt 0.346112 0.722564
vt 0.323452 0.769175
vt 0.318675 0.779498
vt 0.301359 0.799477
vt 0.318273 0.780320
vt 0.265168 0.841576
vt 0.312857 0.790767
vt 0.303782 0.805832
vt 0.291835 0.818692
vt 0.282773 0.827613
vt 0.274471 0.834822
vt 0.259694 0.833492
vt 0.239827 0.823022
vt 0.232234 0.829768
vt 0.260428 0.826960
vt 0.251029 0.839731
vt 0.252086 0.833077
vt 0.241186 0.844031
vt 0.242582 0.837243
vt 0.259461 0.819905
vt 0.251505 0.826038
vt 0.242378 0.830218
vt 0.256014 0.812761
vt 0.248513 0.818875
vt 0.232433 0.840629
vt 0.230767 0.846606
vt 0.207843 0.828724
vt 0.184800 0.829784
vt 0.161745 0.828747
vt 0.159327 0.836199
vt 0.157732 0.843013
vt 0.208509 0.836314
vt 0.207822 0.843343
vt 0.183921 0.837395
vt 0.182775 0.844315
vt 0.173402 0.850459
vt 0.206247 0.849883
vt 0.215461 0.848976
vt 0.131784 0.854255
vt 0.120199 0.851811
vt 0.109777 0.848308
vt 0.100607 0.843880
vt 0.047960 0.746558
vt 0.046736 0.767776
vt 0.046968 0.779167
vt 0.070479 0.681458
vt 0.057791 0.696333
vt 0.052329 0.704539
vt 0.072787 0.678957
vt 0.035433 0.683324
vt 0.020145 0.632998
vt 0.016766 0.557101
vt 0.024635 0.704253
vt 0.012497 0.654341
vt 0.001982 0.597462
vt 0.026932 0.504298
vt 0.033374 0.491291
vt 0.039016 0.501619
vt 0.044443 0.485457
vt 0.030740 0.516971
vt 0.048814 0.469202
vt 0.043371 0.465872
vt 0.038044 0.477719
vt 0.041253 0.463688
vt 0.039896 0.461648
vt 0.035491 0.469367
vt 0.038093 0.456264
vt 0.975248 0.457162
vt 0.977769 0.458637
vt 0.975797 0.468042
vt 0.973292 0.464855
vt 0.984673 0.482002
vt 0.982450 0.478217
vt 0.984601 0.469303
vt 0.018599 0.512836
vt 0.019726 0.503009
vt 0.018608 0.523968
vt 0.019198 0.531407
vt 0.020018 0.538115
vt 0.978821 0.472413
vt 0.026341 0.492206
vt 0.034651 0.464115
vt 0.031551 0.480973
vt 0.980747 0.463219
vt 0.989391 0.477166
vt 0.974098 0.453917
vt 0.037714 0.450762
vt 0.973345 0.481838
vt 0.967210 0.493922
vt 0.966299 0.489727
vt 0.965608 0.487546
vt 0.964955 0.485937
vt 0.967937 0.473980
vt 0.976487 0.490391
vt 0.967993 0.499358
vt 0.967613 0.496453
vt 0.983103 0.483588
vt 0.970133 0.461243
vt 0.963827 0.482031
vt 0.968836 0.458524
vt 0.039804 0.423055
vt 0.049282 0.375373
vt 0.042678 0.377178
vt 0.042581 0.377590
vt 0.041955 0.323366
vt 0.043988 0.373371
vt 0.043435 0.322507
vt 0.045297 0.372210
vt 0.045505 0.321675
vt 0.045670 0.372176
vt 0.048193 0.320874
vt 0.047023 0.372770
vt 0.050969 0.256468
vt 0.057536 0.256307
vt 0.345705 0.249225
vt 0.339138 0.249386
vt 0.352581 0.365447
vt 0.350095 0.367568
vt 0.351580 0.340199
vt 0.354151 0.364966
vt 0.353718 0.339498
vt 0.355197 0.340495
vt 0.355650 0.365976
vt 0.356614 0.369063
vt 0.355990 0.342641
vt 0.356743 0.369867
vt 0.353239 0.313287
vt 0.355566 0.314864
vt 0.360531 0.411919
vt 0.357855 0.382949
vt 0.473706 0.982915
vt 0.465615 0.963203
vt 0.466150 0.959940
vt 0.939359 0.625527
vt 0.940857 0.629377
vt 0.938960 0.625388
vt 0.357766 0.493714
vt 0.361690 0.460040
vt 0.364417 0.470184
vt 0.361878 0.481527
vt 0.358808 0.438788
vt 0.360242 0.430248
vt 0.360599 0.433758
vt 0.357386 0.469009
vt 0.354727 0.455804
vt 0.359910 0.449558
vt 0.353750 0.442117
vt 0.345760 0.443687
vt 0.346534 0.461792
vt 0.348154 0.470500
vt 0.350698 0.478801
vt 0.365294 0.459558
vt 0.363214 0.451353
vt 0.362379 0.446906
vt 0.679869 0.814627
vt 0.680837 0.839029
vt 0.679869 0.840515
vt 0.361786 0.421537
vt 0.678716 0.814627
vt 0.679869 0.839368
vt 0.678716 0.841762
vt 0.363344 0.430866
vt 0.365214 0.439661
vt 0.367327 0.447760
vt 0.367673 0.465793
vt 0.326888 0.680556
vt 0.337367 0.691540
vt 0.340526 0.673539
vt 0.340087 0.694869
vt 0.349734 0.680893
vt 0.345058 0.702362
vt 0.366596 0.506250
vt 0.367214 0.491281
vt 0.367588 0.477841
vt 0.375665 0.547915
vt 0.387520 0.584861
vt 0.373684 0.613991
vt 0.384572 0.640102
vt 0.367020 0.671106
vt 0.378597 0.683982
vt 0.370945 0.534942
vt 0.479810 0.898698
vt 0.479851 0.898719
vt 0.479672 0.899194
vt 0.479680 0.899347
vt 0.343243 0.755489
vt 0.345368 0.747518
vt 0.338165 0.764749
vt 0.338304 0.764548
vt 0.346352 0.738454
vt 0.333673 0.770750
vt 0.256801 0.846536
vt 0.247473 0.850874
vt 0.237534 0.854115
vt 0.227608 0.856134
vt 0.204712 0.858491
vt 0.179609 0.858809
vt 0.154463 0.857261
vt 0.040084 0.741982
vt 0.032418 0.736785
vt 0.030999 0.730012
vt 0.046381 0.744343
vt 0.046317 0.745076
vt 0.043198 0.731668
vt 0.047919 0.730543
vt 0.040857 0.717692
vt 0.051996 0.705602
vt 0.037483 0.702525
vt 0.029361 0.722264
vt 0.027201 0.713529
vt 0.985849 0.531106
vt 0.985304 0.497531
vt 0.989565 0.493082
vt 0.000460 0.568920
vt 0.014227 0.529718
vt 0.000000 0.577980
vt 0.014911 0.543392
vt 0.000622 0.587682
vt 0.985282 0.558591
vt 0.987802 0.555372
vt 0.991761 0.490330
vt 0.015339 0.517013
vt 0.991447 0.474770
vt 0.969160 0.514240
vt 0.042536 0.377786
vt 0.041259 0.302784
vt 0.040519 0.322661
vt 0.041252 0.347012
vt 0.041036 0.387093
vt 0.050216 0.259725
vt 0.041903 0.295525
vt 0.045029 0.276459
vt 0.050198 0.258598
vt 0.057492 0.244494
vt 0.050956 0.255511
vt 0.051007 0.240486
vt 0.058381 0.228186
vt 0.057768 0.235982
vt 0.057583 0.240324
vt 0.051791 0.228243
vt 0.053485 0.217102
vt 0.059348 0.221029
vt 0.055370 0.209428
vt 0.062027 0.209264
vt 0.060804 0.213928
vt 0.333273 0.202600
vt 0.339929 0.202434
vt 0.333283 0.202636
vt 0.337794 0.227369
vt 0.337315 0.223034
vt 0.343912 0.222872
vt 0.336775 0.219020
vt 0.342115 0.211473
vt 0.335407 0.211268
vt 0.333382 0.202996
vt 0.338514 0.236321
vt 0.345026 0.235204
vt 0.339044 0.246986
vt 0.346506 0.251314
vt 0.346109 0.250266
vt 0.352464 0.271956
vt 0.355449 0.295062
vt 0.355960 0.315049
vt 0.355990 0.337875
vt 0.357614 0.379378
vt 0.356772 0.370060
vt 0.962725 0.776712
vt 0.964308 0.741809
vt 0.961915 0.799422
vt 0.372032 0.462607
vt 0.372999 0.484652
vt 0.372995 0.484638
vt 0.345417 0.703467
vt 0.363645 0.688776
vt 0.359247 0.705899
vt 0.345841 0.705517
vt 0.348044 0.721513
vt 0.348312 0.736951
vt 0.348333 0.736529
vt 0.355664 0.732675
vt 0.367757 0.717771
vt 0.362657 0.728206
vt 0.372304 0.706604
vt 0.371981 0.521046
vt 0.373104 0.498991
vt 0.372755 0.508865
vt 0.372695 0.510004
vt 0.387881 0.565377
vt 0.387818 0.570494
vt 0.387740 0.575138
vt 0.387848 0.546782
vt 0.387922 0.558115
vt 0.045681 0.776434
vt 0.042907 0.769978
vt 0.040777 0.755888
vt 0.045312 0.767031
vt 0.034494 0.744376
vt 0.037142 0.751746
vt 0.973299 0.572222
vt 0.970635 0.570930
vt 0.040506 0.288334
vt 0.037834 0.293124
vt 0.038800 0.274184
vt 0.038451 0.297112
vt 0.039588 0.307223
vt 0.037247 0.289873
vt 0.036922 0.288244
vt 0.035823 0.261931
vt 0.035116 0.280628
vt 0.031998 0.251765
vt 0.032031 0.270477
vt 0.031870 0.269985
vt 0.042830 0.268574
vt 0.041698 0.241103
vt 0.040315 0.258511
vt 0.036785 0.248956
vt 0.033543 0.229515
vt 0.048942 0.225626
vt 0.045451 0.220684
vt 0.048665 0.210442
vt 0.043501 0.231706
vt 0.051608 0.215348
vt 0.052586 0.200306
vt 0.053999 0.203812
vt 0.049758 0.194405
vt 0.044454 0.203477
vt 0.041316 0.214721
vt 0.035589 0.215395
vt 0.036919 0.208236
vt 0.042366 0.181029
vt 0.038590 0.199905
vt 0.061333 0.189322
vt 0.072217 0.176408
vt 0.068384 0.168276
vt 0.075094 0.168111
vt 0.320430 0.162082
vt 0.327140 0.161917
vt 0.334069 0.182618
vt 0.331672 0.196911
vt 0.352639 0.207067
vt 0.356490 0.200378
vt 0.357692 0.206164
vt 0.356111 0.228344
vt 0.352187 0.235388
vt 0.351271 0.224137
vt 0.346075 0.218320
vt 0.349045 0.213220
vt 0.937854 0.961985
vt 0.951403 0.962948
vt 0.957012 0.965870
vt 0.343211 0.208180
vt 0.340303 0.197218
vt 0.341439 0.193207
vt 0.354166 0.190313
vt 0.349211 0.195985
vt 0.345605 0.203143
vt 0.350116 0.173465
vt 0.343358 0.188100
vt 0.360076 0.221490
vt 0.361653 0.243663
vt 0.357755 0.240981
vt 0.355015 0.250749
vt 0.353266 0.260983
vt 0.358726 0.253993
vt 0.356575 0.266368
vt 0.355588 0.280583
vt 0.356405 0.299569
vt 0.358860 0.276219
vt 0.358215 0.280367
vt 0.357570 0.285343
vt 0.357147 0.289348
vt 0.359493 0.272672
vt 0.361660 0.262468
vt 0.361795 0.261876
vt 0.385551 0.505594
vt 0.386661 0.514431
vt 0.357725 0.737360
vt 0.347264 0.746550
vt 0.356005 0.740373
vt 0.346434 0.750298
vt 0.346258 0.750922
vt 0.349711 0.750543
vt 0.344670 0.755205
vt 0.342920 0.759766
vt 0.340166 0.762656
vt 0.730370 0.106236
vt 0.728389 0.103503
vt 0.730450 0.105667
vt 0.735246 0.111272
vt 0.337962 0.765505
vt 0.340022 0.762852
vt 0.029523 0.262819
vt 0.029256 0.221121
vt 0.029389 0.210857
vt 0.029603 0.200739
vt 0.029778 0.194609
vt 0.029941 0.189761
vt 0.030396 0.178681
vt 0.031324 0.161614
vt 0.047737 0.156624
vt 0.055850 0.159151
vt 0.060772 0.165468
vt 0.063002 0.170013
vt 0.957012 0.676586
vt 0.942261 0.685649
vt 0.931779 0.685575
vt 0.942725 0.677334
vt 0.921087 0.696923
vt 0.932028 0.697078
vt 0.074135 0.132289
vt 0.071364 0.129794
vt 0.065301 0.126530
vt 0.056939 0.122777
vt 0.914048 0.682603
vt 0.904387 0.730026
vt 0.904568 0.735473
vt 0.882777 0.729743
vt 0.904749 0.728087
vt 0.851292 0.723241
vt 0.905710 0.724684
vt 0.908532 0.716915
vt 0.854513 0.718580
vt 0.912267 0.709426
vt 0.865716 0.704822
vt 0.873600 0.696961
vt 0.883660 0.688915
vt 0.076107 0.149713
vt 0.081722 0.152007
vt 0.088437 0.140399
vt 0.085167 0.134851
vt 0.092244 0.134677
vt 0.303506 0.129494
vt 0.303499 0.129485
vt 0.310576 0.129311
vt 0.319538 0.143731
vt 0.315911 0.150515
vt 0.309479 0.138456
vt 0.303625 0.129667
vt 0.909379 0.955427
vt 0.879231 0.947755
vt 0.869462 0.938800
vt 0.927208 0.952712
vt 0.916923 0.940307
vt 0.861859 0.930216
vt 0.914167 0.936350
vt 0.859941 0.927816
vt 0.908546 0.926888
vt 0.855834 0.922335
vt 0.905075 0.918958
vt 0.851145 0.915436
vt 0.902526 0.910806
vt 0.848088 0.910483
vt 0.901684 0.907256
vt 0.872472 0.906305
vt 0.901420 0.901421
vt 0.901759 0.899639
vt 0.937688 0.952921
vt 0.330188 0.163446
vt 0.331789 0.158807
vt 0.336059 0.152264
vt 0.325216 0.120143
vt 0.333099 0.115989
vt 0.340541 0.138596
vt 0.319668 0.123691
vt 0.317443 0.126309
vt 0.927864 0.940465
vt 0.359743 0.153542
vt 0.359856 0.154585
vt 0.361431 0.170546
vt 0.362267 0.181027
vt 0.362624 0.186428
vt 0.362884 0.190993
vt 0.363295 0.200485
vt 0.363588 0.212904
vt 0.363455 0.254611
vt 0.022029 0.234323
vt 0.020918 0.236808
vt 0.018657 0.229637
vt 0.016656 0.201726
vt 0.023610 0.180373
vt 0.022396 0.196137
vt 0.017157 0.223521
vt 0.022506 0.208897
vt 0.016965 0.221225
vt 0.016580 0.212459
vt 0.031572 0.157757
vt 0.032952 0.139375
vt 0.035517 0.113144
vt 0.038891 0.114704
vt 0.032522 0.144655
vt 0.925243 0.709299
vt 0.076114 0.074762
vt 0.084288 0.059925
vt 0.090766 0.062876
vt 0.062373 0.106317
vt 0.068605 0.090587
vt 0.075586 0.093714
vt 0.086009 0.098921
vt 0.082473 0.096946
vt 0.918708 0.724291
vt 0.929023 0.721235
vt 0.097212 0.065643
vt 0.849401 0.746312
vt 0.848086 0.769684
vt 0.901838 0.817474
vt 0.846611 0.816733
vt 0.902834 0.776537
vt 0.903157 0.766970
vt 0.843765 0.722291
vt 0.827872 0.724804
vt 0.819880 0.728175
vt 0.823130 0.721282
vt 0.855358 0.706212
vt 0.835911 0.722692
vt 0.845279 0.708269
vt 0.835717 0.711218
vt 0.826672 0.714866
vt 0.856559 0.695976
vt 0.088003 0.104112
vt 0.091216 0.099323
vt 0.095094 0.093684
vt 0.092334 0.047434
vt 0.092353 0.047409
vt 0.098117 0.053281
vt 0.102436 0.057904
vt 0.926081 0.726490
vt 0.915982 0.728067
vt 0.915138 0.738776
vt 0.914398 0.733247
vt 0.923705 0.733820
vt 0.922573 0.741796
vt 0.108126 0.041551
vt 0.111351 0.030166
vt 0.113882 0.036743
vt 0.120973 0.025738
vt 0.109668 0.047592
vt 0.117523 0.038642
vt 0.931286 0.732662
vt 0.929776 0.738451
vt 0.928798 0.745282
vt 0.120659 0.031882
vt 0.123725 0.024791
vt 0.094612 0.044503
vt 0.099140 0.039479
vt 0.102230 0.036605
vt 0.106772 0.033063
vt 0.090398 0.127191
vt 0.095771 0.129516
vt 0.087799 0.130966
vt 0.305399 0.121907
vt 0.307971 0.125555
vt 0.300009 0.124496
vt 0.298767 0.088678
vt 0.305648 0.098763
vt 0.852392 0.939486
vt 0.841553 0.925986
vt 0.851555 0.928436
vt 0.287154 0.034879
vt 0.294263 0.042446
vt 0.289015 0.048690
vt 0.925074 0.891087
vt 0.927095 0.897261
vt 0.920071 0.898000
vt 0.270779 0.024398
vt 0.272639 0.032799
vt 0.264398 0.022080
vt 0.931354 0.889361
vt 0.266491 0.029876
vt 0.262013 0.021392
vt 0.911685 0.902231
vt 0.910535 0.897201
vt 0.918787 0.894245
vt 0.280836 0.029872
vt 0.278602 0.037321
vt 0.928408 0.903196
vt 0.920929 0.901904
vt 0.931011 0.913509
vt 0.277693 0.043403
vt 0.285348 0.053452
vt 0.922841 0.909456
vt 0.912845 0.907632
vt 0.294284 0.042471
vt 0.913832 0.911371
vt 0.924060 0.914167
vt 0.290149 0.061245
vt 0.295499 0.058521
vt 0.302924 0.054552
vt 0.326961 0.099816
vt 0.921511 0.927411
vt 0.311807 0.068974
vt 0.931502 0.930825
vt 0.307059 0.091426
vt 0.313441 0.087868
vt 0.320038 0.084407
vt 0.304051 0.093562
vt 0.845984 0.920346
vt 0.839700 0.911237
vt 0.837046 0.918648
vt 0.832696 0.910575
vt 0.823186 0.918605
vt 0.828304 0.915678
vt 0.819917 0.911852
vt 0.825655 0.908525
vt 0.816864 0.904465
vt 0.901431 0.858694
vt 0.846988 0.887287
vt 0.846475 0.863838
vt 0.901427 0.868034
vt 0.338525 0.113173
vt 0.353292 0.105334
vt 0.353832 0.108737
vt 0.357083 0.131409
vt 0.812121 0.337129
vt 0.811925 0.337029
vt 0.878082 0.345435
vt 0.371077 0.220975
vt 0.369526 0.228240
vt 0.369016 0.226491
vt 0.371574 0.196286
vt 0.371972 0.203727
vt 0.367724 0.187650
vt 0.371968 0.214800
vt 0.368183 0.200401
vt 0.366687 0.174220
vt 0.371339 0.193009
vt 0.019266 0.151121
vt 0.938084 0.000000
vt 0.935466 0.005686
vt 0.870561 0.008614
vt 0.028996 0.108893
vt 0.071575 0.054012
vt 0.054439 0.084279
vt 0.048776 0.100656
vt 0.036672 0.104006
vt 0.039547 0.089823
vt 0.044608 0.075592
vt 0.051358 0.063015
vt 0.061146 0.049099
vt 0.824792 0.770300
vt 0.817117 0.771942
vt 0.818273 0.749941
vt 0.841803 0.745560
vt 0.833974 0.745838
vt 0.826067 0.747415
vt 0.840447 0.769144
vt 0.832627 0.769289
vt 0.815782 0.816206
vt 0.823359 0.816359
vt 0.831132 0.816502
vt 0.838943 0.816626
vt 0.155464 0.020930
vt 0.156802 0.027986
vt 0.912153 0.778030
vt 0.926857 0.781441
vt 0.920342 0.779670
vt 0.912601 0.817612
vt 0.920320 0.817694
vt 0.926811 0.817738
vt 0.193031 0.025025
vt 0.192772 0.018863
vt 0.819852 0.728188
vt 0.814933 0.724466
vt 0.810819 0.721830
vt 0.098735 0.095187
vt 0.102452 0.083291
vt 0.083408 0.038157
vt 0.076183 0.030328
vt 0.091960 0.027664
vt 0.101379 0.025756
vt 0.115556 0.023140
vt 0.124845 0.022235
vt 0.102592 0.120354
vt 0.098823 0.116526
vt 0.103366 0.119474
vt 0.098943 0.116402
vt 0.108409 0.114599
vt 0.126690 0.100062
vt 0.128566 0.103963
vt 0.122884 0.106048
vt 0.110900 0.107018
vt 0.104340 0.111514
vt 0.114037 0.110539
vt 0.115000 0.109954
vt 0.144898 0.095650
vt 0.145465 0.099855
vt 0.132888 0.102670
vt 0.250185 0.097281
vt 0.250751 0.093048
vt 0.264957 0.099977
vt 0.269061 0.096563
vt 0.267179 0.100557
vt 0.269166 0.096592
vt 0.275260 0.103269
vt 0.284939 0.102741
vt 0.281785 0.106416
vt 0.283159 0.107229
vt 0.285108 0.102832
vt 0.289210 0.111674
vt 0.291627 0.106994
vt 0.296914 0.111536
vt 0.297093 0.111714
vt 0.295073 0.117822
vt 0.292468 0.114824
vt 0.301093 0.106959
vt 0.291507 0.078645
vt 0.910850 0.857665
vt 0.910882 0.877638
vt 0.919145 0.875365
vt 0.925716 0.854464
vt 0.229796 0.026096
vt 0.229017 0.019053
vt 0.919128 0.856174
vt 0.260690 0.018896
vt 0.269881 0.019347
vt 0.280197 0.020673
vt 0.283933 0.021269
vt 0.293230 0.022717
vt 0.308703 0.024613
vt 0.302285 0.032778
vt 0.295799 0.023080
vt 0.324628 0.042623
vt 0.314866 0.048033
vt 0.329853 0.049011
vt 0.338379 0.061079
vt 0.333431 0.077426
vt 0.339841 0.093504
vt 0.349754 0.087692
vt 0.345275 0.074432
vt 0.807584 0.910946
vt 0.811788 0.908239
vt 0.816836 0.904451
vt 0.839369 0.887828
vt 0.823705 0.885432
vt 0.831553 0.887301
vt 0.816003 0.882590
vt 0.815601 0.860521
vt 0.823215 0.862473
vt 0.838822 0.864165
vt 0.831010 0.863771
vt 0.807848 0.334646
vt 0.867921 0.336660
vt 0.932773 0.340408
vt 0.935292 0.346997
vt 0.938084 0.351413
vt 0.803858 0.331685
vt 0.803279 0.331188
vt 0.881904 0.032938
vt 0.850860 0.034587
vt 0.859051 0.024621
vt 0.831629 0.036011
vt 0.796000 0.039769
vt 0.798038 0.029789
vt 0.799886 0.022867
vt 0.864506 0.016820
vt 0.802039 0.017613
vt 0.868264 0.011653
vt 0.804305 0.014549
vt 0.805837 0.013275
vt 0.909368 0.032275
vt 0.909382 0.032262
vt 0.920195 0.022519
vt 0.928810 0.014544
vt 0.933739 0.009039
vt 0.808928 0.734090
vt 0.793576 0.768458
vt 0.793867 0.765438
vt 0.793906 0.765043
vt 0.795822 0.753008
vt 0.800601 0.742248
vt 0.791049 0.815700
vt 0.791977 0.790099
vt 0.127431 0.017019
vt 0.128611 0.015185
vt 0.131194 0.012139
vt 0.136096 0.008570
vt 0.142434 0.006152
vt 0.151911 0.004556
vt 0.161161 0.003596
vt 0.192068 0.001804
vt 0.796732 0.729475
vt 0.790897 0.734511
vt 0.115617 0.069728
vt 0.122625 0.048829
vt 0.121931 0.066043
vt 0.133490 0.045132
vt 0.136949 0.060741
vt 0.153809 0.057814
vt 0.145550 0.042881
vt 0.145944 0.042823
vt 0.110443 0.073873
vt 0.904370 0.036933
vt 0.793268 0.055065
vt 0.823641 0.055153
vt 0.837527 0.055546
vt 0.869688 0.056906
vt 0.883608 0.057703
vt 0.096095 0.010849
vt 0.102761 0.006616
vt 0.111321 0.007212
vt 0.784881 0.090388
vt 0.789840 0.081973
vt 0.789095 0.093460
vt 0.119176 0.007940
vt 0.130926 0.003022
vt 0.080166 0.025695
vt 0.088531 0.017049
vt 0.099799 0.016372
vt 0.109497 0.015779
vt 0.776950 0.121307
vt 0.782511 0.110006
vt 0.782637 0.123527
vt 0.777166 0.130821
vt 0.788342 0.116073
vt 0.788857 0.098680
vt 0.119375 0.000000
vt 0.114177 0.001571
vt 0.170486 0.092038
vt 0.166928 0.096676
vt 0.192923 0.094736
vt 0.197765 0.090343
vt 0.197766 0.094584
vt 0.225074 0.090696
vt 0.223426 0.094869
vt 0.247832 0.096973
vt 0.283593 0.069617
vt 0.278543 0.065792
vt 0.272132 0.062351
vt 0.257086 0.057789
vt 0.240176 0.055691
vt 0.232322 0.002580
vt 0.239336 0.003256
vt 0.241885 0.003708
vt 0.246259 0.004932
vt 0.251868 0.007816
vt 0.256372 0.012045
vt 0.223031 0.002075
vt 0.319091 0.878712
vt 0.316390 0.870552
vt 0.319091 0.858809
vt 0.776338 0.218266
vt 0.776519 0.211267
vt 0.781872 0.218558
vt 0.275324 0.011708
vt 0.284917 0.011828
vt 0.296663 0.012749
vt 0.286743 0.005420
vt 0.281010 0.002235
vt 0.787457 0.226015
vt 0.781563 0.232186
vt 0.776150 0.220802
vt 0.787478 0.229008
vt 0.787704 0.243949
vt 0.316390 0.878858
vt 0.311129 0.868034
vt 0.316390 0.858809
vt 0.783655 0.251979
vt 0.788141 0.255687
vt 0.272840 0.003226
vt 0.276369 0.000157
vt 0.265128 0.004342
vt 0.253052 0.000000
vt 0.775543 0.225138
vt 0.793879 0.303366
vt 0.791396 0.287687
vt 0.803298 0.287935
vt 0.850387 0.309366
vt 0.881772 0.285920
vt 0.907116 0.312286
vt 0.849618 0.287231
vt 0.835647 0.287616
vt 0.794770 0.308504
vt 0.796463 0.316866
vt 0.931102 0.336708
vt 0.865676 0.333263
vt 0.926266 0.330830
vt 0.862004 0.327736
vt 0.917782 0.322455
vt 0.856678 0.319574
vt 0.907129 0.312300
vt 0.798385 0.323581
vt 0.800398 0.327882
vt 0.793769 0.902681
vt 0.792144 0.866078
vt 0.792170 0.866475
vt 0.783657 0.862517
vt 0.243432 0.047652
vt 0.246948 0.040389
vt 0.259043 0.042046
vt 0.269904 0.045209
vt 0.788204 0.897492
vt 0.798081 0.889574
vt 0.806122 0.898088
vt 0.793673 0.878602
vt 0.196587 0.046297
vt 0.196965 0.054633
vt 0.172462 0.055902
vt 0.782780 0.815639
vt 0.170613 0.040031
vt 0.148966 0.042394
vt 0.787852 0.142489
vt 0.776612 0.201986
vt 0.787393 0.199555
vt 0.787526 0.171015
vt 0.776887 0.171028
vt 0.777110 0.140088
vt 0.873573 0.069653
vt 0.854600 0.117381
vt 0.819937 0.116054
vt 0.825360 0.098715
vt 0.862737 0.100257
vt 0.861675 0.117765
vt 0.831969 0.067912
vt 0.791351 0.067598
vt 0.792598 0.059113
vt 0.827643 0.082233
vt 0.790455 0.075248
vt 0.866362 0.083775
vt 0.223974 0.054780
vt 0.789789 0.275809
vt 0.830580 0.275014
vt 0.788405 0.260300
vt 0.826476 0.260561
vt 0.788818 0.265989
vt 0.823903 0.226243
vt 0.860812 0.225007
vt 0.824435 0.244065
vt 0.861624 0.242890
vt 0.865012 0.259398
vt 0.871984 0.273686
vt 0.775543 0.842625
vt 0.861069 0.142933
vt 0.860690 0.171358
vt 0.860611 0.199799
vt 0.157886 0.527223
vt 0.157489 0.500015
vt 0.198652 0.500197
vt 0.236910 0.527537
vt 0.232561 0.571414
vt 0.195638 0.578209
vt 0.239674 0.497672
vt 0.158767 0.571247
vt 0.192462 0.646362
vt 0.161311 0.646107
vt 0.161277 0.646050
vt 0.193923 0.615301
vt 0.231963 0.577170
vt 0.227894 0.614302
vt 0.224096 0.645015
vt 0.224037 0.645097
vt 0.160010 0.615075
vt 0.159921 0.612445
vt 0.158934 0.578116
vt 0.167880 0.670295
vt 0.169193 0.674002
vt 0.204890 0.676804
vt 0.198854 0.677333
vt 0.178548 0.677965
vt 0.170567 0.675812
vt 0.172509 0.677070
vt 0.175542 0.677817
vt 0.211381 0.675101
vt 0.213286 0.673432
vt 0.215479 0.669031
vt 0.145348 0.615166
vt 0.153491 0.627200
vt 0.144252 0.613359
vt 0.160099 0.482814
vt 0.199548 0.482823
vt 0.199406 0.484677
vt 0.157468 0.498124
vt 0.157571 0.491292
vt 0.198927 0.493485
vt 0.157652 0.490116
vt 0.199194 0.488100
vt 0.158242 0.486241
vt 0.158806 0.484634
vt 0.240220 0.490940
vt 0.240346 0.485601
vt 0.239855 0.482283
vt 0.238861 0.480553
vt 0.231675 0.628608
vt 0.240841 0.614582
vt 0.163729 0.675299
vt 0.160878 0.662444
vt 0.219302 0.673657
vt 0.229767 0.636027
vt 0.209216 0.682063
vt 0.213569 0.681191
vt 0.215800 0.679972
vt 0.217508 0.678081
vt 0.219005 0.674644
vt 0.173978 0.683478
vt 0.190224 0.683455
vt 0.191918 0.683390
vt 0.194513 0.683269
vt 0.170737 0.683217
vt 0.167999 0.682377
vt 0.166761 0.681575
vt 0.166128 0.680976
vt 0.164867 0.679055
vt 0.147298 0.640168
vt 0.156137 0.674364
vt 0.133977 0.468471
vt 0.135417 0.466355
vt 0.137475 0.466142
vt 0.144735 0.471899
vt 0.133355 0.473226
vt 0.177951 0.473626
vt 0.178899 0.473588
vt 0.186281 0.473450
vt 0.200442 0.473170
vt 0.162631 0.480121
vt 0.166168 0.476494
vt 0.167657 0.475340
vt 0.170115 0.474480
vt 0.173603 0.473930
vt 0.214454 0.472683
vt 0.215340 0.472645
vt 0.222677 0.472401
vt 0.226664 0.472448
vt 0.228363 0.472557
vt 0.229900 0.472741
vt 0.232312 0.473386
vt 0.233879 0.474588
vt 0.262635 0.469963
vt 0.249293 0.472482
vt 0.262617 0.466413
vt 0.262484 0.465253
vt 0.261507 0.463220
vt 0.259892 0.463104
vt 0.227426 0.671891
vt 0.222657 0.682266
vt 0.216118 0.691557
vt 0.212689 0.686834
vt 0.224714 0.678657
vt 0.212087 0.697132
vt 0.195227 0.699258
vt 0.182083 0.699658
vt 0.168948 0.698976
vt 0.165580 0.693772
vt 0.190154 0.699541
vt 0.156329 0.675080
vt 0.158951 0.682572
vt 0.160307 0.685240
vt 0.162761 0.689354
vt 0.163239 0.700188
vt 0.169864 0.722884
vt 0.131778 0.457967
vt 0.141545 0.466431
vt 0.139878 0.466319
vt 0.144576 0.466616
vt 0.149197 0.466851
vt 0.150254 0.466898
vt 0.152926 0.467026
vt 0.153727 0.467066
vt 0.177719 0.467626
vt 0.169341 0.467588
vt 0.164990 0.467504
vt 0.159286 0.467319
vt 0.158569 0.467290
vt 0.154235 0.467091
vt 0.219440 0.466566
vt 0.241987 0.469743
vt 0.231749 0.465875
vt 0.241157 0.465187
vt 0.250153 0.464341
vt 0.246928 0.464667
vt 0.256985 0.463522
vt 0.215289 0.706049
vt 0.208962 0.722428
vt 0.204563 0.719634
vt 0.206340 0.714500
vt 0.174174 0.720006
vt 0.181773 0.725993
vt 0.181101 0.725959
vt 0.178252 0.725474
vt 0.176573 0.724573
vt 0.175340 0.723161
vt 0.196832 0.725582
vt 0.200391 0.724863
vt 0.202145 0.723813
vt 0.203433 0.722257
vt 0.180036 0.730600
vt 0.176035 0.730050
vt 0.173635 0.729005
vt 0.171765 0.727237
vt 0.170284 0.724223
vt 0.141237 0.454703
vt 0.134784 0.452131
vt 0.132978 0.445165
vt 0.123427 0.433263
vt 0.128229 0.449166
vt 0.146509 0.456541
vt 0.145437 0.451111
vt 0.128237 0.436258
vt 0.130259 0.437485
vt 0.144632 0.445552
vt 0.150264 0.448148
vt 0.157352 0.450193
vt 0.166106 0.451303
vt 0.175935 0.451530
vt 0.201704 0.451131
vt 0.226844 0.450054
vt 0.255113 0.453255
vt 0.237534 0.449151
vt 0.246475 0.447399
vt 0.253294 0.444804
vt 0.258634 0.441755
vt 0.264822 0.448595
vt 0.270072 0.433953
vt 0.207552 0.725459
vt 0.205262 0.728039
vt 0.202559 0.729390
vt 0.198557 0.730133
vt 0.189283 0.730754
vt 0.458878 0.814627
vt 0.459890 0.821188
vt 0.442453 0.822833
vt 0.436568 0.833206
vt 0.433784 0.827417
vt 0.410272 0.848427
vt 0.406756 0.843105
vt 0.430230 0.829346
vt 0.394357 0.874182
vt 0.388488 0.873939
vt 0.389658 0.864137
vt 0.395519 0.865075
vt 0.393139 0.855471
vt 0.397930 0.859256
vt 0.399165 0.848540
vt 0.401518 0.854877
vt 0.407729 0.850075
vt 0.394319 0.916323
vt 0.394913 0.925150
vt 0.388993 0.924885
vt 0.393858 0.903997
vt 0.387922 0.899704
vt 0.393854 0.903814
vt 0.393824 0.902109
vt 0.411584 0.951295
vt 0.411754 0.951404
vt 0.408989 0.957225
vt 0.403873 0.945740
vt 0.390576 0.935624
vt 0.399155 0.940504
vt 0.394594 0.944677
vt 0.401099 0.951672
vt 0.394918 0.925210
vt 0.395135 0.927478
vt 0.396565 0.934969
vt 0.458778 0.983802
vt 0.458662 0.984322
vt 0.429345 0.969210
vt 0.460084 0.977786
vt 0.427316 0.960717
vt 0.225234 0.887560
vt 0.221644 0.887970
vt 0.223724 0.884724
vt 0.220227 0.884740
vt 0.222796 0.881646
vt 0.219410 0.881308
vt 0.222488 0.878445
vt 0.219220 0.877783
vt 0.222809 0.875243
vt 0.219661 0.874280
vt 0.223749 0.872165
vt 0.220720 0.870910
vt 0.225270 0.869327
vt 0.222364 0.867782
vt 0.227315 0.866840
vt 0.224539 0.864997
vt 0.229805 0.864799
vt 0.227174 0.862644
vt 0.232643 0.863281
vt 0.230187 0.860798
vt 0.235722 0.862347
vt 0.254971 0.881636
vt 0.257665 0.884308
vt 0.254032 0.884714
vt 0.256308 0.887570
vt 0.252510 0.887552
vt 0.254392 0.890538
vt 0.250466 0.890039
vt 0.251977 0.893118
vt 0.247976 0.892080
vt 0.249141 0.895226
vt 0.245137 0.893598
vt 0.245976 0.896794
vt 0.242058 0.894533
vt 0.242583 0.897772
vt 0.238858 0.894849
vt 0.239072 0.898129
vt 0.235658 0.894535
vt 0.235555 0.897853
vt 0.232583 0.893602
vt 0.232144 0.896954
vt 0.229750 0.892086
vt 0.228951 0.895459
vt 0.227269 0.890046
vt 0.226077 0.893417
vt 0.223615 0.890894
vt 0.233479 0.859520
vt 0.236945 0.858850
vt 0.238923 0.862031
vt 0.240474 0.858809
vt 0.242122 0.862345
vt 0.243951 0.859399
vt 0.245197 0.863277
vt 0.247266 0.860601
vt 0.248030 0.864793
vt 0.250312 0.862377
vt 0.250512 0.866833
vt 0.252991 0.864669
vt 0.252547 0.869319
vt 0.255216 0.867403
vt 0.254057 0.872155
vt 0.256917 0.870492
vt 0.254984 0.875233
vt 0.258039 0.873837
vt 0.255293 0.878435
vt 0.258545 0.877329
vt 0.258419 0.880858
vt 0.293330 0.873638
vt 0.296930 0.873915
vt 0.294277 0.876711
vt 0.297712 0.877357
vt 0.294606 0.879911
vt 0.297866 0.880885
vt 0.294305 0.883116
vt 0.297388 0.884385
vt 0.293386 0.886201
vt 0.296294 0.887744
vt 0.291883 0.889049
vt 0.294618 0.890855
vt 0.289854 0.891549
vt 0.292415 0.893618
vt 0.287378 0.893606
vt 0.289755 0.895943
vt 0.284550 0.895141
vt 0.286724 0.897757
vt 0.281477 0.896095
vt 0.283420 0.899000
vt 0.278279 0.896431
vt 0.263026 0.873831
vt 0.260886 0.870695
vt 0.264529 0.870984
vt 0.262834 0.867747
vt 0.266558 0.868483
vt 0.265275 0.865192
vt 0.269034 0.866426
vt 0.268132 0.863115
vt 0.271863 0.864891
vt 0.271313 0.861580
vt 0.274935 0.863937
vt 0.274715 0.860638
vt 0.278133 0.863602
vt 0.278229 0.860318
vt 0.281334 0.863897
vt 0.281743 0.860632
vt 0.284415 0.864811
vt 0.285143 0.861569
vt 0.287257 0.866310
vt 0.288320 0.863099
vt 0.289751 0.868335
vt 0.291172 0.865172
vt 0.291802 0.870810
vt 0.293607 0.867723
vt 0.295548 0.870669
vt 0.279947 0.899633
vt 0.276419 0.899636
vt 0.275078 0.896136
vt 0.272948 0.899008
vt 0.271997 0.895221
vt 0.269646 0.897770
vt 0.269155 0.893723
vt 0.266620 0.895961
vt 0.266661 0.891697
vt 0.263965 0.893640
vt 0.264610 0.889223
vt 0.261769 0.890880
vt 0.263082 0.886395
vt 0.260100 0.887772
vt 0.262135 0.883321
vt 0.259014 0.884414
vt 0.261806 0.880121
vt 0.258545 0.880915
vt 0.262107 0.876917
vt 0.258707 0.877387
vt 0.259496 0.873944
vt 0.225985 0.874043
vt 0.227506 0.871205
vt 0.229551 0.868718
vt 0.232041 0.866677
vt 0.234880 0.865159
vt 0.237958 0.864225
vt 0.241159 0.863908
vt 0.244358 0.864223
vt 0.247433 0.865156
vt 0.355074 0.901447
vt 0.355074 0.858809
vt 0.355359 0.901627
vt 0.355359 0.858988
vt 0.356265 0.901799
vt 0.356265 0.859160
vt 0.357756 0.901958
vt 0.357756 0.859320
vt 0.359775 0.902098
vt 0.359775 0.859460
vt 0.362245 0.902214
vt 0.362245 0.859575
vt 0.365070 0.902300
vt 0.365070 0.859661
vt 0.368143 0.902354
vt 0.368143 0.859715
vt 0.371344 0.902373
vt 0.371344 0.859734
vt 0.374551 0.902357
vt 0.374551 0.859719
vt 0.377641 0.902307
vt 0.377641 0.859668
vt 0.380495 0.902223
vt 0.380495 0.859585
vt 0.383003 0.902111
vt 0.383003 0.859472
vt 0.385069 0.901973
vt 0.385069 0.859334
vt 0.386613 0.901815
vt 0.386613 0.859176
vt 0.387577 0.901643
vt 0.387577 0.859005
vt 0.387922 0.901465
vt 0.387922 0.858826
vt 0.266813 0.892213
vt 0.269655 0.893712
vt 0.272736 0.894626
vt 0.275937 0.894921
vt 0.279135 0.894585
vt 0.282207 0.893632
vt 0.285036 0.892097
vt 0.287512 0.890039
vt 0.289541 0.887539
vt 0.199723 0.858809
vt 0.196201 0.901463
vt 0.196201 0.858825
vt 0.192786 0.901514
vt 0.192786 0.858875
vt 0.189588 0.901598
vt 0.189588 0.858959
vt 0.186710 0.901712
vt 0.186710 0.859074
vt 0.184244 0.901854
vt 0.184244 0.859215
vt 0.182270 0.902017
vt 0.182270 0.859379
vt 0.180851 0.902198
vt 0.180851 0.859559
vt 0.180032 0.902390
vt 0.180032 0.859751
vt 0.179841 0.902587
vt 0.179841 0.859948
vt 0.285978 0.861589
vt 0.282801 0.860059
vt 0.279401 0.859123
vt 0.275887 0.858809
vt 0.272373 0.859128
vt 0.268970 0.860070
vt 0.265790 0.861605
vt 0.262933 0.863683
vt 0.260492 0.866237
vt 0.258545 0.869186
vt 0.258545 0.889448
vt 0.256628 0.892416
vt 0.254213 0.894996
vt 0.251377 0.897104
vt 0.248212 0.898672
vt 0.244819 0.899650
vt 0.241308 0.900007
vt 0.237791 0.899732
vt 0.234380 0.898832
vt 0.219220 0.859969
vt 0.219220 0.902608
vt 0.219094 0.902410
vt 0.219094 0.859772
vt 0.218340 0.902218
vt 0.218340 0.859579
vt 0.216982 0.902036
vt 0.216982 0.859397
vt 0.215063 0.901870
vt 0.215063 0.859231
vt 0.212645 0.901726
vt 0.212645 0.859087
vt 0.209806 0.901609
vt 0.209806 0.858970
vt 0.206637 0.901521
vt 0.206637 0.858883
vt 0.203240 0.901467
vt 0.203240 0.858828
vt 0.199723 0.901447
vt 0.336784 0.865091
vt 0.336837 0.865297
vt 0.336155 0.865656
vt 0.334886 0.858809
vt 0.335260 0.862362
vt 0.334285 0.859103
vt 0.334164 0.859209
vt 0.333857 0.859617
vt 0.334763 0.862942
vt 0.333722 0.859942
vt 0.333641 0.860460
vt 0.334634 0.863603
vt 0.333668 0.860805
vt 0.338284 0.762412
vt 0.334018 0.767929
vt 0.335501 0.765857
vt 0.333770 0.768087
vt 0.333391 0.768480
vt 0.335715 0.866220
vt 0.335617 0.866853
vt 0.337826 0.762754
vt 0.500476 0.974231
vt 0.493762 0.964701
vt 0.494159 0.964729
vt 0.682307 0.832731
vt 0.682307 0.839658
vt 0.682050 0.836109
vt 0.504698 0.978798
vt 0.337266 0.877374
vt 0.334101 0.888341
vt 0.336823 0.877897
vt 0.333641 0.888839
vt 0.343826 0.751016
vt 0.345796 0.737550
vt 0.343996 0.750455
vt 0.345959 0.736973
vt 0.344482 0.750057
vt 0.346457 0.736529
vt 0.338011 0.874070
vt 0.682818 0.832731
vt 0.682050 0.819047
vt 0.682818 0.814627
vt 0.336725 0.878536
vt 0.473989 0.983032
vt 0.465999 0.959450
vt 0.466438 0.959328
vt 0.474703 0.983302
vt 0.466659 0.959280
vt 0.466867 0.959244
vt 0.475261 0.983481
vt 0.467231 0.959209
vt 0.475595 0.983557
vt 0.467505 0.959224
vt 0.475639 0.983562
vt 0.467669 0.959286
vt 0.475748 0.983544
vt 0.356137 0.381977
vt 0.355189 0.371884
vt 0.356205 0.381162
vt 0.355174 0.371461
vt 0.355227 0.371204
vt 0.356486 0.380469
vt 0.355284 0.371049
vt 0.355509 0.370679
vt 0.963146 0.482391
vt 0.967266 0.458013
vt 0.967507 0.457930
vt 0.961897 0.482894
vt 0.961966 0.482887
vt 0.962281 0.482787
vt 0.967897 0.457902
vt 0.962524 0.482687
vt 0.968934 0.458016
vt 0.968395 0.457932
vt 0.962799 0.482561
vt 0.047164 0.744223
vt 0.047961 0.744408
vt 0.047086 0.776222
vt 0.046297 0.776184
vt 0.046479 0.776156
vt 0.048552 0.744848
vt 0.048804 0.745431
vt 0.047932 0.777347
vt 0.047913 0.777201
vt 0.047676 0.776649
vt 0.047184 0.776260
vt 0.493469 0.964248
vt 0.483883 0.947353
vt 0.484178 0.946909
vt 0.343065 0.704492
vt 0.343136 0.704357
vt 0.345568 0.720617
vt 0.346062 0.720107
vt 0.343515 0.703935
vt 0.343627 0.703853
vt 0.342977 0.704803
vt 0.345405 0.721197
vt 0.476732 0.929011
vt 0.484580 0.947197
vt 0.476620 0.928824
vt 0.476260 0.928568
vt 0.476126 0.928516
vt 0.475973 0.928473
vt 0.476043 0.929680
vt 0.475810 0.928440
vt 0.494548 0.964993
vt 0.345200 0.703435
vt 0.477041 0.914061
vt 0.477267 0.914391
vt 0.476566 0.914418
vt 0.342985 0.705057
vt 0.335101 0.693421
vt 0.335244 0.692963
vt 0.335556 0.692492
vt 0.336004 0.692071
vt 0.344238 0.703579
vt 0.343655 0.703835
vt 0.344319 0.703561
vt 0.336530 0.691763
vt 0.344604 0.703476
vt 0.344829 0.703440
vt 0.337063 0.691621
vt 0.326639 0.680521
vt 0.480564 0.899361
vt 0.324628 0.682563
vt 0.324726 0.682114
vt 0.324984 0.681631
vt 0.325366 0.681178
vt 0.325818 0.680816
vt 0.326207 0.680615
vt 0.326481 0.680537
vt 0.463531 0.947714
vt 0.461327 0.935943
vt 0.461727 0.935857
vt 0.460084 0.924589
vt 0.460882 0.935974
vt 0.460242 0.930312
vt 0.460743 0.935980
vt 0.461268 0.939831
vt 0.463088 0.947803
vt 0.463093 0.949023
vt 0.348797 0.369773
vt 0.344708 0.374740
vt 0.348627 0.369360
vt 0.344514 0.374349
vt 0.348573 0.368930
vt 0.344481 0.374243
vt 0.344431 0.373944
vt 0.460586 0.924549
vt 0.460997 0.924456
vt 0.461523 0.913849
vt 0.461326 0.924320
vt 0.461859 0.913699
vt 0.349071 0.370138
vt 0.345001 0.375087
vt 0.344835 0.374912
vt 0.352076 0.365983
vt 0.348638 0.368516
vt 0.344466 0.373554
vt 0.462041 0.935763
vt 0.461550 0.924152
vt 0.462247 0.935670
vt 0.352066 0.367306
vt 0.351948 0.366867
vt 0.351952 0.366414
vt 0.354361 0.366935
vt 0.463915 0.947652
vt 0.464210 0.947619
vt 0.464398 0.947619
vt 0.462332 0.935583
vt 0.354178 0.368222
vt 0.354116 0.367784
vt 0.354179 0.367344
vt 0.682690 0.832779
vt 0.682632 0.844961
vt 0.682632 0.832731
vt 0.682408 0.840269
vt 0.682408 0.832731
vt 0.682632 0.832957
vt 0.971971 0.438182
vt 0.970710 0.447832
vt 0.970454 0.446231
vt 0.971849 0.434521
vt 0.972231 0.435489
vt 0.972329 0.423391
vt 0.972789 0.421812
vt 0.972616 0.429956
vt 0.969954 0.446189
vt 0.969564 0.446185
vt 0.970743 0.434245
vt 0.969325 0.446219
vt 0.971352 0.434440
vt 0.970970 0.434345
vt 0.971013 0.430383
vt 0.639979 0.865384
vt 0.639181 0.868289
vt 0.639181 0.864662
vt 0.971461 0.423082
vt 0.971836 0.423270
vt 0.972522 0.413113
vt 0.972063 0.413077
vt 0.971574 0.412942
vt 0.971204 0.412723
vt 0.053146 0.382300
vt 0.049900 0.377165
vt 0.053419 0.381844
vt 0.050166 0.376690
vt 0.054353 0.706820
vt 0.054297 0.706651
vt 0.063447 0.693534
vt 0.073231 0.678944
vt 0.052248 0.705567
vt 0.062728 0.692596
vt 0.052721 0.705586
vt 0.062187 0.692249
vt 0.061623 0.692070
vt 0.054027 0.706246
vt 0.053540 0.705867
vt 0.053427 0.705808
vt 0.063167 0.693048
vt 0.054121 0.706357
vt 0.054373 0.706938
vt 0.063537 0.693986
vt 0.054375 0.707095
vt 0.999145 0.108624
vt 0.996352 0.092188
vt 0.999372 0.108379
vt 0.996640 0.091834
vt 0.999511 0.108289
vt 0.997099 0.091531
vt 0.999930 0.108129
vt 0.991771 0.074729
vt 0.991320 0.075069
vt 0.991049 0.075443
vt 0.075110 0.680911
vt 0.075067 0.680639
vt 0.075006 0.680460
vt 0.074861 0.680177
vt 0.074721 0.679968
vt 0.074554 0.679765
vt 0.073767 0.679141
vt 0.074289 0.679505
vt 0.682876 0.828875
vt 0.682818 0.835096
vt 0.682818 0.814627
vt 0.305104 0.663243
vt 0.304749 0.663720
vt 0.304506 0.664217
vt 0.304410 0.664667
vt 0.489040 0.873957
vt 0.488770 0.873599
vt 0.488490 0.873367
vt 0.305522 0.662851
vt 0.305880 0.662623
vt 0.306275 0.662496
vt 0.282662 0.646422
vt 0.282288 0.646928
vt 0.282010 0.647466
vt 0.281863 0.647962
vt 0.500627 0.849277
vt 0.500426 0.848906
vt 0.283485 0.645811
vt 0.283082 0.646026
vt 0.273320 0.637879
vt 0.277585 0.642130
vt 0.277103 0.642480
vt 0.677709 0.859843
vt 0.677457 0.857496
vt 0.677998 0.859507
vt 0.278059 0.641969
vt 0.273897 0.637819
vt 0.501165 0.822943
vt 0.501126 0.822840
vt 0.501492 0.822936
vt 0.502949 0.828032
vt 0.502378 0.843816
vt 0.502461 0.843621
vt 0.503294 0.842759
vt 0.503518 0.840544
vt 0.503507 0.843099
vt 0.276239 0.643975
vt 0.276384 0.643476
vt 0.276684 0.642953
vt 0.272747 0.638139
vt 0.272262 0.638547
vt 0.271928 0.639037
vt 0.271786 0.639538
vt 0.504698 0.836329
vt 0.504475 0.836044
vt 0.678246 0.857497
vt 0.678246 0.863731
vt 0.678041 0.862093
vt 0.677457 0.864076
vt 0.271848 0.639982
vt 0.267823 0.631106
vt 0.501720 0.823128
vt 0.267711 0.630675
vt 0.267787 0.630220
vt 0.268045 0.629791
vt 0.268463 0.629440
vt 0.268716 0.629310
vt 0.268997 0.629214
vt 0.269344 0.629153
vt 0.269587 0.629148
vt 0.271436 0.633533
vt 0.680991 0.823637
vt 0.680981 0.822465
vt 0.680991 0.819273
vt 0.460770 0.913117
vt 0.332047 0.390412
vt 0.332021 0.389735
vt 0.332410 0.391070
vt 0.332878 0.391470
vt 0.461294 0.908260
vt 0.464518 0.884910
vt 0.345372 0.375362
vt 0.971564 0.399694
vt 0.972223 0.407679
vt 0.972482 0.412288
vt 0.064133 0.397209
vt 0.063891 0.397639
vt 0.052736 0.382668
vt 0.063533 0.398005
vt 0.968673 0.385368
vt 0.969105 0.385477
vt 0.969572 0.385494
vt 0.463982 0.884047
vt 0.298019 0.432213
vt 0.315664 0.410721
vt 0.298040 0.432819
vt 0.315681 0.411337
vt 0.298342 0.433434
vt 0.315984 0.411955
vt 0.298620 0.433741
vt 0.316521 0.412454
vt 0.298875 0.433939
vt 0.475096 0.814723
vt 0.969418 0.384605
vt 0.967378 0.373705
vt 0.079748 0.418241
vt 0.962055 0.351508
vt 0.961626 0.351413
vt 0.080182 0.417967
vt 0.080536 0.417596
vt 0.080777 0.417165
vt 0.098792 0.437580
vt 0.098550 0.438010
vt 0.098197 0.438383
vt 0.097767 0.438662
vt 0.677457 0.857497
vt 0.677782 0.823050
vt 0.678246 0.823161
vt 0.268347 0.614321
vt 0.268665 0.614321
vt 0.267935 0.618695
vt 0.269538 0.628957
vt 0.268780 0.622673
vt 0.268193 0.622616
vt 0.268708 0.619109
vt 0.268515 0.618713
vt 0.939601 0.359685
vt 0.939444 0.359917
vt 0.940486 0.355420
vt 0.940264 0.355698
vt 0.941722 0.351568
vt 0.941437 0.351865
vt 0.497909 0.814713
vt 0.498247 0.814948
vt 0.499554 0.818437
vt 0.499904 0.818585
vt 0.500982 0.822454
vt 0.939434 0.359951
vt 0.266726 0.619447
vt 0.267319 0.614830
vt 0.267381 0.614658
vt 0.266580 0.623859
vt 0.681016 0.814627
vt 0.681016 0.823183
vt 0.680990 0.815032
vt 0.266580 0.623507
vt 0.266999 0.627697
vt 0.267701 0.614441
vt 0.266768 0.623170
vt 0.267586 0.614493
vt 0.267421 0.614612
vt 0.501025 0.822569
vt 0.501394 0.822666
vt 0.501622 0.822859
vt 0.267661 0.630482
vt 0.267737 0.630027
vt 0.267996 0.629598
vt 0.268130 0.614339
vt 0.267417 0.618777
vt 0.267916 0.614377
vt 0.267127 0.622886
vt 0.267833 0.626182
vt 0.268415 0.629248
vt 0.268389 0.626013
vt 0.268949 0.629022
vt 0.268980 0.625999
vt 0.268842 0.614334
vt 0.267619 0.622692
vt 0.269356 0.614416
vt 0.289159 0.447390
vt 0.294120 0.437081
vt 0.288256 0.458020
vt 0.289307 0.452648
vt 0.292607 0.443826
vt 0.290641 0.448112
vt 0.293322 0.438264
vt 0.288994 0.447097
vt 0.911945 0.494794
vt 0.909567 0.506905
vt 0.909804 0.505008
vt 0.286547 0.455938
vt 0.286159 0.457928
vt 0.286286 0.457859
vt 0.286533 0.457822
vt 0.289416 0.447576
vt 0.293437 0.438957
vt 0.293665 0.439317
vt 0.293987 0.439648
vt 0.291759 0.443399
vt 0.679695 0.867499
vt 0.679288 0.864434
vt 0.679695 0.861522
vt 0.289767 0.447768
vt 0.288123 0.452641
vt 0.286884 0.457820
vt 0.294380 0.439922
vt 0.292165 0.443641
vt 0.290186 0.447952
vt 0.288551 0.452751
vt 0.287311 0.457854
vt 0.682028 0.830165
vt 0.682028 0.838624
vt 0.681939 0.836771
vt 0.289016 0.452869
vt 0.287781 0.457922
vt 0.286757 0.468163
vt 0.286430 0.468126
vt 0.286271 0.468117
vt 0.285931 0.468117
vt 0.285491 0.468166
vt 0.285147 0.468265
vt 0.284927 0.468406
vt 0.284849 0.468575
vt 0.911813 0.495002
vt 0.111084 0.468195
vt 0.111320 0.473455
vt 0.111241 0.473315
vt 0.108564 0.462983
vt 0.108912 0.467929
vt 0.109177 0.473008
vt 0.109317 0.467873
vt 0.108672 0.462682
vt 0.109728 0.467850
vt 0.109080 0.462622
vt 0.110119 0.467862
vt 0.109479 0.462583
vt 0.110468 0.467906
vt 0.109846 0.462569
vt 0.110756 0.467979
vt 0.110160 0.462579
vt 0.110403 0.462612
vt 0.107595 0.457577
vt 0.106416 0.452987
vt 0.107992 0.457492
vt 0.106426 0.452681
vt 0.108390 0.457407
vt 0.106815 0.452562
vt 0.108764 0.457326
vt 0.107187 0.452422
vt 0.109094 0.457255
vt 0.107520 0.452270
vt 0.109548 0.457155
vt 0.108000 0.451964
vt 0.108684 0.453996
vt 0.103670 0.443467
vt 0.104671 0.445004
vt 0.103472 0.443779
vt 0.105992 0.447352
vt 0.103206 0.444071
vt 0.105511 0.447837
vt 0.102888 0.444325
vt 0.105182 0.448054
vt 0.102534 0.444526
vt 0.104819 0.448235
vt 0.102519 0.444768
vt 0.104442 0.448369
vt 0.110811 0.464783
vt 0.111051 0.473180
vt 0.110812 0.473085
vt 0.110430 0.473000
vt 0.110107 0.472967
vt 0.109603 0.472965
vt 0.682416 0.844961
vt 0.682690 0.848761
vt 0.682416 0.853671
vt 0.677457 0.814627
vt 0.116059 0.630993
vt 0.118053 0.623024
vt 0.118099 0.621010
vt 0.973026 0.007062
vt 0.972885 0.007184
vt 0.973858 0.003483
vt 0.117567 0.624923
vt 0.117516 0.616684
vt 0.117475 0.621125
vt 0.117734 0.623064
vt 0.117519 0.628141
vt 0.117187 0.628148
vt 0.116866 0.628212
vt 0.974388 0.002941
vt 0.974127 0.004217
vt 0.974202 0.002957
vt 0.973443 0.006899
vt 0.974037 0.003107
vt 0.973214 0.006967
vt 0.973921 0.003284
vt 0.119561 0.617058
vt 0.119909 0.621814
vt 0.119465 0.616941
vt 0.680981 0.819273
vt 0.680981 0.814627
vt 0.680990 0.814814
vt 0.119894 0.621661
vt 0.119363 0.616865
vt 0.119822 0.621513
vt 0.119119 0.616750
vt 0.119695 0.621376
vt 0.118764 0.616661
vt 0.119690 0.625637
vt 0.119203 0.629532
vt 0.119548 0.625450
vt 0.119161 0.629287
vt 0.119355 0.625280
vt 0.119061 0.629045
vt 0.119117 0.625133
vt 0.118907 0.628816
vt 0.118842 0.625015
vt 0.118701 0.628607
vt 0.118538 0.624932
vt 0.118450 0.628428
vt 0.117888 0.624883
vt 0.117849 0.628189
vt 0.938760 0.001389
vt 0.939280 0.003012
vt 0.939184 0.002846
vt 0.940125 0.007419
vt 0.119866 0.621967
vt 0.119601 0.617183
vt 0.975004 0.000747
vt 0.974680 0.001782
vt 0.974411 0.002840
vt 0.975012 0.000723
vt 0.975231 0.000000
vt 0.681011 0.823335
vt 0.680990 0.827943
vt 0.680990 0.823183
vt 0.682307 0.837146
vt 0.682307 0.832731
vt 0.682388 0.832948
vt 0.119777 0.626230
vt 0.682819 0.839475
vt 0.682819 0.835096
vt 0.682851 0.835321
vt 0.119805 0.626034
vt 0.119516 0.621254
vt 0.119776 0.625834
vt 0.119186 0.629772
vt 0.973851 0.003696
vt 0.972797 0.007326
vt 0.119292 0.621152
vt 0.119029 0.621073
vt 0.118735 0.621022
vt 0.118422 0.621000
vt 0.118378 0.623021
vt 0.118216 0.624887
vt 0.118163 0.628287
vt 0.119112 0.629999
vt 0.118308 0.616620
vt 0.117945 0.616629
vt 0.973902 0.005525
vt 0.973265 0.008149
vt 0.972581 0.011352
vt 0.972326 0.011398
vt 0.972196 0.011438
vt 0.971922 0.011603
vt 0.118270 0.632698
vt 0.972765 0.007485
vt 0.971865 0.011674
vt 0.118289 0.632542
vt 0.118266 0.632239
vt 0.118199 0.632017
vt 0.118078 0.631782
vt 0.117879 0.631528
vt 0.117721 0.631381
vt 0.117227 0.631087
vt 0.117058 0.631027
vt 0.116650 0.630947
vt 0.116390 0.630943
vt 0.115854 0.631609
vt 0.115801 0.631623
vt 0.926516 0.427025
vt 0.926661 0.426807
vt 0.276879 0.542088
vt 0.277091 0.541935
vt 0.276809 0.542270
vt 0.277428 0.541827
vt 0.277864 0.541774
vt 0.278361 0.541783
vt 0.114764 0.545380
vt 0.113101 0.545288
vt 0.114535 0.545517
vt 0.113924 0.545325
vt 0.966808 0.138825
vt 0.952345 0.072755
vt 0.966910 0.138842
vt 0.967338 0.138999
vt 0.953090 0.073268
vt 0.967569 0.139317
vt 0.967371 0.139021
vt 0.940115 0.007254
vt 0.940033 0.007079
vt 0.939844 0.006899
vt 0.942931 0.025840
vt 0.941136 0.016282
vt 0.972574 0.011387
vt 0.972366 0.012365
vt 0.971933 0.012468
vt 0.116521 0.631579
vt 0.116620 0.631594
vt 0.117027 0.631717
vt 0.117338 0.631882
vt 0.117665 0.632152
vt 0.117866 0.632409
vt 0.118077 0.633060
vt 0.118076 0.633160
vt 0.971646 0.012688
vt 0.975397 0.000929
vt 0.975130 0.001613
vt 0.974277 0.004183
vt 0.974748 0.002687
vt 0.974693 0.002851
vt 0.938084 0.000540
vt 0.938540 0.001200
vt 0.938139 0.000731
vt 0.938276 0.001087
vt 0.938233 0.001074
vt 0.938844 0.003696
vt 0.975248 0.000591
vt 0.938270 0.000000
vt 0.938749 0.001356
vt 0.939385 0.004094
vt 0.939177 0.003957
vt 0.938874 0.003846
vt 0.968537 0.143885
vt 0.967177 0.140403
vt 0.968135 0.143683
vt 0.967686 0.142610
vt 0.968169 0.144907
vt 0.969226 0.149297
vt 0.969183 0.152146
vt 0.969690 0.154753
vt 0.969258 0.153130
vt 0.969653 0.155013
vt 0.969380 0.159891
vt 0.965074 0.179876
vt 0.965150 0.179672
vt 0.965616 0.179678
vt 0.965966 0.177524
vt 0.969222 0.149035
vt 0.969909 0.154775
vt 0.970050 0.160605
vt 0.969872 0.160642
vt 0.969629 0.160672
vt 0.969340 0.160905
vt 0.969544 0.149207
vt 0.969265 0.147399
vt 0.110623 0.462729
vt 0.109639 0.457134
vt 0.108110 0.451844
vt 0.106106 0.447138
vt 0.969610 0.166173
vt 0.969466 0.166281
vt 0.969253 0.166365
vt 0.968979 0.166422
vt 0.968694 0.167357
vt 0.968658 0.171182
vt 0.965948 0.179286
vt 0.968532 0.171350
vt 0.968336 0.171485
vt 0.968077 0.171579
vt 0.967766 0.171903
vt 0.967970 0.171071
vt 0.969680 0.166048
vt 0.970155 0.160561
vt 0.970059 0.154804
vt 0.969418 0.149111
vt 0.968368 0.143769
vt 0.970136 0.154842
vt 0.970184 0.160514
vt 0.969673 0.165911
vt 0.108114 0.451657
vt 0.106153 0.446939
vt 0.106128 0.446764
vt 0.103821 0.442921
vt 0.103697 0.442466
vt 0.098906 0.436964
vt 0.098742 0.436429
vt 0.968660 0.144181
vt 0.108148 0.451739
vt 0.109657 0.457129
vt 0.110610 0.462804
vt 0.970136 0.154885
vt 0.969596 0.149317
vt 0.909793 0.516241
vt 0.909952 0.516452
vt 0.911984 0.530361
vt 0.912560 0.532302
vt 0.913317 0.535551
vt 0.913603 0.535512
vt 0.913643 0.535635
vt 0.910872 0.527118
vt 0.286586 0.458275
vt 0.911542 0.498971
vt 0.910383 0.505948
vt 0.909645 0.510354
vt 0.910129 0.508592
vt 0.909926 0.515376
vt 0.910553 0.526957
vt 0.909755 0.521840
vt 0.909434 0.516203
vt 0.912958 0.535338
vt 0.912742 0.535035
vt 0.910364 0.526731
vt 0.909549 0.521695
vt 0.909370 0.510388
vt 0.298187 0.431839
vt 0.910678 0.527990
vt 0.293455 0.437968
vt 0.291151 0.442100
vt 0.287469 0.452463
vt 0.941543 0.352859
vt 0.267576 0.615248
vt 0.500914 0.822273
vt 0.499907 0.819636
vt 0.498295 0.815982
vt 0.497576 0.814627
vt 0.942033 0.351413
vt 0.109612 0.642528
vt 0.111431 0.640231
vt 0.112041 0.640138
vt 0.109688 0.646378
vt 0.109782 0.646822
vt 0.104795 0.651499
vt 0.971186 0.027857
vt 0.971991 0.031026
vt 0.972094 0.032412
vt 0.974884 0.038340
vt 0.975189 0.037841
vt 0.975022 0.038181
vt 0.975257 0.037966
vt 0.970374 0.019422
vt 0.970572 0.019176
vt 0.970966 0.019003
vt 0.116148 0.638045
vt 0.971771 0.015200
vt 0.970915 0.020897
vt 0.115432 0.635832
vt 0.115971 0.636182
vt 0.116340 0.636649
vt 0.116496 0.637162
vt 0.114795 0.635666
vt 0.974658 0.038748
vt 0.971817 0.032785
vt 0.974726 0.038586
vt 0.104734 0.651254
vt 0.104512 0.650792
vt 0.109418 0.645887
vt 0.104359 0.650563
vt 0.104207 0.650371
vt 0.109003 0.645417
vt 0.103791 0.649949
vt 0.108494 0.645038
vt 0.970664 0.025863
vt 0.970321 0.026142
vt 0.116426 0.637649
vt 0.113828 0.642096
vt 0.113814 0.641630
vt 0.970184 0.026455
vt 0.113593 0.641133
vt 0.113187 0.640672
vt 0.112645 0.640319
vt 0.103460 0.649699
vt 0.103345 0.649628
vt 0.107967 0.644819
vt 0.102931 0.649453
vt 0.107478 0.644838
vt 0.111608 0.639985
vt 0.113032 0.637803
vt 0.114175 0.635690
vt 0.958346 0.198435
vt 0.080885 0.416542
vt 0.064237 0.396582
vt 0.080711 0.415996
vt 0.064055 0.396025
vt 0.955805 0.207623
vt 0.946913 0.235262
vt 0.955466 0.208034
vt 0.946568 0.235694
vt 0.945994 0.235937
vt 0.923494 0.567662
vt 0.931158 0.595160
vt 0.930702 0.595035
vt 0.315836 0.410337
vt 0.921968 0.565123
vt 0.922185 0.565442
vt 0.922546 0.565671
vt 0.332202 0.389340
vt 0.930109 0.594455
vt 0.930332 0.594790
vt 0.269562 0.629052
vt 0.268438 0.629345
vt 0.268020 0.629696
vt 0.267761 0.630125
vt 0.267686 0.630580
vt 0.501670 0.822993
vt 0.501442 0.822801
vt 0.501074 0.822704
vt 0.268972 0.629118
vt 0.089543 0.836752
vt 0.092841 0.839107
vt 0.987842 0.064477
vt 0.984793 0.057303
vt 0.107505 0.644805
vt 0.679869 0.848023
vt 0.679732 0.844943
vt 0.679869 0.841762
vt 0.111395 0.640269
vt 0.680977 0.817819
vt 0.680977 0.814627
vt 0.680977 0.814963
vt 0.680975 0.814627
vt 0.680976 0.815200
vt 0.680975 0.820983
vt 0.945828 0.236504
vt 0.943105 0.246857
vt 0.053521 0.381192
vt 0.053308 0.380602
vt 0.942187 0.256271
vt 0.941803 0.256751
vt 0.941184 0.257029
vt 0.937218 0.617942
vt 0.937231 0.617988
vt 0.936770 0.617854
vt 0.931338 0.595854
vt 0.344652 0.373155
vt 0.936183 0.617258
vt 0.936405 0.617600
vt 0.486948 0.876940
vt 0.495142 0.857920
vt 0.489258 0.871093
vt 0.593679 0.859645
vt 0.593495 0.860079
vt 0.592474 0.829341
vt 0.591264 0.814627
vt 0.052094 0.719975
vt 0.991610 0.138645
vt 0.999920 0.109646
vt 1.000000 0.108113
vt 0.995299 0.123020
vt 0.682876 0.827238
vt 0.683183 0.814627
vt 0.683183 0.853491
vt 0.986288 0.151978
vt 0.986668 0.151857
vt 0.986837 0.151839
vt 0.987446 0.150982
vt 0.987140 0.151843
vt 0.992060 0.075504
vt 0.063141 0.694557
vt 0.997438 0.092618
vt 0.999866 0.105742
vt 0.940070 0.266979
vt 0.939665 0.267559
vt 0.941134 0.261045
vt 0.045018 0.373064
vt 0.941179 0.257060
vt 0.941090 0.257627
vt 0.938348 0.269245
vt 0.939157 0.267548
vt 0.940176 0.263405
vt 0.938818 0.269106
vt 0.938084 0.269554
vt 0.043247 0.377948
vt 0.941526 0.260542
vt 0.046135 0.372368
vt 0.045601 0.373541
vt 0.043826 0.378383
vt 0.044151 0.378996
vt 0.048295 0.373926
vt 0.051405 0.377433
vt 0.051627 0.378047
vt 0.682690 0.832731
vt 0.682819 0.837682
vt 0.682690 0.845017
vt 0.679732 0.842198
vt 0.678879 0.845425
vt 0.679146 0.842632
vt 0.678879 0.841762
vt 0.048030 0.373255
vt 0.045916 0.374213
vt 0.681802 0.840250
vt 0.681802 0.827511
vt 0.681939 0.831581
vt 0.751389 0.865835
vt 0.752310 0.864662
vt 0.752310 0.867088
vt 0.047487 0.372777
vt 0.681939 0.830165
vt 0.681939 0.814627
vt 0.682050 0.818013
vt 0.045429 0.375690
vt 0.044165 0.379668
vt 0.356381 0.370120
vt 0.937415 0.618670
vt 0.348859 0.368091
vt 0.941288 0.630471
vt 0.940869 0.630174
vt 0.352361 0.365545
vt 0.940578 0.629759
vt 0.938335 0.624727
vt 0.938578 0.625107
vt 0.942033 0.631199
vt 0.353264 0.365057
vt 0.355333 0.366127
vt 0.352771 0.365225
vt 0.355164 0.366260
vt 0.354707 0.366535
vt 0.355897 0.370334
vt 0.478109 0.905252
vt 0.476319 0.914306
vt 0.475748 0.919130
vt 0.348204 0.736468
vt 0.346090 0.720090
vt 0.347222 0.719826
vt 0.347806 0.719938
vt 0.346619 0.719884
vt 0.346486 0.736514
vt 0.347015 0.736339
vt 0.347619 0.736319
vt 0.265166 0.841585
vt 0.977336 0.177047
vt 0.970998 0.190790
vt 0.970628 0.190556
vt 0.591264 0.901361
vt 0.592568 0.887864
vt 0.591366 0.901232
vt 0.678716 0.846645
vt 0.678246 0.836045
vt 0.678716 0.814627
vt 0.970184 0.190390
vt 0.391107 0.263367
vt 0.390338 0.263016
vt 0.402957 0.206898
vt 0.402187 0.206550
vt 0.416265 0.157431
vt 0.415497 0.157076
vt 0.963515 0.517004
vt 0.962923 0.510259
vt 0.961626 0.499264
vt 0.942033 0.351413
vt 0.947181 0.353281
vt 0.943286 0.355305
vt 0.950917 0.366451
vt 0.945745 0.364646
vt 0.954081 0.384211
vt 0.948952 0.382427
vt 0.947409 0.372905
vt 0.952884 0.414361
vt 0.953108 0.414255
vt 0.959291 0.431983
vt 0.953488 0.413981
vt 0.954007 0.413293
vt 0.954275 0.412323
vt 0.954212 0.411693
vt 0.954137 0.411479
vt 0.953837 0.411041
vt 0.953619 0.410877
vt 0.953381 0.410774
vt 0.953088 0.410726
vt 0.952528 0.410824
vt 0.955771 0.454078
vt 0.961558 0.477234
vt 0.956673 0.478317
vt 0.042514 0.389876
vt 0.042534 0.389237
vt 0.042208 0.388236
vt 0.041653 0.387510
vt 0.041263 0.387212
vt 0.356956 0.379846
vt 0.357268 0.379580
vt 0.965353 0.731955
vt 0.964885 0.732190
vt 0.964659 0.705260
vt 0.965921 0.731955
vt 0.969815 0.703405
vt 0.966139 0.732022
vt 0.964583 0.732568
vt 0.964539 0.732656
vt 0.959632 0.749235
vt 0.964407 0.733116
vt 0.964446 0.733912
vt 0.964700 0.734572
vt 0.965141 0.735148
vt 0.965440 0.735385
vt 0.965775 0.735556
vt 0.957031 0.798267
vt 0.971406 0.693947
vt 0.967110 0.691042
vt 0.973301 0.684903
vt 0.970249 0.678192
vt 0.975509 0.676586
vt 0.762261 0.814627
vt 0.768613 0.817067
vt 0.768162 0.825870
vt 0.761993 0.820076
vt 0.767856 0.836889
vt 0.762260 0.834995
vt 0.767112 0.186165
vt 0.768925 0.185839
vt 0.770501 0.210934
vt 0.773873 0.229780
vt 0.772921 0.246654
vt 0.775543 0.285118
vt 0.773726 0.284872
vt 0.339694 0.762617
vt 0.345991 0.750057
vt 0.344949 0.749923
vt 0.345470 0.749922
vt 0.338722 0.762337
vt 0.339209 0.762408
vt 0.339610 0.762571
vt 0.334823 0.767741
vt 0.335784 0.768108
vt 0.335505 0.767920
vt 0.046807 0.776896
vt 0.047854 0.778013
vt 0.047395 0.778805
vt 0.422585 0.132602
vt 0.424266 0.126797
vt 0.423944 0.129521
vt 0.422475 0.134705
vt 0.420931 0.141038
vt 0.420690 0.139617
vt 0.418911 0.148638
vt 0.418287 0.147948
vt 0.388752 0.272766
vt 0.389029 0.281650
vt 0.387922 0.282607
vt 0.389467 0.290464
vt 0.388215 0.292056
vt 0.390719 0.298602
vt 0.389459 0.300832
vt 0.967870 0.574821
vt 0.955576 0.513633
vt 0.955767 0.511880
vt 0.960668 0.510995
vt 0.956801 0.493817
vt 0.961626 0.496369
vt 0.956403 0.504220
vt 0.956094 0.508414
vt 0.954425 0.522002
vt 0.958691 0.524838
vt 0.952294 0.533580
vt 0.957048 0.533397
vt 0.952181 0.534148
vt 0.966234 0.855493
vt 0.961388 0.854657
vt 0.961182 0.853528
vt 0.963075 0.834900
vt 0.963614 0.839390
vt 0.958735 0.838459
vt 0.964161 0.843292
vt 0.966111 0.854816
vt 0.962569 0.829611
vt 0.957452 0.825767
vt 0.962263 0.825421
vt 0.957012 0.816939
vt 0.961841 0.814939
vt 0.768613 0.888061
vt 0.765494 0.885287
vt 0.767739 0.855727
vt 0.761451 0.164136
vt 0.753086 0.143798
vt 0.753560 0.142605
vt 0.763167 0.163147
vt 0.758885 0.151918
vt 0.754033 0.141411
vt 0.775101 0.324203
vt 0.773252 0.323959
vt 0.775377 0.312330
vt 0.773551 0.312070
vt 0.775477 0.304828
vt 0.775520 0.299601
vt 0.773705 0.299351
vt 0.775543 0.294896
vt 0.333250 0.770234
vt 0.333183 0.770089
vt 0.333073 0.769601
vt 0.333084 0.769258
vt 0.333225 0.768771
vt 0.429603 0.114300
vt 0.428944 0.117656
vt 0.426651 0.120425
vt 0.426329 0.123148
vt 0.396123 0.334718
vt 0.398050 0.334001
vt 0.400313 0.344147
vt 0.398640 0.344664
vt 0.949595 0.570700
vt 0.944475 0.572663
vt 0.950530 0.542439
vt 0.973316 0.894139
vt 0.968237 0.892088
vt 0.967751 0.863812
vt 0.770027 0.366434
vt 0.771455 0.357700
vt 0.770053 0.366443
vt 0.773359 0.358247
vt 0.772044 0.367055
vt 0.749324 0.132228
vt 0.747304 0.130388
vt 0.734820 0.112348
vt 0.741355 0.120584
vt 0.741690 0.119492
vt 0.747683 0.129245
vt 0.734394 0.113423
vt 0.741021 0.121674
vt 0.746926 0.131530
vt 0.731128 0.110097
vt 0.948483 0.582491
vt 0.942033 0.588140
vt 0.948870 0.574557
vt 0.942925 0.581025
vt 0.969302 0.901169
vt 0.974732 0.902528
vt 0.969159 0.903897
vt 0.975509 0.909657
vt 0.932283 0.015896
vt 0.931871 0.017071
vt 0.931852 0.017075
vt 0.926277 0.019269
vt 0.920137 0.023185
vt 0.680975 0.832195
vt 0.680837 0.820704
vt 0.680975 0.814628
vt 0.688232 0.864882
vt 0.688232 0.858894
vt 0.688454 0.864845
vt 0.934327 0.009253
vt 0.933651 0.011561
vt 0.907479 0.047416
vt 0.889435 0.065660
vt 0.914205 0.041049
vt 0.887726 0.278074
vt 0.892117 0.282916
vt 0.912093 0.303593
vt 0.929348 0.328316
vt 0.929367 0.328321
vt 0.929759 0.329538
vt 0.915380 0.319869
vt 0.923810 0.325921
vt 0.923879 0.325962
vt 0.930603 0.332398
vt 0.681802 0.828908
vt 0.681476 0.839916
vt 0.681476 0.827511
vt 0.931801 0.336917
vt 0.929630 0.028616
vt 0.924551 0.032061
vt 0.921953 0.034128
vt 0.864714 0.117979
vt 0.865887 0.105233
vt 0.868123 0.095596
vt 0.871313 0.087929
vt 0.876469 0.079986
vt 0.880747 0.074980
vt 0.884629 0.070796
vt 0.879432 0.268719
vt 0.873013 0.260462
vt 0.870768 0.256712
vt 0.863854 0.224869
vt 0.864332 0.233380
vt 0.865828 0.243272
vt 0.868715 0.252433
vt 0.919727 0.310803
vt 0.927313 0.316600
vt 0.863698 0.171396
vt 0.864222 0.135973
vt 0.863622 0.199749
vt 0.748300 0.665172
vt 0.744405 0.673136
vt 0.739865 0.666872
vt 0.742838 0.660682
vt 0.743387 0.659294
vt 0.749580 0.662223
vt 0.745262 0.651398
vt 0.751673 0.657083
vt 0.744400 0.656156
vt 0.743755 0.658267
vt 0.733495 0.678663
vt 0.739628 0.682220
vt 0.737185 0.686708
vt 0.736672 0.672845
vt 0.734654 0.691181
vt 0.732881 0.687677
vt 0.730540 0.684215
vt 0.880938 0.675254
vt 0.880248 0.675063
vt 0.880073 0.670990
vt 0.885428 0.656407
vt 0.885717 0.662972
vt 0.882476 0.675682
vt 0.885934 0.669671
vt 0.885823 0.676586
vt 0.744217 0.639591
vt 0.744810 0.642776
vt 0.743212 0.637416
vt 0.743745 0.640245
vt 0.744359 0.645718
vt 0.745310 0.650802
vt 0.744307 0.648629
vt 0.880263 0.661914
vt 0.880479 0.660415
vt 0.885612 0.647349
vt 0.881518 0.656280
vt 0.885934 0.645261
vt 0.744149 0.650213
vt 0.885503 0.648387
vt 0.885403 0.649815
vt 0.880036 0.664740
vt 0.687365 0.831570
vt 0.688232 0.838805
vt 0.686081 0.848821
vt 0.685165 0.857537
vt 0.736649 0.603460
vt 0.736974 0.602235
vt 0.738518 0.613149
vt 0.739246 0.613981
vt 0.731786 0.546746
vt 0.732025 0.545894
vt 0.731975 0.553740
vt 0.731734 0.554600
vt 0.732091 0.561508
vt 0.731840 0.562389
vt 0.732428 0.569100
vt 0.732156 0.570017
vt 0.732998 0.576419
vt 0.732702 0.577389
vt 0.733784 0.583391
vt 0.733468 0.584429
vt 0.734747 0.589983
vt 0.734420 0.591100
vt 0.775543 0.830285
vt 0.775278 0.833475
vt 0.769360 0.822782
vt 0.769878 0.818423
vt 0.769173 0.814627
vt 0.774832 0.826479
vt 0.732572 0.519917
vt 0.732811 0.519070
vt 0.774269 0.860837
vt 0.769630 0.850995
vt 0.768950 0.840006
vt 0.773956 0.849861
vt 0.768725 0.835251
vt 0.774005 0.845216
vt 0.768613 0.831243
vt 0.774184 0.841375
vt 0.768634 0.828065
vt 0.774453 0.838386
vt 0.768792 0.825702
vt 0.774758 0.836191
vt 0.771319 0.871052
vt 0.775543 0.882240
vt 0.771899 0.876754
vt 0.773496 0.890730
vt 0.685184 0.838431
vt 0.685165 0.814627
vt 0.397108 0.639667
vt 0.404046 0.634630
vt 0.405149 0.642680
vt 0.399684 0.648048
vt 0.407922 0.650567
vt 0.402790 0.656356
vt 0.412063 0.673070
vt 0.410751 0.675270
vt 0.408677 0.670599
vt 0.412821 0.662217
vt 0.406666 0.665865
vt 0.415130 0.667749
vt 0.415528 0.668741
vt 0.396280 0.650540
vt 0.396101 0.661444
vt 0.403978 0.697735
vt 0.410800 0.678447
vt 0.411102 0.690919
vt 0.411190 0.693609
vt 0.411369 0.698494
vt 0.406505 0.738706
vt 0.412556 0.721632
vt 0.413708 0.737504
vt 0.396562 0.689988
vt 0.401409 0.758316
vt 0.400129 0.746285
vt 0.408123 0.755438
vt 0.415079 0.752512
vt 0.414301 0.744403
vt 0.413802 0.738650
vt 0.397913 0.718432
vt 0.415817 0.759093
vt 0.403061 0.769837
vt 0.416847 0.765816
vt 0.404602 0.776645
vt 0.419363 0.776035
vt 0.404988 0.778025
vt 0.418938 0.774653
vt 0.418471 0.773012
vt 0.420161 0.778398
vt 0.414074 0.783766
vt 0.810852 0.676586
vt 0.794426 0.667281
vt 0.811664 0.673768
vt 0.800091 0.668807
vt 0.804928 0.669711
vt 0.807177 0.669928
vt 0.809177 0.669972
vt 0.812763 0.670294
vt 0.813034 0.669533
vt 0.793079 0.658206
vt 0.777968 0.653565
vt 0.775543 0.661414
vt 0.775740 0.652837
vt 0.794828 0.658707
vt 0.798792 0.659738
vt 0.800284 0.660060
vt 0.804026 0.660610
vt 0.807747 0.660610
vt 0.808939 0.660451
vt 0.810365 0.660135
vt 0.814279 0.661851
vt 0.812143 0.659532
vt 0.815180 0.657972
vt 0.330472 0.875870
vt 0.330374 0.876166
vt 0.330193 0.868558
vt 0.325973 0.865103
vt 0.330472 0.862543
vt 0.329392 0.859626
vt 0.329938 0.858809
vt 0.805558 0.653577
vt 0.803532 0.655139
vt 0.801809 0.656247
vt 0.800618 0.656807
vt 0.797931 0.657452
vt 0.681939 0.827511
vt 0.681016 0.816378
vt 0.681939 0.814627
vt 0.666614 0.867893
vt 0.667993 0.864662
vt 0.667993 0.870927
vt 0.325614 0.865736
vt 0.330003 0.878046
vt 0.324945 0.867313
vt 0.324782 0.867991
vt 0.809348 0.650559
vt 0.816478 0.657162
vt 0.815452 0.657584
vt 0.814124 0.646335
vt 0.830510 0.645423
vt 0.812890 0.647450
vt 0.825903 0.649706
vt 0.820667 0.654151
vt 0.846293 0.615208
vt 0.860699 0.614543
vt 0.843086 0.618542
vt 0.848410 0.627694
vt 0.828268 0.633168
vt 0.837607 0.638597
vt 0.847418 0.614016
vt 0.862105 0.613019
vt 0.852580 0.607996
vt 0.867357 0.606968
vt 0.854415 0.605422
vt 0.869251 0.604448
vt 0.870969 0.601881
vt 0.855892 0.603054
vt 0.873643 0.597020
vt 0.858551 0.597691
vt 0.875557 0.592397
vt 0.859991 0.593733
vt 0.860418 0.592313
vt 0.875838 0.591586
vt 0.861731 0.586607
vt 0.877480 0.585620
vt 0.878177 0.581942
vt 0.862624 0.580071
vt 0.879027 0.574925
vt 0.863095 0.573151
vt 0.863174 0.570964
vt 0.879449 0.567376
vt 0.863325 0.565406
vt 0.879562 0.562765
vt 0.863846 0.514702
vt 0.880036 0.514700
vt 0.879839 0.545524
vt 0.863709 0.540524
vt 0.863734 0.488716
vt 0.863378 0.463964
vt 0.879613 0.466597
vt 0.880036 0.512306
vt 0.879976 0.495552
vt 0.847919 0.415383
vt 0.846398 0.413735
vt 0.860804 0.414408
vt 0.852763 0.421188
vt 0.865584 0.419810
vt 0.869372 0.424713
vt 0.855036 0.424502
vt 0.872383 0.429544
vt 0.857847 0.429671
vt 0.874854 0.434770
vt 0.860006 0.435210
vt 0.875957 0.437788
vt 0.860537 0.436966
vt 0.861903 0.442918
vt 0.877634 0.444046
vt 0.878752 0.451014
vt 0.862785 0.449273
vt 0.879548 0.463496
vt 0.863225 0.455430
vt 0.879040 0.453825
vt 0.778114 0.373989
vt 0.775886 0.374701
vt 0.775697 0.366060
vt 0.793230 0.369450
vt 0.785115 0.363102
vt 0.794586 0.360322
vt 0.813783 0.362387
vt 0.815331 0.369979
vt 0.810549 0.367724
vt 0.805061 0.367096
vt 0.799054 0.367937
vt 0.802120 0.358447
vt 0.800384 0.358809
vt 0.806418 0.357848
vt 0.809306 0.357771
vt 0.813207 0.358307
vt 0.814263 0.381944
vt 0.830648 0.382870
vt 0.822384 0.389599
vt 0.843473 0.395699
vt 0.833600 0.400547
vt 0.853872 0.406742
vt 0.805704 0.374516
vt 0.815602 0.370381
vt 0.816628 0.370818
vt 0.820264 0.373483
vt 0.809486 0.377617
vt 0.815870 0.370464
vt 0.825519 0.378000
vt 0.709169 0.813048
vt 0.709019 0.812774
vt 0.711440 0.801361
vt 0.707952 0.805542
vt 0.707089 0.796613
vt 0.706570 0.799679
vt 0.706404 0.795910
vt 0.709708 0.814272
vt 0.712874 0.803386
vt 0.320964 0.865283
vt 0.320964 0.858809
vt 0.321425 0.863975
vt 0.691712 0.873642
vt 0.691712 0.861827
vt 0.693197 0.864596
vt 0.794565 0.370535
vt 0.797844 0.370584
vt 0.802458 0.372190
vt 0.801760 0.371804
vt 0.799173 0.370826
vt 0.751430 0.667985
vt 0.751444 0.667743
vt 0.748329 0.665110
vt 0.748330 0.665105
vt 0.747996 0.670446
vt 0.746473 0.669047
vt 0.751049 0.673316
vt 0.750539 0.678854
vt 0.747512 0.675990
vt 0.731798 0.789814
vt 0.729731 0.795282
vt 0.716199 0.790616
vt 0.812004 0.354493
vt 0.811848 0.353950
vt 0.715173 0.792889
vt 0.718014 0.795854
vt 0.811149 0.351413
vt 0.719202 0.782384
vt 0.719705 0.780692
vt 0.734470 0.780395
vt 0.721389 0.774103
vt 0.722769 0.767626
vt 0.729419 0.771240
vt 0.735753 0.774739
vt 0.736040 0.688763
vt 0.739210 0.714194
vt 0.746350 0.714109
vt 0.732676 0.754720
vt 0.724339 0.759632
vt 0.725402 0.753947
vt 0.734293 0.694337
vt 0.732769 0.706720
vt 0.732418 0.709387
vt 0.739649 0.755405
vt 0.725606 0.752825
vt 0.728309 0.737141
vt 0.731762 0.714227
vt 0.699603 0.094058
vt 0.698180 0.090689
vt 0.705842 0.094579
vt 0.704672 0.091169
vt 0.710692 0.092375
vt 0.719847 0.097252
vt 0.720753 0.101107
vt 0.716749 0.098312
vt 0.715763 0.094495
vt 0.716546 0.098194
vt 0.711704 0.095983
vt 0.722490 0.109613
vt 0.718044 0.106376
vt 0.716598 0.105562
vt 0.711337 0.103507
vt 0.708554 0.102916
vt 0.703146 0.102435
vt 0.694319 0.065173
vt 0.692412 0.065150
vt 0.681856 0.070436
vt 0.683871 0.069070
vt 0.686329 0.075916
vt 0.685778 0.067850
vt 0.695977 0.087933
vt 0.689283 0.066005
vt 0.692109 0.065186
vt 0.619242 0.090111
vt 0.601900 0.089259
vt 0.602671 0.073460
vt 0.686336 0.093406
vt 0.658826 0.092055
vt 0.646746 0.091462
vt 0.603952 0.047224
vt 0.662274 0.050849
vt 0.671078 0.058380
vt 0.604772 0.030390
vt 0.617159 0.032246
vt 0.604252 0.041071
vt 0.621199 0.033091
vt 0.634759 0.037044
vt 0.650268 0.043671
vt 0.652052 0.044578
vt 0.720490 0.109398
vt 0.729224 0.121849
vt 0.728329 0.122532
vt 0.718065 0.110777
vt 0.709567 0.112814
vt 0.714882 0.113020
vt 0.717444 0.124174
vt 0.724694 0.125236
vt 0.720319 0.128433
vt 0.716561 0.111800
vt 0.725164 0.124891
vt 0.731257 0.120159
vt 0.730264 0.121031
vt 0.724457 0.111720
vt 0.713020 0.104650
vt 0.732706 0.123756
vt 0.731292 0.124946
vt 0.729893 0.126018
vt 0.727492 0.127776
vt 0.721167 0.129742
vt 0.723946 0.134152
vt 0.728593 0.131220
vt 0.730620 0.129901
vt 0.732314 0.128755
vt 0.733614 0.127824
vt 0.734505 0.127120
vt 0.735342 0.126251
vt 0.601204 0.103498
vt 0.600975 0.108177
vt 0.662938 0.111426
vt 0.634885 0.129778
vt 0.609593 0.128535
vt 0.599998 0.128064
vt 0.600093 0.126143
vt 0.622201 0.129155
vt 0.600680 0.114182
vt 0.714053 0.133666
vt 0.701370 0.133043
vt 0.674469 0.131722
vt 0.661785 0.131099
vt 0.505389 0.084519
vt 0.517462 0.085111
vt 0.522994 0.104511
vt 0.590418 0.127593
vt 0.577798 0.126973
vt 0.565111 0.126350
vt 0.538214 0.125029
vt 0.525527 0.124406
vt 0.544972 0.086463
vt 0.557053 0.087056
vt 0.584557 0.088407
vt 0.477877 0.083167
vt 0.450453 0.100833
vt 0.465805 0.082574
vt 0.453069 0.095227
vt 0.460075 0.082293
vt 0.459042 0.121140
vt 0.485944 0.122462
vt 0.498627 0.123085
vt 0.444026 0.120403
vt 0.446029 0.112191
vt 0.446361 0.120517
vt 0.447463 0.108111
vt 0.448929 0.104348
vt 0.519408 0.035184
vt 0.528195 0.033440
vt 0.542549 0.031267
vt 0.565044 0.029335
vt 0.585269 0.029087
vt 0.498536 0.040868
vt 0.512425 0.036796
vt 0.473455 0.061913
vt 0.475819 0.058605
vt 0.477226 0.056696
vt 0.480716 0.052407
vt 0.486607 0.046929
vt 0.494287 0.042545
vt 0.465142 0.074178
vt 0.461675 0.079662
vt 0.887760 0.642165
vt 0.896811 0.642149
vt 0.896860 0.642274
vt 0.887808 0.642290
vt 0.896907 0.642394
vt 0.887855 0.642410
vt 0.888070 0.642724
vt 0.897122 0.642707
vt 0.897773 0.642971
vt 0.888721 0.642987
vt 0.898422 0.643224
vt 0.889370 0.643241
vt 0.434023 0.297624
vt 0.434046 0.297033
vt 0.434058 0.302126
vt 0.434081 0.301535
vt 0.434409 0.305264
vt 0.434387 0.305856
vt 0.434852 0.309130
vt 0.434830 0.309721
vt 0.883165 0.360919
vt 0.892216 0.360903
vt 0.891960 0.361809
vt 0.882908 0.361826
vt 0.891707 0.362782
vt 0.882655 0.362799
vt 0.883528 0.359754
vt 0.892579 0.359738
vt 0.892397 0.360306
vt 0.883345 0.360322
vt 0.884321 0.357611
vt 0.893373 0.357595
vt 0.892974 0.358609
vt 0.883922 0.358626
vt 0.884705 0.356740
vt 0.893756 0.356724
vt 0.893564 0.357148
vt 0.884513 0.357165
vt 0.885534 0.355151
vt 0.894585 0.355134
vt 0.894170 0.355885
vt 0.885118 0.355901
vt 0.885931 0.354513
vt 0.894983 0.354496
vt 0.894784 0.354807
vt 0.885732 0.354823
vt 0.886785 0.353372
vt 0.895837 0.353355
vt 0.895409 0.353890
vt 0.886357 0.353906
vt 0.887192 0.352927
vt 0.896244 0.352911
vt 0.896040 0.353126
vt 0.886988 0.353142
vt 0.889370 0.351424
vt 0.898422 0.351413
vt 0.897329 0.351997
vt 0.888278 0.352014
vt 0.679701 0.857832
vt 0.680246 0.857537
vt 0.685607 0.866467
vt 0.686153 0.866172
vt 0.687686 0.876718
vt 0.688232 0.876424
vt 0.685607 0.886962
vt 0.686153 0.886667
vt 0.679701 0.895573
vt 0.680242 0.895275
vt 0.459627 0.332729
vt 0.459650 0.332138
vt 0.589622 0.339115
vt 0.697691 0.343831
vt 0.697668 0.344422
vt 0.439056 0.321091
vt 0.439078 0.320500
vt 0.447956 0.329349
vt 0.447978 0.328758
vt 0.881510 0.621294
vt 0.890561 0.621278
vt 0.894053 0.633606
vt 0.885001 0.633623
vt 0.880293 0.595317
vt 0.889345 0.595300
vt 0.880460 0.606975
vt 0.889511 0.606959
vt 0.880895 0.616275
vt 0.889947 0.616259
vt 0.891349 0.364302
vt 0.882298 0.364319
vt 0.891048 0.365739
vt 0.881996 0.365755
vt 0.890474 0.369007
vt 0.881422 0.369023
vt 0.890209 0.370792
vt 0.881158 0.370808
vt 0.889941 0.372776
vt 0.880889 0.372792
vt 0.880431 0.378448
vt 0.889483 0.378432
vt 0.880132 0.386850
vt 0.889184 0.386834
vt 0.880036 0.396754
vt 0.889088 0.396738
vt 0.880149 0.484303
vt 0.725445 0.298527
vt 0.434760 0.285458
vt 0.435486 0.273855
vt 0.435953 0.270038
vt 0.436106 0.269203
vt 0.725306 0.279080
vt 0.725236 0.275427
vt 0.708033 0.342258
vt 0.716941 0.336784
vt 0.725250 0.318081
vt 0.723001 0.328275
vt 0.436265 0.268350
vt 0.722984 0.230926
vt 0.723271 0.234385
vt 0.724453 0.252872
vt 0.724621 0.256444
vt 0.724923 0.264099
vt 0.725151 0.271777
vt 0.720197 0.206583
vt 0.720664 0.209857
vt 0.721101 0.213151
vt 0.723814 0.241826
vt 0.724267 0.249306
vt 0.721946 0.220279
vt 0.722675 0.227478
vt 0.446753 0.219714
vt 0.718684 0.197349
vt 0.719475 0.201940
vt 0.488331 0.138397
vt 0.686663 0.148139
vt 0.711757 0.170031
vt 0.713350 0.174885
vt 0.716202 0.185372
vt 0.717422 0.190857
vt 0.696478 0.150564
vt 0.704650 0.156509
vt 0.709968 0.165091
vt 0.466987 0.147639
vt 0.476578 0.140532
vt 0.461541 0.158249
vt 0.657060 0.441775
vt 0.657053 0.439401
vt 0.657173 0.436261
vt 0.708466 0.868423
vt 0.711606 0.866656
vt 0.707527 0.874850
vt 0.691712 0.868511
vt 0.688743 0.873718
vt 0.688743 0.861827
vt 0.674600 0.864662
vt 0.677457 0.867014
vt 0.674808 0.865882
vt 0.701370 0.449039
vt 0.699467 0.449825
vt 0.702907 0.442760
vt 0.678393 0.860301
vt 0.678246 0.846645
vt 0.679683 0.858441
vt 0.674600 0.873594
vt 0.674809 0.872368
vt 0.675039 0.869212
vt 0.633111 0.863400
vt 0.632692 0.863311
vt 0.634441 0.815271
vt 0.632357 0.863226
vt 0.631469 0.814627
vt 0.631468 0.862669
vt 0.678246 0.861522
vt 0.642779 0.815745
vt 0.638495 0.864030
vt 0.637142 0.863918
vt 0.636352 0.863843
vt 0.634442 0.863618
vt 0.644873 0.864413
vt 0.643762 0.864357
vt 0.642779 0.864304
vt 0.651098 0.864631
vt 0.654247 0.815923
vt 0.652333 0.864650
vt 0.665773 0.815757
vt 0.666046 0.864301
vt 0.660027 0.864568
vt 0.658814 0.864603
vt 0.654247 0.864662
vt 0.674269 0.815292
vt 0.670117 0.864047
vt 0.667080 0.864242
vt 0.677457 0.862735
vt 0.677047 0.863059
vt 0.677457 0.814651
vt 0.676782 0.863154
vt 0.674343 0.863629
vt 0.659568 0.450994
vt 0.659276 0.450408
vt 0.659686 0.447871
vt 0.658771 0.449279
vt 0.657161 0.443006
vt 0.668921 0.460591
vt 0.667562 0.459783
vt 0.667681 0.456673
vt 0.663731 0.456695
vt 0.662879 0.455796
vt 0.678895 0.463413
vt 0.677440 0.463295
vt 0.679013 0.460308
vt 0.676213 0.463124
vt 0.670022 0.461159
vt 0.708451 0.867482
vt 0.707527 0.861827
vt 0.690648 0.457801
vt 0.685147 0.462866
vt 0.683934 0.463108
vt 0.723970 0.869081
vt 0.727165 0.864662
vt 0.727165 0.869710
vt 0.707527 0.868222
vt 0.705391 0.870538
vt 0.705278 0.869598
vt 0.705221 0.861827
vt 0.705221 0.874009
vt 0.669254 0.870909
vt 0.667994 0.871450
vt 0.667994 0.864662
vt 0.639979 0.864662
vt 0.641309 0.865177
vt 0.639979 0.868045
vt 0.690442 0.814995
vt 0.689817 0.861205
vt 0.688743 0.814627
vt 0.688775 0.860868
vt 0.688743 0.860786
vt 0.695714 0.861707
vt 0.695206 0.861685
vt 0.695206 0.815266
vt 0.692221 0.861496
vt 0.690442 0.861304
vt 0.699902 0.861816
vt 0.701760 0.815368
vt 0.701760 0.861827
vt 0.703426 0.861820
vt 0.708346 0.815273
vt 0.707657 0.861721
vt 0.713764 0.861232
vt 0.713200 0.861316
vt 0.713200 0.815007
vt 0.711238 0.861517
vt 0.708346 0.861692
vt 0.714952 0.860897
vt 0.715022 0.814641
vt 0.715022 0.860800
vt 0.570821 0.522602
vt 0.570707 0.525606
vt 0.569385 0.515967
vt 0.569501 0.522147
vt 0.569270 0.518982
vt 0.577896 0.531927
vt 0.575275 0.530629
vt 0.575389 0.527631
vt 0.574063 0.529749
vt 0.571067 0.526259
vt 0.580093 0.532516
vt 0.581865 0.529708
vt 0.581751 0.532703
vt 0.592898 0.527497
vt 0.589692 0.530516
vt 0.588513 0.528276
vt 0.674600 0.870835
vt 0.671864 0.873521
vt 0.671743 0.872342
vt 0.671743 0.864662
vt 0.588678 0.531127
vt 0.584504 0.532550
vt 0.641309 0.864662
vt 0.644012 0.867257
vt 0.641309 0.867803
vt 0.631642 0.871157
vt 0.631776 0.869422
vt 0.634985 0.868839
vt 0.470477 0.435954
vt 0.470033 0.430214
vt 0.470152 0.427075
vt 0.761993 0.814651
vt 0.761993 0.862735
vt 0.761975 0.862792
vt 0.761745 0.862984
vt 0.761531 0.863080
vt 0.759347 0.863562
vt 0.758805 0.815292
vt 0.480660 0.447487
vt 0.477407 0.448177
vt 0.472666 0.438685
vt 0.473959 0.444182
vt 0.473282 0.443124
vt 0.472547 0.441808
vt 0.470760 0.437157
vt 0.491993 0.451121
vt 0.490149 0.454077
vt 0.483881 0.452373
vt 0.482756 0.451852
vt 0.480542 0.450597
vt 0.631468 0.864662
vt 0.503627 0.448615
vt 0.499064 0.453445
vt 0.497862 0.453738
vt 0.754823 0.870073
vt 0.758089 0.864662
vt 0.758089 0.871158
vt 0.491382 0.454197
vt 0.669815 0.866426
vt 0.669254 0.865324
vt 0.671743 0.864662
vt 0.512447 0.440639
vt 0.510834 0.445811
vt 0.506062 0.450203
vt 0.631468 0.872381
vt 0.722668 0.870234
vt 0.722555 0.864662
vt 0.723970 0.867210
vt 0.516087 0.429331
vt 0.515022 0.437946
vt 0.514633 0.439117
vt 0.671743 0.872629
vt 0.670341 0.867622
vt 0.718025 0.863470
vt 0.717547 0.863380
vt 0.718978 0.815271
vt 0.716087 0.862882
vt 0.716005 0.814627
vt 0.716015 0.862784
vt 0.722555 0.871157
vt 0.723031 0.864030
vt 0.722329 0.863974
vt 0.727315 0.815745
vt 0.721499 0.863902
vt 0.718978 0.863618
vt 0.729409 0.864413
vt 0.728297 0.864357
vt 0.727315 0.864304
vt 0.735633 0.864631
vt 0.738783 0.815923
vt 0.736869 0.864650
vt 0.750309 0.815757
vt 0.750582 0.864301
vt 0.744563 0.864568
vt 0.743350 0.864603
vt 0.738783 0.864662
vt 0.758740 0.863648
vt 0.754653 0.864047
vt 0.751616 0.864242
vt 0.320474 0.870260
vt 0.319091 0.872987
vt 0.320655 0.865308
vt 0.319344 0.870380
vt 0.319091 0.858809
vt 0.506953 0.552486
vt 0.510208 0.546420
vt 0.509669 0.548870
vt 0.330472 0.878711
vt 0.331444 0.872795
vt 0.333641 0.870121
vt 0.331445 0.871755
vt 0.330472 0.858809
vt 0.498122 0.560778
vt 0.506669 0.555564
vt 0.502367 0.560556
vt 0.754823 0.866964
vt 0.752310 0.867607
vt 0.752312 0.864662
vt 0.501075 0.561612
vt 0.695746 0.867254
vt 0.694031 0.872154
vt 0.693197 0.868717
vt 0.693197 0.861827
vt 0.492467 0.562882
vt 0.498042 0.563561
vt 0.495663 0.564666
vt 0.761993 0.870236
vt 0.759750 0.874212
vt 0.759750 0.864662
vt 0.486483 0.563401
vt 0.489730 0.566118
vt 0.488968 0.566184
vt 0.486375 0.566208
vt 0.482997 0.565780
vt 0.477284 0.563763
vt 0.705221 0.861827
vt 0.705221 0.872902
vt 0.703412 0.867535
vt 0.480578 0.562298
vt 0.475027 0.562432
vt 0.475155 0.559650
vt 0.472542 0.560509
vt 0.468813 0.556289
vt 0.467341 0.553866
vt 0.467173 0.550532
vt 0.467068 0.553333
vt 0.465025 0.547406
vt 0.464987 0.543773
vt 0.464599 0.540856
vt 0.464674 0.538525
vt 0.091972 0.860215
vt 0.091959 0.904658
vt 0.091868 0.904470
vt 0.091183 0.858996
vt 0.090517 0.904267
vt 0.088873 0.858830
vt 0.090135 0.904311
vt 0.088783 0.858838
vt 0.058722 0.905336
vt 0.057294 0.905276
vt 0.057294 0.859292
vt 0.053375 0.905048
vt 0.048956 0.858817
vt 0.049218 0.904688
vt 0.048869 0.858809
vt 0.048809 0.904652
vt 0.046667 0.858971
vt 0.046561 0.904608
vt 0.045983 0.860191
vt 0.046211 0.904717
vt 0.045984 0.905109
vt 0.068762 0.905524
vt 0.067344 0.905520
vt 0.068762 0.859470
vt 0.066111 0.905511
vt 0.059844 0.905377
vt 0.080288 0.859304
vt 0.075026 0.905459
vt 0.073824 0.905483
vt 0.082064 0.905200
vt 0.082027 0.905202
vt 0.084270 0.905056
vt 0.088783 0.904513
vt 0.086834 0.904794
vt 0.086088 0.904883
vt 0.080990 0.905255
vt 0.080288 0.905288
vt 0.012726 0.905386
vt 0.011304 0.905316
vt 0.011305 0.859343
vt 0.002881 0.858860
vt 0.002968 0.858868
vt 0.002607 0.903888
vt 0.002456 0.858824
vt 0.000507 0.903466
vt 0.000178 0.858940
vt 0.002065 0.858809
vt 0.324379 0.862550
vt 0.323233 0.872920
vt 0.323233 0.858809
vt 0.693974 0.561672
vt 0.697520 0.552842
vt 0.697446 0.553870
vt 0.697051 0.556509
vt 0.324782 0.865269
vt 0.324636 0.870021
vt 0.688234 0.814627
vt 0.688743 0.858353
vt 0.680837 0.840405
vt 0.680837 0.832195
vt 0.680999 0.833115
vt 0.000000 0.859435
vt 0.695102 0.562227
vt 0.682399 0.851987
vt 0.679869 0.856217
vt 0.680110 0.853806
vt 0.685143 0.569965
vt 0.693868 0.564459
vt 0.693479 0.565063
vt 0.689146 0.569953
vt 0.677286 0.575243
vt 0.673504 0.572587
vt 0.682683 0.573852
vt 0.720312 0.874212
vt 0.720312 0.864662
vt 0.722555 0.870236
vt 0.679488 0.572069
vt 0.685063 0.572747
vt 0.716005 0.871553
vt 0.716005 0.864662
vt 0.718553 0.870089
vt 0.716836 0.874980
vt 0.688088 0.570804
vt 0.676556 0.575324
vt 0.639181 0.868438
vt 0.636787 0.866376
vt 0.673397 0.575395
vt 0.670580 0.575074
vt 0.664305 0.572950
vt 0.662959 0.572199
vt 0.323233 0.858809
vt 0.323233 0.871392
vt 0.321425 0.864517
vt 0.667599 0.571485
vt 0.661781 0.571438
vt 0.662175 0.568837
vt 0.657167 0.567227
vt 0.656570 0.566484
vt 0.654193 0.559718
vt 0.654090 0.562523
vt 0.653293 0.560750
vt 0.651663 0.554060
vt 0.651583 0.552959
vt 0.681452 0.827511
vt 0.681452 0.839867
vt 0.681016 0.834118
vt 0.652007 0.552959
vt 0.651582 0.550663
vt 0.651695 0.547711
vt 0.045983 0.905184
vt 0.045623 0.904762
vt 0.045983 0.860266
vt 0.045348 0.904689
vt 0.045195 0.859047
vt 0.043052 0.904716
vt 0.042885 0.858881
vt 0.042795 0.858889
vt 0.007430 0.904942
vt 0.006556 0.904804
vt 0.002968 0.903987
vt 0.022774 0.905575
vt 0.021355 0.905571
vt 0.022774 0.859521
vt 0.020177 0.905562
vt 0.013906 0.905430
vt 0.034299 0.859355
vt 0.029038 0.905510
vt 0.027836 0.905533
vt 0.036039 0.905253
vt 0.035002 0.905306
vt 0.034299 0.905339
vt 0.042795 0.904737
vt 0.042458 0.904766
vt 0.038273 0.905115
vt 0.346542 0.860156
vt 0.349133 0.858809
vt 0.352483 0.870470
vt 0.355074 0.869123
vt 0.352483 0.882367
vt 0.355074 0.881021
vt 0.346542 0.892659
vt 0.349133 0.891312
vt 0.134610 0.904797
vt 0.091972 0.904797
vt 0.135254 0.901824
vt 0.092615 0.901824
vt 0.135728 0.893487
vt 0.093090 0.893487
vt 0.135906 0.882018
vt 0.093268 0.882018
vt 0.135740 0.870493
vt 0.093102 0.870493
vt 0.135275 0.861997
vt 0.092636 0.861997
vt 0.134634 0.858809
vt 0.091996 0.858809
vt 0.456151 0.712767
vt 0.456257 0.709982
vt 0.458665 0.724377
vt 0.458771 0.721593
vt 0.466659 0.733179
vt 0.466765 0.730394
vt 0.477992 0.736813
vt 0.478098 0.734029
vt 0.338011 0.860156
vt 0.340602 0.858809
vt 0.343951 0.870471
vt 0.346542 0.869124
vt 0.343951 0.882368
vt 0.346542 0.881021
vt 0.338011 0.892660
vt 0.340602 0.891313
vt 0.178545 0.904797
vt 0.135906 0.904797
vt 0.179188 0.901824
vt 0.136550 0.901824
vt 0.179663 0.893487
vt 0.137024 0.893487
vt 0.179841 0.882018
vt 0.137202 0.882018
vt 0.179675 0.870493
vt 0.137036 0.870493
vt 0.179209 0.861997
vt 0.136571 0.861997
vt 0.178569 0.858809
vt 0.135930 0.858809
vt 0.643172 0.721953
vt 0.643278 0.719169
vt 0.645686 0.733564
vt 0.645791 0.730779
vt 0.653680 0.742365
vt 0.653786 0.739581
vt 0.665012 0.746000
vt 0.665118 0.743216
vt 0.581103 0.831081
vt 0.580497 0.830951
vt 0.581028 0.823919
vt 0.581634 0.824050
vt 0.581646 0.818212
vt 0.582252 0.818342
vt 0.581424 0.918221
vt 0.582030 0.918351
vt 0.582208 0.927314
vt 0.582814 0.927444
vt 0.580765 0.909128
vt 0.581371 0.909258
vt 0.580230 0.900061
vt 0.580836 0.900192
vt 0.579908 0.893178
vt 0.580514 0.893308
vt 0.579659 0.886319
vt 0.580265 0.886449
vt 0.580428 0.843826
vt 0.579822 0.843695
vt 0.580123 0.837274
vt 0.580729 0.837405
vt 0.580069 0.855869
vt 0.579463 0.855739
vt 0.579611 0.849690
vt 0.580217 0.849820
vt 0.579368 0.870876
vt 0.579975 0.871006
vt 0.558456 0.787084
vt 0.558479 0.786493
vt 0.567571 0.787593
vt 0.567594 0.787002
vt 0.540307 0.785700
vt 0.540330 0.785109
vt 0.549383 0.785861
vt 0.549360 0.786452
vt 0.526620 0.784324
vt 0.526643 0.783733
vt 0.533469 0.784456
vt 0.533446 0.785047
vt 0.496317 0.780196
vt 0.496339 0.779605
vt 0.511311 0.781838
vt 0.511289 0.782429
vt 0.484444 0.778139
vt 0.484466 0.777548
vt 0.490371 0.778604
vt 0.490348 0.779195
vt 0.471925 0.775670
vt 0.471947 0.775079
vt 0.478153 0.776343
vt 0.478131 0.776934
vt 0.459271 0.772675
vt 0.459294 0.772084
vt 0.462053 0.772822
vt 0.462031 0.773413
vt 0.464945 0.773532
vt 0.464923 0.774123
vt 0.678674 0.782421
vt 0.680302 0.782034
vt 0.680291 0.782674
vt 0.582814 0.814627
vt 0.582548 0.816280
vt 0.581942 0.816150
vt 0.689522 0.778677
vt 0.512299 0.821376
vt 0.504698 0.814627
vt 0.512605 0.820837
vt 0.517257 0.830126
vt 0.517563 0.829588
vt 0.518562 0.840090
vt 0.518835 0.839549
vt 0.518336 0.843556
vt 0.518642 0.843018
vt 0.518394 0.846553
vt 0.518087 0.847092
vt 0.518145 0.849881
vt 0.517838 0.850420
vt 0.517878 0.853261
vt 0.517571 0.853799
vt 0.517222 0.860886
vt 0.516916 0.861425
vt 0.516480 0.868702
vt 0.516173 0.869241
vt 0.515038 0.882186
vt 0.514732 0.882725
vt 0.513367 0.895906
vt 0.513060 0.896445
vt 0.512719 0.899048
vt 0.513026 0.898509
vt 0.512207 0.904539
vt 0.511900 0.905077
vt 0.511348 0.910554
vt 0.511041 0.911093
vt 0.504698 0.948507
vt 0.505005 0.947968
vt 0.900054 0.351413
vt 0.909105 0.351413
vt 0.899482 0.353155
vt 0.908533 0.353155
vt 0.898992 0.358731
vt 0.908044 0.358731
vt 0.898661 0.367269
vt 0.907713 0.367269
vt 0.898542 0.377435
vt 0.907593 0.377435
vt 0.898482 0.491815
vt 0.907474 0.606195
vt 0.898422 0.606195
vt 0.898531 0.616399
vt 0.907583 0.616399
vt 0.898853 0.625047
vt 0.907905 0.625047
vt 0.899337 0.630786
vt 0.908388 0.630786
vt 0.899907 0.632720
vt 0.908958 0.632720
vt 0.433993 0.640111
vt 0.434016 0.639520
vt 0.433792 0.678055
vt 0.433814 0.677464
vt 0.433941 0.683539
vt 0.433918 0.684130
vt 0.434109 0.689621
vt 0.434087 0.690212
vt 0.434172 0.692835
vt 0.434194 0.692244
vt 0.434767 0.706052
vt 0.434744 0.706644
vt 0.435528 0.719590
vt 0.435505 0.720181
vt 0.457485 0.772154
vt 0.455871 0.771648
vt 0.455909 0.771011
vt 0.457508 0.771563
vt 0.437869 0.749328
vt 0.437924 0.748733
vt 0.440770 0.758942
vt 0.440793 0.758351
vt 0.447079 0.766765
vt 0.447102 0.766173
vt 0.437553 0.745281
vt 0.437531 0.745872
vt 0.437203 0.742344
vt 0.437226 0.741753
vt 0.436627 0.735643
vt 0.436649 0.735052
vt 0.436932 0.738429
vt 0.436910 0.739020
vt 0.436061 0.727422
vt 0.436038 0.728013
vt 0.651248 0.785740
vt 0.645268 0.786213
vt 0.489627 0.734307
vt 0.657650 0.785160
vt 0.663950 0.784510
vt 0.676627 0.782807
vt 0.670952 0.783673
vt 0.690068 0.625284
vt 0.667266 0.700163
vt 0.461573 0.614060
vt 0.655631 0.702669
vt 0.646812 0.710645
vt 0.459792 0.701459
vt 0.502086 0.715023
vt 0.702390 0.751468
vt 0.676647 0.743493
vt 0.703003 0.748135
vt 0.685466 0.735518
vt 0.704337 0.740600
vt 0.436352 0.629417
vt 0.468611 0.693483
vt 0.442430 0.621008
vt 0.480246 0.690977
vt 0.451299 0.615608
vt 0.498446 0.726331
vt 0.686593 0.712599
vt 0.709645 0.705774
vt 0.689107 0.724210
vt 0.707721 0.719460
vt 0.705636 0.732858
vt 0.714995 0.653321
vt 0.711473 0.691103
vt 0.678599 0.703798
vt 0.710752 0.697136
vt 0.709988 0.703172
vt 0.576715 0.787389
vt 0.639230 0.786624
vt 0.624111 0.787378
vt 0.608668 0.787762
vt 0.701772 0.754747
vt 0.701100 0.758227
vt 0.700392 0.761626
vt 0.700141 0.627831
vt 0.708437 0.634074
vt 0.713661 0.643038
vt 0.499573 0.703413
vt 0.491578 0.694611
vt 0.601804 0.787812
vt 0.594912 0.787790
vt 0.585829 0.787651
vt 0.689545 0.778086
vt 0.696593 0.770919
vt 0.691611 0.536304
vt 0.690771 0.535431
vt 0.694465 0.535499
vt 0.703243 0.545162
vt 0.697211 0.547721
vt 0.695343 0.541844
vt 0.704342 0.554739
vt 0.706372 0.563888
vt 0.697773 0.564017
vt 0.700238 0.572555
vt 0.690411 0.574232
vt 0.709882 0.536075
vt 0.714424 0.537773
vt 0.714350 0.548180
vt 0.703303 0.535512
vt 0.709812 0.546045
vt 0.714526 0.551725
vt 0.710790 0.555963
vt 0.717079 0.568428
vt 0.712705 0.565463
vt 0.716392 0.565267
vt 0.715229 0.558527
vt 0.695009 0.541171
vt 0.708745 0.572429
vt 0.715069 0.574333
vt 0.719457 0.577697
vt 0.727141 0.617658
vt 0.708415 0.634665
vt 0.721125 0.609751
vt 0.700118 0.628422
vt 0.718677 0.607335
vt 0.690045 0.625875
vt 0.706579 0.600935
vt 0.713314 0.603478
vt 0.664563 0.598368
vt 0.684770 0.599360
vt 0.698351 0.600027
vt 0.696570 0.771510
vt 0.704644 0.801031
vt 0.670930 0.784264
vt 0.676605 0.783398
vt 0.681418 0.809179
vt 0.678652 0.783012
vt 0.691395 0.806898
vt 0.696480 0.805177
vt 0.714973 0.653912
vt 0.737670 0.650506
vt 0.737417 0.661376
vt 0.729353 0.621353
vt 0.732642 0.628009
vt 0.713639 0.643629
vt 0.716199 0.790616
vt 0.711451 0.691694
vt 0.736857 0.668436
vt 0.737328 0.662662
vt 0.736014 0.638163
vt 0.736759 0.641770
vt 0.737611 0.649252
vt 0.731462 0.685504
vt 0.566283 0.813786
vt 0.571021 0.814002
vt 0.576692 0.787980
vt 0.577086 0.594071
vt 0.611324 0.595752
vt 0.575798 0.620263
vt 0.633794 0.596856
vt 0.656032 0.597948
vt 0.700401 0.762224
vt 0.663928 0.785101
vt 0.666794 0.811170
vt 0.657627 0.785751
vt 0.660157 0.811854
vt 0.651225 0.786331
vt 0.653448 0.812462
vt 0.645245 0.786803
vt 0.647182 0.812957
vt 0.639208 0.787215
vt 0.640863 0.813388
vt 0.624089 0.787970
vt 0.625035 0.814177
vt 0.608645 0.788353
vt 0.608982 0.814575
vt 0.601781 0.788403
vt 0.601839 0.814627
vt 0.594889 0.788381
vt 0.594671 0.814604
vt 0.585806 0.788243
vt 0.585225 0.814460
vt 0.575759 0.814187
vt 0.710729 0.697727
vt 0.733553 0.700529
vt 0.709965 0.703763
vt 0.732769 0.706720
vt 0.709623 0.706366
vt 0.707699 0.720051
vt 0.730447 0.723411
vt 0.705613 0.733449
vt 0.704314 0.741191
vt 0.701077 0.758818
vt 0.701750 0.755338
vt 0.724976 0.756254
vt 0.702367 0.752059
vt 0.702981 0.748726
vt 0.794108 0.375088
vt 0.788539 0.371417
vt 0.788981 0.371336
vt 0.789425 0.371257
vt 0.793184 0.370669
vt 0.807200 0.384620
vt 0.844154 0.415847
vt 0.827639 0.394674
vt 0.862987 0.451520
vt 0.862548 0.449308
vt 0.852905 0.424927
vt 0.856663 0.427299
vt 0.859313 0.436010
vt 0.861326 0.440072
vt 0.791937 0.398678
vt 0.776426 0.384250
vt 0.779056 0.389174
vt 0.776533 0.389262
vt 0.707076 0.801638
vt 0.776683 0.399141
vt 0.776827 0.413673
vt 0.776880 0.420278
vt 0.798900 0.409128
vt 0.863736 0.488869
vt 0.822555 0.452726
vt 0.807941 0.514265
vt 0.777197 0.514001
vt 0.799166 0.478528
vt 0.777198 0.509259
vt 0.777198 0.504517
vt 0.777192 0.495048
vt 0.777179 0.485603
vt 0.777165 0.478440
vt 0.777146 0.471305
vt 0.838833 0.514513
vt 0.818249 0.514349
vt 0.822553 0.483528
vt 0.862830 0.514695
vt 0.844869 0.438705
vt 0.822548 0.423578
vt 0.799072 0.442898
vt 0.777088 0.455281
vt 0.777009 0.439496
vt 0.776970 0.433200
vt 0.776929 0.426958
vt 0.846293 0.615208
vt 0.841132 0.620537
vt 0.844056 0.613106
vt 0.837903 0.623781
vt 0.807064 0.643651
vt 0.829473 0.632015
vt 0.789275 0.656616
vt 0.788389 0.656450
vt 0.793962 0.652916
vt 0.804674 0.654272
vt 0.800312 0.656922
vt 0.795984 0.657517
vt 0.429840 0.787532
vt 0.427357 0.787900
vt 0.428056 0.785999
vt 0.424317 0.798790
vt 0.776722 0.614188
vt 0.791816 0.629399
vt 0.776563 0.628669
vt 0.778925 0.638634
vt 0.776403 0.638496
vt 0.442450 0.794670
vt 0.442213 0.797145
vt 0.432703 0.789631
vt 0.427569 0.805925
vt 0.797342 0.576816
vt 0.819629 0.578347
vt 0.820120 0.611953
vt 0.862152 0.582295
vt 0.863768 0.533858
vt 0.716005 0.865384
vt 0.715022 0.846244
vt 0.716005 0.814627
vt 0.863325 0.565413
vt 0.863171 0.570963
vt 0.777101 0.556673
vt 0.777149 0.542389
vt 0.777188 0.523484
vt 0.776838 0.600940
vt 0.776931 0.588430
vt 0.859970 0.591221
vt 0.856632 0.598610
vt 0.851812 0.605391
vt 0.523713 0.810387
vt 0.492102 0.806081
vt 0.432172 0.595580
vt 0.439157 0.590749
vt 0.451277 0.616199
vt 0.452156 0.797918
vt 0.466513 0.801332
vt 0.419363 0.776035
vt 0.428591 0.782264
vt 0.436329 0.630008
vt 0.414822 0.621736
vt 0.418947 0.612595
vt 0.556814 0.813256
vt 0.537952 0.811818
vt 0.442407 0.621599
vt 0.422870 0.606290
vt 0.430501 0.597141
vt 0.479668 0.803926
vt 0.455821 0.588114
vt 0.461551 0.614651
vt 0.454011 0.588031
vt 0.445870 0.588470
vt 0.410887 0.646627
vt 0.411894 0.633430
vt 0.413504 0.625889
vt 0.414633 0.622276
vt 0.410767 0.652407
vt 0.410930 0.684682
vt 0.411776 0.707758
vt 0.415079 0.752512
vt 0.413999 0.740979
vt 0.414443 0.356661
vt 0.412109 0.358308
vt 0.408127 0.351981
vt 0.404296 0.345238
vt 0.406092 0.344036
vt 0.406576 0.348368
vt 0.555870 0.913989
vt 0.554248 0.920386
vt 0.552932 0.918604
vt 0.551603 0.917296
vt 0.547414 0.916599
vt 0.549429 0.914112
vt 0.555231 0.913445
vt 0.553801 0.912459
vt 0.551286 0.911345
vt 0.551553 0.920682
vt 0.548553 0.920852
vt 0.544924 0.918648
vt 0.635209 0.864662
vt 0.636787 0.870904
vt 0.634985 0.870904
vt 0.416812 0.348462
vt 0.418588 0.351839
vt 0.419087 0.352531
vt 0.419637 0.353181
vt 0.409020 0.343516
vt 0.411697 0.350175
vt 0.409602 0.350934
vt 0.403391 0.347773
vt 0.405597 0.349793
vt 0.415213 0.344822
vt 0.564376 0.907151
vt 0.565224 0.907819
vt 0.559171 0.916017
vt 0.566516 0.908836
vt 0.561412 0.917738
vt 0.422206 0.355177
vt 0.417450 0.362651
vt 0.420847 0.364261
vt 0.419253 0.367349
vt 0.545830 0.914720
vt 0.545439 0.910257
vt 0.425533 0.356491
vt 0.426590 0.361461
vt 0.420104 0.359496
vt 0.418649 0.361149
vt 0.414524 0.360645
vt 0.542629 0.917636
vt 0.711606 0.875564
vt 0.711606 0.861827
vt 0.715022 0.867706
vt 0.439375 0.374610
vt 0.431484 0.370547
vt 0.439637 0.369341
vt 0.432461 0.366673
vt 0.439748 0.367100
vt 0.759750 0.870730
vt 0.758089 0.874133
vt 0.527614 0.908880
vt 0.537948 0.908989
vt 0.535502 0.911941
vt 0.423114 0.368921
vt 0.424601 0.365444
vt 0.428770 0.357166
vt 0.432190 0.357563
vt 0.436304 0.357836
vt 0.440195 0.358031
vt 0.439965 0.362702
vt 0.415817 0.365250
vt 0.542806 0.913947
vt 0.539319 0.913065
vt 0.540884 0.909586
vt 0.557089 0.906224
vt 0.557622 0.902752
vt 0.683174 0.854875
vt 0.682876 0.857058
vt 0.682876 0.853491
vt 0.402184 0.344831
vt 0.555242 0.921360
vt 0.556022 0.920566
vt 0.402776 0.344688
vt 0.404181 0.344276
vt 0.406036 0.343659
vt 0.408271 0.342864
vt 0.413420 0.340936
vt 0.412559 0.337907
vt 0.411793 0.333867
vt 0.406376 0.334296
vt 0.411733 0.333495
vt 0.405793 0.334377
vt 0.402267 0.334807
vt 0.400502 0.334942
vt 0.399956 0.334957
vt 0.399859 0.334957
vt 0.399490 0.334946
vt 0.401833 0.344897
vt 0.558234 0.922269
vt 0.558871 0.921539
vt 0.565655 0.921983
vt 0.565630 0.921947
vt 0.577154 0.901391
vt 0.565883 0.922443
vt 0.579368 0.899596
vt 0.394114 0.295579
vt 0.392344 0.290442
vt 0.394247 0.284086
vt 0.392089 0.281724
vt 0.394179 0.264017
vt 0.396357 0.266214
vt 0.398757 0.318586
vt 0.406162 0.316523
vt 0.409083 0.315610
vt 0.411398 0.331330
vt 0.401697 0.317847
vt 0.400987 0.318040
vt 0.561189 0.923682
vt 0.563031 0.925654
vt 0.395005 0.301737
vt 0.394360 0.300629
vt 0.394952 0.300889
vt 0.395690 0.300992
vt 0.396852 0.318838
vt 0.399242 0.334923
vt 0.398090 0.301043
vt 0.397995 0.301075
vt 0.397703 0.301052
vt 0.396485 0.301458
vt 0.395589 0.301650
vt 0.398113 0.301043
vt 0.399247 0.301020
vt 0.403115 0.300851
vt 0.407580 0.300573
vt 0.404383 0.268286
vt 0.409575 0.269152
vt 0.409199 0.271616
vt 0.433937 0.111584
vt 0.431583 0.120285
vt 0.432432 0.113751
vt 0.430091 0.121187
vt 0.431114 0.116692
vt 0.429816 0.121634
vt 0.434491 0.111011
vt 0.436200 0.109721
vt 0.434128 0.120092
vt 0.438991 0.108570
vt 0.435900 0.120114
vt 0.440404 0.108258
vt 0.437647 0.120164
vt 0.444778 0.111327
vt 0.427516 0.131015
vt 0.427027 0.129915
vt 0.419349 0.158083
vt 0.422006 0.149423
vt 0.420065 0.159968
vt 0.423897 0.145512
vt 0.424071 0.142200
vt 0.425612 0.135962
vt 0.425895 0.137695
vt 0.428447 0.131648
vt 0.433275 0.161996
vt 0.432731 0.164122
vt 0.427443 0.162703
vt 0.435046 0.155128
vt 0.436507 0.149492
vt 0.431165 0.148129
vt 0.428131 0.147289
vt 0.425094 0.162031
vt 0.426077 0.146649
vt 0.423157 0.161431
vt 0.424739 0.146139
vt 0.421710 0.160924
vt 0.420771 0.160520
vt 0.440253 0.134854
vt 0.434922 0.133563
vt 0.431885 0.132763
vt 0.429816 0.132147
vt 0.440552 0.133677
vt 0.732055 0.118527
vt 0.743152 0.140883
vt 0.746641 0.149216
vt 0.745596 0.149975
vt 0.728341 0.141935
vt 0.731171 0.147984
vt 0.735484 0.126478
vt 0.739435 0.133308
vt 0.733988 0.154982
vt 0.738964 0.152992
vt 0.741207 0.152056
vt 0.743097 0.151226
vt 0.744566 0.150528
vt 0.736244 0.123387
vt 0.739998 0.128628
vt 0.740576 0.129525
vt 0.744152 0.135622
vt 0.744962 0.137133
vt 0.749335 0.145978
vt 0.757428 0.165477
vt 0.753528 0.169338
vt 0.762984 0.186926
vt 0.758235 0.190069
vt 0.736306 0.161294
vt 0.738433 0.167730
vt 0.750015 0.192265
vt 0.744523 0.193279
vt 0.740101 0.173449
vt 0.745307 0.172394
vt 0.747617 0.171688
vt 0.753915 0.191449
vt 0.749583 0.171048
vt 0.751138 0.170492
vt 0.756644 0.190727
vt 0.752265 0.170030
vt 0.766291 0.210687
vt 0.763855 0.239339
vt 0.769649 0.286601
vt 0.765483 0.288922
vt 0.768687 0.244055
vt 0.768178 0.234317
vt 0.751704 0.295285
vt 0.751683 0.289771
vt 0.753199 0.294462
vt 0.756987 0.289715
vt 0.758445 0.291527
vt 0.759390 0.289651
vt 0.760525 0.290319
vt 0.761431 0.289555
vt 0.761838 0.289529
vt 0.764214 0.289274
vt 0.762540 0.239806
vt 0.746174 0.203352
vt 0.749446 0.232903
vt 0.748819 0.225642
vt 0.755331 0.240864
vt 0.747147 0.210423
vt 0.751401 0.271712
vt 0.750853 0.255875
vt 0.751559 0.279232
vt 0.750485 0.248470
vt 0.750059 0.241372
vt 0.763943 0.289317
vt 0.761370 0.240059
vt 0.759759 0.240324
vt 0.757722 0.240595
vt 0.763041 0.289428
vt 0.765900 0.371916
vt 0.764416 0.361776
vt 0.766726 0.362705
vt 0.764898 0.344593
vt 0.767705 0.349313
vt 0.765244 0.327415
vt 0.768797 0.325857
vt 0.769371 0.306545
vt 0.769516 0.301123
vt 0.769160 0.313287
vt 0.765427 0.311795
vt 0.765454 0.308638
vt 0.751398 0.324809
vt 0.751667 0.306522
vt 0.757038 0.308876
vt 0.751691 0.302900
vt 0.758391 0.328026
vt 0.751324 0.327992
vt 0.764179 0.308505
vt 0.759416 0.308834
vt 0.761083 0.327960
vt 0.761435 0.308757
vt 0.761847 0.327923
vt 0.763028 0.308646
vt 0.763875 0.327737
vt 0.764362 0.327654
vt 0.765301 0.377045
vt 0.764250 0.372007
vt 0.764186 0.377087
vt 0.764468 0.381025
vt 0.764152 0.382067
vt 0.762384 0.378171
vt 0.760941 0.373574
vt 0.758626 0.384213
vt 0.759793 0.380434
vt 0.760106 0.379066
vt 0.761631 0.383264
vt 0.762514 0.362064
vt 0.761566 0.362140
vt 0.763372 0.344899
vt 0.760494 0.345100
vt 0.759433 0.362229
vt 0.756661 0.362256
vt 0.756095 0.345148
vt 0.750646 0.348414
vt 0.750334 0.355282
vt 0.749979 0.362148
vt 0.750791 0.344854
vt 0.750924 0.341294
vt 0.751143 0.334643
vt 0.749759 0.364601
vt 0.756744 0.380828
vt 0.746930 0.370226
vt 0.749301 0.366507
vt 0.756193 0.370075
vt 0.758890 0.371804
vt 0.754070 0.377231
vt 0.757208 0.384533
vt 0.748044 0.385429
vt 0.747906 0.382467
vt 0.742751 0.372444
vt 0.746673 0.370459
vt 0.746803 0.370344
vt 0.737713 0.385186
vt 0.738210 0.383643
vt 0.746558 0.385447
vt 0.746448 0.379263
vt 0.738315 0.372674
vt 0.738565 0.382016
vt 0.738800 0.377511
vt 0.539497 0.863721
vt 0.541316 0.864643
vt 0.534127 0.872374
vt 0.461406 0.436033
vt 0.470080 0.429493
vt 0.475228 0.455646
vt 0.465077 0.456081
vt 0.452789 0.437690
vt 0.456267 0.456208
vt 0.446649 0.438437
vt 0.449705 0.455927
vt 0.535399 0.861761
vt 0.463029 0.413215
vt 0.453310 0.417279
vt 0.445186 0.420391
vt 0.439775 0.422015
vt 0.527614 0.868578
vt 0.442683 0.438450
vt 0.445145 0.455347
vt 0.478025 0.413951
vt 0.473741 0.418818
vt 0.473092 0.419870
vt 0.470668 0.425876
vt 0.470405 0.427082
vt 0.540034 0.875403
vt 0.547530 0.867870
vt 0.552794 0.873189
vt 0.433579 0.410766
vt 0.450534 0.395415
vt 0.457083 0.403932
vt 0.441108 0.398874
vt 0.447321 0.407909
vt 0.436863 0.399993
vt 0.442956 0.409396
vt 0.433125 0.400507
vt 0.439157 0.410383
vt 0.536674 0.884148
vt 0.531543 0.880040
vt 0.545191 0.879858
vt 0.427418 0.399670
vt 0.565832 0.843463
vt 0.564321 0.854366
vt 0.562727 0.866228
vt 0.566563 0.836013
vt 0.426700 0.424188
vt 0.427860 0.438531
vt 0.442374 0.381864
vt 0.425713 0.373051
vt 0.432835 0.383434
vt 0.534358 0.908021
vt 0.531291 0.897232
vt 0.540685 0.897085
vt 0.549278 0.894348
vt 0.556931 0.889750
vt 0.555888 0.880578
vt 0.560287 0.884447
vt 0.436371 0.390883
vt 0.445790 0.388515
vt 0.548253 0.886225
vt 0.539694 0.889820
vt 0.428264 0.391377
vt 0.530372 0.890447
vt 0.424488 0.383020
vt 0.587161 0.388976
vt 0.586829 0.395656
vt 0.586469 0.402926
vt 0.586076 0.410875
vt 0.585665 0.419239
vt 0.509610 0.415503
vt 0.505459 0.412090
vt 0.504499 0.411506
vt 0.503409 0.410919
vt 0.489546 0.408697
vt 0.488323 0.408914
vt 0.497263 0.408837
vt 0.496034 0.408640
vt 0.494125 0.408467
vt 0.481154 0.411703
vt 0.482213 0.411106
vt 0.703955 0.581475
vt 0.693191 0.583368
vt 0.692282 0.580447
vt 0.716351 0.580148
vt 0.710582 0.578527
vt 0.703055 0.578590
vt 0.721223 0.583801
vt 0.722080 0.586669
vt 0.717228 0.583008
vt 0.711471 0.581393
vt 0.694232 0.586711
vt 0.704984 0.584776
vt 0.712489 0.584672
vt 0.718231 0.586281
vt 0.723062 0.589949
vt 0.718951 0.476488
vt 0.716037 0.506898
vt 0.715432 0.476717
vt 0.711508 0.506184
vt 0.714356 0.476744
vt 0.711029 0.476713
vt 0.704943 0.505813
vt 0.705801 0.476427
vt 0.696126 0.505429
vt 0.699002 0.475812
vt 0.685990 0.504683
vt 0.688906 0.474662
vt 0.684466 0.531009
vt 0.685623 0.531601
vt 0.687014 0.532426
vt 0.707648 0.425230
vt 0.717251 0.414100
vt 0.726137 0.419473
vt 0.715523 0.429763
vt 0.730111 0.421559
vt 0.723151 0.433914
vt 0.733578 0.423030
vt 0.724506 0.434599
vt 0.736455 0.423832
vt 0.728474 0.436400
vt 0.624515 0.852746
vt 0.618337 0.857547
vt 0.614647 0.854241
vt 0.622735 0.850925
vt 0.608113 0.845919
vt 0.616572 0.842249
vt 0.593679 0.834046
vt 0.594118 0.823077
vt 0.594930 0.814627
vt 0.622330 0.840246
vt 0.303649 0.882238
vt 0.303649 0.858809
vt 0.311129 0.870066
vt 0.683183 0.855153
vt 0.685165 0.856053
vt 0.723139 0.456124
vt 0.739588 0.447054
vt 0.737413 0.461354
vt 0.733561 0.502169
vt 0.733458 0.625162
vt 0.738860 0.664696
vt 0.744007 0.651174
vt 0.739118 0.664202
vt 0.742963 0.655453
vt 0.743831 0.640750
vt 0.744327 0.648329
vt 0.727727 0.616307
vt 0.728176 0.616882
vt 0.731144 0.621213
vt 0.698225 0.599651
vt 0.696865 0.595213
vt 0.695706 0.591465
vt 0.695451 0.590641
vt 0.579234 0.550011
vt 0.579719 0.540121
vt 0.659962 0.533968
vt 0.655585 0.538727
vt 0.655226 0.539265
vt 0.654951 0.539702
vt 0.652424 0.545476
vt 0.578321 0.568726
vt 0.578768 0.559544
vt 0.652097 0.546786
vt 0.417279 0.587773
vt 0.432174 0.575661
vt 0.407463 0.620924
vt 0.418417 0.609676
vt 0.409151 0.648484
vt 0.405439 0.635657
vt 0.405341 0.634531
vt 0.407149 0.643160
vt 0.405605 0.628460
vt 0.424985 0.601439
vt 0.421960 0.604888
vt 0.421084 0.606008
vt 0.436810 0.572704
vt 0.443237 0.571445
vt 0.451644 0.572491
vt 0.461217 0.575261
vt 0.444916 0.524602
vt 0.426830 0.531875
vt 0.445046 0.521773
vt 0.428620 0.490804
vt 0.445877 0.488562
vt 0.428735 0.464644
vt 0.476000 0.489397
vt 0.465836 0.490229
vt 0.475206 0.523149
vt 0.472933 0.524789
vt 0.467005 0.524493
vt 0.457015 0.489944
vt 0.450444 0.489355
vt 0.449602 0.522781
vt 0.464975 0.524375
vt 0.459907 0.524020
vt 0.454344 0.523476
vt 0.471044 0.526517
vt 0.470265 0.527356
vt 0.463492 0.526982
vt 0.455316 0.526319
vt 0.449223 0.525501
vt 0.445837 0.559940
vt 0.441514 0.561098
vt 0.444405 0.552949
vt 0.436801 0.564059
vt 0.448017 0.559769
vt 0.450811 0.552124
vt 0.451225 0.559865
vt 0.453334 0.543922
vt 0.456502 0.560660
vt 0.467475 0.559777
vt 0.457410 0.560855
vt 0.466151 0.563216
vt 0.466750 0.532678
vt 0.466329 0.533619
vt 0.463968 0.536038
vt 0.464746 0.539446
vt 0.462037 0.544782
vt 0.468206 0.530067
vt 0.455182 0.535251
vt 0.443725 0.538488
vt 0.448661 0.534940
vt 0.443135 0.542108
vt 0.446909 0.544180
vt 0.440878 0.551806
vt 0.439025 0.557791
vt 0.420659 0.575701
vt 0.423531 0.562266
vt 0.425565 0.547452
vt 0.510134 0.538312
vt 0.508123 0.532303
vt 0.507743 0.531573
vt 0.503793 0.526297
vt 0.510496 0.543734
vt 0.510408 0.540229
vt 0.507237 0.554639
vt 0.582930 0.474840
vt 0.581369 0.506573
vt 0.577092 0.507646
vt 0.576389 0.507979
vt 0.573412 0.510068
vt 0.569389 0.517751
vt 0.570744 0.513568
vt 0.571350 0.512530
vt 0.499992 0.523240
vt 0.498595 0.522411
vt 0.497495 0.521847
vt 0.490074 0.519723
vt 0.488659 0.519610
vt 0.491300 0.519893
vt 0.483580 0.519922
vt 0.482368 0.520166
vt 0.477024 0.522112
vt 0.476306 0.522495
vt 0.475244 0.523125
vt 0.515994 0.431545
vt 0.515972 0.430310
vt 0.503509 0.451725
vt 0.505026 0.450875
vt 0.511589 0.444835
vt 0.512328 0.443762
vt 0.515968 0.432471
vt 0.514763 0.423949
vt 0.514331 0.422790
vt 0.513453 0.420878
vt 0.511077 0.417186
vt 0.510284 0.416235
vt 0.665045 0.423138
vt 0.660614 0.428233
vt 0.657938 0.434132
vt 0.657625 0.435326
vt 0.689924 0.467527
vt 0.690530 0.460911
vt 0.691357 0.460466
vt 0.595528 0.519235
vt 0.677094 0.528910
vt 0.595519 0.520271
vt 0.675680 0.528796
vt 0.670601 0.529109
vt 0.669388 0.529353
vt 0.664045 0.531298
vt 0.593439 0.526723
vt 0.594919 0.523590
vt 0.662264 0.532312
vt 0.663327 0.531682
vt 0.678268 0.529070
vt 0.594656 0.514924
vt 0.594082 0.513646
vt 0.589017 0.508320
vt 0.589513 0.508624
vt 0.592401 0.511144
vt 0.584887 0.506772
vt 0.583037 0.506550
vt 0.696500 0.456511
vt 0.701070 0.463674
vt 0.697340 0.455603
vt 0.716092 0.466088
vt 0.709698 0.465298
vt 0.719184 0.455741
vt 0.702360 0.435103
vt 0.702067 0.434024
vt 0.704772 0.429573
vt 0.699349 0.452942
vt 0.700877 0.450177
vt 0.704775 0.451941
vt 0.710179 0.440871
vt 0.702994 0.441539
vt 0.713163 0.454417
vt 0.718252 0.444177
vt 0.723778 0.445957
vt 0.631468 0.847057
vt 0.627642 0.848816
vt 0.725568 0.449802
vt 0.697927 0.426159
vt 0.696631 0.424689
vt 0.701694 0.432878
vt 0.700474 0.430064
vt 0.698679 0.427142
vt 0.692479 0.421276
vt 0.691519 0.420693
vt 0.690430 0.420105
vt 0.684284 0.418023
vt 0.683055 0.417827
vt 0.681146 0.417654
vt 0.676567 0.417883
vt 0.675344 0.418101
vt 0.668174 0.420889
vt 0.669233 0.420293
vt 0.725699 0.404942
vt 0.731965 0.396088
vt 0.607490 0.861078
vt 0.600519 0.854213
vt 0.730589 0.414076
vt 0.738212 0.416772
vt 0.596637 0.866774
vt 0.606358 0.873408
vt 0.612202 0.875613
vt 0.615560 0.865899
vt 0.617037 0.876514
vt 0.745357 0.399175
vt 0.742534 0.410583
vt 0.734708 0.408732
vt 0.618613 0.862452
vt 0.595786 0.881797
vt 0.595784 0.883456
vt 0.594000 0.881835
vt 0.593679 0.870777
vt 0.593754 0.873847
vt 0.595820 0.878865
vt 0.595806 0.879693
vt 0.617918 0.889561
vt 0.616043 0.889125
vt 0.622732 0.886494
vt 0.738505 0.388927
vt 0.736399 0.388033
vt 0.743963 0.388854
vt 0.749639 0.386719
vt 0.679288 0.861522
vt 0.679288 0.873646
vt 0.678246 0.864852
vt 0.602821 0.882860
vt 0.602205 0.888474
vt 0.605415 0.889979
vt 0.611086 0.885184
vt 0.608931 0.890895
vt 0.610506 0.891095
vt 0.735975 0.388815
vt 0.751216 0.387352
vt 0.697469 0.861827
vt 0.697469 0.872309
vt 0.695816 0.863625
vt 0.718553 0.866626
vt 0.720312 0.864662
vt 0.719515 0.871991
vt 0.720312 0.874606
vt 0.735779 0.389170
vt 0.745518 0.390737
vt 0.631262 0.875959
vt 0.620476 0.885129
vt 0.587514 0.381887
vt 0.587776 0.376618
vt 0.587887 0.374377
vt 0.588104 0.369978
vt 0.461677 0.359086
vt 0.479639 0.359968
vt 0.516962 0.361802
vt 0.535077 0.362691
vt 0.588334 0.365307
vt 0.659708 0.368813
vt 0.697030 0.370646
vt 0.714990 0.371529
vt 0.641591 0.367923
vt 0.716918 0.337375
vt 0.708011 0.342849
vt 0.722979 0.328866
vt 0.704627 0.157100
vt 0.696456 0.151156
vt 0.686640 0.148730
vt 0.599193 0.144435
vt 0.709945 0.165682
vt 0.711734 0.170622
vt 0.713327 0.175476
vt 0.716180 0.185963
vt 0.717399 0.191448
vt 0.718662 0.197940
vt 0.725422 0.299118
vt 0.725233 0.318672
vt 0.722652 0.228069
vt 0.720175 0.207174
vt 0.719452 0.202531
vt 0.725283 0.279671
vt 0.721924 0.220870
vt 0.721079 0.213742
vt 0.720641 0.210448
vt 0.725129 0.272368
vt 0.725214 0.276018
vt 0.724900 0.264690
vt 0.724599 0.257035
vt 0.724431 0.253463
vt 0.724245 0.249897
vt 0.723792 0.242417
vt 0.723249 0.234976
vt 0.722962 0.231517
vt 0.466965 0.148230
vt 0.476555 0.141124
vt 0.488308 0.138988
vt 0.461519 0.158840
vt 0.435464 0.274446
vt 0.435930 0.270629
vt 0.410369 0.264336
vt 0.436084 0.269794
vt 0.407473 0.298254
vt 0.434738 0.286049
vt 0.407892 0.282326
vt 0.436242 0.268941
vt 0.417815 0.227076
vt 0.446730 0.220305
vt 0.419370 0.220060
vt 0.420187 0.216428
vt 0.422751 0.205233
vt 0.424380 0.198268
vt 0.427904 0.183540
vt 0.429599 0.176620
vt 0.401414 0.300102
vt 0.395279 0.283773
vt 0.394336 0.300259
vt 0.396338 0.283977
vt 0.397885 0.284175
vt 0.402314 0.284528
vt 0.404255 0.268264
vt 0.399903 0.284360
vt 0.401871 0.267826
vt 0.399879 0.267416
vt 0.398355 0.267047
vt 0.397315 0.266726
vt 0.397014 0.266607
vt 0.414897 0.215280
vt 0.407140 0.212862
vt 0.408044 0.213411
vt 0.412532 0.214725
vt 0.410561 0.214219
vt 0.409059 0.213778
vt 0.405956 0.207873
vt 0.429706 0.116244
vt 0.430499 0.114841
vt 0.426197 0.123459
vt 0.422541 0.134443
vt 0.421624 0.138187
vt 0.420203 0.143911
vt 0.419560 0.146320
vt 0.417096 0.154720
vt 0.403380 0.205131
vt 0.396840 0.234152
vt 0.393191 0.299124
vt 0.389940 0.294040
vt 0.389087 0.279430
vt 0.567430 0.883279
vt 0.571022 0.851882
vt 0.571277 0.849582
vt 0.572419 0.838350
vt 0.572929 0.829386
vt 0.572773 0.823808
vt 0.572326 0.820910
vt 0.566316 0.832609
vt 0.426657 0.531002
vt 0.428523 0.485728
vt 0.572369 0.814627
vt 0.566019 0.828895
vt 0.566479 0.825879
vt 0.425381 0.546549
vt 0.423310 0.561271
vt 0.420418 0.574556
vt 0.417049 0.586520
vt 0.406227 0.622989
vt 0.297866 0.892388
vt 0.298145 0.880861
vt 0.303214 0.891185
vt 0.298696 0.872362
vt 0.303474 0.887130
vt 0.303649 0.881697
vt 0.302851 0.874418
vt 0.298741 0.863864
vt 0.302582 0.873376
vt 0.297866 0.858809
vt 0.404122 0.636817
vt 0.404236 0.631543
vt 0.448398 0.104142
vt 0.447763 0.104291
vt 0.447394 0.108097
vt 0.446599 0.104245
vt 0.446626 0.104207
vt 0.446706 0.104176
vt 0.447042 0.104126
vt 0.446601 0.104230
vt 0.446608 0.104221
vt 0.436831 0.105611
vt 0.438214 0.105079
vt 0.438840 0.107133
vt 0.441320 0.104420
vt 0.439720 0.107774
vt 0.442359 0.109647
vt 0.434397 0.109664
vt 0.436361 0.108425
vt 0.439263 0.107439
vt 0.433814 0.111503
vt 0.433611 0.110360
vt 0.433937 0.111584
vt 0.433911 0.110078
vt 0.431114 0.116691
vt 0.431960 0.112371
vt 0.435105 0.106610
vt 0.431822 0.110440
vt 0.433091 0.108563
vt 0.434675 0.106939
vt 0.430180 0.115397
vt 0.430503 0.112674
vt 0.441301 0.098217
vt 0.450648 0.100397
vt 0.446212 0.097972
vt 0.454463 0.092428
vt 0.449206 0.091898
vt 0.441058 0.092474
vt 0.437579 0.099709
vt 0.446404 0.079277
vt 0.448583 0.078691
vt 0.444585 0.091596
vt 0.438585 0.094310
vt 0.433316 0.106461
vt 0.455565 0.080225
vt 0.451609 0.078926
vt 0.434822 0.097279
vt 0.436721 0.092508
vt 0.436853 0.095455
vt 0.441985 0.081162
vt 0.444307 0.076741
vt 0.453853 0.067028
vt 0.451593 0.064272
vt 0.459988 0.051464
vt 0.462425 0.054318
vt 0.431157 0.108330
vt 0.473455 0.061913
vt 0.465142 0.074179
vt 0.461675 0.079662
vt 0.464621 0.054068
vt 0.475819 0.058605
vt 0.469452 0.055221
vt 0.467870 0.054636
vt 0.466750 0.054328
vt 0.464819 0.054071
vt 0.477152 0.056643
vt 0.473188 0.053822
vt 0.470746 0.052023
vt 0.467836 0.049687
vt 0.468866 0.050556
vt 0.479244 0.054127
vt 0.466476 0.048815
vt 0.469473 0.048033
vt 0.472329 0.048997
vt 0.483422 0.049614
vt 0.480459 0.046210
vt 0.485857 0.042104
vt 0.488399 0.045675
vt 0.491899 0.038838
vt 0.494287 0.042546
vt 0.485896 0.032441
vt 0.487660 0.033735
vt 0.481152 0.035106
vt 0.480826 0.037603
vt 0.475174 0.039538
vt 0.474742 0.042440
vt 0.468167 0.046719
vt 0.489655 0.035804
vt 0.483159 0.039348
vt 0.477354 0.043799
vt 0.461440 0.049351
vt 0.466725 0.042045
vt 0.471644 0.035954
vt 0.474176 0.033087
vt 0.479132 0.027950
vt 0.480590 0.026546
vt 0.486382 0.023895
vt 0.486538 0.021261
vt 0.495191 0.028627
vt 0.493609 0.022489
vt 0.502536 0.017977
vt 0.512986 0.014409
vt 0.512346 0.023897
vt 0.507568 0.016051
vt 0.504852 0.025738
vt 0.501769 0.026582
vt 0.519662 0.004441
vt 0.525403 0.003450
vt 0.518801 0.013052
vt 0.525027 0.011916
vt 0.524600 0.021390
vt 0.514413 0.005673
vt 0.512026 0.006379
vt 0.506979 0.008232
vt 0.502074 0.010551
vt 0.487760 0.020254
vt 0.495413 0.014548
vt 0.501055 0.011099
vt 0.525405 0.023246
vt 0.509255 0.033194
vt 0.510957 0.037162
vt 0.502494 0.039535
vt 0.506173 0.027429
vt 0.496753 0.030171
vt 0.498499 0.032461
vt 0.500441 0.035677
vt 0.507638 0.029855
vt 0.527219 0.029325
vt 0.526278 0.025833
vt 0.528195 0.033440
vt 0.519408 0.035183
vt 0.512425 0.036795
vt 0.597723 0.017396
vt 0.606593 0.018231
vt 0.606237 0.020130
vt 0.547172 0.030730
vt 0.546574 0.026581
vt 0.545437 0.020409
vt 0.565662 0.018904
vt 0.565889 0.021564
vt 0.566331 0.029277
vt 0.566114 0.025115
vt 0.545989 0.023047
vt 0.585736 0.024940
vt 0.585873 0.021397
vt 0.585970 0.018742
vt 0.585571 0.029095
vt 0.586035 0.016805
vt 0.605319 0.026263
vt 0.605816 0.022750
vt 0.565435 0.016962
vt 0.544919 0.018492
vt 0.573109 0.008343
vt 0.548025 0.009320
vt 0.620439 0.020342
vt 0.598104 0.009293
vt 0.598499 0.000886
vt 0.606772 0.001709
vt 0.620876 0.011729
vt 0.621258 0.003919
vt 0.590873 0.000362
vt 0.536941 0.001926
vt 0.553608 0.000506
vt 0.563840 0.000050
vt 0.581745 0.000000
vt 0.617159 0.032245
vt 0.618117 0.028172
vt 0.619003 0.024720
vt 0.619772 0.022168
vt 0.658644 0.025781
vt 0.658263 0.033511
vt 0.649206 0.029297
vt 0.624692 0.004627
vt 0.630881 0.006261
vt 0.630154 0.022598
vt 0.636369 0.008241
vt 0.635007 0.024024
vt 0.639454 0.009607
vt 0.639847 0.025644
vt 0.658784 0.022404
vt 0.652033 0.017153
vt 0.648839 0.014943
vt 0.639873 0.025653
vt 0.644261 0.012119
vt 0.641299 0.010516
vt 0.656626 0.034887
vt 0.638706 0.027280
vt 0.634169 0.036830
vt 0.635827 0.032921
vt 0.637365 0.029643
vt 0.650268 0.043671
vt 0.652589 0.040015
vt 0.654744 0.036995
vt 0.678702 0.059689
vt 0.675121 0.062598
vt 0.667765 0.055277
vt 0.662674 0.035911
vt 0.666370 0.038170
vt 0.666925 0.040868
vt 0.670689 0.041157
vt 0.677574 0.046823
vt 0.664756 0.042701
vt 0.662224 0.045470
vt 0.692109 0.065186
vt 0.684534 0.056383
vt 0.689283 0.066005
vt 0.681914 0.057522
vt 0.685778 0.067850
vt 0.681856 0.070436
vt 0.659469 0.048904
vt 0.670949 0.052088
vt 0.673834 0.049611
vt 0.676242 0.048123
vt 0.684809 0.054054
vt 0.665232 0.028052
vt 0.667968 0.030632
vt 0.677509 0.040417
vt 0.675339 0.038094
vt 0.671471 0.034089
vt 0.681259 0.044548
vt 0.683539 0.047120
vt 0.697048 0.063070
vt 0.690047 0.054673
vt 0.687374 0.051538
vt 0.708795 0.077645
vt 0.703426 0.076519
vt 0.714599 0.085086
vt 0.730726 0.108088
vt 0.727940 0.107112
vt 0.768525 0.378678
vt 0.764991 0.378811
vt 0.769662 0.377622
vt 0.767449 0.353175
vt 0.771919 0.351155
vt 0.769149 0.313638
vt 0.773527 0.313316
vt 0.769421 0.304822
vt 0.773659 0.304523
vt 0.769606 0.296257
vt 0.773727 0.294923
vt 0.773726 0.284873
vt 0.769551 0.274752
vt 0.773123 0.251998
vt 0.768808 0.246848
vt 0.772225 0.232802
vt 0.771765 0.225771
vt 0.767425 0.223250
vt 0.769821 0.204658
vt 0.765545 0.204053
vt 0.759410 0.158527
vt 0.761448 0.164136
vt 0.757428 0.165477
vt 0.764526 0.174335
vt 0.763366 0.170157
vt 0.758745 0.156821
vt 0.749955 0.137351
vt 0.748303 0.143798
vt 0.743872 0.126151
vt 0.743234 0.133968
vt 0.744834 0.127785
vt 0.746955 0.131584
vt 0.737999 0.125716
vt 0.741551 0.122462
vt 0.742070 0.123254
vt 0.735175 0.122062
vt 0.738381 0.118050
vt 0.739214 0.119139
vt 0.703146 0.102434
vt 0.699603 0.094058
vt 0.718703 0.106787
vt 0.715116 0.104845
vt 0.711336 0.103519
vt 0.726566 0.113137
s 1
f 230/1/1 232/3/3 231/2/2
f 263/4/4 265/6/6 264/5/5
f 421/7/7 423/9/9 422/8/8
f 421/7/7 424/10/10 423/9/9
f 280/11/11 283/12/12 424/10/10
f 423/9/9 441/14/14 440/13/13
f 449/15/15 440/13/13 441/14/14
f 526/16/16 510/18/18 511/17/17
s 0
f 520/19/19 521/21/19 546/20/19
s 1
f 627/22/20 628/24/22 618/23/21
f 513/25/23 514/27/25 708/26/24
f 514/27/25 709/28/26 708/26/24
f 801/29/27 758/31/29 757/30/28
f 757/30/28 756/32/30 801/29/27
f 802/33/31 804/35/33 803/34/32
f 804/35/33 805/36/34 803/34/32
f 804/35/33 806/37/35 805/36/34
f 807/38/36 802/33/38 808/39/37
f 804/35/33 756/32/39 809/40/39
s 0
f 804/35/40 802/33/40 756/32/40
s 1
f 802/33/38 801/29/27 756/32/41
f 802/33/38 807/38/36 801/29/27
f 807/38/36 758/31/29 801/29/27
f 807/38/36 810/41/42 758/31/29
f 810/41/42 760/42/43 758/31/29
f 810/41/42 811/43/44 760/42/43
f 811/43/44 812/44/45 760/42/43
f 842/45/46 777/47/48 843/46/47
f 835/48/49 845/50/51 844/49/50
f 845/50/51 846/51/52 844/49/50
f 847/52/53 849/54/55 848/53/54
f 849/54/55 845/50/51 848/53/54
f 849/54/55 850/55/56 845/50/51
f 850/55/56 846/51/52 845/50/51
f 842/45/46 851/56/57 777/47/48
f 851/56/57 778/57/58 777/47/48
f 851/56/57 852/58/59 778/57/58
f 852/58/59 780/59/60 778/57/58
f 852/58/59 845/50/51 780/59/60
f 845/50/51 779/60/61 780/59/60
f 845/50/51 835/48/49 779/60/61
f 869/61/62 882/63/64 868/62/63
f 869/61/62 875/64/65 882/63/64
f 882/63/64 875/64/65 883/65/66
f 875/64/65 811/43/44 883/65/66
f 875/64/65 812/44/45 811/43/44
f 884/66/67 808/39/69 885/67/68
f 884/66/67 886/68/70 808/39/69
f 886/68/70 807/38/71 808/39/69
f 886/68/70 887/69/72 807/38/71
f 887/69/72 810/41/73 807/38/71
f 887/69/72 888/70/74 810/41/73
f 888/70/74 811/43/75 810/41/73
f 888/70/74 889/71/76 811/43/75
f 802/33/38 890/72/77 808/39/37
f 890/72/77 891/73/78 808/39/37
f 890/72/77 892/74/79 891/73/78
f 892/74/79 893/75/80 891/73/78
f 892/74/79 894/76/81 893/75/80
f 894/76/81 895/77/82 893/75/80
f 894/76/81 896/78/83 895/77/82
s 0
f 896/78/84 897/79/84 895/77/84
s 1
f 919/80/85 921/82/87 920/81/86
f 921/82/87 922/83/88 920/81/86
f 921/82/87 923/84/89 922/83/88
f 923/84/89 924/85/90 922/83/88
f 923/84/89 925/86/91 924/85/90
f 925/86/91 926/87/92 924/85/90
f 925/86/91 927/88/93 926/87/92
f 848/53/54 926/87/92 847/52/53
f 926/87/92 928/89/94 847/52/53
f 926/87/92 927/88/93 928/89/94
f 845/50/95 929/90/97 848/53/96
f 930/91/98 842/45/100 931/92/99
f 929/90/97 845/50/95 932/93/101
f 845/50/95 933/94/102 932/93/101
f 845/50/95 852/58/103 933/94/102
f 852/58/103 930/91/98 933/94/102
f 852/58/103 851/56/104 930/91/98
f 851/56/104 842/45/100 930/91/98
f 842/45/46 843/46/47 934/95/105
f 843/46/47 935/96/106 934/95/105
f 935/96/106 936/97/107 934/95/105
f 936/97/107 937/98/108 934/95/105
f 936/97/107 938/99/109 937/98/108
f 944/100/110 946/102/112 945/101/111
f 877/103/113 876/105/115 962/104/114
f 876/105/115 963/106/116 962/104/114
f 876/105/115 872/107/117 963/106/116
f 881/108/118 878/110/120 964/109/119
f 878/110/120 965/111/121 964/109/119
f 878/110/120 877/103/113 965/111/121
f 877/103/113 966/112/122 965/111/121
f 877/103/113 962/104/114 966/112/122
f 962/104/114 963/106/116 967/113/123
f 963/106/116 968/114/124 967/113/123
f 963/106/116 872/107/117 968/114/124
f 872/107/117 871/115/125 968/114/124
f 871/115/125 969/116/126 968/114/124
f 871/115/125 870/117/127 969/116/126
f 970/118/128 972/120/130 971/119/129
f 969/116/126 870/117/127 973/121/131
f 870/117/127 970/118/128 973/121/131
f 870/117/127 873/122/132 970/118/128
f 873/122/132 972/120/130 970/118/128
f 873/122/132 874/123/133 972/120/130
f 971/119/129 972/120/130 882/63/64
f 972/120/130 868/62/63 882/63/64
f 972/120/130 874/123/133 868/62/63
f 984/124/134 882/63/136 689/125/135
f 882/63/136 688/126/137 689/125/135
f 882/63/136 883/65/138 688/126/137
f 688/126/137 883/65/138 687/127/139
f 883/65/138 985/128/140 687/127/139
f 883/65/138 986/129/141 985/128/140
f 986/129/141 883/65/138 987/130/142
f 883/65/138 988/131/143 987/130/142
f 883/65/138 989/132/144 988/131/143
f 989/132/144 883/65/138 990/133/145
f 883/65/138 991/134/146 990/133/145
f 883/65/138 811/43/75 991/134/146
f 811/43/75 992/135/147 991/134/146
f 992/135/147 811/43/75 993/136/148
f 811/43/75 994/137/149 993/136/148
f 811/43/75 889/71/76 994/137/149
f 889/138/150 995/140/152 994/139/151
f 1001/141/153 1003/143/155 1002/142/154
f 1001/141/153 1004/144/156 1003/143/155
f 1004/144/156 1005/145/157 1003/143/155
f 1004/144/156 1006/146/158 1005/145/157
f 1002/142/154 1007/147/159 1001/141/153
f 1007/147/159 897/79/160 1001/141/153
f 1007/147/161 1008/148/163 897/79/162
f 897/79/162 1008/148/163 895/77/164
f 1008/148/165 893/75/166 895/77/164
f 1008/148/165 1009/149/167 893/75/166
f 1009/149/167 891/73/168 893/75/166
f 1009/149/169 1010/150/170 891/73/168
f 885/67/68 808/39/69 1011/151/171
f 808/39/69 1012/152/172 1011/151/171
f 808/39/69 891/73/168 1012/152/172
f 891/73/168 1013/153/173 1012/152/172
f 891/73/168 1010/150/170 1013/153/173
f 1037/154/174 924/85/176 1038/155/175
f 1039/156/177 848/53/96 929/90/178
f 1039/156/177 1038/155/175 848/53/96
f 1038/155/175 926/87/179 848/53/96
f 1038/155/175 924/85/176 926/87/179
f 1037/154/174 1040/157/181 924/85/180
f 1040/157/181 922/83/182 924/85/180
f 1040/157/181 1041/158/183 922/83/182
f 1041/158/183 920/81/184 922/83/182
f 1041/158/183 1042/159/185 920/81/184
f 1042/159/185 919/80/186 920/81/184
f 1042/159/185 1043/160/187 919/80/186
f 1043/160/187 1044/161/188 919/80/186
f 1043/160/187 1045/162/189 1044/161/188
f 1045/162/189 1046/163/190 1044/161/188
f 1045/162/189 1047/164/191 1046/163/190
f 1047/164/191 1048/165/192 1046/163/190
f 1047/164/191 1049/166/193 1048/165/192
f 933/167/194 1050/169/196 932/168/195
f 1051/170/197 931/172/199 1052/171/198
f 930/173/200 931/172/199 1051/170/197
f 1050/169/196 933/167/194 1053/174/201
f 933/167/194 930/173/200 1053/174/201
f 1054/175/202 1052/176/204 934/95/203
f 1052/176/204 842/45/100 934/95/203
f 1052/176/204 931/92/99 842/45/100
f 1054/175/202 934/95/203 1055/177/205
f 934/95/203 1056/178/206 1055/177/205
f 934/95/203 937/98/207 1056/178/206
f 937/98/207 1057/179/208 1056/178/206
f 937/98/209 1058/180/210 1057/179/208
f 1059/181/211 937/98/108 939/182/212
f 937/98/108 938/99/109 939/182/212
f 1060/183/213 1061/185/215 941/184/214
f 1061/185/215 940/186/216 941/184/214
f 1061/185/215 1062/187/217 940/186/216
f 1062/187/217 939/182/212 940/186/216
f 1062/187/217 1059/181/211 939/182/212
f 1063/188/218 1060/183/213 943/189/219
f 1060/183/213 942/190/220 943/189/219
f 1060/183/213 941/184/214 942/190/220
f 1064/191/221 1063/188/218 947/192/222
f 1063/188/218 943/189/219 947/192/223
f 1065/193/224 1064/191/221 945/101/225
f 1064/191/221 944/100/226 945/101/225
s 0
f 1064/191/221 947/192/223 944/100/226
s 1
f 946/102/112 1066/194/227 945/101/111
f 964/109/119 1075/195/228 881/108/118
f 1075/195/228 982/196/229 881/108/118
f 1075/195/228 1076/197/230 982/196/229
f 1076/197/230 980/198/231 982/196/229
f 1076/197/230 1077/199/232 980/198/231
f 1077/199/232 978/200/233 980/198/231
f 1077/199/232 1078/201/234 978/200/233
f 1078/201/234 976/202/235 978/200/233
f 1078/201/234 1079/203/236 976/202/235
f 1079/203/236 975/204/237 976/202/235
f 1079/203/236 1080/205/238 975/204/237
f 1081/206/239 966/112/241 962/104/240
f 1082/207/242 1084/209/244 1083/208/243
f 1082/207/242 1085/210/245 1084/209/244
f 1085/210/245 1086/211/246 1084/209/244
f 1085/210/245 1087/212/247 1086/211/246
f 1081/206/239 1088/213/248 966/112/241
f 1084/209/244 1086/211/246 1089/214/249
f 1086/211/246 1090/215/250 1089/214/249
f 1086/211/246 1087/212/247 1090/215/250
f 1087/212/247 1091/216/251 1090/215/250
f 1087/212/247 1092/217/252 1091/216/251
f 1092/217/252 1093/218/253 1091/216/251
f 1092/217/252 1094/219/254 1093/218/253
f 1084/209/244 1089/214/249 1088/213/248
f 1089/214/249 966/112/241 1088/213/248
f 1089/214/249 1090/215/250 966/112/241
f 1090/215/250 965/111/121 966/112/241
f 1090/215/250 1091/216/251 965/111/121
f 1091/216/251 964/109/119 965/111/121
f 1091/216/251 1093/218/253 964/109/119
f 967/113/255 1095/220/256 962/104/240
f 1096/221/257 1098/223/259 1097/222/258
f 1098/223/259 1099/224/260 1097/222/258
f 1098/223/259 1100/225/261 1099/224/260
f 1095/220/256 1100/225/261 1101/226/262
f 1100/225/261 1095/220/256 1099/224/260
f 1095/220/256 968/114/263 1099/224/260
f 1095/220/256 967/113/255 968/114/263
f 1102/227/264 1104/229/266 1103/228/265
f 1104/229/266 971/119/267 1103/228/265
f 1104/229/266 1096/221/257 971/119/267
f 1096/221/257 970/118/268 971/119/267
f 1096/221/257 1097/222/258 970/118/268
f 1097/222/258 973/121/269 970/118/268
f 1097/222/258 1099/224/260 973/121/269
f 1099/224/260 969/116/270 973/121/269
f 1099/224/260 968/114/263 969/116/270
f 1102/227/271 1103/228/265 984/124/134
f 1103/228/265 882/63/136 984/124/134
f 1103/228/265 971/119/267 882/63/136
f 616/230/272 1119/232/274 706/231/273
f 616/230/272 614/233/275 1119/232/274
f 723/234/276 1120/235/278 627/22/277
f 1120/235/278 628/24/279 627/22/277
f 1120/235/278 629/236/280 628/24/279
f 629/236/280 1120/235/278 632/237/281
f 1120/235/278 633/238/282 632/237/281
f 1120/235/278 623/239/283 633/238/282
f 623/239/283 1120/235/278 625/240/284
f 1120/235/278 640/241/285 625/240/284
f 1120/235/278 639/242/286 640/241/285
f 639/242/286 1120/235/278 638/243/287
f 1120/235/278 636/244/288 638/243/287
f 1120/235/278 614/233/275 636/244/288
f 723/234/276 719/245/289 1120/235/278
f 719/245/289 1121/246/290 1120/235/278
f 719/245/291 720/247/292 1121/246/290
f 565/248/293 1122/250/295 567/249/294
f 565/248/293 563/251/296 1122/250/295
s 0
f 604/252/297 613/254/299 605/253/298
s 1
f 453/255/300 1122/250/295 612/256/301
f 1122/250/295 604/252/302 612/256/301
f 604/252/302 1122/250/295 613/254/303
f 1122/250/295 561/257/296 613/254/304
f 1122/250/295 563/251/296 561/257/296
f 1123/258/305 1121/246/290 1122/250/295
f 1121/246/290 567/249/294 1122/250/295
f 1121/246/290 720/247/292 567/249/294
f 451/259/306 1124/261/308 452/260/307
f 1124/261/308 453/255/300 452/260/307
f 1124/261/308 1125/262/309 453/255/300
f 1125/262/309 1122/250/295 453/255/300
f 1125/262/309 1126/263/310 1122/250/295
f 1126/263/310 1123/258/305 1122/250/295
f 614/233/275 1120/235/278 1119/232/274
f 1120/235/278 1127/264/311 1119/232/274
f 1120/235/278 1121/246/290 1127/264/311
f 1121/246/290 1128/265/312 1127/264/311
f 1121/246/290 1123/258/305 1128/265/312
f 1165/266/313 1167/268/315 1166/267/314
f 1168/269/316 1165/266/313 1169/270/317
f 1006/146/158 1004/144/156 1134/271/318
f 1004/144/156 1170/272/319 1134/271/318
f 1004/144/156 1167/268/315 1170/272/319
f 1167/268/315 1171/273/320 1170/272/319
f 1167/268/315 1165/266/313 1171/273/320
f 1165/266/313 1170/272/319 1171/273/320
f 1165/266/313 1168/269/316 1170/272/319
f 1172/274/321 1173/275/323 897/79/322
f 1173/275/324 1001/141/326 897/79/325
f 1173/275/324 1174/276/327 1001/141/326
f 1004/277/328 1001/279/326 1175/278/329
f 1001/279/326 1176/280/330 1175/278/329
f 1001/141/326 1174/276/327 1176/281/330
f 1043/282/331 1042/284/333 1199/283/332
f 1204/285/334 929/287/336 1215/286/335
f 929/287/336 1050/169/196 1215/286/335
f 1213/288/337 527/290/338 526/289/16
f 1048/291/339 1216/293/341 1046/292/340
f 1216/293/341 1217/294/342 1046/292/340
s 0
f 919/80/343 1044/161/343 1196/295/343
f 1044/296/344 1046/298/344 1196/297/344
s 1
f 1217/299/342 1218/301/345 1046/300/340
f 1218/301/345 1196/302/346 1046/300/340
f 1218/301/347 1197/303/349 1196/302/348
f 1219/304/350 1221/306/352 1220/305/351
f 1219/304/350 1222/307/353 1221/306/352
f 1222/307/353 1223/308/354 1221/306/352
f 1222/307/353 1048/165/192 1223/308/354
f 1048/165/192 1202/309/355 1223/308/354
f 1048/165/192 1049/166/193 1202/309/355
f 450/310/356 1224/312/358 440/311/357
f 439/313/359 440/311/357 1225/314/360
f 440/311/357 1226/315/361 1225/314/360
f 440/311/357 1224/312/358 1226/315/361
f 515/316/362 1224/312/358 517/317/363
f 517/317/363 1224/312/358 519/318/364
f 1224/312/358 550/319/365 519/318/364
f 1224/312/358 523/320/366 550/319/365
f 523/320/366 1224/312/358 521/21/367
f 1224/312/358 546/20/368 521/21/367
f 1224/312/358 450/310/356 546/20/368
f 707/321/369 1227/322/371 709/28/370
f 1227/322/371 708/26/372 709/28/370
f 1227/322/371 1224/312/358 708/26/372
f 1224/312/358 513/25/373 708/26/372
f 1224/312/358 515/316/362 513/25/373
f 502/323/374 1228/325/376 505/324/375
f 1228/325/376 506/326/377 505/324/375
f 1228/325/376 507/327/378 506/326/377
f 465/328/379 1229/329/380 502/323/374
f 1229/329/380 1228/325/376 502/323/374
f 1229/329/380 1230/330/381 1228/325/376
f 1226/315/361 1224/312/358 1231/331/382
f 1224/312/358 1230/330/381 1231/331/382
f 1224/312/358 1227/322/371 1230/330/381
f 1227/322/371 1228/325/376 1230/330/381
f 1227/322/371 707/321/369 1228/325/376
f 707/321/369 507/327/378 1228/325/376
f 395/332/383 1232/334/385 394/333/384
f 1059/181/386 1232/334/385 937/98/209
f 1232/334/385 1058/180/210 937/98/209
f 1232/334/385 480/335/387 1058/180/210
f 480/335/387 1232/334/385 488/336/388
f 1232/334/385 1233/337/389 488/336/388
f 1232/334/385 395/332/383 1233/337/389
f 1234/338/390 1060/183/392 1063/188/391
f 1235/339/393 1234/338/390 1236/340/394
f 1234/338/390 1235/339/393 1060/183/392
f 1235/339/393 1061/185/395 1060/183/392
f 1235/339/393 1237/341/396 1061/185/395
f 1237/341/396 1238/342/397 1061/185/395
f 1238/342/397 1062/187/398 1061/185/395
f 1238/342/397 1239/343/399 1062/187/398
f 1239/343/399 1059/181/386 1062/187/398
f 1239/343/399 1232/334/385 1059/181/386
f 1240/344/400 1242/346/402 1241/345/401
f 1243/347/403 1245/349/405 1244/348/404
f 1246/350/406 1247/351/407 1063/188/391
f 1247/351/407 1234/338/390 1063/188/391
f 1247/351/407 1236/340/394 1234/338/390
f 1248/352/408 1246/350/406 1065/193/409
f 1246/350/406 1064/191/410 1065/193/409
f 1246/350/406 1063/188/391 1064/191/410
f 1240/344/400 1243/347/403 1249/353/411
f 1249/353/411 1250/354/412 1240/344/400
f 1250/354/412 1242/346/402 1240/344/400
f 1250/354/412 1251/355/413 1242/346/402
f 1251/355/413 1252/356/414 1242/346/402
f 1251/355/413 1253/357/415 1252/356/414
f 1243/347/403 1240/344/400 1245/349/405
f 1240/344/400 1248/352/408 1245/349/405
f 1240/344/400 1241/345/401 1248/352/408
f 1241/345/401 1246/350/406 1248/352/408
f 1241/345/401 1242/346/402 1246/350/406
f 1242/346/402 1247/351/407 1246/350/406
f 1242/346/402 1252/356/414 1247/351/407
f 945/101/225 1254/358/416 1065/193/224
f 945/101/225 1066/194/417 1254/358/416
f 1066/194/417 1255/359/418 1254/358/416
f 1066/194/417 1068/360/419 1255/359/418
f 1068/360/419 1256/361/420 1255/359/418
f 1068/360/419 1070/362/421 1256/361/420
f 1070/362/421 1257/363/422 1256/361/420
f 1070/362/421 1072/364/423 1257/363/422
f 1080/205/238 1258/365/424 975/204/237
f 1258/365/424 1105/366/425 975/204/237
f 1258/365/424 1257/363/422 1105/366/425
f 1257/363/422 1072/364/423 1105/366/425
f 1093/218/253 1075/195/228 964/109/119
f 1259/367/426 1093/218/253 1094/219/254
f 1093/218/253 1259/367/426 1075/195/228
f 1259/367/426 1076/197/230 1075/195/228
f 1259/367/426 1260/368/427 1076/197/230
f 1260/368/427 1077/199/232 1076/197/230
f 1260/368/427 1261/369/428 1077/199/232
f 1077/199/232 1261/369/428 1078/201/234
f 1261/369/428 1079/203/236 1078/201/234
f 1261/369/428 1262/370/429 1079/203/236
f 1262/370/429 1080/205/238 1079/203/236
f 1262/370/429 1263/371/430 1080/205/238
f 1264/372/431 1266/374/433 1265/373/432
f 1264/372/431 1267/375/434 1266/374/433
f 1267/375/434 1268/376/435 1266/374/433
f 1267/375/434 1269/377/436 1268/376/435
f 1269/377/436 1092/217/252 1268/376/435
f 1269/377/436 1094/219/254 1092/217/252
f 1270/378/437 1087/212/247 1085/210/245
f 1271/379/438 1265/373/432 1272/380/439
f 1265/373/432 1273/381/440 1272/380/439
f 1265/373/432 1266/374/433 1273/381/440
f 1266/374/433 1270/378/437 1273/381/440
f 1266/374/433 1268/376/435 1270/378/437
f 1268/376/435 1087/212/247 1270/378/437
f 1268/376/435 1092/217/252 1087/212/247
f 1274/382/441 1275/383/442 1271/379/438
f 1275/383/442 1265/373/432 1271/379/438
f 1275/383/442 1276/384/443 1265/373/432
f 1276/384/443 1264/372/431 1265/373/432
f 1276/384/443 1277/385/444 1264/372/431
f 1278/386/445 1082/207/242 1083/208/243
f 1278/386/445 1280/388/447 1279/387/446
f 1280/388/447 1281/389/448 1279/387/446
f 1280/388/447 1282/390/449 1281/389/448
f 1272/380/439 1273/381/440 1283/391/450
f 1273/381/440 1284/392/451 1283/391/450
f 1273/381/440 1270/378/437 1284/392/451
f 1085/210/245 1082/207/242 1270/378/437
f 1082/207/242 1284/392/451 1270/378/437
f 1082/207/242 1278/386/445 1284/392/451
f 1278/386/445 1283/391/450 1284/392/451
f 1278/386/445 1279/387/446 1283/391/450
f 1279/387/446 1272/380/439 1283/391/450
f 1279/387/446 1281/389/448 1272/380/439
f 1281/389/448 1271/379/438 1272/380/439
f 1281/389/448 1274/382/441 1271/379/438
f 1084/209/244 1285/393/452 1083/208/243
f 1081/206/239 1286/394/453 1088/213/248
f 1095/220/256 1081/206/239 962/104/240
f 1081/206/239 1095/220/256 1286/394/453
f 1095/220/256 1287/395/454 1286/394/453
f 1095/220/256 1101/226/262 1287/395/454
f 351/396/455 1286/394/453 1288/397/456
f 1286/394/453 1289/398/457 1288/397/456
f 1286/394/453 1287/395/454 1289/398/457
f 1088/213/248 1286/394/453 1084/209/244
f 1286/394/453 1285/393/452 1084/209/244
f 1286/394/453 351/396/455 1285/393/452
f 351/396/455 1290/399/458 1285/393/452
f 1331/400/459 706/231/273 1119/232/274
f 1332/401/460 1334/403/462 1333/402/461
f 1334/403/462 1331/400/459 1333/402/461
f 1334/403/462 705/404/463 1331/400/459
f 705/404/463 706/231/273 1331/400/459
f 1335/405/464 1337/407/466 1336/406/465
f 1337/407/466 1335/405/464 1338/408/467
f 1335/405/464 1339/409/468 1338/408/467
f 1335/405/469 1332/401/460 1339/409/468
f 1332/401/460 1340/410/470 1339/409/468
f 1332/401/460 1333/402/461 1340/410/470
f 1341/411/471 1343/413/473 1342/412/472
f 1344/414/474 1331/400/459 1128/265/312
f 1331/400/459 1127/264/311 1128/265/312
f 1331/400/459 1119/232/274 1127/264/311
f 1331/400/459 1344/414/474 1333/402/461
f 1344/414/474 1340/410/470 1333/402/461
f 1344/414/474 1343/413/473 1340/410/470
f 1337/407/466 1338/408/467 1341/411/471
f 1338/408/467 1343/413/473 1341/411/471
f 1338/408/467 1339/409/468 1343/413/473
f 1339/409/468 1340/410/470 1343/413/473
f 1343/413/473 1345/415/475 1342/412/472
f 1345/415/475 1346/416/476 1342/412/472
f 1345/415/475 1347/417/477 1346/416/476
f 1343/413/473 1344/414/474 1345/415/475
f 1344/414/474 1123/258/305 1345/415/475
f 1344/414/474 1128/265/312 1123/258/305
f 1126/263/310 1348/418/478 1123/258/305
f 1348/418/478 1345/415/475 1123/258/305
f 1348/418/478 1349/419/479 1345/415/475
f 1349/419/479 1347/417/477 1345/415/475
f 1349/419/479 1350/420/480 1347/417/477
f 1351/421/481 1353/423/483 1352/422/482
f 1353/423/483 1349/419/479 1352/422/482
f 1353/423/483 1350/420/480 1349/419/479
f 1354/424/484 1355/425/485 1348/418/478
f 1355/425/485 1349/419/479 1348/418/478
f 1355/425/485 1356/426/486 1349/419/479
f 1356/426/486 1352/422/482 1349/419/479
f 1354/424/484 1348/418/478 1124/261/308
f 1348/418/478 1125/262/309 1124/261/308
f 1348/418/478 1126/263/310 1125/262/309
f 1352/422/482 1356/426/486 432/427/487
f 1356/426/486 431/428/488 432/427/487
f 1356/426/486 1355/425/485 431/428/488
f 1355/425/485 438/429/489 431/428/488
f 1355/425/485 1354/424/484 438/429/489
f 1354/424/484 451/259/306 438/429/489
f 1354/424/484 1124/261/308 451/259/306
f 1351/421/481 1352/422/482 1357/430/490
f 1352/422/482 433/431/491 1357/430/490
f 1352/422/482 432/427/487 433/431/491
f 1364/432/492 1366/434/494 1365/433/493
f 1165/266/313 1367/435/495 1169/270/317
f 1364/432/492 1367/435/495 1366/434/494
f 1367/435/495 1165/266/313 1366/434/494
f 1165/266/313 1368/436/496 1366/434/494
f 1165/266/313 1166/267/314 1368/436/496
f 1175/278/329 1369/437/497 1004/277/328
f 1369/437/497 1167/438/498 1004/277/328
f 1369/437/497 1370/439/499 1167/438/498
f 1370/439/499 1166/440/500 1167/438/498
f 1370/439/499 1371/441/501 1166/440/500
f 1372/442/502 1373/444/504 1219/443/503
f 1373/444/504 1222/445/505 1219/443/503
f 1373/444/504 1374/446/506 1222/445/505
f 1374/446/506 1048/291/339 1222/445/505
f 1374/446/506 1216/293/341 1048/291/339
f 1381/447/507 1382/448/508 1220/305/351
f 1382/448/508 1219/304/350 1220/305/351
f 1382/448/508 1383/449/509 1219/304/350
f 430/450/510 1384/452/512 425/451/511
f 1384/452/512 430/450/510 1385/453/513
f 430/450/510 1386/454/514 1385/453/513
f 430/450/510 424/455/515 1386/454/514
f 424/455/515 1387/456/516 1386/454/514
f 424/455/515 421/457/517 1387/456/516
f 1387/456/516 1225/314/360 1226/315/361
f 421/457/517 422/458/518 1387/456/516
f 422/458/518 1225/314/360 1387/456/516
f 422/458/518 439/313/359 1225/314/360
f 1384/452/512 1385/453/513 1388/459/519
f 1385/453/513 1389/460/520 1388/459/519
f 1390/461/521 1389/460/520 1391/462/522
f 1389/460/520 1392/463/523 1391/462/522
f 1389/460/520 1385/453/513 1392/463/523
f 1385/453/513 1393/464/524 1392/463/523
f 1385/453/513 1386/454/514 1393/464/524
f 1386/454/514 1394/465/525 1393/464/524
f 1386/454/514 1387/456/516 1394/465/525
f 1387/456/516 1231/331/382 1394/465/525
f 1387/456/516 1226/315/361 1231/331/382
f 1395/466/526 1397/468/528 1396/467/527
f 1391/462/522 1395/466/526 1390/461/521
f 1398/469/529 1392/463/523 1393/464/524
f 1231/331/382 1230/330/381 1394/465/525
f 1230/330/381 1399/470/530 1394/465/525
f 1230/330/381 1229/329/380 1399/470/530
f 1229/329/380 1400/471/531 1399/470/530
f 1394/465/525 1399/470/530 1393/464/524
f 1399/470/530 1398/469/529 1393/464/524
f 1399/470/530 1400/471/531 1398/469/529
f 1400/471/531 1401/472/532 1398/469/529
f 1396/467/527 1397/468/528 1402/473/533
f 1397/468/528 1403/474/534 1402/473/533
f 1397/468/528 1404/475/535 1403/474/534
f 1391/462/522 1392/463/523 1395/466/526
f 1392/463/523 1397/468/528 1395/466/526
f 1392/463/523 1398/469/529 1397/468/528
f 1398/469/529 1404/475/535 1397/468/528
f 1398/469/529 1401/472/532 1404/475/535
f 419/476/536 1401/472/532 417/477/537
f 466/478/538 1229/329/380 465/328/379
f 417/477/537 1401/472/532 1405/479/539
f 1401/472/532 466/478/538 1405/479/539
f 1401/472/532 1400/471/531 466/478/538
f 1400/471/531 1229/329/380 466/478/538
f 419/476/536 420/480/540 1401/472/532
f 420/480/540 1404/475/535 1401/472/532
f 420/480/540 392/481/541 1404/475/535
f 392/481/541 1403/474/534 1404/475/535
f 392/481/541 390/482/542 1403/474/534
f 390/482/542 1402/473/533 1403/474/534
f 390/482/542 389/483/543 1402/473/533
f 1236/340/394 1413/485/545 398/484/544
f 1413/485/545 1414/486/546 398/484/544
f 1232/334/385 1239/343/399 394/333/384
f 1239/343/399 397/487/547 394/333/384
f 1239/343/399 1238/342/397 397/487/547
f 1238/342/397 387/488/548 397/487/547
f 1238/342/397 1237/341/396 387/488/548
f 1237/341/396 386/489/549 387/488/548
f 1237/341/396 1235/339/393 386/489/549
f 1235/339/393 401/490/550 386/489/549
f 1235/339/393 1236/340/394 401/490/550
f 1236/340/394 399/491/551 401/490/550
f 1236/340/394 398/484/544 399/491/551
f 1252/356/414 1415/492/552 1247/351/407
f 1247/351/407 1413/485/545 1236/340/394
f 1415/492/552 1416/493/553 1247/351/407
f 1416/493/553 1413/485/545 1247/351/407
f 1416/493/553 1414/486/546 1413/485/545
f 1415/492/552 1252/356/414 1417/494/554
f 1252/356/414 1418/495/555 1417/494/554
f 1252/356/414 1253/357/415 1418/495/555
f 1253/357/415 1419/496/556 1418/495/555
f 1253/357/415 1420/497/557 1419/496/556
f 1421/498/558 1423/500/560 1422/499/559
f 1423/500/560 1424/501/561 1422/499/559
f 1423/500/560 1425/502/562 1424/501/561
f 1421/498/558 1251/355/413 1250/354/412
f 1426/503/563 1427/504/564 1425/502/562
f 1427/504/564 1424/501/561 1425/502/562
f 1427/504/564 1428/505/565 1424/501/561
f 1428/505/565 1429/506/566 1424/501/561
f 1429/506/566 1422/499/559 1424/501/561
f 1429/506/566 1430/507/567 1422/499/559
f 1430/507/567 1421/498/558 1422/499/559
f 1430/507/567 1431/508/568 1421/498/558
f 1431/508/568 1251/355/413 1421/498/558
f 1431/508/568 1253/357/415 1251/355/413
f 1249/353/411 1421/498/558 1250/354/412
f 1432/509/569 1249/353/411 1243/347/403
f 1249/353/411 1432/509/569 1421/498/558
f 1432/509/569 1423/500/560 1421/498/558
f 1432/509/569 1433/510/570 1423/500/560
f 1433/510/570 1425/502/562 1423/500/560
f 1433/510/570 1434/511/571 1425/502/562
f 1434/511/571 1426/503/563 1425/502/562
f 1434/511/571 1435/512/572 1426/503/563
f 1434/511/571 1436/513/573 1435/512/572
f 1437/514/574 1436/513/573 1438/515/575
f 1436/513/573 1439/516/576 1438/515/575
f 1436/513/573 1434/511/571 1439/516/576
f 1434/511/571 1440/517/577 1439/516/576
f 1434/511/571 1433/510/570 1440/517/577
f 1440/517/577 1433/510/570 1441/518/578
f 1433/510/570 1442/519/579 1441/518/578
f 1433/510/570 1432/509/569 1442/519/579
f 1432/509/569 1244/348/404 1442/519/579
f 1432/509/569 1243/347/403 1244/348/404
f 1245/349/405 1443/520/580 1244/348/404
f 1444/521/581 1256/361/420 1257/363/422
f 1245/349/405 1248/352/408 1443/520/580
f 1444/521/581 1445/522/582 1256/361/420
f 1445/522/582 1255/359/418 1256/361/420
f 1445/522/582 1446/523/583 1255/359/418
f 1446/523/583 1254/358/416 1255/359/418
f 1446/523/583 1443/520/580 1254/358/416
f 1443/520/580 1065/193/409 1254/358/416
f 1443/520/580 1248/352/408 1065/193/409
f 1444/521/581 1257/363/422 1447/524/584
f 1257/363/422 1448/525/585 1447/524/584
f 1257/363/422 1258/365/424 1448/525/585
f 1258/365/424 1449/526/586 1448/525/585
f 1258/365/424 1080/205/238 1449/526/586
f 1080/205/238 1263/371/430 1449/526/586
f 1262/370/429 1450/527/587 1263/371/430
f 1262/370/429 1261/369/428 1450/527/587
f 1451/528/588 1260/368/427 1259/367/426
f 1452/529/589 1267/375/434 1264/372/431
f 1453/530/590 1264/372/431 1277/385/444
f 1264/372/431 1453/530/590 1452/529/589
f 1453/530/590 1454/531/591 1452/529/589
f 1453/530/590 1455/532/592 1454/531/591
f 1455/532/592 1456/533/593 1454/531/591
f 1455/532/592 1457/534/594 1456/533/593
f 1451/528/588 1458/535/595 1260/368/427
f 1458/535/595 1261/369/428 1260/368/427
f 1458/535/595 1459/536/596 1261/369/428
f 1459/536/596 1450/527/587 1261/369/428
f 1459/536/596 1460/537/597 1450/527/587
f 1094/219/254 1269/377/436 1259/367/426
f 1269/377/436 1451/528/588 1259/367/426
f 1269/377/436 1461/538/598 1451/528/588
f 1461/538/598 1458/535/595 1451/528/588
f 1461/538/598 1462/539/599 1458/535/595
f 1462/539/599 1459/536/596 1458/535/595
f 1462/539/599 1463/540/600 1459/536/596
f 1463/540/600 1460/537/597 1459/536/596
f 1463/540/600 1464/541/601 1460/537/597
f 1465/542/602 1464/541/601 1457/534/594
f 1464/541/601 1456/533/593 1457/534/594
f 1464/541/601 1463/540/600 1456/533/593
f 1463/540/600 1454/531/591 1456/533/593
f 1463/540/600 1462/539/599 1454/531/591
f 1462/539/599 1452/529/589 1454/531/591
f 1462/539/599 1461/538/598 1452/529/589
f 1461/538/598 1267/375/434 1452/529/589
f 1461/538/598 1269/377/436 1267/375/434
f 1466/543/603 1275/383/442 1274/382/441
f 1466/543/603 1467/544/604 1275/383/442
f 1276/384/443 1275/383/442 1468/545/605
f 1275/383/442 1469/546/606 1468/545/605
f 1275/383/442 1467/544/604 1469/546/606
f 1276/384/443 1468/545/605 1277/385/444
f 1468/545/605 1470/547/607 1277/385/444
f 1473/548/608 1475/550/610 1474/549/609
f 1475/550/610 1282/390/449 1474/549/609
f 1282/390/449 1475/550/610 1281/389/448
f 1475/550/610 1274/382/441 1281/389/448
f 1475/550/610 1476/551/611 1274/382/441
f 1083/208/243 1285/393/452 1278/386/445
f 1285/393/452 1477/552/612 1278/386/445
f 1285/393/452 1290/399/458 1477/552/612
f 1290/399/458 1478/553/613 1477/552/612
f 1282/390/449 1280/388/447 1474/549/609
f 1280/388/447 1278/386/445 1474/549/609
f 1474/549/609 1278/386/445 1473/548/608
f 1278/386/445 1479/554/614 1473/548/608
f 1278/386/445 1477/552/612 1479/554/614
f 1477/552/612 1480/555/615 1479/554/614
f 1477/552/612 1478/553/613 1480/555/615
f 1481/556/616 1485/558/618 1482/557/617
f 1485/558/618 1481/556/616 1486/559/619
f 1481/556/616 1487/560/620 1486/559/619
f 1481/556/616 1327/561/621 1487/560/620
f 1327/561/621 1337/407/466 1487/560/620
f 1327/561/621 1336/406/465 1337/407/466
f 1342/412/472 1489/563/623 1488/562/622
f 1486/559/619 1490/564/624 1485/558/618
f 1490/564/624 1491/565/625 1485/558/618
f 1490/564/624 1492/566/626 1491/565/625
f 1342/412/472 1488/562/622 1341/411/471
f 1488/562/622 1337/407/466 1341/411/471
f 1488/562/622 1487/560/620 1337/407/466
f 1487/560/620 1488/562/622 1486/559/619
f 1488/562/622 1490/564/624 1486/559/619
f 1488/562/622 1489/563/623 1490/564/624
f 1489/563/623 1493/567/627 1490/564/624
f 1494/568/628 1495/569/629 1350/420/480
f 1495/569/629 1347/417/477 1350/420/480
f 1495/569/629 1496/570/630 1347/417/477
f 1496/570/630 1497/571/631 1347/417/477
f 1498/572/632 1500/574/634 1499/573/633
f 1500/574/634 1501/575/635 1499/573/633
f 1500/574/634 1346/416/476 1501/575/635
f 1346/416/476 1502/576/636 1501/575/635
f 1346/416/476 1347/417/477 1502/576/636
f 1347/417/477 1503/577/637 1502/576/636
f 1347/417/477 1497/571/631 1503/577/637
f 1489/563/623 1504/578/638 1493/567/627
f 1504/578/638 1489/563/623 1498/572/632
f 1489/563/623 1500/574/634 1498/572/632
f 1489/563/623 1342/412/472 1500/574/634
f 1342/412/472 1346/416/476 1500/574/634
f 1505/579/639 1507/581/641 1506/580/640
f 1505/582/639 1508/584/642 1507/583/641
f 1509/585/643 1511/587/645 1510/586/644
f 1511/587/645 1508/584/642 1510/586/644
f 1511/587/645 1512/588/646 1508/584/642
f 1512/588/646 1507/583/641 1508/584/642
f 1509/585/643 1513/589/647 1511/587/645
f 1513/589/647 1514/590/648 1511/587/645
f 1513/589/647 1515/591/649 1514/590/648
f 1515/591/649 1516/592/650 1514/590/648
f 1516/592/650 1351/421/481 1514/590/648
f 1516/592/650 1353/423/483 1351/421/481
f 1350/420/480 1353/423/483 1494/568/628
f 1520/593/651 1351/421/481 1357/430/490
f 433/431/491 319/594/652 1357/430/490
f 319/594/652 1520/593/651 1357/430/490
f 319/594/652 310/595/653 1520/593/651
f 310/595/653 311/596/654 1520/593/651
f 311/596/654 1521/597/655 1520/593/651
f 311/596/654 308/598/656 1521/597/655
f 308/598/656 304/599/657 1521/597/655
f 304/599/657 1522/600/658 1521/597/655
f 304/599/657 305/601/659 1522/600/658
f 305/601/659 195/602/660 1522/600/658
f 195/602/660 1523/603/661 1522/600/658
f 195/602/660 185/604/662 1523/603/661
f 1351/421/481 1520/593/651 1514/590/648
f 1520/593/651 1511/587/645 1514/590/648
f 1520/593/651 1521/597/655 1511/587/645
f 1521/597/655 1512/588/646 1511/587/645
f 1521/597/655 1522/600/658 1512/588/646
f 1522/600/658 1507/583/641 1512/588/646
f 1522/600/658 1523/603/661 1507/583/641
f 1523/603/661 1506/605/640 1507/583/641
f 1524/606/663 1526/608/665 1525/607/664
f 1524/606/663 1527/609/666 1526/608/665
f 1527/609/666 1528/610/667 1526/608/665
f 1527/609/666 1529/611/668 1528/610/667
f 1528/610/667 1529/611/668 1530/612/669
f 1529/611/668 1531/613/670 1530/612/669
f 1529/611/668 1532/614/671 1531/613/670
f 1365/433/493 1366/434/494 1533/615/672
f 1366/434/494 1532/614/671 1533/615/672
f 1366/434/494 1368/436/496 1532/614/671
f 1368/436/496 1531/613/670 1532/614/671
f 1371/441/501 1534/616/673 1166/440/500
f 1534/616/673 1368/617/674 1166/440/500
f 1534/618/673 1535/619/675 1368/436/674
f 1535/619/675 1531/613/676 1368/436/674
f 1535/619/675 1536/620/677 1531/613/676
f 1536/620/677 1537/621/678 1531/613/676
f 1537/621/678 1530/612/679 1531/613/676
f 1537/621/678 1538/622/680 1530/612/679
f 1530/612/679 1538/622/680 1528/610/681
f 1538/622/680 1526/608/682 1528/610/681
f 1538/622/680 1539/623/683 1526/608/682
f 1539/623/683 1525/607/684 1526/608/682
f 1539/623/683 1540/624/685 1525/607/684
f 1541/625/686 1543/627/688 1542/626/687
f 1543/627/688 1544/628/689 1542/626/687
f 1544/628/689 1545/629/690 1542/626/687
f 1545/629/690 1546/630/691 1542/626/687
f 1545/629/690 1547/631/692 1546/630/691
f 1547/631/692 1548/632/693 1546/630/691
f 1547/631/692 1549/633/694 1548/632/693
f 1549/633/694 1550/634/695 1548/632/693
f 1549/633/694 1551/635/696 1550/634/695
f 1550/634/695 1551/635/696 1552/636/697
f 1551/637/696 1383/639/698 1552/638/697
f 1551/637/696 1553/640/699 1383/639/698
f 1553/640/699 1219/443/503 1383/639/698
f 1553/640/699 1372/442/502 1219/443/503
f 1382/448/508 1552/636/700 1383/449/509
f 1381/447/507 1554/641/701 1382/448/508
f 1554/641/701 1552/636/700 1382/448/508
f 1554/641/701 1558/642/702 1552/636/700
f 1558/642/702 1559/643/703 1552/636/700
f 1559/643/703 1550/634/704 1552/636/700
f 1559/643/703 1560/644/705 1550/634/704
f 1560/644/705 1548/632/706 1550/634/704
f 1560/644/705 1561/645/707 1548/632/706
f 1548/632/706 1561/645/707 1546/630/708
f 1561/645/707 1542/626/709 1546/630/708
f 1561/645/707 1562/646/710 1542/626/709
f 1562/646/710 1541/625/711 1542/626/709
f 1562/646/710 1563/647/712 1541/625/711
f 166/648/713 167/650/715 1564/649/714
f 167/650/715 1565/651/716 1564/649/714
f 1565/651/716 167/650/715 1566/652/717
f 167/650/715 1567/653/718 1566/652/717
f 167/650/715 272/654/719 1567/653/718
f 272/654/719 1568/655/720 1567/653/718
f 272/654/721 270/656/722 1568/655/720
f 270/656/722 1569/657/723 1568/655/720
f 270/656/722 269/658/724 1569/657/723
f 269/658/724 1570/659/725 1569/657/723
f 269/658/724 268/660/726 1570/659/725
f 1384/452/512 1571/661/727 425/451/511
f 1571/661/727 264/662/728 425/451/511
f 264/662/728 1571/661/727 263/663/729
f 1571/661/727 265/664/730 263/663/729
f 1571/661/727 1570/659/725 265/664/730
f 1570/659/725 266/665/731 265/664/730
f 1570/659/725 268/660/726 266/665/731
f 1572/666/732 1390/461/521 1573/667/733
f 1390/461/521 1574/668/734 1573/667/733
f 1390/461/521 1575/669/735 1574/668/734
f 1575/669/735 1576/670/736 1574/668/734
f 1572/666/732 1577/671/737 1390/461/521
f 1577/671/737 1389/460/520 1390/461/521
f 1577/671/737 1388/459/519 1389/460/520
f 1388/459/519 1571/661/727 1384/452/512
f 1388/459/519 1578/672/738 1571/661/727
f 1578/672/738 1570/659/725 1571/661/727
f 1578/672/738 1579/673/739 1570/659/725
f 1579/673/739 1580/674/740 1570/659/725
f 1580/674/740 1569/657/723 1570/659/725
f 1580/674/740 1581/675/741 1569/657/723
f 1581/675/741 1568/655/720 1569/657/723
f 1568/655/720 1581/675/741 1567/653/718
f 1581/675/741 1566/652/717 1567/653/718
f 1581/675/741 1582/676/742 1566/652/717
f 1582/676/742 1565/651/716 1566/652/717
f 1582/676/742 1583/677/743 1565/651/716
f 1583/677/743 1564/649/714 1565/651/716
f 1584/678/744 1586/680/746 1585/679/745
f 1586/680/746 1587/681/747 1585/679/745
f 1586/680/746 1588/682/748 1587/681/747
f 1588/682/748 1589/683/749 1587/681/747
f 1588/682/748 1590/684/750 1589/683/749
f 1591/685/751 1593/687/753 1592/686/752
f 1593/687/753 1594/688/754 1592/686/752
f 1395/466/526 1595/689/755 1390/461/521
f 1595/689/755 1575/669/735 1390/461/521
f 1595/689/755 1594/688/754 1575/669/735
f 1594/688/754 1576/670/736 1575/669/735
f 1594/688/754 1593/687/753 1576/670/736
f 1595/689/755 1596/690/756 1584/678/744
f 1395/466/526 1396/467/527 1595/689/755
f 1396/467/527 1596/690/756 1595/689/755
f 1396/467/527 1402/473/533 1596/690/756
f 1584/678/744 1585/679/745 1595/689/755
f 1585/679/745 1594/688/754 1595/689/755
f 1585/679/745 1587/681/747 1594/688/754
f 1587/681/747 1592/686/752 1594/688/754
f 1587/681/747 1589/683/749 1592/686/752
f 1597/691/757 380/693/759 363/692/758
f 363/692/758 364/694/760 1597/691/757
f 364/694/760 1598/695/761 1597/691/757
f 364/694/760 365/696/762 1598/695/761
f 389/483/543 380/693/759 1402/473/533
f 380/693/759 1596/690/756 1402/473/533
f 380/693/759 1597/691/757 1596/690/756
f 1597/691/757 1584/678/744 1596/690/756
f 1597/691/757 1598/695/761 1584/678/744
f 1598/695/761 1586/680/746 1584/678/744
f 1414/697/763 1416/699/765 379/698/764
f 228/700/766 229/701/767 1428/505/565
f 229/701/767 1429/506/566 1428/505/565
f 229/701/767 1600/702/768 1429/506/566
f 1600/702/768 1430/507/567 1429/506/566
f 1600/702/769 1601/703/770 1430/507/567
f 1601/703/770 1431/508/568 1430/507/567
f 1601/703/770 1602/704/771 1431/508/568
f 1602/704/771 1253/357/415 1431/508/568
f 1602/704/771 1420/497/557 1253/357/415
f 213/705/772 1427/504/564 1426/503/563
f 213/705/772 214/706/773 1427/504/564
f 214/706/773 1428/505/565 1427/504/564
f 214/706/773 228/700/766 1428/505/565
f 1603/707/774 1605/709/776 1604/708/775
f 1605/709/776 1606/710/777 1604/708/775
f 1605/709/776 1437/514/574 1607/711/778
f 1426/503/563 1435/512/572 1603/707/774
f 1435/512/572 1605/709/776 1603/707/774
f 1435/512/572 1436/513/573 1605/709/776
f 1436/513/573 1437/514/574 1605/709/776
f 1606/710/777 1605/709/776 1608/712/779
f 1605/709/776 1609/713/780 1608/712/779
f 1605/709/776 1610/714/781 1609/713/780
f 1610/714/781 1605/709/776 1611/715/782
f 1605/709/776 1612/716/783 1611/715/782
f 1605/709/776 1607/711/778 1612/716/783
f 1438/515/575 1613/717/784 1437/514/574
f 1443/520/580 1442/519/579 1244/348/404
f 1614/718/785 1444/521/581 1615/719/786
f 1439/516/576 1616/720/787 1438/515/575
f 1438/515/575 1616/720/787 1613/717/784
f 1616/720/787 1617/721/788 1613/717/784
f 1616/720/787 1618/722/789 1617/721/788
f 1618/722/789 1619/723/790 1617/721/788
f 1618/722/789 1620/724/791 1619/723/790
f 1621/725/792 1622/726/793 1616/720/787
f 1622/726/793 1618/722/789 1616/720/787
f 1622/726/793 1623/727/794 1618/722/789
f 1623/727/794 1620/724/791 1618/722/789
f 1624/728/795 1625/729/796 1621/725/792
f 1625/729/796 1622/726/793 1621/725/792
f 1625/729/796 1614/718/785 1622/726/793
f 1614/718/785 1623/727/794 1622/726/793
f 1614/718/785 1615/719/786 1623/727/794
f 1615/719/786 1620/724/791 1623/727/794
f 1615/719/786 1626/730/797 1620/724/791
f 1626/730/797 1619/723/790 1620/724/791
f 1626/730/797 1627/731/798 1619/723/790
f 1444/521/581 1614/718/785 1445/522/582
f 1614/718/785 1446/523/583 1445/522/582
f 1614/718/785 1625/729/796 1446/523/583
f 1625/729/796 1443/520/580 1446/523/583
f 1625/729/796 1624/728/795 1443/520/580
f 1624/728/795 1442/519/579 1443/520/580
f 1624/728/795 1621/725/792 1442/519/579
f 1621/725/792 1441/518/578 1442/519/579
f 1621/725/792 1616/720/787 1441/518/578
f 1616/720/787 1440/517/577 1441/518/578
f 1616/720/787 1439/516/576 1440/517/577
f 1444/521/581 1447/524/584 1628/732/799
f 1447/524/584 1629/733/800 1628/732/799
f 1447/524/584 1448/525/585 1629/733/800
f 1449/526/586 1630/734/801 1448/525/585
f 1630/734/801 1629/733/800 1448/525/585
f 1630/734/801 1631/735/802 1629/733/800
f 1450/527/587 1449/526/586 1263/371/430
f 1449/526/586 1450/527/587 1630/734/801
f 1450/527/587 1631/735/802 1630/734/801
f 1450/527/587 1460/537/597 1631/735/802
f 1460/537/597 1632/736/803 1631/735/802
f 1460/537/597 1464/541/601 1632/736/803
f 1633/737/804 1635/739/806 1634/738/805
f 1635/739/806 1636/740/807 1634/738/805
f 1637/741/808 1638/742/809 1636/740/807
f 1638/742/809 1634/738/805 1636/740/807
f 1638/742/809 1639/743/810 1634/738/805
f 1639/743/810 1627/731/798 1634/738/805
f 1633/737/804 1634/738/805 1615/719/786
f 1634/738/805 1626/730/797 1615/719/786
f 1634/738/805 1627/731/798 1626/730/797
f 1465/542/602 1637/741/808 1464/541/601
f 1637/741/808 1632/736/803 1464/541/601
f 1637/741/808 1636/740/807 1632/736/803
f 1636/740/807 1631/735/802 1632/736/803
f 1636/740/807 1635/739/806 1631/735/802
f 1635/739/806 1629/733/800 1631/735/802
f 1635/739/806 1633/737/804 1629/733/800
f 1633/737/804 1628/732/799 1629/733/800
f 1633/737/804 1615/719/786 1628/732/799
f 1615/719/786 1444/521/581 1628/732/799
f 1465/542/602 1641/745/812 1640/744/811
f 1465/542/602 1457/534/594 1641/745/812
f 1457/534/594 1642/746/813 1641/745/812
f 1457/534/594 1455/532/592 1642/746/813
f 1455/532/592 1643/747/814 1642/746/813
f 1455/532/592 1453/530/590 1643/747/814
f 1453/530/590 1470/547/607 1643/747/814
f 1453/530/590 1277/385/444 1470/547/607
f 1476/551/611 1644/748/815 1274/382/441
f 1644/748/815 1466/543/603 1274/382/441
f 1644/748/815 1645/749/816 1466/543/603
f 1645/749/816 1467/544/604 1466/543/603
f 1645/749/816 1646/750/817 1467/544/604
f 327/751/818 1491/565/625 330/752/819
f 1491/565/625 332/753/820 330/752/819
f 1491/565/625 1492/566/626 332/753/820
f 1485/558/618 1491/565/625 1482/557/617
f 1491/565/625 328/754/821 1482/557/617
f 1491/565/625 327/751/818 328/754/821
f 1492/566/626 1490/564/624 1651/755/822
f 1490/564/624 1652/756/823 1651/755/822
f 1490/564/624 1493/567/627 1652/756/823
f 1493/567/627 1653/757/824 1652/756/823
f 1651/755/822 1652/756/823 1654/758/825
f 1652/756/823 1655/759/826 1654/758/825
f 1652/756/823 1653/757/824 1655/759/826
f 1653/757/824 1656/760/827 1655/759/826
f 1657/761/828 1659/763/830 1658/762/829
f 1495/569/629 1660/764/831 1496/570/630
f 1503/577/637 1659/763/830 1502/576/636
f 1501/575/635 1661/765/832 1499/573/633
f 1661/765/832 1498/572/632 1499/573/633
f 1503/577/637 1497/571/631 1659/763/830
f 1494/568/628 1662/766/833 1495/569/629
f 1662/766/833 1660/764/831 1495/569/629
f 1662/766/833 1663/767/834 1660/764/831
f 1663/767/834 1664/768/835 1660/764/831
f 1663/767/834 1665/769/836 1664/768/835
f 1666/770/837 1668/772/839 1667/771/838
f 1668/773/839 1669/775/840 1667/774/838
f 1668/773/839 1670/776/841 1669/775/840
f 1671/777/842 1673/779/844 1672/778/843
f 1657/761/828 1675/781/846 1674/780/845
f 1676/782/847 1677/783/848 1661/765/832
f 1677/783/848 1498/572/632 1661/765/832
f 1677/783/848 1678/784/849 1498/572/632
f 1678/784/849 1504/578/638 1498/572/632
f 1678/784/849 1493/567/627 1504/578/638
f 1502/576/636 1659/763/830 1501/575/635
f 1659/763/830 1661/765/832 1501/575/635
f 1659/763/830 1657/761/828 1661/765/832
f 1657/761/828 1676/782/847 1661/765/832
f 1657/761/828 1674/780/845 1676/782/847
f 1672/778/843 1673/779/844 1679/785/850
f 1673/779/844 1669/775/840 1679/785/850
f 1673/786/844 1680/788/851 1669/787/840
f 1680/789/851 1667/774/838 1669/775/840
f 1680/788/851 1664/768/835 1667/771/838
f 1664/768/835 1666/770/837 1667/771/838
f 1664/768/835 1665/769/836 1666/770/837
f 1496/570/630 1660/764/831 1497/571/631
f 1660/764/831 1659/763/830 1497/571/631
f 1660/764/831 1664/768/835 1659/763/830
f 1664/768/835 1658/762/829 1659/763/830
f 1664/768/835 1680/788/851 1658/762/829
f 1680/788/851 1657/761/828 1658/762/829
f 1680/788/851 1673/786/844 1657/761/828
f 1673/786/844 1675/781/846 1657/761/828
f 1673/779/844 1671/777/842 1675/790/846
f 1353/423/483 1516/592/650 1494/568/628
f 1516/592/650 1662/766/833 1494/568/628
f 1516/592/650 1515/591/649 1662/766/833
f 1515/591/649 1513/589/647 1662/766/833
f 1513/589/647 1663/767/834 1662/766/833
f 1513/589/647 1509/585/643 1663/767/834
f 1509/585/643 1665/769/836 1663/767/834
f 1509/585/643 1510/586/644 1665/769/836
f 1510/586/644 1666/770/837 1665/769/836
f 1510/586/644 1508/584/642 1666/770/837
f 1666/770/837 1508/584/642 1668/772/839
f 1508/791/642 1670/776/841 1668/773/839
f 1508/584/642 1505/582/639 1670/792/841
f 1681/793/852 1683/795/854 1682/794/853
f 1684/796/855 1686/798/857 1685/797/856
f 1687/799/858 1681/793/852 1688/800/859
f 1681/793/852 1689/801/860 1688/800/859
f 1681/793/852 1682/794/853 1689/801/860
f 1671/777/842 1672/778/843 1690/802/861
f 1672/778/843 1687/799/858 1690/802/861
f 1672/778/843 1679/785/850 1687/799/858
f 1679/785/850 1681/793/852 1687/799/858
f 1679/785/850 1669/775/840 1681/793/852
f 1669/775/840 1683/795/854 1681/793/852
f 1669/775/840 1670/776/841 1683/795/854
f 1670/776/841 1684/796/855 1683/795/854
f 1670/776/841 1505/579/639 1684/796/855
f 1505/579/639 1686/798/857 1684/796/855
f 1505/579/639 1506/580/640 1686/798/857
f 1523/803/661 1686/798/857 1506/580/640
f 1685/797/856 1686/798/857 186/804/862
f 1686/798/857 185/805/662 186/804/862
f 1686/806/857 1523/603/661 185/604/662
f 1532/614/671 1699/807/863 1533/615/672
f 1694/808/864 1712/810/866 1704/809/865
f 1694/808/864 1695/811/867 1712/810/866
f 1695/811/867 1713/812/868 1712/810/866
f 1695/811/867 1701/813/869 1713/812/868
f 1701/813/869 1714/814/870 1713/812/868
f 1701/813/869 1697/815/871 1714/814/870
f 1532/614/671 1529/611/668 1699/807/863
f 1715/816/872 1527/609/666 1524/606/663
f 1697/815/871 1698/817/873 1714/814/870
f 1698/817/873 1715/816/872 1714/814/870
f 1698/817/873 1699/807/863 1715/816/872
f 1699/807/863 1527/609/666 1715/816/872
f 1699/807/863 1529/611/668 1527/609/666
f 1525/607/684 1540/624/685 1716/818/874
f 1540/624/685 1717/819/875 1716/818/874
f 1718/820/876 1719/821/877 1541/625/686
f 1719/821/877 1543/627/688 1541/625/686
f 1720/822/878 1722/824/880 1721/823/879
f 1721/823/879 1559/643/703 1558/642/702
f 1720/822/878 1723/825/881 1722/824/880
f 1722/824/880 1723/825/881 1724/826/882
f 1723/825/881 1725/827/883 1724/826/882
f 1723/825/881 1726/828/884 1725/827/883
f 1726/828/884 1727/829/885 1725/827/883
f 1727/829/885 1728/830/886 1725/827/883
f 1727/829/885 1729/831/887 1728/830/886
f 1721/823/879 1722/824/880 1559/643/703
f 1722/824/880 1560/644/705 1559/643/703
f 1722/824/880 1561/645/707 1560/644/705
f 1561/645/707 1722/824/880 1562/646/710
f 1722/824/880 1563/647/712 1562/646/710
f 1722/824/880 1724/826/882 1563/647/712
f 1724/826/882 1730/832/888 1563/647/712
f 1724/826/882 1725/827/883 1730/832/888
f 1725/827/883 1731/833/889 1730/832/888
f 1725/827/883 1728/830/886 1731/833/889
f 1732/834/890 165/835/891 1564/649/714
f 165/836/891 166/838/713 1564/837/714
f 1721/839/892 1735/841/894 1720/840/893
f 1745/842/895 1574/668/734 1576/670/736
f 1746/843/896 1748/845/898 1747/844/897
f 1580/674/740 1749/846/899 1581/675/741
f 1583/677/743 1582/676/742 1750/847/900
f 1582/676/742 1751/848/901 1750/847/900
f 1582/676/742 1581/675/741 1751/848/901
f 1752/849/902 1754/851/904 1753/850/903
f 1754/851/904 1755/852/905 1753/850/903
f 1754/851/904 1749/846/899 1755/852/905
f 1749/846/899 1579/673/739 1755/852/905
f 1749/846/899 1580/674/740 1579/673/739
f 1388/459/519 1577/671/737 1578/672/738
f 1577/671/737 1756/853/906 1578/672/738
f 1577/671/737 1572/666/732 1756/853/906
f 1572/666/732 1757/854/907 1756/853/906
f 1572/666/732 1573/667/733 1757/854/907
f 1573/667/733 1758/855/908 1757/854/907
f 1573/667/733 1574/668/734 1758/855/908
f 1574/668/734 1759/856/909 1758/855/908
f 1574/668/734 1745/842/895 1759/856/909
f 1760/857/910 1761/858/911 1747/844/897
f 1761/858/911 1746/843/896 1747/844/897
f 1761/858/911 1762/859/912 1746/843/896
f 1748/845/898 1746/843/896 1752/849/902
f 1746/843/896 1754/851/904 1752/849/902
f 1746/843/896 1762/859/912 1754/851/904
f 1762/859/912 1749/846/899 1754/851/904
f 1762/859/912 1751/848/901 1749/846/899
f 1751/848/901 1581/675/741 1749/846/899
f 1578/672/738 1756/853/906 1579/673/739
f 1756/853/906 1755/852/905 1579/673/739
f 1756/853/906 1757/854/907 1755/852/905
f 1757/854/907 1753/850/903 1755/852/905
f 1757/854/907 1758/855/908 1753/850/903
f 1758/855/908 1752/849/902 1753/850/903
f 1758/855/908 1759/856/909 1752/849/902
f 1759/856/909 1748/845/898 1752/849/902
f 1759/856/909 1745/842/895 1748/845/898
f 1564/649/714 1583/677/743 1732/834/890
f 1583/860/743 1763/862/913 1732/861/890
f 1583/677/743 1750/847/900 1763/863/913
f 1750/847/900 1751/848/901 1763/863/913
f 1751/864/901 1764/866/914 1763/865/913
f 1751/848/901 1762/859/912 1764/867/914
f 1762/859/912 1761/858/911 1764/867/914
f 1761/858/911 1765/868/915 1764/867/914
f 1761/858/911 1760/857/910 1765/868/915
f 1760/857/910 1766/869/916 1765/868/915
f 1760/857/910 1767/870/917 1766/869/916
f 252/871/918 1598/695/761 365/696/762
f 252/871/918 250/872/919 1598/695/761
f 250/872/919 1768/873/920 1598/695/761
f 250/872/919 249/874/921 1768/873/920
f 249/874/921 1769/875/922 1768/873/920
f 249/874/921 233/876/923 1769/875/922
f 1598/695/761 1768/873/920 1586/680/746
f 1768/873/920 1588/682/748 1586/680/746
f 1768/873/920 1769/875/922 1588/682/748
f 1769/875/922 1590/684/750 1588/682/748
f 1593/687/753 1745/842/895 1576/670/736
f 1770/877/924 1593/687/753 1591/685/751
f 1593/687/753 1770/877/924 1745/842/895
f 1770/877/924 1748/845/898 1745/842/895
f 1770/877/924 1771/878/925 1748/845/898
f 1771/878/925 1747/844/897 1748/845/898
f 1771/878/925 1772/879/926 1747/844/897
f 1772/879/926 1760/857/910 1747/844/897
f 1772/879/926 1767/870/917 1760/857/910
f 1773/880/927 1775/882/929 1774/881/928
f 1775/882/929 1776/883/930 1774/881/928
f 1775/882/929 1777/884/931 1776/883/930
f 1777/884/931 1778/885/932 1776/883/930
f 1591/685/751 1592/686/752 1779/886/933
f 1592/686/752 1773/880/927 1779/886/933
f 1592/686/752 1589/683/749 1773/880/927
f 1589/683/749 1775/882/929 1773/880/927
f 1589/683/749 1590/684/750 1775/882/929
f 1590/684/750 1777/884/931 1775/882/929
f 1419/887/934 1420/889/936 1599/888/935
f 1420/889/936 1780/890/937 1599/888/935
f 230/1/1 1599/888/935 1780/890/937
f 230/1/1 231/2/2 1599/888/935
f 156/891/938 153/892/939 1603/707/774
f 135/893/940 136/894/941 1608/712/779
f 136/894/941 1606/710/777 1608/712/779
f 136/894/941 156/891/942 1606/710/777
f 156/891/942 1604/708/775 1606/710/777
f 156/891/942 1603/707/774 1604/708/775
f 153/892/939 154/895/943 1603/707/774
f 154/895/943 1426/503/563 1603/707/774
f 154/895/943 213/705/772 1426/503/563
f 1609/713/780 138/896/944 1608/712/779
f 138/896/944 135/893/940 1608/712/779
f 1607/711/778 1437/514/574 1793/897/945
f 1437/514/574 1613/717/784 1793/897/945
f 1613/717/784 1794/898/946 1793/897/945
f 1613/717/784 1617/721/788 1794/898/946
f 1617/721/788 1795/899/947 1794/898/946
f 1617/721/788 1619/723/790 1795/899/947
f 1619/723/790 1796/900/948 1795/899/947
f 1619/723/790 1627/731/798 1796/900/948
f 1796/900/948 1627/731/798 1797/901/949
f 1627/731/798 1639/743/810 1797/901/949
f 1798/902/950 1797/901/949 1637/741/808
f 1797/901/949 1638/742/809 1637/741/808
f 1797/901/949 1639/743/810 1638/742/809
f 1798/902/950 1637/741/808 1799/903/951
f 1637/741/808 1640/744/811 1799/903/951
f 1637/741/808 1465/542/602 1640/744/811
f 1803/904/952 1805/906/954 1804/905/953
f 199/907/955 1806/909/957 198/908/956
f 199/907/955 361/910/958 1806/909/957
f 361/910/958 1807/911/959 1806/909/957
f 361/910/958 333/912/960 1807/911/959
f 333/912/960 1808/913/961 1807/911/959
f 333/912/960 332/753/820 1808/913/961
f 332/753/820 1651/755/822 1808/913/961
f 332/753/820 1492/566/626 1651/755/822
f 198/908/956 1806/909/957 1803/904/952
f 1806/909/957 1805/906/954 1803/904/952
f 1806/909/957 1807/911/959 1805/906/954
f 1807/911/959 1809/914/962 1805/906/954
f 1807/911/959 1808/913/961 1809/914/962
f 1808/913/961 1810/915/963 1809/914/962
f 1808/913/961 1651/755/822 1810/915/963
f 1651/755/822 1654/758/825 1810/915/963
f 1814/916/964 1816/918/966 1815/917/965
f 1817/919/967 1819/921/969 1818/920/968
f 1819/921/969 1820/922/970 1818/920/968
f 1819/921/969 1821/923/971 1820/922/970
f 1821/923/971 1653/757/824 1820/922/970
f 1821/923/971 1656/760/827 1653/757/824
f 1822/924/972 1817/925/967 1814/916/964
f 1817/925/967 1816/918/966 1814/916/964
f 1817/925/967 1818/926/968 1816/918/966
f 1493/567/627 1678/784/849 1653/757/824
f 1678/784/849 1820/922/970 1653/757/824
f 1678/784/849 1677/783/848 1820/922/970
f 1677/783/848 1676/782/847 1820/922/970
f 1676/782/847 1818/920/968 1820/922/970
f 1676/782/847 1674/780/845 1818/920/968
f 1674/780/845 1816/927/966 1818/920/968
f 1674/928/845 1675/790/846 1816/918/966
f 1675/790/846 1815/917/965 1816/918/966
f 1675/790/846 1671/777/842 1815/917/965
f 1690/802/861 1815/917/965 1671/777/842
f 1690/802/861 1687/799/858 1815/917/965
f 1687/799/858 1823/929/973 1815/917/965
f 1687/799/858 1688/800/859 1823/929/973
f 1712/810/866 1703/930/974 1704/809/865
f 1838/931/975 1837/932/976 1712/810/866
f 1837/932/976 1703/930/974 1712/810/866
f 1837/932/976 1835/933/977 1703/930/974
f 1835/933/977 1829/934/978 1703/930/974
f 1839/935/979 1715/816/872 1524/606/663
f 1712/810/866 1713/812/868 1838/931/975
f 1713/812/868 1840/936/980 1838/931/975
f 1713/812/868 1714/814/870 1840/936/980
f 1714/814/870 1841/937/981 1840/936/980
f 1714/814/870 1715/816/872 1841/937/981
f 1715/816/872 1842/938/982 1841/937/981
f 1715/816/872 1839/935/979 1842/938/982
f 1525/607/664 1716/818/983 1524/606/663
f 1716/818/983 1839/935/979 1524/606/663
f 1716/818/983 1842/938/982 1839/935/979
f 1717/819/875 1843/939/984 1716/818/874
f 1843/939/984 1844/940/985 1716/818/874
f 1843/939/984 1845/941/986 1844/940/985
f 1846/942/987 1845/941/986 1847/943/988
f 1845/941/986 1848/944/989 1847/943/988
f 1845/941/986 1843/939/984 1848/944/989
f 1845/941/986 1846/942/987 1849/945/990
f 1846/942/987 1850/946/991 1849/945/990
f 1846/942/987 1851/947/992 1850/946/991
f 1852/948/993 1850/946/991 1853/949/994
f 1850/946/991 1854/950/995 1853/949/994
f 1850/946/991 1851/947/992 1854/950/995
f 1855/951/996 1857/953/998 1856/952/997
f 1858/954/999 1860/956/1001 1859/955/1000
f 1860/956/1001 1861/957/1002 1859/955/1000
f 1860/956/1001 1862/958/1003 1861/957/1002
f 1862/958/1003 1863/959/1004 1861/957/1002
f 1862/958/1003 1856/952/997 1863/959/1004
f 1856/952/997 1864/960/1005 1863/959/1004
f 1856/952/997 1857/953/998 1864/960/1005
f 1858/954/999 1865/961/1006 1860/956/1001
f 1865/961/1006 1866/962/1007 1860/956/1001
f 1865/961/1006 1867/963/1008 1866/962/1007
f 1867/963/1008 1718/820/876 1866/962/1007
f 1867/963/1008 1719/821/877 1718/820/876
f 1868/964/1009 1869/965/1010 1563/647/712
f 1869/965/1010 1541/625/711 1563/647/712
f 1869/965/1010 1718/820/1011 1541/625/711
f 1563/647/712 1730/832/888 1868/964/1009
f 1730/832/888 1870/966/1012 1868/964/1009
f 1730/832/888 1731/833/889 1870/966/1012
f 1731/833/889 1871/967/1013 1870/966/1012
f 1731/833/889 1872/968/1014 1871/967/1013
f 1873/969/1015 1733/971/1017 1874/970/1016
f 1731/833/889 1728/830/886 1872/968/1014
f 1873/972/1015 1872/974/1014 1733/973/1017
f 1872/968/1014 1729/831/887 1733/971/1017
f 1872/968/1014 1728/830/886 1729/831/887
f 1884/975/1018 1766/869/916 1885/976/1019
f 1766/869/916 1886/977/1020 1885/976/1019
f 1766/869/916 1767/870/917 1886/977/1020
f 234/978/1021 1769/875/922 233/876/923
f 1887/979/1022 1787/981/1024 1888/980/1023
f 1787/981/1024 1781/982/1025 1888/980/1023
f 1889/983/1026 1890/985/1028 1782/984/1027
f 1890/985/1028 1891/986/1029 1782/984/1027
f 1890/985/1028 1892/987/1030 1891/986/1029
f 1777/884/931 1887/979/1022 1778/885/932
f 1887/979/1022 1893/988/1031 1778/885/932
f 1887/979/1022 1888/980/1023 1893/988/1031
f 1888/980/1023 1891/986/1029 1893/988/1031
f 1888/980/1023 1781/982/1025 1891/986/1029
f 1781/982/1025 1782/984/1027 1891/986/1029
f 1590/684/750 1769/875/922 1777/884/931
f 1769/875/922 1887/979/1022 1777/884/931
f 1769/875/922 234/978/1021 1887/979/1022
f 234/978/1021 1787/981/1024 1887/979/1022
f 1779/886/933 1894/989/1032 1591/685/751
f 1894/989/1032 1770/877/924 1591/685/751
f 1894/989/1032 1771/878/925 1770/877/924
f 1895/990/1033 1771/878/925 1896/991/1034
f 1771/878/925 1897/992/1035 1896/991/1034
f 1771/878/925 1894/989/1032 1897/992/1035
f 1771/878/925 1895/990/1033 1772/879/926
f 1895/990/1033 1767/870/917 1772/879/926
f 1895/990/1033 1886/977/1020 1767/870/917
f 1773/880/927 1894/989/1032 1779/886/933
f 1773/880/927 1774/881/928 1894/989/1032
f 1902/993/1036 1894/989/1032 1903/994/1037
f 1894/989/1032 1904/995/1038 1903/994/1037
f 1894/989/1032 1774/881/928 1904/995/1038
f 1895/990/1033 1885/976/1019 1886/977/1020
f 1885/976/1019 1895/990/1033 1905/996/1039
f 1895/990/1033 1906/997/1040 1905/996/1039
f 1895/990/1033 1896/991/1034 1906/997/1040
f 1896/991/1034 1902/993/1036 1906/997/1040
f 1896/991/1034 1897/992/1035 1902/993/1036
f 1897/992/1035 1894/989/1032 1902/993/1036
f 204/998/1041 1926/1000/1043 1925/999/1042
f 204/998/1041 201/1001/1044 1926/1000/1043
f 201/1001/1044 1803/904/952 1926/1000/1043
f 201/1001/1044 198/908/956 1803/904/952
f 1804/905/953 1927/1002/1045 1803/904/952
f 1927/1002/1045 1926/1000/1043 1803/904/952
f 1927/1002/1045 1928/1003/1046 1926/1000/1043
f 1928/1003/1046 1925/999/1042 1926/1000/1043
f 1822/924/972 1814/916/964 1936/1004/1047
f 1814/916/964 1937/1005/1048 1936/1004/1047
f 1814/916/964 1815/917/965 1937/1005/1048
f 1815/917/965 1823/929/973 1937/1005/1048
f 1951/1006/1049 1837/932/976 1838/931/975
f 1945/1007/1050 1944/1009/1052 1952/1008/1051
f 1944/1009/1052 1951/1006/1049 1952/1008/1051
f 1944/1009/1052 1942/1010/1053 1951/1006/1049
f 1942/1010/1053 1837/932/976 1951/1006/1049
f 1945/1007/1050 1952/1008/1051 1940/1011/1054
f 1952/1008/1051 1939/1012/1055 1940/1011/1054
f 1952/1008/1051 1953/1013/1056 1939/1012/1055
f 1953/1013/1056 1946/1014/1057 1939/1012/1055
f 1953/1013/1056 1954/1015/1058 1946/1014/1057
f 1954/1015/1058 1948/1016/1059 1946/1014/1057
f 1954/1015/1058 1950/1017/1060 1948/1016/1059
f 1840/936/980 1951/1006/1049 1838/931/975
f 1841/937/981 1842/938/982 1955/1018/1061
f 1842/938/982 1956/1019/1062 1955/1018/1061
f 1842/938/982 1716/818/983 1956/1019/1062
f 1955/1018/1061 1956/1019/1062 1957/1020/1063
f 1956/1019/1062 1958/1021/1064 1957/1020/1063
f 1956/1019/1062 1959/1022/1065 1958/1021/1064
f 1953/1013/1056 1959/1022/1065 1954/1015/1058
f 1959/1022/1065 1953/1013/1056 1958/1021/1064
f 1953/1013/1056 1957/1020/1063 1958/1021/1064
f 1953/1013/1056 1952/1008/1051 1957/1020/1063
f 1952/1008/1051 1955/1018/1061 1957/1020/1063
f 1952/1008/1051 1951/1006/1049 1955/1018/1061
f 1951/1006/1049 1841/937/981 1955/1018/1061
f 1951/1006/1049 1840/936/980 1841/937/981
f 1960/1023/1066 1962/1025/1068 1961/1024/1067
f 1963/1026/1069 1956/1019/1062 1845/941/1070
f 1956/1019/1062 1844/940/1071 1845/941/1070
f 1956/1019/1062 1716/818/983 1844/940/1071
f 1960/1023/1066 1964/1027/1072 1962/1025/1068
f 1964/1027/1072 1965/1028/1073 1962/1025/1068
f 1964/1027/1072 1966/1029/1074 1965/1028/1073
f 1967/1030/1075 1968/1031/1076 1965/1028/1073
f 1968/1031/1076 1962/1025/1068 1965/1028/1073
f 1968/1031/1076 1969/1032/1077 1962/1025/1068
f 1969/1032/1077 1961/1024/1067 1962/1025/1068
f 1956/1019/1062 1963/1026/1069 1959/1022/1065
f 1963/1026/1069 1970/1033/1078 1959/1022/1065
f 1963/1026/1069 1971/1034/1079 1970/1033/1078
f 1972/1035/1080 1973/1036/1081 1967/1030/1075
f 1973/1036/1081 1968/1031/1076 1967/1030/1075
f 1973/1036/1081 1971/1034/1079 1968/1031/1076
f 1971/1034/1079 1969/1032/1077 1968/1031/1076
f 1971/1034/1079 1963/1026/1069 1969/1032/1077
f 1963/1026/1069 1961/1024/1067 1969/1032/1077
f 1963/1026/1069 1845/941/1070 1961/1024/1067
f 1845/941/1070 1960/1023/1066 1961/1024/1067
f 1845/941/1070 1849/945/1082 1960/1023/1066
f 1849/945/1082 1964/1027/1072 1960/1023/1066
f 1849/945/1082 1850/946/1083 1964/1027/1072
f 1850/946/1083 1966/1029/1074 1964/1027/1072
f 1850/946/1083 1852/948/1084 1966/1029/1074
f 1853/949/994 1974/1037/1085 1852/948/993
f 1853/949/994 1975/1038/1086 1974/1037/1085
f 1975/1038/1086 1976/1039/1087 1974/1037/1085
f 1975/1038/1086 1977/1040/1088 1976/1039/1087
f 1978/1041/1089 1980/1043/1091 1979/1042/1090
f 1978/1041/1089 1981/1044/1092 1980/1043/1091
f 1981/1044/1092 1856/952/997 1980/1043/1091
f 1981/1044/1092 1855/951/996 1856/952/997
f 1982/1045/1093 1984/1047/1095 1983/1046/1094
f 1985/1048/1096 1987/1050/1098 1986/1049/1097
f 1988/1051/1099 1987/1050/1098 1989/1052/1100
f 1862/958/1101 1860/956/1102 1988/1051/1099
f 1860/956/1102 1987/1050/1098 1988/1051/1099
f 1860/956/1102 1866/962/1103 1987/1050/1098
f 1866/962/1103 1986/1049/1097 1987/1050/1098
f 1866/962/1103 1718/820/1011 1986/1049/1097
f 1856/1053/1104 1991/1055/1106 1990/1054/1105
f 1991/1056/1106 1992/1058/1107 1990/1057/1105
f 1993/1059/1108 1994/1060/1109 1983/1046/1094
f 1994/1060/1109 1982/1045/1093 1983/1046/1094
f 1994/1060/1109 1995/1061/1110 1982/1045/1093
f 1996/1062/1111 1997/1063/1112 1993/1059/1108
f 1997/1063/1112 1994/1060/1109 1993/1059/1108
f 1997/1063/1112 1992/1058/1107 1994/1060/1109
f 1992/1058/1107 1995/1061/1110 1994/1060/1109
f 1992/1058/1107 1991/1056/1106 1995/1061/1110
f 1998/1064/1113 1984/1047/1095 1985/1048/1096
f 1984/1047/1095 1987/1050/1098 1985/1048/1096
f 1984/1047/1095 1982/1045/1093 1987/1050/1098
f 1982/1045/1093 1989/1052/1100 1987/1050/1098
f 1982/1045/1093 1995/1061/1110 1989/1052/1100
f 1995/1061/1110 1988/1051/1099 1989/1052/1100
f 1995/1061/1110 1991/1056/1106 1988/1051/1099
f 1991/1056/1106 1862/958/1101 1988/1051/1099
f 1991/1056/1106 1856/952/1104 1862/958/1101
f 1998/1064/1113 1985/1048/1096 1999/1065/1114
f 1985/1048/1096 2000/1066/1115 1999/1065/1114
f 1985/1048/1096 2001/1067/1116 2000/1066/1115
f 2002/1068/1117 1868/964/1009 1870/966/1012
f 1868/964/1009 2002/1068/1117 1869/965/1010
f 2002/1068/1117 1718/820/1011 1869/965/1010
f 2002/1068/1117 2001/1067/1116 1718/820/1011
f 2001/1067/1116 1986/1049/1097 1718/820/1011
f 2001/1067/1116 1985/1048/1096 1986/1049/1097
f 1999/1065/1114 2000/1066/1115 2003/1069/1118
f 2000/1066/1115 2004/1070/1119 2003/1069/1118
f 2000/1066/1115 2001/1067/1116 2004/1070/1119
f 2001/1067/1116 2005/1071/1120 2004/1070/1119
f 2001/1067/1116 2002/1068/1117 2005/1071/1120
f 2002/1068/1117 1871/967/1013 2005/1071/1120
f 2002/1068/1117 1870/966/1012 1871/967/1013
f 2005/1071/1120 1871/967/1013 2006/1072/1121
f 1871/967/1013 1872/968/1014 2006/1072/1121
f 2007/1073/1122 2004/1070/1119 2008/1074/1123
f 2004/1070/1119 2009/1075/1124 2008/1074/1123
f 2004/1070/1119 2005/1071/1120 2009/1075/1124
f 2005/1071/1120 2010/1076/1125 2009/1075/1124
f 2005/1071/1120 2006/1072/1121 2010/1076/1125
f 2007/1073/1122 2011/1077/1126 2004/1070/1119
f 2011/1077/1126 2003/1069/1118 2004/1070/1119
f 2011/1077/1126 2012/1078/1127 2003/1069/1118
f 2012/1078/1127 1999/1065/1114 2003/1069/1118
f 2012/1078/1127 2013/1079/1128 1999/1065/1114
f 1884/975/1018 1885/976/1019 2020/1080/1129
f 1885/976/1019 2022/1081/1130 2020/1080/1129
f 1885/976/1019 1905/996/1039 2022/1081/1130
f 1890/985/1028 2026/1082/1131 1892/987/1030
f 1910/1083/1132 1890/985/1028 1889/983/1026
f 1890/985/1028 1910/1083/1132 2026/1082/1131
f 1910/1083/1132 2027/1084/1133 2026/1082/1131
f 1910/1083/1132 1911/1085/1134 2027/1084/1133
f 1911/1085/1134 1913/1086/1135 2027/1084/1133
f 1913/1086/1135 2028/1087/1136 2027/1084/1133
f 1913/1086/1135 1914/1088/1137 2028/1087/1136
f 1914/1088/1137 2029/1089/1138 2028/1087/1136
f 1914/1088/1137 1907/1090/1139 2029/1089/1138
f 2033/1091/1140 1921/1093/1142 1922/1092/1141
f 2033/1091/1140 2029/1094/1138 1921/1093/1142
f 2029/1089/1138 1908/1096/1143 1921/1095/1142
f 2029/1089/1138 1907/1090/1139 1908/1096/1143
f 1950/1017/1060 1954/1015/1058 2039/1097/1144
f 1954/1015/1058 2040/1098/1145 2039/1097/1144
f 1954/1015/1058 1959/1022/1065 2040/1098/1145
f 1971/1034/1079 2041/1099/1146 1970/1033/1078
f 2041/1099/1146 1959/1022/1065 1970/1033/1078
f 2041/1099/1146 2040/1098/1145 1959/1022/1065
f 2041/1099/1146 1971/1034/1079 2042/1100/1147
f 1971/1034/1079 2043/1101/1148 2042/1100/1147
f 1971/1034/1079 1973/1036/1081 2043/1101/1148
f 1973/1036/1081 2044/1102/1149 2043/1101/1148
f 2044/1102/1149 1973/1036/1081 2045/1103/1150
f 1973/1036/1081 2046/1104/1151 2045/1103/1150
f 1973/1036/1081 1972/1035/1080 2046/1104/1151
f 1972/1035/1080 2048/1106/1153 2047/1105/1152
f 1972/1035/1080 1967/1030/1075 2048/1106/1153
f 1967/1030/1075 2049/1107/1154 2048/1106/1153
f 1967/1030/1075 1965/1028/1073 2049/1107/1154
f 1965/1028/1073 2050/1108/1155 2049/1107/1154
f 1965/1028/1073 1966/1029/1074 2050/1108/1155
f 1966/1109/1074 2051/1111/1156 2050/1110/1155
f 1966/1109/1074 1852/1112/1084 2051/1111/1156
f 2052/1113/1157 2053/1114/1158 2051/1111/1156
f 2053/1114/1158 2050/1110/1155 2051/1111/1156
f 2053/1115/1158 2054/1116/1159 2050/1108/1155
f 2054/1116/1159 2049/1107/1154 2050/1108/1155
f 2054/1116/1159 2055/1117/1160 2049/1107/1154
f 2055/1117/1160 2048/1106/1153 2049/1107/1154
f 2055/1117/1160 2056/1118/1161 2048/1106/1153
f 2056/1118/1161 2047/1105/1152 2048/1106/1153
f 1974/1119/1162 2051/1111/1156 1852/1112/1084
f 2057/1120/1163 2059/1122/1165 2058/1121/1164
f 2057/1120/1163 2060/1123/1166 2059/1122/1165
f 2060/1123/1166 2061/1124/1167 2059/1122/1165
f 2060/1123/1166 2062/1125/1168 2061/1124/1167
f 2062/1125/1168 2063/1126/1169 2061/1124/1167
f 2063/1126/1169 2064/1127/1170 2061/1124/1167
f 2063/1126/1169 2065/1128/1171 2064/1127/1170
f 2065/1128/1171 2066/1129/1172 2064/1127/1170
f 2065/1128/1171 2052/1113/1157 2066/1129/1172
f 2052/1113/1157 2067/1130/1173 2066/1129/1172
f 2052/1113/1157 2051/1111/1156 2067/1130/1173
f 2051/1111/1156 1976/1131/1174 2067/1130/1173
f 2051/1111/1156 1974/1119/1162 1976/1131/1174
s 0
f 1976/1039/1175 1977/1040/1088 2068/1132/1176
f 1977/1040/1088 2069/1133/1178 2068/1132/1177
f 2069/1133/1179 2070/1134/1181 2068/1132/1180
f 2070/1134/1182 2071/1135/1183 2068/1132/1180
f 2070/1134/1181 2072/1136/1185 2071/1135/1184
f 2073/1137/1186 2075/1139/1188 2074/1138/1187
f 2076/1140/1189 1978/1041/1191 1979/1042/1190
f 1978/1041/1192 2076/1140/1194 2077/1141/1193
f 2076/1140/1195 2078/1142/1197 2077/1141/1196
f 2076/1140/1198 2075/1139/1188 2078/1142/1197
f 2075/1139/1199 2079/1143/1200 2078/1142/1197
f 2075/1139/1201 2073/1137/1203 2079/1143/1202
s 1
f 1980/1144/1204 2080/1146/1206 1979/1145/1205
f 1856/1053/1104 2081/1147/1207 1980/1144/1204
f 2081/1147/1207 2080/1146/1206 1980/1144/1204
f 2081/1147/1207 2082/1148/1208 2080/1146/1206
f 2082/1148/1208 2083/1149/1209 2080/1146/1206
f 2082/1148/1208 2084/1150/1210 2083/1149/1209
f 2084/1150/1210 2085/1151/1211 2083/1149/1209
f 2084/1150/1210 2086/1152/1212 2085/1151/1211
f 2086/1152/1212 2087/1153/1213 2085/1151/1211
f 2086/1152/1212 2088/1154/1214 2087/1153/1213
f 2088/1154/1214 2089/1155/1215 2087/1153/1213
f 2088/1154/1214 2090/1156/1216 2089/1155/1215
f 2090/1156/1216 2091/1157/1217 2089/1155/1215
f 2090/1156/1216 2092/1158/1218 2091/1157/1217
f 2092/1158/1218 2093/1159/1219 2091/1157/1217
f 2092/1158/1218 2094/1160/1220 2093/1159/1219
f 2094/1160/1220 2095/1161/1221 2093/1159/1219
f 1856/1053/1104 2096/1162/1222 2081/1147/1207
f 1856/1053/1104 1990/1054/1105 2096/1162/1222
f 1990/1057/1105 2097/1164/1223 2096/1163/1222
f 1990/1057/1105 1992/1058/1107 2097/1164/1223
f 1992/1058/1107 2098/1165/1224 2097/1164/1223
f 1992/1058/1107 1997/1063/1112 2098/1165/1224
f 2099/1166/1225 2101/1168/1227 2100/1167/1226
f 1996/1062/1111 2101/1168/1227 1997/1063/1112
f 2101/1168/1227 2098/1165/1224 1997/1063/1112
f 2101/1168/1227 2099/1166/1225 2098/1165/1224
f 2099/1166/1225 2097/1164/1223 2098/1165/1224
f 2099/1166/1225 2102/1169/1228 2097/1164/1223
f 2102/1169/1228 2096/1163/1222 2097/1164/1223
f 2102/1169/1228 2103/1170/1229 2096/1163/1222
f 2103/1171/1229 2081/1147/1207 2096/1162/1222
f 2103/1171/1229 2082/1148/1208 2081/1147/1207
f 1996/1062/1111 2105/1173/1231 2104/1172/1230
f 1996/1062/1111 1993/1059/1108 2105/1173/1231
f 2105/1173/1231 1993/1059/1108 2106/1174/1232
f 1993/1059/1108 2107/1175/1233 2106/1174/1232
f 1993/1059/1108 1983/1046/1094 2107/1175/1233
f 2107/1175/1233 1983/1046/1094 2108/1176/1234
f 1983/1046/1094 2109/1177/1235 2108/1176/1234
f 1983/1046/1094 1984/1047/1095 2109/1177/1235
f 2109/1177/1235 1984/1047/1095 2110/1178/1236
f 1984/1047/1095 2111/1179/1237 2110/1178/1236
f 1984/1047/1095 1998/1064/1113 2111/1179/1237
f 2112/1180/1238 2111/1179/1237 2013/1079/1128
f 2111/1179/1237 1999/1065/1114 2013/1079/1128
f 2111/1179/1237 1998/1064/1113 1999/1065/1114
f 2040/1098/1145 2128/1181/1239 2039/1097/1144
f 2128/1181/1239 2038/1182/1240 2039/1097/1144
f 2128/1181/1239 2127/1183/1241 2038/1182/1240
f 2129/1184/1242 2131/1186/1244 2130/1185/1243
f 2127/1183/1241 2132/1188/1246 2125/1187/1245
f 2132/1188/1246 2133/1189/1247 2125/1187/1245
f 2132/1188/1246 2131/1186/1244 2133/1189/1247
f 2131/1186/1244 2134/1190/1248 2133/1189/1247
f 2131/1186/1244 2129/1184/1242 2134/1190/1248
f 2043/1101/1148 2132/1188/1246 2042/1100/1147
f 2132/1188/1246 2041/1099/1146 2042/1100/1147
f 2132/1188/1246 2127/1183/1241 2041/1099/1146
f 2127/1183/1241 2040/1098/1145 2041/1099/1146
f 2127/1183/1241 2128/1181/1239 2040/1098/1145
f 2043/1101/1148 2044/1102/1149 2132/1188/1246
f 2044/1102/1149 2131/1186/1244 2132/1188/1246
f 2044/1102/1149 2045/1103/1150 2131/1186/1244
f 2045/1103/1150 2130/1185/1243 2131/1186/1244
f 2045/1103/1150 2046/1104/1249 2130/1185/1243
f 1972/1035/1080 2047/1105/1152 2046/1104/1151
f 2047/1105/1152 2135/1191/1250 2046/1104/1151
f 2136/1192/1251 2138/1194/1253 2137/1193/1252
f 2138/1194/1253 2136/1192/1251 2056/1118/1161
f 2136/1192/1251 2047/1105/1152 2056/1118/1161
f 2136/1192/1251 2139/1195/1254 2047/1105/1152
f 2139/1195/1254 2135/1191/1250 2047/1105/1152
f 2063/1126/1169 2140/1196/1255 2065/1128/1171
f 2141/1197/1256 2143/1199/1258 2142/1198/1257
f 2144/1200/1259 2146/1202/1261 2145/1201/1260
f 2065/1128/1171 2140/1196/1255 2052/1113/1157
f 2140/1196/1255 2053/1114/1158 2052/1113/1157
f 2140/1203/1255 2147/1204/1262 2053/1115/1158
f 2147/1204/1262 2054/1116/1159 2053/1115/1158
f 2147/1204/1262 2146/1202/1261 2054/1116/1159
f 2146/1202/1261 2055/1117/1160 2054/1116/1159
f 2146/1202/1261 2144/1200/1259 2055/1117/1160
f 2144/1200/1259 2056/1118/1161 2055/1117/1160
f 2062/1125/1168 2148/1205/1263 2063/1126/1169
f 2148/1205/1263 2140/1196/1255 2063/1126/1169
f 2148/1205/1263 2149/1206/1264 2140/1196/1255
f 2149/1207/1264 2147/1204/1262 2140/1203/1255
f 2149/1207/1264 2143/1199/1258 2147/1204/1262
f 2143/1199/1258 2146/1202/1261 2147/1204/1262
f 2143/1199/1258 2141/1197/1256 2146/1202/1261
f 2141/1197/1256 2145/1201/1260 2146/1202/1261
f 2061/1124/1265 2150/1208/1267 2059/1122/1266
f 2150/1208/1267 2058/1121/1268 2059/1122/1266
f 2150/1208/1267 2151/1209/1269 2058/1121/1268
f 2152/1210/1270 2154/1212/1272 2153/1211/1271
f 2154/1212/1272 2151/1209/1269 2153/1211/1271
f 2154/1212/1272 2155/1213/1273 2151/1209/1269
f 2155/1213/1273 2058/1121/1268 2151/1209/1269
f 2064/1127/1170 2156/1214/1274 2061/1124/1167
f 2157/1215/1275 2159/1217/1277 2158/1216/1276
f 2064/1127/1170 2066/1129/1172 2156/1214/1274
f 2066/1129/1172 2160/1218/1278 2156/1214/1274
f 2160/1218/1278 2161/1219/1279 2156/1214/1274
f 2160/1218/1278 2162/1220/1280 2161/1219/1279
f 2162/1220/1280 2157/1215/1275 2161/1219/1279
f 2162/1220/1280 2163/1221/1281 2157/1215/1275
f 2163/1221/1281 2159/1217/1277 2157/1215/1275
f 2163/1221/1281 2164/1222/1282 2159/1217/1277
f 2067/1130/1173 2160/1218/1278 2066/1129/1172
f 2068/1223/1283 2067/1130/1173 1976/1131/1174
f 2067/1130/1173 2068/1223/1283 2160/1218/1278
f 2068/1223/1283 2162/1220/1280 2160/1218/1278
f 2068/1132/1283 2071/1135/1284 2162/1224/1280
f 2071/1135/1284 2163/1225/1281 2162/1224/1280
f 2071/1135/1284 2164/1226/1282 2163/1225/1281
f 2165/1227/1285 2167/1229/1287 2166/1228/1286
f 2143/1199/1258 2165/1227/1285 2142/1198/1257
f 2165/1227/1285 2143/1199/1258 2167/1229/1287
f 2143/1199/1258 2168/1230/1288 2167/1229/1287
f 2143/1199/1258 2149/1207/1264 2168/1230/1288
f 2149/1206/1264 2169/1232/1289 2168/1231/1288
f 2149/1206/1264 2148/1205/1263 2169/1232/1289
f 2148/1205/1263 2060/1123/1166 2169/1232/1289
f 2148/1205/1263 2062/1125/1168 2060/1123/1166
f 2170/1233/1290 2057/1120/1163 2058/1121/1164
f 2057/1120/1163 2170/1233/1290 2171/1234/1291
f 2170/1233/1290 2172/1235/1292 2171/1234/1291
f 2170/1233/1290 2173/1236/1293 2172/1235/1292
f 2174/1237/1294 2176/1239/1296 2175/1238/1295
f 2176/1239/1296 2177/1240/1297 2175/1238/1295
f 2172/1241/1292 2173/1242/1293 2174/1237/1294
f 2173/1236/1293 2176/1244/1296 2174/1243/1294
f 2173/1236/1293 2178/1245/1298 2176/1244/1296
f 2178/1246/1298 2177/1240/1297 2176/1239/1296
f 2178/1246/1298 2179/1247/1299 2177/1240/1297
f 2167/1229/1287 2180/1248/1300 2166/1228/1286
f 2181/1249/1301 2174/1237/1294 2182/1250/1302
f 2174/1237/1294 2183/1251/1303 2182/1250/1302
f 2174/1237/1294 2175/1238/1295 2183/1251/1303
f 2180/1248/1300 2167/1229/1287 2181/1249/1301
f 2167/1229/1287 2174/1237/1294 2181/1249/1301
f 2167/1229/1287 2168/1230/1288 2174/1237/1294
f 2168/1230/1288 2172/1241/1292 2174/1237/1294
f 2168/1231/1288 2169/1232/1289 2172/1235/1292
f 2169/1232/1289 2171/1234/1291 2172/1235/1292
f 2169/1232/1289 2060/1123/1166 2171/1234/1291
f 2060/1123/1166 2057/1120/1163 2171/1234/1291
f 2184/1252/1304 2186/1254/1306 2185/1253/1305
s 0
f 2186/1254/1307 2072/1136/1309 2185/1253/1308
f 2186/1254/1310 2071/1135/1183 2072/1136/1311
s 1
f 2187/1255/1312 2189/1257/1314 2188/1256/1313
s 0
f 2189/1257/1315 2075/1139/1188 2188/1256/1316
f 2189/1257/1315 2074/1138/1317 2075/1139/1201
s 1
f 2075/1139/1318 2076/1140/1320 2190/1258/1319
f 2076/1140/1320 2191/1259/1321 2190/1258/1319
f 2076/1260/1320 2192/1262/1322 2191/1261/1321
f 2192/1262/1322 2076/1260/1320 2083/1149/1209
f 2076/1260/1320 2080/1146/1206 2083/1149/1209
f 2076/1260/1320 1979/1145/1205 2080/1146/1206
f 2193/1263/1323 2195/1265/1325 2194/1264/1324
f 2196/1266/1326 2198/1268/1328 2197/1267/1327
f 2199/1269/1329 2200/1271/1330 2197/1270/1327
f 2200/1272/1330 2196/1266/1326 2197/1267/1327
f 2200/1271/1330 2201/1274/1331 2196/1273/1326
f 2094/1160/1220 2202/1275/1332 2095/1161/1221
f 2202/1275/1332 2203/1276/1333 2095/1161/1221
f 2202/1275/1332 2198/1268/1328 2203/1276/1333
f 2198/1268/1328 2204/1277/1334 2203/1276/1333
f 2198/1268/1328 2196/1266/1326 2204/1277/1334
f 2199/1269/1329 2197/1270/1327 2205/1278/1335
f 2197/1270/1327 2206/1279/1336 2205/1278/1335
f 2197/1267/1327 2198/1268/1328 2206/1280/1336
f 2198/1268/1328 2207/1281/1337 2206/1280/1336
f 2198/1268/1328 2202/1275/1332 2207/1281/1337
f 2205/1278/1335 2206/1279/1336 2193/1263/1323
f 2206/1279/1336 2195/1265/1325 2193/1263/1323
f 2206/1280/1336 2207/1281/1337 2195/1282/1325
f 2207/1283/1337 2208/1284/1338 2195/1265/1325
f 2207/1281/1337 2202/1275/1332 2208/1285/1338
f 2202/1275/1332 2209/1286/1339 2208/1285/1338
f 2202/1275/1332 2094/1160/1220 2209/1286/1339
f 2094/1160/1220 2092/1158/1218 2209/1286/1339
f 2090/1156/1216 2209/1286/1339 2092/1158/1218
f 2195/1265/1325 2210/1287/1340 2194/1264/1324
f 2090/1156/1216 2211/1288/1341 2209/1286/1339
f 2211/1288/1341 2208/1285/1338 2209/1286/1339
f 2211/1288/1341 2212/1289/1342 2208/1285/1338
f 2212/1290/1342 2195/1265/1325 2208/1284/1338
f 2212/1290/1342 2213/1291/1343 2195/1265/1325
f 2213/1291/1343 2210/1287/1340 2195/1265/1325
f 2213/1291/1343 2214/1292/1344 2210/1287/1340
f 2215/1293/1345 2099/1166/1225 2100/1167/1226
f 2088/1154/1214 2211/1288/1341 2090/1156/1216
f 2084/1150/1210 2216/1294/1346 2086/1152/1212
f 2216/1294/1346 2088/1154/1214 2086/1152/1212
f 2103/1171/1229 2084/1150/1210 2082/1148/1208
f 2213/1291/1343 2217/1295/1347 2214/1292/1344
f 2088/1154/1214 2216/1294/1346 2211/1288/1341
f 2216/1294/1346 2212/1289/1342 2211/1288/1341
f 2216/1294/1346 2218/1296/1348 2212/1289/1342
f 2218/1297/1348 2213/1291/1343 2212/1290/1342
f 2218/1297/1348 2219/1298/1349 2213/1291/1343
f 2219/1298/1349 2217/1295/1347 2213/1291/1343
f 2219/1298/1349 2220/1299/1350 2217/1295/1347
f 2084/1150/1210 2103/1171/1229 2216/1294/1346
f 2103/1170/1229 2218/1297/1348 2216/1300/1346
f 2103/1170/1229 2102/1169/1228 2218/1297/1348
f 2102/1169/1228 2219/1298/1349 2218/1297/1348
f 2102/1169/1228 2099/1166/1225 2219/1298/1349
f 2099/1166/1225 2220/1299/1350 2219/1298/1349
f 2099/1166/1225 2215/1293/1345 2220/1299/1350
f 2089/1155/1215 2221/1301/1351 2087/1153/1213
f 2085/1151/1211 2192/1262/1322 2083/1149/1209
f 2222/1302/1352 2089/1155/1215 2091/1157/1217
f 2089/1155/1215 2222/1302/1352 2221/1301/1351
f 2222/1302/1352 2223/1303/1353 2221/1301/1351
f 2222/1302/1352 2224/1304/1354 2223/1303/1353
f 2191/1261/1321 2225/1306/1355 2190/1305/1319
f 2225/1306/1355 2226/1307/1356 2190/1305/1319
f 2225/1306/1355 2227/1308/1357 2226/1307/1356
f 2227/1308/1357 2228/1309/1358 2226/1307/1356
f 2227/1308/1357 2225/1306/1355 2224/1304/1354
f 2225/1306/1355 2223/1303/1353 2224/1304/1354
f 2225/1306/1355 2191/1261/1321 2223/1303/1353
f 2191/1261/1321 2221/1301/1351 2223/1303/1353
f 2191/1261/1321 2192/1262/1322 2221/1301/1351
f 2192/1262/1322 2087/1153/1213 2221/1301/1351
f 2192/1262/1322 2085/1151/1211 2087/1153/1213
f 2153/1211/1271 2229/1310/1359 2152/1210/1270
f 2093/1159/1360 2230/1311/1362 2091/1157/1361
f 2153/1211/1271 2231/1312/1363 2229/1310/1359
f 2231/1312/1363 2232/1313/1364 2229/1310/1359
f 2231/1312/1363 2230/1311/1362 2232/1313/1364
f 2230/1311/1362 2095/1161/1365 2232/1313/1364
f 2230/1311/1362 2093/1159/1360 2095/1161/1365
f 2101/1168/1227 1996/1062/1111 2104/1172/1230
f 2233/1314/1366 2235/1316/1368 2234/1315/1367
f 2101/1168/1227 2104/1172/1230 2100/1167/1226
f 2104/1172/1230 2233/1314/1366 2100/1167/1226
f 2104/1172/1230 2236/1317/1369 2233/1314/1366
f 2236/1317/1369 2235/1316/1368 2233/1314/1366
f 2105/1318/1370 2237/1320/1372 2104/1319/1371
f 2238/1321/1373 2239/1323/1375 2113/1322/1374
f 2240/1324/1376 2242/1326/1378 2241/1325/1377
f 2242/1326/1378 2243/1327/1379 2241/1325/1377
f 2242/1326/1378 2244/1328/1380 2243/1327/1379
f 2244/1328/1380 2238/1321/1373 2243/1327/1379
f 2244/1328/1380 2110/1178/1236 2238/1321/1373
f 2110/1178/1236 2239/1323/1375 2238/1321/1373
f 2110/1178/1236 2111/1179/1237 2239/1323/1375
f 2106/1174/1232 2242/1326/1378 2105/1173/1370
f 2242/1326/1378 2237/1329/1372 2105/1173/1370
f 2242/1326/1378 2240/1324/1376 2237/1329/1372
f 2240/1324/1376 2245/1330/1381 2237/1329/1372
f 2110/1178/1236 2244/1328/1380 2109/1177/1235
f 2244/1328/1380 2108/1176/1234 2109/1177/1235
f 2244/1328/1380 2242/1326/1378 2108/1176/1234
f 2242/1326/1378 2107/1175/1233 2108/1176/1234
f 2242/1326/1378 2106/1174/1232 2107/1175/1233
f 2113/1322/1374 2239/1323/1375 2112/1180/1238
f 2239/1323/1375 2111/1179/1237 2112/1180/1238
f 2130/1185/1243 2248/1331/1382 2129/1184/1242
f 2046/1104/1249 2135/1191/1383 2130/1185/1243
f 2135/1191/1383 2248/1331/1382 2130/1185/1243
f 2135/1191/1383 2139/1195/1384 2248/1331/1382
f 2248/1332/1382 2250/1334/1386 2249/1333/1385
f 2139/1195/1384 2136/1192/1387 2248/1331/1382
f 2136/1192/1387 2250/1335/1386 2248/1331/1382
f 2136/1192/1387 2137/1193/1388 2250/1335/1386
f 2251/1336/1389 2141/1197/1256 2142/1198/1257
f 2141/1197/1256 2252/1337/1390 2145/1201/1260
f 2252/1337/1390 2144/1200/1259 2145/1201/1260
f 2252/1337/1390 2253/1338/1391 2144/1200/1259
f 2254/1339/1392 2253/1338/1391 2255/1340/1393
f 2253/1338/1391 2256/1341/1394 2255/1340/1393
f 2253/1338/1391 2252/1337/1390 2256/1341/1394
f 2252/1337/1390 2257/1342/1395 2256/1341/1394
f 2252/1337/1390 2141/1197/1256 2257/1342/1395
f 2141/1197/1256 2258/1343/1396 2257/1342/1395
f 2141/1197/1256 2251/1336/1389 2258/1343/1396
f 2137/1193/1252 2138/1194/1253 2254/1339/1392
f 2138/1194/1253 2253/1338/1391 2254/1339/1392
f 2138/1194/1253 2056/1118/1161 2253/1338/1391
f 2056/1118/1161 2144/1200/1259 2253/1338/1391
f 2259/1344/1397 2261/1346/1399 2260/1345/1398
f 2156/1214/1400 2161/1219/1402 2262/1347/1401
f 2161/1219/1402 2263/1348/1403 2262/1347/1401
f 2161/1219/1402 2157/1215/1404 2263/1348/1403
f 2157/1215/1404 2264/1349/1405 2263/1348/1403
f 2157/1215/1404 2158/1216/1406 2264/1349/1405
f 2151/1209/1269 2150/1208/1267 2262/1347/1401
f 2150/1208/1267 2156/1214/1400 2262/1347/1401
f 2150/1208/1267 2061/1124/1265 2156/1214/1400
f 2151/1209/1269 2262/1347/1401 2265/1350/1407
f 2262/1347/1401 2266/1351/1408 2265/1350/1407
f 2262/1347/1401 2263/1348/1403 2266/1351/1408
f 2263/1348/1403 2259/1344/1397 2266/1351/1408
f 2263/1348/1403 2264/1349/1405 2259/1344/1397
f 2264/1349/1405 2261/1346/1399 2259/1344/1397
f 2264/1349/1405 2158/1216/1406 2261/1346/1399
f 2267/1352/1409 2268/1353/1410 2260/1345/1398
f 2268/1353/1410 2259/1344/1397 2260/1345/1398
f 2268/1353/1410 2269/1354/1411 2259/1344/1397
f 2269/1354/1411 2266/1351/1408 2259/1344/1397
f 2269/1354/1411 2270/1355/1412 2266/1351/1408
f 2270/1355/1412 2265/1350/1407 2266/1351/1408
f 2270/1355/1412 2153/1211/1271 2265/1350/1407
f 2153/1211/1271 2151/1209/1269 2265/1350/1407
f 2179/1247/1299 2272/1357/1414 2271/1356/1413
f 2152/1210/1270 2273/1358/1415 2154/1212/1272
f 2273/1358/1415 2155/1213/1273 2154/1212/1272
f 2179/1247/1299 2178/1246/1298 2272/1357/1414
f 2178/1245/1298 2274/1360/1416 2272/1359/1414
f 2178/1245/1298 2173/1236/1293 2274/1360/1416
f 2173/1236/1293 2273/1358/1415 2274/1360/1416
f 2173/1236/1293 2170/1233/1417 2273/1358/1415
f 2170/1233/1417 2155/1213/1273 2273/1358/1415
f 2170/1233/1417 2058/1121/1268 2155/1213/1273
f 2152/1210/1270 2275/1361/1418 2273/1358/1415
f 2275/1361/1418 2274/1360/1416 2273/1358/1415
f 2275/1361/1418 2276/1362/1419 2274/1360/1416
f 2276/1362/1419 2272/1359/1414 2274/1360/1416
f 2276/1362/1419 2277/1363/1420 2272/1359/1414
f 2277/1364/1420 2271/1356/1413 2272/1357/1414
f 2277/1364/1420 2278/1365/1421 2271/1356/1413
f 2158/1216/1276 2280/1367/1423 2279/1366/1422
f 2158/1216/1276 2159/1217/1277 2280/1367/1423
f 2159/1217/1277 2281/1368/1424 2280/1367/1423
f 2159/1217/1277 2164/1222/1282 2281/1368/1424
f 2186/1254/1425 2164/1226/1282 2071/1135/1284
f 2184/1252/1426 2282/1369/1427 2186/1254/1425
f 2282/1369/1427 2164/1226/1282 2186/1254/1425
f 2282/1369/1427 2281/1370/1424 2164/1226/1282
f 2165/1227/1285 2283/1371/1428 2142/1198/1257
f 2283/1371/1428 2251/1336/1389 2142/1198/1257
f 2283/1371/1428 2284/1372/1429 2251/1336/1389
f 2284/1372/1429 2258/1343/1396 2251/1336/1389
f 2183/1251/1303 2285/1373/1430 2182/1250/1302
f 2285/1373/1430 2181/1249/1301 2182/1250/1302
f 2285/1373/1430 2284/1372/1429 2181/1249/1301
f 2284/1372/1429 2180/1248/1300 2181/1249/1301
f 2284/1372/1429 2283/1371/1428 2180/1248/1300
f 2283/1371/1428 2166/1228/1286 2180/1248/1300
f 2283/1371/1428 2165/1227/1285 2166/1228/1286
f 2285/1373/1430 2183/1251/1303 2286/1374/1431
f 2183/1251/1303 2287/1375/1432 2286/1374/1431
f 2183/1251/1303 2175/1238/1295 2287/1375/1432
f 2288/1376/1433 2287/1375/1432 2179/1247/1299
f 2287/1375/1432 2177/1240/1297 2179/1247/1299
f 2287/1375/1432 2175/1238/1295 2177/1240/1297
f 2185/1253/1305 2289/1377/1434 2184/1252/1304
f 2289/1377/1434 2290/1378/1435 2184/1252/1304
f 2289/1377/1434 2291/1379/1436 2290/1378/1435
f 2291/1379/1436 2292/1380/1437 2290/1378/1435
f 2291/1379/1436 2293/1381/1438 2292/1380/1437
s 0
f 2294/1382/1439 2296/1384/1441 2295/1383/1440
s 1
f 2294/1382/1439 2297/1385/1442 2296/1384/1441
f 2292/1380/1437 2293/1381/1438 2298/1386/1443
f 2293/1381/1438 2297/1385/1442 2298/1386/1443
f 2293/1381/1438 2299/1387/1444 2297/1385/1442
f 2299/1387/1444 2300/1388/1445 2297/1385/1442
f 2300/1388/1445 2296/1384/1441 2297/1385/1442
f 2301/1389/1446 2294/1382/1439 2302/1390/1447
f 2294/1382/1439 2303/1391/1448 2302/1390/1447
s 0
f 2294/1382/1439 2295/1383/1449 2303/1391/1448
s 1
f 2304/1392/1450 2306/1394/1452 2305/1393/1451
f 2306/1394/1452 2307/1395/1453 2305/1393/1451
s 0
f 2306/1394/1452 2308/1396/1454 2307/1395/1453
f 2308/1396/1454 2309/1397/1455 2307/1395/1453
s 1
f 2308/1396/1454 2310/1398/1456 2309/1397/1455
f 2310/1398/1456 2311/1399/1457 2309/1397/1455
f 2310/1398/1456 2312/1400/1458 2311/1399/1457
f 2312/1400/1458 2313/1401/1459 2311/1399/1457
f 2313/1401/1459 2314/1402/1460 2311/1399/1457
f 2313/1401/1459 2315/1403/1461 2314/1402/1460
f 2315/1403/1461 2316/1404/1462 2314/1402/1460
f 2315/1403/1461 2317/1405/1463 2316/1404/1462
f 2187/1255/1312 2318/1406/1464 2189/1257/1314
f 2318/1406/1464 2319/1407/1465 2189/1257/1314
f 2318/1406/1464 2317/1405/1463 2319/1407/1465
f 2317/1405/1463 2320/1408/1466 2319/1407/1465
f 2317/1405/1463 2315/1403/1461 2320/1408/1466
f 2190/1258/1319 2188/1256/1467 2075/1139/1318
f 2188/1256/1468 2190/1258/1319 2187/1255/1469
f 2190/1258/1319 2321/1409/1470 2187/1255/1469
f 2190/1258/1319 2322/1410/1471 2321/1409/1470
f 2232/1313/1364 2323/1411/1472 2229/1310/1359
f 2095/1161/1365 2203/1276/1474 2324/1412/1473
f 2203/1276/1474 2325/1413/1475 2324/1412/1473
f 2203/1276/1474 2204/1277/1476 2325/1413/1475
f 2204/1277/1476 2196/1266/1326 2325/1413/1475
f 2325/1413/1475 2196/1266/1326 2326/1414/1477
f 2196/1273/1326 2327/1416/1478 2326/1415/1477
f 2196/1273/1326 2201/1274/1331 2327/1416/1478
f 2229/1310/1359 2323/1411/1472 2152/1210/1270
f 2323/1411/1472 2275/1361/1418 2152/1210/1270
f 2323/1411/1472 2328/1417/1479 2275/1361/1418
f 2328/1417/1479 2276/1362/1419 2275/1361/1418
f 2328/1417/1479 2277/1363/1420 2276/1362/1419
f 2278/1365/1421 2277/1364/1420 2327/1416/1478
f 2277/1364/1420 2326/1415/1477 2327/1416/1478
f 2277/1363/1420 2328/1417/1479 2326/1414/1477
f 2328/1417/1479 2325/1413/1475 2326/1414/1477
f 2328/1417/1479 2323/1411/1472 2325/1413/1475
f 2323/1411/1472 2324/1412/1473 2325/1413/1475
f 2323/1411/1472 2232/1313/1364 2324/1412/1473
f 2232/1313/1364 2095/1161/1365 2324/1412/1473
f 2201/1274/1331 2200/1271/1330 2329/1418/1480
f 2200/1271/1330 2330/1419/1481 2329/1418/1480
f 2200/1271/1330 2199/1269/1329 2330/1419/1481
f 2199/1269/1329 2331/1420/1482 2330/1419/1481
f 2199/1269/1329 2205/1278/1335 2331/1420/1482
f 2205/1278/1335 2193/1263/1323 2331/1420/1482
f 2193/1263/1323 2332/1421/1483 2331/1420/1482
f 2193/1263/1323 2333/1422/1484 2332/1421/1483
f 2334/1423/1485 2336/1425/1487 2335/1424/1486
f 2336/1425/1487 2210/1287/1340 2335/1424/1486
f 2336/1425/1487 2333/1422/1484 2210/1287/1340
f 2333/1422/1484 2194/1264/1324 2210/1287/1340
f 2333/1422/1484 2193/1263/1323 2194/1264/1324
f 2334/1423/1485 2335/1424/1486 2337/1426/1488
f 2335/1424/1486 2338/1427/1489 2337/1426/1488
f 2335/1424/1486 2210/1287/1340 2338/1427/1489
f 2210/1287/1340 2214/1292/1344 2338/1427/1489
f 2337/1426/1488 2338/1427/1489 2339/1428/1490
f 2338/1427/1489 2340/1429/1491 2339/1428/1490
f 2338/1427/1489 2214/1292/1344 2340/1429/1491
f 2214/1292/1344 2217/1295/1347 2340/1429/1491
f 2217/1295/1347 2341/1430/1492 2340/1429/1491
f 2217/1295/1347 2220/1299/1350 2341/1430/1492
f 2220/1299/1350 2342/1431/1493 2341/1430/1492
f 2220/1299/1350 2215/1293/1345 2342/1431/1493
f 2343/1432/1494 2233/1314/1366 2234/1315/1367
f 2340/1429/1491 2341/1430/1492 2344/1433/1495
f 2341/1430/1492 2343/1432/1494 2344/1433/1495
f 2341/1430/1492 2342/1431/1493 2343/1432/1494
f 2342/1431/1493 2233/1314/1366 2343/1432/1494
f 2342/1431/1493 2215/1293/1345 2233/1314/1366
f 2215/1293/1345 2100/1167/1226 2233/1314/1366
f 2190/1305/1319 2345/1435/1496 2322/1434/1471
f 2190/1305/1319 2226/1307/1356 2345/1435/1496
f 2226/1307/1356 2346/1436/1497 2345/1435/1496
f 2226/1307/1356 2228/1309/1358 2346/1436/1497
f 2231/1312/1363 2347/1437/1498 2230/1311/1362
f 2228/1309/1499 2227/1308/1501 2348/1438/1500
f 2227/1308/1501 2349/1439/1502 2348/1438/1500
f 2227/1308/1501 2224/1304/1503 2349/1439/1502
f 2224/1304/1503 2347/1437/1498 2349/1439/1502
f 2224/1304/1503 2222/1302/1504 2347/1437/1498
f 2222/1302/1504 2230/1311/1362 2347/1437/1498
f 2222/1302/1504 2091/1157/1361 2230/1311/1362
f 2350/1440/1505 2352/1442/1507 2351/1441/1506
f 2153/1211/1271 2270/1355/1412 2353/1443/1508
f 2270/1355/1412 2354/1444/1509 2353/1443/1508
f 2270/1355/1412 2269/1354/1411 2354/1444/1509
f 2269/1354/1411 2352/1442/1507 2354/1444/1509
f 2269/1354/1411 2268/1353/1410 2352/1442/1507
f 2268/1353/1410 2351/1441/1506 2352/1442/1507
f 2268/1353/1410 2267/1352/1409 2351/1441/1506
f 2153/1211/1271 2353/1443/1508 2231/1312/1363
f 2353/1443/1508 2347/1437/1498 2231/1312/1363
f 2353/1443/1508 2354/1444/1509 2347/1437/1498
f 2354/1444/1509 2349/1439/1502 2347/1437/1498
f 2354/1444/1509 2352/1442/1507 2349/1439/1502
f 2352/1442/1507 2348/1438/1500 2349/1439/1502
f 2352/1442/1507 2350/1440/1505 2348/1438/1500
f 2350/1440/1505 2228/1309/1499 2348/1438/1500
f 2237/1320/1372 2236/1445/1510 2104/1319/1371
f 2355/1446/1511 2357/1448/1513 2356/1447/1512
f 2245/1449/1381 2357/1448/1513 2237/1320/1372
f 2357/1448/1513 2236/1445/1510 2237/1320/1372
f 2357/1448/1513 2355/1446/1511 2236/1445/1510
f 2355/1446/1511 2235/1450/1514 2236/1445/1510
f 2355/1446/1511 2234/1451/1515 2235/1450/1514
f 2358/1452/1516 2360/1454/1518 2359/1453/1517
f 2360/1454/1518 2361/1455/1519 2359/1453/1517
f 2360/1454/1518 2258/1456/1520 2361/1455/1519
f 2258/1456/1520 2360/1454/1518 2257/1457/1521
f 2360/1454/1518 2256/1458/1522 2257/1457/1521
f 2360/1454/1518 2362/1459/1523 2256/1458/1522
f 2362/1459/1523 2255/1460/1524 2256/1458/1522
f 2362/1459/1523 2363/1461/1525 2255/1460/1524
f 2363/1461/1525 2254/1462/1526 2255/1460/1524
f 2363/1461/1525 2250/1334/1386 2254/1462/1526
f 2250/1334/1386 2137/1463/1388 2254/1462/1526
f 2364/1464/1527 2365/1465/1528 2358/1452/1516
f 2365/1465/1528 2360/1454/1518 2358/1452/1516
f 2365/1465/1528 2366/1466/1529 2360/1454/1518
f 2366/1466/1529 2362/1459/1523 2360/1454/1518
f 2366/1466/1529 2367/1467/1530 2362/1459/1523
f 2367/1467/1530 2363/1461/1525 2362/1459/1523
f 2367/1467/1530 2368/1468/1531 2363/1461/1525
f 2368/1468/1531 2250/1334/1386 2363/1461/1525
f 2368/1468/1531 2249/1333/1385 2250/1334/1386
f 2279/1366/1532 2261/1346/1399 2158/1216/1406
f 2279/1366/1532 2369/1469/1533 2261/1346/1399
f 2260/1345/1398 2371/1471/1535 2370/1470/1534
f 2371/1471/1535 2260/1345/1398 2372/1472/1536
f 2260/1345/1398 2373/1473/1537 2372/1472/1536
f 2260/1345/1398 2261/1346/1399 2373/1473/1537
f 2261/1346/1399 2374/1474/1538 2373/1473/1537
f 2261/1346/1399 2369/1469/1533 2374/1474/1538
f 2267/1352/1409 2260/1345/1398 2375/1475/1539
f 2260/1345/1398 2376/1476/1540 2375/1475/1539
f 2260/1345/1398 2370/1470/1534 2376/1476/1540
f 2271/1356/1413 2288/1376/1433 2179/1247/1299
f 2288/1376/1433 2271/1356/1413 2377/1477/1541
f 2271/1356/1413 2378/1478/1542 2377/1477/1541
f 2271/1356/1413 2379/1479/1543 2378/1478/1542
f 2379/1479/1543 2271/1356/1413 2380/1480/1544
f 2271/1356/1413 2381/1481/1545 2380/1480/1544
f 2271/1356/1413 2382/1482/1546 2381/1481/1545
f 2382/1482/1546 2271/1356/1413 2383/1483/1547
f 2271/1356/1413 2384/1484/1548 2383/1483/1547
f 2271/1356/1413 2278/1365/1421 2384/1484/1548
f 2280/1367/1423 2369/1469/1549 2279/1366/1422
f 2281/1368/1424 2385/1485/1550 2280/1367/1423
f 2385/1485/1550 2369/1469/1549 2280/1367/1423
f 2385/1485/1550 2386/1486/1551 2369/1469/1549
f 2386/1486/1551 2374/1474/1552 2369/1469/1549
f 2386/1487/1551 2387/1489/1553 2374/1488/1552
f 2387/1489/1553 2373/1490/1554 2374/1488/1552
f 2387/1489/1553 2388/1491/1555 2373/1490/1554
f 2388/1491/1555 2389/1492/1556 2373/1490/1554
f 2389/1492/1556 2372/1493/1557 2373/1490/1554
f 2389/1492/1556 2371/1494/1558 2372/1493/1557
f 2282/1369/1427 2385/1495/1550 2281/1370/1424
f 2389/1492/1559 2294/1382/1561 2301/1389/1560
f 2297/1385/1562 2294/1382/1561 2387/1489/1563
f 2294/1382/1561 2388/1491/1564 2387/1489/1563
f 2294/1382/1561 2389/1492/1559 2388/1491/1564
f 2387/1489/1563 2298/1386/1565 2297/1385/1562
f 2387/1489/1563 2386/1487/1551 2298/1386/1565
f 2386/1487/1551 2385/1495/1550 2298/1386/1565
f 2184/1252/1426 2290/1378/1566 2282/1369/1427
f 2290/1378/1566 2385/1495/1550 2282/1369/1427
f 2290/1378/1566 2292/1380/1567 2385/1495/1550
f 2292/1380/1567 2298/1386/1565 2385/1495/1550
f 2358/1452/1516 2390/1496/1568 2364/1464/1527
f 2284/1497/1569 2391/1498/1570 2258/1456/1520
f 2391/1498/1570 2361/1455/1519 2258/1456/1520
f 2391/1498/1570 2392/1499/1571 2361/1455/1519
f 2392/1499/1571 2359/1453/1517 2361/1455/1519
f 2392/1499/1571 2393/1500/1572 2359/1453/1517
f 2393/1500/1572 2358/1452/1516 2359/1453/1517
f 2393/1500/1572 2394/1501/1573 2358/1452/1516
f 2394/1501/1573 2390/1496/1568 2358/1452/1516
f 2395/1502/1574 2397/1504/1576 2396/1503/1575
f 2397/1505/1576 2398/1507/1577 2396/1506/1575
f 2380/1480/1544 2400/1509/1579 2399/1508/1578
f 2401/1510/1580 2403/1512/1582 2402/1511/1581
f 2285/1373/1430 2401/1510/1580 2284/1372/1429
f 2401/1510/1580 2285/1373/1430 2403/1512/1582
f 2285/1373/1430 2404/1513/1583 2403/1512/1582
f 2285/1373/1430 2286/1374/1431 2404/1513/1583
f 2379/1479/1543 2404/1513/1583 2378/1478/1542
f 2404/1513/1583 2377/1477/1541 2378/1478/1542
f 2377/1477/1541 2404/1513/1583 2288/1376/1433
f 2404/1513/1583 2287/1375/1432 2288/1376/1433
f 2404/1513/1583 2286/1374/1431 2287/1375/1432
f 2380/1480/1544 2381/1481/1545 2400/1509/1579
f 2381/1514/1545 2405/1516/1584 2400/1515/1579
f 2381/1514/1545 2382/1517/1546 2405/1516/1584
f 2406/1518/1585 2407/1519/1586 2405/1516/1584
f 2407/1519/1586 2400/1515/1579 2405/1516/1584
f 2407/1520/1586 2398/1521/1577 2400/1509/1579
f 2398/1521/1577 2399/1508/1578 2400/1509/1579
f 2398/1521/1577 2397/1504/1576 2399/1508/1578
f 2402/1511/1581 2403/1512/1582 2395/1502/1574
f 2403/1512/1582 2397/1504/1576 2395/1502/1574
f 2403/1512/1582 2404/1513/1583 2397/1504/1576
f 2404/1513/1583 2399/1508/1578 2397/1504/1576
f 2404/1513/1583 2379/1479/1543 2399/1508/1578
f 2379/1479/1543 2380/1480/1544 2399/1508/1578
f 2301/1389/1446 2302/1390/1447 2408/1522/1587
f 2302/1390/1447 2409/1523/1588 2408/1522/1587
f 2409/1523/1588 2410/1524/1589 2408/1522/1587
f 2410/1524/1589 2411/1525/1590 2408/1522/1587
f 2410/1524/1589 2412/1526/1591 2411/1525/1590
f 2411/1525/1590 2412/1526/1591 2413/1527/1592
f 2412/1526/1591 2414/1528/1593 2413/1527/1592
f 2414/1528/1593 2415/1529/1594 2413/1527/1592
f 2415/1529/1594 2305/1393/1451 2413/1527/1592
f 2415/1529/1594 2304/1392/1450 2305/1393/1451
f 2321/1409/1470 2318/1406/1595 2187/1255/1469
f 2321/1409/1470 2322/1410/1471 2318/1406/1595
f 2322/1410/1471 2416/1530/1596 2318/1406/1595
f 2416/1530/1596 2317/1405/1597 2318/1406/1595
f 2416/1530/1596 2417/1531/1598 2317/1405/1597
f 2317/1405/1597 2417/1531/1598 2316/1404/1599
f 2417/1531/1598 2314/1402/1600 2316/1404/1599
f 2417/1531/1598 2418/1532/1601 2314/1402/1600
f 2418/1532/1601 2419/1533/1602 2314/1402/1600
f 2314/1402/1600 2419/1533/1602 2311/1399/1603
f 2419/1533/1602 2309/1397/1604 2311/1399/1603
f 2419/1533/1602 2420/1534/1605 2309/1397/1604
f 2420/1534/1605 2307/1395/1606 2309/1397/1604
f 2420/1534/1605 2305/1393/1608 2307/1395/1607
f 2329/1418/1480 2327/1416/1478 2201/1274/1331
f 2421/1535/1609 2327/1416/1478 2422/1536/1610
f 2327/1416/1478 2423/1537/1611 2422/1536/1610
f 2327/1416/1478 2424/1538/1612 2423/1537/1611
f 2424/1538/1612 2327/1416/1478 2425/1539/1613
f 2327/1416/1478 2426/1540/1614 2425/1539/1613
f 2327/1416/1478 2329/1418/1480 2426/1540/1614
f 2278/1365/1421 2327/1416/1478 2384/1484/1548
f 2327/1416/1478 2427/1541/1615 2384/1484/1548
f 2327/1416/1478 2421/1535/1609 2427/1541/1615
f 2428/1542/1616 2430/1544/1618 2429/1543/1617
f 2422/1545/1610 2431/1547/1619 2421/1546/1609
f 2432/1548/1620 2425/1539/1613 2426/1540/1614
f 2329/1418/1480 2330/1419/1481 2426/1540/1614
f 2330/1419/1481 2432/1548/1620 2426/1540/1614
f 2330/1419/1481 2331/1420/1482 2432/1548/1620
f 2331/1420/1482 2332/1421/1483 2432/1548/1620
f 2332/1421/1483 2333/1422/1484 2432/1548/1620
f 2333/1422/1484 2433/1549/1621 2432/1548/1620
f 2333/1422/1484 2336/1425/1487 2433/1549/1621
f 2334/1423/1485 2434/1550/1622 2336/1425/1487
f 2434/1550/1622 2433/1549/1621 2336/1425/1487
f 2434/1550/1622 2435/1551/1623 2433/1549/1621
f 2435/1551/1623 2436/1552/1624 2433/1549/1621
f 2437/1553/1625 2431/1547/1619 2430/1554/1618
f 2431/1547/1619 2423/1555/1611 2430/1554/1618
f 2431/1547/1619 2422/1545/1610 2423/1555/1611
f 2437/1553/1625 2430/1554/1618 2438/1556/1626
f 2430/1554/1618 2439/1557/1627 2438/1556/1626
f 2430/1558/1618 2428/1560/1616 2439/1559/1627
f 2428/1561/1616 2440/1562/1628 2439/1557/1627
f 2428/1563/1616 2436/1552/1624 2440/1564/1628
f 2436/1552/1624 2428/1563/1616 2433/1549/1621
f 2428/1563/1616 2432/1548/1620 2433/1549/1621
f 2428/1563/1616 2429/1565/1617 2432/1548/1620
f 2429/1565/1617 2425/1539/1613 2432/1548/1620
f 2429/1565/1617 2430/1566/1618 2425/1539/1613
f 2430/1566/1618 2424/1538/1612 2425/1539/1613
f 2430/1554/1618 2423/1555/1611 2424/1567/1612
f 2337/1568/1629 2441/1570/1631 2334/1569/1630
f 2337/1568/1629 2442/1571/1632 2441/1570/1631
f 2443/1572/1633 2445/1574/1635 2444/1573/1634
f 2445/1574/1635 2442/1571/1632 2444/1573/1634
f 2445/1574/1635 2446/1575/1636 2442/1571/1632
f 2446/1575/1636 2441/1570/1631 2442/1571/1632
f 2339/1576/1637 2442/1571/1632 2337/1568/1629
f 2339/1576/1637 2340/1577/1638 2442/1571/1632
f 2356/1447/1512 2447/1578/1639 2355/1446/1511
f 2447/1578/1639 2448/1579/1640 2355/1446/1511
f 2447/1578/1639 2449/1580/1641 2448/1579/1640
f 2449/1580/1641 2450/1581/1642 2448/1579/1640
f 2449/1580/1641 2451/1582/1643 2450/1581/1642
f 2451/1582/1643 2452/1583/1644 2450/1581/1642
f 2451/1582/1643 2453/1584/1645 2452/1583/1644
f 2444/1573/1634 2442/1571/1632 2453/1584/1645
f 2442/1571/1632 2452/1583/1644 2453/1584/1645
f 2442/1571/1632 2340/1577/1638 2452/1583/1644
f 2340/1577/1638 2450/1581/1642 2452/1583/1644
f 2340/1577/1638 2344/1585/1646 2450/1581/1642
f 2344/1585/1646 2448/1579/1640 2450/1581/1642
f 2344/1585/1646 2343/1586/1647 2448/1579/1640
f 2343/1586/1647 2355/1446/1511 2448/1579/1640
f 2343/1586/1647 2234/1451/1515 2355/1446/1511
f 2345/1435/1496 2416/1587/1596 2322/1434/1471
f 2454/1588/1648 2456/1590/1650 2455/1589/1649
s 0
f 2456/1591/1651 2420/1534/1651 2455/1592/1651
s 1
f 2420/1534/1652 2419/1533/1654 2455/1592/1653
f 2419/1533/1654 2457/1593/1655 2455/1592/1653
f 2419/1533/1654 2418/1532/1656 2457/1593/1655
f 2418/1532/1656 2458/1594/1657 2457/1593/1655
f 2418/1532/1656 2417/1531/1598 2458/1594/1657
f 2417/1595/1598 2459/1597/1658 2458/1596/1657
f 2417/1595/1598 2416/1587/1596 2459/1597/1658
f 2416/1587/1596 2346/1436/1497 2459/1597/1658
f 2416/1587/1596 2345/1435/1496 2346/1436/1497
f 2455/1589/1659 2457/1598/1660 2351/1441/1506
f 2457/1598/1660 2350/1440/1505 2351/1441/1506
f 2350/1440/1505 2346/1436/1661 2228/1309/1499
f 2346/1436/1661 2350/1440/1505 2459/1597/1662
f 2350/1440/1505 2458/1596/1663 2459/1597/1662
f 2350/1440/1505 2457/1598/1660 2458/1596/1663
f 2455/1589/1659 2351/1441/1506 2454/1588/1664
f 2351/1441/1506 2375/1475/1539 2454/1588/1664
f 2351/1441/1506 2267/1352/1409 2375/1475/1539
f 2468/1599/1665 2470/1601/1667 2469/1600/1666
f 2375/1475/1668 2376/1476/1669 2468/1602/1665
f 2376/1603/1669 2470/1601/1667 2468/1599/1665
f 2376/1603/1669 2370/1604/1670 2470/1601/1667
f 2370/1604/1670 2389/1492/1556 2470/1601/1667
f 2370/1604/1670 2371/1494/1558 2389/1492/1556
f 2405/1516/1584 2471/1605/1671 2406/1518/1585
f 2405/1516/1584 2382/1517/1546 2471/1605/1671
f 2431/1547/1619 2427/1606/1615 2421/1546/1609
f 2437/1553/1625 2472/1607/1672 2431/1547/1619
f 2472/1607/1672 2427/1606/1615 2431/1547/1619
f 2472/1607/1672 2473/1608/1673 2427/1606/1615
f 2473/1608/1673 2384/1609/1548 2427/1606/1615
f 2473/1608/1673 2471/1605/1671 2384/1609/1548
f 2471/1605/1671 2383/1610/1547 2384/1609/1548
f 2471/1605/1671 2382/1517/1546 2383/1610/1547
f 2301/1389/1560 2408/1522/1674 2389/1492/1559
f 2408/1522/1674 2470/1601/1675 2389/1492/1559
f 2408/1522/1674 2411/1525/1676 2470/1601/1675
f 2411/1525/1676 2469/1600/1677 2470/1601/1675
f 2393/1500/1572 2477/1611/1678 2394/1501/1573
f 2478/1612/1679 2480/1614/1681 2479/1613/1680
f 2480/1614/1681 2406/1518/1585 2479/1613/1680
f 2481/1615/1682 2478/1612/1679 2482/1616/1683
f 2483/1617/1684 2392/1499/1571 2402/1618/1685
f 2392/1499/1571 2401/1619/1686 2402/1618/1685
f 2392/1499/1571 2391/1498/1570 2401/1619/1686
f 2391/1498/1570 2284/1497/1569 2401/1619/1686
f 2406/1518/1585 2480/1614/1681 2407/1519/1586
f 2480/1614/1681 2398/1507/1577 2407/1519/1586
f 2480/1614/1681 2484/1620/1687 2398/1507/1577
f 2484/1620/1687 2396/1506/1575 2398/1507/1577
f 2484/1620/1687 2483/1617/1684 2396/1506/1575
f 2483/1617/1684 2395/1621/1688 2396/1506/1575
f 2483/1617/1684 2402/1618/1685 2395/1621/1688
f 2478/1612/1679 2481/1615/1682 2480/1614/1681
f 2481/1615/1682 2484/1620/1687 2480/1614/1681
f 2481/1615/1682 2485/1622/1689 2484/1620/1687
f 2485/1622/1689 2483/1617/1684 2484/1620/1687
f 2485/1622/1689 2477/1611/1678 2483/1617/1684
f 2477/1611/1678 2392/1499/1571 2483/1617/1684
f 2477/1611/1678 2393/1500/1572 2392/1499/1571
f 2420/1534/1605 2486/1623/1690 2305/1393/1608
f 2486/1623/1690 2413/1527/1691 2305/1393/1608
f 2486/1623/1690 2469/1600/1677 2413/1527/1691
f 2469/1600/1677 2411/1525/1676 2413/1527/1691
f 2441/1570/1631 2434/1624/1692 2334/1569/1630
f 2487/1625/1693 2446/1575/1636 2445/1574/1635
f 2436/1626/1624 2435/1628/1695 2488/1627/1694
f 2435/1628/1695 2487/1625/1693 2488/1627/1694
f 2435/1628/1695 2434/1624/1692 2487/1625/1693
f 2434/1624/1692 2446/1575/1636 2487/1625/1693
f 2434/1624/1692 2441/1570/1631 2446/1575/1636
f 2489/1629/1696 2491/1631/1698 2490/1630/1697
f 2491/1631/1698 2492/1632/1699 2490/1630/1697
f 2491/1631/1698 2488/1627/1694 2492/1632/1699
f 2488/1627/1694 2493/1633/1700 2492/1632/1699
f 2488/1627/1694 2487/1625/1693 2493/1633/1700
f 2487/1625/1693 2494/1634/1701 2493/1633/1700
f 2487/1625/1693 2445/1574/1635 2494/1634/1701
f 2445/1574/1635 2443/1572/1633 2494/1634/1701
f 2488/1627/1694 2440/1562/1628 2436/1626/1624
f 2488/1627/1694 2491/1631/1698 2440/1562/1628
f 2491/1631/1698 2439/1557/1627 2440/1562/1628
f 2491/1631/1698 2489/1629/1696 2439/1557/1627
f 2489/1629/1696 2438/1556/1626 2439/1557/1627
f 2489/1629/1696 2437/1553/1625 2438/1556/1626
f 2486/1623/1702 2468/1599/1665 2469/1600/1666
f 2456/1591/1650 2486/1623/1702 2420/1534/1703
f 2486/1635/1702 2456/1590/1650 2468/1602/1665
f 2456/1590/1650 2375/1475/1668 2468/1602/1665
f 2456/1590/1650 2454/1588/1648 2375/1475/1668
f 2478/1612/1679 2509/1636/1704 2482/1616/1683
f 2510/1637/1705 2472/1607/1672 2511/1638/1706
f 2471/1605/1671 2479/1613/1680 2406/1518/1585
f 2472/1607/1672 2510/1637/1705 2473/1608/1673
f 2510/1637/1705 2471/1605/1671 2473/1608/1673
f 2510/1637/1705 2509/1636/1704 2471/1605/1671
f 2509/1636/1704 2479/1613/1680 2471/1605/1671
f 2509/1636/1704 2478/1612/1679 2479/1613/1680
f 2511/1638/1706 2472/1607/1672 2490/1630/1697
f 2472/1607/1672 2489/1629/1696 2490/1630/1697
f 2472/1607/1672 2437/1553/1625 2489/1629/1696
f 724/1639/1707 726/1641/1709 725/1640/1708
f 727/1642/1710 729/1644/1712 728/1643/1711
f 726/1641/1709 727/1642/1710 730/1645/1713
f 727/1642/1710 726/1641/1709 729/1644/1712
f 726/1641/1709 731/1646/1714 729/1644/1712
f 726/1641/1709 724/1639/1707 731/1646/1714
f 732/1647/1715 734/1649/1717 733/1648/1716
f 732/1647/1715 735/1650/1718 734/1649/1717
f 728/1643/1711 729/1644/1712 736/1651/1719
f 729/1644/1712 737/1652/1720 736/1651/1719
f 729/1644/1712 735/1650/1718 737/1652/1720
f 735/1650/1718 738/1653/1721 737/1652/1720
f 735/1650/1718 732/1647/1715 738/1653/1721
f 732/1647/1715 739/1654/1722 738/1653/1721
f 734/1649/1717 735/1650/1718 740/1655/1723
f 735/1650/1718 741/1656/1724 740/1655/1723
f 735/1650/1718 729/1644/1712 741/1656/1724
f 729/1644/1712 742/1657/1725 741/1656/1724
f 729/1644/1712 731/1646/1714 742/1657/1725
f 743/1658/1726 732/1647/1715 733/1648/1716
f 743/1658/1726 744/1659/1727 732/1647/1715
f 745/1660/1728 732/1647/1730 746/1661/1729
f 732/1647/1730 747/1662/1731 746/1661/1729
s 0
f 748/1663/1732 749/1664/1734 744/1659/1733
s 1
f 749/1664/1735 732/1647/1730 744/1659/1727
f 749/1664/1735 750/1665/1736 732/1647/1730
f 750/1665/1736 747/1662/1731 732/1647/1730
f 751/1666/1737 752/1667/1738 745/1660/1728
f 752/1667/1738 732/1647/1730 745/1660/1728
f 752/1667/1738 753/1668/1739 732/1647/1730
f 753/1668/1739 739/1654/1722 732/1647/1730
f 754/1669/1740 755/1670/1742 741/1656/1741
f 755/1670/1742 740/1655/1723 741/1656/1741
f 755/1670/1742 734/1649/1717 740/1655/1723
f 756/32/1743 757/30/1745 725/1640/1744
f 757/30/1745 724/1639/1746 725/1640/1744
f 757/30/1745 758/31/1747 724/1639/1746
f 754/1669/1740 741/1656/1741 759/1671/1748
f 741/1656/1741 760/42/1749 759/1671/1748
f 741/1656/1741 742/1657/1750 760/42/1749
f 742/1657/1750 758/31/1747 760/42/1749
f 742/1657/1750 731/1646/1751 758/31/1747
f 731/1646/1751 724/1639/1746 758/31/1747
f 761/1672/1752 763/1674/1754 762/1673/1753
f 764/1675/1755 766/1677/1757 765/1676/1756
f 766/1677/1757 767/1678/1758 765/1676/1756
f 766/1677/1757 768/1679/1759 767/1678/1758
f 768/1679/1759 769/1680/1760 767/1678/1758
f 768/1679/1759 763/1674/1754 769/1680/1760
f 763/1674/1754 770/1681/1761 769/1680/1760
f 763/1674/1754 761/1672/1752 770/1681/1761
f 771/1682/1762 726/1641/1709 730/1645/1713
f 725/1640/1708 726/1641/1709 764/1675/1755
f 726/1641/1709 766/1677/1757 764/1675/1755
f 726/1641/1709 771/1682/1762 766/1677/1757
f 771/1682/1762 768/1679/1759 766/1677/1757
f 771/1682/1762 772/1683/1763 768/1679/1759
f 772/1683/1763 763/1674/1754 768/1679/1759
f 772/1683/1763 773/1684/1764 763/1674/1754
f 773/1684/1764 762/1673/1753 763/1674/1754
f 773/1684/1764 774/1685/1765 762/1673/1753
f 738/1653/1766 775/1686/1768 737/1652/1767
f 775/1686/1768 776/1687/1769 737/1652/1767
f 776/1687/1769 777/47/1770 737/1652/1767
f 777/47/1770 736/1651/1771 737/1652/1767
f 777/47/1770 778/57/1772 736/1651/1771
f 727/1642/1773 779/60/1775 730/1645/1774
f 779/60/1775 727/1642/1773 780/59/1776
f 727/1642/1773 778/57/1772 780/59/1776
f 727/1642/1773 728/1643/1777 778/57/1772
f 728/1643/1777 736/1651/1771 778/57/1772
f 743/1658/1778 733/1648/1780 781/1688/1779
f 733/1648/1780 782/1689/1781 781/1688/1779
f 733/1648/1780 734/1649/1782 782/1689/1781
f 734/1649/1782 755/1670/1783 782/1689/1781
f 753/1668/1784 783/1690/1786 739/1654/1785
s 0
f 783/1690/1787 738/1653/1789 739/1654/1788
s 1
f 783/1690/1787 784/1691/1791 738/1653/1790
f 784/1691/1792 775/1686/1794 738/1653/1793
f 785/1692/1795 786/1693/1797 745/1660/1796
f 786/1693/1797 751/1666/1798 745/1660/1796
f 786/1693/1797 787/1694/1799 751/1666/1798
f 787/1694/1799 752/1667/1800 751/1666/1798
f 787/1694/1799 788/1695/1801 752/1667/1800
f 788/1695/1801 789/1696/1802 752/1667/1800
f 789/1696/1802 753/1668/1784 752/1667/1800
f 789/1696/1802 783/1690/1786 753/1668/1784
f 790/1697/1803 791/1698/1805 747/1662/1804
f 791/1698/1805 746/1661/1806 747/1662/1804
f 791/1698/1805 792/1699/1807 746/1661/1806
f 745/1660/1796 746/1661/1806 785/1692/1795
f 746/1661/1806 793/1700/1808 785/1692/1795
f 746/1661/1806 792/1699/1807 793/1700/1808
f 750/1665/1809 790/1697/1803 747/1662/1804
f 750/1665/1809 749/1664/1810 790/1697/1803
f 790/1697/1803 749/1664/1810 794/1701/1811
f 749/1664/1810 795/1702/1812 794/1701/1811
f 749/1664/1813 748/1663/1814 795/1702/1812
f 795/1702/1812 748/1663/1814 796/1703/1815
f 748/1663/1814 797/1704/1816 796/1703/1815
f 748/1663/1814 744/1659/1817 797/1704/1816
f 797/1704/1816 744/1659/1817 798/1705/1818
f 744/1659/1817 781/1688/1779 798/1705/1818
f 744/1659/1817 743/1658/1778 781/1688/1779
f 799/1706/1819 759/1671/1748 760/42/1749
f 759/1671/1748 799/1706/1819 754/1669/1820
f 799/1706/1819 755/1670/1821 754/1669/1820
f 799/1706/1819 800/1707/1822 755/1670/1821
f 800/1707/1822 782/1689/1823 755/1670/1821
f 800/1707/1822 781/1688/1824 782/1689/1823
f 813/1708/1825 765/1676/1827 767/1678/1826
f 814/1709/1828 816/1711/1830 815/1710/1829
f 767/1678/1826 769/1680/1831 813/1708/1825
f 769/1680/1831 814/1709/1828 813/1708/1825
f 769/1680/1831 770/1681/1832 814/1709/1828
f 770/1681/1832 816/1711/1830 814/1709/1828
f 770/1681/1832 761/1672/1833 816/1711/1830
f 725/1640/1744 764/1675/1834 756/32/1743
f 764/1675/1834 809/40/1835 756/32/1743
f 764/1675/1834 765/1676/1827 809/40/1835
f 765/1676/1827 817/1712/1836 809/40/1835
f 765/1676/1827 813/1708/1825 817/1712/1836
f 818/1713/1837 762/1673/1753 819/1714/1838
f 762/1673/1753 820/1715/1839 819/1714/1838
f 762/1673/1753 821/1716/1840 820/1715/1839
f 761/1672/1752 762/1673/1753 822/1717/1841
f 762/1673/1753 823/1718/1842 822/1717/1841
f 762/1673/1753 824/1719/1843 823/1718/1842
f 824/1719/1843 762/1673/1753 825/1720/1844
f 762/1673/1753 826/1721/1845 825/1720/1844
f 762/1673/1753 818/1713/1837 826/1721/1845
f 821/1716/1840 762/1673/1753 827/1722/1846
f 762/1673/1753 828/1723/1847 827/1722/1846
f 762/1673/1753 829/1724/1848 828/1723/1847
f 829/1724/1848 762/1673/1753 830/1725/1849
f 762/1673/1753 831/1726/1850 830/1725/1849
f 762/1673/1753 832/1727/1851 831/1726/1850
f 832/1727/1851 762/1673/1753 833/1728/1852
f 762/1673/1753 834/1729/1853 833/1728/1852
f 762/1673/1753 774/1685/1765 834/1729/1853
f 779/60/1775 835/48/1854 730/1645/1774
f 835/48/1854 771/1682/1855 730/1645/1774
f 835/48/1854 836/1730/1856 771/1682/1855
f 773/1684/1857 837/1731/1858 774/1685/1765
f 836/1730/1856 838/1732/1859 771/1682/1855
f 838/1732/1859 772/1683/1860 771/1682/1855
f 838/1732/1859 839/1733/1861 772/1683/1860
f 839/1733/1861 773/1684/1857 772/1683/1860
f 839/1733/1861 840/1734/1862 773/1684/1857
f 840/1734/1862 837/1731/1858 773/1684/1857
f 840/1734/1862 841/1735/1863 837/1731/1858
f 784/1691/1864 776/1687/1769 775/1686/1865
f 783/1690/1866 853/1736/1867 784/1691/1864
f 853/1736/1867 776/1687/1769 784/1691/1864
f 853/1736/1867 777/47/1770 776/1687/1769
f 854/1737/1868 786/1693/1870 855/1738/1869
f 786/1693/1870 856/1739/1871 855/1738/1869
f 786/1693/1870 785/1692/1872 856/1739/1871
f 786/1693/1870 854/1737/1868 787/1694/1873
f 854/1737/1868 788/1695/1874 787/1694/1873
f 854/1737/1868 857/1740/1875 788/1695/1874
f 788/1695/1874 857/1740/1875 789/1696/1876
f 857/1740/1875 783/1690/1866 789/1696/1876
f 857/1740/1875 853/1736/1867 783/1690/1866
f 855/1738/1869 856/1739/1871 858/1741/1877
f 856/1739/1871 859/1742/1878 858/1741/1877
f 856/1739/1871 785/1692/1872 859/1742/1878
f 860/1743/1879 862/1745/1881 861/1744/1880
f 862/1745/1881 860/1743/1879 790/1697/1882
f 860/1743/1879 791/1698/1883 790/1697/1882
f 860/1743/1879 863/1746/1884 791/1698/1883
f 863/1746/1884 792/1699/1885 791/1698/1883
f 863/1746/1884 859/1742/1878 792/1699/1885
f 859/1742/1878 793/1700/1886 792/1699/1885
f 859/1742/1878 785/1692/1872 793/1700/1886
f 800/1707/1822 864/1747/1887 781/1688/1824
f 864/1747/1887 798/1705/1888 781/1688/1824
f 864/1747/1887 865/1748/1889 798/1705/1888
f 865/1748/1889 797/1704/1890 798/1705/1888
f 865/1748/1889 866/1749/1891 797/1704/1890
f 866/1749/1891 867/1750/1892 797/1704/1890
f 867/1750/1892 796/1703/1893 797/1704/1890
f 867/1750/1892 795/1702/1894 796/1703/1893
f 795/1702/1894 867/1750/1892 794/1701/1895
f 867/1750/1892 790/1697/1882 794/1701/1895
f 867/1750/1892 862/1745/1881 790/1697/1882
f 868/62/1896 799/1706/1819 869/61/1897
f 870/117/1898 871/115/1899 799/1706/1819
f 871/115/1899 872/107/1900 799/1706/1819
f 870/117/1898 799/1706/1819 873/122/1901
f 799/1706/1819 874/123/1902 873/122/1901
f 799/1706/1819 868/62/1896 874/123/1902
f 869/61/1897 799/1706/1819 875/64/1903
f 799/1706/1819 812/44/1904 875/64/1903
f 799/1706/1819 760/42/1749 812/44/1904
f 872/107/1900 876/105/1905 799/1706/1819
f 876/105/1905 800/1707/1822 799/1706/1819
f 876/105/1905 877/103/1906 800/1707/1822
f 877/103/1906 864/1747/1887 800/1707/1822
f 877/103/1906 878/110/1907 864/1747/1887
f 864/1747/1887 878/110/1907 879/1751/1908
f 878/110/1907 880/1752/1909 879/1751/1908
f 878/110/1907 881/108/1910 880/1752/1909
f 803/34/1911 815/1710/1829 898/1753/1912
f 898/1753/1912 802/33/1913 803/34/1911
f 815/1710/1829 803/34/1911 814/1709/1828
f 803/34/1911 813/1708/1825 814/1709/1828
f 803/34/1911 805/36/1914 813/1708/1825
f 805/36/1914 806/37/1915 813/1708/1825
f 806/37/1915 817/1712/1836 813/1708/1825
f 806/37/1916 809/40/1835 817/1712/1836
f 822/1717/1917 899/1754/1918 761/1672/1833
f 899/1754/1918 816/1711/1830 761/1672/1833
f 899/1754/1918 900/1755/1919 816/1711/1830
f 900/1755/1919 815/1710/1829 816/1711/1830
f 899/1754/1918 822/1717/1917 901/1756/1920
f 822/1717/1917 902/1757/1921 901/1756/1920
f 822/1717/1917 823/1718/1842 902/1757/1921
f 823/1718/1842 903/1758/1922 902/1757/1921
f 823/1718/1842 824/1719/1843 903/1758/1922
f 903/1758/1922 824/1719/1843 904/1759/1923
f 824/1719/1843 905/1760/1924 904/1759/1923
f 824/1719/1843 825/1720/1844 905/1760/1924
f 906/1761/1925 907/1762/1927 820/1715/1926
f 907/1762/1927 819/1714/1928 820/1715/1926
f 907/1762/1927 908/1763/1929 819/1714/1928
f 908/1763/1929 818/1713/1930 819/1714/1928
f 908/1763/1929 909/1764/1931 818/1713/1930
f 909/1764/1931 826/1721/1845 818/1713/1930
f 909/1764/1931 910/1765/1932 826/1721/1845
f 910/1765/1932 825/1720/1844 826/1721/1845
f 910/1765/1932 911/1766/1933 825/1720/1844
f 911/1766/1933 905/1760/1924 825/1720/1844
f 820/1715/1926 821/1716/1934 906/1761/1925
f 821/1716/1934 912/1767/1935 906/1761/1925
f 821/1716/1934 827/1722/1936 912/1767/1935
f 913/1768/1937 833/1728/1852 834/1729/1853
f 914/1769/1938 831/1726/1850 915/1770/1939
f 831/1726/1850 914/1769/1938 830/1725/1940
f 914/1769/1938 829/1724/1941 830/1725/1940
f 914/1769/1938 912/1767/1935 829/1724/1941
f 912/1767/1935 828/1723/1942 829/1724/1941
f 912/1767/1935 827/1722/1936 828/1723/1942
f 916/1771/1943 917/1772/1944 913/1768/1937
f 917/1772/1944 833/1728/1852 913/1768/1937
f 917/1772/1944 915/1770/1939 833/1728/1852
f 915/1770/1939 832/1727/1851 833/1728/1852
f 915/1770/1939 831/1726/1850 832/1727/1851
f 918/1773/1945 837/1731/1858 841/1735/1863
f 913/1768/1937 918/1773/1945 916/1771/1943
f 918/1773/1945 913/1768/1937 837/1731/1858
f 913/1768/1937 774/1685/1765 837/1731/1858
f 913/1768/1937 834/1729/1853 774/1685/1765
f 844/49/1946 836/1730/1856 835/48/1854
s 0
f 844/49/1947 846/51/1947 836/1730/1947
s 1
f 846/51/1948 838/1732/1859 836/1730/1856
f 846/51/1948 850/55/1949 838/1732/1859
f 838/1732/1859 850/55/1949 839/1733/1861
f 850/55/1949 840/1734/1862 839/1733/1861
f 850/55/1949 849/54/1950 840/1734/1862
f 849/54/1950 841/1735/1863 840/1734/1862
f 849/54/1950 847/52/1951 841/1735/1863
f 777/47/1770 853/1736/1867 843/46/1952
f 853/1736/1867 935/96/1953 843/46/1952
f 853/1736/1867 936/97/1954 935/96/1953
f 936/97/1954 853/1736/1867 938/99/1955
f 853/1736/1867 939/182/1956 938/99/1955
f 853/1736/1867 940/186/1957 939/182/1956
f 940/186/1957 853/1736/1867 941/184/1958
f 853/1736/1867 942/190/1959 941/184/1958
f 853/1736/1867 943/189/1960 942/190/1959
f 943/189/1960 853/1736/1867 947/192/1961
f 853/1736/1867 944/100/110 947/192/1961
f 853/1736/1962 948/1774/1963 944/100/110
f 948/1774/1963 946/102/112 944/100/110
f 948/1774/1963 949/1775/1964 946/102/112
f 855/1738/1965 948/1774/1967 854/1737/1966
f 948/1774/1967 857/1740/1968 854/1737/1966
f 948/1774/1967 853/1736/1969 857/1740/1968
f 949/1775/1970 951/1777/1972 950/1776/1971
f 949/1775/1970 948/1774/1967 951/1777/1972
f 948/1774/1967 858/1741/1973 951/1777/1972
f 948/1774/1967 855/1738/1965 858/1741/1973
f 952/1778/1974 860/1743/1879 861/1744/1880
f 953/1779/1975 860/1743/1879 954/1780/1976
f 860/1743/1879 955/1781/1977 954/1780/1976
f 955/1781/1977 860/1743/1879 956/1782/1978
f 860/1743/1879 957/1783/1979 956/1782/1978
f 860/1743/1879 952/1778/1974 957/1783/1979
f 953/1779/1975 958/1784/1980 860/1743/1879
f 958/1784/1980 863/1746/1884 860/1743/1879
f 958/1784/1980 859/1742/1878 863/1746/1884
f 858/1741/1877 859/1742/1878 951/1777/1981
f 859/1742/1878 950/1776/1982 951/1777/1981
f 959/1785/1983 960/1786/1984 958/1784/1980
f 960/1786/1984 859/1742/1878 958/1784/1980
f 960/1786/1984 961/1787/1985 859/1742/1878
f 961/1787/1985 950/1776/1982 859/1742/1878
f 864/1747/1986 879/1751/1988 865/1748/1987
f 879/1751/1988 866/1749/1989 865/1748/1987
f 879/1751/1988 867/1750/1990 866/1749/1989
f 952/1778/1991 861/1744/1993 880/1752/1992
f 861/1744/1993 879/1751/1988 880/1752/1992
f 861/1744/1993 862/1745/1994 879/1751/1988
f 862/1745/1994 867/1750/1990 879/1751/1988
f 974/1788/1995 976/202/1997 975/204/1996
f 974/1788/1995 977/1789/1998 976/202/1997
f 977/1789/1998 978/200/1999 976/202/1997
f 977/1789/1998 979/1790/2000 978/200/1999
f 979/1790/2000 980/198/2001 978/200/1999
f 979/1790/2000 981/1791/2002 980/198/2001
f 981/1791/2002 982/196/2003 980/198/2001
f 981/1791/2002 983/1792/2004 982/196/2003
f 983/1792/2004 881/108/1910 982/196/2003
f 983/1792/2004 880/1752/1909 881/108/1910
f 1014/1793/2005 1016/1795/2007 1015/1794/2006
f 899/1754/1918 1015/1794/2006 900/1755/1919
f 890/72/2008 1017/1796/2010 892/74/2009
f 892/74/2009 1017/1796/2010 894/76/2011
f 1017/1796/2010 896/78/2012 894/76/2011
f 1017/1796/2010 897/79/2013 896/78/2012
f 900/1755/1919 1015/1794/2006 815/1710/1829
f 1015/1794/2006 898/1753/1912 815/1710/1829
f 1015/1794/2006 1018/1797/2014 898/1753/1912
f 1018/1797/2014 802/33/1913 898/1753/1912
f 1019/1798/2015 901/1756/1920 902/1757/2016
f 899/1754/1918 901/1756/1920 1015/1794/2006
f 901/1756/1920 1014/1793/2005 1015/1794/2006
f 901/1756/1920 1019/1798/2015 1014/1793/2005
f 1019/1798/2015 1016/1795/2007 1014/1793/2005
f 1019/1798/2015 1020/1799/2017 1016/1795/2007
f 802/33/1913 1018/1797/2014 890/72/2008
f 1018/1797/2014 1017/1796/2010 890/72/2008
f 1018/1797/2014 1015/1794/2006 1017/1796/2010
f 1015/1794/2006 1021/1800/2018 1017/1796/2010
f 1015/1794/2006 1016/1795/2007 1021/1800/2018
f 1016/1795/2007 1022/1801/2019 1021/1800/2018
f 1016/1795/2007 1020/1799/2017 1022/1801/2019
f 1020/1799/2017 1023/1802/2020 1022/1801/2019
f 903/1758/2021 1019/1798/2015 902/1757/2016
f 911/1766/2022 910/1765/2024 1024/1803/2023
f 910/1765/2024 1025/1804/2025 1024/1803/2023
f 910/1765/2024 909/1764/2026 1025/1804/2025
f 1019/1798/2015 903/1758/2021 1020/1799/2017
f 903/1758/2021 1023/1802/2020 1020/1799/2017
f 903/1758/2021 904/1759/2027 1023/1802/2020
f 904/1759/2027 1024/1803/2023 1023/1802/2020
f 904/1759/2027 905/1760/2028 1024/1803/2023
f 905/1760/2028 911/1766/2022 1024/1803/2023
f 909/1764/2026 908/1763/2029 1025/1804/2025
f 908/1763/2029 1026/1805/2030 1025/1804/2025
f 908/1763/2029 907/1762/1927 1026/1805/2030
f 907/1762/1927 1027/1806/2031 1026/1805/2030
f 907/1762/1927 906/1761/1925 1027/1806/2031
f 906/1761/1925 912/1767/1935 1027/1806/2031
f 912/1767/1935 1028/1807/2032 1027/1806/2031
f 912/1767/1935 1029/1808/2033 1028/1807/2032
f 1030/1809/2034 917/1772/1944 916/1771/1943
f 912/1767/1935 914/1769/1938 1029/1808/2033
f 914/1769/1938 1031/1810/2035 1029/1808/2033
f 914/1769/1938 915/1770/2036 1031/1810/2035
f 915/1770/2036 1032/1811/2037 1031/1810/2035
f 915/1770/2036 917/1772/1944 1032/1811/2037
f 917/1772/1944 1033/1812/2038 1032/1811/2037
f 917/1772/1944 1030/1809/2034 1033/1812/2038
f 1030/1809/2034 1034/1813/2039 1033/1812/2038
f 927/88/2040 1035/1814/2042 928/89/2041
f 847/52/1951 918/1773/1945 841/1735/1863
f 919/80/2043 1036/1815/2045 921/82/2044
f 1036/1815/2045 923/84/2046 921/82/2044
f 927/88/2040 925/86/2047 1035/1814/2042
f 923/84/2046 1036/1815/2045 925/86/2047
f 1036/1815/2045 1035/1814/2042 925/86/2047
f 1036/1815/2045 1034/1813/2039 1035/1814/2042
f 1034/1813/2039 1030/1809/2034 1035/1814/2042
f 928/89/2041 1035/1814/2042 847/52/1951
f 1035/1814/2042 918/1773/1945 847/52/1951
f 1035/1814/2042 1030/1809/2034 918/1773/1945
f 1030/1809/2034 916/1771/1943 918/1773/1945
f 946/102/112 949/1775/1964 1066/194/227
f 949/1775/1964 1067/1816/2048 1066/194/227
f 1067/1816/2048 1068/360/2049 1066/194/227
f 1067/1816/2048 1069/1817/2050 1068/360/2049
f 1069/1817/2050 1070/362/2051 1068/360/2049
f 1069/1817/2050 1071/1818/2052 1070/362/2051
f 1071/1818/2052 1072/364/2053 1070/362/2051
f 1071/1818/2052 1073/1819/2054 1072/364/2053
f 950/1776/1971 1067/1816/2055 949/1775/1970
f 950/1776/1971 961/1787/2056 1067/1816/2055
f 961/1787/2056 1069/1817/2057 1067/1816/2055
f 961/1787/2056 960/1786/2058 1069/1817/2057
f 960/1786/2058 1071/1818/2059 1069/1817/2057
f 960/1786/2058 959/1785/2060 1071/1818/2059
f 959/1785/2060 1073/1819/2061 1071/1818/2059
f 959/1785/2060 958/1784/2062 1073/1819/2061
f 958/1784/2062 953/1779/2063 1073/1819/2061
f 953/1779/2063 1074/1820/2064 1073/1819/2061
f 953/1779/2063 974/1788/2065 1074/1820/2064
f 954/1780/2066 974/1788/2065 953/1779/2063
f 954/1780/2066 955/1781/2067 974/1788/2065
f 974/1788/2065 955/1781/2067 977/1789/2068
f 955/1781/2067 979/1790/2069 977/1789/2068
f 955/1781/2067 956/1782/2070 979/1790/2069
f 956/1782/2070 981/1791/2071 979/1790/2069
f 956/1782/2070 957/1783/2072 981/1791/2071
f 981/1791/2071 957/1783/2072 983/1792/2073
f 957/1783/2072 880/1752/1992 983/1792/2073
f 957/1783/2072 952/1778/1991 880/1752/1992
f 1073/1819/2054 1074/1820/2074 1072/364/2053
f 1074/1820/2074 1105/366/2075 1072/364/2053
f 1074/1820/2074 974/1788/1995 1105/366/2075
f 974/1788/1995 975/204/1996 1105/366/2075
s 0
f 897/1821/2076 1017/1823/2076 1172/1822/2076
f 1017/1823/2077 1177/1824/2077 1172/1822/2077
f 1017/1823/2078 1021/1825/2078 1177/1824/2078
f 1178/1826/2079 1177/1824/2079 1023/1827/2080
f 1177/1824/2081 1022/1828/2081 1023/1827/2082
f 1177/1824/2083 1021/1825/2083 1022/1828/2083
f 1179/1829/2084 1026/1831/2086 1027/1830/2085
f 1179/1829/2087 1180/1832/2088 1026/1831/2086
f 1180/1832/2088 1025/1833/2090 1026/1831/2089
s 1
f 1180/1832/2088 1181/1834/2092 1025/1833/2091
s 0
f 1181/1834/2092 1024/1835/2093 1025/1833/2091
s 1
f 1181/1834/2092 1182/1836/2095 1024/1835/2094
s 0
f 1182/1836/2096 1183/1837/2098 1024/1835/2097
f 1183/1837/2099 1023/1827/2080 1024/1835/2097
f 1183/1837/2100 1178/1826/2101 1023/1827/2082
f 1184/1838/2102 1029/1840/2104 1185/1839/2103
f 1184/1838/2105 1186/1841/2107 1029/1840/2106
f 1186/1841/2107 1028/1842/2108 1029/1840/2106
f 1186/1841/2109 1187/1843/2111 1028/1842/2110
f 1187/1843/2111 1188/1844/2112 1028/1842/2110
f 1188/1844/2113 1027/1830/2114 1028/1842/2108
f 1188/1844/2115 1179/1829/2116 1027/1830/2114
f 1189/1845/2117 1034/1847/2119 1190/1846/2118
f 1189/1845/2120 1191/1848/2121 1034/1847/2118
f 1031/1849/2122 1032/1851/2124 1192/1850/2123
f 1032/1851/2125 1191/1848/2126 1192/1850/2123
f 1032/1851/2124 1033/1852/2127 1191/1848/2121
f 1033/1852/2128 1034/1847/2130 1191/1848/2129
f 1185/1839/2131 1029/1840/2133 1193/1853/2132
f 1029/1840/2106 1194/1854/2134 1193/1853/2132
f 1029/1840/2135 1031/1849/2137 1194/1854/2136
f 1031/1849/2122 1195/1855/2138 1194/1854/2136
f 1031/1849/2137 1192/1850/2139 1195/1855/2138
s 1
f 1196/1856/2140 1036/1858/2142 919/1857/2141
f 1196/1856/2140 1197/1859/2143 1036/1858/2142
s 0
f 1197/1859/2144 1198/1860/2146 1036/1858/2145
f 1198/1860/2147 1034/1847/2130 1036/1858/2142
f 1198/1860/2148 1190/1846/2118 1034/1847/2149
f 1/1861/2150 3/1863/2150 2/1862/2150
f 3/1863/2150 4/1864/2150 2/1862/2150
f 3/1863/2150 5/1865/2150 4/1864/2150
f 5/1865/2150 6/1866/2150 4/1864/2150
f 5/1865/2150 7/1867/2150 6/1866/2150
f 7/1867/2150 8/1868/2150 6/1866/2150
f 7/1867/2150 9/1869/2150 8/1868/2150
f 9/1869/2150 10/1870/2150 8/1868/2150
f 9/1869/2150 11/1871/2150 10/1870/2150
f 11/1871/2150 12/1872/2150 10/1870/2150
f 11/1871/2150 13/1873/2150 12/1872/2150
f 13/1873/2150 14/1874/2150 12/1872/2150
f 13/1873/2150 15/1875/2150 14/1874/2150
f 15/1875/2150 16/1876/2150 14/1874/2150
f 15/1875/2150 17/1877/2150 16/1876/2150
f 17/1877/2150 18/1878/2150 16/1876/2150
f 17/1877/2150 19/1879/2150 18/1878/2150
f 19/1879/2150 20/1880/2150 18/1878/2150
f 19/1879/2150 21/1881/2150 20/1880/2150
f 22/1882/2150 24/1884/2150 23/1883/2150
f 24/1884/2150 25/1885/2150 23/1883/2150
f 24/1884/2150 26/1886/2150 25/1885/2150
f 26/1886/2150 27/1887/2150 25/1885/2150
f 26/1886/2150 28/1888/2150 27/1887/2150
f 28/1888/2150 29/1889/2150 27/1887/2150
f 28/1888/2150 30/1890/2150 29/1889/2150
f 30/1890/2150 31/1891/2150 29/1889/2150
f 30/1890/2150 32/1892/2150 31/1891/2150
f 32/1892/2150 33/1893/2150 31/1891/2150
f 32/1892/2150 34/1894/2150 33/1893/2150
f 34/1894/2150 35/1895/2150 33/1893/2150
f 34/1894/2150 36/1896/2150 35/1895/2150
f 36/1896/2150 37/1897/2150 35/1895/2150
f 36/1896/2150 38/1898/2150 37/1897/2150
f 38/1898/2150 39/1899/2150 37/1897/2150
f 38/1898/2150 40/1900/2150 39/1899/2150
f 40/1900/2150 41/1901/2150 39/1899/2150
f 40/1900/2150 42/1902/2150 41/1901/2150
f 42/1902/2150 43/1903/2150 41/1901/2150
f 42/1902/2150 44/1904/2150 43/1903/2150
f 44/1904/2150 45/1905/2150 43/1903/2150
f 44/1904/2150 1/1861/2150 45/1905/2150
f 1/1861/2150 46/1906/2150 45/1905/2150
f 1/1861/2150 2/1862/2150 46/1906/2150
f 20/1880/2150 21/1881/2150 47/1907/2150
f 21/1881/2150 48/1908/2150 47/1907/2150
f 21/1881/2150 49/1909/2150 48/1908/2150
f 49/1909/2150 50/1910/2150 48/1908/2150
f 49/1909/2150 51/1911/2150 50/1910/2150
f 51/1911/2150 52/1912/2150 50/1910/2150
f 51/1911/2150 53/1913/2150 52/1912/2150
f 53/1913/2150 54/1914/2150 52/1912/2150
f 53/1913/2150 55/1915/2150 54/1914/2150
f 55/1915/2150 56/1916/2150 54/1914/2150
f 55/1915/2150 57/1917/2150 56/1916/2150
f 57/1917/2150 58/1918/2150 56/1916/2150
f 57/1917/2150 59/1919/2150 58/1918/2150
f 59/1919/2150 60/1920/2150 58/1918/2150
f 59/1919/2150 61/1921/2150 60/1920/2150
f 61/1921/2150 62/1922/2150 60/1920/2150
f 61/1921/2150 63/1923/2150 62/1922/2150
f 63/1923/2150 64/1924/2150 62/1922/2150
f 63/1923/2150 65/1925/2150 64/1924/2150
f 65/1925/2150 66/1926/2150 64/1924/2150
f 65/1925/2150 22/1882/2150 66/1926/2150
f 22/1882/2150 67/1927/2150 66/1926/2150
f 22/1882/2150 23/1883/2150 67/1927/2150
f 68/1928/2151 70/1930/2151 69/1929/2151
f 70/1930/2151 71/1931/2151 69/1929/2151
f 70/1930/2151 72/1932/2151 71/1931/2151
f 72/1932/2151 73/1933/2151 71/1931/2151
f 72/1932/2151 74/1934/2151 73/1933/2151
f 74/1934/2151 75/1935/2151 73/1933/2151
f 74/1934/2151 76/1936/2151 75/1935/2151
f 76/1936/2151 77/1937/2151 75/1935/2151
f 76/1936/2151 78/1938/2151 77/1937/2151
f 78/1938/2151 79/1939/2151 77/1937/2151
f 78/1938/2151 80/1940/2151 79/1939/2151
f 80/1940/2151 81/1941/2151 79/1939/2151
f 80/1940/2151 82/1942/2151 81/1941/2151
f 82/1942/2151 83/1943/2151 81/1941/2151
f 82/1942/2151 84/1944/2151 83/1943/2151
f 84/1944/2151 85/1945/2151 83/1943/2151
f 84/1944/2151 86/1946/2151 85/1945/2151
f 86/1946/2151 87/1947/2151 85/1945/2151
f 86/1946/2151 88/1948/2151 87/1947/2151
f 89/1949/2151 91/1951/2151 90/1950/2151
f 91/1951/2151 92/1952/2151 90/1950/2151
f 91/1951/2151 93/1953/2151 92/1952/2151
f 93/1953/2151 94/1954/2151 92/1952/2151
f 93/1953/2151 95/1955/2151 94/1954/2151
f 95/1955/2151 96/1956/2151 94/1954/2151
f 95/1955/2151 97/1957/2151 96/1956/2151
f 97/1957/2151 98/1958/2151 96/1956/2151
f 97/1957/2151 99/1959/2151 98/1958/2151
f 99/1959/2151 100/1960/2151 98/1958/2151
f 99/1959/2151 101/1961/2151 100/1960/2151
f 101/1961/2151 102/1962/2151 100/1960/2151
f 101/1961/2151 103/1963/2151 102/1962/2151
f 103/1963/2151 104/1964/2151 102/1962/2151
f 103/1963/2151 105/1965/2151 104/1964/2151
f 105/1965/2151 106/1966/2151 104/1964/2151
f 105/1965/2151 107/1967/2151 106/1966/2151
f 107/1967/2151 108/1968/2151 106/1966/2151
f 107/1967/2151 109/1969/2151 108/1968/2151
f 109/1969/2151 110/1970/2151 108/1968/2151
f 109/1969/2151 111/1971/2151 110/1970/2151
f 111/1971/2151 112/1972/2151 110/1970/2151
f 111/1971/2151 68/1928/2151 112/1972/2151
f 68/1928/2151 113/1973/2151 112/1972/2151
f 68/1928/2151 69/1929/2151 113/1973/2151
f 87/1947/2151 88/1948/2151 114/1974/2151
f 88/1948/2151 115/1975/2151 114/1974/2151
f 88/1948/2151 116/1976/2151 115/1975/2151
f 116/1976/2151 117/1977/2151 115/1975/2151
f 116/1976/2151 118/1978/2151 117/1977/2151
f 118/1978/2151 119/1979/2151 117/1977/2151
f 118/1978/2151 120/1980/2151 119/1979/2151
f 120/1980/2151 121/1981/2151 119/1979/2151
f 120/1980/2151 122/1982/2151 121/1981/2151
f 122/1982/2151 123/1983/2151 121/1981/2151
f 122/1982/2151 124/1984/2151 123/1983/2151
f 124/1984/2151 125/1985/2151 123/1983/2151
f 124/1984/2151 126/1986/2151 125/1985/2151
f 126/1986/2151 127/1987/2151 125/1985/2151
f 126/1986/2151 128/1988/2151 127/1987/2151
f 128/1988/2151 129/1989/2151 127/1987/2151
f 128/1988/2151 130/1990/2151 129/1989/2151
f 130/1990/2151 131/1991/2151 129/1989/2151
f 130/1990/2151 132/1992/2151 131/1991/2151
f 132/1992/2151 133/1993/2151 131/1991/2151
f 132/1992/2151 89/1949/2151 133/1993/2151
f 89/1949/2151 134/1994/2151 133/1993/2151
f 89/1949/2151 90/1950/2151 134/1994/2151
s 1
f 78/1995/2152 76/1996/2153 11/1871/2152
f 76/1996/2153 13/1873/2153 11/1871/2152
f 76/1996/2153 74/1997/2154 13/1873/2153
f 74/1997/2154 15/1875/2154 13/1873/2153
f 74/1997/2154 72/1998/2155 15/1875/2154
f 72/1998/2155 17/1877/2155 15/1875/2154
f 72/1998/2155 70/1999/2156 17/1877/2155
f 70/1999/2156 19/1879/2156 17/1877/2155
f 70/1999/2156 68/2000/2157 19/1879/2156
f 68/2000/2157 21/1881/2157 19/1879/2156
f 68/2000/2157 111/2001/2158 21/1881/2157
f 111/2001/2158 49/1909/2158 21/1881/2157
f 111/2001/2158 109/2002/2159 49/1909/2158
f 109/2002/2159 51/1911/2159 49/1909/2158
f 109/2002/2159 107/2003/2160 51/1911/2159
f 107/2003/2160 53/1913/2160 51/1911/2159
f 107/2004/2160 105/2006/2161 53/2005/2160
f 105/2006/2161 55/2007/2161 53/2005/2160
f 105/2006/2161 103/2008/2162 55/2007/2161
f 103/2008/2162 57/2009/2162 55/2007/2161
f 103/2008/2162 101/2010/2163 57/2009/2162
f 101/2010/2163 59/2011/2163 57/2009/2162
f 101/2010/2163 99/2012/2164 59/2011/2163
f 99/2012/2164 61/2013/2164 59/2011/2163
f 99/2012/2164 97/2014/2165 61/2013/2164
f 97/2014/2165 63/2015/2165 61/2013/2164
f 97/2014/2165 95/2016/2166 63/2015/2165
f 95/2016/2166 65/2017/2166 63/2015/2165
f 95/2016/2166 93/2018/2167 65/2017/2166
f 93/2018/2167 22/2019/2167 65/2017/2166
f 93/2018/2167 91/2020/2168 22/2019/2167
f 91/2020/2168 24/2021/2168 22/2019/2167
f 91/2020/2168 89/2022/2169 24/2021/2168
f 89/2022/2169 26/2023/2169 24/2021/2168
f 89/2022/2169 132/2024/2170 26/2023/2169
f 132/2024/2170 28/2025/2170 26/2023/2169
f 132/2024/2170 130/2026/2171 28/2025/2170
f 130/2026/2171 30/2027/2171 28/2025/2170
f 130/2026/2171 128/2028/2172 30/2027/2171
f 128/2028/2172 32/2029/2172 30/2027/2171
f 128/2028/2172 126/2030/2173 32/2029/2172
f 126/2030/2173 34/2031/2173 32/2029/2172
f 126/2030/2173 124/2032/2174 34/2031/2173
f 124/2032/2174 36/2033/2174 34/2031/2173
f 124/2032/2174 122/2034/2175 36/2033/2174
f 122/2034/2175 38/2035/2175 36/2033/2174
f 122/2034/2175 120/2036/2176 38/2035/2175
f 120/2036/2176 40/2037/2176 38/2035/2175
f 120/1980/2176 118/1978/2177 40/2038/2176
f 118/1978/2177 42/2039/2177 40/2038/2176
f 118/1978/2177 116/1976/2178 42/2039/2177
f 116/1976/2178 44/2040/2178 42/2039/2177
f 116/1976/2178 88/1948/2179 44/2040/2178
f 88/1948/2179 1/2041/2179 44/2040/2178
f 88/1948/2179 86/1946/2180 1/2041/2179
f 86/1946/2180 3/2042/2180 1/2041/2179
f 86/1946/2180 84/1944/2181 3/2042/2180
f 84/1944/2181 5/2043/2181 3/2042/2180
f 84/1944/2181 82/1942/2182 5/2043/2181
f 82/1942/2182 7/2044/2182 5/2043/2181
f 82/1942/2182 80/1940/2183 7/2044/2182
f 80/1940/2183 9/2045/2183 7/2044/2182
f 80/1940/2183 78/1938/2152 9/2045/2183
f 78/1938/2152 11/2046/2152 9/2045/2183
f 12/2047/2168 14/2049/2184 77/2048/2184
f 14/2049/2184 75/2050/2185 77/2048/2184
f 14/2049/2184 16/2051/2185 75/2050/2185
f 16/2051/2185 73/2052/2186 75/2050/2185
f 16/2051/2185 18/2053/2186 73/2052/2186
f 18/2053/2186 71/2054/2187 73/2052/2186
f 18/2053/2186 20/2055/2187 71/2054/2187
f 20/2055/2187 69/2056/2188 71/2054/2187
f 20/2055/2187 47/2057/2188 69/2056/2188
f 47/2057/2188 113/2058/2189 69/2056/2188
f 47/2057/2188 48/2059/2189 113/2058/2189
f 48/2059/2189 112/2060/2190 113/2058/2189
f 48/2059/2189 50/2061/2190 112/2060/2190
f 50/2061/2190 110/2062/2191 112/2060/2190
f 50/2061/2190 52/2063/2191 110/2062/2191
f 52/2063/2191 108/2064/2192 110/2062/2191
f 52/2063/2191 54/2065/2192 108/2064/2192
f 54/2066/2192 106/1966/2193 108/1968/2192
f 54/2066/2192 56/2067/2193 106/1966/2193
f 56/2067/2193 104/1964/2194 106/1966/2193
f 56/2067/2193 58/2068/2194 104/1964/2194
f 58/2068/2194 102/1962/2195 104/1964/2194
f 58/2068/2194 60/2069/2195 102/1962/2195
f 60/2069/2195 100/1960/2196 102/1962/2195
f 60/2069/2195 62/2070/2196 100/1960/2196
f 62/2070/2196 98/1958/2197 100/1960/2196
f 62/2070/2196 64/2071/2197 98/1958/2197
f 64/2071/2197 96/1956/2198 98/1958/2197
f 64/2071/2197 66/2072/2198 96/1956/2198
f 66/2072/2198 94/1954/2199 96/1956/2198
f 66/2072/2198 67/2073/2199 94/1954/2199
f 67/2073/2199 92/1952/2200 94/1954/2199
f 67/2073/2199 23/2074/2200 92/1952/2200
f 23/2074/2200 90/1950/2201 92/1952/2200
f 23/2074/2200 25/2075/2201 90/1950/2201
f 25/1885/2201 134/2077/2202 90/2076/2201
f 25/1885/2201 27/1887/2202 134/2077/2202
f 27/1887/2202 133/2078/2203 134/2077/2202
f 27/1887/2202 29/1889/2203 133/2078/2203
f 29/1889/2203 131/2079/2204 133/2078/2203
f 29/1889/2203 31/1891/2204 131/2079/2204
f 31/1891/2204 129/2080/2205 131/2079/2204
f 31/1891/2204 33/1893/2205 129/2080/2205
f 33/1893/2205 127/2081/2206 129/2080/2205
f 33/1893/2205 35/1895/2206 127/2081/2206
f 35/1895/2206 125/2082/2207 127/2081/2206
f 35/1895/2206 37/1897/2207 125/2082/2207
f 37/1897/2207 123/2083/2208 125/2082/2207
f 37/1897/2207 39/1899/2208 123/2083/2208
f 39/1899/2208 121/2084/2209 123/2083/2208
f 39/1899/2208 41/1901/2209 121/2084/2209
f 41/2085/2209 119/2087/2210 121/2086/2209
f 41/2085/2209 43/2088/2210 119/2087/2210
f 43/2088/2210 117/2089/2211 119/2087/2210
f 43/2088/2210 45/2090/2211 117/2089/2211
f 45/2090/2211 115/2091/2212 117/2089/2211
f 45/2090/2211 46/2092/2212 115/2091/2212
f 46/2092/2212 114/2093/2213 115/2091/2212
f 46/2092/2212 2/2094/2213 114/2093/2213
f 2/2094/2213 87/2095/2214 114/2093/2213
f 2/2094/2213 4/2096/2214 87/2095/2214
f 4/2096/2214 85/2097/2215 87/2095/2214
f 4/2096/2214 6/2098/2215 85/2097/2215
f 6/2098/2215 83/2099/2216 85/2097/2215
f 6/2098/2215 8/2100/2216 83/2099/2216
f 8/2100/2216 81/2101/2217 83/2099/2216
f 8/2100/2216 10/2102/2217 81/2101/2217
f 10/2102/2217 79/2103/2168 81/2101/2217
f 10/2102/2217 12/2047/2168 79/2103/2168
f 12/2047/2168 77/2048/2184 79/2103/2168
f 135/2104/2218 137/2106/2220 136/2105/2219
f 138/2107/2221 140/2109/2223 139/2108/2222
f 140/2109/2223 141/2110/2224 139/2108/2222
f 141/2110/2224 142/2111/2225 139/2108/2222
f 142/2111/2225 143/2112/2226 139/2108/2222
f 142/2111/2225 144/2113/2227 143/2112/2226
f 144/2113/2227 145/2114/2228 143/2112/2226
f 145/2114/2228 146/2115/2229 143/2112/2226
f 145/2114/2228 147/2116/2230 146/2115/2229
f 148/2117/2231 146/2119/2229 149/2118/2232
f 146/2119/2229 150/2120/2233 149/2118/2232
f 146/2119/2229 147/2121/2230 150/2120/2233
f 138/2107/2221 139/2108/2222 135/2104/2218
f 139/2108/2222 137/2106/2220 135/2104/2218
f 139/2108/2222 143/2112/2226 137/2106/2220
f 143/2112/2226 151/2122/2234 137/2106/2220
f 143/2112/2226 146/2115/2229 151/2122/2234
f 146/2115/2229 152/2123/2235 151/2122/2234
f 146/2119/2229 148/2117/2231 152/2124/2235
f 153/2125/2236 155/2127/2238 154/2126/2237
s 0
f 156/2128/2239 157/2130/2239 153/2129/2239
s 1
f 157/2131/2240 155/2127/2238 153/2125/2236
f 157/2132/2241 158/2134/2242 155/2133/2238
f 158/2134/2242 159/2135/2243 155/2133/2238
f 158/2136/2242 160/2138/2244 159/2137/2243
f 160/2138/2244 161/2139/2245 159/2137/2243
f 160/2138/2244 162/2140/2246 161/2139/2245
f 162/2140/2246 163/2141/2247 161/2139/2245
f 136/2105/2219 137/2106/2220 156/2142/2248
f 137/2143/2220 157/2145/2249 156/2144/2248
f 137/2106/2220 151/2122/2234 157/2132/2241
f 151/2122/2234 158/2134/2242 157/2132/2241
f 151/2122/2234 152/2123/2235 158/2134/2242
f 152/2123/2235 160/2146/2244 158/2134/2242
f 152/2124/2235 148/2117/2231 160/2138/2244
f 148/2117/2231 162/2140/2246 160/2138/2244
s 0
f 164/2147/2250 166/838/2250 165/836/2250
f 166/838/2251 164/2147/2251 167/2148/2251
s 1
f 164/2147/2252 168/2149/2254 167/2148/2253
f 164/2147/2252 169/2150/2255 168/2149/2254
f 168/2149/2254 169/2150/2255 170/2151/2256
f 169/2150/2255 171/2152/2257 170/2151/2256
f 169/2150/2255 172/2153/2258 171/2152/2257
f 172/2153/2258 173/2154/2259 171/2152/2257
f 172/2153/2258 174/2155/2260 173/2154/2259
f 174/2155/2260 175/2156/2261 173/2154/2259
f 174/2155/2260 176/2157/2262 175/2156/2261
f 176/2157/2262 177/2158/2263 175/2156/2261
f 176/2157/2262 178/2159/2264 177/2158/2263
f 178/2160/2264 179/2162/2265 177/2161/2263
f 177/2161/2263 179/2162/2265 180/2163/2266
f 179/2162/2265 181/2164/2267 180/2163/2266
f 179/2162/2265 182/2165/2268 181/2164/2267
f 182/2165/2268 183/2166/2269 181/2164/2267
f 182/2165/2268 184/2167/2270 183/2166/2269
f 185/805/2271 187/2168/2273 186/804/2272
f 188/2169/2274 190/2171/2276 189/2170/2275
f 190/2171/2276 191/2172/2277 189/2170/2275
f 191/2172/2277 192/2173/2278 189/2170/2275
f 192/2173/2278 193/2174/2279 189/2170/2275
f 192/2173/2278 194/2175/2280 193/2174/2279
f 195/2176/2281 196/2177/2282 185/805/2271
f 196/2177/2282 187/2168/2273 185/805/2271
f 196/2177/2282 193/2174/2279 187/2168/2273
f 193/2174/2279 197/2178/2283 187/2168/2273
f 193/2174/2279 194/2175/2280 197/2178/2283
f 198/908/2284 200/2179/2286 199/907/2285
f 198/908/2284 201/1001/2287 200/2179/2286
f 200/2179/2286 203/2181/2289 202/2180/2288
f 204/998/2290 205/2182/2291 201/1001/2287
f 205/2182/2291 200/2179/2286 201/1001/2287
f 205/2182/2291 206/2183/2292 200/2179/2286
f 206/2183/2292 203/2181/2289 200/2179/2286
f 207/2184/2293 209/2186/2295 208/2185/2294
f 209/2186/2295 207/2184/2293 210/2187/2296
f 207/2184/2293 211/2188/2298 210/2187/2297
f 207/2184/2293 202/2180/2288 211/2188/2298
f 202/2180/2288 212/2189/2299 211/2188/2298
f 202/2180/2288 203/2181/2289 212/2189/2299
f 213/2190/2300 215/2192/2302 214/2191/2301
f 216/2193/2303 218/2195/2305 217/2194/2304
f 218/2195/2305 219/2196/2306 217/2194/2304
f 219/2196/2306 220/2197/2307 217/2194/2304
f 219/2196/2306 221/2198/2308 220/2197/2307
f 216/2193/2303 222/2199/2309 218/2195/2305
f 222/2199/2309 223/2200/2310 218/2195/2305
f 222/2201/2309 224/2203/2311 223/2202/2310
f 224/2203/2311 215/2192/2302 223/2202/2310
f 224/2203/2311 225/2204/2312 215/2192/2302
f 225/2204/2312 226/2205/2313 215/2192/2302
f 226/2205/2313 214/2191/2301 215/2192/2302
f 226/2205/2313 227/2206/2314 214/2191/2301
f 227/2206/2314 228/2207/2315 214/2191/2301
f 227/2206/2314 229/2208/2316 228/2207/2315
f 154/2126/2237 155/2127/2238 213/2190/2300
f 155/2127/2238 215/2192/2302 213/2190/2300
f 155/2127/2238 159/2209/2243 215/2192/2302
f 159/2209/2243 223/2202/2310 215/2192/2302
f 159/2137/2243 161/2139/2245 223/2200/2310
f 161/2139/2245 218/2195/2305 223/2200/2310
f 161/2139/2245 163/2141/2247 218/2195/2305
f 163/2141/2247 219/2196/2306 218/2195/2305
f 233/876/2317 235/2210/2319 234/978/2318
f 224/2203/2311 237/2212/2321 236/2211/2320
f 225/2204/2312 238/2213/2322 226/2205/2313
f 225/2204/2312 224/2203/2311 238/2213/2322
f 224/2214/2311 222/2199/2309 237/2215/2321
f 222/2199/2309 239/2216/2323 237/2215/2321
f 222/2199/2309 216/2193/2303 239/2216/2323
f 216/2193/2303 217/2194/2304 239/2216/2323
f 217/2194/2304 240/2217/2324 239/2216/2323
f 217/2194/2304 220/2197/2307 240/2217/2324
f 241/2218/2325 243/2220/2327 242/2219/2326
f 241/2218/2325 240/2217/2324 243/2220/2327
f 240/2217/2324 221/2198/2308 243/2220/2327
f 240/2217/2324 220/2197/2307 221/2198/2308
f 242/2219/2326 244/2221/2328 241/2218/2325
f 244/2221/2328 245/2222/2329 241/2218/2325
f 244/2221/2328 246/2223/2330 245/2222/2329
f 246/2223/2330 247/2224/2331 245/2222/2329
f 247/2224/2331 248/2225/2332 245/2222/2329
f 247/2224/2331 235/2210/2319 248/2225/2332
f 233/876/2317 249/874/2333 235/2210/2319
f 249/874/2333 248/2225/2332 235/2210/2319
f 249/874/2333 250/872/2334 248/2225/2332
f 250/872/2334 251/2226/2335 248/2225/2332
f 250/872/2334 252/871/2336 251/2226/2335
f 230/1/1 238/2213/2322 232/3/3
f 224/2203/2311 236/2211/2320 238/2213/2322
f 236/2211/2320 232/3/3 238/2213/2322
f 236/2211/2320 237/2212/2321 232/3/3
f 237/2212/2321 253/2227/2337 232/3/3
f 237/2215/2321 239/2216/2323 253/2228/2337
f 239/2216/2323 254/2229/2338 253/2228/2337
f 239/2216/2323 240/2217/2324 254/2229/2338
f 240/2217/2324 255/2230/2339 254/2229/2338
f 240/2217/2324 241/2218/2325 255/2230/2339
f 241/2218/2325 256/2231/2340 255/2230/2339
f 241/2218/2325 245/2222/2329 256/2231/2340
f 256/2231/2340 245/2222/2329 257/2232/2341
f 245/2222/2329 258/2233/2342 257/2232/2341
f 245/2222/2329 248/2225/2332 258/2233/2342
f 248/2225/2332 259/2234/2343 258/2233/2342
f 248/2225/2332 251/2226/2335 259/2234/2343
f 260/2235/2344 262/2237/2346 261/2236/2345
f 265/6/6 266/2238/2347 264/5/5
s 0
f 266/2238/2348 268/2240/2348 267/2239/2348
s 1
f 268/2240/2349 269/2241/2351 267/2239/2350
f 269/2241/2351 270/2242/2352 267/2239/2350
s 0
f 270/2242/2353 271/2243/2353 267/2239/2353
f 270/2242/2354 272/2244/2354 271/2243/2354
s 1
f 272/2244/2355 168/2149/2357 271/2243/2356
f 272/2244/2355 167/2148/2253 168/2149/2357
f 273/2245/2358 275/2247/2360 274/2246/2359
f 275/2247/2360 276/2248/2361 274/2246/2359
f 275/2247/2360 277/2249/2362 276/2248/2361
f 277/2249/2362 278/2250/2363 276/2248/2361
f 277/2249/2362 279/2251/2364 278/2250/2363
f 264/5/2365 281/2252/2366 280/11/11
f 281/2252/2366 282/2253/2367 280/11/11
f 281/2252/2366 261/2236/2345 282/2253/2367
f 280/11/11 282/2253/2367 283/12/12
f 282/2253/2367 284/2254/2368 283/12/12
f 282/2253/2367 285/2255/2369 284/2254/2368
f 285/2255/2369 286/2256/2370 284/2254/2368
f 285/2257/2369 273/2245/2358 286/2258/2370
f 273/2245/2358 287/2259/2371 286/2258/2370
f 273/2245/2358 274/2246/2359 287/2259/2371
f 288/2260/2372 289/2261/2373 277/2249/2362
f 289/2261/2373 279/2251/2364 277/2249/2362
f 289/2261/2373 290/2262/2374 279/2251/2364
f 261/2236/2345 262/2237/2346 282/2253/2367
f 262/2237/2346 285/2255/2369 282/2253/2367
f 262/2237/2346 291/2263/2375 285/2255/2369
f 291/2263/2375 273/2264/2358 285/2255/2369
f 291/2263/2375 292/2265/2376 273/2264/2358
f 292/2266/2376 275/2247/2360 273/2245/2358
f 292/2266/2376 293/2267/2377 275/2247/2360
f 293/2267/2377 277/2249/2362 275/2247/2360
f 293/2267/2377 294/2268/2378 277/2249/2362
f 294/2268/2378 288/2260/2372 277/2249/2362
f 294/2268/2378 295/2269/2379 288/2260/2372
f 260/2235/2344 296/2270/2380 262/2237/2346
f 296/2270/2380 291/2263/2375 262/2237/2346
f 296/2270/2380 297/2271/2381 291/2263/2375
f 297/2271/2381 292/2265/2376 291/2263/2375
f 297/2271/2381 298/2272/2382 292/2265/2376
f 298/2272/2382 293/2273/2377 292/2265/2376
f 298/2274/2382 299/2275/2383 293/2267/2377
f 299/2275/2383 294/2268/2378 293/2267/2377
f 299/2275/2383 300/2276/2384 294/2268/2378
f 300/2276/2384 295/2269/2379 294/2268/2378
f 300/2276/2384 184/2167/2270 295/2269/2379
f 184/2167/2270 300/2276/2384 183/2166/2269
f 300/2276/2384 181/2164/2267 183/2166/2269
f 300/2276/2384 299/2275/2383 181/2164/2267
f 299/2275/2383 180/2163/2266 181/2164/2267
f 299/2277/2383 298/2279/2382 180/2278/2266
f 298/2274/2382 177/2161/2263 180/2163/2266
f 298/2272/2382 297/2271/2381 177/2158/2263
f 297/2271/2381 175/2156/2261 177/2158/2263
f 297/2271/2381 296/2270/2380 175/2156/2261
f 296/2270/2380 173/2154/2259 175/2156/2261
f 296/2270/2380 260/2235/2344 173/2154/2259
f 260/2235/2344 171/2152/2257 173/2154/2259
f 260/2235/2344 170/2151/2256 171/2152/2257
f 264/5/2365 266/2238/2385 281/2252/2366
f 266/2238/2385 261/2236/2345 281/2252/2366
f 266/2238/2386 267/2239/2387 261/2236/2345
f 267/2239/2387 260/2235/2344 261/2236/2345
f 267/2239/2387 271/2243/2388 260/2235/2344
f 271/2243/2388 170/2151/2256 260/2235/2344
f 271/2243/2388 168/2149/2254 170/2151/2256
f 301/2280/2389 303/2282/2391 302/2281/2390
s 0
f 304/2283/2392 306/2285/2392 305/2284/2392
s 1
f 307/2286/2393 304/2283/2395 308/2287/2394
s 0
f 309/2288/2396 311/2290/2396 310/2289/2396
s 1
f 305/2284/2397 306/2285/2398 195/2176/2281
f 306/2285/2398 196/2177/2282 195/2176/2281
f 306/2285/2398 312/2291/2399 196/2177/2282
f 312/2291/2399 193/2174/2279 196/2177/2282
f 312/2291/2399 313/2292/2400 193/2174/2279
f 313/2292/2400 189/2170/2275 193/2174/2279
f 314/2293/2401 315/2294/2402 313/2292/2400
f 315/2294/2402 189/2170/2275 313/2292/2400
f 315/2294/2402 188/2169/2274 189/2170/2275
s 0
f 304/2283/2403 307/2286/2403 306/2285/2403
s 1
f 307/2286/2404 312/2291/2399 306/2285/2398
f 307/2286/2404 316/2295/2405 312/2291/2399
f 316/2295/2405 313/2292/2400 312/2291/2399
f 316/2295/2405 317/2296/2406 313/2292/2400
f 317/2296/2406 314/2293/2401 313/2292/2400
f 317/2296/2406 301/2297/2389 314/2293/2401
f 301/2298/2389 317/2300/2406 303/2299/2391
f 317/2296/2406 318/2302/2407 303/2301/2391
f 317/2296/2406 316/2295/2405 318/2302/2407
f 316/2295/2405 309/2288/2408 318/2302/2407
f 316/2295/2405 307/2286/2404 309/2288/2408
s 0
f 307/2286/2409 311/2290/2409 309/2288/2409
s 1
f 307/2286/2393 308/2287/2394 311/2290/2410
f 319/2303/2411 320/2304/2413 310/2289/2412
f 320/2304/2413 309/2288/2414 310/2289/2412
f 320/2304/2415 321/2305/2416 309/2288/2408
f 321/2305/2416 318/2302/2407 309/2288/2408
f 321/2305/2416 322/2306/2417 318/2302/2407
f 322/2306/2417 303/2301/2391 318/2302/2407
f 322/2307/2417 323/2309/2418 303/2308/2391
f 323/2309/2418 302/2310/2390 303/2308/2391
f 324/2311/2419 326/2313/2421 325/2312/2420
f 327/751/2422 329/2314/2424 328/754/2423
f 330/752/2425 332/753/2427 331/2315/2426
f 332/753/2427 333/912/2428 331/2315/2426
f 334/2316/2429 336/2318/2431 335/2317/2430
f 336/2318/2431 331/2315/2426 335/2317/2430
f 336/2318/2431 337/2319/2432 331/2315/2426
f 337/2319/2432 330/752/2425 331/2315/2426
f 338/2320/2433 334/2316/2429 339/2321/2434
f 334/2316/2429 340/2322/2435 339/2321/2434
f 334/2316/2429 335/2317/2430 340/2322/2435
f 326/2313/2421 341/2323/2436 325/2312/2420
f 341/2323/2436 342/2324/2437 325/2312/2420
f 341/2323/2436 338/2320/2433 342/2324/2437
f 324/2311/2419 343/2325/2438 326/2313/2421
f 343/2325/2438 344/2326/2439 326/2313/2421
f 343/2325/2438 345/2327/2440 344/2326/2439
f 345/2328/2440 346/2330/2441 344/2329/2439
f 346/2330/2441 347/2331/2442 344/2329/2439
f 346/2330/2441 348/2332/2443 347/2331/2442
f 348/2332/2443 349/2333/2444 347/2331/2442
f 348/2332/2443 350/2334/2445 349/2333/2444
f 351/2335/2446 352/2336/2447 349/2333/2444
f 352/2336/2447 347/2331/2442 349/2333/2444
f 352/2336/2447 353/2337/2448 347/2331/2442
f 353/2337/2448 344/2329/2439 347/2331/2442
f 353/2338/2448 354/2339/2449 344/2326/2439
f 354/2339/2449 355/2340/2450 344/2326/2439
f 355/2340/2450 326/2313/2421 344/2326/2439
f 355/2340/2450 356/2341/2451 326/2313/2421
f 356/2341/2451 341/2323/2436 326/2313/2421
f 356/2341/2451 357/2342/2452 341/2323/2436
f 338/2320/2433 341/2323/2436 334/2316/2429
f 341/2323/2436 358/2343/2453 334/2316/2429
f 341/2323/2436 357/2342/2452 358/2343/2453
f 330/752/2425 337/2319/2432 327/751/2422
f 337/2319/2432 329/2314/2424 327/751/2422
f 337/2319/2432 336/2318/2431 329/2314/2424
f 336/2318/2431 359/2344/2454 329/2314/2424
f 336/2318/2431 334/2316/2429 359/2344/2454
f 334/2316/2429 360/2345/2455 359/2344/2454
f 334/2316/2429 358/2343/2453 360/2345/2455
f 207/2184/2293 208/2185/2294 325/2312/2420
f 208/2185/2294 324/2311/2419 325/2312/2420
f 208/2185/2294 343/2325/2438 324/2311/2419
f 202/2180/2288 207/2184/2293 338/2320/2433
f 207/2184/2293 342/2324/2437 338/2320/2433
f 207/2184/2293 325/2312/2420 342/2324/2437
f 200/2179/2286 361/910/2456 199/907/2285
f 333/912/2428 361/910/2456 331/2315/2426
f 361/910/2456 335/2317/2430 331/2315/2426
f 361/910/2456 200/2179/2286 335/2317/2430
f 200/2179/2286 340/2322/2435 335/2317/2430
f 200/2179/2286 202/2180/2288 340/2322/2435
f 202/2180/2288 339/2321/2434 340/2322/2435
f 202/2180/2288 338/2320/2433 339/2321/2434
s 0
f 362/2346/2457 364/2348/2457 363/2347/2457
s 1
f 365/696/2458 251/2226/2335 252/871/2336
f 366/2349/2459 367/2350/2460 256/2231/2340
f 367/2350/2460 255/2230/2339 256/2231/2340
f 367/2350/2460 368/2351/2461 255/2230/2339
f 368/2351/2461 254/2229/2338 255/2230/2339
f 368/2351/2461 369/2352/2462 254/2229/2338
f 369/2352/2462 253/2228/2337 254/2229/2338
f 369/2353/2462 370/2354/2463 253/2227/2337
f 370/2354/2463 232/3/3 253/2227/2337
f 370/2354/2463 371/2355/2464 232/3/3
f 371/2355/2464 231/2/2 232/3/3
f 257/2232/2341 258/2233/2342 372/2356/2465
f 258/2233/2342 373/2357/2466 372/2356/2465
f 258/2233/2342 259/2234/2343 373/2357/2466
f 259/2234/2343 362/2358/2467 373/2357/2466
f 259/2234/2343 251/2226/2335 362/2358/2467
f 251/2226/2335 364/694/2468 362/2358/2467
f 251/2226/2335 365/696/2458 364/694/2468
f 374/2359/2469 375/2360/2470 366/2349/2459
f 375/2360/2470 367/2350/2460 366/2349/2459
f 375/2360/2470 376/2361/2471 367/2350/2460
f 376/2361/2471 368/2351/2461 367/2350/2460
f 376/2361/2471 377/2362/2472 368/2351/2461
f 377/2362/2472 369/2352/2462 368/2351/2461
f 377/2363/2472 378/2364/2473 369/2353/2462
f 378/2364/2473 370/2354/2463 369/2353/2462
f 378/2364/2473 379/698/764 370/2354/2463
f 379/698/764 371/2355/2464 370/2354/2463
f 380/693/2474 381/2365/2476 363/692/2475
f 381/2365/2476 362/2358/2467 363/692/2475
f 381/2365/2476 382/2366/2477 362/2358/2467
f 382/2366/2477 373/2357/2466 362/2358/2467
f 382/2366/2477 374/2359/2469 373/2357/2466
f 374/2359/2469 372/2356/2465 373/2357/2466
f 374/2359/2469 366/2349/2459 372/2356/2465
f 366/2349/2459 257/2232/2341 372/2356/2465
f 366/2349/2459 256/2231/2340 257/2232/2341
f 383/2367/2478 385/2369/2480 384/2368/2479
f 386/2370/2481 388/2372/2483 387/2371/2482
f 389/483/2484 381/2365/2476 380/693/2474
f 389/483/2484 390/482/2485 381/2365/2476
f 390/482/2485 392/481/2487 391/2373/2486
f 392/481/2487 393/2374/2488 391/2373/2486
f 394/2375/2489 396/2377/2491 395/2376/2490
f 394/2375/2489 397/2378/2492 396/2377/2491
f 398/2379/2493 400/2381/2495 399/2380/2494
f 400/2381/2495 401/2382/2496 399/2380/2494
f 379/698/764 378/2364/2473 398/2379/2493
f 378/2364/2473 400/2381/2495 398/2379/2493
f 378/2364/2473 377/2363/2472 400/2381/2495
f 377/2363/2472 402/2383/2497 400/2381/2495
f 377/2362/2472 376/2361/2471 402/2384/2497
f 376/2361/2471 403/2385/2498 402/2384/2497
f 376/2361/2471 375/2360/2470 403/2385/2498
f 375/2360/2470 404/2386/2499 403/2385/2498
f 375/2360/2470 374/2359/2469 404/2386/2499
f 374/2359/2469 382/2366/2477 385/2369/2480
f 382/2366/2477 384/2368/2479 385/2369/2480
f 382/2366/2477 381/2365/2476 384/2368/2479
f 405/2387/2500 406/2388/2501 404/2386/2499
f 406/2388/2501 403/2385/2498 404/2386/2499
f 406/2388/2501 407/2389/2502 403/2385/2498
f 407/2389/2502 402/2384/2497 403/2385/2498
f 407/2389/2502 408/2390/2503 402/2384/2497
f 408/2391/2503 400/2381/2495 402/2383/2497
f 408/2391/2503 388/2392/2483 400/2381/2495
f 388/2393/2483 401/2395/2496 400/2394/2495
f 388/2372/2483 386/2370/2481 401/2396/2496
f 387/488/2504 388/2397/2506 397/487/2505
f 388/2397/2506 396/2398/2507 397/487/2505
f 388/2392/2483 408/2391/2503 396/2377/2491
f 408/2391/2503 409/2399/2508 396/2377/2491
f 408/2390/2503 407/2389/2502 409/2400/2508
f 407/2389/2502 410/2401/2509 409/2400/2508
f 407/2389/2502 406/2388/2501 410/2401/2509
f 410/2401/2509 406/2388/2501 411/2402/2510
f 406/2388/2501 412/2403/2511 411/2402/2510
f 406/2388/2501 405/2387/2500 412/2403/2511
f 405/2387/2500 413/2404/2512 412/2403/2511
f 405/2387/2500 414/2405/2513 413/2404/2512
f 374/2359/2469 385/2369/2480 404/2386/2499
f 385/2369/2480 405/2387/2500 404/2386/2499
f 385/2369/2480 383/2367/2478 405/2387/2500
f 383/2367/2478 414/2405/2513 405/2387/2500
f 383/2367/2478 415/2406/2514 414/2405/2513
f 416/2407/2515 418/2408/2517 417/477/2516
f 418/2408/2517 419/476/2518 417/477/2516
s 0
f 418/2409/2519 393/2411/2519 419/2410/2519
s 1
f 393/2374/2488 420/480/2521 419/476/2520
f 393/2374/2488 392/481/2487 420/480/2521
f 390/482/2485 391/2373/2486 381/2365/2476
f 391/2373/2486 384/2368/2479 381/2365/2476
f 391/2373/2486 393/2374/2488 384/2368/2479
f 393/2374/2488 383/2367/2478 384/2368/2479
f 393/2374/2488 418/2408/2517 383/2367/2478
f 418/2408/2517 415/2406/2514 383/2367/2478
f 418/2408/2517 416/2407/2515 415/2406/2514
f 280/11/11 425/2412/2522 264/5/2365
f 278/2250/2363 279/2251/2364 426/2413/2523
f 279/2251/2364 427/2414/2524 426/2413/2523
f 279/2251/2364 290/2262/2374 427/2414/2524
f 278/2250/2363 426/2413/2523 276/2248/2361
f 426/2413/2523 274/2246/2359 276/2248/2361
f 426/2413/2523 428/2415/2525 274/2246/2359
f 428/2415/2525 287/2259/2371 274/2246/2359
f 428/2415/2525 429/2416/2526 287/2259/2371
f 425/2412/2522 280/11/11 430/2417/2527
f 280/11/11 424/10/10 430/2417/2527
f 283/12/12 423/9/9 424/10/10
f 283/12/12 284/2254/2368 423/9/9
f 284/2254/2368 429/2418/2526 423/9/9
f 284/2419/2368 286/2258/2370 429/2416/2526
f 286/2258/2370 287/2259/2371 429/2416/2526
f 431/2420/2528 320/2304/2413 432/2421/2529
f 320/2304/2413 433/2422/2530 432/2421/2529
f 320/2304/2413 319/2303/2411 433/2422/2530
f 323/2309/2418 322/2307/2417 434/2423/2531
f 322/2307/2417 435/2424/2532 434/2423/2531
f 322/2307/2417 321/2425/2416 435/2424/2532
f 321/2425/2416 436/2426/2533 435/2424/2532
f 321/2305/2416 320/2304/2415 436/2427/2533
f 320/2304/2415 437/2428/2534 436/2427/2533
f 320/2304/2413 431/2420/2528 437/2428/2534
f 431/2420/2528 438/2429/2535 437/2428/2534
f 422/8/8 423/9/9 439/2430/2536
f 423/9/9 440/13/13 439/2430/2536
f 442/2431/2537 444/2433/2539 443/2432/2538
f 444/2433/2539 445/2434/2540 443/2432/2538
f 444/2433/2539 446/2435/2541 445/2434/2540
f 446/2435/2541 447/2436/2542 445/2434/2540
f 446/2435/2541 448/2437/2543 447/2436/2542
f 448/2437/2543 441/2438/14 447/2436/2542
f 448/2437/2543 449/2439/15 441/2438/14
f 449/15/15 450/2440/2544 440/13/13
f 443/2432/2538 445/2434/2540 427/2414/2524
f 445/2434/2540 426/2413/2523 427/2414/2524
f 445/2434/2540 447/2436/2542 426/2413/2523
f 447/2436/2542 428/2415/2525 426/2413/2523
f 447/2436/2542 441/2438/14 428/2415/2525
f 441/2438/14 429/2416/2526 428/2415/2525
f 441/14/14 423/9/9 429/2418/2526
f 451/2441/2545 437/2428/2534 438/2429/2535
f 451/2441/2545 452/2442/2546 437/2428/2534
f 453/255/300 454/2443/2547 452/260/307
f 454/2444/2548 437/2428/2534 452/2442/2546
f 454/2444/2548 455/2445/2549 437/2428/2534
f 455/2445/2549 436/2427/2533 437/2428/2534
f 455/2446/2549 456/2447/2550 436/2426/2533
f 456/2447/2550 435/2424/2532 436/2426/2533
f 456/2447/2550 457/2448/2551 435/2424/2532
f 457/2448/2551 434/2423/2531 435/2424/2532
f 457/2448/2551 456/2447/2550 458/2449/2552
f 456/2447/2550 459/2450/2553 458/2449/2552
f 456/2447/2550 455/2446/2549 459/2450/2553
f 455/2446/2549 460/2451/2554 459/2450/2553
f 455/2446/2549 454/2443/2548 460/2451/2554
f 454/2443/2548 461/2452/2555 460/2451/2554
f 454/2453/2548 453/2455/2556 461/2454/2555
f 462/2456/2557 464/2458/2559 463/2457/2558
f 465/328/2560 467/2459/2562 466/478/2561
f 468/2460/2563 470/2462/2565 469/2461/2564
f 470/2462/2565 471/2463/2566 469/2461/2564
f 472/2464/2567 474/2466/2569 473/2465/2568
f 474/2466/2569 475/2467/2570 473/2465/2568
f 474/2466/2569 476/2468/2571 475/2467/2570
f 476/2468/2571 477/2469/2572 475/2467/2570
f 476/2470/2571 478/2472/2573 477/2471/2572
f 478/2472/2573 479/2473/2574 477/2471/2572
f 478/2472/2573 480/2474/2575 479/2473/2574
f 473/2465/2568 475/2467/2570 481/2475/2576
f 475/2476/2570 482/2478/2577 481/2477/2576
f 475/2476/2570 477/2479/2572 482/2478/2577
f 477/2480/2572 483/2482/2578 482/2481/2577
f 477/2479/2572 479/2484/2574 483/2483/2578
f 484/2485/2579 486/2487/2581 485/2486/2580
f 486/2487/2581 483/2483/2578 485/2486/2580
f 486/2487/2581 487/2488/2582 483/2483/2578
f 487/2488/2582 482/2478/2577 483/2483/2578
f 488/2489/2583 489/2490/2584 480/2474/2575
f 489/2490/2584 479/2473/2574 480/2474/2575
f 489/2490/2584 490/2491/2585 479/2473/2574
f 490/2492/2585 483/2483/2578 479/2484/2574
f 490/2492/2585 491/2493/2586 483/2483/2578
f 491/2493/2586 485/2486/2580 483/2483/2578
f 491/2493/2586 492/2494/2587 485/2486/2580
f 493/2495/2588 495/2497/2590 494/2496/2589
f 495/2497/2590 484/2485/2579 494/2496/2589
f 484/2485/2579 485/2486/2580 494/2496/2589
f 485/2486/2580 496/2498/2591 494/2496/2589
f 485/2486/2580 492/2494/2587 496/2498/2591
f 492/2494/2592 497/2499/2593 496/2498/2591
f 492/2494/2587 498/2500/2594 497/2499/2593
f 498/2500/2594 499/2501/2595 497/2499/2593
f 498/2500/2594 500/2502/2596 499/2501/2595
f 500/2502/2596 501/2503/2597 499/2501/2595
f 500/2502/2596 467/2459/2562 501/2503/2597
f 467/2459/2562 502/323/2598 501/2503/2597
f 467/2459/2562 465/328/2560 502/323/2598
f 463/2457/2558 464/2458/2559 503/2504/2599
f 464/2458/2559 471/2463/2566 503/2504/2599
f 464/2458/2559 504/2505/2600 471/2463/2566
f 504/2505/2600 469/2461/2564 471/2463/2566
f 505/324/2601 506/326/2602 468/2460/2563
f 506/326/2603 470/2462/2565 468/2460/2563
f 506/326/2604 507/327/2605 470/2462/2565
f 507/327/2605 471/2463/2566 470/2462/2565
f 507/327/2605 508/2506/2606 471/2463/2566
f 508/2506/2606 503/2504/2599 471/2463/2566
f 493/2495/2588 494/2496/2589 462/2456/2557
f 494/2496/2589 464/2458/2559 462/2456/2557
f 494/2496/2589 496/2498/2591 464/2458/2559
f 496/2498/2591 504/2505/2600 464/2458/2559
f 496/2498/2591 497/2499/2593 504/2505/2600
f 497/2499/2593 469/2461/2564 504/2505/2600
f 497/2499/2593 499/2501/2595 469/2461/2564
f 499/2501/2595 468/2460/2563 469/2461/2564
f 499/2501/2595 501/2503/2597 468/2460/2563
f 501/2503/2597 505/324/2601 468/2460/2563
f 501/2503/2597 502/323/2598 505/324/2601
f 509/2507/2607 511/17/17 510/18/18
f 512/2508/2608 444/2433/2539 442/2431/2537
f 513/25/23 515/316/2609 514/27/25
f 515/316/2609 516/2509/2610 514/27/25
f 515/316/2611 517/317/2613 516/2509/2612
f 517/317/2613 518/2510/2614 516/2509/2612
f 517/317/2615 519/318/2616 518/2510/2614
f 520/19/2617 522/2511/2619 521/21/2618
s 0
f 522/2511/2620 523/320/2620 521/21/2620
s 1
f 522/2511/2621 524/2512/2623 523/320/2622
f 511/17/17 512/2508/2608 525/2513/2624
f 525/2513/2624 526/16/16 511/17/17
f 526/16/16 527/2514/338 510/18/18
f 528/2515/2625 530/2517/2627 529/2516/2626
f 529/2518/2628 530/2519/2627 527/2514/338
f 530/2519/2627 510/18/18 527/2514/338
f 530/2519/2627 531/2520/2629 510/18/18
f 531/2520/2629 509/2507/2607 510/18/18
f 531/2520/2629 532/2521/2630 509/2507/2607
f 533/2522/2631 535/2524/2633 534/2523/2632
f 535/2524/2633 444/2433/2539 534/2523/2632
f 535/2524/2633 446/2435/2541 444/2433/2539
f 446/2435/2541 535/2524/2633 536/2525/2634
f 535/2524/2633 537/2526/2635 536/2525/2634
s 0
f 535/2527/2636 533/2529/2636 537/2528/2636
s 1
f 533/2522/2637 538/2530/2638 537/2526/2635
f 533/2522/2637 539/2531/2639 538/2530/2638
f 512/2508/2608 511/17/17 444/2433/2539
f 511/17/17 534/2523/2632 444/2433/2539
f 511/17/17 509/2507/2607 534/2523/2632
f 509/2507/2607 533/2522/2631 534/2523/2632
f 509/2507/2607 532/2521/2630 533/2522/2631
s 0
f 532/2521/2640 539/2531/2640 533/2522/2640
s 1
f 532/2521/2630 540/2532/2641 539/2531/2639
f 446/2435/2541 536/2525/2634 448/2437/2543
f 536/2525/2634 541/2533/2642 448/2437/2543
f 536/2525/2634 537/2526/2635 541/2533/2642
f 537/2526/2635 542/2534/2643 541/2533/2642
f 537/2526/2635 538/2530/2638 542/2534/2643
f 538/2530/2638 543/2535/2644 542/2534/2643
f 538/2530/2638 539/2531/2639 543/2535/2644
f 539/2531/2639 544/2536/2645 543/2535/2644
f 539/2531/2639 540/2532/2641 544/2536/2645
f 540/2532/2641 545/2537/2646 544/2536/2645
f 449/2439/15 520/19/2647 450/310/2544
s 0
f 520/2538/2648 546/2540/2648 450/2539/2648
s 1
f 448/2437/2543 541/2533/2642 449/2439/15
f 541/2533/2642 520/19/2647 449/2439/15
f 541/2533/2642 542/2534/2643 520/19/2647
f 542/2534/2643 522/2511/2619 520/19/2647
f 542/2534/2643 543/2535/2644 522/2511/2619
f 543/2535/2644 524/2512/2649 522/2511/2619
f 543/2535/2644 544/2536/2645 524/2512/2649
f 544/2536/2645 547/2541/2650 524/2512/2649
f 544/2536/2645 545/2537/2646 547/2541/2650
f 545/2537/2646 548/2542/2651 547/2541/2650
f 514/27/2652 516/2509/2612 549/2543/2653
f 516/2509/2612 548/2542/2651 549/2543/2653
f 516/2509/2612 518/2510/2614 548/2542/2651
f 518/2510/2614 547/2541/2650 548/2542/2651
f 518/2510/2614 519/318/2616 547/2541/2650
f 519/318/2616 524/2512/2654 547/2541/2650
f 519/318/2616 550/319/2655 524/2512/2654
f 550/319/2655 523/320/2622 524/2512/2654
f 549/2543/2653 548/2542/2651 551/2544/2656
f 548/2542/2651 552/2545/2657 551/2544/2656
f 548/2542/2651 545/2537/2646 552/2545/2657
f 545/2537/2646 553/2546/2658 552/2545/2657
f 545/2537/2646 540/2532/2641 553/2546/2658
f 540/2532/2641 554/2547/2659 553/2546/2658
f 540/2532/2641 532/2521/2630 554/2547/2659
f 532/2521/2630 555/2548/2660 554/2547/2659
f 532/2521/2630 531/2520/2629 555/2548/2660
f 531/2520/2629 556/2549/2661 555/2548/2660
f 531/2520/2629 530/2519/2627 556/2549/2661
f 530/2519/2627 557/2550/2662 556/2549/2661
f 530/2517/2627 528/2515/2625 557/2551/2662
f 558/2552/2663 560/2554/2665 559/2553/2664
f 561/257/2666 563/251/2668 562/2555/2667
f 563/251/2669 564/2556/2670 562/2555/2667
f 563/251/2671 565/248/2672 564/2556/2670
f 565/248/2672 566/2557/2673 564/2556/2670
f 565/248/2672 567/249/2674 566/2557/2673
f 568/2558/2675 570/2560/2677 569/2559/2676
f 570/2560/2677 571/2561/2678 569/2559/2676
f 570/2560/2677 572/2562/2679 571/2561/2678
f 572/2562/2679 573/2563/2680 571/2561/2678
f 572/2562/2679 574/2564/2681 573/2563/2680
f 574/2564/2681 575/2565/2682 573/2563/2680
f 574/2564/2681 576/2566/2683 575/2565/2682
f 576/2566/2683 577/2567/2684 575/2565/2682
f 576/2566/2683 578/2568/2685 577/2567/2684
f 579/2569/2686 581/2571/2688 580/2570/2687
f 581/2571/2688 582/2572/2689 580/2570/2687
f 581/2571/2688 583/2573/2691 582/2572/2690
f 583/2573/2691 584/2574/2692 582/2572/2690
f 583/2573/2691 585/2575/2693 584/2574/2692
f 585/2575/2693 586/2576/2694 584/2574/2692
f 585/2575/2693 587/2577/2695 586/2576/2694
f 587/2577/2695 588/2578/2696 586/2576/2694
f 587/2577/2695 589/2579/2697 588/2578/2696
f 589/2579/2697 590/2580/2698 588/2578/2696
f 589/2579/2697 591/2581/2699 590/2580/2698
f 592/2582/2700 594/2584/2702 593/2583/2701
f 594/2584/2702 595/2585/2703 593/2583/2701
f 594/2584/2702 596/2586/2704 595/2585/2703
f 596/2586/2704 597/2587/2705 595/2585/2703
f 596/2586/2704 598/2588/2706 597/2587/2705
f 598/2588/2706 599/2589/2707 597/2587/2705
f 598/2588/2706 600/2590/2708 599/2589/2707
f 600/2590/2708 601/2591/2709 599/2589/2707
f 600/2590/2708 602/2592/2710 601/2591/2709
f 602/2592/2710 603/2593/2711 601/2591/2709
f 602/2592/2710 604/252/2712 603/2593/2711
s 0
f 604/252/2713 605/253/2713 603/2593/2713
s 1
f 606/2594/2714 578/2568/2685 558/2552/2663
f 578/2568/2685 560/2554/2665 558/2552/2663
f 578/2568/2685 576/2566/2683 560/2554/2665
f 576/2566/2683 607/2595/2715 560/2554/2665
f 576/2566/2683 574/2564/2681 607/2595/2715
f 574/2564/2681 608/2596/2716 607/2595/2715
f 574/2564/2681 572/2562/2679 608/2596/2716
f 572/2562/2679 609/2597/2717 608/2596/2716
f 572/2562/2679 570/2560/2677 609/2597/2717
f 570/2560/2677 610/2598/2718 609/2597/2717
f 570/2560/2677 568/2558/2675 610/2598/2718
f 568/2558/2675 611/2599/2719 610/2598/2718
f 569/2559/2676 571/2561/2678 579/2569/2686
f 571/2561/2678 581/2571/2688 579/2569/2686
f 571/2561/2678 573/2563/2680 581/2571/2688
f 573/2563/2680 583/2573/2691 581/2571/2688
f 573/2563/2680 575/2565/2682 583/2573/2691
f 575/2565/2682 585/2575/2693 583/2573/2691
f 575/2565/2682 577/2567/2684 585/2575/2693
f 577/2567/2684 587/2577/2695 585/2575/2693
f 577/2567/2684 578/2568/2685 587/2577/2695
f 578/2568/2685 589/2579/2697 587/2577/2695
f 578/2568/2685 606/2594/2714 589/2579/2697
f 604/252/2720 602/2592/2722 612/256/2721
s 0
f 602/2600/2723 453/2602/2723 612/2601/2723
s 1
f 602/2592/2710 600/2590/2708 453/255/2724
f 600/2603/2708 461/2454/2555 453/2455/2556
f 600/2590/2708 598/2588/2706 461/2452/2555
f 598/2588/2706 460/2451/2554 461/2452/2555
f 598/2588/2706 596/2586/2704 460/2451/2554
f 596/2586/2704 459/2450/2553 460/2451/2554
f 596/2586/2704 594/2584/2702 459/2450/2553
f 594/2584/2702 458/2449/2552 459/2450/2553
f 594/2584/2702 592/2582/2700 458/2449/2552
f 595/2585/2703 597/2587/2705 590/2580/2698
f 597/2587/2705 588/2578/2696 590/2580/2698
f 597/2587/2705 599/2589/2707 588/2578/2696
f 599/2589/2707 586/2576/2694 588/2578/2696
f 599/2589/2707 601/2591/2709 586/2576/2694
f 601/2591/2709 584/2574/2692 586/2576/2694
f 601/2591/2709 603/2593/2711 584/2574/2692
f 603/2593/2711 582/2572/2690 584/2574/2692
s 0
f 603/2593/2725 605/253/2725 582/2572/2725
s 1
f 605/253/2726 580/2570/2687 582/2572/2727
f 605/253/2726 613/254/2728 580/2570/2687
f 613/254/2729 579/2569/2686 580/2570/2730
f 613/254/2729 561/257/2666 579/2569/2686
f 561/257/2666 569/2559/2676 579/2569/2686
f 561/257/2666 562/2555/2667 569/2559/2676
f 562/2555/2667 568/2558/2675 569/2559/2676
f 562/2555/2667 564/2556/2670 568/2558/2675
f 564/2556/2670 611/2599/2719 568/2558/2675
f 564/2556/2670 566/2557/2673 611/2599/2719
f 614/233/2731 616/230/2733 615/2604/2732
f 617/2605/2734 619/2606/2735 618/23/21
f 620/2607/2736 622/2609/2738 621/2608/2737
f 623/239/2739 625/240/2741 624/2610/2740
f 626/2611/2742 627/22/20 619/2606/2735
f 627/22/20 618/23/21 619/2606/2735
f 628/24/22 629/236/2743 618/23/21
f 630/2612/2744 632/237/2746 631/2613/2745
f 632/237/2746 633/238/2747 631/2613/2745
f 624/2610/2740 635/2615/2749 634/2614/2748
f 614/233/2731 637/2616/2751 636/244/2750
f 637/2616/2751 638/243/2752 636/244/2750
f 637/2616/2751 635/2615/2749 638/243/2752
f 635/2615/2753 639/242/2755 638/243/2754
f 635/2615/2753 624/2610/2740 639/242/2755
f 624/2610/2740 640/241/2756 639/242/2755
f 624/2610/2740 625/240/2741 640/241/2756
f 641/2617/2757 643/2619/2759 642/2618/2758
f 643/2619/2759 644/2620/2760 642/2618/2758
f 643/2619/2759 645/2621/2761 644/2620/2760
f 645/2621/2761 646/2622/2762 644/2620/2760
f 645/2621/2761 647/2623/2763 646/2622/2762
f 648/2624/2764 650/2626/2766 649/2625/2765
f 650/2627/2766 651/2629/2767 649/2628/2765
f 650/2626/2766 652/2631/2768 651/2630/2767
f 652/2631/2768 653/2632/2769 651/2630/2767
f 652/2631/2768 654/2633/2770 653/2632/2769
f 654/2633/2770 655/2634/2771 653/2632/2769
f 654/2633/2770 656/2635/2772 655/2634/2771
f 657/2636/2773 659/2638/2775 658/2637/2774
f 659/2638/2775 660/2639/2776 658/2637/2774
f 659/2638/2775 661/2640/2777 660/2639/2776
f 661/2640/2777 662/2641/2778 660/2639/2776
f 661/2640/2777 663/2642/2779 662/2641/2778
f 663/2642/2779 664/2643/2780 662/2641/2778
f 663/2642/2779 665/2644/2781 664/2643/2780
f 665/2644/2781 666/2645/2782 664/2643/2780
f 665/2644/2781 667/2646/2783 666/2645/2782
f 667/2646/2783 668/2647/2784 666/2645/2782
f 632/237/2746 630/2612/2744 629/236/2743
f 630/2612/2744 618/23/21 629/236/2743
f 630/2612/2744 631/2613/2745 618/23/21
f 631/2613/2745 617/2605/2734 618/23/21
f 631/2613/2745 669/2648/2785 617/2605/2734
f 633/238/2747 623/239/2739 631/2613/2745
f 623/239/2739 669/2648/2785 631/2613/2745
f 623/239/2739 624/2610/2740 669/2648/2785
f 624/2610/2740 670/2649/2786 669/2648/2785
f 624/2610/2740 634/2614/2748 670/2649/2786
f 671/2650/2787 672/2652/2788 649/2651/2765
f 672/2652/2788 648/2653/2764 649/2651/2765
f 672/2654/2788 673/2655/2789 648/2624/2764
f 674/2656/2790 643/2619/2759 675/2657/2791
f 643/2619/2759 676/2658/2792 675/2657/2791
f 643/2619/2759 641/2617/2757 676/2658/2792
f 671/2659/2787 649/2660/2765 674/2656/2790
f 649/2660/2765 643/2619/2759 674/2656/2790
f 649/2661/2765 651/2663/2767 643/2662/2759
f 651/2664/2767 645/2666/2761 643/2665/2759
f 651/2630/2767 653/2632/2769 645/2667/2761
f 653/2668/2769 647/2670/2763 645/2669/2761
f 653/2632/2769 655/2634/2771 647/2671/2763
f 677/2672/2793 657/2636/2773 622/2673/2738
f 657/2636/2773 621/2674/2737 622/2673/2738
f 657/2675/2773 658/2676/2774 621/2608/2737
f 677/2672/2793 678/2677/2794 657/2636/2773
f 678/2677/2794 659/2638/2775 657/2636/2773
f 678/2677/2794 679/2678/2795 659/2638/2775
f 679/2678/2795 661/2640/2777 659/2638/2775
f 679/2678/2795 680/2679/2796 661/2640/2777
f 680/2679/2796 663/2642/2779 661/2640/2777
f 680/2679/2796 681/2680/2797 663/2642/2779
f 681/2680/2797 665/2644/2781 663/2642/2779
f 681/2680/2797 682/2681/2798 665/2644/2781
f 682/2681/2798 667/2646/2783 665/2644/2781
f 682/2681/2798 683/2682/2799 667/2646/2783
f 683/2682/2799 668/2647/2784 667/2646/2783
f 683/2682/2799 684/2683/2800 668/2647/2784
f 646/2622/2762 647/2623/2763 620/2607/2736
f 647/2671/2763 622/2673/2738 620/2684/2736
f 647/2671/2763 655/2634/2771 622/2673/2738
f 655/2634/2771 677/2672/2793 622/2673/2738
f 655/2634/2771 656/2635/2772 677/2672/2793
f 656/2635/2772 678/2677/2794 677/2672/2793
f 656/2635/2772 685/2685/2801 678/2677/2794
f 685/2685/2801 679/2678/2795 678/2677/2794
f 685/2685/2801 686/2686/2802 679/2678/2795
f 686/2686/2802 680/2679/2796 679/2678/2795
f 686/2686/2802 626/2611/2742 680/2679/2796
f 626/2611/2742 681/2680/2797 680/2679/2796
f 626/2611/2742 619/2606/2735 681/2680/2797
f 619/2606/2735 682/2681/2798 681/2680/2797
f 619/2606/2735 617/2605/2734 682/2681/2798
f 617/2605/2734 683/2682/2799 682/2681/2798
f 617/2605/2734 669/2648/2785 683/2682/2799
f 669/2648/2785 684/2683/2800 683/2682/2799
f 669/2648/2785 670/2649/2786 684/2683/2800
f 642/2618/2758 644/2620/2760 687/2687/2803
f 644/2620/2760 688/2688/2805 687/2687/2804
f 644/2620/2760 646/2622/2762 688/2688/2805
f 646/2622/2762 689/2689/2806 688/2688/2805
f 646/2622/2762 620/2607/2736 689/2689/2806
f 620/2607/2736 690/2690/2807 689/2689/2806
f 620/2607/2736 621/2608/2737 690/2690/2807
f 621/2608/2737 691/2691/2808 690/2690/2807
f 621/2608/2737 658/2676/2774 691/2691/2808
f 658/2676/2774 692/2692/2809 691/2691/2808
f 658/2637/2774 660/2639/2776 692/2693/2809
f 660/2694/2776 693/2695/2810 692/2692/2809
f 660/2639/2776 662/2641/2778 693/2696/2810
f 662/2641/2778 694/2697/2811 693/2696/2810
f 662/2641/2778 664/2643/2780 694/2697/2811
f 664/2643/2780 695/2698/2812 694/2697/2811
f 664/2643/2780 666/2645/2782 695/2698/2812
f 666/2645/2782 696/2699/2813 695/2698/2812
f 666/2645/2782 668/2647/2784 696/2699/2813
f 668/2647/2784 697/2700/2814 696/2699/2813
f 668/2647/2784 684/2683/2800 697/2700/2814
f 684/2683/2800 698/2701/2815 697/2700/2814
f 684/2683/2800 670/2649/2786 698/2701/2815
f 670/2649/2786 699/2702/2816 698/2701/2815
f 670/2649/2786 634/2614/2748 699/2702/2816
f 634/2614/2748 700/2703/2817 699/2702/2816
f 634/2614/2748 635/2615/2749 700/2703/2817
f 635/2615/2749 701/2704/2818 700/2703/2817
f 635/2615/2749 637/2616/2751 701/2704/2818
f 637/2616/2751 702/2705/2819 701/2704/2818
f 637/2616/2751 614/233/2731 702/2705/2819
f 614/233/2731 615/2604/2732 702/2705/2819
f 615/2604/2732 704/2707/2821 703/2706/2820
f 704/2707/2821 615/2604/2732 705/404/2822
f 615/2604/2732 706/231/2823 705/404/2822
f 615/2604/2732 616/230/2733 706/231/2823
f 507/327/2605 707/321/2824 508/2506/2606
f 514/27/25 707/321/2825 709/28/26
f 710/2708/2826 711/2709/2827 473/2465/2568
f 711/2709/2827 472/2464/2567 473/2465/2568
f 712/2710/2828 486/2487/2581 713/2711/2829
f 486/2487/2581 712/2710/2828 487/2488/2582
f 712/2710/2828 482/2478/2577 487/2488/2582
f 712/2710/2828 710/2712/2826 482/2478/2577
f 710/2712/2826 481/2477/2576 482/2478/2577
f 710/2708/2826 473/2465/2568 481/2475/2576
f 714/2713/2830 462/2456/2557 715/2714/2831
f 462/2456/2557 714/2713/2830 493/2495/2588
f 714/2713/2830 495/2497/2590 493/2495/2588
f 714/2713/2830 713/2711/2829 495/2497/2590
f 713/2711/2829 484/2485/2579 495/2497/2590
f 713/2711/2829 486/2487/2581 484/2485/2579
f 707/321/2824 716/2715/2832 508/2506/2606
f 716/2715/2832 503/2504/2599 508/2506/2606
f 716/2715/2832 715/2714/2831 503/2504/2599
f 715/2714/2831 463/2457/2558 503/2504/2599
f 715/2714/2831 462/2456/2557 463/2457/2558
f 711/2709/2827 710/2708/2826 528/2515/2625
f 710/2708/2826 557/2551/2662 528/2515/2625
f 710/2712/2826 712/2710/2828 557/2550/2662
f 712/2710/2828 556/2549/2661 557/2550/2662
f 712/2710/2828 713/2711/2829 556/2549/2661
f 713/2711/2829 555/2548/2660 556/2549/2661
f 713/2711/2829 714/2713/2830 555/2548/2660
f 714/2713/2830 554/2547/2659 555/2548/2660
f 714/2713/2830 715/2714/2831 554/2547/2659
f 715/2714/2831 553/2546/2658 554/2547/2659
f 715/2714/2831 716/2715/2832 553/2546/2658
f 553/2546/2658 716/2715/2832 552/2545/2657
f 716/2715/2832 551/2544/2656 552/2545/2657
f 716/2715/2832 707/321/2824 551/2544/2656
f 707/321/2824 549/2543/2653 551/2544/2656
f 707/321/2824 514/27/2652 549/2543/2653
f 560/2554/2665 717/2716/2833 559/2553/2664
f 718/2717/2834 566/2557/2673 719/245/2835
s 0
f 566/2557/2836 720/247/2836 719/245/2836
s 1
f 566/2557/2673 567/249/2674 720/247/2837
f 673/2655/2789 721/2718/2838 648/2624/2764
f 721/2718/2838 650/2626/2766 648/2624/2764
f 673/2655/2789 717/2716/2833 721/2718/2838
f 717/2716/2833 607/2595/2715 721/2718/2838
f 717/2716/2833 560/2554/2665 607/2595/2715
f 566/2557/2673 718/2717/2834 611/2599/2719
f 718/2717/2834 610/2598/2718 611/2599/2719
f 718/2717/2834 722/2719/2839 610/2598/2718
f 722/2719/2839 609/2597/2717 610/2598/2718
f 722/2719/2839 721/2718/2838 609/2597/2717
f 721/2718/2838 608/2596/2716 609/2597/2717
f 721/2718/2838 607/2595/2715 608/2596/2716
f 650/2626/2766 721/2718/2838 652/2631/2768
f 721/2718/2838 654/2633/2770 652/2631/2768
f 721/2718/2838 722/2719/2839 654/2633/2770
f 722/2719/2839 656/2635/2772 654/2633/2770
f 722/2719/2839 718/2717/2834 656/2635/2772
f 627/22/20 626/2611/2742 723/234/2840
f 626/2611/2742 719/245/2841 723/234/2840
f 626/2611/2742 686/2686/2802 719/245/2835
f 686/2686/2802 718/2717/2834 719/245/2835
f 686/2686/2802 685/2685/2801 718/2717/2834
f 685/2685/2801 656/2635/2772 718/2717/2834
f 806/37/35 804/35/33 809/40/39
f 884/2720/2842 996/2722/2844 886/2721/2843
f 996/2722/2844 997/2723/2845 886/2721/2843
f 717/2724/2833 886/2721/2843 559/2725/2664
f 886/2721/2843 998/2726/2846 559/2725/2664
f 886/2721/2843 997/2723/2845 998/2726/2846
f 673/2727/2789 999/2728/2847 717/2724/2833
f 999/2728/2847 886/2721/2843 717/2724/2833
f 999/2728/2847 1000/2729/2848 886/2721/2843
f 1000/2729/2848 887/2730/2849 886/2721/2843
f 1000/2729/2848 995/140/152 887/2730/2849
f 995/140/152 888/2731/2850 887/2730/2849
f 995/140/152 889/138/150 888/2731/2850
f 711/2709/2827 1053/174/201 472/2464/2567
f 1053/174/201 1051/170/197 472/2464/2567
f 1053/174/201 930/173/200 1051/170/197
f 528/2515/2625 1050/169/196 711/2709/2827
f 1050/169/196 1053/174/201 711/2709/2827
f 984/2732/2851 1106/2734/2853 1102/2733/2852
f 703/2706/2820 702/2705/2819 615/2604/2732
f 703/2706/2820 1107/2735/2854 702/2705/2819
f 1107/2735/2854 701/2704/2818 702/2705/2819
f 1107/2735/2854 1108/2736/2855 701/2704/2818
f 1108/2736/2855 700/2703/2817 701/2704/2818
f 1108/2736/2855 1109/2737/2856 700/2703/2817
f 1109/2737/2856 699/2702/2816 700/2703/2817
f 1109/2737/2856 1110/2738/2857 699/2702/2816
f 1110/2738/2857 698/2701/2815 699/2702/2816
f 1110/2738/2857 1111/2739/2858 698/2701/2815
f 1111/2739/2858 697/2700/2814 698/2701/2815
f 1111/2739/2858 1112/2740/2859 697/2700/2814
f 697/2700/2814 1112/2740/2859 696/2699/2813
f 1112/2740/2859 695/2698/2812 696/2699/2813
f 1112/2740/2859 1113/2741/2860 695/2698/2812
f 1113/2741/2860 694/2697/2811 695/2698/2812
f 1113/2741/2860 1114/2742/2861 694/2697/2811
f 1114/2742/2861 693/2696/2810 694/2697/2811
f 689/2689/2806 690/2690/2807 984/2732/2851
f 690/2690/2807 1106/2734/2853 984/2732/2851
f 690/2690/2807 691/2691/2808 1106/2734/2853
f 691/2691/2808 1114/2743/2861 1106/2734/2853
f 691/2691/2808 692/2692/2809 1114/2743/2861
f 692/2692/2809 693/2695/2810 1114/2743/2861
f 989/2744/2862 675/2657/2791 988/2745/2863
f 985/2746/2864 641/2617/2757 642/2618/2758
f 642/2618/2758 687/2687/2803 985/2746/2864
f 675/2657/2791 676/2658/2792 988/2745/2863
f 676/2658/2792 987/2747/2865 988/2745/2863
f 676/2658/2792 641/2617/2757 987/2747/2865
f 641/2617/2757 986/2748/2866 987/2747/2865
f 641/2617/2757 985/2746/2864 986/2748/2866
f 989/2749/2862 990/2751/2868 1115/2750/2867
f 990/2751/2868 1116/2752/2869 1115/2750/2867
f 990/2751/2868 991/2753/2870 1116/2752/2869
f 991/2753/2870 992/2754/2871 1116/2752/2869
f 989/2744/2862 1115/2755/2867 675/2657/2791
f 1115/2750/2867 674/2757/2790 675/2756/2791
f 1115/2750/2867 671/2650/2787 674/2757/2790
f 672/2652/2788 1117/2758/2872 673/2727/2789
f 1117/2758/2872 999/2728/2847 673/2727/2789
f 1117/2758/2872 1118/2759/2873 999/2728/2847
f 1118/2759/2873 1000/2729/2848 999/2728/2847
f 1118/2759/2873 993/2760/2874 1000/2729/2848
f 993/2760/2874 995/140/152 1000/2729/2848
f 993/2760/2874 994/139/151 995/140/152
f 993/2760/2874 1118/2759/2873 992/2754/2871
f 1118/2759/2873 1116/2752/2869 992/2754/2871
f 1118/2759/2873 1117/2758/2872 1116/2752/2869
f 1117/2758/2872 1115/2750/2867 1116/2752/2869
f 1117/2758/2872 672/2652/2788 1115/2750/2867
f 672/2652/2788 671/2650/2787 1115/2750/2867
f 997/2723/2845 1129/2761/2875 998/2726/2846
f 884/2720/2842 885/2762/2876 996/2722/2844
f 885/2762/2876 1130/2763/2877 996/2722/2844
f 885/2762/2876 1011/2764/2878 1130/2763/2877
f 1012/2765/2879 1013/2767/2881 1131/2766/2880
f 1013/2767/2882 1132/2768/2884 1131/2766/2883
f 1013/2767/2882 1010/2769/2885 1132/2768/2884
f 1010/2769/2886 1133/2770/2887 1132/2768/2884
s 0
f 1010/2769/2888 1009/2771/2888 1133/2770/2888
s 1
f 1134/2772/2889 1135/2774/2891 1006/2773/2890
f 1135/2774/2891 1005/2775/2892 1006/2773/2890
f 1011/2764/2878 1012/2765/2879 1130/2763/2877
f 1012/2765/2879 1136/2776/2893 1130/2763/2877
f 1012/2765/2879 1131/2766/2880 1136/2776/2893
f 1131/2766/2883 1137/2777/2894 1136/2776/2893
f 1131/2766/2883 1132/2768/2884 1137/2777/2894
f 1137/2777/2894 1132/2768/2884 1138/2778/2895
f 1132/2768/2884 1139/2779/2896 1138/2778/2895
f 1132/2768/2884 1133/2770/2887 1139/2779/2896
f 1133/2770/2887 1140/2780/2897 1139/2779/2896
f 1133/2770/2887 1009/2771/2898 1140/2780/2897
f 1009/2771/2898 1008/2781/2899 1140/2780/2897
f 1141/2782/2900 606/2783/2714 1129/2761/2875
f 1142/2784/2901 1143/2785/2902 589/2579/2697
f 1143/2785/2902 591/2581/2699 589/2579/2697
f 1143/2785/2902 1144/2786/2903 591/2581/2699
f 1144/2786/2903 590/2580/2698 591/2581/2699
f 1144/2786/2903 1145/2787/2904 590/2580/2698
f 1145/2787/2904 595/2585/2703 590/2580/2698
f 1145/2787/2904 593/2583/2701 595/2585/2703
f 1138/2778/2895 1139/2779/2896 1146/2788/2905
f 1139/2779/2896 1147/2789/2906 1146/2788/2905
f 1139/2779/2896 1140/2780/2897 1147/2789/2906
f 1140/2780/2897 1148/2790/2907 1147/2789/2906
f 1140/2780/2897 1008/2781/2899 1148/2790/2907
f 1008/2781/2899 1149/2791/2908 1148/2790/2907
s 0
f 1008/2781/2909 1007/2792/2909 1149/2791/2909
s 1
f 1150/2793/2910 1152/2795/2912 1151/2794/2911
f 1152/2795/2912 1135/2774/2891 1151/2794/2911
f 1152/2795/2912 1153/2796/2913 1135/2774/2891
f 1153/2796/2913 1005/2775/2892 1135/2774/2891
f 1153/2796/2913 1154/2797/2914 1005/2775/2892
f 1154/2797/2914 1003/2798/2915 1005/2775/2892
f 1154/2797/2914 1002/2799/2916 1003/2798/2915
f 1002/2799/2916 1154/2797/2914 1007/2792/2917
f 1154/2797/2914 1149/2791/2908 1007/2792/2917
f 1154/2797/2914 1153/2796/2913 1149/2791/2908
f 1153/2796/2913 1148/2790/2907 1149/2791/2908
f 1153/2796/2913 1152/2795/2912 1148/2790/2907
f 1152/2795/2912 1147/2789/2906 1148/2790/2907
f 1152/2795/2912 1150/2793/2910 1147/2789/2906
f 1150/2793/2910 1146/2788/2905 1147/2789/2906
f 1150/2793/2910 1155/2800/2918 1146/2788/2905
f 1155/2800/2918 1138/2778/2895 1146/2788/2905
f 1155/2800/2918 1156/2801/2919 1138/2778/2895
f 1156/2801/2919 1137/2777/2894 1138/2778/2895
f 1156/2801/2919 1157/2802/2920 1137/2777/2894
f 1157/2802/2920 1136/2776/2893 1137/2777/2894
f 1157/2802/2920 1158/2803/2921 1136/2776/2893
f 1158/2803/2921 1130/2763/2877 1136/2776/2893
f 1158/2803/2921 1159/2804/2922 1130/2763/2877
f 1159/2804/2922 996/2722/2844 1130/2763/2877
f 1159/2804/2922 997/2723/2845 996/2722/2844
f 997/2723/2845 1159/2804/2922 1129/2761/2875
f 1159/2804/2922 1141/2782/2900 1129/2761/2875
f 1159/2804/2922 1158/2803/2921 1141/2782/2900
f 1158/2803/2921 1160/2805/2923 1141/2782/2900
f 1158/2803/2921 1157/2802/2920 1160/2805/2923
f 1157/2802/2920 1161/2806/2924 1160/2805/2923
f 1157/2802/2920 1156/2801/2919 1161/2806/2924
f 1156/2801/2919 1162/2807/2925 1161/2806/2924
f 1156/2808/2919 1155/2810/2918 1162/2809/2925
f 1155/2810/2918 1163/2811/2926 1162/2809/2925
f 1155/2810/2918 1150/2812/2910 1163/2811/2926
f 1150/2812/2910 1164/2813/2927 1163/2811/2926
f 1150/2812/2910 1151/2814/2911 1164/2813/2927
f 998/2726/2846 1129/2761/2875 559/2725/2664
f 1129/2761/2875 558/2815/2663 559/2725/2664
f 1129/2761/2875 606/2783/2714 558/2815/2663
f 458/2449/2552 592/2582/2700 1164/2813/2927
f 592/2582/2700 1163/2811/2926 1164/2813/2927
f 592/2582/2700 593/2583/2701 1163/2811/2926
f 593/2583/2701 1162/2809/2925 1163/2811/2926
f 593/2583/2701 1145/2787/2904 1162/2809/2925
f 1145/2787/2904 1161/2816/2924 1162/2809/2925
f 1145/2787/2904 1144/2786/2903 1161/2816/2924
f 1144/2786/2903 1160/2817/2923 1161/2816/2924
f 1144/2786/2903 1143/2785/2902 1160/2817/2923
f 1143/2785/2902 1141/2818/2900 1160/2817/2923
f 1143/2819/2902 1142/2820/2901 1141/2782/2900
f 1142/2820/2901 606/2783/2714 1141/2782/2900
f 1142/2784/2901 589/2579/2697 606/2594/2714
f 1199/283/332 1041/2822/2929 1200/2821/2928
f 1045/2823/2930 1201/2825/2932 1047/2824/2931
f 1201/2825/2932 1049/2826/2933 1047/2824/2931
f 1201/2825/2932 1202/2827/2934 1049/2826/2933
s 0
f 1045/2823/2935 1043/282/2935 1203/2828/2935
s 1
f 1043/282/331 1199/283/332 1203/2828/2936
f 1042/284/2937 1041/2822/2929 1199/283/332
s 0
f 929/90/2938 1204/2829/2938 1039/156/2938
f 1204/285/2939 1038/2831/2939 1039/2830/2939
s 1
f 1204/285/334 1205/2832/2941 1038/2831/2940
f 1205/2832/2942 1037/2833/2943 1038/2831/2940
s 0
f 1205/2832/2944 1200/2821/2944 1037/2833/2944
f 1200/2821/2945 1040/2834/2945 1037/2833/2945
s 1
f 1200/2821/2928 1041/2822/2929 1040/2834/2946
f 1045/2823/2947 1203/2828/2936 1201/2825/2932
f 1203/2828/2936 1206/2835/2948 1201/2825/2932
f 1203/2828/2936 1199/283/332 1206/2835/2948
f 1199/283/332 1207/2836/2949 1206/2835/2948
f 1199/283/332 1200/2821/2928 1207/2836/2949
f 1200/2821/2928 1208/2837/2950 1207/2836/2949
f 1200/2821/2928 1205/2832/2941 1208/2837/2950
f 1209/2838/2951 1211/2840/2953 1210/2839/2952
f 1201/2825/2932 1206/2835/2948 1209/2838/2951
f 1206/2835/2948 1211/2840/2953 1209/2838/2951
f 1206/2835/2948 1207/2836/2949 1211/2840/2953
f 1207/2836/2949 1212/2841/2954 1211/2840/2953
f 1207/2836/2949 1208/2837/2950 1212/2841/2954
f 1208/2837/2950 1213/288/337 1212/2841/2954
f 1208/2837/2950 1205/2832/2941 1213/288/337
f 1205/2832/2941 1214/2842/2955 1213/288/337
f 1205/2832/2941 1204/285/334 1214/2842/2955
f 1204/285/334 1215/286/335 1214/2842/2955
f 929/287/336 932/168/195 1050/169/196
f 1210/2843/2952 512/2508/2608 442/2431/2537
f 1210/2839/2952 1211/2840/2953 512/2844/2608
f 1211/2845/2953 525/2513/2624 512/2508/2608
f 1211/2845/2953 1212/2846/2954 525/2513/2624
f 1212/2846/2954 526/16/16 525/2513/2624
f 1212/2841/2954 1213/288/337 526/289/16
f 1213/288/337 1214/2842/2955 527/290/338
f 1214/2847/2955 529/2518/2628 527/2514/338
f 1214/2842/2955 1215/286/335 529/2516/2956
f 1215/286/335 528/2515/2625 529/2516/2956
f 1215/286/335 1050/169/196 528/2515/2625
f 1052/171/198 1054/2848/2957 1051/170/197
f 1054/175/2958 1055/177/205 1051/2849/2959
f 478/2472/2573 1058/2850/2960 480/2474/2575
f 1058/2850/2960 478/2472/2573 1057/2851/2961
s 0
f 478/2472/2962 1056/2852/2962 1057/2851/2962
s 1
f 478/2472/2573 476/2470/2571 1056/2852/2963
f 476/2470/2571 1055/2853/2964 1056/2852/2963
f 476/2468/2571 474/2466/2569 1055/2854/2964
s 0
f 474/2466/2965 1051/170/2965 1055/2854/2965
s 1
f 474/2466/2569 472/2464/2567 1051/170/2966
f 1291/2855/2967 1293/2857/2969 1292/2856/2968
f 1294/2858/2970 1296/2860/2972 1295/2859/2971
f 1098/2861/2973 1297/2863/2975 1100/2862/2974
f 1298/2864/2976 1299/2866/2978 1101/2865/2977
f 1299/2866/2978 1287/2867/2979 1101/2865/2977
f 1300/2868/2980 1301/2869/2981 1106/2734/2853
f 1301/2869/2981 1102/2733/2852 1106/2734/2853
f 1301/2869/2981 1302/2870/2982 1102/2733/2852
s 0
f 1302/2871/2983 1104/229/2983 1102/227/2983
f 1302/2870/2984 1096/2873/2984 1104/2872/2984
s 1
f 1303/2874/2985 1304/2875/2986 1111/2739/2858
f 1304/2875/2986 1112/2740/2859 1111/2739/2858
f 1304/2875/2986 1305/2876/2987 1112/2740/2859
f 1305/2876/2987 1113/2741/2860 1112/2740/2859
f 1305/2876/2987 1300/2877/2980 1113/2741/2860
f 1300/2877/2980 1114/2742/2861 1113/2741/2860
f 1300/2868/2980 1106/2734/2853 1114/2743/2861
f 1306/2878/2988 1303/2874/2985 1107/2735/2854
f 1303/2874/2985 1108/2736/2855 1107/2735/2854
f 1108/2736/2855 1303/2874/2985 1109/2737/2856
f 1303/2874/2985 1110/2738/2857 1109/2737/2856
f 1303/2874/2985 1111/2739/2858 1110/2738/2857
f 1296/2879/2972 1307/2881/2989 1295/2880/2971
f 1307/2881/2989 1297/2863/2975 1295/2880/2971
f 1307/2881/2989 1298/2864/2976 1297/2863/2975
f 1298/2864/2976 1100/2862/2974 1297/2863/2975
f 1298/2864/2976 1101/2865/2977 1100/2862/2974
f 1296/2860/2972 1294/2858/2970 1308/2882/2990
f 1294/2858/2970 1309/2883/2991 1308/2882/2990
f 1294/2858/2970 1310/2884/2992 1309/2883/2991
f 1309/2883/2991 1310/2884/2992 1311/2885/2993
f 1310/2884/2992 1312/2886/2994 1311/2885/2993
f 1310/2884/2992 1313/2887/2995 1312/2886/2994
f 1313/2887/2995 1314/2888/2996 1312/2886/2994
f 1313/2887/2995 1315/2889/2997 1314/2888/2996
f 1096/2873/2998 1302/2870/2982 1316/2890/2999
f 1302/2870/2982 1317/2891/3000 1316/2890/2999
f 1302/2870/2982 1301/2869/2981 1317/2891/3000
f 1301/2892/2981 1318/2894/3001 1317/2893/3000
f 1301/2869/2981 1300/2868/2980 1318/2895/3001
f 1300/2877/2980 1319/2896/3002 1318/2894/3001
f 1300/2877/2980 1305/2876/2987 1319/2896/3002
f 1305/2876/2987 1320/2897/3003 1319/2896/3002
f 1305/2876/2987 1304/2875/2986 1320/2897/3003
f 1304/2875/2986 1321/2898/3004 1320/2897/3003
f 1304/2875/2986 1303/2874/2985 1321/2898/3004
f 1303/2874/2985 1293/2857/2969 1321/2898/3004
f 1303/2874/2985 1306/2878/2988 1293/2857/2969
f 1314/2888/2996 1315/2889/2997 1322/2899/3005
f 1315/2889/2997 1323/2900/3006 1322/2899/3005
f 1315/2889/2997 1324/2901/3007 1323/2900/3006
f 1324/2901/3007 1325/2902/3008 1323/2900/3006
f 1324/2901/3007 1326/2903/3009 1325/2902/3008
f 1326/2903/3009 1327/561/3010 1325/2902/3008
f 1326/2903/3009 1324/2901/3007 1291/2855/2967
f 1324/2901/3007 1293/2857/2969 1291/2855/2967
f 1324/2901/3007 1315/2889/2997 1293/2857/2969
f 1315/2889/2997 1321/2898/3004 1293/2857/2969
f 1315/2889/2997 1313/2887/2995 1321/2898/3004
f 1313/2887/2995 1320/2897/3003 1321/2898/3004
f 1313/2887/2995 1310/2884/2992 1320/2897/3003
f 1310/2884/2992 1319/2896/3002 1320/2897/3003
f 1310/2884/2992 1294/2858/2970 1319/2896/3002
f 1294/2858/2970 1318/2894/3001 1319/2896/3002
f 1294/2858/2970 1295/2859/2971 1318/2894/3001
f 1295/2859/2971 1317/2893/3000 1318/2894/3001
f 1295/2880/2971 1297/2863/2975 1317/2891/3000
f 1297/2863/2975 1316/2890/2999 1317/2891/3000
f 1297/2863/2975 1098/2861/2973 1316/2890/2999
s 0
f 1098/2861/3011 1096/2873/3011 1316/2890/3011
s 1
f 1292/2856/2968 1293/2857/2969 1328/2904/3012
f 1293/2857/2969 1329/2905/3013 1328/2904/3012
f 1293/2857/2969 1306/2878/2988 1329/2905/3013
f 1306/2878/2988 1330/2906/3014 1329/2905/3013
f 1306/2878/2988 1107/2735/2854 1330/2906/3014
f 1107/2735/2854 703/2706/2820 1330/2906/3014
f 1170/2907/3015 1135/2774/2891 1134/2772/2889
f 457/2448/2551 1358/2908/3016 434/2423/2531
f 1358/2908/3016 1359/2909/3017 434/2423/2531
f 1358/2908/3016 1360/2910/3018 1359/2909/3017
f 1360/2910/3018 1361/2911/3019 1359/2909/3017
f 1360/2912/3018 1362/2914/3020 1361/2913/3019
f 1362/2914/3020 1363/2915/3021 1361/2913/3019
f 1362/2914/3020 1168/2916/3022 1363/2915/3021
f 458/2449/2552 1164/2813/2927 457/2448/2551
f 1164/2813/2927 1358/2908/3016 457/2448/2551
f 1164/2813/2927 1151/2814/2911 1358/2908/3016
f 1151/2814/2911 1360/2910/3018 1358/2908/3016
f 1151/2794/2911 1135/2774/2891 1360/2912/3018
f 1135/2774/2891 1362/2914/3020 1360/2912/3018
f 1135/2774/2891 1170/2907/3015 1362/2914/3020
f 1170/2907/3015 1168/2916/3022 1362/2914/3020
f 1223/2917/3023 1375/2919/3025 1221/2918/3024
f 443/2432/2538 1376/2920/3026 442/2431/2537
f 1376/2920/3026 1210/2843/2952 442/2431/2537
f 1376/2921/3026 1377/2922/3027 1210/2839/2952
f 1377/2922/3027 1209/2838/2951 1210/2839/2952
f 1377/2922/3027 1378/2923/3028 1209/2838/2951
f 1378/2923/3028 1201/2825/2932 1209/2838/2951
f 1378/2923/3028 1202/2827/2934 1201/2825/2932
f 427/2414/2524 1379/2924/3029 443/2432/2538
f 1379/2924/3029 1376/2920/3026 443/2432/2538
f 1379/2925/3029 1380/2926/3030 1376/2921/3026
f 1380/2926/3030 1377/2922/3027 1376/2921/3026
f 1380/2926/3030 1375/2919/3025 1377/2922/3027
f 1375/2919/3025 1378/2923/3028 1377/2922/3027
f 1375/2919/3025 1223/2917/3023 1378/2923/3028
f 1223/2917/3023 1202/2827/2934 1378/2923/3028
f 1406/2927/3031 417/477/2516 1405/479/3032
f 1407/2928/3033 1408/2929/3034 412/2403/2511
f 1408/2929/3034 411/2402/2510 412/2403/2511
f 1408/2929/3034 1409/2930/3035 411/2402/2510
f 1409/2930/3035 410/2401/2509 411/2402/2510
f 1409/2930/3035 1410/2931/3036 410/2401/2509
f 1410/2931/3036 409/2400/2508 410/2401/2509
f 1410/2932/3036 1411/2933/3037 409/2399/2508
f 1411/2933/3037 396/2377/2491 409/2399/2508
f 1411/2933/3037 1233/2934/3038 396/2377/2491
f 1233/2934/3038 395/2376/2490 396/2377/2491
f 417/477/2516 1406/2927/3031 416/2407/2515
f 1406/2927/3031 415/2406/2514 416/2407/2515
f 1406/2927/3031 1412/2935/3039 415/2406/2514
f 1412/2935/3039 414/2405/2513 415/2406/2514
f 1412/2935/3039 1407/2928/3033 414/2405/2513
f 1407/2928/3033 413/2404/2512 414/2405/2513
f 1407/2928/3033 412/2403/2511 413/2404/2512
f 466/478/2561 467/2459/2562 1405/479/3032
f 467/2459/2562 1406/2927/3031 1405/479/3032
f 467/2459/2562 500/2502/2596 1406/2927/3031
f 500/2502/2596 1412/2935/3039 1406/2927/3031
f 500/2502/2596 498/2500/2594 1412/2935/3039
f 498/2500/2594 1407/2928/3033 1412/2935/3039
f 498/2500/2594 492/2494/2587 1407/2928/3033
f 492/2494/2587 1408/2929/3034 1407/2928/3033
f 492/2494/2587 491/2493/2586 1408/2929/3034
f 491/2493/2586 1409/2930/3035 1408/2929/3034
f 491/2493/2586 490/2492/2585 1409/2930/3035
f 490/2492/2585 1410/2931/3036 1409/2930/3035
f 490/2491/2585 489/2490/2584 1410/2932/3036
f 489/2490/2584 1411/2933/3037 1410/2932/3036
f 489/2490/2584 488/2489/2583 1411/2933/3037
f 488/2489/2583 1233/2934/3038 1411/2933/3037
f 1468/545/605 1471/2936/3040 1470/547/607
f 1471/2936/3040 1472/2937/3041 1470/547/607
f 358/2343/2453 1314/2888/2996 360/2345/2455
f 1296/2879/2972 353/2337/2448 1307/2881/2989
f 1481/556/3042 1325/2902/3008 1327/561/3010
f 1288/2938/3043 352/2336/2447 351/2335/2446
f 1288/2938/3043 1289/2939/3044 352/2336/2447
f 1289/2939/3044 1299/2866/2978 352/2336/2447
f 1289/2939/3044 1287/2867/2979 1299/2866/2978
f 329/2314/2424 1482/557/3045 328/754/2423
f 353/2337/2448 352/2336/2447 1307/2881/2989
f 352/2336/2447 1298/2864/2976 1307/2881/2989
f 352/2336/2447 1299/2866/2978 1298/2864/2976
f 1296/2860/2972 1308/2882/2990 353/2338/2448
f 1308/2882/2990 354/2339/2449 353/2338/2448
f 1308/2882/2990 1309/2883/2991 354/2339/2449
f 354/2339/2449 1309/2883/2991 355/2340/2450
f 1309/2883/2991 356/2341/2451 355/2340/2450
f 1309/2883/2991 1311/2885/2993 356/2341/2451
f 356/2341/2451 1311/2885/2993 357/2342/2452
f 1311/2885/2993 358/2343/2453 357/2342/2452
f 1311/2885/2993 1312/2886/2994 358/2343/2453
f 1312/2886/2994 1314/2888/2996 358/2343/2453
f 1482/557/3045 329/2314/2424 1481/556/3042
f 329/2314/2424 1325/2902/3008 1481/556/3042
f 329/2314/2424 359/2344/2454 1325/2902/3008
f 359/2344/2454 1323/2900/3006 1325/2902/3008
f 359/2344/2454 360/2345/2455 1323/2900/3006
f 360/2345/2455 1322/2899/3005 1323/2900/3006
f 360/2345/2455 1314/2888/2996 1322/2899/3005
f 1336/406/3046 1483/2940/3048 1335/405/3047
s 0
f 1483/2941/3049 1484/2943/3049 1335/2942/3049
s 1
f 705/404/2822 1334/403/3050 704/2707/2821
f 704/2707/2821 1334/403/3050 703/2706/2820
f 1334/403/3050 1330/2906/3014 703/2706/2820
f 1334/403/3050 1329/2905/3013 1330/2906/3014
f 1329/2905/3013 1334/403/3050 1328/2904/3012
f 1334/403/3051 1484/2944/3052 1328/2904/3012
s 0
f 1334/2945/3053 1332/2947/3053 1484/2946/3053
f 1332/401/3054 1335/405/3054 1484/2944/3054
s 1
f 1327/2948/3010 1326/2950/3009 1336/2949/3046
f 1326/2903/3009 1483/2940/3048 1336/406/3046
f 1326/2903/3009 1291/2855/2967 1483/2940/3048
f 1291/2855/2967 1484/2944/3052 1483/2940/3048
f 1291/2855/2967 1292/2856/2968 1484/2944/3052
f 1292/2856/2968 1328/2904/3012 1484/2944/3052
f 1169/2951/3055 1363/2915/3021 1168/2916/3022
f 1169/2951/3055 1367/2952/3056 1363/2915/3021
f 434/2423/2531 1359/2909/3017 323/2309/2418
f 1359/2909/3017 1517/2953/3057 323/2309/2418
f 1359/2909/3017 1361/2911/3019 1517/2953/3057
f 1361/2911/3019 1518/2954/3058 1517/2953/3057
f 1361/2913/3019 1363/2915/3021 1518/2955/3058
f 1363/2915/3021 1519/2956/3059 1518/2955/3058
f 1363/2915/3021 1367/2952/3056 1519/2956/3059
f 1367/2952/3056 1364/2957/3060 1519/2956/3059
f 1381/2958/3061 1555/2960/3063 1554/2959/3062
f 1381/2958/3061 1220/2961/3064 1555/2960/3063
f 290/2262/2374 1556/2962/3065 427/2414/2524
f 1556/2962/3065 1379/2924/3029 427/2414/2524
f 1556/2963/3065 1557/2964/3066 1379/2925/3029
f 1557/2964/3066 1380/2926/3030 1379/2925/3029
f 1557/2964/3066 1555/2960/3063 1380/2926/3030
f 1555/2960/3063 1375/2919/3025 1380/2926/3030
f 1555/2960/3063 1220/2961/3064 1375/2919/3025
f 1220/2961/3064 1221/2918/3024 1375/2919/3025
f 398/2379/2493 1414/697/763 379/698/764
f 1599/888/935 1418/2965/3067 1419/887/934
f 1416/699/765 1415/2966/3068 379/698/764
f 1415/2966/3069 371/2355/3071 379/698/3070
f 1415/2966/3069 1417/2967/3072 371/2355/3071
f 1417/2967/3072 1418/2965/3067 371/2355/3071
f 1418/2965/3067 231/2/2 371/2355/3071
f 1418/2965/3067 1599/888/935 231/2/2
f 1647/2968/3073 1648/2970/3075 208/2969/3074
s 0
f 1648/2970/3076 343/2971/3076 208/2969/3076
s 1
f 1648/2972/3077 345/2327/2440 343/2325/2438
f 1475/2973/3078 1473/2974/3079 350/2334/2445
f 1473/2974/3079 1479/2975/3080 350/2334/2445
f 345/2328/2440 1648/2976/3077 346/2330/2441
f 1648/2976/3077 348/2332/2443 346/2330/2441
s 0
f 1648/2977/3081 1647/2979/3081 348/2978/3081
s 1
f 1647/2980/3082 350/2334/2445 348/2332/2443
f 1647/2980/3082 1649/2981/3083 350/2334/2445
f 1649/2981/3083 1475/2973/3078 350/2334/2445
f 1649/2981/3083 1650/2982/3084 1475/2973/3078
f 1650/2982/3084 1476/2983/3085 1475/2973/3078
f 1650/2982/3084 1644/2984/3086 1476/2983/3085
f 351/2335/2446 349/2333/2444 1290/2985/3087
f 349/2986/3088 1478/553/613 1290/399/458
f 349/2333/3089 350/2334/2445 1478/2987/3090
f 350/2334/2445 1480/2988/3091 1478/2987/3090
f 350/2334/2445 1479/2975/3080 1480/2988/3091
f 1691/2989/3092 1693/2991/3094 1692/2990/3093
f 1694/808/3095 1696/2992/3097 1695/811/3096
f 1365/2993/3098 1519/2956/3059 1364/2957/3060
f 1365/2993/3098 1533/2994/3099 1519/2956/3059
f 1697/2995/3100 1692/2990/3093 1698/2996/3101
f 1692/2990/3093 1699/2997/3102 1698/2996/3101
f 1692/2990/3093 1693/2991/3094 1699/2997/3102
f 1693/2991/3094 1533/2994/3099 1699/2997/3103
f 1700/2998/3104 1697/2995/3100 1701/2999/3105
f 1702/3000/3106 1704/809/3108 1703/930/3107
f 1519/2956/3059 1705/3001/3109 1518/2955/3058
f 1695/811/3096 1696/2992/3097 1701/813/3105
f 1696/2992/3097 1700/3002/3104 1701/813/3105
f 1696/2992/3097 1706/3003/3110 1700/3002/3104
f 1704/809/3108 1702/3000/3106 1694/808/3095
f 1702/3000/3106 1696/2992/3097 1694/808/3095
f 1702/3000/3106 1707/3004/3111 1696/2992/3097
f 1707/3004/3111 1706/3003/3110 1696/2992/3097
f 1707/3004/3111 1708/3005/3112 1706/3003/3110
f 1709/3006/3113 1710/3008/3114 1705/3007/3109
f 1710/3008/3114 1518/2954/3058 1705/3007/3109
f 1710/3008/3114 1517/2953/3057 1518/2954/3058
f 1517/2953/3057 1710/3008/3114 323/2309/2418
f 1710/3008/3114 302/2310/2390 323/2309/2418
f 1710/3009/3114 1709/3011/3115 302/3010/2390
f 1709/3012/3115 301/3014/2389 302/3013/2390
f 1709/3012/3115 314/3015/2401 301/3014/2389
f 1533/2994/3099 1693/2991/3094 1519/2956/3059
f 1693/2991/3094 1705/3001/3109 1519/2956/3059
f 1693/2991/3094 1691/2989/3092 1705/3001/3109
f 1691/3016/3092 1709/3006/3113 1705/3007/3109
f 1691/3016/3092 1711/3017/3116 1709/3006/3113
f 1711/3018/3117 314/3020/2401 1709/3019/3115
f 1711/3021/3117 315/3023/2402 314/3022/2401
f 1697/2995/3100 1700/2998/3104 1692/2990/3093
f 1700/3002/3104 1691/3016/3092 1692/3024/3093
f 1700/3002/3104 1706/3003/3110 1691/3016/3092
f 1706/3003/3110 1711/3017/3116 1691/3016/3092
f 1706/3003/3110 1708/3005/3112 1711/3017/3116
f 1708/3025/3112 315/3027/2402 1711/3026/3117
f 1708/3005/3112 188/3029/2274 315/3028/2402
f 1729/831/3118 1734/3030/3120 1733/971/3119
f 1729/831/3118 1727/829/3121 1734/3030/3120
f 1721/839/892 1558/3031/3122 1735/841/894
f 1558/3031/3122 1555/2960/3063 1735/841/894
f 1558/3031/3122 1554/2959/3062 1555/2960/3063
f 289/2261/2373 1736/3032/3123 290/2262/2374
f 1736/3032/3123 1556/2962/3065 290/2262/2374
f 1735/841/894 1737/3033/3125 1720/840/3124
f 1735/841/894 1738/3034/3126 1737/3033/3125
f 288/2260/2372 1739/3035/3127 289/2261/2373
f 1739/3035/3127 1736/3032/3123 289/2261/2373
f 1739/3036/3127 1740/3038/3128 1736/3037/3123
f 1740/3038/3128 1556/2963/3065 1736/3037/3123
f 1740/3038/3128 1557/2964/3066 1556/2963/3065
s 0
f 1720/840/3129 1737/3033/3129 1723/3039/3129
s 1
f 1737/3040/3125 1741/3041/3131 1723/825/3130
f 1737/3040/3125 1738/3042/3126 1741/3041/3131
f 1738/3042/3126 1742/3043/3132 1741/3041/3131
f 1738/3042/3126 1743/3044/3133 1742/3043/3132
f 295/2269/2379 1743/3044/3133 288/2260/2372
f 1743/3044/3133 1739/3035/3127 288/2260/2372
f 1743/3044/3133 1738/3042/3126 1739/3035/3127
f 1738/3034/3126 1740/3038/3128 1739/3036/3127
f 1738/3034/3126 1735/841/894 1740/3038/3128
f 1735/841/894 1557/2964/3066 1740/3038/3128
f 1735/841/894 1555/2960/3063 1557/2964/3066
f 184/2167/2270 1744/3045/3134 295/2269/2379
f 1744/3045/3134 1743/3044/3133 295/2269/2379
f 1744/3045/3134 1734/3030/3120 1743/3044/3133
f 1734/3030/3120 1742/3043/3132 1743/3044/3133
f 1734/3030/3120 1727/829/3121 1742/3043/3132
f 1727/829/3121 1741/3041/3131 1742/3043/3132
f 1727/829/3121 1726/828/3135 1741/3041/3131
f 1726/828/3135 1723/825/3136 1741/3041/3131
f 1420/889/936 1602/3046/3137 1780/890/937
s 0
f 1602/3046/3138 1601/3047/3138 1780/890/3138
s 1
f 238/2213/2322 227/2206/2314 226/2205/2313
f 229/2208/2316 227/2206/2314 1600/3048/3139
s 0
f 227/2206/3140 1601/3047/3140 1600/3048/3140
s 1
f 227/2206/2314 238/2213/2322 1601/3047/3141
f 238/2213/2322 1780/890/937 1601/3047/3141
f 238/2213/2322 230/1/1 1780/890/937
f 1781/982/3142 1783/3049/3144 1782/984/3143
f 1784/3050/3145 221/2198/2308 219/2196/2306
f 1785/3051/3146 1786/3052/3147 235/2210/2319
f 1786/3052/3147 234/978/2318 235/2210/2319
f 1786/3052/3147 1787/981/3148 234/978/2318
f 242/2219/2326 1785/3051/3146 244/2221/2328
f 244/2221/2328 1785/3051/3146 246/2223/2330
f 1785/3051/3146 247/2224/2331 246/2223/2330
f 1785/3051/3146 235/2210/2319 247/2224/2331
f 221/2198/2308 1784/3050/3145 243/2220/2327
f 1784/3050/3145 242/2219/2326 243/2220/2327
f 1784/3050/3145 1788/3053/3149 242/2219/2326
f 1788/3053/3149 1785/3051/3146 242/2219/2326
f 163/2141/2247 1789/3054/3150 219/2196/2306
f 1789/3054/3150 1784/3050/3145 219/2196/2306
f 1789/3054/3150 1790/3055/3151 1784/3050/3145
f 1790/3055/3151 1788/3053/3149 1784/3050/3145
f 1790/3055/3151 1791/3056/3152 1788/3053/3149
f 1791/3056/3152 1785/3051/3146 1788/3053/3149
f 1791/3056/3152 1783/3049/3144 1785/3051/3146
f 1783/3049/3144 1786/3052/3147 1785/3051/3146
f 1783/3049/3144 1781/982/3153 1786/3052/3147
s 0
f 1781/982/3154 1787/981/3154 1786/3052/3154
s 1
f 1607/711/778 1793/897/945 1792/3057/3155
f 1645/3058/3156 1800/3060/3158 1646/3059/3157
s 0
f 209/3061/3159 1801/3062/3159 208/2969/3159
s 1
f 1801/3062/3160 1647/2968/3073 208/2969/3074
s 0
f 209/3061/3161 1802/3063/3161 1801/3062/3161
f 1802/3064/3162 1647/3066/3162 1801/3065/3162
s 1
f 1802/3067/3163 1800/3060/3158 1647/2980/3082
f 1647/2980/3082 1800/3060/3158 1649/2981/3083
f 1800/3060/3158 1650/2982/3084 1649/2981/3083
f 1800/3060/3158 1645/3058/3156 1650/2982/3084
f 1645/3058/3156 1644/2984/3086 1650/2982/3084
f 1811/3068/3164 1812/3070/3165 1656/3069/827
f 1812/3070/3165 1655/3071/3166 1656/3069/827
f 1812/3070/3165 1813/3072/3167 1655/3071/3166
f 1813/3072/3167 1654/3073/3168 1655/3071/3166
f 1823/929/3169 1688/800/3171 1824/3074/3170
f 1688/800/3171 1825/3075/3172 1824/3074/3170
f 1688/800/3171 1689/801/3173 1825/3075/3172
f 1689/801/3173 1826/3076/3174 1825/3075/3172
f 1689/3077/3173 1682/3079/3175 1826/3078/3174
f 1682/3079/3175 1827/3080/3176 1826/3078/3174
f 1682/3079/3175 1683/3081/3177 1827/3080/3176
f 1828/3082/3178 1827/3080/3176 1685/3083/3179
f 1827/3080/3176 1684/3084/3180 1685/3083/3179
f 1827/3080/3176 1683/3081/3177 1684/3084/3180
f 1829/3085/3181 1831/3087/3183 1830/3086/3182
f 1831/3087/3183 1832/3088/3184 1830/3086/3182
f 1831/3087/3183 1833/3089/3185 1832/3088/3184
f 1833/3089/3185 1831/3087/3183 1834/3090/3186
f 1831/3087/3183 190/3091/3187 1834/3090/3186
f 1831/3087/3183 1828/3082/3178 190/3091/3187
f 1828/3082/3178 191/3092/3188 190/3091/3187
f 1828/3082/3178 192/3093/3189 191/3092/3188
f 192/3093/3189 1828/3082/3178 194/3094/3190
f 1828/3082/3178 197/3095/3191 194/3094/3190
f 1828/3082/3178 1685/3083/3179 197/3095/3191
f 1685/3083/3179 187/3096/3192 197/3095/3191
f 1685/3083/3179 186/3097/3193 187/3096/3192
f 1829/3085/3181 1835/3098/3194 1831/3087/3183
f 1835/3098/3194 1836/3099/3195 1831/3087/3183
f 1835/3098/3194 1837/3100/3196 1836/3099/3195
f 1708/3005/3112 190/3101/2276 188/3029/2274
f 190/3101/2276 1708/3005/3112 1834/3102/3197
f 1708/3005/3112 1833/3103/3198 1834/3102/3197
f 1708/3005/3112 1707/3004/3111 1833/3103/3198
f 1707/3004/3111 1832/3104/3199 1833/3103/3198
f 1707/3004/3111 1702/3000/3106 1832/3104/3199
f 1702/3000/3106 1830/3105/3200 1832/3104/3199
f 1702/3000/3106 1703/930/3107 1830/3105/3200
f 1703/930/3107 1829/934/3201 1830/3105/3200
f 1874/970/3202 1733/971/3119 1734/3030/3120
f 1744/3045/3134 184/2167/2270 1875/3106/3203
f 184/2167/2270 182/2165/2268 1875/3106/3203
f 1734/3030/3120 1744/3045/3134 1874/970/3202
f 1744/3045/3134 1876/3107/3204 1874/970/3202
f 1744/3045/3134 1875/3106/3203 1876/3107/3204
f 169/3108/3205 1877/3110/3207 172/3109/3206
f 169/3108/3205 164/3111/3208 1877/3110/3207
f 164/3111/3208 1732/3112/3209 1877/3110/3207
f 164/3111/3210 165/3113/3210 1732/3112/3211
f 172/3109/3206 1877/3110/3207 174/3114/3212
f 1877/3110/3207 176/3115/2262 174/3114/3212
f 1877/3110/3207 1878/3116/3213 176/3115/2262
f 1878/3116/3213 178/3117/2264 176/3115/2262
f 1878/3116/3213 179/3118/3214 178/3117/2264
f 179/3118/3214 1878/3116/3213 182/3119/3215
f 1878/3116/3213 1875/3120/3216 182/3119/3215
f 1878/3116/3213 1876/3121/3217 1875/3120/3216
f 1876/3121/3217 1878/3116/3213 1874/3122/3218
f 1878/3116/3213 1873/972/3219 1874/3122/3218
f 1878/3116/3213 1879/3123/3220 1873/972/3219
f 1879/3123/3220 1872/974/3221 1873/972/3219
f 1732/3112/3209 1763/3124/3222 1877/3110/3207
f 1763/3124/3222 1880/3125/3223 1877/3110/3207
f 1763/3124/3222 1764/3126/3224 1880/3125/3223
f 1764/3126/3224 1881/3127/3225 1880/3125/3223
f 1764/3126/3224 1765/3128/3226 1881/3127/3225
f 1765/3129/3226 1882/3131/3227 1881/3130/3225
f 1765/3129/3226 1766/3132/3228 1882/3131/3227
f 1766/3132/3228 1883/3133/3229 1882/3131/3227
f 1766/3132/3228 1884/3134/3230 1883/3133/3229
f 1898/3135/3231 1899/3137/3233 1778/3136/3232
f 1899/3137/3233 1776/3138/3234 1778/3136/3232
f 1899/3137/3233 1900/3139/3235 1776/3138/3234
f 1900/3139/3235 1774/3140/3236 1776/3138/3234
f 1900/3139/3235 1901/3141/3237 1774/3140/3236
f 1907/1090/3238 1909/3142/3240 1908/1096/3239
f 1910/1083/3241 1912/3143/3243 1911/1085/3242
f 1912/3143/3243 1913/1086/3244 1911/1085/3242
f 1912/3143/3243 1914/1088/3245 1913/1086/3244
f 1783/3049/3144 1889/983/3246 1782/984/3143
f 1915/3144/3247 163/2141/2247 162/2140/2246
f 1889/983/3246 1783/3049/3144 1910/1083/3241
f 1783/3049/3144 1912/3143/3243 1910/1083/3241
f 1783/3049/3144 1791/3056/3152 1912/3143/3243
f 1791/3056/3152 1916/3145/3248 1912/3143/3243
f 1791/3056/3152 1790/3055/3151 1916/3145/3248
f 1790/3055/3151 1915/3144/3247 1916/3145/3248
f 1790/3055/3151 1789/3054/3150 1915/3144/3247
f 1789/3054/3150 163/2141/2247 1915/3144/3247
f 148/2117/2231 1917/3146/3249 162/2140/2246
f 1917/3146/3249 1915/3144/3247 162/2140/2246
f 1917/3146/3249 1918/3147/3250 1915/3144/3247
f 1918/3147/3250 1916/3145/3248 1915/3144/3247
f 1918/3147/3250 1919/3148/3251 1916/3145/3248
f 1919/3148/3251 1912/3143/3243 1916/3145/3248
f 1919/3148/3251 1909/3142/3240 1912/3143/3243
f 1909/3142/3240 1914/1088/3245 1912/3143/3243
f 1909/3142/3240 1907/1090/3238 1914/1088/3245
f 1920/3149/3252 1919/3148/3251 1918/3147/3250
f 1918/3147/3250 1917/3146/3249 1920/3149/3252
f 1917/3146/3249 149/2118/2232 1920/3149/3252
f 1917/3146/3249 148/2117/2231 149/2118/2232
f 1908/1096/3239 1909/3142/3240 1921/1095/3253
f 1909/3142/3240 1922/3150/3254 1921/1095/3253
f 1909/3142/3240 1919/3148/3251 1922/3150/3254
f 1919/3148/3251 1923/3151/3255 1922/3150/3254
f 1919/3148/3251 1920/3149/3252 1923/3151/3255
s 0
f 210/2187/3256 1924/3152/3258 209/2186/3257
s 1
f 210/2187/3259 211/2188/3261 1924/3152/3260
s 0
f 206/2183/3262 1924/3152/3258 203/2181/3263
f 1924/3152/3260 212/2189/3264 203/2181/3263
f 1924/3152/3260 211/2188/3261 212/2189/3265
s 1
f 1646/750/3266 1924/3152/3258 204/998/3267
s 0
f 1924/3152/3258 205/2182/3268 204/998/3267
f 1924/3152/3260 206/2183/3270 205/2182/3269
f 209/2186/3271 1924/3152/3273 1802/3153/3272
s 1
f 1924/3152/3258 1800/3154/3274 1802/3153/3272
f 1924/3152/3258 1646/750/3266 1800/3154/3274
f 1805/3155/954 1929/3157/3275 1804/3156/953
f 1929/3157/3275 1805/3155/954 1930/3158/3276
f 1805/3155/954 1931/3159/3277 1930/3158/3276
f 1805/3155/954 1809/3160/3278 1931/3159/3277
f 1809/3160/3278 1932/3161/3279 1931/3159/3277
f 1809/3160/3278 1810/3162/3280 1932/3161/3279
f 1810/3162/3280 1813/3072/3167 1932/3161/3279
f 1810/3162/3280 1654/3073/3168 1813/3072/3167
f 1656/3069/827 1821/3163/971 1811/3068/3164
f 1821/3163/971 1933/3164/3281 1811/3068/3164
f 1821/3163/971 1819/3165/969 1933/3164/3281
f 1819/3165/969 1934/3166/3282 1933/3164/3281
f 1819/3165/969 1817/3167/967 1934/3166/3282
f 1817/3167/967 1935/3168/3283 1934/3166/3282
f 1817/3167/967 1822/3169/972 1935/3168/3283
f 1824/3074/3170 1938/3170/3284 1823/929/3169
f 1938/3170/3284 1937/1005/1048 1823/929/3169
f 1939/3171/3285 1941/3173/3287 1940/3172/3286
f 1837/3100/3196 1942/3174/3288 1836/3099/3195
f 1942/3174/3288 1943/3175/3289 1836/3099/3195
f 1942/3174/3288 1944/3176/3290 1943/3175/3289
f 1944/3176/3290 1941/3173/3287 1943/3175/3289
f 1944/3176/3290 1945/3177/3291 1941/3173/3287
f 1945/3177/3291 1940/3172/3286 1941/3173/3287
f 1939/3171/3285 1946/3178/3292 1941/3173/3287
f 1946/3178/3292 1947/3179/3293 1941/3173/3287
f 1946/3178/3292 1948/3180/3294 1947/3179/3293
f 1948/3180/3294 1949/3181/3295 1947/3179/3293
f 1948/3180/3294 1950/3182/3296 1949/3181/3295
f 2013/3183/3297 2015/3185/3299 2014/3184/3298
f 2008/3186/3300 2016/3188/3302 2007/3187/3301
f 2016/3188/3302 2011/3189/3303 2007/3187/3301
f 2016/3188/3302 2015/3185/3299 2011/3189/3303
f 2015/3185/3299 2012/3190/3304 2011/3189/3303
f 2015/3185/3299 2013/3183/3297 2012/3190/3304
f 2008/3186/3300 2009/3191/3305 2016/3188/3302
f 2009/3191/3305 2017/3192/3306 2016/3188/3302
f 2009/3191/3305 2010/3193/3307 2017/3192/3306
f 2010/3193/3307 2018/3194/3308 2017/3192/3306
f 2010/3193/3307 2006/3195/3309 2018/3194/3308
f 2006/3195/3309 1879/3123/3220 2018/3194/3308
f 2006/3195/3309 1872/974/3221 1879/3123/3220
f 2019/3196/3310 2021/3198/3312 2020/3197/3311
f 2021/3198/3312 1884/3134/3230 2020/3197/3311
f 2021/3198/3312 1883/3133/3229 1884/3134/3230
f 2023/3199/3313 2025/3201/3315 2024/3200/3314
f 1778/3136/3232 1893/3202/3316 1898/3135/3231
f 1893/3202/3316 2023/3199/3313 1898/3135/3231
f 1893/3202/3316 1891/3203/3317 2023/3199/3313
f 1891/3203/3317 2025/3201/3315 2023/3199/3313
f 1891/3203/3317 1892/3204/3318 2025/3201/3315
f 1905/3205/3319 1906/3207/3321 2030/3206/3320
f 1906/3207/3321 2031/3208/3322 2030/3206/3320
f 1906/3207/3321 1902/3209/3323 2031/3208/3322
f 1902/3209/3323 1903/3210/3324 2031/3208/3322
f 1903/3210/3324 2032/3211/3325 2031/3208/3322
f 1903/3210/3324 1904/3212/3326 2032/3211/3325
f 1904/3212/3326 1901/3141/3237 2032/3211/3325
f 1904/3212/3326 1774/3140/3236 1901/3141/3237
f 138/896/3327 1922/3150/3329 140/3213/3328
f 1922/3150/3329 141/3214/3330 140/3213/3328
f 1922/3150/3329 142/3215/3331 141/3214/3330
f 142/3215/3331 1922/3150/3329 144/3216/3332
f 1922/3150/3329 145/3217/3333 144/3216/3332
f 1922/3150/3329 147/2121/3334 145/3217/3333
f 1920/3149/3335 149/2118/3337 1923/3151/3336
f 149/2118/3337 1922/3150/3329 1923/3151/3336
f 149/2118/3337 150/2120/3338 1922/3150/3329
f 150/2120/3338 147/2121/3334 1922/3150/3329
f 1928/3218/1046 1927/3220/1045 2034/3219/3339
f 1927/3220/1045 2035/3221/3340 2034/3219/3339
f 1927/3220/1045 1804/3156/953 2035/3221/3340
f 1804/3156/953 1929/3157/3275 2035/3221/3340
f 1822/3169/972 1936/3222/1047 1935/3168/3283
f 1936/3222/1047 2036/3223/3341 1935/3168/3283
f 1938/3224/3284 2036/3223/3341 1937/3225/1048
f 2036/3223/3341 1936/3222/1047 1937/3225/1048
f 2037/3226/3342 1949/3181/3295 2038/3227/3343
f 1949/3181/3295 2039/3228/3344 2038/3227/3343
f 1949/3181/3295 1950/3182/3296 2039/3228/3344
f 2113/3229/3345 2112/3231/3347 2114/3230/3346
f 2112/3231/3347 2014/3184/3298 2114/3230/3346
f 2112/3231/3347 2013/3183/3297 2014/3184/3298
f 2115/3232/3348 2019/3234/3350 2116/3233/3349
f 2019/3234/3350 2022/3235/3351 2116/3233/3349
f 2019/3234/3350 2020/3236/3352 2022/3235/3351
f 2022/3235/3351 1905/3205/3319 2116/3233/3349
f 1905/3205/3319 2030/3206/3320 2116/3233/3349
f 1892/3204/3318 2026/3237/3353 2025/3201/3315
f 2026/3237/3353 2117/3238/3354 2025/3201/3315
f 2118/3239/3355 2119/3240/3356 2029/1094/1138
f 2119/3240/3356 2028/3241/3357 2029/1094/1138
f 2119/3240/3356 2117/3238/3354 2028/3241/3357
f 2117/3238/3354 2027/3242/3358 2028/3241/3357
f 2117/3238/3354 2026/3237/3353 2027/3242/3358
f 2120/3243/3359 2121/3244/3360 2118/3239/3355
f 2121/3244/3360 2119/3240/3356 2118/3239/3355
f 2121/3244/3360 2122/3245/3361 2119/3240/3356
f 2122/3245/3361 2117/3238/3354 2119/3240/3356
f 2122/3245/3361 2024/3200/3314 2117/3238/3354
f 2024/3200/3314 2025/3201/3315 2117/3238/3354
f 2120/3243/3359 2118/3239/3355 2123/3246/3362
f 2118/3239/3355 2033/1091/1140 2123/3246/3362
f 2118/3239/3355 2029/1094/1138 2033/1091/1140
f 2124/3247/3363 2126/3249/3365 2125/3248/3364
f 2126/3249/3365 2127/3250/3366 2125/3248/3364
f 2126/3249/3365 2037/3226/3342 2127/3250/3366
f 2037/3226/3342 2038/3227/3343 2127/3250/3366
f 2114/3230/3346 2246/3251/3367 2113/3229/3345
f 2246/3251/3367 2238/3252/3368 2113/3229/3345
f 2246/3251/3367 2247/3253/3369 2238/3252/3368
f 2247/3253/3369 2243/3254/3370 2238/3252/3368
f 2367/1467/1530 2461/3256/3372 2460/3255/3371
f 2461/3256/3372 2367/1467/1530 2462/3257/3373
f 2367/1467/1530 2463/3258/3375 2462/3257/3374
f 2367/1467/1530 2366/1466/1529 2463/3258/3375
f 2366/1466/1529 2464/3259/3376 2463/3258/3375
f 2366/1466/1529 2365/1465/1528 2464/3259/3376
f 2249/3260/1385 2368/3262/1531 2465/3261/3377
f 2368/3263/1531 2466/3265/3379 2465/3264/3378
f 2368/1468/1531 2367/1467/1530 2466/3266/3379
f 2367/1467/1530 2467/3267/3380 2466/3266/3379
f 2367/1467/1530 2460/3255/3371 2467/3267/3380
f 2474/3268/3381 2394/1501/3383 2475/3269/3382
f 2365/1465/3384 2364/1464/3386 2476/3270/3385
f 2364/1464/3386 2474/3268/3381 2476/3270/3385
f 2364/1464/3386 2390/1496/3387 2474/3268/3381
f 2390/1496/3387 2394/1501/3383 2474/3268/3381
f 2443/1572/3388 2496/3272/3390 2495/3271/3389
f 2443/1572/3388 2444/1573/3391 2496/3272/3390
f 2444/1573/3391 2497/3273/3392 2496/3272/3390
f 2444/1573/3391 2453/1584/3393 2497/3273/3392
f 2498/3274/3394 2500/3276/3396 2499/3275/3395
f 2453/1584/1645 2451/1582/1643 2501/3277/3397
f 2451/1582/1643 2502/3278/3399 2501/3277/3398
f 2451/1582/1643 2449/1580/1641 2502/3278/3399
f 2449/1580/1641 2503/3279/3400 2502/3278/3399
f 2449/1580/1641 2498/3274/3394 2503/3279/3400
f 2498/3274/3394 2449/1580/1641 2500/3276/3396
f 2449/1580/1641 2504/3280/3401 2500/3276/3396
f 2449/1580/1641 2447/1578/1639 2504/3280/3401
f 2447/3281/1639 2505/3283/3402 2504/3282/3401
f 2447/1578/1639 2356/1447/1512 2505/3284/3402
f 2506/3285/3403 2462/3257/3404 2463/3258/3375
f 2463/3258/3375 2464/3259/3376 2506/3285/3403
f 2464/3259/3376 2507/3286/3405 2506/3285/3403
f 2507/3286/3405 2464/3259/3376 2508/3287/3406
f 2464/3259/3376 2476/3270/3385 2508/3287/3406
f 2464/3259/3376 2365/1465/3384 2476/3270/3385
f 2512/3288/3407 2513/3289/3409 2482/1616/3408
f 2513/3289/3409 2481/1615/3410 2482/1616/3408
f 2513/3289/3409 2514/3290/3411 2481/1615/3410
f 2514/3290/3411 2485/1622/3412 2481/1615/3410
f 2514/3290/3411 2515/3291/3413 2485/1622/3412
f 2515/3291/3413 2516/3292/3414 2485/1622/3412
f 2516/3292/3414 2477/1611/3415 2485/1622/3412
f 2516/3292/3414 2517/3293/3416 2477/1611/3415
f 2517/3293/3416 2518/3294/3417 2477/1611/3415
f 2518/3294/3417 2394/1501/3383 2477/1611/3415
f 2518/3294/3417 2475/3269/3382 2394/1501/3383
f 2443/1572/3388 2495/3271/3389 2494/1634/3418
f 2495/3271/3389 2519/3295/3419 2494/1634/3418
f 2519/3295/3419 2520/3296/3420 2494/1634/3418
f 2520/3296/3420 2493/1633/3421 2494/1634/3418
f 2520/3296/3420 2521/3297/3422 2493/1633/3421
f 2492/1632/3423 2522/3298/3425 2490/1630/3424
f 2522/3298/3425 2492/1632/3423 2523/3299/3426
f 2492/1632/3423 2524/3300/3427 2523/3299/3426
f 2492/1632/3423 2493/1633/3421 2524/3300/3427
f 2493/1633/3421 2525/3301/3428 2524/3300/3427
f 2493/1633/3421 2521/3297/3422 2525/3301/3428
f 2453/1584/3393 2526/3302/3429 2497/3273/3392
f 2453/1584/3393 2501/3277/3398 2526/3302/3429
f 2501/3277/3398 2527/3303/3430 2526/3302/3429
f 2501/3277/3398 2502/3278/3399 2527/3303/3430
f 2502/3278/3399 2503/3279/3431 2527/3303/3430
f 2503/3279/3431 2498/3274/3432 2527/3303/3430
f 2528/3304/3433 2529/3305/3435 2510/1637/3434
f 2529/3305/3435 2509/1636/3436 2510/1637/3434
f 2529/3305/3435 2512/3288/3407 2509/1636/3436
f 2512/3288/3407 2482/1616/3408 2509/1636/3436
f 2522/3298/3425 2530/3306/3437 2490/1630/3424
f 2530/3306/3437 2511/1638/3438 2490/1630/3424
f 2530/3306/3437 2528/3304/3433 2511/1638/3438
f 2528/3304/3433 2510/1637/3434 2511/1638/3438
f 2531/3307/3439 2533/3309/3441 2532/3308/3440
f 2533/3309/3441 2531/3307/3439 2534/3310/3442
f 2531/3307/3439 2535/3311/3443 2534/3310/3442
f 2531/3307/3439 2536/3312/3444 2535/3311/3443
f 2537/3313/3445 2539/3315/3447 2538/3314/3446
f 2539/3315/3447 2536/3312/3444 2538/3314/3448
f 2539/3315/3447 2540/3316/3449 2536/3312/3444
f 2540/3316/3449 2535/3311/3443 2536/3312/3444
f 2541/3317/3450 2543/3319/3452 2542/3318/3451
f 2542/3318/3451 2532/3308/3440 2541/3317/3450
f 2532/3308/3440 2544/3320/3453 2541/3317/3450
f 2532/3308/3440 2533/3309/3441 2544/3320/3453
f 2545/3321/3454 2543/3319/3452 2546/3322/3455
f 2543/3319/3452 2547/3323/3456 2546/3322/3455
f 2543/3319/3452 2541/3317/3450 2547/3323/3456
f 2548/3324/3457 2550/3326/3459 2549/3325/3458
f 2550/3326/3459 2548/3324/3457 2533/3327/3460
f 2548/3324/3457 2544/3328/3461 2533/3327/3460
s 0
f 2548/3324/3462 2551/3329/3463 2544/3328/3461
f 2551/3329/3463 2541/3330/3465 2544/3328/3464
s 1
f 2551/3329/3463 2547/3331/3466 2541/3330/3465
f 2552/3332/3467 2554/3334/3469 2553/3333/3468
f 2554/3334/3469 2555/3335/3470 2553/3333/3468
f 2555/3335/3470 2556/3336/3471 2553/3333/3468
f 2556/3336/3471 2557/3337/3472 2553/3333/3468
f 2556/3336/3471 2558/3338/3473 2557/3337/3472
f 2559/3339/3474 2540/3341/3476 2560/3340/3475
f 2540/3341/3476 2561/3342/3477 2560/3340/3475
f 2540/3341/3476 2539/3343/3478 2561/3342/3477
f 2539/3315/3478 2558/3338/3473 2561/3344/3477
f 2539/3315/3478 2537/3313/3479 2558/3338/3473
f 2537/3313/3479 2557/3337/3472 2558/3338/3473
f 2540/3341/3476 2559/3339/3474 2535/3345/3480
f 2559/3339/3474 2534/3346/3481 2535/3345/3480
f 2559/3339/3474 2562/3347/3482 2534/3346/3481
f 2562/3347/3482 2533/3327/3460 2534/3346/3481
f 2562/3347/3482 2550/3326/3459 2533/3327/3460
f 2563/3348/3483 2565/3350/3485 2564/3349/3484
f 2565/3350/3485 2566/3351/3486 2564/3349/3484
f 2567/3352/3487 2569/3354/3489 2568/3353/3488
f 2569/3354/3489 2570/3355/3490 2568/3353/3488
s 0
f 2569/3354/3491 2554/3334/3493 2570/3355/3492
f 2554/3334/3493 2552/3332/3495 2570/3355/3494
s 1
f 2571/3356/3496 2572/3358/3498 1879/3357/3497
f 2571/3356/3496 2573/3359/3499 2572/3358/3498
f 2573/3359/3499 2574/3360/3500 2572/3358/3498
f 2573/3359/3499 2575/3361/3501 2574/3360/3500
f 2575/3361/3501 2576/3362/3502 2574/3360/3500
f 2575/3361/3501 2577/3363/3503 2576/3362/3502
f 2577/3363/3503 2578/3364/3504 2576/3362/3502
f 2577/3363/3503 2579/3365/3505 2578/3364/3504
f 2579/3365/3505 2580/3366/3506 2578/3364/3504
f 2579/3365/3505 2581/3367/3507 2580/3366/3506
f 2581/3367/3507 2582/3368/3508 2580/3366/3506
f 2581/3367/3507 2583/3369/3509 2582/3368/3508
f 2583/3369/3509 2568/3353/3488 2582/3368/3508
f 2583/3369/3509 2567/3352/3487 2568/3353/3488
f 2584/3370/3510 2586/3372/3512 2585/3371/3511
f 2586/3372/3512 2584/3370/3510 2587/3373/3513
f 2584/3370/3510 2588/3374/3514 2587/3373/3513
f 2584/3370/3510 2589/3375/3515 2588/3374/3514
f 2589/3376/3515 1879/3357/3497 2588/3377/3514
f 2589/3376/3515 2571/3356/3496 1879/3357/3497
f 2590/3378/3516 2592/3380/3518 2591/3379/3517
f 2590/3378/3516 2593/3381/3519 2592/3380/3518
f 2593/3381/3519 2594/3382/3520 2592/3380/3518
f 2593/3381/3519 2595/3383/3521 2594/3382/3520
f 2595/3383/3521 2596/3384/3522 2594/3382/3520
f 2595/3383/3521 2597/3385/3523 2596/3384/3522
f 2597/3385/3523 2598/3386/3524 2596/3384/3522
f 2597/3385/3523 2599/3387/3525 2598/3386/3524
f 2599/3387/3525 2600/3388/3526 2598/3386/3524
f 2599/3387/3525 2601/3389/3527 2600/3388/3526
f 2601/3389/3527 2586/3372/3512 2600/3388/3526
f 2601/3389/3527 2585/3371/3511 2586/3372/3512
f 2591/3379/3517 2602/3390/3528 2590/3378/3516
f 2602/3390/3528 2603/3391/3529 2590/3378/3516
f 2602/3390/3528 2604/3392/3530 2603/3391/3529
f 2604/3392/3530 2605/3393/3531 2603/3391/3529
f 2605/3394/3531 2563/3348/3483 2603/3395/3529
f 2605/3394/3531 2565/3350/3485 2563/3348/3483
f 2606/3396/3532 2608/3398/3534 2607/3397/3533
f 2606/3396/3532 2609/3399/3535 2608/3398/3534
f 2609/3399/3535 2610/3400/3536 2608/3398/3534
f 2609/3399/3535 2611/3401/3537 2610/3400/3536
f 2612/3402/3538 2614/3404/3540 2613/3403/3539
f 2611/3401/3537 2615/3405/3541 2610/3400/3536
f 2611/3401/3537 2616/3406/3542 2615/3405/3541
f 2616/3406/3542 2617/3407/3543 2615/3405/3541
f 2616/3406/3542 2614/3404/3540 2617/3407/3543
f 2614/3404/3540 2618/3408/3544 2617/3407/3543
f 2614/3404/3540 2612/3402/3538 2618/3408/3544
f 2606/3396/3545 2619/3409/3547 2609/3399/3546
f 2619/3409/3547 2611/3401/3548 2609/3399/3546
f 2619/3409/3547 2620/3410/3549 2611/3401/3548
f 2616/3406/3550 2621/3411/3552 2614/3404/3551
f 2614/3404/3551 2621/3411/3552 2613/3403/3553
f 2621/3411/3552 2622/3412/3554 2613/3403/3553
f 2621/3411/3552 2623/3413/3555 2622/3412/3554
f 2623/3413/3555 2621/3411/3552 2624/3414/3556
f 2621/3411/3552 2625/3415/3557 2624/3414/3556
f 2621/3411/3552 2626/3416/3558 2625/3415/3557
f 2626/3416/3558 2627/3417/3559 2625/3415/3557
f 2626/3416/3558 2628/3418/3560 2627/3417/3559
f 2629/3419/3561 2611/3401/3548 2620/3410/3549
f 2630/3420/3562 2632/3422/3564 2631/3421/3563
f 2632/3422/3564 2626/3416/3558 2631/3421/3563
f 2633/3423/3565 2634/3424/3566 2632/3422/3564
f 2634/3424/3566 2626/3416/3558 2632/3422/3564
f 2634/3424/3566 2635/3425/3567 2626/3416/3558
f 2635/3425/3567 2628/3418/3560 2626/3416/3558
f 2631/3421/3563 2626/3416/3558 2636/3426/3568
f 2626/3416/3558 2629/3419/3561 2636/3426/3568
f 2626/3416/3558 2621/3411/3552 2629/3419/3561
f 2621/3411/3552 2611/3401/3548 2629/3419/3561
f 2621/3411/3552 2616/3406/3550 2611/3401/3548
f 2632/3422/3564 2637/3427/3569 2633/3423/3565
f 2638/3428/3570 2632/3422/3564 2630/3420/3562
f 2632/3422/3564 2638/3428/3570 2637/3427/3569
f 2638/3428/3570 2639/3429/3571 2637/3427/3569
f 2638/3428/3570 2640/3430/3572 2639/3429/3571
f 2641/3431/3573 2643/3433/3575 2642/3432/3574
f 2643/3433/3575 2640/3430/3572 2642/3432/3574
f 2643/3433/3575 2644/3434/3576 2640/3430/3572
f 2644/3434/3576 2639/3429/3571 2640/3430/3572
f 2641/3431/3573 2642/3432/3574 2645/3435/3577
f 2642/3432/3574 2646/3436/3578 2645/3435/3577
f 2642/3437/3574 2647/3439/3579 2646/3438/3578
f 2647/3439/3579 2648/3440/3580 2646/3438/3578
f 2647/3439/3579 2649/3441/3581 2648/3440/3580
f 2649/3441/3581 2647/3439/3579 2650/3442/3582
f 2647/3439/3579 2651/3443/3583 2650/3442/3582
f 2647/3439/3579 2652/3444/3584 2651/3443/3583
f 2652/3444/3584 2653/3445/3585 2651/3443/3583
f 2654/3446/3586 2655/3447/3588 2646/3438/3587
s 0
f 2655/3447/3588 2645/3448/3590 2646/3438/3589
f 2655/3447/3588 2656/3449/3592 2645/3448/3591
s 1
f 2646/3438/3587 2657/3450/3593 2654/3446/3586
f 2646/3438/3587 2648/3440/3594 2657/3450/3593
f 2657/3450/3593 2648/3440/3594 2658/3451/3595
f 2648/3440/3594 2659/3452/3596 2658/3451/3595
f 2648/3440/3594 2649/3441/3597 2659/3452/3596
f 2649/3441/3597 2660/3453/3598 2659/3452/3596
f 2649/3441/3597 2650/3442/3599 2660/3453/3598
f 2650/3442/3599 2651/3443/3583 2660/3453/3598
f 2651/3443/3583 2661/3454/3600 2660/3453/3598
f 2651/3443/3583 2653/3445/3585 2661/3454/3600
f 2661/3454/3600 2653/3445/3585 2662/3455/3601
f 2653/3445/3585 2663/3456/3602 2662/3455/3601
f 2653/3445/3585 2664/3457/3603 2663/3456/3602
f 2664/3457/3603 2665/3458/3604 2663/3456/3602
f 2664/3457/3603 2666/3459/3605 2665/3458/3604
f 2667/3460/3606 2669/3462/3608 2668/3461/3607
f 2669/3462/3608 2654/3463/3609 2668/3461/3607
f 2669/3462/3608 2670/3464/3610 2654/3463/3609
f 2670/3464/3610 2655/3465/3611 2654/3463/3609
f 2670/3464/3610 2656/3466/3612 2655/3465/3611
f 2671/3467/3613 2672/3468/3615 2666/3459/3614
f 2672/3468/3615 2665/3458/3616 2666/3459/3614
f 2672/3468/3615 2673/3469/3617 2665/3458/3616
f 2665/3458/3616 2673/3469/3617 2663/3456/3618
f 2673/3469/3617 2662/3455/3619 2663/3456/3618
f 2673/3469/3617 2674/3470/3620 2662/3455/3619
f 2674/3470/3620 2661/3454/3621 2662/3455/3619
f 2674/3470/3620 2675/3471/3622 2661/3454/3621
f 2661/3454/3621 2675/3471/3622 2660/3453/3623
f 2675/3472/3622 2659/3474/3624 2660/3473/3623
f 2675/3475/3622 2676/3477/3625 2659/3476/3624
f 2654/3463/3609 2657/3478/3626 2668/3461/3607
f 2657/3478/3626 2676/3479/3625 2668/3461/3607
f 2657/3478/3626 2658/3480/3627 2676/3479/3625
f 2658/3480/3627 2659/3481/3624 2676/3479/3625
f 2677/3482/3628 2671/3467/3613 2678/3483/3629
f 2671/3467/3613 2679/3484/3630 2678/3483/3629
f 2671/3467/3613 2666/3459/3631 2679/3484/3630
f 2680/3485/3632 2682/3487/3634 2681/3486/3633
f 2682/3487/3634 2683/3488/3635 2681/3486/3633
f 2682/3487/3634 2677/3482/3628 2683/3488/3635
f 2677/3482/3628 2684/3489/3636 2683/3488/3635
f 2677/3482/3628 2678/3483/3629 2684/3489/3636
f 2685/3490/3637 2687/3492/3639 2686/3491/3638
f 2687/3492/3639 2688/3493/3640 2686/3491/3638
f 2687/3492/3639 2689/3494/3641 2688/3493/3640
f 2689/3494/3641 2690/3495/3642 2688/3493/3640
f 2689/3494/3641 2680/3485/3632 2690/3495/3642
f 2680/3485/3632 2681/3486/3633 2690/3495/3642
f 2686/3491/3638 2691/3496/3643 2685/3490/3637
f 2686/3491/3638 2692/3497/3644 2691/3496/3643
f 2692/3497/3644 2693/3498/3645 2691/3496/3643
f 2692/3497/3644 2694/3499/3646 2693/3498/3645
f 2694/3499/3646 2695/3500/3647 2693/3498/3645
f 2694/3499/3646 2696/3501/3648 2695/3500/3647
f 2696/3501/3648 2697/3502/3649 2695/3500/3647
f 2697/3502/3649 2698/3503/3650 2695/3500/3647
f 2697/3502/3649 2699/3504/3651 2698/3503/3650
f 2699/3504/3651 2700/3505/3652 2698/3503/3650
f 2699/3504/3651 2701/3506/3653 2700/3505/3652
f 2700/3505/3652 2701/3506/3653 2702/3507/3654
f 2701/3506/3653 2703/3508/3655 2702/3507/3654
f 2701/3506/3653 2704/3509/3656 2703/3508/3655
f 2704/3509/3656 2705/3510/3657 2703/3508/3655
f 2704/3509/3656 2706/3511/3658 2705/3510/3657
f 2706/3511/3658 2707/3512/3659 2705/3510/3657
f 2707/3512/3659 2708/3513/3660 2705/3510/3657
f 2707/3512/3659 2709/3514/3661 2708/3513/3660
f 2708/3513/3660 2709/3514/3661 2710/3515/3662
f 2709/3514/3661 2711/3516/3663 2710/3515/3662
f 2709/3514/3661 2712/3517/3664 2711/3516/3663
f 2712/3517/3664 2713/3518/3665 2711/3516/3663
f 2712/3517/3664 2714/3519/3666 2713/3518/3665
f 2715/3520/3667 2716/3522/3669 2528/3521/3668
f 2715/3520/3667 2717/3523/3670 2716/3522/3669
f 2717/3523/3670 2714/3519/3666 2716/3522/3669
f 2717/3523/3670 2713/3518/3665 2714/3519/3666
f 2718/3524/3671 2720/3526/3673 2719/3525/3672
f 2528/3521/3668 2721/3527/3674 2715/3520/3667
f 2721/3527/3674 2718/3524/3671 2715/3520/3667
f 2721/3527/3674 2722/3528/3675 2718/3524/3671
f 2722/3528/3675 2720/3526/3673 2718/3524/3671
f 2723/3529/3676 2725/3531/3678 2724/3530/3677
f 2723/3529/3676 2726/3532/3679 2725/3531/3678
f 2725/3531/3678 2726/3532/3679 2727/3533/3680
f 2726/3532/3679 2728/3534/3681 2727/3533/3680
f 2726/3532/3679 2729/3535/3682 2728/3534/3681
f 2729/3535/3682 2730/3536/3683 2728/3534/3681
f 2729/3535/3682 2731/3537/3684 2730/3536/3683
f 2731/3537/3684 2732/3538/3685 2730/3536/3683
f 2731/3537/3684 2733/3539/3686 2732/3538/3685
f 2733/3539/3686 2734/3540/3687 2732/3538/3685
f 2733/3539/3686 2735/3541/3688 2734/3540/3687
f 2735/3541/3688 2736/3542/3689 2734/3540/3687
f 2734/3540/3687 2736/3542/3689 2737/3543/3690
f 2736/3542/3689 2738/3544/3691 2737/3543/3690
f 2736/3542/3689 2739/3545/3692 2738/3544/3691
f 2720/3526/3673 2740/3546/3693 2719/3525/3672
f 2740/3546/3693 2741/3547/3694 2719/3525/3672
f 2739/3545/3692 2741/3547/3694 2738/3544/3691
f 2741/3547/3694 2742/3548/3695 2738/3544/3691
f 2741/3547/3694 2740/3546/3693 2742/3548/3695
s 0
f 2743/3549/3696 2745/3551/3698 2744/3550/3697
f 2743/3549/3696 2746/3552/3700 2745/3551/3699
s 1
f 2746/3552/3701 2747/3553/3702 2745/3551/3699
f 2746/3552/3701 2748/3554/3703 2747/3553/3702
f 2749/3555/3704 2750/3557/3706 2527/3556/3705
f 2751/3558/3707 2753/3560/3709 2752/3559/3708
f 2753/3560/3709 2754/3561/3710 2752/3559/3708
f 2754/3561/3710 2746/3552/3701 2752/3559/3708
f 2754/3561/3710 2748/3554/3703 2746/3552/3701
f 2753/3560/3709 2751/3558/3707 2755/3562/3711
f 2751/3558/3707 2756/3563/3712 2755/3562/3711
f 2751/3558/3707 2750/3557/3706 2756/3563/3712
f 2750/3557/3706 2757/3564/3713 2756/3563/3712
f 2750/3557/3706 2749/3555/3704 2757/3564/3713
f 2758/3565/3714 2760/3567/3716 2759/3566/3715
f 2760/3567/3716 2761/3568/3717 2759/3566/3715
f 2760/3567/3716 2762/3569/3718 2761/3568/3717
f 2762/3569/3718 2763/3570/3719 2761/3568/3717
f 2762/3569/3718 2724/3530/3677 2763/3570/3719
f 2724/3530/3677 2725/3531/3678 2763/3570/3719
f 2764/3571/3720 2765/3572/3722 2527/3556/3721
f 2766/3573/3723 2768/3575/3725 2767/3574/3724
f 2764/3571/3720 2768/3575/3725 2765/3572/3722
f 2768/3575/3725 2769/3576/3726 2765/3572/3722
f 2768/3575/3725 2766/3573/3723 2769/3576/3726
f 2767/3574/3724 2768/3575/3725 2770/3577/3727
f 2768/3575/3725 2759/3566/3715 2770/3577/3727
f 2768/3575/3725 2758/3565/3714 2759/3566/3715
f 2771/3578/3728 2746/3580/3730 2772/3579/3729
f 2746/3580/3730 2773/3581/3731 2772/3579/3729
f 2746/3580/3730 2743/3582/3732 2773/3581/3731
f 2743/3582/3732 2774/3583/3733 2773/3581/3731
f 2743/3582/3732 2744/3584/3734 2774/3583/3733
f 2771/3578/3728 2775/3585/3735 2746/3580/3730
f 2775/3585/3735 2752/3586/3736 2746/3580/3730
f 2775/3587/3735 2776/3589/3738 2752/3588/3737
f 2776/3590/3738 2751/3592/3739 2752/3591/3737
f 2776/3593/3738 2777/3594/3740 2751/3558/3739
f 2750/3557/3741 2764/3571/3720 2527/3556/3721
f 2764/3571/3720 2750/3557/3741 2778/3595/3742
f 2750/3557/3741 2779/3596/3743 2778/3595/3742
f 2750/3557/3741 2751/3558/3739 2779/3596/3743
f 2751/3558/3739 2780/3597/3744 2779/3596/3743
f 2751/3558/3739 2777/3594/3740 2780/3597/3744
f 2781/3598/3745 2782/3599/3747 2536/3312/3746
f 2782/3599/3747 2538/3314/3748 2536/3312/3746
f 2783/3600/3749 2785/3602/3751 2784/3601/3750
f 2783/3600/3749 2786/3603/3752 2785/3602/3751
f 2787/3604/3753 2788/3606/3755 2245/3605/3754
f 2532/3308/3756 2788/3606/3755 2786/3603/3752
f 2788/3606/3755 2785/3602/3751 2786/3603/3752
f 2788/3606/3755 2787/3604/3753 2785/3602/3751
f 2787/3604/3753 2784/3601/3750 2785/3602/3751
f 2787/3604/3753 2781/3598/3745 2784/3601/3750
f 2781/3598/3745 2536/3312/3746 2784/3601/3750
f 2789/3607/3757 2791/3609/3759 2790/3608/3758
f 2792/3610/3760 2756/3563/3762 2757/3564/3761
f 2792/3610/3760 2793/3611/3763 2756/3563/3762
f 2793/3611/3763 2755/3562/3764 2756/3563/3762
f 2793/3611/3763 2753/3560/3765 2755/3562/3764
f 2745/3612/3766 2747/3613/3767 2791/3609/3759
f 2747/3613/3767 2790/3608/3758 2791/3609/3759
f 2747/3553/3767 2748/3554/3768 2790/3614/3758
f 2748/3554/3768 2793/3611/3763 2790/3614/3758
f 2748/3554/3768 2754/3561/3769 2793/3611/3763
f 2754/3561/3769 2753/3560/3765 2793/3611/3763
f 2791/3609/3759 2789/3607/3757 2794/3615/3770
f 2789/3607/3757 2795/3616/3771 2794/3615/3770
f 2789/3607/3757 2796/3617/3772 2795/3616/3771
f 2796/3617/3772 2797/3618/3773 2795/3616/3771
f 2798/3619/3774 2797/3618/3773 2799/3620/3775
f 2797/3618/3773 2356/3621/3776 2799/3620/3775
f 2797/3618/3773 2796/3617/3772 2356/3621/3776
f 2800/3622/3777 2801/3623/3778 2532/3308/3756
f 2788/3606/3755 2802/3624/3779 2245/3605/3754
f 2799/3620/3775 2803/3625/3780 2798/3619/3774
f 2803/3625/3780 2804/3626/3781 2798/3619/3774
f 2803/3625/3780 2805/3627/3782 2804/3626/3781
f 2545/3321/3783 2806/3628/3784 2800/3622/3777
f 2806/3628/3784 2801/3623/3778 2800/3622/3777
f 2806/3628/3784 2807/3629/3785 2801/3623/3778
f 2807/3629/3785 2808/3630/3786 2801/3623/3778
f 2532/3308/3756 2801/3623/3778 2788/3606/3755
f 2801/3623/3778 2802/3624/3779 2788/3606/3755
f 2801/3623/3778 2803/3625/3780 2802/3624/3779
f 2803/3625/3780 2809/3631/3787 2802/3624/3779
f 2803/3625/3780 2799/3620/3775 2809/3631/3787
f 2799/3620/3775 2356/3621/3776 2809/3631/3787
f 2805/3627/3782 2803/3625/3780 2810/3632/3788
f 2803/3625/3780 2811/3633/3789 2810/3632/3788
f 2803/3625/3780 2801/3623/3778 2811/3633/3789
f 2801/3623/3778 2812/3634/3790 2811/3633/3789
f 2801/3623/3778 2808/3630/3786 2812/3634/3790
f 2813/3635/3791 2815/3637/3793 2814/3636/3792
f 2815/3637/3793 2816/3638/3794 2814/3636/3792
f 2815/3637/3793 2817/3639/3795 2816/3638/3794
f 2818/3640/3796 2820/3642/3798 2819/3641/3797
f 2818/3640/3796 2821/3643/3799 2820/3642/3798
f 2821/3643/3799 2822/3644/3800 2820/3642/3798
f 2821/3643/3799 2817/3639/3795 2822/3644/3800
f 2817/3639/3795 2823/3645/3801 2822/3644/3800
f 2817/3639/3795 2815/3637/3793 2823/3645/3801
f 2819/3641/3802 2820/3642/3804 2824/3646/3803
f 2820/3642/3804 2825/3647/3805 2824/3646/3803
f 2820/3642/3806 2822/3644/3808 2825/3647/3807
f 2822/3644/3808 2826/3648/3809 2825/3647/3807
f 2822/3644/3810 2823/3645/3812 2826/3648/3811
f 2823/3645/3812 2827/3649/3813 2826/3648/3811
f 2823/3645/3812 2815/3637/3814 2827/3649/3813
f 2815/3637/3814 2828/3650/3815 2827/3649/3813
f 2815/3637/3793 2813/3635/3791 2828/3650/3815
f 2813/3635/3791 2829/3651/3816 2828/3650/3815
f 2830/3652/3817 2831/3653/3818 2818/3640/3796
f 2831/3653/3818 2821/3643/3799 2818/3640/3796
f 2832/3654/3819 2834/3656/3821 2833/3655/3820
f 2834/3656/3821 2835/3657/3822 2833/3655/3820
f 2834/3656/3821 2836/3658/3823 2835/3657/3822
f 2814/3636/3792 2816/3638/3794 2836/3658/3823
f 2816/3638/3794 2835/3657/3822 2836/3658/3823
f 2816/3638/3794 2817/3639/3795 2835/3657/3822
f 2817/3639/3795 2837/3659/3824 2835/3657/3822
f 2817/3639/3795 2821/3643/3799 2837/3659/3824
f 2821/3643/3799 2838/3660/3825 2837/3659/3824
f 2821/3643/3799 2831/3653/3818 2838/3660/3825
f 2839/3661/3826 2841/3663/3828 2840/3662/3827
f 2842/3664/3829 2834/3656/3821 2843/3665/3830
f 2834/3656/3821 2842/3664/3829 2836/3658/3823
f 2842/3664/3829 2814/3636/3792 2836/3658/3823
f 2842/3664/3829 2813/3635/3791 2814/3636/3792
f 2839/3661/3826 2844/3666/3831 2841/3663/3828
f 2843/3665/3830 2834/3656/3821 2844/3666/3831
f 2834/3656/3821 2841/3663/3828 2844/3666/3831
f 2834/3656/3821 2832/3654/3819 2841/3663/3828
f 2845/3667/3832 2841/3663/3828 2846/3668/3833
f 2841/3663/3828 2847/3669/3834 2846/3668/3833
f 2841/3663/3828 2832/3654/3819 2847/3669/3834
f 2848/3670/3835 2850/3672/3837 2849/3671/3836
f 2850/3672/3837 2851/3673/3838 2849/3671/3836
f 2851/3673/3838 2850/3672/3837 2852/3674/3839
s 0
f 2850/3672/3840 2853/3675/3842 2852/3674/3841
s 1
f 2850/3672/3837 2845/3667/3832 2853/3675/3843
f 2845/3667/3832 2854/3676/3844 2853/3675/3843
f 2845/3667/3832 2846/3668/3833 2854/3676/3844
f 2826/3648/3811 2855/3677/3845 2825/3647/3805
f 2856/3678/3846 2858/3680/3848 2857/3679/3847
f 2859/3681/3849 2861/3683/3851 2860/3682/3850
f 2861/3683/3851 2862/3684/3852 2860/3682/3850
f 2861/3683/3851 2863/3685/3853 2862/3684/3852
f 2859/3681/3849 2860/3682/3850 2829/3651/3816
f 2860/3682/3850 2864/3686/3854 2829/3651/3816
f 2860/3682/3850 2862/3684/3852 2864/3686/3854
f 2862/3684/3852 2865/3687/3855 2864/3686/3854
f 2866/3688/3856 2868/3690/3858 2867/3689/3857
f 2868/3690/3858 2855/3677/3845 2867/3689/3857
f 2868/3690/3858 2824/3646/3803 2855/3677/3845
f 2824/3646/3803 2825/3647/3805 2855/3677/3845
f 2857/3679/3847 2858/3680/3848 2865/3687/3855
f 2858/3680/3848 2864/3686/3854 2865/3687/3855
f 2858/3680/3848 2869/3691/3859 2864/3686/3854
f 2867/3689/3857 2855/3677/3845 2856/3678/3846
f 2855/3677/3845 2858/3680/3848 2856/3678/3846
f 2855/3677/3845 2826/3648/3811 2858/3680/3848
f 2826/3648/3811 2869/3691/3859 2858/3680/3848
f 2826/3648/3811 2827/3649/3813 2869/3691/3859
f 2827/3649/3813 2864/3686/3854 2869/3691/3859
f 2827/3649/3813 2828/3650/3815 2864/3686/3854
f 2828/3650/3815 2829/3651/3816 2864/3686/3854
f 2866/3688/3856 2867/3689/3857 2870/3692/3860
f 2867/3689/3857 2871/3693/3861 2870/3692/3860
f 2867/3689/3857 2856/3678/3846 2871/3693/3861
f 2856/3678/3846 2872/3694/3862 2871/3693/3861
f 2856/3678/3846 2857/3679/3847 2872/3694/3862
f 2857/3679/3847 2873/3695/3863 2872/3694/3862
f 2857/3679/3847 2865/3687/3855 2873/3695/3863
f 2865/3687/3855 2862/3684/3852 2873/3695/3863
f 2862/3684/3852 2874/3696/3864 2873/3695/3863
f 2862/3684/3852 2863/3685/3853 2874/3696/3864
f 2875/3697/3865 2876/3698/3866 2874/3696/3864
f 2876/3698/3866 2873/3695/3863 2874/3696/3864
f 2876/3698/3866 2877/3699/3867 2873/3695/3863
f 2877/3699/3867 2872/3694/3862 2873/3695/3863
f 2877/3699/3867 2878/3700/3868 2872/3694/3862
f 2878/3700/3868 2871/3693/3861 2872/3694/3862
f 2878/3700/3868 2879/3701/3869 2871/3693/3861
f 2879/3701/3869 2870/3692/3860 2871/3693/3861
f 2879/3701/3869 2880/3702/3870 2870/3692/3860
f 2880/3702/3870 2866/3688/3856 2870/3692/3860
f 2880/3702/3870 2881/3703/3871 2866/3688/3856
f 2882/3704/3872 2839/3661/3826 2840/3662/3827
f 2882/3704/3872 2883/3705/3873 2839/3661/3826
f 2883/3705/3873 2884/3706/3874 2839/3661/3826
f 2883/3705/3873 2885/3707/3875 2884/3706/3874
f 2886/3708/3876 2888/3710/3878 2887/3709/3877
f 2885/3707/3875 2883/3705/3873 2889/3711/3879
f 2883/3705/3873 2886/3708/3876 2889/3711/3879
f 2883/3705/3873 2890/3712/3880 2886/3708/3876
f 2890/3712/3880 2888/3710/3878 2886/3708/3876
f 2891/3713/3881 2861/3683/3851 2859/3681/3849
f 2861/3683/3851 2891/3713/3881 2863/3685/3853
f 2891/3713/3881 2874/3696/3864 2863/3685/3853
f 2891/3713/3881 2875/3697/3865 2874/3696/3864
f 2892/3714/3882 2884/3706/3874 2893/3715/3883
f 2884/3706/3874 2894/3716/3883 2893/3715/3883
f 2884/3706/3874 2885/3707/3875 2894/3716/3883
f 2839/3661/3826 2884/3706/3874 2844/3666/3831
f 2884/3706/3874 2843/3665/3830 2844/3666/3831
f 2884/3706/3874 2842/3664/3829 2843/3665/3830
f 2891/3713/3881 2859/3681/3849 2892/3714/3882
f 2859/3681/3849 2884/3706/3874 2892/3714/3882
f 2859/3681/3849 2829/3651/3816 2884/3706/3874
f 2829/3651/3816 2842/3664/3829 2884/3706/3874
f 2829/3651/3816 2813/3635/3791 2842/3664/3829
f 2895/3717/3884 2897/3719/3885 2896/3718/3884
f 2883/3705/3873 2898/3720/3886 2890/3712/3880
f 2898/3720/3886 2888/3710/3878 2890/3712/3880
f 2898/3720/3886 2887/3709/3877 2888/3710/3878
f 2898/3720/3886 2883/3705/3873 2899/3721/3879
f 2883/3705/3873 2900/3722/3887 2899/3721/3879
f 2883/3705/3873 2897/3719/3885 2900/3722/3887
f 2897/3719/3885 2901/3723/3888 2900/3722/3887
f 2897/3719/3885 2902/3724/3888 2901/3723/3888
f 2896/3718/3884 2897/3719/3885 2903/3725/3889
f 2897/3719/3885 2904/3726/3890 2903/3725/3889
f 2897/3719/3885 2883/3705/3873 2904/3726/3890
f 2883/3705/3873 2905/3727/3891 2904/3726/3890
f 2883/3705/3873 2882/3704/3872 2905/3727/3891
f 2882/3704/3872 2840/3662/3827 2905/3727/3891
f 2895/3717/3884 2906/3728/3892 2897/3719/3885
f 2906/3728/3892 2907/3729/3893 2897/3719/3885
f 2906/3728/3892 2908/3730/3894 2907/3729/3893
f 2908/3730/3894 2909/3731/3895 2907/3729/3893
f 2908/3730/3894 2910/3732/3896 2909/3731/3895
f 2911/3733/3897 2912/3734/3898 2907/3729/3893
f 2912/3734/3898 2897/3719/3885 2907/3729/3893
f 2912/3734/3898 2913/3735/3888 2897/3719/3885
f 2913/3735/3888 2902/3724/3888 2897/3719/3885
f 2914/3736/3899 2916/3738/3901 2915/3737/3900
f 2916/3738/3901 2917/3739/3902 2915/3737/3900
f 2916/3738/3901 2911/3733/3897 2917/3739/3902
f 2911/3733/3897 2918/3740/3903 2917/3739/3902
f 2911/3733/3897 2907/3729/3893 2918/3740/3903
s 0
f 2919/3741/3904 2850/3672/3837 2920/3742/3905
s 1
f 2850/3672/3837 2921/3743/3907 2920/3742/3906
f 2921/3743/3907 2850/3672/3837 2922/3744/3908
f 2850/3672/3837 2923/3745/3909 2922/3744/3908
f 2850/3672/3837 2848/3670/3835 2923/3745/3909
f 2845/3667/3832 2850/3672/3837 2924/3746/3910
f 2850/3672/3837 2925/3747/3911 2924/3746/3910
f 2850/3672/3837 2919/3741/3904 2925/3747/3911
f 2926/3748/3912 2841/3663/3828 2927/3749/3913
f 2841/3663/3828 2928/3750/3914 2927/3749/3913
f 2928/3750/3914 2841/3663/3828 2929/3751/3915
f 2841/3663/3828 2930/3752/3916 2929/3751/3915
f 2841/3663/3828 2845/3667/3832 2930/3752/3916
f 2845/3667/3832 2931/3753/3917 2930/3752/3916
f 2845/3667/3832 2924/3746/3910 2931/3753/3917
f 2841/3663/3828 2905/3727/3891 2840/3662/3827
f 2905/3727/3891 2841/3663/3828 2904/3726/3890
f 2841/3663/3828 2903/3725/3889 2904/3726/3890
f 2841/3663/3828 2926/3748/3912 2903/3725/3889
f 2926/3748/3912 2896/3718/3884 2903/3725/3889
f 2896/3718/3884 2926/3748/3912 2895/3717/3884
f 2926/3748/3912 2906/3728/3892 2895/3717/3884
f 2926/3748/3912 2932/3754/3918 2906/3728/3892
f 2932/3754/3918 2908/3730/3894 2906/3728/3892
f 2932/3754/3918 2933/3755/3919 2908/3730/3894
f 2933/3755/3919 2910/3732/3896 2908/3730/3894
f 2934/3756/3920 2936/3758/3921 2935/3757/3920
f 2934/3756/3920 2937/3759/3921 2936/3758/3921
f 2937/3759/3921 2938/3760/3922 2936/3758/3921
f 2937/3759/3921 2939/3761/3922 2938/3760/3922
f 2939/3761/3922 2940/3762/3923 2938/3760/3922
f 2940/3762/3923 2941/3763/3923 2938/3760/3922
f 2940/3762/3923 2942/3764/3924 2941/3763/3923
f 2940/3762/3923 2943/3765/3924 2942/3764/3924
f 2943/3765/3924 2944/3766/3925 2942/3764/3924
f 2943/3765/3924 2945/3767/3925 2944/3766/3925
f 2945/3768/3925 2946/3770/3926 2944/3769/3925
f 2946/3770/3926 2947/3771/3926 2944/3769/3925
f 2946/3770/3926 2948/3772/3927 2947/3771/3926
f 2946/3770/3926 2949/3773/3927 2948/3772/3927
f 2949/3773/3927 2950/3774/3928 2948/3772/3927
f 2949/3773/3927 2951/3775/3928 2950/3774/3928
f 2952/3776/3929 2954/3778/3930 2953/3777/3929
f 2952/3776/3929 2955/3779/3930 2954/3778/3930
f 2955/3779/3930 2956/3780/3931 2954/3778/3930
f 2955/3779/3930 2957/3781/3931 2956/3780/3931
f 2958/3782/3932 2960/3784/3933 2959/3783/3932
f 2958/3782/3932 2961/3785/3933 2960/3784/3933
f 2961/3785/3933 2953/3777/3929 2960/3784/3933
f 2961/3785/3933 2952/3776/3929 2953/3777/3929
f 2962/3786/3934 2964/3788/3935 2963/3787/3934
f 2962/3786/3934 2965/3789/3935 2964/3788/3935
f 2965/3789/3935 2959/3783/3932 2964/3788/3935
f 2965/3789/3935 2958/3782/3932 2959/3783/3932
f 2966/3790/3936 2968/3792/3937 2967/3791/3936
f 2966/3790/3936 2969/3793/3937 2968/3792/3937
f 2969/3793/3937 2963/3787/3934 2968/3792/3937
f 2969/3793/3937 2962/3786/3934 2963/3787/3934
f 2970/3794/3938 2972/3796/3939 2971/3795/3938
f 2970/3794/3938 2973/3797/3939 2972/3796/3939
f 2973/3797/3939 2967/3791/3936 2972/3796/3939
f 2973/3797/3939 2966/3790/3936 2967/3791/3936
f 2974/3798/3940 2976/3800/3941 2975/3799/3940
f 2974/3798/3940 2977/3801/3941 2976/3800/3941
f 2977/3801/3941 2971/3795/3938 2976/3800/3941
f 2977/3801/3941 2970/3794/3938 2971/3795/3938
f 2978/3802/3942 2980/3804/3943 2979/3803/3942
f 2978/3802/3942 2981/3805/3943 2980/3804/3943
f 2981/3805/3943 2975/3799/3940 2980/3804/3943
f 2981/3805/3943 2974/3798/3940 2975/3799/3940
f 2982/3806/3944 2984/3808/3945 2983/3807/3944
f 2982/3806/3944 2985/3809/3945 2984/3808/3945
f 2985/3809/3945 2979/3803/3942 2984/3808/3945
f 2985/3809/3945 2978/3802/3942 2979/3803/3942
f 2986/3810/3946 2988/3812/3948 2987/3811/3947
f 2986/3810/3946 2989/3813/3949 2988/3812/3948
f 2989/3813/3949 2983/3807/3944 2988/3812/3948
f 2989/3813/3949 2982/3806/3944 2983/3807/3944
f 2990/3814/3950 2992/3816/3951 2991/3815/3950
f 2992/3816/3951 2993/3817/3951 2991/3815/3950
f 2992/3816/3951 2994/3818/3952 2993/3817/3951
f 2994/3818/3952 2995/3819/3952 2993/3817/3951
f 2994/3818/3952 2996/3820/3953 2995/3819/3952
f 2996/3820/3953 2997/3821/3954 2995/3819/3952
f 2996/3820/3953 2986/3822/3946 2997/3821/3954
f 2986/3822/3946 2987/3823/3947 2997/3821/3954
f 2998/3824/3955 3000/3826/2152 2999/3825/3955
f 3000/3826/2152 2991/3827/3950 2999/3825/3955
f 3000/3826/2152 2990/3828/3950 2991/3827/3950
f 2951/3775/3928 3001/3829/3956 2950/3774/3928
f 3001/3829/3956 3002/3830/3956 2950/3774/3928
f 3001/3829/3956 3003/3831/3957 3002/3830/3956
f 3003/3831/3957 3004/3832/3957 3002/3830/3956
f 3003/3831/3957 2998/3824/3955 3004/3832/3957
f 2998/3824/3955 2999/3825/3955 3004/3832/3957
f 3005/3833/3958 3007/3835/3959 3006/3834/3958
f 3005/3833/3958 3008/3836/3959 3007/3835/3959
f 3008/3836/3959 2935/3757/3920 3007/3835/3959
f 3008/3836/3959 2934/3756/3920 2935/3757/3920
f 3009/3837/3960 3011/3839/3961 3010/3838/3960
f 3011/3839/3961 3012/3840/3961 3010/3838/3960
f 3011/3839/3961 3013/3841/3962 3012/3840/3961
f 3013/3841/3962 3014/3842/3963 3012/3840/3961
f 3013/3841/3962 3005/3833/3958 3014/3842/3963
f 3005/3833/3958 3006/3834/3958 3014/3842/3963
f 2957/3781/3931 3015/3843/3964 2956/3780/3931
f 2957/3781/3931 3016/3844/3964 3015/3843/3964
f 3016/3844/3964 3017/3845/3965 3015/3843/3964
f 3016/3844/3964 3018/3846/3965 3017/3845/3965
f 3018/3846/3965 3019/3847/3966 3017/3845/3965
f 3018/3846/3965 3020/3848/3966 3019/3847/3966
f 3020/3848/3966 3021/3849/3967 3019/3847/3966
f 3020/3848/3966 3022/3850/3968 3021/3849/3967
f 3022/3850/3968 3023/3851/3969 3021/3849/3967
f 3022/3850/3968 3024/3852/3970 3023/3851/3969
f 3024/3852/3970 3025/3853/3971 3023/3851/3969
f 3025/3853/3971 3026/3854/3971 3023/3851/3969
f 3025/3853/3971 3027/3855/3972 3026/3854/3971
f 3027/3855/3972 3028/3856/3972 3026/3854/3971
f 3027/3855/3972 3029/3857/3973 3028/3856/3972
f 3029/3857/3973 3030/3858/3974 3028/3856/3972
f 3029/3857/3973 3031/3859/2168 3030/3858/3974
f 3031/3859/2168 3010/3838/3960 3030/3858/3974
f 3031/3859/2168 3009/3837/3960 3010/3838/3960
s 0
f 2988/3860/2151 2941/3862/2151 2942/3861/2151
f 2948/3772/2151 2988/3860/2151 2947/3771/2151
f 2988/3860/2151 2944/3769/2151 2947/3771/2151
f 2988/3860/2151 2942/3861/2151 2944/3769/2151
f 2941/3862/2151 2988/3860/2151 2938/3863/2151
f 2988/3860/2151 2936/3864/2151 2938/3863/2151
f 2988/3860/2151 2983/3865/2151 2936/3864/2151
f 2983/3865/2151 2984/3866/2151 2936/3864/2151
f 2999/3825/2151 3002/3830/2151 3004/3832/2151
f 2993/3867/2151 2995/3868/2151 2991/3827/2151
f 2995/3868/2151 2987/3869/2151 2991/3827/2151
f 2995/3868/2151 2997/3870/2151 2987/3869/2151
f 3002/3830/2151 2999/3825/2151 2950/3774/2151
f 2999/3825/2151 2948/3772/2151 2950/3774/2151
f 2999/3825/2151 2991/3827/2151 2948/3772/2151
f 2991/3827/2151 2988/3860/2151 2948/3772/2151
f 2991/3827/2151 2987/3869/2151 2988/3860/2151
f 2935/3871/2151 2967/3873/2151 2968/3872/2151
f 2935/3871/2151 2936/3864/2151 2976/3874/2151
f 2936/3864/2151 2975/3875/2151 2976/3874/2151
f 2975/3875/2151 2936/3864/2151 2980/3876/2151
f 2936/3864/2151 2979/3877/2151 2980/3876/2151
f 2936/3864/2151 2984/3866/2151 2979/3877/2151
f 2953/3878/2151 2935/3871/2151 2960/3879/2151
f 2935/3871/2151 2959/3880/2151 2960/3879/2151
f 2967/3873/2151 2935/3871/2151 2972/3881/2151
f 2935/3871/2151 2971/3882/2151 2972/3881/2151
f 2935/3871/2151 2976/3874/2151 2971/3882/2151
f 2959/3880/2151 2935/3871/2151 2964/3883/2151
f 2935/3871/2151 2963/3884/2151 2964/3883/2151
f 2935/3871/2151 2968/3872/2151 2963/3884/2151
f 3007/3885/2151 2935/3871/2151 2956/3886/2151
f 2935/3871/2151 2954/3887/2151 2956/3886/2151
f 2935/3871/2151 2953/3878/2151 2954/3887/2151
f 3010/3888/2151 3021/3890/2151 3030/3889/2151
f 3019/3891/2151 3007/3885/2151 3017/3892/2151
f 3007/3885/2151 3015/3893/2151 3017/3892/2151
f 3007/3885/2151 2956/3886/2151 3015/3893/2151
f 3028/3894/2151 3030/3889/2151 3026/3895/2151
f 3030/3889/2151 3023/3896/2151 3026/3895/2151
f 3030/3889/2151 3021/3890/2151 3023/3896/2151
f 3014/3897/2151 3006/3899/2151 3012/3898/2151
f 3006/3899/2151 3010/3888/2151 3012/3898/2151
f 3006/3899/2151 3007/3885/2151 3010/3888/2151
f 3007/3885/2151 3021/3890/2151 3010/3888/2151
f 3007/3885/2151 3019/3891/2151 3021/3890/2151
s 1
f 3032/3900/3975 3034/3902/3977 3033/3901/3976
f 3035/3903/3978 3037/3905/3980 3036/3904/3979
f 3037/3906/3980 3038/3908/3981 3036/3907/3979
f 3037/3909/3980 3039/3911/3982 3038/3910/3981
f 3040/3912/3983 3041/3914/3984 3038/3913/3981
f 3041/3915/3984 3042/3917/3985 3038/3916/3981
f 3040/3918/3983 3038/3910/3981 3043/3919/3986
f 3038/3910/3981 3044/3920/3987 3043/3919/3986
f 3038/3910/3981 3039/3911/3982 3044/3920/3987
f 3045/3921/3988 3047/3923/3990 3046/3922/3989
f 3047/3923/3990 3048/3924/3991 3046/3922/3989
f 3047/3923/3990 3042/3925/3985 3048/3924/3991
f 3042/3925/3985 3049/3926/3992 3048/3924/3991
f 3042/3917/3985 3041/3915/3984 3049/3927/3992
f 3050/3928/3993 3047/3923/3990 3051/3929/3994
f 3047/3923/3990 3052/3930/3995 3051/3929/3994
f 3052/3930/3995 3047/3923/3990 3053/3931/3996
f 3047/3923/3990 3054/3932/3997 3053/3931/3996
f 3047/3923/3990 3045/3921/3988 3054/3932/3997
f 3055/3933/3998 3050/3928/3993 3056/3934/3999
f 3050/3928/3993 3057/3935/4000 3056/3934/3999
f 3050/3928/3993 3051/3929/3994 3057/3935/4000
f 3055/3933/3998 3058/3936/4001 3050/3928/3993
f 3058/3936/4001 3059/3937/4002 3050/3928/3993
f 3058/3936/4001 3060/3938/4003 3059/3937/4002
f 3061/3939/4004 3059/3937/4002 3062/3940/4005
f 3059/3937/4002 3063/3941/4006 3062/3940/4005
f 3063/3941/4006 3059/3937/4002 3064/3942/4007
f 3059/3937/4002 3065/3943/4008 3064/3942/4007
f 3059/3937/4002 3060/3938/4003 3065/3943/4008
f 3066/3944/4009 3061/3939/4004 3067/3945/4010
f 3061/3939/4004 3068/3946/4011 3067/3945/4010
f 3061/3939/4004 3062/3940/4005 3068/3946/4011
f 3033/3947/3976 3034/3949/3977 3069/3948/4012
f 3034/3949/3977 3070/3950/4013 3069/3948/4012
f 3034/3949/3977 3066/3944/4009 3070/3950/4013
f 3066/3944/4009 3071/3951/4014 3070/3950/4013
f 3066/3944/4009 3067/3945/4010 3071/3951/4014
f 3072/3952/4015 3074/3954/4017 3073/3953/4016
f 3074/3954/4017 3075/3955/4018 3073/3953/4016
f 3074/3954/4017 3034/3902/4019 3075/3955/4018
f 3034/3902/4019 3076/3956/4020 3075/3955/4018
f 3034/3902/4019 3032/3900/3975 3076/3956/4020
f 3077/3957/4021 3079/3959/4023 3078/3958/4022
f 3079/3959/4023 3080/3960/4024 3078/3958/4022
f 3079/3959/4023 3074/3954/4017 3080/3960/4024
f 3074/3954/4017 3081/3961/4025 3080/3960/4024
f 3074/3954/4017 3072/3952/4015 3081/3961/4025
f 3082/3962/4026 3084/3964/4028 3083/3963/4027
f 3084/3964/4028 3085/3965/4029 3083/3963/4027
f 3084/3964/4028 3079/3959/4023 3085/3965/4029
f 3079/3959/4023 3086/3966/4030 3085/3965/4029
f 3079/3959/4023 3077/3957/4021 3086/3966/4030
f 3035/3903/3978 3036/3904/3979 3087/3967/4031
f 3036/3904/3979 3088/3968/4032 3087/3967/4031
f 3036/3969/3979 3084/3964/4028 3088/3970/4032
f 3084/3964/4028 3089/3971/4033 3088/3970/4032
f 3084/3972/4028 3082/3974/4026 3089/3973/4033
f 3090/3975/4034 3092/3977/4036 3091/3976/4035
f 3090/3975/4034 3093/3978/4037 3092/3977/4036
f 3091/3976/4035 3094/3979/4038 3090/3975/4034
f 3094/3980/4038 3095/3982/4039 3090/3981/4034
f 3094/3983/4038 3096/3985/4040 3095/3984/4039
f 3097/3986/4041 3095/3988/4039 3098/3987/4042
f 3095/3988/4039 3099/3989/4043 3098/3987/4042
f 3095/3988/4039 3096/3990/4040 3099/3989/4043
f 3100/3991/4044 3102/3993/4046 3101/3992/4045
f 3102/3993/4047 3103/3994/4049 3101/3992/4048
f 3102/3993/4047 3097/3986/4041 3103/3994/4049
f 3097/3986/4041 3104/3995/4050 3103/3994/4049
f 3097/3986/4041 3098/3987/4042 3104/3995/4050
f 3100/3991/4044 3105/3996/4051 3102/3993/4046
f 3105/3996/4051 3106/3997/4052 3102/3993/4046
f 3105/3996/4051 3107/3998/4053 3106/3997/4052
f 3107/3998/4053 3108/3999/4054 3106/3997/4052
f 3108/3999/4054 3109/4000/4055 3106/3997/4052
f 3108/3999/4054 3110/4001/4056 3109/4000/4055
f 3111/4002/4057 3113/4004/4059 3112/4003/4058
f 3113/4004/4059 3114/4005/4060 3112/4003/4058
f 3113/4004/4059 3109/4000/4055 3114/4005/4060
f 3109/4000/4055 3115/4006/4061 3114/4005/4060
f 3109/4000/4055 3110/4001/4056 3115/4006/4061
f 3111/4002/4057 3116/4007/4062 3113/4004/4059
f 3116/4007/4062 3117/4008/4063 3113/4004/4059
f 3116/4007/4062 3118/4009/4065 3117/4008/4064
f 3119/4010/4066 3117/4012/4064 3120/4011/4067
f 3117/4012/4064 3121/4013/4068 3120/4011/4067
f 3117/4012/4064 3118/4014/4065 3121/4013/4068
f 3122/4015/4069 3124/4017/4071 3123/4016/4070
f 3124/4017/4071 3125/4018/4072 3123/4016/4070
f 3124/4017/4071 3119/4010/4066 3125/4018/4072
f 3119/4010/4066 3126/4019/4073 3125/4018/4072
f 3119/4010/4066 3120/4011/4067 3126/4019/4073
f 3122/4015/4069 3127/4020/4074 3124/4017/4071
f 3127/4020/4074 3128/4021/4075 3124/4017/4071
f 3127/4020/4074 3129/4022/4076 3128/4021/4075
f 3092/4023/4036 3093/4025/4037 3130/4024/4077
f 3093/4026/4078 3131/4028/4080 3130/4027/4079
f 3093/4026/4078 3128/4029/4075 3131/4028/4080
f 3128/4021/4075 3132/4031/4081 3131/4030/4080
f 3128/4032/4075 3129/4034/4076 3132/4033/4081
f 3133/4035/4082 3135/4037/4084 3134/4036/4083
f 3136/4038/4085 3138/4040/4087 3137/4039/4086
f 3138/4041/4087 3139/4043/4088 3137/4042/4086
f 3138/4041/4087 3140/4044/4089 3139/4043/4088
f 3140/4044/4089 3138/4041/4087 3141/4045/4090
f 3138/4041/4087 3142/4046/4091 3141/4045/4090
f 3138/4041/4087 3143/4047/4092 3142/4046/4091
f 3144/4048/4093 3146/4050/4095 3145/4049/4094
f 3146/4050/4095 3147/4051/4096 3145/4049/4094
f 3147/4051/4096 3146/4050/4095 3148/4052/4097
f 3146/4050/4095 3149/4053/4098 3148/4052/4097
f 3146/4050/4095 3138/4040/4087 3149/4053/4098
f 3138/4040/4087 3150/4054/4099 3149/4053/4098
f 3138/4040/4087 3136/4038/4085 3150/4054/4099
f 3151/4055/4100 3144/4048/4093 3152/4056/4101
f 3144/4048/4093 3153/4057/4102 3152/4056/4101
f 3153/4057/4102 3144/4048/4093 3154/4058/4103
f 3144/4048/4093 3155/4059/4104 3154/4058/4103
f 3144/4048/4093 3145/4049/4094 3155/4059/4104
f 3134/4036/4083 3135/4037/4084 3156/4060/4105
f 3135/4061/4084 3157/4063/4106 3156/4062/4105
f 3135/4061/4084 3151/4055/4107 3157/4063/4106
f 3151/4064/4107 3158/4066/4108 3157/4065/4106
f 3151/4055/4100 3152/4056/4101 3158/4067/4109
f 3159/4068/4110 3161/4070/4112 3160/4069/4111
f 3161/4071/4112 3135/4061/4084 3160/4072/4111
f 3135/4061/4084 3162/4073/4113 3160/4072/4111
f 3135/4037/4084 3133/4035/4082 3162/4074/4113
f 3163/4075/4114 3165/4077/4116 3164/4076/4115
f 3165/4078/4116 3166/4080/4117 3164/4079/4115
f 3165/4078/4116 3161/4071/4112 3166/4080/4117
f 3161/4070/4112 3167/4082/4118 3166/4081/4117
f 3161/4070/4112 3159/4068/4110 3167/4082/4118
f 3168/4083/4119 3170/4085/4121 3169/4084/4120
f 3170/4085/4121 3171/4086/4122 3169/4084/4120
f 3170/4085/4121 3165/4087/4116 3171/4086/4122
f 3165/4087/4116 3172/4088/4123 3171/4086/4122
f 3165/4077/4116 3163/4075/4114 3172/4089/4123
f 3173/4090/4124 3175/4092/4126 3174/4091/4125
f 3175/4092/4126 3176/4093/4127 3174/4091/4125
f 3175/4092/4126 3170/4085/4121 3176/4093/4127
f 3170/4085/4121 3177/4094/4128 3176/4093/4127
f 3170/4085/4121 3168/4083/4119 3177/4094/4128
f 3178/4095/4129 3175/4092/4126 3179/4096/3999
f 3175/4092/4126 3180/4097/4000 3179/4096/3999
f 3175/4092/4126 3173/4090/4124 3180/4097/4000
f 3178/4095/4129 3181/4098/4130 3175/4092/4126
f 3181/4098/4130 3182/4099/4002 3175/4092/4126
f 3181/4098/4130 3183/4100/4131 3182/4099/4002
f 3184/4101/4004 3182/4099/4002 3185/4102/4132
f 3182/4099/4002 3186/4103/4006 3185/4102/4132
f 3186/4103/4006 3182/4099/4002 3187/4104/4007
f 3182/4099/4002 3188/4105/4008 3187/4104/4007
f 3182/4099/4002 3183/4100/4131 3188/4105/4008
f 3142/4046/4091 3143/4047/4092 3189/4106/4133
f 3143/4047/4092 3190/4107/4134 3189/4106/4133
f 3143/4047/4092 3184/4101/4004 3190/4107/4134
f 3184/4101/4004 3191/4108/4011 3190/4107/4134
f 3184/4101/4004 3185/4102/4132 3191/4108/4011
f 3192/4109/4135 3194/4111/4137 3193/4110/4136
f 3194/4111/4137 3195/4112/4138 3193/4110/4136
f 3194/4111/4137 3196/4113/4139 3195/4112/4138
f 3196/4114/4139 3197/4116/4140 3195/4115/4138
f 3197/4117/4140 3196/4119/4139 3198/4118/4141
f 3196/4119/4139 3199/4120/4142 3198/4118/4141
f 3196/4119/4139 3200/4121/4143 3199/4120/4142
f 3200/4122/4143 3201/4124/4144 3199/4123/4142
f 3202/4125/4145 3204/4127/4147 3203/4126/4146
f 3201/4124/4144 3200/4122/4143 3205/4128/4148
f 3200/4129/4143 3206/4131/4149 3205/4130/4148
f 3200/4129/4143 3207/4132/4150 3206/4131/4149
f 3207/4133/4150 3208/4135/4151 3206/4134/4149
f 3207/4136/4150 3204/4138/4152 3208/4137/4151
f 3204/4139/4152 3209/4140/4153 3208/4135/4151
f 3204/4139/4152 3202/4141/4145 3209/4140/4153
f 3203/4142/4146 3204/4139/4147 3210/4143/4154
f 3204/4139/4147 3211/4144/4155 3210/4143/4154
f 3204/4145/4147 3212/4147/4156 3211/4146/4155
f 3212/4148/4156 3213/4149/4157 3211/4144/4155
f 3212/4148/4156 3214/4150/4158 3213/4149/4157
f 3214/4150/4158 3215/4151/4159 3213/4149/4157
f 3215/4151/4159 3214/4150/4158 3216/4152/4160
f 3214/4150/4158 3217/4153/4161 3216/4152/4160
f 3214/4150/4158 3218/4154/4162 3217/4153/4161
f 3217/4153/4161 3218/4154/4162 3219/4155/4163
f 3218/4154/4162 3220/4156/4164 3219/4155/4163
f 3218/4154/4162 3221/4157/4165 3220/4156/4164
f 3221/4157/4165 3222/4158/4166 3220/4156/4164
f 3221/4157/4165 3223/4159/4167 3222/4158/4166
f 3223/4160/4167 3224/4162/4168 3222/4161/4166
f 3223/4160/4167 3225/4163/4169 3224/4162/4168
f 3225/4163/4169 3226/4164/4170 3224/4162/4168
f 3225/4163/4169 3227/4165/4171 3226/4164/4170
f 3227/4165/4171 3228/4166/4172 3226/4164/4170
f 3227/4165/4171 3229/4167/4173 3228/4166/4172
f 3230/4168/4174 3232/4170/4176 3231/4169/4175
f 3232/4170/4176 3233/4171/4177 3231/4169/4175
f 3232/4170/4178 3234/4172/4180 3233/4171/4179
f 3234/4172/4180 3235/4173/4181 3233/4171/4179
f 3234/4172/4180 3236/4174/4182 3235/4173/4181
f 3236/4174/4182 3237/4175/4183 3235/4173/4181
f 3236/4174/4182 3238/4176/4184 3237/4175/4183
f 3238/4176/4184 3239/4177/4185 3237/4175/4183
f 3238/4176/4184 3192/4178/4135 3239/4177/4185
f 3192/4178/4135 3240/4179/4186 3239/4177/4185
f 3192/4178/4135 3193/4180/4136 3240/4179/4186
f 3241/4181/4187 3243/4183/4189 3242/4182/4188
f 3243/4183/4189 3244/4184/4190 3242/4182/4188
f 3243/4183/4189 3232/4170/4176 3244/4184/4190
f 3232/4170/4176 3245/4185/4191 3244/4184/4190
f 3232/4170/4176 3230/4168/4174 3245/4185/4191
f 3246/4186/4192 3243/4183/4189 3247/4187/4193
f 3243/4183/4189 3248/4188/4194 3247/4187/4193
f 3243/4183/4189 3241/4181/4187 3248/4188/4194
f 3249/4189/4195 3246/4186/4192 3250/4190/4196
f 3249/4189/4195 3251/4191/4197 3246/4186/4192
f 3228/4166/4172 3229/4167/4173 3252/4192/4198
f 3229/4167/4173 3253/4193/4199 3252/4192/4198
f 3229/4167/4173 3246/4186/4192 3253/4193/4199
f 3246/4186/4192 3254/4194/4200 3253/4193/4199
f 3246/4186/4192 3251/4191/4197 3254/4194/4200
f 3250/4190/4196 3246/4186/4192 3255/4195/4201
f 3246/4186/4192 3256/4196/4202 3255/4195/4201
f 3246/4186/4192 3247/4187/4193 3256/4196/4202
f 3257/4197/4203 3259/4199/4205 3258/4198/4204
f 3260/4200/4206 3262/4202/4208 3261/4201/4207
f 3260/4200/4206 3263/4203/4209 3262/4202/4208
f 3264/4204/4210 3262/4202/4208 3265/4205/4211
f 3262/4202/4208 3266/4206/4212 3265/4205/4211
f 3262/4202/4208 3263/4203/4209 3266/4206/4212
f 3267/4207/4213 3269/4209/4215 3268/4208/4214
f 3269/4210/4215 3270/4212/4216 3268/4211/4214
f 3269/4210/4215 3271/4213/4217 3270/4212/4216
f 3267/4207/4213 3268/4208/4214 3272/4214/4218
f 3268/4208/4214 3273/4215/4219 3272/4214/4218
f 3268/3264/4214 3264/4217/4210 3273/4216/4219
f 3264/4218/4210 3274/4220/4220 3273/4219/4219
f 3264/4204/4210 3265/4205/4211 3274/4221/4220
f 3271/4213/4217 3269/4210/4215 3275/4222/4221
f 3269/4223/4215 3276/4225/4222 3275/4224/4221
f 3269/4223/4215 3277/862/4223 3276/4225/4222
f 3277/4226/4223 3278/4228/4224 3276/4227/4222
f 3277/4226/4223 3279/4229/4225 3278/4228/4224
f 3280/4230/4226 3282/4232/4228 3281/4231/4227
f 3282/4233/4228 3283/4235/4150 3281/4234/4227
f 3282/4232/4228 3284/4237/4229 3283/4236/4150
f 3284/4238/4229 3277/4240/4223 3283/4239/4150
f 3284/4238/4229 3285/4241/4230 3277/4240/4223
f 3285/4242/4230 3279/4229/4225 3277/4226/4223
f 3280/4230/4226 3281/4231/4227 3286/4243/4231
f 3281/2300/4227 3287/4245/4232 3286/4244/4231
f 3281/4231/4227 3288/4247/4233 3287/4246/4232
f 3288/4247/4233 3281/4231/4227 3289/4248/4234
f 3281/4231/4235 3290/4249/4237 3289/4248/4236
f 3281/4250/4235 3291/4252/4238 3290/4251/4237
f 3291/4253/4238 3292/4254/4239 3290/4249/4237
f 3291/4253/4238 3293/4255/4240 3292/4254/4239
f 3292/4254/4239 3293/4255/4240 3294/4256/4241
f 3293/4255/4240 3295/4257/4242 3294/4256/4241
f 3293/4255/4240 3296/4258/4243 3295/4257/4242
f 3296/4258/4243 3297/4259/4244 3295/4257/4242
f 3296/4258/4243 3298/4260/4245 3297/4259/4244
f 3298/4260/4245 3296/4258/4243 3299/4261/4246
f 3296/4258/4243 3300/4262/4247 3299/4261/4246
f 3296/4263/4243 3301/4265/4248 3300/4264/4247
f 3301/4266/4248 3302/4267/4249 3300/4262/4247
f 3301/4266/4248 3303/4268/4250 3302/4267/4249
f 3302/4269/4249 3303/4271/4250 3304/4270/4251
f 3303/4271/4250 3305/4272/4252 3304/4270/4251
f 3303/4271/4250 3306/4273/4253 3305/4272/4252
f 3306/4273/4253 3307/4274/4254 3305/4272/4252
f 3306/4273/4253 3308/4275/4255 3307/4274/4254
f 3308/4275/4255 3309/4276/4256 3307/4274/4254
f 3258/4198/4204 3259/4199/4205 3310/4277/4257
f 3259/4199/4205 3311/4278/4258 3310/4277/4257
f 3259/4199/4205 3261/4201/4207 3311/4278/4258
f 3261/4201/4207 3312/4279/4259 3311/4278/4258
f 3261/4201/4207 3262/4202/4208 3312/4279/4259
f 3313/4280/4187 3315/4282/4261 3314/4281/4260
f 3315/4282/4262 3316/4283/4263 3314/4281/4260
f 3315/4282/4262 3259/4199/4205 3316/4283/4263
f 3259/4199/4205 3317/4284/4264 3316/4283/4263
f 3259/4199/4205 3257/4197/4203 3317/4284/4264
f 3318/4285/4265 3315/4282/4261 3319/4286/4193
f 3315/4282/4261 3320/4287/4194 3319/4286/4193
f 3315/4282/4261 3313/4280/4187 3320/4287/4194
f 3321/4288/4266 3318/4285/4265 3322/4289/4267
f 3318/4285/4265 3323/4290/4268 3322/4289/4267
f 3318/4285/4265 3319/4286/4193 3323/4290/4268
f 3307/4274/4254 3309/4276/4256 3324/4291/4269
f 3309/4276/4256 3325/4292/4270 3324/4291/4269
f 3309/4276/4256 3318/4285/4265 3325/4292/4270
f 3318/4285/4265 3326/4293/4271 3325/4292/4270
f 3318/4285/4265 3321/4288/4266 3326/4293/4271
f 3327/4294/4272 3329/4296/4273 3328/4295/4272
f 3329/4296/4273 3330/4297/4273 3328/4295/4272
f 3329/4296/4273 3331/4298/2156 3330/4297/4273
f 3331/4298/2156 3332/4299/2156 3330/4297/4273
s 0
f 3331/4298/4274 3333/4300/4274 3332/4299/4274
f 3333/4300/4274 3334/4301/4274 3332/4299/4274
s 1
f 3333/4302/4275 3335/4304/4276 3334/4303/4275
f 3335/4304/4276 3336/4305/4276 3334/4303/4275
f 3335/4304/4276 3337/4306/4277 3336/4305/4276
f 3337/4306/4277 3338/4307/4277 3336/4305/4276
f 3337/4306/4277 3339/4308/4278 3338/4307/4277
f 3339/4308/4278 3340/4309/4278 3338/4307/4277
f 3339/4308/4279 3341/4310/4280 3340/4309/4279
f 3341/4310/4280 3342/4311/4280 3340/4309/4279
f 3341/4310/4280 3343/4312/4281 3342/4311/4280
f 3343/4312/4281 3344/4313/4281 3342/4311/4280
f 3343/4312/4281 3345/4314/4282 3344/4313/4281
f 3345/4314/4282 3346/4315/4282 3344/4313/4281
f 3345/4316/4283 3347/4318/4284 3346/4317/4283
f 3347/4318/4284 3348/4319/4284 3346/4317/4283
f 3347/4318/4284 3349/4320/4285 3348/4319/4284
f 3349/4320/4285 3350/4321/4285 3348/4319/4284
f 3349/4320/4285 3327/4322/4286 3350/4321/4285
f 3327/4322/4286 3328/4323/4286 3350/4321/4285
f 3351/4324/4272 3353/4326/4273 3352/4325/4272
f 3353/4326/4273 3354/4327/4273 3352/4325/4272
f 3353/4326/4273 3355/4328/2156 3354/4327/4273
f 3355/4328/2156 3356/4329/2156 3354/4327/4273
f 3355/4328/4274 3357/4330/2160 3356/4329/4274
f 3357/4330/2160 3358/4331/2160 3356/4329/4274
f 3357/4332/2160 3359/4334/4275 3358/4333/2160
f 3359/4334/4275 3360/4335/4275 3358/4333/2160
f 3359/4334/2164 3361/4336/4277 3360/4335/2164
f 3361/4336/4277 3362/4337/4277 3360/4335/2164
f 3361/4336/4277 3363/4338/4278 3362/4337/4277
f 3363/4338/4278 3364/4339/4278 3362/4337/4277
f 3363/4338/4279 3365/4340/4280 3364/4339/4279
f 3365/4340/4280 3366/4341/4280 3364/4339/4279
f 3365/4340/4280 3367/4342/2172 3366/4341/4280
f 3367/4342/2172 3368/4343/2172 3366/4341/4280
f 3367/4342/4282 3369/4344/2176 3368/4343/4282
f 3369/4344/2176 3370/4345/2176 3368/4343/4282
f 3369/4346/2176 3371/4348/4283 3370/4347/2176
f 3371/4348/4283 3372/4349/4283 3370/4347/2176
f 3371/4348/2180 3373/4350/4285 3372/4349/2180
f 3373/4350/4285 3374/4351/4285 3372/4349/2180
f 3373/4350/4285 3351/4352/4286 3374/4351/4285
f 3351/4352/4286 3352/4353/4286 3374/4351/4285
f 3375/4354/4287 3377/4356/4288 3376/4355/4287
f 3375/4354/4287 3378/4357/4288 3377/4356/4288
f 3378/4357/4288 3379/4358/4289 3377/4356/4288
f 3378/4357/4288 3380/4359/4290 3379/4358/4289
f 3381/4360/4291 3383/4362/2152 3382/4361/4291
f 3383/4362/2152 3384/4363/2152 3382/4361/4291
f 3382/4361/4291 3385/4364/4292 3381/4360/4291
f 3382/4361/4291 3386/4365/4292 3385/4364/4292
f 3386/4365/4292 3387/4366/4293 3385/4364/4292
f 3386/4365/4292 3388/4367/4293 3387/4366/4293
f 3388/4367/4293 3389/4368/4294 3387/4366/4293
f 3388/4367/4293 3390/4369/4294 3389/4368/4294
f 3390/4369/4294 3391/4370/4295 3389/4368/4294
f 3390/4369/4294 3392/4371/4295 3391/4370/4295
f 3393/4372/4296 3395/4374/4297 3394/4373/4296
f 3393/4372/4296 3396/4375/4297 3395/4374/4297
f 3396/4375/4297 3376/4355/4287 3395/4374/4297
f 3396/4375/4297 3375/4354/4287 3376/4355/4287
f 3397/4376/4298 3399/4378/4299 3398/4377/4298
f 3397/4376/4298 3400/4379/4299 3399/4378/4299
f 3400/4379/4299 3394/4373/4296 3399/4378/4299
f 3400/4379/4299 3393/4372/4296 3394/4373/4296
f 3392/4371/4295 3401/4380/4300 3391/4370/4295
f 3392/4371/4295 3402/4381/4300 3401/4380/4300
f 3402/4381/4300 3398/4377/4298 3401/4380/4300
f 3402/4381/4300 3397/4376/4298 3398/4377/4298
f 3403/4382/4301 3384/4384/2152 3404/4383/4301
f 3384/4384/2152 3383/4385/2152 3404/4383/4301
f 3405/4386/4302 3407/4388/4303 3406/4387/4302
f 3405/4386/4302 3408/4389/4303 3407/4388/4303
f 3408/4389/4303 3404/4383/4301 3407/4388/4303
f 3408/4389/4303 3403/4382/4301 3404/4383/4301
f 3409/4390/4304 3411/4392/4305 3410/4391/4304
f 3409/4390/4304 3412/4393/4305 3411/4392/4305
f 3412/4393/4305 3406/4387/4302 3411/4392/4305
f 3412/4393/4305 3405/4386/4302 3406/4387/4302
f 3413/4394/4306 3415/4396/4307 3414/4395/4306
f 3413/4394/4306 3416/4397/4307 3415/4396/4307
f 3416/4397/4307 3410/4391/4304 3415/4396/4307
f 3416/4397/4307 3409/4390/4304 3410/4391/4304
f 3417/4398/4308 3419/4400/4309 3418/4399/4308
f 3417/4398/4308 3420/4401/4309 3419/4400/4309
f 3420/4401/4309 3414/4395/4306 3419/4400/4309
f 3420/4401/4309 3413/4394/4306 3414/4395/4306
f 3421/4402/4310 3423/4404/4311 3422/4403/4310
f 3421/4402/4310 3424/4405/4311 3423/4404/4311
f 3424/4405/4311 3418/4399/4308 3423/4404/4311
f 3424/4405/4311 3417/4398/4308 3418/4399/4308
f 3425/4406/4312 3427/4408/4313 3426/4407/4312
f 3425/4406/4312 3428/4409/4313 3427/4408/4313
f 3428/4409/4313 3429/4410/4314 3427/4408/4313
f 3428/4409/4313 3430/4411/4314 3429/4410/4314
f 3430/4411/4314 3422/4403/4310 3429/4410/4314
f 3430/4411/4314 3421/4402/4310 3422/4403/4310
f 3431/4412/4315 3433/4414/4317 3432/4413/4316
f 3433/4415/4317 3431/4417/4315 3434/4416/4318
f 3431/4417/4315 3380/4359/4290 3434/4416/4318
f 3431/4417/4315 3379/4358/4289 3380/4359/4290
f 3433/4414/4317 3435/4418/4319 3432/4413/4316
f 3435/4419/4319 3436/4421/4320 3432/4420/4316
f 3435/4419/4319 3437/4422/4321 3436/4421/4320
f 3437/4422/4321 3438/4423/4322 3436/4421/4320
f 3437/4422/4321 3439/4424/4323 3438/4423/4322
f 3439/4424/4323 3440/4425/4324 3438/4423/4322
f 3441/4426/4325 3440/4425/4324 3439/4424/4323
f 3440/4425/4324 3441/4426/4325 3442/4427/4326
f 3441/4426/4325 3443/4428/4327 3442/4427/4326
f 3441/4426/4325 3444/4429/4328 3443/4428/4327
s 0
f 3444/4429/4328 3445/4430/4329 3443/4428/4328
f 3444/4429/4328 3446/4431/4329 3445/4430/4329
s 1
f 3446/4431/4330 3447/4432/4331 3445/4430/4330
f 3446/4431/4330 3448/4433/4331 3447/4432/4331
f 3448/4433/4331 3449/4434/4332 3447/4432/4331
f 3448/4433/4331 3450/4435/4332 3449/4434/4332
f 3450/4435/4332 3451/4436/4333 3449/4434/4332
f 3450/4435/4332 3452/4437/4333 3451/4436/4333
f 3452/4437/4333 3453/4438/4334 3451/4436/4333
f 3452/4437/4333 3454/4439/4334 3453/4438/4334
f 3454/4439/4334 3455/4440/4335 3453/4438/4334
f 3454/4439/4334 3456/4441/4335 3455/4440/4335
f 3456/4441/4335 3457/4442/4336 3455/4440/4335
f 3457/4442/4336 3458/4443/4336 3455/4440/4335
f 3457/4442/4336 3459/4444/4337 3458/4443/4336
f 3457/4442/4336 3460/4445/4337 3459/4444/4337
f 3460/4445/4337 3461/4446/4338 3459/4444/4337
f 3460/4445/4337 3462/4447/4338 3461/4446/4338
f 3462/4447/4338 3463/4448/4339 3461/4446/4338
f 3463/4448/4339 3464/4449/4339 3461/4446/4338
f 3463/4450/4339 3465/4452/4340 3464/4451/4339
f 3465/4452/4340 3466/4453/4340 3464/4451/4339
f 3465/4452/4340 3467/4454/4341 3466/4453/4340
f 3467/4454/4341 3468/4455/4341 3466/4453/4340
f 3467/4454/4341 3469/4456/4342 3468/4455/4341
f 3469/4456/4342 3470/4457/4342 3468/4455/4341
f 3469/4456/4342 3471/4458/4343 3470/4457/4342
f 3471/4458/4343 3472/4459/4343 3470/4457/4342
f 3471/4458/4343 3473/4460/2168 3472/4459/4343
f 3473/4460/2168 3474/4461/4344 3472/4459/4343
f 3473/4460/2168 3475/4462/4344 3474/4461/4344
f 3475/4462/4344 3476/4463/4345 3474/4461/4344
f 3476/4463/4345 3477/4464/4345 3474/4461/4344
f 3476/4463/4345 3478/4465/4346 3477/4464/4345
f 3478/4465/4346 3479/4466/4346 3477/4464/4345
f 3478/4465/4346 3480/4467/4347 3479/4466/4346
f 3480/4467/4347 3481/4468/4347 3479/4466/4346
f 3480/4467/4347 3482/4469/4348 3481/4468/4347
f 3482/4469/4348 3483/4470/4348 3481/4468/4347
f 3482/4471/4348 3484/4473/4349 3483/4472/4348
f 3484/4473/4349 3485/4474/4349 3483/4472/4348
f 3484/4473/4349 3486/4475/4350 3485/4474/4349
f 3484/4473/4349 3487/4476/4350 3486/4475/4350
f 3487/4476/4350 3488/4477/4351 3486/4475/4350
f 3487/4476/4350 3489/4478/4351 3488/4477/4351
f 3489/4478/4351 3490/4479/4352 3488/4477/4351
f 3490/4479/4352 3491/4480/4352 3488/4477/4351
f 3490/4479/4352 3492/4481/4353 3491/4480/4352
f 3490/4479/4352 3493/4482/4353 3492/4481/4353
f 3493/4482/4353 3494/4483/4354 3492/4481/4353
f 3493/4482/4353 3495/4484/4354 3494/4483/4354
f 3496/4485/4355 3498/4487/4357 3497/4486/4356
f 3498/4487/4357 3496/4485/4355 3499/4488/4358
f 3496/4485/4355 3426/4407/4312 3499/4488/4358
f 3496/4485/4355 3425/4406/4312 3426/4407/4312
f 3500/4489/4359 3502/4491/4361 3501/4490/4360
f 3502/4491/4361 3503/4492/4362 3501/4490/4360
f 3502/4491/4361 3504/4493/4363 3503/4492/4362
f 3504/4493/4363 3505/4494/4364 3503/4492/4362
f 3504/4493/4363 3497/4486/4356 3505/4494/4364
f 3497/4486/4356 3498/4487/4357 3505/4494/4364
f 3506/4495/4365 3500/4489/4359 3501/4490/4360
f 3500/4489/4359 3506/4495/4365 3507/4496/4366
f 3506/4495/4365 3508/4497/4367 3507/4496/4366
f 3506/4495/4365 3509/4498/4367 3508/4497/4367
f 3510/4499/4368 3512/4501/4369 3511/4500/4368
f 3510/4499/4368 3513/4502/4370 3512/4501/4369
s 0
f 3513/4502/4370 3509/4498/4367 3512/4501/4370
f 3513/4502/4370 3508/4497/4367 3509/4498/4367
s 1
f 3495/4484/4354 3514/4503/4371 3494/4483/4354
f 3495/4484/4354 3515/4504/4371 3514/4503/4371
f 3515/4504/4371 3511/4500/4368 3514/4503/4371
f 3515/4504/4371 3510/4499/4368 3511/4500/4368
s 0
f 3394/4505/2151 3373/4350/2151 3399/4506/2151
f 3329/4507/2151 3414/4395/2151 3415/4396/2151
f 3394/4505/2151 3395/4508/2151 3373/4350/2151
f 3395/4508/2151 3351/4352/2151 3373/4350/2151
f 3395/4508/2151 3376/4509/2151 3351/4352/2151
f 3431/4412/2151 3351/4352/2151 3379/4510/2151
f 3351/4352/2151 3377/4511/2151 3379/4510/2151
f 3351/4352/2151 3376/4509/2151 3377/4511/2151
f 3472/4512/2151 3474/4514/2151 3363/4513/2151
f 3474/4514/2151 3365/4515/2151 3363/4513/2151
f 3474/4514/2151 3367/4516/2151 3365/4515/2151
f 3492/4481/2151 3345/4316/2151 3491/4480/2151
f 3345/4316/2151 3343/4517/2151 3491/4480/2151
f 3423/4404/2151 3418/4399/2151 3327/4322/2151
f 3418/4399/2151 3329/4507/2151 3327/4322/2151
f 3418/4399/2151 3419/4400/2151 3329/4507/2151
f 3419/4400/2151 3414/4395/2151 3329/4507/2151
f 3333/4518/2151 3371/4348/2151 3369/4346/2151
f 3445/4519/2151 3447/4521/2151 3353/4520/2151
f 3447/4521/2151 3355/4522/2151 3353/4520/2151
f 3447/4521/2151 3449/4523/2151 3355/4522/2151
f 3483/4472/2151 3341/4525/2151 3481/4524/2151
f 3341/4525/2151 3479/4526/2151 3481/4524/2151
f 3341/4525/2151 3339/4527/2151 3479/4526/2151
f 3339/4527/2151 3477/4528/2151 3479/4526/2151
f 3339/4527/2151 3474/4514/2151 3477/4528/2151
f 3491/4480/2151 3343/4517/2151 3488/4477/2151
f 3343/4517/2151 3486/4475/2151 3488/4477/2151
f 3343/4517/2151 3341/4525/2151 3486/4475/2151
f 3341/4525/2151 3485/4474/2151 3486/4475/2151
f 3341/4525/2151 3483/4472/2151 3485/4474/2151
f 3492/4481/2151 3494/4483/2151 3345/4316/2151
f 3494/4483/2151 3347/4318/2151 3345/4316/2151
f 3494/4483/2151 3514/4503/2151 3347/4318/2151
f 3506/4495/2151 3349/4320/2151 3509/4498/2151
f 3349/4320/2151 3512/4501/2151 3509/4498/2151
f 3349/4320/2151 3347/4318/2151 3512/4501/2151
f 3347/4318/2151 3511/4500/2151 3512/4501/2151
f 3347/4318/2151 3514/4503/2151 3511/4500/2151
f 3415/4396/2151 3410/4391/2151 3329/4507/2151
f 3410/4391/2151 3331/4529/2151 3329/4507/2151
f 3410/4391/2151 3411/4392/2151 3331/4529/2151
f 3333/4518/2151 3331/4529/2151 3371/4348/2151
f 3359/4530/2151 3357/4532/2151 3455/4531/2151
f 3357/4532/2151 3453/4533/2151 3455/4531/2151
f 3357/4532/2151 3355/4522/2151 3453/4533/2151
f 3355/4522/2151 3451/4534/2151 3453/4533/2151
f 3355/4522/2151 3449/4523/2151 3451/4534/2151
f 3464/4535/2151 3361/4537/2151 3461/4536/2151
f 3361/4537/2151 3459/4538/2151 3461/4536/2151
f 3361/4537/2151 3359/4530/2151 3459/4538/2151
f 3359/4530/2151 3458/4539/2151 3459/4538/2151
f 3359/4530/2151 3455/4531/2151 3458/4539/2151
f 3423/4404/2151 3327/4322/2151 3422/4403/2151
f 3327/4322/2151 3429/4410/2151 3422/4403/2151
f 3327/4322/2151 3349/4320/2151 3429/4410/2151
f 3349/4320/2151 3427/4408/2151 3429/4410/2151
f 3349/4320/2151 3426/4407/2151 3427/4408/2151
f 3381/4540/2151 3331/4529/2151 3383/4385/2151
f 3331/4529/2151 3404/4383/2151 3383/4385/2151
f 3399/4506/2151 3373/4350/2151 3398/4541/2151
f 3373/4350/2151 3401/4542/2151 3398/4541/2151
f 3373/4350/2151 3371/4348/2151 3401/4542/2151
f 3371/4348/2151 3391/4543/2151 3401/4542/2151
f 3445/4519/2151 3353/4520/2151 3443/4544/2151
f 3353/4520/2151 3442/4545/2151 3443/4544/2151
f 3353/4520/2151 3440/4546/2151 3442/4545/2151
f 3472/4512/2151 3363/4513/2151 3470/4547/2151
f 3363/4513/2151 3468/4548/2151 3470/4547/2151
f 3363/4513/2151 3361/4537/2151 3468/4548/2151
f 3361/4537/2151 3466/4549/2151 3468/4548/2151
f 3361/4537/2151 3464/4535/2151 3466/4549/2151
f 3369/4346/2151 3367/4516/2151 3333/4518/2151
f 3367/4516/2151 3335/4550/2151 3333/4518/2151
f 3367/4516/2151 3474/4514/2151 3335/4550/2151
f 3474/4514/2151 3337/4551/2151 3335/4550/2151
f 3474/4514/2151 3339/4527/2151 3337/4551/2151
f 3426/4407/2151 3349/4320/2151 3499/4488/2151
f 3349/4320/2151 3498/4487/2151 3499/4488/2151
f 3349/4320/2151 3505/4494/2151 3498/4487/2151
f 3391/4543/2151 3371/4348/2151 3389/4552/2151
f 3371/4348/2151 3387/4553/2151 3389/4552/2151
f 3371/4348/2151 3331/4529/2151 3387/4553/2151
f 3331/4529/2151 3385/4554/2151 3387/4553/2151
f 3331/4529/2151 3381/4540/2151 3385/4554/2151
f 3404/4383/2151 3331/4529/2151 3407/4388/2151
f 3331/4529/2151 3406/4387/2151 3407/4388/2151
f 3331/4529/2151 3411/4392/2151 3406/4387/2151
f 3431/4412/2151 3432/4413/2151 3351/4352/2151
f 3432/4413/2151 3353/4520/2151 3351/4352/2151
f 3432/4413/2151 3436/4555/2151 3353/4520/2151
f 3436/4555/2151 3440/4546/2151 3353/4520/2151
f 3436/4555/2151 3438/4556/2151 3440/4546/2151
f 3505/4494/2151 3349/4320/2151 3503/4492/2151
f 3349/4320/2151 3501/4490/2151 3503/4492/2151
f 3349/4320/2151 3506/4495/2151 3501/4490/2151
s 1
f 3311/4557/4372 3516/4559/4374 3310/4558/4373
f 3517/4560/4375 3262/4562/4377 3264/4561/4376
f 3264/4561/4376 3268/4211/4378 3517/4560/4375
f 3268/4211/4378 3518/4563/4379 3517/4560/4375
f 3268/4211/4378 3270/4212/4380 3518/4563/4379
f 3270/4212/4380 3271/4213/4381 3518/4563/4379
f 3271/4213/4381 3519/4564/4382 3518/4563/4379
f 3271/4213/4381 3520/4565/4383 3519/4564/4382
f 3278/4228/4384 3520/4565/4383 3276/4227/4385
f 3520/4565/4383 3275/4222/4386 3276/4227/4385
f 3520/4565/4383 3271/4213/4381 3275/4222/4386
f 3521/4566/4387 3279/4229/4389 3522/4567/4388
f 3523/4568/4390 3525/4570/4392 3524/4569/4391
f 3526/4571/4393 3527/4572/4394 3523/4568/4390
f 3523/4568/4390 3527/4572/4394 3525/4570/4392
f 3527/4572/4394 3528/4573/4395 3525/4570/4392
f 3527/4572/4394 3529/4574/4396 3528/4573/4395
f 3530/4575/4397 3532/4577/4399 3531/4576/4398
f 3532/4577/4399 3529/4574/4396 3531/4576/4398
f 3532/4577/4399 3533/4578/4400 3529/4574/4396
f 3533/4578/4400 3528/4573/4395 3529/4574/4396
f 3531/4576/4398 3529/4574/4396 3519/4564/4382
f 3529/4574/4396 3518/4563/4379 3519/4564/4382
f 3529/4574/4396 3527/4572/4394 3518/4563/4379
f 3527/4572/4394 3517/4560/4375 3518/4563/4379
f 3527/4572/4394 3526/4571/4393 3517/4560/4375
f 3526/4571/4393 3262/4562/4377 3517/4560/4375
f 3526/4571/4393 3516/4559/4374 3262/4562/4377
f 3516/4559/4374 3312/4579/4401 3262/4562/4377
f 3516/4559/4374 3311/4557/4372 3312/4579/4401
f 3279/4229/4389 3521/4566/4387 3278/4228/4384
f 3521/4566/4387 3520/4565/4383 3278/4228/4384
f 3521/4566/4387 3534/4580/4402 3520/4565/4383
f 3534/4580/4402 3519/4564/4382 3520/4565/4383
f 3534/4580/4402 3535/4581/4403 3519/4564/4382
f 3535/4581/4403 3531/4576/4398 3519/4564/4382
f 3535/4581/4403 3536/4582/4404 3531/4576/4398
f 3536/4582/4404 3530/4575/4397 3531/4576/4398
s 0
f 3537/4583/2151 3538/4585/2151 3467/4584/2151
f 3538/4585/2151 3469/4586/2151 3467/4584/2151
f 3538/4585/2151 3539/4587/2151 3469/4586/2151
f 3471/4588/2151 3469/4586/2151 3540/4589/2151
f 3469/4586/2151 3541/4590/2151 3540/4589/2151
f 3469/4586/2151 3539/4587/2151 3541/4590/2151
f 3542/4591/2151 3471/4588/2151 3543/4592/2151
f 3471/4588/2151 3544/4593/2151 3543/4592/2151
f 3471/4588/2151 3540/4589/2151 3544/4593/2151
f 3437/4594/2151 3435/4418/2151 2745/3612/2151
f 3435/4418/2151 2744/3584/2151 2745/3612/2151
f 3435/4418/2151 3433/4414/2151 2744/3584/2151
f 3433/4414/2151 2774/3583/2151 2744/3584/2151
f 3433/4414/2151 3545/4595/2151 2774/3583/2151
f 3378/4596/2151 3546/4598/2151 3380/4597/2151
f 3546/4598/2151 3434/4599/2151 3380/4597/2151
f 3546/4598/2151 3547/4600/2151 3434/4599/2151
f 3547/4600/2151 3433/4414/2151 3434/4599/2151
f 3547/4600/2151 3548/4601/2151 3433/4414/2151
f 3548/4601/2151 3545/4595/2151 3433/4414/2151
f 3463/4602/2151 3550/4604/2151 3549/4603/2151
f 3537/4583/2151 3467/4584/2151 3551/4605/2151
f 3467/4584/4405 3552/4606/4405 3551/4605/4405
f 3467/4584/2151 3465/4607/2151 3552/4606/2151
f 2797/3618/2151 3437/4594/2151 2795/3616/2151
f 3437/4594/2151 3553/4608/2151 2795/3616/2151
f 3437/4594/2151 2745/3612/2151 3553/4608/2151
f 3554/3323/2151 3555/4610/2151 3462/4609/2151
f 3555/4610/2151 3463/4602/2151 3462/4609/2151
f 3555/4610/2151 3556/4611/2151 3463/4602/2151
f 3556/4611/4406 3550/4604/4406 3463/4602/4407
f 3552/4606/4405 3465/4607/4408 3557/4612/4408
f 3465/4607/2151 3558/4613/2151 3557/4612/2151
f 3465/4607/2151 3463/4602/2151 3558/4613/2151
f 3463/4602/2151 3559/4614/2151 3558/4613/2151
f 3463/4602/2151 3549/4603/2151 3559/4614/2151
f 3560/4615/2151 3561/3628/2151 2545/3321/2151
f 3562/4616/2151 3563/4617/2151 3384/4384/2151
f 3563/4617/2151 3382/4618/2151 3384/4384/2151
f 3564/4619/2151 3473/4621/2151 3565/4620/2151
f 3473/4621/2151 3566/4622/2151 3565/4620/2151
f 3473/4621/2151 3471/4588/2151 3566/4622/2151
f 3471/4588/2151 3567/4623/2151 3566/4622/2151
f 3471/4588/2151 3542/4591/2151 3567/4623/2151
f 2797/3618/2151 2798/3619/2151 3437/4594/2151
f 2798/3619/2151 3439/4624/2151 3437/4594/2151
f 2798/3619/2151 2804/3626/2151 3439/4624/2151
f 3378/4596/2151 3375/4625/2151 3546/4598/2151
f 3375/4625/2151 3568/4626/2151 3546/4598/2151
f 3375/4625/2151 3396/4627/2151 3568/4626/2151
f 3396/4627/2151 3569/4628/2151 3568/4626/2151
f 3396/4627/2151 3393/4629/2151 3569/4628/2151
f 3393/4629/2151 3570/4630/2151 3569/4628/2151
f 3393/4629/2151 3400/4631/2151 3570/4630/2151
f 3400/4631/2151 3571/4632/2151 3570/4630/2151
f 3400/4631/2151 3397/4633/2151 3571/4632/2151
f 3397/4633/2151 3572/4634/2151 3571/4632/2151
f 3397/4633/2151 3402/4635/2151 3572/4634/2151
f 3402/4635/2151 3573/4636/2151 3572/4634/2151
f 3402/4635/2151 3392/4637/2151 3573/4636/2151
f 3392/4637/2151 3574/4638/2151 3573/4636/2151
f 3392/4637/2151 3390/4639/2151 3574/4638/2151
f 3390/4639/2151 3575/4640/2151 3574/4638/2151
f 3390/4639/2151 3388/4641/2151 3575/4640/2151
f 3388/4641/2151 3576/4642/2151 3575/4640/2151
f 3388/4641/2151 3386/4643/2151 3576/4642/2151
f 3386/4643/2151 3577/4644/2151 3576/4642/2151
f 3386/4643/2151 3382/4618/2151 3577/4644/2151
f 3382/4618/2151 3578/4645/2151 3577/4644/2151
f 3382/4618/2151 3563/4617/2151 3578/4645/2151
f 3554/3323/2151 3462/4609/2151 3560/4615/2151
f 3462/4609/2151 3561/3628/2151 3560/4615/2151
f 3462/4609/2151 3460/4646/2151 3561/3628/2151
f 3460/4646/2151 3579/4647/2151 3561/3628/2151
f 3460/4646/2151 3457/4648/2151 3579/4647/2151
f 3457/4648/2151 3580/4649/2151 3579/4647/2151
f 3457/4648/2151 3456/4650/2151 3580/4649/2151
f 3456/4650/2151 2808/3630/2151 3580/4649/2151
f 3456/4650/2151 3454/4651/2151 2808/3630/2151
f 3454/4651/2151 3581/4652/2151 2808/3630/2151
f 3454/4651/2151 3452/4653/2151 3581/4652/2151
f 3452/4653/2151 2811/3633/2151 3581/4652/2151
f 3452/4653/2151 3450/4654/2151 2811/3633/2151
f 3450/4654/2151 2810/3632/2151 2811/3633/2151
f 3439/4624/2151 2804/3626/2151 3441/4655/2151
f 2804/3626/2151 3444/4656/2151 3441/4655/2151
f 2804/3626/2151 3582/4657/2151 3444/4656/2151
f 3582/4657/2151 3446/4658/2151 3444/4656/2151
f 3582/4657/2151 2810/3632/2151 3446/4658/2151
f 2810/3632/2151 3448/4659/2151 3446/4658/2151
f 2810/3632/2151 3450/4654/2151 3448/4659/2151
s 1
f 3583/4660/4409 3584/4662/4411 2772/4661/4410
f 3584/4662/4411 3583/4660/4409 2771/4663/4412
f 3583/4660/4413 2775/4664/4414 2771/4663/4412
f 3583/4660/4413 2777/3594/4415 2775/4664/4414
f 2777/3594/4415 3583/4660/4413 2779/3596/4416
f 3583/4660/4413 2764/3571/3720 2779/3596/4416
f 3583/4660/4413 3585/4665/4417 2764/3571/3720
f 3585/4665/4417 2768/3575/3725 2764/3571/3720
f 3585/4665/4417 2758/3565/3714 2768/3575/3725
f 2724/3530/4418 3587/4667/4420 3586/4666/4419
f 3587/4667/4420 3585/4665/4417 3586/4666/4419
f 3587/4667/4420 2760/3567/3716 3585/4665/4417
f 2760/3567/3716 2758/3565/3714 3585/4665/4417
f 3588/4668/4421 3589/4669/4423 2719/3525/4422
f 3586/4666/4419 3590/4670/4424 2724/3530/4418
f 3590/4670/4424 2726/3532/4425 2724/3530/4418
f 2726/3532/4425 3590/4670/4424 3591/4671/4426
f 3590/4670/4424 2733/3539/4427 3591/4671/4426
f 3590/4670/4424 3592/4672/4428 2733/3539/4427
f 3592/4672/4428 3593/4673/4429 2733/3539/4427
f 3592/4672/4428 3589/4669/4423 3593/4673/4429
f 3589/4669/4423 2739/3545/4430 3593/4673/4429
f 3589/4669/4423 3588/4668/4421 2739/3545/4430
f 3583/4660/4431 3594/4674/4432 3585/4665/4417
f 3548/4675/4433 3547/4677/4435 3595/4676/4434
f 3596/4678/4436 2774/3583/4438 3545/4595/4437
f 3547/4677/4435 3546/4679/4439 3595/4676/4434
f 3545/4595/4437 3548/4601/4433 3596/4678/4436
f 3596/4678/4436 3548/4601/4433 2772/3579/4440
f 3548/4675/4433 3583/4660/4431 2772/4661/4440
f 3548/4675/4433 3595/4676/4434 3583/4660/4431
f 3595/4676/4434 3594/4674/4432 3583/4660/4431
f 3595/4676/4434 3546/4679/4439 3594/4674/4432
f 3546/4679/4439 3568/4680/4441 3594/4674/4432
f 3569/4681/4442 3597/4682/4443 3568/4680/4441
f 3597/4682/4443 3594/4674/4432 3568/4680/4441
f 2719/3525/4422 3599/4684/4445 3598/4683/4444
f 3600/4685/4446 3601/4687/4448 3562/4686/4447
f 3562/4686/4447 3601/4687/4448 3563/4688/4449
f 3601/4687/4448 3578/4689/4450 3563/4688/4449
f 3601/4687/4448 3577/4690/4451 3578/4689/4450
f 3577/4690/4451 3601/4687/4448 3576/4691/4452
f 3601/4687/4448 3575/4692/4453 3576/4691/4452
f 3601/4687/4448 3574/4693/4454 3575/4692/4453
f 3602/4694/4455 3604/4696/4457 3603/4695/4456
f 3602/4694/4455 3605/4697/4458 3604/4696/4457
f 3592/4672/4428 3590/4670/4459 3589/4669/4423
f 3590/4670/4459 3606/4698/4460 3589/4669/4423
f 3590/4670/4459 3586/4666/4419 3606/4698/4460
f 3585/4665/4417 3607/4699/4461 3586/4666/4419
f 3607/4699/4461 3606/4698/4460 3586/4666/4419
f 3607/4699/4461 3599/4684/4445 3606/4698/4460
f 3599/4684/4445 3589/4669/4423 3606/4698/4460
f 3599/4684/4445 2719/3525/4422 3589/4669/4423
f 2715/3520/4462 3598/4683/4444 3605/4697/4458
f 3598/4683/4444 3604/4696/4457 3605/4697/4458
f 3598/4683/4444 3599/4684/4445 3604/4696/4457
f 3599/4684/4445 3608/4700/4463 3604/4696/4457
f 3599/4684/4445 3607/4699/4461 3608/4700/4463
f 3607/4699/4461 3597/4682/4443 3608/4700/4463
f 3607/4699/4461 3585/4665/4417 3597/4682/4443
f 3585/4665/4417 3594/4674/4432 3597/4682/4443
f 3603/4695/4456 3604/4696/4457 3600/4685/4446
f 3604/4696/4457 3601/4687/4448 3600/4685/4446
f 3604/4696/4457 3608/4700/4463 3601/4687/4448
f 3608/4700/4463 3574/4693/4454 3601/4687/4448
f 3608/4700/4463 3573/4701/4464 3574/4693/4454
f 3573/4701/4464 3608/4700/4463 3572/4702/4465
f 3608/4700/4463 3571/4703/4466 3572/4702/4465
f 3608/4700/4463 3597/4682/4443 3571/4703/4466
f 3597/4682/4443 3570/4704/4467 3571/4703/4466
f 3597/4682/4443 3569/4681/4442 3570/4704/4467
f 3609/4705/4468 3611/4707/4470 3610/4706/4469
f 3611/4707/4470 3612/4708/4471 3610/4706/4469
f 3611/4707/4470 3613/4709/4472 3612/4708/4471
f 3613/4709/4472 3614/4710/4473 3612/4708/4471
f 3613/4709/4472 2680/3485/4474 3614/4710/4473
f 2668/4711/4475 3615/4713/4477 2667/4712/4476
f 3616/4714/4478 3615/4713/4480 3617/4715/4479
f 3615/4713/4480 3618/4716/4481 3617/4715/4479
f 3615/4713/4480 2668/4711/4475 3618/4716/4481
f 3616/4714/4478 2671/3467/4482 3615/4713/4480
f 2671/3467/4482 3613/4709/4472 3615/4713/4480
f 2671/3467/4482 2680/3485/4474 3613/4709/4472
f 3619/4717/4483 3621/4719/4485 3620/4718/4484
f 3620/4718/4484 2667/4720/4486 3619/4717/4483
f 3622/4721/4487 3624/4723/4489 3623/4722/4488
f 3624/4723/4489 3625/4724/4490 3623/4722/4488
f 3624/4723/4489 3626/4725/4491 3625/4724/4490
f 3626/4726/4491 3627/4728/4492 3625/4727/4490
f 3619/4717/4483 2667/4720/4486 3627/4728/4492
f 2667/4720/4486 3625/4727/4490 3627/4728/4492
f 2667/4720/4486 3615/4729/4493 3625/4727/4490
f 3615/4713/4493 3623/4722/4488 3625/4724/4490
f 3615/4713/4493 3613/4709/4472 3623/4722/4488
f 3628/4730/4494 3630/4732/4496 3629/4731/4495
f 3603/4695/4456 3631/4733/4497 3602/4694/4455
f 2715/3520/4462 3605/4697/4458 3632/4734/4498
f 3605/4735/4458 3633/4737/4499 3632/4736/4498
f 3605/4697/4458 3602/4694/4455 3633/4738/4499
f 3602/4694/4455 3634/4739/4500 3633/4738/4499
f 3602/4694/4455 3631/4733/4497 3634/4739/4500
f 3635/4740/4501 3600/4685/4446 3636/4741/4502
f 3600/4685/4446 3637/4742/4503 3636/4741/4502
f 3600/4685/4446 3562/4686/4447 3637/4742/4503
f 3630/4732/4496 3628/4730/4494 3638/4743/4504
f 3628/4730/4494 3639/4744/4505 3638/4743/4504
f 3628/4730/4494 3635/4740/4501 3639/4744/4505
f 3613/4709/4472 3630/4732/4496 3623/4722/4488
f 3630/4732/4496 3622/4721/4487 3623/4722/4488
f 3630/4732/4496 3638/4743/4504 3622/4721/4487
f 3635/4740/4501 3628/4730/4494 3600/4685/4446
f 3628/4730/4494 3603/4695/4456 3600/4685/4446
f 3628/4730/4494 3629/4731/4495 3603/4695/4456
f 3629/4731/4495 3631/4733/4497 3603/4695/4456
f 3629/4731/4495 3640/4745/4506 3631/4733/4497
f 3640/4745/4506 3629/4731/4495 3641/4746/4507
f 3629/4731/4495 3642/4747/4508 3641/4746/4507
f 3629/4731/4495 3630/4732/4496 3642/4747/4508
f 3630/4732/4496 3611/4707/4470 3642/4747/4508
f 3630/4732/4496 3613/4709/4472 3611/4707/4470
s 0
f 3635/4748/2151 3416/4397/2151 3639/4749/2151
f 3643/4750/2151 3476/4752/2151 3644/4751/2151
f 3425/4406/2151 3624/4753/2151 3428/4409/2151
f 3624/4753/2151 3430/4411/2151 3428/4409/2151
f 3624/4753/2151 3622/4754/2151 3430/4411/2151
f 3645/4755/2151 2645/3435/2151 3502/4491/2151
f 2645/3435/2151 3504/4493/2151 3502/4491/2151
f 2645/3435/2151 2656/4756/2151 3504/4493/2151
f 2656/4756/2151 3497/4486/2151 3504/4493/2151
f 3480/4757/4406 3647/4759/4406 3646/4758/4406
f 3384/4384/2151 3403/4382/2151 3562/4616/2151
f 3403/4382/2151 3637/4760/2151 3562/4616/2151
f 3403/4382/2151 3408/4389/2151 3637/4760/2151
f 3408/4389/2151 3636/4761/2151 3637/4760/2151
f 3480/4757/2151 3478/4762/2151 3647/4759/2151
f 3478/4762/2151 3648/4763/4509 3647/4759/4509
f 3478/4762/4408 3476/4752/4408 3648/4763/4408
f 3476/4752/4510 3649/4764/4510 3648/4763/4510
f 3476/4752/2151 3643/4750/2151 3649/4764/2151
f 3430/4411/2151 3622/4754/2151 3421/4402/2151
f 3622/4754/2151 3424/4405/2151 3421/4402/2151
f 3622/4754/2151 3638/4765/2151 3424/4405/2151
f 3416/4397/2151 3635/4748/2151 3409/4390/2151
f 3635/4748/2151 3412/4393/2151 3409/4390/2151
f 3635/4748/2151 3636/4761/2151 3412/4393/2151
f 3636/4761/2151 3405/4386/2151 3412/4393/2151
f 3636/4761/2151 3408/4389/2151 3405/4386/2151
f 3564/4619/2151 3650/4766/2151 3473/4621/2151
f 3650/4766/2151 3475/4767/2151 3473/4621/2151
f 3650/4766/2151 3651/4768/2151 3475/4767/2151
f 3651/4768/2151 3476/4752/2151 3475/4767/2151
f 3651/4768/2151 3652/4769/2151 3476/4752/2151
f 3652/4769/2151 3644/4751/2151 3476/4752/2151
f 3653/4770/2151 3482/4471/2151 3654/4771/2151
f 3482/4471/2151 3655/4772/2151 3654/4771/2151
f 3482/4471/2151 3480/4757/2151 3655/4772/2151
f 3480/4757/2151 3656/4773/2151 3655/4772/2151
f 3480/4757/2151 3646/4758/2151 3656/4773/2151
f 3626/4726/2151 3624/4753/2151 3497/4486/2151
f 3624/4753/2151 3496/4485/2151 3497/4486/2151
f 3624/4753/2151 3425/4406/2151 3496/4485/2151
f 3621/4719/2151 3619/4717/2151 2656/4756/2151
f 3619/4717/2151 3497/4486/2151 2656/4756/2151
f 3619/4717/2151 3627/4728/2151 3497/4486/2151
f 3627/4728/2151 3626/4726/2151 3497/4486/2151
f 3484/4473/2151 3482/4471/2151 3657/3408/2151
f 3482/4471/2151 3658/4774/2151 3657/3408/2151
f 3482/4471/4406 3653/4770/4406 3658/4774/4406
f 3424/4405/2151 3638/4765/2151 3417/4398/2151
f 3638/4765/2151 3420/4401/2151 3417/4398/2151
f 3638/4765/2151 3639/4749/2151 3420/4401/2151
f 3639/4749/2151 3413/4394/2151 3420/4401/2151
f 3639/4749/2151 3416/4397/2151 3413/4394/2151
f 2613/3403/2151 2622/3412/2151 3657/3408/2151
f 2622/3412/2151 3484/4473/2151 3657/3408/2151
f 2622/3412/2151 3659/4775/2151 3484/4473/2151
f 3659/4775/2151 3487/4476/2151 3484/4473/2151
f 3659/4775/2151 2623/3413/2151 3487/4476/2151
f 2623/3413/2151 3489/4478/2151 3487/4476/2151
f 2623/3413/2151 2624/3414/2151 3489/4478/2151
f 2624/3414/2151 3490/4479/2151 3489/4478/2151
f 2624/3414/2151 3660/4776/2151 3490/4479/2151
f 3660/4776/2151 3493/4482/2151 3490/4479/2151
f 3660/4776/2151 2627/3417/2151 3493/4482/2151
f 2627/3417/2151 3495/4484/2151 3493/4482/2151
f 2627/3417/2151 2628/3418/2151 3495/4484/2151
f 3645/4755/2151 3502/4491/2151 3661/3429/2151
f 3502/4491/2151 2637/3427/2151 3661/3429/2151
f 3502/4491/2151 3500/4489/2151 2637/3427/2151
f 3500/4489/2151 3662/4777/2151 2637/3427/2151
f 3500/4489/2151 3507/4496/2151 3662/4777/2151
f 3507/4496/2151 2634/3424/2151 3662/4777/2151
f 3495/4484/2151 2628/3418/2151 3515/4504/2151
f 2628/3418/2151 3510/4499/2151 3515/4504/2151
f 2628/3418/2151 3663/4778/2151 3510/4499/2151
f 3663/4778/2151 3513/4502/2151 3510/4499/2151
f 3663/4778/2151 2634/3424/2151 3513/4502/2151
f 2634/3424/2151 3508/4497/2151 3513/4502/2151
f 2634/3424/2151 3507/4496/2151 3508/4497/2151
s 1
f 3664/4779/4511 3666/4781/4513 3665/4780/4512
f 3667/4782/4514 3669/4784/4516 3668/4783/4515
f 3670/4785/4517 3672/4787/4519 3671/4786/4518
f 3673/4788/4520 3675/4790/4522 3674/4789/4521
f 3670/4785/4517 3676/4791/4523 3672/4787/4519
f 3676/4791/4523 3673/4788/4520 3672/4787/4519
f 3676/4791/4523 3677/4792/4524 3673/4788/4520
f 3677/4792/4524 3675/4790/4522 3673/4788/4520
f 3677/4792/4524 3678/4793/4525 3675/4790/4522
f 3671/4786/4518 3672/4787/4519 3679/4794/4526
f 3672/4787/4519 3666/4795/4513 3679/4794/4526
f 3672/4787/4519 3673/4788/4520 3666/4795/4513
f 3673/4788/4520 3665/4796/4512 3666/4795/4513
f 3673/4797/4520 3674/4799/4521 3665/4798/4512
f 3680/4800/4527 3664/4779/4511 3681/4801/4528
f 3664/4779/4511 3682/4802/4529 3681/4801/4528
f 3664/4779/4511 3683/4803/4530 3682/4802/4529
f 3684/4804/4531 3668/4783/4515 3685/4805/4532
f 3668/4783/4515 3686/4806/4533 3685/4805/4532
f 3668/4783/4515 3669/4784/4516 3686/4806/4533
f 3671/4807/4518 3679/4808/4526 3667/4782/4514
f 3679/4808/4526 3669/4784/4516 3667/4782/4514
f 3679/4808/4526 3666/4781/4513 3669/4784/4516
f 3666/4781/4513 3686/4806/4533 3669/4784/4516
f 3666/4781/4513 3664/4779/4511 3686/4806/4533
f 3664/4779/4511 3685/4805/4532 3686/4806/4533
f 3664/4779/4511 3680/4800/4527 3685/4805/4532
f 3680/4800/4527 3684/4804/4531 3685/4805/4532
f 3680/4800/4527 3687/4809/4534 3684/4804/4531
f 3688/4810/4535 3690/4812/4537 3689/4811/4536
f 3690/4812/4537 3691/4813/4538 3689/4811/4536
f 3690/4812/4537 3692/4814/4539 3691/4813/4538
f 3664/4779/4511 3693/4815/4540 3683/4803/4530
f 3694/4816/4541 3696/4818/4543 3695/4817/4542
f 3697/4819/4544 3675/4790/4522 3678/4793/4525
f 3678/4793/4525 3698/4820/4545 3697/4819/4544
f 3693/4815/4540 3700/4822/4547 3699/4821/4546
f 3701/4823/4548 3664/4779/4511 3702/4824/4549
f 3664/4779/4511 3703/4825/4550 3702/4824/4549
f 3664/4779/4511 3665/4780/4512 3703/4825/4550
f 3665/4796/4512 3697/4819/4544 3703/4826/4550
f 3665/4796/4512 3674/4789/4521 3697/4819/4544
f 3674/4789/4521 3675/4790/4522 3697/4819/4544
f 3704/4827/4551 3706/4829/4553 3705/4828/4552
f 3704/4830/4551 3707/4832/4554 3706/4831/4553
f 3707/4832/4554 3708/4833/4555 3706/4831/4553
f 3707/4832/4554 3709/4834/4556 3708/4833/4555
f 3705/4835/4552 3706/4065/4553 3710/4836/4557
f 3706/4837/4553 3711/4839/4558 3710/4838/4557
f 3706/4831/4553 3708/4833/4555 3711/4840/4558
f 3708/4833/4555 3712/4841/4559 3711/4840/4558
f 3708/4833/4555 3700/4822/4547 3712/4841/4559
f 3699/4821/4546 3700/4822/4547 3713/4842/4560
f 3700/4822/4547 3714/4843/4561 3713/4842/4560
f 3700/4822/4547 3708/4833/4555 3714/4843/4561
f 3708/4833/4555 3715/4844/4562 3714/4843/4561
f 3715/4844/4562 3708/4833/4555 3716/4845/4563
f 3708/4833/4555 3717/4846/4564 3716/4845/4563
f 3708/4833/4555 3709/4834/4556 3717/4846/4564
f 3694/4816/4541 3718/4847/4565 3696/4818/4543
f 3718/4848/4565 3719/4850/4566 3696/4849/4543
f 3718/4848/4565 3698/4820/4545 3719/4850/4566
f 3698/4820/4545 3718/4848/4565 3697/4819/4544
f 3718/4848/4565 3703/4826/4550 3697/4819/4544
f 3718/4847/4565 3694/4816/4541 3703/4825/4550
f 3694/4816/4541 3702/4824/4549 3703/4825/4550
f 3694/4816/4541 3695/4817/4542 3702/4824/4549
f 3664/4779/4511 3701/4823/4548 3693/4815/4540
f 3701/4823/4548 3700/4822/4547 3693/4815/4540
f 3701/4823/4548 3702/4824/4549 3700/4822/4547
f 3702/4824/4549 3712/4841/4559 3700/4822/4547
f 3702/4824/4549 3695/4817/4542 3712/4841/4559
f 3695/4817/4542 3711/4840/4558 3712/4841/4559
f 3695/4817/4542 3696/4818/4543 3711/4840/4558
f 3696/4849/4543 3710/4838/4557 3711/4839/4558
f 3696/4849/4543 3719/4850/4566 3710/4838/4557
f 3690/4812/4537 3688/4810/4535 3670/4785/4517
f 3688/4810/4535 3720/4851/4567 3670/4785/4517
f 3688/4810/4535 3721/4852/4568 3720/4851/4567
f 3722/4853/4569 3723/4855/4570 3667/4854/4514
f 3723/4856/4570 3671/4807/4518 3667/4782/4514
f 3723/4857/4570 3724/4858/4571 3671/4786/4518
f 3724/4858/4571 3670/4785/4517 3671/4786/4518
f 3724/4858/4571 3690/4812/4537 3670/4785/4517
f 3722/4859/4569 3667/4782/4514 3725/4860/4572
f 3667/4782/4514 3726/4861/4573 3725/4860/4572
f 3667/4782/4514 3668/4783/4515 3726/4861/4573
f 3668/4783/4515 3727/4862/4574 3726/4861/4573
f 3668/4783/4515 3684/4804/4531 3727/4862/4574
f 3684/4804/4531 3728/4863/4575 3727/4862/4574
f 3684/4804/4531 3687/4809/4534 3728/4863/4575
f 3729/4864/4576 3727/4862/4574 3728/4863/4575
f 3729/4864/4576 3730/4865/4577 3727/4862/4574
f 3731/4866/4578 3730/4865/4577 3732/4867/4579
f 3730/4865/4577 3731/4866/4578 3727/4862/4574
f 3731/4866/4578 3726/4861/4573 3727/4862/4574
f 3731/4866/4578 3733/4868/4580 3726/4861/4573
f 3733/4868/4580 3725/4860/4572 3726/4861/4573
f 3733/4868/4580 3734/4869/4581 3725/4860/4572
f 3734/4869/4581 3722/4859/4569 3725/4860/4572
f 3734/4869/4581 3735/4870/4582 3722/4859/4569
f 3735/4870/4582 3736/4871/4583 3722/4859/4569
f 3736/4871/4583 3723/4856/4570 3722/4859/4569
f 3736/4871/4583 3737/4872/4584 3723/4856/4570
f 3737/4872/4584 3738/4873/4585 3723/4856/4570
f 3738/4873/4585 3724/4874/4571 3723/4856/4570
f 3738/4875/4585 3739/4876/4586 3724/4858/4571
f 3739/4876/4586 3690/4812/4537 3724/4858/4571
f 3739/4876/4586 3692/4814/4539 3690/4812/4537
f 3740/4877/4587 3742/4879/4589 3741/4878/4588
f 3740/4877/4587 3743/4880/4590 3742/4879/4589
f 3743/4880/4590 3744/4881/4591 3742/4879/4589
f 3743/4882/4590 3745/4884/4592 3744/4883/4591
f 3744/4883/4591 3745/4884/4592 3746/4885/4593
f 3745/4884/4592 3747/4886/4594 3746/4885/4593
f 3745/4884/4592 3748/4887/4595 3747/4886/4594
f 3691/4813/4538 3692/4814/4539 3742/4879/4589
f 3692/4814/4539 3741/4878/4588 3742/4879/4589
f 3749/4888/4596 3735/4870/4582 3734/4869/4581
f 3750/4889/4597 3752/4891/4599 3751/4890/4598
f 3750/4889/4597 3753/4892/4600 3752/4891/4599
f 3749/4888/4596 3734/4869/4581 3754/4893/4601
f 3734/4869/4581 3753/4892/4600 3754/4893/4601
f 3734/4869/4581 3733/4868/4580 3753/4892/4600
f 3733/4868/4580 3752/4891/4599 3753/4892/4600
f 3733/4868/4580 3731/4866/4578 3752/4891/4599
f 3731/4866/4578 3732/4867/4579 3752/4891/4599
f 3739/4876/4586 3755/4894/4602 3692/4814/4539
f 3755/4894/4602 3741/4878/4588 3692/4814/4539
f 3755/4894/4602 3756/4895/4603 3741/4878/4588
f 3756/4896/4603 3757/4898/4604 3741/4897/4588
f 3756/4896/4603 3758/4899/4605 3757/4898/4604
f 3735/4870/4582 3749/4888/4596 3736/4871/4583
f 3749/4888/4596 3737/4872/4584 3736/4871/4583
f 3749/4888/4596 3755/4900/4602 3737/4872/4584
f 3755/4900/4602 3738/4873/4585 3737/4872/4584
f 3755/4900/4602 3739/4901/4586 3738/4873/4585
f 3759/4902/4606 3761/4904/4608 3760/4903/4607
f 3761/4904/4609 3762/4905/4610 3760/4903/4607
f 3761/4904/4608 3758/4899/4605 3762/4905/4610
f 3758/4899/4605 3763/4906/4611 3762/4905/4610
f 3758/4899/4605 3756/4896/4603 3763/4906/4611
f 3749/4888/4596 3756/4896/4603 3755/4900/4602
f 3756/4896/4603 3749/4888/4596 3763/4906/4611
f 3749/4888/4596 3762/4905/4610 3763/4906/4611
f 3749/4888/4596 3754/4893/4601 3762/4905/4610
f 3754/4893/4601 3760/4903/4607 3762/4905/4610
f 3754/4893/4601 3759/4902/4606 3760/4903/4607
f 3759/4902/4606 3754/4893/4601 3764/4907/4612
f 3754/4893/4601 3765/4908/4613 3764/4907/4612
f 3754/4893/4601 3753/4892/4600 3765/4908/4613
f 3753/4892/4600 3766/4909/4614 3765/4908/4613
f 3753/4892/4600 3750/4889/4597 3766/4909/4614
f 3750/4889/4597 3767/4910/4615 3766/4909/4614
f 3750/4889/4597 3751/4890/4598 3767/4910/4615
f 3768/4911/4616 3770/4913/4618 3769/4912/4617
f 3771/4914/4619 3773/4916/4621 3772/4915/4620
f 3773/4916/4621 3774/4917/4622 3772/4915/4620
f 3773/4916/4621 3775/4918/4623 3774/4917/4622
f 3775/4918/4623 3776/4919/4624 3774/4917/4622
f 3771/4914/4619 3772/4915/4620 3777/4920/4625
f 3772/4915/4620 3778/4921/4626 3777/4920/4625
f 3772/4915/4620 3779/4922/4627 3778/4921/4626
f 3779/4922/4627 3780/4923/4628 3778/4921/4626
f 3779/4922/4627 3781/4924/4629 3780/4923/4628
f 3781/4924/4629 3782/4925/4630 3780/4923/4628
f 3781/4924/4629 3783/4926/4631 3782/4925/4630
f 3782/4925/4630 3783/4926/4631 3784/4927/4632
f 3783/4926/4631 2915/3737/3900 3784/4927/4632
f 3783/4926/4631 2914/3736/3899 2915/3737/3900
f 3785/4928/4633 3776/4919/4624 3786/4929/4634
f 3776/4919/4624 3775/4918/4623 3786/4929/4634
f 3787/4930/4635 3789/4932/4637 3788/4931/4636
f 3789/4932/4637 3790/4933/4638 3788/4931/4636
f 3788/4931/4636 3790/4933/4638 3791/4934/4639
f 3790/4933/4638 3792/4935/4640 3791/4934/4639
f 3790/4933/4638 3793/4936/4641 3792/4935/4640
f 3793/4936/4641 3786/4929/4634 3792/4935/4640
f 3793/4936/4641 3785/4928/4633 3786/4929/4634
f 3793/4936/4641 3794/4937/4642 3785/4928/4633
f 3795/4938/4643 3797/4940/4645 3796/4939/4644
f 3795/4938/4643 3798/4941/4646 3797/4940/4645
f 3799/4942/4647 3800/4943/4648 3798/4941/4646
f 3800/4943/4648 3797/4940/4645 3798/4941/4646
f 3800/4943/4648 3801/4944/4649 3797/4940/4645
f 3801/4944/4649 3802/4945/4650 3797/4940/4645
f 3801/4944/4649 3803/4946/4651 3802/4945/4650
f 3803/4946/4651 3804/4947/4652 3802/4945/4650
f 3803/4946/4651 3805/4948/4653 3804/4947/4652
f 3805/4948/4653 3806/4949/4654 3804/4947/4652
f 3805/4948/4653 3807/4950/4655 3806/4949/4654
f 3793/4936/4641 3790/4933/4638 3794/4937/4642
f 3808/4951/4656 3809/4952/4657 3799/4942/4647
f 3809/4952/4657 3800/4943/4648 3799/4942/4647
f 3809/4952/4657 3810/4953/4658 3800/4943/4648
f 3810/4953/4658 3801/4944/4649 3800/4943/4648
f 3810/4953/4658 3811/4954/4659 3801/4944/4649
f 3811/4954/4659 3803/4946/4651 3801/4944/4649
f 3811/4954/4659 3794/4937/4642 3803/4946/4651
f 3794/4937/4642 3805/4948/4653 3803/4946/4651
f 3794/4937/4642 3790/4933/4638 3805/4948/4653
f 3790/4933/4638 3807/4950/4655 3805/4948/4653
f 3790/4933/4638 3789/4932/4637 3807/4950/4655
f 3783/4926/4631 3809/4952/4657 2914/3736/3899
f 3809/4952/4657 3812/4955/4660 2914/3736/3899
f 3809/4952/4657 3808/4951/4656 3812/4955/4660
f 3783/4926/4631 3781/4924/4629 3809/4952/4657
f 3781/4924/4629 3810/4953/4658 3809/4952/4657
f 3781/4924/4629 3779/4922/4627 3810/4953/4658
f 3779/4922/4627 3811/4954/4659 3810/4953/4658
f 3779/4922/4627 3772/4915/4620 3811/4954/4659
f 3772/4915/4620 3794/4937/4642 3811/4954/4659
f 3772/4915/4620 3774/4917/4622 3794/4937/4642
f 3774/4917/4622 3785/4928/4633 3794/4937/4642
f 3774/4917/4622 3776/4919/4624 3785/4928/4633
f 2824/3646/3803 2868/3690/3858 3813/4956/4661
f 2868/3690/3858 2866/3688/3856 3813/4956/4661
f 3814/4957/4662 3816/4959/4664 3815/4958/4663
f 3817/4960/4665 2876/3698/3866 2875/3697/3865
f 3817/4960/4665 3818/4961/4666 2876/3698/3866
f 2880/3702/3870 3819/4962/4667 2881/3703/3871
f 3814/4957/4662 3820/4963/4668 3816/4959/4664
f 3821/4964/4669 3822/4965/4670 3818/4961/4666
f 3822/4965/4670 2876/3698/3866 3818/4961/4666
f 3822/4965/4670 3823/4966/4671 2876/3698/3866
f 3823/4966/4671 2877/3699/3867 2876/3698/3866
f 3823/4966/4671 3824/4967/4672 2877/3699/3867
f 3824/4967/4672 2878/3700/3868 2877/3699/3867
f 3824/4967/4672 3825/4968/4673 2878/3700/3868
f 3825/4968/4673 2879/3701/3869 2878/3700/3868
f 3825/4968/4673 3816/4959/4664 2879/3701/3869
f 3816/4959/4664 2880/3702/3870 2879/3701/3869
f 3816/4959/4664 3820/4963/4668 2880/3702/3870
f 3820/4963/4668 3819/4962/4667 2880/3702/3870
f 2866/3688/3856 2881/3703/3871 3813/4956/4661
f 2881/3703/3871 3826/4969/4674 3813/4956/4661
f 2881/3703/3871 3819/4962/4667 3826/4969/4674
f 3826/4969/4674 3819/4962/4667 3827/4970/4675
f 3819/4962/4667 3828/4971/4676 3827/4970/4675
f 3819/4962/4667 3820/4963/4668 3828/4971/4676
f 3820/4963/4668 3829/4972/4677 3828/4971/4676
f 3820/4963/4668 3814/4957/4662 3829/4972/4677
f 3829/4972/4677 3814/4957/4662 3830/4973/4678
f 3814/4957/4662 3831/4974/4679 3830/4973/4678
f 3814/4957/4662 3815/4958/4663 3831/4974/4679
f 3815/4958/4663 3832/4975/4680 3831/4974/4679
f 3815/4958/4663 3833/4976/4681 3832/4975/4680
f 3833/4976/4681 3834/4977/4682 3832/4975/4680
f 3833/4976/4681 3835/4978/4683 3834/4977/4682
f 3836/4979/4684 3822/4965/4670 3821/4964/4669
f 3836/4979/4684 3837/4980/4685 3822/4965/4670
f 3838/4981/4686 3840/4983/4688 3839/4982/4687
f 3840/4983/4688 3838/4981/4686 3841/4984/4689
f 3838/4981/4686 3842/4985/4690 3841/4984/4689
f 3838/4981/4686 3843/4986/4691 3842/4985/4690
f 3842/4985/4690 3843/4986/4691 3844/4987/4692
f 3843/4986/4691 3845/4988/4693 3844/4987/4692
f 3843/4986/4691 3846/4989/4694 3845/4988/4693
f 3845/4988/4693 3846/4989/4694 3847/4990/4695
f 3846/4989/4694 3833/4976/4681 3847/4990/4695
f 3846/4989/4694 3835/4978/4683 3833/4976/4681
f 3840/4983/4688 3841/4984/4689 3837/4980/4685
f 3841/4984/4689 3822/4965/4670 3837/4980/4685
f 3841/4984/4689 3842/4985/4690 3822/4965/4670
f 3842/4985/4690 3823/4966/4671 3822/4965/4670
f 3842/4985/4690 3844/4987/4692 3823/4966/4671
f 3844/4987/4692 3824/4967/4672 3823/4966/4671
f 3844/4987/4692 3845/4988/4693 3824/4967/4672
f 3845/4988/4693 3825/4968/4673 3824/4967/4672
f 3845/4988/4693 3847/4990/4695 3825/4968/4673
f 3847/4990/4695 3816/4959/4664 3825/4968/4673
f 3847/4990/4695 3833/4976/4681 3816/4959/4664
f 3833/4976/4681 3815/4958/4663 3816/4959/4664
f 3835/4978/4683 3848/4991/4696 3834/4977/4682
f 3835/4978/4683 3849/4992/4697 3848/4991/4696
f 3850/4993/4698 3852/4995/4700 3851/4994/4699
f 3852/4995/4700 3849/4992/4697 3851/4994/4699
f 3852/4995/4700 3853/4996/4701 3849/4992/4697
f 3853/4996/4701 3848/4991/4696 3849/4992/4697
f 3854/4997/4702 3856/4999/4704 3855/4998/4703
f 3856/4999/4704 3857/5000/4705 3855/4998/4703
f 3856/4999/4704 3858/5001/4706 3857/5000/4705
f 3858/5001/4706 3859/5002/4707 3857/5000/4705
f 3858/5001/4706 3860/5003/4708 3859/5002/4707
f 3860/5003/4708 3861/5004/4709 3859/5002/4707
f 3860/5003/4708 3862/5005/4710 3861/5004/4709
f 3851/4994/4699 3864/5007/4712 3863/5006/4711
f 3865/5008/4713 3838/4981/4686 3839/4982/4687
f 3866/5009/4714 3868/5011/4716 3867/5010/4715
f 3868/5011/4716 3869/5012/4717 3867/5010/4715
f 3870/5013/4718 3868/5011/4716 3871/5014/4719
f 3857/5000/4705 3872/5015/4720 3855/4998/4703
f 3871/5014/4719 3868/5011/4716 3873/5016/4721
f 3868/5011/4716 3874/5017/4722 3873/5016/4721
f 3868/5011/4716 3866/5009/4714 3874/5017/4722
f 3851/4994/4699 3849/4992/4697 3864/5007/4712
f 3849/4992/4697 3846/4989/4694 3864/5007/4712
f 3849/4992/4697 3835/4978/4683 3846/4989/4694
f 3843/4986/4691 3838/4981/4686 3868/5011/4716
f 3838/4981/4686 3869/5012/4717 3868/5011/4716
f 3838/4981/4686 3865/5008/4713 3869/5012/4717
f 3863/5006/4711 3864/5007/4712 3875/5018/4723
f 3864/5007/4712 3876/5019/4724 3875/5018/4723
f 3864/5007/4712 3846/4989/4694 3876/5019/4724
f 3846/4989/4694 3877/5020/4725 3876/5019/4724
f 3846/4989/4694 3843/4986/4691 3877/5020/4725
f 3843/4986/4691 3878/5021/4726 3877/5020/4725
f 3843/4986/4691 3868/5011/4716 3878/5021/4726
f 3872/5015/4720 3857/5000/4705 3870/5013/4718
f 3857/5000/4705 3868/5011/4716 3870/5013/4718
f 3857/5000/4705 3859/5002/4707 3868/5011/4716
f 3859/5002/4707 3878/5021/4726 3868/5011/4716
f 3859/5002/4707 3861/5004/4709 3878/5021/4726
f 3861/5004/4709 3877/5020/4725 3878/5021/4726
f 3861/5004/4709 3862/5005/4710 3877/5020/4725
f 3862/5005/4710 3876/5019/4724 3877/5020/4725
f 3862/5005/4710 3879/5022/4727 3876/5019/4724
f 3879/5022/4727 3875/5018/4723 3876/5019/4724
f 3880/5023/4728 3882/5025/4730 3881/5024/4729
f 3882/5025/4730 3883/5026/4731 3881/5024/4729
f 3882/5025/4730 3884/5027/4732 3883/5026/4731
f 3884/5027/4732 3885/5028/4733 3883/5026/4731
f 3884/5027/4732 3886/5029/4734 3885/5028/4733
f 3887/5030/4735 3888/5031/4736 3851/4994/4699
f 3888/5031/4736 3850/4993/4698 3851/4994/4699
f 3886/5029/4734 3889/5032/4737 3885/5028/4733
f 3889/5032/4737 3890/5033/4738 3885/5028/4733
f 3889/5032/4737 3887/5030/4735 3890/5033/4738
f 3887/5030/4735 3891/5034/4739 3890/5033/4738
f 3887/5030/4735 3851/4994/4699 3891/5034/4739
f 3892/5035/4740 3894/5037/4742 3893/5036/4741
f 3894/5037/4742 3895/5038/4743 3893/5036/4741
f 3894/5037/4742 3854/4997/4702 3895/5038/4743
f 3896/5039/4744 3892/5035/4740 3897/5040/4745
f 3898/5041/4746 3890/5033/4738 3891/5034/4739
f 3892/5035/4740 3896/5039/4744 3894/5037/4742
f 3896/5039/4744 3899/5042/4747 3894/5037/4742
f 3896/5039/4744 3900/5043/4748 3899/5042/4747
f 3900/5043/4748 3901/5044/4749 3899/5042/4747
f 3900/5043/4748 3902/5045/4750 3901/5044/4749
f 3902/5045/4750 3903/5046/4751 3901/5044/4749
f 3902/5045/4750 3904/5047/4752 3903/5046/4751
f 3904/5047/4752 3898/5041/4746 3903/5046/4751
f 3904/5047/4752 3905/5048/4753 3898/5041/4746
f 3905/5048/4753 3890/5033/4738 3898/5041/4746
f 3905/5048/4753 3885/5028/4733 3890/5033/4738
f 3854/4997/4702 3894/5037/4742 3856/4999/4704
f 3894/5037/4742 3858/5001/4706 3856/4999/4704
f 3894/5037/4742 3899/5042/4747 3858/5001/4706
f 3899/5042/4747 3860/5003/4708 3858/5001/4706
f 3899/5042/4747 3901/5044/4749 3860/5003/4708
f 3901/5044/4749 3862/5005/4710 3860/5003/4708
f 3901/5044/4749 3903/5046/4751 3862/5005/4710
f 3851/4994/4699 3863/5006/4711 3891/5034/4739
f 3863/5006/4711 3898/5041/4746 3891/5034/4739
f 3863/5006/4711 3875/5018/4723 3898/5041/4746
f 3875/5018/4723 3903/5046/4751 3898/5041/4746
f 3875/5018/4723 3879/5022/4727 3903/5046/4751
f 3879/5022/4727 3862/5005/4710 3903/5046/4751
f 3880/5023/4728 3881/5024/4729 3906/5049/4754
f 3881/5024/4729 3907/5050/4755 3906/5049/4754
f 3907/5050/4755 3908/5051/4756 3906/5049/4754
f 3908/5051/4756 3909/5052/4757 3906/5049/4754
f 3908/5051/4756 3910/5053/4758 3909/5052/4757
f 3908/5051/4756 3907/5050/4755 3911/5054/4759
f 3907/5050/4755 3912/5055/4760 3911/5054/4759
f 3913/5056/4761 3911/5054/4759 3914/5057/4762
f 3911/5054/4759 3915/5058/4763 3914/5057/4762
f 3911/5054/4759 3912/5055/4760 3915/5058/4763
f 3908/5051/4756 3911/5054/4759 3910/5053/4758
f 3911/5054/4759 3916/5059/4764 3910/5053/4758
f 3911/5054/4759 3913/5056/4761 3916/5059/4764
f 3881/5024/4729 3917/5060/4765 3907/5050/4755
f 3917/5060/4765 3912/5055/4760 3907/5050/4755
f 3917/5060/4765 3918/5061/4766 3912/5055/4760
f 3885/5028/4733 3905/5048/4753 3883/5026/4731
f 3905/5048/4753 3919/5062/4767 3883/5026/4731
f 3905/5048/4753 3904/5047/4752 3919/5062/4767
f 3883/5026/4731 3919/5062/4767 3881/5024/4729
f 3919/5062/4767 3917/5060/4765 3881/5024/4729
f 3919/5062/4767 3920/5063/4768 3917/5060/4765
f 3920/5063/4768 3918/5061/4766 3917/5060/4765
f 3920/5063/4768 3921/5064/4769 3918/5061/4766
f 3904/5047/4752 3902/5045/4750 3919/5062/4767
f 3902/5045/4750 3920/5063/4768 3919/5062/4767
f 3902/5045/4750 3900/5043/4748 3920/5063/4768
f 3921/5064/4769 3923/5066/4771 3922/5065/4770
f 3921/5064/4769 3920/5063/4768 3923/5066/4771
f 3920/5063/4768 3896/5039/4744 3923/5066/4771
f 3920/5063/4768 3900/5043/4748 3896/5039/4744
f 3924/5067/4772 3925/5068/4773 3923/5066/4771
f 3925/5068/4773 3922/5065/4770 3923/5066/4771
f 3925/5068/4773 3926/5069/4774 3922/5065/4770
f 3924/5067/4772 3923/5066/4771 3927/5070/4775
f 3923/5066/4771 3928/5071/4776 3927/5070/4775
f 3923/5066/4771 3896/5039/4744 3928/5071/4776
f 3896/5039/4744 3929/5072/4777 3928/5071/4776
f 3896/5039/4744 3897/5040/4745 3929/5072/4777
f 3930/5073/4778 3922/5065/4770 3926/5069/4774
f 3914/5057/4762 3931/5074/4779 3913/5056/4761
f 3914/5057/4762 3915/5058/4763 3931/5074/4779
f 3921/5064/4769 3912/5055/4760 3918/5061/4766
f 3932/5075/4780 3934/5077/4782 3933/5076/4781
f 3912/5055/4760 3921/5064/4769 3935/5078/4783
f 3921/5064/4769 3934/5077/4782 3935/5078/4783
f 3921/5064/4769 3922/5065/4770 3934/5077/4782
f 3922/5065/4770 3933/5076/4781 3934/5077/4782
f 3922/5065/4770 3930/5073/4778 3933/5076/4781
f 3932/5075/4780 3936/5079/4784 3934/5077/4782
f 3936/5079/4784 3935/5078/4783 3934/5077/4782
f 3936/5079/4784 3931/5074/4779 3935/5078/4783
f 3931/5074/4779 3912/5055/4760 3935/5078/4783
f 3931/5074/4779 3915/5058/4763 3912/5055/4760
f 3937/5080/4785 3939/5082/4787 3938/5081/4786
f 3940/5083/4788 3936/5079/4784 3941/5084/4789
f 3936/5079/4784 3942/5085/4790 3941/5084/4789
f 3936/5079/4784 3932/5075/4780 3942/5085/4790
f 3943/5086/4791 3945/5088/4793 3944/5087/4792
f 3945/5088/4793 3938/5081/4786 3944/5087/4792
f 3913/5056/4761 3931/5074/4779 3937/5080/4785
f 3931/5074/4779 3939/5082/4787 3937/5080/4785
f 3931/5074/4779 3936/5079/4784 3939/5082/4787
f 3936/5079/4784 3946/5089/4794 3939/5082/4787
f 3936/5079/4784 3940/5083/4788 3946/5089/4794
f 3940/5083/4788 3947/5090/4795 3946/5089/4794
f 3938/5081/4786 3939/5082/4787 3944/5087/4792
f 3939/5082/4787 3948/5091/4796 3944/5087/4792
f 3939/5082/4787 3946/5089/4794 3948/5091/4796
f 3946/5089/4794 3949/5092/4797 3948/5091/4796
f 3946/5089/4794 3947/5090/4795 3949/5092/4797
f 3950/5093/4798 3952/5095/4800 3951/5094/4799
f 3137/4039/4801 3953/5096/4803 3136/4038/4802
f 3137/4039/4801 3139/5097/4804 3953/5096/4803
f 3147/4051/4805 3148/4052/4807 3954/5098/4806
f 3148/4052/4807 3955/5099/4808 3954/5098/4806
f 3148/4052/4807 3149/4053/4809 3955/5099/4808
f 3149/4053/4809 3150/4054/4810 3955/5099/4808
f 3136/4038/4802 3953/5096/4803 3150/4054/4810
f 3953/5096/4803 3955/5099/4808 3150/4054/4810
f 3953/5096/4803 3956/5100/4811 3955/5099/4808
f 3956/5100/4811 3957/5101/4812 3955/5099/4808
f 3956/5100/4811 3958/5102/4813 3957/5101/4812
f 3958/5102/4813 3959/5103/4814 3957/5101/4812
f 3950/5093/4798 3960/5104/4815 3952/5095/4800
f 3961/5105/4816 3962/5106/4817 3139/5097/4804
f 3962/5106/4817 3953/5096/4803 3139/5097/4804
f 3962/5106/4817 3963/5107/4818 3953/5096/4803
f 3963/5107/4818 3956/5100/4811 3953/5096/4803
f 3963/5107/4818 3952/5108/4800 3956/5100/4811
f 3952/5108/4800 3958/5102/4813 3956/5100/4811
f 3952/5095/4800 3960/5104/4815 3958/5109/4813
f 3960/5110/4815 3959/5103/4814 3958/5102/4813
f 3960/5110/4815 3964/5111/4819 3959/5103/4814
f 3190/5112/4820 3961/5105/4816 3189/5113/4821
f 3961/5105/4816 3142/5114/4821 3189/5113/4821
f 3142/5114/4821 3961/5105/4816 3141/5115/4822
f 3961/5105/4816 3140/5116/4821 3141/5115/4822
f 3961/5105/4816 3139/5097/4804 3140/5116/4821
f 3965/5117/4823 3967/5119/4825 3966/5118/4824
f 3951/5094/4799 3952/5095/4800 3966/5118/4824
f 3952/5095/4800 3965/5117/4823 3966/5118/4824
f 3952/5108/4800 3963/5107/4818 3965/5120/4823
f 3968/5121/4826 3970/5123/4828 3969/5122/4827
f 3970/5123/4828 3971/5124/4829 3969/5122/4827
f 3970/5123/4828 3972/5125/4830 3971/5124/4829
f 3972/5125/4830 3973/5126/4831 3971/5124/4829
f 3972/5125/4830 3974/5127/4832 3973/5126/4831
f 3974/5127/4832 3975/5128/4833 3973/5126/4831
f 3974/5129/4832 3976/5131/4834 3975/5130/4833
f 3969/5122/4827 3971/5124/4829 3961/5105/4816
f 3971/5124/4829 3962/5106/4817 3961/5105/4816
f 3971/5124/4829 3973/5126/4831 3962/5106/4817
f 3973/5126/4831 3963/5107/4818 3962/5106/4817
f 3973/5126/4831 3975/5128/4833 3963/5107/4818
f 3975/5128/4833 3965/5120/4823 3963/5107/4818
f 3975/5128/4833 3976/5132/4834 3965/5120/4823
f 3976/5131/4834 3967/5119/4825 3965/5117/4823
f 3966/5118/4824 3977/5133/4835 3951/5094/4799
f 3977/5133/4835 3966/5118/4824 3978/5134/4836
f 3966/5118/4824 3979/5135/4837 3978/5134/4836
f 3966/5118/4824 3967/5119/4825 3979/5135/4837
f 3951/5094/4799 3977/5133/4835 3950/5093/4798
f 3977/5133/4835 3960/5104/4815 3950/5093/4798
f 3977/5133/4835 3980/5136/4838 3960/5104/4815
f 3980/5137/4838 3964/5111/4819 3960/5110/4815
f 3980/5137/4838 3981/5138/4839 3964/5111/4819
f 3704/4830/4551 3705/5140/4552 3982/5139/4840
f 3705/5140/4552 3983/5141/4841 3982/5139/4840
f 3705/5142/4552 3710/4838/4557 3983/5143/4841
f 3710/4838/4557 3984/5144/4842 3983/5143/4841
f 3710/4838/4557 3719/4850/4566 3984/5144/4842
f 3670/4785/4517 3720/4851/4567 3676/4791/4523
f 3720/4851/4567 3677/4792/4524 3676/4791/4523
f 3720/4851/4567 3678/4793/4525 3677/4792/4524
f 3719/4850/4566 3698/4820/4545 3984/5144/4842
f 3698/4820/4545 3985/5145/4843 3984/5144/4842
f 3698/4820/4545 3678/4793/4525 3985/5145/4843
f 3678/4793/4525 3986/5146/4844 3985/5145/4843
f 3678/4793/4525 3720/4851/4567 3986/5146/4844
f 3987/5147/4845 3979/5135/4837 3967/5119/4825
f 3721/4852/4568 3986/5146/4844 3720/4851/4567
f 3987/5147/4845 3986/5146/4844 3979/5135/4837
f 3986/5146/4844 3988/5148/4846 3979/5135/4837
f 3986/5146/4844 3721/4852/4568 3988/5148/4846
f 3989/5149/4847 3968/5121/4826 3990/5150/4848
f 3967/5119/4825 3976/5131/4834 3987/5147/4845
f 3976/5131/4834 3991/5151/4849 3987/5147/4845
f 3976/5131/4834 3974/5129/4832 3991/5151/4849
f 3974/5129/4832 3992/5152/4850 3991/5151/4849
f 3974/5127/4832 3972/5125/4830 3992/5153/4850
f 3972/5125/4830 3989/5149/4847 3992/5153/4850
f 3972/5125/4830 3970/5123/4828 3989/5149/4847
f 3970/5123/4828 3968/5121/4826 3989/5149/4847
f 3982/5139/4840 3983/5141/4841 3990/5150/4848
f 3983/5141/4841 3989/5149/4847 3990/5150/4848
f 3983/5143/4841 3984/5144/4842 3989/5154/4847
f 3984/5155/4842 3992/5153/4850 3989/5149/4847
f 3984/5144/4842 3985/5145/4843 3992/5152/4850
f 3985/5145/4843 3991/5151/4849 3992/5152/4850
f 3985/5145/4843 3986/5146/4844 3991/5151/4849
f 3986/5146/4844 3987/5147/4845 3991/5151/4849
f 3982/5139/4840 3994/5157/4852 3993/5156/4851
f 3982/5139/4840 3990/5150/4848 3994/5157/4852
f 3990/5150/4848 3995/5158/4853 3994/5157/4852
f 3990/5150/4848 3968/5121/4826 3995/5158/4853
f 3968/5121/4826 3996/5159/4854 3995/5158/4853
f 3968/5121/4826 3969/5122/4827 3996/5159/4854
f 3996/5159/4854 3173/5161/4856 3997/5160/4855
f 3173/5161/4856 3996/5159/4854 3180/5162/4857
f 3996/5159/4854 3179/5163/4858 3180/5162/4857
f 3996/5159/4854 3178/5164/4859 3179/5163/4858
f 3187/5165/4860 3969/5122/4827 3186/5166/4861
f 3178/5164/4859 3996/5159/4854 3181/5167/4862
f 3996/5159/4854 3183/5168/4863 3181/5167/4862
f 3996/5159/4854 3969/5122/4827 3183/5168/4863
f 3969/5122/4827 3188/5169/4864 3183/5168/4863
f 3969/5122/4827 3187/5165/4860 3188/5169/4864
f 3190/5112/4820 3191/5170/4865 3961/5105/4816
f 3191/5170/4865 3969/5122/4827 3961/5105/4816
f 3191/5170/4865 3185/5171/4866 3969/5122/4827
f 3185/5171/4866 3186/5166/4861 3969/5122/4827
f 3282/4232/4867 3522/4567/4388 3284/4237/4868
f 3522/4567/4388 3285/4242/4869 3284/4237/4868
f 3522/4567/4388 3279/4229/4389 3285/4242/4869
f 3998/5172/4870 4000/5174/4872 3999/5173/4871
f 3535/4581/4403 4002/5176/4874 4001/5175/4873
f 3535/4581/4403 3534/4580/4402 4002/5176/4874
f 3534/4580/4402 4003/5177/4875 4002/5176/4874
f 3534/4580/4402 3521/4566/4387 4003/5177/4875
f 3535/4581/4403 4001/5175/4873 3536/4582/4404
f 4001/5175/4873 4004/5178/4876 3536/4582/4404
f 4001/5175/4873 4005/5179/4877 4004/5178/4876
f 4005/5179/4877 4001/5175/4873 4006/5180/4878
f 4001/5175/4873 4007/5181/4879 4006/5180/4878
f 4001/5175/4873 4002/5176/4874 4007/5181/4879
f 4002/5176/4874 3998/5172/4870 4007/5181/4879
f 4002/5176/4874 4003/5177/4875 3998/5172/4870
f 4003/5177/4875 4000/5174/4872 3998/5172/4870
f 4003/5177/4875 3521/4566/4387 4000/5174/4872
f 3521/4566/4387 3522/4567/4388 4000/5174/4872
f 4008/5182/4880 4009/5183/4881 3999/5173/4871
f 4009/5183/4881 3998/5172/4870 3999/5173/4871
f 4009/5183/4881 4010/5184/4882 3998/5172/4870
f 4010/5184/4882 4007/5181/4879 3998/5172/4870
f 4010/5184/4882 4011/5185/4883 4007/5181/4879
f 4011/5185/4883 4006/5180/4878 4007/5181/4879
f 4011/5185/4883 4012/5186/4884 4006/5180/4878
f 4012/5186/4884 4005/5179/4877 4006/5180/4878
f 4013/5187/4885 4015/5189/4887 4014/5188/4886
f 4015/5189/4887 4016/5190/4888 4014/5188/4886
f 4015/5189/4887 4017/5191/4889 4016/5190/4888
f 4017/5191/4889 4018/5192/4890 4016/5190/4888
f 4018/5192/4890 4019/5193/4891 4016/5190/4888
f 4018/5192/4890 4020/5194/4892 4019/5193/4891
f 4020/5194/4892 4021/5195/4893 4019/5193/4891
f 4020/5194/4892 4022/5196/4894 4021/5195/4893
f 4022/5196/4894 4023/5197/4895 4021/5195/4893
f 4022/5196/4894 4024/5198/4896 4023/5197/4895
f 3317/5199/4897 3257/5200/4898 4023/5197/4895
f 3257/5200/4898 4021/5195/4893 4023/5197/4895
f 3257/5200/4898 3258/5201/4899 4021/5195/4893
f 3258/5201/4899 3310/4558/4373 4021/5195/4893
f 4014/5188/4886 4016/5190/4888 3524/4569/4391
f 4016/5190/4888 3523/4568/4390 3524/4569/4391
f 4016/5190/4888 4019/5193/4891 3523/4568/4390
f 4019/5193/4891 3526/4571/4393 3523/4568/4390
f 4019/5193/4891 4021/5195/4893 3526/4571/4393
f 4021/5195/4893 3516/4559/4374 3526/4571/4393
f 4021/5195/4893 3310/4558/4373 3516/4559/4374
f 4025/5202/4900 4027/5204/4902 4026/5203/4901
f 4025/5202/4900 4028/5205/4903 4027/5204/4902
f 4028/5205/4903 4029/5206/4904 4027/5204/4902
f 4028/5205/4903 4030/5207/4905 4029/5206/4904
f 4030/5207/4905 4031/5208/4906 4029/5206/4904
f 4030/5207/4905 4032/5209/4907 4031/5208/4906
f 4032/5209/4907 4033/5210/4908 4031/5208/4906
f 4032/5209/4907 4034/5211/4909 4033/5210/4908
f 4034/5212/4909 4035/5214/4910 4033/5213/4908
f 4034/5212/4909 4036/5215/4911 4035/5214/4910
f 4036/5215/4911 4037/5216/4912 4035/5214/4910
f 4036/5215/4911 4038/5217/4913 4037/5216/4912
f 4037/5216/4912 4039/5219/4915 2590/5218/4914
f 4037/5216/4912 4038/5217/4913 4039/5219/4915
f 4038/5217/4913 4040/5220/4916 4039/5219/4915
f 4038/5217/4913 4041/5221/4917 4040/5220/4916
f 4041/5222/4917 4042/5224/4918 4040/5223/4916
f 4041/5225/4917 4043/5226/4919 4042/3395/4918
f 4043/5227/4919 2585/5229/4920 4042/5228/4918
f 4043/5227/4919 4013/5187/4885 2585/5229/4920
f 4013/5187/4885 4044/5230/4921 2585/5229/4920
f 4013/5187/4885 4014/5188/4886 4044/5230/4921
f 4014/5188/4886 2571/3356/4922 4044/5230/4921
f 4014/5188/4886 3524/4569/4391 2571/3356/4922
f 2575/3361/4923 3532/4577/4399 2579/3365/4924
f 3532/4577/4399 2575/3361/4923 3533/4578/4400
f 2575/3361/4923 3528/4573/4395 3533/4578/4400
f 2575/3361/4923 2571/3356/4922 3528/4573/4395
f 2571/3356/4922 3525/4570/4392 3528/4573/4395
f 2571/3356/4922 3524/4569/4391 3525/4570/4392
f 4012/5186/4884 2567/3352/3487 4005/5179/4877
f 2567/3352/3487 4004/5178/4876 4005/5179/4877
f 2567/3352/3487 2583/3369/3509 4004/5178/4876
f 2583/3369/3509 3536/4582/4404 4004/5178/4876
f 2583/3369/3509 2579/3365/4924 3536/4582/4404
f 2579/3365/4924 3530/4575/4397 3536/4582/4404
f 2579/3365/4924 3532/4577/4399 3530/4575/4397
f 2567/3352/3487 4012/5186/4884 2554/3334/4925
f 4012/5186/4884 4045/5231/4926 2554/3334/4925
f 3556/4611/4927 3555/4610/4929 2550/5232/4928
f 3550/4604/4930 4046/5233/4932 3549/4603/4931
f 2550/5232/4928 4047/5234/4933 3556/4611/4927
f 4047/5234/4933 3550/4604/4930 3556/4611/4927
f 4047/5234/4933 4048/5235/4934 3550/4604/4930
f 4048/5235/4934 4046/5233/4932 3550/4604/4930
f 2554/3334/4925 4045/5231/4926 4049/5236/4935
f 4045/5231/4926 4050/5237/4936 4049/5236/4935
f 3549/4603/4931 4046/5233/4932 3559/4614/4937
f 4046/5233/4932 3558/4613/4938 3559/4614/4937
f 4046/5233/4932 4050/5237/4936 3558/4613/4938
f 4050/5237/4936 3557/4612/4939 3558/4613/4938
f 4050/5237/4936 4045/5231/4926 3557/4612/4939
f 3538/4585/4940 3537/4583/4942 4051/5238/4941
f 3537/4583/4942 4052/5239/4943 4051/5238/4941
f 3537/4583/4942 3551/4605/4944 4052/5239/4943
f 4045/5231/4926 3552/4606/4945 3557/4612/4939
f 3551/4605/4944 3552/4606/4945 4052/5239/4943
f 3552/4606/4945 4053/5240/4946 4052/5239/4943
f 3552/4606/4945 4045/5231/4926 4053/5240/4946
f 4045/5231/4926 4012/5186/4884 4053/5240/4946
f 4012/5186/4884 4052/5239/4943 4053/5240/4946
f 4012/5186/4884 4011/5185/4883 4052/5239/4943
f 4054/5241/4947 4009/5183/4881 4055/5242/4948
f 4055/5242/4948 4009/5183/4881 4056/5243/4949
f 4009/5183/4881 4057/5244/4950 4056/5243/4949
f 4009/5183/4881 4008/5182/4880 4057/5244/4950
f 3544/4593/4951 3540/4589/4952 4054/5241/4947
f 3540/4589/4952 4009/5183/4881 4054/5241/4947
f 3540/4589/4952 3541/4590/4953 4009/5183/4881
f 3541/4590/4953 4010/5184/4882 4009/5183/4881
f 4052/5239/4943 4011/5185/4883 4051/5238/4941
f 4011/5185/4883 3538/4585/4940 4051/5238/4941
f 4011/5185/4883 4010/5184/4882 3538/4585/4940
f 4010/5184/4882 3539/4587/4954 3538/4585/4940
f 4010/5184/4882 3541/4590/4953 3539/4587/4954
f 3300/4262/4955 4058/5245/4957 3299/4261/4956
f 3132/4031/4958 3129/4022/4960 4059/5246/4959
f 3129/4022/4960 3127/4020/4961 4059/5246/4959
f 3130/4024/4962 3325/5248/4964 3326/5247/4963
f 3325/5248/4964 3130/4024/4962 3324/5249/4965
f 3130/4024/4962 3307/5250/4966 3324/5249/4965
f 3130/4024/4962 3131/4030/4967 3307/5250/4966
f 3131/4030/4967 3305/5251/4968 3307/5250/4966
f 3131/4030/4967 3132/4031/4958 3305/5251/4968
f 3294/4256/4969 4060/5252/4971 3292/4254/4970
f 4060/5252/4971 3290/4249/4972 3292/4254/4970
f 4060/5252/4971 3289/4248/4973 3290/4249/4972
f 4058/5245/4957 4061/5253/4974 3299/4261/4956
f 3299/4261/4956 4061/5253/4974 3298/4260/4975
f 4061/5253/4974 3297/4259/4976 3298/4260/4975
f 4061/5253/4974 4060/5252/4971 3297/4259/4976
f 4060/5252/4971 3295/4257/4977 3297/4259/4976
f 4060/5252/4971 3294/4256/4969 3295/4257/4977
f 3132/4031/4958 4059/5246/4959 3305/5251/4968
f 4059/5246/4959 3304/5254/4978 3305/5251/4968
f 4059/5246/4959 4058/5245/4957 3304/5254/4978
f 4058/5245/4957 3302/4267/4979 3304/5254/4978
f 4058/5245/4957 3300/4262/4955 3302/4267/4979
f 3565/4620/4980 4060/5252/4971 3564/4619/4981
f 3565/4620/4980 3566/4622/4980 4060/5252/4971
f 3566/4622/4980 3289/4248/4973 4060/5252/4971
s 0
f 3566/4622/4980 3567/4623/4980 3289/4248/4973
f 3567/4623/4982 3288/4247/4983 3289/4248/4973
f 3567/4623/4982 3542/4591/4985 3288/4247/4984
f 3542/4591/4986 3287/4246/4987 3288/4247/4983
f 3542/4591/4988 3543/4592/4989 3287/4246/4988
f 3543/4592/4989 3286/4243/4991 3287/4246/4990
f 3543/4592/4989 3280/4230/4993 3286/4243/4992
s 1
f 3280/4230/4993 3522/4567/4388 3282/4232/4867
f 4057/5244/4950 3543/4592/4989 4056/5243/4949
f 3522/4567/4388 3280/4230/4993 4000/5174/4872
f 3280/4230/4993 3999/5173/4871 4000/5174/4872
f 3280/4230/4993 3543/4592/4989 3999/5173/4871
f 3543/4592/4989 4008/5182/4880 3999/5173/4871
f 3543/4592/4989 4057/5244/4950 4008/5182/4880
f 4056/5243/4949 3543/4592/4989 4055/5242/4948
f 3543/4592/4989 4054/5241/4947 4055/5242/4948
f 3543/4592/4989 3544/4593/4951 4054/5241/4947
f 4062/5255/4994 4064/5257/4996 4063/5256/4995
f 4064/5257/4996 4065/5258/4997 4063/5256/4995
f 4066/5259/4998 3658/4774/5000 3653/4770/4999
f 4067/5260/5001 3654/4771/5003 4068/5261/5002
f 4067/5260/5001 4069/5262/5004 3654/4771/5003
f 4069/5262/5004 3653/4770/4999 3654/4771/5003
f 4069/5262/5004 4066/5259/4998 3653/4770/4999
f 4064/5257/4996 4070/5263/5005 4065/5258/4997
f 4070/5263/5005 3656/4773/5006 4065/5258/4997
f 4070/5263/5005 4068/5261/5002 3656/4773/5006
f 4068/5261/5002 3655/4772/5007 3656/4773/5006
f 4068/5261/5002 3654/4771/5003 3655/4772/5007
f 3643/4750/5008 4071/5264/5010 3649/4764/5009
f 4071/5264/5010 3648/4763/5011 3649/4764/5009
f 4071/5264/5010 4072/5265/5012 3648/4763/5011
f 4072/5265/5012 4073/5266/5013 3648/4763/5011
f 4073/5266/5013 3647/4759/5014 3648/4763/5011
f 4073/5266/5013 4065/5258/4997 3647/4759/5014
f 4065/5258/4997 3646/4758/5015 3647/4759/5014
f 4065/5258/4997 3656/4773/5006 3646/4758/5015
f 4071/5264/5010 4063/5256/4995 4072/5265/5012
f 4063/5256/4995 4073/5266/5013 4072/5265/5012
f 4063/5256/4995 4065/5258/4997 4073/5266/5013
f 4063/5256/4995 4071/5264/5010 4074/5267/5016
f 4071/5264/5010 4075/5268/5017 4074/5267/5016
f 4071/5264/5010 3643/4750/5008 4075/5268/5017
f 4076/5269/5018 3650/4766/5020 4077/5270/5019
f 3650/4766/5020 4076/5269/5018 3651/4768/5021
f 4076/5269/5018 3652/4769/5022 3651/4768/5021
f 4076/5269/5018 4075/5268/5017 3652/4769/5022
f 4075/5268/5017 3644/4751/5023 3652/4769/5022
f 4075/5268/5017 3643/4750/5008 3644/4751/5023
f 4078/5271/5024 4080/5273/5026 4079/5272/5025
f 4080/5273/5026 4081/5274/5027 4079/5272/5025
f 4080/5273/5026 4082/5275/5028 4081/5274/5027
f 4082/5275/5028 3964/5111/4819 4081/5274/5027
f 3964/5111/4819 4083/5276/5029 4081/5274/5027
f 3964/5111/4819 3981/5138/4839 4083/5276/5029
f 3954/5098/4806 4085/5278/5031 4084/5277/5030
f 4084/5277/5030 4085/5278/5031 3249/5279/5032
f 4085/5278/5031 3251/5280/5033 3249/5279/5032
f 4085/5278/5031 4086/5281/5034 3251/5280/5033
f 3954/5098/4806 3955/5099/4808 4085/5278/5031
f 3955/5099/4808 4087/5282/5035 4085/5278/5031
f 3955/5099/4808 3957/5101/4812 4087/5282/5035
f 4088/5283/5036 3957/5101/4812 3959/5103/4814
f 3964/5111/4819 4082/5275/5028 3959/5103/4814
f 4082/5275/5028 4088/5283/5036 3959/5103/4814
f 4082/5275/5028 4080/5273/5026 4088/5283/5036
f 3957/5101/4812 4088/5283/5036 4087/5282/5035
f 4088/5283/5036 4089/5284/5037 4087/5282/5035
f 4088/5283/5036 4080/5273/5026 4089/5284/5037
f 4086/5281/5034 4085/5278/5031 4090/5285/5038
f 4085/5278/5031 4091/5286/5039 4090/5285/5038
f 4085/5278/5031 4087/5282/5035 4091/5286/5039
f 4087/5282/5035 4092/5287/5040 4091/5286/5039
f 4087/5282/5035 4089/5284/5037 4092/5287/5040
f 3251/5280/5033 4086/5281/5034 3254/5288/5041
f 4086/5281/5034 3253/5289/5042 3254/5288/5041
f 4086/5281/5034 4093/5290/5043 3253/5289/5042
f 4092/5287/5040 4093/5290/5043 4091/5286/5039
f 4093/5290/5043 4090/5285/5038 4091/5286/5039
f 4093/5290/5043 4086/5281/5034 4090/5285/5038
f 4093/5290/5043 4092/5287/5040 4094/5291/5044
f 4092/5287/5040 4095/5292/5045 4094/5291/5044
f 4092/5287/5040 4096/5284/5046 4095/5292/5045
f 4096/5284/5046 4078/5271/5024 4095/5292/5045
f 4096/5284/5046 4080/5273/5026 4078/5271/5024
f 4097/5293/5047 4099/5295/5049 4098/5294/5048
f 4099/5295/5049 4100/5296/5050 4098/5294/5048
f 4101/5297/5051 4103/5299/5053 4102/5298/5052
f 4103/5299/5053 4104/5300/5054 4102/5298/5052
f 4103/5299/5053 4105/5301/5055 4104/5300/5054
f 4105/5301/5055 3217/4153/5057 3219/4155/5056
f 3217/4153/5057 4105/5301/5055 3216/4152/5058
f 4105/5301/5055 4106/5302/5059 3216/4152/5058
f 4105/5301/5055 4107/5303/5060 4106/5302/5059
f 4107/5303/5060 4108/5304/5061 4106/5302/5059
f 3228/5305/5062 4109/5307/5064 3226/5306/5063
f 4109/5307/5064 3224/5308/5065 3226/5306/5063
f 4109/5307/5064 4110/5309/5066 3224/5308/5065
f 4110/5309/5066 3222/4158/5067 3224/5308/5065
f 4110/5309/5066 3220/4156/5068 3222/4158/5067
f 3253/5289/5042 4093/5290/5043 3252/5310/5069
f 4093/5290/5043 3228/5305/5062 3252/5310/5069
f 4111/5311/5070 4104/5300/5054 4109/5307/5064
f 4104/5300/5054 4110/5309/5066 4109/5307/5064
f 4104/5300/5054 4105/5301/5055 4110/5309/5066
f 4105/5301/5055 3220/4156/5068 4110/5309/5066
f 4105/5301/5055 3219/4155/5056 3220/4156/5068
f 4112/5312/5071 4114/5314/5073 4113/5313/5072
f 4114/5314/5073 4115/5315/5074 4113/5313/5072
f 4114/5314/5073 4116/5316/5075 4115/5315/5074
f 4116/5316/5075 4099/5295/5049 4115/5315/5074
f 4116/5316/5075 4117/5317/5076 4099/5295/5049
f 4117/5317/5076 4100/5296/5050 4099/5295/5049
f 4113/5313/5072 4115/5315/5074 4111/5311/5070
f 4115/5315/5074 4104/5300/5054 4111/5311/5070
f 4115/5315/5074 4099/5295/5049 4104/5300/5054
f 4099/5295/5049 4102/5298/5052 4104/5300/5054
f 4099/5295/5049 4097/5293/5047 4102/5298/5052
f 4097/5293/5047 4101/5297/5051 4102/5298/5052
f 3228/5305/5062 4093/5290/5043 4109/5307/5064
f 4093/5290/5043 4111/5311/5070 4109/5307/5064
f 4093/5290/5043 4094/5291/5044 4111/5311/5070
f 4094/5291/5044 4113/5313/5072 4111/5311/5070
f 4094/5291/5044 4095/5292/5045 4113/5313/5072
f 4095/5292/5045 4112/5312/5071 4113/5313/5072
f 4095/5292/5045 4078/5271/5024 4112/5312/5071
f 4118/5318/5077 4116/5316/5075 4119/5319/5078
f 4116/5316/5075 4114/5314/5073 4119/5319/5078
f 4114/5314/5073 4120/5320/5079 4119/5319/5078
f 4114/5314/5073 4112/5312/5071 4120/5320/5079
f 4112/5312/5071 4079/5272/5025 4120/5320/5079
f 4112/5312/5071 4078/5271/5024 4079/5272/5025
f 4116/5316/5075 4118/5318/5077 4117/5317/5076
f 4118/5318/5077 4100/5296/5050 4117/5317/5076
f 4118/5318/5077 4062/5255/4994 4100/5296/5050
f 4062/5255/4994 4063/5256/4995 4100/5296/5050
f 4108/5304/5061 4107/5303/5060 4077/5270/5019
f 4107/5303/5060 4076/5269/5018 4077/5270/5019
f 4075/5268/5017 4076/5269/5018 4103/5299/5053
f 4076/5269/5018 4105/5301/5055 4103/5299/5053
f 4076/5269/5018 4107/5303/5060 4105/5301/5055
f 4098/5294/5048 4075/5268/5017 4097/5293/5047
f 4075/5268/5017 4101/5297/5051 4097/5293/5047
f 4075/5268/5017 4103/5299/5053 4101/5297/5051
f 4075/5268/5017 4098/5294/5048 4074/5267/5016
f 4098/5294/5048 4063/5256/4995 4074/5267/5016
f 4098/5294/5048 4100/5296/5050 4063/5256/4995
f 4106/5302/5059 3215/4151/5080 3216/4152/5058
f 4106/5302/5059 4108/5304/5061 3215/4151/5080
f 4108/5304/5061 3213/4149/5081 3215/4151/5080
f 4108/5304/5061 3211/4144/5082 3213/4149/5081
f 4108/5304/5061 4077/5270/5019 3211/4144/5082
f 4077/5270/5019 3210/4143/5083 3211/4144/5082
f 4077/5270/5019 3650/4766/5020 3210/4143/5083
f 3208/4135/5084 3209/4140/5085 4060/5252/4971
f 3209/4140/5085 3564/4619/4981 4060/5252/4971
s 0
f 3209/4140/5086 3202/4141/5088 3564/4619/5087
s 1
f 3202/4141/5089 3650/4766/5020 3564/4619/5087
f 3202/4141/5089 3203/4142/5090 3650/4766/5020
f 3203/4142/5090 3210/4143/5083 3650/4766/5020
f 3122/4015/5091 4059/5246/4959 3127/4020/4961
f 4060/5252/4971 3206/4134/5092 3208/4135/5084
f 3199/4123/5093 3201/4124/5094 4061/5253/4974
f 3201/4124/5094 4060/5252/4971 4061/5253/4974
f 3201/4124/5094 3205/4128/5095 4060/5252/4971
f 3205/4128/5095 3206/4134/5092 4060/5252/4971
f 3122/4015/5091 3123/4016/5096 4059/5246/4959
f 3239/5321/5097 3125/4018/5099 3237/5322/5098
f 3125/4018/5099 3235/5323/5100 3237/5322/5098
f 3125/4018/5099 3233/5324/5101 3235/5323/5100
f 4059/5246/4959 3193/5325/5102 4058/5245/4957
f 3125/4018/5099 3239/5321/5097 3123/4016/5096
f 3239/5321/5097 4059/5246/4959 3123/4016/5096
f 3239/5321/5097 3240/5326/5103 4059/5246/4959
f 3240/5326/5103 3193/5325/5102 4059/5246/4959
f 3199/4123/5093 4061/5253/4974 3198/5327/5104
f 4061/5253/4974 3197/4116/5105 3198/5327/5104
f 4061/5253/4974 4058/5245/4957 3197/4116/5105
f 4058/5245/4957 3195/4115/5106 3197/4116/5105
f 4058/5245/4957 3193/5325/5102 3195/4115/5106
f 3126/4019/5107 3233/5324/5101 3125/4018/5099
s 0
f 4121/5328/5108 3110/5330/5108 3108/5329/5108
s 1
f 4121/5328/5108 3954/5098/4806 3110/5330/5108
f 3954/5098/4806 3115/5331/5108 3110/5330/5108
f 3954/5098/4806 3114/5332/5108 3115/5331/5108
f 3116/5333/5108 3111/5334/5108 4084/5277/5030
f 3111/5334/5108 3954/5098/4806 4084/5277/5030
f 3111/5334/5108 3112/5335/5108 3954/5098/4806
f 3112/5335/5108 3114/5332/5108 3954/5098/4806
s 0
f 3231/5336/5107 3118/4014/5107 3230/5337/5107
f 3118/4014/4821 3245/5338/4821 3230/5337/4821
f 3118/4014/5109 3116/5333/5109 3245/5338/5109
s 1
f 3242/5339/5108 4084/5277/5030 3241/5340/5110
f 3116/5333/5108 4084/5277/5030 3245/5338/5108
f 4084/5277/5030 3244/5341/5108 3245/5338/5108
f 4084/5277/5030 3242/5339/5108 3244/5341/5108
f 3241/5340/5110 4084/5277/5030 3248/5342/5108
f 4084/5277/5030 3247/5343/5108 3248/5342/5108
f 4084/5277/5030 3256/5344/5108 3247/5343/5108
f 3256/5344/5108 4084/5277/5030 3255/5345/5111
f 4084/5277/5030 3250/5346/5112 3255/5345/5111
f 4084/5277/5030 3249/5279/5032 3250/5346/5112
s 0
f 3126/4019/5107 3120/4011/5107 3233/5324/5101
f 3231/5336/5107 3233/5324/5101 3118/4014/5107
f 3233/5324/5101 3121/4013/5108 3118/4014/5108
f 3233/5324/5101 3120/4011/5108 3121/4013/5108
s 1
f 3954/5098/4806 3145/4049/5108 3147/4051/4805
f 3145/4049/5108 3954/5098/4806 3155/4059/4821
f 3954/5098/4806 3154/4058/4821 3155/4059/4821
f 3954/5098/4806 3153/4057/5108 3154/4058/4821
f 3172/5347/4821 3997/5160/4855 3171/5348/4821
f 3153/4057/5108 3954/5098/4806 3152/4056/4821
f 3954/5098/4806 3158/4067/5108 3152/4056/4821
f 3954/5098/4806 4121/5328/5108 3158/4067/5108
s 0
f 4121/5328/4821 3157/4063/4821 3158/4067/4821
f 4121/5328/5107 3156/4062/5107 3157/4063/5113
f 3156/4062/4821 4121/5328/4821 3134/5349/4821
f 4121/5328/5107 3133/5350/5107 3134/5349/5107
f 4121/5328/4821 3162/4073/4821 3133/5350/4821
f 3162/4073/4821 4121/5328/4821 3160/4072/4821
f 4121/5328/5108 3159/5351/5108 3160/4072/5108
f 4121/5328/5108 3167/5352/5108 3159/5351/5108
f 3167/5352/4821 4121/5328/4821 3166/4080/4821
f 4121/5328/5110 3164/4079/5110 3166/4080/5110
s 1
f 4121/5328/4821 3997/5160/4855 3164/4079/4821
f 3997/5160/4855 3163/5353/4821 3164/4079/4821
f 3997/5160/4855 3172/5347/4821 3163/5353/4821
f 3171/5348/4821 3997/5160/4855 3169/5354/4821
f 3997/5160/4855 3168/5355/4821 3169/5354/4821
f 3997/5160/4855 3177/5356/4821 3168/5355/4821
f 3177/5356/4821 3997/5160/4855 3176/5357/5108
f 3997/5160/4855 3174/5358/5108 3176/5357/5108
f 3997/5160/4855 3173/5161/4856 3174/5358/5108
f 3067/5359/4820 3997/5160/4855 3071/5360/4821
f 3997/5160/4855 3070/5361/4821 3071/5360/4821
f 3997/5160/4855 3069/5362/4821 3070/5361/4821
s 0
f 3076/3956/5114 3032/3900/5114 4121/5328/5114
s 1
f 3032/3900/4821 3997/5160/4855 4121/5328/4821
f 3032/3900/4821 3033/3901/5108 3997/5160/4855
f 3033/3901/5108 3069/5362/4821 3997/5160/4855
s 0
f 3076/3956/5108 4121/5328/5108 3075/3955/5108
f 4121/5328/4821 3073/3953/4821 3075/3955/4821
f 4121/5328/5108 3072/3952/5108 3073/3953/5108
f 3072/3952/5108 4121/5328/5108 3081/3961/5108
f 4121/5328/4821 3080/3960/4821 3081/3961/4821
f 4121/5328/5108 3078/3958/5108 3080/3960/5108
s 1
f 3083/3963/4821 4024/5198/4896 3082/3962/4821
s 0
f 3078/3958/4821 4121/5328/4821 3077/3957/4821
f 4121/5328/5115 3086/3966/5115 3077/3957/5115
s 1
f 4121/5328/5108 4024/5198/4896 3086/3966/5108
f 4024/5198/4896 3085/3965/5108 3086/3966/5108
f 4024/5198/4896 3083/3963/4821 3085/3965/5108
f 3082/3962/4821 4024/5198/4896 3089/3971/5108
f 4024/5198/4896 3088/3970/5108 3089/3971/5108
f 4024/5198/4896 4122/5363/5116 3088/3970/5108
f 4122/5363/5116 3087/5364/4821 3088/3970/5108
f 4122/5363/5116 3035/5365/5117 3087/5364/4821
s 0
f 3326/5247/4963 3092/4023/5107 3130/4024/5118
f 3099/5366/5107 3096/5368/5107 3314/5367/5107
f 3096/5368/5107 3313/5369/5119 3314/5367/5107
f 3313/5369/5120 3096/5368/5108 3320/5370/5108
f 3096/5368/4821 3319/5371/4821 3320/5370/4821
f 3096/5368/5107 3323/5372/5107 3319/5371/5107
f 3092/4023/5121 3326/5247/4963 3091/5373/5121
f 3326/5247/4963 3094/5374/5107 3091/5373/5107
f 3326/5247/4963 3321/5375/5108 3094/5374/5108
f 3321/5375/5108 3096/5368/5108 3094/5374/5108
f 3321/5375/5121 3322/5376/5121 3096/5368/5121
f 3322/5376/5107 3323/5372/5107 3096/5368/5107
s 1
f 4023/5197/4895 3316/5377/5108 3317/5199/4897
f 3316/5377/5108 4023/5197/4895 3314/5367/5108
f 4023/5197/4895 3099/5366/5108 3314/5367/5108
f 4023/5197/4895 4024/5198/4896 3099/5366/5108
f 4024/5198/4896 3098/5378/5107 3099/5366/5108
f 4024/5198/4896 3104/5379/5107 3098/5378/5107
s 0
f 3100/5380/5122 3101/5381/5122 4121/5328/5122
s 1
f 3101/5381/5108 4024/5198/4896 4121/5328/5108
f 3101/5381/5108 3103/5382/5108 4024/5198/4896
f 3103/5382/5108 3104/5379/5107 4024/5198/4896
s 0
f 3100/5380/5122 4121/5328/5108 3105/5383/5108
f 4121/5328/5108 3107/5384/5108 3105/5383/5108
f 4121/5328/5108 3108/5329/5108 3107/5384/5108
s 1
f 3035/5365/5117 4123/5386/5124 3037/5385/5123
f 4123/5386/5124 3039/5387/5125 3037/5385/5123
f 3035/5365/5117 4122/5363/5116 4123/5386/5124
f 4122/5363/5116 4022/5196/4894 4123/5386/5124
f 4122/5363/5116 4024/5198/4896 4022/5196/4894
f 4124/5388/5126 4125/5389/5127 4017/5191/4889
f 4125/5389/5127 4018/5192/4890 4017/5191/4889
f 4125/5389/5127 4020/5194/4892 4018/5192/4890
f 4043/5227/4919 4126/5390/5128 4013/5187/4885
f 4126/5390/5128 4015/5189/4887 4013/5187/4885
f 3048/5391/5129 4127/5393/5131 3046/5392/5130
f 3044/5394/5132 4128/5396/5134 3043/5395/5133
f 4128/5396/5134 3040/3912/5135 3043/5395/5133
f 4128/5396/5134 4129/5397/5136 3040/3912/5135
f 4129/5397/5136 3041/3914/5137 3040/3912/5135
f 3041/3914/5137 4129/5397/5136 3049/5398/5138
f 4129/5397/5136 3048/5391/5129 3049/5398/5138
f 4129/5397/5136 4028/5205/4903 3048/5391/5129
f 4028/5205/4903 4127/5393/5131 3048/5391/5129
f 4028/5205/4903 4025/5202/4900 4127/5393/5131
f 4020/5194/4892 4125/5389/5127 4022/5196/4894
f 4125/5389/5127 4123/5386/5124 4022/5196/4894
f 4125/5389/5127 4128/5396/5134 4123/5386/5124
f 4128/5396/5134 3039/5387/5125 4123/5386/5124
f 4128/5396/5134 3044/5394/5132 3039/5387/5125
f 4130/5399/5139 4132/5401/5141 4131/5400/5140
f 4130/5399/5139 4126/5390/5128 4132/5401/5141
f 4126/5402/5128 4041/5221/4917 4132/5403/5141
f 4126/5390/5128 4043/5227/4919 4041/5404/4917
f 4038/5217/4913 4036/5215/4911 4041/5221/4917
f 4036/5215/4911 4132/5403/5141 4041/5221/4917
f 4036/5215/4911 4034/5212/4909 4132/5403/5141
f 4034/5211/4909 4131/5400/5140 4132/5401/5141
f 4034/5211/4909 4032/5209/4907 4131/5400/5140
f 4032/5209/4907 4030/5207/4905 4131/5400/5140
f 4028/5205/4903 4129/5397/5136 4030/5207/4905
f 4129/5397/5136 4131/5400/5140 4030/5207/4905
f 4129/5397/5136 4128/5396/5134 4131/5400/5140
f 4128/5396/5134 4130/5399/5139 4131/5400/5140
f 4128/5396/5134 4125/5389/5127 4130/5399/5139
f 4125/5389/5127 4126/5390/5128 4130/5399/5139
f 4125/5389/5127 4124/5388/5126 4126/5390/5128
f 4124/5388/5126 4015/5189/4887 4126/5390/5128
f 4124/5388/5126 4017/5191/4889 4015/5189/4887
f 3052/5405/4821 4025/5202/4900 3051/5406/5142
f 3046/5392/5130 4127/5393/5131 3045/5407/4821
f 4127/5393/5131 3054/5408/4821 3045/5407/4821
f 4127/5393/5131 4025/5202/4900 3054/5408/4821
f 4025/5202/4900 3053/5409/4821 3054/5408/4821
f 4025/5202/4900 3052/5405/4821 3053/5409/4821
f 4025/5202/4900 4026/5203/4901 3051/5406/5142
f 4026/5203/4901 3057/5410/5143 3051/5406/5142
f 3057/5410/5143 4026/5203/4901 3056/5411/5144
f 4026/5203/4901 3055/5412/5145 3056/5411/5144
f 4026/5203/4901 3058/5413/5146 3055/5412/5145
f 3058/5413/5146 4026/5203/4901 3060/5414/5147
f 4026/5203/4901 3065/5415/5148 3060/5414/5147
f 4026/5203/4901 3996/5159/4854 3065/5415/5148
f 3996/5159/4854 3064/5416/5149 3065/5415/5148
f 3996/5159/4854 3063/5417/5150 3064/5416/5149
f 3067/5359/4820 3068/5418/5151 3997/5160/4855
f 3068/5418/5151 3996/5159/4854 3997/5160/4855
f 3068/5418/5151 3062/5419/5152 3996/5159/4854
f 3062/5419/5152 3063/5417/5150 3996/5159/4854
f 3996/5159/4854 4026/5203/4901 3995/5158/4853
f 4026/5203/4901 3994/5157/4852 3995/5158/4853
f 4026/5203/4901 4133/5420/5153 3994/5157/4852
f 4133/5420/5153 3993/5156/4851 3994/5157/4852
f 4133/5420/5153 4134/5421/5154 3993/5156/4851
f 4135/5422/5155 4037/5216/4912 4136/5423/5156
f 4029/5206/4904 4138/5425/5158 4137/5424/5157
f 4029/5206/4904 4137/5424/5157 4027/5204/4902
f 4137/5424/5157 4026/5203/4901 4027/5204/4902
f 4137/5424/5157 4133/5420/5153 4026/5203/4901
f 4139/5426/5159 4140/5427/5160 4136/5423/5156
f 4140/5427/5160 4135/5422/5155 4136/5423/5156
f 4140/5427/5160 4141/5428/5161 4135/5422/5155
f 4141/5428/5161 4142/5429/5162 4135/5422/5155
f 4141/5428/5161 4143/5430/5163 4142/5429/5162
f 4143/5431/5163 4144/5433/5164 4142/5432/5162
f 4143/5431/5163 4134/5421/5154 4144/5433/5164
f 4035/5214/4910 4138/5434/5158 4033/5213/4908
f 4138/5425/5158 4031/5208/4906 4033/5210/4908
f 4138/5425/5158 4029/5206/4904 4031/5208/4906
f 4037/5216/4912 4135/5422/5155 4035/5214/4910
f 4135/5422/5155 4138/5434/5158 4035/5214/4910
f 4135/5422/5155 4142/5429/5162 4138/5434/5158
f 4142/5432/5162 4137/5424/5157 4138/5425/5158
f 4142/5432/5162 4144/5433/5164 4137/5424/5157
f 4144/5433/5164 4133/5420/5153 4137/5424/5157
f 4144/5433/5164 4134/5421/5154 4133/5420/5153
f 4145/5435/5165 4147/5437/5167 4146/5436/5166
f 4037/5216/4912 2590/5218/4914 4136/5423/5156
f 2590/5218/4914 4139/5426/5159 4136/5423/5156
f 2590/5218/4914 4148/5438/5168 4139/5426/5159
f 4148/5438/5168 4149/5439/5169 4139/5426/5159
f 4149/5439/5169 4150/5440/5170 4139/5426/5159
f 4149/5439/5169 4147/5437/5167 4150/5440/5170
f 4147/5437/5167 4151/5441/5171 4150/5440/5170
f 4147/5437/5167 4145/5435/5165 4151/5441/5171
f 4152/5442/5172 4154/5444/5174 4153/5443/5173
f 4155/5445/5175 4154/5447/5174 4156/5446/5176
f 4154/5447/5174 3943/5086/4791 4156/5446/5176
f 4154/5447/5174 4152/5448/5172 3943/5086/4791
f 4152/5449/5172 3945/5451/4793 3943/5450/4791
f 4151/5441/5171 4157/5452/5177 4150/5440/5170
f 4151/5441/5171 4145/5435/5165 4157/5452/5177
f 4146/5436/5166 3910/5453/4758 4145/5435/5165
f 3910/5453/4758 4157/5452/5177 4145/5435/5165
f 3910/5453/4758 3916/5454/4764 4157/5452/5177
f 3916/5454/4764 4158/5455/5178 4157/5452/5177
f 3916/5454/4764 3913/5456/4761 4158/5455/5178
f 3913/5456/4761 3937/5457/4785 4158/5455/5178
f 4159/5458/5179 4155/5445/5175 4156/5446/5176
f 3945/5088/4793 4152/5448/5172 3938/5081/4786
f 4152/5448/5172 3937/5080/4785 3938/5081/4786
f 4152/5448/5172 4153/5459/5173 3937/5080/4785
f 4153/5443/5173 4158/5455/5178 3937/5457/4785
f 4153/5443/5173 4154/5444/5174 4158/5455/5178
f 4154/5460/5174 4160/5462/5180 4158/5461/5178
f 4154/5463/5174 4155/5465/5175 4160/5464/5180
f 4155/5465/5175 4161/5466/5181 4160/5464/5180
f 4155/5445/5175 4159/5458/5179 4161/5467/5181
f 4134/5421/5154 4160/5468/5180 4161/5467/5181
f 4134/5469/5154 4143/5430/5163 4160/5470/5180
f 4143/5430/5163 4158/5455/5178 4160/5470/5180
f 4143/5430/5163 4141/5428/5161 4158/5455/5178
f 4141/5428/5161 4157/5452/5177 4158/5455/5178
f 4141/5428/5161 4140/5427/5160 4157/5452/5177
f 4140/5427/5160 4150/5440/5170 4157/5452/5177
f 4140/5427/5160 4139/5426/5159 4150/5440/5170
f 3993/5156/4851 4134/5421/5154 4162/5471/5182
f 4134/5421/5154 4161/5467/5181 4162/5471/5182
f 3982/5139/4840 3993/5156/4851 3704/4830/4551
f 3993/5156/4851 4162/5471/5182 3704/4830/4551
f 4162/5471/5182 4163/5472/5183 3704/4830/4551
f 4163/5472/5183 3707/4832/4554 3704/4830/4551
f 4163/5472/5183 4164/5473/5184 3707/4832/4554
f 4164/5473/5184 3709/4834/4556 3707/4832/4554
f 4164/5473/5184 4165/5474/5185 3709/4834/4556
f 4165/5474/5185 3717/4846/4564 3709/4834/4556
f 3717/4846/4564 4166/5475/5186 3716/4845/4563
f 4166/5475/5186 3717/4846/4564 4167/5476/5186
f 3717/4846/4564 4168/5477/5186 4167/5476/5186
f 3717/4846/4564 4165/5474/5185 4168/5477/5186
f 4165/5474/5185 4169/5478/5186 4168/5477/5186
f 4165/5474/5185 4170/5479/5186 4169/5478/5186
f 4171/5480/5187 3948/5091/4796 4172/5481/5188
f 3948/5091/4796 4173/5482/5189 4172/5481/5188
f 3948/5091/4796 3949/5092/4797 4173/5482/5189
f 3949/5092/4797 3947/5090/4795 4173/5482/5189
f 4161/5467/5181 4159/5458/5179 4162/5471/5182
f 4159/5458/5179 4163/5472/5183 4162/5471/5182
f 4159/5458/5179 4156/5446/5176 4163/5472/5183
f 4156/5446/5176 3943/5086/4791 4163/5472/5183
f 4170/5479/5186 4165/5474/5185 4174/5483/5186
f 4165/5474/5185 4171/5480/5187 4174/5483/5186
f 4165/5474/5185 4164/5473/5184 4171/5480/5187
f 4164/5473/5184 3948/5091/4796 4171/5480/5187
f 4164/5473/5184 4163/5472/5183 3948/5091/4796
f 4163/5472/5183 3944/5087/4792 3948/5091/4796
f 4163/5472/5183 3943/5086/4791 3944/5087/4792
f 2994/5484/2151 3942/5085/4790 3932/5075/4780
f 3941/5084/4789 3947/5090/4795 3940/5083/4788
f 2990/3828/2151 3000/3826/2151 4171/5480/5187
f 3000/3826/2151 4174/5483/5186 4171/5480/5187
f 3000/3826/2151 4170/5479/5186 4174/5483/5186
f 3942/5085/4790 2994/5484/2151 3941/5084/4789
f 2994/5484/2151 3947/5090/4795 3941/5084/4789
f 2994/5484/2151 2992/5485/2151 3947/5090/4795
f 2992/5485/2151 4173/5482/5189 3947/5090/4795
f 2992/5485/2151 2990/3828/2151 4173/5482/5189
f 2990/3828/2151 4172/5481/5188 4173/5482/5189
f 2990/3828/2151 4171/5480/5187 4172/5481/5188
f 3927/5070/4775 2994/5484/2151 3924/5067/4772
f 2994/5484/2151 3925/5068/4773 3924/5067/4772
f 3927/5070/4775 3928/5071/4776 2994/5484/2151
f 3928/5071/4776 2996/5486/2151 2994/5484/2151
f 3928/5071/4776 3929/5072/4777 2996/5486/2151
f 2875/3697/3865 2891/3713/3881 3025/5487/2151
f 2891/3713/3881 3027/5488/2151 3025/5487/2151
f 2891/3713/3881 2892/3714/3882 3027/5488/2151
f 2892/3714/3882 3029/5489/2151 3027/5488/2151
f 2892/3714/3882 2893/3715/3883 3029/5489/2151
f 3031/5490/2151 3029/5489/2151 2885/3707/3875
f 3029/5489/2151 2894/3716/3883 2885/3707/3875
f 3029/5489/2151 2893/3715/3883 2894/3716/3883
f 3933/5076/4781 3930/5073/4778 3932/5075/4780
f 3930/5073/4778 2994/5484/2151 3932/5075/4780
f 3930/5073/4778 3926/5069/4774 2994/5484/2151
f 3926/5069/4774 3925/5068/4773 2994/5484/2151
f 2887/3709/3877 3031/5490/2151 2886/3708/3876
f 3031/5490/2151 2889/3711/3879 2886/3708/3876
f 3031/5490/2151 2885/3707/3875 2889/3711/3879
f 2875/3697/3865 3025/5487/2151 3817/4960/4665
f 3025/5487/2151 3818/4961/4666 3817/4960/4665
f 3025/5487/2151 3024/5491/2151 3818/4961/4666
f 3024/5491/2151 3821/4964/4669 3818/4961/4666
f 3024/5491/2151 3022/5492/2151 3821/4964/4669
f 3022/5492/2151 3836/4979/4684 3821/4964/4669
f 3022/5492/2151 3020/5493/2151 3836/4979/4684
f 3020/5493/2151 3837/4980/4685 3836/4979/4684
f 3020/5493/2151 3018/5494/2151 3837/4980/4685
f 3018/5494/2151 3840/4983/4688 3837/4980/4685
f 3018/5494/2151 3016/5495/2151 3840/4983/4688
f 3016/5495/2151 3839/4982/4687 3840/4983/4688
f 3016/5495/2151 2957/5496/2151 3839/4982/4687
f 3854/4997/4702 2989/5497/2151 3895/5038/4743
f 2989/5497/2151 3893/5036/4741 3895/5038/4743
f 2989/5497/2151 2986/5498/2151 3893/5036/4741
f 2986/5498/2151 3892/5035/4740 3893/5036/4741
f 2986/5498/2151 2996/5486/2151 3892/5035/4740
f 2996/5486/2151 3897/5040/4745 3892/5035/4740
f 2996/5486/2151 3929/5072/4777 3897/5040/4745
f 3869/5012/4717 2962/5499/2151 3867/5010/4715
f 3865/5008/4713 3839/4982/4687 2952/5500/2151
f 3839/4982/4687 2955/5501/2151 2952/5500/2151
f 3839/4982/4687 2957/5496/2151 2955/5501/2151
f 3854/4997/4702 3855/4998/4703 2989/5497/2151
f 3855/4998/4703 2982/5502/2151 2989/5497/2151
f 3855/4998/4703 3872/5015/4720 2982/5502/2151
f 2962/5499/2151 3869/5012/4717 2965/5503/2151
f 3869/5012/4717 2958/5504/2151 2965/5503/2151
f 3869/5012/4717 3865/5008/4713 2958/5504/2151
f 3865/5008/4713 2961/5505/2151 2958/5504/2151
f 3865/5008/4713 2952/5500/2151 2961/5505/2151
f 3871/5014/4719 2978/5506/2151 3870/5013/4718
f 3872/5015/4720 3870/5013/4718 2982/5502/2151
f 3870/5013/4718 2985/5507/2151 2982/5502/2151
f 3870/5013/4718 2978/5506/2151 2985/5507/2151
f 2978/5506/2151 3871/5014/4719 2981/5508/2151
f 3871/5014/4719 2974/5509/2151 2981/5508/2151
f 3871/5014/4719 3873/5016/4721 2974/5509/2151
f 2974/5509/2151 3873/5016/4721 2977/5510/2151
f 3873/5016/4721 2970/5511/2151 2977/5510/2151
f 3873/5016/4721 3874/5017/4722 2970/5511/2151
f 3874/5017/4722 2973/5512/2151 2970/5511/2151
f 3874/5017/4722 3866/5009/4714 2973/5512/2151
f 3866/5009/4714 2966/5513/2151 2973/5512/2151
f 3866/5009/4714 3867/5010/4715 2966/5513/2151
f 3867/5010/4715 2969/5514/2151 2966/5513/2151
f 3867/5010/4715 2962/5499/2151 2969/5514/2151
f 4167/5476/5186 2998/3824/2151 4166/5475/5186
f 3000/3826/2151 4169/5478/5186 4170/5479/5186
f 2998/3824/2151 3003/3831/2151 4166/5475/5186
f 3003/3831/2151 3716/4845/4563 4166/5475/5186
f 3003/3831/2151 3715/4844/4562 3716/4845/4563
f 2887/3709/3877 2898/3720/3886 3031/5490/2151
f 2898/3720/3886 2899/3721/3879 3031/5490/2151
f 3680/4800/4527 3681/4801/4528 3003/3831/2151
f 3681/4801/4528 3682/4802/4529 3003/3831/2151
f 3000/3826/2151 2998/3824/2151 4169/5478/5186
f 2998/3824/2151 4168/5477/5186 4169/5478/5186
f 2998/3824/2151 4167/5476/5186 4168/5477/5186
f 3013/5515/2151 3011/5516/2151 2916/3738/3901
f 3011/5516/2151 2911/3733/3897 2916/3738/3901
f 3011/5516/2151 3009/5517/2151 2911/3733/3897
f 3009/5517/2151 2912/3734/3898 2911/3733/3897
f 3009/5517/2151 2913/3735/3888 2912/3734/3898
f 3680/4800/4527 3003/3831/2151 3687/4809/4534
f 3003/3831/2151 3728/4863/4575 3687/4809/4534
f 3003/3831/2151 3001/3829/2151 3728/4863/4575
f 3001/3829/2151 3729/4864/4576 3728/4863/4575
f 3001/3829/2151 3730/4865/4577 3729/4864/4576
f 3715/4844/4562 3003/3831/2151 3714/4843/4561
f 3003/3831/2151 3713/4842/4560 3714/4843/4561
f 3003/3831/2151 3699/4821/4546 3713/4842/4560
f 2913/3735/3888 3009/5517/2151 2902/3724/3888
f 3009/5517/2151 2901/3723/3888 2902/3724/3888
f 3009/5517/2151 3031/5490/2151 2901/3723/3888
f 3031/5490/2151 2900/3722/3887 2901/3723/3888
f 3031/5490/2151 2899/3721/3879 2900/3722/3887
f 3005/5518/2151 3013/5515/2151 3799/4942/4647
f 3013/5515/2151 3808/4951/4656 3799/4942/4647
f 3808/4951/4656 3013/5515/2151 3812/4955/4660
f 3013/5515/2151 2914/3736/3899 3812/4955/4660
f 3013/5515/2151 2916/3738/3901 2914/3736/3899
f 3730/4865/4577 3001/3829/2151 3732/4867/4579
f 3001/3829/2151 3752/4891/4599 3732/4867/4579
f 3001/3829/2151 2951/3775/2151 3752/4891/4599
f 2951/3775/2151 3751/4890/4598 3752/4891/4599
f 2951/3775/2151 2949/3773/2151 3751/4890/4598
f 3699/4821/4546 3003/3831/2151 3693/4815/4540
f 3003/3831/2151 3683/4803/4530 3693/4815/4540
f 3003/3831/2151 3682/4802/4529 3683/4803/4530
f 2940/5519/2151 2939/5520/2151 3769/4912/4617
f 2939/5520/2151 4175/5521/5190 3769/4912/4617
f 2939/5520/2151 2937/5522/2151 4175/5521/5190
f 2949/3773/2151 2946/3770/2151 3751/4890/4598
f 2946/3770/2151 3767/4910/4615 3751/4890/4598
f 2946/3770/2151 2945/3768/2151 3767/4910/4615
f 2945/3768/2151 4176/5523/5191 3767/4910/4615
f 2945/3768/2151 2943/5524/2151 4176/5523/5191
f 2943/5524/2151 4177/5525/5192 4176/5523/5191
f 2943/5524/2151 2940/5519/2151 4177/5525/5192
f 2940/5519/2151 3770/4913/4618 4177/5525/5192
f 2940/5519/2151 3769/4912/4617 3770/4913/4618
f 3796/4939/4644 3005/5518/2151 3795/4938/4643
f 3005/5518/2151 3798/4941/4646 3795/4938/4643
f 3005/5518/2151 3799/4942/4647 3798/4941/4646
f 2937/5522/2151 2934/5526/2151 4175/5521/5190
f 2934/5526/2151 4178/5527/5193 4175/5521/5190
f 2934/5526/2151 3008/5528/2151 4178/5527/5193
f 4178/5527/5193 3008/5528/2151 4179/5529/5194
f 3008/5528/2151 4180/5530/5195 4179/5529/5194
f 3008/5528/2151 4181/5531/5196 4180/5530/5195
f 4181/5531/5196 3008/5528/2151 4182/5532/5197
f 3008/5528/2151 4183/5533/5198 4182/5532/5197
f 3008/5528/2151 3005/5518/2151 4183/5533/5198
f 3005/5518/2151 4184/5534/5199 4183/5533/5198
f 3005/5518/2151 3796/4939/4644 4184/5534/5199
s 0
f 4185/5535/5200 3764/4907/5200 3765/4908/5200
s 1
f 3765/4908/4613 3766/4909/4614 4185/5535/5201
f 3766/4909/4614 4176/5523/5191 4185/5535/5201
f 3766/4909/4614 3767/4910/4615 4176/5523/5191
f 3743/4882/4590 4186/5536/5202 3745/4884/4592
f 3743/4882/4590 3740/5537/4587 3757/4898/4604
f 3740/5537/4587 3741/4897/4588 3757/4898/4604
f 3743/4882/4590 3757/4898/4604 4186/5536/5202
f 3757/4898/4604 4187/5538/5203 4186/5536/5202
f 3757/4898/4604 3758/4899/4605 4187/5538/5203
f 3758/4899/4605 3761/4904/4608 4187/5538/5203
f 3761/4904/4608 4188/5539/5204 4187/5538/5203
f 3761/4904/4608 3759/4902/4606 4188/5539/5204
f 4177/5525/5192 4185/5535/5201 4176/5523/5191
f 4189/5540/5205 3768/4911/4616 4190/5541/5206
f 3759/4902/4606 3764/4907/4612 4188/5539/5204
f 3764/4907/4612 4191/5542/5207 4188/5539/5204
f 3764/4907/4612 4185/5535/5201 4191/5542/5207
f 4185/5535/5201 4189/5540/5205 4191/5542/5207
f 4185/5535/5201 4177/5525/5192 4189/5540/5205
f 4177/5525/5192 3768/4911/4616 4189/5540/5205
f 4177/5525/5192 3770/4913/4618 3768/4911/4616
f 4190/5541/5206 4192/5543/5208 4189/5540/5205
f 4192/5543/5208 4191/5542/5207 4189/5540/5205
f 4192/5543/5208 4193/5544/5209 4191/5542/5207
f 4193/5544/5209 4188/5539/5204 4191/5542/5207
f 4193/5544/5209 4194/5545/5210 4188/5539/5204
f 4194/5545/5210 4187/5538/5203 4188/5539/5204
f 4194/5545/5210 4195/5546/5211 4187/5538/5203
f 4195/5546/5211 4186/5536/5202 4187/5538/5203
f 4195/5546/5211 4196/5547/5212 4186/5536/5202
f 4196/5547/5212 3745/4884/4592 4186/5536/5202
f 4196/5547/5212 3748/4887/4595 3745/4884/4592
f 3769/4912/4617 4175/5521/5190 3768/4911/4616
f 4175/5521/5190 4190/5541/5206 3768/4911/4616
f 4175/5521/5190 4178/5527/5193 4190/5541/5206
f 3797/4940/4645 4184/5534/5199 3796/4939/4644
f 4183/5533/5198 4197/5548/5213 4182/5532/5197
f 4182/5532/5197 4197/5548/5213 4181/5531/5196
f 4197/5548/5213 4180/5530/5195 4181/5531/5196
f 4197/5548/5213 4179/5529/5194 4180/5530/5195
f 3748/4887/4595 4196/5547/5212 4198/5549/5214
f 4196/5547/5212 4199/5550/5215 4198/5549/5214
f 4179/5529/5194 4197/5548/5213 4178/5527/5193
f 4197/5548/5213 4190/5541/5206 4178/5527/5193
f 4197/5548/5213 4200/5551/5216 4190/5541/5206
f 4200/5551/5216 4192/5543/5208 4190/5541/5206
f 4200/5551/5216 4201/5552/5217 4192/5543/5208
f 4201/5552/5217 4193/5544/5209 4192/5543/5208
f 4201/5552/5217 4202/5553/5218 4193/5544/5209
f 4202/5553/5218 4194/5545/5210 4193/5544/5209
f 4202/5553/5218 4199/5550/5215 4194/5545/5210
f 4199/5550/5215 4195/5546/5211 4194/5545/5210
f 4199/5550/5215 4196/5547/5212 4195/5546/5211
f 4184/5534/5199 3797/4940/4645 4183/5533/5198
f 3797/4940/4645 4197/5548/5213 4183/5533/5198
f 3797/4940/4645 3802/4945/4650 4197/5548/5213
f 3802/4945/4650 4200/5551/5216 4197/5548/5213
f 3802/4945/4650 3804/4947/4652 4200/5551/5216
f 3804/4947/4652 4201/5552/5217 4200/5551/5216
f 3804/4947/4652 3806/4949/4654 4201/5552/5217
f 3806/4949/4654 4202/5553/5218 4201/5552/5217
f 3806/4949/4654 3807/4950/4655 4202/5553/5218
f 3807/4950/4655 4199/5550/5215 4202/5553/5218
f 3807/4950/4655 3789/4932/4637 4199/5550/5215
f 3789/4932/4637 4198/5549/5214 4199/5550/5215
f 3748/4887/4595 4203/5554/5219 3747/4886/4594
f 3748/4887/4595 4198/5549/5214 4203/5554/5219
f 4198/5549/5214 3787/4930/4635 4203/5554/5219
f 4198/5549/5214 3789/4932/4637 3787/4930/4635
f 4204/5555/5220 3775/4918/5222 4205/5556/5221
f 4204/5555/5220 2034/3219/5224 3775/4918/5223
f 2034/3219/5224 4206/5557/5225 3775/4918/5223
f 4206/5557/5225 3786/4929/5226 3775/4918/5223
f 4206/5557/5225 1929/3157/5227 3786/4929/5226
f 3786/4929/5226 1929/3157/5227 3792/4935/4640
f 1929/3157/5227 4207/5558/5228 3792/4935/4640
f 4207/5558/5228 4208/5559/5229 3792/4935/4640
f 4208/5559/5229 3791/4934/4639 3792/4935/4640
f 4208/5559/5229 4209/5560/5230 3791/4934/4639
f 4209/5560/5230 3788/4931/4636 3791/4934/4639
f 4209/5560/5230 4210/5561/5231 3788/4931/4636
f 4210/5561/5231 4211/5562/5232 3788/4931/4636
f 4211/5562/5232 3787/4930/4635 3788/4931/4636
f 4211/5562/5232 1813/3072/5233 3787/4930/4635
f 3787/4930/4635 1813/3072/5233 4203/5554/5219
f 1813/3072/5233 4212/5563/5234 4203/5554/5219
f 4212/5563/5234 4213/5564/5235 4203/5554/5219
f 4213/5564/5235 3747/4886/4594 4203/5554/5219
f 4213/5564/5235 1811/3068/5236 3747/4886/4594
f 3742/5565/4589 4214/5566/5238 1935/3168/5237
f 3742/5565/4589 3744/4883/4591 4214/5566/5238
f 3744/4883/4591 4215/5567/5239 4214/5566/5238
f 3744/4883/4591 3746/4885/4593 4215/5567/5239
f 3746/4885/4593 1811/3068/5236 4215/5567/5239
f 3746/4885/4593 3747/4886/4594 1811/3068/5236
f 3691/3223/4538 3742/5565/4589 1935/3168/5237
f 3688/4810/4535 4216/5568/5240 3721/4852/4568
f 4216/5568/5240 3988/5148/4846 3721/4852/4568
f 4216/5568/5240 4217/5569/5241 3988/5148/4846
f 4217/5569/5241 3979/5135/4837 3988/5148/4846
f 4217/5569/5241 1824/5570/5242 3979/5135/4837
f 1824/5570/5242 4218/5571/5243 3979/5135/4837
f 4218/5571/5243 3978/5134/4836 3979/5135/4837
f 4218/5571/5243 4219/5572/5244 3978/5134/4836
f 4219/5572/5244 3977/5133/4835 3978/5134/4836
f 4219/5572/5244 4220/5573/5245 3977/5133/4835
f 4220/5573/5245 3980/5136/4838 3977/5133/4835
f 4220/5573/5245 1828/5574/5246 3980/5136/4838
f 1828/5574/5246 3981/5575/4839 3980/5136/4838
f 1836/5576/5247 4079/5272/5025 4221/5577/5248
f 4079/5272/5025 4081/5274/5027 4221/5577/5248
f 1828/5574/5246 4221/5578/5248 3981/5575/4839
f 4221/5578/5248 4083/5579/5029 3981/5575/4839
f 4221/5578/5248 4081/5580/5027 4083/5579/5029
f 1836/5576/5247 4222/5581/5249 4079/5272/5025
f 4222/5581/5249 4120/5320/5079 4079/5272/5025
f 4222/5581/5249 4223/5582/5250 4120/5320/5079
f 4223/5582/5250 4119/5319/5078 4120/5320/5079
f 4223/5582/5250 4224/5583/5251 4119/5319/5078
f 4224/5583/5251 4118/5318/5077 4119/5319/5078
f 4224/5583/5251 1949/5584/5252 4118/5318/5077
f 1949/5584/5252 4062/5255/4994 4118/5318/5077
f 4225/5585/5253 4064/5257/4996 1949/5584/5252
f 4064/5257/4996 4062/5255/4994 1949/5584/5252
f 3657/5586/5254 3658/5588/5000 4226/5587/5255
f 3658/5588/5000 2610/5589/5256 4226/5587/5255
f 3658/5588/5000 4066/5590/4998 2610/5589/5256
f 4069/5591/5004 2610/5589/5256 4066/5590/4998
f 4069/5591/5004 4067/5592/5001 2610/5589/5256
f 4067/5592/5001 4227/5593/5257 2610/5589/5256
f 4067/5592/5001 4068/5594/5002 4227/5593/5257
f 4068/5594/5002 4228/5595/5258 4227/5593/5257
f 4068/5261/5002 4070/5263/5005 4228/5596/5258
f 4225/5585/5253 4229/5597/5259 4064/5257/4996
f 4229/5597/5259 4070/5263/5005 4064/5257/4996
f 4229/5597/5259 2124/3397/5260 4070/5263/5005
f 2124/3397/5260 4228/5596/5258 4070/5263/5005
f 4230/5598/5261 4232/5599/5263 4231/3740/5262
f 4232/5599/5263 4233/5600/5264 4231/3740/5262
f 4232/5599/5263 4234/5601/5265 4233/5600/5264
f 4235/5602/5266 4232/5599/5263 4236/5603/5267
f 4232/5599/5263 4237/5604/5268 4236/5603/5267
f 4232/5599/5263 4230/5598/5261 4237/5604/5268
f 4234/5601/5265 4232/5599/5263 4238/5605/5269
f 4232/5599/5263 4239/5606/5270 4238/5605/5269
f 4232/5599/5263 4235/5602/5266 4239/5606/5270
f 4240/5607/5271 4242/5609/5273 4241/5608/5272
f 4242/5609/5273 4243/5610/5274 4241/5608/5272
f 4242/5609/5273 4244/5611/5275 4243/5610/5274
f 4244/5611/5275 4234/5601/5265 4243/5610/5274
f 4244/5611/5275 4245/5612/5276 4234/5601/5265
f 4245/5612/5276 4233/5600/5264 4234/5601/5265
f 4245/5612/5276 4246/3737/5277 4233/5600/5264
f 4247/5613/5278 3777/4920/4625 4248/5614/5279
f 3777/4920/4625 3778/4921/4626 4248/5614/5279
f 3778/4921/4626 3780/4923/4628 4248/5614/5279
f 3780/4923/4628 4249/5615/5280 4248/5614/5279
f 3780/4923/4628 3782/4925/4630 4249/5615/5280
f 4250/5616/5281 4252/5618/5283 4251/5617/5282
f 4252/5618/5283 4253/5619/5284 4251/5617/5282
f 4252/5618/5283 3777/4920/4625 4253/5619/5284
f 3777/4920/4625 4247/5613/5278 4253/5619/5284
f 4250/5616/5281 3773/4916/5285 4252/5618/5283
f 4254/5620/5286 4255/5621/5288 4205/5556/5287
f 4254/5620/5286 3773/4916/5285 4255/5621/5288
f 3773/4916/5285 4251/5617/5282 4255/5621/5288
f 3773/4916/5285 4250/5616/5281 4251/5617/5282
f 4248/5614/5279 4249/5615/5280 4240/5607/5271
f 4240/5607/5271 4256/5622/5289 4248/5614/5279
f 4205/5556/5290 4255/5621/5292 4257/5623/5291
f 4255/5621/5292 4258/5624/5293 4257/5623/5291
f 4255/5621/5292 4251/5617/5282 4258/5624/5293
f 4251/5617/5282 4259/5625/5294 4258/5624/5293
f 4251/5617/5282 4253/5619/5284 4259/5625/5294
f 4253/5619/5284 4256/5622/5289 4259/5625/5294
f 4253/5619/5284 4247/5613/5278 4256/5622/5289
f 4247/5613/5278 4248/5614/5279 4256/5622/5289
f 2034/3219/3339 4260/5626/5295 1928/3218/1046
f 4260/5626/5295 4261/5627/5296 1928/3218/1046
f 4260/5626/5295 4205/5556/5290 4261/5627/5296
f 4205/5556/5290 4257/5623/5291 4261/5627/5296
f 4243/5610/5274 4262/5628/5297 4241/5608/5272
f 4238/5605/5269 4243/5610/5274 4234/5601/5265
f 4263/5629/5298 4230/5598/5261 4231/3740/5262
f 4235/5602/5266 4264/5630/5299 4239/5606/5270
f 4235/5602/5266 4236/5603/5267 4264/5630/5299
f 4265/5631/5300 4266/5632/5301 4263/5629/5298
f 4266/5632/5301 4230/5598/5261 4263/5629/5298
f 4266/5632/5301 4264/5630/5299 4230/5598/5261
f 4264/5630/5299 4237/5604/5268 4230/5598/5261
f 4264/5630/5299 4236/5603/5267 4237/5604/5268
f 4267/5633/5302 4268/5634/5303 4262/5628/5297
f 4268/5634/5303 4241/5608/5272 4262/5628/5297
f 4268/5634/5303 4240/5607/5271 4241/5608/5272
f 4240/5607/5271 4268/5634/5303 4256/5622/5289
f 4268/5634/5303 4259/5625/5294 4256/5622/5289
f 4268/5634/5303 4258/5624/5293 4259/5625/5294
f 4269/5635/5304 4267/5633/5302 4270/5636/5305
f 4267/5633/5302 4271/5637/5306 4270/5636/5305
f 4267/5633/5302 4262/5628/5297 4271/5637/5306
f 4269/5635/5304 4272/5638/5307 4267/5633/5302
f 4272/5638/5307 4268/5634/5303 4267/5633/5302
f 4272/5638/5307 4273/5639/5308 4268/5634/5303
f 4273/5639/5308 4258/5624/5293 4268/5634/5303
f 4273/5639/5308 4257/5623/5291 4258/5624/5293
f 2910/3732/5309 4274/5640/5310 4265/5631/5300
f 4274/5640/5310 4266/5632/5301 4265/5631/5300
f 4274/5640/5310 4275/5641/5311 4266/5632/5301
f 4270/5636/5305 4271/5637/5306 4275/5641/5311
f 4271/5637/5306 4266/5632/5301 4275/5641/5311
f 4271/5637/5306 4262/5628/5297 4266/5632/5301
f 4262/5628/5297 4264/5630/5299 4266/5632/5301
f 4262/5628/5297 4243/5610/5274 4264/5630/5299
f 4243/5610/5274 4239/5606/5270 4264/5630/5299
f 4243/5610/5274 4238/5605/5269 4239/5606/5270
f 4276/5642/5312 4278/5644/5314 4277/5643/5313
f 4278/5644/5314 4279/5645/5315 4277/5643/5313
f 4278/5644/5314 4272/5638/5307 4279/5645/5315
f 4272/5638/5307 4269/5635/5304 4279/5645/5315
f 4269/5635/5304 4280/5646/5316 4279/5645/5315
f 4269/5635/5304 4281/5647/5317 4280/5646/5316
f 4280/5646/5316 4281/5647/5317 4282/5648/5318
f 4281/5647/5317 1467/5649/5319 4282/5648/5318
f 4281/5647/5317 4283/5650/5320 1467/5649/5319
f 4272/5638/5307 4278/5644/5314 4273/5639/5308
f 4278/5644/5314 4257/5623/5291 4273/5639/5308
f 4278/5644/5314 4276/5642/5312 4257/5623/5291
f 4276/5642/5312 4261/5627/5296 4257/5623/5291
f 4276/5642/5312 4284/5651/5321 4261/5627/5296
f 4284/5651/5321 1928/3218/1046 4261/5627/5296
f 4285/5652/5322 4274/5640/5310 4286/5653/5323
f 4274/5640/5310 4287/5654/5324 4286/5653/5323
f 4274/5640/5310 2910/3732/5309 4287/5654/5324
f 4283/5650/5320 4281/5647/5317 4288/5655/5325
f 4281/5647/5317 4289/5636/5326 4288/5655/5325
f 4281/5647/5317 4269/5635/5304 4289/5636/5326
f 4290/5656/5327 4291/5657/5328 4285/5652/5322
f 4291/5657/5328 4274/5640/5310 4285/5652/5322
f 4291/5657/5328 4292/5658/5329 4274/5640/5310
f 4292/5658/5329 4275/5641/5311 4274/5640/5310
f 4292/5658/5329 4293/5659/5330 4275/5641/5311
f 4293/5659/5330 4289/5636/5326 4275/5641/5311
f 4293/5659/5330 4294/5660/5331 4289/5636/5326
f 4294/5660/5331 4288/5655/5325 4289/5636/5326
f 4295/5661/5332 4296/5662/5333 4290/5656/5327
f 4296/5662/5333 4291/5657/5328 4290/5656/5327
f 4296/5662/5333 4297/5663/5334 4291/5657/5328
f 4288/5655/5325 4294/5660/5331 4298/5664/5335
f 4294/5660/5331 4299/5665/5336 4298/5664/5335
f 4294/5660/5331 4293/5659/5330 4299/5665/5336
f 4293/5659/5330 4297/5663/5334 4299/5665/5336
f 4293/5659/5330 4292/5658/5329 4297/5663/5334
f 4292/5658/5329 4291/5657/5328 4297/5663/5334
f 4300/5666/5337 4296/5662/5333 4295/5661/5332
f 4298/5664/5335 4283/5650/5320 4288/5655/5325
f 4283/5650/5320 4298/5664/5335 4301/5667/5338
f 4298/5664/5335 4302/5668/5339 4301/5667/5338
f 4298/5664/5335 4299/5665/5336 4302/5668/5339
f 4299/5665/5336 4303/5669/5340 4302/5668/5339
f 4299/5665/5336 4297/5663/5334 4303/5669/5340
f 4300/5666/5337 4304/5670/5341 4296/5662/5333
f 4297/5663/5334 4296/5662/5333 4303/5669/5340
f 4296/5662/5333 4305/5671/5342 4303/5669/5340
f 4296/5662/5333 4304/5670/5341 4305/5671/5342
f 4304/5670/5341 4306/5672/5343 4305/5671/5342
f 4304/5670/5341 4307/5673/5344 4306/5672/5343
f 4307/5673/5344 4308/5674/5345 4306/5672/5343
f 4307/5673/5344 4309/5675/5346 4308/5674/5345
f 4310/5676/5347 4312/5678/5349 4311/5677/5348
f 4312/5678/5349 4313/5679/5350 4311/5677/5348
f 4312/5678/5349 4314/5680/5351 4313/5679/5350
f 4314/5680/5351 4315/5681/5352 4313/5679/5350
f 4314/5680/5351 4316/5682/5353 4315/5681/5352
f 4311/5677/5348 4313/5679/5350 4317/5683/5354
f 4313/5679/5350 4318/5684/5355 4317/5683/5354
f 4313/5679/5350 4315/5681/5352 4318/5684/5355
f 4315/5681/5352 4319/5685/5356 4318/5684/5355
f 4301/5667/5338 4302/5668/5339 4316/5682/5353
f 4302/5668/5339 4315/5681/5352 4316/5682/5353
f 4302/5668/5339 4303/5669/5340 4315/5681/5352
f 4303/5669/5340 4319/5685/5356 4315/5681/5352
f 4303/5669/5340 4305/5671/5342 4319/5685/5356
f 4305/5671/5342 4318/5684/5355 4319/5685/5356
f 4305/5671/5342 4306/5672/5343 4318/5684/5355
f 4306/5672/5343 4317/5683/5354 4318/5684/5355
f 4306/5672/5343 4308/5674/5345 4317/5683/5354
f 4283/5650/5320 4301/5667/5338 1467/5649/5319
f 4301/5667/5338 4320/5686/5357 1467/5649/5319
f 4301/5667/5338 4316/5682/5353 4320/5686/5357
f 4320/5686/5357 4316/5682/5353 4321/5687/5358
f 4316/5682/5353 4322/5688/5359 4321/5687/5358
f 4316/5682/5353 4314/5680/5351 4322/5688/5359
f 4314/5680/5351 4312/5678/5349 4322/5688/5359
f 4322/5688/5359 4312/5678/5349 4323/5689/5360
f 4312/5678/5349 4324/5690/5361 4323/5689/5360
f 4312/5678/5349 4310/5676/5347 4324/5690/5361
f 4310/5676/5347 4325/5691/5362 4324/5690/5361
f 4310/5676/5347 4326/5692/5363 4325/5691/5362
f 4326/5692/5363 4327/5693/5364 4325/5691/5362
f 4328/5694/5365 4330/5696/5367 4329/5695/5366
f 4328/5694/5365 4329/5695/5366 4310/5676/5347
f 4329/5695/5366 4326/5692/5363 4310/5676/5347
f 4329/5695/5366 4327/5693/5364 4326/5692/5363
f 4331/5697/5368 4333/5699/5370 4332/5698/5369
f 4333/5699/5370 4334/5700/5371 4332/5698/5369
f 4333/5699/5370 4330/5696/5367 4334/5700/5371
f 4330/5696/5367 4335/5701/5372 4334/5700/5371
f 4330/5696/5367 4328/5694/5365 4335/5701/5372
f 4336/5702/5373 4338/5704/5375 4337/5703/5374
f 4338/5704/5375 4339/5705/5376 4337/5703/5374
f 4338/5704/5375 4340/5706/5377 4339/5705/5376
f 4340/5706/5377 4338/5704/5375 4332/5698/5369
f 4338/5704/5375 4331/5697/5368 4332/5698/5369
f 4338/5704/5375 4336/5702/5373 4331/5697/5368
f 4336/5702/5373 4341/5707/5378 4331/5697/5368
f 4341/5707/5378 4342/5708/5379 4331/5697/5368
f 4342/5708/5379 4333/5699/5370 4331/5697/5368
f 4342/5708/5379 4343/5709/5380 4333/5699/5370
f 4343/5709/5380 4330/5696/5367 4333/5699/5370
f 4343/5709/5380 4344/5710/5381 4330/5696/5367
f 4327/5693/5364 4329/5695/5366 4345/5711/5382
f 4329/5695/5366 4346/5712/5383 4345/5711/5382
f 4329/5695/5366 4330/5696/5367 4346/5712/5383
f 4330/5696/5367 4347/5713/5384 4346/5712/5383
f 4330/5696/5367 4344/5710/5381 4347/5713/5384
f 4332/5698/5369 4348/5714/5385 4340/5706/5377
f 4349/5715/5386 4351/5717/5388 4350/5716/5387
f 4335/5701/5372 4352/5718/5389 4334/5700/5371
f 4310/5676/5347 4311/5677/5348 4328/5694/5365
f 4311/5677/5348 4353/5719/5390 4328/5694/5365
f 4311/5677/5348 4317/5683/5354 4353/5719/5390
f 4317/5683/5354 4354/5720/5391 4353/5719/5390
f 4317/5683/5354 4308/5674/5345 4354/5720/5391
f 4308/5674/5345 4355/5721/5392 4354/5720/5391
f 4308/5674/5345 4309/5675/5346 4355/5721/5392
f 4335/5701/5372 4328/5694/5365 4352/5718/5389
f 4328/5694/5365 4353/5719/5390 4352/5718/5389
f 4353/5719/5390 4356/5722/5393 4352/5718/5389
f 4353/5719/5390 4354/5720/5391 4356/5722/5393
f 4354/5720/5391 4349/5715/5386 4356/5722/5393
f 4354/5720/5391 4355/5721/5392 4349/5715/5386
f 4355/5721/5392 4351/5717/5388 4349/5715/5386
f 4355/5721/5392 4309/5675/5346 4351/5717/5388
f 4357/5723/5394 4358/5724/5395 4349/5715/5386
f 4358/5724/5395 4356/5722/5393 4349/5715/5386
f 4358/5724/5395 4348/5714/5385 4356/5722/5393
f 4348/5714/5385 4352/5718/5389 4356/5722/5393
f 4348/5714/5385 4332/5698/5369 4352/5718/5389
f 4332/5698/5369 4334/5700/5371 4352/5718/5389
f 4357/5723/5394 4360/5726/5397 4359/5725/5396
f 4357/5723/5394 4349/5715/5386 4360/5726/5397
f 4349/5715/5386 4361/5727/5398 4360/5726/5397
f 4349/5715/5386 4350/5716/5387 4361/5727/5398
f 4362/5728/5399 4364/5730/5401 4363/5729/5400
f 4365/5731/5402 4366/5732/5403 4359/5725/5396
f 4366/5732/5403 4357/5723/5394 4359/5725/5396
f 4367/5733/5404 4369/5735/5406 4368/5734/5405
f 4370/5736/5407 4371/5737/5408 4365/5731/5402
f 4371/5737/5408 4366/5732/5403 4365/5731/5402
f 4371/5737/5408 4372/5738/5409 4366/5732/5403
f 4372/5738/5409 4357/5723/5394 4366/5732/5403
f 4372/5738/5409 4358/5724/5395 4357/5723/5394
f 4373/5739/5410 4374/5740/5411 4369/5735/5406
f 4374/5740/5411 4368/5734/5405 4369/5735/5406
f 4374/5740/5411 4375/5741/5412 4368/5734/5405
f 4376/5742/5413 4373/5739/5410 4370/5736/5407
f 4373/5739/5410 4371/5737/5408 4370/5736/5407
f 4373/5739/5410 4369/5735/5406 4371/5737/5408
f 4369/5735/5406 4372/5738/5409 4371/5737/5408
f 4369/5735/5406 4367/5733/5404 4372/5738/5409
f 4367/5733/5404 4358/5724/5395 4372/5738/5409
f 4367/5733/5404 4348/5714/5385 4358/5724/5395
f 4362/5728/5399 4377/5743/5414 4364/5730/5401
f 2848/3670/5415 4378/5744/5416 4376/5742/5413
f 4378/5744/5416 4373/5739/5410 4376/5742/5413
f 4378/5744/5416 4379/5745/5417 4373/5739/5410
f 4379/5745/5417 4374/5740/5411 4373/5739/5410
f 4379/5745/5417 4364/5730/5401 4374/5740/5411
f 4364/5730/5401 4375/5741/5412 4374/5740/5411
f 4364/5730/5401 4377/5743/5414 4375/5741/5412
f 4377/5743/5414 4368/5734/5405 4375/5741/5412
f 4377/5743/5414 4380/5746/5418 4368/5734/5405
f 4380/5746/5418 4367/5733/5404 4368/5734/5405
f 4380/5746/5418 4381/5747/5419 4367/5733/5404
f 4381/5747/5419 4348/5714/5385 4367/5733/5404
f 4381/5747/5419 4340/5706/5377 4348/5714/5385
f 4377/5743/5414 4382/5748/5420 4380/5746/5418
f 4382/5748/5420 4381/5747/5419 4380/5746/5418
f 4382/5748/5420 4383/5749/5421 4381/5747/5419
f 4384/5750/5422 4385/5751/5423 4363/5729/5400
f 4385/5751/5423 4362/5728/5399 4363/5729/5400
f 4385/5751/5423 4377/5743/5414 4362/5728/5399
f 4385/5751/5423 4387/5753/5425 4386/5752/5424
f 4384/5750/5422 4388/5754/5426 4385/5751/5423
f 4388/5754/5426 4387/5753/5425 4385/5751/5423
f 4388/5754/5426 1796/5755/5427 4387/5753/5425
f 4377/5743/5414 4385/5751/5423 4382/5748/5420
f 4385/5751/5423 4389/5756/5428 4382/5748/5420
f 4385/5751/5423 4386/5752/5424 4389/5756/5428
f 4390/5757/5429 4383/5749/5421 4391/5758/5430
f 4383/5749/5421 4392/5759/5431 4391/5758/5430
f 4383/5749/5421 4382/5748/5420 4392/5759/5431
f 4382/5748/5420 4393/5760/5432 4392/5759/5431
f 4382/5748/5420 4389/5756/5428 4393/5760/5432
f 4337/5703/5374 4339/5705/5376 4390/5757/5429
f 4339/5705/5376 4383/5749/5421 4390/5757/5429
f 4339/5705/5376 4340/5706/5377 4383/5749/5421
f 4340/5706/5377 4381/5747/5419 4383/5749/5421
f 4394/5761/5433 4395/5762/5434 2848/3670/5415
f 4395/5762/5434 4378/5744/5416 2848/3670/5415
f 4395/5762/5434 4396/5763/5435 4378/5744/5416
f 4396/5763/5435 4379/5745/5417 4378/5744/5416
f 4396/5763/5435 4397/5764/5436 4379/5745/5417
f 4397/5764/5436 4364/5730/5401 4379/5745/5417
f 4397/5764/5436 4384/5750/5422 4364/5730/5401
f 4384/5750/5422 4363/5729/5400 4364/5730/5401
f 4398/5765/5437 4400/5767/5439 4399/5766/5438
f 1796/5755/5427 4388/5754/5426 4401/5768/5440
f 4388/5754/5426 4402/5769/5441 4401/5768/5440
f 4388/5754/5426 4384/5750/5422 4402/5769/5441
f 4384/5750/5422 4403/5770/5442 4402/5769/5441
f 4403/5770/5442 4404/5771/5443 4402/5769/5441
f 4403/5770/5442 4405/5772/5444 4404/5771/5443
f 4405/5772/5444 4406/5773/5445 4404/5771/5443
f 4405/5772/5444 4407/5774/5446 4406/5773/5445
f 4408/5775/5447 4409/5776/5448 4398/5765/5437
f 4409/5776/5448 4400/5767/5439 4398/5765/5437
f 4409/5776/5448 4410/5777/5449 4400/5767/5439
f 4410/5777/5449 4411/5778/5450 4400/5767/5439
f 4410/5777/5449 4412/5779/5451 4411/5778/5450
f 4412/5779/5451 4407/5774/5446 4411/5778/5450
f 4412/5779/5451 4413/5780/5452 4407/5774/5446
f 4413/5780/5452 4406/5773/5445 4407/5774/5446
f 4400/5767/5439 4414/5781/5453 4399/5766/5438
f 4384/5750/5422 4415/5782/5454 4403/5770/5442
f 4415/5782/5454 4405/5772/5444 4403/5770/5442
f 4415/5782/5454 4407/5774/5446 4405/5772/5444
f 4416/5783/5455 4417/5784/5456 4394/5761/5433
f 4417/5784/5456 4395/5762/5434 4394/5761/5433
f 4417/5784/5456 4418/5785/5457 4395/5762/5434
f 4418/5785/5457 4396/5763/5435 4395/5762/5434
f 4418/5785/5457 4415/5782/5454 4396/5763/5435
f 4415/5782/5454 4397/5764/5436 4396/5763/5435
f 4415/5782/5454 4384/5750/5422 4397/5764/5436
f 4400/5767/5439 4411/5778/5450 4414/5781/5453
f 4419/5786/5458 4420/5787/5459 4416/5783/5455
f 4420/5787/5459 4417/5784/5456 4416/5783/5455
f 4420/5787/5459 4421/5788/5460 4417/5784/5456
f 4421/5788/5460 4418/5785/5457 4417/5784/5456
f 4421/5788/5460 4414/5781/5453 4418/5785/5457
f 4414/5781/5453 4415/5782/5454 4418/5785/5457
f 4414/5781/5453 4411/5778/5450 4415/5782/5454
f 4411/5778/5450 4407/5774/5446 4415/5782/5454
f 4422/5789/5461 4424/5791/5463 4423/5790/5462
f 4414/5781/5453 4425/5792/5464 4399/5766/5438
f 4425/5792/5464 4427/5794/5466 4426/5793/5465
f 4427/5794/5466 4428/5795/5467 4426/5793/5465
f 4427/5794/5466 4429/5796/5468 4428/5795/5467
f 4425/5792/5464 4414/5781/5453 4427/5794/5466
f 4414/5781/5453 4430/5797/5469 4427/5794/5466
f 4414/5781/5453 4421/5788/5460 4430/5797/5469
f 4421/5788/5460 4431/5798/5470 4430/5797/5469
f 4421/5788/5460 4420/5787/5459 4431/5798/5470
f 4432/3653/5471 4434/5800/5473 4433/5799/5472
f 4434/5800/5473 4435/5801/5474 4433/5799/5472
f 4434/5800/5473 4436/5802/5475 4435/5801/5474
f 4436/5802/5475 4437/5803/5476 4435/5801/5474
f 4436/5802/5475 4422/5789/5461 4437/5803/5476
f 4422/5789/5461 4438/3655/5477 4437/5803/5476
f 4422/5789/5461 4423/5790/5462 4438/3655/5477
f 4423/5790/5462 4439/5804/5478 4438/3655/5477
f 4419/5786/5458 4440/5805/5479 4420/5787/5459
f 4440/5805/5479 4431/5798/5470 4420/5787/5459
f 4440/5805/5479 4441/5806/5480 4431/5798/5470
f 4441/5806/5480 4430/5797/5469 4431/5798/5470
f 4441/5806/5480 4442/5807/5481 4430/5797/5469
f 4442/5807/5481 4427/5794/5466 4430/5797/5469
f 4442/5807/5481 4443/5808/5482 4427/5794/5466
f 4443/5808/5482 4429/5796/5468 4427/5794/5466
f 4443/5808/5482 4444/5809/5483 4429/5796/5468
f 2830/3652/5484 4444/5809/5483 4432/3653/5471
f 4444/5809/5483 4434/5800/5473 4432/3653/5471
f 4444/5809/5483 4443/5808/5482 4434/5800/5473
f 4443/5808/5482 4436/5802/5475 4434/5800/5473
f 4443/5808/5482 4442/5807/5481 4436/5802/5475
f 4442/5807/5481 4422/5789/5461 4436/5802/5475
f 4442/5807/5481 4441/5806/5480 4422/5789/5461
f 4441/5806/5480 4424/5791/5463 4422/5789/5461
f 4441/5806/5480 4440/5805/5479 4424/5791/5463
f 4408/5775/5447 4398/5765/5437 4445/5810/5485
f 4398/5765/5437 4446/5811/5486 4445/5810/5485
f 4398/5765/5437 4399/5766/5438 4446/5811/5486
f 4447/5812/5487 4448/5813/5488 4429/5796/5468
f 4448/5813/5488 4428/5795/5467 4429/5796/5468
f 4448/5813/5488 4449/5814/5489 4428/5795/5467
f 4449/5814/5489 4426/5793/5465 4428/5795/5467
f 4449/5814/5489 4446/5811/5486 4426/5793/5465
f 4446/5811/5486 4425/5792/5464 4426/5793/5465
f 4446/5811/5486 4399/5766/5438 4425/5792/5464
f 4447/5812/5487 4429/5796/5468 4450/5815/5490
f 4429/5796/5468 4451/5816/5491 4450/5815/5490
f 4429/5796/5468 4444/5809/5483 4451/5816/5491
f 4452/5817/5492 4453/5818/5493 2830/3652/5484
f 4453/5818/5493 4444/5809/5483 2830/3652/5484
f 4453/5818/5493 4454/5819/5494 4444/5809/5483
f 4454/5819/5494 4451/5816/5491 4444/5809/5483
f 4452/5817/5492 2830/3652/5484 4455/5820/5495
f 2830/3652/5484 4456/5821/5496 4455/5820/5495
f 4455/5820/5495 4456/5821/5496 4457/5822/5497
f 4456/5821/5496 2033/1091/5498 4457/5822/5497
f 4456/5821/5496 2818/3640/3796 2033/1091/5498
f 4458/5823/5499 4459/5824/5500 2123/3246/3362
f 2819/3641/3797 4459/5824/5500 2818/3640/3796
f 4459/5824/5500 2033/1091/5498 2818/3640/3796
f 4459/5824/5500 4458/5823/5499 2033/1091/5498
f 3880/5023/5501 4460/5826/5503 4146/5825/5502
f 4460/5826/5503 4461/5053/5504 4146/5825/5502
f 4146/5825/5502 4462/5827/5505 3880/5023/5501
f 4462/5827/5505 4463/5828/5506 3880/5023/5501
f 4462/5827/5505 2566/3233/5507 4463/5828/5506
f 2566/3233/5507 4464/5829/5508 4463/5828/5506
f 4464/5829/5508 3886/5029/5509 4463/5828/5506
f 4464/5829/5508 2030/3206/5510 3886/5029/5509
f 2030/3206/5510 4465/5830/5511 3886/5029/5509
f 2030/3206/5510 4466/5831/5512 4465/5830/5511
f 4466/5831/5512 4467/5832/5513 4465/5830/5511
f 4466/5831/5512 4468/5833/5514 4467/5832/5513
f 4468/5833/5514 4469/5834/5515 4467/5832/5513
f 4468/5833/5514 4470/5835/5516 4469/5834/5515
f 4470/5835/5516 3850/4993/5517 4469/5834/5515
f 4470/5835/5516 4471/5836/5518 3850/4993/5517
s 0
f 4471/5836/5518 4472/5837/5519 3850/4993/5517
s 1
f 4471/5836/5518 4473/5838/5521 4472/5837/5520
f 4473/5838/5521 4474/5839/5522 4472/5837/5520
f 4473/5838/5521 4475/5840/5523 4474/5839/5522
f 4475/5840/5523 4476/5841/5524 4474/5839/5522
f 4476/5841/5524 4477/5842/5525 4474/5839/5522
f 4476/5841/5524 4478/5843/5526 4477/5842/5525
f 4477/5842/5525 4478/5843/5526 4479/5844/5527
f 4478/5843/5526 3834/4977/5528 4479/5844/5527
f 4478/5843/5526 1898/3135/5529 3834/4977/5528
f 4480/5845/5530 4482/5847/5532 4481/5846/5531
f 1898/3135/5529 4483/5848/5533 3834/4977/5528
f 4483/5848/5533 4482/5847/5532 3834/4977/5528
f 4483/5848/5533 4484/5849/5534 4482/5847/5532
f 4484/5849/5534 4481/5846/5531 4482/5847/5532
f 3831/4974/5535 4482/5847/5532 4485/3200/5536
f 4482/5847/5532 4486/5850/5537 4485/3200/5536
f 4482/5847/5532 4480/5845/5530 4486/5850/5537
f 3830/4973/5538 4488/5852/5540 4487/5851/5539
f 4488/5852/5540 4485/3200/5536 4487/5851/5539
f 4488/5852/5540 3831/4974/5535 4485/3200/5536
f 3828/4971/5541 4490/5854/5543 4489/5853/5542
f 4490/5854/5543 4491/5855/5544 4489/5853/5542
f 4490/5854/5543 3830/4973/5538 4491/5855/5544
f 3830/4973/5538 4492/5856/5545 4491/5855/5544
f 3830/4973/5538 4487/5851/5539 4492/5856/5545
f 4493/5857/5546 3828/4971/5541 4494/5858/5547
f 3828/4971/5541 4495/5859/5548 4494/5858/5547
f 3828/4971/5541 4489/5853/5542 4495/5859/5548
f 3813/4956/5549 4496/5860/5550 2120/3243/3359
f 4496/5860/5550 4497/5861/5551 2120/3243/3359
f 4496/5860/5550 4493/5857/5546 4497/5861/5551
f 4493/5857/5546 4498/5862/5552 4497/5861/5551
f 4493/5857/5546 4494/5858/5547 4498/5862/5552
f 4499/5863/5553 2815/3637/5555 4500/5864/5554
f 2820/3642/5556 4501/5865/5558 2819/3641/5557
f 4501/5865/5558 2824/3646/5559 2819/3641/5557
f 4501/5865/5558 2820/3642/5556 2825/3647/5560
f 2820/3642/5561 2826/3648/5563 2825/3647/5562
f 2820/3642/5561 2822/3644/5564 2826/3648/5563
f 2822/3644/5565 4502/5866/5567 2826/3648/5566
f 2822/3644/5565 2823/3645/5568 4502/5866/5567
f 2823/3645/5568 4503/5867/5569 4502/5866/5567
f 2823/3645/5568 2815/3637/5570 4503/5867/5569
f 2815/3637/5570 2828/3650/5571 4503/5867/5569
f 2815/3637/5555 4499/5863/5553 2828/3650/5572
f 4504/5868/5573 2819/3641/3797 2824/3646/5574
f 2120/3243/3359 2123/3246/3362 3813/4956/5549
f 2123/3246/3362 4504/5868/5573 3813/4956/5549
f 2123/3246/3362 4459/5824/5500 4504/5868/5573
f 4459/5824/5500 2819/3641/3797 4504/5868/5573
