# Blender 4.3.2
# www.blender.org
o LINK_SHOULDER_PITCH_L
v -0.025113 0.048310 0.044268
v -0.026105 0.048351 0.044381
v -0.025119 0.042606 0.046070
v -0.026113 0.042638 0.046176
v -0.025118 0.036060 0.048019
v -0.026113 0.036089 0.048118
v -0.026278 0.047991 0.042829
v -0.025283 0.047960 0.042737
v -0.026513 0.047300 0.039874
v -0.025515 0.047283 0.039818
v -0.026652 0.046529 0.036606
v -0.025605 0.046858 0.038005
v -0.025634 0.044262 0.027117
v -0.026634 0.044262 0.027101
v -0.025696 0.045665 0.032977
v -0.026696 0.045667 0.032977
v -0.025670 0.046345 0.035834
v -0.025652 0.046522 0.036581
v -0.025635 0.043108 0.027163
v -0.026635 0.043108 0.027147
v -0.025636 0.040857 0.027231
v -0.026637 0.037326 0.027275
v -0.025638 0.037326 0.027292
v -0.025639 0.030388 0.027301
v -0.026639 0.030388 0.027285
v -0.025372 0.035312 0.045253
v -0.026370 0.035330 0.045324
v -0.025523 0.034684 0.042947
v -0.026581 0.034368 0.041795
v -0.026716 0.032097 0.033503
v -0.025715 0.032096 0.033508
v -0.026696 0.033295 0.037871
v -0.025695 0.033291 0.037856
v -0.025581 0.034358 0.041753
v -0.026696 0.042004 0.031793
v -0.026678 0.043145 0.036374
v -0.026614 0.043714 0.038665
v -0.026501 0.044279 0.040958
v -0.026328 0.044842 0.043252
v -0.026335 0.041704 0.044066
v -0.026509 0.041090 0.041664
v -0.026622 0.040474 0.039264
v -0.026685 0.039855 0.036865
v -0.026701 0.038613 0.032069
v -0.025332 0.044818 0.043169
v -0.025503 0.044264 0.040901
v -0.025615 0.043704 0.038630
v -0.025678 0.043140 0.036357
v -0.025696 0.042003 0.031801
v -0.025701 0.038613 0.032077
v -0.025339 0.041682 0.043986
v -0.025510 0.041076 0.041609
v -0.025622 0.040466 0.039230
v -0.025685 0.039851 0.036848
v -0.025708 0.039233 0.034464
v -0.025108 0.010925 -0.055254
v -0.025148 0.011062 -0.055028
v -0.024879 0.011411 -0.055214
v -0.024374 0.011754 -0.055660
v -0.024493 0.011568 -0.055552
v -0.024665 0.011801 -0.055453
v -0.024991 0.010575 -0.055965
v -0.025043 0.010665 -0.055722
v -0.024808 0.010766 -0.055718
v -0.024510 0.010983 -0.055675
v -0.024558 0.010922 -0.055694
v -0.024680 0.011052 -0.055552
v -0.024615 0.010858 -0.055720
v -0.024310 0.011327 -0.055640
v -0.024291 0.011347 -0.055648
v -0.024161 0.011797 -0.055778
v -0.025070 0.012557 -0.054828
v -0.025011 0.012386 -0.055075
v -0.025178 0.011635 -0.054345
v -0.024979 0.012332 -0.055150
v -0.025629 0.010808 -0.054294
v -0.025614 0.010867 -0.053953
v -0.025468 0.010963 -0.054362
v -0.025450 0.011066 -0.054050
v -0.027232 0.010302 -0.053788
v -0.026347 0.010412 -0.053768
v -0.026934 0.010375 -0.054778
v -0.026278 0.010463 -0.054253
v -0.026689 0.010406 -0.055147
v -0.025885 0.010479 -0.055541
v -0.026063 0.010459 -0.055454
v -0.025938 0.010547 -0.054900
v -0.026577 0.010413 -0.055203
v -0.026516 0.010424 -0.055012
v -0.025508 0.010672 -0.055195
v -0.025530 0.010582 -0.055482
v -0.025556 0.010521 -0.055700
v -0.025040 0.010573 -0.055943
v -0.024870 0.010918 -0.055512
v -0.025070 0.010791 -0.055482
v -0.024782 0.011233 -0.055385
v -0.024766 0.010717 -0.055804
v -0.025041 0.011743 -0.054841
v -0.025185 0.011196 -0.054799
v -0.025214 0.011324 -0.054562
v -0.025481 0.010865 -0.054639
v -0.024941 0.012216 -0.055190
v -0.025816 0.010671 -0.054251
v -0.025700 0.010646 -0.054893
v -0.025493 0.010768 -0.054915
v -0.024597 0.011992 -0.055587
v -0.024658 0.012030 -0.055542
v -0.025954 0.010592 -0.053831
v -0.029950 0.002467 0.055986
v -0.031370 0.002417 0.055206
v -0.032073 0.000008 0.056348
v -0.021053 -0.000629 0.061522
v -0.021045 0.000189 0.061207
v -0.022312 -0.000567 0.061055
v -0.027334 -0.000291 0.058884
v -0.028501 0.002840 0.056625
v -0.028197 0.002980 0.056734
v -0.025828 0.005473 0.057167
v -0.025798 0.003729 0.057813
v -0.025392 0.007381 0.056906
v -0.023944 0.007642 0.057702
v -0.025373 0.007982 0.056774
v -0.026668 0.004154 0.057134
v -0.026947 0.003863 0.057085
v -0.027331 0.003530 0.056996
v -0.021025 0.003896 0.060063
v -0.021025 0.006900 0.059323
v -0.021015 0.007210 0.059254
v -0.026036 0.066720 0.038221
v -0.025933 0.066844 0.038573
v -0.026023 0.072838 0.035937
v -0.025735 0.072922 0.036667
v -0.025209 0.067133 0.039402
v -0.025187 0.073088 0.037177
v -0.025512 0.067054 0.039174
v -0.025755 0.066956 0.038894
v -0.021581 0.074076 0.038979
v -0.021553 0.069389 0.040779
v -0.021506 0.063028 0.043101
v -0.025266 0.057909 0.042540
v -0.021381 0.049341 0.047766
v -0.025339 0.048670 0.045634
v -0.026093 0.050969 0.043508
v -0.026019 0.048449 0.044746
v -0.025561 0.057839 0.042300
v -0.025797 0.057753 0.042010
v -0.025965 0.057653 0.041680
v -0.025629 0.048611 0.045383
v -0.025858 0.048536 0.045084
v -0.024568 0.115668 -0.018894
v -0.025057 0.115169 -0.018490
v -0.024573 0.115670 -0.018688
v -0.024966 0.115295 -0.018491
v -0.024571 0.115676 -0.018495
v -0.025324 0.114297 -0.021112
v -0.025353 0.114390 -0.018877
v -0.025355 0.114405 -0.018589
v -0.025358 0.114398 -0.018482
v -0.024968 0.113948 -0.029053
v -0.025226 0.113247 -0.028911
v -0.025261 0.113754 -0.026121
v -0.024483 0.115032 -0.026241
v -0.024450 0.114506 -0.029163
v -0.024633 0.115244 -0.023846
v -0.025091 0.114657 -0.023788
v -0.024541 0.115574 -0.021182
v -0.024652 0.084395 -0.067416
v -0.024508 0.082388 -0.068734
v -0.024629 0.082280 -0.068517
v -0.024725 0.086552 -0.065937
v -0.024749 0.085654 -0.066254
v -0.024788 0.090219 -0.063277
v -0.024563 0.097348 -0.058549
v -0.024382 0.099280 -0.057034
v -0.024125 0.099447 -0.057197
v -0.024665 0.095253 -0.060118
v -0.024519 0.095399 -0.060323
v -0.024125 0.099414 -0.057230
v -0.024859 0.096877 -0.057873
v -0.024879 0.098507 -0.056304
v -0.024664 0.098996 -0.056756
v -0.024833 0.094592 -0.059888
v -0.024837 0.094906 -0.059623
v -0.024834 0.094918 -0.059645
v -0.024802 0.097038 -0.058112
v -0.024831 0.094412 -0.060040
v -0.024354 0.084685 -0.067823
v -0.024173 0.082560 -0.069076
v -0.024441 0.082433 -0.068823
v -0.023921 0.086702 -0.067084
v -0.023836 0.082654 -0.069262
v -0.024128 0.084802 -0.067987
v -0.024528 0.084549 -0.067633
v -0.024636 0.086719 -0.066171
v -0.024315 0.087000 -0.066566
v -0.024440 0.091307 -0.063596
v -0.024012 0.091393 -0.064011
v -0.024331 0.095530 -0.060507
v -0.024076 0.095583 -0.060746
v -0.024714 0.091008 -0.063177
v -0.024724 0.082112 -0.068181
v -0.024727 0.082574 -0.067950
v -0.026595 0.072455 0.029502
v -0.026587 0.072085 0.024475
v -0.026605 0.065986 0.031930
v -0.026599 0.068632 0.025131
v -0.026605 0.065162 0.025487
v -0.026328 0.072725 0.033749
v -0.026486 0.047401 0.040302
v -0.026691 0.045975 0.034271
v -0.026638 0.056182 0.033985
v -0.026606 0.063746 0.025547
v -0.026622 0.054723 0.026457
v -0.025058 0.096875 0.024261
v -0.025028 0.099535 0.021730
v -0.025644 0.099087 0.021232
v -0.025674 0.087370 0.030162
v -0.025129 0.087601 0.030648
v -0.025086 0.093952 0.026625
v -0.025628 0.093648 0.026177
v -0.025599 0.096539 0.023835
v -0.025852 0.098725 0.020767
v -0.025884 0.096126 0.023252
v -0.025914 0.093268 0.025575
v -0.025962 0.087055 0.029526
v -0.025628 0.110487 0.002664
v -0.025629 0.110467 0.002712
v -0.025447 0.110975 0.002917
v -0.025288 0.112903 -0.002150
v -0.024826 0.111640 0.003191
v -0.025564 0.112214 -0.002354
v -0.025154 0.114929 -0.013069
v -0.024773 0.113259 -0.001412
v -0.024721 0.114393 -0.005771
v -0.025222 0.114189 -0.007559
v -0.024670 0.115153 -0.010055
v -0.024612 0.115613 -0.014977
v -0.025496 0.113482 -0.007693
v -0.025426 0.114212 -0.013132
v -0.025840 0.099712 0.019726
v -0.025518 0.102760 0.017284
v -0.025793 0.102980 0.015848
v -0.025467 0.106018 0.012801
v -0.025742 0.105872 0.011707
v -0.025411 0.108819 0.008018
v -0.025687 0.108375 0.007317
v -0.024990 0.102790 0.018105
v -0.024946 0.105875 0.013996
v -0.024936 0.106504 0.013054
v -0.024899 0.108576 0.009626
v -0.024848 0.110856 0.005050
v -0.024602 0.078033 -0.070377
v -0.024702 0.077903 -0.070022
v -0.024585 0.073615 -0.071780
v -0.024688 0.073523 -0.071410
v -0.024576 0.069067 -0.072670
v -0.024682 0.069014 -0.072290
v -0.024479 0.064562 -0.073213
v -0.024681 0.064544 -0.072658
v -0.023753 0.078313 -0.071108
v -0.024112 0.078246 -0.070943
v -0.023690 0.073803 -0.072494
v -0.024065 0.073761 -0.072348
v -0.023658 0.069169 -0.073375
v -0.024042 0.069147 -0.073241
v -0.024400 0.078151 -0.070693
v -0.024370 0.073697 -0.072103
v -0.024355 0.069112 -0.072998
v -0.024036 0.064575 -0.073617
v -0.023653 0.064579 -0.073749
v -0.025071 0.064373 -0.067144
v -0.025203 0.064201 -0.061611
v -0.025207 0.067825 -0.061344
v -0.025217 0.071402 -0.060698
v -0.025232 0.074901 -0.059695
v -0.025253 0.078296 -0.058387
v -0.024683 0.060296 -0.072606
v -0.025109 0.047604 -0.064657
v -0.025250 0.047814 -0.058839
v -0.025214 0.055942 -0.060999
v -0.024685 0.055912 -0.072186
v -0.024696 0.047448 -0.070402
v -0.025205 0.060104 -0.061521
v -0.023668 0.049983 -0.072191
v -0.023675 0.047149 -0.071459
v -0.024055 0.047187 -0.071326
v -0.024576 0.055865 -0.072573
v -0.024354 0.055825 -0.072898
v -0.024042 0.055795 -0.073139
v -0.023660 0.055778 -0.073272
v -0.024586 0.047343 -0.070776
v -0.024365 0.047253 -0.071091
v -0.027320 0.005388 0.026705
v -0.026705 0.009805 -0.044648
v -0.027864 0.005113 0.026679
v -0.027576 0.009697 -0.044669
v -0.028725 0.005009 0.026658
v -0.026720 0.006276 0.026772
v -0.025570 0.010970 -0.044553
v -0.026913 0.005835 0.026740
v -0.025764 0.010524 -0.044585
v -0.027142 0.005544 0.026718
v -0.025986 0.010240 -0.044607
v -0.026317 0.009978 -0.044630
v -0.026689 0.006405 0.026781
v -0.026635 0.007153 0.026831
v -0.025486 0.011842 -0.044494
v -0.025351 0.018451 0.054189
v -0.022453 0.018232 0.055902
v -0.021062 0.018155 0.056600
v -0.021267 0.036655 0.051668
v -0.025352 0.036355 0.049386
v -0.025350 0.031338 0.050796
v -0.025347 0.023189 0.052971
v -0.025345 0.020832 0.053582
v -0.026696 0.033283 0.037828
v -0.026113 0.036722 0.047934
v -0.025821 0.042461 0.047075
v -0.026082 0.042321 0.046471
v -0.025642 0.036318 0.049134
v -0.025874 0.036259 0.048825
v -0.026034 0.036181 0.048477
v -0.026113 0.034939 0.048448
v -0.026122 0.018282 0.052907
v -0.026041 0.027224 0.050959
v -0.025886 0.018389 0.053635
v -0.025880 0.027288 0.051311
v -0.025644 0.027336 0.051620
v -0.026727 0.014380 0.040025
v -0.026636 0.010405 0.026930
v -0.064552 0.002736 0.000163
v -0.064079 0.005119 0.000354
v -0.063758 0.005613 -0.005947
v -0.000502 0.008949 -0.064482
v -0.000502 0.007740 -0.064796
v -0.001894 0.008974 -0.064454
v -0.000502 0.006541 -0.065108
v -0.007215 0.009047 -0.064041
v -0.003660 0.006534 -0.065012
v -0.008607 0.006496 -0.064528
v -0.012545 0.009086 -0.063148
v -0.012547 0.006442 -0.063852
v -0.014544 0.009091 -0.062689
v -0.013522 0.006426 -0.063644
v -0.017823 0.009087 -0.061786
v -0.018396 0.006324 -0.062363
v -0.022994 0.009051 -0.059969
v -0.023217 0.006191 -0.060681
v -0.024484 0.009034 -0.059351
v -0.024399 0.006153 -0.060203
v -0.028000 0.008978 -0.057718
v -0.029118 0.005980 -0.058015
v -0.032549 0.008874 -0.055207
v -0.030456 0.005924 -0.057310
v -0.033648 0.005778 -0.055463
v -0.036990 0.008734 -0.052270
v -0.064820 0.001384 0.000054
v -0.064601 0.001795 -0.005148
v -0.063968 0.002204 -0.010307
v -0.062826 0.006089 -0.012186
v -0.063708 0.002321 -0.011795
v -0.061290 0.006544 -0.018306
v -0.062536 0.002726 -0.016905
v -0.059167 0.006972 -0.024249
v -0.060970 0.003119 -0.021868
v -0.059021 0.003499 -0.026674
v -0.056476 0.007369 -0.029959
v -0.057102 0.003807 -0.030563
v -0.037978 0.005548 -0.052551
v -0.042096 0.005289 -0.049278
v -0.041179 0.008561 -0.048982
v -0.042971 0.005228 -0.048511
v -0.044999 0.008361 -0.045455
v -0.046719 0.004941 -0.044887
v -0.045276 0.008345 -0.045177
v -0.050163 0.004632 -0.040983
v -0.049497 0.008059 -0.040472
v -0.053293 0.004301 -0.036809
v -0.053243 0.007733 -0.035384
v -0.056099 0.003950 -0.032367
v -0.056689 0.003867 -0.031323
v 0.000000 0.008742 -0.064020
v 0.000000 0.007615 -0.064312
v 0.000000 0.008745 -0.064027
v -0.000038 0.007663 -0.064498
v -0.000013 0.008789 -0.064126
v -0.000038 0.008821 -0.064196
v -0.000078 0.008853 -0.064269
v -0.000147 0.007704 -0.064655
v -0.000190 0.008903 -0.064383
v -0.000310 0.007731 -0.064760
v -0.000335 0.008936 -0.064457
v -0.000499 0.008949 -0.064482
v -0.000398 0.006541 -0.065097
v -0.000241 0.006536 -0.065034
v -0.000113 0.006527 -0.064921
v -0.000029 0.006515 -0.064771
v 0.000000 0.006501 -0.064601
v -0.000517 0.088017 0.034247
v -0.000516 0.091786 0.031995
v -0.011048 0.089496 0.032825
v -0.001797 0.101517 0.023736
v -0.021657 0.100993 0.023127
v -0.021660 0.098370 0.025636
v -0.011018 0.069682 0.041800
v -0.000517 0.080670 0.037901
v -0.011042 0.084024 0.035724
v -0.000517 0.084242 0.036218
v -0.000519 0.049893 0.049461
v -0.000518 0.061569 0.045442
v -0.000517 0.073131 0.041090
v -0.010887 0.049699 0.048848
v -0.021623 0.082277 0.035534
v -0.000516 0.101545 0.023766
v -0.000515 0.098693 0.026642
v -0.000516 0.095357 0.029474
v -0.021663 0.095532 0.027968
v -0.000516 0.094315 0.030258
v -0.021662 0.093750 0.029254
v -0.021660 0.092362 0.030177
v -0.021650 0.088858 0.032261
v -0.040761 -0.002630 0.050764
v -0.040735 0.000672 0.050246
v -0.045014 0.001070 0.046345
v -0.000503 -0.002582 0.065360
v -0.000503 -0.001357 0.065243
v -0.009574 -0.001103 0.064480
v -0.000503 -0.003795 0.065476
v -0.012491 -0.000999 0.063943
v -0.010575 -0.003724 0.064577
v -0.005540 -0.003776 0.065235
v -0.021917 -0.003483 0.061532
v -0.018786 -0.003567 0.062597
v -0.018465 -0.000752 0.062390
v -0.016972 -0.003610 0.063134
v -0.011892 -0.003705 0.064336
v -0.026717 -0.003325 0.059543
v -0.031362 -0.003137 0.057171
v -0.032141 -0.003102 0.056726
v -0.035679 0.000264 0.054061
v -0.036587 -0.002879 0.053905
v -0.038859 0.000513 0.051752
v -0.055096 -0.001336 0.034416
v -0.052185 -0.001678 0.038735
v -0.053107 0.002018 0.036520
v -0.048912 -0.002003 0.042841
v -0.049277 0.001530 0.041661
v -0.048277 -0.002061 0.043565
v -0.044659 -0.002357 0.047316
v -0.057201 -0.001046 0.030746
v -0.056409 0.002523 0.031029
v -0.057644 -0.000979 0.029896
v -0.059152 0.003040 0.025240
v -0.059828 -0.000606 0.025183
v -0.059253 0.003061 0.024995
v -0.060323 -0.000509 0.023959
v -0.061308 0.003563 0.019211
v -0.062043 -0.000115 0.018990
v -0.061359 0.003578 0.019041
v -0.062856 0.004089 0.012999
v -0.063348 0.000284 0.013948
v -0.063783 0.004611 0.006666
v -0.064241 0.000688 0.008845
v -0.064726 0.001096 0.003688
v -0.000499 -0.001357 0.065243
v -0.000311 -0.002585 0.065323
v -0.000335 -0.001365 0.065215
v -0.000148 -0.002596 0.065215
v -0.000038 -0.002611 0.065053
v -0.000079 -0.001420 0.065018
v -0.000190 -0.001387 0.065138
v 0.000000 -0.001494 0.064753
v 0.000000 -0.001492 0.064761
v -0.000014 -0.001462 0.064867
v -0.000038 -0.001441 0.064941
v -0.000038 -0.003770 0.065164
v -0.000015 -0.003764 0.065091
v 0.000000 -0.002629 0.064862
v 0.000000 -0.003755 0.064970
v -0.000081 -0.003777 0.065247
v -0.000194 -0.003787 0.065370
v -0.000339 -0.003793 0.065449
v -0.010888 0.003654 0.062360
v -0.016070 0.003775 0.061363
v -0.000503 0.002873 0.063458
v -0.000509 0.008106 0.061757
v -0.005646 0.003547 0.062994
v -0.005618 0.008557 0.061370
v -0.010843 0.008595 0.060818
v -0.016028 0.008628 0.059984
v -0.000516 0.013380 0.060100
v -0.000522 0.018645 0.058414
v -0.010793 0.018480 0.057736
v -0.015997 0.018335 0.057218
v 0.000000 0.002703 0.062987
v -0.000154 0.018602 0.058282
v -0.000154 0.018611 0.058280
v -0.000324 0.018637 0.058383
v 0.000000 0.018491 0.057938
v 0.000000 0.018524 0.057928
v -0.000040 0.018571 0.058120
v -0.000038 0.002768 0.063168
v 0.000000 0.007958 0.061279
v -0.000039 0.008015 0.061464
v 0.000000 0.013229 0.059624
v -0.000040 0.013288 0.059810
v -0.000040 0.018551 0.058125
v -0.000152 0.013338 0.059966
v -0.000150 0.008064 0.061620
v -0.000148 0.002824 0.063321
v -0.000324 0.018635 0.058384
v -0.000320 0.013370 0.060068
v -0.000315 0.008096 0.061723
v -0.000311 0.002860 0.063423
v 0.000000 -0.003598 0.062992
v 0.000000 -0.002536 0.062603
v 0.000000 0.001671 0.060486
v 0.000000 0.002397 0.060907
v 0.000000 -0.001753 0.061786
v 0.000000 0.021900 0.055555
v 0.000000 0.024398 0.056440
v 0.000000 0.021897 0.057083
v 0.000000 0.018100 0.056509
v 0.000000 -0.012581 0.049742
v 0.000000 -0.012423 0.047748
v 0.000000 -0.003110 0.050491
v 0.000000 -0.001457 0.048616
v 0.000000 -0.002172 0.050757
v 0.000000 0.000006 0.049135
v 0.000000 -0.001406 0.051361
v 0.000000 0.001014 0.050316
v 0.000000 -0.000930 0.052212
v 0.000000 0.001297 0.051843
v 0.000000 -0.000815 0.053181
v 0.000000 -0.001411 0.060708
v 0.000000 0.012608 0.058262
v 0.000000 0.007105 0.059981
v 0.000000 0.004051 0.060941
v 0.000000 0.003221 0.061065
v 0.000000 0.000780 0.058369
v 0.000000 0.000823 0.059064
v 0.000000 0.001126 0.059847
v -0.000522 0.022020 0.057567
v -0.000324 0.022012 0.057536
v -0.000522 0.025350 0.056708
v -0.000374 0.025269 0.056714
v -0.000039 0.024723 0.056555
v -0.000085 0.024870 0.056606
v -0.000154 0.021986 0.057433
v -0.000152 0.025010 0.056652
v -0.000221 0.025115 0.056682
v -0.000040 0.021945 0.057273
v -0.010819 0.034424 0.053526
v -0.000882 0.025544 0.056641
v -0.001359 0.026032 0.056490
v -0.001852 0.027039 0.056199
v -0.002096 0.028494 0.055797
v -0.002098 0.028852 0.055700
v -0.001880 0.030309 0.055315
v -0.001737 0.030730 0.055206
v -0.001321 0.031523 0.055007
v -0.000673 0.032169 0.054857
v -0.000521 0.032255 0.054840
v -0.000521 0.039467 0.052755
v -0.000276 0.032248 0.054787
v -0.000184 0.032168 0.054748
v -0.000154 0.039427 0.052622
v 0.000000 0.039324 0.052276
v -0.000040 0.039380 0.052464
v 0.000000 0.031546 0.054519
v -0.000038 0.031861 0.054631
v -0.000080 0.031988 0.054677
v -0.000347 0.032278 0.054809
v -0.000323 0.039458 0.052724
v -0.000436 0.032282 0.054829
v -0.000322 0.049883 0.049431
v -0.000153 0.049849 0.049329
v -0.000040 0.049797 0.049173
v 0.000000 0.049736 0.048987
v -0.000152 0.098597 0.026539
v -0.000152 0.101442 0.023670
v -0.000320 0.101521 0.023743
v -0.000040 0.098485 0.026419
v -0.000040 0.101321 0.023559
v 0.000000 0.098352 0.026276
v 0.000000 0.101178 0.023427
v -0.000319 0.098670 0.026617
v -0.000320 0.095337 0.029448
v -0.000320 0.091768 0.031967
v -0.000320 0.088001 0.034218
v -0.000321 0.080657 0.037871
v -0.000321 0.073119 0.041059
v -0.000321 0.061558 0.045411
v -0.000152 0.095271 0.029363
v -0.000152 0.091709 0.031877
v -0.000152 0.087949 0.034124
v -0.000153 0.080613 0.037773
v -0.000153 0.073079 0.040960
v -0.000153 0.061521 0.045310
v -0.000040 0.095171 0.029233
v -0.000040 0.091620 0.031739
v -0.000040 0.087869 0.033981
v -0.000040 0.080545 0.037623
v -0.000040 0.073018 0.040807
v -0.000040 0.061466 0.045156
v 0.000000 0.095052 0.029079
v 0.000000 0.091514 0.031575
v 0.000000 0.087774 0.033810
v 0.000000 0.080464 0.037445
v 0.000000 0.072945 0.040626
v 0.000000 0.061400 0.044972
v -0.000515 0.112700 -0.042364
v -0.011082 0.111467 -0.044173
v -0.011081 0.113689 -0.039312
v -0.000514 0.101368 -0.058809
v -0.011086 0.102293 -0.057327
v -0.011084 0.105746 -0.053219
v -0.011089 0.098483 -0.061110
v -0.000515 0.095853 -0.063869
v -0.011092 0.094345 -0.064530
v -0.000516 0.089716 -0.068229
v -0.011096 0.089912 -0.067553
v -0.000517 0.085220 -0.070740
v -0.011100 0.085222 -0.070141
v -0.000518 0.080552 -0.072812
v -0.011104 0.080310 -0.072261
v -0.000519 0.075707 -0.074430
v -0.011109 0.075217 -0.073875
v -0.000520 0.070672 -0.075562
v -0.011112 0.069983 -0.074948
v -0.000520 0.064681 -0.076184
v -0.011115 0.064650 -0.075443
v -0.000514 0.104705 -0.055052
v -0.011083 0.108812 -0.048822
v -0.000514 0.109106 -0.048938
v -0.000515 0.114641 -0.037722
v -0.011081 0.115458 -0.034276
v -0.000515 0.116153 -0.033040
v -0.011081 0.116762 -0.029106
v -0.000516 0.117263 -0.028282
v -0.011082 0.117588 -0.023843
v -0.000516 0.117971 -0.023448
v -0.011020 0.117932 -0.018529
v -0.000516 0.118271 -0.018536
v -0.021648 0.113544 -0.038814
v -0.021648 0.115230 -0.033907
v -0.021649 0.116472 -0.028861
v -0.021650 0.117261 -0.023717
v -0.021651 0.117588 -0.018523
v -0.021646 0.108902 -0.048053
v -0.021647 0.110587 -0.045154
v -0.021647 0.111429 -0.043543
v -0.021646 0.105986 -0.052306
v -0.021642 0.096543 -0.062092
v -0.021644 0.100141 -0.058909
v -0.021644 0.100574 -0.058487
v -0.021644 0.102708 -0.056263
v -0.021640 0.092506 -0.065068
v -0.021638 0.088241 -0.067646
v -0.021636 0.083775 -0.069811
v -0.021634 0.079148 -0.071546
v -0.021633 0.074388 -0.072843
v -0.021634 0.069528 -0.073690
v -0.021635 0.064593 -0.074082
v -0.000516 0.118265 -0.016135
v -0.011021 0.117592 -0.011113
v -0.000517 0.113828 0.004793
v -0.000517 0.115519 0.000210
v -0.011013 0.115363 -0.000414
v -0.000517 0.116812 -0.004475
v -0.011017 0.116332 -0.003919
v -0.000516 0.117218 -0.006385
v -0.000516 0.117947 -0.011239
v -0.000518 0.112857 0.006997
v -0.011003 0.112665 0.006626
v -0.000517 0.110563 0.011452
v -0.010992 0.108979 0.013477
v -0.000517 0.109247 0.013664
v -0.000517 0.107906 0.015730
v -0.010986 0.104258 0.020085
v -0.000516 0.104899 0.019835
v -0.021662 0.115211 -0.000957
v -0.021657 0.116438 -0.005895
v -0.021653 0.117226 -0.010916
v -0.021651 0.117583 -0.016184
v -0.021668 0.113529 0.003920
v -0.021670 0.112432 0.006507
v -0.021671 0.108774 0.013303
v -0.021660 0.104008 0.019805
v -0.000320 0.118238 -0.018535
v -0.000152 0.118131 -0.018533
v -0.000320 0.118232 -0.016136
v -0.000040 0.117967 -0.018530
v -0.000152 0.118125 -0.016139
v 0.000000 0.117772 -0.018526
v -0.000040 0.117961 -0.016142
v -0.000320 0.117914 -0.011242
v -0.000320 0.117185 -0.006391
v -0.000320 0.116780 -0.004483
v -0.000321 0.115488 0.000199
v -0.000321 0.113798 0.004780
v -0.000321 0.112828 0.006984
v -0.000321 0.110534 0.011436
v -0.000320 0.107879 0.015711
v -0.000320 0.104873 0.019815
v -0.000152 0.117807 -0.011254
v -0.000152 0.117080 -0.006412
v -0.000152 0.116675 -0.004507
v -0.000153 0.115386 0.000167
v -0.000153 0.113699 0.004739
v -0.000153 0.112730 0.006939
v -0.000153 0.110441 0.011383
v -0.000152 0.107790 0.015652
v -0.000152 0.104789 0.019748
v -0.000040 0.117644 -0.011271
v -0.000040 0.116919 -0.006443
v -0.000040 0.116515 -0.004544
v -0.000040 0.115229 0.000116
v -0.000040 0.113548 0.004676
v -0.000040 0.112581 0.006869
v -0.000040 0.110298 0.011302
v -0.000040 0.107654 0.015560
v -0.000040 0.104660 0.019647
v 0.000000 0.117766 -0.016147
v 0.000000 0.117450 -0.011292
v 0.000000 0.116727 -0.006480
v 0.000000 0.116325 -0.004588
v 0.000000 0.115044 0.000056
v 0.000000 0.113367 0.004601
v 0.000000 0.112404 0.006787
v 0.000000 0.110128 0.011205
v 0.000000 0.107492 0.015450
v 0.000000 0.104507 0.019526
v 0.000000 0.064662 -0.075685
v -0.000040 0.064669 -0.075881
v -0.000040 0.070621 -0.075262
v -0.000323 0.064679 -0.076152
v -0.000154 0.064675 -0.076046
v -0.000323 0.070666 -0.075530
v -0.000154 0.070649 -0.075425
v -0.000322 0.075699 -0.074399
v -0.000321 0.080540 -0.072782
v -0.000321 0.085205 -0.070711
v -0.000320 0.089698 -0.068201
v -0.000319 0.095832 -0.063843
v -0.000319 0.101344 -0.058786
v -0.000318 0.104679 -0.055030
v -0.000318 0.109077 -0.048920
v -0.000319 0.112669 -0.042350
v -0.000319 0.114610 -0.037710
v -0.000319 0.116121 -0.033031
v -0.000320 0.117230 -0.028276
v -0.000320 0.117938 -0.023444
v -0.000153 0.075670 -0.074296
v -0.000153 0.080502 -0.072682
v -0.000153 0.085157 -0.070615
v -0.000152 0.089642 -0.068110
v -0.000152 0.095764 -0.063760
v -0.000152 0.101267 -0.058711
v -0.000151 0.104596 -0.054963
v -0.000151 0.108986 -0.048863
v -0.000152 0.112572 -0.042304
v -0.000152 0.114509 -0.037673
v -0.000152 0.116018 -0.033003
v -0.000152 0.117125 -0.028256
v -0.000152 0.117831 -0.023433
v -0.000040 0.075625 -0.074138
v -0.000040 0.080442 -0.072529
v -0.000040 0.085083 -0.070468
v -0.000040 0.089556 -0.067970
v -0.000040 0.095661 -0.063632
v -0.000039 0.101149 -0.058597
v -0.000039 0.104469 -0.054859
v -0.000039 0.108847 -0.048775
v -0.000039 0.112424 -0.042235
v -0.000040 0.114355 -0.037616
v -0.000040 0.115860 -0.032959
v -0.000040 0.116964 -0.028225
v -0.000040 0.117668 -0.023416
v 0.000000 0.070588 -0.075069
v 0.000000 0.075573 -0.073949
v 0.000000 0.080371 -0.072347
v 0.000000 0.084996 -0.070293
v 0.000000 0.089453 -0.067804
v 0.000000 0.095538 -0.063481
v 0.000000 0.101009 -0.058462
v 0.000000 0.104319 -0.054736
v 0.000000 0.108683 -0.048672
v 0.000000 0.112247 -0.042152
v 0.000000 0.114173 -0.037549
v 0.000000 0.115672 -0.032907
v 0.000000 0.116772 -0.028189
v 0.000000 0.117474 -0.023396
v -0.000323 0.059352 -0.076087
v -0.000320 0.028120 -0.067577
v -0.000313 0.012807 -0.060906
v -0.000501 0.012793 -0.060940
v -0.000152 0.028162 -0.067478
v -0.000149 0.012849 -0.060807
v -0.000040 0.028225 -0.067327
v -0.000039 0.012912 -0.060656
v 0.000000 0.028301 -0.067147
v 0.000000 0.012986 -0.060479
v -0.000517 0.028108 -0.067608
v -0.000520 0.035841 -0.070683
v -0.000322 0.035852 -0.070653
v -0.000520 0.043755 -0.073304
v -0.000323 0.043764 -0.073274
v -0.000520 0.048896 -0.074617
v -0.000323 0.048903 -0.074586
v -0.000520 0.050327 -0.074920
v -0.000323 0.054097 -0.075542
v -0.000520 0.054092 -0.075574
v -0.000520 0.057430 -0.075972
v -0.000520 0.059350 -0.076119
v -0.000153 0.035889 -0.070552
v -0.000154 0.043794 -0.073171
v -0.000154 0.048926 -0.074482
v -0.000154 0.054112 -0.075437
v -0.000154 0.059359 -0.075980
v -0.000040 0.035946 -0.070398
v -0.000040 0.043839 -0.073013
v -0.000040 0.048962 -0.074321
v -0.000040 0.054136 -0.075274
v -0.000040 0.059368 -0.075816
v 0.000000 0.036014 -0.070214
v 0.000000 0.043894 -0.072824
v 0.000000 0.049004 -0.074130
v 0.000000 0.054164 -0.075080
v 0.000000 0.059380 -0.075620
v -0.018800 0.011281 -0.057848
v -0.012761 0.011556 -0.059506
v -0.012936 0.011251 -0.059764
v -0.010354 0.011242 -0.060586
v -0.013023 0.011135 -0.060028
v -0.009975 0.012464 -0.060011
v -0.005141 0.012643 -0.060678
v -0.006526 0.012200 -0.060459
v -0.000515 0.011580 -0.061560
v -0.000515 0.011580 -0.061562
v -0.005291 0.011427 -0.061306
v -0.006683 0.011495 -0.060855
v -0.006591 0.011797 -0.060574
v -0.000513 0.011995 -0.060989
v -0.000515 0.011813 -0.061130
v -0.000516 0.011694 -0.061280
v -0.000516 0.011592 -0.061511
v -0.000501 0.012780 -0.060934
v -0.000506 0.012495 -0.060870
v -0.000508 0.012398 -0.060869
v -0.000511 0.012194 -0.060904
v -0.012633 0.011962 -0.059411
v -0.018611 0.011691 -0.057784
v -0.014554 0.012272 -0.059024
v -0.019861 0.012023 -0.057439
v -0.019052 0.010971 -0.058068
v -0.018008 0.010918 -0.058658
v -0.023060 0.010675 -0.056807
v -0.000323 0.011561 -0.061502
v -0.000154 0.011458 -0.061474
v -0.000150 0.011440 -0.061534
v -0.000318 0.011547 -0.061555
v -0.000040 0.011299 -0.061430
v -0.000038 0.011278 -0.061500
v 0.000000 0.011110 -0.061378
v 0.000000 0.011090 -0.061462
v -0.000316 0.012497 -0.060835
v -0.000320 0.012184 -0.060871
v -0.000323 0.011790 -0.061108
v -0.000154 0.011714 -0.061032
v -0.000152 0.012154 -0.060768
v -0.000150 0.012503 -0.060728
v -0.000040 0.011597 -0.060917
v -0.000040 0.012108 -0.060611
v -0.000039 0.012513 -0.060564
v 0.000000 0.011458 -0.060779
v 0.000000 0.012054 -0.060424
v 0.000000 0.012525 -0.060371
v -0.006803 0.011286 -0.061580
v -0.000514 0.011483 -0.062009
v -0.000510 0.011128 -0.062803
v -0.013213 0.011043 -0.060435
v -0.025393 0.010440 -0.056292
v -0.019465 0.010754 -0.058629
v -0.026239 0.010091 -0.056969
v -0.020840 0.010345 -0.059194
v -0.015722 0.010543 -0.060815
v -0.013456 0.010891 -0.060917
v -0.000508 0.010988 -0.062946
v -0.005481 0.010875 -0.062685
v -0.006927 0.011122 -0.062087
v -0.010508 0.010725 -0.061988
v -0.013678 0.010617 -0.061331
v -0.000314 0.010965 -0.062918
v -0.000315 0.011100 -0.062780
v -0.000148 0.011016 -0.062711
v -0.000149 0.010894 -0.062837
v -0.000038 0.010888 -0.062606
v -0.000039 0.010788 -0.062713
v 0.000000 0.010741 -0.062485
v 0.000000 0.010662 -0.062567
v 0.000000 -0.004769 -0.048950
v 0.000000 -0.004611 -0.050943
v 0.000000 0.006197 -0.048082
v 0.000000 0.004859 -0.050194
v 0.000000 0.006132 -0.050429
v 0.000000 0.007116 -0.051269
v 0.000000 0.007724 -0.048364
v 0.000000 0.008905 -0.049372
v 0.000000 0.009424 -0.050835
v 0.000000 0.007549 -0.052489
v 0.000000 0.006344 -0.062615
v 0.000000 0.011217 -0.058590
v 0.000000 0.007332 -0.062064
v 0.000000 0.007976 -0.061134
v 0.000000 0.009212 -0.063699
v 0.000000 0.009951 -0.063151
v 0.000000 0.010548 -0.058083
v 0.000000 0.010084 -0.057383
v 0.000000 0.009878 -0.056569
v 0.000000 0.008145 -0.060016
v 0.000000 0.012410 -0.058872
v 0.000000 0.012016 -0.058847
v 0.000000 0.034565 -0.068082
v 0.000000 0.030494 -0.066453
v 0.000000 0.017363 -0.060766
v 0.000000 0.013612 -0.059115
v 0.000000 0.012676 -0.058880
v 0.000000 0.081252 0.035451
v 0.000000 0.073670 -0.072917
v 0.000000 0.069457 -0.073749
v 0.000000 0.075645 0.037920
v 0.000000 0.069901 0.040229
v 0.000000 0.047736 -0.072314
v 0.000000 0.041449 -0.070530
v 0.000000 0.065230 -0.074176
v 0.000000 0.064606 -0.074205
v 0.000000 0.059710 -0.074155
v 0.000000 0.054639 -0.073651
v 0.000000 0.049376 -0.072695
v 0.000000 0.086367 0.032889
v 0.000000 0.088500 0.031688
v 0.000000 0.092336 0.029234
v 0.000000 0.095830 0.026535
v 0.000000 0.113863 -0.033810
v 0.000000 0.112227 -0.038467
v 0.000000 0.110208 -0.042950
v 0.000000 0.060024 0.043888
v 0.000000 0.049269 0.047580
v 0.000000 0.045795 0.048717
v 0.000000 0.033762 0.052357
v 0.000000 0.029109 0.053655
v 0.000000 0.099055 0.023509
v 0.000000 0.100086 0.022420
v 0.000000 0.103386 0.018550
v 0.000000 0.106339 0.014506
v 0.000000 0.108940 0.010293
v 0.000000 0.111178 0.005904
v 0.000000 0.111907 0.004246
v 0.000000 0.113583 -0.000248
v 0.000000 0.114861 -0.004841
v 0.000000 0.115246 -0.006642
v 0.000000 0.115970 -0.011416
v 0.000000 0.116282 -0.016228
v 0.000000 0.116287 -0.018499
v 0.000000 0.115988 -0.023339
v 0.000000 0.115273 -0.028119
v 0.000000 0.114150 -0.032833
v 0.000000 0.107815 -0.047252
v 0.000000 0.105495 -0.050752
v 0.000000 0.102434 -0.054675
v 0.000000 0.099087 -0.058296
v 0.000000 0.095469 -0.061611
v 0.000000 0.091677 -0.064547
v 0.000000 0.087764 -0.067092
v 0.000000 0.083721 -0.069267
v 0.000000 0.079560 -0.071070
v 0.000000 0.075288 -0.072489
v -0.000309 0.009478 -0.064077
v -0.000146 0.009416 -0.063988
v -0.000038 0.009323 -0.063855
v -0.000503 0.010259 -0.063545
v -0.000038 0.010069 -0.063302
v -0.000148 0.010169 -0.063430
v -0.000311 0.010236 -0.063516
v -0.000500 0.009500 -0.064108
v -0.027353 0.010032 -0.056440
v -0.027040 0.010332 -0.055818
v -0.044051 0.008959 -0.044540
v -0.040252 0.009251 -0.048011
v -0.036185 0.009528 -0.051165
v -0.031876 0.009789 -0.053981
v -0.031504 0.010061 -0.053380
v -0.035758 0.009773 -0.050591
v -0.039773 0.009469 -0.047471
v -0.043523 0.009152 -0.044038
v -0.031099 0.010127 -0.052742
v -0.035300 0.009832 -0.049990
v -0.039267 0.009521 -0.046911
v -0.042973 0.009198 -0.043524
v -0.062159 0.005762 0.000326
v -0.061409 0.005827 0.000304
v -0.061078 0.006234 -0.005784
v -0.048268 0.008585 -0.039934
v -0.047089 0.008790 -0.039025
v -0.052012 0.008191 -0.034938
v -0.050747 0.008371 -0.034147
v -0.055249 0.007780 -0.029600
v -0.053910 0.007944 -0.028936
v -0.057946 0.007354 -0.023971
v -0.056547 0.007512 -0.023441
v -0.060076 0.006918 -0.018106
v -0.058634 0.007080 -0.017715
v -0.060129 0.006906 -0.017935
v -0.060149 0.006653 -0.011810
v -0.061620 0.006476 -0.012060
v -0.061663 0.006460 -0.011846
v -0.062562 0.006031 -0.005891
v -0.062588 0.006013 -0.005634
v -0.062891 0.005589 0.000341
v -0.062600 0.005152 0.006600
v -0.061689 0.004729 0.012800
v -0.060166 0.004325 0.018880
v -0.058046 0.003947 0.024780
v -0.055349 0.003599 0.030441
v -0.052102 0.003287 0.035808
v -0.048339 0.003016 0.040830
v -0.044097 0.002787 0.045456
v -0.043668 0.003253 0.045028
v -0.061880 0.005356 0.006521
v -0.060989 0.004969 0.012659
v -0.059495 0.004604 0.018680
v -0.057411 0.004267 0.024524
v -0.054757 0.003959 0.030134
v -0.051560 0.003686 0.035455
v -0.047851 0.003450 0.040436
v -0.043149 0.003446 0.044499
v -0.047282 0.003628 0.039958
v -0.050947 0.003849 0.035033
v -0.054105 0.004105 0.029772
v -0.056726 0.004395 0.024226
v -0.058784 0.004715 0.018448
v -0.060258 0.005063 0.012496
v -0.061136 0.005435 0.006428
v -0.038042 0.002563 0.050732
v -0.037362 0.003273 0.049585
v -0.040828 0.003150 0.047684
v -0.031176 0.002903 0.054746
v -0.037754 0.003064 0.050218
v -0.031259 0.002715 0.054979
v -0.030990 0.003166 0.053919
v -0.026139 0.008051 0.055434
v -0.025981 0.008097 0.056038
v -0.025907 0.008092 0.056183
v -0.025613 0.008042 0.056571
v -0.025988 0.007570 0.056160
v -0.026144 0.007562 0.055550
v -0.026374 0.005987 0.055814
v -0.026947 0.004847 0.055812
v -0.026274 0.005876 0.056422
v -0.026933 0.004671 0.056406
v -0.026008 0.005630 0.056959
v -0.026908 0.004601 0.056551
v -0.026785 0.004350 0.056930
v -0.025627 0.007467 0.056700
v -0.028228 0.003496 0.056175
v -0.029768 0.003000 0.055466
v -0.028181 0.003671 0.055833
v -0.029631 0.003164 0.055149
v -0.028097 0.003780 0.055467
v -0.029468 0.003256 0.054805
v -0.027469 0.004256 0.055689
v -0.027513 0.003983 0.056413
v -0.030598 0.003346 0.051333
v -0.026450 0.007407 0.050695
v -0.026691 0.006837 0.043944
v -0.026813 0.005649 0.043973
v -0.027039 0.005109 0.043922
v -0.027391 0.004640 0.043818
v -0.027847 0.004276 0.043668
v -0.028373 0.004042 0.043480
v -0.029532 0.003917 0.043032
v -0.026735 0.006722 0.041077
v -0.026737 0.006744 0.034491
v -0.026834 0.005792 0.035316
v -0.028044 0.004568 0.035028
v -0.028990 0.004397 0.035910
v -0.027280 0.005018 0.035213
v -0.025260 0.012367 -0.052171
v -0.025280 0.021726 -0.054026
v -0.024894 0.021657 -0.059369
v -0.025427 0.021712 -0.048075
v -0.025360 0.031525 -0.052152
v -0.025214 0.031223 -0.058101
v -0.024775 0.031005 -0.063978
v -0.024014 0.017510 -0.058590
v -0.023781 0.030516 -0.064990
v -0.024151 0.030585 -0.064851
v -0.024453 0.030696 -0.064624
v -0.024667 0.030839 -0.064327
v -0.023725 0.036411 -0.067635
v -0.023688 0.043049 -0.070182
v -0.023710 0.038698 -0.068573
v -0.024086 0.038751 -0.068438
v -0.024721 0.039092 -0.067537
v -0.024611 0.038956 -0.067900
v -0.024393 0.038839 -0.068207
v -0.006346 0.036713 -0.070617
v -0.012301 0.036579 -0.069877
v -0.012289 0.043195 -0.072151
v -0.006342 0.024207 -0.065556
v -0.012282 0.050105 -0.073955
v -0.012278 0.057290 -0.075082
v -0.018199 0.057236 -0.074327
v -0.018204 0.050030 -0.073141
v -0.018231 0.036477 -0.068850
v -0.018213 0.043104 -0.071243
v -0.018296 0.023917 -0.063354
v -0.012329 0.024055 -0.064668
v -0.025164 0.111993 -0.033790
v -0.024875 0.111747 -0.036777
v -0.025129 0.111073 -0.036533
v -0.025104 0.110296 -0.038535
v -0.024788 0.108455 -0.044102
v -0.025047 0.108172 -0.043104
v -0.024992 0.105637 -0.047456
v -0.024706 0.104139 -0.050875
v -0.024940 0.102717 -0.051550
v -0.024668 0.101623 -0.054007
v -0.024891 0.099438 -0.055347
v -0.024159 0.102061 -0.054382
v -0.024361 0.112286 -0.036968
v -0.024333 0.111330 -0.039411
v -0.024277 0.108963 -0.044372
v -0.024197 0.104604 -0.051216
v -0.025163 0.080437 0.034117
v -0.025710 0.080238 0.033618
v -0.025999 0.080037 0.032931
v -0.026471 0.084896 0.025509
v -0.026505 0.083908 0.025312
v -0.026536 0.079024 0.027730
v -0.026534 0.083042 0.024799
v -0.026551 0.082394 0.024029
v -0.026554 0.081740 0.022915
v -0.026549 0.081141 0.022274
v -0.026546 0.080531 0.021994
v -0.026545 0.079862 0.021933
v -0.026452 0.085580 0.025450
v -0.026548 0.079211 0.022096
v -0.026559 0.077613 0.022758
v -0.026581 0.073697 0.024062
v -0.026505 0.086915 0.019878
v -0.026504 0.087569 0.020993
v -0.026438 0.090751 0.021023
v -0.026496 0.087834 0.021580
v -0.026478 0.087981 0.022577
v -0.026460 0.088206 0.016673
v -0.026469 0.087435 0.017271
v -0.026472 0.087274 0.017406
v -0.026499 0.086678 0.019250
v -0.026490 0.086661 0.018579
v -0.026480 0.086868 0.017940
v -0.026428 0.090459 0.014748
v -0.026370 0.095667 0.016711
v -0.026395 0.092567 0.012666
v -0.026455 0.087790 0.023566
v -0.026438 0.087283 0.024434
v -0.026435 0.086518 0.025087
v -0.026316 0.098854 0.013002
v -0.025815 0.109396 0.002120
v -0.026128 0.105876 0.000381
v -0.026187 0.104131 0.004821
v -0.026162 0.101582 -0.001720
v -0.026254 0.101701 0.009047
v -0.026224 0.099906 0.002110
v -0.026284 0.097792 0.005834
v -0.026297 0.097254 0.006654
v -0.026352 0.094856 0.010017
v -0.026030 0.103776 -0.009904
v -0.025993 0.104098 -0.012204
v -0.025997 0.103846 -0.011922
v -0.026164 0.101295 -0.001560
v -0.026097 0.102882 -0.005758
v -0.026021 0.103413 -0.010466
v -0.026013 0.103470 -0.010957
v -0.025956 0.107727 -0.012923
v -0.025974 0.108663 -0.008810
v -0.025926 0.108605 -0.013417
v -0.025899 0.109272 -0.013599
v -0.025892 0.109269 -0.014174
v -0.025864 0.109646 -0.015109
v -0.025974 0.106736 -0.012747
v -0.025983 0.105444 -0.012738
v -0.025987 0.104660 -0.012572
v -0.025848 0.109692 -0.016115
v -0.025846 0.109403 -0.017079
v -0.025824 0.109440 -0.018423
v -0.025855 0.108811 -0.017894
v -0.025865 0.108105 -0.018406
v -0.026048 0.107595 -0.004103
v -0.025887 0.105402 -0.018738
v -0.025825 0.104146 -0.022637
v -0.025886 0.104740 -0.018846
v -0.025883 0.104391 -0.019005
v -0.025749 0.109147 -0.023205
v -0.025881 0.106694 -0.018747
v -0.025342 0.098170 -0.049353
v -0.025285 0.095204 -0.052808
v -0.025400 0.091679 -0.049105
v -0.025533 0.105556 -0.037075
v -0.025466 0.103493 -0.041399
v -0.025402 0.101023 -0.045505
v -0.025675 0.108397 -0.027936
v -0.025603 0.107196 -0.032574
v -0.025449 0.094383 -0.046071
v -0.025504 0.096922 -0.042616
v -0.025563 0.099119 -0.038934
v -0.025625 0.100955 -0.035058
v -0.025690 0.102413 -0.031026
v -0.025757 0.103480 -0.026873
v -0.025471 0.091433 -0.044703
v -0.025585 0.097211 -0.037601
v -0.025381 0.086171 -0.050324
v -0.025398 0.086328 -0.049300
v -0.025411 0.086976 -0.048493
v -0.025716 0.101268 -0.029394
v -0.025369 0.086420 -0.051093
v -0.025351 0.087058 -0.052216
v -0.025356 0.088714 -0.051863
v -0.025339 0.087358 -0.052963
v -0.025871 0.103657 -0.019736
v -0.025859 0.103404 -0.020492
v -0.025159 0.084258 -0.061175
v -0.025198 0.088126 -0.058654
v -0.025322 0.087437 -0.053967
v -0.025291 0.086614 -0.055775
v -0.025242 0.091770 -0.055820
v -0.025306 0.087180 -0.054941
v -0.025281 0.081921 -0.056583
v -0.025288 0.082700 -0.056135
v -0.025286 0.082898 -0.056265
v -0.025280 0.083835 -0.056634
v -0.025278 0.084842 -0.056672
v -0.025282 0.085804 -0.056374
v -0.025292 0.041174 -0.056302
v -0.025303 0.042533 -0.055550
v -0.025287 0.060772 -0.056394
v -0.025295 0.069908 -0.055804
v -0.025336 0.078685 -0.053202
v -0.025339 0.079478 -0.053044
v -0.025334 0.080476 -0.053319
v -0.025304 0.081841 -0.055180
v -0.025314 0.043038 -0.054909
v -0.025331 0.043692 -0.053795
v -0.025341 0.044234 -0.053194
v -0.025322 0.081203 -0.054056
v -0.025312 0.051732 -0.054941
v -0.025344 0.046221 -0.052976
v -0.025347 0.045198 -0.052819
v -0.025304 0.038366 -0.055548
v -0.025295 0.039197 -0.056116
v -0.025156 0.039324 -0.061644
v -0.025290 0.040170 -0.056377
v -0.025315 0.037858 -0.054900
v -0.025315 0.037842 -0.054873
v -0.026614 0.041004 0.025818
v -0.026006 0.018738 -0.012133
v -0.026000 0.017235 -0.012524
v -0.026589 0.043591 0.024300
v -0.026607 0.042501 0.025405
v -0.025363 0.037863 -0.051872
v -0.026556 0.046747 0.022322
v -0.026554 0.045954 0.022164
v -0.026559 0.044956 0.022439
v -0.026571 0.044229 0.023176
v -0.026597 0.055524 0.024924
v -0.026607 0.039501 0.025426
v -0.026590 0.038395 0.024336
v -0.026566 0.037983 0.022839
v -0.026542 0.038374 0.021336
v -0.025934 0.016109 -0.016615
v -0.025958 0.015717 -0.015112
v -0.025982 0.016130 -0.013615
v -0.026482 0.038456 0.017613
v -0.026421 0.033999 0.013823
v -0.025339 0.037451 -0.053370
v -0.025880 0.021962 -0.019923
v -0.025787 0.023015 -0.025679
v -0.025423 0.037997 -0.048151
v -0.025413 0.038530 -0.048758
v -0.025397 0.038792 -0.049760
v -0.026033 0.022028 -0.010388
v -0.026021 0.021769 -0.011154
v -0.026009 0.021031 -0.011881
v -0.025649 0.026277 -0.034233
v -0.025526 0.031355 -0.041850
v -0.025381 0.038517 -0.050758
v -0.026308 0.028221 0.006721
v -0.026176 0.024164 -0.001486
v -0.026005 0.020030 -0.012142
v -0.026495 0.039104 0.018420
v -0.026511 0.039261 0.019444
v -0.026524 0.039012 0.020213
v -0.025906 0.020778 -0.018311
v -0.025895 0.021586 -0.018958
v -0.025909 0.019988 -0.018142
v -0.025909 0.018696 -0.018133
v -0.025916 0.017199 -0.017720
v 0.026668 0.004154 0.057134
v 0.025931 0.005249 0.057177
v 0.025798 0.003729 0.057813
v 0.023944 0.007642 0.057702
v 0.025464 0.006735 0.057024
v 0.025373 0.007982 0.056774
v 0.028501 0.002840 0.056625
v 0.027213 -0.000297 0.058942
v 0.029950 0.002467 0.055986
v 0.032073 0.000008 0.056348
v 0.031370 0.002417 0.055206
v 0.028197 0.002980 0.056734
v 0.027328 0.003532 0.056997
v 0.026947 0.003863 0.057085
v 0.021045 0.000189 0.061207
v 0.021053 -0.000629 0.061522
v 0.022168 -0.000574 0.061109
v 0.024572 -0.000447 0.060140
v 0.021023 0.004256 0.059966
v 0.021025 0.006900 0.059323
v 0.021015 0.007210 0.059254
v 0.025187 0.073088 0.037177
v 0.021581 0.074076 0.038979
v 0.025209 0.067133 0.039402
v 0.021553 0.069389 0.040779
v 0.025217 0.065808 0.039867
v 0.021506 0.063028 0.043101
v 0.021381 0.049341 0.047766
v 0.025339 0.048670 0.045634
v 0.026036 0.066720 0.038221
v 0.026023 0.072838 0.035937
v 0.025735 0.072922 0.036667
v 0.025753 0.066957 0.038898
v 0.025561 0.057839 0.042300
v 0.025629 0.048611 0.045383
v 0.025797 0.057753 0.042010
v 0.025858 0.048536 0.045084
v 0.025965 0.057653 0.041680
v 0.026019 0.048449 0.044746
v 0.026095 0.050709 0.043593
v 0.026105 0.048351 0.044381
v 0.024571 0.115676 -0.018495
v 0.025006 0.115243 -0.018490
v 0.024568 0.115668 -0.018894
v 0.025091 0.114657 -0.023788
v 0.024450 0.114506 -0.029163
v 0.024483 0.115029 -0.026267
v 0.024633 0.115243 -0.023846
v 0.024541 0.115574 -0.021182
v 0.024967 0.113948 -0.029053
v 0.025358 0.114398 -0.018482
v 0.025356 0.114390 -0.018707
v 0.025353 0.114390 -0.018877
v 0.025324 0.114297 -0.021112
v 0.025261 0.113752 -0.026132
v 0.025226 0.113247 -0.028911
v 0.024354 0.084685 -0.067823
v 0.024128 0.084802 -0.067987
v 0.024315 0.087000 -0.066566
v 0.024802 0.097038 -0.058112
v 0.024834 0.094918 -0.059645
v 0.024665 0.095253 -0.060118
v 0.024716 0.082137 -0.068231
v 0.024749 0.085716 -0.066218
v 0.024724 0.082112 -0.068181
v 0.024629 0.082280 -0.068517
v 0.024528 0.084549 -0.067633
v 0.024441 0.082433 -0.068823
v 0.024173 0.082560 -0.069076
v 0.024508 0.082388 -0.068734
v 0.024652 0.084395 -0.067416
v 0.024725 0.086552 -0.065937
v 0.024791 0.090459 -0.063106
v 0.024714 0.091008 -0.063177
v 0.024834 0.094665 -0.059827
v 0.024834 0.094675 -0.059819
v 0.024837 0.094905 -0.059624
v 0.024859 0.096877 -0.057874
v 0.024722 0.098912 -0.056675
v 0.024879 0.098507 -0.056304
v 0.024125 0.099447 -0.057197
v 0.024159 0.099428 -0.057179
v 0.024125 0.099414 -0.057230
v 0.024331 0.095530 -0.060507
v 0.024078 0.095721 -0.060629
v 0.023840 0.082852 -0.069166
v 0.023927 0.086974 -0.066922
v 0.024016 0.091647 -0.063828
v 0.024440 0.091307 -0.063596
v 0.024636 0.086719 -0.066171
v 0.024519 0.095399 -0.060323
v 0.024563 0.097348 -0.058549
v 0.024382 0.099280 -0.057034
v 0.024710 0.098931 -0.056693
v 0.023836 0.082654 -0.069262
v 0.024870 0.010918 -0.055512
v 0.024680 0.011052 -0.055552
v 0.024782 0.011233 -0.055385
v 0.024831 0.010668 -0.055847
v 0.024790 0.010698 -0.055820
v 0.024808 0.010766 -0.055718
v 0.024611 0.010861 -0.055718
v 0.024161 0.011797 -0.055778
v 0.024374 0.011754 -0.055660
v 0.024293 0.011339 -0.055644
v 0.027232 0.010302 -0.053788
v 0.026963 0.010371 -0.054723
v 0.026347 0.010412 -0.053768
v 0.026278 0.010463 -0.054253
v 0.025954 0.010592 -0.053831
v 0.025816 0.010671 -0.054251
v 0.025614 0.010867 -0.053953
v 0.025629 0.010808 -0.054294
v 0.025468 0.010963 -0.054362
v 0.025450 0.011066 -0.054050
v 0.025214 0.011324 -0.054562
v 0.025176 0.011642 -0.054349
v 0.024941 0.012216 -0.055190
v 0.024934 0.012271 -0.055234
v 0.025012 0.012388 -0.055072
v 0.024493 0.011568 -0.055552
v 0.024510 0.011944 -0.055641
v 0.024665 0.011801 -0.055454
v 0.024596 0.011992 -0.055587
v 0.024726 0.012077 -0.055485
v 0.024310 0.011327 -0.055640
v 0.024509 0.010983 -0.055675
v 0.025508 0.010672 -0.055195
v 0.025493 0.010768 -0.054915
v 0.025700 0.010646 -0.054893
v 0.026689 0.010406 -0.055147
v 0.026577 0.010413 -0.055203
v 0.026516 0.010424 -0.055012
v 0.026063 0.010458 -0.055454
v 0.025938 0.010547 -0.054900
v 0.025885 0.010479 -0.055541
v 0.024991 0.010575 -0.055965
v 0.025043 0.010665 -0.055722
v 0.024589 0.010886 -0.055707
v 0.024558 0.010922 -0.055694
v 0.025148 0.011062 -0.055028
v 0.025108 0.010925 -0.055254
v 0.025070 0.010791 -0.055482
v 0.025530 0.010582 -0.055482
v 0.024879 0.011411 -0.055214
v 0.025481 0.010865 -0.054639
v 0.025185 0.011196 -0.054799
v 0.025041 0.011743 -0.054841
v 0.025070 0.012557 -0.054828
v 0.025556 0.010521 -0.055700
v 0.025040 0.010573 -0.055943
v 0.025418 0.010434 -0.056311
v 0.026239 0.010091 -0.056969
v 0.024954 0.010159 -0.057544
v 0.019465 0.010754 -0.058629
v 0.001475 0.011551 -0.061543
v 0.006304 0.011392 -0.061197
v 0.006803 0.011286 -0.061580
v 0.011514 0.011197 -0.060358
v 0.013213 0.011043 -0.060435
v 0.016654 0.010979 -0.059074
v 0.021820 0.010736 -0.057308
v 0.000514 0.011483 -0.062009
v 0.006927 0.011122 -0.062087
v 0.000510 0.011128 -0.062803
v 0.004777 0.010895 -0.062750
v 0.000508 0.010988 -0.062946
v 0.013456 0.010891 -0.060917
v 0.010293 0.010732 -0.062026
v 0.007299 0.010826 -0.062482
v 0.020036 0.010378 -0.059481
v 0.015281 0.010559 -0.060932
v 0.013678 0.010616 -0.061330
v 0.000515 0.011580 -0.061562
v 0.000315 0.011100 -0.062780
v 0.000039 0.010788 -0.062713
v 0.000038 0.010888 -0.062606
v 0.000148 0.011016 -0.062711
v 0.000149 0.010894 -0.062837
v 0.000314 0.010965 -0.062918
v 0.000318 0.011547 -0.061555
v 0.000150 0.011440 -0.061534
v 0.000038 0.011278 -0.061500
v 0.000516 0.011592 -0.061511
v 0.000516 0.011694 -0.061280
v 0.006683 0.011495 -0.060855
v 0.000515 0.011813 -0.061130
v 0.000513 0.011995 -0.060989
v 0.006591 0.011797 -0.060574
v 0.000501 0.012780 -0.060934
v 0.000501 0.012793 -0.060940
v 0.005594 0.012628 -0.060632
v 0.019052 0.010971 -0.058068
v 0.018611 0.011691 -0.057784
v 0.021167 0.011957 -0.056972
v 0.015912 0.012212 -0.058665
v 0.012633 0.011962 -0.059411
v 0.010689 0.012436 -0.059880
v 0.006526 0.012200 -0.060459
v 0.000511 0.012194 -0.060904
v 0.000508 0.012398 -0.060869
v 0.000506 0.012495 -0.060870
v 0.000515 0.011580 -0.061560
v 0.012936 0.011251 -0.059764
v 0.012761 0.011556 -0.059506
v 0.018800 0.011281 -0.057848
v 0.000313 0.012807 -0.060906
v 0.000316 0.012497 -0.060835
v 0.000154 0.011458 -0.061474
v 0.000323 0.011561 -0.061502
v 0.000323 0.011790 -0.061108
v 0.000320 0.012184 -0.060871
v 0.000040 0.011299 -0.061430
v 0.000040 0.011597 -0.060917
v 0.000040 0.012108 -0.060611
v 0.000039 0.012513 -0.060564
v 0.000039 0.012912 -0.060656
v 0.000154 0.011714 -0.061032
v 0.000152 0.012154 -0.060768
v 0.000150 0.012503 -0.060728
v 0.000149 0.012849 -0.060807
v 0.000520 0.064681 -0.076184
v 0.000323 0.064679 -0.076152
v 0.000323 0.070666 -0.075530
v 0.000040 0.064669 -0.075881
v 0.000154 0.064675 -0.076045
v 0.000040 0.070621 -0.075262
v 0.000154 0.070649 -0.075425
v 0.000040 0.075625 -0.074138
v 0.000040 0.080442 -0.072529
v 0.000040 0.085083 -0.070468
v 0.000040 0.089556 -0.067970
v 0.000040 0.095661 -0.063632
v 0.000039 0.101149 -0.058597
v 0.000039 0.104469 -0.054859
v 0.000039 0.108847 -0.048775
v 0.000039 0.112424 -0.042235
v 0.000039 0.114355 -0.037616
v 0.000040 0.115860 -0.032959
v 0.000040 0.116964 -0.028225
v 0.000040 0.117668 -0.023416
v 0.000040 0.117967 -0.018530
v 0.000153 0.075670 -0.074296
v 0.000153 0.080502 -0.072682
v 0.000153 0.085157 -0.070615
v 0.000152 0.089642 -0.068110
v 0.000152 0.095764 -0.063760
v 0.000152 0.101267 -0.058711
v 0.000151 0.104596 -0.054963
v 0.000151 0.108986 -0.048863
v 0.000152 0.112572 -0.042304
v 0.000152 0.114509 -0.037673
v 0.000152 0.116018 -0.033003
v 0.000152 0.117125 -0.028256
v 0.000152 0.117831 -0.023433
v 0.000152 0.118131 -0.018533
v 0.000322 0.075699 -0.074399
v 0.000321 0.080540 -0.072782
v 0.000321 0.085205 -0.070711
v 0.000320 0.089698 -0.068201
v 0.000319 0.095832 -0.063843
v 0.000319 0.101344 -0.058786
v 0.000318 0.104679 -0.055030
v 0.000318 0.109077 -0.048920
v 0.000319 0.112669 -0.042350
v 0.000319 0.114610 -0.037710
v 0.000319 0.116121 -0.033031
v 0.000320 0.117230 -0.028276
v 0.000320 0.117938 -0.023444
v 0.000320 0.118238 -0.018535
v 0.000520 0.070672 -0.075562
v 0.000519 0.075707 -0.074431
v 0.000518 0.080552 -0.072812
v 0.000517 0.085220 -0.070740
v 0.000516 0.089716 -0.068229
v 0.000515 0.095853 -0.063869
v 0.000514 0.101368 -0.058809
v 0.000514 0.104705 -0.055052
v 0.000514 0.109106 -0.048938
v 0.000515 0.112700 -0.042364
v 0.000515 0.114641 -0.037722
v 0.000515 0.116153 -0.033040
v 0.000516 0.117263 -0.028282
v 0.000516 0.117971 -0.023448
v 0.000516 0.118271 -0.018536
v 0.011082 0.117930 -0.018529
v 0.011082 0.117588 -0.023843
v 0.021635 0.064593 -0.074083
v 0.011115 0.064650 -0.075443
v 0.011112 0.069983 -0.074948
v 0.021634 0.069549 -0.073688
v 0.011109 0.075217 -0.073875
v 0.021633 0.074447 -0.072830
v 0.011104 0.080310 -0.072261
v 0.021634 0.079230 -0.071520
v 0.011100 0.085222 -0.070141
v 0.021636 0.083871 -0.069770
v 0.011096 0.089912 -0.067553
v 0.021638 0.088339 -0.067592
v 0.011092 0.094345 -0.064530
v 0.021640 0.092607 -0.065001
v 0.021642 0.096641 -0.062012
v 0.011089 0.098483 -0.061110
v 0.021644 0.100574 -0.058487
v 0.011086 0.102293 -0.057327
v 0.021644 0.102658 -0.056318
v 0.011084 0.105746 -0.053219
v 0.021646 0.105943 -0.052363
v 0.011083 0.108812 -0.048822
v 0.021646 0.108867 -0.048109
v 0.021647 0.110587 -0.045154
v 0.011082 0.111467 -0.044173
v 0.021647 0.111402 -0.043596
v 0.011081 0.113689 -0.039312
v 0.021648 0.113526 -0.038860
v 0.011081 0.115458 -0.034276
v 0.021648 0.115219 -0.033945
v 0.011081 0.116762 -0.029106
v 0.021649 0.116467 -0.028888
v 0.021650 0.117259 -0.023729
v 0.021651 0.117588 -0.018523
v 0.021651 0.117584 -0.016237
v 0.021653 0.117231 -0.010960
v 0.011003 0.112665 0.006626
v 0.021670 0.112432 0.006507
v 0.021668 0.113529 0.003920
v 0.011013 0.115401 -0.000535
v 0.010992 0.108967 0.013495
v 0.000517 0.107922 0.015707
v 0.010986 0.104230 0.020119
v 0.000516 0.104908 0.019824
v 0.000516 0.101545 0.023766
v 0.000517 0.110583 0.011416
v 0.000517 0.109235 0.013683
v 0.011017 0.116323 -0.003879
v 0.000517 0.115523 0.000197
v 0.000517 0.113829 0.004793
v 0.000518 0.112881 0.006947
v 0.000516 0.118266 -0.016162
v 0.000516 0.117948 -0.011252
v 0.011021 0.117590 -0.011093
v 0.000516 0.117218 -0.006385
v 0.000517 0.116818 -0.004502
v 0.021657 0.116444 -0.005924
v 0.021662 0.115215 -0.000970
v 0.021657 0.100993 0.023127
v 0.021662 0.104851 0.018783
v 0.021670 0.108215 0.014173
v 0.021672 0.111117 0.009216
v 0.000000 0.117766 -0.016174
v 0.000040 0.117961 -0.016169
v 0.000152 0.118125 -0.016166
v 0.000000 0.117452 -0.011305
v 0.000040 0.117646 -0.011285
v 0.000040 0.116919 -0.006443
v 0.000000 0.116331 -0.004614
v 0.000040 0.116521 -0.004570
v 0.000000 0.115048 0.000044
v 0.000040 0.115234 0.000103
v 0.000040 0.113548 0.004676
v 0.000000 0.112427 0.006737
v 0.000040 0.112605 0.006819
v 0.000000 0.110149 0.011169
v 0.000040 0.110318 0.011266
v 0.000152 0.117809 -0.011267
v 0.000152 0.117080 -0.006412
v 0.000152 0.116681 -0.004533
v 0.000153 0.115390 0.000154
v 0.000153 0.113699 0.004739
v 0.000153 0.112754 0.006888
v 0.000153 0.110461 0.011347
v 0.000320 0.118233 -0.016163
v 0.000320 0.117915 -0.011256
v 0.000320 0.117185 -0.006391
v 0.000320 0.116786 -0.004509
v 0.000321 0.115492 0.000187
v 0.000321 0.113798 0.004780
v 0.000321 0.112851 0.006933
v 0.000321 0.110555 0.011399
v 0.000320 0.107895 0.015688
v 0.000152 0.107806 0.015628
v 0.000040 0.107670 0.015536
v 0.000000 0.107508 0.015427
v 0.000320 0.104882 0.019804
v 0.000152 0.104798 0.019737
v 0.000040 0.104669 0.019635
v 0.000000 0.104516 0.019515
v 0.000319 0.101521 0.023743
v 0.000152 0.101442 0.023670
v 0.000040 0.101321 0.023559
v 0.000515 0.098693 0.026642
v 0.011048 0.089496 0.032825
v 0.021652 0.089157 0.032095
v 0.021660 0.092362 0.030177
v 0.011018 0.069682 0.041800
v 0.011042 0.084024 0.035724
v 0.021623 0.082277 0.035534
v 0.021650 0.088858 0.032261
v 0.000517 0.073131 0.041090
v 0.000518 0.061568 0.045442
v 0.010887 0.049699 0.048848
v 0.000519 0.049893 0.049461
v 0.000517 0.080670 0.037901
v 0.000517 0.084242 0.036218
v 0.000517 0.088017 0.034247
v 0.000516 0.091786 0.031995
v 0.000516 0.094315 0.030258
v 0.021662 0.093750 0.029254
v 0.000516 0.095357 0.029474
v 0.021663 0.095532 0.027968
v 0.021660 0.098370 0.025636
v 0.000152 0.098597 0.026539
v 0.000319 0.098670 0.026617
v 0.000040 0.098485 0.026419
v 0.000320 0.095337 0.029448
v 0.000320 0.091768 0.031967
v 0.000320 0.088001 0.034218
v 0.000321 0.080657 0.037871
v 0.000321 0.073119 0.041059
v 0.000321 0.061558 0.045411
v 0.000322 0.049883 0.049431
v 0.000040 0.095171 0.029233
v 0.000040 0.091620 0.031739
v 0.000040 0.087869 0.033981
v 0.000040 0.080545 0.037623
v 0.000040 0.073018 0.040807
v 0.000040 0.061466 0.045156
v 0.000040 0.049797 0.049173
v 0.000152 0.095271 0.029363
v 0.000152 0.091709 0.031877
v 0.000152 0.087949 0.034124
v 0.000153 0.080613 0.037773
v 0.000153 0.073079 0.040960
v 0.000153 0.061521 0.045310
v 0.000153 0.049849 0.049329
v 0.064552 0.002736 0.000163
v 0.064079 0.005119 0.000354
v 0.063783 0.004611 0.006666
v 0.021944 -0.003482 0.061522
v 0.016985 -0.003609 0.063130
v 0.024794 -0.003393 0.060394
v 0.026756 -0.003324 0.059525
v 0.031412 -0.003135 0.057142
v 0.032141 -0.003102 0.056726
v 0.035679 0.000264 0.054061
v 0.036599 -0.002878 0.053896
v 0.040783 -0.002629 0.050746
v 0.038859 0.000513 0.051752
v 0.045863 -0.002264 0.046134
v 0.045394 0.001108 0.045962
v 0.045014 0.001070 0.046345
v 0.044691 -0.002355 0.047286
v 0.049277 0.001530 0.041661
v 0.048315 -0.002057 0.043522
v 0.048912 -0.002003 0.042841
v 0.052194 -0.001677 0.038723
v 0.055111 -0.001334 0.034392
v 0.053107 0.002018 0.036520
v 0.057664 -0.000976 0.029858
v 0.056409 0.002523 0.031029
v 0.059850 -0.000601 0.025130
v 0.059152 0.003040 0.025240
v 0.060323 -0.000509 0.023959
v 0.061308 0.003563 0.019211
v 0.062048 -0.000114 0.018977
v 0.063354 0.000286 0.013920
v 0.062856 0.004089 0.012999
v 0.063596 0.000379 0.012749
v 0.064820 0.001384 0.000054
v 0.064729 0.001100 0.003630
v 0.064247 0.000691 0.008803
v 0.018514 -0.000750 0.062375
v 0.012491 -0.000999 0.063943
v 0.011892 -0.003705 0.064336
v 0.009599 -0.001102 0.064476
v 0.000503 -0.001357 0.065243
v 0.000503 -0.002582 0.065360
v 0.010603 -0.003723 0.064572
v 0.005554 -0.003776 0.065234
v 0.000503 -0.003795 0.065476
v 0.000311 -0.002585 0.065323
v 0.000339 -0.003793 0.065449
v 0.000148 -0.002596 0.065215
v 0.000194 -0.003787 0.065370
v 0.000081 -0.003777 0.065247
v 0.000038 -0.002611 0.065053
v 0.000038 -0.003770 0.065164
v 0.000015 -0.003764 0.065091
v 0.000000 -0.001492 0.064761
v 0.000014 -0.001462 0.064867
v 0.000038 -0.001441 0.064941
v 0.000079 -0.001420 0.065018
v 0.000190 -0.001387 0.065138
v 0.000335 -0.001365 0.065215
v 0.000499 -0.001357 0.065243
v 0.016070 0.003775 0.061363
v 0.010843 0.008595 0.060818
v 0.016028 0.008628 0.059984
v 0.010888 0.003654 0.062360
v 0.005646 0.003547 0.062994
v 0.005618 0.008557 0.061370
v 0.000509 0.008106 0.061757
v 0.000503 0.002873 0.063458
v 0.000516 0.013380 0.060100
v 0.021062 0.018155 0.056600
v 0.015997 0.018335 0.057218
v 0.010793 0.018480 0.057736
v 0.000522 0.018645 0.058414
v 0.000154 0.018602 0.058282
v 0.000154 0.018611 0.058280
v 0.000040 0.018571 0.058120
v 0.000148 0.002824 0.063321
v 0.000038 0.002768 0.063168
v 0.000311 0.002860 0.063423
v 0.000315 0.008096 0.061723
v 0.000320 0.013370 0.060068
v 0.000324 0.018635 0.058384
v 0.000324 0.018637 0.058383
v 0.000152 0.013338 0.059966
v 0.000150 0.008064 0.061620
v 0.000040 0.018551 0.058125
v 0.000040 0.013288 0.059810
v 0.000039 0.008015 0.061464
v 0.000040 0.021945 0.057273
v 0.000039 0.024723 0.056555
v 0.000085 0.024870 0.056606
v 0.000154 0.021986 0.057433
v 0.000152 0.025010 0.056652
v 0.000221 0.025115 0.056682
v 0.000324 0.022012 0.057536
v 0.000374 0.025269 0.056714
v 0.000522 0.022020 0.057567
v 0.000522 0.025351 0.056708
v 0.000521 0.039467 0.052755
v 0.000521 0.032255 0.054840
v 0.010819 0.034424 0.053526
v 0.000673 0.032169 0.054858
v 0.001321 0.031523 0.055007
v 0.002096 0.028498 0.055796
v 0.001852 0.027039 0.056199
v 0.001737 0.030730 0.055206
v 0.001878 0.030313 0.055314
v 0.002098 0.028852 0.055700
v 0.000882 0.025544 0.056641
v 0.001359 0.026032 0.056490
v 0.021267 0.036655 0.051669
v 0.000436 0.032282 0.054829
v 0.000347 0.032278 0.054809
v 0.000323 0.039458 0.052724
v 0.000276 0.032248 0.054787
v 0.000154 0.039427 0.052622
v 0.000184 0.032168 0.054748
v 0.000080 0.031988 0.054677
v 0.000040 0.039380 0.052464
v 0.000038 0.031861 0.054631
v 0.041179 0.008561 -0.048982
v 0.042096 0.005289 -0.049278
v 0.037966 0.005548 -0.052560
v 0.036990 0.008734 -0.052270
v 0.033623 0.005779 -0.055478
v 0.032549 0.008874 -0.055207
v 0.028000 0.008978 -0.057718
v 0.029080 0.005982 -0.058035
v 0.024484 0.009034 -0.059351
v 0.024706 0.006143 -0.060074
v 0.024345 0.006155 -0.060225
v 0.022977 0.009052 -0.059976
v 0.023217 0.006191 -0.060681
v 0.017784 0.009088 -0.061798
v 0.018382 0.006325 -0.062367
v 0.014544 0.009091 -0.062690
v 0.013495 0.006426 -0.063650
v 0.012489 0.009086 -0.063160
v 0.003605 0.006534 -0.065015
v 0.000502 0.006541 -0.065108
v 0.000502 0.007740 -0.064796
v 0.012547 0.006442 -0.063852
v 0.008566 0.006496 -0.064534
v 0.007146 0.009047 -0.064049
v 0.002180 0.008978 -0.064444
v 0.000502 0.008949 -0.064482
v 0.042927 0.005231 -0.048550
v 0.044999 0.008361 -0.045455
v 0.046689 0.004943 -0.044918
v 0.049299 0.008074 -0.040714
v 0.050144 0.004634 -0.041005
v 0.053285 0.004302 -0.036821
v 0.053115 0.007746 -0.035575
v 0.053821 0.004240 -0.036031
v 0.056099 0.003950 -0.032367
v 0.056408 0.007378 -0.030087
v 0.056661 0.003871 -0.031373
v 0.063708 0.002321 -0.011795
v 0.063548 0.002387 -0.012620
v 0.062850 0.006080 -0.012066
v 0.062532 0.002727 -0.016919
v 0.061300 0.006541 -0.018275
v 0.060961 0.003121 -0.021895
v 0.059146 0.006975 -0.024302
v 0.059003 0.003502 -0.026713
v 0.057102 0.003807 -0.030563
v 0.063964 0.002206 -0.010335
v 0.063779 0.005597 -0.005734
v 0.064494 0.001888 -0.006315
v 0.064600 0.001796 -0.005162
v 0.000499 0.008949 -0.064482
v 0.000310 0.007731 -0.064760
v 0.000335 0.008936 -0.064457
v 0.000147 0.007704 -0.064655
v 0.000038 0.007663 -0.064498
v 0.000078 0.008853 -0.064269
v 0.000190 0.008903 -0.064383
v 0.000000 0.008745 -0.064027
v 0.000013 0.008789 -0.064126
v 0.000038 0.008821 -0.064196
v 0.000029 0.006515 -0.064771
v 0.000113 0.006527 -0.064921
v 0.000241 0.006536 -0.065034
v 0.000398 0.006541 -0.065097
v 0.025351 0.018451 0.054189
v 0.025907 0.008092 0.056183
v 0.025886 0.018389 0.053635
v 0.026139 0.008051 0.055434
v 0.026122 0.018282 0.052907
v 0.038042 0.002563 0.050732
v 0.044097 0.002787 0.045456
v 0.043149 0.003446 0.044499
v 0.037362 0.003273 0.049585
v 0.037754 0.003064 0.050218
v 0.043668 0.003253 0.045028
v 0.031176 0.002903 0.054746
v 0.030990 0.003166 0.053919
v 0.029768 0.003000 0.055466
v 0.029468 0.003256 0.054805
v 0.029631 0.003164 0.055149
v 0.026933 0.004671 0.056406
v 0.026908 0.004601 0.056551
v 0.027513 0.003983 0.056413
v 0.026785 0.004350 0.056930
v 0.028228 0.003496 0.056175
v 0.029059 0.003354 0.055023
v 0.028181 0.003671 0.055833
v 0.026947 0.004847 0.055812
v 0.027369 0.004352 0.055717
v 0.027469 0.004256 0.055689
v 0.028097 0.003780 0.055467
v 0.026171 0.007035 0.055662
v 0.026027 0.007001 0.056275
v 0.025686 0.006847 0.056816
v 0.026102 0.005414 0.056970
v 0.026351 0.005674 0.056435
v 0.026354 0.006051 0.055808
v 0.026439 0.005797 0.055828
v 0.030615 0.003338 0.051450
v 0.029532 0.003917 0.043032
v 0.028394 0.004036 0.043472
v 0.027402 0.004629 0.043815
v 0.026815 0.005641 0.043972
v 0.026691 0.006837 0.043944
v 0.026449 0.007409 0.050714
v 0.024715 0.114513 -0.006338
v 0.024768 0.113366 -0.001769
v 0.024826 0.111640 0.003191
v 0.024598 0.115659 -0.016174
v 0.024637 0.115475 -0.012937
v 0.024657 0.115295 -0.011171
v 0.025599 0.096539 0.023835
v 0.025644 0.099086 0.021232
v 0.025028 0.099535 0.021730
v 0.025884 0.096126 0.023252
v 0.025852 0.098725 0.020767
v 0.025058 0.096875 0.024261
v 0.025086 0.093952 0.026625
v 0.025628 0.093648 0.026177
v 0.025129 0.087601 0.030648
v 0.025674 0.087370 0.030162
v 0.025914 0.093268 0.025575
v 0.025962 0.087055 0.029526
v 0.026455 0.087790 0.023566
v 0.026478 0.087981 0.022577
v 0.026438 0.090751 0.021023
v 0.026496 0.087834 0.021580
v 0.026504 0.087569 0.020993
v 0.026505 0.086915 0.019878
v 0.026480 0.086868 0.017940
v 0.026472 0.087274 0.017406
v 0.026490 0.086661 0.018579
v 0.026499 0.086678 0.019250
v 0.026438 0.087283 0.024434
v 0.026435 0.086518 0.025087
v 0.026452 0.085580 0.025450
v 0.026373 0.095619 0.016648
v 0.026469 0.087435 0.017271
v 0.026460 0.088206 0.016673
v 0.026428 0.090459 0.014748
v 0.026395 0.092567 0.012666
v 0.026594 0.072456 0.029516
v 0.026588 0.072085 0.024475
v 0.026581 0.073686 0.024065
v 0.026536 0.079024 0.027730
v 0.026325 0.072727 0.033773
v 0.025999 0.080037 0.032931
v 0.026471 0.084896 0.025509
v 0.026505 0.083908 0.025312
v 0.026554 0.081740 0.022915
v 0.026551 0.082394 0.024029
v 0.026534 0.083042 0.024799
v 0.026559 0.077613 0.022758
v 0.026548 0.079211 0.022096
v 0.026549 0.081141 0.022274
v 0.026546 0.080531 0.021994
v 0.026545 0.079862 0.021933
v 0.025710 0.080238 0.033618
v 0.025163 0.080437 0.034117
v 0.024857 0.110491 0.005858
v 0.024903 0.108386 0.009962
v 0.024944 0.106022 0.013780
v 0.024987 0.102956 0.017902
v 0.025687 0.108372 0.007324
v 0.025629 0.110467 0.002712
v 0.025447 0.110975 0.002917
v 0.025840 0.099710 0.019728
v 0.025793 0.102975 0.015855
v 0.025518 0.102760 0.017284
v 0.025742 0.105868 0.011715
v 0.025467 0.106018 0.012801
v 0.025411 0.108819 0.008018
v 0.025154 0.114929 -0.013069
v 0.025426 0.114212 -0.013132
v 0.025222 0.114189 -0.007559
v 0.025288 0.112903 -0.002150
v 0.025628 0.110487 0.002664
v 0.025496 0.113482 -0.007693
v 0.025564 0.112214 -0.002354
v 0.026316 0.098854 0.013002
v 0.026254 0.101701 0.009047
v 0.026187 0.104131 0.004822
v 0.026224 0.099906 0.002110
v 0.026162 0.101582 -0.001720
v 0.026127 0.105888 0.000387
v 0.026352 0.094849 0.010025
v 0.026297 0.097254 0.006654
v 0.025813 0.109416 0.002130
v 0.026284 0.097792 0.005834
v 0.026164 0.101304 -0.001584
v 0.025997 0.103846 -0.011922
v 0.025993 0.104098 -0.012204
v 0.026013 0.103470 -0.010957
v 0.026030 0.103776 -0.009904
v 0.026020 0.103419 -0.010517
v 0.026097 0.102881 -0.005758
v 0.025855 0.108811 -0.017893
v 0.025865 0.108105 -0.018406
v 0.025824 0.109440 -0.018423
v 0.026048 0.107595 -0.004103
v 0.025974 0.108663 -0.008810
v 0.025899 0.109272 -0.013599
v 0.025983 0.105444 -0.012738
v 0.025974 0.106736 -0.012747
v 0.025987 0.104660 -0.012572
v 0.025956 0.107727 -0.012923
v 0.025926 0.108605 -0.013417
v 0.025892 0.109269 -0.014174
v 0.025864 0.109646 -0.015109
v 0.025848 0.109692 -0.016115
v 0.025846 0.109403 -0.017079
v 0.025071 0.064372 -0.067129
v 0.024681 0.064544 -0.072658
v 0.024682 0.069014 -0.072290
v 0.025126 0.080225 -0.063317
v 0.025253 0.078296 -0.058387
v 0.025232 0.074901 -0.059695
v 0.024702 0.077903 -0.070022
v 0.025217 0.071402 -0.060698
v 0.024688 0.073523 -0.071410
v 0.025207 0.067825 -0.061344
v 0.025203 0.064201 -0.061611
v 0.025205 0.060104 -0.061521
v 0.024683 0.060296 -0.072607
v 0.025214 0.055942 -0.060999
v 0.025250 0.047814 -0.058839
v 0.025109 0.047604 -0.064657
v 0.024685 0.055912 -0.072186
v 0.024696 0.047448 -0.070402
v 0.024721 0.039092 -0.067537
v 0.025292 0.041174 -0.056302
v 0.025156 0.039324 -0.061644
v 0.025211 0.031219 -0.058175
v 0.024775 0.031005 -0.063978
v 0.025315 0.037858 -0.054900
v 0.025360 0.031525 -0.052152
v 0.025304 0.038366 -0.055548
v 0.025295 0.039197 -0.056116
v 0.025290 0.040170 -0.056377
v 0.025287 0.060721 -0.056391
v 0.025331 0.043692 -0.053795
v 0.025314 0.043038 -0.054909
v 0.025303 0.042533 -0.055550
v 0.025295 0.069883 -0.055809
v 0.025312 0.051659 -0.054921
v 0.025344 0.046221 -0.052976
v 0.025304 0.081841 -0.055180
v 0.025281 0.081921 -0.056583
v 0.025288 0.082700 -0.056135
v 0.025334 0.080476 -0.053319
v 0.025339 0.079478 -0.053044
v 0.025322 0.081203 -0.054056
v 0.025336 0.078685 -0.053202
v 0.025347 0.045198 -0.052819
v 0.025341 0.044234 -0.053194
v 0.025285 0.095200 -0.052804
v 0.025242 0.091770 -0.055820
v 0.025198 0.088126 -0.058654
v 0.025159 0.084258 -0.061175
v 0.025282 0.085804 -0.056374
v 0.025278 0.084842 -0.056672
v 0.025286 0.082898 -0.056265
v 0.025280 0.083835 -0.056634
v 0.025400 0.091679 -0.049105
v 0.025356 0.088714 -0.051863
v 0.025339 0.087358 -0.052963
v 0.025322 0.087437 -0.053967
v 0.025306 0.087180 -0.054941
v 0.025291 0.086614 -0.055775
v 0.025716 0.101260 -0.029418
v 0.025584 0.097183 -0.037644
v 0.025625 0.100955 -0.035058
v 0.025470 0.091379 -0.044756
v 0.025504 0.096922 -0.042616
v 0.025563 0.099119 -0.038934
v 0.025351 0.087058 -0.052216
v 0.025369 0.086420 -0.051093
v 0.025883 0.104390 -0.019005
v 0.025871 0.103657 -0.019736
v 0.025825 0.104146 -0.022637
v 0.025859 0.103404 -0.020492
v 0.025757 0.103480 -0.026873
v 0.025690 0.102413 -0.031026
v 0.025411 0.086976 -0.048493
v 0.025449 0.094383 -0.046071
v 0.025398 0.086328 -0.049300
v 0.025381 0.086171 -0.050324
v 0.025749 0.109147 -0.023205
v 0.025876 0.107147 -0.018716
v 0.025881 0.106694 -0.018747
v 0.025886 0.104740 -0.018846
v 0.025887 0.105402 -0.018738
v 0.025603 0.107196 -0.032574
v 0.025675 0.108397 -0.027936
v 0.024893 0.099572 -0.055205
v 0.024939 0.102675 -0.051604
v 0.025342 0.098170 -0.049353
v 0.024991 0.105608 -0.047503
v 0.025402 0.101023 -0.045505
v 0.025046 0.108153 -0.043142
v 0.025466 0.103493 -0.041399
v 0.025104 0.110286 -0.038562
v 0.025533 0.105556 -0.037075
v 0.025129 0.111073 -0.036533
v 0.025164 0.111989 -0.033804
v 0.024668 0.101623 -0.054007
v 0.024159 0.102061 -0.054382
v 0.024706 0.104139 -0.050875
v 0.024788 0.108455 -0.044102
v 0.024875 0.111747 -0.036777
v 0.024197 0.104604 -0.051216
v 0.024277 0.108963 -0.044372
v 0.024361 0.112286 -0.036968
v 0.023753 0.078313 -0.071108
v 0.023690 0.073803 -0.072494
v 0.023658 0.069169 -0.073375
v 0.023653 0.064579 -0.073749
v 0.024042 0.069147 -0.073241
v 0.024036 0.064575 -0.073617
v 0.024355 0.069112 -0.072998
v 0.024479 0.064562 -0.073213
v 0.024602 0.078033 -0.070377
v 0.024576 0.069067 -0.072670
v 0.024585 0.073615 -0.071780
v 0.024065 0.073761 -0.072348
v 0.024112 0.078246 -0.070943
v 0.024370 0.073697 -0.072103
v 0.024400 0.078151 -0.070693
v 0.023668 0.049983 -0.072191
v 0.023660 0.055778 -0.073272
v 0.024042 0.055795 -0.073139
v 0.024576 0.055865 -0.072573
v 0.024354 0.055825 -0.072898
v 0.024586 0.047343 -0.070776
v 0.024365 0.047253 -0.071091
v 0.024055 0.047187 -0.071326
v 0.023675 0.047149 -0.071459
v 0.023688 0.043049 -0.070182
v 0.023725 0.036411 -0.067635
v 0.023710 0.038698 -0.068573
v 0.024086 0.038751 -0.068438
v 0.024611 0.038956 -0.067900
v 0.024667 0.030839 -0.064327
v 0.024393 0.038839 -0.068207
v 0.024453 0.030696 -0.064624
v 0.024151 0.030585 -0.064851
v 0.023781 0.030516 -0.064990
v 0.024894 0.021657 -0.059369
v 0.023882 0.023798 -0.061721
v 0.023996 0.018176 -0.058922
v 0.025245 0.012385 -0.052424
v 0.025280 0.021726 -0.054026
v 0.025486 0.011842 -0.044494
v 0.025427 0.021712 -0.048075
v 0.025570 0.010970 -0.044553
v 0.025764 0.010524 -0.044585
v 0.025986 0.010240 -0.044607
v 0.026317 0.009978 -0.044630
v 0.026705 0.009805 -0.044648
v 0.027576 0.009697 -0.044669
v 0.026689 0.006405 0.026781
v 0.026635 0.007153 0.026831
v 0.026720 0.006276 0.026772
v 0.026913 0.005835 0.026740
v 0.027142 0.005544 0.026718
v 0.027320 0.005388 0.026705
v 0.027864 0.005113 0.026679
v 0.028725 0.005009 0.026658
v 0.026114 0.032134 0.049237
v 0.026727 0.014369 0.039990
v 0.026697 0.033264 0.037757
v 0.026113 0.036089 0.048118
v 0.026636 0.010405 0.026930
v 0.026639 0.030388 0.027285
v 0.026034 0.036181 0.048477
v 0.025644 0.027336 0.051620
v 0.025880 0.027288 0.051311
v 0.026041 0.027224 0.050959
v 0.025352 0.036355 0.049386
v 0.025345 0.020931 0.053557
v 0.025874 0.036259 0.048825
v 0.025642 0.036318 0.049134
v 0.022444 0.018231 0.055907
v 0.025821 0.042461 0.047075
v 0.026082 0.042321 0.046471
v 0.026484 0.047409 0.040336
v 0.026691 0.045980 0.034291
v 0.026634 0.044262 0.027101
v 0.026607 0.065975 0.031845
v 0.026605 0.065162 0.025487
v 0.026599 0.068632 0.025131
v 0.026622 0.054723 0.026457
v 0.026606 0.063746 0.025547
v 0.026638 0.056182 0.033985
v 0.026597 0.055549 0.024929
v 0.025909 0.018696 -0.018133
v 0.025916 0.017199 -0.017720
v 0.026556 0.046747 0.022322
v 0.025315 0.037842 -0.054873
v 0.026566 0.037983 0.022839
v 0.026590 0.038395 0.024336
v 0.026524 0.039012 0.020213
v 0.026542 0.038374 0.021336
v 0.026559 0.044956 0.022439
v 0.026554 0.045954 0.022164
v 0.026571 0.044229 0.023176
v 0.026589 0.043591 0.024300
v 0.026607 0.042501 0.025405
v 0.026614 0.041004 0.025818
v 0.026607 0.039501 0.025426
v 0.025423 0.037997 -0.048151
v 0.025526 0.031339 -0.041831
v 0.025934 0.016109 -0.016615
v 0.025958 0.015717 -0.015112
v 0.025982 0.016130 -0.013615
v 0.025339 0.037451 -0.053370
v 0.025363 0.037863 -0.051872
v 0.026033 0.022028 -0.010388
v 0.026177 0.024172 -0.001462
v 0.026309 0.028249 0.006764
v 0.026422 0.034053 0.013876
v 0.026482 0.038456 0.017613
v 0.025397 0.038792 -0.049760
v 0.025413 0.038530 -0.048758
v 0.025381 0.038517 -0.050758
v 0.025880 0.021962 -0.019923
v 0.025895 0.021586 -0.018958
v 0.025906 0.020778 -0.018311
v 0.026009 0.021031 -0.011881
v 0.026021 0.021769 -0.011154
v 0.026005 0.020030 -0.012142
v 0.026006 0.018738 -0.012133
v 0.026000 0.017235 -0.012524
v 0.025650 0.026253 -0.034188
v 0.025788 0.022996 -0.025605
v 0.025909 0.019988 -0.018142
v 0.026495 0.039104 0.018420
v 0.026511 0.039261 0.019444
v 0.026743 0.006719 0.035384
v 0.026725 0.006749 0.041971
v 0.026834 0.005792 0.035316
v 0.027280 0.005018 0.035213
v 0.028044 0.004568 0.035028
v 0.028995 0.004390 0.036013
v 0.031099 0.010127 -0.052742
v 0.035300 0.009832 -0.049990
v 0.039267 0.009521 -0.046911
v 0.053910 0.007944 -0.028936
v 0.050747 0.008371 -0.034147
v 0.047089 0.008790 -0.039025
v 0.042973 0.009198 -0.043524
v 0.060149 0.006653 -0.011810
v 0.058634 0.007080 -0.017715
v 0.056547 0.007512 -0.023441
v 0.047282 0.003628 0.039958
v 0.050947 0.003849 0.035033
v 0.054105 0.004105 0.029772
v 0.056726 0.004395 0.024226
v 0.061136 0.005435 0.006428
v 0.061409 0.005827 0.000304
v 0.061078 0.006234 -0.005784
v 0.058784 0.004715 0.018448
v 0.060258 0.005063 0.012496
v 0.062159 0.005762 0.000326
v 0.062891 0.005589 0.000341
v 0.062562 0.006031 -0.005891
v 0.048268 0.008585 -0.039934
v 0.044051 0.008959 -0.044540
v 0.043523 0.009152 -0.044038
v 0.061620 0.006476 -0.012060
v 0.060076 0.006918 -0.018106
v 0.057946 0.007354 -0.023972
v 0.055249 0.007779 -0.029600
v 0.052012 0.008191 -0.034938
v 0.047851 0.003450 0.040436
v 0.048339 0.003016 0.040830
v 0.052102 0.003287 0.035808
v 0.051560 0.003686 0.035455
v 0.055349 0.003599 0.030441
v 0.054757 0.003959 0.030134
v 0.058046 0.003947 0.024780
v 0.057411 0.004267 0.024524
v 0.060166 0.004325 0.018880
v 0.059495 0.004604 0.018680
v 0.061689 0.004729 0.012800
v 0.060989 0.004969 0.012659
v 0.062600 0.005152 0.006600
v 0.061880 0.005356 0.006521
v 0.040252 0.009251 -0.048011
v 0.036185 0.009528 -0.051165
v 0.031876 0.009789 -0.053981
v 0.027353 0.010032 -0.056440
v 0.039773 0.009469 -0.047471
v 0.035758 0.009773 -0.050591
v 0.031504 0.010061 -0.053380
v 0.027040 0.010332 -0.055818
v 0.000503 0.010259 -0.063545
v 0.000500 0.009500 -0.064108
v 0.000311 0.010236 -0.063516
v 0.000038 0.009323 -0.063855
v 0.000146 0.009416 -0.063988
v 0.000309 0.009478 -0.064077
v 0.000148 0.010169 -0.063430
v 0.000038 0.010069 -0.063302
v 0.000000 0.095848 0.026519
v 0.000000 0.092346 0.029227
v 0.000000 0.065207 -0.074178
v 0.000000 0.069446 -0.073751
v 0.000000 0.086395 0.032874
v 0.000000 0.081267 0.035443
v 0.000000 0.049332 -0.072685
v 0.000000 0.054612 -0.073648
v 0.000000 0.059697 -0.074155
v 0.000000 0.064606 -0.074204
v 0.000000 0.017327 -0.060750
v 0.000000 0.034527 -0.068067
v 0.000000 0.041432 -0.070525
v 0.000000 0.069955 0.040208
v 0.000000 0.060053 0.043877
v 0.000000 0.075240 -0.072503
v 0.000000 0.079525 -0.071083
v 0.000000 0.083698 -0.069278
v 0.000000 0.107794 -0.047287
v 0.000000 0.110196 -0.042974
v 0.000000 0.112222 -0.038480
v 0.000000 0.099081 0.023482
v 0.000000 0.045828 0.048706
v 0.000000 0.114139 -0.032872
v 0.000000 0.115268 -0.028146
v 0.000000 0.115986 -0.023352
v 0.000000 0.116283 -0.016254
v 0.000000 0.115971 -0.011429
v 0.000000 0.114866 -0.004867
v 0.000000 0.113587 -0.000261
v 0.000000 0.111201 0.005854
v 0.000000 0.108960 0.010257
v 0.000000 0.106354 0.014483
v 0.000000 0.103394 0.018539
v 0.000000 0.087752 -0.067099
v 0.000000 0.095438 -0.061637
v 0.000000 0.099068 -0.058315
v 0.000000 0.102425 -0.054685
v 0.000520 0.057430 -0.075972
v 0.000520 0.054092 -0.075574
v 0.000323 0.054097 -0.075542
v 0.000152 0.028162 -0.067478
v 0.000517 0.028108 -0.067608
v 0.000040 0.028225 -0.067327
v 0.000040 0.035946 -0.070398
v 0.000040 0.043839 -0.073013
v 0.000040 0.048962 -0.074321
v 0.000153 0.035889 -0.070552
v 0.000154 0.043794 -0.073171
v 0.000154 0.048926 -0.074482
v 0.000320 0.028120 -0.067577
v 0.000322 0.035852 -0.070653
v 0.000323 0.043764 -0.073274
v 0.000323 0.048903 -0.074586
v 0.000520 0.050327 -0.074920
v 0.000520 0.048896 -0.074617
v 0.000520 0.043755 -0.073304
v 0.000520 0.035841 -0.070683
v 0.000040 0.054136 -0.075274
v 0.000154 0.054112 -0.075437
v 0.000520 0.059350 -0.076119
v 0.000323 0.059352 -0.076087
v 0.000154 0.059359 -0.075980
v 0.000040 0.059368 -0.075816
v 0.018231 0.036477 -0.068850
v 0.018296 0.023917 -0.063354
v 0.018213 0.043104 -0.071243
v 0.018204 0.050030 -0.073141
v 0.018199 0.057236 -0.074327
v 0.012278 0.057290 -0.075082
v 0.012282 0.050105 -0.073955
v 0.012289 0.043195 -0.072151
v 0.012301 0.036579 -0.069877
v 0.006346 0.036713 -0.070617
v 0.006342 0.024207 -0.065556
v 0.012329 0.024055 -0.064668
vn 0.1202 0.2989 0.9467
vn 0.1194 0.2988 0.9468
vn 0.1115 0.2907 0.9503
vn 0.1193 0.2988 0.9468
vn 0.1107 0.2907 0.9504
vn 0.1040 0.2828 0.9535
vn 0.1038 0.2828 0.9535
vn 0.1106 0.2906 0.9504
vn 0.1033 0.2827 0.9536
vn 0.0139 0.9737 -0.2273
vn 0.0124 0.9740 -0.2261
vn 0.0102 0.9739 -0.2268
vn 0.0102 0.9739 -0.2267
vn 0.0124 0.9740 -0.2262
vn 0.0090 0.9741 -0.2260
vn 0.0090 0.9741 -0.2259
vn 0.0045 0.9736 -0.2282
vn 0.0089 0.9741 -0.2260
vn 0.0036 0.9737 -0.2278
vn 0.0015 0.9731 -0.2303
vn 0.0016 0.9731 -0.2303
vn -0.0000 0.9735 -0.2286
vn 0.0039 0.9725 -0.2327
vn 0.0022 0.9727 -0.2320
vn 0.0023 0.9727 -0.2320
vn 0.0037 0.9725 -0.2327
vn 0.0021 0.9727 -0.2320
vn 0.0022 0.9727 -0.2319
vn 0.0022 0.9728 -0.2316
vn 0.0014 0.9729 -0.2311
vn 0.0012 0.9729 -0.2313
vn 0.0020 0.9727 -0.2319
vn 0.0014 0.9729 -0.2312
vn 0.0015 0.9731 -0.2302
vn 0.0017 0.9731 -0.2303
vn 0.0017 0.9732 -0.2298
vn 0.0001 0.9735 -0.2287
vn 0.0161 -0.0391 -0.9991
vn 0.0161 -0.0348 -0.9993
vn 0.0185 -0.0337 -0.9993
vn 0.0186 -0.0337 -0.9993
vn 0.0305 -0.0229 -0.9993
vn 0.0177 -0.0097 -0.9998
vn 0.0161 -0.0092 -0.9998
vn 0.0160 -0.0014 -0.9999
vn -0.0018 -0.9652 0.2614
vn -0.0015 -0.9652 0.2615
vn 0.0005 -0.9650 0.2622
vn 0.0008 -0.9651 0.2620
vn -0.0012 -0.9652 0.2616
vn 0.0006 -0.9650 0.2622
vn 0.0010 -0.9650 0.2622
vn 0.0018 -0.9648 0.2629
vn 0.0021 -0.9648 0.2629
vn 0.0010 -0.9650 0.2623
vn 0.0016 -0.9646 0.2636
vn -0.0044 -0.9643 0.2649
vn -0.0023 -0.9643 0.2649
vn -0.0022 -0.9642 0.2653
vn -0.0041 -0.9642 0.2650
vn -0.0022 -0.9644 0.2645
vn 0.0002 -0.9644 0.2644
vn 0.0002 -0.9644 0.2643
vn -0.0020 -0.9643 0.2650
vn 0.0005 -0.9644 0.2644
vn 0.0002 -0.9644 0.2645
vn 0.0005 -0.9643 0.2646
vn 0.0017 -0.9646 0.2636
vn 0.0017 -0.9646 0.2638
vn 0.0005 -0.9644 0.2645
vn 0.0017 -0.9646 0.2637
vn 0.0018 -0.9648 0.2628
vn -0.9999 0.0016 -0.0126
vn -0.9999 0.0002 -0.0132
vn -1.0000 0.0012 -0.0054
vn -1.0000 0.0026 0.0009
vn -0.9999 0.0042 0.0153
vn -0.9996 0.0092 0.0258
vn -0.9992 0.0115 0.0371
vn -0.9982 0.0164 0.0576
vn -0.9984 0.0166 0.0548
vn -0.9963 0.0244 0.0819
vn -0.9957 0.0293 0.0879
vn -0.9953 0.0262 0.0933
vn -0.9953 0.0262 0.0934
vn -0.9941 0.0337 0.1030
vn -0.9990 0.0100 0.0428
vn -0.9973 0.0204 0.0703
vn -0.9966 0.0209 0.0800
vn -0.9983 0.0137 0.0571
vn -0.9994 0.0087 0.0343
vn -0.9999 0.0035 0.0147
vn -0.9999 0.0043 0.0140
vn -1.0000 0.0009 -0.0047
vn -0.9999 -0.0002 -0.0127
vn -0.9999 0.0002 -0.0133
vn -0.9961 0.0251 0.0847
vn 0.9958 -0.0282 -0.0872
vn 0.9964 -0.0253 -0.0814
vn 0.9981 -0.0173 -0.0586
vn 0.9981 -0.0171 -0.0593
vn 0.9993 -0.0095 -0.0364
vn 0.9992 -0.0107 -0.0392
vn 0.9996 -0.0072 -0.0261
vn 0.9999 -0.0046 -0.0145
vn 0.9999 -0.0035 -0.0142
vn 1.0000 -0.0023 0.0058
vn 1.0000 0.0011 -0.0029
vn 0.9999 -0.0003 0.0107
vn 0.9999 -0.0010 0.0121
vn 0.9999 -0.0002 0.0133
vn 1.0000 -0.0005 0.0084
vn 0.9999 0.0001 0.0130
vn 0.9952 -0.0277 -0.0939
vn 0.9959 -0.0233 -0.0870
vn 0.9965 -0.0225 -0.0801
vn 0.9971 -0.0187 -0.0734
vn 0.9983 -0.0144 -0.0557
vn 0.9985 -0.0133 -0.0530
vn 0.9994 -0.0078 -0.0342
vn 0.9993 -0.0090 -0.0372
vn 0.9999 -0.0048 -0.0161
vn 0.9999 -0.0032 -0.0157
vn 1.0000 -0.0047 -0.0034
vn 1.0000 -0.0002 0.0052
vn 0.9999 -0.0001 0.0124
vn 0.9941 -0.0337 -0.1029
vn -0.5792 0.6297 -0.5177
vn -0.7453 0.5045 -0.4360
vn -0.7875 0.2278 -0.5727
vn -0.5050 -0.1525 -0.8496
vn -0.5196 -0.0196 -0.8542
vn -0.7216 -0.1183 -0.6821
vn -0.2008 0.9262 -0.3192
vn -0.3253 0.8533 -0.4075
vn -0.3371 0.7612 -0.5541
vn -0.3763 0.4339 -0.8186
vn -0.3220 0.5569 -0.7656
vn -0.5161 0.3873 -0.7640
vn -0.3355 0.6399 -0.6914
vn -0.5497 0.2784 -0.7876
vn -0.4214 -0.0845 -0.9029
vn -0.4076 -0.2591 -0.8756
vn -0.9903 -0.0136 -0.1385
vn -0.9595 -0.0843 -0.2687
vn -0.9672 0.2088 -0.1447
vn -0.8997 -0.1431 -0.4124
vn -0.6543 0.7454 -0.1275
vn -0.6871 0.7258 -0.0315
vn -0.8144 0.5578 -0.1599
vn -0.8612 0.5052 -0.0563
vn -0.0719 0.9957 0.0581
vn -0.2718 0.9611 0.0499
vn -0.0773 0.9961 0.0435
vn -0.3281 0.9432 0.0521
vn -0.0910 0.9953 -0.0334
vn -0.1867 0.9724 -0.1401
vn -0.1410 0.9874 -0.0712
vn -0.2643 0.9559 -0.1279
vn -0.1184 0.9917 -0.0496
vn -0.1593 0.9871 -0.0184
vn -0.4807 0.8460 -0.2307
vn -0.3075 0.9075 -0.2862
vn -0.2300 0.9482 -0.2191
vn -0.1996 0.9358 -0.2905
vn -0.5054 0.6299 -0.5897
vn -0.4153 0.7543 -0.5085
vn -0.6614 0.2497 -0.7073
vn -0.2380 0.8105 -0.5351
vn -0.9244 0.0647 -0.3758
vn -0.8568 0.4014 -0.3237
vn -0.8838 0.3594 -0.2994
vn -0.7187 0.6687 -0.1908
vn -0.8363 -0.1236 -0.5342
vn -0.4593 0.8719 -0.1696
vn -0.4547 0.8737 -0.1731
vn -0.6145 0.7474 -0.2524
vn -0.5995 -0.3018 -0.7413
vn -0.7507 -0.2423 -0.6146
vn -0.5308 0.8429 0.0877
vn -0.7114 0.4689 -0.5235
vn -0.4268 0.5999 0.6768
vn -0.4147 0.5763 0.7042
vn -0.4727 0.2984 0.8292
vn -0.3131 0.2251 0.9227
vn -0.3121 0.3344 0.8893
vn -0.3550 0.2520 0.9003
vn -0.4204 0.2511 0.8719
vn -0.4653 0.5302 0.7088
vn -0.5090 0.4964 0.7032
vn -0.6213 0.2766 0.7331
vn -0.4438 0.3143 0.8392
vn -0.5529 0.2255 0.8021
vn -0.4605 0.2222 0.8594
vn -0.5521 0.1996 0.8095
vn -0.5318 0.3508 0.7708
vn -0.5072 0.3891 0.7690
vn -0.5455 0.4513 0.7062
vn -0.3327 0.2537 0.9083
vn -0.3288 0.2272 0.9167
vn -0.3154 0.2254 0.9218
vn -0.9831 0.0613 0.1728
vn -0.9299 0.1260 0.3457
vn -0.9646 0.1008 0.2437
vn -0.8287 0.2107 0.5185
vn -0.5612 0.2814 0.7784
vn -0.5994 0.2971 0.7433
vn -0.7017 0.2418 0.6702
vn -0.8339 0.1877 0.5190
vn -0.2975 0.3570 0.8855
vn -0.3026 0.3328 0.8931
vn -0.3057 0.3144 0.8987
vn -0.5745 0.2637 0.7748
vn -0.3057 0.2921 0.9062
vn -0.5800 0.2500 0.7753
vn -0.9872 0.0559 0.1492
vn -0.9876 0.0511 0.1487
vn -0.9460 0.1030 0.3074
vn -0.7211 0.2252 0.6552
vn -0.8480 0.1731 0.5010
vn -0.9368 0.1150 0.3304
vn -0.7349 0.2107 0.6446
vn -0.8596 0.1608 0.4849
vn -0.6466 0.7618 -0.0394
vn -0.8618 0.5058 -0.0370
vn -0.6361 0.7711 -0.0272
vn -0.7612 0.6161 -0.2023
vn -0.6238 0.7815 -0.0074
vn -0.9716 0.2352 -0.0259
vn -0.9725 0.2319 -0.0205
vn -0.9715 0.2364 -0.0160
vn -0.9731 0.2301 -0.0096
vn -0.8520 0.5088 -0.1232
vn -0.9754 0.2125 -0.0590
vn -0.9735 0.2237 -0.0479
vn -0.7235 0.6807 -0.1151
vn -0.6540 0.7368 -0.1715
vn -0.7906 0.6082 -0.0718
vn -0.8825 0.4666 -0.0595
vn -0.7261 0.6859 -0.0484
vn -0.3458 0.9326 -0.1039
vn -0.9516 0.1375 -0.2748
vn -0.8635 0.2099 -0.4585
vn -0.9368 0.1452 -0.3183
vn -0.9758 0.1118 -0.1878
vn -0.9904 0.0615 -0.1239
vn -0.9883 0.0802 -0.1301
vn -0.8083 0.3939 -0.4377
vn -0.7489 0.4599 -0.4771
vn -0.6263 0.5517 -0.5507
vn -0.9192 0.2506 -0.3037
vn -0.8158 0.3695 -0.4450
vn -0.7091 0.4885 -0.5086
vn -0.9892 0.0990 -0.1083
vn -0.9801 0.1337 -0.1469
vn -0.8891 0.3123 -0.3346
vn -0.9840 0.1071 -0.1427
vn -0.9945 0.0623 -0.0846
vn -0.9778 0.1322 -0.1624
vn -0.9506 0.2115 -0.2273
vn -0.9829 0.1076 -0.1493
vn -0.7366 0.3207 -0.5954
vn -0.6294 0.3215 -0.7075
vn -0.7800 0.2591 -0.5697
vn -0.5306 0.4190 -0.7368
vn -0.4555 0.3642 -0.8124
vn -0.5397 0.3948 -0.7435
vn -0.8544 0.2455 -0.4580
vn -0.9023 0.2256 -0.3673
vn -0.7128 0.3751 -0.5926
vn -0.7868 0.3537 -0.5059
vn -0.6027 0.4504 -0.6587
vn -0.7099 0.4546 -0.5380
vn -0.6061 0.5034 -0.6159
vn -0.9431 0.1919 -0.2717
vn -0.9883 0.0574 -0.1413
vn -0.9859 0.0738 -0.1502
vn -0.9993 0.0195 0.0328
vn -1.0000 0.0030 -0.0012
vn -0.9991 0.0134 0.0413
vn -1.0000 0.0028 0.0002
vn -1.0000 0.0013 -0.0001
vn -0.9945 0.0435 0.0953
vn -0.9980 0.0203 0.0605
vn -0.9999 0.0038 0.0111
vn -0.9994 0.0114 0.0317
vn -1.0000 0.0017 -0.0018
vn -0.9999 0.0013 -0.0099
vn -0.9999 -0.0000 -0.0115
vn -0.6140 0.5251 0.5893
vn -0.6303 0.5590 0.5387
vn -0.8537 0.3765 0.3599
vn -0.8281 0.2769 0.4875
vn -0.6072 0.3843 0.6954
vn -0.6139 0.4661 0.6371
vn -0.8308 0.3295 0.4486
vn -0.8313 0.3741 0.4111
vn -0.9744 0.1641 0.1537
vn -0.9698 0.1678 0.1768
vn -0.9692 0.1509 0.1944
vn -0.9676 0.1274 0.2180
vn -0.9713 0.2267 0.0720
vn -0.9717 0.2214 0.0826
vn -0.8686 0.4641 0.1740
vn -0.8417 0.5220 0.1382
vn -0.6529 0.7085 0.2678
vn -0.9719 0.2298 0.0515
vn -0.8391 0.5427 0.0373
vn -0.6413 0.7342 0.2227
vn -0.6500 0.7432 0.1587
vn -0.8401 0.5353 0.0875
vn -0.6536 0.7506 0.0972
vn -0.6519 0.7576 0.0321
vn -0.9724 0.2312 0.0301
vn -0.9729 0.2311 0.0067
vn -0.9681 0.1955 0.1566
vn -0.8361 0.4321 0.3379
vn -0.9679 0.2064 0.1432
vn -0.8402 0.4592 0.2884
vn -0.9691 0.2153 0.1203
vn -0.8083 0.5340 0.2481
vn -0.9704 0.2192 0.1015
vn -0.6230 0.6046 0.4963
vn -0.6301 0.6342 0.4481
vn -0.6269 0.6640 0.4075
vn -0.6273 0.6765 0.3858
vn -0.6787 0.6681 0.3050
vn -0.9201 0.1330 -0.3684
vn -0.9877 0.0512 -0.1479
vn -0.9117 0.0988 -0.3988
vn -0.9870 0.0374 -0.1561
vn -0.9081 0.0547 -0.4151
vn -0.9860 0.0224 -0.1655
vn -0.8251 0.0115 -0.5649
vn -0.9772 0.0075 -0.2120
vn -0.3727 0.3048 -0.8765
vn -0.5653 0.2820 -0.7752
vn -0.2979 0.2218 -0.9285
vn -0.5096 0.2066 -0.8353
vn -0.2547 0.1270 -0.9586
vn -0.4807 0.1157 -0.8692
vn -0.7737 0.2174 -0.5950
vn -0.7462 0.1602 -0.6461
vn -0.7291 0.0898 -0.6785
vn -0.5064 0.0125 -0.8622
vn -0.2449 0.0131 -0.9695
vn -0.9991 -0.0128 -0.0408
vn -0.9997 -0.0034 -0.0248
vn -0.9996 0.0052 -0.0283
vn -0.9995 0.0041 -0.0322
vn -0.9995 0.0058 -0.0323
vn -0.9994 0.0076 -0.0324
vn -0.9636 -0.0166 -0.2669
vn -0.9988 -0.0077 -0.0492
vn -0.9998 -0.0012 -0.0202
vn -0.9996 0.0005 -0.0298
vn -0.9863 -0.0221 -0.1637
vn -0.9842 -0.0448 -0.1712
vn -0.9995 -0.0011 -0.0321
vn -0.3709 -0.1975 -0.9074
vn -0.2441 -0.2689 -0.9317
vn -0.4923 -0.2335 -0.8386
vn -0.9038 -0.0582 -0.4239
vn -0.7257 -0.0896 -0.6821
vn -0.4781 -0.1087 -0.8716
vn -0.2473 -0.1166 -0.9619
vn -0.9051 -0.1111 -0.4103
vn -0.7296 -0.1801 -0.6598
vn -0.5603 0.8271 0.0438
vn -0.2676 0.9619 0.0561
vn -0.2912 0.9549 0.0571
vn -0.0756 0.9951 0.0637
vn -0.0750 0.9951 0.0639
vn -0.9473 0.3203 0.0056
vn -0.9677 0.2520 -0.0098
vn -0.8585 0.5124 0.0188
vn -0.8596 0.5108 0.0102
vn -0.7266 0.6863 0.0320
vn -0.7096 0.7041 0.0267
vn -0.5177 0.8545 0.0421
vn -0.9878 0.1558 -0.0056
vn -0.9992 0.0379 -0.0119
vn -0.9987 0.0463 -0.0213
vn -0.6083 0.1952 0.7693
vn -0.4433 0.2498 0.8609
vn -0.2855 0.2392 0.9281
vn -0.3025 0.2638 0.9159
vn -0.5746 0.2297 0.7855
vn -0.5812 0.2128 0.7855
vn -0.5683 0.2088 0.7959
vn -0.5796 0.2054 0.7886
vn -0.9999 0.0003 -0.0110
vn -0.9997 0.0040 0.0240
vn -0.9892 0.0407 0.1405
vn -0.9911 0.0349 0.1282
vn -0.8183 0.1684 0.5495
vn -0.9670 0.0747 0.2434
vn -0.7330 0.1897 0.6533
vn -0.8626 0.1405 0.4860
vn -0.9501 0.0875 0.2996
vn -0.9912 0.0348 0.1275
vn -0.9839 0.0456 0.1728
vn -0.9551 0.0775 0.2861
vn -0.8564 0.1272 0.5004
vn -0.8586 0.1315 0.4955
vn -0.7175 0.1775 0.6736
vn -0.9998 0.0076 0.0167
vn -0.9796 0.2002 0.0187
vn -0.9820 0.1877 0.0198
vn -0.9753 0.2059 -0.0797
vn -0.0075 0.4123 -0.9110
vn 0.0875 0.2521 -0.9637
vn -0.0503 0.4388 -0.8972
vn 0.0284 0.2534 -0.9669
vn -0.1078 0.4629 -0.8798
vn -0.0428 0.3069 -0.9508
vn -0.1379 0.2544 -0.9572
vn -0.1764 0.4876 -0.8551
vn -0.1879 0.2548 -0.9486
vn -0.2419 0.2426 -0.9395
vn -0.2238 0.2528 -0.9413
vn -0.2850 0.2501 -0.9253
vn -0.2908 0.2520 -0.9230
vn -0.3488 0.2528 -0.9025
vn -0.3482 0.2526 -0.9027
vn -0.3936 0.2494 -0.8848
vn -0.3902 0.2494 -0.8863
vn -0.4377 0.2502 -0.8636
vn -0.4461 0.2563 -0.8575
vn -0.5058 0.2552 -0.8240
vn -0.4672 0.2688 -0.8423
vn -0.5230 0.2488 -0.8152
vn -0.5739 0.2480 -0.7805
vn -0.9810 0.1941 0.0074
vn -0.9776 0.2023 -0.0588
vn -0.9687 0.2116 -0.1300
vn -0.9603 0.2086 -0.1854
vn -0.9607 0.2117 -0.1797
vn -0.9388 0.1986 -0.2814
vn -0.9444 0.2306 -0.2345
vn -0.9081 0.2253 -0.3530
vn -0.9225 0.2499 -0.2940
vn -0.8933 0.2268 -0.3880
vn -0.8647 0.2377 -0.4425
vn -0.8719 0.2267 -0.4341
vn -0.5859 0.2497 -0.7710
vn -0.6311 0.2461 -0.7357
vn -0.6300 0.2458 -0.7366
vn -0.6639 0.2468 -0.7060
vn -0.6836 0.2392 -0.6895
vn -0.7170 0.2479 -0.6515
vn -0.7102 0.2421 -0.6611
vn -0.7607 0.2410 -0.6027
vn -0.7583 0.2394 -0.6063
vn -0.8067 0.2351 -0.5422
vn -0.8161 0.2385 -0.5264
vn -0.8431 0.2373 -0.4825
vn -0.8582 0.2306 -0.4586
vn 0.9993 0.0360 -0.0114
vn 0.9810 0.0498 -0.1875
vn 0.9976 0.0441 -0.0540
vn 0.9241 0.0960 -0.3700
vn 0.9762 0.0921 -0.1961
vn 0.9214 0.1606 -0.3539
vn 0.8199 0.2358 -0.5217
vn 0.7058 0.1779 -0.6857
vn 0.6130 0.3313 -0.7173
vn 0.3793 0.2345 -0.8951
vn 0.3300 0.3918 -0.8588
vn 0.0840 0.4096 -0.9084
vn 0.2308 0.2424 -0.9423
vn 0.5108 0.2114 -0.8333
vn 0.7663 0.1579 -0.6228
vn 0.9364 0.0867 -0.3400
vn 0.9855 0.0427 -0.1645
vn 0.0591 0.4862 0.8719
vn 0.0588 0.5402 0.8394
vn -0.0632 0.5082 0.8589
vn -0.0356 0.7332 0.6791
vn -0.2841 0.6870 0.6688
vn -0.2855 0.6373 0.7157
vn -0.0769 0.3584 0.9304
vn 0.0528 0.4054 0.9126
vn -0.0725 0.4318 0.8991
vn 0.2328 0.4327 0.8710
vn 0.0490 0.3142 0.9481
vn 0.0473 0.3355 0.9408
vn 0.0525 0.3724 0.9266
vn -0.0845 0.3110 0.9467
vn -0.2981 0.3998 0.8668
vn 0.0684 0.7341 0.6756
vn 0.0626 0.6772 0.7332
vn 0.0597 0.6225 0.7803
vn -0.2880 0.5858 0.7575
vn 0.1432 0.5744 0.8059
vn -0.2927 0.5430 0.7871
vn -0.3000 0.5120 0.8049
vn -0.2952 0.4562 0.8395
vn -0.6254 0.1236 0.7705
vn -0.5956 0.3542 0.7210
vn -0.6381 0.3764 0.6716
vn 0.0542 0.0959 0.9939
vn -0.0355 0.2434 0.9693
vn -0.1237 0.2383 0.9633
vn 0.0422 0.1057 0.9935
vn -0.1959 0.2301 0.9533
vn -0.1580 0.0965 0.9827
vn -0.0611 0.1849 0.9809
vn -0.3464 0.1016 0.9326
vn -0.2996 0.1037 0.9484
vn -0.2750 0.2261 0.9345
vn -0.2536 0.1101 0.9610
vn -0.1987 0.0977 0.9752
vn -0.4151 0.1117 0.9029
vn -0.4631 0.1247 0.8775
vn -0.5069 0.1142 0.8544
vn -0.5197 0.3348 0.7860
vn -0.5645 0.1225 0.8163
vn -0.5510 0.3302 0.7664
vn -0.8377 0.1714 0.5186
vn -0.7792 0.1675 0.6040
vn -0.8137 0.1494 0.5618
vn -0.7548 0.1433 0.6401
vn -0.7670 0.1322 0.6278
vn -0.7248 0.1449 0.6735
vn -0.6742 0.1360 0.7260
vn -0.8581 0.1578 0.4886
vn -0.8617 0.1567 0.4825
vn -0.8805 0.1629 0.4452
vn -0.8980 0.1630 0.4087
vn -0.9010 0.1606 0.4031
vn -0.9141 0.1684 0.3689
vn -0.9188 0.1687 0.3568
vn -0.9327 0.1701 0.3182
vn -0.9402 0.1720 0.2941
vn -0.9463 0.1717 0.2739
vn -0.9652 0.1718 0.1970
vn -0.9572 0.1858 0.2221
vn -0.9822 0.1622 0.0947
vn -0.9668 0.2074 0.1492
vn -0.9385 0.3286 0.1064
vn 0.0872 0.2424 0.9663
vn 0.3787 0.0918 0.9209
vn 0.3290 0.2283 0.9163
vn 0.7034 0.0703 0.7073
vn 0.9238 0.0382 0.3810
vn 0.8188 0.1410 0.5564
vn 0.6151 0.1905 0.7651
vn 0.9997 -0.0112 0.0209
vn 0.9976 0.0071 0.0690
vn 0.9753 0.0517 0.2148
vn 0.9210 0.0950 0.3778
vn 0.9168 0.0381 0.3976
vn 0.9736 0.0222 0.2274
vn 0.9811 0.0221 0.1922
vn 0.9927 0.0115 0.1204
vn 0.8108 0.0534 0.5828
vn 0.6035 0.0722 0.7941
vn 0.3143 0.0890 0.9451
vn -0.1402 0.3353 0.9316
vn -0.2069 0.3029 0.9303
vn 0.0690 0.3456 0.9358
vn 0.0673 0.3038 0.9504
vn -0.0666 0.3272 0.9426
vn -0.0753 0.3119 0.9471
vn -0.1247 0.2982 0.9463
vn -0.1792 0.2740 0.9449
vn 0.0595 0.3025 0.9513
vn 0.0447 0.2744 0.9606
vn -0.0902 0.2702 0.9586
vn -0.1206 0.2564 0.9590
vn 0.9806 0.0684 0.1835
vn 0.6926 0.2093 0.6902
vn 0.6920 0.1870 0.6973
vn 0.3496 0.2436 0.9047
vn 0.9797 0.0597 0.1913
vn 0.9798 0.0534 0.1928
vn 0.9203 0.1011 0.3780
vn 0.9252 0.1330 0.3555
vn 0.9803 0.0601 0.1880
vn 0.9223 0.1177 0.3681
vn 0.9800 0.0602 0.1896
vn 0.9207 0.1180 0.3719
vn 0.9204 0.1134 0.3742
vn 0.6957 0.2172 0.6847
vn 0.7007 0.2172 0.6796
vn 0.7073 0.2477 0.6621
vn 0.3550 0.2722 0.8944
vn 0.3608 0.2820 0.8890
vn 0.3699 0.2828 0.8850
vn 0.3796 0.3237 0.8667
vn 1.0000 -0.0000 -0.0000
vn 1.0000 -0.0003 0.0001
vn 0.0449 0.2459 0.9682
vn 0.3518 0.2307 0.9072
vn 0.0047 0.2486 0.9686
vn 0.1936 0.2431 0.9505
vn 0.9010 0.1027 0.4214
vn 0.7922 0.1505 0.5914
vn 0.6911 0.1781 0.7005
vn 0.6550 0.1832 0.7330
vn 0.4682 0.2199 0.8558
vn 0.9194 0.0968 0.3811
vn 0.9797 0.0492 0.1943
vn 0.9803 0.0491 0.1914
vn -0.0910 0.2731 0.9577
vn -0.0603 0.2440 0.9679
vn -0.0660 0.2423 0.9680
vn -0.0748 0.2510 0.9651
vn -0.0774 0.2551 0.9638
vn -0.0727 0.2616 0.9624
vn -0.0692 0.2674 0.9611
vn -0.0666 0.2726 0.9598
vn -0.0637 0.2804 0.9578
vn -0.0602 0.2925 0.9544
vn -0.0243 0.2820 0.9591
vn 0.0464 0.2895 0.9561
vn 0.4857 0.2449 0.8391
vn 0.6943 0.2017 0.6908
vn 0.6916 0.2086 0.6915
vn 0.9798 0.0579 0.1916
vn 0.9193 0.1136 0.3769
vn 0.9811 0.0538 0.1860
vn 0.9676 0.0701 0.2425
vn 0.8585 0.1428 0.4925
vn 0.3087 0.2666 0.9130
vn 0.3534 0.2710 0.8954
vn 0.1206 0.2759 0.9536
vn 0.3550 0.2930 0.8878
vn 0.6924 0.2261 0.6852
vn 0.9195 0.1232 0.3733
vn 0.9798 0.0626 0.1898
vn 0.6934 0.4895 0.5288
vn 0.6936 0.5301 0.4878
vn 0.3591 0.6868 0.6320
vn 0.9190 0.2678 0.2894
vn 0.9192 0.2897 0.2666
vn 0.9800 0.1351 0.1459
vn 0.9908 0.0995 0.0916
vn 0.3595 0.6339 0.6848
vn 0.3633 0.5762 0.7322
vn 0.3603 0.5059 0.7837
vn 0.3604 0.4515 0.8162
vn 0.3604 0.3848 0.8497
vn 0.3574 0.3465 0.8673
vn 0.3569 0.3166 0.8789
vn 0.6930 0.4416 0.5698
vn 0.6931 0.3930 0.6043
vn 0.6927 0.3458 0.6329
vn 0.6929 0.3011 0.6552
vn 0.6934 0.2673 0.6692
vn 0.6933 0.2442 0.6780
vn 0.9188 0.2418 0.3120
vn 0.9190 0.2150 0.3305
vn 0.9189 0.1892 0.3463
vn 0.9191 0.1645 0.3579
vn 0.9196 0.1458 0.3649
vn 0.9197 0.1331 0.3694
vn 0.9800 0.1219 0.1572
vn 0.9800 0.1086 0.1669
vn 0.9800 0.0955 0.1749
vn 0.9799 0.0833 0.1811
vn 0.9799 0.0740 0.1851
vn 0.9799 0.0676 0.1877
vn 0.0729 0.8992 -0.4315
vn -0.0297 0.8893 -0.4565
vn -0.0325 0.9269 -0.3739
vn 0.0651 0.7108 -0.7004
vn -0.0336 0.7323 -0.6801
vn -0.0294 0.7936 -0.6077
vn -0.0391 0.6768 -0.7352
vn 0.0675 0.6284 -0.7750
vn -0.0465 0.5988 -0.7995
vn 0.0632 0.5312 -0.8449
vn -0.0550 0.5224 -0.8509
vn 0.0582 0.4457 -0.8933
vn -0.0653 0.4384 -0.8964
vn 0.0544 0.3605 -0.9312
vn -0.0760 0.3476 -0.9346
vn 0.0509 0.2673 -0.9623
vn -0.0862 0.2498 -0.9645
vn 0.0483 0.1610 -0.9858
vn -0.0937 0.1447 -0.9850
vn 0.0459 0.0447 -0.9979
vn -0.0987 0.0309 -0.9946
vn 0.0682 0.7775 -0.6252
vn -0.0290 0.8435 -0.5364
vn 0.0724 0.8432 -0.5326
vn 0.0713 0.9356 -0.3458
vn -0.0328 0.9570 -0.2882
vn 0.0701 0.9613 -0.2665
vn -0.0331 0.9793 -0.1998
vn 0.0690 0.9802 -0.1854
vn -0.0330 0.9934 -0.1096
vn 0.0679 0.9924 -0.1025
vn -0.0327 0.9994 -0.0120
vn 0.0677 0.9973 -0.0291
vn -0.0286 0.9298 -0.3669
vn -0.0294 0.9589 -0.2824
vn -0.0304 0.9802 -0.1957
vn -0.0314 0.9937 -0.1075
vn -0.0321 0.9990 -0.0305
vn -0.0288 0.8457 -0.5328
vn -0.0279 0.8745 -0.4842
vn -0.0292 0.9000 -0.4348
vn -0.0326 0.7987 -0.6009
vn -0.0478 0.6363 -0.7700
vn -0.0280 0.6775 -0.7350
vn -0.0379 0.7080 -0.7052
vn -0.0375 0.7473 -0.6634
vn -0.3102 0.5336 -0.7868
vn -0.2886 0.4678 -0.8354
vn -0.2541 0.3929 -0.8838
vn -0.2139 0.3128 -0.9254
vn -0.1763 0.2244 -0.9584
vn -0.1525 0.1298 -0.9797
vn -0.1499 0.0181 -0.9885
vn 0.0664 0.9972 0.0338
vn -0.0325 0.9935 0.1091
vn 0.0654 0.9254 0.3734
vn 0.0671 0.9496 0.3063
vn -0.0320 0.9497 0.3115
vn 0.0675 0.9694 0.2359
vn -0.0309 0.9745 0.2224
vn 0.0662 0.9818 0.1782
vn 0.0676 0.9920 0.1063
vn 0.0667 0.9004 0.4300
vn -0.0319 0.9088 0.4160
vn 0.0657 0.8729 0.4835
vn -0.0325 0.8484 0.5284
vn 0.1751 0.8363 0.5196
vn 0.0657 0.8210 0.5672
vn -0.0343 0.7836 0.6203
vn 0.0671 0.7829 0.6185
vn -0.0251 0.9563 0.2915
vn -0.0311 0.9800 0.1967
vn -0.0321 0.9932 0.1120
vn -0.0306 0.9989 0.0349
vn -0.0138 0.9355 0.3531
vn -0.0245 0.9013 0.4325
vn -0.2865 0.8142 0.5050
vn -0.2830 0.7425 0.6071
vn 0.3588 0.9330 -0.0272
vn 0.6936 0.7200 -0.0210
vn 0.3589 0.9328 0.0315
vn 0.9193 0.3933 -0.0115
vn 0.6935 0.7201 0.0243
vn 0.9909 0.1347 -0.0040
vn 0.9193 0.3933 0.0133
vn 0.3583 0.9283 0.0997
vn 0.3585 0.9186 0.1665
vn 0.3581 0.9071 0.2213
vn 0.3571 0.8892 0.2861
vn 0.3570 0.8660 0.3501
vn 0.3570 0.8430 0.4023
vn 0.3595 0.8141 0.4561
vn 0.3603 0.7704 0.5260
vn 0.3586 0.7321 0.5792
vn 0.6928 0.7170 0.0770
vn 0.6935 0.7090 0.1285
vn 0.6934 0.7000 0.1708
vn 0.6924 0.6869 0.2210
vn 0.6927 0.6687 0.2703
vn 0.6927 0.6509 0.3107
vn 0.6922 0.6278 0.3559
vn 0.6925 0.5978 0.4037
vn 0.6933 0.5652 0.4472
vn 0.9188 0.3924 0.0422
vn 0.9194 0.3871 0.0701
vn 0.9193 0.3823 0.0933
vn 0.9187 0.3760 0.1210
vn 0.9191 0.3654 0.1477
vn 0.9191 0.3556 0.1698
vn 0.9187 0.3436 0.1947
vn 0.9189 0.3269 0.2208
vn 0.9190 0.3091 0.2446
vn 0.9948 0.1019 0.0035
vn 0.9947 0.1021 0.0110
vn 0.9948 0.1003 0.0182
vn 0.9948 0.0991 0.0242
vn 0.9947 0.0979 0.0315
vn 0.9948 0.0947 0.0382
vn 0.9948 0.0922 0.0440
vn 0.9947 0.0893 0.0506
vn 0.9947 0.0849 0.0574
vn 0.9947 0.0803 0.0635
vn 0.9798 0.0092 -0.1996
vn 0.9174 0.0182 -0.3976
vn 0.9173 0.0643 -0.3930
vn 0.3517 0.0426 -0.9351
vn 0.6890 0.0331 -0.7240
vn 0.3523 0.1512 -0.9236
vn 0.6891 0.1171 -0.7151
vn 0.3536 0.2510 -0.9011
vn 0.3552 0.3381 -0.8715
vn 0.3569 0.4177 -0.8356
vn 0.3579 0.4987 -0.7894
vn 0.3592 0.5869 -0.7256
vn 0.3605 0.6649 -0.6542
vn 0.3609 0.7280 -0.5828
vn 0.3604 0.7893 -0.4971
vn 0.3603 0.8407 -0.4042
vn 0.3600 0.8750 -0.3236
vn 0.3596 0.8991 -0.2496
vn 0.3589 0.9170 -0.1738
vn 0.3585 0.9285 -0.0962
vn 0.6902 0.1942 -0.6971
vn 0.6911 0.2614 -0.6738
vn 0.6920 0.3228 -0.6457
vn 0.6922 0.3855 -0.6101
vn 0.6925 0.4536 -0.5609
vn 0.6937 0.5134 -0.5052
vn 0.6939 0.5622 -0.4500
vn 0.6932 0.6098 -0.3841
vn 0.6935 0.6493 -0.3122
vn 0.6938 0.6755 -0.2498
vn 0.6936 0.6941 -0.1927
vn 0.6932 0.7081 -0.1342
vn 0.6931 0.7170 -0.0743
vn 0.9179 0.1065 -0.3823
vn 0.9182 0.1433 -0.3693
vn 0.9185 0.1768 -0.3538
vn 0.9183 0.2116 -0.3347
vn 0.9181 0.2492 -0.3082
vn 0.9188 0.2813 -0.2769
vn 0.9188 0.3082 -0.2466
vn 0.9183 0.3349 -0.2109
vn 0.9187 0.3559 -0.1712
vn 0.9191 0.3695 -0.1367
vn 0.9190 0.3798 -0.1054
vn 0.9189 0.3876 -0.0735
vn 0.9189 0.3924 -0.0407
vn 0.9798 0.0323 -0.1974
vn 0.9798 0.0536 -0.1925
vn 0.9799 0.0722 -0.1861
vn 0.9799 0.0891 -0.1783
vn 0.9800 0.1064 -0.1683
vn 0.9800 0.1250 -0.1546
vn 0.9801 0.1416 -0.1394
vn 0.9801 0.1551 -0.1240
vn 0.9801 0.1680 -0.1058
vn 0.9801 0.1790 -0.0861
vn 0.9800 0.1864 -0.0690
vn 0.9800 0.1916 -0.0532
vn 0.9800 0.1954 -0.0370
vn 0.9800 0.1979 -0.0205
vn 0.3567 -0.0475 -0.9330
vn 0.3584 -0.3588 -0.8619
vn 0.3774 -0.2919 -0.8788
vn 0.0748 -0.3885 -0.9184
vn 0.6940 -0.2767 -0.6647
vn 0.7076 -0.2220 -0.6708
vn 0.9198 -0.1508 -0.3621
vn 0.9264 -0.1189 -0.3573
vn 0.9800 -0.0766 -0.1839
vn 0.9804 -0.0627 -0.1867
vn 0.0494 -0.3823 -0.9227
vn 0.0499 -0.3429 -0.9380
vn 0.3543 -0.3200 -0.8787
vn 0.0420 -0.2779 -0.9597
vn 0.3532 -0.2630 -0.8978
vn 0.0409 -0.2280 -0.9728
vn 0.3571 -0.2062 -0.9110
vn 0.1270 -0.1840 -0.9747
vn 0.3571 -0.1341 -0.9244
vn 0.0422 -0.1453 -0.9885
vn 0.1571 -0.0983 -0.9827
vn 0.0432 -0.0448 -0.9981
vn 0.6913 -0.2472 -0.6789
vn 0.6906 -0.2033 -0.6941
vn 0.6907 -0.1550 -0.7063
vn 0.6904 -0.1028 -0.7161
vn 0.6900 -0.0418 -0.7226
vn 0.9188 -0.1351 -0.3710
vn 0.9184 -0.1112 -0.3797
vn 0.9185 -0.0848 -0.3863
vn 0.9182 -0.0563 -0.3922
vn 0.9179 -0.0229 -0.3961
vn 0.9798 -0.0684 -0.1878
vn 0.9798 -0.0563 -0.1920
vn 0.9798 -0.0429 -0.1954
vn 0.9798 -0.0284 -0.1979
vn 0.9798 -0.0115 -0.1997
vn -0.2914 0.5039 -0.8131
vn -0.2086 0.5082 -0.8356
vn -0.1602 0.8307 -0.5333
vn -0.0834 0.9613 -0.2625
vn -0.1055 0.9566 -0.2718
vn -0.1462 -0.3550 -0.9234
vn -0.0669 -0.3430 -0.9369
vn -0.1244 0.0954 -0.9876
vn 0.0640 0.9790 -0.1937
vn 0.0637 0.9815 -0.1808
vn -0.0511 0.9611 -0.2714
vn -0.1036 0.8186 -0.5649
vn -0.1201 0.5101 -0.8517
vn -0.0627 0.5382 -0.8405
vn 0.0309 0.6858 -0.7272
vn -0.0441 0.8723 -0.4870
vn 0.0425 0.9391 -0.3411
vn 0.0704 -0.3014 -0.9509
vn 0.0620 -0.1184 -0.9910
vn 0.0263 0.0928 -0.9953
vn 0.0428 0.2737 -0.9609
vn -0.2072 -0.0974 -0.9734
vn -0.2861 -0.0980 -0.9532
vn -0.2283 -0.3406 -0.9121
vn -0.2965 -0.3296 -0.8963
vn -0.3539 0.2816 -0.8919
vn -0.2328 0.8006 -0.5521
vn -0.1238 0.9530 -0.2765
vn -0.1643 0.9403 -0.2980
vn -0.2119 0.2861 -0.9345
vn -0.2972 0.2786 -0.9133
vn 0.3560 0.8671 -0.3484
vn 0.6976 0.6657 -0.2652
vn 0.6968 0.6872 -0.2052
vn 0.3811 0.8918 -0.2439
vn 0.9249 0.3539 -0.1390
vn 0.9214 0.3726 -0.1105
vn 0.9800 0.1857 -0.0709
vn 0.9807 0.1876 -0.0549
vn 0.3692 -0.0587 -0.9275
vn 0.3582 0.2890 -0.8878
vn 0.3537 0.6577 -0.6650
vn 0.7093 0.5010 -0.4958
vn 0.7093 0.2252 -0.6679
vn 0.7103 -0.0418 -0.7027
vn 0.9314 0.2586 -0.2560
vn 0.9303 0.1166 -0.3477
vn 0.9294 -0.0220 -0.3683
vn 0.9798 0.1421 -0.1406
vn 0.9800 0.0625 -0.1888
vn 0.9803 -0.0118 -0.1973
vn -0.0594 0.9686 -0.2416
vn 0.2287 0.9140 -0.3351
vn 0.0654 0.8313 -0.5519
vn -0.0919 0.9709 -0.2212
vn -0.1563 0.9591 -0.2359
vn -0.1316 0.9574 -0.2572
vn -0.2210 0.8765 -0.4277
vn -0.2017 0.8623 -0.4645
vn -0.1814 0.8322 -0.5240
vn -0.1233 0.9191 -0.3741
vn 0.0581 0.6779 -0.7328
vn -0.0647 0.7670 -0.6384
vn -0.0820 0.8945 -0.4395
vn -0.1244 0.7903 -0.5999
vn -0.1622 0.7878 -0.5941
vn 0.3693 0.6285 -0.6845
vn 0.3599 0.7889 -0.4982
vn 0.6882 0.6153 -0.3844
vn 0.6976 0.4845 -0.5277
vn 0.9134 0.3473 -0.2124
vn 0.9193 0.2666 -0.2896
vn 0.9805 0.1687 -0.1006
vn 0.9803 0.1337 -0.1453
vn 0.3840 0.5341 -0.7531
vn 0.7031 0.4134 -0.5786
vn 0.9238 0.2256 -0.3094
vn 0.9808 0.1132 -0.1590
vn 0.0683 0.6150 -0.7855
vn 0.9806 0.1208 -0.1544
vn 0.9221 0.2383 -0.3049
vn 0.7031 0.4379 -0.5602
vn 0.3770 0.5701 -0.7300
vn 0.0803 0.5834 -0.8082
vn -0.2585 0.8673 -0.4255
vn -0.1568 0.9660 -0.2057
vn -0.2883 0.8013 -0.5243
vn -0.1765 0.7104 -0.6813
vn -0.2154 0.7384 -0.6391
vn -0.2515 0.7789 -0.5745
vn -0.2372 0.8111 -0.5346
vn -0.3193 0.9082 -0.2705
vn -0.2756 0.9405 -0.1988
vn -0.2784 0.9263 -0.2540
vn -0.3278 0.8869 -0.3255
vn -0.2777 0.9088 -0.3114
vn -0.3229 0.8615 -0.3919
vn -0.2696 0.8887 -0.3708
vn -0.3091 0.8327 -0.4595
vn -0.1618 0.9724 -0.1680
vn -0.1635 0.9776 -0.1328
vn -0.1612 0.9819 -0.0996
vn -0.1566 0.9853 -0.0679
vn -0.0605 0.9981 0.0090
vn -0.0605 0.9980 0.0180
vn -0.0596 0.9979 0.0264
vn -0.0584 0.9977 0.0342
vn -0.1591 0.9850 0.0664
vn -0.0572 0.9962 0.0652
vn -0.0835 0.9948 0.0581
vn -0.2350 0.9644 -0.1211
vn -0.0877 0.9960 0.0162
vn -0.2219 0.9721 -0.0758
vn -0.0824 0.9962 0.0267
vn -0.2128 0.9762 -0.0417
vn -0.0782 0.9963 0.0368
vn -0.2083 0.9780 -0.0146
vn -0.0759 0.9961 0.0444
vn -0.2080 0.9781 0.0025
vn -0.0757 0.9959 0.0499
vn -0.2102 0.9776 0.0129
vn -0.0786 0.9954 0.0546
vn -0.2181 0.9757 0.0216
vn -0.2204 0.9749 0.0313
vn -0.2377 0.9705 0.0396
vn -0.2559 0.9654 0.0499
vn -0.3003 0.9516 0.0662
vn -0.3673 0.9277 0.0663
vn -0.3334 0.9420 0.0389
vn -0.3087 0.9511 0.0082
vn -0.2935 0.9558 -0.0192
vn -0.2892 0.9561 -0.0484
vn -0.2945 0.9517 -0.0868
vn -0.3050 0.9429 -0.1340
vn -0.3135 0.9298 -0.1926
vn -0.3270 0.9127 -0.2451
vn -0.3382 0.9356 0.1016
vn -0.4081 0.9059 0.1131
vn -0.4508 0.8787 0.1571
vn -0.3822 0.9135 0.1395
vn -0.4967 0.8442 0.2013
vn -0.4225 0.8863 0.1895
vn -0.4920 0.8386 0.2339
vn -0.5347 0.8018 0.2668
vn -0.4580 0.8535 0.2486
vn -0.5256 0.7948 0.3034
vn -0.5546 0.7507 0.3588
vn -0.4866 0.8153 0.3138
vn -0.5645 0.7001 0.4373
vn -0.5005 0.7758 0.3843
vn -0.5586 0.6492 0.5162
vn -0.5017 0.7352 0.4558
vn -0.4886 0.6959 0.5262
vn -0.2955 0.8965 0.3301
vn -0.1831 0.9797 0.0813
vn -0.2094 0.9725 0.1022
vn -0.2360 0.9631 0.1293
vn -0.2604 0.9517 0.1625
vn -0.2802 0.9386 0.2010
vn -0.2934 0.9244 0.2436
vn -0.2993 0.9101 0.2867
vn -0.0953 0.9865 0.1331
vn -0.0960 0.9880 0.1211
vn -0.0938 0.9895 0.1097
vn -0.0897 0.9911 0.0986
vn -0.0840 0.9925 0.0887
vn -0.0773 0.9938 0.0804
vn -0.0702 0.9948 0.0738
vn -0.0632 0.9956 0.0688
vn -0.4393 0.6555 0.6142
vn -0.0901 0.9846 0.1497
vn -0.3076 0.8703 0.3847
vn -0.2719 0.8742 0.4023
vn -0.2725 0.8796 0.3900
vn -0.3585 0.7144 0.6009
vn -0.1287 0.9786 0.1606
vn -0.9866 0.0444 0.1568
vn -0.9309 0.0925 0.3532
vn -0.8330 0.1323 0.5372
vn -0.6965 0.1753 0.6959
vn -0.9003 0.1497 0.4086
vn -0.9819 0.1083 0.1551
vn -0.9443 0.3022 0.1305
vn -0.8293 0.5482 0.1080
vn -0.8653 0.3197 0.3861
vn -0.7760 0.5525 0.3041
vn -0.6885 0.3085 0.6563
vn -0.7165 0.5177 0.4676
vn -0.6393 0.4329 0.6355
vn -0.6978 0.2031 0.6869
vn -0.5365 0.6956 0.4778
vn -0.3758 0.7974 0.4721
vn -0.4864 0.8413 0.2358
vn -0.3116 0.9230 0.2258
vn -0.5034 0.8579 0.1026
vn -0.2718 0.9587 0.0836
vn -0.6998 0.7037 0.1226
vn -0.6540 0.6254 0.4256
vn -0.0609 0.9963 0.0607
vn -0.9978 0.0499 0.0428
vn -0.9981 0.0568 0.0233
vn -0.9690 0.2466 0.0178
vn -0.8679 0.4965 0.0169
vn -0.7194 0.6942 0.0205
vn -0.5253 0.8504 0.0292
vn -0.2773 0.9597 0.0463
vn -0.0782 0.9951 0.0608
vn -0.9990 0.0449 0.0064
vn -0.9986 0.0531 -0.0073
vn -0.9521 0.3056 0.0068
vn -0.3244 0.9445 0.0516
vn -0.0765 0.9952 0.0618
vn -0.7134 0.7002 0.0281
vn -0.9991 -0.0091 -0.0409
vn -0.9988 -0.0118 -0.0467
vn -0.9911 -0.0465 -0.1251
vn -0.9998 -0.0025 -0.0209
vn -0.9998 -0.0017 -0.0204
vn -0.9987 -0.0138 -0.0487
vn -0.9843 -0.0667 -0.1634
vn -0.3824 -0.3969 -0.8344
vn -0.3044 -0.3978 -0.8655
vn -0.5195 -0.3569 -0.7764
vn -0.7475 -0.2735 -0.6053
vn -0.9101 -0.1674 -0.3790
vn -0.3368 -0.3710 -0.8654
vn -0.3655 -0.2954 -0.8827
vn -0.2734 -0.3451 -0.8979
vn -0.5033 -0.3117 -0.8060
vn -0.9841 -0.0603 -0.1674
vn -0.9067 -0.1496 -0.3945
vn -0.7364 -0.2426 -0.6315
vn -0.0855 -0.3405 -0.9363
vn -0.1307 -0.3513 -0.9271
vn -0.1158 -0.2848 -0.9516
vn -0.0938 -0.3874 -0.9171
vn -0.1074 -0.2042 -0.9730
vn -0.1052 -0.0936 -0.9900
vn -0.1413 -0.0941 -0.9855
vn -0.1444 -0.2140 -0.9661
vn -0.1724 -0.3618 -0.9162
vn -0.1587 -0.2972 -0.9415
vn -0.2152 -0.4097 -0.8865
vn -0.1569 -0.3919 -0.9066
vn -0.5611 0.5196 -0.6444
vn -0.5679 0.5609 -0.6024
vn -0.5669 0.5845 -0.5805
vn -0.9687 0.2349 -0.0801
vn -0.8557 0.4853 -0.1795
vn -0.9766 0.1977 -0.0842
vn -0.9708 0.2149 -0.1066
vn -0.8593 0.4431 -0.2556
vn -0.9759 0.1902 -0.1073
vn -0.9699 0.1992 -0.1398
vn -0.8632 0.4050 -0.3014
vn -0.9771 0.1605 -0.1397
vn -0.8674 0.3728 -0.3295
vn -0.9785 0.1458 -0.1461
vn -0.6596 0.5684 -0.4919
vn -0.6569 0.7112 -0.2504
vn -0.6874 0.6628 -0.2968
vn -0.6641 0.6521 -0.3657
vn -0.6631 0.6018 -0.4452
vn -0.5445 0.8384 -0.0222
vn -0.5673 0.6136 -0.5492
vn -0.5677 0.6569 -0.4962
vn -0.5826 0.6856 -0.4365
vn -0.5648 0.7228 -0.3983
vn -0.5672 0.7399 -0.3618
vn -0.5547 0.7738 -0.3058
vn -0.5707 0.7877 -0.2320
vn -0.5483 0.8197 -0.1658
vn -0.5486 0.8311 -0.0911
vn -0.5433 0.8343 0.0941
vn -0.5438 0.8231 0.1636
vn -0.5411 0.8068 0.2374
vn -0.5397 0.7861 0.3013
vn -0.5447 0.8382 0.0252
vn -0.5353 0.7633 0.3618
vn -0.6036 0.3276 0.7269
vn -0.8286 0.2323 0.5094
vn -0.9693 0.1046 0.2224
vn -0.9961 0.0362 0.0805
vn -0.9991 0.0242 0.0359
vn -0.9984 0.0249 0.0515
vn -0.9997 0.0152 0.0202
vn -1.0000 0.0037 0.0074
vn -1.0000 -0.0052 0.0007
vn -1.0000 -0.0061 -0.0000
vn -1.0000 -0.0030 0.0009
vn -1.0000 0.0016 0.0018
vn -0.9941 0.0500 0.0963
vn -1.0000 0.0060 0.0023
vn -1.0000 0.0077 0.0016
vn -1.0000 0.0046 -0.0015
vn -0.9997 0.0212 -0.0144
vn -0.9998 0.0206 -0.0060
vn -0.9983 0.0431 0.0395
vn -0.9997 0.0216 0.0089
vn -0.9975 0.0557 0.0434
vn -0.9999 0.0117 -0.0019
vn -0.9999 0.0116 -0.0019
vn -0.9999 0.0133 -0.0035
vn -0.9998 0.0118 -0.0138
vn -0.9998 0.0191 -0.0116
vn -0.9998 0.0163 -0.0069
vn -0.9999 0.0122 -0.0026
vn -0.9983 0.0482 0.0321
vn -0.9999 0.0127 -0.0040
vn -0.9955 0.0795 0.0512
vn -0.9937 0.0734 0.0844
vn -0.9928 0.0701 0.0974
vn -0.9983 0.0516 0.0257
vn -0.9931 0.1134 0.0287
vn -0.9988 0.0499 0.0016
vn -0.9984 0.0539 0.0145
vn -0.9999 0.0070 -0.0133
vn -0.9983 0.0544 0.0199
vn -0.9999 0.0075 -0.0125
vn -0.9999 0.0072 -0.0118
vn -0.9999 0.0131 -0.0071
vn -0.9999 0.0133 -0.0057
vn -0.9999 0.0069 -0.0143
vn -0.9999 0.0003 -0.0161
vn -0.9999 0.0001 -0.0161
vn -0.9999 -0.0001 -0.0162
vn -0.9999 0.0074 -0.0142
vn -0.9999 0.0002 -0.0161
vn -0.9997 0.0227 -0.0096
vn -0.9983 0.0577 -0.0039
vn -0.9994 0.0342 -0.0111
vn -0.9978 0.0655 -0.0071
vn -0.9990 0.0427 -0.0126
vn -0.9954 0.0961 -0.0067
vn -0.9999 0.0106 -0.0053
vn -1.0000 0.0052 -0.0021
vn -0.9999 0.0074 -0.0092
vn -0.9953 0.0955 -0.0175
vn -0.9965 0.0807 -0.0208
vn -0.9978 0.0632 -0.0174
vn -0.9993 0.0333 -0.0190
vn -0.9995 0.0243 -0.0197
vn -0.9983 0.0582 0.0014
vn -0.9998 0.0061 -0.0207
vn -0.9998 0.0062 -0.0174
vn -0.9999 0.0007 -0.0162
vn -0.9984 0.0531 -0.0218
vn -0.9997 0.0090 -0.0246
vn -0.9985 0.0336 -0.0426
vn -0.9985 0.0307 -0.0455
vn -0.9998 0.0041 -0.0200
vn -0.9985 0.0442 -0.0336
vn -0.9985 0.0407 -0.0371
vn -0.9985 0.0373 -0.0401
vn -0.9984 0.0500 -0.0256
vn -0.9984 0.0471 -0.0298
vn -0.9998 0.0044 -0.0195
vn -0.9998 0.0049 -0.0192
vn -0.9998 0.0053 -0.0188
vn -0.9998 0.0057 -0.0184
vn -0.9998 0.0061 -0.0179
vn -0.9998 0.0065 -0.0173
vn -0.9998 0.0038 -0.0191
vn -0.9999 0.0002 -0.0162
vn -0.9986 -0.0017 -0.0523
vn -0.9985 0.0247 -0.0495
vn -0.9998 0.0080 -0.0200
vn -0.9996 0.0091 -0.0265
vn -0.9985 0.0272 -0.0467
vn -0.9997 0.0097 -0.0219
vn -0.9997 0.0010 -0.0262
vn -0.9998 0.0004 -0.0217
vn -0.9996 -0.0066 -0.0277
vn -0.9996 -0.0019 -0.0268
vn -0.9996 0.0043 -0.0279
vn -0.9995 0.0069 -0.0296
vn -0.9997 -0.0010 -0.0227
vn -0.9999 0.0001 -0.0162
vn -0.9999 0.0002 -0.0159
vn -0.9997 -0.0010 -0.0226
vn -0.9997 -0.0049 -0.0234
vn -0.9997 -0.0047 -0.0252
vn -0.9987 -0.0135 -0.0492
vn -0.9997 -0.0007 -0.0254
vn -0.9998 -0.0036 -0.0204
vn -0.9999 0.0003 -0.0159
vn -0.9999 -0.0000 -0.0117
vn -0.9999 0.0002 -0.0160
vn -0.9998 -0.0016 -0.0202
vn -0.9999 -0.0000 -0.0162
vn -0.9999 0.0001 -0.0160
vn 0.5308 0.3507 0.7715
vn 0.5582 0.2967 0.7748
vn 0.4596 0.3288 0.8250
vn 0.4641 0.2202 0.8580
vn 0.5540 0.2444 0.7958
vn 0.6082 0.1958 0.7692
vn 0.4764 0.5152 0.7125
vn 0.4315 0.2477 0.8674
vn 0.4155 0.5784 0.7020
vn 0.4692 0.3005 0.8304
vn 0.4093 0.6072 0.6810
vn 0.5058 0.5001 0.7029
vn 0.5387 0.4507 0.7118
vn 0.5061 0.3702 0.7790
vn 0.3014 0.3255 0.8962
vn 0.3113 0.2232 0.9237
vn 0.3437 0.2381 0.9084
vn 0.3668 0.3076 0.8780
vn 0.3204 0.2601 0.9109
vn 0.3222 0.2278 0.9189
vn 0.3192 0.2192 0.9220
vn 0.5998 0.2952 0.7437
vn 0.2972 0.3573 0.8854
vn 0.6006 0.2740 0.7511
vn 0.3035 0.3330 0.8927
vn 0.6040 0.2645 0.7518
vn 0.3039 0.3108 0.9006
vn 0.3046 0.2938 0.9060
vn 0.5795 0.2497 0.7758
vn 0.9720 0.0789 0.2212
vn 0.9644 0.0998 0.2450
vn 0.8292 0.2071 0.5192
vn 0.8333 0.1901 0.5191
vn 0.7155 0.2270 0.6607
vn 0.7350 0.2103 0.6447
vn 0.8486 0.1744 0.4995
vn 0.8600 0.1594 0.4847
vn 0.9365 0.1171 0.3306
vn 0.9459 0.1021 0.3081
vn 0.9879 0.0530 0.1457
vn 0.9877 0.0521 0.1474
vn 0.6298 0.7766 -0.0113
vn 0.8298 0.5577 -0.0188
vn 0.6385 0.7684 -0.0427
vn 0.8817 0.4678 -0.0622
vn 0.6533 0.7387 -0.1657
vn 0.7170 0.6862 -0.1224
vn 0.7926 0.6050 -0.0763
vn 0.3430 0.9335 -0.1041
vn 0.7229 0.6894 -0.0459
vn 0.8511 0.5108 -0.1210
vn 0.9693 0.2458 -0.0112
vn 0.9708 0.2395 -0.0170
vn 0.9694 0.2445 -0.0208
vn 0.9700 0.2419 -0.0251
vn 0.9735 0.2234 -0.0480
vn 0.9755 0.2120 -0.0591
vn 0.7334 0.3112 -0.6043
vn 0.5395 0.3907 -0.7459
vn 0.7232 0.3620 -0.5882
vn 0.9536 0.2019 -0.2234
vn 0.9789 0.1250 -0.1620
vn 0.9173 0.2477 -0.3118
vn 0.9790 0.0850 -0.1852
vn 0.9906 0.0606 -0.1228
vn 0.9940 0.0430 -0.1002
vn 0.9341 0.1496 -0.3241
vn 0.8556 0.2400 -0.4586
vn 0.7811 0.2662 -0.5648
vn 0.6317 0.3277 -0.7025
vn 0.8621 0.2155 -0.4586
vn 0.9508 0.1407 -0.2759
vn 0.9753 0.1088 -0.1922
vn 0.9892 0.0781 -0.1241
vn 0.9396 0.1968 -0.2800
vn 0.9838 0.1072 -0.1435
vn 0.9840 0.1061 -0.1428
vn 0.9943 0.0649 -0.0844
vn 0.9896 0.0949 -0.1085
vn 0.9357 0.2444 -0.2546
vn 0.9833 0.1221 -0.1351
vn 0.5926 0.5762 -0.5628
vn 0.6525 0.5336 -0.5380
vn 0.6032 0.5455 -0.5819
vn 0.7097 0.4499 -0.5421
vn 0.6072 0.5102 -0.6091
vn 0.4786 0.3905 -0.7864
vn 0.5412 0.4225 -0.7271
vn 0.6071 0.4587 -0.6488
vn 0.7870 0.3549 -0.5047
vn 0.9039 0.2184 -0.3678
vn 0.8164 0.3678 -0.4452
vn 0.8028 0.3967 -0.4452
vn 0.7584 0.4628 -0.4590
vn 0.8707 0.3495 -0.3460
vn 0.4548 0.3548 -0.8169
vn 0.5050 0.5902 -0.6298
vn 0.4631 0.4390 -0.7700
vn 0.6310 0.3264 -0.7038
vn 0.2461 0.8515 -0.4631
vn 0.2535 0.7842 -0.5664
vn 0.3272 0.7397 -0.5880
vn 0.3302 0.6485 -0.6859
vn 0.4023 -0.2669 -0.8757
vn 0.4571 -0.1885 -0.8692
vn 0.3925 0.0916 -0.9152
vn 0.0721 0.9957 0.0583
vn 0.0749 0.9962 0.0438
vn 0.2715 0.9611 0.0505
vn 0.2850 0.9583 0.0194
vn 0.5140 0.8575 0.0208
vn 0.5346 0.8434 -0.0534
vn 0.7117 0.7019 -0.0292
vn 0.6531 0.7460 -0.1300
vn 0.7776 0.6018 -0.1824
vn 0.8462 0.5280 -0.0725
vn 0.9099 0.3262 -0.2562
vn 0.9705 0.1905 -0.1477
vn 0.9033 -0.1420 -0.4049
vn 0.8822 -0.2068 -0.4229
vn 0.9572 -0.2632 -0.1208
vn 0.5645 -0.0960 -0.8198
vn 0.5561 -0.3019 -0.7743
vn 0.6967 -0.1556 -0.7003
vn 0.6572 -0.2930 -0.6945
vn 0.7797 -0.2583 -0.5704
vn 0.4386 0.2302 -0.8687
vn 0.3761 0.4437 -0.8134
vn 0.4304 0.8690 -0.2442
vn 0.5862 0.7730 -0.2425
vn 0.4274 0.8843 -0.1883
vn 0.0908 0.9955 -0.0280
vn 0.0968 0.9945 -0.0401
vn 0.1379 0.9902 -0.0228
vn 0.1451 0.9873 -0.0644
vn 0.3136 0.9439 -0.1036
vn 0.1879 0.9782 -0.0885
vn 0.1845 0.9350 -0.3028
vn 0.3222 0.8375 -0.4414
vn 0.3056 0.5781 -0.7565
vn 0.3312 0.5451 -0.7701
vn 0.7411 0.5117 -0.4347
vn 0.6142 0.6248 -0.4820
vn 0.4759 0.7528 -0.4548
vn 0.2870 0.9193 -0.2691
vn 0.7849 0.1411 -0.6033
vn 0.7351 0.6424 -0.2166
vn 0.8469 0.3871 -0.3646
vn 0.9417 0.0521 -0.3324
vn 0.9888 -0.0298 -0.1465
vn 0.1958 0.9607 -0.1970
vn 0.1988 0.9364 -0.2891
vn 0.1568 0.9590 -0.2362
vn 0.2328 0.8839 -0.4055
vn 0.2183 0.8801 -0.4216
vn 0.1302 0.9598 -0.2485
vn 0.0422 0.9854 -0.1652
vn 0.0561 0.9603 -0.2734
vn 0.0649 0.9677 -0.2437
vn 0.0851 0.9608 -0.2639
vn 0.0895 0.9728 -0.2136
vn 0.1196 0.9564 -0.2664
vn 0.1539 0.9509 -0.2686
vn -0.1729 0.9326 -0.3168
vn 0.0797 0.9040 -0.4200
vn -0.0649 0.8247 -0.5618
vn 0.0613 0.7631 -0.6434
vn -0.0673 0.6747 -0.7350
vn 0.1223 0.9189 -0.3750
vn 0.1280 0.7938 -0.5946
vn 0.1061 0.7528 -0.6496
vn 0.1964 0.8541 -0.4817
vn 0.1808 0.8155 -0.5498
vn 0.1617 0.7884 -0.5935
vn -0.0676 0.9811 -0.1813
vn -0.3705 0.7766 -0.5095
vn -0.9197 0.2655 -0.2894
vn -0.9803 0.1338 -0.1452
vn -0.9804 0.1697 -0.1001
vn -0.9135 0.3482 -0.2104
vn -0.6878 0.6168 -0.3828
vn -0.6973 0.4845 -0.5282
vn -0.3686 0.6285 -0.6849
vn -0.3836 0.8921 -0.2389
vn -0.6974 0.6872 -0.2034
vn -0.9206 0.3745 -0.1108
vn -0.9806 0.1879 -0.0558
vn -0.0608 0.9458 -0.3191
vn -0.0109 0.8574 -0.5145
vn 0.1012 0.8304 -0.5479
vn -0.0478 0.7024 -0.7102
vn -0.0077 0.5085 -0.8610
vn 0.1200 0.5093 -0.8522
vn -0.0689 -0.3016 -0.9509
vn -0.0743 -0.3898 -0.9179
vn 0.0761 -0.3205 -0.9442
vn 0.2331 0.7860 -0.5726
vn 0.2989 0.2798 -0.9123
vn 0.3043 -0.3546 -0.8841
vn 0.3039 -0.0567 -0.9510
vn 0.2318 -0.3575 -0.9047
vn 0.2210 -0.0712 -0.9727
vn 0.1544 -0.3462 -0.9254
vn 0.1284 0.0869 -0.9879
vn -0.0521 0.2826 -0.9578
vn -0.0469 0.0784 -0.9958
vn -0.0665 -0.1144 -0.9912
vn -0.0691 0.9785 -0.1944
vn 0.1681 0.8123 -0.5585
vn 0.2084 0.5079 -0.8358
vn 0.2912 0.5038 -0.8133
vn 0.2103 0.2860 -0.9349
vn -0.3778 -0.2927 -0.8784
vn -0.3675 -0.0624 -0.9279
vn -0.6974 0.6646 -0.2682
vn -0.3437 0.8762 -0.3378
vn -0.0975 0.7060 -0.7015
vn -0.3504 0.2906 -0.8904
vn -0.9240 0.3553 -0.1410
vn -0.9800 0.1857 -0.0709
vn -0.9798 0.1422 -0.1406
vn -0.9314 0.2589 -0.2559
vn -0.9800 0.0626 -0.1891
vn -0.9302 0.1168 -0.3479
vn -0.9802 -0.0118 -0.1976
vn -0.9293 -0.0219 -0.3688
vn -0.9804 -0.0630 -0.1868
vn -0.9263 -0.1193 -0.3573
vn -0.7092 0.5015 -0.4956
vn -0.7092 0.2255 -0.6680
vn -0.7100 -0.0417 -0.7030
vn -0.7075 -0.2230 -0.6706
vn -0.5352 0.6011 -0.5935
vn -0.0456 0.0455 -0.9979
vn -0.3523 0.0426 -0.9349
vn -0.3523 0.1512 -0.9236
vn -0.9172 0.0182 -0.3980
vn -0.9797 0.0092 -0.2001
vn -0.9798 0.0323 -0.1974
vn -0.6889 0.0331 -0.7241
vn -0.9173 0.0643 -0.3930
vn -0.6891 0.1171 -0.7151
vn -0.9798 0.0536 -0.1924
vn -0.9178 0.1065 -0.3825
vn -0.9799 0.0722 -0.1861
vn -0.9182 0.1433 -0.3693
vn -0.9799 0.0891 -0.1783
vn -0.9185 0.1768 -0.3538
vn -0.9800 0.1064 -0.1683
vn -0.9183 0.2116 -0.3347
vn -0.9800 0.1250 -0.1546
vn -0.9182 0.2491 -0.3081
vn -0.9801 0.1416 -0.1394
vn -0.9188 0.2813 -0.2769
vn -0.9801 0.1551 -0.1240
vn -0.9188 0.3082 -0.2466
vn -0.9801 0.1681 -0.1058
vn -0.9183 0.3349 -0.2110
vn -0.9801 0.1790 -0.0862
vn -0.9187 0.3559 -0.1712
vn -0.9800 0.1864 -0.0690
vn -0.9191 0.3696 -0.1367
vn -0.9800 0.1916 -0.0532
vn -0.9190 0.3798 -0.1054
vn -0.9800 0.1954 -0.0370
vn -0.9189 0.3876 -0.0734
vn -0.9800 0.1979 -0.0205
vn -0.9189 0.3925 -0.0407
vn -0.9909 0.1347 -0.0040
vn -0.9193 0.3934 -0.0116
vn -0.6901 0.1942 -0.6972
vn -0.6911 0.2614 -0.6738
vn -0.6920 0.3228 -0.6458
vn -0.6922 0.3855 -0.6101
vn -0.6925 0.4536 -0.5609
vn -0.6938 0.5133 -0.5052
vn -0.6939 0.5622 -0.4500
vn -0.6933 0.6098 -0.3841
vn -0.6935 0.6493 -0.3122
vn -0.6938 0.6754 -0.2498
vn -0.6936 0.6941 -0.1927
vn -0.6932 0.7081 -0.1342
vn -0.6931 0.7170 -0.0743
vn -0.6935 0.7201 -0.0211
vn -0.3539 0.2510 -0.9010
vn -0.3553 0.3381 -0.8715
vn -0.3568 0.4177 -0.8356
vn -0.3578 0.4987 -0.7894
vn -0.3590 0.5869 -0.7257
vn -0.3605 0.6649 -0.6542
vn -0.3608 0.7281 -0.5829
vn -0.3605 0.7892 -0.4971
vn -0.3602 0.8407 -0.4042
vn -0.3602 0.8749 -0.3236
vn -0.3596 0.8991 -0.2496
vn -0.3590 0.9170 -0.1738
vn -0.3585 0.9286 -0.0962
vn -0.3588 0.9330 -0.0273
vn -0.0457 0.1616 -0.9858
vn -0.0483 0.2672 -0.9624
vn -0.0523 0.3602 -0.9314
vn -0.0567 0.4454 -0.8935
vn -0.0611 0.5321 -0.8445
vn -0.0680 0.6255 -0.7773
vn -0.0714 0.7113 -0.6992
vn -0.0723 0.7780 -0.6241
vn -0.0721 0.8446 -0.5305
vn -0.0678 0.9001 -0.4304
vn -0.0661 0.9359 -0.3461
vn -0.0664 0.9614 -0.2669
vn -0.0666 0.9803 -0.1859
vn -0.0668 0.9924 -0.1030
vn -0.0674 0.9973 -0.0295
vn 0.0335 0.9994 -0.0107
vn 0.0314 0.9934 -0.1099
vn 0.1483 0.0188 -0.9888
vn 0.0989 0.0325 -0.9946
vn 0.0946 0.1462 -0.9847
vn 0.1462 0.1291 -0.9808
vn 0.0890 0.2503 -0.9641
vn 0.1636 0.2232 -0.9610
vn 0.0811 0.3477 -0.9341
vn 0.2048 0.3187 -0.9255
vn 0.0722 0.4384 -0.8959
vn 0.2389 0.3907 -0.8890
vn 0.0612 0.5240 -0.8495
vn 0.2723 0.4698 -0.8398
vn 0.0529 0.5974 -0.8002
vn 0.2963 0.5378 -0.7893
vn 0.0429 0.6272 -0.7777
vn 0.0432 0.6680 -0.7429
vn 0.0452 0.6965 -0.7161
vn 0.0361 0.7353 -0.6768
vn 0.0389 0.7459 -0.6649
vn 0.0321 0.7936 -0.6075
vn 0.0352 0.7977 -0.6020
vn 0.0274 0.8454 -0.5335
vn 0.0316 0.8451 -0.5337
vn 0.0296 0.8748 -0.4836
vn 0.0240 0.8893 -0.4566
vn 0.0307 0.8992 -0.4365
vn 0.0261 0.9268 -0.3746
vn 0.0312 0.9295 -0.3676
vn 0.0280 0.9570 -0.2888
vn 0.0315 0.9586 -0.2829
vn 0.0299 0.9793 -0.2003
vn 0.0320 0.9801 -0.1959
vn 0.0323 0.9937 -0.1074
vn 0.0323 0.9990 -0.0306
vn 0.0243 0.9990 0.0387
vn 0.0237 0.9936 0.1107
vn 0.0296 0.9080 0.4180
vn 0.0245 0.9101 0.4136
vn 0.0243 0.9328 0.3597
vn 0.0310 0.9514 0.3064
vn 0.0341 0.8488 0.5277
vn -0.0656 0.8210 0.5671
vn 0.0358 0.7795 0.6254
vn -0.0670 0.7831 0.6183
vn -0.0657 0.7334 0.6766
vn -0.0657 0.8731 0.4831
vn -0.1757 0.8363 0.5193
vn 0.0350 0.9742 0.2231
vn -0.0667 0.9496 0.3062
vn -0.0654 0.9255 0.3731
vn -0.0667 0.9007 0.4294
vn -0.0665 0.9972 0.0336
vn -0.0676 0.9921 0.1061
vn 0.0359 0.9934 0.1093
vn -0.0662 0.9818 0.1780
vn -0.0677 0.9695 0.2355
vn 0.0234 0.9805 0.1949
vn 0.0283 0.9588 0.2826
vn 0.2851 0.6910 0.6642
vn 0.2825 0.7495 0.5987
vn 0.0171 0.8385 0.5447
vn 0.0116 0.8787 0.4773
vn -0.9948 0.1020 0.0034
vn -0.9193 0.3933 0.0132
vn -0.6936 0.7199 0.0241
vn -0.9947 0.1021 0.0109
vn -0.9189 0.3923 0.0421
vn -0.9948 0.1003 0.0181
vn -0.9193 0.3872 0.0700
vn -0.9948 0.0991 0.0242
vn -0.9193 0.3823 0.0932
vn -0.9947 0.0979 0.0315
vn -0.9186 0.3762 0.1210
vn -0.9948 0.0947 0.0382
vn -0.9191 0.3654 0.1476
vn -0.9948 0.0922 0.0440
vn -0.9191 0.3557 0.1695
vn -0.9947 0.0894 0.0506
vn -0.9187 0.3437 0.1945
vn -0.6928 0.7170 0.0768
vn -0.6935 0.7090 0.1283
vn -0.6933 0.7001 0.1706
vn -0.6923 0.6870 0.2209
vn -0.6927 0.6688 0.2701
vn -0.6927 0.6511 0.3102
vn -0.6922 0.6281 0.3555
vn -0.3589 0.9329 0.0312
vn -0.3581 0.9284 0.0995
vn -0.3585 0.9186 0.1663
vn -0.3583 0.9071 0.2210
vn -0.3571 0.8892 0.2859
vn -0.3572 0.8660 0.3498
vn -0.3569 0.8433 0.4018
vn -0.3594 0.8144 0.4557
vn -0.3605 0.7705 0.5258
vn -0.6927 0.5979 0.4034
vn -0.9189 0.3271 0.2207
vn -0.9947 0.0850 0.0573
vn -0.3585 0.7322 0.5791
vn -0.6932 0.5654 0.4471
vn -0.9190 0.3092 0.2445
vn -0.9947 0.0803 0.0635
vn -0.3591 0.6868 0.6319
vn -0.6937 0.5300 0.4877
vn -0.9192 0.2898 0.2666
vn -0.9908 0.0995 0.0916
vn -0.0623 0.6769 0.7334
vn 0.0632 0.5081 0.8590
vn 0.2968 0.4768 0.8274
vn 0.2996 0.5131 0.8044
vn 0.0778 0.3581 0.9304
vn 0.0728 0.4315 0.8992
vn 0.2966 0.3983 0.8680
vn 0.2943 0.4442 0.8462
vn -0.0525 0.3724 0.9266
vn -0.0505 0.3372 0.9401
vn 0.0870 0.3114 0.9463
vn -0.0502 0.3130 0.9484
vn -0.0529 0.4054 0.9126
vn -0.2328 0.4327 0.8710
vn -0.0591 0.4862 0.8719
vn -0.0585 0.5404 0.8394
vn -0.1424 0.5746 0.8059
vn 0.2919 0.5430 0.7873
vn -0.0585 0.6227 0.7803
vn 0.2866 0.5860 0.7579
vn 0.2856 0.6368 0.7162
vn -0.6935 0.4894 0.5287
vn -0.3596 0.6339 0.6848
vn -0.9190 0.2679 0.2894
vn -0.9800 0.1351 0.1460
vn -0.9800 0.1219 0.1573
vn -0.3632 0.5762 0.7322
vn -0.3603 0.5059 0.7837
vn -0.3604 0.4515 0.8162
vn -0.3608 0.3848 0.8496
vn -0.3574 0.3465 0.8673
vn -0.3569 0.3166 0.8789
vn -0.3552 0.2930 0.8877
vn -0.9188 0.2418 0.3120
vn -0.9800 0.1086 0.1669
vn -0.9190 0.2150 0.3306
vn -0.9799 0.0955 0.1749
vn -0.9189 0.1891 0.3462
vn -0.9799 0.0833 0.1811
vn -0.9192 0.1645 0.3579
vn -0.9799 0.0740 0.1851
vn -0.9196 0.1458 0.3648
vn -0.9799 0.0676 0.1878
vn -0.9197 0.1331 0.3693
vn -0.9798 0.0626 0.1898
vn -0.9195 0.1232 0.3733
vn -0.6931 0.4416 0.5698
vn -0.6931 0.3930 0.6043
vn -0.6927 0.3458 0.6329
vn -0.6928 0.3012 0.6552
vn -0.6934 0.2673 0.6691
vn -0.6933 0.2442 0.6780
vn -0.6925 0.2261 0.6851
vn 0.9801 0.1983 0.0099
vn 0.9811 0.1931 0.0136
vn 0.9755 0.1906 0.1100
vn 0.3369 0.1013 0.9361
vn 0.2631 0.1064 0.9589
vn 0.3827 0.1097 0.9173
vn 0.4239 0.1130 0.8986
vn 0.4640 0.1240 0.8771
vn 0.5071 0.1142 0.8543
vn 0.5191 0.3303 0.7883
vn 0.5647 0.1226 0.8161
vn 0.6265 0.1394 0.7668
vn 0.5647 0.3326 0.7553
vn 0.7072 0.1379 0.6934
vn 0.6553 0.3813 0.6521
vn 0.6217 0.3735 0.6884
vn 0.6666 0.1384 0.7325
vn 0.7608 0.1426 0.6332
vn 0.7211 0.1569 0.6749
vn 0.7509 0.1382 0.6458
vn 0.7951 0.1979 0.5733
vn 0.8346 0.1793 0.5209
vn 0.8115 0.1149 0.5730
vn 0.8729 0.1673 0.4582
vn 0.8625 0.1444 0.4850
vn 0.8995 0.1633 0.4053
vn 0.9038 0.1666 0.3942
vn 0.9186 0.1703 0.3566
vn 0.9382 0.1750 0.2987
vn 0.9399 0.1703 0.2960
vn 0.9546 0.1800 0.2373
vn 0.9621 0.1836 0.2017
vn 0.9647 0.1848 0.1876
vn 0.9810 0.1941 0.0071
vn 0.9773 0.2013 0.0667
vn 0.9682 0.1980 0.1528
vn 0.2787 0.2195 0.9350
vn 0.1961 0.2301 0.9532
vn 0.1989 0.0977 0.9752
vn 0.1268 0.2375 0.9631
vn 0.0361 0.2396 0.9702
vn -0.0628 0.1003 0.9930
vn 0.1583 0.0964 0.9827
vn 0.0764 0.1548 0.9850
vn -0.0575 0.0973 0.9936
vn -0.3783 0.0851 0.9217
vn -0.3170 0.0976 0.9434
vn -0.7033 0.0651 0.7079
vn -0.5991 0.0803 0.7966
vn -0.8107 0.0534 0.5830
vn -0.9237 0.0380 0.3812
vn -0.9167 0.0381 0.3977
vn -0.9736 0.0222 0.2272
vn -0.9812 0.0215 0.1918
vn -0.9927 0.0115 0.1204
vn -1.0000 0.0061 0.0067
vn -0.9975 0.0163 0.0692
vn -0.9754 0.0516 0.2143
vn -0.9210 0.0949 0.3778
vn -0.8188 0.1410 0.5565
vn -0.6163 0.1947 0.7630
vn -0.3275 0.2320 0.9159
vn -0.0828 0.2424 0.9667
vn 0.2072 0.3141 0.9265
vn 0.1281 0.2881 0.9490
vn 0.1648 0.1774 0.9702
vn 0.1388 0.3366 0.9314
vn 0.0733 0.3385 0.9381
vn 0.0726 0.3040 0.9499
vn -0.0676 0.3038 0.9503
vn -0.0763 0.3502 0.9335
vn -0.0596 0.3025 0.9513
vn 0.2907 0.2458 0.9247
vn 0.1171 0.2695 0.9559
vn 0.0899 0.2781 0.9563
vn -0.0463 0.2754 0.9602
vn -0.6927 0.2085 0.6905
vn -0.6920 0.1861 0.6975
vn -0.9204 0.1021 0.3773
vn -0.7070 0.2472 0.6626
vn -0.9252 0.1329 0.3554
vn -0.3798 0.3229 0.8668
vn -0.3700 0.2828 0.8849
vn -0.3608 0.2820 0.8890
vn -0.3555 0.2634 0.8968
vn -0.3495 0.2346 0.9071
vn -0.6958 0.2172 0.6846
vn -0.7007 0.2172 0.6796
vn -0.9203 0.1137 0.3743
vn -0.9207 0.1180 0.3720
vn -0.9223 0.1177 0.3682
vn -0.9806 0.0684 0.1838
vn -0.9803 0.0601 0.1880
vn -0.9800 0.0602 0.1897
vn -0.9797 0.0597 0.1913
vn -0.9798 0.0534 0.1928
vn -1.0000 -0.0000 -0.0000
vn -0.9797 0.0493 0.1944
vn -0.9197 0.0958 0.3808
vn -0.9802 0.0490 0.1918
vn -0.9053 0.1058 0.4113
vn -0.7918 0.1521 0.5915
vn -0.6911 0.1765 0.7008
vn -0.6609 0.1871 0.7268
vn -0.4678 0.2217 0.8556
vn -0.3516 0.2294 0.9076
vn -0.1958 0.2452 0.9495
vn -0.0445 0.2454 0.9684
vn -0.0043 0.2496 0.9683
vn -0.0467 0.2893 0.9561
vn 0.0245 0.2821 0.9591
vn 0.0920 0.2722 0.9578
vn 0.0602 0.2925 0.9544
vn 0.0637 0.2804 0.9578
vn 0.0766 0.2557 0.9637
vn 0.0741 0.2507 0.9652
vn 0.0666 0.2726 0.9598
vn 0.0692 0.2673 0.9611
vn 0.0728 0.2616 0.9624
vn 0.0603 0.2440 0.9679
vn 0.0661 0.2423 0.9679
vn 0.3033 0.2633 0.9158
vn -0.1211 0.2766 0.9533
vn -0.3065 0.2652 0.9142
vn -0.3532 0.2713 0.8953
vn -0.4862 0.2431 0.8393
vn -0.6915 0.2097 0.6913
vn -0.6922 0.2002 0.6934
vn -0.8585 0.1421 0.4927
vn -0.9194 0.1142 0.3764
vn -0.9676 0.0700 0.2427
vn -0.9798 0.0580 0.1916
vn -0.9811 0.0536 0.1859
vn 0.6323 0.2493 -0.7335
vn 0.6332 0.2439 -0.7346
vn 0.5831 0.2458 -0.7743
vn 0.5714 0.2499 -0.7817
vn 0.5159 0.2500 -0.8194
vn 0.5011 0.2465 -0.8296
vn 0.4400 0.2466 -0.8635
vn 0.4548 0.2556 -0.8531
vn 0.3946 0.2500 -0.8842
vn 0.3989 0.2511 -0.8820
vn 0.3754 0.2518 -0.8920
vn 0.3472 0.2524 -0.9032
vn 0.3466 0.2527 -0.9033
vn 0.2876 0.2516 -0.9241
vn 0.2934 0.2517 -0.9223
vn 0.2167 0.4942 -0.8419
vn 0.2247 0.2479 -0.9424
vn 0.1748 0.4847 -0.8571
vn 0.0618 0.2537 -0.9653
vn -0.0357 0.2512 -0.9673
vn -0.0828 0.2506 -0.9645
vn 0.1859 0.2524 -0.9496
vn 0.1373 0.2544 -0.9573
vn 0.1069 0.4577 -0.8826
vn 0.0442 0.4567 -0.8885
vn 0.0068 0.4121 -0.9111
vn 0.6635 0.2468 -0.7063
vn 0.6937 0.2463 -0.6768
vn 0.7134 0.2433 -0.6572
vn 0.7575 0.2430 -0.6060
vn 0.7643 0.2385 -0.5991
vn 0.7979 0.2389 -0.5534
vn 0.8130 0.2414 -0.5299
vn 0.8241 0.2331 -0.5162
vn 0.8431 0.2391 -0.4817
vn 0.8635 0.2381 -0.4446
vn 0.8581 0.2301 -0.4590
vn 0.9647 0.2086 -0.1606
vn 0.9591 0.2098 -0.1900
vn 0.9601 0.2185 -0.1747
vn 0.9468 0.2160 -0.2386
vn 0.9376 0.2218 -0.2677
vn 0.9231 0.2207 -0.3149
vn 0.9051 0.2284 -0.3585
vn 0.8929 0.2273 -0.3886
vn 0.8718 0.2272 -0.4339
vn 0.9680 0.2140 -0.1313
vn 0.9762 0.2036 -0.0741
vn 0.9742 0.2127 -0.0758
vn 0.9346 0.3517 -0.0536
vn -0.0859 0.4097 -0.9082
vn -0.3836 0.2329 -0.8936
vn -0.3283 0.3855 -0.8624
vn -0.7037 0.1742 -0.6888
vn -0.9237 0.0931 -0.3717
vn -0.8199 0.2358 -0.5217
vn -0.6147 0.3210 -0.7204
vn -0.9849 0.0473 -0.1665
vn -0.9807 0.0492 -0.1893
vn -0.9997 -0.0074 -0.0214
vn -0.9974 0.0262 -0.0671
vn -0.9761 0.0923 -0.1966
vn -0.9214 0.1606 -0.3539
vn -0.9350 0.0954 -0.3416
vn -0.7633 0.1734 -0.6224
vn -0.5155 0.2199 -0.8282
vn -0.2308 0.2424 -0.9423
vn 0.6078 0.1946 0.7699
vn 0.8531 0.1444 0.5014
vn 0.8571 0.1266 0.4993
vn 0.9828 0.0626 0.1736
vn 0.9837 0.0470 0.1734
vn 0.4461 0.6553 0.6096
vn 0.4807 0.7010 0.5268
vn 0.0956 0.9863 0.1345
vn 0.0930 0.9845 0.1485
vn 0.2806 0.8781 0.3877
vn 0.2937 0.8949 0.3360
vn 0.2910 0.8454 0.4478
vn 0.1249 0.9785 0.1639
vn 0.3727 0.7996 0.4709
vn 0.2467 0.9601 0.1316
vn 0.2953 0.9311 0.2144
vn 0.7902 0.5416 0.2866
vn 0.7216 0.4991 0.4798
vn 0.6486 0.6216 0.4393
vn 0.6467 0.4330 0.6280
vn 0.5344 0.6956 0.4802
vn 0.3367 0.9408 0.0386
vn 0.5296 0.8156 0.2331
vn 0.8312 0.5465 0.1023
vn 0.7383 0.6654 0.1104
vn 0.6602 0.7416 0.1187
vn 0.5399 0.8383 0.0757
vn 0.9788 0.1359 0.1535
vn 0.8968 0.1865 0.4013
vn 0.6729 0.2647 0.6907
vn 0.6821 0.3337 0.6507
vn 0.8493 0.3687 0.3777
vn 0.9590 0.2584 0.1165
vn 0.9100 0.3979 0.1163
vn 0.0774 0.9952 0.0595
vn 0.0771 0.9952 0.0601
vn 0.3292 0.9432 0.0438
vn 0.7140 0.6997 0.0247
vn 0.9506 0.3098 0.0204
vn 0.9981 0.0563 0.0259
vn 0.9984 0.0380 0.0418
vn 0.5402 0.8361 0.0957
vn 0.5424 0.8236 0.1659
vn 0.6516 0.7429 0.1534
vn 0.5420 0.8058 0.2384
vn 0.6391 0.7383 0.2158
vn 0.5404 0.7861 0.3002
vn 0.6536 0.7078 0.2679
vn 0.5460 0.8374 -0.0248
vn 0.6549 0.7555 0.0190
vn 0.5434 0.8391 0.0247
vn 0.6392 0.7671 0.0538
vn 0.6700 0.7361 0.0959
vn 0.8317 0.3704 0.4135
vn 0.8532 0.3800 0.3572
vn 0.6281 0.5632 0.5370
vn 0.9702 0.1654 0.1770
vn 0.9747 0.1643 0.1513
vn 0.6131 0.5243 0.5910
vn 0.6143 0.4656 0.6370
vn 0.8307 0.3295 0.4487
vn 0.6083 0.3848 0.6942
vn 0.8280 0.2771 0.4874
vn 0.9690 0.1518 0.1949
vn 0.9677 0.1269 0.2180
vn 0.9960 0.0651 0.0604
vn 0.9993 0.0278 0.0241
vn 0.9983 0.0446 0.0366
vn 0.9997 0.0216 0.0089
vn 0.9998 0.0206 -0.0060
vn 0.9996 0.0222 -0.0161
vn 0.9999 0.0015 -0.0149
vn 0.9999 0.0134 -0.0049
vn 0.9998 0.0174 -0.0099
vn 0.9997 0.0215 -0.0151
vn 0.9943 0.0722 0.0782
vn 0.9933 0.0644 0.0956
vn 0.9937 0.0457 0.1028
vn 0.9984 0.0475 0.0313
vn 0.9999 0.0116 -0.0019
vn 0.9999 0.0115 -0.0019
vn 0.9999 0.0119 -0.0030
vn 0.9999 0.0128 -0.0043
vn 0.9995 0.0145 0.0296
vn 1.0000 0.0034 -0.0016
vn 1.0000 0.0064 -0.0000
vn 0.9984 0.0290 0.0483
vn 0.9943 0.0402 0.0992
vn 0.9686 0.1083 0.2240
vn 0.9950 0.0357 0.0929
vn 0.9976 0.0252 0.0646
vn 1.0000 -0.0044 0.0008
vn 1.0000 0.0037 0.0074
vn 0.9997 0.0152 0.0202
vn 1.0000 0.0072 0.0026
vn 1.0000 0.0059 0.0023
vn 1.0000 -0.0027 -0.0049
vn 1.0000 -0.0034 0.0004
vn 1.0000 0.0015 0.0018
vn 0.8286 0.2326 0.5093
vn 0.6038 0.3268 0.7271
vn 0.6580 0.6859 0.3108
vn 0.5412 0.7646 0.3500
vn 0.6583 0.6533 0.3741
vn 0.5410 0.7463 0.3879
vn 0.5265 0.7115 0.4654
vn 0.6350 0.6376 0.4361
vn 0.6219 0.6063 0.4956
vn 0.9708 0.2178 0.1003
vn 0.9716 0.2219 0.0822
vn 0.8683 0.4656 0.1713
vn 0.9702 0.1877 0.1532
vn 0.9660 0.2143 0.1444
vn 0.8342 0.4361 0.3376
vn 0.9684 0.2183 0.1207
vn 0.8323 0.4711 0.2922
vn 0.8337 0.4926 0.2497
vn 0.8498 0.5261 0.0321
vn 0.9728 0.2314 0.0063
vn 0.8317 0.5495 0.0799
vn 0.8417 0.5217 0.1392
vn 0.9710 0.2285 0.0707
vn 0.9726 0.2305 0.0301
vn 0.9714 0.2318 0.0515
vn 0.9983 0.0517 0.0259
vn 0.9983 0.0550 0.0199
vn 0.9982 0.0580 0.0136
vn 0.9999 0.0072 -0.0122
vn 0.9999 0.0072 -0.0135
vn 0.9988 0.0489 0.0061
vn 0.9999 0.0132 -0.0055
vn 0.9999 0.0130 -0.0072
vn 0.9934 0.1100 0.0341
vn 0.9999 0.0071 -0.0118
vn 0.9999 0.0002 -0.0161
vn 0.9999 0.0002 -0.0160
vn 0.9999 0.0087 -0.0106
vn 0.9999 0.0001 -0.0161
vn 0.9999 0.0075 -0.0147
vn 0.9999 0.0076 -0.0141
vn 0.9993 0.0333 -0.0190
vn 0.9995 0.0255 -0.0195
vn 0.9979 0.0622 -0.0190
vn 0.9983 0.0578 -0.0013
vn 0.9983 0.0585 -0.0038
vn 0.9976 0.0682 -0.0095
vn 1.0000 0.0052 -0.0021
vn 0.9999 0.0106 -0.0053
vn 1.0000 0.0066 -0.0037
vn 0.9997 0.0227 -0.0096
vn 0.9994 0.0342 -0.0111
vn 0.9966 0.0825 -0.0049
vn 0.9954 0.0960 -0.0025
vn 0.9955 0.0936 -0.0147
vn 0.9989 0.0441 -0.0155
vn 0.9991 0.0143 -0.0403
vn 0.9772 0.0075 -0.2120
vn 0.9861 0.0220 -0.1644
vn 0.9986 0.0071 -0.0517
vn 0.9998 0.0021 -0.0203
vn 0.9996 0.0009 -0.0300
vn 0.9872 0.0489 -0.1516
vn 0.9995 0.0042 -0.0326
vn 0.9871 0.0373 -0.1556
vn 0.9995 0.0024 -0.0324
vn 0.9997 0.0042 -0.0246
vn 0.9996 -0.0041 -0.0288
vn 0.9633 -0.0169 -0.2680
vn 0.9996 0.0005 -0.0298
vn 0.9998 -0.0012 -0.0202
vn 0.9988 -0.0077 -0.0492
vn 0.9863 -0.0220 -0.1637
vn 0.9842 -0.0448 -0.1712
vn 0.9841 -0.0602 -0.1674
vn 0.9997 -0.0010 -0.0227
vn 0.9987 -0.0133 -0.0491
vn 0.9987 -0.0141 -0.0490
vn 0.9842 -0.0669 -0.1637
vn 0.9998 -0.0018 -0.0204
vn 0.9997 -0.0038 -0.0225
vn 0.9997 -0.0035 -0.0246
vn 0.9997 -0.0007 -0.0254
vn 0.9998 0.0019 -0.0203
vn 0.9998 0.0018 -0.0202
vn 0.9999 0.0001 -0.0162
vn 0.9985 0.0308 -0.0454
vn 0.9985 0.0271 -0.0468
vn 0.9985 0.0249 -0.0496
vn 0.9986 0.0197 -0.0493
vn 0.9996 0.0074 -0.0277
vn 0.9996 0.0029 -0.0268
vn 0.9999 0.0002 -0.0162
vn 0.9997 0.0004 -0.0232
vn 0.9996 -0.0019 -0.0268
vn 0.9998 0.0041 -0.0198
vn 0.9998 0.0035 -0.0199
vn 0.9998 0.0056 -0.0188
vn 0.9998 0.0112 -0.0172
vn 0.9997 0.0102 -0.0235
vn 0.9996 0.0110 -0.0266
vn 0.9998 0.0058 -0.0184
vn 0.9998 0.0049 -0.0192
vn 0.9998 0.0054 -0.0188
vn 0.9998 0.0059 -0.0178
vn 0.9998 0.0066 -0.0174
vn 0.9998 0.0062 -0.0179
vn 0.9998 0.0045 -0.0196
vn 0.9983 0.0533 -0.0221
vn 0.9997 0.0140 -0.0221
vn 0.9997 0.0095 -0.0213
vn 0.9999 0.0007 -0.0162
vn 0.9999 0.0033 -0.0170
vn 0.9984 0.0475 -0.0295
vn 0.9984 0.0503 -0.0260
vn 0.9799 0.1423 -0.1395
vn 0.9772 0.1605 -0.1392
vn 0.9985 0.0341 -0.0425
vn 0.9701 0.1986 -0.1394
vn 0.9985 0.0379 -0.0407
vn 0.9761 0.1890 -0.1070
vn 0.9984 0.0414 -0.0376
vn 0.9708 0.2147 -0.1070
vn 0.9984 0.0444 -0.0343
vn 0.9766 0.1978 -0.0843
vn 0.9688 0.2346 -0.0797
vn 0.8652 0.3725 -0.3356
vn 0.6624 0.5653 -0.4916
vn 0.8633 0.4049 -0.3014
vn 0.8579 0.4470 -0.2534
vn 0.8529 0.4872 -0.1878
vn 0.6269 0.6206 -0.4709
vn 0.6613 0.6551 -0.3655
vn 0.6587 0.7046 -0.2639
vn 0.5707 0.7876 -0.2323
vn 0.5507 0.8295 -0.0929
vn 0.5558 0.8161 -0.1586
vn 0.6281 0.6643 -0.4051
vn 0.5738 0.7102 -0.4078
vn 0.5766 0.7370 -0.3526
vn 0.5660 0.7633 -0.3114
vn 0.5658 0.5738 -0.5921
vn 0.5663 0.6124 -0.5516
vn 0.6181 0.6387 -0.4583
vn 0.5572 0.5281 -0.6408
vn 0.3767 0.3091 -0.8733
vn 0.3016 0.2192 -0.9279
vn 0.2561 0.1240 -0.9587
vn 0.2452 0.0130 -0.9694
vn 0.4798 0.1169 -0.8696
vn 0.5059 0.0104 -0.8625
vn 0.7302 0.0922 -0.6770
vn 0.8253 0.0090 -0.5646
vn 0.9200 0.1330 -0.3688
vn 0.9081 0.0546 -0.4152
vn 0.9116 0.0988 -0.3990
vn 0.5109 0.2057 -0.8347
vn 0.5665 0.2803 -0.7750
vn 0.7463 0.1602 -0.6461
vn 0.7743 0.2159 -0.5949
vn 0.3685 -0.1947 -0.9090
vn 0.2429 -0.1205 -0.9625
vn 0.4788 -0.1075 -0.8713
vn 0.9038 -0.0582 -0.4239
vn 0.7251 -0.0884 -0.6829
vn 0.9051 -0.1112 -0.4104
vn 0.7295 -0.1802 -0.6598
vn 0.4924 -0.2335 -0.8385
vn 0.2541 -0.2621 -0.9310
vn 0.3702 -0.2982 -0.8798
vn 0.3368 -0.3710 -0.8654
vn 0.2750 -0.3461 -0.8970
vn 0.5034 -0.3117 -0.8058
vn 0.9066 -0.1497 -0.3945
vn 0.9100 -0.1676 -0.3791
vn 0.7364 -0.2428 -0.6315
vn 0.7477 -0.2733 -0.6052
vn 0.5199 -0.3558 -0.7766
vn 0.3040 -0.3968 -0.8661
vn 0.9925 -0.0410 -0.1150
vn 0.3691 -0.4021 -0.8379
vn 0.3741 -0.4057 -0.8339
vn 0.9989 0.0047 -0.0459
vn 0.9988 -0.0112 -0.0470
vn 0.9987 0.0474 -0.0186
vn 0.9998 -0.0015 -0.0203
vn 0.9681 0.2504 -0.0077
vn 0.8596 0.5109 0.0104
vn 0.7097 0.7040 0.0269
vn 0.5178 0.8545 0.0422
vn 0.2675 0.9619 0.0562
vn 0.0756 0.9951 0.0637
vn 0.9876 0.1566 -0.0047
vn 0.9993 0.0366 -0.0122
vn 0.9473 0.3203 0.0059
vn 0.8585 0.5124 0.0188
vn 0.7265 0.6864 0.0321
vn 0.5603 0.8271 0.0438
vn 0.2912 0.9550 0.0570
vn 0.0751 0.9951 0.0639
vn 0.9910 0.0350 0.1291
vn 0.9998 0.0077 0.0166
vn 0.9997 0.0039 0.0235
vn 0.9911 0.0348 0.1282
vn 0.9999 0.0011 -0.0127
vn 0.9999 -0.0001 -0.0109
vn 0.9502 0.0867 0.2994
vn 0.6860 0.1895 0.7025
vn 0.8601 0.1309 0.4931
vn 0.9533 0.0766 0.2923
vn 0.5736 0.2277 0.7869
vn 0.5786 0.2064 0.7891
vn 0.8624 0.1400 0.4865
vn 0.7327 0.1891 0.6537
vn 0.4433 0.2492 0.8610
vn 0.8184 0.1691 0.5492
vn 0.9674 0.0750 0.2420
vn 0.9979 0.0220 0.0615
vn 0.9999 0.0049 0.0107
vn 0.9999 0.0009 -0.0116
vn 0.9991 0.0130 0.0406
vn 1.0000 0.0012 -0.0005
vn 1.0000 0.0021 -0.0009
vn 1.0000 0.0009 -0.0090
vn 1.0000 0.0012 -0.0015
vn 0.9995 0.0109 0.0312
vn 0.9998 -0.0017 -0.0202
vn 0.9999 0.0010 -0.0128
vn 0.9999 -0.0000 -0.0159
vn 0.9987 0.0517 -0.0042
vn 0.9989 0.0464 0.0074
vn 0.9518 0.3068 0.0039
vn 0.7128 0.7009 0.0237
vn 0.3253 0.9443 0.0496
vn 0.0767 0.9951 0.0617
vn 0.0609 0.9981 0.0084
vn 0.0609 0.9980 0.0174
vn 0.0599 0.9979 0.0258
vn 0.0790 0.9962 0.0359
vn 0.0835 0.9962 0.0255
vn 0.0891 0.9959 0.0166
vn 0.0583 0.9977 0.0336
vn 0.0787 0.9954 0.0546
vn 0.0760 0.9959 0.0497
vn 0.0762 0.9961 0.0438
vn 0.0953 0.9880 0.1219
vn 0.0932 0.9896 0.1094
vn 0.0891 0.9912 0.0983
vn 0.0834 0.9926 0.0885
vn 0.0627 0.9957 0.0687
vn 0.0570 0.9963 0.0649
vn 0.0836 0.9948 0.0581
vn 0.0766 0.9938 0.0802
vn 0.0696 0.9949 0.0736
vn 0.1588 0.9852 0.0649
vn 0.2997 0.9517 0.0669
vn 0.2404 0.9697 0.0426
vn 0.2375 0.9642 -0.1183
vn 0.2758 0.9395 -0.2032
vn 0.1558 0.9853 -0.0697
vn 0.2203 0.9751 0.0252
vn 0.2101 0.9777 0.0061
vn 0.2081 0.9780 -0.0157
vn 0.2130 0.9761 -0.0427
vn 0.2225 0.9719 -0.0769
vn 0.2968 0.9100 0.2896
vn 0.4956 0.7374 0.4589
vn 0.4978 0.7784 0.3826
vn 0.2923 0.9249 0.2430
vn 0.4839 0.8175 0.3123
vn 0.2791 0.9391 0.2005
vn 0.4575 0.8544 0.2466
vn 0.2593 0.9521 0.1620
vn 0.4215 0.8871 0.1880
vn 0.2348 0.9635 0.1289
vn 0.3802 0.9145 0.1385
vn 0.2083 0.9728 0.1019
vn 0.3381 0.9360 0.0985
vn 0.1821 0.9799 0.0809
vn 0.5580 0.6448 0.5224
vn 0.5729 0.6913 0.4404
vn 0.5635 0.7429 0.3612
vn 0.5391 0.7923 0.2856
vn 0.5025 0.8369 0.2169
vn 0.4584 0.8747 0.1574
vn 0.4122 0.9047 0.1081
vn 0.3692 0.9268 0.0693
vn 0.3341 0.9417 0.0387
vn 0.3082 0.9513 0.0100
vn 0.2929 0.9560 -0.0183
vn 0.2880 0.9563 -0.0498
vn 0.2916 0.9525 -0.0878
vn 0.3007 0.9441 -0.1348
vn 0.3116 0.9306 -0.1919
vn 0.3213 0.9113 -0.2573
vn 0.3223 0.8912 -0.3193
vn 0.2794 0.9252 -0.2567
vn 0.3171 0.8668 -0.3849
vn 0.2788 0.9075 -0.3143
vn 0.3035 0.8390 -0.4517
vn 0.2709 0.8871 -0.3738
vn 0.2949 0.8037 -0.5168
vn 0.2546 0.8698 -0.4227
vn 0.1618 0.9817 -0.1006
vn 0.1641 0.9773 -0.1339
vn 0.1624 0.9721 -0.1692
vn 0.1553 0.9641 -0.2155
vn 0.2149 0.7405 -0.6368
vn -0.0704 0.6145 -0.7858
vn -0.0801 0.5830 -0.8085
vn 0.2451 0.7667 -0.5933
vn 0.2598 0.7854 -0.5618
vn -0.3767 0.5706 -0.7298
vn -0.9809 0.1137 -0.1576
vn -0.9237 0.2259 -0.3095
vn -0.7055 0.4152 -0.5744
vn -0.3808 0.5386 -0.7516
vn -0.7032 0.4378 -0.5603
vn -0.9221 0.2382 -0.3048
vn -0.9806 0.1206 -0.1543
vn -0.1571 -0.0983 -0.9827
vn -0.0420 -0.1453 -0.9885
vn -0.3568 -0.1341 -0.9245
vn -0.6940 -0.2768 -0.6646
vn -0.0472 -0.3805 -0.9236
vn -0.9198 -0.1508 -0.3621
vn -0.9800 -0.0766 -0.1839
vn -0.9798 -0.0683 -0.1878
vn -0.9188 -0.1351 -0.3710
vn -0.9798 -0.0562 -0.1919
vn -0.9184 -0.1112 -0.3797
vn -0.9798 -0.0429 -0.1954
vn -0.9184 -0.0848 -0.3864
vn -0.6913 -0.2472 -0.6790
vn -0.6906 -0.2033 -0.6941
vn -0.6906 -0.1551 -0.7064
vn -0.3584 -0.3589 -0.8618
vn -0.3543 -0.3199 -0.8787
vn -0.3532 -0.2630 -0.8978
vn -0.3571 -0.2062 -0.9110
vn -0.1270 -0.1840 -0.9747
vn -0.0409 -0.2280 -0.9728
vn -0.0405 -0.2788 -0.9595
vn -0.0488 -0.3441 -0.9377
vn -0.9798 -0.0284 -0.1979
vn -0.9182 -0.0563 -0.3921
vn -0.6903 -0.1029 -0.7162
vn -0.0434 -0.0448 -0.9981
vn -0.3568 -0.0475 -0.9330
vn -0.6900 -0.0418 -0.7227
vn -0.9179 -0.0229 -0.3962
vn -0.9798 -0.0115 -0.1997
vn 0.1707 -0.3675 -0.9142
vn 0.2140 -0.4003 -0.8911
vn 0.1574 -0.2994 -0.9411
vn 0.1485 -0.2084 -0.9667
vn 0.1436 -0.0945 -0.9851
vn 0.1046 -0.0922 -0.9902
vn 0.1049 -0.2038 -0.9734
vn 0.1082 -0.2887 -0.9513
vn 0.1276 -0.3504 -0.9279
vn 0.0915 -0.3269 -0.9406
vn 0.0938 -0.3871 -0.9173
vn 0.1588 -0.3873 -0.9082
vt 0.464166 0.426753
vt 0.460948 0.426478
vt 0.464116 0.421075
vt 0.460895 0.420823
vt 0.464098 0.414943
vt 0.460875 0.414714
vt 0.460542 0.431517
vt 0.463765 0.431723
vt 0.460074 0.441099
vt 0.463304 0.441189
vt 0.459945 0.451688
vt 0.463189 0.447061
vt 0.464166 0.482296
vt 0.460938 0.482440
vt 0.463389 0.463340
vt 0.460159 0.463434
vt 0.463195 0.454092
vt 0.463177 0.451675
vt 0.487191 0.430822
vt 0.490181 0.430737
vt 0.490145 0.434455
vt 0.487155 0.434540
vt 0.490097 0.441703
vt 0.487090 0.453169
vt 0.490081 0.453084
vt 0.490181 0.475466
vt 0.487191 0.475551
vt 0.455674 0.414969
vt 0.458895 0.414713
vt 0.456269 0.424245
vt 0.459497 0.424085
vt 0.456568 0.431977
vt 0.459893 0.435919
vt 0.458903 0.484527
vt 0.455674 0.484399
vt 0.459656 0.463702
vt 0.456425 0.463608
vt 0.459945 0.449069
vt 0.456713 0.449041
vt 0.456661 0.435979
vt 0.481520 0.437334
vt 0.480066 0.425319
vt 0.476168 0.432886
vt 0.475916 0.421929
vt 0.473654 0.430667
vt 0.471287 0.428450
vt 0.472476 0.418886
vt 0.469097 0.426238
vt 0.469694 0.416147
vt 0.466341 0.432844
vt 0.468382 0.414713
vt 0.470227 0.460292
vt 0.466694 0.456583
vt 0.468171 0.436227
vt 0.470486 0.438621
vt 0.472980 0.441019
vt 0.474516 0.464417
vt 0.475623 0.443419
vt 0.479615 0.469010
vt 0.481238 0.448224
vt 0.464166 0.453649
vt 0.414411 0.420708
vt 0.424462 0.422132
vt 0.424206 0.429693
vt 0.413963 0.430408
vt 0.423989 0.437249
vt 0.413724 0.436420
vt 0.413553 0.441141
vt 0.423805 0.444804
vt 0.413469 0.443614
vt 0.423509 0.459922
vt 0.413173 0.453071
vt 0.412640 0.472441
vt 0.416247 0.473312
vt 0.423258 0.475069
vt 0.434214 0.462037
vt 0.434222 0.477974
vt 0.433814 0.415022
vt 0.455674 0.414714
vt 0.434833 0.422348
vt 0.455566 0.424008
vt 0.434645 0.430290
vt 0.455513 0.431743
vt 0.434496 0.438227
vt 0.455498 0.435743
vt 0.434379 0.446162
vt 0.455491 0.448786
vt 0.434288 0.454097
vt 0.455545 0.463310
vt 0.455674 0.484020
vt 0.414682 0.415610
vt 0.916651 0.335564
vt 0.916212 0.335135
vt 0.917109 0.333913
vt 0.919019 0.332623
vt 0.918604 0.333264
vt 0.917889 0.332585
vt 0.474811 0.391349
vt 0.474641 0.390561
vt 0.475397 0.390545
vt 0.918913 0.335152
vt 0.918813 0.335368
vt 0.918234 0.334995
vt 0.918698 0.335595
vt 0.919343 0.333966
vt 0.919402 0.333895
vt 0.919778 0.332405
vt 0.915662 0.330301
vt 0.916193 0.330835
vt 0.915104 0.333284
vt 0.916399 0.330998
vt 0.472744 0.385945
vt 0.472790 0.384841
vt 0.473259 0.386159
vt 0.473316 0.385148
vt 0.914501 0.335555
vt 0.914148 0.335206
vt 0.467575 0.384323
vt 0.470433 0.384254
vt 0.468539 0.387521
vt 0.470654 0.385819
vt 0.469329 0.388710
vt 0.471925 0.389981
vt 0.471352 0.389702
vt 0.471752 0.387908
vt 0.469692 0.388891
vt 0.469887 0.388275
vt 0.473138 0.388859
vt 0.473068 0.389787
vt 0.472988 0.390494
vt 0.474653 0.391278
vt 0.474427 0.389043
vt 0.475195 0.389877
vt 0.474552 0.389784
vt 0.917085 0.335988
vt 0.917670 0.335502
vt 0.918153 0.335970
vt 0.915479 0.336536
vt 0.917667 0.334450
vt 0.476020 0.390549
vt 0.475536 0.390825
vt 0.916061 0.332900
vt 0.915780 0.334711
vt 0.915366 0.334304
vt 0.914829 0.335884
vt 0.916602 0.331356
vt 0.472145 0.385810
vt 0.472518 0.387883
vt 0.473185 0.387953
vt 0.474292 0.388310
vt 0.918178 0.331948
vt 0.917930 0.331850
vt 0.474072 0.386798
vt 0.473222 0.387056
vt 0.471700 0.384454
vt 0.474169 0.387567
vt 0.915157 0.336213
vt 0.458979 0.029820
vt 0.454391 0.032340
vt 0.452178 0.028710
vt 0.487801 0.012008
vt 0.487806 0.013005
vt 0.483732 0.013516
vt 0.467495 0.020525
vt 0.463653 0.027744
vt 0.464630 0.027388
vt 0.472228 0.025926
vt 0.472364 0.023883
vt 0.473590 0.026719
vt 0.478263 0.024139
vt 0.473639 0.027130
vt 0.469544 0.026065
vt 0.468651 0.026232
vt 0.467417 0.026527
vt 0.487783 0.016605
vt 0.487713 0.018920
vt 0.487738 0.019137
vt 0.782499 0.153518
vt 0.782345 0.153066
vt 0.783020 0.133990
vt 0.470012 0.092809
vt 0.470444 0.084442
vt 0.470940 0.090446
vt 0.472774 0.081756
vt 0.472707 0.088795
vt 0.471798 0.082496
vt 0.471014 0.083402
vt 0.484334 0.082945
vt 0.484536 0.077250
vt 0.484836 0.069907
vt 0.472810 0.071852
vt 0.485563 0.055184
vt 0.472789 0.062091
vt 0.781799 0.203826
vt 0.781681 0.212188
vt 0.781469 0.211825
vt 0.471856 0.072631
vt 0.471097 0.073570
vt 0.470555 0.074637
vt 0.781912 0.182419
vt 0.471853 0.062902
vt 0.471115 0.063871
vt 0.470598 0.064964
vt 0.473704 0.268890
vt 0.472136 0.267594
vt 0.473687 0.268224
vt 0.000017 0.478378
vt 0.000017 0.476041
vt 0.000124 0.476524
vt 0.472427 0.267595
vt 0.473692 0.267600
vt 0.837731 0.003005
vt 0.834957 0.002631
vt 0.835096 0.000000
vt 0.834603 0.002576
vt 0.834470 0.002595
vt 0.848354 0.004284
vt 0.847669 0.006629
vt 0.844067 0.004912
vt 0.473994 0.292644
vt 0.474112 0.302100
vt 0.473504 0.284902
vt 0.472453 0.301759
vt 0.472038 0.284729
vt 0.841475 0.001859
vt 0.473792 0.276283
vt 0.905643 0.100351
vt 0.908372 0.106776
vt 0.907792 0.107165
vt 0.902882 0.093410
vt 0.903516 0.096311
vt 0.898196 0.081581
vt 0.890651 0.058457
vt 0.888688 0.052133
vt 0.889586 0.051499
vt 0.892974 0.065273
vt 0.893601 0.064754
vt 0.889638 0.051606
vt 0.889136 0.060061
vt 0.886617 0.054784
vt 0.887619 0.053148
vt 0.892441 0.067452
vt 0.892001 0.066438
vt 0.892032 0.066399
vt 0.889531 0.059532
vt 0.892693 0.068036
vt 0.906911 0.099318
vt 0.909714 0.106103
vt 0.908660 0.106610
vt 0.906587 0.092645
vt 0.910904 0.105671
vt 0.907735 0.098856
vt 0.906214 0.099817
vt 0.903363 0.092850
vt 0.904690 0.091833
vt 0.899217 0.077965
vt 0.900956 0.077530
vt 0.894331 0.064265
vt 0.895356 0.064001
vt 0.898012 0.079017
vt 0.907171 0.107727
vt 0.906719 0.106241
vt 0.789097 0.135697
vt 0.795223 0.137075
vt 0.788543 0.156344
vt 0.795672 0.148121
vt 0.796497 0.159232
vt 0.784751 0.134559
vt 0.785737 0.215545
vt 0.792808 0.220430
vt 0.789580 0.187703
vt 0.796939 0.163768
vt 0.799102 0.192660
vt 0.802120 0.226171
vt 0.472562 0.129925
vt 0.472596 0.138033
vt 0.470618 0.139656
vt 0.470795 0.111098
vt 0.472551 0.109521
vt 0.472540 0.122359
vt 0.470797 0.123815
vt 0.470824 0.131308
vt 0.469952 0.141168
vt 0.469912 0.133203
vt 0.469883 0.125771
vt 0.469873 0.113163
vt 0.470399 0.199362
vt 0.470398 0.199208
vt 0.470975 0.198531
vt 0.471443 0.214855
vt 0.472965 0.197629
vt 0.470566 0.215531
vt 0.471826 0.250086
vt 0.473099 0.212462
vt 0.473239 0.226517
vt 0.471627 0.232299
vt 0.473386 0.240342
vt 0.473562 0.256233
vt 0.470758 0.232751
vt 0.470967 0.250309
vt 0.827982 0.003013
vt 0.828454 0.000600
vt 0.469970 0.144505
vt 0.470937 0.152317
vt 0.470044 0.156951
vt 0.471027 0.166721
vt 0.470141 0.170259
vt 0.471143 0.182104
vt 0.470259 0.184381
vt 0.472645 0.149665
vt 0.472712 0.162863
vt 0.472730 0.165892
vt 0.472801 0.176916
vt 0.472914 0.191641
vt 0.911630 0.120836
vt 0.910958 0.121282
vt 0.914962 0.135044
vt 0.914246 0.135368
vt 0.917704 0.149655
vt 0.916955 0.149851
vt 0.920283 0.164074
vt 0.919025 0.164192
vt 0.914930 0.119622
vt 0.913688 0.119975
vt 0.918409 0.134104
vt 0.917131 0.134386
vt 0.921242 0.148980
vt 0.919945 0.149200
vt 0.912566 0.120388
vt 0.915955 0.134707
vt 0.918735 0.149431
vt 0.922078 0.163868
vt 0.923376 0.163703
vt 0.911378 0.164689
vt 0.904475 0.165082
vt 0.902824 0.153457
vt 0.900722 0.141970
vt 0.898207 0.130722
vt 0.895353 0.119800
vt 0.920512 0.177809
vt 0.914429 0.218358
vt 0.907024 0.217519
vt 0.906730 0.191536
vt 0.921604 0.191845
vt 0.922543 0.218910
vt 0.905858 0.178211
vt 0.926808 0.210435
vt 0.926953 0.219495
vt 0.925648 0.219523
vt 0.922407 0.191967
vt 0.923469 0.192017
vt 0.924698 0.191995
vt 0.926003 0.191898
vt 0.923353 0.219218
vt 0.924418 0.219426
vt 0.467408 0.124357
vt 0.469291 0.354800
vt 0.465656 0.124449
vt 0.466478 0.354872
vt 0.462876 0.124517
vt 0.469325 0.124117
vt 0.472932 0.354463
vt 0.468713 0.124231
vt 0.472315 0.354580
vt 0.467980 0.124311
vt 0.471606 0.354659
vt 0.470540 0.354739
vt 0.816115 0.347977
vt 0.816152 0.347552
vt 0.902546 0.335199
vt 0.815981 0.345129
vt 0.902409 0.332367
vt 0.473462 0.035218
vt 0.482833 0.029685
vt 0.487328 0.027432
vt 0.486231 0.042897
vt 0.473039 0.050279
vt 0.473161 0.045853
vt 0.473365 0.039033
vt 0.473427 0.037116
vt 0.806950 0.270638
vt 0.793200 0.260978
vt 0.781682 0.249328
vt 0.781695 0.251352
vt 0.471379 0.057593
vt 0.470539 0.059547
vt 0.781468 0.231425
vt 0.472102 0.051096
vt 0.471352 0.052096
vt 0.470837 0.053221
vt 0.781468 0.251011
vt 0.781722 0.255024
vt 0.782477 0.308249
vt 0.781769 0.279628
vt 0.782278 0.307782
vt 0.471026 0.045429
vt 0.471735 0.037009
vt 0.471544 0.044291
vt 0.472306 0.043290
vt 0.797399 0.321497
vt 0.814674 0.334703
vt 0.376505 0.424172
vt 0.384209 0.425658
vt 0.384425 0.434046
vt 0.379676 0.693262
vt 0.375713 0.693483
vt 0.379826 0.689041
vt 0.371781 0.693703
vt 0.380392 0.672550
vt 0.371919 0.684082
vt 0.372123 0.668621
vt 0.380948 0.655465
vt 0.372274 0.655965
vt 0.381154 0.648912
vt 0.372310 0.652784
vt 0.381485 0.637987
vt 0.372479 0.636604
vt 0.381995 0.620293
vt 0.372630 0.620111
vt 0.382138 0.615083
vt 0.372665 0.615990
vt 0.382470 0.602586
vt 0.372792 0.599205
vt 0.382883 0.585944
vt 0.372824 0.594347
vt 0.372896 0.582564
vt 0.383267 0.569128
vt 0.372135 0.423328
vt 0.372328 0.430116
vt 0.372500 0.438096
vt 0.384569 0.444200
vt 0.372547 0.440634
vt 0.384641 0.456028
vt 0.372693 0.450181
vt 0.384641 0.469414
vt 0.372816 0.460741
vt 0.372916 0.472270
vt 0.384567 0.484236
vt 0.372981 0.482629
vt 0.372977 0.566100
vt 0.373035 0.549846
vt 0.383608 0.552656
vt 0.373044 0.546311
vt 0.383897 0.537011
vt 0.373072 0.530757
vt 0.383917 0.535851
vt 0.373075 0.515792
vt 0.384204 0.517611
vt 0.373053 0.501451
vt 0.384421 0.500352
vt 0.373006 0.487772
vt 0.372992 0.484767
vt 0.328483 0.831800
vt 0.331764 0.833624
vt 0.328468 0.831820
vt 0.331455 0.834174
vt 0.328250 0.832096
vt 0.328087 0.832298
vt 0.327915 0.832508
vt 0.331160 0.834661
vt 0.327622 0.832854
vt 0.330925 0.835011
vt 0.379537 0.694080
vt 0.375682 0.694017
vt 0.379633 0.693733
vt 0.379676 0.693272
vt 0.371776 0.694004
vt 0.371766 0.694402
vt 0.334459 0.836813
vt 0.334629 0.836433
vt 0.334818 0.835950
vt 0.335002 0.835425
vt 0.552070 0.097877
vt 0.551983 0.105058
vt 0.518006 0.102437
vt 0.547616 0.131498
vt 0.483456 0.133483
vt 0.483508 0.125441
vt 0.518569 0.073942
vt 0.552242 0.086259
vt 0.518154 0.093208
vt 0.552158 0.091607
vt 0.552959 0.049688
vt 0.552688 0.062377
vt 0.552418 0.076146
vt 0.519462 0.051676
vt 0.484007 0.093868
vt 0.551755 0.131401
vt 0.551823 0.122180
vt 0.551901 0.113112
vt 0.483565 0.117979
vt 0.551925 0.110608
vt 0.483609 0.113869
vt 0.483648 0.110922
vt 0.483762 0.104278
vt 0.424167 0.046823
vt 0.424172 0.048413
vt 0.410336 0.061010
vt 0.467226 0.476169
vt 0.467903 0.476154
vt 0.466460 0.505509
vt 0.466555 0.476185
vt 0.411792 0.436768
vt 0.409761 0.430908
vt 0.410729 0.427270
vt 0.407224 0.414713
vt 0.468865 0.505093
vt 0.467903 0.491819
vt 0.468865 0.475551
vt 0.410893 0.468700
vt 0.411237 0.458081
vt 0.412641 0.456602
vt 0.411202 0.451992
vt 0.410223 0.435203
vt 0.412433 0.465357
vt 0.412201 0.469654
vt 0.409317 0.485278
vt 0.410374 0.487054
vt 0.407224 0.503877
vt 0.485048 0.475551
vt 0.485048 0.495727
vt 0.484031 0.492376
vt 0.479850 0.475551
vt 0.481119 0.477473
vt 0.479961 0.478409
vt 0.481086 0.491023
vt 0.479850 0.495155
vt 0.481119 0.478263
vt 0.482199 0.475551
vt 0.482199 0.495107
vt 0.485048 0.496334
vt 0.485048 0.475551
vt 0.485831 0.487951
vt 0.430237 0.043550
vt 0.377817 0.099616
vt 0.387229 0.085670
vt 0.384164 0.092732
vt 0.397813 0.072409
vt 0.396552 0.076132
vt 0.399866 0.070072
vt 0.411562 0.057959
vt 0.371008 0.111469
vt 0.373481 0.110463
vt 0.369572 0.114214
vt 0.364607 0.129155
vt 0.362508 0.129432
vt 0.364280 0.129947
vt 0.360907 0.133386
vt 0.357629 0.148624
vt 0.355338 0.149431
vt 0.357463 0.149174
vt 0.352613 0.168682
vt 0.351114 0.165714
vt 0.459945 0.482440
vt 0.463725 0.494271
vt 0.459945 0.497045
vt 0.471649 0.475551
vt 0.471649 0.499019
vt 0.469815 0.492181
vt 0.383924 0.419114
vt 0.371766 0.414713
vt 0.469815 0.475551
vt 0.469815 0.503574
vt 0.468865 0.492254
vt 0.371989 0.419330
vt 0.467903 0.476140
vt 0.467093 0.475551
vt 0.467799 0.475614
vt 0.386584 0.422359
vt 0.387444 0.418513
vt 0.387743 0.418510
vt 0.388227 0.418566
vt 0.387180 0.422261
vt 0.386807 0.422301
vt 0.388043 0.422249
vt 0.388018 0.422248
vt 0.387667 0.422245
vt 0.387425 0.422250
vt 0.389022 0.414916
vt 0.389234 0.414991
vt 0.388822 0.418673
vt 0.389594 0.415128
vt 0.388787 0.414838
vt 0.388447 0.414742
vt 0.388247 0.414713
vt 0.466460 0.475658
vt 0.524902 0.002461
vt 0.520544 0.009187
vt 0.515475 0.004193
vt 0.503798 0.012409
vt 0.496165 0.009204
vt 0.554118 0.005660
vt 0.553975 0.011023
vt 0.537486 0.007141
vt 0.537459 0.012261
vt 0.520573 0.014044
vt 0.503819 0.016739
vt 0.554218 0.000000
vt 0.554232 0.000000
vt 0.553831 0.016241
vt 0.553686 0.021556
vt 0.520503 0.023751
vt 0.503691 0.025431
vt 0.389349 0.436748
vt 0.388247 0.489878
vt 0.388246 0.489909
vt 0.387946 0.489966
vt 0.389372 0.489793
vt 0.389371 0.489903
vt 0.388747 0.489887
vt 0.388741 0.436795
vt 0.554761 0.000088
vt 0.389442 0.454430
vt 0.388829 0.454449
vt 0.389356 0.472112
vt 0.388738 0.472135
vt 0.388750 0.489820
vt 0.388238 0.472190
vt 0.388331 0.454500
vt 0.388245 0.436870
vt 0.387947 0.489959
vt 0.387935 0.472268
vt 0.388026 0.454575
vt 0.387938 0.436960
vt 0.554326 0.021655
vt 0.554327 0.021653
vt 0.554465 0.016344
vt 0.554603 0.011133
vt 0.554740 0.005773
vt 0.395511 0.417467
vt 0.395662 0.421083
vt 0.398038 0.435942
vt 0.396032 0.437766
vt 0.397403 0.424244
vt 0.393346 0.502464
vt 0.388180 0.509272
vt 0.388661 0.501017
vt 0.394140 0.489941
vt 0.507425 0.490389
vt 0.501013 0.490469
vt 0.507425 0.459841
vt 0.501013 0.455098
vt 0.508035 0.456757
vt 0.501013 0.487160
vt 0.493648 0.491727
vt 0.498711 0.485008
vt 0.490711 0.487659
vt 0.497395 0.482147
vt 0.490181 0.482692
vt 0.497266 0.479015
vt 0.394144 0.471491
vt 0.394262 0.453040
vt 0.394307 0.442796
vt 0.394740 0.440139
vt 0.493429 0.461958
vt 0.400377 0.426305
vt 0.403230 0.434683
vt 0.400531 0.434875
vt 0.553607 0.024207
vt 0.554247 0.024306
vt 0.553529 0.026896
vt 0.554009 0.026881
vt 0.387519 0.510175
vt 0.387232 0.510597
vt 0.387538 0.501028
vt 0.386970 0.511014
vt 0.387238 0.501087
vt 0.386791 0.511337
vt 0.386584 0.511845
vt 0.388039 0.501004
vt 0.520044 0.036948
vt 0.552361 0.027109
vt 0.550807 0.027584
vt 0.549191 0.028499
vt 0.548368 0.029761
vt 0.548353 0.030065
vt 0.549025 0.031273
vt 0.549475 0.031614
vt 0.550801 0.032236
vt 0.552880 0.032703
vt 0.553369 0.032756
vt 0.553200 0.039311
vt 0.346543 0.442650
vt 0.346801 0.442811
vt 0.322613 0.443560
vt 0.322736 0.444678
vt 0.322688 0.444058
vt 0.348638 0.443977
vt 0.347730 0.443385
vt 0.347353 0.443150
vt 0.346437 0.442578
vt 0.322524 0.443263
vt 0.553931 0.032856
vt 0.553839 0.039410
vt 0.553644 0.032793
vt 0.553596 0.049787
vt 0.287584 0.445099
vt 0.287684 0.445395
vt 0.287774 0.445892
vt 0.287840 0.446510
vt 0.553000 0.122515
vt 0.552933 0.131711
vt 0.552390 0.131474
vt 0.118932 0.477434
vt 0.107917 0.484053
vt 0.107579 0.483640
vt 0.119253 0.477975
vt 0.108278 0.484570
vt 0.552457 0.122259
vt 0.552535 0.113198
vt 0.552618 0.105149
vt 0.552705 0.097971
vt 0.157395 0.461684
vt 0.170532 0.458548
vt 0.183033 0.456240
vt 0.552877 0.086356
vt 0.553054 0.076245
vt 0.553325 0.062477
vt 0.553078 0.113474
vt 0.131135 0.470889
vt 0.130924 0.470618
vt 0.143956 0.465653
vt 0.144140 0.465935
vt 0.157557 0.461972
vt 0.183167 0.456533
vt 0.208917 0.452399
vt 0.209037 0.452694
vt 0.248202 0.448184
vt 0.248309 0.448481
vt 0.118628 0.477001
vt 0.131396 0.471343
vt 0.144359 0.466405
vt 0.157743 0.462452
vt 0.183312 0.457023
vt 0.209158 0.453187
vt 0.248412 0.448976
vt 0.131665 0.471909
vt 0.144580 0.466990
vt 0.157924 0.463050
vt 0.183442 0.457632
vt 0.209261 0.453800
vt 0.248492 0.449592
vt 0.551496 0.344797
vt 0.517380 0.350676
vt 0.517330 0.334911
vt 0.551764 0.398223
vt 0.517581 0.393413
vt 0.517507 0.380050
vt 0.933470 0.049429
vt 0.969248 0.053657
vt 0.939032 0.062825
vt 0.976662 0.073494
vt 0.944229 0.077149
vt 0.981282 0.088003
vt 0.949003 0.092285
vt 0.985444 0.103044
vt 0.953299 0.108112
vt 0.989130 0.118635
vt 0.957063 0.124501
vt 0.992309 0.134819
vt 0.960236 0.141320
vt 0.995234 0.154048
vt 0.962762 0.158432
vt 0.551686 0.385997
vt 0.517439 0.365764
vt 0.551582 0.366130
vt 0.551449 0.329748
vt 0.517288 0.318594
vt 0.551412 0.314581
vt 0.517257 0.301855
vt 0.551385 0.299178
vt 0.517236 0.284828
vt 0.551367 0.283539
vt 0.517427 0.267650
vt 0.551360 0.267660
vt 0.483191 0.333309
vt 0.483149 0.317409
vt 0.483118 0.301073
vt 0.483096 0.284431
vt 0.483085 0.267641
vt 0.483304 0.363279
vt 0.483262 0.353868
vt 0.483242 0.348642
vt 0.483375 0.377095
vt 0.903866 0.059984
vt 0.898768 0.048330
vt 0.927594 0.037069
vt 0.898108 0.046926
vt 0.483508 0.397205
vt 0.483456 0.389965
vt 0.018733 0.473348
vt 0.005094 0.487413
vt 0.005094 0.442578
vt 0.500605 0.414713
vt 0.500605 0.455098
vt 0.490181 0.421280
vt 0.908880 0.073038
vt 0.913503 0.086806
vt 0.917711 0.101202
vt 0.921466 0.116100
vt 0.924745 0.131406
vt 0.927525 0.147015
vt 0.929786 0.162849
vt 0.551360 0.259904
vt 0.517434 0.243695
vt 0.551460 0.192394
vt 0.551422 0.207160
vt 0.517510 0.209180
vt 0.551393 0.222265
vt 0.517474 0.220482
vt 0.551384 0.228425
vt 0.551367 0.244090
vt 0.551483 0.185294
vt 0.517608 0.186501
vt 0.551537 0.170959
vt 0.517728 0.164459
vt 0.551569 0.163844
vt 0.551601 0.157204
vt 0.517859 0.143228
vt 0.551675 0.144015
vt 0.483104 0.210942
vt 0.483093 0.226865
vt 0.483086 0.243069
vt 0.483083 0.260083
vt 0.483125 0.195224
vt 0.483143 0.186895
vt 0.483229 0.165028
vt 0.483374 0.144140
vt 0.551995 0.267658
vt 0.552539 0.267655
vt 0.551995 0.259907
vt 0.023838 0.601751
vt 0.023277 0.601659
vt 0.025136 0.594203
vt 0.024464 0.601886
vt 0.025691 0.594316
vt 0.552002 0.244103
vt 0.552019 0.228446
vt 0.552028 0.222290
vt 0.552058 0.207193
vt 0.552096 0.192435
vt 0.552119 0.185340
vt 0.552173 0.171012
vt 0.552237 0.157264
vt 0.552309 0.144082
vt 0.552539 0.259918
vt 0.552547 0.244142
vt 0.552564 0.228515
vt 0.552573 0.222370
vt 0.552603 0.207302
vt 0.552642 0.192571
vt 0.552665 0.185488
vt 0.552719 0.171185
vt 0.552782 0.157460
vt 0.552853 0.144299
vt 0.029874 0.579238
vt 0.030417 0.579392
vt 0.035855 0.564737
vt 0.036380 0.564934
vt 0.038576 0.559129
vt 0.039094 0.559342
vt 0.046175 0.545608
vt 0.046671 0.545860
vt 0.054930 0.532723
vt 0.055402 0.533011
vt 0.059632 0.526652
vt 0.060091 0.526957
vt 0.070163 0.514654
vt 0.070594 0.514991
vt 0.081683 0.503495
vt 0.082084 0.503860
vt 0.094161 0.493155
vt 0.094531 0.493545
vt 0.026311 0.594477
vt 0.031021 0.579603
vt 0.036964 0.565194
vt 0.039669 0.559621
vt 0.047220 0.546186
vt 0.055922 0.533380
vt 0.060595 0.527345
vt 0.071065 0.515418
vt 0.082520 0.504321
vt 0.094931 0.494035
vt 0.145674 0.822941
vt 0.145483 0.823557
vt 0.127455 0.816817
vt 0.995786 0.153970
vt 0.145289 0.824096
vt 0.145121 0.824473
vt 0.126986 0.817693
vt 0.127195 0.817332
vt 0.992863 0.134755
vt 0.989685 0.118582
vt 0.985999 0.103000
vt 0.981839 0.087970
vt 0.977221 0.073470
vt 0.969809 0.053644
vt 0.552525 0.414630
vt 0.551891 0.414713
vt 0.552397 0.398148
vt 0.552319 0.385929
vt 0.552215 0.366072
vt 0.552130 0.344751
vt 0.552083 0.329711
vt 0.552046 0.314553
vt 0.552019 0.299159
vt 0.552002 0.283528
vt 0.112210 0.810101
vt 0.112452 0.809756
vt 0.098400 0.801146
vt 0.098670 0.800820
vt 0.085490 0.790921
vt 0.085785 0.790614
vt 0.073448 0.779467
vt 0.073765 0.779182
vt 0.057729 0.760928
vt 0.058075 0.760676
vt 0.044475 0.740712
vt 0.044845 0.740495
vt 0.036991 0.726313
vt 0.037374 0.726122
vt 0.552860 0.385711
vt 0.552757 0.365890
vt 0.552672 0.344606
vt 0.552626 0.329593
vt 0.552590 0.314463
vt 0.552563 0.299097
vt 0.552546 0.283495
vt 0.112760 0.809267
vt 0.099022 0.800359
vt 0.086175 0.790185
vt 0.074190 0.778786
vt 0.058542 0.760331
vt 0.045348 0.740205
vt 0.037896 0.725870
vt 0.028411 0.703565
vt 0.028958 0.703374
vt 0.022301 0.680228
vt 0.022864 0.680100
vt 0.019835 0.664231
vt 0.020406 0.664147
vt 0.018733 0.648457
vt 0.019306 0.648417
vt 0.018936 0.632770
vt 0.019509 0.632774
vt 0.020444 0.617170
vt 0.021013 0.617218
vt 0.127722 0.816230
vt 0.113086 0.808711
vt 0.099399 0.799838
vt 0.086598 0.789700
vt 0.074653 0.778341
vt 0.059056 0.759948
vt 0.045904 0.739886
vt 0.038476 0.725597
vt 0.029566 0.703173
vt 0.023493 0.679974
vt 0.021042 0.664074
vt 0.019947 0.648395
vt 0.020150 0.632805
vt 0.021649 0.617301
vt 0.997652 0.171042
vt 0.998950 0.270822
vt 0.996638 0.319648
vt 0.996122 0.319771
vt 0.265386 0.826920
vt 0.318121 0.818510
vt 0.318103 0.818899
vt 0.265354 0.826366
vt 0.318087 0.817960
vt 0.265274 0.825733
vt 0.318008 0.817335
vt 0.998405 0.270945
vt 0.999227 0.246276
vt 0.999776 0.246159
vt 0.999451 0.221008
vt 1.000000 0.220898
vt 0.999135 0.204580
vt 0.999684 0.204477
vt 0.998972 0.200005
vt 0.998924 0.187867
vt 0.998375 0.187963
vt 0.997629 0.177280
vt 0.997102 0.171130
vt 0.265367 0.827308
vt 0.238968 0.830642
vt 0.239002 0.830252
vt 0.212356 0.832412
vt 0.212415 0.832021
vt 0.195371 0.832347
vt 0.195452 0.831956
vt 0.178490 0.831128
vt 0.178596 0.830739
vt 0.161733 0.828575
vt 0.161868 0.828190
vt 0.238992 0.829694
vt 0.212444 0.831459
vt 0.195514 0.831395
vt 0.178697 0.830181
vt 0.162013 0.827639
vt 0.238939 0.829055
vt 0.212438 0.830818
vt 0.195546 0.830753
vt 0.178775 0.829543
vt 0.162144 0.827008
vt 0.938418 0.331953
vt 0.958299 0.328676
vt 0.958196 0.329734
vt 0.522091 0.406260
vt 0.513471 0.404463
vt 0.513749 0.403604
vt 0.966878 0.324649
vt 0.982026 0.322132
vt 0.977794 0.324107
vt 0.553874 0.409398
vt 0.553874 0.409405
vt 0.538447 0.408581
vt 0.978053 0.326446
vt 0.977883 0.325431
vt 0.996435 0.322335
vt 0.996663 0.322924
vt 0.533947 0.407123
vt 0.553870 0.408004
vt 0.553870 0.408489
vt 0.553873 0.409239
vt 0.996119 0.319812
vt 0.996132 0.320726
vt 0.996162 0.321036
vt 0.996268 0.321693
vt 0.958421 0.327319
vt 0.938755 0.330560
vt 0.952119 0.327091
vt 0.934495 0.329993
vt 0.938041 0.333056
vt 0.493993 0.398133
vt 0.497366 0.400040
vt 0.481048 0.394065
vt 0.918400 0.336113
vt 0.554496 0.409212
vt 0.555045 0.409123
vt 0.555058 0.409316
vt 0.554512 0.409384
vt 0.322505 0.821675
vt 0.322519 0.821909
vt 0.321940 0.821913
vt 0.323150 0.821654
vt 0.323148 0.821930
vt 0.996656 0.320640
vt 0.996804 0.321644
vt 0.554492 0.407931
vt 0.997219 0.322918
vt 0.555040 0.407690
vt 0.321471 0.820131
vt 0.321104 0.820351
vt 0.320062 0.819296
vt 0.320307 0.818953
vt 0.319120 0.818929
vt 0.319254 0.818543
vt 0.321929 0.821715
vt 0.321973 0.819834
vt 0.320619 0.818468
vt 0.319397 0.817995
vt 0.322529 0.819505
vt 0.320950 0.817918
vt 0.319527 0.817372
vt 0.533565 0.409471
vt 0.553880 0.410850
vt 0.553901 0.413425
vt 0.512859 0.405780
vt 0.473514 0.392408
vt 0.492662 0.399953
vt 0.470790 0.394606
vt 0.488229 0.401788
vt 0.504761 0.407020
vt 0.512078 0.407341
vt 0.553911 0.413890
vt 0.537846 0.413051
vt 0.533166 0.411115
vt 0.521605 0.410805
vt 0.511364 0.408685
vt 0.322283 0.826659
vt 0.321969 0.826119
vt 0.322356 0.825925
vt 0.322636 0.826416
vt 0.322881 0.825671
vt 0.323110 0.826086
vt 0.323446 0.825403
vt 0.323631 0.825722
vt 0.555074 0.413131
vt 0.554534 0.413352
vt 0.554538 0.413803
vt 0.507017 0.455018
vt 0.500605 0.455098
vt 0.507017 0.419647
vt 0.500605 0.424551
vt 0.343332 0.793382
vt 0.343674 0.783838
vt 0.348638 0.784193
vt 0.339227 0.786024
vt 0.347037 0.791560
vt 0.336489 0.790165
vt 0.341050 0.796833
vt 0.324961 0.812879
vt 0.427602 0.485418
vt 0.424227 0.491280
vt 0.424227 0.484020
vt 0.334368 0.826847
vt 0.333080 0.823428
vt 0.327267 0.830421
vt 0.327431 0.811840
vt 0.329410 0.810034
vt 0.330674 0.807665
vt 0.333416 0.819806
vt 0.321034 0.812792
vt 0.322279 0.813033
vt 0.245083 0.823582
vt 0.258989 0.821797
vt 0.304182 0.814690
vt 0.317111 0.812578
vt 0.320202 0.812603
vt 0.179461 0.463211
vt 0.119796 0.807032
vt 0.132252 0.813031
vt 0.198789 0.460049
vt 0.218422 0.457498
vt 0.200885 0.826121
vt 0.221800 0.825646
vt 0.145066 0.817780
vt 0.146984 0.818374
vt 0.162243 0.822177
vt 0.178395 0.824707
vt 0.195494 0.825981
vt 0.161592 0.467057
vt 0.154036 0.469077
vt 0.140227 0.473623
vt 0.127292 0.479208
vt 0.024877 0.652673
vt 0.026385 0.668508
vt 0.029219 0.684109
vt 0.251939 0.454082
vt 0.288211 0.451271
vt 0.299885 0.450539
vt 0.340089 0.448922
vt 0.114941 0.486031
vt 0.110900 0.488589
vt 0.097668 0.497981
vt 0.085381 0.508195
vt 0.074059 0.519221
vt 0.063728 0.531089
vt 0.060188 0.535664
vt 0.051528 0.548315
vt 0.044027 0.561594
vt 0.041444 0.566895
vt 0.035528 0.581186
vt 0.030861 0.595927
vt 0.029100 0.603001
vt 0.026315 0.618327
vt 0.024863 0.633800
vt 0.024735 0.649397
vt 0.033355 0.699450
vt 0.037877 0.712232
vt 0.044382 0.726932
vt 0.052005 0.740920
vt 0.060708 0.754176
vt 0.070241 0.766391
vt 0.080453 0.777486
vt 0.091351 0.787533
vt 0.102902 0.796514
vt 0.115093 0.804392
vt 0.327401 0.833099
vt 0.326017 0.831469
vt 0.326349 0.831198
vt 0.326788 0.830830
vt 0.384103 0.692319
vt 0.386584 0.691692
vt 0.386506 0.692241
vt 0.325393 0.828116
vt 0.324892 0.828503
vt 0.324435 0.828851
vt 0.324092 0.829108
vt 0.384027 0.692861
vt 0.381463 0.693433
vt 0.381536 0.692896
vt 0.467191 0.392897
vt 0.468197 0.390880
vt 0.386499 0.676405
vt 0.465128 0.397055
vt 0.386392 0.660439
vt 0.386328 0.650115
vt 0.386294 0.643351
vt 0.498008 0.410196
vt 0.481300 0.404325
vt 0.476485 0.402330
vt 0.410213 0.357450
vt 0.413261 0.354479
vt 0.425529 0.365686
vt 0.422552 0.368841
vt 0.438665 0.375868
vt 0.436083 0.379459
vt 0.452582 0.384959
vt 0.450428 0.388945
vt 0.453777 0.383011
vt 0.440041 0.374008
vt 0.427075 0.363934
vt 0.414963 0.352851
vt 0.455085 0.380947
vt 0.441517 0.372063
vt 0.428707 0.362123
vt 0.416741 0.351187
vt 0.354826 0.209590
vt 0.357248 0.209658
vt 0.358309 0.229322
vt 0.399646 0.339604
vt 0.403448 0.336662
vt 0.387556 0.323472
vt 0.391640 0.320911
vt 0.377107 0.306236
vt 0.381430 0.304085
vt 0.368403 0.288060
vt 0.372918 0.286342
vt 0.361528 0.269118
vt 0.366185 0.267849
vt 0.361359 0.268568
vt 0.361299 0.248782
vt 0.356550 0.249592
vt 0.356411 0.248902
vt 0.353518 0.229671
vt 0.353435 0.228841
vt 0.352466 0.209547
vt 0.348638 0.209516
vt 0.349663 0.229862
vt 0.352664 0.250012
vt 0.357614 0.269775
vt 0.364464 0.288967
vt 0.373151 0.307407
vt 0.383591 0.324925
vt 0.395686 0.341356
vt 0.409320 0.356551
vt 0.353415 0.189333
vt 0.349607 0.189134
vt 0.356369 0.169309
vt 0.361299 0.149674
vt 0.368159 0.130620
vt 0.376882 0.112337
vt 0.387379 0.095001
vt 0.399547 0.078782
vt 0.413258 0.063836
vt 0.414633 0.065207
vt 0.355736 0.189582
vt 0.358624 0.169758
vt 0.363462 0.150313
vt 0.370204 0.131438
vt 0.378785 0.113318
vt 0.389122 0.096130
vt 0.401112 0.080040
vt 0.416306 0.066914
vt 0.402947 0.081581
vt 0.391101 0.097489
vt 0.380890 0.114484
vt 0.372414 0.132399
vt 0.365758 0.151058
vt 0.360984 0.170282
vt 0.358138 0.189880
vt 0.432829 0.046794
vt 0.440518 0.036096
vt 0.435010 0.050482
vt 0.423813 0.056628
vt 0.455005 0.033814
vt 0.433748 0.048442
vt 0.454741 0.033065
vt 0.455600 0.036478
vt 0.783160 0.340953
vt 0.782897 0.340717
vt 0.471671 0.029506
vt 0.471910 0.029038
vt 0.472862 0.027785
vt 0.471659 0.029126
vt 0.471158 0.031098
vt 0.470450 0.030284
vt 0.468627 0.030319
vt 0.470776 0.028321
vt 0.468674 0.028404
vt 0.471642 0.026592
vt 0.468758 0.027937
vt 0.469161 0.026720
vt 0.472828 0.027384
vt 0.783187 0.342516
vt 0.782922 0.342404
vt 0.464518 0.029180
vt 0.459554 0.031486
vt 0.464665 0.030281
vt 0.459992 0.032504
vt 0.464936 0.031460
vt 0.460518 0.033615
vt 0.466952 0.030733
vt 0.466817 0.028399
vt 0.456865 0.044832
vt 0.788095 0.343326
vt 0.795602 0.345510
vt 0.795638 0.349364
vt 0.782760 0.347650
vt 0.469040 0.068554
vt 0.468321 0.068733
vt 0.467195 0.069079
vt 0.465732 0.069574
vt 0.464036 0.070187
vt 0.460294 0.071640
vt 0.798919 0.346005
vt 0.806728 0.346187
vt 0.805803 0.349247
vt 0.465088 0.097485
vt 0.462036 0.094640
vt 0.467547 0.096875
vt 0.468967 0.096521
vt 0.912009 0.330887
vt 0.474184 0.386088
vt 0.910736 0.300966
vt 0.918259 0.301235
vt 0.903237 0.300845
vt 0.904698 0.269520
vt 0.912308 0.270657
vt 0.920676 0.271402
vt 0.921471 0.314139
vt 0.925021 0.272601
vt 0.923727 0.272525
vt 0.922519 0.272286
vt 0.921476 0.271904
vt 0.926179 0.253786
vt 0.926892 0.232591
vt 0.926504 0.246484
vt 0.925202 0.246463
vt 0.922113 0.245594
vt 0.922922 0.246001
vt 0.923980 0.246296
vt 0.981451 0.245850
vt 0.962858 0.248680
vt 0.963180 0.227556
vt 0.980017 0.285740
vt 0.962822 0.205472
vt 0.961549 0.182483
vt 0.943011 0.185041
vt 0.944218 0.208094
vt 0.943987 0.251384
vt 0.944464 0.230225
vt 0.941848 0.291457
vt 0.961157 0.288634
vt 0.854107 0.010811
vt 0.858606 0.011597
vt 0.857804 0.013852
vt 0.860541 0.016407
vt 0.868768 0.022392
vt 0.866915 0.023369
vt 0.873172 0.031636
vt 0.878630 0.036453
vt 0.879255 0.041133
vt 0.883382 0.044624
vt 0.885105 0.051770
vt 0.885185 0.043025
vt 0.474452 0.327376
vt 0.472803 0.326771
vt 0.474564 0.335293
vt 0.863503 0.012812
vt 0.474803 0.351383
vt 0.473164 0.350525
vt 0.870427 0.020567
vt 0.880385 0.034770
vt 0.894685 0.040000
vt 0.888785 0.029341
vt 0.475162 0.373610
vt 0.472611 0.098497
vt 0.470849 0.100112
vt 0.469920 0.102337
vt 0.784035 0.111019
vt 0.789668 0.095924
vt 0.790162 0.099111
vt 0.788978 0.114685
vt 0.790998 0.101919
vt 0.792100 0.104032
vt 0.793654 0.106171
vt 0.794648 0.108114
vt 0.795212 0.110081
vt 0.795531 0.112226
vt 0.785627 0.088642
vt 0.789546 0.093726
vt 0.795566 0.114308
vt 0.795331 0.119409
vt 0.795146 0.131919
vt 0.795517 0.089680
vt 0.793959 0.087542
vt 0.792958 0.077316
vt 0.793187 0.086668
vt 0.792005 0.086151
vt 0.798988 0.085647
vt 0.798531 0.088101
vt 0.798423 0.088611
vt 0.796367 0.090464
vt 0.797198 0.090539
vt 0.797911 0.089897
vt 0.800545 0.078488
vt 0.796489 0.061695
vt 0.802350 0.071797
vt 0.792099 0.051527
vt 0.790002 0.059774
vt 0.788197 0.068858
vt 0.790968 0.086715
vt 0.790172 0.088298
vt 0.789683 0.090726
vt 0.799893 0.051601
vt 0.810461 0.018022
vt 0.812880 0.029500
vt 0.808065 0.034948
vt 0.816841 0.043357
vt 0.809976 0.014430
vt 0.809924 0.014490
vt 0.805044 0.021043
vt 0.803736 0.042599
vt 0.800580 0.028921
vt 0.796565 0.038051
vt 0.793012 0.048399
vt 0.812719 0.048607
vt 0.808888 0.055264
vt 0.808071 0.056965
vt 0.804790 0.064544
vt 0.826154 0.036584
vt 0.828880 0.035627
vt 0.828622 0.036425
vt 0.816748 0.044272
vt 0.821357 0.039321
vt 0.826982 0.037766
vt 0.827567 0.037599
vt 0.815496 0.009059
vt 0.828519 0.024006
vt 0.823237 0.020856
vt 0.828874 0.021201
vt 0.828926 0.019057
vt 0.829631 0.019085
vt 0.830689 0.017901
vt 0.828617 0.027184
vt 0.829052 0.031328
vt 0.829129 0.033837
vt 0.831915 0.017786
vt 0.833171 0.018750
vt 0.834820 0.018672
vt 0.834328 0.020682
vt 0.835163 0.022969
vt 0.821579 0.005171
vt 0.817816 0.024130
vt 0.836479 0.031653
vt 0.841754 0.035805
vt 0.836853 0.033781
vt 0.837176 0.034905
vt 0.840829 0.019765
vt 0.836037 0.027511
vt 0.877105 0.055788
vt 0.882461 0.065404
vt 0.879005 0.076609
vt 0.859258 0.031719
vt 0.865347 0.038472
vt 0.871315 0.046518
vt 0.846943 0.022322
vt 0.853105 0.026319
vt 0.874270 0.067845
vt 0.869075 0.059594
vt 0.863724 0.052434
vt 0.858266 0.046426
vt 0.852752 0.041624
vt 0.847231 0.038073
vt 0.873655 0.077254
vt 0.862773 0.058510
vt 0.882519 0.094301
vt 0.881197 0.093765
vt 0.879963 0.091664
vt 0.851153 0.045243
vt 0.883379 0.093527
vt 0.884534 0.091518
vt 0.883494 0.086199
vt 0.885348 0.090580
vt 0.838347 0.037278
vt 0.839373 0.038116
vt 0.896770 0.100757
vt 0.892247 0.088280
vt 0.886561 0.090358
vt 0.889101 0.093054
vt 0.887419 0.076508
vt 0.887861 0.091214
vt 0.891803 0.108121
vt 0.890965 0.105611
vt 0.891054 0.104981
vt 0.891169 0.101988
vt 0.890853 0.098763
vt 0.890137 0.095668
vt 0.906309 0.238722
vt 0.904884 0.234342
vt 0.899279 0.175908
vt 0.895220 0.146605
vt 0.888805 0.118388
vt 0.888321 0.115841
vt 0.888297 0.112651
vt 0.890098 0.108335
vt 0.903907 0.232703
vt 0.902292 0.230573
vt 0.901353 0.228817
vt 0.888943 0.110344
vt 0.900779 0.204836
vt 0.900358 0.222438
vt 0.900537 0.225713
vt 0.906400 0.247700
vt 0.906800 0.245053
vt 0.913732 0.244804
vt 0.906768 0.241944
vt 0.905785 0.249307
vt 0.905757 0.249357
vt 0.804894 0.236657
vt 0.859906 0.309234
vt 0.860938 0.314063
vt 0.805827 0.228412
vt 0.804858 0.231872
vt 0.902042 0.249195
vt 0.807120 0.218359
vt 0.807604 0.220906
vt 0.807628 0.224096
vt 0.806982 0.226403
vt 0.800705 0.190141
vt 0.805925 0.241486
vt 0.807675 0.245066
vt 0.809676 0.246436
vt 0.811391 0.245229
vt 0.866403 0.317804
vt 0.864689 0.319011
vt 0.862688 0.317641
vt 0.815961 0.245083
vt 0.822270 0.259493
vt 0.904042 0.250564
vt 0.868358 0.299148
vt 0.875086 0.295955
vt 0.897394 0.248646
vt 0.897950 0.246956
vt 0.899093 0.246151
vt 0.856551 0.298631
vt 0.857592 0.299488
vt 0.858759 0.301874
vt 0.884468 0.285772
vt 0.892029 0.269736
vt 0.900427 0.247064
vt 0.833152 0.278237
vt 0.844772 0.291504
vt 0.859447 0.305094
vt 0.814727 0.242981
vt 0.813405 0.242446
vt 0.812546 0.243219
vt 0.866797 0.302890
vt 0.867302 0.300321
vt 0.866876 0.305419
vt 0.867336 0.309559
vt 0.867372 0.314344
vt 0.334790 0.007221
vt 0.331042 0.007683
vt 0.335665 0.005289
vt 0.322594 0.007472
vt 0.326188 0.008772
vt 0.322246 0.009949
vt 0.339735 0.007741
vt 0.348638 0.000000
vt 0.341585 0.009091
vt 0.565730 0.410149
vt 0.555074 0.402842
vt 0.572231 0.407538
vt 0.570764 0.411592
vt 0.339156 0.007554
vt 0.337032 0.007219
vt 0.335827 0.007184
vt 0.786071 0.414331
vt 0.786091 0.413332
vt 0.789725 0.414582
vt 0.797558 0.417535
vt 0.806173 0.421206
vt 0.005094 0.492844
vt 0.000377 0.496913
vt 0.000377 0.480068
vt 0.479850 0.475551
vt 0.479850 0.495950
vt 0.475571 0.491945
vt 0.331800 0.000497
vt 0.323540 0.003276
vt 0.322567 0.003587
vt 0.120007 0.090539
vt 0.115142 0.086518
vt 0.138369 0.081782
vt 0.129566 0.079492
vt 0.142466 0.079931
vt 0.149177 0.070342
vt 0.191471 0.051728
vt 0.195533 0.056745
vt 0.140324 0.085106
vt 0.121460 0.094091
vt 0.120871 0.091899
vt 0.139261 0.083125
vt 0.167309 0.069828
vt 0.195892 0.057411
vt 0.167750 0.070635
vt 0.196297 0.058254
vt 0.168228 0.071591
vt 0.196734 0.059242
vt 0.189889 0.063516
vt 0.197190 0.060347
vt 0.001088 0.280322
vt 0.002609 0.280011
vt 0.001239 0.281597
vt 0.006187 0.296736
vt 0.008165 0.314121
vt 0.005588 0.305001
vt 0.004183 0.297269
vt 0.801126 0.685954
vt 0.800823 0.693789
vt 0.800625 0.677345
vt 0.002254 0.288887
vt 0.010080 0.313406
vt 0.005424 0.279608
vt 0.005519 0.280324
vt 0.005570 0.280871
vt 0.006566 0.287995
vt 0.009875 0.303902
vt 0.012358 0.312653
vt 0.115786 0.429425
vt 0.115391 0.430073
vt 0.107968 0.426063
vt 0.073324 0.401628
vt 0.080603 0.405928
vt 0.079625 0.407600
vt 0.124182 0.429879
vt 0.112103 0.424423
vt 0.124247 0.429711
vt 0.123788 0.430867
vt 0.116215 0.428709
vt 0.123337 0.431963
vt 0.122926 0.432916
vt 0.123472 0.431640
vt 0.116677 0.427925
vt 0.109329 0.423764
vt 0.095953 0.415771
vt 0.094193 0.416181
vt 0.081469 0.406440
vt 0.081436 0.406417
vt 0.080639 0.405856
vt 0.073781 0.400799
vt 0.066846 0.397588
vt 0.068074 0.396226
vt 0.065111 0.399645
vt 0.065176 0.399567
vt 0.065227 0.399742
vt 0.078758 0.409053
vt 0.078105 0.409598
vt 0.121915 0.433419
vt 0.413244 0.491409
vt 0.412640 0.497916
vt 0.412640 0.484020
vt 0.108040 0.427350
vt 0.092136 0.418718
vt 0.093285 0.417714
vt 0.108843 0.424595
vt 0.079178 0.408354
vt 0.072393 0.403206
vt 0.065676 0.398973
vt 0.066788 0.397656
vt 0.122577 0.433673
vt 0.348151 0.369588
vt 0.347674 0.369829
vt 0.347074 0.369305
vt 0.629230 0.766066
vt 0.629078 0.766007
vt 0.629062 0.765671
vt 0.628439 0.765810
vt 0.754105 0.352191
vt 0.754604 0.352313
vt 0.754287 0.353646
vt 0.635336 0.757868
vt 0.635154 0.761004
vt 0.632529 0.758434
vt 0.632657 0.760010
vt 0.631329 0.758911
vt 0.631191 0.760333
vt 0.630339 0.759533
vt 0.348357 0.365360
vt 0.347830 0.365684
vt 0.347397 0.364724
vt 0.346660 0.366527
vt 0.345563 0.365949
vt 0.343917 0.368889
vt 0.343753 0.369047
vt 0.343351 0.368531
vt 0.345964 0.370049
vt 0.344795 0.370431
vt 0.345242 0.369728
vt 0.344651 0.370236
vt 0.344386 0.369880
vt 0.755014 0.351706
vt 0.754811 0.352896
vt 0.000544 0.477348
vt 0.000162 0.476706
vt 0.000544 0.476041
vt 0.754330 0.353683
vt 0.754929 0.354811
vt 0.630896 0.763526
vt 0.630646 0.762654
vt 0.631287 0.762437
vt 0.634591 0.762536
vt 0.634276 0.762792
vt 0.633950 0.762236
vt 0.632835 0.763951
vt 0.632044 0.762291
vt 0.632336 0.764351
vt 0.629819 0.766324
vt 0.629807 0.765518
vt 0.629104 0.764976
vt 0.348316 0.370335
vt 0.755307 0.354570
vt 0.755271 0.355217
vt 0.755194 0.355134
vt 0.755091 0.355013
vt 0.347625 0.367970
vt 0.348638 0.367389
vt 0.348120 0.368670
vt 0.629669 0.763993
vt 0.629717 0.764742
vt 0.631174 0.764415
vt 0.346481 0.368769
vt 0.348234 0.366536
vt 0.347135 0.367260
vt 0.345351 0.367602
vt 0.342750 0.367775
vt 0.346705 0.370337
vt 0.755442 0.353954
vt 0.348055 0.364293
vt 0.630631 0.760598
vt 0.631411 0.765087
vt 0.629958 0.766219
vt 0.631415 0.767111
vt 0.634483 0.768606
vt 0.630842 0.771335
vt 0.614304 0.778664
vt 0.559668 0.800682
vt 0.574643 0.796145
vt 0.576493 0.796997
vt 0.590468 0.789784
vt 0.595881 0.788815
vt 0.605754 0.782069
vt 0.620781 0.772817
vt 0.556976 0.802836
vt 0.577253 0.798510
vt 0.557541 0.805348
vt 0.570956 0.802137
vt 0.557641 0.805802
vt 0.596995 0.790164
vt 0.587825 0.795920
vt 0.578714 0.799494
vt 0.616722 0.780947
vt 0.602767 0.788914
vt 0.598000 0.791312
vt 0.556658 0.801426
vt 0.556909 0.805417
vt 0.689465 0.355711
vt 0.689161 0.356083
vt 0.689076 0.355808
vt 0.689349 0.355363
vt 0.689821 0.354980
vt 0.689956 0.355399
vt 0.690413 0.354733
vt 0.690557 0.355199
vt 0.691032 0.354659
vt 0.691176 0.355140
vt 0.556033 0.801546
vt 0.555490 0.801599
vt 0.556337 0.805319
vt 0.555118 0.801577
vt 0.555917 0.805070
vt 0.688108 0.353866
vt 0.687925 0.354459
vt 0.556622 0.801264
vt 0.556454 0.800533
vt 0.575592 0.794793
vt 0.689181 0.352083
vt 0.689034 0.351466
vt 0.706819 0.352330
vt 0.689033 0.348923
vt 0.689041 0.348884
vt 0.703992 0.349613
vt 0.628360 0.765793
vt 0.612593 0.777186
vt 0.739728 0.352684
vt 0.746506 0.351782
vt 0.732697 0.351057
vt 0.723667 0.351856
vt 0.718426 0.350330
vt 0.706540 0.351001
vt 0.688952 0.350807
vt 0.688929 0.350141
vt 0.688937 0.349829
vt 0.556656 0.801419
vt 0.594523 0.786893
vt 0.556342 0.800061
vt 0.575093 0.793966
vt 0.593781 0.786200
vt 0.724114 0.353193
vt 0.611633 0.776666
vt 0.740318 0.354029
vt 0.628083 0.765745
vt 0.741294 0.355088
vt 0.688437 0.348821
vt 0.688325 0.349805
vt 0.555459 0.801409
vt 0.556009 0.801376
vt 0.555720 0.800127
vt 0.688337 0.350820
vt 0.688572 0.352142
vt 0.688035 0.353781
vt 0.687830 0.354376
vt 0.687174 0.353124
vt 0.687473 0.352708
vt 0.686836 0.351127
vt 0.687180 0.350994
vt 0.686834 0.349597
vt 0.687176 0.349679
vt 0.687019 0.348133
vt 0.687333 0.348414
vt 0.555074 0.801355
vt 0.688449 0.353285
vt 0.687966 0.352362
vt 0.687709 0.350886
vt 0.687701 0.349752
vt 0.687832 0.348656
vt 0.555136 0.800013
vt 0.713532 0.184962
vt 0.712900 0.184949
vt 0.712938 0.165513
vt 0.711730 0.184907
vt 0.711380 0.184886
vt 0.711418 0.165647
vt 0.712266 0.184929
vt 0.711768 0.165586
vt 0.712303 0.165539
vt 0.710747 0.149335
vt 0.711094 0.149208
vt 0.709488 0.133517
vt 0.709830 0.133330
vt 0.707681 0.118159
vt 0.708015 0.117918
vt 0.705343 0.103247
vt 0.705669 0.102954
vt 0.701070 0.082685
vt 0.701382 0.082325
vt 0.695907 0.063953
vt 0.696202 0.063533
vt 0.691977 0.052468
vt 0.692259 0.052011
vt 0.685452 0.037072
vt 0.685713 0.036566
vt 0.678293 0.024156
vt 0.678530 0.023607
vt 0.673162 0.016942
vt 0.673383 0.016369
vt 0.667931 0.011093
vt 0.668135 0.010501
vt 0.662562 0.006513
vt 0.662748 0.005906
vt 0.657053 0.003201
vt 0.657221 0.002582
vt 0.651404 0.001176
vt 0.651552 0.000550
vt 0.711626 0.149106
vt 0.710357 0.133178
vt 0.708536 0.117719
vt 0.706182 0.102713
vt 0.701882 0.082026
vt 0.696687 0.063183
vt 0.692734 0.051630
vt 0.686170 0.036144
vt 0.678968 0.023150
vt 0.673807 0.015892
vt 0.723073 0.732438
vt 0.722710 0.732267
vt 0.722332 0.717183
vt 0.722695 0.717313
vt 0.721958 0.701865
vt 0.722320 0.701951
vt 0.721589 0.686312
vt 0.721950 0.686354
vt 0.721223 0.670520
vt 0.721583 0.670518
vt 0.712258 0.149044
vt 0.710985 0.133083
vt 0.709160 0.117594
vt 0.706800 0.102559
vt 0.702491 0.081836
vt 0.697287 0.062959
vt 0.693326 0.051386
vt 0.686751 0.035873
vt 0.724568 0.768893
vt 0.724026 0.768723
vt 0.723459 0.747447
vt 0.724000 0.747579
vt 0.723614 0.732544
vt 0.723235 0.717391
vt 0.722860 0.702001
vt 0.722489 0.686375
vt 0.722122 0.670509
vt 0.713569 0.165513
vt 0.712889 0.149033
vt 0.711615 0.133062
vt 0.709788 0.117563
vt 0.707426 0.102519
vt 0.703114 0.081783
vt 0.697907 0.062896
vt 0.726111 0.801017
vt 0.725478 0.800956
vt 0.725122 0.788742
vt 0.725755 0.788796
vt 0.725200 0.768936
vt 0.724633 0.747610
vt 0.724247 0.732566
vt 0.723868 0.717404
vt 0.723494 0.702006
vt 0.723123 0.686371
vt 0.722756 0.670496
vt 0.756896 0.669708
vt 0.757292 0.686881
vt 0.774626 0.185878
vt 0.744555 0.185446
vt 0.744649 0.168149
vt 0.774792 0.169817
vt 0.744053 0.151042
vt 0.774414 0.153841
vt 0.742805 0.134271
vt 0.773499 0.138136
vt 0.740945 0.117974
vt 0.772053 0.122794
vt 0.738508 0.102287
vt 0.770086 0.107912
vt 0.735532 0.087338
vt 0.767610 0.093590
vt 0.764641 0.079931
vt 0.732056 0.073250
vt 0.761031 0.066483
vt 0.794363 0.798441
vt 0.760510 0.807742
vt 0.760132 0.795429
vt 0.794156 0.791384
vt 0.759741 0.782072
vt 0.793791 0.778526
vt 0.759340 0.767791
vt 0.793411 0.764710
vt 0.793154 0.755120
vt 0.758931 0.752709
vt 0.793021 0.750067
vt 0.758519 0.736948
vt 0.792624 0.734717
vt 0.758107 0.720637
vt 0.792224 0.718795
vt 0.757697 0.703903
vt 0.791825 0.702428
vt 0.791430 0.685744
vt 0.791044 0.668919
vt 0.790879 0.661532
vt 0.790506 0.644497
vt 0.754920 0.588582
vt 0.789396 0.588189
vt 0.789551 0.596517
vt 0.755415 0.611646
vt 0.754472 0.566486
vt 0.720496 0.560138
vt 0.754080 0.545206
vt 0.720264 0.546911
vt 0.720054 0.534263
vt 0.720748 0.573933
vt 0.720613 0.566643
vt 0.755650 0.622425
vt 0.721451 0.610052
vt 0.721156 0.595247
vt 0.721021 0.588311
vt 0.722582 0.662829
vt 0.722229 0.646976
vt 0.756160 0.645698
vt 0.721891 0.631271
vt 0.721763 0.625197
vt 0.790167 0.628245
vt 0.789851 0.612274
vt 0.788410 0.534786
vt 0.788652 0.548722
vt 0.788933 0.563530
vt 0.789234 0.579471
vt 0.648655 0.000679
vt 0.721050 0.662895
vt 0.721409 0.662870
vt 0.648794 0.000052
vt 0.642929 0.000628
vt 0.643049 0.000000
vt 0.637201 0.001906
vt 0.637301 0.001283
vt 0.634970 0.002775
vt 0.635063 0.002154
vt 0.629367 0.005892
vt 0.629440 0.005282
vt 0.623829 0.010312
vt 0.623884 0.009716
vt 0.621214 0.012874
vt 0.621260 0.012287
vt 0.615746 0.019250
vt 0.615775 0.018683
vt 0.720699 0.647123
vt 0.721058 0.647054
vt 0.720362 0.631501
vt 0.720720 0.631388
vt 0.720234 0.625460
vt 0.720592 0.625329
vt 0.719922 0.610395
vt 0.720280 0.610221
vt 0.719628 0.595667
vt 0.719984 0.595451
vt 0.719493 0.588767
vt 0.719850 0.588531
vt 0.719222 0.574459
vt 0.719578 0.574186
vt 0.721949 0.662847
vt 0.721596 0.647003
vt 0.721258 0.631307
vt 0.721130 0.625236
vt 0.720817 0.610099
vt 0.720522 0.595303
vt 0.720387 0.588371
vt 0.720115 0.574001
vt 0.719863 0.560212
vt 0.719327 0.560421
vt 0.718973 0.560729
vt 0.610448 0.026286
vt 0.610436 0.026830
vt 0.719632 0.546993
vt 0.719097 0.547222
vt 0.718744 0.547562
vt 0.605277 0.035062
vt 0.605279 0.035580
vt 0.719423 0.534352
vt 0.718889 0.534601
vt 0.718537 0.534972
vt 0.600267 0.044995
vt 0.600284 0.045484
vt 0.719911 0.525043
vt 0.753705 0.504524
vt 0.788020 0.506112
vt 0.788111 0.512226
vt 0.753428 0.476028
vt 0.787651 0.484252
vt 0.753605 0.495295
vt 0.787840 0.495174
vt 0.788011 0.505583
vt 0.786956 0.456500
vt 0.787373 0.471218
vt 0.787540 0.478558
vt 0.719475 0.479007
vt 0.719437 0.465236
vt 0.752970 0.453766
vt 0.719427 0.452544
vt 0.719526 0.489121
vt 0.719563 0.494470
vt 0.719615 0.500741
vt 0.719688 0.507922
vt 0.719753 0.513472
vt 0.788152 0.515173
vt 0.719785 0.515976
vt 0.788205 0.519283
vt 0.788298 0.526745
vt 0.718747 0.525405
vt 0.719280 0.525137
vt 0.596564 0.053512
vt 0.596594 0.053969
vt 0.592899 0.063993
vt 0.719154 0.516076
vt 0.719057 0.508027
vt 0.718983 0.500849
vt 0.718894 0.489233
vt 0.718842 0.479121
vt 0.718803 0.465350
vt 0.718793 0.452657
vt 0.592853 0.063577
vt 0.589532 0.074850
vt 0.589473 0.074475
vt 0.586444 0.086416
vt 0.586376 0.086076
vt 0.581264 0.109184
vt 0.581186 0.108888
vt 0.576589 0.132726
vt 0.576506 0.132454
vt 0.570038 0.168990
vt 0.569952 0.168740
vt 0.563859 0.205711
vt 0.563770 0.205474
vt 0.718396 0.525804
vt 0.718269 0.516795
vt 0.718620 0.516365
vt 0.718171 0.508788
vt 0.718523 0.508332
vt 0.718097 0.501640
vt 0.718449 0.501166
vt 0.718007 0.490056
vt 0.718359 0.489562
vt 0.717955 0.479958
vt 0.718307 0.479455
vt 0.717915 0.466199
vt 0.718267 0.465689
vt 0.717902 0.453513
vt 0.718256 0.452999
vt 0.367128 0.599013
vt 0.359287 0.598992
vt 0.359489 0.578809
vt 0.360205 0.418304
vt 0.351037 0.420033
vt 0.350763 0.419143
vt 0.358653 0.415096
vt 0.351621 0.422209
vt 0.361089 0.420806
vt 0.352256 0.425026
vt 0.361693 0.422824
vt 0.353412 0.431461
vt 0.363113 0.428645
vt 0.363333 0.429696
vt 0.354253 0.437404
vt 0.364670 0.437032
vt 0.365902 0.445509
vt 0.354981 0.443582
vt 0.367364 0.458333
vt 0.356431 0.459640
vt 0.356348 0.458560
vt 0.367031 0.455091
vt 0.357253 0.471950
vt 0.368054 0.465762
vt 0.368220 0.467714
vt 0.369115 0.479660
vt 0.369882 0.492435
vt 0.358025 0.486982
vt 0.370522 0.506007
vt 0.358643 0.503348
vt 0.371033 0.520346
vt 0.359102 0.520889
vt 0.371137 0.523926
vt 0.359397 0.539434
vt 0.371486 0.539267
vt 0.371695 0.555012
vt 0.359527 0.558804
vt 0.371724 0.558682
vt 0.371576 0.599025
vt 0.371701 0.587560
vt 0.371766 0.571116
vt 0.350139 0.417394
vt 0.348638 0.414713
vt 0.005094 0.480068
vt 0.002892 0.464943
vt 0.004286 0.463224
vt 0.464166 0.475551
vt 0.466460 0.504933
vt 0.465782 0.504935
vt 0.004290 0.458996
vt 0.002942 0.455467
vt 0.490181 0.491868
vt 0.489055 0.505042
vt 0.489055 0.475551
vt 0.464305 0.488618
vt 0.465111 0.504937
vt 0.465666 0.505557
vt 0.465031 0.505466
vt 0.465324 0.506086
vt 0.464791 0.505938
vt 0.464417 0.506302
vt 0.464808 0.506441
vt 0.464166 0.506442
vt 0.403852 0.505711
vt 0.403543 0.502001
vt 0.403866 0.505705
vt 0.403663 0.502082
vt 0.403963 0.505684
vt 0.403359 0.498448
vt 0.403350 0.498441
vt 0.403253 0.498337
vt 0.403230 0.498258
vt 0.465455 0.506439
vt 0.465710 0.506306
vt 0.466112 0.505945
vt 0.466370 0.505475
vt 0.466460 0.504947
vt 0.785991 0.418240
vt 0.769900 0.414103
vt 0.000544 0.442578
vt 0.000544 0.476041
vt 0.000017 0.459519
vt 0.769749 0.418438
vt 0.785982 0.420249
vt 0.785948 0.420467
vt 0.777830 0.410766
vt 0.758265 0.406150
vt 0.753092 0.411264
vt 0.748886 0.404645
vt 0.736112 0.409605
vt 0.719453 0.402842
vt 0.736020 0.414728
vt 0.719501 0.413867
vt 0.719483 0.408503
vt 0.719515 0.419086
vt 0.719439 0.402842
vt 0.752940 0.416126
vt 0.786030 0.428762
vt 0.769617 0.427135
vt 0.752765 0.425839
vt 0.719533 0.424402
vt 0.718355 0.424856
vt 0.718356 0.424864
vt 0.718000 0.425390
vt 0.718345 0.408972
vt 0.718451 0.403205
vt 0.718913 0.402943
vt 0.403734 0.484829
vt 0.718004 0.409475
vt 0.717902 0.404095
vt 0.717976 0.403852
vt 0.718101 0.403602
vt 0.718864 0.408630
vt 0.718876 0.413991
vt 0.718884 0.419204
vt 0.718895 0.424514
vt 0.718896 0.424516
vt 0.718351 0.419547
vt 0.718350 0.414336
vt 0.718000 0.425372
vt 0.718001 0.420062
vt 0.718005 0.414849
vt 0.403859 0.485061
vt 0.403762 0.468076
vt 0.403887 0.468282
vt 0.403721 0.451238
vt 0.403847 0.451450
vt 0.403720 0.434432
vt 0.403845 0.434648
vt 0.403719 0.434368
vt 0.403844 0.434543
vt 0.002892 0.442578
vt 0.002892 0.478118
vt 0.000544 0.478216
vt 0.000544 0.447522
vt 0.427602 0.486567
vt 0.429497 0.484020
vt 0.429497 0.491031
vt 0.424227 0.485083
vt 0.423465 0.492771
vt 0.422363 0.484020
vt 0.405945 0.483464
vt 0.406447 0.486110
vt 0.406983 0.499376
vt 0.406310 0.501856
vt 0.407224 0.488448
vt 0.413244 0.484020
vt 0.422363 0.485505
vt 0.414270 0.485202
vt 0.405776 0.480808
vt 0.405754 0.471058
vt 0.405701 0.453485
vt 0.405691 0.435946
vt 0.422363 0.491152
vt 0.422363 0.494952
vt 0.415668 0.493963
vt 0.421151 0.487357
vt 0.421335 0.486520
vt 0.403565 0.423766
vt 0.403440 0.423588
vt 0.403375 0.415774
vt 0.403230 0.414713
vt 0.717961 0.430290
vt 0.717980 0.428041
vt 0.718104 0.430119
vt 0.718336 0.427515
vt 0.718312 0.429963
vt 0.718531 0.429856
vt 0.718876 0.427168
vt 0.719019 0.429740
vt 0.719513 0.427054
vt 0.719495 0.429744
vt 0.719441 0.442163
vt 0.719464 0.435607
vt 0.752773 0.439040
vt 0.719955 0.435542
vt 0.722053 0.435027
vt 0.724573 0.432498
vt 0.723789 0.431250
vt 0.723402 0.434374
vt 0.723860 0.434026
vt 0.724577 0.432798
vt 0.720658 0.429930
vt 0.722200 0.430371
vt 0.786607 0.444218
vt 0.719188 0.435650
vt 0.718903 0.435719
vt 0.718805 0.442277
vt 0.718675 0.435796
vt 0.718267 0.442621
vt 0.718385 0.435931
vt 0.718056 0.436172
vt 0.717912 0.443140
vt 0.717929 0.436328
vt 0.555099 0.262097
vt 0.558595 0.238333
vt 0.558687 0.238554
vt 0.555074 0.263134
vt 0.351154 0.766636
vt 0.362014 0.766664
vt 0.360521 0.778851
vt 0.349921 0.778851
vt 0.358975 0.789954
vt 0.348638 0.790037
vt 0.778315 0.361922
vt 0.781468 0.372013
vt 0.767565 0.361901
vt 0.770804 0.371685
vt 0.758899 0.361897
vt 0.760040 0.371384
vt 0.759133 0.371360
vt 0.755094 0.361897
vt 0.756273 0.371285
vt 0.741596 0.361911
vt 0.743707 0.370973
vt 0.732884 0.361928
vt 0.730507 0.370673
vt 0.727248 0.361941
vt 0.702346 0.370111
vt 0.693113 0.369947
vt 0.692902 0.366014
vt 0.727890 0.370617
vt 0.716712 0.370385
vt 0.712196 0.361984
vt 0.697701 0.362033
vt 0.692690 0.362050
vt 0.362317 0.763993
vt 0.352302 0.753795
vt 0.363704 0.750825
vt 0.353629 0.736863
vt 0.365003 0.736876
vt 0.366211 0.722175
vt 0.354848 0.718839
vt 0.366421 0.719423
vt 0.367324 0.706738
vt 0.355948 0.699897
vt 0.367551 0.703321
vt 0.370701 0.637569
vt 0.370613 0.640289
vt 0.358420 0.639418
vt 0.370095 0.654514
vt 0.357742 0.659994
vt 0.369366 0.671138
vt 0.356915 0.680219
vt 0.368518 0.687408
vt 0.367730 0.700541
vt 0.370847 0.632774
vt 0.358941 0.618689
vt 0.371195 0.619636
vt 0.371279 0.615887
vt 0.692680 0.362050
vt 0.692281 0.366026
vt 0.692155 0.362077
vt 0.691665 0.366083
vt 0.691148 0.366174
vt 0.691153 0.362291
vt 0.691628 0.362159
vt 0.691006 0.369939
vt 0.690810 0.366287
vt 0.690612 0.362589
vt 0.690621 0.362580
vt 0.690782 0.362461
vt 0.690943 0.362376
vt 0.691293 0.369934
vt 0.691722 0.369933
vt 0.692241 0.369936
vt 0.692786 0.369942
vt 0.289550 0.021098
vt 0.322248 0.011651
vt 0.290092 0.022631
vt 0.322691 0.013938
vt 0.290739 0.024831
vt 0.585222 0.412165
vt 0.594980 0.420922
vt 0.596885 0.417164
vt 0.620127 0.429798
vt 0.617823 0.433218
vt 0.615500 0.436901
vt 0.593635 0.425009
vt 0.594425 0.422738
vt 0.616764 0.434864
vt 0.570468 0.413171
vt 0.570465 0.415903
vt 0.565513 0.411907
vt 0.565032 0.414199
vt 0.565303 0.412998
vt 0.333449 0.009580
vt 0.333620 0.009107
vt 0.335833 0.009132
vt 0.334267 0.007879
vt 0.560140 0.410760
vt 0.560697 0.409162
vt 0.559658 0.409032
vt 0.556714 0.408814
vt 0.563585 0.413801
vt 0.560232 0.411869
vt 0.557703 0.410512
vt 0.337691 0.009467
vt 0.333079 0.011520
vt 0.334825 0.011515
vt 0.335173 0.011540
vt 0.558074 0.412822
vt 0.560223 0.413080
vt 0.325879 0.012917
vt 0.325748 0.011009
vt 0.325966 0.009375
vt 0.330635 0.008321
vt 0.330048 0.010001
vt 0.329040 0.012105
vt 0.329874 0.011937
vt 0.571041 0.423948
vt 0.573624 0.451241
vt 0.569719 0.450662
vt 0.566331 0.450280
vt 0.334235 0.049606
vt 0.337709 0.049592
vt 0.330378 0.050076
vt 0.326334 0.028709
vt 0.800122 0.629406
vt 0.799988 0.614671
vt 0.799852 0.598687
vt 0.800524 0.668661
vt 0.800441 0.661160
vt 0.800331 0.650707
vt 0.800273 0.645003
vt 0.049294 0.139440
vt 0.041976 0.148438
vt 0.040191 0.147218
vt 0.050888 0.141072
vt 0.043346 0.149739
vt 0.047913 0.138392
vt 0.056533 0.130024
vt 0.057814 0.131153
vt 0.075599 0.115410
vt 0.076665 0.116677
vt 0.059312 0.132855
vt 0.077964 0.118506
vt 0.077649 0.137544
vt 0.077357 0.140745
vt 0.068970 0.146488
vt 0.078149 0.143880
vt 0.079183 0.145682
vt 0.081628 0.149059
vt 0.082384 0.155247
vt 0.081249 0.157070
vt 0.082847 0.153145
vt 0.082585 0.151002
vt 0.078990 0.134636
vt 0.081233 0.132342
vt 0.084126 0.130917
vt 0.054751 0.161828
vt 0.080778 0.157545
vt 0.078494 0.159670
vt 0.071883 0.166451
vt 0.065784 0.173696
vt 0.124889 0.114262
vt 0.127668 0.130261
vt 0.122669 0.132015
vt 0.104413 0.121797
vt 0.122595 0.100850
vt 0.099360 0.105682
vt 0.086303 0.130533
vt 0.089537 0.130877
vt 0.097247 0.137918
vt 0.094802 0.134540
vt 0.092480 0.132264
vt 0.110508 0.137280
vt 0.105600 0.139839
vt 0.099365 0.139802
vt 0.101407 0.140527
vt 0.103566 0.140540
vt 0.098410 0.103661
vt 0.097444 0.102346
vt 0.069977 0.112018
vt 0.089996 0.099763
vt 0.059424 0.119633
vt 0.069071 0.112631
vt 0.799438 0.539086
vt 0.799413 0.530976
vt 0.799401 0.523408
vt 0.055273 0.122963
vt 0.799784 0.590100
vt 0.799683 0.576890
vt 0.799592 0.564613
vt 0.799504 0.551370
vt 0.016665 0.195395
vt 0.011395 0.210727
vt 0.009649 0.210284
vt 0.040518 0.153332
vt 0.031275 0.166618
vt 0.031427 0.162106
vt 0.023310 0.180660
vt 0.022397 0.177345
vt 0.014927 0.193414
vt 0.010085 0.200999
vt 0.007238 0.209844
vt 0.030438 0.160403
vt 0.015538 0.187292
vt 0.021912 0.174431
vt 0.000420 0.272892
vt 0.000000 0.262489
vt 0.001949 0.262549
vt 0.004351 0.262444
vt 0.003265 0.226184
vt 0.000023 0.256789
vt 0.001017 0.241114
vt 0.002599 0.244719
vt 0.005028 0.227063
vt 0.011349 0.210885
vt 0.004989 0.244842
vt 0.007384 0.227412
vt 0.045531 0.174385
vt 0.037647 0.187827
vt 0.031185 0.202017
vt 0.045573 0.209501
vt 0.041399 0.222219
vt 0.026943 0.216688
vt 0.059300 0.182774
vt 0.052651 0.194226
vt 0.015001 0.212220
vt 0.051181 0.197000
vt 0.042248 0.221706
vt 0.037324 0.255491
vt 0.036605 0.256466
vt 0.038227 0.252301
vt 0.036920 0.249015
vt 0.038253 0.250878
vt 0.038495 0.235498
vt 0.023274 0.275989
vt 0.025699 0.277427
vt 0.021417 0.277865
vt 0.022873 0.231530
vt 0.020917 0.246889
vt 0.020456 0.262381
vt 0.032462 0.258545
vt 0.028328 0.258933
vt 0.034921 0.257797
vt 0.025205 0.259775
vt 0.022544 0.261606
vt 0.020645 0.264220
vt 0.019724 0.267321
vt 0.019890 0.270555
vt 0.021120 0.273556
vt 0.180801 0.421324
vt 0.181874 0.439188
vt 0.167452 0.439246
vt 0.128879 0.413491
vt 0.133536 0.397164
vt 0.144806 0.400414
vt 0.138295 0.434439
vt 0.156317 0.402662
vt 0.152746 0.437672
vt 0.167967 0.403744
vt 0.179649 0.403601
vt 0.192733 0.402186
vt 0.195456 0.437855
vt 0.205893 0.399369
vt 0.231233 0.390219
vt 0.233699 0.408800
vt 0.209354 0.435303
vt 0.235882 0.427271
vt 0.261729 0.415812
vt 0.251697 0.380269
vt 0.259264 0.396875
vt 0.284124 0.383545
vt 0.286506 0.402197
vt 0.261875 0.374871
vt 0.281291 0.364331
vt 0.260451 0.377082
vt 0.257967 0.379131
vt 0.254935 0.380235
vt 0.189165 0.385938
vt 0.242860 0.372938
vt 0.245299 0.376324
vt 0.247114 0.378237
vt 0.159662 0.386596
vt 0.217710 0.378737
vt 0.234510 0.371014
vt 0.121193 0.387875
vt 0.121371 0.392390
vt 0.118740 0.391169
vt 0.124983 0.381546
vt 0.128092 0.380391
vt 0.122886 0.384105
vt 0.130679 0.380678
vt 0.237736 0.370229
vt 0.240940 0.371166
vt 0.077680 0.383974
vt 0.089597 0.392678
vt 0.102142 0.400745
vt 0.115304 0.407749
vt 0.108879 0.392791
vt 0.112051 0.393478
vt 0.118147 0.391641
vt 0.115261 0.393080
vt 0.087820 0.371142
vt 0.098165 0.379154
vt 0.102846 0.382300
vt 0.102905 0.385537
vt 0.104032 0.388583
vt 0.106101 0.391096
vt 0.051038 0.310774
vt 0.066640 0.335977
vt 0.053764 0.328742
vt 0.087427 0.357142
vt 0.069021 0.351819
vt 0.060844 0.340639
vt 0.103575 0.379827
vt 0.105268 0.376056
vt 0.037782 0.278310
vt 0.040355 0.280448
vt 0.039694 0.289867
vt 0.041402 0.282797
vt 0.043140 0.303241
vt 0.047844 0.316238
vt 0.102682 0.367888
vt 0.078223 0.362177
vt 0.105005 0.370295
vt 0.105826 0.373527
vt 0.023842 0.293088
vt 0.028867 0.278149
vt 0.030327 0.278122
vt 0.036615 0.277899
vt 0.034460 0.277735
vt 0.033000 0.322535
vt 0.027715 0.308023
vt 0.064325 0.393005
vt 0.053270 0.382338
vt 0.067104 0.373745
vt 0.042604 0.370027
vt 0.056776 0.362215
vt 0.033100 0.356778
vt 0.047596 0.349757
vt 0.024844 0.342713
vt 0.039647 0.336489
vt 0.021693 0.336438
vt 0.017910 0.327961
vt 0.057312 0.389833
vt 0.055866 0.391357
vt 0.048280 0.380506
vt 0.032353 0.360031
vt 0.019534 0.337505
vt 0.046741 0.381932
vt 0.030653 0.361239
vt 0.017708 0.338475
vt 0.800943 0.703161
vt 0.801281 0.728436
vt 0.800541 0.669951
vt 0.471649 0.497605
vt 0.471649 0.475551
vt 0.475571 0.488089
vt 0.489055 0.503051
vt 0.485831 0.486107
vt 0.801982 0.774666
vt 0.801632 0.752441
vt 0.061134 0.405080
vt 0.053780 0.398729
vt 0.042018 0.387000
vt 0.031315 0.374218
vt 0.074833 0.415259
vt 0.088688 0.423694
vt 0.103163 0.430797
vt 0.777853 0.126060
vt 0.777928 0.126718
vt 0.779279 0.141112
vt 0.780131 0.155949
vt 0.780473 0.171079
vt 0.780309 0.185955
vt 0.781468 0.171139
vt 0.781306 0.185960
vt 0.167260 0.441666
vt 0.181929 0.441051
vt 0.181876 0.442523
vt 0.137958 0.435650
vt 0.167372 0.440517
vt 0.152535 0.438922
vt 0.781086 0.156071
vt 0.780156 0.141309
vt 0.167126 0.442578
vt 0.152084 0.440987
vt 0.152308 0.440064
vt 0.137301 0.437715
vt 0.137617 0.436774
vt 0.776669 0.232666
vt 0.778646 0.214221
vt 0.779643 0.214158
vt 0.209594 0.436572
vt 0.209755 0.437690
vt 0.209828 0.438577
vt 0.236304 0.428482
vt 0.236620 0.429555
vt 0.236810 0.430412
vt 0.228012 0.434101
vt 0.776465 0.241510
vt 0.775471 0.241642
vt 0.773497 0.254577
vt 0.769786 0.275420
vt 0.771127 0.268252
vt 0.772109 0.268071
vt 0.262246 0.416978
vt 0.287114 0.403309
vt 0.262647 0.418015
vt 0.287597 0.404305
vt 0.262906 0.418853
vt 0.287928 0.405122
vt 0.767073 0.293611
vt 0.766111 0.293845
vt 0.249575 0.425768
vt 0.315005 0.384855
vt 0.761739 0.314791
vt 0.758096 0.332309
vt 0.342599 0.359978
vt 0.313217 0.367652
vt 0.341907 0.334402
vt 0.311431 0.348581
vt 0.344743 0.334316
vt 0.346242 0.334218
vt 0.347226 0.334121
vt 0.624852 0.729829
vt 0.625921 0.729668
vt 0.627161 0.729450
vt 0.629925 0.728897
vt 0.337180 0.104775
vt 0.334752 0.104844
vt 0.337604 0.104755
vt 0.339086 0.104657
vt 0.340097 0.104555
vt 0.577695 0.504326
vt 0.578269 0.504243
vt 0.580011 0.503942
vt 0.582742 0.503393
vt 0.247561 0.040370
vt 0.307530 0.064763
vt 0.247754 0.077109
vt 0.235257 0.045034
vt 0.324314 0.105423
vt 0.260247 0.109788
vt 0.234824 0.043943
vt 0.262018 0.031628
vt 0.262344 0.032507
vt 0.262709 0.033547
vt 0.233767 0.041365
vt 0.281812 0.023802
vt 0.234413 0.042919
vt 0.234055 0.042043
vt 0.288391 0.015056
vt 0.288799 0.016731
vt 0.230803 0.035817
vt 0.215101 0.050237
vt 0.215820 0.052021
vt 0.201601 0.072852
vt 0.208149 0.091683
vt 0.215898 0.114196
vt 0.144900 0.105033
vt 0.149510 0.125117
vt 0.138515 0.127212
vt 0.182617 0.119138
vt 0.154022 0.124536
vt 0.175577 0.095489
vt 0.180448 0.124257
vt 0.311779 0.251924
vt 0.316442 0.250192
vt 0.209431 0.130175
vt 0.261917 0.374778
vt 0.237321 0.126108
vt 0.235535 0.121430
vt 0.234842 0.134796
vt 0.236535 0.131026
vt 0.215126 0.129307
vt 0.212018 0.130462
vt 0.217224 0.126748
vt 0.218917 0.122978
vt 0.222063 0.119139
vt 0.226726 0.117407
vt 0.231657 0.118246
vt 0.259332 0.353307
vt 0.278679 0.331248
vt 0.319589 0.246353
vt 0.320375 0.241435
vt 0.318589 0.236757
vt 0.262703 0.369860
vt 0.260918 0.365182
vt 0.298708 0.228056
vt 0.289072 0.200079
vt 0.273470 0.174876
vt 0.252683 0.153711
vt 0.237428 0.142965
vt 0.257290 0.358677
vt 0.257814 0.355399
vt 0.258480 0.361796
vt 0.301883 0.258552
vt 0.302786 0.255361
vt 0.305170 0.253066
vt 0.302362 0.232559
vt 0.299777 0.230435
vt 0.305649 0.233118
vt 0.309781 0.232733
vt 0.314711 0.233572
vt 0.292580 0.305387
vt 0.300339 0.277022
vt 0.307648 0.252308
vt 0.235105 0.140558
vt 0.234284 0.137326
vt 0.333474 0.077363
vt 0.331292 0.056341
vt 0.336491 0.077287
vt 0.339140 0.077223
vt 0.572077 0.477467
vt 0.574630 0.477514
vt 0.576929 0.473732
vt 0.646779 0.751812
vt 0.658062 0.740145
vt 0.668371 0.727615
vt 0.701723 0.660541
vt 0.695465 0.679214
vt 0.687411 0.697191
vt 0.677639 0.714299
vt 0.709193 0.602141
vt 0.708622 0.621822
vt 0.706124 0.641350
vt 0.631762 0.448252
vt 0.646820 0.461151
vt 0.660523 0.475470
vt 0.672735 0.491070
vt 0.699314 0.543984
vt 0.704535 0.563080
vt 0.707828 0.582497
vt 0.683336 0.507800
vt 0.692224 0.525496
vt 0.706885 0.562478
vt 0.709185 0.561912
vt 0.712586 0.581776
vt 0.691779 0.699217
vt 0.681771 0.716738
vt 0.679743 0.715529
vt 0.714012 0.601879
vt 0.713452 0.622028
vt 0.710913 0.642026
vt 0.706422 0.661682
vt 0.700023 0.680806
vt 0.633219 0.446342
vt 0.634488 0.444764
vt 0.649926 0.457895
vt 0.648458 0.459385
vt 0.663981 0.472484
vt 0.662325 0.473866
vt 0.676512 0.488391
vt 0.674684 0.489643
vt 0.687396 0.505459
vt 0.685415 0.506564
vt 0.696526 0.523523
vt 0.694414 0.524462
vt 0.703812 0.542403
vt 0.701594 0.543162
vt 0.621598 0.430730
vt 0.636891 0.441502
vt 0.652619 0.454958
vt 0.666933 0.469894
vt 0.679694 0.486166
vt 0.690778 0.503617
vt 0.700079 0.522075
vt 0.707506 0.541361
vt 0.712933 0.561031
vt 0.716322 0.580422
vt 0.717902 0.601030
vt 0.717440 0.621695
vt 0.714942 0.642216
vt 0.710435 0.662394
vt 0.703966 0.682035
vt 0.695602 0.700950
vt 0.685428 0.718955
vt 0.675903 0.732796
vt 0.672270 0.730384
vt 0.665045 0.746145
vt 0.661698 0.743222
vt 0.653146 0.758570
vt 0.650123 0.755168
vt 0.640598 0.769730
vt 0.637618 0.766143
vt 0.670366 0.729019
vt 0.659934 0.741715
vt 0.648514 0.753536
vt 0.636177 0.764402
vt 0.611318 0.789884
vt 0.601744 0.795007
vt 0.691767 0.357622
vt 0.703785 0.355618
vt 0.692318 0.360190
vt 0.711055 0.355914
vt 0.595604 0.797958
vt 0.626382 0.780431
vt 0.630686 0.777387
vt 0.691151 0.357679
vt 0.690298 0.361003
vt 0.690610 0.360684
vt 0.691103 0.360417
vt 0.691703 0.360244
vt 0.690551 0.357867
vt 0.690060 0.358156
vt 0.689752 0.358502
vt 0.673634 0.402770
vt 0.671285 0.402842
vt 0.673968 0.372078
vt 0.671672 0.367305
vt 0.674405 0.368028
vt 0.685112 0.348784
vt 0.685860 0.363638
vt 0.676992 0.363911
vt 0.683032 0.356811
vt 0.683909 0.355470
vt 0.672197 0.362444
vt 0.673525 0.358857
vt 0.675512 0.365038
vt 0.675301 0.357504
vt 0.682056 0.357296
vt 0.688666 0.370011
vt 0.687145 0.364425
vt 0.688149 0.366705
vt 0.595991 0.061986
vt 0.592381 0.072682
vt 0.684587 0.353424
vt 0.684989 0.350904
vt 0.685068 0.349638
vt 0.709689 0.182800
vt 0.709732 0.169042
vt 0.589016 0.084541
vt 0.587361 0.091068
vt 0.583705 0.107034
vt 0.707564 0.235017
vt 0.705918 0.233644
vt 0.709333 0.218593
vt 0.707717 0.216837
vt 0.710630 0.201897
vt 0.708959 0.200555
vt 0.709644 0.184741
vt 0.685506 0.345817
vt 0.687890 0.334201
vt 0.696764 0.300225
vt 0.696233 0.293004
vt 0.701331 0.276034
vt 0.698633 0.280359
vt 0.705386 0.251206
vt 0.702386 0.258639
vt 0.705281 0.238709
vt 0.580094 0.124615
vt 0.576695 0.142458
vt 0.571145 0.173571
vt 0.709298 0.155243
vt 0.709015 0.150091
vt 0.707904 0.135968
vt 0.706329 0.122120
vt 0.683721 0.039636
vt 0.678991 0.030947
vt 0.674001 0.023432
vt 0.599952 0.052230
vt 0.565442 0.207525
vt 0.563688 0.218370
vt 0.557882 0.256464
vt 0.482199 0.482552
vt 0.484032 0.475551
vt 0.484032 0.490417
vt 0.668756 0.017121
vt 0.667695 0.016027
vt 0.662319 0.011351
vt 0.656813 0.007988
vt 0.651182 0.005955
vt 0.648560 0.005478
vt 0.642884 0.005426
vt 0.637201 0.006715
vt 0.635078 0.007551
vt 0.629535 0.010668
vt 0.624057 0.015095
vt 0.622088 0.017020
vt 0.616659 0.023280
vt 0.611390 0.030755
vt 0.606275 0.039409
vt 0.601320 0.049224
vt 0.704301 0.108574
vt 0.701822 0.095364
vt 0.698904 0.082605
vt 0.695487 0.070176
vt 0.691677 0.058561
vt 0.687475 0.047802
vt 0.712357 0.208288
vt 0.711466 0.218960
vt 0.710835 0.218928
vt 0.697592 0.300754
vt 0.698833 0.300977
vt 0.697084 0.300510
vt 0.701658 0.276295
vt 0.705720 0.251424
vt 0.707902 0.235198
vt 0.702172 0.276519
vt 0.706241 0.251611
vt 0.708427 0.235353
vt 0.698208 0.300918
vt 0.702793 0.276669
vt 0.706866 0.251738
vt 0.709055 0.235460
vt 0.710221 0.230952
vt 0.709685 0.235499
vt 0.707495 0.251783
vt 0.703421 0.276722
vt 0.709676 0.218728
vt 0.710205 0.218846
vt 0.712774 0.202129
vt 0.712142 0.202106
vt 0.711510 0.202053
vt 0.710977 0.201980
vt 0.754675 0.275190
vt 0.746848 0.314476
vt 0.758263 0.254349
vt 0.761335 0.232438
vt 0.763629 0.209470
vt 0.746694 0.209152
vt 0.744470 0.232067
vt 0.741501 0.253949
vt 0.738037 0.274778
vt 0.720993 0.274197
vt 0.713472 0.313402
vt 0.730439 0.314009
s 1
f 1/1/1 2/2/2 3/3/3
f 3/3/3 2/2/4 4/4/5
f 3/3/3 4/4/5 5/5/6
f 5/5/7 4/4/8 6/6/9
s 0
f 2/2/10 1/1/11 7/7/12
f 7/7/13 1/1/14 8/8/15
s 1
f 7/7/12 8/8/16 9/9/17
f 9/9/17 8/8/18 10/10/19
s 0
f 9/9/17 10/10/19 11/11/20
f 11/11/21 10/10/19 12/12/22
f 13/13/23 14/14/23 15/15/24
f 15/15/25 14/14/26 16/16/27
f 15/15/28 16/16/29 17/17/30
f 17/17/31 16/16/32 11/11/21
f 17/17/33 11/11/34 18/18/35
f 18/18/36 11/11/21 12/12/37
f 14/19/38 13/20/38 19/21/39
s 1
f 14/19/38 19/21/39 20/22/40
f 20/22/41 19/21/39 21/23/42
f 20/22/41 21/23/42 22/24/43
f 21/23/42 23/25/44 22/24/43
f 22/24/43 23/25/44 24/26/45
f 22/24/43 24/26/45 25/27/45
s 0
f 5/28/46 6/29/47 26/30/48
f 26/30/49 6/29/50 27/31/49
f 26/30/51 27/31/52 28/32/53
f 28/32/54 27/31/55 29/33/56
f 25/34/57 24/35/57 30/36/58
f 30/36/59 24/35/60 31/37/59
f 30/36/61 31/37/61 32/38/62
f 32/38/63 31/37/64 33/39/65
f 32/38/66 33/39/67 29/33/68
f 29/33/69 33/39/70 34/40/69
f 29/33/56 34/40/71 28/32/72
s 1
f 14/19/73 20/22/74 35/41/75
f 14/19/73 35/41/75 16/42/76
f 16/42/76 35/41/75 36/43/77
f 16/42/76 36/43/77 11/44/78
f 36/43/77 37/45/79 11/44/78
f 11/44/78 37/45/79 38/46/80
f 11/44/78 38/46/80 9/47/81
f 9/47/81 38/46/80 39/48/82
f 9/47/81 39/48/82 7/49/83
f 7/49/83 39/48/82 4/50/84
f 7/49/83 4/50/85 2/51/86
f 29/52/87 27/53/88 40/54/89
f 40/54/89 41/55/90 29/52/87
f 29/52/87 41/55/90 42/56/91
f 29/52/87 42/56/91 32/57/92
f 32/57/92 42/56/91 43/58/93
f 32/57/92 43/58/93 30/59/94
f 30/59/94 43/58/93 44/60/75
f 30/59/94 44/60/75 25/27/95
f 25/27/95 44/60/75 22/24/96
f 20/22/74 22/24/96 35/41/75
f 35/41/75 22/24/96 44/60/75
f 35/41/75 44/60/75 36/43/77
f 36/43/77 44/60/75 43/58/93
f 36/43/77 43/58/93 37/45/79
f 37/45/79 43/58/93 42/56/91
f 37/45/79 42/56/91 38/46/80
f 38/46/80 42/56/91 41/55/90
f 38/46/80 41/55/90 39/48/82
f 39/48/82 41/55/90 40/54/89
f 39/48/82 40/54/89 4/50/84
f 4/50/84 40/54/89 27/53/88
f 4/50/84 27/53/88 6/61/97
f 8/62/98 45/63/99 46/64/100
f 8/62/98 46/64/100 10/65/101
f 10/65/101 46/64/100 47/66/102
f 10/65/101 47/66/102 12/67/103
f 12/67/103 47/66/102 18/68/104
f 18/68/104 47/66/102 48/69/105
f 18/68/104 48/69/105 17/70/106
f 17/70/106 48/69/105 49/71/107
f 17/70/106 49/71/107 15/72/108
f 13/73/109 15/72/108 19/74/110
f 19/74/110 15/72/108 49/71/107
f 19/74/110 49/71/107 21/75/111
f 21/75/111 49/71/107 50/76/112
f 21/75/111 50/76/112 23/77/113
f 3/78/114 5/79/115 51/80/116
f 51/80/116 5/79/115 26/81/117
f 51/80/116 26/81/117 52/82/118
f 52/82/118 26/81/117 28/83/119
f 52/82/118 28/83/119 53/84/120
f 53/84/120 28/83/119 34/85/121
f 53/84/120 34/85/121 54/86/122
f 54/86/122 34/85/121 33/87/123
f 54/86/122 33/87/123 55/88/124
f 55/88/124 33/87/123 31/89/125
f 24/90/126 23/77/113 31/89/125
f 31/89/125 23/77/113 50/76/112
f 31/89/125 50/76/112 55/88/124
f 55/88/124 50/76/112 49/71/107
f 55/88/124 49/71/107 54/86/122
f 54/86/122 49/71/107 48/69/105
f 54/86/122 48/69/105 53/84/120
f 53/84/120 48/69/105 47/66/102
f 53/84/120 47/66/102 52/82/118
f 52/82/118 47/66/102 46/64/100
f 52/82/118 46/64/100 51/80/116
f 51/80/116 46/64/100 45/63/99
f 51/80/116 45/63/99 3/78/114
f 3/78/114 45/63/99 8/62/98
f 3/78/114 8/62/98 1/91/127
f 56/92/128 57/93/129 58/94/130
f 59/95/131 60/96/132 61/97/133
f 62/98/134 63/99/135 64/100/136
f 65/101/137 66/102/138 67/103/139
f 67/103/139 66/102/138 68/104/140
f 69/105/141 60/96/132 70/106/142
f 70/106/142 60/96/132 59/95/131
f 70/106/142 59/95/131 71/107/143
f 72/108/144 73/109/145 74/110/146
f 74/110/146 73/109/145 75/111/147
f 76/112/148 77/113/149 78/114/150
f 78/114/150 77/113/149 79/115/151
f 78/116/150 79/117/151 74/110/146
f 80/118/152 81/119/153 82/120/154
f 82/120/154 81/119/153 83/121/155
f 82/120/154 83/121/155 84/122/156
f 85/123/157 86/124/158 87/125/159
f 87/125/159 86/124/158 88/126/160
f 87/125/159 88/126/160 89/127/161
f 89/127/161 88/126/160 84/122/156
f 87/125/159 90/128/162 85/123/157
f 85/123/157 90/128/162 91/129/163
f 85/123/157 91/129/163 92/130/164
f 92/130/164 91/129/163 63/99/135
f 92/130/164 63/99/135 93/131/165
f 93/131/165 63/99/135 62/98/134
f 56/132/128 94/133/166 95/134/167
f 95/135/167 94/136/166 64/137/136
f 64/100/136 63/99/135 95/134/167
f 95/134/167 63/99/135 91/129/163
f 95/134/167 91/129/163 56/132/128
f 56/132/128 91/129/163 90/128/162
f 56/92/128 90/138/162 57/93/129
f 58/94/130 96/139/168 56/92/128
f 56/92/128 96/139/168 67/103/139
f 56/92/128 67/103/139 94/136/166
f 94/136/166 67/103/139 68/104/140
f 94/136/166 68/104/140 64/137/136
f 64/100/136 68/140/140 97/141/169
f 64/100/136 97/141/169 62/98/134
f 98/142/170 99/143/171 100/144/172
f 100/144/172 99/143/171 101/145/173
f 98/142/170 102/146/174 61/97/133
f 84/122/156 83/121/155 89/127/161
f 89/127/161 83/121/155 103/147/175
f 89/127/161 103/147/175 87/125/159
f 87/125/159 103/147/175 104/148/176
f 87/125/159 104/148/176 90/128/162
f 90/128/162 104/148/176 105/149/177
f 90/128/162 105/149/177 57/150/129
f 71/107/143 59/95/131 106/151/178
f 106/151/178 59/95/131 61/97/133
f 106/151/178 61/97/133 107/152/179
f 107/152/179 61/97/133 102/146/174
f 107/152/179 102/146/174 75/111/147
f 75/111/147 102/146/174 98/142/170
f 75/111/147 98/142/170 74/110/146
f 74/110/146 98/142/170 100/144/172
f 74/110/146 100/144/172 78/116/150
f 78/114/150 100/153/172 101/154/173
f 78/114/150 101/154/173 76/112/148
f 81/119/153 108/155/180 83/121/155
f 83/121/155 108/155/180 77/113/149
f 83/121/155 77/113/149 103/147/175
f 103/147/175 77/113/149 76/112/148
f 103/147/175 76/112/148 104/148/176
f 104/148/176 76/112/148 101/154/173
f 104/148/176 101/154/173 105/149/177
f 105/149/177 101/154/173 99/156/171
f 105/157/177 99/143/171 57/93/129
f 57/93/129 99/143/171 98/142/170
f 57/93/129 98/142/170 58/94/130
f 58/94/130 98/142/170 61/97/133
f 58/94/130 61/97/133 96/139/168
f 96/139/168 61/97/133 60/96/132
f 96/139/168 60/96/132 67/103/139
f 67/103/139 60/96/132 69/105/141
f 67/103/139 69/105/141 65/101/137
f 65/101/137 69/105/141 70/106/181
f 109/158/182 110/159/183 111/160/184
f 112/161/185 113/162/186 114/163/187
f 114/163/187 113/162/186 115/164/188
f 109/158/182 111/160/184 116/165/189
f 116/165/189 111/160/184 115/164/188
f 116/165/189 115/164/188 117/166/190
f 118/167/191 119/168/192 120/169/193
f 120/169/193 119/168/192 121/170/194
f 120/169/193 121/170/194 122/171/195
f 118/167/191 123/172/196 119/168/192
f 119/168/192 123/172/196 124/173/197
f 119/168/192 124/173/197 115/164/188
f 115/164/188 124/173/197 125/174/198
f 115/164/188 125/174/198 117/166/190
f 115/164/188 113/162/186 119/168/192
f 119/168/192 113/162/186 126/175/199
f 119/168/192 126/175/199 121/170/194
f 121/170/194 126/175/199 127/176/200
f 121/170/194 127/176/200 128/177/201
f 129/178/202 130/179/203 131/180/204
f 131/181/204 130/182/203 132/183/205
f 133/184/206 134/185/207 135/186/208
f 135/186/208 134/185/207 132/183/205
f 135/186/208 132/183/205 136/187/209
f 136/187/209 132/183/205 130/182/203
f 137/188/210 134/185/207 138/189/211
f 138/189/211 134/185/207 133/184/206
f 138/189/211 133/184/206 139/190/212
f 139/190/212 133/184/206 140/191/213
f 139/190/212 140/191/213 141/192/214
f 141/192/214 140/191/213 142/193/215
f 143/194/216 2/195/217 144/196/218
f 140/191/213 133/184/206 145/197/219
f 145/197/219 133/184/206 135/186/208
f 145/197/219 135/186/208 146/198/220
f 146/198/220 135/186/208 136/187/209
f 146/198/220 136/187/209 147/199/221
f 147/199/221 136/187/209 130/182/203
f 147/200/221 130/179/203 129/178/202
f 142/193/215 140/191/213 148/201/222
f 148/201/222 140/191/213 145/197/219
f 148/201/222 145/197/219 149/202/223
f 149/202/223 145/197/219 146/198/220
f 149/202/223 146/198/220 144/203/218
f 144/203/218 146/198/220 147/199/221
f 144/196/218 147/200/221 143/194/216
f 143/194/216 147/200/221 129/178/202
f 150/204/224 151/205/225 152/206/226
f 152/207/226 151/208/225 153/209/227
f 152/206/226 153/210/227 154/211/228
f 155/212/229 156/213/230 151/214/225
f 151/214/225 156/213/230 157/215/231
f 151/214/225 157/215/231 158/216/232
f 159/217/233 160/218/234 161/219/235
f 162/220/236 163/221/237 164/222/238
f 164/222/238 163/221/237 159/223/233
f 164/222/238 159/223/233 165/224/239
f 165/225/239 159/217/233 161/219/235
f 165/225/239 161/219/235 155/212/229
f 155/212/229 151/214/225 165/225/239
f 165/224/239 151/205/225 150/204/224
f 165/224/239 150/204/224 164/222/238
f 164/222/238 150/204/224 166/226/240
f 164/222/241 166/226/240 162/220/236
f 167/227/242 168/228/243 169/229/244
f 170/230/245 171/231/246 172/232/247
f 173/233/248 174/234/249 175/235/250
f 176/236/251 173/233/248 177/237/252
f 177/237/252 173/233/248 175/235/250
f 177/237/252 175/235/250 178/238/253
f 179/239/254 180/240/255 181/241/256
f 182/242/257 183/243/258 184/244/259
f 184/244/259 183/243/258 179/239/254
f 184/244/259 179/239/254 185/245/260
f 185/245/260 179/239/254 181/241/256
f 172/232/247 186/246/261 176/236/251
f 187/247/262 188/248/263 189/249/264
f 190/250/265 191/251/266 192/252/267
f 192/252/267 191/251/266 188/248/263
f 186/246/261 182/242/257 176/236/251
f 176/236/251 182/242/257 184/244/259
f 176/236/251 184/244/259 173/233/248
f 173/233/248 184/244/259 185/245/260
f 173/233/248 185/245/260 174/234/249
f 174/234/249 185/245/260 181/241/256
f 189/249/264 168/228/243 193/253/268
f 193/253/268 168/228/243 167/227/242
f 193/253/268 167/227/242 194/254/269
f 188/248/263 187/247/262 192/252/267
f 192/252/267 187/247/262 195/255/270
f 192/252/267 195/255/270 190/250/265
f 190/250/265 195/255/270 196/256/271
f 190/250/265 196/256/271 197/257/272
f 197/257/272 196/256/271 198/258/273
f 197/257/272 198/258/273 199/259/274
f 189/249/264 193/253/268 187/247/262
f 187/247/262 193/253/268 194/254/269
f 187/247/262 194/254/269 195/255/270
f 195/255/270 194/254/269 200/260/275
f 195/255/270 200/260/275 196/256/271
f 201/261/276 202/262/277 169/229/244
f 169/229/244 202/262/277 171/231/246
f 169/229/244 171/231/246 167/227/242
f 167/227/242 171/231/246 170/230/245
f 167/227/242 170/230/245 194/254/269
f 194/254/269 170/230/245 172/232/247
f 194/254/269 172/232/247 200/260/275
f 200/260/275 172/232/247 176/236/251
f 200/260/275 176/236/251 196/256/271
f 196/256/271 176/236/251 177/237/252
f 196/256/271 177/237/252 198/258/273
f 198/258/273 177/237/252 178/238/253
f 198/258/273 178/238/253 199/259/274
f 203/263/278 204/264/279 205/265/280
f 205/265/280 204/264/279 206/266/281
f 205/265/280 206/266/281 207/267/282
f 203/263/278 205/265/280 208/268/283
f 208/268/283 205/265/280 129/178/202
f 208/268/283 129/178/202 131/180/204
f 209/269/284 2/195/217 143/194/216
f 210/270/285 209/269/284 211/271/286
f 211/271/286 209/269/284 143/194/216
f 211/271/286 143/194/216 205/265/280
f 205/265/280 143/194/216 129/178/202
f 207/267/282 212/272/287 205/265/280
f 205/265/280 212/272/287 211/271/286
f 211/271/286 212/272/287 213/273/288
f 211/271/286 213/273/288 210/270/285
f 210/270/285 213/273/288 14/274/289
f 214/275/290 215/276/291 216/277/292
f 217/278/293 218/279/294 219/280/295
f 217/278/293 219/280/295 220/281/296
f 220/281/296 219/280/295 214/275/290
f 220/281/296 214/275/290 221/282/297
f 221/282/297 214/275/290 216/277/292
f 221/282/297 216/277/292 222/283/298
f 222/283/298 223/284/299 221/282/297
f 221/282/297 223/284/299 224/285/300
f 221/282/297 224/285/300 220/281/296
f 220/281/296 224/285/300 225/286/301
f 220/281/296 225/286/301 217/278/293
f 226/287/302 227/288/303 228/289/304
f 229/290/305 228/289/304 230/291/306
f 226/287/302 228/289/304 231/292/307
f 232/293/308 153/210/227 151/205/225
f 230/291/306 233/294/309 229/290/305
f 229/290/305 233/294/309 234/295/310
f 229/290/305 234/295/310 235/296/311
f 235/296/311 234/295/310 236/297/312
f 235/296/311 236/297/312 232/293/308
f 232/293/308 236/297/312 237/298/313
f 232/293/308 237/298/313 153/210/227
f 153/210/227 237/298/313 154/211/228
f 228/289/304 229/290/305 231/292/307
f 231/292/307 229/290/305 235/296/311
f 231/292/307 235/296/311 238/299/314
f 238/299/314 235/296/311 232/293/308
f 238/299/314 232/293/308 239/300/315
f 239/301/315 232/302/308 151/214/225
f 239/301/315 151/214/225 158/216/232
f 240/303/316 222/283/298 216/277/292
f 241/304/317 216/277/292 215/276/291
f 240/303/316 216/277/292 242/305/318
f 216/277/292 241/304/317 242/305/318
f 242/305/318 241/304/317 243/306/319
f 242/305/318 243/306/319 244/307/320
f 244/307/320 243/306/319 245/308/321
f 244/307/320 245/308/321 246/309/322
f 246/309/322 245/308/321 228/289/304
f 246/309/322 228/289/304 227/288/303
f 215/276/291 247/310/323 241/304/317
f 241/304/317 247/310/323 248/311/324
f 241/304/317 248/311/324 243/306/319
f 243/306/319 248/311/324 249/312/325
f 243/306/319 249/312/325 245/308/321
f 245/308/321 249/312/325 250/313/326
f 245/308/321 250/313/326 228/289/304
f 228/289/304 250/313/326 251/314/327
f 228/289/304 251/314/327 230/291/306
f 201/261/276 169/229/244 252/315/328
f 201/261/276 252/315/328 253/316/329
f 253/316/329 252/315/328 254/317/330
f 253/316/329 254/317/330 255/318/331
f 255/318/331 254/317/330 256/319/332
f 255/318/331 256/319/332 257/320/333
f 257/320/333 256/319/332 258/321/334
f 257/320/333 258/321/334 259/322/335
f 188/248/263 191/251/266 260/323/336
f 189/249/264 188/248/263 261/324/337
f 188/248/263 260/323/336 261/324/337
f 261/324/337 260/323/336 262/325/338
f 261/324/337 262/325/338 263/326/339
f 263/326/339 262/325/338 264/327/340
f 263/326/339 264/327/340 265/328/341
f 168/228/243 189/249/264 266/329/342
f 266/329/342 189/249/264 261/324/337
f 266/329/342 261/324/337 267/330/343
f 267/330/343 261/324/337 263/326/339
f 267/330/343 263/326/339 268/331/344
f 268/331/344 263/326/339 265/328/341
f 169/229/244 168/228/243 252/315/328
f 252/315/328 168/228/243 266/329/342
f 252/315/328 266/329/342 254/317/330
f 254/317/330 266/329/342 267/330/343
f 254/317/330 267/330/343 256/319/332
f 256/319/332 267/330/343 268/331/344
f 256/319/332 268/331/344 258/321/334
f 258/321/334 268/331/344 265/328/341
f 258/321/334 265/328/341 269/332/345
f 269/332/345 265/328/341 264/327/340
f 269/332/345 264/327/340 270/333/346
f 271/334/347 272/335/348 273/336/349
f 257/320/333 259/322/335 271/334/347
f 271/334/347 273/336/349 257/320/333
f 257/320/333 273/336/349 274/337/350
f 257/320/333 274/337/350 255/318/331
f 255/318/331 274/337/350 275/338/351
f 255/318/331 275/338/351 253/316/329
f 253/316/329 275/338/351 276/339/352
f 253/316/329 276/339/352 201/261/276
f 271/334/347 259/322/335 277/340/353
f 278/341/354 279/342/355 280/343/356
f 281/344/357 282/345/358 278/341/354
f 278/341/354 280/343/356 281/344/357
f 281/344/357 280/343/356 283/346/359
f 281/344/357 283/346/359 277/340/353
f 277/340/353 283/346/359 272/335/348
f 277/340/353 272/335/348 271/334/347
f 284/347/360 285/348/361 286/349/362
f 277/340/353 259/322/335 258/321/334
f 281/344/357 277/340/353 287/350/363
f 287/350/363 277/340/353 258/321/334
f 287/350/363 258/321/334 288/351/364
f 288/351/364 258/321/334 269/332/345
f 288/351/364 269/332/345 289/352/365
f 289/352/365 269/332/345 270/333/346
f 289/352/365 270/333/346 290/353/366
f 282/345/358 281/344/357 291/354/367
f 291/354/367 281/344/357 287/350/363
f 291/354/367 287/350/363 292/355/368
f 292/355/368 287/350/363 288/351/364
f 292/355/368 288/351/364 286/349/362
f 286/349/362 288/351/364 289/352/365
f 286/349/362 289/352/365 284/347/360
f 284/347/360 289/352/365 290/353/366
f 293/356/369 294/357/370 295/358/371
f 295/358/371 294/357/370 296/359/372
f 295/358/371 296/359/372 297/360/373
f 298/361/374 299/362/375 300/363/376
f 300/363/376 299/362/375 301/364/377
f 300/363/376 301/364/377 302/365/378
f 302/365/378 301/364/377 303/366/379
f 302/365/378 303/366/379 293/356/369
f 293/356/369 303/366/379 304/367/380
f 293/356/369 304/367/380 294/357/370
f 298/368/374 305/369/381 299/370/375
f 299/370/375 305/369/381 306/371/382
f 299/370/375 306/371/382 307/372/383
f 308/373/384 122/171/195 309/374/385
f 309/374/385 122/171/195 121/170/194
f 309/374/385 121/170/194 310/375/386
f 310/375/386 121/170/194 128/177/201
f 311/376/387 312/377/388 313/378/389
f 311/376/387 313/378/389 310/375/386
f 313/378/389 314/379/390 310/375/386
f 310/375/386 314/379/390 315/380/391
f 310/375/386 315/380/391 309/374/385
f 309/374/385 315/380/391 308/373/384
f 311/376/387 141/192/214 312/377/388
f 312/377/388 141/192/214 142/193/215
f 25/381/392 316/382/393 14/274/289
f 14/274/289 316/382/393 210/270/285
f 317/383/394 2/195/217 209/269/284
f 210/270/285 316/382/393 209/269/284
f 209/269/284 316/382/393 6/384/395
f 209/269/284 6/384/395 317/383/394
f 318/385/396 144/203/218 319/386/397
f 319/387/397 144/196/218 2/195/217
f 319/387/397 2/195/217 317/383/394
f 142/193/215 148/201/222 318/385/396
f 318/385/396 148/201/222 149/202/223
f 318/385/396 149/202/223 144/203/218
f 312/377/388 142/193/215 320/388/398
f 320/388/398 142/193/215 318/385/396
f 320/388/398 318/385/396 321/389/399
f 321/389/399 318/385/396 319/386/397
f 321/389/399 319/386/397 322/390/400
f 322/391/400 319/387/397 317/383/394
f 322/391/400 317/383/394 6/384/395
f 313/378/389 312/377/388 320/388/398
f 323/392/401 324/393/402 325/394/403
f 325/394/403 324/393/402 326/395/404
f 325/396/403 326/397/404 327/398/405
f 327/398/405 326/397/404 308/373/384
f 327/398/405 308/373/384 328/399/406
f 328/399/406 308/373/384 315/380/391
f 328/399/406 315/380/391 314/379/390
f 314/379/390 313/378/389 328/399/406
f 328/399/406 313/378/389 320/388/398
f 328/399/406 320/388/398 327/398/405
f 327/398/405 320/388/398 321/389/399
f 327/398/405 321/389/399 325/396/403
f 325/396/403 321/389/399 322/390/400
f 325/394/403 322/391/400 323/392/401
f 323/392/401 322/391/400 6/384/395
f 323/392/401 6/384/395 316/382/393
f 329/400/407 324/393/402 323/392/401
f 323/392/401 316/382/393 329/400/407
f 329/400/407 316/382/393 25/381/392
f 329/400/407 25/381/392 330/401/289
f 331/402/408 332/403/409 333/404/410
f 334/405/411 335/406/412 336/407/413
f 336/407/413 335/406/412 337/408/414
f 336/407/413 337/408/414 338/409/415
f 337/408/414 339/410/416 338/409/415
f 338/409/415 339/410/416 340/411/417
f 338/409/415 340/411/417 341/412/418
f 341/412/418 340/411/417 342/413/419
f 341/412/418 342/413/419 343/414/420
f 343/414/420 342/413/419 344/415/421
f 343/414/420 344/415/421 345/416/422
f 345/416/422 344/415/421 346/417/423
f 345/416/422 346/417/423 347/418/424
f 347/418/424 346/417/423 348/419/425
f 347/418/424 348/419/425 349/420/426
f 349/420/426 348/419/425 350/421/427
f 349/420/426 350/421/427 351/422/428
f 351/422/428 350/421/427 352/423/429
f 351/422/428 352/423/429 353/424/430
f 352/423/429 354/425/431 353/424/430
f 353/424/430 354/425/431 355/426/432
f 353/424/430 355/426/432 356/427/433
f 357/428/434 331/402/408 358/429/435
f 358/429/435 331/402/408 333/404/410
f 358/429/435 333/404/410 359/430/436
f 359/430/436 333/404/410 360/431/437
f 359/430/436 360/431/437 361/432/438
f 361/432/438 360/431/437 362/433/439
f 361/432/438 362/433/439 363/434/440
f 363/434/440 362/433/439 364/435/441
f 363/434/440 364/435/441 365/436/442
f 365/436/442 364/435/441 366/437/443
f 366/437/443 364/435/441 367/438/444
f 366/437/443 367/438/444 368/439/445
f 355/426/432 369/440/446 356/427/433
f 356/427/433 369/440/446 370/441/447
f 356/427/433 370/441/447 371/442/448
f 371/442/448 370/441/447 372/443/449
f 371/442/448 372/443/449 373/444/450
f 373/444/450 372/443/449 374/445/451
f 373/444/450 374/445/451 375/446/452
f 375/446/452 374/445/451 376/447/453
f 375/446/452 376/447/453 377/448/454
f 377/448/454 376/447/453 378/449/455
f 377/448/454 378/449/455 379/450/456
f 379/450/456 378/449/455 380/451/457
f 379/450/456 380/451/457 367/438/444
f 367/438/444 380/451/457 381/452/458
f 367/438/444 381/452/458 368/439/445
f 382/453/459 383/454/460 384/455/461
f 384/455/461 383/454/460 385/456/462
f 384/455/461 385/456/462 386/457/463
f 386/457/463 385/456/462 387/458/464
f 387/458/464 385/456/462 388/459/465
f 388/459/465 385/456/462 389/460/466
f 388/459/465 389/460/466 390/461/467
f 390/461/467 389/460/466 391/462/468
f 390/463/467 391/464/468 392/465/469
f 392/465/469 391/464/468 393/466/470
f 393/466/470 391/464/468 335/406/412
f 393/466/470 335/406/412 334/405/411
f 337/408/414 335/406/412 394/467/471
f 394/467/471 335/406/412 391/464/468
f 394/467/471 391/464/468 395/468/472
f 395/469/472 391/462/468 389/460/466
f 395/469/472 389/460/466 396/470/473
f 396/470/473 389/460/466 385/456/462
f 396/470/473 385/456/462 397/471/474
f 397/471/474 385/456/462 383/454/460
f 397/471/474 383/454/460 398/472/475
f 399/473/476 400/474/477 401/475/478
f 402/476/479 403/477/480 404/478/481
f 405/479/482 406/480/483 407/481/484
f 407/481/484 406/480/483 408/482/485
f 407/481/484 408/482/485 399/473/476
f 409/483/486 410/484/487 405/479/482
f 405/479/482 410/484/487 411/485/488
f 405/479/482 411/485/488 406/480/483
f 405/479/482 138/189/211 139/190/212
f 409/483/486 405/479/482 412/486/489
f 412/486/489 405/479/482 139/190/212
f 412/486/489 139/190/212 141/192/214
f 399/473/476 401/475/478 407/481/484
f 407/481/484 401/475/478 413/487/490
f 407/481/484 413/487/490 405/479/482
f 405/479/482 413/487/490 137/188/210
f 405/479/482 137/188/210 138/189/211
f 414/488/491 402/476/479 415/489/492
f 415/489/492 402/476/479 404/478/481
f 415/489/492 404/478/481 416/490/493
f 416/490/493 404/478/481 417/491/494
f 416/490/493 417/491/494 418/492/495
f 418/492/495 417/491/494 419/493/496
f 418/492/495 419/493/496 400/474/477
f 400/474/477 419/493/496 420/494/497
f 400/474/477 420/494/497 401/475/478
f 401/475/478 420/494/497 421/495/498
f 401/475/478 421/495/498 413/487/490
f 422/496/499 423/497/500 424/498/501
f 425/499/502 426/500/503 427/501/504
f 425/499/502 427/501/504 428/502/505
f 429/503/506 430/504/507 427/505/504
f 427/505/504 430/504/507 431/506/508
f 427/507/504 431/508/508 428/509/505
f 432/510/509 433/511/510 434/512/511
f 434/512/511 433/511/510 435/513/512
f 434/512/511 435/513/512 429/503/506
f 429/503/506 435/513/512 436/514/513
f 429/503/506 436/514/513 430/504/507
f 434/512/511 112/515/185 432/510/509
f 432/510/509 112/515/185 114/516/187
f 432/510/509 114/516/187 437/517/514
f 114/516/187 115/518/188 437/517/514
f 437/517/514 115/518/188 111/519/184
f 437/520/514 111/521/184 438/522/515
f 438/523/515 111/524/184 439/525/516
f 439/525/516 111/524/184 440/526/517
f 439/525/516 440/526/517 441/527/518
f 441/528/518 440/529/517 422/530/499
f 422/531/499 440/532/517 442/533/519
f 422/496/499 442/534/519 423/497/500
f 443/535/520 444/536/521 445/537/522
f 445/537/522 444/536/521 446/538/523
f 445/537/522 446/538/523 447/539/524
f 447/539/524 446/538/523 448/540/525
f 447/539/524 448/540/525 424/498/501
f 424/498/501 448/540/525 449/541/526
f 424/498/501 449/541/526 422/496/499
f 443/535/520 445/537/522 450/542/527
f 450/542/527 445/537/522 451/543/528
f 450/542/527 451/543/528 452/544/529
f 452/544/529 451/543/528 453/545/530
f 452/544/529 453/545/530 454/546/531
f 454/546/531 453/545/530 455/547/532
f 454/546/531 455/547/532 456/548/533
f 456/548/533 455/547/532 457/549/534
f 456/548/533 457/549/534 458/550/535
f 457/549/534 459/551/536 458/550/535
f 458/550/535 459/551/536 460/552/537
f 458/550/535 460/552/537 461/553/538
f 461/554/538 460/555/537 462/556/539
f 461/557/538 462/558/539 463/559/540
f 462/560/539 332/403/409 463/561/540
f 463/561/540 332/403/409 331/402/408
f 463/562/540 331/563/408 464/564/541
f 464/565/541 331/402/408 357/428/434
f 426/500/503 425/499/502 465/566/542
f 465/566/542 425/499/502 466/567/543
f 465/566/542 466/567/543 467/568/544
f 467/569/544 466/570/543 468/571/545
f 469/572/546 470/573/547 468/571/545
f 468/571/545 470/573/547 471/574/548
f 468/571/545 471/574/548 467/569/544
f 472/575/549 473/576/550 469/572/546
f 473/576/550 474/577/551 469/572/546
f 469/572/546 474/577/551 475/578/552
f 469/572/546 475/578/552 470/573/547
f 469/572/546 476/579/553 477/580/554
f 472/575/549 469/572/546 478/581/555
f 478/581/555 469/572/546 477/580/554
f 478/581/555 477/580/554 479/582/556
f 476/579/553 469/572/546 480/583/557
f 480/583/557 469/572/546 468/571/545
f 480/583/557 468/571/545 481/584/558
f 481/584/558 468/571/545 466/570/543
f 481/584/558 466/570/543 482/585/559
f 482/586/559 466/567/543 425/499/502
f 482/586/559 425/499/502 428/502/505
f 427/587/504 483/588/560 429/589/506
f 429/589/506 483/588/560 484/590/561
f 429/589/506 484/590/561 434/591/511
f 112/161/185 434/591/511 113/162/186
f 113/162/186 434/591/511 484/590/561
f 113/162/186 484/590/561 126/175/199
f 126/175/199 484/590/561 127/176/200
f 485/592/562 486/593/563 487/594/564
f 487/594/564 486/593/563 488/595/565
f 487/594/564 488/595/565 489/596/566
f 128/177/201 127/176/200 490/597/567
f 490/597/567 127/176/200 484/590/561
f 490/597/567 484/590/561 489/596/566
f 489/596/566 484/590/561 483/588/560
f 489/596/566 483/588/560 487/594/564
f 487/594/564 483/588/560 427/587/504
f 487/594/564 427/587/504 485/592/562
f 485/592/562 427/587/504 426/598/503
f 485/592/562 426/598/503 465/599/542
f 486/593/563 491/600/568 488/595/565
f 488/595/565 491/600/568 492/601/569
f 488/595/565 492/601/569 489/596/566
f 489/596/566 492/601/569 493/602/570
f 489/596/566 493/602/570 490/597/567
f 490/597/567 493/602/570 494/603/571
f 490/597/567 494/603/571 128/177/201
f 128/177/201 494/603/571 310/375/386
f 473/576/550 472/575/549 495/604/572
f 496/605/573 497/606/574 498/607/575
f 499/608/576 500/609/577 501/610/578
f 473/576/550 502/611/579 474/577/551
f 474/577/551 502/611/579 475/578/552
f 485/592/562 465/599/542 467/612/544
f 473/576/550 495/604/572 502/611/579
f 502/611/579 495/604/572 503/613/580
f 502/611/579 503/613/580 504/614/581
f 504/614/581 503/613/580 505/615/582
f 504/614/581 505/615/582 506/616/583
f 506/616/583 505/615/582 499/608/576
f 506/616/583 499/608/576 507/617/584
f 507/617/584 499/608/576 501/610/578
f 507/617/584 501/610/578 497/606/574
f 497/606/574 496/605/573 507/617/584
f 507/617/584 496/605/573 508/618/585
f 507/617/584 508/618/585 506/616/583
f 506/616/583 508/618/585 509/619/586
f 506/616/583 509/619/586 504/614/581
f 504/614/581 509/619/586 510/620/587
f 504/614/581 510/620/587 502/611/579
f 502/611/579 510/620/587 470/573/547
f 502/611/579 470/573/547 475/578/552
f 498/607/575 511/621/588 496/605/573
f 496/605/573 511/621/588 512/622/589
f 496/605/573 512/622/589 508/618/585
f 508/618/585 512/622/589 513/623/590
f 508/618/585 513/623/590 509/619/586
f 509/619/586 513/623/590 514/624/591
f 509/619/586 514/624/591 510/620/587
f 510/620/587 514/624/591 471/574/548
f 510/620/587 471/574/548 470/573/547
f 498/625/575 492/601/569 511/626/588
f 511/626/588 492/601/569 491/600/568
f 511/626/588 491/600/568 512/627/589
f 512/627/589 491/600/568 486/593/563
f 512/627/589 486/593/563 513/628/590
f 513/628/590 486/593/563 485/592/562
f 513/628/590 485/592/562 514/629/591
f 514/629/591 485/592/562 467/612/544
f 514/624/591 467/569/544 471/574/548
s 0
f 479/582/592 515/630/592 478/581/592
f 478/581/592 515/630/592 516/631/592
f 478/581/592 516/631/592 472/575/592
f 517/632/592 518/633/592 495/604/592
f 472/575/592 516/631/592 495/604/592
f 495/604/592 516/631/592 519/634/592
f 495/604/592 519/634/592 517/632/592
f 520/635/592 521/636/592 522/637/592
f 520/635/592 522/637/592 523/638/592
f 524/639/592 525/640/592 526/641/592
f 526/641/592 525/640/592 527/642/592
f 526/641/592 527/642/592 528/643/592
f 528/644/592 529/645/592 530/646/592
f 530/646/592 529/645/592 531/647/592
f 530/646/592 531/647/592 532/648/592
f 532/648/592 531/647/592 533/649/592
f 532/648/592 533/649/592 534/650/592
f 534/650/592 533/649/592 535/642/592
f 522/637/592 500/609/592 523/638/592
f 523/638/592 500/609/592 499/608/593
f 523/638/592 499/608/592 536/651/592
f 536/651/592 499/608/592 505/615/592
f 536/651/592 505/615/592 537/652/592
f 537/652/592 505/615/592 503/613/592
f 537/652/592 503/613/592 538/653/592
f 538/653/592 503/613/592 495/604/592
f 538/653/592 495/604/592 539/654/592
f 533/649/592 540/655/592 535/642/592
f 535/656/592 541/657/592 519/634/592
f 519/634/592 541/657/592 542/658/592
f 519/634/592 542/658/592 517/632/592
s 1
f 543/659/594 544/660/595 545/661/596
f 545/661/596 544/660/595 546/662/597
f 547/663/598 548/664/599 549/665/600
f 549/665/600 548/664/599 550/666/601
f 549/665/600 550/666/601 544/667/595
f 544/667/595 550/666/601 551/668/602
f 544/667/595 551/668/602 546/669/597
f 549/665/600 552/670/603 547/663/598
f 547/663/598 552/670/603 522/637/604
f 547/663/598 522/637/604 521/636/605
f 500/609/577 522/637/604 501/610/578
f 501/610/578 522/637/604 552/670/603
f 501/610/578 552/670/603 497/606/574
f 497/606/574 552/670/603 549/665/600
f 497/606/574 549/665/600 498/607/575
f 498/607/575 549/665/600 544/667/595
f 498/625/575 544/660/595 492/601/569
f 492/601/569 544/660/595 543/659/594
f 494/603/571 493/602/570 553/671/606
f 545/661/596 554/672/607 543/659/594
f 543/659/594 554/672/607 493/602/570
f 543/659/594 493/602/570 492/601/569
f 554/672/607 555/673/608 493/602/570
f 493/602/570 555/673/608 556/674/609
f 493/602/570 556/674/609 553/671/606
f 553/671/606 556/674/609 557/675/610
f 553/671/606 557/675/610 558/676/611
f 558/676/611 559/677/612 553/671/606
f 553/671/606 559/677/612 560/678/613
f 553/671/606 560/678/613 561/679/614
f 412/486/489 141/192/214 311/376/387
f 561/679/614 562/680/615 553/671/606
f 553/671/606 562/680/615 563/681/616
f 553/671/606 563/681/616 564/682/617
f 310/375/386 494/603/571 311/376/387
f 311/376/387 494/603/571 553/671/606
f 311/376/387 553/671/606 412/486/489
f 412/486/489 553/671/606 564/682/617
f 412/486/489 564/682/617 409/483/486
f 565/683/618 566/684/619 567/685/620
f 568/686/621 569/687/622 570/688/623
f 570/688/623 569/687/622 571/689/624
f 567/685/620 566/684/619 569/687/622
f 569/687/622 566/684/619 572/690/625
f 569/687/622 572/690/625 571/689/624
f 565/683/618 567/685/620 573/691/626
f 573/691/626 567/685/620 574/692/627
f 573/693/626 574/694/627 575/695/628
f 575/695/628 574/694/627 564/682/617
f 575/695/628 564/682/617 563/681/616
f 409/483/486 564/682/617 576/696/629
f 576/696/629 564/682/617 574/694/627
f 576/697/629 574/692/627 577/698/630
f 577/698/630 574/692/627 567/685/620
f 577/698/630 567/685/620 578/699/631
f 578/699/631 567/685/620 569/687/622
f 578/699/631 569/687/622 579/700/632
f 579/700/632 569/687/622 568/686/621
f 580/701/633 581/702/634 582/703/635
f 583/704/636 584/705/637 581/706/634
f 585/707/638 586/708/639 584/705/637
f 587/709/640 415/489/492 416/490/493
f 587/709/640 416/490/493 588/710/641
f 588/710/641 416/490/493 418/492/495
f 588/710/641 418/492/495 589/711/642
f 418/492/495 400/474/477 589/711/642
f 589/711/642 400/474/477 399/473/476
f 589/711/642 399/473/476 590/712/643
f 590/712/643 399/473/476 408/482/485
f 590/713/643 408/714/485 591/715/644
f 408/482/485 406/480/483 591/716/644
f 591/716/644 406/480/483 411/485/488
f 591/716/644 411/485/488 592/717/645
f 592/717/645 411/485/488 410/484/487
f 592/717/645 410/484/487 593/718/646
f 593/718/646 410/484/487 409/483/486
f 593/718/646 409/483/486 576/696/629
f 414/488/491 415/489/492 582/703/635
f 582/703/635 415/489/492 587/709/640
f 582/703/635 587/709/640 580/701/633
f 580/701/633 587/709/640 588/710/641
f 580/701/633 588/710/641 594/719/647
f 594/720/647 588/721/641 589/722/642
f 594/720/647 589/722/642 595/723/648
f 595/723/648 589/722/642 590/713/643
f 595/723/648 590/713/643 596/724/649
f 596/724/649 590/713/643 591/715/644
f 596/724/649 591/715/644 597/725/650
f 597/725/650 591/715/644 592/726/645
f 597/725/650 592/726/645 598/727/651
f 598/727/651 592/726/645 593/728/646
f 598/727/651 593/728/646 599/729/652
f 599/729/652 593/728/646 576/697/629
f 599/729/652 576/697/629 577/698/630
f 581/706/634 580/730/633 583/704/636
f 583/704/636 580/730/633 594/720/647
f 583/704/636 594/720/647 600/731/653
f 600/731/653 594/720/647 595/723/648
f 600/731/653 595/723/648 601/732/654
f 601/732/654 595/723/648 596/724/649
f 601/732/654 596/724/649 602/733/655
f 602/733/655 596/724/649 597/725/650
f 602/733/655 597/725/650 603/734/656
f 603/734/656 597/725/650 598/727/651
f 603/734/656 598/727/651 604/735/657
f 604/735/657 598/727/651 599/729/652
f 604/735/657 599/729/652 605/736/658
f 605/736/658 599/729/652 577/698/630
f 605/736/658 577/698/630 578/699/631
f 584/705/637 583/704/636 585/707/638
f 585/707/638 583/704/636 600/731/653
f 585/707/638 600/731/653 606/737/659
f 606/737/659 600/731/653 601/732/654
f 606/737/659 601/732/654 607/738/660
f 607/738/660 601/732/654 602/733/655
f 607/738/660 602/733/655 608/739/661
f 608/739/661 602/733/655 603/734/656
f 608/739/661 603/734/656 609/740/662
f 609/740/662 603/734/656 604/735/657
f 609/740/662 604/735/657 610/741/663
f 610/741/663 604/735/657 605/736/658
f 610/741/663 605/736/658 611/742/664
f 611/742/664 605/736/658 578/699/631
f 611/742/664 578/699/631 579/700/632
f 612/743/665 613/744/666 614/745/667
f 615/746/668 616/747/669 617/748/670
f 618/749/671 619/750/672 620/751/673
f 620/751/673 619/750/672 621/752/674
f 620/751/673 621/752/674 622/753/675
f 622/753/675 621/752/674 623/754/676
f 622/753/675 623/754/676 624/755/677
f 624/755/677 623/754/676 625/756/678
f 624/755/677 625/756/678 626/757/679
f 626/757/679 625/756/678 627/758/680
f 626/757/679 627/758/680 628/759/681
f 628/759/681 627/758/680 629/760/682
f 628/759/681 629/760/682 630/761/683
f 630/761/683 629/760/682 631/762/684
f 630/761/683 631/762/684 632/763/685
f 615/746/668 617/748/670 633/764/686
f 633/764/686 617/748/670 634/765/687
f 633/764/686 634/765/687 635/766/688
f 612/743/665 614/745/667 636/767/689
f 636/767/689 614/745/667 637/768/690
f 636/767/689 637/768/690 638/769/691
f 638/769/691 637/768/690 639/770/692
f 638/769/691 639/770/692 640/771/693
f 640/771/693 639/770/692 641/772/694
f 640/771/693 641/772/694 642/773/695
f 642/773/695 641/772/694 643/774/696
f 642/773/695 643/774/696 644/775/697
f 613/744/666 645/776/698 614/745/667
f 614/745/667 645/776/698 646/777/699
f 614/745/667 646/777/699 637/768/690
f 637/768/690 646/777/699 647/778/700
f 637/768/690 647/778/700 639/770/692
f 639/770/692 647/778/700 648/779/701
f 639/770/692 648/779/701 641/772/694
f 641/772/694 648/779/701 649/780/702
f 641/772/694 649/780/702 643/774/696
f 650/781/703 651/782/704 613/744/666
f 613/744/666 651/782/704 652/783/705
f 613/744/666 652/783/705 645/776/698
f 616/747/669 653/784/706 617/748/670
f 617/748/670 653/784/706 650/781/703
f 617/748/670 650/781/703 634/765/687
f 634/765/687 650/781/703 613/744/666
f 634/765/687 613/744/666 635/766/688
f 635/766/688 613/744/666 612/743/665
f 654/785/707 655/786/708 616/787/669
f 655/786/708 656/788/709 616/787/669
f 616/747/669 656/789/709 657/790/710
f 616/747/669 657/790/710 653/784/706
f 615/791/668 619/792/672 616/793/669
f 616/794/669 619/795/672 618/796/671
f 616/787/669 618/749/671 654/785/707
f 654/785/707 618/749/671 620/751/673
f 654/785/707 620/751/673 658/797/711
f 658/797/711 620/751/673 622/753/675
f 658/797/711 622/753/675 659/798/712
f 659/798/712 622/753/675 624/755/677
f 659/798/712 624/755/677 660/799/713
f 660/799/713 624/755/677 626/757/679
f 660/799/713 626/757/679 661/800/714
f 661/800/714 626/757/679 628/759/681
f 661/800/714 628/759/681 662/801/715
f 662/801/715 628/759/681 630/761/683
f 662/801/715 630/761/683 663/802/716
f 663/802/716 630/761/683 632/763/685
f 663/802/716 632/763/685 664/803/717
f 644/775/697 643/774/696 665/804/718
f 665/804/718 643/774/696 666/805/719
f 667/806/720 668/807/721 669/808/722
f 669/808/722 668/807/721 670/809/723
f 669/808/722 670/809/723 671/810/724
f 671/810/724 670/809/723 672/811/725
f 671/810/724 672/811/725 666/805/719
f 666/805/719 672/811/725 673/812/726
f 666/805/719 673/812/726 665/804/718
f 674/813/727 675/814/728 676/815/729
f 676/815/729 675/814/728 677/816/730
f 676/815/729 677/816/730 678/817/731
f 678/817/731 677/816/730 679/818/732
f 679/818/732 677/816/730 680/819/733
f 679/818/732 680/819/733 681/820/734
f 681/820/734 680/819/733 402/476/479
f 681/820/734 402/476/479 414/488/491
f 674/813/727 667/806/720 675/814/728
f 675/814/728 667/806/720 669/808/722
f 675/814/728 669/808/722 682/821/735
f 682/821/735 669/808/722 671/810/724
f 682/821/735 671/810/724 683/822/736
f 683/822/736 671/810/724 666/805/719
f 683/822/736 666/805/719 684/823/737
f 684/823/737 666/805/719 685/824/738
f 685/824/738 666/805/719 643/774/696
f 685/824/738 643/774/696 649/780/702
f 682/821/735 686/825/739 675/814/728
f 675/814/728 686/825/739 687/826/740
f 675/814/728 687/826/740 677/816/730
f 677/816/730 687/826/740 688/827/741
f 677/816/730 688/827/741 680/819/733
f 680/819/733 688/827/741 689/828/742
f 680/819/733 689/828/742 402/476/479
f 402/476/479 689/828/742 403/477/480
f 690/829/743 644/775/697 665/804/718
f 691/830/744 690/829/743 692/831/745
f 693/832/746 691/833/744 694/834/747
f 695/835/748 693/832/746 696/836/749
f 690/829/743 665/804/718 692/831/745
f 692/831/745 665/804/718 673/812/726
f 692/831/745 673/812/726 697/837/750
f 697/837/750 673/812/726 672/811/725
f 697/837/750 672/811/725 698/838/751
f 698/838/751 672/811/725 670/809/723
f 698/838/751 670/809/723 699/839/752
f 699/839/752 670/809/723 668/807/721
f 699/839/752 668/807/721 700/840/753
f 700/840/753 668/807/721 667/806/720
f 700/840/753 667/806/720 701/841/754
f 701/841/754 667/806/720 674/813/727
f 701/841/754 674/813/727 702/842/755
f 702/842/755 674/813/727 676/815/729
f 702/842/755 676/815/729 703/843/756
f 703/843/756 676/815/729 678/817/731
f 703/843/756 678/817/731 704/844/757
f 678/817/731 679/818/732 704/844/757
f 704/844/757 679/818/732 681/820/734
f 704/844/757 681/820/734 705/845/758
f 705/845/758 681/820/734 414/488/491
f 705/845/758 414/488/491 582/703/635
f 691/830/744 692/831/745 694/846/747
f 694/846/747 692/831/745 697/837/750
f 694/846/747 697/837/750 706/847/759
f 706/847/759 697/837/750 698/838/751
f 706/847/759 698/838/751 707/848/760
f 707/848/760 698/838/751 699/839/752
f 707/848/760 699/839/752 708/849/761
f 708/849/761 699/839/752 700/840/753
f 708/849/761 700/840/753 709/850/762
f 709/850/762 700/840/753 701/841/754
f 709/850/762 701/841/754 710/851/763
f 710/851/763 701/841/754 702/842/755
f 710/851/763 702/842/755 711/852/764
f 711/852/764 702/842/755 703/843/756
f 711/852/764 703/843/756 712/853/765
f 712/853/765 703/843/756 704/844/757
f 712/853/765 704/844/757 713/854/766
f 713/854/766 704/844/757 705/845/758
f 713/854/766 705/845/758 714/855/767
f 714/855/767 705/845/758 582/703/635
f 714/855/767 582/703/635 581/702/634
f 693/832/746 694/834/747 696/836/749
f 696/836/749 694/834/747 706/856/759
f 696/836/749 706/856/759 715/857/768
f 715/857/768 706/856/759 707/858/760
f 715/857/768 707/858/760 716/859/769
f 716/859/769 707/858/760 708/860/761
f 716/859/769 708/860/761 717/861/770
f 717/861/770 708/860/761 709/862/762
f 717/861/770 709/862/762 718/863/771
f 718/863/771 709/862/762 710/864/763
f 718/863/771 710/864/763 719/865/772
f 719/865/772 710/864/763 711/866/764
f 719/865/772 711/866/764 720/867/773
f 720/867/773 711/866/764 712/868/765
f 720/867/773 712/868/765 721/869/774
f 721/869/774 712/868/765 713/870/766
f 721/869/774 713/870/766 722/871/775
f 722/871/775 713/870/766 714/872/767
f 722/871/775 714/872/767 723/873/776
f 723/873/776 714/872/767 581/706/634
f 723/873/776 581/706/634 584/705/637
f 695/835/748 696/836/749 724/874/777
f 724/874/777 696/836/749 715/857/768
f 724/874/777 715/857/768 725/875/778
f 725/875/778 715/857/768 716/859/769
f 725/875/778 716/859/769 726/876/779
f 726/876/779 716/859/769 717/861/770
f 726/876/779 717/861/770 727/877/780
f 727/877/780 717/861/770 718/863/771
f 727/877/780 718/863/771 728/878/781
f 728/878/781 718/863/771 719/865/772
f 728/878/781 719/865/772 729/879/782
f 729/879/782 719/865/772 720/867/773
f 729/879/782 720/867/773 730/880/783
f 730/880/783 720/867/773 721/869/774
f 730/880/783 721/869/774 731/881/784
f 731/881/784 721/869/774 722/871/775
f 731/881/784 722/871/775 732/882/785
f 732/882/785 722/871/775 723/873/776
f 732/882/785 723/873/776 733/883/786
f 733/883/786 723/873/776 584/705/637
f 733/883/786 584/705/637 586/708/639
f 734/884/787 735/885/788 736/886/789
f 737/887/790 631/762/684 629/760/682
f 738/888/791 737/889/790 739/890/792
f 735/885/788 738/888/791 740/891/793
f 737/887/790 629/760/682 739/892/792
f 739/892/792 629/760/682 627/758/680
f 739/892/792 627/758/680 741/893/794
f 741/893/794 627/758/680 625/756/678
f 741/893/794 625/756/678 742/894/795
f 742/894/795 625/756/678 623/754/676
f 742/894/795 623/754/676 743/895/796
f 743/895/796 623/754/676 621/752/674
f 743/895/796 621/752/674 744/896/797
f 744/896/797 621/752/674 619/750/672
f 744/896/797 619/750/672 745/897/798
f 745/898/798 619/899/672 615/746/668
f 745/898/798 615/746/668 746/900/799
f 746/900/799 615/746/668 633/764/686
f 746/900/799 633/764/686 747/901/800
f 747/901/800 633/764/686 635/766/688
f 747/901/800 635/766/688 748/902/801
f 748/902/801 635/766/688 612/743/665
f 748/902/801 612/743/665 749/903/802
f 749/903/802 612/743/665 636/767/689
f 749/903/802 636/767/689 750/904/803
f 750/904/803 636/767/689 638/769/691
f 750/904/803 638/769/691 751/905/804
f 751/905/804 638/769/691 640/771/693
f 751/905/804 640/771/693 752/906/805
f 752/906/805 640/771/693 642/773/695
f 752/906/805 642/773/695 753/907/806
f 753/907/806 642/773/695 644/775/697
f 753/907/806 644/775/697 690/829/743
f 738/888/791 739/890/792 740/891/793
f 740/891/793 739/890/792 741/908/794
f 740/891/793 741/908/794 754/909/807
f 754/909/807 741/908/794 742/910/795
f 754/909/807 742/910/795 755/911/808
f 755/911/808 742/910/795 743/912/796
f 755/911/808 743/912/796 756/913/809
f 756/913/809 743/912/796 744/914/797
f 756/913/809 744/914/797 757/915/810
f 757/915/810 744/914/797 745/916/798
f 757/915/810 745/916/798 758/917/811
f 758/917/811 745/916/798 746/918/799
f 758/917/811 746/918/799 759/919/812
f 759/919/812 746/918/799 747/920/800
f 759/919/812 747/920/800 760/921/813
f 760/922/813 747/901/800 748/902/801
f 760/922/813 748/902/801 761/923/814
f 761/923/814 748/902/801 749/903/802
f 761/923/814 749/903/802 762/924/815
f 762/924/815 749/903/802 750/904/803
f 762/924/815 750/904/803 763/925/816
f 763/925/816 750/904/803 751/905/804
f 763/925/816 751/905/804 764/926/817
f 764/926/817 751/905/804 752/906/805
f 764/926/817 752/906/805 765/927/818
f 765/927/818 752/906/805 753/907/806
f 765/927/818 753/907/806 766/928/819
f 766/928/819 753/907/806 690/829/743
f 766/928/819 690/829/743 691/830/744
f 735/885/788 740/891/793 736/886/789
f 736/886/789 740/891/793 754/909/807
f 736/886/789 754/909/807 767/929/820
f 767/929/820 754/909/807 755/911/808
f 767/929/820 755/911/808 768/930/821
f 768/930/821 755/911/808 756/913/809
f 768/930/821 756/913/809 769/931/822
f 769/931/822 756/913/809 757/915/810
f 769/931/822 757/915/810 770/932/823
f 770/932/823 757/915/810 758/917/811
f 770/932/823 758/917/811 771/933/824
f 771/933/824 758/917/811 759/919/812
f 771/933/824 759/919/812 772/934/825
f 772/934/825 759/919/812 760/921/813
f 772/934/825 760/921/813 773/935/826
f 773/935/826 760/921/813 761/936/814
f 773/935/826 761/936/814 774/937/827
f 774/937/827 761/936/814 762/938/815
f 774/937/827 762/938/815 775/939/828
f 775/939/828 762/938/815 763/940/816
f 775/939/828 763/940/816 776/941/829
f 776/941/829 763/940/816 764/942/817
f 776/941/829 764/942/817 777/943/830
f 777/943/830 764/942/817 765/944/818
f 777/943/830 765/944/818 778/945/831
f 778/945/831 765/944/818 766/946/819
f 778/945/831 766/946/819 779/947/832
f 779/947/832 766/946/819 691/833/744
f 779/947/832 691/833/744 693/832/746
f 734/884/787 736/886/789 780/948/833
f 780/948/833 736/886/789 767/929/820
f 780/948/833 767/929/820 781/949/834
f 781/949/834 767/929/820 768/930/821
f 781/949/834 768/930/821 782/950/835
f 782/950/835 768/930/821 769/931/822
f 782/950/835 769/931/822 783/951/836
f 783/951/836 769/931/822 770/932/823
f 783/951/836 770/932/823 784/952/837
f 784/952/837 770/932/823 771/933/824
f 784/952/837 771/933/824 785/953/838
f 785/953/838 771/933/824 772/934/825
f 785/953/838 772/934/825 786/954/839
f 786/954/839 772/934/825 773/935/826
f 786/954/839 773/935/826 787/955/840
f 787/955/840 773/935/826 774/937/827
f 787/955/840 774/937/827 788/956/841
f 788/956/841 774/937/827 775/939/828
f 788/956/841 775/939/828 789/957/842
f 789/957/842 775/939/828 776/941/829
f 789/957/842 776/941/829 790/958/843
f 790/958/843 776/941/829 777/943/830
f 790/958/843 777/943/830 791/959/844
f 791/959/844 777/943/830 778/945/831
f 791/959/844 778/945/831 792/960/845
f 792/960/845 778/945/831 779/947/832
f 792/960/845 779/947/832 793/961/846
f 793/961/846 779/947/832 693/832/746
f 793/961/846 693/832/746 695/835/748
f 631/762/684 737/887/790 794/962/847
f 795/963/848 796/964/849 797/965/850
f 798/966/851 799/967/852 796/968/849
f 800/969/853 801/970/854 799/967/852
f 802/971/855 803/972/856 801/970/854
f 797/965/850 804/973/857 795/963/848
f 795/963/848 804/973/857 805/974/858
f 795/963/848 805/974/858 806/975/859
f 806/975/859 805/974/858 807/976/860
f 806/975/859 807/976/860 808/977/861
f 808/977/861 807/976/860 809/978/862
f 808/977/861 809/978/862 810/979/863
f 810/979/863 809/978/862 811/980/864
f 810/979/863 811/980/864 812/981/865
f 811/980/864 813/982/866 812/981/865
f 812/981/865 813/982/866 814/983/867
f 812/981/865 814/983/867 794/962/847
f 794/962/847 814/983/867 815/984/868
f 794/962/847 815/984/868 631/762/684
f 796/968/849 795/985/848 798/966/851
f 798/966/851 795/985/848 806/986/859
f 798/966/851 806/986/859 816/987/869
f 816/987/869 806/986/859 808/988/861
f 816/987/869 808/988/861 817/989/870
f 817/989/870 808/988/861 810/990/863
f 817/989/870 810/990/863 818/991/871
f 818/991/871 810/990/863 812/992/865
f 818/991/871 812/992/865 819/993/872
f 819/993/872 812/992/865 794/994/847
f 819/993/872 794/994/847 820/995/873
f 820/995/873 794/994/847 737/889/790
f 820/995/873 737/889/790 738/888/791
f 799/967/852 798/966/851 800/969/853
f 800/969/853 798/966/851 816/987/869
f 800/969/853 816/987/869 821/996/874
f 821/996/874 816/987/869 817/989/870
f 821/996/874 817/989/870 822/997/875
f 822/997/875 817/989/870 818/991/871
f 822/997/875 818/991/871 823/998/876
f 823/998/876 818/991/871 819/993/872
f 823/998/876 819/993/872 824/999/877
f 824/999/877 819/993/872 820/995/873
f 824/999/877 820/995/873 825/1000/878
f 825/1000/878 820/995/873 738/888/791
f 825/1000/878 738/888/791 735/885/788
f 801/970/854 800/969/853 802/971/855
f 802/971/855 800/969/853 821/996/874
f 802/971/855 821/996/874 826/1001/879
f 826/1001/879 821/996/874 822/997/875
f 826/1001/879 822/997/875 827/1002/880
f 827/1002/880 822/997/875 823/998/876
f 827/1002/880 823/998/876 828/1003/881
f 828/1003/881 823/998/876 824/999/877
f 828/1003/881 824/999/877 829/1004/882
f 829/1004/882 824/999/877 825/1000/878
f 829/1004/882 825/1000/878 830/1005/883
f 830/1005/883 825/1000/878 735/885/788
f 830/1005/883 735/885/788 734/884/787
f 831/1006/884 832/1007/885 833/1008/886
f 834/1009/887 835/1010/888 833/1011/886
f 836/1012/889 837/1013/890 838/1014/891
f 839/1015/892 840/1016/893 841/1017/894
f 842/1018/895 843/1019/896 844/1020/897
f 844/1020/897 845/1021/898 842/1018/895
f 842/1022/895 845/1023/898 846/1024/899
f 842/1022/895 846/1024/899 841/1017/894
f 841/1017/894 846/1024/899 847/1025/900
f 841/1017/894 847/1025/900 839/1015/892
f 797/965/850 848/1026/901 837/1013/890
f 837/1013/890 848/1026/901 849/1027/902
f 837/1013/890 849/1027/902 838/1014/891
f 838/1014/891 849/1027/902 850/1028/903
f 838/1014/891 850/1028/903 851/1029/904
f 852/1030/905 853/1031/906 854/1032/907
f 854/1032/907 853/1031/906 855/1033/908
f 831/1006/884 65/101/137 70/106/909
f 68/104/140 66/102/138 856/1034/910
f 856/1035/910 857/1036/911 858/1037/912
f 68/104/140 856/1034/910 97/1038/169
f 97/141/169 856/1035/910 858/1037/912
f 97/141/169 858/1037/912 62/98/134
f 854/1032/907 836/1012/889 852/1030/905
f 852/1030/905 836/1012/889 838/1014/891
f 852/1030/913 838/1014/891 843/1019/896
f 843/1019/896 838/1014/891 851/1029/904
f 843/1019/896 851/1029/904 844/1020/897
f 835/1010/888 857/1036/911 833/1011/886
f 833/1011/886 857/1036/911 856/1035/910
f 833/1008/886 856/1034/910 831/1006/884
f 831/1006/884 856/1034/910 66/102/138
f 831/1006/884 66/102/138 65/101/137
f 71/107/143 855/1033/908 70/106/142
f 70/106/142 855/1033/908 853/1031/906
f 70/106/909 853/1031/914 831/1006/884
f 831/1006/884 853/1031/914 852/1030/913
f 831/1006/884 852/1030/913 832/1007/885
f 832/1007/885 852/1030/913 843/1019/896
f 832/1007/885 843/1019/896 833/1008/886
f 833/1008/886 843/1019/896 842/1018/895
f 833/1011/886 842/1022/895 834/1009/887
f 834/1009/887 842/1022/895 841/1017/894
f 839/1015/892 847/1025/900 859/1039/915
f 860/1040/916 861/1041/917 862/1042/918
f 863/1043/919 864/1044/920 861/1045/917
f 865/1046/921 866/1047/922 864/1044/920
f 867/1048/923 868/1049/924 851/1029/904
f 851/1029/904 850/1028/903 867/1048/923
f 867/1048/923 850/1028/903 849/1027/902
f 867/1048/923 849/1027/902 796/964/849
f 796/964/849 849/1027/902 848/1026/901
f 796/964/849 848/1026/901 797/965/850
f 859/1039/915 847/1025/900 869/1050/925
f 847/1025/900 846/1024/899 869/1050/925
f 869/1050/925 846/1024/899 845/1023/898
f 869/1051/925 845/1021/898 868/1049/924
f 868/1049/924 845/1021/898 844/1020/897
f 868/1049/924 844/1020/897 851/1029/904
f 840/1016/893 839/1015/892 862/1042/918
f 862/1042/918 839/1015/892 859/1039/915
f 862/1042/918 859/1039/915 860/1040/916
f 860/1040/916 859/1039/915 869/1050/925
f 860/1040/916 869/1050/925 870/1052/926
f 870/1053/926 869/1054/925 868/1055/924
f 870/1053/926 868/1055/924 871/1056/927
f 871/1056/927 868/1055/924 867/1057/923
f 871/1056/927 867/1057/923 872/1058/928
f 872/1058/928 867/1057/923 796/968/849
f 872/1058/928 796/968/849 799/967/852
f 861/1045/917 860/1059/916 863/1043/919
f 863/1043/919 860/1059/916 870/1053/926
f 863/1043/919 870/1053/926 873/1060/929
f 873/1060/929 870/1053/926 871/1056/927
f 873/1060/929 871/1056/927 874/1061/930
f 874/1061/930 871/1056/927 872/1058/928
f 874/1061/930 872/1058/928 875/1062/931
f 875/1062/931 872/1058/928 799/967/852
f 875/1062/931 799/967/852 801/970/854
f 864/1044/920 863/1043/919 865/1046/921
f 865/1046/921 863/1043/919 873/1060/929
f 865/1046/921 873/1060/929 876/1063/932
f 876/1063/932 873/1060/929 874/1061/930
f 876/1063/932 874/1061/930 877/1064/933
f 877/1064/933 874/1061/930 875/1062/931
f 877/1064/933 875/1062/931 878/1065/934
f 878/1065/934 875/1062/931 801/970/854
f 878/1065/934 801/970/854 803/972/856
f 879/1066/935 880/1067/936 881/1068/937
f 840/1016/893 880/1067/936 841/1017/894
f 841/1017/894 880/1067/936 879/1066/935
f 841/1017/894 879/1066/935 834/1009/887
f 834/1009/887 879/1066/935 882/1069/938
f 834/1009/887 882/1069/938 835/1010/888
f 835/1010/888 882/1069/938 857/1036/911
f 883/1070/939 62/98/134 858/1037/912
f 883/1070/939 858/1037/912 884/1071/940
f 885/1072/941 883/1070/939 886/1073/942
f 886/1073/942 883/1070/939 884/1071/940
f 886/1073/942 884/1071/940 887/1074/943
f 887/1074/943 884/1071/940 888/1075/944
f 889/1076/945 890/1077/946 891/1078/947
f 891/1078/947 890/1077/946 892/1079/948
f 891/1078/947 892/1079/948 888/1075/944
f 888/1075/944 892/1079/948 893/1080/949
f 888/1075/944 893/1080/949 887/1074/943
f 858/1037/912 857/1036/911 884/1071/940
f 884/1071/940 857/1036/911 882/1069/938
f 884/1071/940 882/1069/938 888/1075/944
f 888/1075/944 882/1069/938 879/1066/935
f 888/1075/944 879/1066/935 891/1078/947
f 891/1078/947 879/1066/935 881/1068/937
f 891/1078/947 881/1068/937 889/1076/945
f 894/1081/950 895/1082/951 896/1083/952
f 880/1067/936 840/1016/893 862/1042/918
f 880/1067/936 862/1042/918 881/1068/937
f 894/1081/950 896/1083/952 897/1084/953
f 897/1084/953 896/1083/952 898/1085/954
f 897/1084/953 898/1085/954 899/1086/955
f 899/1086/955 898/1085/954 900/1087/956
f 899/1086/955 900/1087/956 901/1088/957
f 866/1047/922 900/1087/956 864/1044/920
f 864/1044/920 900/1087/956 898/1085/954
f 864/1044/920 898/1085/954 861/1045/917
f 861/1045/917 898/1085/954 896/1083/952
f 861/1041/917 896/1089/952 862/1042/918
f 862/1042/918 896/1089/952 895/1090/951
f 862/1042/918 895/1090/951 881/1068/937
f 881/1068/937 895/1090/951 894/1091/950
f 881/1068/937 894/1091/950 889/1076/945
s 0
f 902/1092/592 903/1093/592 904/1094/592
f 904/1094/592 903/1093/592 905/1095/592
f 865/1046/592 876/1063/592 907/1096/592
f 908/1097/592 904/1098/592 909/1099/592
f 909/1099/592 904/1098/592 906/1100/592
f 909/1099/592 906/1100/592 910/1101/592
f 910/1101/592 906/1100/592 907/1096/592
f 865/1046/592 907/1096/592 866/1047/592
f 866/1047/592 907/1096/592 911/1102/592
f 866/1047/592 911/1102/592 900/1087/592
f 876/1063/592 877/1064/592 913/1103/592
f 912/1104/592 383/1105/592 914/1106/592
f 914/1107/592 382/453/592 915/1108/592
f 915/1108/592 382/453/592 916/1109/592
f 913/1103/592 918/1110/592 876/1063/592
f 876/1063/592 918/1110/592 919/1111/592
f 876/1063/592 919/1111/592 907/1096/592
f 907/1096/592 919/1111/592 920/1112/592
f 907/1096/592 920/1112/592 910/1101/592
f 911/1102/592 921/1113/592 900/1087/592
f 900/1087/592 921/1113/592 915/1108/592
f 900/1087/592 915/1108/592 901/1088/592
f 878/1065/592 922/1114/592 877/1064/592
f 877/1064/592 922/1114/592 923/1115/592
f 803/972/592 924/1116/592 925/1117/592
f 925/1117/592 926/1118/592 803/972/592
f 803/972/592 926/1118/592 927/1119/592
f 803/972/592 927/1119/592 878/1065/592
f 878/1065/592 927/1119/592 928/1120/592
f 878/1065/592 928/1120/592 922/1114/592
f 608/739/592 609/740/592 929/1121/592
f 781/949/592 930/1122/592 780/948/592
f 780/948/592 930/1122/592 931/1123/592
f 780/948/592 931/1123/592 734/884/592
f 929/1121/592 609/740/592 932/1124/592
f 932/1124/592 609/740/592 610/741/592
f 932/1124/592 610/741/592 933/1125/592
f 828/1003/592 934/1126/592 827/1002/592
f 827/1002/592 934/1126/592 935/1127/592
f 827/1002/592 935/1127/592 826/1001/592
f 826/1001/592 935/1127/592 924/1116/592
f 826/1001/592 924/1116/592 802/971/592
f 802/971/592 924/1116/592 803/972/592
f 931/1123/592 936/1128/592 734/884/592
f 734/884/592 936/1128/592 937/1129/592
f 734/884/592 937/1129/592 830/1005/592
f 830/1005/592 937/1129/592 938/1130/592
f 830/1005/592 938/1130/592 829/1004/592
f 829/1004/592 938/1130/592 939/1131/592
f 829/1004/592 939/1131/592 828/1003/592
f 828/1003/592 939/1131/592 940/1132/592
f 828/1003/592 940/1132/592 934/1126/592
f 929/1121/592 941/1133/592 608/739/592
f 608/739/592 941/1133/592 942/1134/592
f 608/739/592 942/1134/592 607/738/592
f 607/738/592 942/1134/592 943/1135/592
f 607/738/592 943/1135/592 606/737/592
f 606/737/592 943/1135/592 944/1136/592
f 606/737/592 944/1136/592 585/707/592
f 585/707/592 944/1136/592 586/708/592
f 791/959/592 945/1137/592 790/958/592
f 790/958/592 945/1137/592 946/1138/592
f 790/958/592 946/1138/592 789/957/592
f 789/957/592 946/1138/592 947/1139/592
f 789/957/592 947/1139/592 788/956/592
f 933/1125/592 610/741/592 948/1140/592
f 948/1140/592 610/741/592 611/742/592
f 948/1140/592 611/742/592 949/1141/592
f 949/1141/592 611/742/592 579/700/592
f 949/1141/592 579/700/592 950/1142/592
f 950/1142/592 579/700/592 568/686/592
f 950/1142/592 568/686/592 951/1143/592
f 951/1143/592 568/686/592 570/688/592
f 944/1136/592 953/1144/592 586/708/592
f 586/708/592 953/1144/592 954/1145/592
s 1
f 586/708/639 954/1145/592 733/883/786
f 733/883/786 954/1145/592 955/1146/592
f 733/883/786 955/1146/592 732/882/785
f 732/882/785 955/1146/592 956/1147/592
f 732/882/785 956/1147/592 731/881/784
f 731/881/784 956/1147/592 957/1148/592
f 731/881/784 957/1148/592 730/880/783
f 730/880/783 957/1148/592 958/1149/592
f 730/880/783 958/1149/592 729/879/782
f 729/879/782 958/1149/592 959/1150/592
f 729/879/782 959/1150/592 728/878/781
f 728/878/781 959/1150/592 960/1151/592
f 728/878/781 960/1151/592 727/877/780
f 727/877/780 960/1151/592 961/1152/592
f 727/877/780 961/1152/592 726/876/779
f 726/876/779 961/1152/592 962/1153/592
f 726/876/779 962/1153/592 725/875/778
f 725/875/778 962/1153/592 963/1154/592
f 725/875/778 963/1154/592 724/874/777
f 724/874/777 963/1154/592 964/1155/592
f 724/874/777 964/1155/592 695/835/748
f 695/835/748 964/1155/592 965/1156/592
s 0
f 695/835/592 965/1156/592 793/961/592
f 793/961/592 965/1156/592 966/1157/592
f 793/961/592 966/1157/592 792/960/592
f 792/960/592 966/1157/592 967/1158/592
f 792/960/592 967/1158/592 791/959/592
f 791/959/592 967/1158/592 968/1159/592
f 791/959/592 968/1159/592 945/1137/592
f 947/1139/592 969/1160/592 788/956/592
f 788/956/592 969/1160/592 970/1161/592
f 788/956/592 970/1161/592 787/955/592
f 787/955/592 970/1161/592 971/1162/592
f 787/955/592 971/1162/592 786/954/592
f 786/954/592 971/1162/592 972/1163/592
f 786/954/592 972/1163/592 785/953/592
f 972/1163/592 973/1164/592 785/953/592
f 785/953/592 973/1164/592 974/1165/592
f 785/953/592 974/1165/592 784/952/592
f 784/952/592 974/1165/592 975/1166/592
f 784/952/592 975/1166/592 783/951/592
f 783/951/592 975/1166/592 976/1167/592
f 783/951/592 976/1167/592 782/950/592
f 782/950/592 976/1167/592 977/1168/592
f 782/950/592 977/1168/592 781/949/592
f 781/949/592 977/1168/592 978/1169/592
f 781/949/592 978/1169/592 930/1122/592
s 1
f 392/1170/469 979/1171/958 980/1172/959
f 981/1173/960 388/459/465 980/1172/959
f 980/1172/959 388/459/465 390/461/467
f 980/1172/959 390/461/467 392/1170/469
f 916/1109/961 382/453/459 981/1173/960
f 981/1173/960 382/453/459 384/455/461
f 384/455/461 386/457/463 981/1173/960
f 981/1173/960 386/457/463 387/458/464
f 981/1173/960 387/458/464 388/459/465
f 982/1174/962 889/1175/945 894/1176/950
f 917/1177/963 916/1109/961 983/1178/964
f 983/1178/964 916/1109/961 981/1173/960
f 983/1178/964 981/1173/960 984/1179/965
f 984/1179/965 981/1173/960 980/1172/959
f 984/1179/965 980/1172/959 985/1180/966
f 985/1180/966 980/1172/959 979/1171/958
f 901/1088/957 917/1177/963 899/1086/955
f 899/1086/955 917/1177/963 983/1178/964
f 899/1086/955 983/1178/964 897/1084/953
f 897/1084/953 983/1178/964 984/1179/965
f 897/1084/953 984/1179/965 894/1081/950
f 894/1081/950 984/1179/965 985/1180/966
f 894/1176/950 985/1181/966 982/1174/962
f 982/1174/962 985/1181/966 979/1182/958
f 982/1174/962 979/1182/958 986/1183/967
f 986/1183/967 979/1182/958 392/465/469
f 986/1183/967 392/465/469 393/466/470
f 93/131/165 62/98/134 883/1070/939
f 987/1184/968 988/1185/969 885/1072/941
f 885/1072/941 988/1185/969 883/1070/939
f 988/1185/969 84/122/156 88/126/160
f 88/126/160 86/124/158 988/1185/969
f 988/1185/969 86/124/158 85/123/157
f 988/1185/969 85/123/157 883/1070/939
f 883/1070/939 85/123/157 92/130/164
f 883/1070/939 92/130/164 93/131/165
f 338/409/415 890/1186/946 889/1175/945
f 986/1183/967 393/466/470 334/405/411
f 889/1175/945 982/1174/962 338/409/415
f 338/409/415 982/1174/962 986/1183/967
f 338/409/415 986/1183/967 336/407/413
f 336/407/413 986/1183/967 334/405/411
f 351/1187/970 987/1184/968 885/1072/941
f 890/1186/946 338/409/415 892/1188/948
f 892/1188/948 338/409/415 341/412/418
f 892/1188/948 341/412/418 893/1189/949
f 893/1189/949 341/412/418 343/414/971
f 893/1189/949 343/414/971 887/1190/943
f 887/1190/943 343/414/971 345/416/972
f 887/1074/943 345/1191/972 886/1073/942
f 886/1073/942 345/1191/972 347/1192/973
f 886/1073/942 347/1192/973 885/1072/941
f 885/1072/941 347/1192/973 349/1193/974
f 885/1072/941 349/1193/974 351/1187/970
f 373/1194/975 989/1195/976 990/1196/977
f 373/1194/975 990/1196/977 371/1197/978
f 371/1197/978 990/1196/977 991/1198/979
f 371/1197/978 991/1198/979 356/1199/980
f 356/1199/980 991/1198/979 992/1200/981
f 356/1199/980 992/1200/981 353/1201/982
f 353/1201/982 992/1200/981 987/1184/968
f 353/1201/982 987/1184/968 351/1187/970
f 988/1185/969 987/1184/968 992/1200/981
f 84/122/156 988/1185/969 993/1202/983
f 988/1185/969 992/1200/981 993/1202/983
f 993/1202/983 992/1200/981 991/1198/979
f 993/1202/983 991/1198/979 994/1203/984
f 994/1203/984 991/1198/979 990/1196/977
f 994/1203/984 990/1196/977 995/1204/985
f 995/1204/985 990/1196/977 989/1195/976
f 995/1204/985 989/1195/976 996/1205/986
f 84/122/156 993/1202/983 997/1206/987
f 997/1206/987 993/1202/983 994/1203/984
f 997/1206/987 994/1203/984 998/1207/988
f 998/1207/988 994/1203/984 995/1204/985
f 998/1207/988 995/1204/985 999/1208/989
f 999/1208/989 995/1204/985 996/1205/986
f 999/1208/989 996/1205/986 1000/1209/990
f 1001/1210/991 1002/1211/992 1003/1212/993
f 996/1205/986 989/1195/976 1004/1213/994
f 1005/1214/995 1000/1209/990 996/1205/986
f 996/1205/986 1004/1213/994 1005/1214/995
f 1005/1214/995 1004/1213/994 1006/1215/996
f 1005/1214/995 1006/1215/996 1007/1216/997
f 1007/1216/997 1006/1215/996 1008/1217/998
f 1007/1216/997 1008/1217/998 1009/1218/999
f 1009/1218/999 1008/1217/998 1010/1219/1000
f 1009/1218/999 1010/1219/1000 1011/1220/1001
f 1011/1220/1001 1010/1219/1000 1012/1221/1002
f 1011/1220/1001 1012/1221/1002 1013/1222/1003
f 1013/1222/1003 1012/1221/1002 1014/1223/1004
f 1013/1222/1003 1014/1223/1004 1015/1224/1005
f 1014/1223/1004 1016/1225/1006 1015/1224/1005
f 1015/1224/1005 1016/1225/1006 1017/1226/1007
f 1015/1224/1005 1017/1226/1007 1003/1212/993
f 1003/1212/993 1017/1226/1007 1018/1227/1008
f 1003/1212/993 1018/1227/1008 1001/1210/991
f 1001/1210/991 1018/1227/1008 1019/1228/1009
f 1001/1210/991 1019/1228/1009 1020/1229/1010
f 332/1230/1011 1020/1229/1010 1019/1228/1009
f 332/1230/1011 1019/1228/1009 333/1231/1012
f 333/1231/1012 1019/1228/1009 1018/1227/1008
f 333/1231/1012 1018/1227/1008 360/1232/1013
f 1018/1227/1008 1017/1226/1007 360/1232/1013
f 360/1232/1013 1017/1226/1007 1016/1225/1006
f 360/1232/1013 1016/1225/1006 362/1233/1014
f 1016/1225/1006 1014/1223/1004 362/1233/1014
f 362/1233/1014 1014/1223/1004 1012/1221/1002
f 362/1233/1014 1012/1221/1002 364/1234/1015
f 1012/1221/1002 1010/1219/1000 364/1234/1015
f 364/1234/1015 1010/1219/1000 1008/1217/998
f 364/1234/1015 1008/1217/998 367/1235/1016
f 367/1235/1016 1008/1217/998 1006/1215/996
f 367/1235/1016 1006/1215/996 379/1236/1017
f 379/1236/1017 1006/1215/996 1004/1213/994
f 379/1236/1017 1004/1213/994 377/1237/1018
f 377/1237/1018 1004/1213/994 375/1238/1019
f 375/1238/1019 1004/1213/994 989/1195/976
f 375/1238/1019 989/1195/976 373/1194/975
f 1021/1239/1020 1020/1229/1010 332/1230/1011
f 332/1230/1011 462/1240/1021 1021/1239/1020
f 1021/1239/1020 462/1240/1021 460/552/1022
f 1021/1239/1020 460/552/1022 1022/1241/1023
f 1022/1241/1023 460/552/1022 459/551/1024
f 1022/1241/1023 459/551/1024 1023/1242/1025
f 459/551/1024 457/549/1026 1023/1242/1025
f 1023/1242/1025 457/549/1026 455/547/1027
f 1023/1242/1025 455/547/1027 1024/1243/1028
f 455/547/1027 453/545/1029 1024/1243/1028
f 1024/1243/1028 453/545/1029 451/543/1030
f 1024/1243/1028 451/543/1030 1025/1244/1031
f 1025/1244/1031 451/543/1030 445/537/1032
f 1025/1244/1031 445/537/1032 1026/1245/1033
f 1026/1245/1033 445/537/1032 447/539/1034
f 1026/1245/1033 447/539/1034 1027/1246/1035
f 1027/1246/1035 447/539/1034 424/498/501
f 1027/1246/1035 424/498/501 1028/1247/1036
f 1027/1246/1035 1028/1247/1036 1029/1248/1037
f 1001/1210/991 1020/1229/1010 1021/1239/1020
f 1001/1210/991 1021/1239/1020 1030/1249/1038
f 1030/1249/1038 1021/1239/1020 1022/1241/1023
f 1030/1249/1038 1022/1241/1023 1031/1250/1039
f 1031/1250/1039 1022/1241/1023 1023/1242/1025
f 1031/1250/1039 1023/1242/1025 1032/1251/1040
f 1032/1251/1040 1023/1242/1025 1024/1243/1028
f 1032/1251/1040 1024/1243/1028 1033/1252/1041
f 1033/1252/1041 1024/1243/1028 1025/1244/1031
f 1033/1252/1041 1025/1244/1031 1034/1253/1042
f 1034/1253/1042 1025/1244/1031 1026/1245/1033
f 1034/1253/1042 1026/1245/1033 1035/1254/1043
f 1035/1254/1043 1026/1245/1033 1027/1246/1035
f 1035/1254/1043 1027/1246/1035 1036/1255/1044
f 1036/1255/1044 1027/1246/1035 1029/1248/1037
f 1036/1255/1044 1029/1248/1037 1037/1256/1045
f 1037/1256/1045 1038/1257/1046 1036/1255/1044
f 1036/1255/1044 1038/1257/1046 1039/1258/1047
f 1036/1255/1044 1039/1258/1047 1035/1254/1043
f 1035/1254/1043 1039/1258/1047 1040/1259/1048
f 1035/1254/1043 1040/1259/1048 1034/1253/1042
f 1034/1253/1042 1040/1259/1048 1041/1260/1049
f 1034/1253/1042 1041/1260/1049 1033/1252/1041
f 1033/1252/1041 1041/1260/1049 1042/1261/1050
f 1033/1252/1041 1042/1261/1050 1032/1251/1040
f 1032/1251/1040 1042/1261/1050 1043/1262/1051
f 1032/1251/1040 1043/1262/1051 1031/1250/1039
f 1031/1250/1039 1043/1262/1051 1044/1263/1052
f 1031/1250/1039 1044/1263/1052 1030/1249/1038
f 1030/1249/1038 1044/1263/1052 1002/1211/992
f 1030/1249/1038 1002/1211/992 1001/1210/991
f 1045/1264/1053 1028/1247/1036 424/498/501
f 424/498/501 423/497/500 1045/1264/1053
f 1045/1264/1053 423/497/500 442/534/519
f 1045/1264/1053 442/534/519 110/159/183
f 110/159/183 442/534/519 440/1265/517
f 110/159/183 440/1265/517 111/160/184
f 1046/1266/1054 1037/1256/1045 1047/1267/1055
f 1047/1267/1055 1037/1256/1045 1029/1248/1037
f 1047/1267/1055 1029/1248/1037 1028/1247/1036
f 1048/1268/1056 1049/1269/1057 1050/1270/1058
f 1050/1270/1058 1049/1269/1057 1045/1264/1053
f 1050/1270/1058 1045/1264/1053 110/159/183
f 1028/1247/1036 1045/1264/1053 1047/1267/1055
f 1047/1267/1055 1045/1264/1053 1049/1269/1057
f 1047/1267/1055 1049/1269/1057 1046/1266/1054
f 1046/1266/1054 1049/1269/1057 1048/1268/1056
f 1046/1266/1054 1048/1268/1056 1051/1271/1059
f 326/395/404 324/393/402 1052/1272/1060
f 1052/1272/1060 1053/1273/1061 326/395/404
f 326/397/404 1053/1274/1061 1054/1275/1062
f 326/397/404 1054/1275/1062 308/373/384
f 308/373/384 1054/1275/1062 1055/1276/1063
f 308/373/384 1055/1276/1063 122/171/195
f 1056/1277/1064 1057/1278/1065 1058/1279/1066
f 1058/1279/1066 1059/1280/1067 1060/1281/1068
f 1060/1281/1068 1059/1280/1067 1061/1282/1069
f 1060/1281/1068 1061/1282/1069 1062/1283/1070
f 1062/1283/1070 1061/1282/1069 1063/1284/1071
f 1062/1283/1070 1063/1284/1071 1064/1285/1072
f 120/169/193 1062/1283/1070 118/167/191
f 118/167/191 1062/1283/1070 1064/1285/1072
f 118/167/191 1064/1285/1072 123/172/196
f 1058/1279/1066 1060/1281/1068 1056/1277/1064
f 1056/1277/1064 1060/1281/1068 1062/1283/1070
f 1056/1277/1064 1062/1283/1070 1065/1286/1073
f 1065/1286/1073 1062/1283/1070 120/169/193
f 1065/1286/1073 120/169/193 122/171/195
f 1052/1272/1060 1057/1287/1065 1053/1273/1061
f 1053/1273/1061 1057/1287/1065 1056/1288/1064
f 1053/1274/1061 1056/1277/1064 1054/1275/1062
f 1054/1275/1062 1056/1277/1064 1065/1286/1073
f 1054/1275/1062 1065/1286/1073 1055/1276/1063
f 1055/1276/1063 1065/1286/1073 122/171/195
f 116/165/189 117/166/190 1066/1289/1074
f 1067/1290/1075 1068/1291/1076 1069/1292/1077
f 1069/1292/1077 1068/1291/1076 1070/1293/1078
f 1069/1292/1077 1070/1293/1078 1071/1294/1079
f 1059/1280/1067 1072/1295/1080 1061/1282/1069
f 1061/1282/1069 1072/1295/1080 1073/1296/1081
f 1061/1282/1069 1073/1296/1081 1063/1284/1071
f 1063/1284/1071 1073/1296/1081 1064/1285/1072
f 1066/1289/1074 117/166/190 1073/1296/1081
f 1073/1296/1081 117/166/190 125/174/198
f 1073/1296/1081 125/174/198 1064/1285/1072
f 1064/1285/1072 125/174/198 124/173/197
f 1064/1285/1072 124/173/197 123/172/196
f 1072/1295/1080 1070/1293/1078 1073/1296/1081
f 1073/1296/1081 1070/1293/1078 1068/1291/1076
f 1073/1296/1081 1068/1291/1076 1066/1289/1074
f 1066/1289/1074 1068/1291/1076 1067/1290/1075
f 1066/1289/1074 1067/1290/1075 116/165/189
f 116/165/189 1067/1290/1075 109/158/182
f 110/159/183 109/158/182 1067/1290/1075
f 1071/1294/1079 1051/1271/1059 1069/1292/1077
f 1069/1292/1077 1051/1271/1059 1048/1268/1056
f 1069/1292/1077 1048/1268/1056 1067/1290/1075
f 1067/1290/1075 1048/1268/1056 1050/1270/1058
f 1067/1290/1075 1050/1270/1058 110/159/183
f 1074/1297/1082 1051/1271/1059 1071/1294/1079
f 1075/1298/1083 1076/1299/1084 1077/1300/1085
f 1052/1272/1060 1075/1298/1083 1057/1287/1065
f 1057/1287/1065 1075/1298/1083 1058/1301/1066
f 1075/1298/1083 1077/1300/1085 1058/1301/1066
f 1058/1279/1066 1077/1302/1085 1078/1303/1086
f 1058/1279/1066 1078/1303/1086 1059/1280/1067
f 1059/1280/1067 1078/1303/1086 1079/1304/1087
f 1059/1280/1067 1079/1304/1087 1072/1295/1080
f 1072/1295/1080 1079/1304/1087 1080/1305/1088
f 1072/1295/1080 1080/1305/1088 1070/1293/1078
f 1070/1293/1078 1080/1305/1088 1081/1306/1089
f 1070/1293/1078 1081/1306/1089 1071/1294/1079
f 1071/1294/1079 1081/1306/1089 1082/1307/1090
f 1071/1294/1079 1082/1307/1090 1074/1297/1082
f 1052/1272/1060 324/393/402 1075/1298/1083
f 1075/1298/1083 324/393/402 329/400/407
f 1075/1298/1083 329/400/407 1076/1299/1084
f 1076/1299/1084 329/400/407 1083/1308/1091
f 330/401/289 306/371/382 329/400/407
f 329/400/407 306/371/382 1084/1309/1092
f 329/400/407 1084/1309/1092 1083/1308/1091
f 1083/1308/1091 1084/1309/1092 1085/1310/1093
f 1086/1311/1094 1087/1312/1095 1082/1307/1090
f 297/360/373 1087/1312/1095 295/358/371
f 295/358/371 1087/1312/1095 1086/1311/1094
f 295/358/371 1086/1311/1094 293/356/369
f 293/356/369 1086/1311/1094 1088/1313/1096
f 293/356/369 1088/1313/1096 302/365/378
f 302/365/378 1088/1313/1096 300/363/376
f 300/363/376 1088/1313/1096 1085/1314/1093
f 300/363/376 1085/1314/1093 298/361/374
f 1084/1309/1092 306/371/382 1085/1310/1093
f 1085/1310/1093 306/371/382 305/369/381
f 1085/1310/1093 305/369/381 298/368/374
f 1076/1299/1084 1083/1308/1091 1077/1300/1085
f 1077/1300/1085 1083/1308/1091 1085/1310/1093
f 1077/1302/1085 1085/1314/1093 1078/1303/1086
f 1078/1303/1086 1085/1314/1093 1088/1313/1096
f 1082/1307/1090 1081/1306/1089 1086/1311/1094
f 1086/1311/1094 1081/1306/1089 1080/1305/1088
f 1086/1311/1094 1080/1305/1088 1088/1313/1096
f 1088/1313/1096 1080/1305/1088 1079/1304/1087
f 1088/1313/1096 1079/1304/1087 1078/1303/1086
f 82/120/154 84/122/156 997/1206/987
f 998/1207/988 296/359/372 997/1206/987
f 997/1206/987 296/359/372 80/118/152
f 997/1206/987 80/118/152 82/120/154
f 998/1207/988 999/1208/989 296/359/372
f 296/359/372 999/1208/989 1000/1209/990
f 296/359/372 1000/1209/990 297/360/373
f 297/360/373 1000/1209/990 1005/1214/995
f 297/360/373 1040/1259/1048 1087/1312/1095
f 1087/1312/1095 1040/1259/1048 1039/1258/1047
f 1087/1312/1095 1039/1258/1047 1082/1307/1090
f 1005/1214/995 1007/1216/997 297/360/373
f 297/360/373 1007/1216/997 1009/1218/999
f 297/360/373 1009/1218/999 1011/1220/1001
f 1039/1258/1047 1038/1257/1046 1082/1307/1090
f 1082/1307/1090 1038/1257/1046 1037/1256/1045
f 1082/1307/1090 1037/1256/1045 1074/1297/1082
f 1074/1297/1082 1037/1256/1045 1046/1266/1054
f 1074/1297/1082 1046/1266/1054 1051/1271/1059
f 1011/1220/1001 1013/1222/1003 297/360/373
f 297/360/373 1013/1222/1003 1015/1224/1005
f 297/360/373 1015/1224/1005 1003/1212/993
f 1003/1212/993 1002/1211/992 297/360/373
f 297/360/373 1002/1211/992 1044/1263/1052
f 297/360/373 1044/1263/1052 1043/1262/1051
f 1043/1262/1051 1042/1261/1050 297/360/373
f 297/360/373 1042/1261/1050 1041/1260/1049
f 297/360/373 1041/1260/1049 1040/1259/1048
f 1089/1315/1097 72/108/144 74/110/146
f 79/115/151 77/113/149 303/366/379
f 303/366/379 77/113/149 108/155/180
f 303/366/379 108/155/180 304/367/380
f 304/367/380 108/155/180 81/119/153
f 304/367/380 81/119/153 294/357/370
f 294/357/370 81/119/153 80/118/152
f 294/357/370 80/118/152 296/359/372
f 303/366/379 301/364/377 79/115/151
f 79/115/151 301/364/377 299/362/375
f 79/115/151 299/362/375 74/1316/146
f 74/110/146 299/370/375 307/372/383
f 74/110/146 307/372/383 1089/1315/1097
f 1089/1315/1097 1090/1317/1098 72/108/144
f 72/108/144 1090/1317/1098 1091/1318/1099
f 1092/1319/1100 1093/1320/1101 1094/1321/1102
f 1095/1322/1103 1091/1318/1099 1094/1321/1102
f 1094/1321/1102 1091/1318/1099 1090/1317/1098
f 1094/1321/1102 1090/1317/1098 1092/1319/1100
f 1092/1319/1100 1090/1317/1098 1089/1315/1097
f 1092/1319/1100 1089/1315/1097 307/372/383
f 73/109/145 72/108/144 1091/1318/1099
f 73/109/145 1091/1318/1099 75/111/147
f 107/152/179 1096/1323/1104 106/151/178
f 106/151/178 1096/1323/1104 71/107/143
f 1097/1324/1105 1096/1323/1104 1098/1325/1106
f 1098/1325/1106 1096/1323/1104 107/152/179
f 1098/1325/1106 107/152/179 1099/1326/1107
f 1099/1326/1107 107/152/179 75/111/147
f 1099/1326/1107 75/111/147 1100/1327/1108
f 1100/1327/1108 75/111/147 1091/1318/1099
f 1100/1327/1108 1091/1318/1099 1095/1322/1103
f 1101/1328/1109 1097/1324/1105 1098/1325/1106
f 1102/1329/1110 1103/1330/1111 1104/1331/1112
f 1105/1332/1113 282/345/358 1106/1333/1114
f 1106/1333/1114 282/345/358 291/354/367
f 1106/1333/1114 291/354/367 1107/1334/1115
f 1107/1334/1115 291/354/367 292/355/368
f 1107/1334/1115 292/355/368 1104/1331/1112
f 1104/1331/1112 292/355/368 286/349/362
f 1104/1331/1112 286/349/362 1102/1329/1110
f 1102/1329/1110 286/349/362 285/348/361
f 1095/1322/1103 1105/1332/1113 1100/1327/1108
f 1100/1327/1108 1105/1332/1113 1106/1333/1114
f 1100/1327/1108 1106/1333/1114 1099/1326/1107
f 1099/1326/1107 1106/1333/1114 1107/1334/1115
f 1099/1326/1107 1107/1334/1115 1098/1325/1106
f 1098/1325/1106 1107/1334/1115 1104/1331/1112
f 1098/1325/1106 1104/1331/1112 1101/1328/1109
f 1101/1328/1109 1104/1331/1112 1103/1330/1111
f 1108/1335/1116 1109/1336/1117 1110/1337/1118
f 797/965/850 837/1013/890 1111/1338/1119
f 1108/1335/1116 805/974/858 804/973/857
f 805/974/858 1108/1335/1116 807/976/860
f 807/976/860 1108/1335/1116 1110/1337/1118
f 807/976/860 1110/1337/1118 809/978/862
f 809/978/862 1110/1337/1118 1112/1339/1120
f 809/978/862 1112/1339/1120 811/980/864
f 811/980/864 1112/1339/1120 813/982/866
f 813/982/866 1112/1339/1120 1113/1340/1121
f 813/982/866 1113/1340/1121 814/983/867
f 814/983/867 1113/1340/1121 815/984/868
f 815/984/868 1113/1340/1121 632/763/685
f 815/984/868 632/763/685 631/762/684
f 290/353/366 270/333/346 664/803/717
f 664/803/717 1114/1341/1122 290/353/366
f 290/353/366 1114/1341/1122 1115/1342/1123
f 290/353/366 1115/1342/1123 284/347/360
f 1116/1343/1124 1103/1330/1111 1117/1344/1125
f 1117/1344/1125 1103/1330/1111 1102/1329/1110
f 1117/1344/1125 1102/1329/1110 1115/1342/1123
f 1115/1342/1123 1102/1329/1110 285/348/361
f 1115/1342/1123 285/348/361 284/347/360
f 1118/1345/1126 1097/1324/1105 1101/1328/1109
f 1097/1324/1105 1118/1345/1126 1096/1323/1104
f 1096/1323/1104 1118/1345/1126 855/1033/908
f 1096/1323/1104 855/1033/908 71/107/143
f 1111/1338/1119 837/1013/890 1119/1346/1127
f 1119/1346/1127 837/1013/890 836/1012/889
f 1119/1346/1127 836/1012/889 854/1032/907
f 854/1032/907 855/1033/908 1119/1346/1127
f 1119/1346/1127 855/1033/908 1118/1345/1126
f 1119/1346/1127 1118/1345/1126 1116/1343/1124
f 1116/1343/1124 1118/1345/1126 1101/1328/1109
f 1116/1343/1124 1101/1328/1109 1103/1330/1111
f 664/803/717 632/763/685 1114/1341/1122
f 1114/1341/1122 632/763/685 1113/1340/1121
f 1114/1341/1122 1113/1340/1121 1115/1342/1123
f 1115/1342/1123 1113/1340/1121 1112/1339/1120
f 1115/1342/1123 1112/1339/1120 1117/1344/1125
f 1117/1344/1125 1112/1339/1120 1110/1337/1118
f 1117/1344/1125 1110/1337/1118 1116/1343/1124
f 1116/1343/1124 1110/1337/1118 1109/1336/1117
f 1116/1343/1124 1109/1336/1117 1119/1346/1127
f 1119/1346/1127 1109/1336/1117 1108/1335/1116
f 1119/1346/1127 1108/1335/1116 1111/1338/1119
f 1111/1338/1119 1108/1335/1116 804/973/857
f 1111/1338/1119 804/973/857 797/965/850
f 664/803/717 270/333/346 264/327/340
f 664/803/717 264/327/340 663/802/716
f 663/802/716 264/327/340 262/325/338
f 663/802/716 262/325/338 662/801/715
f 662/801/715 262/325/338 260/323/336
f 662/801/715 260/323/336 661/800/714
f 661/800/714 260/323/336 191/251/266
f 661/800/714 191/251/266 660/799/713
f 660/799/713 191/251/266 190/250/265
f 660/799/713 190/250/265 659/798/712
f 659/798/712 190/250/265 197/257/272
f 659/798/712 197/257/272 658/797/711
f 658/797/711 197/257/272 199/259/274
f 658/797/711 199/259/274 654/785/1128
f 654/785/1128 199/259/274 655/786/1129
f 655/786/1129 199/259/274 178/238/253
f 655/786/1129 178/238/253 656/788/1130
f 160/218/234 159/217/233 1120/1347/1131
f 1120/1347/1131 159/217/233 1121/1348/1132
f 1120/1347/1131 1121/1348/1132 1122/1349/1133
f 1122/1349/1133 1121/1348/1132 1123/1350/1134
f 1123/1350/1134 1121/1348/1132 1124/1351/1135
f 1123/1350/1134 1124/1351/1135 1125/1352/1136
f 1125/1352/1136 1124/1351/1135 1126/1353/1137
f 1126/1353/1137 1124/1351/1135 1127/1354/1138
f 1126/1353/1137 1127/1354/1138 1128/1355/1139
f 1128/1355/1139 1127/1354/1138 1129/1356/1140
f 1128/1355/1139 1129/1356/1140 1130/1357/1141
f 1130/1357/1141 1129/1356/1140 181/241/256
f 1130/1357/1141 181/241/256 180/240/255
f 1131/1358/1142 175/235/250 174/234/249
f 159/223/233 163/221/237 1132/1359/1143
f 159/223/233 1132/1359/1143 1121/1360/1132
f 1121/1360/1132 1132/1359/1143 1133/1361/1144
f 1121/1348/1132 1133/1362/1144 1124/1351/1135
f 1133/1361/1144 1134/1363/1145 1124/1364/1135
f 1124/1351/1135 1134/1365/1145 1135/1366/1146
f 1124/1351/1135 1135/1366/1146 1127/1354/1138
f 1127/1354/1138 1135/1366/1146 1131/1358/1142
f 1127/1354/1138 1131/1358/1142 1129/1356/1140
f 1129/1356/1140 1131/1358/1142 174/234/249
f 1129/1356/1140 174/234/249 181/241/256
f 152/206/226 154/211/228 649/780/1147
f 656/788/1130 178/238/253 175/235/250
f 656/788/1130 175/235/250 657/1367/1148
f 175/235/250 1131/1358/1142 657/1367/1148
f 657/1367/1148 1131/1358/1142 1135/1366/1146
f 657/1367/1148 1135/1366/1146 653/1368/1149
f 653/784/1149 1135/1369/1146 650/781/1150
f 650/781/1150 1135/1369/1146 1134/1363/1145
f 650/781/1150 1134/1363/1145 651/782/1151
f 651/782/1151 1134/1363/1145 652/783/1152
f 652/783/1152 1134/1363/1145 1133/1361/1144
f 652/783/1152 1133/1361/1144 645/776/1153
f 645/776/1153 1133/1361/1144 1132/1359/1143
f 645/776/1153 1132/1359/1143 646/777/1154
f 646/777/1154 1132/1359/1143 163/221/237
f 646/777/1154 163/221/237 647/778/1155
f 647/778/1155 163/221/237 162/220/236
f 647/778/1155 162/220/236 648/779/1156
f 648/779/1156 162/220/236 166/226/240
f 648/779/1156 166/226/240 649/780/1147
f 649/780/1147 166/226/240 150/204/224
f 649/780/1147 150/204/224 152/206/226
f 684/823/1157 234/295/310 683/822/1158
f 683/822/1158 234/295/310 233/294/309
f 683/822/1158 233/294/309 682/821/1159
f 682/821/1159 233/294/309 230/291/306
f 682/821/1159 230/291/306 686/825/1160
f 649/780/1147 154/211/228 685/824/1161
f 685/824/1161 154/211/228 237/298/313
f 685/824/1161 237/298/313 684/823/1157
f 684/823/1157 237/298/313 236/297/312
f 684/823/1157 236/297/312 234/295/310
f 403/477/480 689/828/742 215/276/291
f 215/276/291 689/828/742 247/310/323
f 247/310/323 689/828/742 248/311/324
f 248/311/324 689/828/742 688/827/741
f 248/311/324 688/827/741 249/312/325
f 249/312/325 688/827/741 687/826/1162
f 249/312/325 687/826/1162 250/313/326
f 686/825/1160 230/291/306 687/826/1162
f 687/826/1162 230/291/306 251/314/327
f 687/826/1162 251/314/327 250/313/326
f 419/493/496 219/280/295 420/494/497
f 420/494/497 219/280/295 218/279/294
f 420/494/497 218/279/294 421/495/498
f 419/493/496 417/491/494 219/280/295
f 219/280/295 417/491/494 404/478/481
f 219/280/295 404/478/481 214/275/290
f 214/275/290 404/478/481 403/477/480
f 214/275/290 403/477/480 215/276/291
f 134/185/207 137/188/210 413/487/490
f 134/185/207 413/487/490 1136/1370/1163
f 1136/1370/1163 413/487/490 421/495/498
f 1136/1370/1163 421/495/498 218/279/294
f 134/185/207 1136/1370/1163 1137/1371/1164
f 134/185/207 1137/1371/1164 132/183/205
f 132/183/205 1137/1371/1164 1138/1372/1165
f 132/183/205 1138/1372/1165 131/181/204
f 225/286/301 1138/1372/1165 217/278/293
f 217/278/293 1138/1372/1165 1137/1371/1164
f 217/278/293 1137/1371/1164 218/279/294
f 218/279/294 1137/1371/1164 1136/1370/1163
f 208/268/283 131/180/204 1138/1373/1165
f 1139/1374/1166 1140/1375/1167 1141/1376/1168
f 1140/1375/1167 1142/1377/1169 1141/1376/1168
f 1141/1376/1168 1142/1377/1169 1143/1378/1170
f 1141/1376/1168 1143/1378/1170 1144/1379/1171
f 1144/1379/1171 1145/1380/1172 1141/1376/1168
f 1141/1376/1168 1145/1380/1172 1146/1381/1173
f 1141/1376/1168 1146/1381/1173 1147/1382/1174
f 225/1383/301 1148/1384/1175 1138/1373/1165
f 1138/1373/1165 1148/1384/1175 1139/1374/1166
f 1139/1374/1166 1141/1376/1168 1138/1373/1165
f 1138/1373/1165 1141/1376/1168 203/263/278
f 1138/1373/1165 203/263/278 208/268/283
f 1147/1382/1174 1149/1385/1176 1141/1376/1168
f 1141/1376/1168 1149/1385/1176 1150/1386/1177
f 1141/1376/1168 1150/1386/1177 203/263/278
f 203/263/278 1150/1386/1177 1151/1387/1178
f 203/263/278 1151/1387/1178 204/264/279
f 1152/1388/1179 1153/1389/1180 1154/1390/1181
f 1154/1390/1181 1153/1389/1180 1155/1391/1182
f 1154/1390/1181 1155/1391/1182 1156/1392/1183
f 1157/1393/1184 1158/1394/1185 1154/1390/1181
f 1154/1390/1181 1158/1394/1185 1159/1395/1186
f 1160/1396/1187 1152/1388/1179 1161/1397/1188
f 1161/1397/1188 1152/1388/1179 1154/1390/1181
f 1161/1397/1188 1154/1390/1181 1162/1398/1189
f 1162/1398/1189 1154/1390/1181 1159/1395/1186
f 1157/1393/1184 1154/1390/1181 1163/1399/1190
f 1163/1399/1190 1154/1390/1181 1164/1400/1191
f 1163/1399/1190 1164/1400/1191 1165/1401/1192
f 222/1402/298 1164/1400/1191 223/1403/299
f 223/1403/299 1164/1400/1191 1154/1390/1181
f 223/1403/299 1154/1390/1181 224/1404/300
f 224/1404/300 1154/1390/1181 1156/1392/1183
f 1156/1392/1183 1166/1405/1193 224/1404/300
f 224/1404/300 1166/1405/1193 1167/1406/1194
f 224/1404/300 1167/1406/1194 225/1383/301
f 225/1383/301 1167/1406/1194 1168/1407/1195
f 225/1383/301 1168/1407/1195 1148/1384/1175
f 1165/1401/1192 1164/1400/1191 1169/1408/1196
f 1170/1409/1197 1171/1410/1198 1172/1411/1199
f 1172/1411/1199 1171/1410/1198 1173/1412/1200
f 226/1413/302 1170/1409/1197 227/1414/303
f 227/1414/303 1170/1409/1197 246/1415/322
f 1170/1409/1197 1172/1411/1199 246/1415/322
f 246/1415/322 1172/1411/1199 1174/1416/1201
f 246/1415/322 1174/1416/1201 244/1417/320
f 244/1417/320 1174/1416/1201 1169/1408/1196
f 244/1417/320 1169/1408/1196 242/1418/318
f 242/1418/318 1169/1408/1196 240/1419/316
f 240/1419/316 1169/1408/1196 1164/1400/1191
f 240/1419/316 1164/1400/1191 222/1402/298
f 1173/1412/1200 1175/1420/1202 1172/1411/1199
f 1172/1411/1199 1175/1420/1202 1176/1421/1203
f 1172/1411/1199 1176/1421/1203 1174/1416/1201
f 1174/1416/1201 1176/1421/1203 1177/1422/1204
f 1174/1416/1201 1177/1422/1204 1169/1408/1196
f 1169/1408/1196 1177/1422/1204 1178/1423/1205
f 1169/1408/1196 1178/1423/1205 1165/1401/1192
f 1179/1424/1206 1180/1425/1207 1181/1426/1208
f 1177/1422/1204 1176/1421/1203 1182/1427/1209
f 1182/1427/1209 1176/1421/1203 1175/1420/1202
f 1175/1420/1202 1173/1412/1200 1182/1427/1209
f 1182/1427/1209 1173/1412/1200 1183/1428/1210
f 1182/1427/1209 1183/1428/1210 1184/1429/1211
f 1184/1429/1211 1183/1428/1210 1179/1424/1206
f 1184/1429/1211 1179/1424/1206 1185/1430/1208
f 1185/1430/1208 1179/1424/1206 1181/1426/1208
f 1170/1409/1197 226/1413/302 231/1431/307
f 1186/1432/1212 1187/1433/1213 1188/1434/1214
f 1188/1434/1214 1187/1433/1213 1189/1435/1215
f 1188/1434/1214 1189/1435/1215 1190/1436/1216
f 1190/1436/1216 1189/1435/1215 1191/1437/1217
f 1186/1432/1212 1192/1438/1218 1187/1433/1213
f 1187/1433/1213 1192/1438/1218 1193/1439/1219
f 1187/1433/1213 1193/1439/1219 1194/1440/1220
f 1191/1437/1217 239/301/315 1195/1441/1221
f 1195/1441/1221 239/301/315 158/216/232
f 1195/1441/1221 158/216/232 1196/1442/1222
f 1196/1442/1222 158/216/232 1197/1443/1223
f 1196/1442/1222 1197/1443/1223 1198/1444/1224
f 1198/1444/1224 1197/1443/1223 1199/1445/1225
f 1191/1437/1217 1189/1435/1215 239/301/315
f 239/301/315 1189/1435/1215 1187/1433/1213
f 239/301/315 1187/1433/1213 238/1446/314
f 238/1446/314 1187/1433/1213 1200/1447/1226
f 238/1446/314 1200/1447/1226 231/1431/307
f 1183/1428/1210 1173/1412/1200 1171/1410/1198
f 1170/1409/1197 231/1431/307 1171/1410/1198
f 1171/1410/1198 231/1431/307 1200/1447/1226
f 1171/1410/1198 1200/1447/1226 1183/1428/1210
f 1183/1428/1210 1200/1447/1226 1187/1433/1213
f 1183/1428/1210 1187/1433/1213 1179/1424/1206
f 1179/1424/1206 1187/1433/1213 1194/1440/1220
f 1179/1424/1206 1194/1440/1220 1180/1425/1207
f 1201/1448/1227 1202/1449/1228 1203/1450/1229
f 1203/1450/1229 1202/1449/1228 1204/1451/1207
f 1197/1443/1223 1205/1452/1230 1199/1445/1225
f 1199/1445/1225 1205/1452/1230 1206/1453/1231
f 1207/1454/1232 1208/1455/1233 1209/1456/1234
f 1210/1457/1235 1125/1352/1136 1211/1458/1236
f 1211/1458/1236 1125/1352/1136 1126/1353/1137
f 1211/1458/1236 1126/1353/1137 1212/1459/1237
f 1212/1459/1237 1126/1353/1137 1128/1355/1139
f 1212/1459/1237 1128/1355/1139 1207/1454/1232
f 1207/1454/1232 1128/1355/1139 1130/1357/1141
f 1207/1454/1232 1130/1357/1141 1208/1455/1233
f 1208/1455/1233 1130/1357/1141 180/240/255
f 1205/1452/1230 160/218/234 1213/1460/1238
f 1213/1460/1238 160/218/234 1120/1347/1131
f 1213/1460/1238 1120/1347/1131 1214/1461/1239
f 1214/1461/1239 1120/1347/1131 1122/1349/1133
f 1214/1461/1239 1122/1349/1133 1210/1457/1235
f 1210/1457/1235 1122/1349/1133 1123/1350/1134
f 1210/1457/1235 1123/1350/1134 1125/1352/1136
f 1197/1443/1223 158/216/232 157/215/231
f 157/215/231 156/213/230 1197/1443/1223
f 1197/1443/1223 156/213/230 155/212/229
f 1197/1443/1223 155/212/229 1205/1452/1230
f 1205/1452/1230 155/212/229 161/219/235
f 1205/1452/1230 161/219/235 160/218/234
f 1209/1456/1234 1215/1462/1240 1207/1454/1232
f 1207/1454/1232 1215/1462/1240 1216/1463/1241
f 1207/1454/1232 1216/1463/1241 1212/1459/1237
f 1212/1459/1237 1216/1463/1241 1217/1464/1242
f 1212/1459/1237 1217/1464/1242 1211/1458/1236
f 1211/1458/1236 1217/1464/1242 1218/1465/1243
f 1211/1458/1236 1218/1465/1243 1210/1457/1235
f 1210/1457/1235 1218/1465/1243 1219/1466/1244
f 1210/1457/1235 1219/1466/1244 1214/1461/1239
f 1214/1461/1239 1219/1466/1244 1220/1467/1245
f 1214/1461/1239 1220/1467/1245 1213/1460/1238
f 1213/1460/1238 1220/1467/1245 1202/1449/1228
f 1213/1460/1238 1202/1449/1228 1205/1452/1230
f 1205/1452/1230 1202/1449/1228 1201/1448/1227
f 1205/1452/1230 1201/1448/1227 1206/1453/1231
f 1221/1468/1208 1222/1469/1208 1217/1464/1242
s 0
f 1223/1470/1208 1224/1471/1208 1225/1472/1208
s 1
f 1226/1473/1208 1219/1466/1244 1222/1469/1208
f 1222/1469/1208 1219/1466/1244 1218/1465/1243
f 1222/1469/1208 1218/1465/1243 1217/1464/1242
f 1227/1474/1208 1209/1456/1234 1228/1475/1208
f 1228/1475/1208 1209/1456/1234 1229/1476/1246
f 1228/1475/1208 1229/1476/1246 1230/1477/1247
s 0
f 1231/1478/1211 1204/1451/1211 1232/1479/1211
s 1
f 1232/1479/1208 1204/1451/1207 1202/1449/1228
f 1232/1479/1208 1202/1449/1228 1226/1473/1208
f 1226/1473/1208 1202/1449/1228 1220/1467/1245
f 1226/1473/1208 1220/1467/1245 1219/1466/1244
f 1227/1474/1208 1223/1470/1208 1209/1456/1234
f 1209/1456/1234 1223/1470/1208 1225/1472/1208
f 1209/1456/1234 1225/1472/1208 1215/1462/1240
f 1215/1462/1240 1225/1472/1208 1221/1468/1208
f 1215/1462/1240 1221/1468/1208 1216/1463/1241
f 1216/1463/1241 1221/1468/1208 1217/1464/1242
f 171/231/246 1233/1480/1248 1234/1481/1249
f 1235/1482/1250 1230/1477/1247 1229/1476/1246
f 1234/1481/1249 1236/1483/1251 1237/1484/1252
f 1237/1484/1252 1236/1483/1251 1238/1485/1253
f 1239/1486/1254 1240/1487/1255 1233/1480/1248
f 1233/1480/1248 1240/1487/1255 1241/1488/1256
f 1241/1488/1256 1242/1489/1257 1233/1480/1248
f 1233/1480/1248 1242/1489/1257 1243/1490/1258
f 1233/1480/1248 1243/1490/1258 1234/1481/1249
f 1234/1481/1249 1243/1490/1258 1244/1491/1259
f 1234/1481/1249 1244/1491/1259 1236/1483/1251
f 183/243/258 182/242/257 1237/1484/1252
f 1237/1484/1252 182/242/257 186/246/261
f 1237/1484/1252 186/246/261 1234/1481/1249
f 1234/1481/1249 186/246/261 172/232/247
f 1234/1481/1249 172/232/247 171/231/246
f 183/243/258 1237/1484/1252 179/239/254
f 179/239/254 1237/1484/1252 1208/1455/1233
f 179/239/254 1208/1455/1233 180/240/255
f 1238/1485/1253 1235/1482/1250 1237/1484/1252
f 1237/1484/1252 1235/1482/1250 1229/1476/1246
f 1237/1484/1252 1229/1476/1246 1208/1455/1233
f 1208/1455/1233 1229/1476/1246 1209/1456/1234
f 276/339/352 1239/1486/1254 201/261/276
f 201/261/276 1239/1486/1254 1233/1480/1248
f 201/261/276 1233/1480/1248 202/262/277
f 202/262/277 1233/1480/1248 171/231/246
s 0
f 279/342/355 1245/1492/1260 1246/1493/1208
s 1
f 272/335/348 1247/1494/1208 273/336/349
f 273/336/349 1247/1494/1208 1248/1495/1208
f 273/336/349 1248/1495/1208 274/337/350
s 0
f 1249/1496/1261 1250/1497/1262 1251/1498/1262
s 1
f 1240/1487/1255 1239/1486/1254 1252/1499/1208
f 1252/1499/1208 1239/1486/1254 276/339/352
f 1252/1499/1208 276/339/352 275/338/351
s 0
f 1246/1493/1208 1253/1500/1208 279/342/355
f 279/342/355 1253/1500/1211 1254/1501/1211
f 279/342/355 1254/1501/1208 1255/1502/1208
f 1251/1498/1208 1256/1503/1208 1249/1496/1208
f 1249/1496/1211 1256/1503/1211 1252/1499/1211
f 1249/1496/1208 1252/1499/1208 1248/1495/1208
s 1
f 1248/1495/1208 1252/1499/1208 275/338/351
f 1248/1495/1208 275/338/351 274/337/350
f 272/335/348 283/346/359 1247/1494/1208
f 1247/1494/1208 283/346/359 280/343/356
f 1247/1494/1208 280/343/356 1257/1504/1208
f 1257/1504/1208 280/343/356 279/342/355
s 0
f 1257/1504/1208 279/342/355 1258/1505/1208
f 1258/1505/1208 279/342/355 1255/1502/1208
f 1258/1505/1261 1255/1502/1261 1259/1506/1261
s 1
f 1245/1492/1263 279/342/355 278/341/354
f 1260/1507/1264 1261/1508/1265 1262/1509/1266
f 1262/1509/1266 1261/1508/1265 1263/1510/1267
f 1094/1321/1102 1093/1320/1101 1264/1511/1268
f 1264/1511/1268 1260/1507/1264 1094/1321/1102
f 1094/1321/1102 1260/1507/1264 1262/1509/1266
f 1094/1321/1102 1262/1509/1266 1095/1322/1103
f 1095/1322/1103 1262/1509/1266 1105/1332/1113
f 1263/1510/1267 1245/1492/1263 1262/1509/1266
f 1262/1509/1266 1245/1492/1263 278/341/354
f 1262/1509/1266 278/341/354 1105/1332/1113
f 1105/1332/1113 278/341/354 282/345/358
f 1265/1512/1269 1264/1511/1268 1093/1320/1101
f 25/381/392 14/274/289 1266/1513/1208
f 1267/1514/1208 1268/1515/1208 306/371/382
f 213/273/288 1269/1516/1208 14/274/289
s 0
f 14/274/1270 1269/1516/1211 1270/1517/1211
f 14/274/1270 1270/1517/1208 1266/1513/1208
s 1
f 1092/1319/1100 307/372/383 1271/1518/1208
s 0
f 1272/1519/1261 1273/1520/1261 1274/1521/1261
f 1274/1521/1208 1275/1522/1208 1272/1519/1208
f 1272/1519/1271 1275/1522/1271 1269/1516/1271
f 1272/1519/1208 1269/1516/1208 1276/1523/1208
s 1
f 1276/1523/1208 1269/1516/1208 213/273/288
f 1276/1523/1208 213/273/288 212/272/287
f 1266/1513/1208 1277/1524/1261 25/381/392
f 25/381/392 1277/1524/1261 1278/1525/1208
f 25/381/392 1278/1525/1208 330/401/289
f 330/401/289 1278/1525/1208 1279/1526/1208
f 330/401/289 1279/1526/1208 306/371/382
f 306/371/382 1279/1526/1208 1280/1527/1208
f 1281/1528/1211 307/372/383 1282/1529/1208
f 1282/1529/1208 307/372/383 306/371/382
f 1282/1529/1208 306/371/382 1283/1530/1208
f 1283/1530/1208 306/371/382 1268/1515/1208
f 1284/1531/1208 1285/1532/1208 306/371/382
f 1092/1319/1100 1271/1518/1208 1093/1320/1101
s 0
f 1093/1320/1272 1271/1518/1208 1286/1533/1208
s 1
f 1093/1320/1101 1286/1533/1208 1265/1512/1269
f 1287/1534/1208 1288/1535/1208 307/372/383
s 0
f 1289/1536/1273 1290/1537/1273 1291/1538/1273
f 1292/1539/1211 1293/1540/1211 1294/1541/1211
s 1
f 1288/1535/1208 1295/1542/1208 307/372/383
f 307/372/383 1295/1542/1208 1296/1543/1208
f 307/372/383 1296/1543/1208 1271/1518/1208
s 0
f 1271/1518/1208 1296/1543/1208 1289/1536/1208
f 1271/1518/1208 1289/1536/1208 1297/1544/1208
f 1297/1544/1211 1289/1536/1211 1291/1538/1211
s 1
f 1285/1532/1208 1298/1545/1208 306/371/382
f 306/371/382 1298/1545/1208 1299/1546/1208
f 306/371/382 1299/1546/1208 1267/1514/1208
s 0
f 1267/1514/1211 1299/1546/1211 1292/1539/1211
f 1267/1514/1211 1292/1539/1211 1300/1547/1211
f 1300/1547/1274 1292/1539/1274 1294/1541/1274
f 1301/1548/1208 1284/1531/1208 1302/1549/1208
s 1
f 1302/1549/1208 1284/1531/1208 306/371/382
f 1302/1549/1208 306/371/382 1303/1550/1208
f 1303/1550/1208 306/371/382 1280/1527/1208
s 0
f 1304/1551/1261 1305/1552/1261 1306/1553/1261
f 1306/1553/1208 1305/1552/1208 1287/1534/1208
f 1306/1553/1211 1287/1534/1211 1307/1554/1211
s 1
f 1307/1554/1208 1287/1534/1208 307/372/383
f 1307/1554/1208 307/372/383 1308/1555/1208
f 1308/1555/1208 307/372/383 1281/1528/1211
f 1309/1556/1275 1310/1557/1276 1311/1558/1277
f 1311/1558/1277 1310/1557/1276 1312/1559/1278
f 1312/1559/1278 1310/1557/1276 1313/1560/1279
f 1312/1559/1278 1313/1560/1279 1314/1561/1280
f 1315/1562/1281 1316/1563/1282 1317/1564/1283
f 1317/1565/1283 1316/1566/1282 1318/1567/1284
f 1317/1565/1283 1318/1567/1284 1319/1568/1285
f 1315/1562/1281 1320/1569/1286 1316/1563/1282
f 1316/1563/1282 1320/1569/1286 1321/1570/1287
f 1316/1563/1282 1321/1570/1287 1311/1558/1277
f 1311/1558/1277 1321/1570/1287 1322/1571/1288
f 1311/1558/1277 1322/1571/1288 1309/1556/1275
f 1323/1572/1289 1324/1573/1290 1325/1574/1291
f 1325/1574/1291 1326/1575/1292 1323/1572/1289
f 1323/1572/1289 1326/1575/1292 1316/1576/1282
f 1323/1577/1289 1316/1578/1282 1327/1579/1293
f 1327/1580/1293 1316/1581/1282 1311/1582/1277
f 1327/1583/1293 1311/1558/1277 1328/1584/1294
f 1328/1584/1294 1311/1558/1277 1312/1559/1278
f 1328/1584/1294 1312/1559/1278 1329/1585/1295
f 1330/1586/1296 1331/1587/1297 1332/1588/1298
f 1332/1588/1298 1331/1587/1297 1333/1589/1299
f 1332/1588/1298 1333/1589/1299 1334/1590/1300
f 1333/1589/1299 1335/1591/1301 1334/1590/1300
f 1334/1590/1300 1335/1591/1301 1336/1592/1302
f 1334/1590/1300 1336/1592/1302 1337/1593/1303
f 1338/1594/1304 1339/1595/1305 1340/1596/1306
f 1338/1594/1304 1340/1596/1306 1341/1597/1307
f 1341/1597/1307 1340/1596/1306 1330/1586/1296
f 1341/1597/1307 1330/1586/1296 1332/1588/1298
f 1341/1597/1307 1332/1588/1298 1334/1590/1300
f 1334/1590/1300 1337/1593/1303 1342/1598/1308
f 1342/1598/1308 1337/1593/1303 1343/1599/1309
f 1342/1598/1308 1343/1599/1309 1344/1600/1310
f 1344/1600/1310 1343/1599/1309 1345/1601/1311
f 1344/1600/1310 1345/1601/1311 1346/1602/1312
f 1346/1602/1312 1345/1601/1311 1347/1603/1313
f 1334/1590/1300 1342/1598/1308 1341/1597/1307
f 1341/1597/1307 1342/1598/1308 1344/1600/1310
f 1341/1597/1307 1344/1600/1310 1338/1594/1304
f 1338/1594/1304 1344/1600/1310 1346/1602/1312
f 1338/1594/1304 1346/1602/1312 1348/1604/1314
f 1348/1604/1314 1346/1602/1312 1347/1603/1313
f 1348/1604/1314 1347/1603/1313 1349/1605/1315
f 1350/1606/1316 1351/1607/1317 1352/1608/1318
f 1352/1608/1318 1351/1607/1317 1353/1609/1319
f 1354/1610/1320 1355/1611/1321 1356/1612/1322
f 1356/1613/1323 1355/1614/1321 1357/1615/1324
f 1357/1616/1324 1352/1608/1318 1356/1612/1322
f 1356/1612/1322 1352/1608/1318 1353/1609/1319
f 1356/1612/1322 1353/1609/1319 1354/1610/1320
f 1354/1610/1320 1353/1609/1319 1358/1617/1325
f 1351/1607/1317 1359/1618/1326 1360/1619/1327
f 1360/1619/1327 1361/1620/1328 1351/1607/1317
f 1351/1607/1317 1361/1620/1328 1362/1621/1329
f 1351/1607/1317 1362/1621/1329 1353/1609/1319
f 1353/1609/1319 1362/1621/1329 1363/1622/1330
f 1353/1609/1319 1363/1622/1330 1358/1617/1325
f 1358/1617/1325 1363/1622/1330 1364/1623/1331
f 1365/1624/1332 1366/1625/1333 1367/1626/1334
f 1368/1627/1335 1369/1628/1336 1370/1629/1337
f 1371/1630/1338 1372/1631/1339 1373/1632/1340
f 1372/1631/1339 1371/1630/1338 1374/1633/1341
f 1375/1634/1342 1376/1635/1343 1377/1636/1344
f 1374/1633/1341 1378/1637/1345 1379/1638/1346
f 1374/1633/1341 1379/1638/1346 1372/1631/1339
f 1372/1631/1339 1379/1638/1346 1380/1639/1347
f 1372/1631/1339 1380/1639/1347 1381/1640/1348
f 1381/1640/1348 1380/1639/1347 1382/1641/1349
f 1381/1640/1348 1382/1641/1349 1383/1642/1350
f 1383/1642/1350 1382/1641/1349 1370/1629/1337
f 1383/1642/1350 1370/1629/1337 1384/1643/1351
f 1384/1643/1351 1370/1629/1337 1369/1628/1336
f 1384/1643/1351 1369/1628/1336 1385/1644/1352
f 1385/1644/1352 1369/1628/1336 1368/1627/1335
f 1385/1644/1352 1368/1627/1335 1386/1645/1353
f 1386/1645/1353 1368/1627/1335 1387/1646/1354
f 1386/1645/1353 1387/1646/1354 1388/1647/1355
f 1389/1648/1356 1390/1649/1357 1391/1650/1358
f 1391/1650/1358 1390/1649/1357 1392/1651/1359
f 1391/1650/1358 1392/1651/1359 1393/1652/1360
f 1365/1624/1332 1394/1653/1361 1366/1625/1333
f 1366/1654/1333 1394/1655/1361 1395/1656/1362
f 1366/1625/1333 1395/1657/1362 1367/1626/1334
f 1367/1626/1334 1395/1657/1362 1396/1658/1363
f 1367/1626/1334 1396/1658/1363 1397/1659/1364
f 1378/1637/1345 1376/1635/1343 1379/1638/1346
f 1379/1638/1346 1376/1635/1343 1375/1634/1342
f 1379/1638/1346 1375/1634/1342 1380/1639/1347
f 1380/1639/1347 1375/1634/1342 1398/1660/1365
f 1380/1639/1347 1398/1660/1365 1382/1641/1349
f 1396/1658/1363 1393/1652/1360 1397/1659/1364
f 1397/1659/1364 1393/1652/1360 1392/1651/1359
f 1397/1659/1364 1392/1651/1359 1399/1661/1366
f 1399/1661/1366 1392/1651/1359 1390/1649/1357
f 1399/1661/1366 1390/1649/1357 1400/1662/1367
f 1400/1662/1367 1390/1649/1357 1401/1663/1368
f 1400/1662/1367 1401/1663/1368 1402/1664/1369
f 1403/1665/1370 1394/1653/1361 1377/1636/1344
f 1377/1636/1344 1394/1653/1361 1365/1624/1332
f 1377/1636/1344 1365/1624/1332 1375/1634/1342
f 1375/1634/1342 1365/1624/1332 1367/1626/1334
f 1375/1634/1342 1367/1626/1334 1398/1660/1365
f 1398/1660/1365 1367/1626/1334 1397/1659/1364
f 1398/1660/1365 1397/1659/1364 1382/1641/1349
f 1382/1641/1349 1397/1659/1364 1399/1661/1366
f 1382/1641/1349 1399/1661/1366 1370/1629/1337
f 1370/1629/1337 1399/1661/1366 1400/1662/1367
f 1370/1629/1337 1400/1662/1367 1368/1627/1335
f 1368/1627/1335 1400/1662/1367 1402/1664/1369
f 1368/1627/1335 1402/1664/1369 1387/1646/1354
f 1404/1666/1371 1405/1667/1372 1406/1668/1373
f 1407/1669/1374 1408/1670/1375 1409/1671/1376
f 1409/1671/1376 1408/1670/1375 1410/1672/1377
f 1411/1673/1378 1412/1674/1379 1413/1675/1380
f 1414/1676/1381 1415/1677/1382 1416/1678/1383
f 1416/1678/1383 1415/1677/1382 1417/1679/1384
f 1416/1678/1383 1417/1679/1384 1418/1680/1385
f 1418/1680/1385 1417/1679/1384 1419/1681/1386
f 1418/1680/1385 1419/1681/1386 1420/1682/1387
f 1421/1683/1388 1422/1684/1389 1423/1685/1390
f 1423/1685/1390 1422/1684/1389 1424/1686/1391
f 1423/1685/1390 1424/1686/1391 1425/1687/1392
f 1426/1688/1393 1427/1689/1394 1428/1690/1395
f 1429/1691/1396 1430/1692/1397 1431/1693/1398
f 1431/1693/1398 1430/1692/1397 1432/1694/1399
f 1431/1693/1398 1432/1694/1399 1433/1695/1400
f 1411/1673/1378 1430/1696/1397 1412/1674/1379
f 1412/1674/1379 1430/1696/1397 1429/1697/1396
f 1412/1698/1379 1429/1699/1396 1413/1700/1380
f 1413/1675/1380 1429/1697/1396 1434/1701/1401
f 1413/1675/1380 1434/1701/1401 1435/1702/1402
f 1436/1703/1403 1437/1704/1404 1438/1705/1405
f 1439/1706/1406 1440/1707/1407 1441/1708/1408
f 1441/1708/1408 1440/1707/1407 1442/1709/1409
f 1441/1708/1408 1442/1709/1409 1443/1710/1410
f 1443/1710/1410 1442/1709/1409 1444/1711/1411
f 1445/1712/1412 1407/1669/1374 1446/1713/1413
f 1446/1713/1413 1407/1669/1374 1409/1671/1376
f 1446/1713/1413 1409/1671/1376 1404/1714/1371
f 1404/1714/1371 1409/1671/1376 1410/1672/1377
f 1404/1666/1371 1410/1715/1377 1405/1667/1372
f 1405/1716/1372 1410/1717/1377 1447/1718/1414
f 1405/1716/1372 1447/1718/1414 1448/1719/1415
f 1449/1720/1416 1437/1721/1404 1450/1722/1417
f 1450/1723/1417 1437/1704/1404 1436/1703/1403
f 1450/1723/1417 1436/1703/1403 1451/1724/1418
f 1451/1724/1418 1436/1703/1403 1452/1725/1419
f 1453/1726/1420 1449/1720/1416 1406/1668/1373
f 1406/1668/1373 1449/1720/1416 1450/1722/1417
f 1406/1668/1373 1450/1722/1417 1404/1666/1371
f 1404/1714/1371 1450/1723/1417 1451/1724/1418
f 1404/1714/1371 1451/1724/1418 1446/1713/1413
f 1446/1713/1413 1451/1724/1418 1452/1725/1419
f 1421/1683/1388 1454/1727/1421 1422/1684/1389
f 1422/1684/1389 1454/1727/1421 1455/1728/1422
f 1422/1684/1389 1455/1728/1422 1424/1686/1391
f 1424/1686/1391 1455/1728/1422 1456/1729/1423
f 1424/1686/1391 1456/1729/1423 1425/1687/1392
f 1425/1687/1392 1456/1729/1423 1457/1730/1424
f 1448/1719/1415 1435/1702/1402 1405/1716/1372
f 1405/1716/1372 1435/1702/1402 1434/1701/1401
f 1405/1667/1372 1434/1731/1401 1406/1668/1373
f 1406/1732/1373 1434/1701/1401 1429/1697/1396
f 1406/1668/1373 1429/1691/1396 1453/1726/1420
f 1453/1726/1420 1429/1691/1396 1431/1693/1398
f 1453/1726/1420 1431/1693/1398 1426/1688/1393
f 1426/1688/1393 1431/1693/1398 1433/1695/1400
f 1426/1688/1393 1433/1695/1400 1427/1689/1394
f 1423/1685/1390 1420/1733/1387 1421/1683/1388
f 1421/1734/1388 1420/1682/1387 1419/1681/1386
f 1421/1734/1388 1419/1681/1386 1443/1710/1410
f 1443/1710/1410 1419/1681/1386 1417/1679/1384
f 1443/1710/1410 1417/1679/1384 1441/1708/1408
f 1441/1708/1408 1417/1679/1384 1415/1677/1382
f 1441/1708/1408 1415/1677/1382 1439/1706/1406
f 1428/1690/1395 1457/1730/1424 1426/1688/1393
f 1426/1688/1393 1457/1730/1424 1456/1729/1423
f 1426/1688/1393 1456/1729/1423 1453/1726/1420
f 1453/1726/1420 1456/1729/1423 1455/1728/1422
f 1453/1726/1420 1455/1728/1422 1449/1720/1416
f 1449/1720/1416 1455/1728/1422 1454/1727/1421
f 1449/1720/1416 1454/1727/1421 1437/1721/1404
f 1437/1721/1404 1454/1727/1421 1421/1683/1388
f 1437/1704/1404 1421/1734/1388 1438/1705/1405
f 1438/1705/1405 1421/1734/1388 1443/1710/1410
f 1438/1705/1405 1443/1710/1410 1436/1703/1403
f 1436/1703/1403 1443/1710/1410 1444/1711/1411
f 1436/1703/1403 1444/1711/1411 1452/1725/1419
f 1452/1725/1419 1444/1711/1411 1458/1735/1425
f 1452/1725/1419 1458/1735/1425 1446/1713/1413
f 1446/1713/1413 1458/1735/1425 1459/1736/1426
f 1446/1713/1413 1459/1736/1426 1445/1712/1412
f 1460/1737/1427 1461/1738/1428 1462/1739/1429
f 1460/1737/1427 1462/1739/1429 1463/1740/1430
f 1464/1741/1431 1465/1742/1432 1466/1743/1433
f 1466/1743/1433 1465/1742/1432 1467/1744/1434
f 1466/1743/1433 1467/1744/1434 1468/1745/1435
f 1468/1745/1435 1467/1744/1434 1469/1746/1436
f 1468/1745/1435 1469/1746/1436 1463/1740/1430
f 1463/1740/1430 1469/1746/1436 1470/1747/1437
f 1463/1740/1430 1470/1747/1437 1460/1737/1427
f 1460/1737/1427 1470/1747/1437 1445/1712/1412
f 1471/1748/1438 1472/1749/1439 1473/1750/1440
f 1473/1750/1440 1472/1749/1439 1474/1751/1441
f 1473/1750/1440 1474/1751/1441 1475/1752/1442
f 1476/1753/1443 1477/1754/1444 1472/1749/1439
f 1472/1749/1439 1477/1754/1444 1478/1755/1445
f 1472/1749/1439 1478/1755/1445 1474/1751/1441
f 1479/1756/1446 1480/1757/1447 1476/1753/1443
f 1476/1753/1443 1480/1757/1447 1481/1758/1448
f 1476/1753/1443 1481/1758/1448 1477/1754/1444
f 1462/1739/1429 1479/1756/1446 1463/1740/1430
f 1463/1740/1430 1479/1756/1446 1476/1753/1443
f 1463/1740/1430 1476/1753/1443 1468/1745/1435
f 1468/1745/1435 1476/1753/1443 1472/1749/1439
f 1468/1745/1435 1472/1749/1439 1466/1743/1433
f 1466/1743/1433 1472/1749/1439 1471/1748/1438
f 1466/1743/1433 1471/1748/1438 1464/1741/1431
f 1464/1741/1431 1471/1748/1438 1482/1759/1449
f 1471/1748/1438 1473/1750/1440 1483/1760/1450
f 1484/1761/1451 901/1762/1452 900/1763/1453
f 900/1763/1453 1485/1764/1454 1484/1761/1451
f 1484/1761/1451 1485/1764/1454 1486/1765/1455
f 1484/1761/1451 1486/1765/1455 1487/1766/1456
f 1487/1766/1456 1486/1765/1455 1483/1767/1450
f 1487/1766/1456 1483/1767/1450 1488/1768/1457
f 1488/1768/1457 1483/1767/1450 1473/1769/1440
f 1488/1768/1457 1473/1769/1440 1475/1770/1442
f 1482/1759/1449 1471/1748/1438 1489/1771/1458
f 1489/1771/1458 1471/1748/1438 1483/1760/1450
f 1489/1771/1458 1483/1760/1450 1490/1772/1459
f 1490/1772/1459 1483/1760/1450 1486/1773/1455
f 1490/1772/1459 1486/1773/1455 1491/1774/1460
f 1491/1774/1460 1486/1773/1455 1485/1775/1454
f 1491/1776/1460 1485/1764/1454 866/1777/1461
f 866/1777/1461 1485/1764/1454 900/1763/1453
f 1492/1778/1462 1493/1779/1463 1494/1780/1464
f 1495/1781/1465 1496/1782/1466 1497/1783/1467
f 1498/1784/1468 1499/1785/1469 1500/1786/1470
f 1447/1787/1414 1410/1672/1377 1501/1788/1471
f 1501/1788/1471 1410/1672/1377 1408/1670/1375
f 1501/1788/1471 1408/1670/1375 1407/1669/1374
f 1502/1789/1472 1413/1675/1380 1435/1702/1402
f 1411/1673/1378 1413/1675/1380 1503/1790/1473
f 1503/1790/1473 1413/1675/1380 1502/1789/1474
f 1503/1790/1473 1502/1789/1474 1504/1791/1475
f 1504/1791/1475 1502/1789/1474 1505/1792/1476
f 1504/1791/1475 1505/1792/1476 1506/1793/1477
f 1497/1783/1467 1496/1782/1466 1507/1794/1478
f 1496/1782/1466 1508/1795/1479 1507/1794/1478
f 1507/1794/1478 1508/1795/1479 1509/1796/1480
f 1507/1794/1478 1509/1796/1480 1500/1786/1470
f 1500/1786/1470 1509/1796/1480 1510/1797/1481
f 1500/1786/1470 1510/1797/1481 1498/1784/1468
f 1482/1759/1449 1511/1798/1482 1464/1741/1431
f 1464/1741/1431 1511/1798/1482 1492/1778/1462
f 1464/1741/1431 1492/1778/1462 1465/1742/1432
f 1465/1742/1432 1492/1778/1462 1494/1780/1464
f 1467/1744/1434 1512/1799/1483 1469/1746/1436
f 1469/1746/1436 1512/1799/1483 1501/1788/1471
f 1469/1746/1436 1501/1788/1471 1470/1747/1437
f 1470/1747/1437 1501/1788/1471 1407/1669/1374
f 1470/1747/1437 1407/1669/1374 1445/1712/1412
f 1493/1779/1463 1495/1800/1465 1494/1780/1464
f 1494/1780/1464 1495/1800/1465 1497/1801/1467
f 1494/1780/1464 1497/1801/1467 1513/1802/1484
f 1513/1803/1484 1497/1783/1467 1507/1794/1478
f 1514/1804/1485 1501/1788/1471 1513/1802/1484
f 1513/1802/1484 1501/1788/1471 1512/1799/1483
f 1513/1802/1484 1512/1799/1483 1494/1780/1464
f 1494/1780/1464 1512/1799/1483 1467/1744/1434
f 1494/1780/1464 1467/1744/1434 1465/1742/1432
f 1500/1786/1470 1506/1793/1477 1507/1794/1478
f 1507/1794/1478 1506/1793/1477 1505/1792/1476
f 1507/1794/1478 1505/1792/1486 1513/1803/1484
f 1513/1803/1484 1505/1792/1486 1502/1789/1472
f 1513/1803/1484 1502/1789/1472 1514/1805/1485
f 1514/1805/1485 1502/1789/1472 1435/1702/1402
f 1514/1804/1485 1435/1806/1402 1501/1788/1471
f 1501/1807/1471 1435/1702/1402 1448/1719/1415
f 1501/1807/1471 1448/1719/1415 1447/1718/1414
f 1515/1808/1487 1499/1785/1469 1498/1784/1468
f 1515/1808/1487 1498/1784/1468 1516/1809/1488
f 1517/1810/1489 1490/1772/1459 1491/1774/1460
f 1518/1811/1490 1489/1771/1458 1490/1772/1459
f 1519/1812/1491 1493/1779/1463 1518/1811/1490
f 1518/1811/1490 1493/1779/1463 1492/1778/1462
f 1518/1811/1490 1492/1778/1462 1489/1771/1458
f 1489/1771/1458 1492/1778/1462 1511/1798/1482
f 1489/1771/1458 1511/1798/1482 1482/1759/1449
f 1520/1813/1492 1496/1782/1466 1519/1814/1491
f 1519/1814/1491 1496/1782/1466 1495/1781/1465
f 1519/1812/1491 1495/1800/1465 1493/1779/1463
f 1498/1784/1468 1510/1797/1481 1516/1809/1488
f 1516/1809/1488 1510/1797/1481 1509/1796/1480
f 1516/1809/1488 1509/1796/1480 1520/1813/1492
f 1520/1813/1492 1509/1796/1480 1508/1795/1479
f 1520/1813/1492 1508/1795/1479 1496/1782/1466
f 1521/1815/1493 865/1816/1494 876/1817/1495
f 1521/1815/1493 876/1817/1495 1522/1818/1496
f 1522/1818/1496 876/1817/1495 877/1819/1497
f 1522/1818/1496 877/1819/1497 1523/1820/1498
f 1523/1820/1498 877/1819/1497 878/1821/1499
f 1523/1820/1498 878/1821/1499 1524/1822/1500
f 1524/1822/1500 878/1821/1499 803/1823/1501
f 1524/1822/1500 803/1823/1501 1525/1824/1502
f 866/1777/1461 865/1816/1494 1491/1776/1460
f 1491/1776/1460 865/1816/1494 1521/1815/1493
f 1491/1774/1460 1521/1825/1493 1517/1810/1489
f 1517/1826/1489 1521/1815/1493 1522/1818/1496
f 1517/1826/1489 1522/1818/1496 1526/1827/1503
f 1526/1827/1503 1522/1818/1496 1523/1820/1498
f 1526/1827/1503 1523/1820/1498 1527/1828/1504
f 1527/1828/1504 1523/1820/1498 1524/1822/1500
f 1527/1828/1504 1524/1822/1500 1528/1829/1505
f 1528/1829/1505 1524/1822/1500 1525/1824/1502
f 1528/1829/1505 1525/1824/1502 1529/1830/1506
f 1490/1772/1459 1517/1810/1489 1518/1811/1490
f 1518/1811/1490 1517/1810/1489 1526/1831/1503
f 1518/1811/1490 1526/1831/1503 1519/1812/1507
f 1519/1814/1507 1526/1827/1503 1527/1828/1504
f 1519/1814/1507 1527/1828/1504 1520/1813/1492
f 1520/1813/1492 1527/1828/1504 1528/1829/1505
f 1520/1813/1492 1528/1829/1505 1516/1809/1488
f 1516/1809/1488 1528/1829/1505 1529/1830/1506
f 1516/1809/1488 1529/1830/1506 1515/1808/1487
f 1530/1832/1508 1531/1833/1509 1532/1834/1510
f 1533/1835/1511 734/1836/1512 780/1837/1513
f 1534/1838/1514 1533/1835/1511 1535/1839/1515
f 1531/1833/1509 1534/1838/1514 1536/1840/1516
f 1533/1835/1511 780/1837/1513 1535/1839/1515
f 1535/1839/1515 780/1837/1513 781/1841/1517
f 1535/1839/1515 781/1841/1517 1537/1842/1518
f 1537/1842/1518 781/1841/1517 782/1843/1519
f 1537/1842/1518 782/1843/1519 1538/1844/1520
f 1538/1844/1520 782/1843/1519 783/1845/1521
f 1538/1844/1520 783/1845/1521 1539/1846/1522
f 1539/1846/1522 783/1845/1521 784/1847/1523
f 1539/1846/1522 784/1847/1523 1540/1848/1524
f 1540/1848/1524 784/1847/1523 785/1849/1525
f 1540/1848/1524 785/1849/1525 1541/1850/1526
f 1541/1850/1526 785/1849/1525 786/1851/1527
f 1541/1850/1526 786/1851/1527 1542/1852/1528
f 1542/1852/1528 786/1851/1527 787/1853/1529
f 1542/1852/1528 787/1853/1529 1543/1854/1530
f 1543/1854/1530 787/1853/1529 788/1855/1531
f 1543/1854/1530 788/1855/1531 1544/1856/1532
f 1544/1856/1532 788/1855/1531 789/1857/1533
f 1544/1856/1532 789/1857/1533 1545/1858/1534
f 1545/1858/1534 789/1857/1533 790/1859/1535
f 1545/1858/1534 790/1859/1535 1546/1860/1536
f 1546/1860/1536 790/1859/1535 791/1861/1537
f 1546/1860/1536 791/1861/1537 1547/1862/1538
f 1547/1862/1538 791/1861/1537 792/1863/1539
f 1547/1862/1538 792/1863/1539 1548/1864/1540
f 1548/1864/1540 792/1863/1539 793/1865/1541
f 1548/1864/1540 793/1865/1541 1549/1866/1542
f 1549/1866/1542 793/1865/1541 695/1867/1543
f 1549/1866/1542 695/1867/1543 1550/1868/1544
f 1534/1838/1514 1535/1839/1515 1536/1840/1516
f 1536/1840/1516 1535/1839/1515 1537/1842/1518
f 1536/1840/1516 1537/1842/1518 1551/1869/1545
f 1551/1869/1545 1537/1842/1518 1538/1844/1520
f 1551/1869/1545 1538/1844/1520 1552/1870/1546
f 1552/1870/1546 1538/1844/1520 1539/1846/1522
f 1552/1870/1546 1539/1846/1522 1553/1871/1547
f 1553/1871/1547 1539/1846/1522 1540/1848/1524
f 1553/1871/1547 1540/1848/1524 1554/1872/1548
f 1554/1872/1548 1540/1848/1524 1541/1850/1526
f 1554/1872/1548 1541/1850/1526 1555/1873/1549
f 1555/1873/1549 1541/1850/1526 1542/1852/1528
f 1555/1873/1549 1542/1852/1528 1556/1874/1550
f 1556/1874/1550 1542/1852/1528 1543/1854/1530
f 1556/1874/1550 1543/1854/1530 1557/1875/1551
f 1557/1875/1551 1543/1854/1530 1544/1856/1532
f 1557/1875/1551 1544/1856/1532 1558/1876/1552
f 1558/1876/1552 1544/1856/1532 1545/1858/1534
f 1558/1876/1552 1545/1858/1534 1559/1877/1553
f 1559/1877/1553 1545/1858/1534 1546/1860/1536
f 1559/1877/1553 1546/1860/1536 1560/1878/1554
f 1560/1879/1554 1546/1880/1536 1547/1881/1538
f 1560/1879/1554 1547/1881/1538 1561/1882/1555
f 1561/1882/1555 1547/1881/1538 1548/1883/1540
f 1561/1882/1555 1548/1883/1540 1562/1884/1556
f 1562/1884/1556 1548/1883/1540 1549/1885/1542
f 1562/1884/1556 1549/1885/1542 1563/1886/1557
f 1563/1886/1557 1549/1885/1542 1550/1887/1544
f 1563/1886/1557 1550/1887/1544 1564/1888/1558
f 1531/1833/1509 1536/1840/1516 1532/1834/1510
f 1532/1834/1510 1536/1840/1516 1551/1869/1545
f 1532/1834/1510 1551/1869/1545 1565/1889/1559
f 1565/1889/1559 1551/1869/1545 1552/1870/1546
f 1565/1889/1559 1552/1870/1546 1566/1890/1560
f 1566/1890/1560 1552/1870/1546 1553/1871/1547
f 1566/1890/1560 1553/1871/1547 1567/1891/1561
f 1567/1891/1561 1553/1871/1547 1554/1872/1548
f 1567/1891/1561 1554/1872/1548 1568/1892/1562
f 1568/1892/1562 1554/1872/1548 1555/1873/1549
f 1568/1892/1562 1555/1873/1549 1569/1893/1563
f 1569/1893/1563 1555/1873/1549 1556/1874/1550
f 1569/1893/1563 1556/1874/1550 1570/1894/1564
f 1570/1894/1564 1556/1874/1550 1557/1875/1551
f 1570/1894/1564 1557/1875/1551 1571/1895/1565
f 1571/1895/1565 1557/1875/1551 1558/1876/1552
f 1571/1895/1565 1558/1876/1552 1572/1896/1566
f 1572/1897/1566 1558/1898/1552 1559/1899/1553
f 1572/1897/1566 1559/1899/1553 1573/1900/1567
f 1573/1900/1567 1559/1899/1553 1560/1879/1554
f 1573/1900/1567 1560/1879/1554 1574/1901/1568
f 1574/1901/1568 1560/1879/1554 1561/1882/1555
f 1574/1901/1568 1561/1882/1555 1575/1902/1569
f 1575/1902/1569 1561/1882/1555 1562/1884/1556
f 1575/1902/1569 1562/1884/1556 1576/1903/1570
f 1576/1903/1570 1562/1884/1556 1563/1886/1557
f 1576/1903/1570 1563/1886/1557 1577/1904/1571
f 1577/1904/1571 1563/1886/1557 1564/1888/1558
f 1577/1904/1571 1564/1888/1558 1578/1905/1572
f 1530/1832/1508 1532/1834/1510 1579/1906/1573
f 1579/1906/1573 1532/1834/1510 1565/1889/1559
f 1579/1906/1573 1565/1889/1559 1580/1907/1574
f 1580/1907/1574 1565/1889/1559 1566/1890/1560
f 1580/1907/1574 1566/1890/1560 1581/1908/1575
f 1581/1908/1575 1566/1890/1560 1567/1891/1561
f 1581/1908/1575 1567/1891/1561 1582/1909/1576
f 1582/1909/1576 1567/1891/1561 1568/1892/1562
f 1582/1909/1576 1568/1892/1562 1583/1910/1577
f 1583/1910/1577 1568/1892/1562 1569/1893/1563
f 1583/1910/1577 1569/1893/1563 1584/1911/1578
f 1584/1911/1578 1569/1893/1563 1570/1894/1564
f 1584/1911/1578 1570/1894/1564 1585/1912/1579
f 1585/1913/1579 1570/1914/1564 1571/1915/1565
f 1585/1913/1579 1571/1915/1565 1586/1916/1580
f 1586/1916/1580 1571/1915/1565 1572/1897/1566
f 1586/1916/1580 1572/1897/1566 1587/1917/1581
f 1587/1917/1581 1572/1897/1566 1573/1900/1567
f 1587/1917/1581 1573/1900/1567 1588/1918/1582
f 1588/1918/1582 1573/1900/1567 1574/1901/1568
f 1588/1918/1582 1574/1901/1568 1589/1919/1583
f 1589/1919/1583 1574/1901/1568 1575/1902/1569
f 1589/1919/1583 1575/1902/1569 1590/1920/1584
f 1590/1920/1584 1575/1902/1569 1576/1903/1570
f 1590/1920/1584 1576/1903/1570 1591/1921/1585
f 1591/1921/1585 1576/1903/1570 1577/1904/1571
f 1591/1921/1585 1577/1904/1571 1592/1922/1586
f 1592/1922/1586 1577/1904/1571 1578/1905/1572
f 1592/1922/1586 1578/1905/1572 1593/1923/1587
f 1593/1923/1587 1594/1924/1588 1595/1925/1589
f 1596/1926/1590 1597/1927/1591 1598/1928/1592
f 1596/1926/1590 1598/1928/1592 1599/1929/1593
f 1599/1929/1593 1598/1928/1592 1600/1930/1594
f 1599/1929/1593 1600/1930/1594 1601/1931/1595
f 1601/1931/1595 1600/1930/1594 1602/1932/1596
f 1601/1931/1595 1602/1932/1596 1603/1933/1597
f 1603/1933/1597 1602/1932/1596 1604/1934/1598
f 1603/1933/1597 1604/1934/1598 1605/1935/1599
f 1605/1935/1599 1604/1934/1598 1606/1936/1600
f 1605/1935/1599 1606/1936/1600 1607/1937/1601
f 1607/1937/1601 1606/1936/1600 1608/1938/1602
f 1607/1937/1601 1608/1938/1602 1609/1939/1603
f 1610/1940/1604 1611/1941/1605 1612/1942/1606
f 1612/1943/1606 1611/1944/1605 1613/1945/1607
f 1612/1943/1606 1613/1945/1607 1614/1946/1608
f 1614/1946/1608 1613/1945/1607 1615/1947/1609
f 1614/1946/1608 1615/1947/1609 1616/1948/1610
f 1616/1948/1610 1615/1947/1609 1617/1949/1611
f 1616/1948/1610 1617/1949/1611 1618/1950/1612
f 1618/1950/1612 1617/1949/1611 1619/1951/1613
f 1619/1951/1613 1617/1949/1611 1620/1952/1614
f 1619/1951/1613 1620/1952/1614 1621/1953/1615
f 1621/1953/1615 1620/1952/1614 1622/1954/1616
f 1621/1953/1615 1622/1954/1616 1623/1955/1617
f 1623/1955/1617 1622/1954/1616 1624/1956/1618
f 1623/1955/1617 1624/1956/1618 1625/1957/1619
f 1625/1957/1619 1624/1956/1618 1626/1958/1620
f 1625/1957/1619 1626/1958/1620 1627/1959/1621
f 1627/1959/1621 1626/1958/1620 1595/1925/1589
f 1627/1959/1621 1595/1925/1589 1628/1960/1622
f 1628/1960/1622 1595/1925/1589 1594/1924/1588
f 1628/1960/1622 1594/1924/1588 1629/1961/1623
f 1593/1923/1587 1595/1925/1589 1592/1922/1586
f 1592/1922/1586 1595/1925/1589 1626/1958/1620
f 1592/1922/1586 1626/1958/1620 1591/1921/1585
f 1591/1921/1585 1626/1958/1620 1624/1956/1618
f 1591/1921/1585 1624/1956/1618 1590/1920/1584
f 1590/1920/1584 1624/1956/1618 1622/1954/1616
f 1590/1920/1584 1622/1954/1616 1589/1919/1583
f 1589/1919/1583 1622/1954/1616 1620/1952/1614
f 1589/1919/1583 1620/1952/1614 1588/1918/1582
f 1588/1918/1582 1620/1952/1614 1617/1949/1611
f 1588/1918/1582 1617/1949/1611 1587/1917/1581
f 1587/1917/1581 1617/1949/1611 1615/1947/1609
f 1587/1917/1581 1615/1947/1609 1586/1916/1580
f 1586/1916/1580 1615/1947/1609 1613/1945/1607
f 1586/1916/1580 1613/1945/1607 1585/1913/1579
f 1585/1913/1579 1613/1945/1607 1611/1944/1605
f 1585/1912/1579 1611/1941/1605 1584/1911/1578
f 1610/1940/1604 1609/1939/1603 1611/1941/1605
f 1611/1941/1605 1609/1939/1603 1608/1938/1602
f 1611/1941/1605 1608/1938/1602 1584/1911/1578
f 1584/1911/1578 1608/1938/1602 1606/1936/1600
f 1584/1911/1578 1606/1936/1600 1583/1910/1577
f 1583/1910/1577 1606/1936/1600 1604/1934/1598
f 1583/1910/1577 1604/1934/1598 1582/1909/1576
f 1582/1909/1576 1604/1934/1598 1602/1932/1596
f 1582/1909/1576 1602/1932/1596 1581/1908/1575
f 1581/1908/1575 1602/1932/1596 1600/1930/1594
f 1581/1908/1575 1600/1930/1594 1580/1907/1574
f 1580/1907/1574 1600/1930/1594 1598/1928/1592
f 1580/1907/1574 1598/1928/1592 1579/1906/1573
f 1579/1906/1573 1598/1928/1592 1597/1927/1591
f 1579/1906/1573 1597/1927/1591 1530/1832/1508
f 1630/1962/1624 1629/1961/1623 1594/1924/1588
f 1630/1962/1624 1594/1924/1588 1631/1963/1625
f 1632/1964/1626 1633/1965/1627 1634/1966/1628
f 1632/1964/1626 1634/1966/1628 1635/1967/1629
f 1636/1968/1630 1637/1969/1631 1638/1970/1632
f 1638/1970/1632 1637/1969/1631 1639/1971/1633
f 1638/1970/1632 1639/1971/1633 1640/1972/1634
f 1632/1964/1626 1641/1973/1635 1636/1968/1630
f 1636/1968/1630 1641/1973/1635 1642/1974/1636
f 1636/1968/1630 1642/1974/1636 1637/1969/1631
f 1643/1975/1637 1644/1976/1638 1635/1967/1629
f 1635/1967/1629 1644/1976/1638 1645/1977/1639
f 1635/1967/1629 1645/1977/1639 1632/1964/1626
f 1632/1964/1626 1645/1977/1639 1646/1978/1640
f 1632/1964/1626 1646/1978/1640 1641/1973/1635
f 1647/1979/1641 1648/1980/1642 1649/1981/1643
f 1649/1981/1643 1648/1980/1642 1650/1982/1644
f 1649/1981/1643 1650/1982/1644 1643/1975/1637
f 1643/1975/1637 1650/1982/1644 1651/1983/1645
f 1643/1975/1637 1651/1983/1645 1644/1976/1638
f 1593/1923/1587 1647/1979/1641 1594/1924/1588
f 1594/1924/1588 1647/1979/1641 1649/1981/1643
f 1594/1924/1588 1649/1981/1643 1631/1963/1625
f 1631/1963/1625 1649/1981/1643 1643/1975/1637
f 1631/1963/1625 1643/1975/1637 1652/1984/1646
f 1652/1984/1646 1643/1975/1637 1635/1967/1629
f 1652/1984/1646 1635/1967/1629 1653/1985/1647
f 1653/1985/1647 1635/1967/1629 1634/1966/1628
f 1640/1972/1634 1654/1986/1648 1638/1970/1632
f 1638/1970/1632 1654/1986/1648 1655/1987/1649
f 1638/1970/1632 1655/1987/1649 1636/1968/1630
f 1636/1968/1630 1655/1987/1649 1656/1988/1650
f 1636/1968/1630 1656/1988/1650 1632/1964/1626
f 1632/1964/1626 1656/1988/1650 1657/1989/1651
f 1632/1964/1626 1657/1989/1651 1633/1965/1627
f 1550/1868/1544 695/1867/1543 1658/1990/1652
f 1564/1888/1558 1550/1887/1544 1659/1991/1653
f 1578/1905/1572 1564/1888/1558 1660/1992/1654
f 1550/1868/1544 1658/1990/1652 1659/1993/1653
f 1659/1993/1653 1658/1990/1652 1661/1994/1655
f 1659/1993/1653 1661/1994/1655 1662/1995/1656
f 1662/1995/1656 1661/1994/1655 726/1996/1657
f 1662/1995/1656 726/1996/1657 1663/1997/1658
f 1663/1997/1658 726/1996/1657 1664/1998/1659
f 1663/1997/1658 1664/1998/1659 1665/1999/1660
f 1665/1999/1660 1664/1998/1659 1666/2000/1661
f 1665/1999/1660 1666/2000/1661 1667/2001/1662
f 1667/2001/1662 1666/2000/1661 729/2002/1663
f 1667/2001/1662 729/2002/1663 1668/2003/1664
f 1668/2003/1664 729/2002/1663 1669/2004/1665
f 1668/2003/1664 1669/2004/1665 1670/2005/1666
f 1670/2005/1666 1669/2004/1665 1671/2006/1667
f 1670/2005/1666 1671/2006/1667 1672/2007/1668
f 1564/1888/1558 1659/1991/1653 1660/1992/1654
f 1660/1992/1654 1659/1991/1653 1662/2008/1656
f 1660/1992/1654 1662/2008/1656 1673/2009/1669
f 1673/2009/1669 1662/2008/1656 1663/2010/1658
f 1673/2009/1669 1663/2010/1658 1674/2011/1670
f 1674/2011/1670 1663/2010/1658 1665/2012/1660
f 1674/2011/1670 1665/2012/1660 1675/2013/1671
f 1675/2013/1671 1665/2012/1660 1667/2014/1662
f 1675/2013/1671 1667/2014/1662 1676/2015/1672
f 1676/2015/1672 1667/2014/1662 1668/2016/1664
f 1676/2015/1672 1668/2016/1664 1677/2017/1673
f 1677/2017/1673 1668/2016/1664 1670/2018/1666
f 1677/2017/1673 1670/2018/1666 1678/2019/1674
f 1678/2019/1674 1670/2018/1666 1672/2020/1668
f 1678/2019/1674 1672/2020/1668 1679/2021/1675
f 1578/1905/1572 1660/1992/1654 1680/2022/1676
f 1680/2022/1676 1660/1992/1654 1673/2009/1669
f 1680/2022/1676 1673/2009/1669 1681/2023/1677
f 1681/2023/1677 1673/2009/1669 1674/2011/1670
f 1681/2023/1677 1674/2011/1670 1682/2024/1678
f 1682/2024/1678 1674/2011/1670 1675/2013/1671
f 1682/2024/1678 1675/2013/1671 1683/2025/1679
f 1683/2025/1679 1675/2013/1671 1676/2015/1672
f 1683/2025/1679 1676/2015/1672 1684/2026/1680
f 1684/2026/1680 1676/2015/1672 1677/2017/1673
f 1684/2026/1680 1677/2017/1673 1685/2027/1681
f 1685/2027/1681 1677/2017/1673 1678/2019/1674
f 1685/2027/1681 1678/2019/1674 1686/2028/1682
f 1686/2028/1682 1678/2019/1674 1679/2021/1675
f 1686/2028/1682 1679/2021/1675 1687/2029/1683
f 1642/1974/1636 1641/1973/1635 1687/2029/1683
f 1687/2029/1683 1641/1973/1635 1646/1978/1640
f 1687/2029/1683 1646/1978/1640 1686/2028/1682
f 1686/2028/1682 1646/1978/1640 1645/1977/1639
f 1686/2028/1682 1645/1977/1639 1685/2027/1681
f 1685/2027/1681 1645/1977/1639 1644/1976/1638
f 1685/2027/1681 1644/1976/1638 1684/2026/1680
f 1684/2026/1680 1644/1976/1638 1651/1983/1645
f 1684/2026/1680 1651/1983/1645 1683/2025/1679
f 1683/2025/1679 1651/1983/1645 1650/1982/1644
f 1683/2025/1679 1650/1982/1644 1682/2024/1678
f 1682/2024/1678 1650/1982/1644 1648/1980/1642
f 1682/2024/1678 1648/1980/1642 1681/2023/1677
f 1681/2023/1677 1648/1980/1642 1647/1979/1641
f 1681/2023/1677 1647/1979/1641 1680/2022/1676
f 1680/2022/1676 1647/1979/1641 1593/1923/1587
f 1680/2022/1676 1593/1923/1587 1578/1905/1572
f 1637/1969/1631 1642/1974/1636 1688/2030/1684
f 1688/2030/1684 1642/1974/1636 1687/2029/1683
f 1688/2030/1684 1687/2029/1683 1689/2031/1685
f 1689/2031/1685 1687/2029/1683 1679/2021/1675
f 1689/2031/1685 1679/2021/1675 1690/2032/1686
f 1690/2032/1686 1679/2021/1675 1672/2020/1668
f 1690/2033/1686 1672/2007/1668 1691/2034/1687
f 1691/2034/1687 1672/2007/1668 1671/2006/1667
f 1639/1971/1633 1637/1969/1631 1692/2035/1688
f 1692/2035/1688 1637/1969/1631 1688/2030/1684
f 1692/2035/1688 1688/2030/1684 1693/2036/1689
f 1693/2036/1689 1688/2030/1684 1689/2031/1685
f 1693/2036/1689 1689/2031/1685 1694/2037/1690
f 1694/2037/1690 1689/2031/1685 1690/2032/1686
f 1694/2038/1690 1690/2033/1686 1695/2039/1691
f 1695/2039/1691 1690/2033/1686 1691/2034/1687
f 1640/1972/1634 1639/1971/1633 1696/2040/1692
f 1696/2040/1692 1639/1971/1633 1692/2035/1688
f 1696/2040/1692 1692/2035/1688 1697/2041/1693
f 1697/2041/1693 1692/2035/1688 1693/2036/1689
f 1697/2041/1693 1693/2036/1689 1698/2042/1694
f 1698/2042/1694 1693/2036/1689 1694/2037/1690
f 1698/2043/1694 1694/2038/1690 586/2044/1695
f 586/2044/1695 1694/2038/1690 1695/2039/1691
f 1654/1986/1648 1640/1972/1634 1699/2045/1696
f 1700/2046/1697 1701/2047/1698 1702/2048/1699
f 1703/2049/1700 1331/2050/1297 1704/2051/1701
f 1704/2051/1701 1331/2050/1297 1705/2052/1702
f 1704/2051/1701 1705/2052/1702 1700/2046/1697
f 1700/2046/1697 1705/2052/1702 1706/2053/1703
f 1700/2046/1697 1706/2053/1703 1701/2047/1698
f 1336/2054/1302 1335/2055/1301 1703/2049/1700
f 1703/2049/1700 1335/2055/1301 1333/2056/1299
f 1703/2049/1700 1333/2056/1299 1331/2050/1297
f 1703/2049/1700 1707/2057/1704 1708/2058/1705
f 1336/2054/1302 1703/2049/1700 1709/2059/1706
f 1709/2059/1706 1703/2049/1700 1708/2058/1705
f 1709/2059/1706 1708/2058/1705 1710/2060/1707
f 1707/2057/1704 1703/2049/1700 1711/2061/1708
f 1711/2061/1708 1703/2049/1700 1704/2051/1701
f 1711/2061/1708 1704/2051/1701 1712/2062/1709
f 1712/2062/1709 1704/2051/1701 1713/2063/1710
f 1713/2063/1710 1704/2051/1701 1700/2046/1697
f 1713/2063/1710 1700/2046/1697 1714/2064/1711
f 1714/2064/1711 1700/2046/1697 1702/2048/1699
f 1714/2064/1711 1702/2048/1699 1715/2065/1712
f 1715/2065/1712 1702/2048/1699 1716/2066/1713
f 1715/2065/1712 1716/2066/1713 1717/2067/1714
f 1717/2067/1714 1716/2066/1713 1718/2068/1715
f 1717/2067/1714 1718/2068/1715 1699/2045/1696
f 1699/2045/1696 1718/2068/1715 1719/2069/1716
f 1699/2045/1696 1719/2069/1716 1654/1986/1648
f 1720/2070/1717 1697/2041/1693 1698/2042/1694
f 1721/2071/1718 1696/2040/1692 1697/2041/1693
f 1699/2045/1696 1640/1972/1634 1696/2040/1692
f 1722/2072/1719 585/2073/1720 606/2074/1721
f 1696/2040/1692 1721/2071/1718 1699/2045/1696
f 1699/2045/1696 1721/2071/1718 1723/2075/1722
f 1699/2045/1696 1723/2075/1722 1717/2067/1714
f 1717/2067/1714 1723/2075/1722 1715/2065/1712
f 1715/2065/1712 1723/2075/1722 1724/2076/1723
f 1715/2065/1712 1724/2076/1723 1714/2064/1711
f 1714/2064/1711 1724/2076/1723 1725/2077/1724
f 1714/2064/1711 1725/2077/1724 1713/2063/1710
f 1713/2063/1710 1725/2077/1724 1712/2062/1709
f 1712/2062/1709 1725/2077/1724 1726/2078/1725
f 1712/2062/1709 1726/2078/1725 1711/2061/1708
f 1711/2061/1708 1726/2078/1725 1727/2079/1726
f 1711/2061/1708 1727/2079/1726 1707/2057/1704
f 1707/2057/1704 1727/2079/1726 1728/2080/1727
f 1707/2057/1704 1728/2080/1727 1708/2058/1705
f 1708/2058/1705 1728/2080/1727 1729/2081/1728
f 1708/2058/1705 1729/2081/1728 1710/2060/1707
f 1722/2072/1719 606/2074/1721 1730/2082/1729
f 1730/2082/1729 606/2074/1721 607/2083/1730
f 1730/2082/1729 607/2083/1730 1731/2084/1731
f 1731/2084/1731 607/2083/1730 608/2085/1732
f 1731/2084/1731 608/2085/1732 1732/2086/1733
f 1732/2086/1733 608/2085/1732 609/2087/1734
f 1732/2086/1733 609/2087/1734 1733/2088/1735
f 1733/2088/1735 609/2087/1734 610/2089/1736
f 1733/2088/1735 610/2089/1736 1734/2090/1737
f 1734/2090/1737 610/2089/1736 611/2091/1738
f 1734/2090/1737 611/2091/1738 1735/2092/1739
f 1735/2092/1739 611/2091/1738 579/2093/1740
f 1735/2092/1739 579/2093/1740 1736/2094/1741
f 586/2044/1695 585/2073/1720 1698/2043/1694
f 1698/2043/1694 585/2073/1720 1722/2072/1719
f 1698/2042/1694 1722/2095/1719 1720/2070/1717
f 1720/2070/1717 1722/2095/1719 1730/2096/1729
f 1720/2070/1717 1730/2096/1729 1737/2097/1742
f 1737/2097/1742 1730/2096/1729 1731/2098/1731
f 1737/2097/1742 1731/2098/1731 1738/2099/1743
f 1738/2099/1743 1731/2098/1731 1732/2100/1733
f 1738/2099/1743 1732/2100/1733 1739/2101/1744
f 1739/2101/1744 1732/2100/1733 1733/2102/1735
f 1739/2101/1744 1733/2102/1735 1740/2103/1745
f 1740/2103/1745 1733/2102/1735 1734/2104/1737
f 1740/2103/1745 1734/2104/1737 1741/2105/1746
f 1741/2105/1746 1734/2104/1737 1735/2106/1739
f 1741/2105/1746 1735/2106/1739 1742/2107/1747
f 1742/2107/1747 1735/2106/1739 1736/2108/1741
f 1742/2107/1747 1736/2108/1741 1743/2109/1748
f 1697/2041/1693 1720/2070/1717 1721/2071/1718
f 1721/2071/1718 1720/2070/1717 1737/2097/1742
f 1721/2071/1718 1737/2097/1742 1723/2075/1722
f 1723/2075/1722 1737/2097/1742 1738/2099/1743
f 1723/2075/1722 1738/2099/1743 1724/2076/1723
f 1724/2076/1723 1738/2099/1743 1739/2101/1744
f 1724/2076/1723 1739/2101/1744 1725/2077/1724
f 1725/2077/1724 1739/2101/1744 1740/2103/1745
f 1725/2077/1724 1740/2103/1745 1726/2078/1725
f 1726/2078/1725 1740/2103/1745 1741/2105/1746
f 1726/2078/1725 1741/2105/1746 1727/2079/1726
f 1727/2079/1726 1741/2105/1746 1742/2107/1747
f 1727/2079/1726 1742/2107/1747 1728/2080/1727
f 1728/2080/1727 1742/2107/1747 1743/2109/1748
f 1728/2080/1727 1743/2109/1748 1729/2081/1728
f 1744/2110/1749 1745/2111/1750 1746/2112/1751
f 1747/2113/1752 1325/2114/1291 1324/2115/1290
f 1747/2113/1752 1324/2115/1290 1748/2116/1753
f 1325/2114/1291 1747/2113/1752 1326/2117/1292
f 1326/2117/1292 1747/2113/1752 1749/2118/1754
f 1326/2117/1292 1749/2118/1754 1316/2119/1282
f 1316/2119/1282 1749/2118/1754 1750/2120/1755
f 1316/2119/1282 1750/2120/1755 1318/2121/1284
f 1750/2120/1755 1751/2122/1756 1318/2121/1284
f 1318/2121/1284 1751/2122/1756 1752/2123/1757
f 1318/2121/1284 1752/2123/1757 1753/2124/1758
f 1752/2123/1757 1754/2125/1759 1753/2124/1758
f 1753/2124/1758 1754/2125/1759 1755/2126/1760
f 1753/2124/1758 1755/2126/1760 1756/2127/1761
f 1757/2128/1762 1758/2129/1763 1759/2130/1764
f 1756/2127/1761 1755/2126/1760 1759/2130/1764
f 1759/2130/1764 1755/2126/1760 1760/2131/1765
f 1759/2130/1764 1760/2131/1765 1757/2128/1762
f 1758/2129/1763 1757/2128/1762 1761/2132/1766
f 1761/2132/1766 1757/2128/1762 1762/2133/1767
f 1761/2132/1766 1762/2133/1767 1763/2134/1768
f 1763/2134/1768 1764/2135/1769 1761/2132/1766
f 1761/2132/1766 1764/2135/1769 1765/2136/1770
f 1761/2132/1766 1765/2136/1770 1766/2137/1771
f 1766/2137/1771 1765/2136/1770 1767/2138/1772
f 1766/2137/1771 1767/2138/1772 1768/2139/1773
f 1768/2139/1773 1767/2138/1772 1769/2140/1774
f 1768/2139/1773 1769/2140/1774 1770/2141/1775
f 1770/2141/1775 1769/2140/1774 1771/2142/1776
f 1770/2141/1775 1771/2142/1776 1772/2143/1777
f 1771/2142/1776 1773/2144/1778 1772/2143/1777
f 1772/2143/1777 1773/2144/1778 1774/2145/1779
f 1772/2143/1777 1774/2145/1779 1775/2146/1780
f 1775/2146/1780 1774/2145/1779 1776/2147/1781
f 1775/2146/1780 1776/2147/1781 1746/2112/1751
f 1777/2148/1782 1744/2110/1749 1778/2149/1783
f 1778/2149/1783 1744/2110/1749 1746/2112/1751
f 1778/2149/1783 1746/2112/1751 1779/2150/1784
f 1779/2150/1784 1746/2112/1751 1776/2147/1781
f 1324/2115/1290 1780/2151/1785 1748/2116/1753
f 1748/2116/1753 1780/2151/1785 1781/2152/1786
f 1748/2153/1753 1781/2154/1786 1782/2155/1787
f 1783/2156/1788 1784/2157/1789 1785/2158/1790
f 1782/2155/1787 1781/2154/1786 1786/2159/1791
f 1786/2159/1791 1781/2154/1786 1783/2160/1788
f 1786/2159/1791 1783/2160/1788 1787/793/1792
f 1787/2161/1792 1783/2162/1788 1785/2163/1790
f 1787/2164/1792 1785/2158/1790 1788/2165/1793
f 1788/2165/1793 1785/2158/1790 1789/2166/1794
f 1788/2165/1793 1789/2166/1794 1790/2167/1795
f 1790/2167/1795 1789/2166/1794 1791/2168/1796
f 1790/2167/1795 1791/2168/1796 1792/2169/1797
f 1792/2169/1797 1791/2168/1796 1793/2170/1798
f 1793/2170/1798 1791/2168/1796 1794/2171/1799
f 1793/2170/1798 1794/2171/1799 1795/2172/1800
f 1795/2173/1800 1794/2174/1799 1796/2175/1801
f 1796/2175/1801 1794/2174/1799 478/2176/1802
f 1796/2175/1801 478/2176/1802 479/2177/1803
f 472/2178/1804 478/2176/1802 1797/2179/1805
f 1797/2179/1805 478/2176/1802 1794/2174/1799
f 1797/2179/1805 1794/2174/1799 1798/2180/1806
f 1798/2180/1806 1794/2174/1799 1799/2181/1807
f 1799/2182/1807 1794/2171/1799 1800/2183/1808
f 1800/2183/1808 1794/2171/1799 1791/2168/1796
f 1800/2183/1808 1791/2168/1796 1801/2184/1809
f 1801/2184/1809 1791/2168/1796 1789/2166/1794
f 1801/2184/1809 1789/2166/1794 1802/2185/1810
f 1802/2185/1810 1789/2166/1794 1803/2186/1811
f 1803/2186/1811 1789/2166/1794 1785/2158/1790
f 1803/2186/1811 1785/2158/1790 1784/2157/1789
f 1323/1572/1289 1327/2187/1293 1804/2188/1812
f 1805/2189/1813 1328/2190/1294 1806/2191/1814
f 1806/2192/1814 1328/2193/1294 1329/2194/1295
f 1324/1573/1290 1323/1572/1289 1780/2195/1785
f 1780/2195/1785 1323/1572/1289 1804/2188/1812
f 1780/2195/1785 1804/2188/1812 1781/2196/1786
f 1781/2196/1786 1804/2188/1812 1807/2197/1815
f 1781/2196/1786 1807/2197/1815 1783/2198/1788
f 1783/2198/1788 1807/2197/1815 1808/2199/1816
f 1783/2198/1788 1808/2199/1816 1784/2200/1789
f 1809/2201/1817 1810/2202/1818 1811/2203/1819
f 1810/2202/1818 1809/2201/1817 1812/2204/1820
f 1803/2205/1811 1784/2200/1789 1811/2203/1819
f 1811/2203/1819 1784/2200/1789 1808/2199/1816
f 1811/2203/1819 1808/2199/1816 1809/2201/1817
f 1809/2201/1817 1808/2199/1816 1807/2197/1815
f 1809/2201/1817 1807/2197/1815 1805/2206/1813
f 1805/2206/1813 1807/2197/1815 1804/2188/1812
f 1805/2206/1813 1804/2188/1812 1328/2193/1294
f 1328/2193/1294 1804/2188/1812 1327/2187/1293
f 1329/2194/1295 1813/2207/1821 1806/2192/1814
f 1806/2192/1814 1813/2207/1821 1814/2208/1822
f 1806/2192/1814 1814/2208/1822 1805/2206/1813
f 1805/2206/1813 1814/2208/1822 1815/2209/1823
f 1805/2206/1813 1815/2209/1823 1809/2201/1817
f 1809/2201/1817 1815/2209/1823 1816/2210/1824
f 1809/2201/1817 1816/2210/1824 1812/2204/1820
f 1817/2211/1825 1818/2212/1826 1819/2213/1827
f 1820/2214/1828 1801/2215/1809 1802/2216/1810
f 472/2178/1804 1797/2179/1805 1821/2217/1829
f 1797/2179/1805 1798/2180/1806 1821/2217/1829
f 1821/2218/1829 1798/2219/1806 1799/2220/1807
f 1821/2218/1829 1799/2220/1807 1800/2221/1808
f 1803/2205/1811 1811/2203/1819 1822/2222/1830
f 1822/2222/1830 1811/2203/1819 1810/2202/1818
f 1822/2222/1830 1810/2202/1818 1823/2223/1831
f 1823/2223/1831 1810/2202/1818 1812/2204/1820
f 1823/2223/1831 1812/2204/1820 1824/2224/1832
f 1824/2224/1832 1812/2204/1820 1816/2210/1824
f 1824/2224/1832 1816/2210/1824 1825/2225/1833
f 1825/2225/1833 1816/2210/1824 1826/2226/1834
f 1825/2225/1833 1826/2226/1834 1818/2212/1826
f 1818/2212/1826 1817/2211/1825 1825/2225/1833
f 1825/2225/1833 1817/2211/1825 1827/2227/1835
f 1825/2225/1833 1827/2227/1835 1824/2224/1832
f 1824/2224/1832 1827/2227/1835 1828/2228/1836
f 1824/2224/1832 1828/2228/1836 1823/2223/1831
f 1823/2223/1831 1828/2228/1836 1820/2214/1828
f 1823/2223/1831 1820/2214/1828 1822/2222/1830
f 1822/2222/1830 1820/2214/1828 1802/2216/1810
f 1822/2222/1830 1802/2216/1810 1803/2205/1811
f 1819/2213/1827 1829/2229/1837 1817/2211/1825
f 1817/2211/1825 1829/2229/1837 1830/2230/1838
f 1817/2211/1825 1830/2230/1838 1827/2227/1835
f 1827/2227/1835 1830/2230/1838 1831/2231/1839
f 1827/2227/1835 1831/2231/1839 1828/2228/1836
f 1828/2228/1836 1831/2231/1839 1821/2218/1829
f 1828/2228/1836 1821/2218/1829 1820/2214/1828
f 1820/2214/1828 1821/2218/1829 1800/2221/1808
f 1820/2214/1828 1800/2221/1808 1801/2215/1809
f 472/2178/1804 1821/2217/1829 495/2232/1840
f 495/2232/1840 1821/2217/1829 1831/2233/1839
f 495/2232/1840 1831/2233/1839 503/2234/1841
f 503/2234/1841 1831/2233/1839 1830/2235/1838
f 503/2234/1841 1830/2235/1838 505/2236/1842
f 505/2236/1842 1830/2235/1838 1829/2237/1837
f 505/2236/1842 1829/2237/1837 499/2238/1843
f 499/2238/1843 1829/2237/1837 1819/2239/1827
f 499/2238/1843 1819/2239/1827 500/2240/1844
s 0
f 527/2241/1845 525/2242/1845 524/2243/1845
f 524/2243/1845 526/2244/1845 527/2241/1845
f 527/2245/1845 528/2246/1845 529/2247/1845
f 531/2248/1845 530/2249/1845 533/2250/1845
f 539/2251/1845 518/2252/1845 495/2232/1845
f 495/2232/1845 518/2252/1845 519/2253/1845
f 495/2232/1845 519/2253/1845 472/2178/1845
f 472/2178/1845 519/2253/1845 516/2254/1845
f 518/2252/1845 517/2255/1845 519/2253/1845
f 519/2256/1845 542/2257/1845 535/2258/1845
f 538/2259/1845 495/2232/1845 537/2260/1845
f 537/2260/1845 495/2232/1845 503/2234/1845
f 537/2260/1845 503/2234/1845 536/2261/1845
f 536/2261/1845 503/2234/1845 505/2236/1845
f 536/2261/1845 505/2236/1845 523/2262/1845
f 523/2262/1845 505/2236/1845 499/2238/1845
f 530/2249/1845 532/2263/1845 533/2250/1845
f 533/2264/1845 534/2265/1845 540/2266/1845
f 540/2266/1845 534/2265/1845 535/2258/1845
f 540/2266/1845 535/2258/1845 541/2267/1845
f 541/2267/1845 535/2258/1845 542/2257/1845
s 1
f 522/2268/1846 1832/2269/1847 521/2270/1848
f 521/2270/1848 1832/2269/1847 1833/2271/1849
f 1833/2272/1849 1832/2273/1847 1834/2274/1850
f 1834/2274/1850 1832/2273/1847 1835/2275/1851
f 1834/2274/1850 1835/2275/1851 1836/2276/1852
f 1836/2276/1852 1835/2275/1851 1837/2277/1853
f 1837/2277/1853 1835/2275/1851 1838/2278/1854
f 1837/2277/1853 1838/2278/1854 1839/2279/1855
f 1839/2279/1855 1838/2278/1854 1840/2280/1856
f 1839/2279/1855 1840/2280/1856 1841/2281/1857
f 1816/2210/1824 1840/2280/1856 1826/2226/1834
f 1826/2226/1834 1840/2280/1856 1838/2278/1854
f 1826/2226/1834 1838/2278/1854 1818/2212/1826
f 1818/2212/1826 1838/2278/1854 1835/2275/1851
f 1818/2212/1826 1835/2275/1851 1819/2213/1827
f 1819/2213/1827 1835/2275/1851 1832/2273/1847
f 1819/2239/1827 1832/2269/1847 500/2240/1844
f 500/2240/1844 1832/2269/1847 522/2268/1846
f 1840/2280/1856 1816/2210/1824 1815/2209/1823
f 1842/2282/1858 1843/2283/1859 1844/2284/1860
f 1844/2284/1860 1843/2283/1859 1845/2285/1861
f 1844/2284/1860 1845/2285/1861 1846/2286/1862
f 1847/2287/1863 1848/2288/1864 1815/2209/1823
f 1846/2286/1862 1849/2289/1865 1844/2284/1860
f 1844/2284/1860 1849/2289/1865 1850/2290/1866
f 1844/2284/1860 1850/2290/1866 1851/2291/1867
f 1841/2281/1857 1840/2280/1856 1852/2292/1868
f 1852/2292/1868 1840/2280/1856 1815/2209/1823
f 1852/2292/1868 1815/2209/1823 1853/2293/1869
f 1853/2293/1869 1815/2209/1823 1848/2288/1864
f 1710/2060/1707 1842/2282/1858 1709/2059/1706
f 1709/2059/1706 1842/2282/1858 1844/2284/1860
f 1709/2059/1706 1844/2284/1860 1336/2054/1302
f 1336/2054/1302 1844/2284/1860 1854/2294/1870
f 1851/2291/1867 1847/2287/1863 1844/2284/1860
f 1844/2284/1860 1847/2287/1863 1815/2209/1823
f 1844/2284/1860 1815/2209/1823 1854/2294/1870
f 1854/2294/1870 1815/2209/1823 1814/2208/1822
f 1854/2294/1870 1814/2208/1822 1813/2207/1821
f 1855/2295/1871 1843/2283/1859 1842/2282/1858
f 1855/2295/1871 1842/2282/1858 1856/2296/1872
f 1856/2296/1872 1842/2282/1858 1857/2297/1873
f 1856/2296/1872 1857/2297/1873 1858/2298/1874
f 1858/2298/1874 1857/2297/1873 1859/2299/1875
f 1858/2298/1874 1859/2299/1875 1860/2300/1876
f 1860/2300/1876 1859/2299/1875 1861/2301/1877
f 1861/2301/1877 1859/2299/1875 1862/2302/1878
f 1861/2301/1877 1862/2302/1878 1863/2303/1879
f 1863/2304/1879 1862/2305/1878 568/2306/1880
f 1863/2304/1879 568/2306/1880 570/2307/1881
f 579/2093/1740 568/2306/1880 1736/2094/1741
f 1736/2094/1741 568/2306/1880 1862/2305/1878
f 1736/2108/1741 1862/2302/1878 1743/2109/1748
f 1743/2109/1748 1862/2302/1878 1859/2299/1875
f 1743/2109/1748 1859/2299/1875 1729/2081/1728
f 1729/2081/1728 1859/2299/1875 1857/2297/1873
f 1729/2081/1728 1857/2297/1873 1710/2060/1707
f 1710/2060/1707 1857/2297/1873 1842/2282/1858
f 1864/2308/1882 1865/2309/1883 1866/2310/1884
f 1864/2308/1882 1866/2310/1884 1867/2311/1885
f 1867/2311/1885 1866/2310/1884 1868/2312/1886
f 1867/2311/1885 1868/2312/1886 1869/2313/1887
f 1869/2314/1887 1868/2315/1886 1870/2316/1888
f 1870/2316/1888 1868/2315/1886 1871/2317/1889
f 1870/2316/1888 1871/2317/1889 1872/2318/1890
f 1871/2317/1889 1873/2319/1891 1872/2318/1890
f 1872/2318/1890 1873/2319/1891 1874/2320/1892
f 1872/2318/1890 1874/2320/1892 1875/2321/1893
f 1875/2321/1893 1874/2320/1892 1876/2322/1894
f 1875/2321/1893 1876/2322/1894 1877/2323/1895
f 1877/2323/1895 1876/2322/1894 1878/2324/1896
f 1877/2323/1895 1878/2324/1896 1879/2325/1897
f 1879/2325/1897 1878/2324/1896 1880/2326/1898
f 1879/2325/1897 1880/2326/1898 1881/2327/1899
f 1882/2328/1900 1883/2329/1901 1884/2330/1902
f 1880/2326/1898 1885/2331/1903 1881/2327/1899
f 1881/2327/1899 1885/2331/1903 1886/2332/1904
f 1881/2327/1899 1886/2332/1904 1887/2333/1905
f 1887/2333/1905 1886/2332/1904 1882/2328/1900
f 1887/2333/1905 1882/2328/1900 1888/2334/1906
f 1888/2334/1906 1882/2328/1900 1884/2330/1902
f 1888/2334/1906 1884/2330/1902 1889/2335/1907
f 1865/2309/1883 1864/2308/1882 1890/2336/1908
f 1890/2336/1908 1864/2308/1882 1891/2337/1909
f 1890/2336/1908 1891/2337/1909 1892/2338/1910
f 1892/2338/1910 1891/2337/1909 1893/2339/1911
f 1892/2338/1910 1893/2339/1911 1894/2340/1912
f 1894/2340/1912 1893/2339/1911 1895/2341/1913
f 1895/2341/1913 1893/2339/1911 1896/2342/1914
f 1895/2341/1913 1896/2342/1914 1897/2343/1915
f 1897/2343/1915 1896/2342/1914 1898/2344/1916
f 1898/2344/1916 1896/2342/1914 1899/2345/1917
f 1898/2344/1916 1899/2345/1917 1900/2346/1918
f 1901/2347/1919 1902/2348/1920 1903/2349/1921
f 1903/2349/1921 1902/2348/1920 1904/2350/1922
f 1903/2349/1921 1904/2350/1922 1905/2351/1923
f 1905/2351/1923 1904/2350/1922 1906/2352/1924
f 1905/2351/1923 1906/2352/1924 1907/2353/1925
f 1907/2353/1925 1906/2352/1924 1908/2354/1926
f 1907/2353/1925 1908/2354/1926 1899/2345/1917
f 1899/2345/1917 1908/2354/1926 1909/2355/1927
f 1899/2345/1917 1909/2355/1927 1900/2346/1918
f 1901/2347/1919 1903/2349/1921 1910/2356/1928
f 1910/2356/1928 1903/2349/1921 1911/2357/1929
f 1910/2356/1928 1911/2357/1929 1912/2358/1930
f 1911/2357/1929 1745/2111/1750 1912/2358/1930
f 1912/2358/1930 1745/2111/1750 1744/2110/1749
f 1912/2358/1930 1744/2110/1749 1913/2359/1931
f 1913/2359/1931 1744/2110/1749 1777/2148/1782
f 1889/2335/1907 1884/2330/1902 1914/2360/1932
f 1914/2360/1932 1884/2330/1902 1915/2361/1933
f 1914/2360/1932 1915/2361/1933 1916/2362/1934
f 1916/2362/1934 1915/2361/1933 1917/2363/1935
f 1918/2364/1936 1919/2365/1937 1917/2363/1935
f 1917/2363/1935 1919/2365/1937 1920/2366/1938
f 1917/2363/1935 1920/2366/1938 1916/2362/1934
f 398/2367/1939 383/2368/1940 1918/2364/1936
f 1918/2364/1936 383/2368/1940 382/2369/1941
f 1918/2364/1936 382/2369/1941 1921/2370/1942
f 1921/2370/1942 1922/2371/1943 1918/2364/1936
f 1918/2364/1936 1922/2371/1943 1923/2372/1944
f 1918/2364/1936 1923/2372/1944 1919/2365/1937
f 398/2367/1939 1918/2364/1936 1924/2373/1945
f 1924/2373/1945 1918/2364/1936 1917/2363/1935
f 1924/2373/1945 1917/2363/1935 1925/2374/1946
f 1925/2374/1946 1917/2363/1935 1915/2361/1933
f 1925/2374/1946 1915/2361/1933 1926/2375/1947
f 1926/2375/1947 1915/2361/1933 1927/2376/1948
f 1927/2376/1948 1915/2361/1933 1884/2330/1902
f 1927/2376/1948 1884/2330/1902 1883/2329/1901
f 1928/2377/1949 1314/1561/1280 1929/2378/1950
f 1928/2377/1949 1929/2378/1950 1930/2379/1951
f 1930/2379/1951 1929/2378/1950 1931/2380/1952
f 1930/2379/1951 1931/2380/1952 1932/2381/1953
f 1319/1568/1285 1318/1567/1284 1753/2382/1758
f 1319/1568/1285 1753/2382/1758 1933/2383/1954
f 1753/2382/1758 1756/2384/1761 1933/2383/1954
f 1933/2383/1954 1756/2384/1761 1759/2385/1764
f 1933/2383/1954 1759/2385/1764 1934/2386/1955
f 1935/2387/1956 1936/2388/1957 1937/2389/1958
f 1935/2387/1956 1937/2389/1958 1938/2390/1959
f 1938/2390/1959 1937/2389/1958 1933/2383/1954
f 1938/2390/1959 1933/2383/1954 1934/2386/1955
f 1319/1568/1285 1933/2383/1954 1939/2391/1960
f 1939/2391/1960 1933/2383/1954 1937/2389/1958
f 1939/2391/1960 1937/2389/1958 1940/2392/1961
f 1940/2392/1961 1937/2389/1958 1936/2388/1957
f 1941/2393/1962 1317/1565/1283 1939/2391/1960
f 1939/2391/1960 1317/1565/1283 1319/1568/1285
f 1940/2392/1961 1942/2394/1963 1939/2391/1960
f 1939/2391/1960 1942/2394/1963 1943/2395/1964
f 1939/2391/1960 1943/2395/1964 1941/2393/1962
f 1944/2396/1965 1945/2397/1966 1946/2398/1967
f 1321/1570/1287 1947/2399/1968 1322/1571/1288
f 1322/1571/1288 1947/2399/1968 1309/1556/1275
f 1948/2400/1969 1941/2393/1962 1943/2395/1964
f 1317/1565/1283 1941/2393/1962 1315/2401/1281
f 1315/2401/1281 1941/2393/1962 1948/2400/1969
f 1315/2401/1281 1948/2400/1969 1320/2402/1286
f 1320/2402/1286 1948/2400/1969 1321/2403/1287
f 1942/2394/1963 1949/2404/1970 1943/2395/1964
f 1943/2395/1964 1949/2404/1970 1950/2405/1971
f 1943/2395/1964 1950/2405/1971 1948/2400/1969
f 1948/2400/1969 1950/2405/1971 1946/2406/1967
f 1948/2407/1969 1946/2398/1967 1321/1570/1287
f 1321/1570/1287 1946/2398/1967 1945/2397/1966
f 1321/1570/1287 1945/2397/1966 1947/2399/1968
f 1951/2408/1972 1944/2396/1965 1952/2409/1973
f 1952/2409/1973 1944/2396/1965 1946/2398/1967
f 1952/2409/1973 1946/2398/1967 1953/2410/1974
f 1953/2411/1974 1946/2406/1967 1950/2405/1971
f 1953/2411/1974 1950/2405/1971 1954/2412/1975
f 1954/2412/1975 1950/2405/1971 1949/2404/1970
f 1955/2413/1976 1931/2380/1952 1956/2414/1977
f 1956/2414/1977 1931/2380/1952 1929/2378/1950
f 1929/2378/1950 1957/2415/1978 1956/2414/1977
f 1956/2414/1977 1957/2415/1978 1958/2416/1979
f 1956/2414/1977 1958/2416/1979 1959/2417/1980
f 1955/2413/1976 1956/2414/1977 1960/2418/1981
f 1960/2418/1981 1956/2414/1977 1959/2417/1980
f 1960/2418/1981 1959/2417/1980 1961/2419/1982
f 1309/1556/1275 1958/2416/1979 1310/1557/1276
f 1310/1557/1276 1958/2416/1979 1957/2415/1978
f 1310/1557/1276 1957/2415/1978 1313/1560/1279
f 1313/1560/1279 1957/2415/1978 1929/2378/1950
f 1313/1560/1279 1929/2378/1950 1314/1561/1280
f 1951/2408/1972 1961/2419/1982 1944/2396/1965
f 1944/2396/1965 1961/2419/1982 1959/2417/1980
f 1944/2396/1965 1959/2417/1980 1945/2397/1966
f 1945/2397/1966 1959/2417/1980 1958/2416/1979
f 1945/2397/1966 1958/2416/1979 1947/2399/1968
f 1947/2399/1968 1958/2416/1979 1309/1556/1275
f 1962/2420/1983 1963/2421/1984 1964/2422/1985
f 1942/2394/1963 1940/2392/1961 1962/2420/1983
f 1942/2394/1963 1962/2420/1983 1949/2404/1970
f 1949/2404/1970 1962/2420/1983 1964/2422/1985
f 1949/2404/1970 1964/2422/1985 1954/2412/1975
f 1954/2412/1975 1964/2422/1985 1965/2423/1986
f 1954/2412/1975 1965/2423/1986 1953/2411/1974
f 1960/2418/1981 1961/2419/1982 1966/2424/1987
f 1966/2424/1987 1961/2419/1982 1951/2408/1972
f 1966/2424/1987 1951/2408/1972 1965/2425/1986
f 1965/2425/1986 1951/2408/1972 1952/2409/1973
f 1965/2425/1986 1952/2409/1973 1953/2410/1974
f 1966/2424/1987 1967/2426/1988 1960/2418/1981
f 1960/2418/1981 1967/2426/1988 1968/2427/1989
f 1960/2418/1981 1968/2427/1989 1955/2413/1976
f 1955/2413/1976 1968/2427/1989 1931/2380/1952
f 1631/1963/1990 1652/1984/1991 1969/2428/1992
f 1969/2428/1992 1652/1984/1991 1653/1985/1993
f 1969/2428/1992 1653/1985/1993 1970/2429/1994
f 1970/2429/1994 1653/1985/1993 1634/1966/1995
f 1970/2429/1994 1634/1966/1995 1971/2430/1996
f 1350/2431/1316 1629/1961/1997 1972/2432/1998
f 1972/2432/1998 1629/1961/1997 1630/1962/1999
f 1972/2432/1998 1630/1962/1999 1973/2433/2000
f 1973/2433/2000 1630/1962/1999 1631/1963/1990
f 1973/2433/2000 1631/1963/1990 1974/2434/2001
f 1974/2434/2001 1631/1963/1990 1969/2428/1992
f 1975/2435/2002 1976/2436/2003 1977/2437/2004
f 1978/2438/2005 1979/2439/2006 1976/2436/2003
f 1977/2437/2004 1980/2440/2007 1975/2435/2002
f 1975/2435/2002 1980/2440/2007 1981/2441/2008
f 1975/2435/2002 1981/2441/2008 1982/2442/2009
f 1982/2442/2009 1981/2441/2008 1983/2443/2010
f 1982/2442/2009 1983/2443/2010 1984/2444/2011
f 1976/2436/2003 1975/2435/2002 1978/2438/2005
f 1978/2438/2005 1975/2435/2002 1982/2442/2009
f 1978/2438/2005 1982/2442/2009 1985/2445/2012
f 1985/2445/2012 1982/2442/2009 1984/2444/2011
f 1985/2445/2012 1984/2444/2011 1986/2446/2013
f 1987/2447/2014 1988/2448/2015 1989/2449/2016
f 1988/2448/2015 1990/2450/2017 1989/2449/2016
f 1989/2449/2016 1990/2450/2017 1991/2451/2018
f 1989/2449/2016 1991/2451/2018 1992/2452/2019
f 1993/2453/2020 1994/2454/2021 1995/2455/2022
f 1995/2455/2022 1994/2454/2021 1989/2449/2016
f 1995/2455/2022 1989/2449/2016 1996/2456/2023
f 1996/2456/2023 1989/2449/2016 1992/2452/2019
f 1997/2457/2024 1985/2445/2012 1998/2458/2025
f 1998/2458/2025 1985/2445/2012 1986/2446/2013
f 1998/2458/2025 1986/2446/2013 1999/2459/2026
f 1997/2457/2024 1987/2447/2014 1985/2445/2012
f 1985/2445/2012 1987/2447/2014 1989/2449/2016
f 1985/2445/2012 1989/2449/2016 1978/2438/2005
f 1978/2438/2005 1989/2449/2016 2000/2460/2027
f 1978/2438/2005 2000/2460/2027 1979/2439/2006
f 1994/2454/2021 2001/2461/2028 1989/2449/2016
f 1989/2449/2016 2001/2461/2028 2002/2462/2029
f 1989/2449/2016 2002/2462/2029 2000/2460/2027
f 2000/2460/2027 2002/2462/2029 2003/2463/2030
f 2000/2460/2027 2003/2463/2030 2004/2464/2031
f 2005/2465/2032 2006/2466/2033 2007/2467/2034
f 2005/2465/2032 2008/2468/2035 2009/2469/2036
f 2009/2469/2036 2008/2468/2035 2010/2470/2037
f 2009/2469/2036 2010/2470/2037 1339/1595/1305
f 1999/2459/2026 1986/2446/2013 2011/2471/2038
f 2011/2471/2038 1986/2446/2013 2010/2470/2037
f 2011/2471/2038 2010/2470/2037 2012/2472/2039
f 2012/2472/2039 2010/2470/2037 2008/2468/2035
f 2013/2473/2040 2014/2474/2041 2008/2468/2035
f 2008/2468/2035 2014/2474/2041 2015/2475/2042
f 2008/2468/2035 2015/2475/2042 2012/2472/2039
f 2005/2465/2032 2007/2467/2034 2008/2468/2035
f 2008/2468/2035 2007/2467/2034 2016/2476/2043
f 2008/2468/2035 2016/2476/2043 2017/2477/2044
f 2018/2478/2045 2013/2473/2040 2019/2479/2046
f 2019/2479/2046 2013/2473/2040 2008/2468/2035
f 2019/2479/2046 2008/2468/2035 2020/2480/2047
f 2020/2480/2047 2008/2468/2035 2017/2477/2044
f 1339/1595/1305 2010/2470/2037 2021/2481/2048
f 1339/1595/1305 2021/2481/2048 1340/1596/1306
f 1340/1596/1306 2021/2481/2048 2022/2482/2049
f 1340/1596/1306 2022/2482/2049 1330/1586/1296
f 2010/2470/2037 1986/2446/2013 2021/2481/2048
f 2021/2481/2048 1986/2446/2013 1984/2444/2011
f 2021/2481/2048 1984/2444/2011 2022/2482/2049
f 2022/2482/2049 1984/2444/2011 1983/2443/2010
f 1983/2443/2010 1706/2483/1703 1705/2484/1702
f 1983/2443/2010 1705/2484/1702 2022/2482/2049
f 2022/2482/2049 1705/2484/1702 1331/1587/1297
f 2022/2482/2049 1331/1587/1297 1330/1586/1296
f 1981/2441/2008 1702/2485/1699 1983/2443/2010
f 1983/2443/2010 1702/2485/1699 1701/2486/1698
f 1983/2443/2010 1701/2486/1698 1706/2483/1703
f 1977/2487/2004 1654/1986/1648 1719/2069/1716
f 1977/2487/2004 1719/2069/1716 1980/2488/2007
f 1980/2488/2007 1719/2069/1716 1718/2068/1715
f 1980/2488/2007 1718/2068/1715 1981/2489/2008
f 1981/2489/2008 1718/2068/1715 1716/2066/1713
f 1981/2441/2008 1716/2490/1713 1702/2485/1699
f 1971/2430/1996 1634/1966/1995 2023/2491/2050
f 2023/2491/2050 1634/1966/1995 1633/1965/2051
f 2023/2491/2050 1633/1965/2051 2024/2492/2052
f 1633/1965/2051 1657/1989/2053 2024/2492/2052
f 2024/2492/2052 1657/1989/2053 1656/1988/2054
f 2024/2492/2052 1656/1988/2054 2025/2493/2055
f 2025/2493/2055 1656/1988/2054 1655/1987/1649
f 2025/2493/2055 1655/1987/1649 2026/2494/2056
f 2026/2494/2056 1655/1987/1649 1654/1986/1648
f 2026/2494/2056 1654/1986/1648 1977/2487/2004
f 2027/2495/2057 2028/2496/2058 2029/2497/2059
f 2030/2498/2060 2031/2499/2061 2032/2500/2062
f 2032/2500/2062 2031/2499/2061 2033/2501/2063
f 2032/2500/2062 2033/2501/2063 2034/2502/2064
f 2034/2502/2064 2033/2501/2063 2027/2495/2057
f 2034/2502/2064 2027/2495/2057 2035/2503/2065
f 2035/2503/2065 2027/2495/2057 2029/2497/2059
f 2035/2503/2065 2029/2497/2059 2023/2504/2050
f 2023/2504/2050 2029/2497/2059 1971/2505/1996
f 2026/2506/2056 1977/2437/2004 1976/2436/2003
f 2023/2504/2050 2024/2507/2052 2035/2503/2065
f 2035/2503/2065 2024/2507/2052 2025/2508/2055
f 2035/2503/2065 2025/2508/2055 2034/2502/2064
f 2034/2502/2064 2025/2508/2055 2026/2506/2056
f 2034/2502/2064 2026/2506/2056 2032/2500/2062
f 2032/2500/2062 2026/2506/2056 1976/2436/2003
f 2032/2500/2062 1976/2436/2003 2030/2498/2060
f 2030/2498/2060 1976/2436/2003 1979/2439/2006
f 1972/2509/1998 1973/2510/2000 2036/2511/2066
f 2037/2512/2067 1359/1618/1326 1351/1607/1317
f 1970/2513/1994 1971/2505/1996 2029/2497/2059
f 1973/2510/2000 1974/2514/2001 2036/2511/2066
f 2036/2511/2066 1974/2514/2001 1969/2515/1992
f 2036/2511/2066 1969/2515/1992 2038/2516/2068
f 2038/2516/2068 1969/2515/1992 1970/2513/1994
f 2038/2516/2068 1970/2513/1994 2039/2517/2069
f 2039/2517/2069 1970/2513/1994 2029/2497/2059
f 2039/2517/2069 2029/2497/2059 2040/2518/2070
f 2040/2518/2070 2029/2497/2059 2028/2496/2058
f 1350/1606/1316 1972/2509/1998 1351/1607/1317
f 1351/1607/1317 1972/2509/1998 2036/2511/2066
f 1351/1607/1317 2036/2511/2066 2037/2512/2067
f 2037/2512/2067 2036/2511/2066 2038/2516/2068
f 2037/2512/2067 2038/2516/2068 2041/2519/2071
f 2041/2519/2071 2038/2516/2068 2039/2517/2069
f 2041/2519/2071 2039/2517/2069 2042/2520/2072
f 2042/2520/2072 2039/2517/2069 2040/2518/2070
f 1979/2439/2006 2000/2460/2027 2030/2498/2060
f 2030/2498/2060 2000/2460/2027 2043/2521/2073
f 2030/2498/2060 2043/2521/2073 2031/2499/2061
f 2044/2522/2074 2045/2523/2075 2033/2501/2063
f 2033/2501/2063 2045/2523/2075 2027/2495/2057
f 2046/2524/2076 2047/2525/2077 2048/2526/2078
f 2049/2527/2079 2050/2528/2080 2044/2522/2074
f 2033/2501/2063 2031/2499/2061 2044/2522/2074
f 2044/2522/2074 2031/2499/2061 2043/2521/2073
f 2044/2522/2074 2043/2521/2073 2049/2527/2079
f 2049/2527/2079 2043/2521/2073 2000/2460/2027
f 2049/2527/2079 2000/2460/2027 2004/2464/2031
f 2040/2518/2070 2028/2496/2058 2051/2529/2081
f 2051/2529/2081 2028/2496/2058 2027/2495/2057
f 2051/2529/2081 2027/2495/2057 2048/2526/2078
f 2048/2526/2078 2027/2495/2057 2045/2523/2075
f 2048/2526/2078 2045/2523/2075 2046/2524/2076
f 2046/2524/2076 2045/2523/2075 2044/2522/2074
f 2046/2524/2076 2044/2522/2074 2052/2530/2082
f 2052/2530/2082 2044/2522/2074 2050/2528/2080
f 2052/2530/2082 2050/2528/2080 2053/2531/2083
f 2052/2530/2082 2053/2531/2083 2046/2524/2076
f 2054/2532/2084 2055/2533/2085 2056/2534/2086
f 2056/2534/2086 2055/2533/2085 2057/2535/2087
f 2056/2534/2086 2057/2535/2087 2058/2536/2086
f 2058/2536/2086 2057/2535/2087 2059/2537/2088
f 2058/2536/2086 2059/2537/2088 2053/2531/2083
f 2053/2531/2083 2059/2537/2088 2047/2525/2077
f 2053/2531/2083 2047/2525/2077 2046/2524/2076
f 2060/2538/2089 2061/2539/2090 2062/2540/2091
f 2051/2529/2081 2048/2526/2078 2063/2541/2092
f 2063/2541/2092 2048/2526/2078 2047/2525/2077
f 2042/2520/2072 2040/2518/2070 2051/2529/2081
f 2051/2529/2081 2063/2541/2092 2042/2520/2072
f 2042/2520/2072 2063/2541/2092 2064/2542/2093
f 2042/2520/2072 2064/2542/2093 2041/2519/2071
f 2041/2519/2071 2064/2542/2093 2065/2543/2094
f 2041/2519/2071 2065/2543/2094 2037/2512/2067
f 2066/2544/2095 2067/2545/2096 2064/2542/2093
f 2066/2544/2095 2064/2542/2093 2068/2546/2097
f 2067/2545/2096 2069/2547/2098 2064/2542/2093
f 2064/2542/2093 2069/2547/2098 2070/2548/2099
f 2064/2542/2093 2070/2548/2099 2065/2543/2094
f 2065/2543/2094 2070/2548/2099 2071/2549/2100
f 2065/2543/2094 2071/2549/2100 2037/2512/2067
f 2037/2512/2067 2071/2549/2100 2072/2550/2101
f 2037/2512/2067 2072/2550/2101 1359/1618/1326
f 1359/1618/1326 2072/2550/2101 2073/2551/2102
f 1359/1618/1326 2073/2551/2102 2062/2540/2091
f 2062/2540/2091 2073/2551/2102 2074/2552/2103
f 2062/2540/2091 2074/2552/2103 2060/2538/2089
f 2047/2525/2077 2059/2537/2088 2063/2541/2092
f 2063/2541/2092 2059/2537/2088 2057/2535/2087
f 2063/2541/2092 2057/2535/2087 2064/2542/2093
f 2064/2542/2093 2057/2535/2087 2055/2533/2085
f 2064/2542/2093 2055/2533/2085 2068/2546/2097
f 2075/2553/2104 2076/2554/2105 2077/2555/2106
f 2078/2556/2107 2079/2557/2108 2080/2558/2109
f 2081/2559/2110 1373/1632/1340 2078/2556/2107
f 2078/2556/2107 2080/2558/2109 2081/2559/2110
f 2081/2559/2110 2080/2558/2109 2082/2560/2111
f 2081/2559/2110 2082/2560/2111 2083/2561/2112
f 2083/2561/2112 2082/2560/2111 2084/2562/2113
f 2083/2561/2112 2084/2562/2113 2077/2555/2106
f 2077/2555/2106 2084/2562/2113 2085/2563/2114
f 2077/2555/2106 2085/2563/2114 2075/2553/2104
f 2075/2553/2104 2085/2563/2114 2086/2564/2115
f 2087/2565/2116 2076/2554/2105 2075/2553/2104
f 2088/2566/2117 2089/2567/2118 2090/2568/2119
f 2075/2553/2104 2086/2564/2115 2087/2565/2116
f 2087/2565/2116 2086/2564/2115 2088/2566/2117
f 2087/2565/2116 2088/2566/2117 2091/2569/2120
f 2091/2569/2120 2088/2566/2117 2090/2568/2119
f 2091/2569/2120 2090/2568/2119 2092/2570/2121
f 2093/2571/2122 2092/2570/2121 2090/2568/2119
f 2089/2567/2118 2094/2572/2123 2090/2568/2119
f 2090/2568/2119 2094/2572/2123 2095/2573/2124
f 2090/2568/2119 2095/2573/2124 2093/2571/2122
f 2093/2571/2122 2095/2573/2124 2096/2574/2125
f 2093/2571/2122 2096/2574/2125 2097/2575/2126
f 2098/2576/2083 2099/2577/2127 2100/2578/2128
f 2100/2578/2128 2099/2577/2127 2096/2574/2125
f 2100/2578/2128 2096/2574/2125 2101/2579/2129
f 2101/2579/2129 2096/2574/2125 2095/2573/2124
f 2101/2579/2129 2095/2573/2124 2102/2580/2130
f 2102/2580/2130 2095/2573/2124 2094/2572/2123
f 2088/2566/2117 2086/2564/2115 2103/2581/2086
s 0
f 2104/2582/2083 2105/2583/2083 2089/2567/2118
f 2089/2567/2118 2105/2583/2086 2106/2584/2086
f 2089/2567/2118 2106/2584/2086 2094/2572/2123
s 1
f 2086/2564/2115 2085/2563/2114 2103/2581/2086
f 2103/2581/2086 2085/2563/2114 2084/2562/2113
f 2103/2581/2086 2084/2562/2113 2107/2585/2086
f 2088/2566/2117 2103/2581/2086 2089/2567/2118
s 0
f 2089/2567/2118 2103/2581/2086 2108/2586/2086
f 2089/2567/2118 2108/2586/2086 2109/2587/2086
s 1
f 2080/2558/2109 2079/2557/2108 2110/2588/2086
f 2110/2588/2086 2079/2557/2108 2111/2589/2131
s 0
f 2110/2588/2083 2111/2589/2132 2112/2590/2083
f 2113/2591/2133 2114/2592/2133 2115/2593/2133
f 2115/2593/2084 2114/2592/2084 2116/2594/2084
s 1
f 2084/2562/2113 2082/2560/2111 2107/2585/2086
f 2107/2585/2086 2082/2560/2111 2080/2558/2109
f 2107/2585/2086 2080/2558/2109 2116/2594/2086
f 2116/2594/2086 2080/2558/2109 2110/2588/2086
s 0
f 2116/2594/2083 2110/2588/2083 2115/2593/2083
f 2109/2587/2086 2117/2595/2086 2089/2567/2118
f 2089/2567/2118 2117/2595/2083 2118/2596/2083
f 2089/2567/2118 2118/2596/2086 2104/2582/2086
s 1
f 1388/1647/1355 2119/2597/2134 1386/1645/1353
f 1386/1645/1353 2119/2597/2134 2120/2598/2135
f 1386/1645/1353 2120/2598/2135 1385/1644/1352
f 1385/1644/1352 2120/2598/2135 1384/1643/1351
f 1384/1643/1351 2120/2598/2135 1383/1642/1350
f 1383/1642/1350 2120/2598/2135 2121/2599/2136
f 1383/1642/1350 2121/2599/2136 1381/1640/1348
f 2122/2600/2137 1372/1631/1339 1381/1640/1348
f 1381/1640/1348 2121/2599/2136 2122/2600/2137
f 2122/2600/2137 2121/2599/2136 2123/2601/2138
f 2122/2600/2137 2123/2601/2138 2124/2602/2139
f 2112/2590/2140 2111/2589/2131 2125/2603/2141
f 2125/2603/2141 2111/2589/2131 2122/2600/2137
f 2125/2603/2141 2122/2600/2137 2126/2604/2142
f 2126/2604/2142 2122/2600/2137 2124/2602/2139
f 2119/2597/2134 2127/2605/2143 2120/2598/2135
f 2120/2598/2135 2127/2605/2143 2128/2606/2144
f 2120/2598/2135 2128/2606/2144 2129/2607/2145
f 2129/2607/2145 2130/2608/2146 2120/2598/2135
f 2120/2598/2135 2130/2608/2146 2131/2609/2147
f 2120/2598/2135 2131/2609/2147 2121/2599/2136
f 2121/2599/2136 2131/2609/2147 2132/2610/2148
f 2121/2599/2136 2132/2610/2148 2123/2601/2138
f 2111/2589/2131 2079/2557/2108 2122/2600/2137
f 2122/2600/2137 2079/2557/2108 2078/2556/2107
f 2122/2600/2137 2078/2556/2107 1372/1631/1339
f 1372/1631/1339 2078/2556/2107 1373/1632/1340
f 2133/2611/2086 2134/2612/2086 2135/2613/2149
f 2136/2614/2086 2137/2615/2150 2134/2612/2086
f 2134/2612/2086 2137/2615/2150 2138/2616/2151
f 2134/2612/2086 2138/2616/2151 2135/2613/2149
f 2129/2607/2145 2128/2606/2144 2139/2617/2086
f 2139/2617/2086 2128/2606/2144 2127/2605/2143
f 2139/2617/2086 2127/2605/2143 2140/2618/2086
f 2141/2619/2086 2142/2620/2083 2143/2621/2152
f 2143/2621/2152 2142/2620/2083 2144/2622/2086
f 2143/2621/2152 2144/2622/2086 2145/2623/2153
f 2145/2623/2153 2144/2622/2086 2133/2611/2086
f 2145/2623/2153 2133/2611/2086 2146/2624/2154
f 2146/2624/2154 2133/2611/2086 2135/2613/2149
f 2147/2625/2086 2127/2605/2143 2136/2614/2086
f 2136/2614/2086 2127/2605/2143 2148/2626/2155
f 2136/2614/2086 2148/2626/2155 2137/2615/2150
f 2147/2625/2086 2149/2627/2086 2127/2605/2143
f 2127/2605/2143 2149/2627/2086 2150/2628/2086
f 2127/2605/2143 2150/2628/2086 2140/2618/2086
f 1360/1619/1327 1359/1618/1326 2062/2540/2091
f 2062/2540/2091 2061/2539/2090 2151/2629/2156
f 2151/2629/2156 2061/2539/2090 2152/2630/2157
f 2151/2629/2156 2152/2630/2157 2153/2631/2158
f 2141/2619/2086 2143/2621/2152 2154/2632/2159
f 2154/2632/2159 2143/2621/2152 2155/2633/2160
f 2156/2634/2161 1364/1623/1331 2157/2635/2162
f 2157/2635/2162 1364/1623/1331 1363/1622/1330
f 2157/2635/2162 1363/1622/1330 2151/2629/2156
f 2151/2629/2156 1363/1622/1330 1362/1621/1329
f 2151/2629/2156 1362/1621/1329 2062/2540/2091
f 2062/2540/2091 1362/1621/1329 1361/1620/1328
f 2062/2540/2091 1361/1620/1328 1360/1619/1327
f 2158/2636/2163 2159/2637/2164 2160/2638/2165
f 2160/2638/2165 2159/2637/2164 2161/2639/2166
f 2160/2638/2165 2161/2639/2166 2162/2640/2167
f 2162/2640/2167 2161/2639/2166 2163/2641/2168
f 2162/2640/2167 2163/2641/2168 2164/2642/2169
f 2164/2642/2169 2163/2641/2168 2165/2643/2170
f 2164/2642/2169 2165/2643/2170 2166/2644/2171
f 2166/2644/2171 2165/2643/2170 2167/2645/2172
f 2166/2644/2171 2167/2645/2172 2156/2634/2161
f 2156/2634/2161 2167/2645/2172 2168/2646/2173
f 2156/2634/2161 2168/2646/2173 1364/1623/1331
f 2148/2626/2155 2127/2605/2143 2119/2597/2134
f 1388/1647/1355 2158/2636/2163 2119/2597/2134
f 2119/2597/2134 2158/2636/2163 2160/2638/2165
f 2119/2597/2134 2160/2638/2165 2148/2626/2155
f 2148/2626/2155 2160/2638/2165 2162/2640/2167
f 2148/2626/2155 2162/2640/2167 2137/2615/2150
f 2137/2615/2150 2162/2640/2167 2164/2642/2169
f 2137/2615/2150 2164/2642/2169 2138/2616/2151
f 2138/2616/2151 2164/2642/2169 2166/2644/2171
f 2138/2616/2151 2166/2644/2171 2135/2613/2149
f 2135/2613/2149 2166/2644/2171 2156/2634/2161
f 2135/2613/2149 2156/2634/2161 2146/2624/2154
f 2146/2624/2154 2156/2634/2161 2157/2635/2162
f 2146/2624/2154 2157/2635/2162 2145/2623/2153
f 2145/2623/2153 2157/2635/2162 2151/2629/2156
f 2145/2623/2153 2151/2629/2156 2143/2621/2152
f 2143/2621/2152 2151/2629/2156 2153/2631/2158
f 2143/2621/2152 2153/2631/2158 2155/2633/2160
f 2169/2647/2174 1387/1646/1354 1402/1664/1369
f 1402/1664/1369 1401/1663/1368 2170/2648/2175
f 2170/2648/2175 1401/1663/1368 1390/1649/1357
f 2170/2648/2175 1390/1649/1357 1389/1648/1356
f 1388/1647/1355 1387/1646/1354 2158/2636/2163
f 2158/2636/2163 1387/1646/1354 2169/2647/2174
f 2158/2636/2163 2169/2647/2174 2159/2637/2164
f 2159/2637/2164 2169/2647/2174 2171/2649/2176
f 2159/2637/2164 2171/2649/2176 2161/2639/2166
f 2161/2639/2166 2171/2649/2176 2172/2650/2177
f 2161/2639/2166 2172/2650/2177 2163/2641/2168
f 2163/2641/2168 2172/2650/2177 2165/2643/2170
f 2165/2643/2170 2172/2650/2177 2173/2651/2178
f 2165/2643/2170 2173/2651/2178 2167/2645/2172
f 2167/2645/2172 2173/2651/2178 2168/2646/2173
f 2168/2646/2173 2173/2651/2178 1358/1617/1325
f 2168/2646/2173 1358/1617/1325 1364/1623/1331
f 1402/1664/1369 2170/2648/2175 2169/2647/2174
f 2169/2647/2174 2170/2648/2175 2174/2652/2179
f 2169/2647/2174 2174/2652/2179 2171/2649/2176
f 2171/2649/2176 2174/2652/2179 2175/2653/2180
f 2171/2649/2176 2175/2653/2180 2172/2650/2177
f 2172/2650/2177 2175/2653/2180 2176/2654/2181
f 2172/2650/2177 2176/2654/2181 2173/2651/2178
f 2173/2651/2178 2176/2654/2181 1354/1610/1320
f 2173/2651/2178 1354/1610/1320 1358/1617/1325
f 1354/2655/1320 2176/2656/2181 1625/1957/2182
f 1357/1615/1324 1355/1614/1321 1628/1960/2183
f 1628/1960/2183 1355/1614/1321 1354/2655/1320
f 1628/1960/2183 1354/2655/1320 1627/1959/2184
f 1627/1959/2184 1354/2655/1320 1625/1957/2182
f 1357/1615/1324 1628/1960/2183 1352/2657/1318
f 1352/2657/1318 1628/1960/2183 1629/1961/1997
f 1352/2657/1318 1629/1961/1997 1350/2431/1316
f 2170/2658/2175 1618/2659/2185 2174/2660/2179
f 2174/2661/2179 1618/2662/2185 1619/2163/2186
f 2174/2663/2179 1619/1951/2186 2175/2664/2180
f 2175/2664/2180 1619/1951/2186 1621/1953/2187
f 2175/2664/2180 1621/1953/2187 2176/2656/2181
f 2176/2656/2181 1621/1953/2187 1623/1955/2188
f 2176/2656/2181 1623/1955/2188 1625/1957/2182
f 1391/1650/1358 1612/2665/2189 1389/1648/1356
f 1389/1648/1356 1612/2665/2189 1614/2666/2190
f 1389/1648/1356 1614/2666/2190 2170/2648/2175
f 2170/2648/2175 1614/2666/2190 1616/2667/2191
f 2170/2648/2175 1616/2667/2191 1618/2668/2185
f 1612/2665/2189 1391/1650/1358 1393/1652/1360
f 1612/2665/2189 1393/1652/1360 1610/2669/2192
f 1610/2669/2192 1393/1652/1360 1396/1658/1363
f 1610/2669/2192 1396/1658/1363 1609/2670/1603
f 1609/2670/1603 1396/1658/1363 1395/1657/1362
f 1609/2670/1603 1395/1657/1362 1607/2671/1601
f 1607/2671/1601 1395/1657/1362 1394/1653/1361
f 1607/1937/1601 1394/2672/1361 1605/1935/1599
f 1605/1935/1599 1394/2672/1361 1403/2673/1370
f 1605/1935/1599 1403/2673/1370 1603/1933/1597
f 1403/2673/1370 2177/2674/2193 1603/1933/1597
f 1603/1933/1597 2177/2674/2193 2178/2675/2194
f 1603/1933/1597 2178/2675/2194 1601/1931/1595
f 1601/1931/1595 2178/2675/2194 2179/2676/2195
f 1601/1931/1595 2179/2676/2195 1599/1929/1593
f 1599/1929/1593 2179/2676/2195 2180/2677/2196
f 1599/1929/1593 2180/2677/2196 1596/1926/1590
f 2181/2678/2197 2182/2679/2198 2180/2677/2196
f 2183/2680/2199 2184/2681/2200 2182/2682/2198
f 2077/2555/2106 2076/2554/2105 2184/2681/2200
f 2185/2683/2201 1374/1633/1341 1371/1630/1338
f 2184/2681/2200 2186/2684/2202 2077/2555/2106
f 2077/2555/2106 2186/2684/2202 2187/2685/2203
f 2077/2555/2106 2187/2685/2203 2083/2561/2112
f 2083/2561/2112 2187/2685/2203 2185/2683/2201
f 2083/2561/2112 2185/2683/2201 2081/2559/2110
f 2081/2559/2110 2185/2683/2201 1371/1630/1338
f 2081/2559/2110 1371/1630/1338 1373/1632/1340
f 2180/2677/2196 2179/2676/2195 2181/2678/2197
f 2181/2678/2197 2179/2676/2195 2178/2675/2194
f 2181/2678/2197 2178/2675/2194 2188/2686/2204
f 2188/2686/2204 2178/2675/2194 2177/2674/2193
f 2188/2686/2204 2177/2674/2193 2189/2687/2205
f 2182/2682/2198 2181/2688/2197 2183/2680/2199
f 2183/2680/2199 2181/2688/2197 2188/2689/2204
f 2183/2680/2199 2188/2689/2204 2190/2690/2206
f 2190/2690/2206 2188/2689/2204 2189/2691/2205
f 2190/2690/2206 2189/2691/2205 2191/2692/2207
f 2177/2674/2193 1403/2673/1370 2189/2687/2205
f 2189/2691/2205 1403/1665/1370 1377/1636/1344
f 2189/2691/2205 1377/1636/1344 2191/2692/2207
f 2191/2692/2207 1377/1636/1344 1376/1635/1343
f 2191/2692/2207 1376/1635/1343 1378/1637/1345
f 2184/2681/2200 2183/2680/2199 2186/2684/2202
f 2186/2684/2202 2183/2680/2199 2190/2690/2206
f 2186/2684/2202 2190/2690/2206 2187/2685/2203
f 2187/2685/2203 2190/2690/2206 2191/2692/2207
f 2187/2685/2203 2191/2692/2207 2185/2683/2201
f 2185/2683/2201 2191/2692/2207 1378/1637/1345
f 2185/2683/2201 1378/1637/1345 1374/1633/1341
f 2192/2693/2208 2193/2694/2209 2194/2695/2210
f 2091/2569/2120 2195/2696/2211 2087/2565/2116
f 2087/2565/2116 2195/2696/2211 2184/2681/2200
f 2087/2565/2116 2184/2681/2200 2076/2554/2105
f 2195/2696/2211 2196/2697/2212 2184/2681/2200
f 2184/2681/2200 2196/2697/2212 2194/2698/2210
f 2184/2681/2200 2194/2698/2210 2182/2682/2198
f 2182/2679/2198 2194/2695/2210 2193/2694/2209
f 2182/2679/2198 2193/2694/2209 2180/2677/2196
f 2091/2569/2120 2092/2570/2121 2195/2696/2211
f 2195/2696/2211 2092/2570/2121 2197/2699/2213
f 2195/2696/2211 2197/2699/2213 2196/2697/2212
f 2196/2697/2212 2197/2699/2213 2198/2700/2214
f 2196/2697/2212 2198/2700/2214 2194/2698/2210
f 2194/2698/2210 2198/2700/2214 2199/2701/2215
f 2194/2698/2210 2199/2701/2215 2192/2702/2208
f 2192/2693/2208 2199/2703/2215 2200/2704/2216
f 2201/2705/2217 2200/2704/2216 2199/2703/2215
f 2202/2706/2218 2203/2707/2219 2204/2708/2220
f 2093/2571/2122 2097/2575/2126 2205/2709/2221
f 2205/2709/2221 2097/2575/2126 2206/2710/2222
f 2205/2709/2221 2206/2710/2222 2207/2711/2223
f 2207/2711/2223 2206/2710/2222 2208/2712/2224
f 2207/2711/2223 2208/2712/2224 2204/2713/2220
f 2204/2713/2220 2208/2712/2224 2209/2714/2225
f 2204/2708/2220 2209/2715/2225 2202/2706/2218
f 2202/2706/2218 2209/2715/2225 2210/2716/2226
f 2092/2570/2121 2093/2571/2122 2197/2699/2213
f 2197/2699/2213 2093/2571/2122 2205/2709/2221
f 2197/2699/2213 2205/2709/2221 2198/2700/2214
f 2198/2700/2214 2205/2709/2221 2207/2711/2223
f 2198/2700/2214 2207/2711/2223 2199/2701/2215
f 2199/2701/2215 2207/2711/2223 2204/2713/2220
f 2199/2701/2215 2204/2713/2220 2201/2717/2217
f 2201/2705/2217 2204/2708/2220 2203/2707/2219
f 2211/2718/2227 1457/1730/1424 1428/1690/1395
f 2212/2719/2228 2210/2716/2226 2209/2715/2225
f 2212/2719/2228 2209/2715/2225 2213/2720/2229
f 1411/1673/1378 2213/2720/2229 1430/1696/1397
f 1430/1696/1397 2213/2720/2229 2209/2715/2225
f 1430/1692/1397 2209/2714/2225 1432/1694/1399
f 1432/1694/1399 2209/2714/2225 2208/2712/2224
f 1432/1694/1399 2208/2712/2224 1433/1695/1400
f 2097/2575/2126 2211/2718/2227 2206/2710/2222
f 2206/2710/2222 2211/2718/2227 1428/1690/1395
f 2206/2710/2222 1428/1690/1395 2208/2712/2224
f 2208/2712/2224 1428/1690/1395 1427/1689/1394
f 2208/2712/2224 1427/1689/1394 1433/1695/1400
f 2214/2721/2230 2215/2722/2231 2216/2723/2232
f 2216/2723/2232 2215/2722/2231 2217/2724/2233
f 2211/2718/2227 2097/2575/2126 2096/2574/2125
f 2099/2577/2127 2217/2724/2233 2096/2574/2125
f 2096/2574/2125 2217/2724/2233 2215/2722/2231
f 2096/2574/2125 2215/2722/2231 2211/2718/2227
f 2211/2718/2227 2215/2722/2231 2214/2721/2230
f 2211/2718/2227 2214/2721/2230 1457/1730/1424
f 2214/2721/2230 2216/2723/2232 2218/2725/2234
f 1457/1730/1424 2214/2721/2230 1425/1687/1392
f 1425/1687/1392 2214/2721/2230 2218/2725/2234
f 1425/1687/1392 2218/2725/2234 1423/1685/1390
f 1423/1685/1390 2218/2725/2234 2219/2726/2235
f 1423/1685/1390 2219/2726/2235 1420/1733/1387
f 2219/2726/2235 2220/2727/2236 1420/1733/1387
f 1420/1682/1387 2220/2728/2236 2221/2729/2237
f 1420/1682/1387 2221/2729/2237 1418/1680/1385
f 1418/1680/1385 2221/2729/2237 2222/2730/2238
f 1418/1680/1385 2222/2730/2238 1416/1678/1383
f 1416/1678/1383 2222/2730/2238 2223/2731/2239
f 1416/1678/1383 2223/2731/2239 1414/1676/1381
f 2219/2726/2235 2218/2725/2234 2224/2732/2240
f 2224/2732/2240 2218/2725/2234 2216/2723/2232
f 2224/2732/2240 2216/2723/2232 2225/2733/2241
f 2224/2732/2240 2226/2734/2242 2219/2726/2235
f 2219/2726/2235 2226/2734/2242 2227/2735/2243
f 2219/2726/2235 2227/2735/2243 2220/2727/2236
f 2220/2727/2236 2227/2735/2243 2228/2736/2244
f 2220/2728/2236 2228/2737/2244 2221/2729/2237
f 2228/2737/2244 2229/2738/2245 2221/2729/2237
f 2221/2729/2237 2229/2738/2245 2230/2739/2246
f 2221/2729/2237 2230/2739/2246 2222/2730/2238
f 2222/2730/2238 2230/2739/2246 2231/2740/2247
f 2222/2730/2238 2231/2740/2247 2223/2731/2239
f 2232/2741/2248 1932/2381/1953 2233/2742/2249
f 2234/2743/2250 2235/2744/2251 2232/2741/2248
f 2232/2741/2248 2233/2742/2249 2234/2743/2250
f 2234/2743/2250 2233/2742/2249 2236/2745/2252
f 2234/2743/2250 2236/2745/2252 2237/2746/2253
f 2232/2741/2248 2235/2744/2251 2238/2747/2254
f 2239/2748/2255 1930/2379/1951 2240/2749/2256
f 2240/2749/2256 1930/2379/1951 1932/2381/1953
f 2240/2749/2256 1932/2381/1953 2241/2750/2257
f 2242/2751/2258 2243/2752/2259 2239/2748/2255
f 2239/2748/2255 2243/2752/2259 1928/2377/1949
f 2239/2748/2255 1928/2377/1949 1930/2379/1951
f 1932/2381/1953 2232/2741/2248 2241/2750/2257
f 2241/2750/2257 2232/2741/2248 2238/2747/2254
f 2241/2750/2257 2238/2747/2254 2240/2749/2256
f 2240/2749/2256 2238/2747/2254 2244/2753/2260
f 2240/2749/2256 2244/2753/2260 2239/2748/2255
f 2239/2748/2255 2244/2753/2260 2245/2754/2261
f 2239/2748/2255 2245/2754/2261 2242/2751/2258
f 1813/2755/1821 1329/1585/1295 2246/2756/2262
f 2246/2756/2262 1329/1585/1295 1312/1559/1278
f 2246/2756/2262 1312/1559/1278 1928/2377/1949
f 1928/2377/1949 1312/1559/1278 1314/1561/1280
f 2246/2756/2262 1928/2377/1949 2243/2752/2259
f 2242/2751/2258 1854/2757/1870 2243/2752/2259
f 2243/2752/2259 1854/2757/1870 1813/2755/1821
f 2243/2752/2259 1813/2755/1821 2246/2756/2262
f 1336/1592/1302 1854/2757/1870 1337/1593/1303
f 1337/1593/1303 1854/2757/1870 2242/2751/2258
f 2247/2758/2263 1337/1593/1303 2245/2754/2261
f 2245/2754/2261 1337/1593/1303 2242/2751/2258
f 2245/2754/2261 2244/2753/2260 2247/2758/2263
f 2247/2758/2263 2244/2753/2260 2238/2747/2254
f 2247/2758/2263 2238/2747/2254 2248/2759/2264
f 2248/2759/2264 2238/2747/2254 2235/2744/2251
f 2248/2759/2264 2235/2744/2251 1349/1605/1315
f 1349/1605/1315 1347/1603/1313 2248/2759/2264
f 2248/2759/2264 1347/1603/1313 1345/1601/1311
f 2248/2759/2264 1345/1601/1311 2247/2758/2263
f 2247/2758/2263 1345/1601/1311 1343/1599/1309
f 2247/2758/2263 1343/1599/1309 1337/1593/1303
f 1349/1605/1315 2235/2744/2251 2249/2760/2265
f 2249/2760/2265 2235/2744/2251 2234/2743/2250
f 2249/2760/2265 2234/2743/2250 2250/2761/2266
f 2250/2761/2266 2234/2743/2250 2237/2746/2253
f 2250/2761/2266 2237/2746/2253 2251/2762/2267
f 2252/2763/2268 2253/2764/2269 2254/2765/2270
f 1339/1595/1305 1338/1594/1304 2009/2469/2036
f 2009/2469/2036 1338/1594/1304 2252/2763/2268
f 2009/2469/2036 2252/2763/2268 2005/2465/2032
f 2005/2465/2032 2252/2763/2268 2254/2765/2270
f 2005/2465/2032 2254/2765/2270 2006/2466/2033
f 2255/2766/2271 2256/2767/2272 2252/2763/2268
f 2252/2763/2268 2256/2767/2272 2253/2764/2269
f 2257/2768/2273 2250/2761/2266 2251/2762/2267
f 1348/1604/1314 1349/1605/1315 2257/2768/2273
f 2257/2768/2273 1349/1605/1315 2249/2760/2265
f 2257/2768/2273 2249/2760/2265 2250/2761/2266
f 2251/2762/2267 2255/2766/2271 2257/2768/2273
f 2257/2768/2273 2255/2766/2271 2252/2763/2268
f 2257/2768/2273 2252/2763/2268 1348/1604/1314
f 1348/1604/1314 2252/2763/2268 1338/1594/1304
f 2258/2769/2086 2256/2767/2272 2255/2766/2271
f 2259/2770/2086 2260/2771/2086 2216/2723/2232
f 2258/2769/2086 2255/2766/2271 2261/2772/2086
s 0
f 2099/2577/2274 2098/2576/2133 2262/2773/2086
s 1
f 2263/2774/2086 2264/2775/2086 2237/2746/2253
f 2265/2776/2086 2266/2777/2086 2225/2733/2241
f 2225/2733/2241 2266/2777/2086 2263/2774/2086
f 2225/2733/2241 2263/2774/2086 2236/2745/2252
s 0
f 2236/2745/2275 2263/2774/2086 2237/2746/2253
f 2267/2778/2083 2268/2779/2083 2269/2780/2083
f 2269/2780/2133 2268/2779/2133 2261/2772/2133
f 2269/2780/2084 2261/2772/2084 2270/2781/2084
s 1
f 2270/2781/2086 2261/2772/2086 2255/2766/2271
f 2270/2781/2086 2255/2766/2271 2271/2782/2086
f 2271/2782/2086 2255/2766/2271 2251/2762/2267
f 2271/2782/2086 2251/2762/2267 2272/2783/2086
f 2272/2783/2086 2251/2762/2267 2237/2746/2253
f 2272/2783/2086 2237/2746/2253 2273/2784/2086
f 2273/2784/2086 2237/2746/2253 2264/2775/2086
f 2274/2785/2086 2275/2786/2086 2216/2723/2232
f 2260/2771/2086 2276/2787/2083 2216/2723/2232
f 2216/2723/2232 2276/2787/2083 2277/2788/2086
f 2216/2723/2232 2277/2788/2086 2225/2733/2241
f 2225/2733/2241 2277/2788/2086 2278/2789/2086
s 0
f 2262/2773/2086 2279/2790/2086 2099/2577/2274
s 1
f 2099/2577/2127 2279/2790/2086 2280/2791/2086
f 2099/2577/2127 2280/2791/2086 2217/2724/2233
f 2281/2792/2086 2282/2793/2086 2225/2733/2241
f 2282/2793/2086 2283/2794/2086 2225/2733/2241
f 2225/2733/2241 2283/2794/2086 2284/2795/2086
f 2225/2733/2241 2284/2795/2086 2285/2796/2086
s 0
f 2286/2797/2086 2287/2798/2086 2288/2799/2086
f 2288/2799/2086 2287/2798/2086 2274/2785/2086
f 2288/2799/2086 2274/2785/2086 2280/2791/2086
s 1
f 2280/2791/2086 2274/2785/2086 2216/2723/2232
f 2280/2791/2086 2216/2723/2232 2217/2724/2233
s 0
f 2289/2800/2086 2290/2801/2086 2291/2802/2086
f 2292/2803/2276 2293/2804/2276 2294/2805/2276
f 2294/2805/2086 2293/2804/2086 2281/2792/2086
f 2294/2805/2083 2281/2792/2083 2295/2806/2083
s 1
f 2295/2806/2086 2281/2792/2086 2225/2733/2241
f 2295/2806/2086 2225/2733/2241 2296/2807/2086
f 2296/2807/2086 2225/2733/2241 2278/2789/2086
f 2275/2786/2086 2297/2808/2086 2216/2723/2232
f 2216/2723/2232 2297/2808/2086 2298/2809/2086
f 2216/2723/2232 2298/2809/2086 2259/2770/2086
s 0
f 2259/2770/2083 2298/2809/2083 2289/2800/2083
f 2259/2770/2083 2289/2800/2083 2299/2810/2083
f 2299/2810/2133 2289/2800/2133 2291/2802/2133
s 1
f 2285/2796/2086 2300/2811/2086 2225/2733/2241
f 2225/2733/2241 2300/2811/2086 2301/2812/2086
f 2225/2733/2241 2301/2812/2086 2265/2776/2086
f 2225/2733/2241 2236/2745/2252 2302/2813/2277
f 2302/2813/2277 2236/2745/2252 2233/2742/2249
f 2302/2813/2277 2233/2742/2249 2303/2814/2278
f 2303/2814/2278 2233/2742/2249 1967/2426/1988
f 1967/2426/1988 2233/2742/2249 1968/2427/1989
f 1968/2427/1989 2233/2742/2249 1932/2381/1953
f 1968/2427/1989 1932/2381/1953 1931/2380/1952
f 2303/2814/2278 1967/2426/1988 1966/2424/1987
f 2304/2815/2279 2226/2734/2242 2224/2732/2240
f 2226/2734/2242 2304/2815/2279 2227/2735/2243
f 2227/2735/2243 2304/2815/2279 2305/2816/2280
f 2227/2735/2243 2305/2816/2280 2228/2736/2244
f 2228/2737/2244 2305/2817/2280 2229/2738/2245
f 2229/2738/2245 2305/2817/2280 2306/2818/2281
f 2229/2738/2245 2306/2818/2281 2230/2739/2246
f 2230/2739/2246 2306/2818/2281 2307/2819/2282
f 2230/2739/2246 2307/2819/2282 2231/2740/2247
f 2303/2814/2278 1966/2424/1987 2302/2813/2277
f 1963/2421/1984 2307/2819/2282 1964/2422/1985
f 1964/2422/1985 2307/2819/2282 2306/2818/2281
f 1964/2422/1985 2306/2818/2281 1965/2423/1986
f 1965/2423/1986 2306/2818/2281 2305/2817/2280
f 1965/2425/1986 2305/2816/2280 1966/2424/1987
f 1966/2424/1987 2305/2816/2280 2304/2815/2279
f 1966/2424/1987 2304/2815/2279 2302/2813/2277
f 2302/2813/2277 2304/2815/2279 2224/2732/2240
f 2302/2813/2277 2224/2732/2240 2225/2733/2241
f 1962/2420/1983 1940/2392/1961 1936/2388/1957
f 1439/1706/1406 1415/1677/1382 2308/2820/2283
f 2308/2820/2283 1415/1677/1382 1414/1676/1381
f 2308/2820/2283 1414/1676/1381 2309/2821/2284
f 2309/2821/2284 1414/1676/1381 2223/2731/2239
f 2309/2821/2284 2223/2731/2239 2310/2822/2285
f 2311/2823/2286 2312/2824/2287 2231/2740/2247
f 2231/2740/2247 2312/2824/2287 2313/2825/2288
f 2231/2740/2247 2313/2825/2288 2223/2731/2239
f 2223/2731/2239 2313/2825/2288 2314/2826/2289
f 2223/2731/2239 2314/2826/2289 2310/2822/2285
f 1962/2420/1983 1936/2388/1957 1963/2421/1984
f 2315/2827/2290 2316/2828/2291 2231/2740/2247
f 2231/2740/2247 2316/2828/2291 2317/2829/2292
f 2231/2740/2247 2317/2829/2292 2311/2823/2286
f 1936/2388/1957 1935/2387/1956 1963/2421/1984
f 1963/2421/1984 1935/2387/1956 2318/2830/2293
f 1963/2421/1984 2318/2830/2293 2307/2819/2282
f 2307/2819/2282 2318/2830/2293 2319/2831/2294
f 2307/2819/2282 2319/2831/2294 2231/2740/2247
f 2231/2740/2247 2319/2831/2294 2320/2832/2295
f 2231/2740/2247 2320/2832/2295 2321/2833/2296
f 2322/2834/2297 2323/2835/2298 2231/2740/2247
f 2231/2740/2247 2323/2835/2298 2324/2836/2299
f 2231/2740/2247 2324/2836/2299 2315/2827/2290
f 2321/2833/2296 2325/2837/2300 2231/2740/2247
f 2231/2740/2247 2325/2837/2300 2326/2838/2301
f 2231/2740/2247 2326/2838/2301 2322/2834/2297
f 2327/2839/2302 2328/2840/2303 2329/2841/2304
f 2324/2836/2299 2323/2835/2298 2327/2839/2302
f 2330/2842/2305 2331/2843/2306 2332/2844/2307
f 2327/2839/2302 2329/2841/2304 2324/2836/2299
f 2324/2836/2299 2329/2841/2304 2333/2845/2308
f 2324/2836/2299 2333/2845/2308 2315/2827/2290
f 2315/2827/2290 2333/2845/2308 2334/2846/2309
f 2315/2827/2290 2334/2846/2309 2316/2828/2291
f 2316/2828/2291 2334/2846/2309 2335/2847/2310
f 2316/2828/2291 2335/2847/2310 2317/2829/2292
f 2317/2829/2292 2335/2847/2310 2336/2848/2311
f 2317/2829/2292 2336/2848/2311 2311/2823/2286
f 2311/2823/2286 2336/2848/2311 2337/2849/2312
f 2311/2823/2286 2337/2849/2312 2312/2824/2287
f 2312/2824/2287 2337/2849/2312 2330/2842/2305
f 2312/2824/2287 2330/2842/2305 2313/2825/2288
f 2313/2825/2288 2330/2842/2305 2332/2844/2307
f 2313/2825/2288 2332/2844/2307 2314/2826/2289
f 2338/2850/2313 1938/2390/1959 1934/2386/1955
f 2318/2830/2293 1935/2387/1956 1938/2390/1959
f 1934/2386/1955 2339/2851/2314 2338/2850/2313
f 2338/2850/2313 2339/2851/2314 2340/2852/2315
f 2338/2850/2313 2340/2852/2315 2341/2853/2316
f 2341/2853/2316 2340/2852/2315 2342/2854/2317
f 2341/2853/2316 2342/2854/2317 2343/2855/2318
f 2343/2855/2318 2342/2854/2317 2344/2856/2319
f 2343/2855/2318 2344/2856/2319 2345/2857/2320
f 2345/2857/2320 2344/2856/2319 2346/2858/2321
f 2345/2857/2320 2346/2858/2321 2347/2859/2322
f 2347/2859/2322 2346/2858/2321 2348/2860/2323
f 2347/2859/2322 2348/2860/2323 2349/2861/2324
f 2349/2861/2324 2348/2860/2323 2350/2862/2325
f 2349/2861/2324 2350/2862/2325 2351/2863/2326
f 2351/2863/2326 2350/2862/2325 2328/2840/2303
f 2351/2863/2326 2328/2840/2303 2327/2839/2302
f 1938/2390/1959 2338/2850/2313 2318/2830/2293
f 2318/2830/2293 2338/2850/2313 2341/2853/2316
f 2318/2830/2293 2341/2853/2316 2319/2831/2294
f 2319/2831/2294 2341/2853/2316 2343/2855/2318
f 2319/2831/2294 2343/2855/2318 2320/2832/2295
f 2320/2832/2295 2343/2855/2318 2345/2857/2320
f 2320/2832/2295 2345/2857/2320 2321/2833/2296
f 2321/2833/2296 2345/2857/2320 2347/2859/2322
f 2321/2833/2296 2347/2859/2322 2325/2837/2300
f 2325/2837/2300 2347/2859/2322 2349/2861/2324
f 2325/2837/2300 2349/2861/2324 2326/2838/2301
f 2326/2838/2301 2349/2861/2324 2351/2863/2326
f 2326/2838/2301 2351/2863/2326 2322/2834/2297
f 2322/2834/2297 2351/2863/2326 2327/2839/2302
f 2322/2834/2297 2327/2839/2302 2323/2835/2298
f 1934/2386/1955 1759/2385/1764 1758/2864/1763
f 1934/2386/1955 1758/2864/1763 2339/2851/2314
f 1758/2864/1763 1761/2865/2327 2339/2851/2314
f 2339/2851/2314 1761/2865/2327 1766/2866/2328
f 2339/2851/2314 1766/2866/2328 2340/2852/2315
f 2340/2852/2315 1766/2866/2328 1768/2867/2329
f 2340/2852/2315 1768/2867/2329 2342/2854/2317
f 2342/2854/2317 1768/2867/2329 1770/2868/2330
f 2342/2854/2317 1770/2868/2330 2344/2856/2319
f 2344/2856/2319 1770/2868/2330 1772/2869/2331
f 2344/2856/2319 1772/2869/2331 2346/2858/2321
f 2346/2858/2321 1772/2869/2331 1775/2870/2332
f 2346/2858/2321 1775/2870/2332 2348/2860/2323
f 2348/2860/2323 1775/2870/2332 1746/2871/2333
f 2348/2860/2323 1746/2871/2333 2350/2862/2325
f 2350/2862/2325 1746/2871/2333 1745/2872/2334
f 2350/2862/2325 1745/2872/2334 2328/2840/2303
f 2328/2840/2303 1745/2872/2334 1911/2873/2335
f 2328/2840/2303 1911/2873/2335 2329/2841/2304
f 2329/2841/2304 1911/2873/2335 1903/2874/2336
f 2329/2841/2304 1903/2874/2336 2333/2845/2308
f 2333/2845/2308 1903/2874/2336 1905/2875/2337
f 2333/2845/2308 1905/2875/2337 2334/2846/2309
f 2334/2846/2309 1905/2875/2337 1907/2876/2338
f 2334/2846/2309 1907/2876/2338 2335/2847/2310
f 2335/2847/2310 1907/2876/2338 1899/2877/2339
f 2335/2847/2310 1899/2877/2339 2336/2848/2311
f 2336/2848/2311 1899/2877/2339 1896/2878/2340
f 2336/2848/2311 1896/2878/2340 2337/2849/2312
f 2337/2849/2312 1896/2878/2340 1893/2879/2341
f 2337/2849/2312 1893/2879/2341 2330/2842/2305
f 2330/2842/2305 1893/2879/2341 1891/2880/2342
f 2330/2842/2305 1891/2880/2342 2331/2843/2306
f 2331/2843/2306 1891/2880/2342 1864/2881/2343
f 2331/2843/2306 1864/2881/2343 2352/2882/2344
f 2352/2882/2344 1864/2881/2343 1867/2883/2345
f 2352/2882/2344 1867/2883/2345 2353/2884/2346
f 2353/2884/2346 1867/2883/2345 1869/2885/2347
f 2353/2884/2346 1869/2885/2347 2354/2886/2348
f 2354/2886/2348 1869/2885/2347 1870/2887/2349
f 2354/2886/2348 1870/2887/2349 2355/2888/2350
f 2332/2844/2307 2331/2843/2306 2352/2882/2344
f 2314/2826/2289 2332/2844/2307 2356/2889/2351
f 2332/2844/2307 2352/2882/2344 2356/2889/2351
f 2356/2889/2351 2352/2882/2344 2353/2884/2346
f 2356/2889/2351 2353/2884/2346 2357/2890/2352
f 2357/2890/2352 2353/2884/2346 2354/2886/2348
f 2357/2890/2352 2354/2886/2348 2358/2891/2353
f 2358/2891/2353 2354/2886/2348 2355/2888/2350
f 2358/2891/2353 2355/2888/2350 2359/2892/2354
f 2314/2826/2289 2356/2889/2351 2310/2822/2285
f 2310/2822/2285 2356/2889/2351 2357/2890/2352
f 2310/2822/2285 2357/2890/2352 2309/2821/2284
f 2309/2821/2284 2357/2890/2352 2358/2891/2353
f 2309/2821/2284 2358/2891/2353 2308/2820/2283
f 2308/2820/2283 2358/2891/2353 2359/2892/2354
f 2308/2820/2283 2359/2892/2354 1439/1706/1406
f 1440/1707/1407 1439/1706/1406 2359/2892/2354
f 1445/1712/1412 1459/1736/1426 1460/1737/1427
f 1460/1737/1427 1459/1736/1426 1458/1735/1425
f 1458/1735/1425 1444/1711/1411 2359/2892/2354
f 2359/2892/2354 1444/1711/1411 1442/1709/1409
f 2359/2892/2354 1442/1709/1409 1440/1707/1407
f 1458/1735/1425 2359/2892/2354 1460/1737/1427
f 1460/1737/1427 2359/2892/2354 2355/2888/2350
f 1460/1737/1427 2355/2888/2350 1461/1738/1428
f 1877/2893/2355 1879/2894/1897 1480/1757/1447
f 2360/2895/2356 1475/1770/1442 1474/2896/1441
f 1889/2335/1907 1914/2360/1932 2361/2897/2357
f 2360/2895/2356 1887/2333/1905 2361/2897/2357
f 2361/2897/2357 1887/2333/1905 1888/2334/1906
f 2361/2897/2357 1888/2334/1906 1889/2335/1907
f 2360/2895/2356 1474/2896/1441 1887/2333/1905
f 1887/2333/1905 1474/2896/1441 1478/2898/1445
f 1887/2333/1905 1478/2898/1445 1881/2327/1899
f 1881/2899/1899 1478/1755/1445 1477/1754/1444
f 1881/2899/1899 1477/1754/1444 1879/2894/1897
f 1879/2894/1897 1477/1754/1444 1481/1758/1448
f 1879/2894/1897 1481/1758/1448 1480/1757/1447
f 1877/2893/2355 1480/1757/1447 1875/2900/2358
f 1875/2900/2358 1480/1757/1447 1479/1756/1446
f 1875/2900/2358 1479/1756/1446 1872/2901/2359
f 1872/2901/2359 1479/1756/1446 1462/1739/1429
f 1872/2901/2359 1462/1739/1429 1870/2887/2349
f 1870/2887/2349 1462/1739/1429 1461/1738/1428
f 1870/2887/2349 1461/1738/1428 2355/2888/2350
f 1475/1770/1442 2360/2895/2356 2362/2902/2360
f 382/2369/1941 916/2903/2361 1921/2370/1942
f 1921/2370/1942 916/2903/2361 2363/2904/2362
f 1921/2370/1942 2363/2904/2362 1922/2371/1943
f 1922/2371/1943 2363/2904/2362 1923/2372/1944
f 1923/2372/1944 2363/2904/2362 1919/2365/1937
f 1919/2365/1937 2363/2904/2362 2364/2905/2363
f 1919/2365/1937 2364/2905/2363 1920/2366/1938
f 1920/2366/1938 2364/2905/2363 2365/2906/2364
f 1920/2366/1938 2365/2906/2364 1916/2362/1934
f 1916/2362/1934 2365/2906/2364 2361/2897/2357
f 1916/2362/1934 2361/2897/2357 1914/2360/1932
f 2360/2895/2356 2361/2897/2357 2362/2902/2360
f 2362/2902/2360 2361/2897/2357 2365/2906/2364
f 2362/2902/2360 2365/2906/2364 2366/2907/2365
f 2366/2907/2365 2365/2906/2364 2364/2905/2363
f 2366/2907/2365 2364/2905/2363 2367/2908/2366
f 2367/2908/2366 2364/2905/2363 2363/2904/2362
f 2367/2908/2366 2363/2904/2362 917/2909/2367
f 917/2909/2367 2363/2904/2362 916/2903/2361
f 917/2909/2367 901/1762/1452 2367/2908/2366
f 2367/2908/2366 901/1762/1452 1484/1761/1451
f 2367/2908/2366 1484/1761/1451 2366/2907/2365
f 2366/2907/2365 1484/1761/1451 1487/1766/1456
f 2366/2907/2365 1487/1766/1456 2362/2902/2360
f 2362/2902/2360 1487/1766/1456 1488/1768/1457
f 2362/2902/2360 1488/1768/1457 1475/1770/1442
s 0
f 903/2910/1845 902/2911/1845 905/2912/1845
f 905/2912/1845 902/2911/1845 904/2913/1845
f 905/2912/1845 904/2913/1845 906/2914/1845
f 803/1823/1845 878/1821/1845 928/2915/1845
f 921/2916/1845 911/2917/1845 876/1817/1845
f 876/1817/1845 911/2917/1845 919/2918/1845
f 876/1817/1845 919/2918/1845 877/1819/1845
f 877/1819/1845 919/2918/1845 918/2919/1845
f 904/2913/1845 908/2920/1845 906/2914/1845
f 906/2914/1845 908/2920/1845 909/2921/1845
f 906/2914/1845 909/2921/1845 907/2922/1845
f 907/2922/1845 909/2921/1845 910/2923/1845
f 907/2922/1845 910/2923/1845 911/2917/1845
f 911/2917/1845 910/2923/1845 920/2924/1845
f 911/2917/1845 920/2924/1845 919/2918/1845
f 398/2367/1845 912/2925/1845 383/2368/1845
f 901/1762/1845 917/2909/1845 915/2926/1845
f 915/2926/1845 917/2909/1845 916/2903/1845
f 915/2926/1845 916/2903/1845 914/2927/1845
f 914/2927/1845 916/2903/1845 382/2369/1845
f 914/2927/1845 382/2369/1845 383/2368/1845
f 876/1817/1845 865/1816/1845 921/2916/1845
f 921/2916/1845 865/1816/1845 866/1777/1845
f 921/2916/1845 866/1777/1845 915/2926/1845
f 915/2926/1845 866/1777/1845 900/1763/1845
f 2368/2928/1845 2369/2929/1845 607/2083/1845
f 607/2083/1845 2369/2929/1845 608/2085/1845
f 918/2919/1845 913/2930/1845 877/1819/1845
f 877/1819/1845 913/2930/1845 923/2931/1845
f 877/1819/1845 923/2931/1845 878/1821/1845
f 878/1821/1845 923/2931/1845 922/2932/1845
f 734/1836/1845 2370/2933/1845 780/1837/1845
f 780/1837/1845 2370/2933/1845 2371/2934/1845
f 780/1837/1845 2371/2934/1845 781/1841/1845
f 2369/2929/1845 942/2935/1845 608/2085/1845
f 608/2085/1845 942/2935/1845 2372/2936/1845
f 608/2085/1845 2372/2936/1845 609/2087/1845
f 609/2087/1845 2372/2936/1845 2373/2937/1845
f 609/2087/1845 2373/2937/1845 610/2089/1845
f 828/2938/1845 2374/2939/1845 829/2940/1845
f 829/2940/1845 2374/2939/1845 2375/2941/1845
f 829/2940/1845 2375/2941/1845 830/2942/1845
f 830/2942/1845 2375/2941/1845 2376/2943/1845
f 830/2942/1845 2376/2943/1845 734/1836/1845
f 734/1836/1845 2376/2943/1845 2377/2944/1845
f 734/1836/1845 2377/2944/1845 2370/2933/1845
f 928/2915/1845 927/2945/1845 803/1823/1845
f 803/1823/1845 927/2945/1845 2378/2946/1845
f 803/1823/1845 2378/2946/1845 802/2947/1845
f 802/2947/1845 2378/2946/1845 925/2948/1845
f 802/2947/1845 925/2948/1845 826/2949/1845
f 826/2949/1845 925/2948/1845 2379/2950/1845
f 826/2949/1845 2379/2950/1845 827/2951/1845
f 827/2951/1845 2379/2950/1845 2380/2952/1845
f 827/2951/1845 2380/2952/1845 828/2938/1845
f 828/2938/1845 2380/2952/1845 934/2953/1845
f 828/2938/1845 934/2953/1845 2374/2939/1845
f 2373/2937/1845 932/2954/1845 610/2089/1845
f 610/2089/1845 932/2954/1845 2381/2955/1845
f 610/2089/1845 2381/2955/1845 611/2091/1845
f 611/2091/1845 2381/2955/1845 2382/2956/1845
f 611/2091/1845 2382/2956/1845 579/2093/1845
f 2371/2934/1845 930/2957/1845 781/1841/1845
f 781/1841/1845 930/2957/1845 2383/2958/1845
f 781/1841/1845 2383/2958/1845 782/1843/1845
f 782/1843/1845 2383/2958/1845 2384/2959/1845
f 782/1843/1845 2384/2959/1845 783/1845/1845
f 783/1845/1845 2384/2959/1845 2385/2960/1845
f 783/1845/1845 2385/2960/1845 784/1847/1845
f 788/1855/1845 2386/2961/1845 789/1857/1845
f 789/1857/1845 2386/2961/1845 2387/2962/1845
f 789/1857/1845 2387/2962/1845 790/1859/1845
f 790/1859/1845 2387/2962/1845 2388/2963/1845
f 790/1859/1845 2388/2963/1845 791/1861/1845
f 607/2083/1845 606/2074/1845 2368/2928/1845
f 2368/2928/1845 606/2074/1845 585/2073/1845
f 2368/2928/1845 585/2073/1845 2389/2964/1845
f 2389/2964/1845 585/2073/1845 586/2044/1845
f 2382/2956/1845 949/2965/1845 579/2093/1845
f 579/2093/1845 949/2965/1845 2390/2966/1845
f 579/2093/1845 2390/2966/1845 568/2306/1845
f 568/2306/1845 2390/2966/1845 951/2967/1845
f 570/2968/1845 951/2969/1845 952/2970/1845
f 2388/2963/1845 945/2971/1845 791/1861/1845
f 791/1861/1845 945/2971/1845 2391/2972/1845
f 791/1861/1845 2391/2972/1845 792/1863/1845
f 792/1863/1845 2391/2972/1845 2392/2973/1845
f 792/1863/1845 2392/2973/1845 793/1865/1845
f 793/1865/1845 2392/2973/1845 2393/2974/1845
f 793/1865/1845 2393/2974/1845 695/1867/1845
f 695/1867/1845 2393/2974/1845 965/2975/1845
s 1
f 695/1867/1543 965/2975/1845 1658/1990/1652
f 1658/1990/1652 965/2975/1845 2394/2976/1845
f 1658/1990/1652 2394/2976/1845 1661/1994/1655
f 1661/1994/1655 2394/2976/1845 2395/2977/1845
f 1661/1994/1655 2395/2977/1845 726/1996/1657
f 726/1996/1657 2395/2977/1845 962/2978/1845
f 726/1996/1657 962/2978/1845 1664/1998/1659
f 1664/1998/1659 962/2978/1845 2396/2979/1845
f 1664/1998/1659 2396/2979/1845 1666/2000/1661
f 1666/2000/1661 2396/2979/1845 2397/2980/1845
f 1666/2000/1661 2397/2980/1845 729/2002/1663
f 729/2002/1663 2397/2980/1845 959/2981/1845
f 729/2002/1663 959/2981/1845 1669/2004/1665
f 1669/2004/1665 959/2981/1845 2398/2982/1845
f 1669/2004/1665 2398/2982/1845 1671/2006/1667
f 1671/2006/1667 2398/2982/1845 2399/2983/1845
f 1671/2006/1667 2399/2983/1845 1691/2034/1687
f 1691/2034/1687 2399/2983/1845 2400/2984/1845
f 1691/2034/1687 2400/2984/1845 1695/2039/1691
f 1695/2039/1691 2400/2984/1845 2401/2985/1845
f 1695/2039/1691 2401/2985/1845 586/2044/1695
f 586/2044/1695 2401/2985/1845 954/2986/1845
s 0
f 586/2044/1845 954/2986/1845 2389/2964/1845
f 2385/2960/1845 2402/2987/1845 784/1847/1845
f 784/1847/1845 2402/2987/1845 974/2988/1845
f 785/1849/1845 974/2988/1845 2403/2989/1845
f 785/1849/1845 2403/2989/1845 786/1851/1845
f 786/1851/1845 2403/2989/1845 2404/2990/1845
f 786/1851/1845 2404/2990/1845 787/1853/1845
f 787/1853/1845 2404/2990/1845 2405/2991/1845
f 787/1853/1845 2405/2991/1845 788/1855/1845
f 788/1855/1845 2405/2991/1845 970/2992/1845
f 788/1855/1845 970/2992/1845 2386/2961/1845
s 1
f 2406/2993/2368 2407/2994/2369 2408/2995/2370
f 2409/2996/2371 1529/1830/1506 1525/1824/1502
f 2410/2997/2372 1499/1785/1469 1515/1808/1487
f 2411/2998/2373 802/2947/2374 826/2949/2375
f 2411/2998/2373 826/2949/2375 2412/2999/2376
f 2412/2999/2376 826/2949/2375 827/2951/2377
f 2412/2999/2376 827/2951/2377 2413/3000/2378
f 2413/3000/2378 827/2951/2377 828/2938/2379
f 2413/3000/2378 828/2938/2379 2414/3001/2380
f 803/1823/1501 802/2947/2374 1525/1824/1502
f 1525/1824/1502 802/2947/2374 2411/2998/2373
f 1525/1824/1502 2411/2998/2373 2409/2996/2371
f 2409/2996/2371 2411/2998/2373 2412/2999/2376
f 2409/2996/2371 2412/2999/2376 2415/3002/2381
f 2415/3002/2381 2412/2999/2376 2413/3000/2378
f 2415/3002/2381 2413/3000/2378 2416/3003/2382
f 2416/3003/2382 2413/3000/2378 2414/3001/2380
f 2416/3003/2382 2414/3001/2380 2417/3004/2383
f 1529/1830/1506 2409/2996/2371 2418/3005/2384
f 2418/3005/2384 2409/2996/2371 2415/3002/2381
f 2418/3005/2384 2415/3002/2381 2419/3006/2385
f 2419/3006/2385 2415/3002/2381 2416/3003/2382
f 2419/3006/2385 2416/3003/2382 2420/3007/2386
f 2420/3007/2386 2416/3003/2382 2417/3004/2383
f 2420/3007/2386 2417/3004/2383 2421/3008/2387
f 2422/3009/2388 2423/3010/2389 2421/3008/2387
f 2421/3008/2387 2423/3010/2389 2424/3011/2390
f 2421/3008/2387 2424/3011/2390 2420/3007/2386
f 2420/3007/2386 2424/3011/2390 2425/3012/2391
f 2420/3007/2386 2425/3012/2391 2419/3006/2385
f 2419/3006/2385 2425/3012/2391 2410/2997/2372
f 2419/3006/2385 2410/2997/2372 2418/3005/2384
f 2418/3005/2384 2410/2997/2372 1515/1808/1487
f 2418/3005/2384 1515/1808/1487 1529/1830/1506
f 828/2938/2379 829/2940/2392 2414/3001/2380
f 2414/3001/2380 829/2940/2392 2426/3013/2393
f 2414/3001/2380 2426/3013/2393 2417/3004/2383
f 2417/3004/2383 2426/3013/2393 2427/3014/2394
f 2417/3004/2383 2427/3014/2394 2421/3008/2387
f 2421/3008/2387 2427/3014/2394 2408/2995/2370
f 2421/3008/2387 2408/2995/2370 2422/3009/2388
f 2422/3009/2388 2408/2995/2370 2407/2994/2369
f 2428/3015/2395 2406/2993/2368 2429/3016/2396
f 2429/3016/2396 2406/2993/2368 2408/2995/2370
f 2429/3016/2396 2408/2995/2370 2430/3017/2397
f 2430/3017/2397 2408/2995/2370 2427/3014/2394
f 2430/3017/2397 2427/3014/2394 2431/3018/2398
f 2431/3018/2398 2427/3014/2394 2426/3013/2393
f 2431/3018/2398 2426/3013/2393 830/2942/2399
f 830/2942/2399 2426/3013/2393 829/2940/2392
f 1530/1832/1508 2428/3015/2395 1531/1833/1509
f 1531/1833/1509 2428/3015/2395 2429/3016/2396
f 1531/1833/1509 2429/3016/2396 1534/1838/1514
f 1534/1838/1514 2429/3016/2396 2430/3017/2397
f 1534/1838/1514 2430/3017/2397 1533/1835/1511
f 1533/1835/1511 2430/3017/2397 2431/3018/2398
f 1533/1835/1511 2431/3018/2398 734/1836/1512
f 734/1836/1512 2431/3018/2398 830/2942/2399
f 2203/2707/2219 2202/2706/2218 2432/3019/2400
f 1503/1790/1473 1504/1791/1475 2433/3020/2401
f 2213/2720/2229 1411/1673/1378 1503/1790/1473
f 2213/2720/2229 1503/1790/1473 2212/2719/2228
f 2212/2719/2228 1503/1790/1473 2433/3020/2401
f 2212/2719/2228 2433/3020/2401 2210/2716/2226
f 2203/2707/2219 2432/3019/2400 2201/2705/2217
f 2201/2705/2217 2432/3019/2400 2434/3021/2402
f 2201/2705/2217 2434/3021/2402 2200/2704/2216
f 2200/2704/2216 2434/3021/2402 2435/3022/2403
f 2200/2704/2216 2435/3022/2403 2192/2693/2208
f 2192/2693/2208 2435/3022/2403 2436/3023/2404
f 2192/2693/2208 2436/3023/2404 2193/2694/2209
f 2193/2694/2209 2436/3023/2404 1596/1926/1590
f 2193/2694/2209 1596/1926/1590 2180/2677/2196
f 1530/1832/1508 1597/1927/1591 2428/3015/2395
f 2428/3015/2395 1597/1927/1591 2437/3024/2405
f 2428/3015/2395 2437/3024/2405 2406/2993/2368
f 2406/2993/2368 2437/3024/2405 2407/2994/2369
f 2407/2994/2369 2437/3024/2405 2438/3025/2406
f 2407/2994/2369 2438/3025/2406 2422/3009/2388
f 2422/3009/2388 2438/3025/2406 2423/3010/2389
f 2423/3010/2389 2438/3025/2406 2439/3026/2407
f 2423/3010/2389 2439/3026/2407 2424/3011/2390
f 2424/3011/2390 2439/3026/2407 2440/3027/2408
f 2424/3011/2390 2440/3027/2408 2441/3028/2409
f 2442/3029/2410 2410/2997/2372 2425/3012/2391
f 1500/1786/1470 1499/1785/1469 2410/2997/2372
f 2410/2997/2372 2442/3029/2410 1500/1786/1470
f 1500/1786/1470 2442/3029/2410 2443/3030/2411
f 1500/1786/1470 2443/3030/2411 1506/1793/1477
f 1504/1791/1475 1506/1793/1477 2433/3020/2401
f 2433/3020/2401 1506/1793/1477 2443/3030/2411
f 2433/3020/2401 2443/3030/2411 2440/3027/2408
f 2440/3027/2408 2443/3030/2411 2442/3029/2410
f 2440/3027/2408 2442/3029/2410 2441/3028/2409
f 2441/3028/2409 2442/3029/2410 2425/3012/2391
f 2441/3028/2409 2425/3012/2391 2424/3011/2390
f 1597/1927/1591 1596/1926/1590 2437/3024/2405
f 2437/3024/2405 1596/1926/1590 2436/3023/2404
f 2437/3024/2405 2436/3023/2404 2438/3025/2406
f 2438/3025/2406 2436/3023/2404 2435/3022/2403
f 2438/3025/2406 2435/3022/2403 2439/3026/2407
f 2439/3026/2407 2435/3022/2403 2434/3021/2402
f 2439/3026/2407 2434/3021/2402 2440/3027/2408
f 2440/3027/2408 2434/3021/2402 2432/3019/2400
f 2440/3027/2408 2432/3019/2400 2433/3020/2401
f 2433/3020/2401 2432/3019/2400 2202/2706/2218
f 2433/3020/2401 2202/2706/2218 2210/2716/2226
