# Blender 4.3.2
# www.blender.org
o LINK_ANKLE_PITCH_R
v -0.028840 -0.004798 0.008935
v -0.028121 -0.005391 0.008032
v -0.028840 -0.011250 0.008935
v -0.027198 -0.005848 0.006871
v -0.017686 -0.006250 -0.005091
v -0.017686 -0.011250 -0.005091
v -0.024897 -0.006250 0.003977
v -0.026088 -0.006148 0.005475
v -0.011000 0.011319 -0.039143
v -0.011000 0.010744 -0.040357
v -0.011000 0.011000 -0.038000
v -0.011000 0.011551 -0.017072
v -0.011000 0.012420 -0.018575
v -0.011000 0.009750 -0.014598
v -0.011000 -0.010877 -0.039639
v -0.011000 -0.010744 -0.040357
v -0.011000 -0.011319 -0.039143
v -0.011000 0.011250 -0.015361
v -0.011000 0.010848 -0.013500
v -0.011000 0.011250 -0.012000
v -0.011000 0.012366 -0.038301
v -0.011000 -0.005500 -0.028474
v -0.011000 -0.008064 -0.030518
v -0.011000 -0.012420 -0.018575
v -0.011000 -0.009911 -0.033227
v -0.011000 0.010511 -0.034758
v -0.011000 0.009089 -0.031803
v -0.011000 0.013675 -0.038000
v -0.011000 -0.010877 -0.036361
v -0.011000 -0.012366 -0.038301
v -0.011000 -0.013675 -0.038000
v -0.011000 -0.023158 -0.032928
v -0.011000 -0.023454 -0.032504
v -0.011000 -0.023500 -0.031988
v -0.011000 -0.017113 -0.038000
v -0.011000 -0.023281 -0.031519
v -0.011000 -0.002448 -0.027276
v -0.011000 -0.008250 -0.015000
v -0.011000 -0.009750 -0.014598
v -0.011000 -0.011551 -0.017072
v -0.011000 -0.010848 -0.013500
v -0.011000 -0.011250 -0.015361
v -0.011000 -0.011250 -0.012000
v -0.011000 0.000822 -0.027031
v -0.011000 0.008250 -0.015000
v -0.011000 0.004019 -0.027760
v -0.011000 0.006858 -0.029400
v -0.011000 0.023281 -0.031519
v -0.011000 0.023500 -0.031988
v -0.011000 0.017113 -0.038000
v -0.011000 0.023158 -0.032928
v -0.011000 0.023454 -0.032504
v 0.029012 0.010250 0.023734
v 0.021886 0.010250 0.019608
v 0.029012 -0.010250 0.023734
v 0.021886 0.003250 0.019608
v 0.021886 -0.010250 0.019608
v 0.021886 -0.003250 0.019608
v 0.008417 -0.003250 0.011808
v 0.008417 0.003250 0.011808
v -0.016741 -0.005848 0.018800
v -0.018508 -0.005154 0.018800
v -0.018508 -0.010250 0.018800
v -0.015177 -0.006148 0.018800
v 0.018879 -0.010250 0.018800
v 0.018879 -0.005298 0.018800
v 0.017498 -0.005848 0.018800
v 0.016054 -0.006148 0.018800
v 0.014505 -0.006250 0.018800
v -0.013500 -0.006250 0.018800
v 0.012272 0.005703 -0.012077
v 0.012272 0.011250 -0.012077
v 0.012500 0.005848 -0.011822
v 0.013224 0.006148 -0.011013
v 0.033908 0.005848 0.012125
v 0.035017 0.011250 0.013365
v 0.035285 0.011174 0.013665
v 0.035512 0.010957 0.013920
v 0.035664 0.010633 0.014090
v 0.034886 0.005524 0.013219
v 0.035718 0.010250 0.014150
v 0.035718 0.005121 0.014150
v 0.032358 0.006148 0.010391
v 0.030695 0.006250 0.008531
v 0.014000 0.006250 -0.010144
v -0.003000 0.012420 -0.018575
v -0.003000 0.020764 -0.028519
v -0.002598 0.022022 -0.030019
v -0.001500 0.022944 -0.031117
v -0.000776 0.023195 -0.031417
v 0.000000 0.023281 -0.031519
v 0.001500 0.022944 -0.031117
v 0.011000 0.023281 -0.031519
v 0.000776 0.023195 -0.031417
v 0.003000 0.012420 -0.018575
v 0.011000 0.012420 -0.018575
v 0.003000 0.020764 -0.028519
v 0.002598 0.022022 -0.030019
v -0.003000 0.011250 -0.015361
v -0.003000 0.011551 -0.017072
v 0.011000 0.011551 -0.017072
v 0.003000 0.011551 -0.017072
v 0.011000 0.011250 -0.015409
v 0.003000 0.011250 -0.015361
v 0.011000 0.011250 -0.015361
v -0.001500 -0.022944 -0.031117
v -0.000776 -0.023195 -0.031417
v 0.000000 -0.023281 -0.031519
v -0.003000 -0.012420 -0.018575
v -0.003000 -0.020764 -0.028519
v -0.002598 -0.022022 -0.030019
v 0.011000 -0.012420 -0.018575
v 0.003000 -0.012420 -0.018575
v 0.011000 -0.023281 -0.031519
v 0.003000 -0.020764 -0.028519
v 0.002598 -0.022022 -0.030019
v 0.001500 -0.022944 -0.031117
v 0.000776 -0.023195 -0.031417
v -0.003000 -0.011250 -0.015361
v -0.003000 -0.011551 -0.017072
v 0.003000 -0.011551 -0.017072
v 0.011000 -0.011551 -0.017072
v 0.003000 -0.011250 -0.015361
v 0.011000 -0.011250 -0.015409
v 0.011000 -0.011250 -0.015361
v -0.001431 -0.000519 -0.043977
v -0.001232 -0.001000 -0.043916
v -0.001232 -0.001000 -0.048500
v -0.000500 -0.001732 -0.048500
v -0.000914 -0.001415 -0.043831
v -0.000501 -0.001732 -0.043745
v 0.000500 -0.002000 -0.048500
v -0.000250 -0.001854 -0.043706
v 0.000185 -0.001975 -0.043666
v -0.001500 0.000000 -0.044000
v -0.001500 0.000000 -0.048500
v -0.001399 0.000627 -0.043967
v -0.001232 0.001000 -0.048500
v -0.001231 0.001001 -0.043916
v -0.000914 0.001414 -0.043831
v -0.000500 0.001732 -0.048500
v -0.000500 0.001732 -0.043745
v -0.000019 0.001932 -0.043681
v 0.000500 0.002000 -0.048500
v 0.000500 0.002000 -0.043657
v 0.001019 0.001932 -0.043681
v 0.001500 0.001732 -0.048500
v 0.001500 0.001732 -0.043745
v 0.002232 0.001000 -0.048500
v 0.002232 0.001000 -0.043916
v 0.001914 0.001414 -0.043831
v 0.002232 -0.001000 -0.048500
v 0.002431 -0.000519 -0.043977
v 0.002500 0.000000 -0.048500
v 0.002500 0.000000 -0.044000
v 0.002399 0.000627 -0.043967
v 0.001500 -0.001732 -0.048500
v 0.001914 -0.001414 -0.043831
v 0.002232 -0.001000 -0.043916
v 0.000500 -0.002000 -0.043657
v 0.001250 -0.001854 -0.043706
v 0.001500 -0.001732 -0.043745
v 0.002296 0.014100 -0.005543
v 0.002296 -0.014100 -0.005543
v 0.002440 0.014100 -0.005481
v 0.002440 -0.014100 -0.005481
v 0.004243 0.014100 -0.004243
v 0.004243 -0.014100 -0.004243
v 0.004459 0.014100 -0.004015
v 0.004459 -0.014100 -0.004015
v 0.005543 0.014100 -0.002296
v 0.005543 -0.014100 -0.002296
v 0.005706 0.014100 -0.001854
v 0.005706 -0.014100 -0.001854
v 0.006000 0.014100 0.000000
v 0.006000 -0.014100 0.000000
v 0.005967 0.014100 0.000627
v 0.005967 -0.014100 0.000627
v 0.005543 0.014100 0.002296
v 0.005543 -0.014100 0.002296
v 0.005196 0.014100 0.003000
v 0.005196 -0.014100 0.003000
v 0.004243 0.014100 0.004243
v 0.004243 -0.014100 0.004243
v 0.003527 0.014100 0.004854
v 0.003527 -0.014100 0.004854
v 0.002296 0.014100 0.005543
v 0.002296 -0.014100 0.005543
v 0.001247 0.014100 0.005869
v 0.001247 -0.014100 0.005869
v 0.000000 0.014100 0.006000
v 0.000000 -0.014100 0.006000
v -0.001247 0.014100 0.005869
v -0.001247 -0.014100 0.005869
v -0.002296 0.014100 0.005543
v -0.002296 -0.014100 0.005543
v -0.003527 0.014100 0.004854
v -0.003527 -0.014100 0.004854
v -0.004243 0.014100 0.004243
v -0.004243 -0.014100 0.004243
v -0.005196 0.014100 0.003000
v -0.005196 -0.014100 0.003000
v -0.005543 0.014100 0.002296
v -0.005543 -0.014100 0.002296
v -0.005967 0.014100 0.000627
v -0.005967 -0.014100 0.000627
v -0.006000 0.014100 0.000000
v -0.006000 -0.014100 0.000000
v -0.005706 0.014100 -0.001854
v -0.005706 -0.014100 -0.001854
v -0.005543 0.014100 -0.002296
v -0.005543 -0.014100 -0.002296
v -0.004459 0.014100 -0.004015
v -0.004459 -0.014100 -0.004015
v -0.004243 0.014100 -0.004243
v -0.004243 -0.014100 -0.004243
v -0.002440 0.014100 -0.005481
v -0.002440 -0.014100 -0.005481
v -0.002296 0.014100 -0.005543
v -0.002296 -0.014100 -0.005543
v 0.000000 0.014100 -0.006000
v 0.000000 -0.014100 -0.006000
v 0.001500 -0.011250 -0.031117
v 0.002598 -0.011250 -0.030019
v 0.003000 -0.011250 -0.028519
v 0.019500 -0.011250 0.009200
v 0.018350 -0.011250 0.009508
v 0.010500 -0.011250 0.000000
v 0.020650 -0.011250 0.013492
v 0.021492 -0.011250 0.012650
v 0.029513 -0.011250 0.022869
v 0.006172 -0.011250 -0.008495
v 0.003245 -0.011250 -0.009986
v 0.011329 -0.011250 -0.013626
v 0.035017 -0.011250 0.013365
v -0.001500 -0.011250 -0.031117
v 0.000000 -0.011250 -0.031519
v 0.021800 -0.011250 0.011500
v 0.021492 -0.011250 0.010350
v 0.020650 -0.011250 0.009508
v -0.008495 -0.011250 -0.006172
v -0.006172 -0.011250 -0.008495
v -0.003245 -0.011250 -0.009986
v 0.000000 -0.011250 -0.010500
v -0.003000 -0.011250 -0.028519
v -0.002598 -0.011250 -0.030019
v 0.008495 -0.011250 -0.006172
v 0.012272 -0.011250 -0.012077
v 0.009986 -0.011250 -0.003245
v 0.017508 -0.011250 0.010350
v 0.006172 -0.011250 0.008495
v 0.008495 -0.011250 0.006172
v -0.018508 -0.011250 0.017800
v -0.020177 -0.011250 0.018002
v -0.034668 -0.011250 0.012464
v -0.021749 -0.011250 0.018595
v -0.029384 -0.011250 0.022583
v 0.022387 -0.011250 0.018742
v 0.020696 -0.011250 0.018040
v 0.019500 -0.011250 0.013800
v 0.018879 -0.011250 0.017800
v 0.018350 -0.011250 0.013492
v 0.017508 -0.011250 0.012650
v 0.009986 -0.011250 0.003245
v -0.003245 -0.011250 0.009986
v 0.000000 -0.011250 0.010500
v -0.016600 -0.011250 -0.012000
v -0.016600 -0.011250 -0.008203
v -0.016879 -0.011250 -0.006555
v -0.009986 -0.011250 -0.003245
v -0.010500 -0.011250 0.000000
v -0.009986 -0.011250 0.003245
v -0.030439 -0.011250 0.010255
v -0.008495 -0.011250 0.006172
v -0.006172 -0.011250 0.008495
v 0.017200 -0.011250 0.011500
v 0.003245 -0.011250 0.009986
v 0.011329 0.011250 -0.013626
v -0.003000 0.011250 -0.028519
v 0.003245 0.011250 0.009986
v 0.000000 0.011250 0.010500
v 0.017200 0.011250 0.011500
v -0.008495 0.011250 -0.006172
v -0.006172 0.011250 -0.008495
v -0.001500 0.011250 -0.031117
v -0.002598 0.011250 -0.030019
v 0.000000 0.011250 -0.031519
v -0.003245 0.011250 -0.009986
v 0.000000 0.011250 -0.010500
v -0.020177 0.011250 0.018002
v -0.034668 0.011250 0.012464
v -0.021749 0.011250 0.018595
v -0.029384 0.011250 0.022583
v 0.001500 0.011250 -0.031117
v 0.002598 0.011250 -0.030019
v 0.003000 0.011250 -0.028519
v -0.003245 0.011250 0.009986
v -0.006172 0.011250 0.008495
v -0.008495 0.011250 0.006172
v -0.030439 0.011250 0.010255
v -0.009986 0.011250 0.003245
v -0.028840 0.011250 0.008935
v -0.010500 0.011250 0.000000
v -0.016600 0.011250 -0.012000
v -0.016600 0.011250 -0.008203
v -0.009986 0.011250 -0.003245
v -0.016879 0.011250 -0.006555
v -0.017686 0.011250 -0.005091
v 0.003245 0.011250 -0.009986
v 0.006172 0.011250 -0.008495
v 0.008495 0.011250 -0.006172
v 0.009986 0.011250 -0.003245
v 0.010500 0.011250 0.000000
v 0.018350 0.011250 0.009508
v 0.009986 0.011250 0.003245
v 0.017508 0.011250 0.010350
v 0.008495 0.011250 0.006172
v 0.006172 0.011250 0.008495
v 0.020650 0.011250 0.013492
v 0.019500 0.011250 0.013800
v 0.018879 0.011250 0.017800
v 0.018350 0.011250 0.013492
v -0.018508 0.011250 0.017800
v 0.017508 0.011250 0.012650
v 0.020696 0.011250 0.018040
v 0.022387 0.011250 0.018742
v 0.021492 0.011250 0.012650
v 0.029513 0.011250 0.022869
v 0.021800 0.011250 0.011500
v 0.021492 0.011250 0.010350
v 0.020650 0.011250 0.009508
v 0.019500 0.011250 0.009200
v 0.011000 -0.023158 -0.032928
v 0.011000 -0.017113 -0.038000
v 0.011000 0.003250 -0.015409
v 0.011000 0.011000 -0.038000
v 0.011000 0.010744 -0.040357
v 0.011000 0.011319 -0.039143
v 0.011000 0.003250 -0.002290
v 0.011000 -0.003250 -0.002290
v 0.011000 -0.003250 -0.015409
v 0.011000 0.010511 -0.034758
v 0.011000 0.012366 -0.038301
v 0.011000 0.009089 -0.031803
v 0.011000 0.023454 -0.032504
v 0.011000 0.023500 -0.031988
v 0.011000 -0.023500 -0.031988
v 0.011000 -0.023454 -0.032504
v 0.011000 -0.005500 -0.028474
v 0.011000 -0.002448 -0.027276
v 0.011000 -0.008064 -0.030518
v 0.011000 -0.013675 -0.038000
v 0.011000 -0.009911 -0.033227
v 0.011000 -0.012366 -0.038301
v 0.011000 -0.010877 -0.036361
v 0.011000 -0.011319 -0.039143
v 0.011000 -0.010877 -0.039639
v 0.011000 -0.010744 -0.040357
v 0.011000 0.013675 -0.038000
v 0.011000 0.017113 -0.038000
v 0.011000 0.023158 -0.032928
v 0.011000 0.006858 -0.029400
v 0.011000 0.004019 -0.027760
v 0.011000 0.000822 -0.027031
v -0.011000 0.003250 -0.010000
v -0.011000 -0.003250 -0.010000
v -0.011000 0.003250 -0.002926
v -0.011000 -0.003250 -0.002926
v -0.013000 -0.004015 -0.042459
v 0.015200 0.000000 -0.044000
v 0.015200 -0.001854 -0.043706
v -0.013000 0.003000 -0.043196
v 0.015200 0.003000 -0.043196
v 0.015200 0.002296 -0.043543
v 0.015200 0.000627 -0.043967
v -0.013000 -0.002296 -0.043543
v -0.013000 -0.001854 -0.043706
v -0.013000 0.000000 -0.044000
v -0.013000 0.000627 -0.043967
v -0.013000 0.002296 -0.043543
v -0.013000 0.004243 -0.042243
v 0.015200 0.004243 -0.042243
v -0.013000 0.004854 -0.041527
v 0.015200 0.004854 -0.041527
v -0.013000 0.005543 -0.040296
v 0.015200 0.005543 -0.040296
v -0.013000 0.005869 -0.039247
v 0.015200 0.005869 -0.039247
v -0.013000 0.006000 -0.038000
v 0.015200 0.006000 -0.038000
v -0.013000 0.005869 -0.036753
v 0.015200 0.005869 -0.036753
v -0.013000 0.005543 -0.035704
v 0.015200 0.005543 -0.035704
v -0.013000 0.004854 -0.034473
v 0.015200 0.004854 -0.034473
v -0.013000 0.004243 -0.033757
v 0.015200 0.004243 -0.033757
v -0.013000 0.003000 -0.032804
v 0.015200 0.003000 -0.032804
v -0.013000 0.002296 -0.032457
v 0.015200 0.002296 -0.032457
v -0.013000 0.000627 -0.032033
v 0.015200 0.000627 -0.032033
v -0.013000 0.000000 -0.032000
v 0.015200 0.000000 -0.032000
v -0.013000 -0.001854 -0.032294
v 0.015200 -0.001854 -0.032294
v -0.013000 -0.002296 -0.032457
v 0.015200 -0.002296 -0.032457
v -0.013000 -0.004015 -0.033541
v 0.015200 -0.004015 -0.033541
v -0.013000 -0.004243 -0.033757
v 0.015200 -0.004243 -0.033757
v -0.013000 -0.005481 -0.035560
v 0.015200 -0.005481 -0.035560
v -0.013000 -0.005543 -0.035704
v 0.015200 -0.005543 -0.035704
v -0.013000 -0.006000 -0.038000
v 0.015200 -0.006000 -0.038000
v -0.013000 -0.005543 -0.040296
v 0.015200 -0.005543 -0.040296
v -0.013000 -0.005481 -0.040440
v 0.015200 -0.005481 -0.040440
v -0.013000 -0.004243 -0.042243
v 0.015200 -0.004243 -0.042243
v 0.015200 -0.004015 -0.042459
v 0.015200 -0.002296 -0.043543
v 0.015500 0.005820 -0.035589
v 0.015500 0.008841 -0.031972
v 0.015500 0.004455 -0.033545
v 0.015500 0.006671 -0.029634
v 0.015500 0.002411 -0.032180
v 0.015500 0.003909 -0.028040
v 0.015500 0.000000 -0.031700
v 0.015500 0.004455 -0.042455
v 0.015500 0.008841 -0.044027
v 0.015500 0.005820 -0.040411
v 0.015500 0.010225 -0.041154
v 0.015500 0.006300 -0.038000
v 0.015500 0.010700 -0.038000
v 0.015500 0.010225 -0.034846
v 0.015500 -0.002411 -0.043820
v 0.015500 -0.002381 -0.048432
v 0.015500 0.000000 -0.044300
v 0.015500 0.000800 -0.048670
v 0.015500 0.002411 -0.043820
v 0.015500 0.003909 -0.047960
v 0.015500 0.006671 -0.046366
v 0.015500 -0.006300 -0.038000
v 0.015500 -0.010580 -0.039595
v 0.015500 -0.005820 -0.040411
v 0.015500 -0.009640 -0.042643
v 0.015500 -0.004455 -0.042455
v 0.015500 -0.007844 -0.045278
v 0.015500 -0.005350 -0.047266
v 0.015500 -0.005820 -0.035589
v 0.015500 -0.010580 -0.036405
v 0.015500 -0.010700 -0.038000
v 0.015500 0.000800 -0.027330
v 0.015500 -0.002381 -0.027568
v 0.015500 -0.002411 -0.032180
v 0.015500 -0.005350 -0.028733
v 0.015500 -0.004455 -0.033545
v 0.015500 -0.007844 -0.030722
v 0.015500 -0.009640 -0.033357
v -0.002500 -0.003279 -0.048500
v -0.013000 -0.005500 -0.047526
v -0.013000 -0.004019 -0.048240
v -0.002500 -0.002448 -0.048724
v 0.015200 -0.002448 -0.048724
v 0.015200 -0.005500 -0.047526
v 0.003500 -0.003279 -0.048500
v -0.013000 -0.002448 -0.048724
v -0.013000 -0.000822 -0.048969
v -0.002500 0.000822 -0.048969
v 0.003500 0.000822 -0.048969
v 0.003500 0.003279 -0.048500
v 0.015200 0.004019 -0.048240
v -0.013000 0.000822 -0.048969
v -0.013000 0.002448 -0.048724
v -0.002500 0.003279 -0.048500
v -0.013000 0.004019 -0.048240
v 0.015200 0.000822 -0.048969
v 0.003500 -0.002448 -0.048724
v 0.015200 0.011000 -0.038000
v 0.015200 0.010511 -0.041242
v -0.013000 0.010877 -0.036361
v -0.013000 0.011000 -0.038000
v -0.013000 0.010877 -0.039639
v -0.013000 0.010511 -0.041242
v -0.013000 0.010511 -0.034758
v -0.013000 0.009911 -0.033227
v -0.013000 0.009089 -0.031803
v -0.013000 0.008064 -0.030518
v -0.013000 0.006858 -0.029400
v -0.013000 0.005500 -0.028474
v -0.013000 0.004019 -0.027760
v -0.013000 0.002448 -0.027276
v -0.013000 0.000822 -0.027031
v -0.013000 -0.000822 -0.027031
v -0.013000 -0.002448 -0.027276
v -0.013000 -0.004019 -0.027760
v -0.013000 -0.005500 -0.028474
v -0.013000 -0.006858 -0.029400
v -0.013000 -0.008064 -0.030518
v -0.013000 -0.009089 -0.031803
v -0.013000 -0.009911 -0.033227
v -0.013000 -0.010511 -0.034758
v -0.013000 -0.010877 -0.036361
v -0.013000 -0.011000 -0.038000
v 0.015200 -0.009911 -0.042773
v -0.013000 -0.010877 -0.039639
v -0.013000 -0.010511 -0.041242
v -0.013000 -0.009911 -0.042773
v 0.015200 -0.010877 -0.039639
v 0.015200 -0.011000 -0.038000
v 0.015200 -0.010877 -0.036361
v 0.015200 -0.009911 -0.033227
v 0.015200 -0.008064 -0.030518
v 0.015200 -0.005500 -0.028474
v 0.015200 -0.002448 -0.027276
v 0.015200 0.000822 -0.027031
v 0.015200 0.004019 -0.027760
v 0.015200 0.006858 -0.029400
v 0.015200 0.009089 -0.031803
v 0.015200 0.010511 -0.034758
v -0.013000 -0.009089 -0.044196
v 0.015200 -0.008064 -0.045482
v -0.013000 -0.006858 -0.046600
v -0.013000 -0.008064 -0.045482
v -0.013000 0.005500 -0.047526
v 0.015200 0.006858 -0.046600
v -0.013000 0.006858 -0.046600
v -0.013000 0.008064 -0.045482
v 0.015200 0.009089 -0.044196
v -0.013000 0.009911 -0.042773
v -0.013000 0.009089 -0.044196
v -0.013300 -0.005820 -0.035589
v -0.013300 -0.008841 -0.031972
v -0.013300 -0.004455 -0.033545
v -0.013300 -0.006671 -0.029634
v -0.013300 -0.002411 -0.032180
v -0.013300 -0.003909 -0.028040
v -0.013300 0.000000 -0.031700
v -0.013300 -0.004455 -0.042455
v -0.013300 -0.008841 -0.044027
v -0.013300 -0.005820 -0.040411
v -0.013300 -0.010225 -0.041154
v -0.013300 -0.006300 -0.038000
v -0.013300 -0.010700 -0.038000
v -0.013300 -0.010225 -0.034846
v -0.013300 0.002411 -0.043820
v -0.013300 0.002381 -0.048432
v -0.013300 0.000000 -0.044300
v -0.013300 -0.000800 -0.048670
v -0.013300 -0.002411 -0.043820
v -0.013300 -0.003909 -0.047960
v -0.013300 -0.006671 -0.046366
v -0.013300 0.010580 -0.036405
v -0.013300 0.006300 -0.038000
v -0.013300 0.005820 -0.035589
v -0.013300 -0.000800 -0.027330
v -0.013300 0.002381 -0.027568
v -0.013300 0.002411 -0.032180
v -0.013300 0.005350 -0.028733
v -0.013300 0.004455 -0.033545
v -0.013300 0.007844 -0.030722
v -0.013300 0.009640 -0.033357
v -0.013300 0.010700 -0.038000
v -0.013300 0.010580 -0.039595
v -0.013300 0.005820 -0.040411
v -0.013300 0.009640 -0.042643
v -0.013300 0.004455 -0.042455
v -0.013300 0.007844 -0.045278
v -0.013300 0.005350 -0.047266
v 0.004455 0.014400 0.004455
v 0.008252 0.014400 0.005995
v 0.005820 0.014400 0.002411
v 0.009701 0.014400 0.003152
v 0.006300 0.014400 0.000000
v 0.010200 0.014400 0.000000
v 0.005820 0.014400 -0.002411
v -0.004455 0.014400 0.004455
v -0.005995 0.014400 0.008252
v -0.002411 0.014400 0.005820
v -0.003152 0.014400 0.009701
v 0.000000 0.014400 0.006300
v 0.000000 0.014400 0.010200
v 0.002411 0.014400 0.005820
v 0.003152 0.014400 0.009701
v 0.005995 0.014400 0.008252
v -0.004455 0.014400 -0.004455
v -0.008252 0.014400 -0.005995
v -0.005820 0.014400 -0.002411
v -0.009701 0.014400 -0.003152
v -0.006300 0.014400 0.000000
v -0.010200 0.014400 0.000000
v -0.005820 0.014400 0.002411
v -0.009701 0.014400 0.003152
v -0.008252 0.014400 0.005995
v 0.009701 0.014400 -0.003152
v 0.008252 0.014400 -0.005995
v 0.004455 0.014400 -0.004455
v 0.005995 0.014400 -0.008252
v 0.002411 0.014400 -0.005820
v 0.003152 0.014400 -0.009701
v 0.000000 0.014400 -0.006300
v 0.000000 0.014400 -0.010200
v -0.002411 0.014400 -0.005820
v -0.003152 0.014400 -0.009701
v -0.005995 0.014400 -0.008252
v 0.000000 0.011250 0.010500
v -0.003245 0.014100 0.009986
v -0.006172 0.014100 0.008495
v -0.008495 0.014100 0.006172
v -0.009986 0.014100 0.003245
v -0.010500 0.014100 0.000000
v -0.009986 0.014100 -0.003245
v -0.008495 0.014100 -0.006172
v -0.006172 0.014100 -0.008495
v -0.003245 0.014100 -0.009986
v 0.000000 0.014100 -0.010500
v 0.003245 0.014100 -0.009986
v 0.006172 0.014100 -0.008495
v 0.008495 0.014100 -0.006172
v 0.009986 0.014100 -0.003245
v 0.010500 0.014100 0.000000
v 0.009986 0.014100 0.003245
v 0.008495 0.014100 0.006172
v 0.006172 0.014100 0.008495
v 0.003245 0.014100 0.009986
v 0.000000 0.014100 0.010500
v -0.004455 -0.014400 -0.004455
v -0.005995 -0.014400 -0.008252
v -0.002411 -0.014400 -0.005820
v -0.003152 -0.014400 -0.009701
v 0.000000 -0.014400 -0.006300
v 0.000000 -0.014400 -0.010200
v 0.002411 -0.014400 -0.005820
v 0.003152 -0.014400 -0.009701
v 0.004455 -0.014400 -0.004455
v 0.005995 -0.014400 -0.008252
v 0.008252 -0.014400 -0.005995
v 0.005820 -0.014400 -0.002411
v 0.009701 -0.014400 -0.003152
v 0.006300 -0.014400 0.000000
v 0.010200 -0.014400 0.000000
v 0.005820 -0.014400 0.002411
v -0.004455 -0.014400 0.004455
v -0.008252 -0.014400 0.005995
v -0.005820 -0.014400 0.002411
v -0.009701 -0.014400 0.003152
v -0.006300 -0.014400 0.000000
v -0.010200 -0.014400 0.000000
v -0.005820 -0.014400 -0.002411
v -0.009701 -0.014400 -0.003152
v -0.008252 -0.014400 -0.005995
v 0.009701 -0.014400 0.003152
v 0.008252 -0.014400 0.005995
v 0.004455 -0.014400 0.004455
v 0.005995 -0.014400 0.008252
v 0.002411 -0.014400 0.005820
v 0.003152 -0.014400 0.009701
v 0.000000 -0.014400 0.006300
v 0.000000 -0.014400 0.010200
v -0.002411 -0.014400 0.005820
v -0.003152 -0.014400 0.009701
v -0.005995 -0.014400 0.008252
v 0.000000 -0.011250 -0.010500
v -0.003245 -0.014100 -0.009986
v -0.006172 -0.014100 -0.008495
v -0.008495 -0.014100 -0.006172
v -0.009986 -0.014100 -0.003245
v -0.010500 -0.014100 0.000000
v -0.009986 -0.014100 0.003245
v -0.008495 -0.014100 0.006172
v -0.006172 -0.014100 0.008495
v -0.003245 -0.014100 0.009986
v 0.000000 -0.014100 0.010500
v 0.003245 -0.014100 0.009986
v 0.006172 -0.014100 0.008495
v 0.008495 -0.014100 0.006172
v 0.009986 -0.014100 0.003245
v 0.010500 -0.014100 0.000000
v 0.009986 -0.014100 -0.003245
v 0.008495 -0.014100 -0.006172
v 0.006172 -0.014100 -0.008495
v 0.003245 -0.014100 -0.009986
v 0.000000 -0.014100 -0.010500
v 0.000000 -0.011250 -0.031519
v 0.000000 -0.023281 -0.031519
v 0.000000 0.011250 -0.031519
v 0.017498 0.005848 0.018800
v 0.018879 0.005298 0.018800
v 0.018879 0.010250 0.018800
v -0.018508 0.010250 0.018800
v -0.018508 0.005154 0.018800
v -0.016741 0.005848 0.018800
v 0.016054 0.006148 0.018800
v -0.015177 0.006148 0.018800
v -0.013500 0.006250 0.018800
v 0.014505 0.006250 0.018800
v -0.028921 -0.010250 0.023469
v -0.021286 -0.010250 0.019482
v -0.028921 0.010250 0.023469
v -0.021286 -0.003250 0.019482
v -0.021286 0.010250 0.019482
v -0.021286 0.003250 0.019482
v -0.006350 0.003250 0.011682
v -0.006350 -0.003250 0.011682
v -0.035555 -0.010250 0.012927
v -0.030271 -0.010250 0.023045
v -0.035555 0.010250 0.012927
v -0.030271 0.010250 0.023045
v -0.030439 0.003250 0.010255
v -0.035436 0.010750 0.012865
v -0.035111 0.011116 0.012696
v -0.030439 -0.003250 0.010255
v -0.035111 -0.011116 0.012696
v -0.013685 0.003250 0.001506
v -0.013685 -0.003250 0.001506
v -0.035436 -0.010750 0.012865
v 0.030378 -0.010250 0.023370
v 0.035718 -0.010250 0.014150
v 0.035718 -0.005121 0.014150
v 0.035718 0.010250 0.014150
v 0.035591 0.004750 0.014368
v 0.030378 0.010250 0.023370
v 0.035591 -0.004750 0.014368
v 0.035390 -0.003250 0.014716
v 0.035390 0.003250 0.014716
v 0.019500 0.010950 0.013500
v 0.019500 -0.010950 0.013500
v 0.018500 0.010950 0.013232
v 0.018500 -0.010950 0.013232
v 0.017768 0.010950 0.012500
v 0.017768 -0.010950 0.012500
v 0.017500 0.010950 0.011500
v 0.017500 -0.010950 0.011500
v 0.017768 0.010950 0.010500
v 0.017768 -0.010950 0.010500
v 0.018500 0.010950 0.009768
v 0.018500 -0.010950 0.009768
v 0.019500 0.010950 0.009500
v 0.019500 -0.010950 0.009500
v 0.020500 0.010950 0.009768
v 0.020500 -0.010950 0.009768
v 0.021232 0.010950 0.010500
v 0.021232 -0.010950 0.010500
v 0.021500 0.010950 0.011500
v 0.021500 -0.010950 0.011500
v 0.021232 0.010950 0.012500
v 0.021232 -0.010950 0.012500
v 0.020500 0.010950 0.013232
v 0.020500 -0.010950 0.013232
v -0.003573 0.003250 0.011000
v -0.003573 -0.003250 0.011000
v 0.005410 0.003250 0.011000
v 0.005410 -0.003250 0.011000
v -0.004961 0.006250 0.014341
v -0.004288 0.006250 0.014086
v -0.003573 0.006250 0.014000
v 0.006914 0.006250 0.014404
v 0.005410 0.006250 0.014000
v 0.006189 0.006250 0.014103
v -0.004961 -0.006250 0.014341
v 0.006189 -0.006250 0.014103
v 0.005410 -0.006250 0.014000
v 0.006914 -0.006250 0.014404
v -0.003573 -0.006250 0.014000
v -0.004288 -0.006250 0.014086
v 0.034886 -0.005524 0.013219
v 0.035718 -0.010250 0.014150
v 0.012272 -0.005703 -0.012077
v 0.012508 -0.005853 -0.011813
v 0.035512 -0.010957 0.013920
v 0.035285 -0.011174 0.013665
v 0.033908 -0.005848 0.012125
v 0.032358 -0.006148 0.010391
v 0.013224 -0.006148 -0.011013
v 0.014000 -0.006250 -0.010144
v 0.030695 -0.006250 0.008531
v 0.035664 -0.010633 0.014090
v 0.013494 0.003250 0.002037
v 0.013494 -0.003250 0.002037
v 0.014998 0.006250 -0.000559
v 0.014267 0.006250 -0.001291
v 0.014068 0.006250 -0.001773
v 0.014000 0.006250 -0.002290
v 0.014584 0.006250 -0.000877
v 0.014000 -0.006250 -0.002290
v 0.014068 -0.006250 -0.001773
v 0.014267 -0.006250 -0.001291
v 0.014998 -0.006250 -0.000559
v 0.014584 -0.006250 -0.000877
v -0.026088 0.006148 0.005475
v -0.027198 0.005848 0.006871
v -0.028121 0.005391 0.008032
v -0.028840 0.004798 0.008935
v -0.017686 0.006250 -0.005091
v -0.024897 0.006250 0.003977
v -0.016600 0.006250 -0.008203
v -0.016600 0.006250 -0.010000
v -0.014000 0.006250 -0.010000
v -0.014289 0.006250 -0.001889
v -0.014631 0.006250 -0.001467
v -0.015074 0.006250 -0.001153
v -0.016879 0.006250 -0.006555
v -0.014000 0.006250 -0.002926
v -0.014074 0.006250 -0.002388
v -0.015074 -0.006250 -0.001153
v -0.014631 -0.006250 -0.001467
v -0.014289 -0.006250 -0.001889
v -0.014074 -0.006250 -0.002388
v -0.016879 -0.006250 -0.006555
v -0.014000 -0.006250 -0.002926
v -0.016600 -0.006250 -0.008203
v -0.014000 -0.006250 -0.010000
v -0.016600 -0.006250 -0.010000
v 0.029946 0.011116 0.023119
v 0.030125 0.010957 0.023223
v 0.030262 0.010750 0.023303
v -0.030152 0.010750 0.022983
v -0.029827 0.011116 0.022814
v 0.030262 -0.010750 0.023303
v 0.030125 -0.010957 0.023223
v 0.029946 -0.011116 0.023119
v -0.029827 -0.011116 0.022814
v -0.030152 -0.010750 0.022983
v 0.011834 0.005325 -0.012645
v 0.011395 0.004738 -0.013461
v 0.011104 0.004032 -0.014396
v 0.011000 0.003259 -0.015398
v 0.011702 -0.005179 -0.012854
v 0.011395 -0.004738 -0.013461
v 0.011094 -0.003994 -0.014445
v 0.011000 -0.003259 -0.015398
v 0.000000 0.014400 0.006300
v 0.000000 0.014100 -0.006000
v 0.000000 -0.014400 -0.006300
v -0.012578 -0.003250 0.000720
v -0.012578 0.003250 0.000720
v -0.012262 -0.003250 0.000395
v -0.012262 0.003250 0.000395
v -0.011724 -0.003250 -0.000335
v -0.011724 0.003250 -0.000335
v -0.011326 -0.003250 -0.001150
v -0.011326 0.003250 -0.001150
v -0.011184 -0.003250 -0.001581
v -0.011184 0.003250 -0.001581
v 0.012461 0.003250 0.001242
v 0.012461 -0.003250 0.001242
v 0.012167 0.003250 0.000920
v 0.012167 -0.003250 0.000920
v 0.011668 0.003250 0.000207
v 0.011668 -0.003250 0.000207
v 0.011301 0.003250 -0.000582
v 0.011301 -0.003250 -0.000582
v 0.011170 0.003250 -0.000998
v 0.011170 -0.003250 -0.000998
v 0.014422 -0.006022 0.000434
v 0.014246 -0.005848 0.000739
v 0.013609 -0.004398 0.001839
v 0.013696 -0.004750 0.001689
v 0.013935 -0.005371 0.001276
v 0.013772 -0.006022 -0.000066
v 0.012500 -0.005848 -0.002290
v 0.011879 -0.005371 -0.002290
v 0.012019 -0.005371 -0.001225
v 0.013083 -0.005371 0.000621
v 0.011402 -0.004750 -0.002290
v 0.011228 -0.004398 -0.002290
v 0.011390 -0.004398 -0.001057
v 0.011866 -0.004398 0.000093
v 0.012623 -0.004398 0.001081
v 0.012429 -0.005371 -0.000232
v 0.013273 -0.006022 -0.000718
v 0.012959 -0.006022 -0.001476
v 0.012852 -0.006022 -0.002290
v 0.013696 0.004750 0.001689
v 0.013935 0.005371 0.001276
v 0.014422 0.006022 0.000434
v 0.014246 0.005848 0.000739
v 0.013609 0.004398 0.001839
v 0.013772 0.006022 -0.000066
v 0.013273 0.006022 -0.000718
v 0.012959 0.006022 -0.001476
v 0.012852 0.006022 -0.002290
v 0.012500 0.005848 -0.002290
v 0.012019 0.005371 -0.001225
v 0.011879 0.005371 -0.002290
v 0.013083 0.005371 0.000621
v 0.012429 0.005371 -0.000232
v 0.012623 0.004398 0.001081
v 0.011866 0.004398 0.000093
v 0.011402 0.004750 -0.002290
v 0.011390 0.004398 -0.001057
v 0.011228 0.004398 -0.002290
v -0.021275 -0.003259 0.019476
v -0.019938 -0.010250 0.018973
v -0.019194 -0.004745 0.018839
v -0.019605 -0.004479 0.018901
v -0.020641 -0.003748 0.019192
v -0.019194 0.004745 0.018839
v -0.019938 0.010250 0.018973
v -0.021275 0.003259 0.019476
v -0.020641 0.003748 0.019192
v -0.019613 0.004474 0.018902
v 0.021875 0.003259 0.019601
v 0.020436 0.010250 0.019005
v 0.019819 0.004748 0.018874
v 0.019930 0.004677 0.018893
v 0.020956 0.003971 0.019171
v 0.019821 -0.004747 0.018874
v 0.020436 -0.010250 0.019005
v 0.021875 -0.003259 0.019601
v 0.020956 -0.003971 0.019171
v 0.019974 -0.004650 0.018901
v -0.005003 0.003250 0.011173
v -0.005003 -0.003250 0.011173
v 0.006967 0.003250 0.011205
v 0.006967 -0.003250 0.011205
v 0.008303 -0.004398 0.012005
v 0.008216 -0.004750 0.012156
v 0.007977 -0.005371 0.012568
v 0.007489 -0.006022 0.013410
v 0.007665 -0.005848 0.013106
v 0.006908 -0.004398 0.011426
v 0.006486 -0.006022 0.012994
v 0.005410 -0.004750 0.011402
v 0.005410 -0.005371 0.011879
v 0.006739 -0.005371 0.012054
v 0.005410 -0.005848 0.012500
v 0.005410 -0.006022 0.012852
v 0.005410 -0.004398 0.011228
v -0.003573 -0.006022 0.012852
v -0.003573 -0.005848 0.012500
v -0.003573 -0.005371 0.011879
v -0.003573 -0.004750 0.011402
v -0.003573 -0.004398 0.011228
v -0.004948 -0.004398 0.011395
v -0.004561 -0.006022 0.012971
v -0.006164 -0.004750 0.012038
v -0.005943 -0.005371 0.012460
v -0.004793 -0.005371 0.012026
v -0.005656 -0.005848 0.013011
v -0.005493 -0.006022 0.013323
v -0.006244 -0.004398 0.011884
v 0.007489 0.006022 0.013410
v 0.007665 0.005848 0.013106
v 0.007977 0.005371 0.012568
v 0.008216 0.004750 0.012156
v 0.008303 0.004398 0.012005
v 0.006486 0.006022 0.012994
v 0.006908 0.004398 0.011426
v 0.005410 0.005848 0.012500
v 0.005410 0.005371 0.011879
v 0.006739 0.005371 0.012054
v 0.005410 0.004750 0.011402
v 0.005410 0.004398 0.011228
v 0.005410 0.006022 0.012852
v -0.003573 0.004398 0.011228
v -0.003573 0.004750 0.011402
v -0.003573 0.005371 0.011879
v -0.003573 0.005848 0.012500
v -0.003573 0.006022 0.012852
v -0.004561 0.006022 0.012971
v -0.004948 0.004398 0.011395
v -0.005656 0.005848 0.013011
v -0.005943 0.005371 0.012460
v -0.004793 0.005371 0.012026
v -0.006164 0.004750 0.012038
v -0.006244 0.004398 0.011884
v -0.005493 0.006022 0.013323
v -0.029920 0.010250 0.023427
v -0.029818 0.010683 0.023373
v -0.029426 0.010250 0.023582
v -0.029367 0.010500 0.023551
v -0.029205 0.010683 0.023466
v -0.028956 0.010633 0.023401
v -0.029537 0.011000 0.023226
v -0.028983 0.010750 0.023350
v -0.029057 0.010957 0.023209
v -0.029153 0.011116 0.023026
v -0.029207 0.011174 0.022922
v -0.021572 0.011174 0.018934
v -0.021517 0.011116 0.019038
v -0.021422 0.010957 0.019222
v -0.021348 0.010750 0.019363
v -0.021321 0.010633 0.019414
v -0.029296 -0.010250 0.023579
v -0.029426 -0.010250 0.023582
v -0.029684 -0.010250 0.023537
v -0.029920 -0.010250 0.023427
v -0.030026 -0.010250 0.023349
v -0.019970 0.010750 0.018843
v -0.020058 0.011116 0.018487
v -0.018508 0.010750 0.018666
v -0.018508 0.011116 0.018300
v -0.029250 -0.010441 0.023555
v -0.029600 -0.010604 0.023493
v -0.028956 -0.010633 0.023401
v -0.029126 -0.010581 0.023490
v -0.029057 -0.010957 0.023209
v -0.029370 -0.010862 0.023373
v -0.029207 -0.011174 0.022922
v -0.029616 -0.011050 0.023136
v -0.029916 -0.010712 0.023292
v 0.018879 0.011116 0.018300
v 0.018879 0.010750 0.018666
v -0.021517 -0.011116 0.019038
v -0.021422 -0.010957 0.019222
v -0.021348 -0.010750 0.019363
v 0.020471 0.010750 0.018876
v 0.020566 0.011116 0.018523
v 0.021953 0.010750 0.019492
v 0.022137 0.011116 0.019175
v -0.019970 -0.010750 0.018843
v -0.020058 -0.011116 0.018487
v -0.018508 -0.010750 0.018666
v -0.018508 -0.011116 0.018300
v 0.029262 0.011116 0.023302
v 0.029079 0.010750 0.023618
v 0.018879 -0.011116 0.018300
v 0.018879 -0.010750 0.018666
v 0.029637 0.011000 0.023519
v 0.029295 0.010683 0.023744
v 0.029454 0.010500 0.023835
v 0.029512 0.010250 0.023869
v 0.029911 0.010683 0.023677
v 0.030012 0.010250 0.023736
v 0.021953 -0.010750 0.019492
v 0.020471 -0.010750 0.018876
v 0.022137 -0.011116 0.019175
v 0.020566 -0.011116 0.018523
v 0.030012 -0.010250 0.023736
v 0.029512 -0.010250 0.023869
v 0.029079 -0.010750 0.023618
v 0.029262 -0.011116 0.023302
v 0.029911 -0.010683 0.023677
v 0.029454 -0.010500 0.023835
v 0.029295 -0.010683 0.023744
v 0.029637 -0.011000 0.023519
v 0.000000 0.014400 -0.010200
v 0.000000 0.014100 -0.010500
v 0.000000 0.014400 0.010200
v 0.000000 -0.014400 0.010200
v 0.000000 -0.014100 0.010500
v 0.000000 -0.014400 -0.010200
v -0.016600 -0.008250 -0.015000
v -0.016600 0.008250 -0.015000
v -0.014000 -0.003250 -0.013000
v -0.014000 0.003250 -0.013000
v -0.016600 -0.003250 -0.013000
v -0.016600 0.003250 -0.013000
v -0.016600 0.005848 -0.011500
v -0.016600 -0.010848 -0.013500
v -0.016600 -0.005848 -0.011500
v -0.016600 -0.009750 -0.014598
v -0.016600 -0.004750 -0.012598
v -0.016600 0.010848 -0.013500
v -0.016600 0.009750 -0.014598
v -0.016600 0.004750 -0.012598
v -0.029560 0.004060 0.009671
v -0.030429 0.003259 0.010250
v -0.014543 0.006022 -0.000135
v -0.014380 0.005848 0.000177
v -0.014092 0.005371 0.000727
v -0.013871 0.004750 0.001150
v -0.013791 0.004398 0.001304
v -0.013846 0.006022 -0.000630
v -0.012500 0.005848 -0.002926
v -0.011879 0.005371 -0.002926
v -0.012031 0.005371 -0.001817
v -0.013180 0.005371 0.000079
v -0.011402 0.004750 -0.002926
v -0.011228 0.004398 -0.002926
v -0.011404 0.004398 -0.001642
v -0.011919 0.004398 -0.000453
v -0.012735 0.004398 0.000554
v -0.012475 0.005371 -0.000790
v -0.013308 0.006022 -0.001294
v -0.012968 0.006022 -0.002079
v -0.012852 0.006022 -0.002926
v -0.011228 0.004398 -0.010000
v -0.011402 0.004750 -0.010000
v -0.011879 0.005371 -0.010000
v -0.012500 0.005848 -0.010000
v -0.012852 0.006022 -0.010000
v -0.014000 0.006022 -0.011148
v -0.014000 0.005848 -0.011500
v -0.014000 0.005371 -0.012121
v -0.014000 0.004750 -0.012598
v -0.014000 0.004398 -0.012772
v -0.012939 0.006022 -0.010439
v -0.012040 0.005371 -0.010812
v -0.013561 0.006022 -0.011061
v -0.013188 0.006022 -0.010812
v -0.013188 0.005371 -0.011960
v -0.012500 0.005371 -0.011500
v -0.012939 0.004398 -0.012561
v -0.012040 0.004398 -0.011960
v -0.011439 0.004398 -0.011061
v -0.011228 0.003250 -0.011148
v -0.011402 0.003250 -0.011500
v -0.012852 0.003250 -0.012772
v -0.012500 0.003250 -0.012598
v -0.011879 0.003250 -0.012121
v -0.012852 -0.003250 -0.012772
v -0.012500 -0.003250 -0.012598
v -0.011879 -0.003250 -0.012121
v -0.011402 -0.003250 -0.011500
v -0.011228 -0.003250 -0.011148
v -0.014000 -0.006022 -0.011148
v -0.014000 -0.005848 -0.011500
v -0.014000 -0.005371 -0.012121
v -0.014000 -0.004398 -0.012772
v -0.014000 -0.004750 -0.012598
v -0.013188 -0.006022 -0.010812
v -0.013561 -0.006022 -0.011061
v -0.012939 -0.006022 -0.010439
v -0.013188 -0.005371 -0.011960
v -0.011402 -0.004750 -0.010000
v -0.011228 -0.004398 -0.010000
v -0.011439 -0.004398 -0.011061
v -0.012040 -0.004398 -0.011960
v -0.012939 -0.004398 -0.012561
v -0.012500 -0.005371 -0.011500
v -0.012040 -0.005371 -0.010812
v -0.012852 -0.006022 -0.010000
v -0.012500 -0.005848 -0.010000
v -0.011879 -0.005371 -0.010000
v -0.012852 -0.006022 -0.002926
v -0.012500 -0.005848 -0.002926
v -0.011879 -0.005371 -0.002926
v -0.011402 -0.004750 -0.002926
v -0.011228 -0.004398 -0.002926
v -0.014543 -0.006022 -0.000135
v -0.013846 -0.006022 -0.000630
v -0.013308 -0.006022 -0.001294
v -0.012968 -0.006022 -0.002079
v -0.012031 -0.005371 -0.001817
v -0.014380 -0.005848 0.000177
v -0.013180 -0.005371 0.000079
v -0.012475 -0.005371 -0.000790
v -0.012735 -0.004398 0.000554
v -0.011919 -0.004398 -0.000453
v -0.014092 -0.005371 0.000727
v -0.013871 -0.004750 0.001150
v -0.013791 -0.004398 0.001304
v -0.011404 -0.004398 -0.001642
v -0.030429 -0.003259 0.010250
v -0.029591 -0.004030 0.009696
vn -0.7827 -0.0000 -0.6224
vn -1.0000 -0.0000 -0.0000
vn -0.5011 -0.0000 0.8654
vn -0.0000 -0.0000 1.0000
vn 0.7455 -0.0000 -0.6665
vn 0.7456 -0.0000 -0.6664
vn 0.7454 0.0001 -0.6666
vn 0.7455 -0.0000 -0.6666
vn -0.0000 0.7660 0.6428
vn -0.0000 0.7661 0.6427
vn -0.0000 0.7658 0.6430
vn -0.0000 0.7661 0.6428
vn -0.0000 0.9848 0.1736
vn -0.0000 0.8660 0.5000
vn -0.0000 0.9840 0.1783
vn 0.0010 0.9848 0.1736
vn -0.0000 1.0000 0.0046
vn -0.0000 -0.7661 0.6427
vn -0.0000 -0.7661 0.6428
vn -0.0000 -0.7660 0.6428
vn -0.0000 -0.7658 0.6430
vn -0.0000 -0.9848 0.1736
vn -0.0000 -0.8660 0.5000
vn 0.0010 -0.9840 0.1783
vn -0.0000 -1.0000 0.0050
vn 0.9237 0.3830 -0.0000
vn 0.7071 0.7071 -0.0000
vn 0.7901 0.6123 0.0284
vn 0.6088 0.7933 -0.0000
vn 0.2588 0.9659 -0.0000
vn 0.4333 0.9003 0.0404
vn 0.2669 0.9637 0.0124
vn 0.9908 0.1320 0.0297
vn 0.9659 0.2588 -0.0000
vn 0.9873 -0.1588 -0.0000
vn 0.9658 -0.2588 0.0143
vn 0.9124 -0.4093 -0.0000
vn 0.7932 -0.6090 -0.0000
vn 0.7070 -0.7070 0.0146
vn 0.6088 -0.7934 -0.0000
vn 0.3830 -0.9237 -0.0000
vn 0.2588 -0.9658 0.0141
vn 0.1308 -0.9914 -0.0000
vn -0.1308 -0.9914 -0.0000
vn -0.2588 -0.9658 0.0141
vn -0.3829 -0.9238 -0.0000
vn -0.7071 -0.7071 -0.0000
vn -0.7902 -0.6122 0.0284
vn -0.6087 -0.7934 -0.0000
vn -0.9658 0.2588 0.0151
vn -0.9914 0.1309 -0.0000
vn -0.9659 -0.2589 -0.0000
vn -0.9868 -0.1600 0.0232
vn -0.9126 -0.4089 -0.0000
vn -0.7070 0.7070 0.0146
vn -0.7933 0.6088 -0.0000
vn -0.9237 0.3831 -0.0000
vn 0.0792 0.9969 -0.0000
vn -0.1910 0.9816 -0.0000
vn -0.2588 0.9659 0.0111
vn -0.4385 0.8988 -0.0000
vn -0.6088 0.7933 -0.0000
vn -0.3947 -0.0000 0.9188
vn -0.5664 -0.0000 0.8241
vn -0.7254 -0.0000 0.6884
vn -0.8457 -0.0000 0.5336
vn -0.9382 -0.0000 0.3461
vn -0.9877 -0.0000 0.1564
vn -0.9986 -0.0000 -0.0524
vn -0.9692 -0.0000 -0.2462
vn -0.8969 -0.0000 -0.4423
vn -0.7934 -0.0000 -0.6088
vn -0.6495 -0.0000 -0.7604
vn -0.4886 -0.0000 -0.8725
vn -0.2966 -0.0000 -0.9550
vn -0.1045 -0.0000 -0.9945
vn 0.1045 -0.0000 -0.9945
vn 0.2966 -0.0000 -0.9550
vn 0.4886 -0.0000 -0.8725
vn 0.6495 -0.0000 -0.7604
vn 0.7934 -0.0000 -0.6088
vn 0.8969 -0.0000 -0.4423
vn 0.9692 -0.0000 -0.2462
vn 0.9986 -0.0000 -0.0524
vn 0.9877 -0.0000 0.1564
vn 0.9382 -0.0000 0.3461
vn 0.8457 -0.0000 0.5336
vn 0.7254 -0.0000 0.6884
vn 0.5664 -0.0000 0.8241
vn 0.3947 -0.0000 0.9188
vn 0.1951 -0.0000 0.9808
vn -0.1951 -0.0000 0.9808
vn -0.0000 -1.0000 -0.0000
vn -0.0000 1.0000 -0.0000
vn 1.0000 -0.0000 -0.0000
vn 0.0112 0.4545 0.8907
vn -0.0000 -0.0523 0.9986
vn -0.0025 0.2031 0.9792
vn -0.0000 0.1564 0.9877
vn -0.0165 0.0454 0.9988
vn -0.0075 0.1298 0.9915
vn 0.0086 -0.3242 0.9459
vn -0.0048 -0.3597 0.9331
vn -0.0080 -0.3229 0.9464
vn -0.0128 -0.2777 0.9606
vn -0.0208 -0.2165 0.9761
vn 0.0184 -0.4422 0.8967
vn -0.0143 -0.1420 0.9898
vn -0.0000 -0.2462 0.9692
vn -0.0052 0.5336 0.8457
vn 0.0009 0.3222 0.9467
vn -0.0000 0.3460 0.9382
vn -0.0000 0.2987 0.9544
vn 0.0004 0.2627 0.9649
vn 0.0027 0.2033 0.9791
vn 0.0082 0.1301 0.9915
vn 0.0051 0.1564 0.9877
vn -0.0000 0.0432 0.9991
vn 0.0156 -0.1427 0.9896
vn -0.0203 -0.4422 0.8967
vn 0.0226 -0.2180 0.9757
vn 0.0138 -0.2789 0.9602
vn 0.0050 -0.3615 0.9324
vn -0.0000 -0.4184 0.9083
vn -0.0000 -0.6088 0.7934
vn -0.0000 -0.7604 0.6494
vn -0.0000 -0.8725 0.4886
vn -0.0000 -0.9550 0.2966
vn -0.0000 -0.9945 0.1045
vn -0.0000 -0.9945 -0.1045
vn -0.0000 -0.9550 -0.2966
vn -0.0000 -0.8725 -0.4886
vn -0.0000 -0.7604 -0.6495
vn -0.0000 -0.6088 -0.7934
vn -0.0000 -0.4423 -0.8969
vn -0.0000 -0.2462 -0.9692
vn -0.0000 -0.0523 -0.9986
vn -0.0000 0.1564 -0.9877
vn -0.0000 0.3461 -0.9382
vn -0.0000 0.5336 -0.8457
vn -0.0000 0.6884 -0.7254
vn -0.0000 0.8241 -0.5664
vn -0.0000 0.9189 -0.3946
vn -0.0000 0.9808 -0.1951
vn -0.0000 0.9808 0.1951
vn -0.0000 0.9188 0.3947
vn -0.0000 0.8241 0.5664
vn -0.0000 0.6883 0.7255
vn -0.0000 0.5111 0.8595
vn 0.0042 0.5336 0.8457
vn -0.0008 0.3246 0.9458
vn -0.0000 0.2988 0.9543
vn -0.0004 0.2627 0.9649
vn 0.0082 -0.4339 -0.9009
vn -0.0056 -0.2605 -0.9655
vn 0.0081 -0.3653 -0.9308
vn -0.0000 -0.2948 -0.9556
vn -0.0000 -0.1490 -0.9888
vn 0.0117 -0.0747 -0.9971
vn 0.0100 0.1876 -0.9822
vn -0.0000 -0.0000 -1.0000
vn -0.0000 0.1490 -0.9888
vn 0.0061 0.1876 -0.9822
vn -0.0029 0.2948 -0.9556
vn -0.0000 0.3319 -0.9433
vn -0.0000 0.2225 -0.9749
vn -0.0000 -0.0747 -0.9972
vn -0.0000 -0.2605 -0.9655
vn 0.0235 0.9886 -0.1490
vn 0.1216 0.9898 0.0742
vn -0.0000 0.9888 0.1490
vn -0.0000 0.9972 -0.0747
vn 0.0273 0.9938 -0.1077
vn -0.0152 0.9748 -0.2225
vn -0.0000 0.9749 0.2225
vn -0.0000 0.9309 0.3653
vn 0.0613 0.8993 0.4331
vn -0.0000 0.7818 0.6235
vn 0.0613 0.7317 0.6789
vn -0.0000 0.6802 0.7331
vn -0.0000 0.5633 0.8262
vn 0.0613 0.4991 0.8644
vn -0.0000 0.4339 0.9010
vn -0.0000 0.2225 0.9749
vn 0.1216 0.2926 0.9485
vn -0.0000 0.1490 0.9888
vn -0.0000 -0.0747 0.9972
vn 0.1216 -0.0000 0.9926
vn -0.0000 -0.1490 0.9888
vn -0.0000 -0.3653 0.9309
vn 0.1216 -0.2926 0.9485
vn -0.0000 -0.4339 0.9010
vn -0.0000 -0.6235 0.7818
vn 0.1216 -0.5591 0.8201
vn -0.0000 -0.6802 0.7331
vn -0.0000 -0.8262 0.5633
vn 0.1216 -0.7760 0.6189
vn -0.0000 -0.9556 0.2948
vn 0.1216 -0.9240 0.3626
vn -0.0000 -0.9749 0.2225
vn -0.0000 -0.9972 0.0747
vn 0.0613 -0.9981 -0.0000
vn 0.0903 -0.9793 -0.1810
vn -0.0000 -0.9972 -0.0747
vn -0.0000 -0.9749 -0.2225
vn -0.0342 -0.9828 -0.1817
vn 0.0531 -0.9296 -0.3648
vn -0.0000 -0.9453 -0.3263
vn -0.0000 -0.9556 -0.2948
vn -0.0292 -0.9996 -0.0000
vn -0.0000 0.5000 0.8660
vn -0.0000 0.7331 0.6802
vn -0.0000 0.9010 0.4339
vn -0.0000 0.9942 -0.1078
vn -0.0000 -0.8660 -0.5000
vn 0.0044 -0.8262 -0.5633
vn -0.0000 -0.4015 -0.9159
vn -0.0000 -0.5633 -0.8262
vn 0.0044 -0.6235 -0.7818
vn -0.0000 -0.6802 -0.7331
vn -0.0000 -0.7818 -0.6235
vn -0.0000 0.4339 -0.9010
vn 0.0044 0.5000 -0.8660
vn -0.0000 0.5633 -0.8262
vn -0.0000 0.6802 -0.7331
vn 0.0044 0.7330 -0.6802
vn -0.0000 0.9670 -0.2547
vn -0.0000 0.9309 -0.3653
vn 0.0044 0.9010 -0.4339
vn -0.0000 0.8660 -0.5000
vn -0.0000 0.7818 -0.6235
vn -0.1564 -0.0000 0.9877
vn -0.4540 -0.0000 0.8910
vn -0.7071 -0.0000 0.7071
vn -0.8910 -0.0000 0.4540
vn -0.9877 -0.0000 -0.1564
vn -0.8910 -0.0000 -0.4540
vn -0.7071 -0.0000 -0.7071
vn -0.4540 -0.0000 -0.8910
vn -0.1564 -0.0000 -0.9877
vn 0.1564 -0.0000 -0.9877
vn 0.4540 -0.0000 -0.8910
vn 0.7071 -0.0000 -0.7071
vn 0.8910 -0.0000 -0.4540
vn 0.9877 -0.0000 -0.1564
vn 0.8910 -0.0000 0.4540
vn 0.7071 -0.0000 0.7071
vn 0.4540 -0.0000 0.8910
vn 0.1564 -0.0000 0.9877
vn -0.0000 -0.6428 -0.7660
vn -0.0000 0.6428 -0.7660
vn -0.0000 -0.9063 0.4226
vn -0.0000 -0.9962 -0.0872
vn -0.0000 -0.8192 -0.5736
vn -0.0000 0.9063 0.4226
vn -0.0000 0.9962 -0.0872
vn -0.0000 0.8192 -0.5736
vn -0.9659 -0.0000 0.2588
vn -0.3828 -0.0000 0.9238
vn -0.2588 -0.0086 0.9659
vn -0.1305 -0.0000 0.9914
vn 0.1305 -0.0000 0.9914
vn 0.2588 -0.0086 0.9659
vn 0.3828 -0.0000 0.9238
vn 0.9659 -0.0000 0.2588
vn -0.2588 0.0086 0.9659
vn 0.2588 0.0086 0.9659
vn 0.4629 -0.0000 0.8864
vn -0.8864 -0.0000 0.4629
vn -0.4629 -0.0000 -0.8864
vn -0.4629 -0.0001 -0.8864
vn 0.8654 -0.0000 0.5011
vn 0.8653 -0.0000 0.5012
vn 0.8654 0.0001 0.5012
vn 0.2588 -0.0000 -0.9659
vn 0.9659 -0.0000 -0.2588
vn 0.2589 -0.0000 0.9659
vn -0.2588 -0.0000 0.9659
vn -0.9659 -0.0000 -0.2589
vn -0.2588 -0.0000 -0.9659
vn 0.7454 -0.0001 -0.6666
vn 0.5011 -0.0000 -0.8654
vn 0.2239 0.9659 0.1297
vn 0.1664 0.9810 0.1000
vn 0.5280 0.7933 0.3031
vn 0.4808 0.8315 0.2784
vn 0.6865 0.6088 0.3976
vn 0.7205 0.5553 0.4154
vn 0.8347 0.2588 0.4861
vn 0.8487 0.1952 0.4915
vn -0.8562 0.2589 0.4471
vn -0.6268 0.7071 0.3273
vn -0.2293 0.9659 0.1198
vn 0.8359 -0.2588 0.4841
vn 0.8471 -0.1954 0.4942
vn 0.6877 -0.6088 0.3955
vn 0.7196 -0.5555 0.4167
vn 0.5269 -0.7933 0.3051
vn 0.4819 -0.8312 0.2772
vn 0.2227 -0.9659 0.1317
vn 0.1688 -0.9808 0.0978
vn -0.2293 -0.9659 0.1198
vn -0.6268 -0.7071 0.3273
vn -0.8562 -0.2589 0.4471
vn 0.8540 -0.0000 -0.5202
vn 0.8008 -0.0308 -0.5981
vn 0.8818 -0.0030 -0.4716
vn 0.9825 0.0053 -0.1860
vn 0.9594 -0.0238 -0.2810
vn 0.9999 0.0137 -0.0050
vn 0.9947 -0.0001 -0.1028
vn 1.0000 -0.0000 -0.0011
vn 0.8063 -0.0000 -0.5915
vn 0.8540 0.0136 -0.5202
vn 0.8930 0.0023 -0.4500
vn 0.9952 0.0001 -0.0979
vn 0.9557 -0.0023 -0.2943
vn 0.9825 0.0108 -0.1860
vn 0.9999 -0.0123 -0.0044
vn 0.5086 0.6947 0.5086
vn 0.6947 0.6948 0.1861
vn 0.6948 0.6947 0.1861
vn 0.6947 0.6947 -0.1861
vn 0.6947 0.6948 -0.1861
vn 0.5086 0.6947 -0.5086
vn 0.5086 0.6947 -0.5087
vn 0.1862 0.6947 -0.6948
vn 0.1862 0.6947 -0.6947
vn -0.1861 0.6947 -0.6948
vn -0.1862 0.6947 -0.6948
vn -0.5087 0.6947 -0.5086
vn -0.5086 0.6947 -0.5086
vn -0.6947 0.6948 -0.1862
vn -0.6947 0.6947 -0.1862
vn -0.6947 0.6947 0.1862
vn -0.6947 0.6948 0.1862
vn -0.5086 0.6947 0.5086
vn -0.1862 0.6948 0.6947
vn -0.1862 0.6947 0.6947
vn 0.1862 0.6947 0.6947
vn 0.1862 0.6948 0.6947
vn 0.5086 -0.6947 -0.5086
vn 0.6947 -0.6948 -0.1861
vn 0.6948 -0.6947 -0.1861
vn 0.6947 -0.6948 0.1861
vn 0.5086 -0.6947 0.5086
vn 0.1862 -0.6948 0.6947
vn 0.1862 -0.6947 0.6947
vn -0.1862 -0.6947 0.6947
vn -0.1862 -0.6948 0.6947
vn -0.5086 -0.6947 0.5086
vn -0.6947 -0.6948 0.1862
vn -0.6947 -0.6947 0.1862
vn -0.6947 -0.6947 -0.1862
vn -0.6947 -0.6948 -0.1862
vn -0.5086 -0.6947 -0.5086
vn -0.1861 -0.6947 -0.6948
vn -0.1862 -0.6947 -0.6947
vn 0.1861 -0.6947 -0.6947
vn 0.1862 -0.6947 -0.6948
vn -0.4160 0.6629 0.6225
vn -0.4039 0.7011 0.5876
vn -0.5130 0.7070 0.4868
vn -0.6482 0.6263 0.4331
vn -0.6023 0.7019 0.3801
vn -0.6636 0.7068 0.2448
vn -0.7902 0.5923 0.1572
vn -0.7027 0.7027 0.1113
vn -0.7066 0.7066 -0.0371
vn -0.8109 0.5626 -0.1613
vn -0.6889 0.7034 -0.1750
vn -0.6349 0.7064 -0.3131
vn -0.7005 0.5387 -0.4681
vn -0.5634 0.7041 -0.4323
vn -0.4599 0.7060 -0.5385
vn -0.4739 0.5219 -0.7092
vn 0.1674 0.5134 -0.8417
vn -0.3467 0.7046 -0.6191
vn -0.2101 0.7056 -0.6767
vn -0.1674 0.5134 -0.8417
vn -0.0741 0.7052 -0.7052
vn 0.0741 0.7052 -0.7052
vn 0.2101 0.7056 -0.6767
vn 0.3467 0.7046 -0.6191
vn 0.4739 0.5219 -0.7092
vn 0.4599 0.7060 -0.5385
vn 0.5936 0.7002 -0.3966
vn 0.7219 0.4146 -0.5540
vn 0.6349 0.7064 -0.3131
vn 0.7002 0.7002 -0.1393
vn 0.8453 0.4892 -0.2147
vn 0.7066 0.7066 -0.0371
vn 0.7002 0.7002 0.1393
vn 0.8221 0.5543 0.1302
vn 0.6636 0.7068 0.2448
vn 0.5936 0.7002 0.3966
vn 0.6697 0.6106 0.4226
vn 0.5130 0.7070 0.4868
vn 0.3966 0.7002 0.5936
vn 0.4261 0.6589 0.6199
vn 0.2791 0.7071 0.6497
vn 0.1393 0.7002 0.7002
vn -0.1393 0.7002 0.7002
vn -0.2791 0.7071 0.6497
vn -0.1674 -0.5134 -0.8417
vn -0.2101 -0.7056 -0.6767
vn -0.3467 -0.7046 -0.6191
vn -0.4739 -0.5219 -0.7092
vn -0.4599 -0.7060 -0.5385
vn -0.5936 -0.7002 -0.3966
vn -0.7219 -0.4146 -0.5540
vn -0.6349 -0.7064 -0.3131
vn -0.7002 -0.7002 -0.1393
vn -0.8453 -0.4892 -0.2147
vn -0.7066 -0.7066 -0.0371
vn -0.7002 -0.7002 0.1393
vn -0.8221 -0.5543 0.1302
vn -0.6636 -0.7068 0.2448
vn -0.5936 -0.7002 0.3966
vn -0.6697 -0.6106 0.4226
vn -0.5130 -0.7070 0.4868
vn -0.3966 -0.7002 0.5936
vn -0.4261 -0.6589 0.6199
vn -0.2791 -0.7071 0.6497
vn -0.1393 -0.7002 0.7002
vn 0.1393 -0.7002 0.7002
vn 0.2791 -0.7071 0.6497
vn 0.4160 -0.6629 0.6225
vn 0.4039 -0.7011 0.5876
vn 0.5130 -0.7070 0.4868
vn 0.6482 -0.6263 0.4331
vn 0.6023 -0.7019 0.3801
vn 0.6636 -0.7068 0.2448
vn 0.7902 -0.5923 0.1572
vn 0.7027 -0.7027 0.1113
vn 0.7066 -0.7066 -0.0371
vn 0.8109 -0.5626 -0.1613
vn 0.6889 -0.7034 -0.1750
vn 0.6349 -0.7064 -0.3131
vn 0.7005 -0.5387 -0.4681
vn 0.5634 -0.7041 -0.4323
vn 0.4599 -0.7060 -0.5385
vn 0.4739 -0.5219 -0.7092
vn 0.3467 -0.7046 -0.6191
vn 0.2101 -0.7056 -0.6767
vn 0.1674 -0.5134 -0.8417
vn 0.0741 -0.7052 -0.7052
vn -0.0741 -0.7052 -0.7052
vn -0.5133 -0.8417 -0.1674
vn -0.7056 -0.6768 -0.2102
vn -0.7046 -0.6192 -0.3467
vn -0.5218 -0.7093 -0.4739
vn -0.7060 -0.5385 -0.4600
vn -0.7002 -0.3967 -0.5937
vn -0.4146 -0.5540 -0.7220
vn -0.7063 -0.3131 -0.6349
vn -0.7002 -0.1393 -0.7003
vn -0.4891 -0.2147 -0.8454
vn -0.7066 -0.0370 -0.7066
vn -0.7002 0.1393 -0.7002
vn -0.5542 0.1302 -0.8221
vn -0.7068 0.2449 -0.6637
vn -0.7002 0.3967 -0.5937
vn -0.6105 0.4226 -0.6698
vn -0.7069 0.4869 -0.5130
vn -0.7002 0.5937 -0.3967
vn -0.6588 0.6200 -0.4261
vn -0.7070 0.6498 -0.2790
vn -0.7002 0.7003 -0.1393
vn -0.7001 0.7003 -0.1393
vn -0.7001 0.7003 0.1393
vn -0.7002 0.7003 0.1393
vn -0.7070 0.6498 0.2791
vn -0.6628 0.6226 0.4160
vn -0.7010 0.5877 0.4039
vn -0.7069 0.4868 0.5131
vn -0.6263 0.4331 0.6482
vn -0.7019 0.3801 0.6024
vn -0.7068 0.2448 0.6637
vn -0.5923 0.1572 0.7902
vn -0.7027 0.1113 0.7028
vn -0.7066 -0.0370 0.7067
vn -0.5624 -0.1613 0.8110
vn -0.7034 -0.1750 0.6890
vn -0.7063 -0.3131 0.6349
vn -0.5386 -0.4681 0.7006
vn -0.7039 -0.4324 0.5635
vn -0.7059 -0.5386 0.4600
vn -0.5218 -0.7093 0.4739
vn -0.7046 -0.6191 0.3467
vn -0.7056 -0.6768 0.2102
vn -0.5133 -0.8417 0.1674
vn -0.7051 -0.7052 0.0741
vn -0.7051 -0.7052 -0.0741
vn 0.6628 0.6226 -0.4160
vn 0.7011 0.5876 -0.4039
vn 0.7070 0.4868 -0.5130
vn 0.6263 0.4331 -0.6482
vn 0.7019 0.3801 -0.6024
vn 0.7068 0.2448 -0.6637
vn 0.5923 0.1572 -0.7902
vn 0.7028 0.1113 -0.7026
vn 0.7067 -0.0370 -0.7066
vn 0.5626 -0.1613 -0.8109
vn 0.7034 -0.1750 -0.6889
vn 0.7063 -0.3131 -0.6349
vn 0.5387 -0.4681 -0.7005
vn 0.7041 -0.4323 -0.5634
vn 0.7060 -0.5385 -0.4599
vn 0.5219 -0.7093 -0.4739
vn 0.5134 -0.8417 0.1674
vn 0.7046 -0.6191 -0.3467
vn 0.7056 -0.6767 -0.2101
vn 0.5134 -0.8417 -0.1674
vn 0.7052 -0.7052 -0.0741
vn 0.7052 -0.7052 0.0741
vn 0.7056 -0.6767 0.2101
vn 0.7047 -0.6191 0.3467
vn 0.5219 -0.7092 0.4739
vn 0.7060 -0.5385 0.4600
vn 0.7002 -0.3967 0.5936
vn 0.4146 -0.5540 0.7219
vn 0.7064 -0.3131 0.6348
vn 0.7002 -0.1393 0.7002
vn 0.4891 -0.2147 0.8454
vn 0.7066 -0.0370 0.7066
vn 0.7002 0.1393 0.7002
vn 0.5544 0.1302 0.8220
vn 0.7069 0.2448 0.6637
vn 0.7002 0.3966 0.5936
vn 0.6106 0.4226 0.6697
vn 0.7069 0.4868 0.5131
vn 0.7002 0.5936 0.3967
vn 0.6589 0.6199 0.4261
vn 0.7071 0.6497 0.2791
vn 0.7071 0.6498 -0.2790
vn -0.5790 -0.0000 -0.8154
vn -0.7167 -0.0000 -0.6974
vn -0.8047 -0.0000 -0.5936
vn -0.8987 -0.0000 -0.4385
vn -0.9500 -0.0000 -0.3124
vn -0.9907 -0.0000 -0.1358
vn 0.6096 -0.0000 -0.7927
vn 0.7379 -0.0000 -0.6750
vn 0.8196 -0.0000 -0.5729
vn 0.9065 -0.0000 -0.4221
vn 0.9538 -0.0000 -0.3003
vn 0.9915 -0.0000 -0.1304
vn 0.0654 0.9914 -0.1129
vn 0.0999 0.9808 -0.1676
vn 0.1892 0.9252 -0.3290
vn 0.2217 0.8969 -0.3828
vn 0.2900 0.8155 -0.5008
vn 0.4810 0.5616 -0.6732
vn 0.4915 0.1951 -0.8487
vn 0.4814 0.2588 -0.8374
vn 0.4494 0.4423 -0.7761
vn 0.3859 0.6381 -0.6663
vn 0.3962 0.6088 -0.6873
vn 0.3058 0.7933 -0.5264
vn 0.2715 0.8954 -0.3530
vn 0.6068 0.7908 -0.0798
vn 0.4852 0.6055 -0.6308
vn 0.8907 0.4393 -0.1171
vn 0.9727 0.1935 -0.1279
vn 0.9355 0.1949 -0.2946
vn 0.9005 0.2244 -0.3725
vn 0.5981 0.1935 -0.7777
vn 0.7237 0.1949 -0.6620
vn 0.7736 0.2244 -0.5926
vn 0.8040 0.1944 -0.5620
vn 0.8892 0.1944 -0.4141
vn 0.5477 0.4393 -0.7121
vn 0.5405 0.5544 -0.6329
vn 0.6618 0.5523 -0.5070
vn 0.6618 0.5523 -0.5069
vn 0.7703 0.5523 -0.3186
vn 0.7703 0.5523 -0.3187
vn 0.8185 0.5544 -0.1506
vn 0.7891 0.6055 -0.1037
vn 0.3732 0.7908 -0.4852
vn 0.3816 0.8313 -0.4041
vn 0.4437 0.8292 -0.3399
vn 0.5164 0.8292 -0.2136
vn 0.5164 0.8293 -0.2136
vn 0.5409 0.8313 -0.1277
vn 0.4415 0.8954 -0.0581
vn 0.1199 0.9805 -0.1559
vn 0.1561 0.9805 -0.1196
vn 0.1818 0.9805 -0.0752
vn 0.1950 0.9805 -0.0256
vn 0.8204 0.5718 0.0001
vn 1.0000 0.0012 -0.0000
vn 0.8968 0.4424 -0.0001
vn 0.9808 0.1951 0.0087
vn 0.9334 0.3586 -0.0148
vn 0.9920 0.1264 -0.0001
vn 0.6840 0.7294 -0.0102
vn 0.7933 0.6087 0.0113
vn 0.5425 0.8400 -0.0066
vn 0.1951 0.9808 -0.0000
vn 0.6088 0.7933 0.0001
vn 0.4423 0.8969 -0.0001
vn 0.3786 0.9255 0.0027
vn 0.1397 0.9902 -0.0084
vn 0.3976 -0.6088 -0.6865
vn 0.4810 -0.5616 -0.6732
vn 0.3844 -0.6391 -0.6661
vn 0.2922 -0.8138 -0.5023
vn 0.0978 -0.9808 -0.1688
vn 0.3051 -0.7933 -0.5268
vn 0.2217 -0.8969 -0.3828
vn 0.1892 -0.9252 -0.3291
vn 0.0738 -0.9900 -0.1203
vn 0.4494 -0.4423 -0.7761
vn 0.4814 -0.2588 -0.8374
vn 0.4915 -0.1951 -0.8487
vn 0.1199 -0.9805 -0.1559
vn 0.1561 -0.9805 -0.1196
vn 0.1818 -0.9805 -0.0752
vn 0.1950 -0.9805 -0.0256
vn 0.4415 -0.8954 -0.0580
vn 0.5409 -0.8313 -0.1277
vn 0.6068 -0.7908 -0.0798
vn 0.2715 -0.8954 -0.3530
vn 0.3816 -0.8313 -0.4041
vn 0.4437 -0.8292 -0.3399
vn 0.6618 -0.5523 -0.5069
vn 0.6618 -0.5523 -0.5070
vn 0.3732 -0.7908 -0.4852
vn 0.4852 -0.6055 -0.6308
vn 0.5405 -0.5544 -0.6329
vn 0.5477 -0.4393 -0.7121
vn 0.5981 -0.1935 -0.7777
vn 0.7891 -0.6055 -0.1037
vn 0.8185 -0.5544 -0.1506
vn 0.8907 -0.4393 -0.1171
vn 0.9727 -0.1935 -0.1279
vn 0.5165 -0.8292 -0.2136
vn 0.5164 -0.8293 -0.2136
vn 0.7703 -0.5523 -0.3187
vn 0.7703 -0.5523 -0.3186
vn 0.9005 -0.2244 -0.3725
vn 0.9355 -0.1949 -0.2946
vn 0.7237 -0.1949 -0.6620
vn 0.7736 -0.2244 -0.5926
vn 0.8040 -0.1944 -0.5620
vn 0.8892 -0.1944 -0.4141
vn 0.8011 -0.5985 0.0001
vn 0.6623 -0.7491 -0.0140
vn 0.1305 -0.9914 -0.0000
vn 0.1951 -0.9808 -0.0059
vn 0.3800 -0.9250 0.0028
vn 0.4423 -0.8969 -0.0000
vn 0.5386 -0.8426 -0.0000
vn 0.6088 -0.7933 -0.0024
vn 0.7933 -0.6087 0.0113
vn 0.9911 -0.1328 -0.0001
vn 1.0000 -0.0012 -0.0000
vn 0.9245 -0.3812 -0.0002
vn 0.8968 -0.4423 0.0041
vn 0.9808 -0.1951 -0.0042
vn -0.0000 0.2239 -0.9746
vn -0.0000 0.6268 -0.7792
vn -0.0000 0.9040 -0.4275
vn -0.0000 -0.9040 -0.4275
vn -0.0000 -0.6268 -0.7792
vn -0.0000 -0.2239 -0.9746
vn 0.4618 -0.0000 0.8870
vn 0.1200 -0.0000 0.9928
vn 0.0663 0.0152 0.9977
vn 0.1508 0.0036 0.9886
vn 0.3531 -0.0087 0.9355
vn 0.2800 0.0150 0.9599
vn 0.4089 0.0001 0.9126
vn 0.0572 -0.0000 0.9984
vn 0.1200 -0.0079 0.9927
vn 0.4089 -0.0001 0.9126
vn 0.3531 -0.0067 0.9355
vn 0.2685 0.0034 0.9633
vn 0.1515 -0.0035 0.9885
vn -0.5005 -0.0000 0.8657
vn -0.1308 -0.0000 0.9914
vn -0.0867 -0.0141 0.9961
vn -0.1690 -0.0046 0.9856
vn -0.3836 0.0161 0.9234
vn -0.2780 -0.0256 0.9602
vn -0.4243 -0.0002 0.9055
vn -0.0787 -0.0000 0.9969
vn -0.1308 0.0090 0.9914
vn -0.5003 -0.0000 0.8659
vn -0.4243 0.0002 0.9055
vn -0.3836 0.0074 0.9235
vn -0.2629 -0.0036 0.9648
vn -0.1723 0.0042 0.9850
vn 0.3532 -0.0000 0.9356
vn -0.3836 -0.0000 0.9235
vn -0.5011 0.0015 0.8654
vn -0.4973 0.1225 0.8589
vn -0.4612 0.3417 0.8189
vn -0.4958 0.1951 0.8463
vn -0.4381 0.4814 0.7591
vn -0.4494 0.4423 0.7761
vn -0.4029 0.5948 0.6956
vn -0.3968 0.6087 0.6870
vn -0.3121 0.7838 0.5369
vn -0.0978 0.9808 0.1688
vn -0.3051 0.7933 0.5268
vn -0.2216 0.8969 0.3827
vn -0.1921 0.9253 0.3269
vn -0.0653 0.9898 0.1269
vn -0.3446 0.4393 0.8296
vn -0.0257 0.9805 0.1950
vn -0.1041 0.6055 0.7890
vn -0.0801 0.7908 0.6068
vn -0.1157 0.8311 0.5440
vn -0.0583 0.8954 0.4415
vn -0.2348 0.7908 0.5653
vn -0.1725 0.8311 0.5287
vn -0.1708 0.8953 0.4113
vn -0.0755 0.9805 0.1817
vn -0.3053 0.6054 0.7350
vn -0.2869 0.5541 0.7815
vn -0.1434 0.5541 0.8200
vn -0.1175 0.4393 0.8906
vn -0.3764 0.1935 0.9060
vn -0.3763 0.1935 0.9061
vn -0.1284 0.1935 0.9727
vn -0.0000 0.8969 0.4423
vn -0.0000 0.7933 0.6088
vn -0.0000 0.6088 0.7933
vn -0.0000 0.4423 0.8968
vn -0.0000 0.1951 0.9808
vn 0.1078 0.4398 0.8916
vn 0.0694 0.9805 0.1838
vn 0.2809 0.6060 0.7442
vn 0.2160 0.7912 0.5721
vn 0.1512 0.8313 0.5349
vn 0.1571 0.8956 0.4162
vn 0.0734 0.7912 0.6071
vn 0.1135 0.8313 0.5441
vn 0.0534 0.8956 0.4416
vn 0.0236 0.9805 0.1950
vn 0.0955 0.6060 0.7897
vn 0.1375 0.5546 0.8207
vn 0.2580 0.5545 0.7911
vn 0.3172 0.4397 0.8402
vn 0.1177 0.1937 0.9740
vn 0.3465 0.1937 0.9178
vn 0.4629 0.0013 0.8864
vn 0.4612 0.0848 0.8832
vn 0.4386 0.2821 0.8533
vn 0.0604 0.9914 0.1157
vn 0.0862 0.9808 0.1750
vn 0.1774 0.9253 0.3350
vn 0.2048 0.8969 0.3921
vn 0.2994 0.7626 0.5734
vn 0.2851 0.7933 0.5379
vn 0.3793 0.5655 0.7323
vn 0.3673 0.6087 0.7032
vn 0.4123 0.4545 0.7896
vn 0.4149 0.4423 0.7951
vn 0.4551 0.1951 0.8688
vn -0.5011 -0.0015 0.8654
vn -0.4973 -0.1225 0.8589
vn -0.4601 -0.3464 0.8175
vn -0.0654 -0.9914 0.1130
vn -0.0934 -0.9808 0.1713
vn -0.1921 -0.9253 0.3269
vn -0.2216 -0.8969 0.3827
vn -0.3118 -0.7829 0.5384
vn -0.3061 -0.7933 0.5262
vn -0.4023 -0.5938 0.6968
vn -0.3976 -0.6087 0.6866
vn -0.4375 -0.4876 0.7555
vn -0.4492 -0.4423 0.7763
vn -0.4964 -0.1951 0.8459
vn -0.1708 -0.8953 0.4113
vn -0.1284 -0.1935 0.9727
vn -0.0801 -0.7908 0.6068
vn -0.1041 -0.6055 0.7890
vn -0.1434 -0.5541 0.8200
vn -0.1175 -0.4393 0.8906
vn -0.3053 -0.6054 0.7350
vn -0.2869 -0.5541 0.7815
vn -0.3446 -0.4393 0.8296
vn -0.3764 -0.1935 0.9060
vn -0.3763 -0.1935 0.9061
vn -0.2348 -0.7908 0.5653
vn -0.1725 -0.8311 0.5287
vn -0.1157 -0.8311 0.5440
vn -0.0583 -0.8954 0.4415
vn -0.0754 -0.9805 0.1817
vn -0.0755 -0.9805 0.1817
vn -0.0257 -0.9805 0.1950
vn -0.0000 -0.1951 0.9808
vn -0.0000 -0.4423 0.8968
vn -0.0000 -0.6088 0.7933
vn -0.0000 -0.7933 0.6088
vn -0.0000 -0.8969 0.4423
vn -0.0000 -0.9808 0.1951
vn 0.0534 -0.8956 0.4416
vn 0.3465 -0.1937 0.9178
vn 0.2160 -0.7912 0.5721
vn 0.2809 -0.6060 0.7442
vn 0.2580 -0.5545 0.7911
vn 0.3172 -0.4397 0.8402
vn 0.0955 -0.6060 0.7897
vn 0.1375 -0.5546 0.8207
vn 0.1078 -0.4398 0.8916
vn 0.1177 -0.1937 0.9740
vn 0.0734 -0.7912 0.6071
vn 0.1135 -0.8313 0.5441
vn 0.1512 -0.8313 0.5349
vn 0.1571 -0.8956 0.4162
vn 0.0236 -0.9805 0.1950
vn 0.0694 -0.9805 0.1838
vn 0.4629 -0.0013 0.8864
vn 0.4612 -0.0848 0.8832
vn 0.4387 -0.2813 0.8535
vn 0.4550 -0.1951 0.8688
vn 0.4123 -0.4534 0.7902
vn 0.4151 -0.4423 0.7950
vn 0.3809 -0.5685 0.7292
vn 0.3657 -0.6087 0.7040
vn 0.3005 -0.7653 0.5693
vn 0.0903 -0.9808 0.1729
vn 0.2818 -0.7933 0.5396
vn 0.2048 -0.8969 0.3921
vn 0.1774 -0.9253 0.3350
vn 0.0603 -0.9897 0.1295
vn -0.7129 0.2505 0.6550
vn -0.2942 0.1861 0.9375
vn 0.2827 0.1918 0.9398
vn 0.2784 0.1889 0.9417
vn -0.1292 0.5084 0.8514
vn -0.1292 0.5086 0.8512
vn 0.2171 0.0692 0.9737
vn 0.3080 0.4393 0.8439
vn 0.2198 0.6009 0.7685
vn 0.0851 0.6561 0.7498
vn 0.0914 0.7759 0.6242
vn -0.0080 0.8720 0.4894
vn -0.7129 0.2506 0.6549
vn -0.4908 0.6846 0.5389
vn -0.4908 0.6846 0.5390
vn -0.1489 0.9195 0.3639
vn -0.1379 0.9486 0.2849
vn 0.0903 0.9808 0.1729
vn 0.2047 0.8969 0.3920
vn 0.2046 0.8970 0.3918
vn 0.2818 0.7933 0.5397
vn 0.2819 0.7933 0.5397
vn 0.3672 0.6089 0.7031
vn 0.3672 0.6088 0.7032
vn 0.4152 0.4420 0.7951
vn 0.4152 0.4423 0.7950
vn 0.4540 0.1951 0.8694
vn 0.2811 -0.0000 0.9597
vn 0.2176 0.0012 0.9760
vn 0.0228 -0.0000 0.9997
vn -0.1722 -0.0000 0.9851
vn -0.2994 0.0017 0.9541
vn -0.4215 -0.0000 0.9068
vn -0.5904 -0.0000 0.8071
vn -0.7363 0.0012 0.6766
vn -0.7790 -0.0000 0.6270
vn 0.3575 0.2565 0.8980
vn 0.3172 0.4397 0.8403
vn 0.2809 0.6061 0.7441
vn 0.2720 0.7030 0.6571
vn 0.2160 0.7912 0.5722
vn 0.1571 0.8956 0.4161
vn 0.1076 0.9649 0.2397
vn 0.1160 0.2571 0.9594
vn 0.1160 0.2570 0.9594
vn 0.0852 0.7045 0.7045
vn 0.0313 0.9655 0.2586
vn 0.2807 -0.0520 0.9584
vn 0.0230 -0.1177 0.9928
vn -0.0769 -0.2073 0.9753
vn 0.2502 -0.5495 0.7971
vn 0.2503 -0.5495 0.7971
vn 0.0583 -0.8116 0.5813
vn 0.0584 -0.8116 0.5813
vn -0.1379 -0.9486 0.2848
vn -0.5282 -0.6944 0.4887
vn -0.5283 -0.6944 0.4887
vn -0.2757 -0.5941 0.7557
vn -0.2756 -0.5941 0.7557
vn 0.0239 -0.4024 0.9152
vn 0.0242 -0.4023 0.9152
vn 0.3268 -0.1425 0.9343
vn 0.4071 -0.1948 0.8924
vn -0.1699 -0.1610 0.9722
vn -0.4122 -0.2080 0.8870
vn -0.4548 -0.2528 0.8540
vn -0.5740 -0.2337 0.7848
vn -0.7535 -0.2542 0.6063
vn -0.7534 -0.2542 0.6064
vn -0.0000 0.9659 0.2587
vn -0.0000 0.9660 0.2587
vn -0.0000 0.7071 0.7071
vn -0.0000 0.2587 0.9659
vn 0.1198 -0.9659 0.2294
vn 0.0938 -0.9808 0.1711
vn 0.2792 -0.7933 0.5410
vn 0.2572 -0.8315 0.4925
vn 0.3673 -0.6086 0.7033
vn 0.3831 -0.5556 0.7379
vn 0.4498 -0.2587 0.8548
vn 0.4540 -0.1951 0.8694
vn -0.1265 0.2567 0.9582
vn -0.1265 0.2566 0.9582
vn -0.0929 0.7040 0.7040
vn -0.0929 0.7041 0.7040
vn -0.0341 0.9654 0.2586
vn -0.3708 0.2566 0.8926
vn -0.3707 0.2567 0.8925
vn -0.2724 0.7041 0.6558
vn -0.1000 0.9654 0.2409
vn -0.1001 0.9654 0.2409
vn 0.3413 -0.2571 0.9041
vn 0.3413 -0.2570 0.9041
vn 0.2506 -0.7045 0.6639
vn 0.1160 -0.2570 0.9594
vn 0.1160 -0.2571 0.9594
vn 0.0852 -0.7045 0.7045
vn 0.0313 -0.9655 0.2586
vn 0.3205 -0.6078 0.7265
vn 0.2160 -0.7912 0.5722
vn 0.0920 -0.9655 0.2437
vn -0.1297 0.9659 0.2239
vn -0.3543 0.7071 0.6119
vn -0.3544 0.7071 0.6119
vn -0.4841 0.2588 0.8359
vn -0.0000 -0.9659 0.2587
vn -0.0000 -0.9660 0.2587
vn -0.0000 -0.7071 0.7071
vn -0.0000 -0.2587 0.9659
vn 0.0921 0.5085 0.8561
vn -0.2595 0.0690 0.9633
vn 0.0919 0.5086 0.8561
vn 0.2530 0.1863 0.9494
vn 0.2531 0.1862 0.9494
vn 0.0912 0.9351 0.3424
vn 0.0914 0.9351 0.3424
vn -0.1870 0.6947 0.6945
vn 0.3805 0.7667 0.5171
vn 0.4259 0.6721 0.6058
vn 0.5348 0.5884 0.6065
vn 0.6836 0.2507 0.6855
vn 0.6837 0.2505 0.6854
vn -0.3192 0.1889 0.9287
vn -0.1871 0.6947 0.6945
vn -0.4231 0.2582 0.8685
vn -0.3708 -0.2567 0.8925
vn -0.3707 -0.2566 0.8926
vn -0.2724 -0.7041 0.6558
vn -0.1001 -0.9654 0.2409
vn -0.1265 -0.2566 0.9582
vn -0.1265 -0.2567 0.9582
vn -0.0929 -0.7041 0.7040
vn -0.0929 -0.7040 0.7040
vn -0.0341 -0.9654 0.2586
vn 0.7062 -0.0000 0.7080
vn 0.2576 -0.0000 0.9663
vn -0.2601 -0.0000 0.9656
vn -0.4841 -0.2588 0.8359
vn -0.3543 -0.7071 0.6119
vn -0.3544 -0.7071 0.6119
vn -0.1297 -0.9659 0.2239
vn 0.0920 -0.5084 0.8562
vn -0.4231 -0.2582 0.8685
vn 0.0920 -0.5086 0.8561
vn -0.1870 -0.6948 0.6945
vn -0.1870 -0.6947 0.6946
vn 0.6836 -0.2505 0.6855
vn 0.6837 -0.2507 0.6854
vn 0.2530 -0.1862 0.9494
vn 0.5348 -0.5884 0.6065
vn 0.4259 -0.6721 0.6058
vn 0.3805 -0.7667 0.5171
vn 0.0913 -0.9351 0.3425
vn 0.0913 -0.9351 0.3423
vn -0.3192 -0.1889 0.9287
vn 0.2531 -0.1863 0.9493
vn -0.2595 -0.0693 0.9633
vn -0.1113 0.7027 0.7028
vn -0.3230 0.7027 0.6340
vn -0.3230 0.7027 0.6339
vn -0.5031 0.7027 0.5031
vn -0.6339 0.7027 0.3230
vn -0.6340 0.7027 0.3230
vn -0.7028 0.7027 0.1113
vn -0.7027 0.7027 -0.1113
vn -0.7028 0.7027 -0.1113
vn -0.6340 0.7027 -0.3230
vn -0.6339 0.7027 -0.3230
vn -0.5031 0.7027 -0.5031
vn -0.3230 0.7027 -0.6339
vn -0.3230 0.7027 -0.6340
vn -0.1113 0.7027 -0.7028
vn -0.1113 0.7027 -0.7027
vn 0.1113 0.7027 -0.7027
vn 0.1113 0.7027 -0.7028
vn 0.3230 0.7027 -0.6340
vn 0.3230 0.7027 -0.6339
vn 0.5031 0.7027 -0.5031
vn 0.6339 0.7027 -0.3230
vn 0.6340 0.7027 -0.3230
vn 0.7028 0.7027 -0.1113
vn 0.7027 0.7027 -0.1113
vn 0.7027 0.7027 0.1113
vn 0.7028 0.7027 0.1113
vn 0.6340 0.7027 0.3230
vn 0.6339 0.7027 0.3230
vn 0.5031 0.7027 0.5031
vn 0.3230 0.7027 0.6339
vn 0.3230 0.7027 0.6340
vn 0.1113 0.7027 0.7028
vn 0.1113 0.7027 0.7027
vn -0.1113 0.7027 0.7027
vn -0.1113 -0.7027 -0.7028
vn -0.3230 -0.7027 -0.6340
vn -0.3230 -0.7027 -0.6339
vn -0.5031 -0.7027 -0.5031
vn -0.6339 -0.7027 -0.3230
vn -0.6340 -0.7027 -0.3230
vn -0.7028 -0.7027 -0.1113
vn -0.7027 -0.7027 -0.1113
vn -0.7027 -0.7027 0.1113
vn -0.7028 -0.7027 0.1113
vn -0.6340 -0.7027 0.3230
vn -0.6339 -0.7027 0.3230
vn -0.5031 -0.7027 0.5031
vn -0.3230 -0.7027 0.6339
vn -0.3230 -0.7027 0.6340
vn -0.1113 -0.7027 0.7028
vn -0.1113 -0.7027 0.7027
vn 0.1113 -0.7027 0.7027
vn 0.1113 -0.7027 0.7028
vn 0.3230 -0.7027 0.6340
vn 0.3230 -0.7027 0.6339
vn 0.5031 -0.7027 0.5031
vn 0.6339 -0.7027 0.3230
vn 0.6340 -0.7027 0.3230
vn 0.7028 -0.7027 0.1113
vn 0.7027 -0.7027 -0.1113
vn 0.7028 -0.7027 -0.1113
vn 0.6340 -0.7027 -0.3230
vn 0.6339 -0.7027 -0.3230
vn 0.5031 -0.7027 -0.5031
vn 0.3230 -0.7027 -0.6339
vn 0.3230 -0.7027 -0.6340
vn 0.1113 -0.7027 -0.7028
vn 0.1113 -0.7027 -0.7027
vn -0.1113 -0.7027 -0.7027
vn 0.7061 -0.7061 -0.0529
vn 0.7061 -0.7061 0.0529
vn 0.7031 -0.6795 0.2096
vn 0.7032 -0.6794 0.2096
vn 0.7032 -0.5875 0.4005
vn 0.7032 -0.4433 0.5559
vn 0.7031 -0.4433 0.5559
vn 0.7031 -0.2598 0.6619
vn 0.7031 -0.0531 0.7091
vn 0.7032 -0.0531 0.7090
vn 0.7032 0.1582 0.6932
vn 0.7031 0.1582 0.6932
vn 0.7031 0.3555 0.6158
vn 0.7031 0.5213 0.4837
vn 0.7031 0.5212 0.4836
vn 0.7031 0.6407 0.3085
vn 0.7031 0.6406 0.3085
vn 0.7032 0.7031 0.1060
vn 0.7031 0.7031 0.1060
vn 0.7031 0.7031 -0.1060
vn 0.7032 0.7031 -0.1060
vn 0.7032 0.6406 -0.3085
vn 0.7031 0.6407 -0.3085
vn 0.7031 0.5213 -0.4837
vn 0.7031 0.5212 -0.4836
vn 0.7031 0.3555 -0.6158
vn 0.7031 0.1582 -0.6933
vn 0.7031 0.1582 -0.6932
vn 0.7031 -0.0531 -0.7091
vn 0.7031 -0.2598 -0.6619
vn 0.7031 -0.4433 -0.5559
vn 0.7032 -0.5875 -0.4005
vn 0.7032 -0.6794 -0.2096
vn 0.7031 -0.6795 -0.2096
vn -0.7060 -0.7062 0.0529
vn -0.8134 -0.5752 0.0867
vn -0.7061 -0.6904 0.1576
vn -0.7031 -0.6407 0.3085
vn -0.8732 -0.4537 0.1781
vn -0.7060 -0.6133 0.3541
vn -0.7031 -0.5213 0.4837
vn -0.8732 -0.3811 0.3039
vn -0.7060 -0.4817 0.5191
vn -0.7031 -0.3556 0.6159
vn -0.8732 -0.2746 0.4027
vn -0.7061 -0.3072 0.6380
vn -0.7060 -0.2088 0.6767
vn -0.8134 -0.1294 0.5671
vn -0.7061 -0.1055 0.7002
vn -0.7031 0.0531 0.7091
vn -0.8732 -0.0000 0.4874
vn -0.7061 0.1055 0.7002
vn -0.7031 0.2598 0.6620
vn -0.8731 0.1437 0.4658
vn -0.7061 0.3072 0.6380
vn -0.7060 0.3989 0.5851
vn -0.8134 0.3627 0.4548
vn -0.7061 0.4816 0.5191
vn -0.7031 0.5875 0.4006
vn -0.8732 0.3811 0.3039
vn -0.7061 0.6133 0.3541
vn -0.7061 0.6592 0.2587
vn -0.8134 0.5559 0.1715
vn -0.7061 0.6904 0.1576
vn -0.7061 0.7062 0.0529
vn -0.7060 0.7062 0.0529
vn -0.7060 0.7062 -0.0529
vn -0.7061 0.7062 -0.0529
vn -0.7031 0.6795 -0.2096
vn -0.8732 0.4752 -0.1085
vn -0.7061 0.6592 -0.2587
vn -0.7031 0.5875 -0.4006
vn -0.8731 0.4221 -0.2437
vn -0.7061 0.5537 -0.4415
vn -0.7061 0.4817 -0.5191
vn -0.8134 0.3627 -0.4548
vn -0.7060 0.3989 -0.5851
vn -0.7031 0.2598 -0.6620
vn -0.8732 0.2115 -0.4391
vn -0.7061 0.2087 -0.6767
vn -0.7060 0.1055 -0.7003
vn -0.8134 0.0435 -0.5801
vn -0.7061 -0.0000 -0.7082
vn -0.7060 -0.1055 -0.7003
vn -0.8134 -0.1295 -0.5672
vn -0.7060 -0.2087 -0.6767
vn -0.7060 -0.3073 -0.6380
vn -0.8134 -0.2909 -0.5038
vn -0.7061 -0.3989 -0.5851
vn -0.7031 -0.5213 -0.4837
vn -0.8732 -0.3315 -0.3573
vn -0.7060 -0.5537 -0.4415
vn -0.7060 -0.6133 -0.3541
vn -0.8134 -0.5241 -0.2524
vn -0.7061 -0.6592 -0.2587
vn -0.7031 -0.7032 -0.1060
vn -0.8732 -0.4752 -0.1085
vn -0.7060 -0.7062 -0.0529
vn -0.4586 -0.1376 -0.8779
vn -0.4630 -0.0011 -0.8864
vn -0.0604 -0.9914 -0.1157
vn -0.0938 -0.9808 -0.1711
vn -0.1738 -0.9254 -0.3369
vn -0.2048 -0.8969 -0.3921
vn -0.2801 -0.7961 -0.5364
vn -0.2820 -0.7933 -0.5395
vn -0.3631 -0.6199 -0.6957
vn -0.3676 -0.6087 -0.7031
vn -0.4245 -0.3970 -0.8138
vn -0.4129 -0.4423 -0.7961
vn -0.4564 -0.1951 -0.8681
vn -0.2580 -0.8952 -0.3633
vn -0.6067 -0.7906 -0.0831
vn -0.4609 -0.6052 -0.6491
vn -0.8901 -0.4390 -0.1220
vn -0.9720 -0.1933 -0.1332
vn -0.9317 -0.1949 -0.3064
vn -0.8938 -0.2269 -0.3869
vn -0.5680 -0.1934 -0.8000
vn -0.7029 -0.1949 -0.6840
vn -0.7567 -0.2269 -0.6131
vn -0.7894 -0.1943 -0.5823
vn -0.8816 -0.1943 -0.4302
vn -0.5202 -0.4390 -0.7326
vn -0.5147 -0.5541 -0.6542
vn -0.6479 -0.5520 -0.5249
vn -0.7652 -0.5520 -0.3313
vn -0.8182 -0.5541 -0.1534
vn -0.7887 -0.6052 -0.1081
vn -0.3545 -0.7906 -0.4993
vn -0.3643 -0.8313 -0.4199
vn -0.4344 -0.8291 -0.3520
vn -0.4344 -0.8290 -0.3520
vn -0.5131 -0.8291 -0.2222
vn -0.5131 -0.8291 -0.2221
vn -0.5408 -0.8313 -0.1285
vn -0.4415 -0.8952 -0.0605
vn -0.1140 -0.9804 -0.1605
vn -0.1529 -0.9804 -0.1239
vn -0.1806 -0.9804 -0.0782
vn -0.1950 -0.9804 -0.0267
vn -0.9808 -0.1951 -0.0000
vn -0.8968 -0.4423 -0.0000
vn -0.7933 -0.6088 -0.0000
vn -0.6088 -0.7933 -0.0000
vn -0.4423 -0.8969 -0.0000
vn -0.1951 -0.9808 -0.0000
vn 0.0294 -0.9655 0.2587
vn 0.0393 -0.7065 0.7066
vn -0.0000 -0.6087 0.7934
vn 0.0294 -0.2587 0.9655
vn -0.1949 -0.9801 0.0388
vn -0.4406 -0.8934 0.0876
vn -0.5213 -0.8313 0.1929
vn -0.6044 -0.7876 0.1202
vn -0.1104 -0.9801 0.1652
vn -0.3128 -0.8264 0.4681
vn -0.3128 -0.8264 0.4682
vn -0.4646 -0.5481 0.6955
vn -0.4647 -0.5481 0.6954
vn -0.1202 -0.7876 0.6044
vn -0.1559 -0.6013 0.7837
vn -0.2116 -0.5520 0.8065
vn -0.1756 -0.4355 0.8829
vn -0.1915 -0.1915 0.9626
vn -0.7836 -0.6013 0.1559
vn -0.8065 -0.5520 0.2116
vn -0.8829 -0.4355 0.1756
vn -0.9626 -0.1915 0.1915
vn -0.1653 -0.9801 0.1104
vn -0.4681 -0.8264 0.3128
vn -0.4682 -0.8264 0.3128
vn -0.6955 -0.5481 0.4647
vn -0.6954 -0.5482 0.4647
vn -0.8086 -0.2331 0.5403
vn -0.8797 -0.1947 0.4338
vn -0.2663 -0.8645 0.4263
vn -0.1098 -0.8264 0.5522
vn -0.0388 -0.9801 0.1949
vn -0.4338 -0.1947 0.8797
vn -0.5403 -0.2331 0.8086
vn -0.5972 -0.1935 0.7784
vn -0.7783 -0.1935 0.5973
vn -0.4423 -0.0000 0.8969
vn -0.6087 -0.0000 0.7934
vn -0.7933 -0.0000 0.6088
vn -0.8969 -0.0000 0.4423
vn -0.9808 -0.0000 0.1951
vn 0.0294 0.9655 0.2587
vn 0.0393 0.7065 0.7066
vn 0.0294 0.2587 0.9655
vn -0.0000 0.6087 0.7934
vn -0.1104 0.9800 0.1652
vn -0.0876 0.8934 0.4406
vn -0.0388 0.9800 0.1949
vn -0.1653 0.9801 0.1104
vn -0.1559 0.6013 0.7837
vn -0.8829 0.4355 0.1756
vn -0.9626 0.1915 0.1915
vn -0.8797 0.1947 0.4338
vn -0.8086 0.2331 0.5403
vn -0.1915 0.1915 0.9626
vn -0.4338 0.1947 0.8797
vn -0.5403 0.2331 0.8086
vn -0.5972 0.1935 0.7784
vn -0.7783 0.1935 0.5973
vn -0.1756 0.4355 0.8829
vn -0.2116 0.5520 0.8065
vn -0.4647 0.5481 0.6954
vn -0.4646 0.5481 0.6955
vn -0.6954 0.5481 0.4647
vn -0.6954 0.5482 0.4646
vn -0.8065 0.5520 0.2116
vn -0.4263 0.8645 0.2663
vn -0.6044 0.7876 0.1202
vn -0.7836 0.6013 0.1559
vn -0.1202 0.7876 0.6044
vn -0.1929 0.8313 0.5213
vn -0.3128 0.8264 0.4682
vn -0.3128 0.8264 0.4681
vn -0.4682 0.8264 0.3128
vn -0.5522 0.8264 0.1098
vn -0.1949 0.9801 0.0388
vn -0.1951 0.9808 -0.0000
vn -0.4423 0.8969 -0.0000
vn -0.8968 0.4423 -0.0000
vn -0.9808 0.1951 -0.0000
vn -0.1140 0.9804 -0.1605
vn -0.1529 0.9804 -0.1239
vn -0.1806 0.9804 -0.0782
vn -0.1950 0.9804 -0.0267
vn -0.4415 0.8952 -0.0605
vn -0.5408 0.8313 -0.1285
vn -0.6067 0.7906 -0.0831
vn -0.2580 0.8952 -0.3633
vn -0.3643 0.8313 -0.4199
vn -0.4344 0.8291 -0.3520
vn -0.4345 0.8291 -0.3520
vn -0.6479 0.5520 -0.5249
vn -0.3545 0.7906 -0.4993
vn -0.4609 0.6051 -0.6491
vn -0.5147 0.5541 -0.6542
vn -0.5202 0.4390 -0.7326
vn -0.5680 0.1934 -0.8000
vn -0.7887 0.6052 -0.1081
vn -0.8182 0.5541 -0.1534
vn -0.8901 0.4390 -0.1220
vn -0.9720 0.1933 -0.1332
vn -0.5132 0.8291 -0.2221
vn -0.5131 0.8291 -0.2221
vn -0.7652 0.5520 -0.3313
vn -0.8938 0.2269 -0.3869
vn -0.9317 0.1949 -0.3064
vn -0.7029 0.1949 -0.6840
vn -0.7567 0.2269 -0.6131
vn -0.7894 0.1943 -0.5823
vn -0.8816 0.1943 -0.4302
vn -0.4629 0.0014 -0.8864
vn -0.4589 0.1325 -0.8786
vn -0.4565 0.1951 -0.8680
vn -0.4241 0.3935 -0.8157
vn -0.4150 0.4423 -0.7951
vn -0.3639 0.6192 -0.6958
vn -0.3671 0.6087 -0.7034
vn -0.2805 0.7959 -0.5366
vn -0.0903 0.9808 -0.1729
vn -0.2818 0.7933 -0.5396
vn -0.2048 0.8969 -0.3921
vn -0.1738 0.9254 -0.3369
vn -0.0711 0.9897 -0.1241
vn -0.8757 -0.0000 -0.4828
vn -0.9859 -0.0000 -0.1672
vn -0.6366 -0.0000 -0.7712
vn -0.7003 -0.0276 -0.7134
vn -0.5547 -0.0001 -0.8320
vn -0.4639 -0.0000 -0.8859
vn -0.7116 -0.0000 -0.7026
vn -0.6366 0.0150 -0.7711
vn -0.5514 0.0001 -0.8342
vn -0.4638 -0.0000 -0.8859
vn -0.0000 0.9659 -0.2588
vn -0.0000 0.7071 -0.7071
vn -0.0000 0.2588 -0.9659
vn -0.0000 -0.2588 -0.9659
vn -0.0000 -0.7071 -0.7071
vn -0.0000 -0.9659 -0.2588
s 0
f 1//1 2//1 3//1
f 3//1 2//1 4//1
f 5//1 6//1 7//1
f 7//1 6//1 3//1
f 7//1 3//1 8//1
f 8//1 3//1 4//1
f 9//2 10//2 11//2
f 12//2 13//2 14//2
f 15//2 16//2 17//2
f 12//2 14//2 18//2
f 18//2 14//2 19//2
f 18//2 19//2 20//2
f 9//2 11//2 21//2
f 22//2 23//2 24//2
f 24//2 23//2 25//2
f 11//2 26//2 21//2
f 21//2 26//2 27//2
f 21//2 27//2 28//2
f 15//2 17//2 29//2
f 29//2 17//2 30//2
f 29//2 30//2 25//2
f 25//2 30//2 31//2
f 25//2 31//2 24//2
f 32//2 33//2 34//2
f 31//2 35//2 24//2
f 24//2 35//2 32//2
f 24//2 32//2 36//2
f 36//2 32//2 34//2
f 37//2 22//2 38//2
f 38//2 22//2 24//2
f 38//2 24//2 39//2
f 39//2 24//2 40//2
f 39//2 40//2 41//2
f 41//2 40//2 42//2
f 41//2 42//2 43//2
f 37//2 38//2 44//2
f 44//2 38//2 45//2
f 44//2 45//2 46//2
f 46//2 45//2 14//2
f 46//2 14//2 47//2
f 47//2 14//2 13//2
f 47//2 13//2 27//2
f 27//2 13//2 48//2
f 27//2 48//2 49//2
f 50//2 28//2 51//2
f 51//2 28//2 27//2
f 51//2 27//2 52//2
f 52//2 27//2 49//2
f 53//3 54//3 55//3
f 55//3 54//3 56//3
f 57//3 55//3 58//3
f 58//3 55//3 56//3
f 58//3 56//3 59//3
f 59//3 56//3 60//3
f 61//4 62//4 63//4
f 61//4 63//4 64//4
f 65//4 66//4 67//4
f 67//4 68//4 65//4
f 65//4 68//4 69//4
f 65//4 69//4 63//4
f 63//4 69//4 70//4
f 63//4 70//4 64//4
f 71//5 72//5 73//5
f 73//5 72//5 74//5
f 75//6 76//6 77//6
f 77//7 78//7 75//7
f 75//6 78//6 79//6
f 75//5 79//5 80//5
f 80//8 79//8 81//8
f 80//5 81//5 82//5
f 75//5 83//5 76//5
f 76//5 83//5 84//5
f 76//5 84//5 72//5
f 72//5 84//5 85//5
f 72//5 85//5 74//5
f 13//9 86//9 48//9
f 48//9 86//9 87//9
f 48//9 87//9 88//9
f 88//9 89//9 48//9
f 48//10 89//10 90//10
f 48//11 90//11 91//11
f 92//10 93//10 94//10
f 94//12 93//12 91//12
f 95//9 96//9 97//9
f 97//9 96//9 93//9
f 97//9 93//9 98//9
f 98//9 93//9 92//9
f 18//13 99//13 12//13
f 12//13 99//13 100//13
f 12//14 100//14 13//14
f 13//14 100//14 86//14
f 96//14 95//14 101//14
f 101//14 95//14 102//14
f 101//15 102//15 103//15
f 103//16 102//16 104//16
f 103//17 104//17 105//17
f 106//18 36//18 107//18
f 107//19 36//19 108//19
f 109//20 24//20 110//20
f 110//20 24//20 36//20
f 110//20 36//20 111//20
f 111//20 36//20 106//20
f 112//20 113//20 114//20
f 114//20 113//20 115//20
f 114//20 115//20 116//20
f 116//20 117//20 114//20
f 114//18 117//18 118//18
f 114//21 118//21 108//21
f 119//22 42//22 120//22
f 120//22 42//22 40//22
f 120//23 40//23 109//23
f 109//23 40//23 24//23
f 113//23 112//23 121//23
f 121//23 112//23 122//23
f 121//22 122//22 123//22
f 123//24 122//24 124//24
f 123//25 124//25 125//25
f 126//26 127//26 128//26
f 128//27 127//27 129//27
f 127//28 130//28 129//28
f 129//29 130//29 131//29
f 129//30 131//30 132//30
f 132//31 131//31 133//31
f 132//32 133//32 134//32
f 126//33 128//33 135//33
f 135//34 128//34 136//34
f 135//35 136//35 137//35
f 137//36 136//36 138//36
f 137//37 138//37 139//37
f 139//38 138//38 140//38
f 140//39 138//39 141//39
f 140//40 141//40 142//40
f 142//41 141//41 143//41
f 143//42 141//42 144//42
f 143//43 144//43 145//43
f 145//44 144//44 146//44
f 146//45 144//45 147//45
f 146//46 147//46 148//46
f 149//47 150//47 147//47
f 147//48 150//48 151//48
f 147//49 151//49 148//49
f 152//50 153//50 154//50
f 154//51 153//51 155//51
f 154//52 155//52 149//52
f 149//53 155//53 156//53
f 149//54 156//54 150//54
f 157//55 158//55 152//55
f 152//56 158//56 159//56
f 152//57 159//57 153//57
f 134//58 160//58 132//58
f 132//59 160//59 161//59
f 132//60 161//60 157//60
f 157//61 161//61 162//61
f 157//62 162//62 158//62
f 163//63 164//63 165//63
f 165//63 164//63 166//63
f 165//64 166//64 167//64
f 167//64 166//64 168//64
f 167//65 168//65 169//65
f 169//65 168//65 170//65
f 169//66 170//66 171//66
f 171//66 170//66 172//66
f 171//67 172//67 173//67
f 173//67 172//67 174//67
f 173//68 174//68 175//68
f 175//68 174//68 176//68
f 175//69 176//69 177//69
f 177//69 176//69 178//69
f 177//70 178//70 179//70
f 179//70 178//70 180//70
f 179//71 180//71 181//71
f 181//71 180//71 182//71
f 181//72 182//72 183//72
f 183//72 182//72 184//72
f 183//73 184//73 185//73
f 185//73 184//73 186//73
f 185//74 186//74 187//74
f 187//74 186//74 188//74
f 187//75 188//75 189//75
f 189//75 188//75 190//75
f 189//76 190//76 191//76
f 191//76 190//76 192//76
f 191//77 192//77 193//77
f 193//77 192//77 194//77
f 193//78 194//78 195//78
f 195//78 194//78 196//78
f 195//79 196//79 197//79
f 197//79 196//79 198//79
f 197//80 198//80 199//80
f 199//80 198//80 200//80
f 199//81 200//81 201//81
f 201//81 200//81 202//81
f 201//82 202//82 203//82
f 203//82 202//82 204//82
f 203//83 204//83 205//83
f 205//83 204//83 206//83
f 205//84 206//84 207//84
f 207//84 206//84 208//84
f 207//85 208//85 209//85
f 209//85 208//85 210//85
f 209//86 210//86 211//86
f 211//86 210//86 212//86
f 211//87 212//87 213//87
f 213//87 212//87 214//87
f 213//88 214//88 215//88
f 215//88 214//88 216//88
f 215//89 216//89 217//89
f 217//89 216//89 218//89
f 217//90 218//90 219//90
f 219//90 218//90 220//90
f 219//91 220//91 221//91
f 221//91 220//91 222//91
f 221//92 222//92 163//92
f 163//92 222//92 164//92
f 223//93 224//93 225//93
f 226//93 227//93 228//93
f 229//93 230//93 231//93
f 119//93 232//93 233//93
f 123//93 125//93 234//93
f 231//93 230//93 235//93
f 236//93 237//93 223//93
f 230//93 238//93 235//93
f 235//93 238//93 239//93
f 235//93 239//93 240//93
f 241//93 43//93 242//93
f 242//93 43//93 42//93
f 242//93 42//93 243//93
f 243//93 42//93 119//93
f 243//93 119//93 244//93
f 244//93 119//93 233//93
f 245//93 246//93 236//93
f 236//93 223//93 245//93
f 245//93 223//93 225//93
f 245//93 225//93 119//93
f 119//93 225//93 123//93
f 119//93 123//93 232//93
f 232//93 123//93 234//93
f 232//93 234//93 247//93
f 247//93 234//93 248//93
f 247//93 248//93 249//93
f 249//93 248//93 235//93
f 249//93 235//93 228//93
f 228//93 235//93 240//93
f 228//93 240//93 226//93
f 250//93 251//93 252//93
f 253//93 254//93 255//93
f 255//93 254//93 256//93
f 255//93 256//93 257//93
f 231//93 258//93 229//93
f 229//93 258//93 259//93
f 229//93 259//93 260//93
f 260//93 259//93 261//93
f 260//93 261//93 262//93
f 262//93 261//93 263//93
f 250//93 252//93 227//93
f 227//93 252//93 264//93
f 227//93 264//93 228//93
f 255//93 265//93 266//93
f 267//93 43//93 268//93
f 268//93 43//93 241//93
f 268//93 241//93 269//93
f 269//93 241//93 270//93
f 269//93 270//93 6//93
f 6//93 270//93 271//93
f 6//93 271//93 3//93
f 3//93 271//93 272//93
f 3//93 272//93 273//93
f 273//93 272//93 274//93
f 273//93 274//93 255//93
f 255//93 274//93 275//93
f 255//93 275//93 265//93
f 261//93 253//93 263//93
f 263//93 253//93 255//93
f 263//93 255//93 276//93
f 276//93 255//93 266//93
f 276//93 266//93 250//93
f 250//93 266//93 277//93
f 250//93 277//93 251//93
f 278//94 105//94 104//94
f 279//94 99//94 104//94
f 280//94 281//94 282//94
f 283//94 284//94 20//94
f 278//94 104//94 72//94
f 285//94 286//94 287//94
f 287//94 286//94 279//94
f 18//94 20//94 99//94
f 99//94 20//94 284//94
f 99//94 284//94 104//94
f 104//94 284//94 288//94
f 104//94 288//94 289//94
f 290//94 291//94 292//94
f 292//94 291//94 293//94
f 294//94 287//94 295//94
f 295//94 287//94 279//94
f 295//94 279//94 296//94
f 296//94 279//94 104//94
f 297//94 298//94 291//94
f 291//94 298//94 299//94
f 291//94 299//94 300//94
f 300//94 299//94 301//94
f 300//94 301//94 302//94
f 302//94 301//94 303//94
f 20//94 304//94 283//94
f 283//94 304//94 305//94
f 283//94 305//94 306//94
f 306//94 305//94 307//94
f 306//94 307//94 303//94
f 303//94 307//94 308//94
f 303//94 308//94 302//94
f 289//94 309//94 104//94
f 104//94 309//94 310//94
f 104//94 310//94 311//94
f 312//94 313//94 314//94
f 314//94 313//94 315//94
f 314//94 315//94 316//94
f 316//94 315//94 317//94
f 316//94 317//94 282//94
f 282//94 317//94 318//94
f 282//94 318//94 280//94
f 319//94 320//94 321//94
f 321//94 320//94 322//94
f 321//94 322//94 323//94
f 323//94 322//94 324//94
f 323//94 324//94 290//94
f 290//94 324//94 282//94
f 290//94 282//94 291//94
f 291//94 282//94 281//94
f 291//94 281//94 297//94
f 321//94 325//94 319//94
f 319//94 325//94 326//94
f 319//94 326//94 327//94
f 327//94 326//94 328//94
f 327//94 328//94 329//94
f 329//94 328//94 76//94
f 329//94 76//94 330//94
f 330//94 76//94 331//94
f 331//94 76//94 72//94
f 331//94 72//94 332//94
f 332//94 72//94 104//94
f 332//94 104//94 314//94
f 314//94 104//94 311//94
f 314//94 311//94 312//94
f 333//95 334//95 335//95
f 336//95 337//95 338//95
f 339//95 340//95 335//95
f 335//95 340//95 341//95
f 336//95 338//95 342//95
f 342//95 338//95 343//95
f 342//95 343//95 344//95
f 345//95 346//95 93//95
f 347//95 348//95 114//95
f 114//95 348//95 333//95
f 114//95 333//95 112//95
f 112//95 333//95 335//95
f 112//95 335//95 122//95
f 122//95 335//95 341//95
f 122//95 341//95 124//95
f 101//95 349//95 350//95
f 351//95 352//95 353//95
f 353//95 352//95 354//95
f 353//95 354//95 355//95
f 355//95 354//95 356//95
f 355//95 356//95 357//95
f 357//95 356//95 358//95
f 101//95 103//95 349//95
f 349//95 103//95 335//95
f 349//95 335//95 351//95
f 351//95 335//95 334//95
f 351//95 334//95 352//95
f 343//95 359//95 344//95
f 344//95 359//95 360//95
f 344//95 360//95 361//95
f 361//95 345//95 344//95
f 344//95 345//95 93//95
f 344//95 93//95 362//95
f 362//95 93//95 96//95
f 362//95 96//95 363//95
f 363//95 96//95 101//95
f 363//95 101//95 364//95
f 364//95 101//95 350//95
f 365//2 366//2 367//2
f 367//2 366//2 368//2
f 160//96 134//96 369//96
f 156//97 155//97 370//97
f 159//98 158//98 371//98
f 370//99 155//99 371//99
f 371//100 155//100 153//100
f 371//101 153//101 159//101
f 142//102 143//102 372//102
f 145//103 146//103 373//103
f 373//104 146//104 148//104
f 148//105 151//105 373//105
f 373//106 151//106 150//106
f 373//107 150//107 374//107
f 374//108 150//108 156//108
f 374//109 156//109 375//109
f 375//97 156//97 370//97
f 369//110 134//110 376//110
f 376//111 134//111 133//111
f 376//112 133//112 377//112
f 377//113 133//113 131//113
f 377//114 131//114 130//114
f 130//115 127//115 377//115
f 377//116 127//116 126//116
f 377//117 126//117 378//117
f 378//118 126//118 135//118
f 378//97 135//97 379//97
f 379//97 135//97 137//97
f 379//109 137//109 380//109
f 380//119 137//119 139//119
f 380//120 139//120 372//120
f 372//121 139//121 140//121
f 372//122 140//122 142//122
f 143//123 145//123 372//123
f 372//124 145//124 373//124
f 372//125 373//125 381//125
f 381//125 373//125 382//125
f 381//126 382//126 383//126
f 383//126 382//126 384//126
f 383//127 384//127 385//127
f 385//127 384//127 386//127
f 385//128 386//128 387//128
f 387//128 386//128 388//128
f 387//129 388//129 389//129
f 389//129 388//129 390//129
f 389//130 390//130 391//130
f 391//130 390//130 392//130
f 391//131 392//131 393//131
f 393//131 392//131 394//131
f 393//132 394//132 395//132
f 395//132 394//132 396//132
f 395//133 396//133 397//133
f 397//133 396//133 398//133
f 397//134 398//134 399//134
f 399//134 398//134 400//134
f 399//135 400//135 401//135
f 401//135 400//135 402//135
f 401//136 402//136 403//136
f 403//136 402//136 404//136
f 403//137 404//137 405//137
f 405//137 404//137 406//137
f 405//138 406//138 407//138
f 407//138 406//138 408//138
f 407//139 408//139 409//139
f 409//139 408//139 410//139
f 409//140 410//140 411//140
f 411//140 410//140 412//140
f 411//141 412//141 413//141
f 413//141 412//141 414//141
f 413//142 414//142 415//142
f 415//142 414//142 416//142
f 415//143 416//143 417//143
f 417//143 416//143 418//143
f 417//144 418//144 419//144
f 419//144 418//144 420//144
f 419//145 420//145 421//145
f 421//145 420//145 422//145
f 421//146 422//146 423//146
f 423//146 422//146 424//146
f 423//147 424//147 425//147
f 425//147 424//147 426//147
f 425//148 426//148 369//148
f 369//148 426//148 427//148
f 369//149 427//149 160//149
f 160//150 427//150 428//150
f 160//151 428//151 161//151
f 161//112 428//112 371//112
f 161//152 371//152 162//152
f 162//153 371//153 158//153
f 429//95 430//95 431//95
f 431//95 430//95 432//95
f 431//95 432//95 433//95
f 433//95 432//95 434//95
f 433//95 434//95 435//95
f 436//95 437//95 438//95
f 438//95 437//95 439//95
f 438//95 439//95 440//95
f 440//95 439//95 441//95
f 440//95 441//95 429//95
f 429//95 441//95 442//95
f 429//95 442//95 430//95
f 443//95 444//95 445//95
f 445//95 444//95 446//95
f 445//95 446//95 447//95
f 447//95 446//95 448//95
f 447//95 448//95 436//95
f 436//95 448//95 449//95
f 436//95 449//95 437//95
f 450//95 451//95 452//95
f 452//95 451//95 453//95
f 452//95 453//95 454//95
f 454//95 453//95 455//95
f 454//95 455//95 443//95
f 443//95 455//95 456//95
f 443//95 456//95 444//95
f 457//95 458//95 450//95
f 450//95 458//95 459//95
f 450//95 459//95 451//95
f 434//95 460//95 435//95
f 435//95 460//95 461//95
f 435//95 461//95 462//95
f 462//95 461//95 463//95
f 462//95 463//95 464//95
f 464//95 463//95 465//95
f 464//95 465//95 457//95
f 457//95 465//95 466//95
f 457//95 466//95 458//95
f 467//154 468//154 469//154
f 467//155 469//155 470//155
f 471//156 472//156 473//156
f 469//157 474//157 470//157
f 470//158 474//158 475//158
f 470//159 475//159 476//159
f 477//160 478//160 479//160
f 475//161 480//161 476//161
f 476//162 480//162 481//162
f 476//163 481//163 482//163
f 482//164 481//164 483//164
f 482//165 483//165 478//165
f 479//166 484//166 477//166
f 477//167 484//167 471//167
f 477//167 471//167 485//167
f 485//168 471//168 473//168
f 486//169 487//169 337//169
f 488//170 26//170 489//170
f 489//171 26//171 11//171
f 489//172 11//172 490//172
f 490//173 11//173 10//173
f 490//174 10//174 491//174
f 488//175 492//175 26//175
f 26//176 492//176 493//176
f 26//177 493//177 27//177
f 493//14 494//14 27//14
f 27//178 494//178 495//178
f 27//179 495//179 47//179
f 495//180 496//180 47//180
f 47//181 496//181 497//181
f 47//182 497//182 46//182
f 46//183 497//183 498//183
f 46//184 498//184 44//184
f 498//185 499//185 44//185
f 44//186 499//186 500//186
f 44//187 500//187 37//187
f 500//188 501//188 37//188
f 37//189 501//189 502//189
f 37//190 502//190 22//190
f 502//191 503//191 22//191
f 22//192 503//192 504//192
f 22//193 504//193 23//193
f 504//194 505//194 23//194
f 23//195 505//195 506//195
f 23//196 506//196 25//196
f 506//197 507//197 25//197
f 25//23 507//23 508//23
f 25//198 508//198 29//198
f 29//199 508//199 509//199
f 509//200 510//200 29//200
f 29//201 510//201 511//201
f 29//202 511//202 15//202
f 357//203 358//203 512//203
f 511//204 513//204 15//204
f 15//205 513//205 514//205
f 15//206 514//206 16//206
f 16//207 514//207 515//207
f 16//208 515//208 358//208
f 512//209 516//209 357//209
f 357//204 516//204 517//204
f 357//210 517//210 355//210
f 517//201 518//201 355//201
f 355//198 518//198 519//198
f 355//198 519//198 353//198
f 353//196 519//196 520//196
f 353//196 520//196 351//196
f 351//193 520//193 521//193
f 351//193 521//193 349//193
f 349//190 521//190 522//190
f 349//190 522//190 350//190
f 350//187 522//187 523//187
f 350//187 523//187 364//187
f 364//184 523//184 524//184
f 364//184 524//184 363//184
f 363//211 524//211 525//211
f 363//211 525//211 362//211
f 362//212 525//212 526//212
f 362//212 526//212 344//212
f 344//213 526//213 527//213
f 344//213 527//213 342//213
f 342//171 527//171 486//171
f 342//171 486//171 336//171
f 336//214 486//214 337//214
f 358//208 515//208 512//208
f 512//215 515//215 528//215
f 512//216 528//216 529//216
f 467//217 473//217 468//217
f 468//217 473//217 472//217
f 468//218 472//218 530//218
f 530//219 472//219 529//219
f 530//220 529//220 531//220
f 531//221 529//221 528//221
f 478//165 483//165 479//165
f 479//222 483//222 532//222
f 479//223 532//223 533//223
f 532//224 534//224 533//224
f 533//225 534//225 535//225
f 533//226 535//226 536//226
f 10//227 337//227 491//227
f 491//227 337//227 487//227
f 491//228 487//228 537//228
f 537//229 487//229 536//229
f 537//230 536//230 538//230
f 538//231 536//231 535//231
f 539//2 540//2 541//2
f 541//2 540//2 542//2
f 541//2 542//2 543//2
f 543//2 542//2 544//2
f 543//2 544//2 545//2
f 546//2 547//2 548//2
f 548//2 547//2 549//2
f 548//2 549//2 550//2
f 550//2 549//2 551//2
f 550//2 551//2 539//2
f 539//2 551//2 552//2
f 539//2 552//2 540//2
f 553//2 554//2 555//2
f 555//2 554//2 556//2
f 555//2 556//2 557//2
f 557//2 556//2 558//2
f 557//2 558//2 546//2
f 546//2 558//2 559//2
f 546//2 559//2 547//2
f 560//2 561//2 562//2
f 544//2 563//2 545//2
f 545//2 563//2 564//2
f 545//2 564//2 565//2
f 565//2 564//2 566//2
f 565//2 566//2 567//2
f 567//2 566//2 568//2
f 567//2 568//2 562//2
f 562//2 568//2 569//2
f 562//2 569//2 560//2
f 560//2 570//2 561//2
f 561//2 570//2 571//2
f 561//2 571//2 572//2
f 572//2 571//2 573//2
f 572//2 573//2 574//2
f 574//2 573//2 575//2
f 574//2 575//2 553//2
f 553//2 575//2 576//2
f 553//2 576//2 554//2
f 577//94 578//94 579//94
f 579//94 578//94 580//94
f 579//94 580//94 581//94
f 581//94 580//94 582//94
f 581//94 582//94 583//94
f 584//94 585//94 586//94
f 586//94 585//94 587//94
f 586//94 587//94 588//94
f 588//94 587//94 589//94
f 588//94 589//94 590//94
f 590//94 589//94 591//94
f 590//94 591//94 577//94
f 577//94 591//94 592//94
f 577//94 592//94 578//94
f 593//94 594//94 595//94
f 595//94 594//94 596//94
f 595//94 596//94 597//94
f 597//94 596//94 598//94
f 597//94 598//94 599//94
f 599//94 598//94 600//94
f 599//94 600//94 584//94
f 584//94 600//94 601//94
f 584//94 601//94 585//94
f 582//94 602//94 583//94
f 583//94 602//94 603//94
f 583//94 603//94 604//94
f 604//94 603//94 605//94
f 604//94 605//94 606//94
f 606//94 605//94 607//94
f 606//94 607//94 608//94
f 608//94 607//94 609//94
f 608//94 609//94 610//94
f 610//94 609//94 611//94
f 610//94 611//94 593//94
f 593//94 611//94 612//94
f 593//94 612//94 594//94
f 613//232 614//232 297//232
f 297//233 614//233 615//233
f 297//233 615//233 298//233
f 298//234 615//234 616//234
f 298//234 616//234 299//234
f 299//235 616//235 617//235
f 299//235 617//235 301//235
f 301//68 617//68 618//68
f 301//68 618//68 303//68
f 303//236 618//236 619//236
f 303//236 619//236 306//236
f 306//237 619//237 620//237
f 306//237 620//237 283//237
f 283//238 620//238 621//238
f 283//238 621//238 284//238
f 284//239 621//239 622//239
f 284//239 622//239 288//239
f 288//240 622//240 623//240
f 288//240 623//240 289//240
f 289//241 623//241 624//241
f 289//241 624//241 309//241
f 309//242 624//242 625//242
f 309//242 625//242 310//242
f 310//243 625//243 626//243
f 310//243 626//243 311//243
f 311//244 626//244 627//244
f 311//244 627//244 312//244
f 312//245 627//245 628//245
f 312//245 628//245 313//245
f 313//85 628//85 629//85
f 313//85 629//85 315//85
f 315//246 629//246 630//246
f 315//246 630//246 317//246
f 317//247 630//247 631//247
f 317//247 631//247 318//247
f 318//248 631//248 632//248
f 318//248 632//248 280//248
f 280//249 632//249 633//249
f 280//249 633//249 613//249
f 613//232 633//232 614//232
f 634//93 635//93 636//93
f 636//93 635//93 637//93
f 636//93 637//93 638//93
f 638//93 637//93 639//93
f 638//93 639//93 640//93
f 640//93 639//93 641//93
f 640//93 641//93 642//93
f 641//93 643//93 642//93
f 642//93 643//93 644//93
f 642//93 644//93 645//93
f 645//93 644//93 646//93
f 645//93 646//93 647//93
f 647//93 646//93 648//93
f 647//93 648//93 649//93
f 650//93 651//93 652//93
f 652//93 651//93 653//93
f 652//93 653//93 654//93
f 654//93 653//93 655//93
f 654//93 655//93 656//93
f 656//93 655//93 657//93
f 656//93 657//93 634//93
f 634//93 657//93 658//93
f 634//93 658//93 635//93
f 648//93 659//93 649//93
f 649//93 659//93 660//93
f 649//93 660//93 661//93
f 661//93 660//93 662//93
f 661//93 662//93 663//93
f 663//93 662//93 664//93
f 663//93 664//93 665//93
f 665//93 664//93 666//93
f 665//93 666//93 667//93
f 667//93 666//93 668//93
f 667//93 668//93 650//93
f 650//93 668//93 669//93
f 650//93 669//93 651//93
f 670//240 671//240 243//240
f 243//239 671//239 672//239
f 243//239 672//239 242//239
f 242//238 672//238 673//238
f 242//238 673//238 241//238
f 241//237 673//237 674//237
f 241//237 674//237 270//237
f 270//236 674//236 675//236
f 270//236 675//236 271//236
f 271//68 675//68 676//68
f 271//68 676//68 272//68
f 272//235 676//235 677//235
f 272//235 677//235 274//235
f 274//234 677//234 678//234
f 274//234 678//234 275//234
f 275//233 678//233 679//233
f 275//233 679//233 265//233
f 265//232 679//232 680//232
f 265//232 680//232 266//232
f 266//249 680//249 681//249
f 266//249 681//249 277//249
f 277//248 681//248 682//248
f 277//248 682//248 251//248
f 251//247 682//247 683//247
f 251//247 683//247 252//247
f 252//246 683//246 684//246
f 252//246 684//246 264//246
f 264//85 684//85 685//85
f 264//85 685//85 228//85
f 228//245 685//245 686//245
f 228//245 686//245 249//245
f 249//244 686//244 687//244
f 249//244 687//244 247//244
f 247//243 687//243 688//243
f 247//243 688//243 232//243
f 232//242 688//242 689//242
f 232//242 689//242 233//242
f 233//241 689//241 690//241
f 233//241 690//241 670//241
f 670//240 690//240 671//240
f 333//250 32//250 334//250
f 334//250 32//250 35//250
f 51//251 361//251 50//251
f 50//251 361//251 360//251
f 108//252 36//252 34//252
f 347//253 33//253 348//253
f 348//254 33//254 32//254
f 348//254 32//254 333//254
f 114//252 108//252 347//252
f 347//252 108//252 34//252
f 347//253 34//253 33//253
f 91//255 93//255 346//255
f 49//255 48//255 91//255
f 91//255 346//255 49//255
f 49//256 346//256 345//256
f 49//256 345//256 52//256
f 52//257 345//257 361//257
f 52//257 361//257 51//257
f 141//161 482//161 144//161
f 144//161 482//161 478//161
f 144//161 478//161 147//161
f 157//161 473//161 132//161
f 132//161 473//161 467//161
f 132//161 467//161 129//161
f 141//161 138//161 482//161
f 482//161 138//161 136//161
f 482//161 136//161 467//161
f 467//161 136//161 128//161
f 467//161 128//161 129//161
f 157//161 152//161 473//161
f 473//161 152//161 154//161
f 473//161 154//161 478//161
f 478//161 154//161 149//161
f 478//161 149//161 147//161
f 473//2 478//2 485//2
f 485//2 478//2 477//2
f 476//95 482//95 470//95
f 470//95 482//95 467//95
f 119//95 120//95 245//95
f 245//95 120//95 109//95
f 245//95 109//95 110//95
f 115//2 113//2 225//2
f 225//2 113//2 121//2
f 225//2 121//2 123//2
f 87//95 86//95 279//95
f 279//95 86//95 100//95
f 279//95 100//95 99//95
f 104//2 102//2 296//2
f 296//2 102//2 95//2
f 296//2 95//2 97//2
f 115//258 225//258 224//258
f 115//258 224//258 116//258
f 116//234 224//234 223//234
f 116//234 223//234 117//234
f 117//259 223//259 118//259
f 118//260 223//260 691//260
f 118//261 691//261 692//261
f 692//262 237//262 107//262
f 107//263 237//263 236//263
f 107//264 236//264 106//264
f 106//247 236//247 246//247
f 106//247 246//247 111//247
f 111//265 246//265 245//265
f 111//265 245//265 110//265
f 360//161 359//161 50//161
f 50//161 359//161 28//161
f 35//161 31//161 334//161
f 334//161 31//161 352//161
f 91//261 693//261 94//261
f 94//266 693//266 294//266
f 94//259 294//259 92//259
f 92//234 294//234 295//234
f 92//234 295//234 98//234
f 98//258 295//258 296//258
f 98//258 296//258 97//258
f 87//265 279//265 286//265
f 87//265 286//265 88//265
f 88//247 286//247 285//247
f 88//247 285//247 89//247
f 89//264 285//264 90//264
f 90//267 285//267 287//267
f 90//262 287//262 91//262
f 694//4 695//4 696//4
f 697//4 698//4 699//4
f 694//4 696//4 700//4
f 699//4 701//4 697//4
f 697//4 701//4 702//4
f 697//4 702//4 696//4
f 696//4 702//4 703//4
f 696//4 703//4 700//4
f 704//268 705//268 706//268
f 706//268 705//268 707//268
f 708//268 706//268 709//268
f 709//268 706//268 707//268
f 709//268 707//268 710//268
f 710//268 707//268 711//268
f 712//269 713//269 714//269
f 714//269 713//269 715//269
f 291//270 300//270 716//270
f 717//270 718//270 714//270
f 714//271 718//271 291//271
f 714//270 291//270 712//270
f 712//270 291//270 716//270
f 273//270 255//270 719//270
f 719//270 255//270 720//270
f 721//270 722//270 716//270
f 716//270 722//270 719//270
f 716//270 719//270 712//270
f 712//270 719//270 720//270
f 712//270 720//270 723//270
f 724//272 725//272 726//272
f 82//273 727//273 728//273
f 728//272 727//272 729//272
f 726//274 730//274 724//274
f 724//272 730//272 731//272
f 724//272 731//272 729//272
f 729//272 731//272 732//272
f 729//272 732//272 728//272
f 733//275 734//275 735//275
f 735//275 734//275 736//275
f 735//243 736//243 737//243
f 737//243 736//243 738//243
f 737//276 738//276 739//276
f 739//276 738//276 740//276
f 739//265 740//265 741//265
f 741//265 740//265 742//265
f 741//247 742//247 743//247
f 743//247 742//247 744//247
f 743//277 744//277 745//277
f 745//277 744//277 746//277
f 745//278 746//278 747//278
f 747//278 746//278 748//278
f 747//234 748//234 749//234
f 749//234 748//234 750//234
f 749//258 750//258 751//258
f 751//258 750//258 752//258
f 751//279 752//279 753//279
f 753//279 752//279 754//279
f 753//238 754//238 755//238
f 755//238 754//238 756//238
f 755//280 756//280 733//280
f 733//280 756//280 734//280
f 757//4 758//4 759//4
f 759//4 758//4 760//4
f 703//93 702//93 761//93
f 761//93 762//93 703//93
f 703//93 762//93 763//93
f 703//93 763//93 764//93
f 764//93 763//93 765//93
f 764//93 765//93 766//93
f 767//94 70//94 69//94
f 768//94 769//94 770//94
f 770//94 769//94 771//94
f 770//94 771//94 69//94
f 69//94 771//94 772//94
f 69//94 772//94 767//94
f 773//5 726//5 774//5
f 248//5 775//5 776//5
f 777//281 778//281 779//281
f 779//6 778//6 235//6
f 779//5 235//5 780//5
f 776//5 781//5 248//5
f 248//5 781//5 782//5
f 248//5 782//5 235//5
f 235//5 782//5 783//5
f 235//5 783//5 780//5
f 773//5 774//5 779//5
f 779//5 774//5 784//5
f 779//6 784//6 777//6
f 732//282 731//282 785//282
f 785//282 731//282 786//282
f 85//93 84//93 787//93
f 788//93 789//93 790//93
f 85//93 787//93 790//93
f 790//93 787//93 791//93
f 790//93 791//93 788//93
f 792//94 793//94 794//94
f 783//94 782//94 795//94
f 795//94 782//94 792//94
f 795//94 792//94 796//94
f 796//94 792//94 794//94
f 797//1 798//1 302//1
f 302//1 798//1 799//1
f 302//1 799//1 800//1
f 308//1 801//1 302//1
f 302//1 801//1 802//1
f 302//1 802//1 797//1
f 803//93 804//93 805//93
f 806//93 807//93 801//93
f 801//93 807//93 808//93
f 801//93 808//93 802//93
f 803//93 805//93 809//93
f 809//93 805//93 810//93
f 809//93 810//93 801//93
f 801//93 810//93 811//93
f 801//93 811//93 806//93
f 7//94 812//94 5//94
f 5//94 812//94 813//94
f 813//94 814//94 5//94
f 5//94 814//94 815//94
f 5//94 815//94 816//94
f 816//94 815//94 817//94
f 816//94 817//94 818//94
f 818//94 817//94 819//94
f 818//94 819//94 820//94
f 76//283 328//283 821//283
f 76//284 821//284 77//284
f 77//285 821//285 822//285
f 77//286 822//286 78//286
f 78//287 822//287 823//287
f 78//288 823//288 79//288
f 79//289 823//289 729//289
f 79//290 729//290 81//290
f 714//291 715//291 824//291
f 714//291 824//291 717//291
f 717//292 824//292 825//292
f 717//292 825//292 718//292
f 718//293 825//293 293//293
f 718//293 293//293 291//293
f 725//294 724//294 826//294
f 725//295 826//295 784//295
f 784//296 826//296 827//296
f 784//297 827//297 777//297
f 777//298 827//298 828//298
f 777//299 828//299 778//299
f 778//300 828//300 231//300
f 778//301 231//301 235//301
f 255//302 257//302 829//302
f 255//302 829//302 720//302
f 720//303 829//303 830//303
f 720//303 830//303 723//303
f 723//304 830//304 713//304
f 723//304 713//304 712//304
f 278//305 72//305 71//305
f 71//306 831//306 278//306
f 278//307 831//307 832//307
f 278//308 832//308 105//308
f 105//309 832//309 833//309
f 105//310 833//310 103//310
f 103//311 833//311 834//311
f 103//312 834//312 335//312
f 775//313 248//313 835//313
f 835//314 248//314 234//314
f 835//315 234//315 836//315
f 837//316 124//316 838//316
f 838//312 124//312 341//312
f 836//317 234//317 837//317
f 837//318 234//318 125//318
f 837//319 125//319 124//319
f 743//320 314//320 741//320
f 741//320 314//320 316//320
f 741//321 316//321 739//321
f 739//322 316//322 282//322
f 739//323 282//323 737//323
f 737//324 282//324 324//324
f 737//325 324//325 735//325
f 735//326 324//326 322//326
f 735//327 322//327 733//327
f 733//328 322//328 320//328
f 733//329 320//329 755//329
f 755//330 320//330 319//330
f 755//331 319//331 753//331
f 753//332 319//332 327//332
f 753//333 327//333 751//333
f 751//334 327//334 329//334
f 751//335 329//335 749//335
f 749//336 329//336 330//336
f 749//337 330//337 747//337
f 747//337 330//337 331//337
f 747//338 331//338 745//338
f 745//339 331//339 332//339
f 745//340 332//340 743//340
f 743//341 332//341 314//341
f 736//342 262//342 738//342
f 738//342 262//342 263//342
f 738//343 263//343 740//343
f 740//344 263//344 276//344
f 740//345 276//345 742//345
f 742//345 276//345 250//345
f 742//346 250//346 744//346
f 744//346 250//346 227//346
f 744//347 227//347 746//347
f 746//348 227//348 226//348
f 746//349 226//349 748//349
f 748//350 226//350 240//350
f 748//351 240//351 750//351
f 750//351 240//351 239//351
f 750//352 239//352 752//352
f 752//353 239//353 238//353
f 752//354 238//354 754//354
f 754//355 238//355 230//355
f 754//356 230//356 756//356
f 756//356 230//356 229//356
f 756//357 229//357 734//357
f 734//358 229//358 260//358
f 734//359 260//359 736//359
f 736//360 260//360 262//360
f 604//361 606//361 165//361
f 165//362 167//362 604//362
f 604//363 167//363 169//363
f 604//364 169//364 583//364
f 169//365 171//365 583//365
f 583//366 171//366 173//366
f 583//367 173//367 581//367
f 173//368 175//368 581//368
f 581//369 175//369 177//369
f 581//370 177//370 579//370
f 177//371 179//371 579//371
f 579//372 179//372 181//372
f 579//373 181//373 577//373
f 181//374 183//374 577//374
f 577//375 183//375 185//375
f 577//376 185//376 590//376
f 193//377 586//377 839//377
f 185//378 187//378 590//378
f 590//379 187//379 189//379
f 590//380 189//380 839//380
f 839//381 189//381 191//381
f 839//382 191//382 193//382
f 193//383 195//383 586//383
f 586//384 195//384 197//384
f 586//385 197//385 584//385
f 584//386 197//386 199//386
f 584//387 199//387 599//387
f 199//388 201//388 599//388
f 599//389 201//389 203//389
f 599//390 203//390 597//390
f 203//391 205//391 597//391
f 597//392 205//392 207//392
f 597//393 207//393 595//393
f 207//394 209//394 595//394
f 595//395 209//395 211//395
f 595//396 211//396 593//396
f 211//397 213//397 593//397
f 593//398 213//398 215//398
f 593//399 215//399 610//399
f 215//400 217//400 610//400
f 610//401 217//401 219//401
f 610//402 219//402 608//402
f 608//402 219//402 840//402
f 608//403 840//403 606//403
f 606//403 840//403 163//403
f 606//404 163//404 165//404
f 190//405 663//405 665//405
f 190//406 188//406 663//406
f 663//407 188//407 186//407
f 663//408 186//408 661//408
f 661//409 186//409 184//409
f 661//410 184//410 649//410
f 184//411 182//411 649//411
f 649//412 182//412 180//412
f 649//413 180//413 647//413
f 180//414 178//414 647//414
f 647//415 178//415 176//415
f 647//416 176//416 645//416
f 176//417 174//417 645//417
f 645//418 174//418 172//418
f 645//419 172//419 642//419
f 172//420 170//420 642//420
f 642//421 170//421 168//421
f 642//422 168//422 640//422
f 168//423 166//423 640//423
f 640//424 166//424 164//424
f 640//425 164//425 841//425
f 841//425 164//425 222//425
f 841//426 222//426 636//426
f 222//426 220//426 636//426
f 636//427 220//427 218//427
f 636//428 218//428 634//428
f 218//429 216//429 634//429
f 634//430 216//430 214//430
f 634//431 214//431 656//431
f 214//432 212//432 656//432
f 656//433 212//433 210//433
f 656//434 210//434 654//434
f 210//435 208//435 654//435
f 654//436 208//436 206//436
f 654//437 206//437 652//437
f 206//438 204//438 652//438
f 652//439 204//439 202//439
f 652//440 202//440 650//440
f 202//441 200//441 650//441
f 650//442 200//442 198//442
f 650//443 198//443 667//443
f 198//444 196//444 667//444
f 667//445 196//445 194//445
f 667//446 194//446 665//446
f 665//447 194//447 192//447
f 665//448 192//448 190//448
f 391//449 562//449 561//449
f 391//450 393//450 562//450
f 562//451 393//451 395//451
f 562//452 395//452 567//452
f 567//453 395//453 397//453
f 567//454 397//454 565//454
f 397//455 399//455 565//455
f 565//456 399//456 401//456
f 565//457 401//457 545//457
f 401//458 403//458 545//458
f 545//459 403//459 405//459
f 545//460 405//460 543//460
f 405//461 407//461 543//461
f 543//462 407//462 409//462
f 543//463 409//463 541//463
f 409//464 411//464 541//464
f 541//465 411//465 413//465
f 541//466 413//466 539//466
f 413//467 415//467 539//467
f 539//468 415//468 417//468
f 539//469 417//469 550//469
f 550//470 417//470 419//470
f 550//471 419//471 548//471
f 419//472 421//472 548//472
f 548//473 421//473 423//473
f 548//474 423//474 546//474
f 423//475 425//475 546//475
f 546//476 425//476 369//476
f 546//477 369//477 557//477
f 369//478 376//478 557//478
f 557//479 376//479 377//479
f 557//480 377//480 555//480
f 377//481 378//481 555//481
f 555//482 378//482 379//482
f 555//483 379//483 553//483
f 379//484 380//484 553//484
f 553//485 380//485 372//485
f 553//486 372//486 574//486
f 372//487 381//487 574//487
f 574//488 381//488 383//488
f 574//489 383//489 572//489
f 383//490 385//490 572//490
f 572//491 385//491 387//491
f 572//492 387//492 561//492
f 561//493 387//493 389//493
f 561//494 389//494 391//494
f 464//495 457//495 416//495
f 416//496 414//496 464//496
f 464//497 414//497 412//497
f 464//498 412//498 462//498
f 412//499 410//499 462//499
f 462//500 410//500 408//500
f 462//501 408//501 435//501
f 408//502 406//502 435//502
f 435//503 406//503 404//503
f 435//504 404//504 433//504
f 404//505 402//505 433//505
f 433//506 402//506 400//506
f 433//507 400//507 431//507
f 400//508 398//508 431//508
f 431//509 398//509 396//509
f 431//510 396//510 429//510
f 388//511 438//511 440//511
f 396//512 394//512 429//512
f 429//513 394//513 392//513
f 429//514 392//514 440//514
f 440//515 392//515 390//515
f 440//516 390//516 388//516
f 388//517 386//517 438//517
f 438//518 386//518 384//518
f 438//519 384//519 436//519
f 436//520 384//520 382//520
f 436//521 382//521 447//521
f 382//522 373//522 447//522
f 447//523 373//523 374//523
f 447//524 374//524 445//524
f 374//525 375//525 445//525
f 445//526 375//526 370//526
f 445//527 370//527 443//527
f 370//528 371//528 443//528
f 443//529 371//529 428//529
f 443//530 428//530 454//530
f 428//531 427//531 454//531
f 454//532 427//532 426//532
f 454//533 426//533 452//533
f 426//534 424//534 452//534
f 452//535 424//535 422//535
f 452//393 422//393 450//393
f 450//393 422//393 420//393
f 450//390 420//390 457//390
f 457//390 420//390 418//390
f 457//536 418//536 416//536
f 722//537 721//537 842//537
f 842//537 721//537 843//537
f 842//538 843//538 844//538
f 844//538 843//538 845//538
f 844//539 845//539 846//539
f 846//539 845//539 847//539
f 846//540 847//540 848//540
f 848//540 847//540 849//540
f 848//541 849//541 850//541
f 850//541 849//541 851//541
f 850//542 851//542 368//542
f 368//542 851//542 367//542
f 785//543 786//543 852//543
f 852//543 786//543 853//543
f 852//544 853//544 854//544
f 854//544 853//544 855//544
f 854//545 855//545 856//545
f 856//545 855//545 857//545
f 856//546 857//546 858//546
f 858//546 857//546 859//546
f 858//547 859//547 860//547
f 860//547 859//547 861//547
f 860//548 861//548 339//548
f 339//548 861//548 340//548
f 783//549 795//549 780//549
f 780//550 795//550 862//550
f 780//551 862//551 779//551
f 779//552 862//552 863//552
f 779//553 863//553 773//553
f 730//554 726//554 773//554
f 786//555 731//555 864//555
f 864//556 731//556 730//556
f 864//557 730//557 865//557
f 865//558 730//558 773//558
f 865//559 773//559 866//559
f 866//560 773//560 863//560
f 863//561 862//561 867//561
f 868//562 869//562 870//562
f 865//563 866//563 871//563
f 872//564 873//564 874//564
f 874//565 873//565 340//565
f 340//565 861//565 874//565
f 874//566 861//566 859//566
f 874//567 859//567 875//567
f 786//568 864//568 853//568
f 853//568 864//568 876//568
f 853//569 876//569 855//569
f 855//570 876//570 875//570
f 855//571 875//571 857//571
f 857//572 875//572 859//572
f 864//573 865//573 876//573
f 876//574 865//574 871//574
f 876//575 871//575 875//575
f 875//576 871//576 877//576
f 875//577 877//577 874//577
f 874//578 877//578 870//578
f 874//579 870//579 872//579
f 872//580 870//580 869//580
f 866//581 863//581 871//581
f 871//582 863//582 867//582
f 871//583 867//583 877//583
f 877//583 867//583 878//583
f 877//584 878//584 870//584
f 870//585 878//585 879//585
f 870//586 879//586 868//586
f 868//587 879//587 880//587
f 862//588 795//588 867//588
f 867//588 795//588 796//588
f 867//589 796//589 878//589
f 878//589 796//589 794//589
f 878//590 794//590 879//590
f 879//590 794//590 793//590
f 879//591 793//591 880//591
f 880//591 793//591 792//591
f 835//592 836//592 872//592
f 838//593 341//593 340//593
f 872//594 836//594 873//594
f 873//595 836//595 340//595
f 340//596 836//596 837//596
f 340//597 837//597 838//597
f 835//598 872//598 775//598
f 775//599 872//599 869//599
f 775//600 869//600 776//600
f 880//601 792//601 782//601
f 869//602 868//602 776//602
f 776//603 868//603 880//603
f 776//604 880//604 781//604
f 781//605 880//605 782//605
f 728//606 881//606 882//606
f 82//607 728//607 80//607
f 80//608 728//608 882//608
f 80//609 882//609 75//609
f 883//610 787//610 84//610
f 882//611 884//611 75//611
f 75//612 884//612 883//612
f 75//613 883//613 83//613
f 83//614 883//614 84//614
f 881//615 728//615 885//615
f 885//616 728//616 732//616
f 885//617 732//617 785//617
f 791//618 787//618 883//618
f 788//619 791//619 886//619
f 789//620 788//620 887//620
f 789//621 888//621 790//621
f 790//621 888//621 889//621
f 889//622 888//622 890//622
f 890//623 888//623 891//623
f 890//624 891//624 892//624
f 791//618 883//618 886//618
f 886//625 883//625 884//625
f 886//626 884//626 893//626
f 788//619 886//619 887//619
f 887//627 886//627 893//627
f 887//627 893//627 894//627
f 894//628 893//628 895//628
f 894//629 895//629 896//629
f 884//630 882//630 893//630
f 893//631 882//631 881//631
f 893//632 881//632 895//632
f 895//633 881//633 885//633
f 895//634 885//634 785//634
f 892//635 891//635 897//635
f 897//636 891//636 898//636
f 897//637 898//637 899//637
f 899//638 898//638 860//638
f 899//638 860//638 339//638
f 789//620 887//620 888//620
f 888//639 887//639 894//639
f 888//640 894//640 891//640
f 891//641 894//641 896//641
f 891//642 896//642 898//642
f 898//643 896//643 858//643
f 898//644 858//644 860//644
f 785//634 852//634 895//634
f 895//645 852//645 854//645
f 895//646 854//646 896//646
f 896//647 854//647 856//647
f 896//648 856//648 858//648
f 832//649 831//649 897//649
f 897//650 831//650 71//650
f 85//651 790//651 74//651
f 74//652 790//652 889//652
f 74//653 889//653 73//653
f 73//654 889//654 890//654
f 73//655 890//655 71//655
f 71//656 890//656 892//656
f 71//657 892//657 897//657
f 833//658 339//658 834//658
f 834//659 339//659 335//659
f 832//660 897//660 833//660
f 833//661 897//661 899//661
f 833//662 899//662 339//662
f 28//663 359//663 21//663
f 21//663 359//663 343//663
f 21//664 343//664 9//664
f 9//664 343//664 338//664
f 9//665 338//665 10//665
f 10//665 338//665 337//665
f 16//666 358//666 17//666
f 17//666 358//666 356//666
f 17//667 356//667 30//667
f 30//667 356//667 354//667
f 30//668 354//668 31//668
f 31//668 354//668 352//668
f 900//669 707//669 705//669
f 901//670 63//670 62//670
f 62//671 902//671 901//671
f 901//672 902//672 903//672
f 901//673 903//673 705//673
f 705//674 903//674 904//674
f 705//675 904//675 900//675
f 698//676 697//676 905//676
f 905//677 697//677 906//677
f 709//669 907//669 708//669
f 708//678 907//678 908//678
f 708//679 908//679 906//679
f 906//680 908//680 909//680
f 906//681 909//681 905//681
f 910//682 56//682 54//682
f 911//683 696//683 695//683
f 695//684 912//684 911//684
f 911//685 912//685 913//685
f 911//686 913//686 54//686
f 54//687 913//687 914//687
f 54//688 914//688 910//688
f 66//689 65//689 915//689
f 915//690 65//690 916//690
f 58//691 917//691 57//691
f 57//692 917//692 918//692
f 57//693 918//693 916//693
f 916//694 918//694 919//694
f 916//695 919//695 915//695
f 710//696 711//696 920//696
f 920//696 711//696 921//696
f 920//670 921//670 757//670
f 757//670 921//670 758//670
f 759//683 760//683 922//683
f 922//683 760//683 923//683
f 922//697 923//697 60//697
f 60//697 923//697 59//697
f 58//698 59//698 917//698
f 917//699 59//699 918//699
f 918//700 59//700 919//700
f 919//701 59//701 924//701
f 919//702 924//702 915//702
f 915//703 924//703 925//703
f 915//704 925//704 66//704
f 66//705 925//705 926//705
f 66//706 926//706 67//706
f 927//707 770//707 69//707
f 926//708 928//708 67//708
f 67//709 928//709 927//709
f 67//710 927//710 68//710
f 68//711 927//711 69//711
f 925//712 924//712 929//712
f 769//713 768//713 930//713
f 931//714 932//714 933//714
f 933//715 932//715 934//715
f 933//716 934//716 930//716
f 930//717 934//717 935//717
f 930//713 935//713 769//713
f 926//718 933//718 928//718
f 928//719 933//719 930//719
f 928//720 930//720 927//720
f 927//721 930//721 768//721
f 927//721 768//721 770//721
f 926//722 925//722 933//722
f 933//723 925//723 929//723
f 933//724 929//724 931//724
f 931//725 929//725 936//725
f 924//726 59//726 929//726
f 929//727 59//727 923//727
f 929//728 923//728 936//728
f 936//728 923//728 760//728
f 771//145 769//145 937//145
f 937//145 769//145 935//145
f 937//729 935//729 938//729
f 938//729 935//729 934//729
f 938//730 934//730 939//730
f 939//730 934//730 932//730
f 939//731 932//731 940//731
f 940//731 932//731 931//731
f 940//732 931//732 941//732
f 941//732 931//732 936//732
f 941//733 936//733 758//733
f 758//733 936//733 760//733
f 940//734 941//734 942//734
f 767//735 772//735 943//735
f 944//736 945//736 946//736
f 946//737 945//737 947//737
f 946//738 947//738 943//738
f 943//739 947//739 948//739
f 943//735 948//735 767//735
f 939//740 946//740 938//740
f 938//741 946//741 943//741
f 938//742 943//742 937//742
f 937//743 943//743 772//743
f 937//743 772//743 771//743
f 939//744 940//744 946//744
f 946//745 940//745 942//745
f 946//746 942//746 944//746
f 944//747 942//747 949//747
f 941//748 758//748 942//748
f 942//748 758//748 921//748
f 942//749 921//749 949//749
f 949//749 921//749 711//749
f 707//750 900//750 711//750
f 711//751 900//751 904//751
f 711//752 904//752 903//752
f 70//753 767//753 64//753
f 64//754 767//754 948//754
f 64//755 948//755 61//755
f 61//756 948//756 947//756
f 61//757 947//757 62//757
f 62//758 947//758 945//758
f 62//759 945//759 902//759
f 902//760 945//760 944//760
f 902//761 944//761 903//761
f 903//762 944//762 949//762
f 903//763 949//763 711//763
f 56//764 910//764 60//764
f 60//765 910//765 914//765
f 60//766 914//766 913//766
f 703//767 764//767 700//767
f 700//768 764//768 950//768
f 700//769 950//769 694//769
f 694//770 950//770 951//770
f 694//771 951//771 695//771
f 695//772 951//772 952//772
f 695//773 952//773 912//773
f 912//774 952//774 953//774
f 912//775 953//775 913//775
f 913//776 953//776 954//776
f 913//777 954//777 60//777
f 951//778 950//778 955//778
f 759//779 922//779 956//779
f 957//780 958//780 959//780
f 959//781 958//781 960//781
f 959//782 960//782 956//782
f 956//783 960//783 961//783
f 956//779 961//779 759//779
f 952//784 959//784 953//784
f 953//785 959//785 956//785
f 953//786 956//786 954//786
f 954//787 956//787 922//787
f 954//788 922//788 60//788
f 952//789 951//789 959//789
f 959//790 951//790 955//790
f 959//791 955//791 957//791
f 957//792 955//792 962//792
f 950//793 764//793 955//793
f 955//794 764//794 766//794
f 955//795 766//795 962//795
f 962//795 766//795 765//795
f 757//796 759//796 963//796
f 963//796 759//796 961//796
f 963//797 961//797 964//797
f 964//797 961//797 960//797
f 964//798 960//798 965//798
f 965//798 960//798 958//798
f 965//799 958//799 966//799
f 966//799 958//799 957//799
f 966//800 957//800 967//800
f 967//800 957//800 962//800
f 967//801 962//801 763//801
f 763//801 962//801 765//801
f 966//802 967//802 968//802
f 710//803 920//803 969//803
f 970//804 971//804 972//804
f 972//805 971//805 973//805
f 972//806 973//806 969//806
f 969//807 973//807 974//807
f 969//803 974//803 710//803
f 965//808 972//808 964//808
f 964//809 972//809 969//809
f 964//810 969//810 963//810
f 963//811 969//811 920//811
f 963//811 920//811 757//811
f 965//812 966//812 972//812
f 972//813 966//813 968//813
f 972//814 968//814 970//814
f 970//815 968//815 975//815
f 967//816 763//816 968//816
f 968//816 763//816 762//816
f 968//817 762//817 975//817
f 975//817 762//817 761//817
f 709//818 710//818 907//818
f 907//819 710//819 908//819
f 908//820 710//820 909//820
f 909//821 710//821 974//821
f 909//822 974//822 905//822
f 905//823 974//823 973//823
f 905//824 973//824 698//824
f 698//825 973//825 971//825
f 698//826 971//826 699//826
f 975//827 761//827 702//827
f 971//828 970//828 699//828
f 699//829 970//829 975//829
f 699//830 975//830 701//830
f 701//831 975//831 702//831
f 715//832 976//832 977//832
f 976//833 978//833 979//833
f 980//834 706//834 981//834
f 979//835 706//835 980//835
f 976//833 979//833 977//833
f 977//836 979//836 980//836
f 977//837 980//837 982//837
f 978//838 706//838 979//838
f 981//839 983//839 980//839
f 980//840 983//840 984//840
f 980//841 984//841 982//841
f 982//842 984//842 985//842
f 982//843 985//843 986//843
f 715//844 977//844 824//844
f 824//845 977//845 982//845
f 824//846 982//846 825//846
f 825//847 982//847 986//847
f 825//848 986//848 293//848
f 293//849 986//849 292//849
f 292//849 986//849 987//849
f 987//850 986//850 988//850
f 988//851 986//851 985//851
f 988//852 985//852 989//852
f 989//853 985//853 984//853
f 989//854 984//854 990//854
f 990//855 984//855 983//855
f 990//856 983//856 991//856
f 983//857 981//857 991//857
f 991//858 981//858 706//858
f 991//858 706//858 708//858
f 704//859 706//859 992//859
f 992//860 706//860 978//860
f 992//861 978//861 993//861
f 993//862 978//862 994//862
f 994//863 978//863 976//863
f 994//864 976//864 995//864
f 995//865 976//865 996//865
f 996//866 976//866 715//866
f 996//867 715//867 713//867
f 708//749 906//749 991//749
f 991//868 906//868 997//868
f 991//869 997//869 990//869
f 990//870 997//870 989//870
f 989//871 997//871 998//871
f 989//872 998//872 988//872
f 988//873 998//873 987//873
f 987//874 998//874 290//874
f 987//735 290//735 292//735
f 906//875 697//875 997//875
f 997//876 697//876 999//876
f 997//877 999//877 998//877
f 998//877 999//877 1000//877
f 998//878 1000//878 290//878
f 290//878 1000//878 323//878
f 704//879 992//879 1001//879
f 1001//880 992//880 993//880
f 1001//881 993//881 1002//881
f 1003//882 1004//882 1005//882
f 1005//883 1004//883 1006//883
f 1005//884 1006//884 1007//884
f 1007//885 1006//885 1008//885
f 1007//886 1008//886 257//886
f 257//886 1008//886 829//886
f 830//887 829//887 1009//887
f 1009//888 829//888 1008//888
f 1009//889 1008//889 1002//889
f 1002//890 1008//890 1006//890
f 1002//891 1006//891 1001//891
f 1001//892 1006//892 1004//892
f 1001//893 1004//893 704//893
f 1003//894 704//894 1004//894
f 993//895 994//895 1002//895
f 1002//896 994//896 995//896
f 1002//897 995//897 1009//897
f 1009//898 995//898 996//898
f 1009//899 996//899 830//899
f 830//900 996//900 713//900
f 321//901 323//901 1000//901
f 321//902 1000//902 1010//902
f 1010//903 1000//903 999//903
f 1010//903 999//903 1011//903
f 1011//904 999//904 697//904
f 1011//904 697//904 696//904
f 257//905 256//905 1012//905
f 257//906 1012//906 1007//906
f 1007//907 1012//907 1013//907
f 1007//908 1013//908 1005//908
f 1005//909 1013//909 1014//909
f 1005//910 1014//910 1003//910
f 1003//911 1014//911 705//911
f 1003//912 705//912 704//912
f 696//913 911//913 1011//913
f 1011//914 911//914 1015//914
f 1011//915 1015//915 1010//915
f 1010//916 1015//916 1016//916
f 1010//917 1016//917 321//917
f 321//917 1016//917 325//917
f 911//918 54//918 1015//918
f 1015//919 54//919 1017//919
f 1015//920 1017//920 1016//920
f 1016//920 1017//920 1018//920
f 1016//921 1018//921 325//921
f 325//922 1018//922 326//922
f 901//923 705//923 1019//923
f 1019//924 705//924 1014//924
f 1019//925 1014//925 1020//925
f 63//926 901//926 1021//926
f 1021//927 901//927 1019//927
f 1021//928 1019//928 1022//928
f 1022//928 1019//928 1020//928
f 1022//929 1020//929 253//929
f 253//929 1020//929 254//929
f 1014//930 1013//930 1020//930
f 1020//931 1013//931 1012//931
f 1020//932 1012//932 254//932
f 254//932 1012//932 256//932
f 328//933 326//933 1018//933
f 328//933 1018//933 1023//933
f 1023//934 1018//934 1017//934
f 1023//935 1017//935 1024//935
f 1024//936 1017//936 54//936
f 1024//936 54//936 53//936
f 253//937 261//937 1025//937
f 253//938 1025//938 1022//938
f 1022//939 1025//939 1026//939
f 1022//939 1026//939 1021//939
f 1021//940 1026//940 65//940
f 1021//940 65//940 63//940
f 1027//941 1028//941 1029//941
f 53//942 1030//942 1029//942
f 1027//943 1029//943 1031//943
f 1031//944 1029//944 1030//944
f 1031//945 1030//945 1032//945
f 821//946 328//946 1027//946
f 1027//947 328//947 1023//947
f 1027//948 1023//948 1028//948
f 821//949 1027//949 822//949
f 822//950 1027//950 1031//950
f 822//951 1031//951 823//951
f 823//952 1031//952 1032//952
f 823//953 1032//953 729//953
f 1028//954 53//954 1029//954
f 1023//955 1024//955 1028//955
f 1028//956 1024//956 53//956
f 57//957 916//957 1033//957
f 1033//958 916//958 1034//958
f 1033//959 1034//959 1035//959
f 1035//959 1034//959 1036//959
f 1035//960 1036//960 258//960
f 258//960 1036//960 259//960
f 916//961 65//961 1034//961
f 1034//962 65//962 1026//962
f 1034//963 1026//963 1036//963
f 1036//964 1026//964 1025//964
f 1036//965 1025//965 259//965
f 259//965 1025//965 261//965
f 724//966 729//966 1032//966
f 724//966 1032//966 1037//966
f 1037//967 1032//967 1030//967
f 1037//967 1030//967 1038//967
f 1038//968 1030//968 53//968
f 1038//968 53//968 55//968
f 55//969 57//969 1033//969
f 55//969 1033//969 1039//969
f 1039//970 1033//970 1035//970
f 1039//971 1035//971 1040//971
f 1040//972 1035//972 258//972
f 1040//972 258//972 231//972
f 1041//973 1042//973 1043//973
f 55//974 1039//974 1043//974
f 1041//975 1043//975 1044//975
f 1044//976 1043//976 1039//976
f 1044//977 1039//977 1040//977
f 826//978 724//978 1041//978
f 1041//979 724//979 1037//979
f 1041//980 1037//980 1042//980
f 826//981 1041//981 827//981
f 827//982 1041//982 1044//982
f 827//983 1044//983 828//983
f 828//984 1044//984 1040//984
f 828//985 1040//985 231//985
f 1042//986 55//986 1043//986
f 1037//987 1038//987 1042//987
f 1042//988 1038//988 55//988
f 633//989 587//989 614//989
f 614//990 587//990 585//990
f 614//991 585//991 615//991
f 615//992 585//992 601//992
f 615//992 601//992 616//992
f 616//993 601//993 600//993
f 616//994 600//994 617//994
f 617//995 600//995 598//995
f 617//368 598//368 618//368
f 618//996 598//996 596//996
f 618//997 596//997 619//997
f 619//998 596//998 594//998
f 619//999 594//999 620//999
f 620//1000 594//1000 612//1000
f 620//1000 612//1000 621//1000
f 621//1001 612//1001 611//1001
f 621//1002 611//1002 622//1002
f 622//1003 611//1003 1045//1003
f 622//1004 1045//1004 1046//1004
f 1046//1005 1045//1005 607//1005
f 1046//1006 607//1006 624//1006
f 624//1007 607//1007 605//1007
f 624//1008 605//1008 625//1008
f 625//1009 605//1009 603//1009
f 625//1009 603//1009 626//1009
f 626//1010 603//1010 602//1010
f 626//1011 602//1011 627//1011
f 627//1012 602//1012 582//1012
f 627//1013 582//1013 628//1013
f 628//1014 582//1014 580//1014
f 628//1015 580//1015 629//1015
f 629//1016 580//1016 578//1016
f 629//1017 578//1017 630//1017
f 630//1018 578//1018 592//1018
f 630//1018 592//1018 631//1018
f 631//1019 592//1019 591//1019
f 631//1020 591//1020 632//1020
f 632//1021 591//1021 1047//1021
f 632//1022 1047//1022 633//1022
f 633//1023 1047//1023 587//1023
f 690//1024 637//1024 671//1024
f 671//1025 637//1025 635//1025
f 671//1026 635//1026 672//1026
f 672//1027 635//1027 658//1027
f 672//1027 658//1027 673//1027
f 673//1028 658//1028 657//1028
f 673//1029 657//1029 674//1029
f 674//1030 657//1030 655//1030
f 674//1031 655//1031 675//1031
f 675//1032 655//1032 653//1032
f 675//1033 653//1033 676//1033
f 676//1034 653//1034 651//1034
f 676//1035 651//1035 677//1035
f 677//1036 651//1036 669//1036
f 677//1036 669//1036 678//1036
f 678//1037 669//1037 668//1037
f 678//1038 668//1038 679//1038
f 679//1039 668//1039 1048//1039
f 679//1040 1048//1040 1049//1040
f 1049//1041 1048//1041 664//1041
f 1049//1042 664//1042 681//1042
f 681//1043 664//1043 662//1043
f 681//1044 662//1044 682//1044
f 682//1045 662//1045 660//1045
f 682//1045 660//1045 683//1045
f 683//1046 660//1046 659//1046
f 683//1047 659//1047 684//1047
f 684//1048 659//1048 648//1048
f 684//435 648//435 685//435
f 685//1049 648//1049 646//1049
f 685//1050 646//1050 686//1050
f 686//1051 646//1051 644//1051
f 686//1052 644//1052 687//1052
f 687//1053 644//1053 643//1053
f 687//1053 643//1053 688//1053
f 688//1054 643//1054 641//1054
f 688//1055 641//1055 689//1055
f 689//1056 641//1056 1050//1056
f 689//1057 1050//1057 690//1057
f 690//1058 1050//1058 637//1058
f 451//1059 459//1059 517//1059
f 517//1060 459//1060 518//1060
f 459//1060 458//1060 518//1060
f 518//1061 458//1061 466//1061
f 518//1062 466//1062 519//1062
f 519//1063 466//1063 465//1063
f 519//1063 465//1063 520//1063
f 520//1064 465//1064 463//1064
f 520//1065 463//1065 521//1065
f 521//1066 463//1066 461//1066
f 521//1066 461//1066 522//1066
f 522//1067 461//1067 460//1067
f 522//1068 460//1068 523//1068
f 523//1069 460//1069 434//1069
f 523//1070 434//1070 524//1070
f 524//1071 434//1071 432//1071
f 524//1071 432//1071 525//1071
f 525//1072 432//1072 430//1072
f 525//1073 430//1073 526//1073
f 526//1074 430//1074 442//1074
f 526//1075 442//1075 527//1075
f 527//1076 442//1076 441//1076
f 527//1077 441//1077 486//1077
f 486//1078 441//1078 439//1078
f 486//1079 439//1079 487//1079
f 487//1080 439//1080 437//1080
f 487//1081 437//1081 536//1081
f 536//1082 437//1082 449//1082
f 536//1083 449//1083 533//1083
f 533//1084 449//1084 448//1084
f 533//1084 448//1084 479//1084
f 479//1085 448//1085 446//1085
f 479//1086 446//1086 484//1086
f 484//1087 446//1087 444//1087
f 484//1087 444//1087 471//1087
f 471//1088 444//1088 456//1088
f 471//1088 456//1088 472//1088
f 472//1089 456//1089 455//1089
f 472//1089 455//1089 529//1089
f 529//1090 455//1090 453//1090
f 529//1090 453//1090 512//1090
f 512//1091 453//1091 451//1091
f 512//1092 451//1092 516//1092
f 516//1059 451//1059 517//1059
f 551//1093 511//1093 510//1093
f 551//1094 510//1094 552//1094
f 552//1095 510//1095 509//1095
f 552//1096 509//1096 540//1096
f 509//1097 508//1097 540//1097
f 540//1098 508//1098 507//1098
f 540//1099 507//1099 542//1099
f 507//1100 506//1100 542//1100
f 542//1101 506//1101 505//1101
f 542//1102 505//1102 544//1102
f 544//1103 505//1103 504//1103
f 504//1104 503//1104 544//1104
f 544//1105 503//1105 502//1105
f 544//1106 502//1106 563//1106
f 563//1107 502//1107 501//1107
f 563//1108 501//1108 564//1108
f 501//1109 500//1109 564//1109
f 564//1110 500//1110 499//1110
f 564//1111 499//1111 566//1111
f 566//1112 499//1112 498//1112
f 498//1113 497//1113 566//1113
f 566//1114 497//1114 496//1114
f 566//1115 496//1115 568//1115
f 568//1116 496//1116 495//1116
f 568//1117 495//1117 569//1117
f 569//1118 495//1118 494//1118
f 494//1119 493//1119 569//1119
f 569//1120 493//1120 492//1120
f 569//1121 492//1121 560//1121
f 560//1122 492//1122 488//1122
f 560//1123 488//1123 570//1123
f 570//1124 488//1124 489//1124
f 570//1125 489//1125 571//1125
f 571//1126 489//1126 490//1126
f 571//1127 490//1127 573//1127
f 490//1128 491//1128 573//1128
f 573//1129 491//1129 537//1129
f 573//1130 537//1130 575//1130
f 575//1131 537//1131 538//1131
f 538//1132 535//1132 575//1132
f 575//1133 535//1133 534//1133
f 575//1134 534//1134 576//1134
f 576//1135 534//1135 532//1135
f 576//1136 532//1136 554//1136
f 554//1137 532//1137 483//1137
f 483//1138 481//1138 554//1138
f 554//1139 481//1139 480//1139
f 554//1140 480//1140 556//1140
f 480//1141 475//1141 556//1141
f 556//1142 475//1142 474//1142
f 556//1143 474//1143 558//1143
f 474//1144 469//1144 558//1144
f 558//1145 469//1145 468//1145
f 558//1146 468//1146 559//1146
f 559//1147 468//1147 530//1147
f 559//1148 530//1148 547//1148
f 547//1149 530//1149 531//1149
f 531//1150 528//1150 547//1150
f 547//1151 528//1151 515//1151
f 547//1152 515//1152 549//1152
f 549//1153 515//1153 514//1153
f 549//1154 514//1154 551//1154
f 551//1155 514//1155 513//1155
f 551//1156 513//1156 511//1156
f 1051//161 1052//161 38//161
f 38//161 1052//161 45//161
f 1053//4 1054//4 1055//4
f 1055//4 1054//4 1056//4
f 803//2 305//2 804//2
f 804//2 305//2 304//2
f 804//2 304//2 1057//2
f 268//2 818//2 267//2
f 267//2 818//2 820//2
f 267//2 820//2 1058//2
f 1058//2 820//2 1059//2
f 1058//2 1059//2 1060//2
f 1060//2 1059//2 1051//2
f 1059//2 1061//2 1051//2
f 1051//2 1061//2 1055//2
f 1051//2 1055//2 1052//2
f 304//2 1062//2 1057//2
f 1057//2 1062//2 1063//2
f 1057//2 1063//2 1064//2
f 1064//2 1063//2 1052//2
f 1064//2 1052//2 1056//2
f 1056//2 1052//2 1055//2
f 1065//1157 721//1157 1066//1157
f 1066//1158 721//1158 716//1158
f 802//1159 808//1159 797//1159
f 797//1160 808//1160 1067//1160
f 797//1161 1067//1161 798//1161
f 798//1162 1067//1162 1068//1162
f 798//1163 1068//1163 799//1163
f 799//1164 1068//1164 1069//1164
f 799//1165 1069//1165 800//1165
f 800//1166 1069//1166 1070//1166
f 800//1167 1070//1167 1065//1167
f 1065//1168 1070//1168 1071//1168
f 1065//1169 1071//1169 721//1169
f 1068//1170 1067//1170 1072//1170
f 1073//1171 1074//1171 1075//1171
f 1070//1172 1069//1172 1076//1172
f 1077//1173 1078//1173 1079//1173
f 1079//1174 1078//1174 367//1174
f 367//1174 851//1174 1079//1174
f 1079//1175 851//1175 849//1175
f 1079//1176 849//1176 1080//1176
f 721//1177 1071//1177 843//1177
f 843//1177 1071//1177 1081//1177
f 843//1178 1081//1178 845//1178
f 845//1179 1081//1179 1080//1179
f 845//1180 1080//1180 847//1180
f 847//1181 1080//1181 849//1181
f 1071//1182 1070//1182 1081//1182
f 1081//1183 1070//1183 1076//1183
f 1081//1184 1076//1184 1080//1184
f 1080//1184 1076//1184 1082//1184
f 1080//1185 1082//1185 1079//1185
f 1079//1185 1082//1185 1075//1185
f 1079//1186 1075//1186 1077//1186
f 1077//1187 1075//1187 1074//1187
f 1069//1188 1068//1188 1076//1188
f 1076//1189 1068//1189 1072//1189
f 1076//1190 1072//1190 1082//1190
f 1082//1191 1072//1191 1083//1191
f 1082//1192 1083//1192 1075//1192
f 1075//1193 1083//1193 1084//1193
f 1075//1194 1084//1194 1073//1194
f 1073//1195 1084//1195 1085//1195
f 1067//1196 808//1196 1072//1196
f 1072//1196 808//1196 807//1196
f 1072//1197 807//1197 1083//1197
f 1083//1197 807//1197 806//1197
f 1083//1198 806//1198 1084//1198
f 1084//1198 806//1198 811//1198
f 1084//1199 811//1199 1085//1199
f 1085//1199 811//1199 810//1199
f 365//1200 367//1200 1086//1200
f 1086//1200 367//1200 1078//1200
f 1086//1201 1078//1201 1087//1201
f 1087//1201 1078//1201 1077//1201
f 1087//1202 1077//1202 1088//1202
f 1088//1202 1077//1202 1074//1202
f 1088//1203 1074//1203 1089//1203
f 1089//1203 1074//1203 1073//1203
f 1089//1204 1073//1204 1090//1204
f 1090//1204 1073//1204 1085//1204
f 1090//1205 1085//1205 805//1205
f 805//1205 1085//1205 810//1205
f 805//801 804//801 1091//801
f 1091//1206 804//1206 1057//1206
f 1091//800 1057//800 1092//800
f 1092//799 1057//799 1093//799
f 1093//1207 1057//1207 1064//1207
f 1093//1208 1064//1208 1094//1208
f 1094//797 1064//797 1095//797
f 1095//1209 1064//1209 1056//1209
f 1095//796 1056//796 1054//796
f 805//1210 1096//1210 1090//1210
f 1090//1211 1096//1211 1089//1211
f 1089//1212 1096//1212 1097//1212
f 1089//1213 1097//1213 1088//1213
f 805//1214 1098//1214 1099//1214
f 1099//1215 1098//1215 1100//1215
f 1099//1216 1100//1216 1101//1216
f 1101//1217 1100//1217 1102//1217
f 1101//1218 1102//1218 1103//1218
f 1092//1219 1093//1219 1100//1219
f 1100//1220 1093//1220 1094//1220
f 1100//1221 1094//1221 1102//1221
f 1102//1222 1094//1222 1095//1222
f 1102//1223 1095//1223 1054//1223
f 1088//1224 1097//1224 1087//1224
f 1087//1225 1097//1225 1104//1225
f 1087//1226 1104//1226 1086//1226
f 1086//1227 1104//1227 1105//1227
f 1086//1227 1105//1227 365//1227
f 805//1228 1099//1228 1096//1228
f 1096//1229 1099//1229 1101//1229
f 1096//1230 1101//1230 1097//1230
f 1097//1231 1101//1231 1103//1231
f 1097//1232 1103//1232 1104//1232
f 1104//1233 1103//1233 1106//1233
f 1104//1234 1106//1234 1105//1234
f 1092//1235 1100//1235 1091//1235
f 1091//1236 1100//1236 1098//1236
f 1091//1237 1098//1237 805//1237
f 1054//1223 1107//1223 1102//1223
f 1102//1238 1107//1238 1108//1238
f 1102//1239 1108//1239 1103//1239
f 1103//1240 1108//1240 1109//1240
f 1103//1241 1109//1241 1106//1241
f 1054//92 1053//92 1107//92
f 1107//92 1053//92 1110//92
f 1107//1242 1110//1242 1108//1242
f 1108//1242 1110//1242 1111//1242
f 1108//1243 1111//1243 1109//1243
f 1109//1243 1111//1243 1112//1243
f 1109//1244 1112//1244 1106//1244
f 1106//1244 1112//1244 1113//1244
f 1106//1245 1113//1245 1105//1245
f 1105//1245 1113//1245 1114//1245
f 1105//1246 1114//1246 365//1246
f 365//1246 1114//1246 366//1246
f 819//145 1115//145 820//145
f 820//1247 1115//1247 1059//1247
f 1115//729 1116//729 1059//729
f 1059//730 1116//730 1117//730
f 1059//1248 1117//1248 1061//1248
f 1053//733 1055//733 1118//733
f 1118//1249 1055//1249 1061//1249
f 1118//732 1061//732 1119//732
f 1119//1250 1061//1250 1117//1250
f 1120//1251 1121//1251 819//1251
f 1116//1252 1115//1252 1121//1252
f 1121//1253 1115//1253 819//1253
f 1122//1254 1120//1254 819//1254
f 1119//1255 1117//1255 1123//1255
f 1124//1256 1125//1256 1126//1256
f 1126//1257 1125//1257 366//1257
f 366//1257 1114//1257 1126//1257
f 1126//1258 1114//1258 1113//1258
f 1126//1259 1113//1259 1127//1259
f 1053//1260 1118//1260 1110//1260
f 1110//1260 1118//1260 1128//1260
f 1110//1261 1128//1261 1111//1261
f 1111//1262 1128//1262 1127//1262
f 1111//1263 1127//1263 1112//1263
f 1112//1264 1127//1264 1113//1264
f 1118//1265 1119//1265 1128//1265
f 1128//1266 1119//1266 1123//1266
f 1128//1267 1123//1267 1127//1267
f 1127//1268 1123//1268 1129//1268
f 1127//1269 1129//1269 1126//1269
f 1126//1270 1129//1270 1130//1270
f 1126//1271 1130//1271 1124//1271
f 1131//1272 1132//1272 1130//1272
f 1130//1273 1132//1273 1133//1273
f 1130//1274 1133//1274 1124//1274
f 1117//1275 1116//1275 1123//1275
f 1123//1276 1116//1276 1121//1276
f 1123//1277 1121//1277 1129//1277
f 1129//1278 1121//1278 1120//1278
f 1129//1279 1120//1279 1130//1279
f 1130//1279 1120//1279 1122//1279
f 1130//1280 1122//1280 1131//1280
f 1131//1281 1122//1281 819//1281
f 819//1282 817//1282 1131//1282
f 1131//1282 817//1282 1134//1282
f 1131//1283 1134//1283 1132//1283
f 1132//1283 1134//1283 1135//1283
f 1132//62 1135//62 1133//62
f 1133//62 1135//62 1136//62
f 1133//56 1136//56 1124//56
f 1124//56 1136//56 1137//56
f 1124//1284 1137//1284 1125//1284
f 1125//1284 1137//1284 1138//1284
f 1125//1285 1138//1285 366//1285
f 366//1285 1138//1285 368//1285
f 813//1286 812//1286 1139//1286
f 814//1287 813//1287 1140//1287
f 815//1288 814//1288 1141//1288
f 815//1289 1142//1289 817//1289
f 817//1289 1142//1289 1134//1289
f 1134//1290 1142//1290 1135//1290
f 1135//1291 1142//1291 1143//1291
f 1135//1292 1143//1292 1136//1292
f 813//1286 1139//1286 1140//1286
f 1140//1293 1139//1293 1144//1293
f 1140//1294 1144//1294 1145//1294
f 814//1287 1140//1287 1141//1287
f 1141//1295 1140//1295 1145//1295
f 1141//1296 1145//1296 1146//1296
f 1146//1297 1145//1297 1147//1297
f 1146//1297 1147//1297 1148//1297
f 1144//1298 1149//1298 1145//1298
f 1145//1299 1149//1299 1150//1299
f 1145//1300 1150//1300 1147//1300
f 1147//1301 1150//1301 1151//1301
f 1147//1302 1151//1302 722//1302
f 1136//1303 1143//1303 1137//1303
f 1137//1304 1143//1304 1152//1304
f 1137//1305 1152//1305 1138//1305
f 1138//1306 1152//1306 850//1306
f 1138//1306 850//1306 368//1306
f 815//1288 1141//1288 1142//1288
f 1142//1307 1141//1307 1146//1307
f 1142//1308 1146//1308 1143//1308
f 1143//1309 1146//1309 1148//1309
f 1143//1309 1148//1309 1152//1309
f 1152//1310 1148//1310 848//1310
f 1152//1311 848//1311 850//1311
f 722//1302 842//1302 1147//1302
f 1147//1312 842//1312 844//1312
f 1147//1313 844//1313 1148//1313
f 1148//1314 844//1314 846//1314
f 1148//1315 846//1315 848//1315
f 1153//1316 719//1316 722//1316
f 1153//1317 722//1317 1154//1317
f 1154//1318 722//1318 1151//1318
f 1154//1319 1151//1319 1//1319
f 1//1320 1151//1320 1150//1320
f 1//1321 1150//1321 2//1321
f 2//1322 1150//1322 1149//1322
f 2//1323 1149//1323 4//1323
f 1139//1324 812//1324 7//1324
f 1149//1325 1144//1325 4//1325
f 4//1326 1144//1326 1139//1326
f 4//1327 1139//1327 8//1327
f 8//1328 1139//1328 7//1328
f 6//1329 5//1329 269//1329
f 269//1329 5//1329 816//1329
f 269//1330 816//1330 268//1330
f 268//1330 816//1330 818//1330
f 305//1330 803//1330 307//1330
f 307//1330 803//1330 809//1330
f 307//1329 809//1329 308//1329
f 308//1329 809//1329 801//1329
f 300//1331 302//1331 800//1331
f 800//1332 1065//1332 300//1332
f 300//1333 1065//1333 1066//1333
f 300//1334 1066//1334 716//1334
f 1//1335 3//1335 1154//1335
f 1154//1336 3//1336 273//1336
f 1154//1337 273//1337 1153//1337
f 1153//1338 273//1338 719//1338
f 304//1339 20//1339 19//1339
f 304//1339 19//1339 1062//1339
f 1062//1340 19//1340 14//1340
f 1062//1340 14//1340 1063//1340
f 1063//1341 14//1341 45//1341
f 1063//1341 45//1341 1052//1341
f 1051//1342 38//1342 39//1342
f 1051//1342 39//1342 1060//1342
f 1060//1343 39//1343 41//1343
f 1060//1343 41//1343 1058//1343
f 1058//1344 41//1344 43//1344
f 1058//1344 43//1344 267//1344
