# Blender 4.3.2
# www.blender.org
o LINK_SHOULDER_YAW_R
v 0.046279 -0.015005 -0.061083
v 0.045991 -0.014767 -0.062588
v 0.044797 -0.018966 -0.062701
v 0.046952 -0.010423 -0.061455
v 0.046925 -0.010912 -0.061165
v 0.045088 -0.019247 -0.061212
v 0.046319 -0.016495 -0.053455
v 0.045378 -0.019875 -0.054502
v 0.046658 -0.014574 -0.055924
v 0.047022 -0.013511 -0.043721
v 0.046974 -0.010413 -0.061187
v 0.047745 -0.006731 -0.050071
v 0.047574 -0.010069 -0.047074
v 0.047137 -0.007539 -0.061339
v 0.046811 -0.007645 -0.062837
v 0.046798 -0.007568 -0.062837
v 0.047123 -0.007461 -0.061343
v 0.047080 -0.007395 -0.061344
v 0.047731 -0.006654 -0.050076
v 0.046759 -0.007501 -0.062823
v 0.046700 -0.007455 -0.062798
v 0.045751 -0.007538 -0.063959
v 0.045796 -0.007585 -0.064003
v 0.045529 -0.007553 -0.064166
v 0.045574 -0.007600 -0.064210
v 0.045825 -0.007652 -0.064030
v 0.045603 -0.007667 -0.064237
v 0.045835 -0.007730 -0.064035
v 0.045614 -0.007744 -0.064242
v 0.046651 -0.010449 -0.062695
v 0.045683 -0.010413 -0.063895
v 0.045092 -0.011302 -0.064323
v 0.045392 -0.007759 -0.064449
v 0.045044 -0.014566 -0.063786
v 0.044373 -0.015052 -0.064298
v 0.043881 -0.018604 -0.063883
v 0.042249 -0.022468 -0.064182
v 0.042552 -0.020154 -0.064615
v 0.043593 -0.014864 -0.065253
v 0.039808 -0.023364 -0.065923
v 0.040033 -0.023728 -0.065603
v 0.041112 -0.021364 -0.065554
v 0.042273 -0.019351 -0.065160
v 0.042019 -0.019083 -0.065861
v 0.042850 -0.016998 -0.065653
v 0.042838 -0.016934 -0.066435
v 0.043462 -0.014834 -0.065579
v 0.043377 -0.014813 -0.066173
v 0.043518 -0.014833 -0.067165
v 0.043920 -0.012230 -0.067130
v 0.044237 -0.007918 -0.066617
v 0.044241 -0.007961 -0.067213
v 0.044260 -0.008002 -0.067795
v 0.044227 -0.007883 -0.067219
v 0.044184 -0.007817 -0.067226
v 0.044245 -0.007925 -0.067801
v 0.044223 -0.007841 -0.066622
v 0.044180 -0.007774 -0.066625
v 0.044391 -0.007857 -0.065775
v 0.044378 -0.007779 -0.065776
v 0.044338 -0.007712 -0.065766
v 0.044788 -0.007726 -0.065056
v 0.044800 -0.007804 -0.065060
v 0.044754 -0.007659 -0.065034
v 0.045382 -0.007682 -0.064444
v 0.045352 -0.007615 -0.064417
v 0.044704 -0.007613 -0.064997
v 0.045308 -0.007568 -0.064373
v 0.045255 -0.007548 -0.064318
v 0.044643 -0.007594 -0.064950
v 0.044203 -0.007649 -0.065722
v 0.043516 -0.007619 -0.065298
v 0.044716 -0.007506 -0.063730
v 0.045157 -0.007477 -0.063318
v 0.045477 -0.007534 -0.064111
v 0.045699 -0.007519 -0.063904
v 0.046630 -0.007437 -0.062766
v 0.045911 -0.007413 -0.062423
v 0.046145 -0.007330 -0.061271
v 0.046743 -0.006543 -0.050295
v 0.046938 -0.007335 -0.061337
v 0.047545 -0.006528 -0.050080
v 0.047623 -0.006544 -0.050081
v 0.047015 -0.007351 -0.061342
v 0.047688 -0.006588 -0.050080
v 0.047793 -0.005779 -0.038801
v 0.047836 -0.005845 -0.038795
v 0.047237 -0.004771 -0.022717
v 0.047223 -0.004693 -0.022723
v 0.047850 -0.005923 -0.038790
v 0.047506 -0.009030 -0.033458
v 0.046812 -0.008003 -0.019810
v 0.046839 -0.012483 -0.031191
v 0.046136 -0.011485 -0.018602
v 0.043803 -0.014517 -0.005786
v 0.043867 -0.018128 -0.016153
v 0.044563 -0.019089 -0.026657
v 0.044923 -0.010497 -0.006112
v 0.045475 -0.007427 -0.006369
v 0.043891 -0.010868 0.000278
v 0.043811 -0.011185 0.000300
v 0.042631 -0.014987 0.000573
v 0.042813 -0.017180 -0.005576
v 0.040927 -0.019018 0.000862
v 0.038788 -0.022942 0.001143
v 0.040656 -0.021706 -0.005228
v 0.041622 -0.019838 -0.005371
v 0.040592 -0.024226 -0.013731
v 0.039728 -0.023327 -0.005106
v 0.037167 -0.027158 -0.004821
v 0.036529 -0.026302 0.001384
v 0.038213 -0.023860 0.001209
v 0.039224 -0.027984 -0.020112
v 0.037786 -0.032711 -0.031421
v 0.040201 -0.029829 -0.035522
v 0.041233 -0.025173 -0.022241
v 0.037445 -0.031623 -0.024720
v 0.041594 -0.027844 -0.038292
v 0.035801 -0.028910 -0.004693
v 0.037008 -0.030622 -0.018053
v 0.031851 -0.035735 -0.017662
v 0.035784 -0.028930 -0.004691
v 0.032400 -0.032638 -0.004422
v 0.032141 -0.036552 -0.024344
v 0.026531 -0.041313 -0.030730
v 0.032358 -0.037341 -0.031029
v 0.032221 -0.038085 -0.035735
v 0.026348 -0.041782 -0.034508
v 0.025411 -0.042569 -0.037610
v 0.020910 -0.044201 -0.030167
v 0.023198 -0.043924 -0.041036
v 0.021635 -0.044722 -0.042710
v 0.024555 -0.043137 -0.039188
v 0.020537 -0.043072 -0.016973
v 0.014771 -0.046613 -0.031940
v 0.026246 -0.039931 -0.017348
v 0.026212 -0.039805 -0.016289
v 0.026243 -0.037733 -0.004056
v 0.024170 -0.037843 0.002211
v 0.028835 -0.035803 -0.004195
v 0.025673 -0.038121 -0.004029
v 0.024730 -0.038736 -0.003984
v 0.022234 -0.040211 -0.003879
v 0.018619 -0.041994 -0.003753
v 0.020102 -0.040141 0.002376
v 0.016859 -0.041603 0.002481
v 0.017135 -0.042616 -0.003709
v 0.015790 -0.042019 0.002511
v 0.014079 -0.042621 0.002554
v 0.014227 -0.043663 -0.003634
v 0.009591 -0.043848 0.002642
v 0.008770 -0.044019 0.002654
v 0.009798 -0.044851 -0.003549
v 0.007791 -0.047189 -0.018671
v 0.008914 -0.045033 -0.003535
v 0.014292 -0.045581 -0.017812
v 0.007057 -0.045356 -0.003512
v 0.005000 -0.044605 0.002696
v 0.005005 -0.045625 -0.003492
v 0.000436 -0.045897 -0.003472
v 0.001104 -0.047930 -0.019649
v 0.000317 -0.045898 -0.003472
v 0.000315 -0.044956 0.002305
v 0.000314 -0.044885 0.002716
v -0.000737 -0.044881 0.002716
v -0.005382 -0.044566 0.002693
v -0.006523 -0.044414 0.002682
v -0.004126 -0.045726 -0.003483
v -0.003377 -0.047939 -0.020191
v -0.008532 -0.045131 -0.003526
v -0.007869 -0.047559 -0.020805
v -0.012353 -0.046767 -0.021523
v -0.011925 -0.048644 -0.039535
v -0.007320 -0.049216 -0.038123
v -0.002774 -0.049378 -0.036837
v -0.012526 -0.049753 -0.058109
v -0.006860 -0.050269 -0.055513
v -0.007720 -0.050766 -0.073743
v -0.001369 -0.050212 -0.053087
v -0.006108 -0.050810 -0.072758
v 0.002459 -0.048947 -0.073519
v -0.006564 -0.050231 -0.075945
v -0.000207 -0.050632 -0.069168
v 0.000301 -0.050592 -0.068860
v 0.002641 -0.050360 -0.067442
v 0.009058 -0.047915 -0.069771
v 0.002202 -0.049907 -0.051552
v 0.008810 -0.048842 -0.048810
v 0.008667 -0.049397 -0.063804
v 0.014495 -0.047959 -0.060309
v 0.015362 -0.047702 -0.059790
v 0.015589 -0.046496 -0.066135
v 0.016994 -0.044575 -0.071458
v 0.021990 -0.044393 -0.062730
v 0.020888 -0.043364 -0.069607
v 0.012688 -0.045602 -0.073608
v 0.012919 -0.045272 -0.074296
v 0.002872 -0.048583 -0.074421
v 0.004504 -0.046976 -0.078021
v 0.004794 -0.046624 -0.078673
v 0.000537 -0.047409 -0.080336
v -0.002458 -0.046833 -0.083695
v -0.005155 -0.047761 -0.083853
v 0.005025 -0.046145 -0.079226
v 0.013081 -0.044814 -0.074892
v 0.002007 -0.045133 -0.081799
v 0.005173 -0.045512 -0.079631
v 0.005254 -0.044775 -0.079917
v 0.013145 -0.044199 -0.075347
v 0.020001 -0.041685 -0.072302
v 0.013134 -0.043478 -0.075685
v 0.021122 -0.042031 -0.071442
v 0.021143 -0.042618 -0.070949
v 0.025338 -0.040923 -0.069050
v 0.021055 -0.043053 -0.070321
v 0.025141 -0.041641 -0.067686
v 0.029255 -0.039452 -0.065948
v 0.028141 -0.041378 -0.059640
v 0.032725 -0.037007 -0.064616
v 0.025453 -0.043788 -0.053770
v 0.031132 -0.039471 -0.058172
v 0.026704 -0.043167 -0.053019
v 0.029507 -0.041620 -0.051256
v 0.019389 -0.045827 -0.046761
v 0.018101 -0.046234 -0.045665
v 0.019924 -0.045498 -0.044246
v 0.020294 -0.046011 -0.056849
v 0.026912 -0.042473 -0.045986
v 0.031635 -0.040249 -0.049645
v 0.033972 -0.037312 -0.056613
v 0.035909 -0.034093 -0.063542
v 0.036604 -0.034922 -0.054951
v 0.038766 -0.030787 -0.062699
v 0.038939 -0.032383 -0.053200
v 0.037459 -0.034682 -0.048812
v 0.034863 -0.037683 -0.046063
v 0.035977 -0.036574 -0.044125
v 0.039098 -0.032720 -0.046393
v 0.036927 -0.035435 -0.041716
v 0.030377 -0.040069 -0.041637
v 0.028816 -0.041252 -0.043958
v 0.031298 -0.039235 -0.039637
v 0.037783 -0.033855 -0.037037
v 0.041067 -0.029321 -0.041113
v 0.040285 -0.030923 -0.043815
v 0.042443 -0.027268 -0.049539
v 0.043595 -0.024818 -0.047654
v 0.046153 -0.017244 -0.052485
v 0.044481 -0.022403 -0.045692
v 0.044923 -0.020113 -0.037076
v 0.043899 -0.023715 -0.043931
v 0.041929 -0.027321 -0.039015
v 0.043019 -0.022204 -0.024427
v 0.046128 -0.016866 -0.040378
v 0.044094 -0.023215 -0.055541
v 0.040900 -0.029802 -0.051388
v 0.042375 -0.026550 -0.056626
v 0.043507 -0.023089 -0.061520
v 0.041275 -0.027172 -0.062041
v 0.040225 -0.029826 -0.057779
v 0.041025 -0.026791 -0.063514
v 0.038600 -0.030311 -0.064159
v 0.035841 -0.033537 -0.064985
v 0.035245 -0.032583 -0.066049
v 0.037892 -0.029492 -0.065261
v 0.040224 -0.026123 -0.064648
v 0.036555 -0.026214 -0.067444
v 0.039701 -0.024059 -0.065759
v 0.038118 -0.024475 -0.066948
v 0.039566 -0.022812 -0.066626
v 0.038076 -0.023991 -0.067589
v 0.036437 -0.024927 -0.068505
v 0.036400 -0.025466 -0.067909
v 0.032972 -0.025904 -0.070657
v 0.032866 -0.026112 -0.070435
v 0.032734 -0.026724 -0.070059
v 0.024395 -0.027612 -0.075302
v 0.024647 -0.027018 -0.075770
v 0.024523 -0.027226 -0.075557
v 0.007042 -0.028076 -0.085894
v 0.006722 -0.028672 -0.085466
v 0.007518 -0.027805 -0.086484
v -0.003202 -0.029120 -0.091706
v -0.002855 -0.028523 -0.092112
v 0.025046 -0.026750 -0.076407
v 0.033289 -0.025651 -0.071223
v 0.033817 -0.025633 -0.072053
v 0.025517 -0.026747 -0.077146
v 0.021517 -0.027095 -0.079494
v 0.029864 -0.027856 -0.090411
v 0.008029 -0.027799 -0.087199
v 0.025902 -0.028841 -0.101890
v 0.026544 -0.028589 -0.098616
v -0.002345 -0.028248 -0.092673
v -0.001783 -0.028240 -0.093352
v 0.026597 -0.029743 -0.114317
v 0.016672 -0.029371 -0.109126
v 0.025493 -0.029689 -0.113566
v 0.007067 -0.029205 -0.106812
v 0.026706 -0.029422 -0.109850
v 0.025971 -0.029211 -0.106924
v 0.027719 -0.028301 -0.095131
v 0.025771 -0.029058 -0.104814
v 0.026622 -0.028843 -0.102620
v 0.027098 -0.029046 -0.106756
v 0.027431 -0.028849 -0.106717
v 0.027300 -0.028560 -0.102640
v 0.028500 -0.029107 -0.110411
v 0.027849 -0.029420 -0.110584
v 0.028987 -0.029747 -0.114377
v 0.030356 -0.029350 -0.113783
v 0.029732 -0.029669 -0.114044
v 0.027941 -0.029622 -0.112642
v 0.035206 -0.029798 -0.119775
v 0.034687 -0.030111 -0.120183
v 0.029616 -0.029812 -0.115286
v 0.032788 -0.030091 -0.119185
v 0.034072 -0.030199 -0.120686
v 0.033317 -0.030162 -0.120167
v 0.030124 -0.029941 -0.117079
v 0.026157 -0.029940 -0.114930
v 0.029620 -0.030134 -0.117643
v 0.025783 -0.030410 -0.115428
v 0.032283 -0.030815 -0.121086
v 0.029194 -0.030601 -0.118100
v 0.032757 -0.030351 -0.120676
v 0.035564 -0.030591 -0.124016
v 0.036174 -0.030405 -0.123567
v 0.035046 -0.031051 -0.124374
v 0.034700 -0.031717 -0.124588
v 0.035335 -0.031778 -0.125450
v 0.035687 -0.031113 -0.125246
v 0.038019 -0.031375 -0.128893
v 0.036215 -0.030654 -0.124901
v 0.037642 -0.032037 -0.129059
v 0.039546 -0.032310 -0.132857
v 0.037510 -0.032806 -0.129079
v 0.035211 -0.032548 -0.125484
v 0.034869 -0.032514 -0.125013
v 0.034869 -0.033799 -0.124921
v 0.034579 -0.032486 -0.124624
v 0.031854 -0.032254 -0.121382
v 0.028326 -0.033298 -0.117933
v 0.039606 -0.034394 -0.133232
v 0.039606 -0.033110 -0.133324
v 0.039407 -0.033077 -0.132863
v 0.040902 -0.033361 -0.136821
v 0.042279 -0.035052 -0.142413
v 0.041213 -0.033434 -0.137841
v 0.041800 -0.032785 -0.139492
v 0.041652 -0.033551 -0.139473
v 0.041360 -0.032668 -0.137854
v 0.042221 -0.032131 -0.139435
v 0.041047 -0.032595 -0.136830
v 0.041776 -0.032012 -0.137779
v 0.041460 -0.031938 -0.136745
v 0.042078 -0.031491 -0.136580
v 0.039943 -0.031650 -0.132730
v 0.040538 -0.031199 -0.132502
v 0.042075 -0.031172 -0.134258
v 0.041670 -0.031098 -0.133226
v 0.040295 -0.030881 -0.130199
v 0.040780 -0.030953 -0.131197
v 0.041239 -0.031025 -0.132207
v 0.038583 -0.030920 -0.128605
v 0.039785 -0.030810 -0.129213
v 0.039909 -0.030825 -0.129425
v 0.039283 -0.030742 -0.128268
v 0.039249 -0.030740 -0.128240
v 0.036837 -0.030470 -0.124469
v 0.038626 -0.030661 -0.127128
v 0.037221 -0.030501 -0.124902
v 0.037882 -0.030420 -0.124475
v 0.040611 -0.030751 -0.129075
v 0.042814 -0.031101 -0.133947
v 0.041062 -0.030995 -0.131790
v 0.041213 -0.030462 -0.128792
v 0.040502 -0.030910 -0.130599
v 0.043447 -0.030817 -0.133733
v 0.043903 -0.030267 -0.133604
v 0.045546 -0.030638 -0.138827
v 0.045076 -0.031187 -0.138904
v 0.044421 -0.031467 -0.139046
v 0.046670 -0.031123 -0.145623
v 0.046189 -0.031668 -0.145625
v 0.046571 -0.031748 -0.154359
v 0.046092 -0.032287 -0.154267
v 0.045517 -0.031941 -0.145664
v 0.043657 -0.031529 -0.139231
v 0.045422 -0.032551 -0.154175
v 0.044732 -0.031995 -0.145728
v 0.044638 -0.032594 -0.154085
v 0.044640 -0.031961 -0.145266
v 0.043594 -0.031522 -0.139140
v 0.044452 -0.032668 -0.155120
v 0.043878 -0.032119 -0.145328
v 0.043232 -0.032555 -0.145360
v 0.042851 -0.031687 -0.139311
v 0.043694 -0.032812 -0.155007
v 0.043051 -0.033239 -0.154889
v 0.042621 -0.033882 -0.154785
v 0.040693 -0.033901 -0.164126
v 0.040288 -0.034537 -0.163925
v 0.037057 -0.035752 -0.170179
v 0.040146 -0.035296 -0.163816
v 0.035925 -0.035137 -0.172293
v 0.040968 -0.035127 -0.161451
v 0.042470 -0.034644 -0.154710
v 0.040968 -0.036410 -0.161359
v 0.037057 -0.037036 -0.170087
v 0.042741 -0.035737 -0.151963
v 0.042741 -0.034453 -0.152055
v 0.042649 -0.033970 -0.145314
v 0.042801 -0.033206 -0.145355
v 0.042279 -0.033769 -0.142505
v 0.031220 -0.037580 -0.177671
v 0.035799 -0.035894 -0.172153
v 0.031220 -0.036296 -0.177763
v 0.029659 -0.036405 -0.179280
v 0.029762 -0.035649 -0.179447
v 0.022125 -0.036048 -0.185008
v 0.030056 -0.035025 -0.179811
v 0.036284 -0.034507 -0.172582
v 0.023778 -0.036728 -0.183788
v 0.023778 -0.038012 -0.183696
v 0.022050 -0.036802 -0.184821
v 0.015137 -0.037024 -0.187925
v 0.015137 -0.038308 -0.187833
v 0.013374 -0.037064 -0.188484
v 0.005768 -0.038453 -0.189855
v 0.005810 -0.037169 -0.189943
v 0.006192 -0.037166 -0.189904
v 0.002776 -0.037182 -0.190125
v -0.003815 -0.038439 -0.189653
v -0.003815 -0.037155 -0.189745
v -0.008680 -0.037084 -0.188767
v -0.013089 -0.038265 -0.187237
v -0.003011 -0.037162 -0.189849
v -0.003042 -0.036184 -0.190185
v 0.002799 -0.035526 -0.191246
v -0.003129 -0.035506 -0.190961
v 0.002783 -0.036204 -0.190464
v -0.008748 -0.036109 -0.189094
v -0.012475 -0.036029 -0.187912
v -0.008934 -0.035430 -0.189846
v -0.005909 -0.035280 -0.191565
v -0.009189 -0.035227 -0.190824
v -0.013065 -0.035136 -0.189578
v -0.012723 -0.035349 -0.188636
v -0.018003 -0.034971 -0.187337
v -0.017558 -0.035205 -0.186464
v -0.017237 -0.035887 -0.185795
v -0.022598 -0.035656 -0.182443
v -0.021547 -0.036637 -0.182833
v -0.017122 -0.036843 -0.185501
v -0.021547 -0.037943 -0.182739
v -0.013089 -0.036979 -0.187329
v -0.012384 -0.036999 -0.187596
v -0.022460 -0.036586 -0.182182
v -0.028727 -0.037489 -0.176405
v -0.027215 -0.036264 -0.178099
v -0.034237 -0.036928 -0.168582
v -0.030037 -0.036026 -0.174966
v -0.028727 -0.036141 -0.176502
v -0.027370 -0.035362 -0.178323
v -0.030204 -0.035134 -0.175167
v -0.030670 -0.034455 -0.175595
v -0.033454 -0.034805 -0.170550
v -0.033979 -0.034118 -0.170913
v -0.027804 -0.034683 -0.178810
v -0.022985 -0.034975 -0.183024
v -0.028422 -0.034377 -0.179451
v -0.031335 -0.034133 -0.176159
v -0.034722 -0.033796 -0.171384
v -0.034779 -0.033787 -0.171416
v -0.031229 -0.034141 -0.176346
v -0.035369 -0.033542 -0.171765
v -0.031764 -0.033902 -0.176775
v -0.027161 -0.034464 -0.180859
v -0.027632 -0.034231 -0.181360
v -0.022558 -0.034749 -0.184827
v -0.023529 -0.034705 -0.183787
v -0.022955 -0.034520 -0.185391
v -0.017446 -0.034985 -0.188116
v -0.017760 -0.034761 -0.188730
v -0.011902 -0.035164 -0.190610
v -0.012127 -0.034943 -0.191264
v -0.006043 -0.035280 -0.192239
v -0.003247 -0.035309 -0.191969
v -0.000006 -0.035333 -0.192981
v -0.006175 -0.035062 -0.192918
v -0.006270 -0.034561 -0.193434
v -0.012290 -0.034441 -0.191761
v -0.000041 -0.035115 -0.193672
v 0.006181 -0.034597 -0.194064
v 0.006137 -0.035103 -0.193545
v -0.000067 -0.034612 -0.194195
v -0.000084 -0.033917 -0.194565
v 0.006210 -0.033898 -0.194428
v -0.006333 -0.033867 -0.193800
v -0.001360 -0.032180 -0.195280
v -0.005849 -0.032138 -0.194707
v -0.008112 -0.033840 -0.193408
v -0.008460 -0.032098 -0.194147
v -0.010207 -0.032063 -0.193674
v -0.012397 -0.033747 -0.192116
v -0.014427 -0.031955 -0.192182
v -0.014709 -0.033680 -0.191201
v -0.017987 -0.034255 -0.189199
v -0.015268 -0.031929 -0.191822
v -0.018135 -0.033559 -0.189534
v -0.019366 -0.031779 -0.189741
v -0.020912 -0.033438 -0.187884
v -0.021383 -0.031689 -0.188500
v -0.023426 -0.033310 -0.186131
v -0.023240 -0.034010 -0.185822
v -0.027969 -0.033716 -0.181745
v -0.028190 -0.033012 -0.182024
v -0.032399 -0.032675 -0.177352
v -0.032148 -0.033383 -0.177108
v -0.026450 -0.033130 -0.183654
v -0.023243 -0.031596 -0.187217
v -0.027103 -0.031369 -0.184077
v -0.033227 -0.015988 -0.179231
v -0.028904 -0.016332 -0.184027
v -0.030716 -0.031108 -0.180462
v -0.036352 -0.031427 -0.172468
v -0.034063 -0.030814 -0.176396
v -0.036882 -0.023037 -0.173368
v -0.036636 -0.030546 -0.172691
v -0.036651 -0.031421 -0.172080
v -0.037008 -0.030507 -0.172195
v -0.037254 -0.023002 -0.172871
v -0.037410 -0.015573 -0.173439
v -0.037552 -0.022988 -0.172654
v -0.037679 -0.015559 -0.173253
v -0.037986 -0.015553 -0.173172
v -0.037985 -0.015475 -0.173163
v -0.037672 -0.015481 -0.173245
v -0.037400 -0.015495 -0.173433
v -0.037982 -0.015407 -0.173124
v -0.037654 -0.015413 -0.173210
v -0.037370 -0.015427 -0.173406
v -0.037977 -0.015359 -0.173063
v -0.037626 -0.015365 -0.173155
v -0.037971 -0.015338 -0.172987
v -0.037326 -0.015380 -0.173362
v -0.037593 -0.015345 -0.173087
v -0.037273 -0.015361 -0.173307
v -0.036165 -0.015371 -0.173446
v -0.036917 -0.015308 -0.172574
v -0.037790 -0.015282 -0.172207
v -0.038697 -0.015288 -0.172290
v -0.038327 -0.015340 -0.173016
v -0.038311 -0.015361 -0.173089
v -0.038910 -0.015357 -0.173252
v -0.039042 -0.015362 -0.173325
v -0.039436 -0.015312 -0.172631
v -0.038873 -0.015377 -0.173318
v -0.039005 -0.015382 -0.173391
v -0.039008 -0.015379 -0.173385
v -0.038842 -0.015424 -0.173372
v -0.038296 -0.015408 -0.173149
v -0.038287 -0.015476 -0.173187
v -0.038821 -0.015492 -0.173405
v -0.038284 -0.015554 -0.173196
v -0.037857 -0.022986 -0.172571
v -0.038189 -0.022993 -0.172601
v -0.038814 -0.015569 -0.173413
v -0.038944 -0.015574 -0.173485
v -0.038951 -0.015504 -0.173479
v -0.038943 -0.015797 -0.173468
v -0.044123 -0.025913 -0.175652
v -0.044774 -0.024345 -0.176130
v -0.043631 -0.026339 -0.175345
v -0.044502 -0.025391 -0.175903
v -0.044799 -0.024053 -0.176165
v -0.045200 -0.015825 -0.176980
v -0.038587 -0.030291 -0.172229
v -0.038943 -0.030731 -0.172356
v -0.044144 -0.026726 -0.175552
v -0.037932 -0.031612 -0.171795
v -0.037946 -0.030411 -0.171933
v -0.037483 -0.031557 -0.171781
v -0.037659 -0.030445 -0.171897
v -0.037258 -0.031516 -0.171799
v -0.037613 -0.030450 -0.171899
v -0.037039 -0.031474 -0.171849
v -0.037307 -0.030479 -0.171979
v -0.036835 -0.031440 -0.171942
v -0.036516 -0.032381 -0.171706
v -0.036813 -0.031949 -0.171759
v -0.037128 -0.032749 -0.171196
v -0.037567 -0.032209 -0.171475
v -0.037585 -0.032181 -0.171491
v -0.037712 -0.032305 -0.171377
v -0.037188 -0.032787 -0.171136
v -0.037242 -0.033232 -0.170463
v -0.036789 -0.033101 -0.171035
v -0.037429 -0.032917 -0.170861
v -0.038190 -0.032590 -0.170788
v -0.037608 -0.032977 -0.170612
v -0.037887 -0.032444 -0.171199
v -0.038369 -0.031975 -0.171574
v -0.038189 -0.031804 -0.171716
v -0.038535 -0.032099 -0.171387
v -0.039540 -0.031273 -0.172100
v -0.038687 -0.032171 -0.171167
v -0.039966 -0.031403 -0.171300
v -0.041897 -0.032400 -0.162240
v -0.047842 -0.027050 -0.168322
v -0.045329 -0.027190 -0.174602
v -0.037945 -0.032980 -0.170057
v -0.037217 -0.033429 -0.169607
v -0.039444 -0.033190 -0.164755
v -0.038322 -0.033336 -0.164521
v -0.041609 -0.032842 -0.159911
v -0.037554 -0.033459 -0.166312
v -0.036677 -0.033733 -0.165915
v -0.035402 -0.033926 -0.168539
v -0.036231 -0.033641 -0.168987
v -0.034978 -0.033984 -0.169312
v -0.035791 -0.033693 -0.169771
v -0.036844 -0.033462 -0.170206
v -0.036427 -0.033422 -0.170786
v -0.035981 -0.033633 -0.170498
v -0.035981 -0.033342 -0.171329
v -0.036288 -0.032907 -0.171536
v -0.035579 -0.033342 -0.171897
v -0.035792 -0.033019 -0.172040
v -0.036067 -0.032308 -0.172245
v -0.036300 -0.032309 -0.171921
v -0.035296 -0.033739 -0.170516
v -0.034775 -0.033790 -0.171299
v -0.034030 -0.034112 -0.170830
v -0.034518 -0.034048 -0.170056
v -0.034395 -0.034681 -0.168952
v -0.033962 -0.034741 -0.169704
v -0.033504 -0.034799 -0.170468
v -0.033313 -0.035700 -0.170294
v -0.033755 -0.035659 -0.169541
v -0.034181 -0.035619 -0.168779
v -0.034807 -0.034625 -0.168184
v -0.034590 -0.035569 -0.168008
v -0.035812 -0.035398 -0.165430
v -0.036044 -0.034438 -0.165594
v -0.036754 -0.034310 -0.163860
v -0.037413 -0.033601 -0.164159
v -0.036512 -0.035281 -0.163703
v -0.038065 -0.034006 -0.159808
v -0.038373 -0.033599 -0.159918
v -0.038854 -0.033926 -0.155415
v -0.039282 -0.033284 -0.155526
v -0.038773 -0.033289 -0.160046
v -0.039924 -0.032858 -0.155653
v -0.039740 -0.033040 -0.160320
v -0.040681 -0.032715 -0.155778
v -0.041803 -0.032654 -0.154934
v -0.043449 -0.032482 -0.154935
v -0.042625 -0.032271 -0.160506
v -0.044979 -0.032107 -0.149855
v -0.044965 -0.031770 -0.153954
v -0.047629 -0.029365 -0.156104
v -0.047966 -0.029284 -0.154690
v -0.046032 -0.031469 -0.150210
v -0.047358 -0.029260 -0.158226
v -0.048084 -0.021876 -0.159909
v -0.047430 -0.028968 -0.159711
v -0.048218 -0.021943 -0.157632
v -0.048473 -0.014517 -0.158691
v -0.049031 -0.014323 -0.155979
v -0.048713 -0.021822 -0.155377
v -0.049831 -0.021523 -0.149638
v -0.050099 -0.013932 -0.150538
v -0.050680 -0.013541 -0.145081
v -0.050666 -0.013463 -0.145085
v -0.050085 -0.013855 -0.150542
v -0.050623 -0.013398 -0.145087
v -0.050042 -0.013789 -0.150540
v -0.049018 -0.014245 -0.155982
v -0.048976 -0.014178 -0.155976
v -0.048459 -0.014440 -0.158695
v -0.048416 -0.014373 -0.158694
v -0.048371 -0.014552 -0.160263
v -0.048385 -0.014629 -0.160258
v -0.048664 -0.014792 -0.162524
v -0.049355 -0.014966 -0.164951
v -0.049118 -0.021184 -0.164458
v -0.048610 -0.027381 -0.163908
v -0.047834 -0.028348 -0.161626
v -0.048650 -0.014715 -0.162532
v -0.048328 -0.014486 -0.160269
v -0.048608 -0.014649 -0.162546
v -0.049342 -0.014889 -0.164961
v -0.049301 -0.014824 -0.164978
v -0.049991 -0.015038 -0.167050
v -0.050005 -0.015115 -0.167041
v -0.050270 -0.015121 -0.168013
v -0.050280 -0.015185 -0.168009
v -0.050025 -0.021612 -0.167463
v -0.049825 -0.024402 -0.167196
v -0.046653 -0.024633 -0.175469
v -0.048342 -0.024537 -0.171372
v -0.049722 -0.025310 -0.167015
v -0.048026 -0.026033 -0.171043
v -0.046553 -0.025419 -0.175364
v -0.046307 -0.026129 -0.175198
v -0.046248 -0.025408 -0.175932
v -0.046345 -0.024625 -0.176042
v -0.046145 -0.024589 -0.176255
v -0.046765 -0.015827 -0.176948
v -0.047097 -0.015784 -0.176347
v -0.047084 -0.015706 -0.176347
v -0.050239 -0.015063 -0.168017
v -0.047045 -0.015638 -0.176335
v -0.046754 -0.015749 -0.176945
v -0.046721 -0.015680 -0.176923
v -0.046520 -0.015764 -0.177161
v -0.046528 -0.015842 -0.177168
v -0.045910 -0.024524 -0.176391
v -0.046267 -0.015849 -0.177278
v -0.045993 -0.015849 -0.177292
v -0.046264 -0.015771 -0.177269
v -0.045649 -0.024433 -0.176442
v -0.045370 -0.024319 -0.176409
v -0.045556 -0.025189 -0.176335
v -0.045815 -0.025292 -0.176282
v -0.045809 -0.026066 -0.175967
v -0.046048 -0.025366 -0.176144
v -0.045579 -0.025984 -0.176105
v -0.045389 -0.026645 -0.175706
v -0.045167 -0.026556 -0.175842
v -0.045324 -0.025869 -0.176159
v -0.045054 -0.025726 -0.176132
v -0.044921 -0.026432 -0.175897
v -0.045280 -0.025060 -0.176306
v -0.044632 -0.027023 -0.175511
v -0.044395 -0.026891 -0.175570
v -0.044659 -0.026277 -0.175872
v -0.039265 -0.031063 -0.172316
v -0.044846 -0.027117 -0.175373
v -0.039173 -0.030977 -0.172347
v -0.037995 -0.031600 -0.171807
v -0.037798 -0.031840 -0.171680
v -0.045032 -0.027171 -0.175162
v -0.045580 -0.026696 -0.175497
v -0.045879 -0.026713 -0.174939
v -0.046006 -0.026114 -0.175757
v -0.045207 -0.015825 -0.176984
v -0.045640 -0.015841 -0.177201
v -0.045995 -0.015771 -0.177283
v -0.045645 -0.015764 -0.177192
v -0.045214 -0.015748 -0.176977
v -0.045999 -0.015702 -0.177245
v -0.045661 -0.015696 -0.177157
v -0.046006 -0.015654 -0.177183
v -0.045685 -0.015648 -0.177100
v -0.045236 -0.015680 -0.176944
v -0.045267 -0.015633 -0.176890
v -0.045207 -0.015747 -0.176973
v -0.045229 -0.015680 -0.176940
v -0.045260 -0.015633 -0.176886
v -0.038952 -0.015497 -0.173477
v -0.038973 -0.015429 -0.173444
v -0.045264 -0.015629 -0.176880
v -0.045305 -0.015613 -0.176825
v -0.045298 -0.015613 -0.176821
v -0.044582 -0.015513 -0.175427
v -0.044094 -0.015499 -0.175233
v -0.045104 -0.015517 -0.175488
v -0.046914 -0.015574 -0.176282
v -0.045713 -0.015628 -0.177030
v -0.045857 -0.015506 -0.175328
v -0.046493 -0.015475 -0.174896
v -0.046919 -0.015429 -0.174256
v -0.048139 -0.015206 -0.171151
v -0.049242 -0.014980 -0.168001
v -0.050071 -0.014982 -0.168018
v -0.049813 -0.014917 -0.167112
v -0.050075 -0.014982 -0.168018
v -0.049887 -0.014931 -0.167089
v -0.050129 -0.014990 -0.168019
v -0.046985 -0.015592 -0.176312
v -0.046670 -0.015633 -0.176885
v -0.050191 -0.015018 -0.168019
v -0.049950 -0.014973 -0.167067
v -0.050220 -0.015041 -0.168018
v -0.049238 -0.014781 -0.165001
v -0.049165 -0.014767 -0.165026
v -0.048469 -0.014592 -0.162581
v -0.048544 -0.014606 -0.162564
v -0.048263 -0.014442 -0.160273
v -0.048185 -0.014427 -0.160276
v -0.048274 -0.014312 -0.158681
v -0.047398 -0.014446 -0.160544
v -0.048064 -0.014103 -0.155762
v -0.048408 -0.014785 -0.165269
v -0.048841 -0.014883 -0.166643
v -0.049631 -0.013392 -0.145839
v -0.049901 -0.013728 -0.150523
v -0.048837 -0.014116 -0.155947
v -0.048351 -0.014329 -0.158689
v -0.048912 -0.014133 -0.155964
v -0.049977 -0.013744 -0.150533
v -0.050558 -0.013353 -0.145086
v -0.050481 -0.013338 -0.145083
v -0.050580 -0.012946 -0.139623
v -0.049557 -0.012666 -0.135715
v -0.050277 -0.012606 -0.134878
v -0.050657 -0.012962 -0.139620
v -0.050722 -0.013005 -0.139615
v -0.050354 -0.012621 -0.134869
v -0.049953 -0.012398 -0.131525
v -0.050419 -0.012664 -0.134860
v -0.049892 -0.012372 -0.131537
v -0.049923 -0.012382 -0.131531
v -0.048652 -0.022244 -0.130311
v -0.049983 -0.012474 -0.131515
v -0.050034 -0.012501 -0.131505
v -0.049879 -0.018244 -0.130862
v -0.050044 -0.012567 -0.131498
v -0.050002 -0.012442 -0.131514
v -0.050476 -0.012806 -0.134844
v -0.050462 -0.012730 -0.134851
v -0.050779 -0.013148 -0.139603
v -0.050765 -0.013071 -0.139609
v -0.050438 -0.020543 -0.136946
v -0.050451 -0.021038 -0.143357
v -0.050307 -0.022719 -0.136916
v -0.049083 -0.028878 -0.149144
v -0.049716 -0.028467 -0.143514
v -0.049872 -0.028049 -0.137792
v -0.049845 -0.027964 -0.136620
v -0.050100 -0.025343 -0.136758
v -0.047770 -0.030951 -0.138213
v -0.048803 -0.029536 -0.137001
v -0.048598 -0.029606 -0.133528
v -0.047744 -0.031042 -0.137351
v -0.047505 -0.031485 -0.134936
v -0.047494 -0.031382 -0.137406
v -0.047479 -0.031523 -0.134779
v -0.046926 -0.032273 -0.132463
v -0.046812 -0.032434 -0.135088
v -0.046862 -0.032031 -0.137537
v -0.046185 -0.033304 -0.132933
v -0.045741 -0.033622 -0.133083
v -0.045107 -0.034535 -0.131295
v -0.045506 -0.034303 -0.131017
v -0.046149 -0.033392 -0.130260
v -0.044697 -0.035211 -0.130059
v -0.045221 -0.034818 -0.129638
v -0.041101 -0.039282 -0.121095
v -0.043660 -0.036670 -0.124308
v -0.045681 -0.034104 -0.129061
v -0.047770 -0.030554 -0.130611
v -0.046383 -0.032620 -0.127168
v -0.043430 -0.035386 -0.116768
v -0.041698 -0.036588 -0.111638
v -0.039402 -0.040338 -0.116176
v -0.044233 -0.033323 -0.114501
v -0.041235 -0.038963 -0.119410
v -0.047478 -0.029294 -0.123251
v -0.047962 -0.028828 -0.125196
v -0.045562 -0.030678 -0.115497
v -0.047070 -0.028733 -0.125612
v -0.046494 -0.029282 -0.123431
v -0.043551 -0.031306 -0.111734
v -0.046821 -0.027451 -0.122974
v -0.043996 -0.029303 -0.112201
v -0.047471 -0.026775 -0.125337
v -0.047802 -0.027412 -0.122784
v -0.048451 -0.026738 -0.125142
v -0.048851 -0.025784 -0.126534
v -0.046486 -0.011530 -0.117042
v -0.043830 -0.010648 -0.105808
v -0.043844 -0.010724 -0.105800
v -0.044977 -0.029263 -0.112013
v -0.049429 -0.012331 -0.128212
v -0.046472 -0.011454 -0.117051
v -0.043690 -0.016494 -0.105114
v -0.043357 -0.022185 -0.103928
v -0.042507 -0.020809 -0.099272
v -0.042787 -0.015544 -0.100271
v -0.042926 -0.010371 -0.100862
v -0.042418 -0.009937 -0.095883
v -0.042432 -0.010014 -0.095877
v -0.042911 -0.010294 -0.100870
v -0.042374 -0.009871 -0.095890
v -0.042869 -0.010229 -0.100881
v -0.042804 -0.010186 -0.100894
v -0.043787 -0.010583 -0.105822
v -0.042309 -0.009827 -0.095896
v -0.042302 -0.009452 -0.090870
v -0.042232 -0.009812 -0.095900
v -0.042379 -0.009468 -0.090874
v -0.042444 -0.009512 -0.090875
v -0.042804 -0.009093 -0.085862
v -0.042881 -0.009109 -0.085870
v -0.044496 -0.008029 -0.071028
v -0.044573 -0.008045 -0.071035
v -0.042946 -0.009153 -0.085874
v -0.042989 -0.009220 -0.085874
v -0.042487 -0.009578 -0.090873
v -0.044638 -0.008090 -0.071039
v -0.046492 -0.006446 -0.048721
v -0.046557 -0.006491 -0.048722
v -0.044681 -0.008156 -0.071038
v -0.046046 -0.007211 -0.056751
v -0.044695 -0.008234 -0.071034
v -0.046600 -0.006557 -0.048720
v -0.043003 -0.009297 -0.085871
v -0.042501 -0.009655 -0.090869
v -0.042229 -0.015144 -0.090202
v -0.042735 -0.014416 -0.085181
v -0.044160 -0.013738 -0.071866
v -0.042506 -0.017005 -0.084601
v -0.044344 -0.018664 -0.055680
v -0.043359 -0.019220 -0.070766
v -0.045518 -0.012921 -0.056298
v -0.046344 -0.012028 -0.040281
v -0.046793 -0.008624 -0.025165
v -0.045168 -0.015746 -0.025214
v -0.046363 -0.011115 -0.025104
v -0.046614 -0.006635 -0.048715
v -0.046051 -0.012522 -0.025090
v -0.047095 -0.005833 -0.037529
v -0.044858 -0.017974 -0.039958
v -0.043216 -0.021371 -0.027815
v -0.044423 -0.018026 -0.025688
v -0.042749 -0.023675 -0.039530
v -0.042812 -0.022507 -0.029456
v -0.043730 -0.019973 -0.026611
v -0.042954 -0.022100 -0.028765
v -0.041986 -0.022108 -0.028757
v -0.042666 -0.020220 -0.026765
v -0.043548 -0.017694 -0.025570
v -0.041210 -0.023564 -0.027449
v -0.041795 -0.022045 -0.025632
v -0.042538 -0.020113 -0.024323
v -0.042998 -0.018870 -0.023816
v -0.043968 -0.018921 -0.023814
v -0.043369 -0.017822 -0.023526
v -0.044861 -0.016351 -0.023255
v -0.044147 -0.015446 -0.023184
v -0.043738 -0.017118 -0.025423
v -0.044566 -0.014393 -0.025096
v -0.044949 -0.012541 -0.023110
v -0.045051 -0.012522 -0.025072
v -0.045788 -0.008665 -0.025146
v -0.046904 -0.004754 -0.025338
v -0.046110 -0.004753 -0.025324
v -0.046110 -0.004672 -0.025329
v -0.045723 -0.008555 -0.023183
v -0.046770 -0.008208 -0.023177
v -0.046053 -0.004484 -0.023372
v -0.046082 -0.004578 -0.024370
v -0.046054 -0.004481 -0.023389
v -0.046053 -0.004613 -0.023365
v -0.046846 -0.004612 -0.023351
v -0.046912 -0.004623 -0.023349
v -0.046971 -0.004655 -0.023346
v -0.047015 -0.004705 -0.023342
v -0.047041 -0.004767 -0.023338
v -0.047046 -0.004817 -0.023336
v -0.046488 -0.004118 -0.013587
v -0.046332 -0.003989 -0.011778
v -0.045954 -0.009004 -0.013122
v -0.045949 -0.012541 -0.023092
v -0.046107 -0.003823 -0.009473
v -0.043986 -0.010088 0.000222
v -0.044563 -0.007157 0.000012
v -0.044784 -0.013878 -0.012967
v -0.041129 -0.018337 0.000813
v -0.043089 -0.018571 -0.012787
v -0.045870 -0.012862 -0.023092
v -0.042685 -0.014493 0.000538
v -0.043300 -0.020687 -0.024609
v -0.041142 -0.018369 0.000661
v -0.042106 -0.022916 -0.022580
v -0.041872 -0.020707 -0.010715
v -0.040071 -0.026617 -0.022355
v -0.037952 -0.027347 -0.010307
v -0.039097 -0.022268 0.001095
v -0.036706 -0.025993 0.001362
v -0.033340 -0.033268 -0.011869
v -0.033814 -0.029640 0.001623
v -0.032093 -0.031556 0.001476
v -0.032866 -0.032542 -0.006031
v -0.032060 -0.031518 0.001758
v -0.028604 -0.034667 0.001984
v -0.024859 -0.037427 0.002181
v -0.031039 -0.035880 -0.014088
v -0.027199 -0.038909 -0.013971
v -0.032695 -0.037816 -0.036255
v -0.028678 -0.041102 -0.036245
v -0.033961 -0.034425 -0.021787
v -0.034468 -0.035646 -0.033168
v -0.038385 -0.032431 -0.044945
v -0.034825 -0.036765 -0.044566
v -0.035366 -0.039409 -0.077622
v -0.036814 -0.037700 -0.077808
v -0.033847 -0.039309 -0.058479
v -0.031225 -0.043264 -0.077820
v -0.029760 -0.042788 -0.058586
v -0.025322 -0.045562 -0.058763
v -0.030126 -0.044077 -0.077885
v -0.028919 -0.045175 -0.082879
v -0.026537 -0.046269 -0.078121
v -0.032872 -0.042248 -0.082697
v -0.035596 -0.039662 -0.084056
v -0.034509 -0.041112 -0.087413
v -0.032031 -0.043473 -0.090237
v -0.037827 -0.038433 -0.095947
v -0.036511 -0.039293 -0.090577
v -0.035669 -0.040565 -0.093675
v -0.031260 -0.043882 -0.087616
v -0.029134 -0.045294 -0.087798
v -0.028145 -0.045831 -0.087016
v -0.026404 -0.046480 -0.088972
v -0.025232 -0.047195 -0.084847
v -0.022322 -0.048276 -0.082840
v -0.024619 -0.047402 -0.083141
v -0.020713 -0.048369 -0.084862
v -0.015156 -0.049650 -0.080531
v -0.014809 -0.049578 -0.081045
v -0.024555 -0.046834 -0.091047
v -0.019023 -0.048242 -0.086996
v -0.012890 -0.048966 -0.083900
v -0.017330 -0.047876 -0.089151
v -0.022675 -0.046897 -0.093173
v -0.026037 -0.045770 -0.099806
v -0.027718 -0.045483 -0.097473
v -0.021346 -0.046653 -0.095652
v -0.027179 -0.045914 -0.093169
v -0.029697 -0.044832 -0.095380
v -0.031588 -0.043851 -0.093352
v -0.029065 -0.045263 -0.091123
v -0.033976 -0.042240 -0.095669
v -0.036249 -0.040428 -0.098088
v -0.036259 -0.040417 -0.098075
v -0.032112 -0.043576 -0.097709
v -0.032489 -0.043531 -0.102199
v -0.030117 -0.044586 -0.099783
v -0.034395 -0.042183 -0.100241
v -0.036626 -0.040611 -0.102769
v -0.035168 -0.042147 -0.105448
v -0.038616 -0.039037 -0.105459
v -0.039467 -0.037377 -0.102054
v -0.040391 -0.035330 -0.098924
v -0.040480 -0.036709 -0.105317
v -0.041655 -0.034050 -0.102472
v -0.039906 -0.037732 -0.106506
v -0.038676 -0.039609 -0.108826
v -0.038238 -0.041095 -0.114297
v -0.037617 -0.040650 -0.108831
v -0.036723 -0.041967 -0.112028
v -0.036203 -0.042391 -0.112509
v -0.033285 -0.043566 -0.107491
v -0.030351 -0.044608 -0.104135
v -0.032450 -0.043555 -0.102237
v -0.030347 -0.044609 -0.104131
v -0.036023 -0.042488 -0.112660
v -0.029678 -0.044800 -0.104766
v -0.029597 -0.044803 -0.104838
v -0.025179 -0.045827 -0.100211
v -0.020370 -0.046581 -0.095922
v -0.024885 -0.045736 -0.100486
v -0.029355 -0.044776 -0.105048
v -0.024617 -0.045562 -0.100719
v -0.029125 -0.044686 -0.105232
v -0.035658 -0.042583 -0.112937
v -0.035609 -0.042584 -0.112970
v -0.035302 -0.042526 -0.113161
v -0.038316 -0.041163 -0.117057
v -0.037940 -0.041136 -0.117276
v -0.038688 -0.041019 -0.116776
v -0.040328 -0.039461 -0.121587
v -0.040722 -0.039464 -0.121378
v -0.044298 -0.035265 -0.130243
v -0.044650 -0.035227 -0.130087
v -0.044893 -0.034574 -0.131395
v -0.044677 -0.034559 -0.131466
v -0.045510 -0.033707 -0.133125
v -0.045280 -0.033736 -0.133142
v -0.046104 -0.032880 -0.135292
v -0.046207 -0.032858 -0.135272
v -0.046281 -0.032832 -0.135255
v -0.046664 -0.032580 -0.135142
v -0.046504 -0.032167 -0.137591
v -0.046581 -0.032154 -0.137581
v -0.046933 -0.031853 -0.138342
v -0.046640 -0.031983 -0.138379
v -0.046480 -0.032008 -0.138396
v -0.046426 -0.032173 -0.137600
v -0.046578 -0.031708 -0.141223
v -0.047164 -0.031384 -0.141215
v -0.047674 -0.030863 -0.141200
v -0.046228 -0.031740 -0.144134
v -0.046836 -0.031423 -0.144196
v -0.047336 -0.030984 -0.144073
v -0.046633 -0.031263 -0.147736
v -0.045502 -0.031878 -0.144053
v -0.046243 -0.031776 -0.141220
v -0.045881 -0.031784 -0.141213
v -0.045946 -0.031911 -0.138430
v -0.045126 -0.031597 -0.138439
v -0.046099 -0.032112 -0.137627
v -0.045070 -0.031595 -0.137646
v -0.044384 -0.031470 -0.135582
v -0.043082 -0.031301 -0.136052
v -0.043832 -0.031492 -0.138715
v -0.044915 -0.031626 -0.136450
v -0.044676 -0.031703 -0.135269
v -0.045742 -0.032275 -0.136463
v -0.046266 -0.032158 -0.137615
v -0.046078 -0.032465 -0.136452
v -0.045597 -0.032719 -0.135337
v -0.044280 -0.031881 -0.133850
v -0.045762 -0.032824 -0.135333
v -0.044974 -0.032912 -0.134107
v -0.043819 -0.032205 -0.132483
v -0.044463 -0.033284 -0.132950
v -0.045320 -0.033219 -0.134182
v -0.045924 -0.032877 -0.135319
v -0.044844 -0.033621 -0.133096
v -0.045057 -0.033708 -0.133132
v -0.044253 -0.034371 -0.131512
v -0.045931 -0.032878 -0.135318
v -0.044462 -0.034491 -0.131505
v -0.043903 -0.035133 -0.130321
v -0.043454 -0.034732 -0.130270
v -0.039948 -0.039268 -0.121703
v -0.039607 -0.038901 -0.121723
v -0.037584 -0.040935 -0.117416
v -0.034974 -0.042314 -0.113320
v -0.037269 -0.040575 -0.117472
v -0.034775 -0.042088 -0.113388
v -0.028695 -0.044279 -0.105526
v -0.029868 -0.042722 -0.107616
v -0.034249 -0.040982 -0.113412
v -0.028565 -0.044065 -0.105594
v -0.024187 -0.044970 -0.101035
v -0.028223 -0.043198 -0.105710
v -0.023804 -0.044170 -0.101103
v -0.020617 -0.044667 -0.098137
v -0.020560 -0.030827 -0.103903
v -0.022289 -0.030933 -0.105335
v -0.025981 -0.031176 -0.108578
v -0.022081 -0.030120 -0.105583
v -0.030460 -0.030374 -0.113723
v -0.030634 -0.030723 -0.113582
v -0.021688 -0.029516 -0.105939
v -0.012832 -0.029597 -0.098388
v -0.012459 -0.028999 -0.098772
v -0.011915 -0.028723 -0.099303
v -0.011306 -0.028712 -0.099942
v -0.021114 -0.029235 -0.106434
v -0.020461 -0.029221 -0.107031
v -0.029633 -0.029805 -0.114356
v -0.029952 -0.029909 -0.114111
v -0.028936 -0.029785 -0.114909
v -0.036872 -0.030445 -0.123259
v -0.037208 -0.030555 -0.123040
v -0.043096 -0.031268 -0.132926
v -0.043394 -0.031470 -0.132756
v -0.037497 -0.030752 -0.122850
v -0.037727 -0.031036 -0.122692
v -0.043558 -0.031657 -0.132657
v -0.030231 -0.030099 -0.113899
v -0.043627 -0.031761 -0.132614
v -0.043794 -0.032127 -0.132501
v -0.043274 -0.032885 -0.131019
v -0.039601 -0.032411 -0.124687
v -0.037896 -0.031396 -0.122567
v -0.036235 -0.032037 -0.119801
v -0.037594 -0.032182 -0.121678
v -0.038088 -0.032236 -0.122392
v -0.040869 -0.036089 -0.125245
v -0.038504 -0.038293 -0.120458
v -0.036775 -0.039542 -0.117385
v -0.035628 -0.040245 -0.115512
v -0.032671 -0.031698 -0.115395
v -0.030846 -0.031543 -0.113379
v -0.028077 -0.031327 -0.110559
v -0.042834 -0.033586 -0.129873
v -0.043869 -0.033991 -0.131435
v -0.042743 -0.031153 -0.133117
v -0.036120 -0.030419 -0.123747
v -0.041943 -0.031120 -0.133535
v -0.039099 -0.031316 -0.136261
v -0.035015 -0.030672 -0.127287
v -0.038371 -0.031484 -0.136484
v -0.028986 -0.030113 -0.119479
v -0.034360 -0.030853 -0.127669
v -0.028437 -0.030303 -0.120001
v -0.033803 -0.031309 -0.127972
v -0.027972 -0.030768 -0.120421
v -0.020333 -0.031009 -0.114715
v -0.020567 -0.030336 -0.114397
v -0.027661 -0.031436 -0.120676
v -0.030134 -0.032416 -0.123640
v -0.027552 -0.032207 -0.120727
v -0.023301 -0.031936 -0.116935
v -0.033432 -0.031972 -0.128148
v -0.035219 -0.032997 -0.131744
v -0.037340 -0.032588 -0.136737
v -0.037753 -0.031931 -0.136651
v -0.033301 -0.032741 -0.128172
v -0.030134 -0.033700 -0.123548
v -0.035219 -0.034281 -0.131652
v -0.038280 -0.034930 -0.140712
v -0.037195 -0.033354 -0.136728
v -0.038280 -0.033647 -0.140804
v -0.039028 -0.034015 -0.145946
v -0.039180 -0.033251 -0.145988
v -0.039612 -0.032601 -0.146000
v -0.039147 -0.034329 -0.150326
v -0.038703 -0.034688 -0.155337
v -0.039147 -0.035613 -0.150234
v -0.037774 -0.036291 -0.159696
v -0.037806 -0.034999 -0.159668
v -0.040259 -0.032165 -0.145979
v -0.041022 -0.032009 -0.145928
v -0.044023 -0.031865 -0.143922
v -0.043021 -0.032249 -0.149286
v -0.043486 -0.032259 -0.149420
v -0.044702 -0.031875 -0.143987
v -0.045065 -0.031698 -0.141175
v -0.045075 -0.031691 -0.141045
v -0.044117 -0.031672 -0.141235
v -0.023301 -0.033220 -0.116843
v -0.015094 -0.032865 -0.111904
v -0.020251 -0.031782 -0.114788
v -0.015095 -0.031371 -0.112000
v -0.015094 -0.031582 -0.111996
v -0.015111 -0.030803 -0.111890
v -0.015111 -0.030338 -0.111640
v -0.015039 -0.029962 -0.111261
v -0.014812 -0.029689 -0.110770
v -0.020916 -0.029864 -0.113883
v -0.014669 -0.029619 -0.110575
v -0.014400 -0.029546 -0.110306
v -0.021328 -0.029666 -0.113251
v -0.013855 -0.029496 -0.109984
v -0.012448 -0.029357 -0.108930
v -0.012282 -0.029454 -0.109396
v -0.012068 -0.029448 -0.109321
v -0.007685 -0.029358 -0.108066
v -0.003229 -0.029303 -0.107290
v -0.002813 -0.029200 -0.106745
v -0.002759 -0.029299 -0.107237
v 0.002009 -0.029281 -0.106988
v 0.001286 -0.029281 -0.106991
v 0.006539 -0.029300 -0.107248
v 0.007007 -0.029304 -0.107302
v 0.009707 -0.029334 -0.107721
v 0.010459 -0.029404 -0.108026
v 0.010848 -0.029538 -0.108363
v 0.016408 -0.029574 -0.109832
v 0.016184 -0.030050 -0.110408
v 0.024715 -0.030358 -0.114702
v 0.025072 -0.029887 -0.114193
v 0.011201 -0.029937 -0.108921
v 0.011120 -0.029783 -0.108751
v 0.011277 -0.030205 -0.109141
v 0.011328 -0.030775 -0.109400
v 0.015982 -0.031500 -0.110856
v 0.011335 -0.031400 -0.109458
v 0.016034 -0.030726 -0.110768
v 0.020336 -0.031635 -0.112744
v 0.024477 -0.031031 -0.115017
v 0.025533 -0.031082 -0.115735
v 0.024393 -0.031803 -0.115089
v 0.025446 -0.031855 -0.115805
v 0.028326 -0.032014 -0.118025
v 0.028808 -0.032043 -0.118439
v 0.028908 -0.031272 -0.118379
v 0.031965 -0.031484 -0.121334
v 0.020336 -0.032919 -0.112652
v 0.011335 -0.032683 -0.109366
v -0.004795 -0.029994 -0.092369
v -0.012931 -0.030399 -0.098048
v -0.016985 -0.045085 -0.095026
v -0.012074 -0.045456 -0.091169
v -0.009457 -0.046334 -0.088888
v -0.019498 -0.045625 -0.096748
v -0.009270 -0.045582 -0.089111
v -0.004025 -0.045550 -0.085539
v 0.004190 -0.029585 -0.086599
v 0.006596 -0.029480 -0.085152
v 0.012450 -0.029221 -0.081792
v 0.018251 -0.028902 -0.078495
v 0.025110 -0.039695 -0.069972
v 0.023890 -0.028457 -0.075213
v 0.021018 -0.041341 -0.071825
v 0.025270 -0.040359 -0.069564
v 0.029394 -0.038763 -0.067331
v 0.026794 -0.038873 -0.069242
v 0.029066 -0.037592 -0.068294
v 0.029279 -0.038224 -0.067864
v 0.032760 -0.036381 -0.066035
v 0.032292 -0.035309 -0.067052
v 0.030009 -0.027734 -0.071520
v 0.032966 -0.034747 -0.066812
v 0.032694 -0.027313 -0.069836
v 0.024287 -0.028419 -0.074978
v -0.009731 -0.046964 -0.088540
v -0.019872 -0.046233 -0.096423
v -0.024383 -0.045304 -0.100903
v -0.010107 -0.047414 -0.088038
v -0.010547 -0.047717 -0.087435
v -0.010542 -0.047717 -0.087431
v -0.015985 -0.047318 -0.091382
v -0.029055 -0.044644 -0.105285
v -0.035193 -0.042475 -0.113220
v -0.042089 -0.032636 -0.101109
v -0.042765 -0.032266 -0.104157
v -0.041161 -0.032547 -0.101285
v -0.043844 -0.029391 -0.111587
v -0.041560 -0.030630 -0.101391
v -0.039704 -0.032909 -0.092277
v -0.040658 -0.031021 -0.096300
v -0.040187 -0.031052 -0.092600
v -0.039313 -0.032484 -0.085444
v -0.039899 -0.030871 -0.088683
v -0.039302 -0.031776 -0.078621
v -0.039842 -0.029975 -0.079287
v -0.039697 -0.029793 -0.062146
v -0.040718 -0.029645 -0.060720
v -0.040285 -0.031788 -0.078433
v -0.040270 -0.032347 -0.083671
v -0.038707 -0.034945 -0.078102
v -0.038238 -0.036207 -0.083994
v -0.038186 -0.035782 -0.078014
v -0.038806 -0.036094 -0.090097
v -0.039896 -0.035486 -0.096099
v -0.040517 -0.032843 -0.090060
v -0.041080 -0.032941 -0.095271
v -0.041228 -0.027506 -0.045320
v -0.040246 -0.027494 -0.045508
v -0.041058 -0.025742 -0.045793
v -0.040533 -0.025887 -0.035081
v -0.041511 -0.025929 -0.035074
v -0.041633 -0.025239 -0.031477
v -0.040819 -0.024660 -0.029711
v -0.038644 -0.030599 -0.033576
v -0.038470 -0.029041 -0.022192
v -0.037228 -0.030706 -0.022073
v -0.041863 -0.024447 -0.029069
v -0.042078 -0.023822 -0.027812
v -0.042619 -0.022420 -0.025957
v -0.042913 -0.021674 -0.025285
v -0.041566 -0.023384 -0.031614
v -0.042543 -0.023362 -0.031579
v -0.042391 -0.024042 -0.034708
v -0.041394 -0.024171 -0.035443
v -0.042040 -0.025702 -0.045612
v -0.042372 -0.024161 -0.035445
v -0.041686 -0.026943 -0.054501
v -0.042688 -0.024238 -0.054930
v -0.041136 -0.028715 -0.068468
v -0.042231 -0.024624 -0.069529
v -0.042131 -0.020630 -0.083512
v -0.041659 -0.024571 -0.081941
v -0.041450 -0.026108 -0.081213
v -0.040824 -0.029935 -0.079105
v -0.041263 -0.026103 -0.087282
v -0.041875 -0.020766 -0.094233
v -0.041766 -0.020676 -0.089001
v -0.041466 -0.026102 -0.092780
v -0.040881 -0.030831 -0.088500
v -0.041048 -0.030972 -0.091081
v -0.041639 -0.030981 -0.096115
v -0.042852 -0.027815 -0.102236
v -0.042542 -0.030591 -0.101204
v -0.042232 -0.015352 -0.095268
v -0.009342 -0.049479 -0.080692
v -0.005369 -0.049529 -0.078219
v -0.016221 -0.049821 -0.078960
v -0.017865 -0.049487 -0.079981
v -0.021205 -0.048512 -0.078530
v -0.017132 -0.049627 -0.078878
v -0.016325 -0.049502 -0.069312
v -0.011954 -0.050450 -0.076333
v -0.016522 -0.048491 -0.051983
v -0.019764 -0.046017 -0.036366
v -0.016645 -0.047583 -0.041073
v -0.020583 -0.047680 -0.059004
v -0.021467 -0.048424 -0.078509
v -0.024354 -0.043833 -0.036282
v -0.024231 -0.047366 -0.078290
v -0.023078 -0.041497 -0.013883
v -0.019848 -0.040292 0.002387
v -0.018712 -0.043628 -0.013827
v -0.020848 -0.039787 0.002351
v -0.016909 -0.044880 -0.017618
v -0.017067 -0.042683 -0.003700
v -0.012861 -0.044114 -0.003598
v -0.015533 -0.042133 0.002519
v -0.011087 -0.043506 0.002617
v -0.016749 -0.046632 -0.031695
v -0.044944 -0.003165 -0.000274
v -0.046112 -0.004756 -0.025364
v -0.046895 -0.005629 -0.037538
v -0.045967 -0.005931 -0.041748
v -0.046414 -0.006430 -0.048718
v -0.045139 -0.006926 -0.055629
v -0.042015 -0.009086 -0.085769
v -0.041654 -0.009320 -0.089037
v -0.041530 -0.009925 -0.097468
v -0.042728 -0.010171 -0.100907
v -0.042869 -0.010538 -0.106020
v -0.043648 -0.010526 -0.105855
v -0.045740 -0.011408 -0.118165
v -0.048808 -0.012239 -0.129761
v -0.046292 -0.011332 -0.117105
v -0.049236 -0.012133 -0.128278
v -0.049311 -0.012147 -0.128257
v -0.046367 -0.011346 -0.117085
v -0.046430 -0.011389 -0.117066
v -0.049373 -0.012190 -0.128238
v -0.043724 -0.010540 -0.105838
v -0.049653 -0.012238 -0.129579
v -0.049415 -0.012254 -0.128222
v -0.049710 -0.012269 -0.129564
v -0.049754 -0.012319 -0.129551
v -0.049686 -0.012327 -0.129565
v -0.049769 -0.012349 -0.129545
v -0.049779 -0.012380 -0.129541
v -0.049784 -0.012426 -0.129536
v -0.048407 -0.021968 -0.128411
v -0.049384 -0.021949 -0.128201
v -0.048183 -0.024291 -0.127754
v -0.049161 -0.024267 -0.127546
v -0.047872 -0.025817 -0.126736
v -0.048110 -0.026631 -0.128655
v -0.047757 -0.026167 -0.126341
v -0.047799 -0.027719 -0.127551
v -0.048865 -0.027499 -0.127666
v -0.048785 -0.027727 -0.127381
v -0.048126 -0.028642 -0.125731
v -0.049288 -0.027631 -0.130285
v -0.049846 -0.025213 -0.133077
v -0.049224 -0.025991 -0.128925
v -0.049177 -0.026245 -0.128768
v -0.049339 -0.025264 -0.129296
v -0.049337 -0.025281 -0.129289
v -0.048346 -0.025282 -0.129451
v -0.049459 -0.024304 -0.129653
v -0.050259 -0.022655 -0.136017
v -0.049640 -0.022236 -0.130152
v -0.049020 -0.012354 -0.131358
v -0.049060 -0.012376 -0.131666
v -0.049061 -0.012376 -0.131671
v -0.049032 -0.012286 -0.131455
v -0.048811 -0.012091 -0.129781
v -0.048808 -0.012216 -0.129763
v -0.049053 -0.012223 -0.131627
v -0.049847 -0.012367 -0.131545
v -0.049588 -0.012227 -0.129594
v -0.046972 -0.005645 -0.037539
v -0.046953 -0.004760 -0.025338
v -0.046982 -0.004770 -0.025338
v -0.047015 -0.004788 -0.025338
v -0.047043 -0.004865 -0.025334
v -0.047038 -0.005689 -0.037538
v -0.047095 -0.004893 -0.025333
v -0.047064 -0.004834 -0.025336
v -0.047081 -0.005756 -0.037534
v -0.047104 -0.004960 -0.025330
v -0.046497 -0.015695 -0.177130
v -0.046461 -0.015647 -0.177079
v -0.046609 -0.015614 -0.176838
v -0.046419 -0.015627 -0.177015
v -0.046224 -0.015633 -0.177097
v -0.046013 -0.015633 -0.177108
v -0.046240 -0.015653 -0.177171
v -0.046255 -0.015702 -0.177232
v -0.045206 -0.015755 -0.176975
v -0.049585 -0.025880 -0.166660
v -0.049042 -0.026851 -0.165112
v -0.048978 -0.026931 -0.164931
v -0.033264 -0.035705 -0.170375
v -0.033719 -0.015624 -0.176980
v -0.028179 -0.016081 -0.183358
v -0.036836 -0.015402 -0.173875
v -0.028764 -0.016120 -0.183899
v -0.021916 -0.016453 -0.188539
v -0.023903 -0.016420 -0.188089
v -0.017896 -0.016628 -0.190989
v -0.018488 -0.016670 -0.191574
v -0.010565 -0.016848 -0.194054
v -0.006443 -0.016981 -0.195911
v -0.002509 -0.016966 -0.195693
v -0.012659 -0.016858 -0.194194
v -0.006458 -0.017002 -0.195985
v -0.012685 -0.016879 -0.194265
v -0.018524 -0.016690 -0.191640
v -0.006471 -0.017050 -0.196045
v -0.012707 -0.016927 -0.194323
v -0.012722 -0.016995 -0.194359
v -0.006479 -0.017119 -0.196083
v -0.018556 -0.016738 -0.191694
v -0.018576 -0.016806 -0.191727
v -0.023989 -0.016488 -0.188198
v -0.023950 -0.016440 -0.188149
v -0.028818 -0.016139 -0.183952
v -0.033131 -0.015796 -0.179168
v -0.028863 -0.016186 -0.183996
v -0.033070 -0.015778 -0.179121
v -0.033181 -0.015843 -0.179205
v -0.028894 -0.016254 -0.184022
v -0.024015 -0.016555 -0.188228
v -0.024024 -0.016633 -0.188234
v -0.018583 -0.016884 -0.191735
v -0.012727 -0.017073 -0.194367
v -0.006482 -0.017196 -0.196092
v -0.000099 -0.017251 -0.196854
v -0.000099 -0.017173 -0.196845
v 0.006047 -0.017241 -0.196718
v 0.006034 -0.024750 -0.196037
v 0.006008 -0.032176 -0.195221
v 0.001375 -0.032188 -0.195399
v 0.006046 -0.017163 -0.196709
v 0.006696 -0.017237 -0.196654
v 0.006042 -0.017095 -0.196670
v 0.006694 -0.017159 -0.196645
v 0.006690 -0.017090 -0.196607
v 0.011366 -0.017106 -0.195912
v 0.011369 -0.017184 -0.195921
v 0.015952 -0.017098 -0.194714
v 0.011560 -0.032116 -0.194380
v 0.009524 -0.032144 -0.194769
v 0.010837 -0.032126 -0.194529
v 0.011629 -0.033831 -0.193594
v 0.014869 -0.033769 -0.192764
v 0.015394 -0.032044 -0.193382
v 0.014782 -0.034473 -0.192416
v 0.022895 -0.034234 -0.189125
v 0.014646 -0.034984 -0.191917
v 0.022673 -0.034750 -0.188662
v 0.018669 -0.033671 -0.191452
v 0.023036 -0.033525 -0.189447
v 0.024071 -0.031781 -0.189709
v 0.019810 -0.031929 -0.191776
v 0.017303 -0.017065 -0.194260
v 0.021671 -0.016936 -0.192464
v 0.015948 -0.017020 -0.194705
v 0.017298 -0.016987 -0.194252
v 0.021665 -0.016859 -0.192456
v 0.015934 -0.016951 -0.194669
v 0.017284 -0.016919 -0.194216
v 0.017262 -0.016871 -0.194158
v 0.015915 -0.016903 -0.194610
v 0.021646 -0.016790 -0.192422
v 0.025804 -0.016631 -0.190194
v 0.021618 -0.016742 -0.192367
v 0.025826 -0.016699 -0.190227
v 0.029778 -0.016586 -0.187569
v 0.025834 -0.016777 -0.190234
v 0.029769 -0.016508 -0.187563
v 0.030891 -0.016445 -0.186691
v 0.029743 -0.016440 -0.187533
v 0.030901 -0.016523 -0.186696
v 0.031595 -0.031410 -0.184530
v 0.034426 -0.016298 -0.183560
v 0.032784 -0.031335 -0.183488
v 0.036119 -0.031095 -0.180131
v 0.030399 -0.033176 -0.184606
v 0.036677 -0.032735 -0.178428
v 0.030207 -0.033888 -0.184317
v 0.036442 -0.033449 -0.178181
v 0.029150 -0.031549 -0.186462
v 0.025262 -0.033435 -0.188196
v 0.025231 -0.031734 -0.189049
v 0.041361 -0.032933 -0.170953
v 0.036074 -0.033974 -0.177836
v 0.040940 -0.033462 -0.170685
v 0.040355 -0.032373 -0.173339
v 0.041631 -0.032217 -0.171151
v 0.042076 -0.030494 -0.171751
v 0.040894 -0.030638 -0.173763
v 0.039832 -0.030755 -0.175393
v 0.041224 -0.015689 -0.175066
v 0.040453 -0.015775 -0.176263
v 0.037615 -0.016049 -0.180080
v 0.036992 -0.031023 -0.179128
v 0.037288 -0.016077 -0.180470
v 0.034416 -0.016221 -0.183555
v 0.037603 -0.015971 -0.180076
v 0.040440 -0.015698 -0.176261
v 0.034386 -0.016153 -0.183529
v 0.037570 -0.015904 -0.180054
v 0.040404 -0.015631 -0.176242
v 0.037520 -0.015857 -0.180016
v 0.034340 -0.016106 -0.183486
v 0.034286 -0.016087 -0.183432
v 0.030775 -0.016310 -0.186555
v 0.030823 -0.016330 -0.186614
v 0.029658 -0.016373 -0.187424
v 0.029704 -0.016393 -0.187484
v 0.030864 -0.016377 -0.186662
v 0.025730 -0.016563 -0.190077
v 0.025770 -0.016583 -0.190142
v 0.021585 -0.016722 -0.192298
v 0.017236 -0.016850 -0.194086
v 0.019419 -0.016729 -0.192394
v 0.026972 -0.016439 -0.188350
v 0.033618 -0.016054 -0.182972
v 0.037603 -0.015734 -0.178520
v 0.040286 -0.015566 -0.176167
v 0.037460 -0.015838 -0.179968
v 0.041055 -0.015480 -0.174975
v 0.042195 -0.015221 -0.171354
v 0.043330 -0.015186 -0.170869
v 0.045346 -0.014659 -0.163516
v 0.046581 -0.014553 -0.162033
v 0.045176 -0.014877 -0.166552
v 0.046983 -0.014063 -0.155201
v 0.046911 -0.014454 -0.160651
v 0.047695 -0.014122 -0.156025
v 0.047772 -0.014138 -0.156033
v 0.046986 -0.014470 -0.160666
v 0.046656 -0.014569 -0.162051
v 0.047050 -0.014515 -0.160677
v 0.047836 -0.014182 -0.156037
v 0.047879 -0.014248 -0.156037
v 0.048189 -0.013911 -0.151335
v 0.048146 -0.013846 -0.151339
v 0.048014 -0.013571 -0.146588
v 0.048080 -0.013802 -0.151342
v 0.047971 -0.013506 -0.146597
v 0.046861 -0.013076 -0.139689
v 0.046819 -0.013012 -0.139704
v 0.047906 -0.013462 -0.146605
v 0.046756 -0.012969 -0.139723
v 0.047829 -0.013447 -0.146613
v 0.046681 -0.012955 -0.139742
v 0.048003 -0.013786 -0.151342
v 0.046660 -0.013236 -0.143663
v 0.047035 -0.013452 -0.146684
v 0.044521 -0.012641 -0.135358
v 0.040861 -0.012087 -0.127634
v 0.044507 -0.012480 -0.133123
v 0.044578 -0.012494 -0.133092
v 0.041952 -0.012108 -0.127923
v 0.042019 -0.012120 -0.127884
v 0.042076 -0.012162 -0.127848
v 0.038822 -0.011773 -0.123034
v 0.038874 -0.011814 -0.122992
v 0.036479 -0.011568 -0.120174
v 0.038908 -0.011877 -0.122962
v 0.036528 -0.011608 -0.120128
v 0.033986 -0.011471 -0.117295
v 0.033954 -0.011408 -0.117329
v 0.036560 -0.011672 -0.120095
v 0.033997 -0.011547 -0.117280
v 0.036571 -0.011748 -0.120079
v 0.038920 -0.011953 -0.122947
v 0.036217 -0.026734 -0.119256
v 0.039158 -0.026997 -0.122924
v 0.040614 -0.027151 -0.125068
v 0.040919 -0.012159 -0.125820
v 0.036566 -0.012410 -0.120036
v 0.042934 -0.027444 -0.129154
v 0.042126 -0.012302 -0.127809
v 0.042113 -0.012226 -0.127822
v 0.044678 -0.012600 -0.133043
v 0.044638 -0.012536 -0.133065
v 0.044691 -0.012676 -0.133032
v 0.046876 -0.013153 -0.139680
v 0.044030 -0.027612 -0.131502
v 0.044201 -0.029540 -0.133545
v 0.045679 -0.027928 -0.135927
v 0.043693 -0.029450 -0.132274
v 0.041933 -0.029180 -0.128522
v 0.040227 -0.028956 -0.125526
v 0.041647 -0.029909 -0.128613
v 0.038848 -0.029559 -0.123904
v 0.038446 -0.030122 -0.124126
v 0.039107 -0.028820 -0.123790
v 0.035563 -0.029213 -0.119521
v 0.035777 -0.028452 -0.119398
v 0.032296 -0.028096 -0.115375
v 0.030759 -0.028743 -0.113644
v 0.031843 -0.028048 -0.114803
v 0.030966 -0.027951 -0.113608
v 0.028919 -0.028502 -0.110330
v 0.029592 -0.027778 -0.111312
v 0.029360 -0.026070 -0.110096
v 0.029133 -0.027711 -0.110324
v 0.028113 -0.027485 -0.106708
v 0.028041 -0.027773 -0.106698
v 0.028508 -0.025811 -0.106691
v 0.028539 -0.025526 -0.103100
v 0.028935 -0.010841 -0.107426
v 0.027971 -0.027307 -0.103722
v 0.029803 -0.011102 -0.111065
v 0.031613 -0.011338 -0.114360
v 0.031601 -0.011262 -0.114374
v 0.029789 -0.011025 -0.111076
v 0.028921 -0.010764 -0.107433
v 0.029749 -0.010961 -0.111096
v 0.031566 -0.011198 -0.114403
v 0.031512 -0.011157 -0.114444
v 0.033906 -0.011367 -0.117376
v 0.033849 -0.011355 -0.117428
v 0.036421 -0.011556 -0.120226
v 0.038760 -0.011761 -0.123082
v 0.034165 -0.011464 -0.118946
v 0.035825 -0.011594 -0.120753
v 0.030202 -0.011113 -0.114049
v 0.029617 -0.010906 -0.111152
v 0.031449 -0.011145 -0.114489
v 0.028285 -0.010794 -0.109591
v 0.028736 -0.010641 -0.107459
v 0.027951 -0.010442 -0.104687
v 0.029055 -0.010079 -0.099615
v 0.028872 -0.010369 -0.103666
v 0.029850 -0.010121 -0.099997
v 0.029776 -0.010104 -0.099974
v 0.028948 -0.010385 -0.103676
v 0.029012 -0.010429 -0.103683
v 0.029911 -0.010167 -0.100014
v 0.028813 -0.010656 -0.107450
v 0.029688 -0.010919 -0.111123
v 0.028878 -0.010699 -0.107441
v 0.029055 -0.010495 -0.103684
v 0.029069 -0.010572 -0.103681
v 0.029966 -0.010310 -0.100022
v 0.029953 -0.010233 -0.100023
v 0.031329 -0.010059 -0.096519
v 0.031316 -0.009982 -0.096518
v 0.032842 -0.009748 -0.093255
v 0.032804 -0.009681 -0.093240
v 0.031276 -0.009915 -0.096506
v 0.032745 -0.009635 -0.093215
v 0.031216 -0.009869 -0.096483
v 0.031146 -0.009852 -0.096453
v 0.032676 -0.009617 -0.093183
v 0.036169 -0.009147 -0.086410
v 0.036101 -0.009129 -0.086375
v 0.031959 -0.009593 -0.092836
v 0.036907 -0.008898 -0.083150
v 0.042141 -0.008234 -0.073881
v 0.039724 -0.008649 -0.079670
v 0.042880 -0.008256 -0.074195
v 0.042885 -0.008257 -0.074197
v 0.039791 -0.008667 -0.079706
v 0.039848 -0.008713 -0.079734
v 0.042952 -0.008274 -0.074224
v 0.042925 -0.008263 -0.074214
v 0.043870 -0.008031 -0.070841
v 0.043933 -0.008076 -0.070855
v 0.043796 -0.008015 -0.070822
v 0.044096 -0.007961 -0.069859
v 0.044160 -0.008006 -0.069866
v 0.042982 -0.008292 -0.074236
v 0.043013 -0.008319 -0.074247
v 0.043027 -0.008338 -0.074252
v 0.039886 -0.008780 -0.079751
v 0.043057 -0.008398 -0.074260
v 0.043975 -0.008143 -0.070862
v 0.043989 -0.008220 -0.070860
v 0.044203 -0.008072 -0.069868
v 0.043066 -0.008464 -0.074259
v 0.039898 -0.008857 -0.079752
v 0.042888 -0.013469 -0.074012
v 0.043683 -0.014962 -0.070745
v 0.042662 -0.016272 -0.074010
v 0.043319 -0.018896 -0.070556
v 0.043237 -0.018412 -0.071154
v 0.043813 -0.015214 -0.070134
v 0.044217 -0.008149 -0.069865
v 0.043867 -0.015343 -0.069511
v 0.044286 -0.008096 -0.069118
v 0.043824 -0.015305 -0.068881
v 0.044272 -0.008019 -0.069123
v 0.044278 -0.008044 -0.068383
v 0.043715 -0.015146 -0.068250
v 0.044264 -0.007966 -0.068389
v 0.044229 -0.007953 -0.069127
v 0.044221 -0.007901 -0.068395
v 0.044163 -0.007909 -0.069128
v 0.044156 -0.007857 -0.068400
v 0.044202 -0.007859 -0.067807
v 0.044137 -0.007815 -0.067812
v 0.044119 -0.007773 -0.067231
v 0.044041 -0.007757 -0.067234
v 0.044115 -0.007729 -0.066625
v 0.044037 -0.007714 -0.066623
v 0.044276 -0.007666 -0.065747
v 0.043240 -0.007734 -0.066904
v 0.043266 -0.007691 -0.066304
v 0.043248 -0.007759 -0.067252
v 0.044060 -0.007799 -0.067816
v 0.043284 -0.007843 -0.068428
v 0.043260 -0.007922 -0.069533
v 0.044086 -0.007893 -0.069127
v 0.044079 -0.007841 -0.068404
v 0.044020 -0.007945 -0.069848
v 0.043027 -0.008000 -0.070613
v 0.042226 -0.019434 -0.067511
v 0.043150 -0.018294 -0.068522
v 0.042916 -0.019208 -0.068691
v 0.043149 -0.019304 -0.069312
v 0.041700 -0.022318 -0.069851
v 0.043298 -0.019217 -0.069938
v 0.042484 -0.020559 -0.069057
v 0.041926 -0.022616 -0.070641
v 0.041554 -0.022580 -0.070015
v 0.042196 -0.022438 -0.071297
v 0.041105 -0.023854 -0.071728
v 0.041530 -0.022621 -0.070042
v 0.040364 -0.022446 -0.068310
v 0.040198 -0.022629 -0.068389
v 0.037537 -0.024577 -0.069781
v 0.040670 -0.023846 -0.071096
v 0.040187 -0.024759 -0.073085
v 0.039731 -0.024750 -0.072408
v 0.038765 -0.025349 -0.073919
v 0.038687 -0.025386 -0.074047
v 0.037625 -0.025793 -0.075851
v 0.030569 -0.027820 -0.090761
v 0.038169 -0.025761 -0.076446
v 0.031167 -0.027564 -0.091082
v 0.038579 -0.025504 -0.077118
v 0.038777 -0.025025 -0.077781
v 0.040550 -0.024520 -0.073783
v 0.031589 -0.027036 -0.091345
v 0.029442 -0.027938 -0.094783
v 0.031857 -0.026324 -0.091551
v 0.029896 -0.027405 -0.094977
v 0.028829 -0.026983 -0.098865
v 0.028533 -0.027716 -0.098750
v 0.028063 -0.028259 -0.098628
v 0.027392 -0.028526 -0.098504
v 0.028800 -0.028192 -0.094558
v 0.027765 -0.027996 -0.102685
v 0.027636 -0.028645 -0.106699
v 0.031474 -0.024694 -0.094029
v 0.029345 -0.025211 -0.099404
v 0.032856 -0.009825 -0.093255
v 0.032443 -0.024473 -0.092005
v 0.038795 -0.024444 -0.078352
v 0.038738 -0.022694 -0.079941
v 0.039107 -0.022564 -0.079282
v 0.036279 -0.009338 -0.086453
v 0.036266 -0.009260 -0.086452
v 0.036227 -0.009193 -0.086436
v 0.039566 -0.022373 -0.078476
v 0.038851 -0.024426 -0.078254
v 0.040584 -0.021691 -0.076758
v 0.040693 -0.021585 -0.076583
v 0.040726 -0.023475 -0.075026
v 0.041563 -0.023201 -0.073084
v 0.041525 -0.022656 -0.073714
v 0.040704 -0.024066 -0.074481
v 0.041425 -0.020614 -0.075457
v 0.041526 -0.020431 -0.075310
v 0.042149 -0.021683 -0.072724
v 0.041761 -0.019946 -0.074982
v 0.042083 -0.019088 -0.074566
v 0.042251 -0.021483 -0.072566
v 0.042244 -0.018536 -0.074379
v 0.043179 -0.018691 -0.071226
v 0.042566 -0.016965 -0.074071
v 0.042604 -0.016711 -0.074044
v 0.042297 -0.022026 -0.071949
v 0.041430 -0.023639 -0.072406
v 0.036719 -0.024705 -0.069223
v 0.038320 -0.023806 -0.068333
v 0.039765 -0.022562 -0.067608
v 0.039648 -0.022589 -0.067295
v 0.040926 -0.021016 -0.066250
v 0.039564 -0.022711 -0.066844
v 0.041069 -0.020893 -0.067027
v 0.042086 -0.018985 -0.066644
v 0.031077 -0.026304 -0.113279
v 0.045851 -0.029910 -0.138803
v 0.046593 -0.028167 -0.139269
v 0.046856 -0.028253 -0.140466
v 0.046982 -0.030398 -0.145648
v 0.047603 -0.028615 -0.145546
v 0.047886 -0.021167 -0.146055
v 0.048028 -0.013648 -0.146581
v 0.048203 -0.013988 -0.151330
v 0.047894 -0.014325 -0.156034
v 0.047783 -0.028952 -0.150239
v 0.047038 -0.030903 -0.152705
v 0.047676 -0.029137 -0.152818
v 0.047106 -0.014658 -0.160680
v 0.046882 -0.031027 -0.154444
v 0.045942 -0.031416 -0.159901
v 0.047104 -0.029473 -0.157505
v 0.046578 -0.029657 -0.160076
v 0.046775 -0.014758 -0.162068
v 0.045076 -0.031640 -0.163054
v 0.046060 -0.029801 -0.162076
v 0.043698 -0.031910 -0.166840
v 0.044552 -0.030119 -0.166519
v 0.045364 -0.015083 -0.166606
v 0.043510 -0.015394 -0.170942
v 0.043497 -0.015316 -0.170941
v 0.045350 -0.015006 -0.166607
v 0.044309 -0.030162 -0.167118
v 0.042275 -0.030468 -0.171387
v 0.046761 -0.014680 -0.162069
v 0.043458 -0.015250 -0.170927
v 0.045309 -0.014939 -0.166596
v 0.045248 -0.014894 -0.166577
v 0.046719 -0.014614 -0.162063
v 0.043400 -0.015204 -0.170901
v 0.041120 -0.015499 -0.175014
v 0.040350 -0.015584 -0.176209
v 0.041175 -0.015545 -0.175046
v 0.041212 -0.015612 -0.175064
v 0.047092 -0.014581 -0.160682
v 0.044780 -0.032359 -0.162910
v 0.044321 -0.032892 -0.162728
v 0.043678 -0.033148 -0.162506
v 0.041479 -0.033461 -0.166192
v 0.040348 -0.033710 -0.170342
v 0.042925 -0.033180 -0.162265
v 0.043982 -0.032890 -0.158217
v 0.043509 -0.033015 -0.159965
v 0.042015 -0.033352 -0.164670
v 0.041299 -0.033485 -0.164387
v 0.039988 -0.033675 -0.169173
v 0.036822 -0.034100 -0.172975
v 0.037456 -0.033979 -0.173414
v 0.034452 -0.034260 -0.177336
v 0.030497 -0.034627 -0.180317
v 0.027194 -0.034740 -0.184024
v 0.022658 -0.035036 -0.186025
v 0.022339 -0.035428 -0.185431
v 0.031016 -0.034515 -0.180889
v 0.032113 -0.034448 -0.179956
v 0.028988 -0.034648 -0.182746
v 0.029484 -0.034643 -0.183363
v 0.025603 -0.034825 -0.185217
v 0.021993 -0.034978 -0.187345
v 0.023036 -0.034931 -0.186700
v 0.022360 -0.034979 -0.188047
v 0.014455 -0.035209 -0.191253
v 0.018190 -0.035104 -0.189110
v 0.018597 -0.035088 -0.188882
v 0.016291 -0.035152 -0.189779
v 0.016228 -0.035157 -0.189851
v 0.014232 -0.035203 -0.190494
v 0.015119 -0.035181 -0.190177
v 0.013721 -0.035306 -0.189798
v 0.013936 -0.035207 -0.190541
v 0.006323 -0.035411 -0.191261
v 0.006405 -0.035313 -0.192031
v 0.006004 -0.035316 -0.192072
v 0.006076 -0.035324 -0.192855
v 0.002822 -0.035330 -0.192262
v 0.005907 -0.035512 -0.191060
v 0.000034 -0.035328 -0.192235
v 0.005836 -0.036191 -0.190281
v 0.006220 -0.036188 -0.190242
v 0.006254 -0.035797 -0.190587
v 0.006298 -0.035510 -0.191020
v 0.013538 -0.035694 -0.189146
v 0.013416 -0.036311 -0.188684
v 0.006208 -0.036414 -0.190110
v 0.035557 -0.034214 -0.177384
v 0.029907 -0.034408 -0.183906
v 0.034951 -0.034227 -0.176875
v 0.037473 -0.033988 -0.173532
v 0.039656 -0.033731 -0.169960
v 0.015891 -0.016883 -0.194538
v 0.011207 -0.016912 -0.194952
v 0.011328 -0.016969 -0.195740
v 0.005958 -0.016969 -0.195742
v 0.006675 -0.017021 -0.196470
v 0.011344 -0.016990 -0.195814
v 0.006683 -0.017042 -0.196545
v 0.006029 -0.017026 -0.196533
v 0.006036 -0.017047 -0.196609
v -0.000094 -0.017056 -0.196745
v -0.000090 -0.017035 -0.196669
v -0.000097 -0.017105 -0.196806
v 0.011357 -0.017038 -0.195874
v -0.033215 -0.015910 -0.179228
v -0.036955 -0.015466 -0.173947
v -0.036992 -0.015533 -0.173966
v -0.037004 -0.015611 -0.173969
v -0.036901 -0.015420 -0.173916
v 0.043373 -0.031461 -0.138282
v 0.043134 -0.031400 -0.137428
v 0.042399 -0.031567 -0.137630
v 0.042944 -0.031347 -0.136699
v 0.042808 -0.031323 -0.136359
v 0.042077 -0.031169 -0.134216
v 0.041587 -0.031082 -0.132996
v 0.033014 -0.025847 -0.070738
v 0.043117 -0.022987 -0.063022
v 0.008370 -0.048256 -0.033754
v 0.001711 -0.049179 -0.035644
v 0.031473 -0.033526 -0.004358
v 0.027987 -0.035134 0.002017
v 0.028839 -0.034445 0.001968
v 0.030946 -0.032586 0.001834
v 0.032334 -0.031228 0.001737
v 0.035462 -0.027692 0.001484
v 0.044409 -0.008449 0.000104
v 0.045780 -0.003623 -0.006698
v 0.044893 -0.004477 -0.000180
v 0.045378 -0.003390 -0.003450
v 0.044948 -0.003162 -0.000275
v 0.045364 -0.003313 -0.003458
v 0.044943 -0.003116 -0.000278
v 0.044933 -0.003085 -0.000280
v 0.045321 -0.003247 -0.003468
v 0.044918 -0.003054 -0.000282
v 0.044873 -0.003003 -0.000286
v 0.044813 -0.002970 -0.000288
v 0.044746 -0.002959 -0.000289
v 0.045257 -0.003203 -0.003479
v 0.045180 -0.003188 -0.003491
v 0.045658 -0.003436 -0.006725
v 0.045582 -0.003421 -0.006736
v 0.047038 -0.004568 -0.022744
v 0.044393 -0.003196 -0.003605
v 0.044793 -0.003428 -0.006835
v 0.046579 -0.005013 -0.028940
v 0.047650 -0.005720 -0.038806
v 0.047727 -0.005735 -0.038805
v 0.047115 -0.004584 -0.022738
v 0.045723 -0.003480 -0.006715
v 0.047180 -0.004628 -0.022731
v 0.045766 -0.003545 -0.006705
v 0.047117 -0.004643 -0.020929
v 0.043963 -0.002969 -0.000428
v 0.043929 -0.002959 -0.000289
v -0.029499 0.032297 -0.084848
v -0.029949 0.032282 -0.085066
v -0.029941 0.032287 -0.085083
v -0.029387 0.032357 -0.085102
v -0.029849 0.032343 -0.085294
v -0.029231 0.032430 -0.085536
v -0.029616 0.032460 -0.086025
v -0.029129 0.032468 -0.085913
v -0.029567 0.032475 -0.086266
v -0.029008 0.032475 -0.086754
v -0.029508 0.032472 -0.086783
v -0.029034 0.032375 -0.087619
v -0.029522 0.032392 -0.087489
v -0.029530 0.032379 -0.087561
v -0.029098 0.032291 -0.088021
v -0.029210 0.032170 -0.088460
v -0.029689 0.032180 -0.088317
v -0.029811 0.032049 -0.088662
v -0.029517 0.031875 -0.089222
v -0.029965 0.031891 -0.089001
v -0.029989 0.031452 -0.089965
v -0.030390 0.031474 -0.089667
v -0.030408 0.031457 -0.089689
v -0.030182 0.031283 -0.090195
v -0.030871 0.031007 -0.090182
v -0.030523 0.030981 -0.090540
v -0.031102 0.030464 -0.090985
v -0.031275 0.030609 -0.090502
v -0.031158 0.030414 -0.091021
v -0.031442 0.030443 -0.090611
v -0.031855 0.029771 -0.091379
v -0.032069 0.029803 -0.090929
v -0.032210 0.029432 -0.091507
v -0.032344 0.029514 -0.091027
v -0.032634 0.029018 -0.091619
v -0.032770 0.029052 -0.091139
v -0.033457 0.028175 -0.091720
v -0.033511 0.028210 -0.091224
v -0.033529 0.028189 -0.091224
v -0.034314 0.027235 -0.091672
v -0.034282 0.027271 -0.091174
v -0.034679 0.026813 -0.091605
v -0.034757 0.026657 -0.091075
v -0.035179 0.026212 -0.091467
v -0.035061 0.026247 -0.090982
v -0.035887 0.025313 -0.091173
v -0.035868 0.025095 -0.090620
v -0.036076 0.025062 -0.091074
v -0.032134 0.030487 -0.082797
v -0.031927 0.030520 -0.082343
v -0.032339 0.030153 -0.082150
v -0.030923 0.031568 -0.083687
v -0.030582 0.031594 -0.083323
v -0.031216 0.031111 -0.082783
v -0.029576 0.032254 -0.084692
v -0.030019 0.032237 -0.084925
v -0.029753 0.032150 -0.084376
v -0.030215 0.032106 -0.084578
v -0.030619 0.031809 -0.084019
v -0.030434 0.031949 -0.084255
v -0.030038 0.031970 -0.083951
v -0.029794 0.032125 -0.084308
v -0.030543 0.031622 -0.083362
v -0.031554 0.030837 -0.082555
v -0.031543 0.031039 -0.083162
v -0.031495 0.031082 -0.083197
v -0.032876 0.029735 -0.082480
v -0.032651 0.029970 -0.082561
v -0.032505 0.030120 -0.082620
v -0.032751 0.029769 -0.081997
v -0.033575 0.028946 -0.081797
v -0.033617 0.028911 -0.082294
v -0.033862 0.028622 -0.082259
v -0.033956 0.028539 -0.081750
v -0.034383 0.027979 -0.082227
v -0.034426 0.028015 -0.081730
v -0.035078 0.027056 -0.082276
v -0.035197 0.027090 -0.081791
v -0.035157 0.026945 -0.082288
v -0.035286 0.026979 -0.081806
v -0.035798 0.026313 -0.081925
v -0.035618 0.026280 -0.082391
v -0.036216 0.025355 -0.082607
v -0.036366 0.025524 -0.082130
v -0.036327 0.025174 -0.082660
v -0.036586 0.025204 -0.082233
v -0.036965 0.024071 -0.083048
v -0.037294 0.024098 -0.082673
v -0.037187 0.023658 -0.083227
v -0.037385 0.023946 -0.082744
v -0.037531 0.022978 -0.083568
v -0.037924 0.023000 -0.083258
v -0.037785 0.022444 -0.083885
v -0.038205 0.022464 -0.083615
v -0.037926 0.022130 -0.084099
v -0.038458 0.021948 -0.084021
v -0.038012 0.021932 -0.084246
v -0.038274 0.021750 -0.088878
v -0.037881 0.022403 -0.089484
v -0.037415 0.022565 -0.089272
v -0.037794 0.022542 -0.089597
v -0.036948 0.023381 -0.089801
v -0.037243 0.023403 -0.090210
v -0.036919 0.023430 -0.089830
v -0.036976 0.023801 -0.090451
v -0.036283 0.024462 -0.090358
v -0.036537 0.024431 -0.090788
v -0.035922 0.025014 -0.090589
v -0.037753 0.021944 -0.088779
v -0.037846 0.021769 -0.088619
v -0.038542 0.021291 -0.088339
v -0.038149 0.021188 -0.087983
v -0.038610 0.021174 -0.088176
v -0.038825 0.020809 -0.087522
v -0.038283 0.020930 -0.087601
v -0.038343 0.020819 -0.087392
v -0.038920 0.020661 -0.087093
v -0.038448 0.020634 -0.086876
v -0.038943 0.020629 -0.086952
v -0.038998 0.020584 -0.086347
v -0.038497 0.020584 -0.086358
v -0.038498 0.020585 -0.086332
v -0.038987 0.020669 -0.085834
v -0.038481 0.020694 -0.085787
v -0.038979 0.020697 -0.085741
v -0.038892 0.020949 -0.085181
v -0.038255 0.021340 -0.084779
v -0.038728 0.021352 -0.084617
v -0.038373 0.021025 -0.085161
v -0.038403 0.020941 -0.085285
v -0.029567 0.001215 -0.084026
v -0.029007 0.001178 -0.084535
v -0.029522 0.001127 -0.085247
v -0.029098 0.001089 -0.085782
v -0.029809 0.001042 -0.086436
v -0.029497 0.001004 -0.086967
v -0.030407 0.000966 -0.087503
v -0.030179 0.000929 -0.088016
v -0.031272 0.000904 -0.088369
v -0.031101 0.000868 -0.088863
v -0.032338 0.000860 -0.088971
v -0.032205 0.000826 -0.089455
v -0.033528 0.000839 -0.089264
v -0.033422 0.000804 -0.089754
v -0.034753 0.000842 -0.089225
v -0.034675 0.000805 -0.089741
v -0.035922 0.000869 -0.088858
v -0.035886 0.000828 -0.089419
v -0.036949 0.000916 -0.088190
v -0.036978 0.000872 -0.088806
v -0.037756 0.000982 -0.087271
v -0.037883 0.000934 -0.087941
v -0.038286 0.001061 -0.086169
v -0.038545 0.001010 -0.086879
v -0.038920 0.001096 -0.085687
v -0.038497 0.001148 -0.084965
v -0.038987 0.001185 -0.084438
v -0.038375 0.001235 -0.083748
v -0.038740 0.001273 -0.083213
v -0.037928 0.001316 -0.082610
v -0.038195 0.001354 -0.082087
v -0.037190 0.001386 -0.081634
v -0.037387 0.001422 -0.081131
v -0.036216 0.001439 -0.080893
v -0.036366 0.001474 -0.080406
v -0.035077 0.001472 -0.080442
v -0.035196 0.001507 -0.079958
v -0.033858 0.001481 -0.080314
v -0.033951 0.001517 -0.079813
v -0.032650 0.001466 -0.080518
v -0.032709 0.001505 -0.079982
v -0.031542 0.001429 -0.081040
v -0.031549 0.001471 -0.080453
v -0.030616 0.001372 -0.081841
v -0.030542 0.001418 -0.081198
v -0.029941 0.001298 -0.082862
v -0.029752 0.001348 -0.082169
v -0.029230 0.001267 -0.083305
v 0.043566 0.017708 -0.041317
v 0.043145 0.018778 -0.040850
v 0.043164 0.010367 -0.040266
v 0.042538 0.020217 -0.040473
v 0.041834 0.021749 -0.040276
v 0.041835 0.010424 -0.039465
v 0.040507 0.024289 -0.040381
v 0.040295 0.024659 -0.040451
v 0.040282 0.010427 -0.039433
v 0.038922 0.010373 -0.040181
v 0.038932 0.026799 -0.041348
v 0.038118 0.010278 -0.041506
v 0.038806 0.026978 -0.041489
v 0.039555 0.025868 -0.040825
v 0.041539 0.022351 -0.040250
v 0.042879 0.019423 -0.040654
v 0.043994 0.016556 -0.042601
v 0.043913 0.010270 -0.041623
v 0.043996 0.016552 -0.042943
v 0.043881 0.010159 -0.043172
v 0.043954 0.016674 -0.043324
v 0.043954 0.016663 -0.042279
v 0.043910 0.016784 -0.042081
v 0.043845 0.016962 -0.041868
v 0.043075 0.019031 -0.045143
v 0.043607 0.017643 -0.044360
v 0.043078 0.010064 -0.044497
v 0.043854 0.016959 -0.043748
v 0.043880 0.016887 -0.043660
v 0.042265 0.020922 -0.045833
v 0.041718 0.010010 -0.045244
v 0.041719 0.022061 -0.046108
v 0.041605 0.022288 -0.046150
v 0.040165 0.010012 -0.045213
v 0.040437 0.024395 -0.046309
v 0.038836 0.010070 -0.044412
v 0.039248 0.026240 -0.045929
v 0.040218 0.024755 -0.046285
v 0.038089 0.027859 -0.044331
v 0.038230 0.027663 -0.044745
v 0.038087 0.010167 -0.043055
v 0.038564 0.027205 -0.045313
v 0.038853 0.026805 -0.045628
v 0.038027 0.027950 -0.044016
v 0.038038 0.027918 -0.043133
v 0.038120 0.027837 -0.042759
v 0.038265 0.027701 -0.042356
v -0.038036 0.022147 -0.089263
v -0.037594 0.022861 -0.089840
v -0.037606 0.000912 -0.088254
v -0.033237 0.028405 -0.091707
v -0.032807 0.028844 -0.091652
v -0.032804 0.000812 -0.089642
v -0.037457 0.023825 -0.082803
v -0.037463 0.001417 -0.081203
v -0.037095 0.024421 -0.082530
v -0.035697 0.026447 -0.081897
v -0.032892 0.029634 -0.081953
v -0.033360 0.029169 -0.081836
v -0.032609 0.001503 -0.080010
v -0.034882 0.027477 -0.081752
v -0.035199 0.027089 -0.081792
v -0.030394 0.001407 -0.081345
v -0.031531 0.030856 -0.082569
v -0.032620 0.029894 -0.082042
v -0.029197 0.032444 -0.085650
v -0.029145 0.001245 -0.083607
v -0.030283 0.031805 -0.083644
v -0.030402 0.031723 -0.083510
v -0.029197 0.001060 -0.086188
v -0.029000 0.032453 -0.087048
v -0.029146 0.032463 -0.085843
v -0.029885 0.031544 -0.089826
v -0.029239 0.032141 -0.088551
v -0.029198 0.032182 -0.088420
v -0.031288 0.030296 -0.091100
v -0.030983 0.030572 -0.090905
v -0.030537 0.000902 -0.088397
v -0.030547 0.030960 -0.090562
v -0.029991 0.031451 -0.089966
v -0.032569 0.029082 -0.091605
v -0.035391 0.000816 -0.089590
v -0.036985 0.023788 -0.090443
v -0.036331 0.024717 -0.090923
v -0.035398 0.025941 -0.091389
v -0.034674 0.026819 -0.091606
v -0.038997 0.020583 -0.086364
v -0.038855 0.001074 -0.085993
v -0.038969 0.020730 -0.085645
v -0.038803 0.001259 -0.083412
v -0.038920 0.020661 -0.087092
v -0.038851 0.020767 -0.087419
v -0.038679 0.021056 -0.087994
v -0.037943 0.022964 -0.083281
v -0.038794 0.021195 -0.084812
v 0.040101 0.024819 -0.038033
v 0.038340 0.027228 -0.035805
v 0.010798 -0.016491 -0.196087
v 0.010510 -0.001499 -0.196788
v 0.009299 -0.001514 -0.197002
v 0.006047 -0.016539 -0.196768
v 0.006009 -0.001848 -0.197409
v 0.006008 -0.001544 -0.197417
v 0.014924 -0.001422 -0.195719
v 0.015415 -0.016408 -0.194932
v 0.015109 -0.001418 -0.195664
v 0.019568 -0.001304 -0.194073
v 0.019889 -0.016291 -0.193310
v 0.023267 -0.001179 -0.192337
v 0.021102 -0.016253 -0.192778
v 0.023455 -0.016171 -0.191625
v 0.023872 -0.001156 -0.192014
v 0.037262 -0.015377 -0.180551
v 0.037428 -0.015363 -0.180355
v 0.037120 -0.000379 -0.181172
v 0.036777 -0.000408 -0.181577
v 0.035968 -0.000474 -0.182496
v 0.033980 -0.015627 -0.184044
v 0.032589 -0.000715 -0.185860
v 0.024944 -0.001113 -0.191412
v 0.025358 -0.016095 -0.190567
v 0.028910 -0.000928 -0.188833
v 0.029331 -0.015907 -0.187952
v 0.030751 -0.000827 -0.187424
v 0.031003 -0.015815 -0.186664
v 0.033014 -0.015692 -0.184944
v 0.042507 -0.014830 -0.172925
v 0.042150 0.000149 -0.173813
v 0.040144 -0.015106 -0.176771
v 0.039664 -0.000139 -0.177833
v 0.042621 -0.014815 -0.172717
v 0.043231 -0.014732 -0.171553
v 0.044222 0.000456 -0.169523
v 0.045170 -0.014418 -0.167174
v 0.044486 0.000502 -0.168881
v 0.047816 -0.013668 -0.156710
v 0.047085 0.001152 -0.159809
v 0.047626 -0.013761 -0.158012
v 0.046021 0.000823 -0.164411
v 0.045667 0.000738 -0.165586
v 0.046056 -0.014236 -0.164633
v 0.046634 -0.014094 -0.162656
v 0.048028 -0.012945 -0.146632
v 0.047603 0.002017 -0.147741
v 0.048076 -0.012987 -0.147209
v 0.047782 0.001678 -0.152469
v 0.048191 -0.013328 -0.151962
v 0.047671 0.001491 -0.155087
v 0.047517 0.001368 -0.156794
v 0.047953 -0.013174 -0.147205
v 0.048018 -0.013130 -0.147203
v 0.048133 -0.013470 -0.151950
v 0.048061 -0.013064 -0.147205
v 0.048177 -0.013404 -0.151956
v 0.047876 -0.013189 -0.147210
v 0.047829 -0.013148 -0.146635
v 0.047906 -0.013132 -0.146629
v 0.047802 -0.013745 -0.156702
v 0.047612 -0.013838 -0.158005
v 0.046620 -0.014171 -0.162647
v 0.045156 -0.014495 -0.167163
v 0.037251 -0.015453 -0.180537
v 0.040131 -0.015182 -0.176758
v 0.043218 -0.014808 -0.171541
v 0.042608 -0.014892 -0.172705
v 0.033970 -0.015703 -0.184028
v 0.033005 -0.015768 -0.184928
v 0.029323 -0.015983 -0.187934
v 0.025351 -0.016171 -0.190549
v 0.021096 -0.016329 -0.192760
v 0.019883 -0.016367 -0.193291
v 0.015411 -0.016484 -0.194912
v 0.010795 -0.016566 -0.196067
v 0.006046 -0.016615 -0.196748
v 0.047759 -0.013810 -0.156692
v 0.047569 -0.013903 -0.157993
v 0.046578 -0.014235 -0.162631
v 0.045116 -0.014559 -0.167143
v 0.043179 -0.014872 -0.171517
v 0.042570 -0.014956 -0.172679
v 0.040096 -0.015246 -0.176729
v 0.037218 -0.015517 -0.180504
v 0.033940 -0.015767 -0.183992
v 0.032975 -0.015831 -0.184891
v 0.029297 -0.016046 -0.187895
v 0.025329 -0.016234 -0.190507
v 0.021078 -0.016392 -0.192716
v 0.019867 -0.016430 -0.193247
v 0.015398 -0.016546 -0.194866
v 0.010787 -0.016629 -0.196020
v 0.006042 -0.016677 -0.196700
v 0.048068 -0.013513 -0.151945
v 0.047694 -0.013853 -0.156680
v 0.047505 -0.013946 -0.157980
v 0.046515 -0.014278 -0.162611
v 0.045055 -0.014601 -0.167117
v 0.043121 -0.014914 -0.171484
v 0.042513 -0.014997 -0.172645
v 0.040042 -0.015287 -0.176689
v 0.037168 -0.015557 -0.180459
v 0.033895 -0.015807 -0.183942
v 0.032932 -0.015871 -0.184840
v 0.029258 -0.016086 -0.187840
v 0.025296 -0.016273 -0.190448
v 0.021051 -0.016431 -0.192654
v 0.019841 -0.016469 -0.193184
v 0.015379 -0.016585 -0.194801
v 0.010774 -0.016668 -0.195953
v 0.006036 -0.016717 -0.196633
v 0.048014 -0.013023 -0.146627
v 0.047971 -0.013088 -0.146627
v 0.047991 -0.013529 -0.151942
v 0.047618 -0.013867 -0.156669
v 0.047429 -0.013960 -0.157966
v 0.046441 -0.014292 -0.162590
v 0.044983 -0.014614 -0.167088
v 0.043053 -0.014927 -0.171448
v 0.042445 -0.015010 -0.172608
v 0.039978 -0.015299 -0.176645
v 0.037110 -0.015569 -0.180408
v 0.033841 -0.015818 -0.183886
v 0.032880 -0.015883 -0.184782
v 0.029213 -0.016097 -0.187777
v 0.025257 -0.016284 -0.190381
v 0.021019 -0.016442 -0.192583
v 0.019811 -0.016480 -0.193112
v 0.015357 -0.016595 -0.194726
v 0.010759 -0.016678 -0.195877
v 0.006029 -0.016726 -0.196555
v 0.045690 0.002707 -0.138157
v 0.046628 0.002458 -0.141613
v 0.046876 -0.012451 -0.139731
v 0.046870 0.002378 -0.142731
v 0.036237 0.003424 -0.121405
v 0.036217 0.003905 -0.121453
v 0.039179 0.003640 -0.125148
v 0.036571 -0.011046 -0.120130
v 0.044030 0.003027 -0.133699
v 0.044691 -0.011974 -0.133082
v 0.042950 0.003193 -0.131382
v 0.042126 -0.011600 -0.127860
v 0.040614 0.003489 -0.127265
v 0.040919 -0.011457 -0.125870
v 0.038920 -0.011251 -0.122998
v 0.042113 -0.011677 -0.127861
v 0.038908 -0.011329 -0.123001
v 0.036560 -0.011123 -0.120134
v 0.038874 -0.011396 -0.123022
v 0.036528 -0.011191 -0.120158
v 0.038822 -0.011443 -0.123058
v 0.036479 -0.011238 -0.120198
v 0.038760 -0.011461 -0.123103
v 0.036421 -0.011257 -0.120247
v 0.046861 -0.012528 -0.139729
v 0.046819 -0.012594 -0.139734
v 0.046756 -0.012639 -0.139747
v 0.046681 -0.012656 -0.139764
v 0.044678 -0.012052 -0.133083
v 0.044638 -0.012118 -0.133094
v 0.044578 -0.012164 -0.133116
v 0.044507 -0.012181 -0.133144
v 0.042076 -0.011744 -0.127878
v 0.042019 -0.011790 -0.127907
v 0.041952 -0.011808 -0.127944
v 0.029054 -0.010205 -0.108405
v 0.028878 -0.010032 -0.105985
v 0.028435 0.004937 -0.106503
v 0.029096 -0.009858 -0.103562
v 0.029168 0.005195 -0.102195
v 0.029724 -0.009664 -0.100848
v 0.029332 0.005226 -0.101631
v 0.030635 -0.009476 -0.098229
v 0.031359 0.005474 -0.096442
v 0.032856 -0.009123 -0.093306
v 0.032443 0.005554 -0.094157
v 0.032127 0.004231 -0.116885
v 0.028621 0.004732 -0.109664
v 0.029825 0.004480 -0.113345
v 0.029666 -0.010374 -0.110755
v 0.031154 0.004323 -0.115586
v 0.030690 -0.010532 -0.112960
v 0.033484 -0.010804 -0.116756
v 0.030449 -0.009672 -0.098141
v 0.032676 -0.009318 -0.093204
v 0.032745 -0.009305 -0.093239
v 0.033392 -0.010996 -0.116823
v 0.033441 -0.010949 -0.116784
v 0.030621 -0.009552 -0.098218
v 0.029710 -0.009740 -0.100838
v 0.029081 -0.009935 -0.103554
v 0.028864 -0.010109 -0.105979
v 0.029039 -0.010283 -0.108402
v 0.029652 -0.010451 -0.110754
v 0.030678 -0.010609 -0.112962
v 0.033473 -0.010882 -0.116760
v 0.030640 -0.010676 -0.112978
v 0.029612 -0.010517 -0.110764
v 0.028996 -0.010348 -0.108405
v 0.028820 -0.010174 -0.105974
v 0.029039 -0.010000 -0.103543
v 0.029669 -0.009805 -0.100821
v 0.030581 -0.009617 -0.098197
v 0.032843 -0.009198 -0.093294
v 0.030583 -0.010722 -0.113007
v 0.029550 -0.010563 -0.110783
v 0.028932 -0.010393 -0.108412
v 0.028755 -0.010218 -0.105970
v 0.028974 -0.010043 -0.103529
v 0.029606 -0.009847 -0.100800
v 0.030521 -0.009659 -0.098170
v 0.032804 -0.009263 -0.093271
v 0.033334 -0.011015 -0.116873
v 0.030516 -0.010740 -0.113044
v 0.029478 -0.010580 -0.110808
v 0.028856 -0.010409 -0.108423
v 0.028678 -0.010233 -0.105968
v 0.028898 -0.010057 -0.103516
v 0.029532 -0.009861 -0.100777
v 0.039892 -0.008156 -0.079815
v 0.043066 -0.007761 -0.074310
v 0.042888 -0.002772 -0.074779
v 0.042631 0.000245 -0.075229
v 0.042568 0.000671 -0.075333
v 0.042251 0.002162 -0.075851
v 0.041766 0.003491 -0.076655
v 0.041097 0.004518 -0.077784
v 0.040412 0.005084 -0.078969
v 0.040315 0.005137 -0.079139
v 0.039131 0.005476 -0.081249
v 0.036275 -0.008636 -0.086509
v 0.038738 0.005513 -0.081963
v 0.043057 -0.007826 -0.074301
v 0.039879 -0.008231 -0.079802
v 0.039842 -0.008295 -0.079777
v 0.039785 -0.008338 -0.079742
v 0.042982 -0.007928 -0.074262
v 0.043028 -0.007884 -0.074284
v 0.039717 -0.008350 -0.079703
v 0.042880 -0.007957 -0.074217
v 0.042885 -0.007957 -0.074219
v 0.042925 -0.007953 -0.074236
v 0.042952 -0.007944 -0.074248
v 0.036098 -0.008831 -0.086403
v 0.036167 -0.008818 -0.086439
v 0.036225 -0.008775 -0.086473
v 0.036263 -0.008711 -0.086497
v -0.050006 -0.014411 -0.167095
v -0.050280 -0.014480 -0.168059
v -0.049825 -0.005241 -0.168570
v -0.049406 -0.003203 -0.167806
v -0.049046 -0.002527 -0.166867
v -0.049118 -0.008036 -0.165400
v -0.048978 -0.002416 -0.166688
v -0.048610 -0.001823 -0.165740
v -0.049821 -0.005189 -0.168572
v -0.049673 -0.004053 -0.168434
v -0.049583 -0.003693 -0.168241
v -0.049355 -0.014261 -0.165001
v -0.047834 -0.000542 -0.163620
v -0.047966 0.001374 -0.156888
v -0.048713 -0.006109 -0.156504
v -0.048218 -0.006311 -0.158753
v -0.047429 0.000351 -0.161798
v -0.048084 -0.006702 -0.160997
v -0.047358 0.000846 -0.160384
v -0.047632 0.001254 -0.158283
v -0.048585 -0.014059 -0.162190
v -0.048406 -0.013960 -0.160808
v -0.048506 -0.013794 -0.158497
v -0.049031 -0.013618 -0.156030
v -0.050308 -0.002598 -0.138368
v -0.050441 -0.004791 -0.138076
v -0.050454 -0.005216 -0.144493
v -0.049757 -0.001916 -0.132521
v -0.049618 -0.001807 -0.131573
v -0.049964 -0.008270 -0.131711
v -0.049870 0.002571 -0.139858
v -0.049845 0.002645 -0.138814
v -0.049722 0.002166 -0.145626
v -0.049834 -0.005631 -0.150779
v -0.049089 0.001767 -0.151299
v -0.050105 -0.013225 -0.150548
v -0.050476 -0.012104 -0.134894
v -0.050776 -0.012436 -0.139531
v -0.050685 -0.012831 -0.145049
v -0.050044 -0.011864 -0.131548
v -0.050354 -0.012291 -0.134893
v -0.049912 -0.012056 -0.131556
v -0.049847 -0.012068 -0.131566
v -0.050014 -0.011972 -0.131546
v -0.049970 -0.012023 -0.131549
v -0.050418 -0.012247 -0.134889
v -0.050039 -0.011910 -0.131546
v -0.050030 -0.011941 -0.131545
v -0.050462 -0.012181 -0.134889
v -0.050277 -0.012307 -0.134899
v -0.050576 -0.012638 -0.139522
v -0.050653 -0.012623 -0.139521
v -0.050486 -0.013033 -0.145023
v -0.050563 -0.013018 -0.145029
v -0.049907 -0.013426 -0.150504
v -0.049983 -0.013411 -0.150517
v -0.048837 -0.013817 -0.155969
v -0.048912 -0.013803 -0.155988
v -0.050718 -0.012579 -0.139522
v -0.050628 -0.012974 -0.145036
v -0.050048 -0.013368 -0.150530
v -0.048976 -0.013760 -0.156006
v -0.050762 -0.012513 -0.139526
v -0.050671 -0.012909 -0.145043
v -0.050091 -0.013302 -0.150541
v -0.049017 -0.013695 -0.156021
v -0.048389 -0.014265 -0.162213
v -0.049165 -0.014468 -0.165047
v -0.048465 -0.014248 -0.162199
v -0.049238 -0.014451 -0.165025
v -0.048529 -0.014203 -0.162190
v -0.049301 -0.014405 -0.165008
v -0.048571 -0.014137 -0.162187
v -0.049342 -0.014339 -0.165000
v -0.048207 -0.014164 -0.160807
v -0.048284 -0.014148 -0.160803
v -0.048349 -0.014104 -0.160802
v -0.048392 -0.014038 -0.160804
v -0.048308 -0.013995 -0.158454
v -0.048385 -0.013981 -0.158466
v -0.048449 -0.013937 -0.158479
v -0.048492 -0.013872 -0.158489
v -0.049951 -0.014555 -0.167101
v -0.050270 -0.014544 -0.168055
v -0.049992 -0.014489 -0.167093
v -0.049888 -0.014601 -0.167116
v -0.050191 -0.014646 -0.168045
v -0.050239 -0.014601 -0.168050
v -0.049814 -0.014618 -0.167137
v -0.050071 -0.014682 -0.168040
v -0.050075 -0.014682 -0.168040
v -0.050129 -0.014675 -0.168042
v -0.050152 -0.014667 -0.168043
v -0.044121 -0.004951 -0.177154
v -0.043628 -0.004485 -0.176910
v -0.044143 -0.004132 -0.177170
v -0.044501 -0.005504 -0.177328
v -0.044658 -0.004623 -0.177424
v -0.044715 -0.006157 -0.177401
v -0.045053 -0.005206 -0.177603
v -0.044799 -0.006870 -0.177397
v -0.045280 -0.005891 -0.177680
v -0.044394 -0.003972 -0.177213
v -0.044920 -0.004473 -0.177471
v -0.044631 -0.003833 -0.177173
v -0.045167 -0.004342 -0.177434
v -0.044846 -0.003720 -0.177050
v -0.045389 -0.004235 -0.177312
v -0.045032 -0.003636 -0.176849
v -0.045580 -0.004154 -0.177113
v -0.045329 -0.003538 -0.176298
v -0.045879 -0.004058 -0.176563
v -0.045324 -0.005068 -0.177650
v -0.045579 -0.004946 -0.177613
v -0.045809 -0.004845 -0.177489
v -0.046005 -0.004768 -0.177287
v -0.046307 -0.004673 -0.176736
v -0.045556 -0.005767 -0.177727
v -0.045815 -0.005656 -0.177690
v -0.046048 -0.005564 -0.177564
v -0.046248 -0.005492 -0.177360
v -0.046553 -0.005399 -0.176799
v -0.045370 -0.006640 -0.177677
v -0.045649 -0.006531 -0.177725
v -0.045910 -0.006432 -0.177687
v -0.046145 -0.006349 -0.177562
v -0.046345 -0.006283 -0.177357
v -0.046653 -0.006193 -0.176791
v -0.045200 -0.015126 -0.177031
v -0.045207 -0.015127 -0.177034
v -0.045699 -0.015143 -0.177273
v -0.046054 -0.015147 -0.177347
v -0.046333 -0.015143 -0.177310
v -0.046619 -0.015131 -0.177150
v -0.046818 -0.015114 -0.176930
v -0.047097 -0.015076 -0.176398
v -0.048804 -0.014779 -0.172240
v -0.048342 -0.005704 -0.172722
v -0.048026 -0.004176 -0.172610
v -0.046617 -0.003163 -0.173278
v -0.047380 0.007328 -0.131066
v -0.048187 0.005017 -0.128092
v -0.046898 0.008063 -0.135051
v -0.048727 0.003918 -0.129568
v -0.048004 0.005982 -0.132520
v -0.048824 0.003719 -0.129757
v -0.046692 0.008582 -0.134419
v -0.045967 0.010275 -0.132496
v -0.047106 0.007731 -0.128420
v -0.047597 0.006003 -0.125924
v -0.038356 0.022306 -0.117777
v -0.037211 0.023474 -0.116132
v -0.038892 0.021501 -0.113679
v -0.040858 0.019039 -0.118005
v -0.042704 0.016378 -0.122576
v -0.040894 0.019224 -0.121865
v -0.043315 0.015487 -0.126467
v -0.041789 0.015587 -0.107613
v -0.042436 0.013423 -0.105643
v -0.043502 0.011836 -0.110275
v -0.046243 0.007969 -0.120903
v -0.043627 0.014293 -0.120259
v -0.040349 0.019049 -0.111010
v -0.045161 0.006150 -0.140257
v -0.045063 0.006319 -0.139391
v -0.045773 0.006916 -0.139316
v -0.045914 0.006642 -0.140085
v -0.046102 0.007088 -0.139252
v -0.046246 0.006781 -0.139993
v -0.046434 0.007117 -0.139140
v -0.046566 0.006792 -0.139870
v -0.046759 0.007006 -0.138981
v -0.046872 0.006680 -0.139716
v -0.047066 0.006784 -0.138784
v -0.047160 0.006467 -0.139534
v -0.047606 0.006145 -0.138316
v -0.047685 0.005857 -0.139105
v -0.045222 0.005998 -0.141207
v -0.046012 0.006381 -0.140977
v -0.046342 0.006490 -0.140865
v -0.046649 0.006492 -0.140732
v -0.046936 0.006387 -0.140575
v -0.047227 0.006171 -0.140382
v -0.047738 0.005595 -0.139979
v -0.037644 0.001580 -0.174025
v -0.037913 0.001301 -0.174123
v -0.037824 0.001266 -0.174117
v -0.037755 0.002214 -0.173679
v -0.037450 0.001909 -0.173907
v -0.037433 0.001937 -0.173896
v -0.038028 0.001946 -0.173820
v -0.038066 0.002436 -0.173277
v -0.038636 0.001914 -0.173603
v -0.038477 0.001818 -0.173810
v -0.038301 0.001680 -0.173971
v -0.038112 0.001504 -0.174076
v -0.038917 0.002006 -0.173108
v -0.037745 0.003013 -0.172526
v -0.037411 0.002922 -0.173109
v -0.037200 0.002756 -0.173432
v -0.037039 0.002587 -0.173625
v -0.040087 0.000999 -0.173690
v -0.039801 0.000882 -0.174243
v -0.039630 0.000783 -0.174448
v -0.039439 0.000649 -0.174582
v -0.039232 0.000483 -0.174635
v -0.039018 0.000292 -0.174609
v -0.038587 -0.000130 -0.174391
v -0.037007 0.000085 -0.174389
v -0.036636 0.000056 -0.174885
v -0.036352 0.000960 -0.174790
v -0.037410 0.001174 -0.174089
v -0.037227 0.000082 -0.174213
v -0.036641 0.001004 -0.174402
v -0.036288 0.001911 -0.174372
v -0.036527 0.002057 -0.174101
v -0.036765 0.001573 -0.174145
v -0.037100 0.001750 -0.174001
v -0.036067 0.001864 -0.174695
v -0.038022 -0.000016 -0.174133
v -0.037202 0.001124 -0.174106
v -0.037742 0.000030 -0.174084
v -0.037001 0.001077 -0.174160
v -0.037474 0.000063 -0.174109
v 0.006210 0.000274 -0.196878
v 0.001341 -0.001557 -0.197595
v -0.000084 0.000272 -0.197016
v -0.001360 -0.001549 -0.197475
v -0.006333 0.000333 -0.196252
v -0.005882 -0.001508 -0.196897
v -0.010271 -0.001433 -0.195851
v -0.012397 0.000454 -0.194568
v -0.013556 -0.001354 -0.194728
v -0.019395 -0.001154 -0.191919
v -0.015268 -0.001303 -0.194017
v -0.014520 -0.001326 -0.194339
v -0.018135 0.000636 -0.191986
v -0.023426 0.000875 -0.188581
v -0.023299 -0.000973 -0.189371
v -0.028190 0.001166 -0.184474
v -0.027103 -0.000753 -0.186272
v -0.032399 0.001499 -0.179801
v -0.030741 -0.000494 -0.182628
v -0.034110 -0.000203 -0.178527
v 0.036676 0.001405 -0.180876
v 0.036651 0.001402 -0.180906
v 0.023036 0.000615 -0.191895
v 0.019144 0.000487 -0.193709
v 0.014916 0.000384 -0.195198
v 0.014748 0.000381 -0.195248
v 0.010208 0.000308 -0.196327
v 0.023474 0.000632 -0.191661
v 0.027410 0.000802 -0.189271
v 0.030399 0.000960 -0.187053
v 0.031111 0.001003 -0.186466
v 0.034573 0.001236 -0.183224
v 0.044618 0.002415 -0.166883
v 0.045044 0.002507 -0.165602
v 0.042611 0.002067 -0.171700
v 0.041631 0.001930 -0.173599
v 0.041591 0.001924 -0.173673
v 0.040252 0.001760 -0.175952
v 0.037542 0.001482 -0.179806
v 0.046759 0.003062 -0.157903
v 0.045912 0.002732 -0.162479
v 0.045076 0.002514 -0.165502
v 0.046982 0.003767 -0.148097
v 0.047130 0.003394 -0.153294
v 0.046882 0.003135 -0.156893
v 0.045851 0.004260 -0.141253
v 0.044201 0.004644 -0.135996
v 0.035777 0.005584 -0.121838
v 0.039107 0.005322 -0.126237
v 0.040248 0.005207 -0.128009
v 0.041933 0.005004 -0.130973
v 0.043730 0.004730 -0.134813
v -0.028372 0.009657 -0.114093
v -0.030870 0.009485 -0.116624
v -0.030666 0.008644 -0.116712
v -0.026112 0.008954 -0.112267
v -0.025798 0.009821 -0.111693
v -0.021268 0.009242 -0.108139
v -0.021470 0.010073 -0.108017
v -0.030288 0.007977 -0.116962
v -0.025745 0.008290 -0.112541
v -0.029715 0.007618 -0.117400
v -0.025196 0.007932 -0.113010
v -0.029025 0.007518 -0.117955
v -0.024536 0.007831 -0.113599
v -0.020914 0.008581 -0.108434
v -0.020391 0.008224 -0.108931
v -0.019764 0.008121 -0.109553
v -0.007855 0.010758 -0.098154
v -0.014012 0.010462 -0.102388
v -0.014368 0.009588 -0.102933
v -0.015232 0.010401 -0.103264
v -0.013473 0.008462 -0.104796
v -0.005938 0.008833 -0.099611
v -0.006485 0.008934 -0.098951
v -0.005477 0.008855 -0.099306
v 0.007450 0.010243 -0.088953
v 0.007253 0.011446 -0.088568
v -0.000230 0.011110 -0.093211
v 0.008455 0.009486 -0.090496
v 0.008252 0.009512 -0.090199
v 0.007739 0.009752 -0.089425
v 0.007588 0.009944 -0.089184
v -0.006946 0.009284 -0.098393
v -0.007246 0.009934 -0.098036
v -0.004825 0.010899 -0.096158
v -0.014038 0.008937 -0.103264
v 0.040742 0.007079 -0.069575
v 0.039566 0.008236 -0.069585
v 0.039786 0.007889 -0.070270
v 0.038561 0.008653 -0.070662
v 0.038730 0.008512 -0.071012
v 0.040723 0.007962 -0.068311
v 0.041075 0.008637 -0.067887
v 0.038427 0.009505 -0.069863
v 0.039890 0.009589 -0.068683
v 0.038598 0.010321 -0.069545
v 0.041113 0.006919 -0.070347
v 0.040207 0.007756 -0.071037
v 0.039184 0.008397 -0.071771
v 0.038408 0.009155 -0.070081
v 0.038452 0.008868 -0.070349
v 0.040624 0.007231 -0.069187
v 0.040586 0.007416 -0.068873
v 0.040619 0.007664 -0.068574
v 0.041854 0.005658 -0.068733
v 0.042685 0.003968 -0.068088
v 0.042715 0.004231 -0.067354
v 0.042024 0.006436 -0.067421
v 0.041510 0.008196 -0.067594
v 0.043511 0.005044 -0.066226
v 0.041797 0.005969 -0.068014
v 0.043620 0.000178 -0.067330
v 0.043752 0.000299 -0.066579
v 0.043016 0.004604 -0.066735
v 0.044137 0.000446 -0.065925
v 0.044699 0.000613 -0.065363
v 0.042806 0.003951 -0.068930
v 0.043680 0.000078 -0.068134
v 0.041779 0.006866 -0.072014
v 0.042074 0.006750 -0.072656
v 0.042521 0.005548 -0.071095
v 0.042777 0.005332 -0.071667
v 0.043154 0.003767 -0.070299
v 0.043186 0.002803 -0.072740
v 0.043366 0.003437 -0.071529
v 0.042256 0.005379 -0.074473
v 0.042904 0.005065 -0.072289
v 0.042275 0.006445 -0.073302
v 0.043243 0.002543 -0.072632
v 0.043685 -0.000822 -0.071749
v 0.043892 -0.000220 -0.070600
v 0.043824 -0.000010 -0.069361
v 0.036783 0.009190 -0.073395
v 0.034272 0.009502 -0.075028
v 0.039945 0.008566 -0.074515
v 0.035949 0.009334 -0.076692
v 0.037625 0.009164 -0.078357
v 0.040825 0.007945 -0.073257
v 0.036315 0.009292 -0.072640
v 0.036128 0.009432 -0.072299
v 0.035990 0.009652 -0.071999
v 0.033946 0.009556 -0.074515
v 0.033576 0.009780 -0.073911
v 0.033398 0.010058 -0.073599
v 0.035908 0.009950 -0.071751
v 0.036323 0.011088 -0.071050
v 0.035880 0.010315 -0.071558
v 0.035941 0.011170 -0.071300
v 0.033257 0.010556 -0.073315
v 0.033188 0.011516 -0.073087
v 0.013527 0.011708 -0.084799
v 0.020683 0.010175 -0.081706
v 0.021060 0.009955 -0.082301
v 0.021391 0.009900 -0.082804
v 0.025083 0.011876 -0.078032
v 0.020243 0.011879 -0.080863
v 0.020342 0.010936 -0.081108
v 0.019282 0.011866 -0.081424
v 0.020498 0.010447 -0.081396
v 0.030687 0.011683 -0.074659
v 0.027937 0.011807 -0.076334
v -0.000384 0.040432 -0.075802
v 0.002083 0.038240 -0.079373
v 0.001176 0.040410 -0.074845
v 0.006322 0.038017 -0.076936
v 0.002869 0.040340 -0.073800
v 0.008426 0.039786 -0.070338
v 0.009979 0.038078 -0.073617
v 0.012278 0.035008 -0.078603
v 0.004504 0.035714 -0.082851
v 0.012473 0.034673 -0.079081
v 0.005162 0.034693 -0.083817
v 0.012725 0.033870 -0.079811
v 0.005423 0.033242 -0.084286
v 0.012769 0.032575 -0.080289
v 0.028607 0.028094 -0.072489
v 0.028375 0.027404 -0.072812
v 0.030528 0.026121 -0.071840
v 0.035882 0.021759 -0.069455
v 0.040226 0.016187 -0.067495
v 0.041082 0.016997 -0.066493
v 0.028642 0.029582 -0.070765
v 0.028742 0.029194 -0.071454
v 0.030487 0.028519 -0.069952
v 0.033770 0.026230 -0.068520
v 0.039327 0.020568 -0.066049
v 0.038963 0.021036 -0.066216
v 0.038565 0.020568 -0.067658
v 0.036700 0.023599 -0.067234
v 0.035625 0.023740 -0.068976
v 0.032323 0.026457 -0.070442
v 0.028741 0.028705 -0.072045
v 0.041365 0.017574 -0.065091
v 0.021597 0.030394 -0.075937
v 0.021251 0.032800 -0.074157
v 0.021422 0.032389 -0.074817
v 0.021508 0.031867 -0.075374
v 0.021476 0.031215 -0.075776
v 0.021355 0.030477 -0.076051
v 0.013824 0.032399 -0.079746
v 0.017081 0.031718 -0.078112
v 0.020626 0.033009 -0.074453
v 0.016783 0.034104 -0.076318
v 0.027835 0.032206 -0.064795
v 0.017906 0.037739 -0.064329
v 0.014642 0.038599 -0.066414
v 0.019370 0.035522 -0.069505
v 0.013245 0.038916 -0.067300
v 0.026734 0.034531 -0.058565
v 0.046919 0.002166 -0.057254
v 0.046650 0.004934 -0.055005
v 0.045873 0.008609 -0.056556
v 0.046088 0.008568 -0.052016
v 0.045520 0.011252 -0.049781
v 0.044310 0.015319 -0.050612
v 0.045085 0.012974 -0.048335
v 0.044334 0.015529 -0.046170
v 0.046593 0.002116 -0.062150
v 0.047051 -0.000499 -0.059397
v 0.047057 -0.003324 -0.061645
v 0.044760 0.012291 -0.058108
v 0.045825 0.006387 -0.062702
v 0.043207 0.015969 -0.059697
v 0.044678 0.010432 -0.063388
v 0.037588 0.025589 -0.059280
v 0.041160 0.019557 -0.061320
v 0.043211 0.014100 -0.064175
v 0.031471 0.030196 -0.063105
v 0.029152 0.033385 -0.056898
v 0.034740 0.028014 -0.061234
v 0.037567 0.028345 -0.045985
v 0.041216 0.022908 -0.047771
v 0.040061 0.024474 -0.050524
v 0.043272 0.017778 -0.052849
v 0.041848 0.020361 -0.055060
v 0.039963 0.023000 -0.057216
v 0.038438 0.026217 -0.053138
v 0.036383 0.029210 -0.049014
v 0.036319 0.028060 -0.055563
v 0.033388 0.031091 -0.053267
v 0.033718 0.029913 -0.057779
v 0.032423 0.031646 -0.054235
v 0.043497 0.012277 -0.065303
v 0.045221 0.007212 -0.064351
v 0.046271 0.001926 -0.063644
v 0.045301 0.001614 -0.064807
v 0.045762 -0.003592 -0.064338
v 0.046737 -0.003456 -0.063147
v 0.044269 0.006727 -0.065470
v 0.042582 0.011626 -0.066365
v 0.044269 -0.007415 -0.069482
v 0.044279 -0.007339 -0.068434
v 0.044004 -0.001812 -0.069061
v 0.044163 -0.007467 -0.070210
v 0.043989 -0.007518 -0.070910
v 0.044260 -0.007297 -0.067849
v 0.044165 -0.005094 -0.067485
v 0.044241 -0.007254 -0.067265
v 0.044263 -0.007190 -0.066368
v 0.045011 -0.001625 -0.065080
v 0.045392 -0.007060 -0.064500
v 0.045023 -0.007085 -0.064857
v 0.044520 -0.007132 -0.065535
v 0.045616 -0.007045 -0.064291
v 0.045840 -0.007030 -0.064082
v 0.046584 -0.007145 -0.062884
v 0.046691 -0.007128 -0.062656
v 0.046652 -0.007132 -0.062921
v 0.046762 -0.007115 -0.062686
v 0.046709 -0.007091 -0.062955
v 0.046822 -0.007074 -0.062714
v 0.046747 -0.007028 -0.062980
v 0.046863 -0.007010 -0.062735
v 0.046760 -0.006952 -0.062992
v 0.046876 -0.006934 -0.062746
v 0.046213 -0.007183 -0.063412
v 0.046271 -0.007171 -0.063463
v 0.046320 -0.007131 -0.063509
v 0.046352 -0.007068 -0.063542
v 0.046364 -0.006992 -0.063557
v 0.045758 -0.007216 -0.063871
v 0.045811 -0.007204 -0.063928
v 0.045855 -0.007164 -0.063978
v 0.045885 -0.007102 -0.064014
v 0.045895 -0.007026 -0.064031
v 0.045704 -0.007219 -0.063922
v 0.045756 -0.007208 -0.063979
v 0.045800 -0.007168 -0.064029
v 0.045830 -0.007105 -0.064065
v 0.045381 -0.007135 -0.064484
v 0.045479 -0.007234 -0.064131
v 0.045532 -0.007223 -0.064188
v 0.045576 -0.007183 -0.064238
v 0.045606 -0.007120 -0.064274
v 0.045255 -0.007249 -0.064340
v 0.045307 -0.007238 -0.064397
v 0.045352 -0.007198 -0.064448
v 0.044879 -0.007275 -0.064705
v 0.044934 -0.007264 -0.064759
v 0.044981 -0.007224 -0.064807
v 0.045012 -0.007161 -0.064842
v 0.044343 -0.007327 -0.065428
v 0.044411 -0.007314 -0.065465
v 0.044469 -0.007273 -0.065498
v 0.044507 -0.007209 -0.065523
v 0.044065 -0.007392 -0.066327
v 0.044141 -0.007377 -0.066338
v 0.044206 -0.007333 -0.066350
v 0.044249 -0.007268 -0.066360
v 0.044041 -0.007458 -0.067256
v 0.044119 -0.007442 -0.067255
v 0.044184 -0.007398 -0.067256
v 0.044227 -0.007332 -0.067259
v 0.044264 -0.007416 -0.068429
v 0.044060 -0.007500 -0.067841
v 0.044137 -0.007484 -0.067840
v 0.044203 -0.007440 -0.067841
v 0.044246 -0.007374 -0.067844
v 0.044079 -0.007542 -0.068426
v 0.044156 -0.007526 -0.068424
v 0.044221 -0.007482 -0.068425
v 0.044070 -0.007616 -0.069452
v 0.044147 -0.007601 -0.069459
v 0.044212 -0.007557 -0.069468
v 0.044255 -0.007492 -0.069476
v 0.043967 -0.007666 -0.070155
v 0.044043 -0.007652 -0.070172
v 0.044106 -0.007609 -0.070188
v 0.044149 -0.007544 -0.070202
v 0.043796 -0.007715 -0.070844
v 0.043870 -0.007701 -0.070865
v 0.043933 -0.007659 -0.070885
v 0.043975 -0.007594 -0.070901
v 0.043301 -0.007772 -0.073384
v 0.043315 -0.007695 -0.073393
v 0.043122 -0.007893 -0.073326
v 0.043196 -0.007879 -0.073347
v 0.043259 -0.007837 -0.073368
v 0.043652 -0.007606 -0.072152
v 0.043638 -0.007683 -0.072142
v 0.043596 -0.007748 -0.072126
v 0.043533 -0.007790 -0.072106
v 0.043459 -0.007804 -0.072085
v 0.040716 0.006996 -0.077224
v 0.038840 0.007469 -0.080559
v 0.038795 0.007472 -0.080640
v 0.042157 0.005546 -0.074652
v 0.041527 0.006371 -0.075784
v 0.040722 0.007641 -0.076726
v 0.041213 0.007827 -0.073904
v 0.041492 0.007497 -0.074573
v 0.038777 0.008129 -0.080157
v 0.038579 0.008697 -0.079570
v 0.040590 0.008187 -0.076073
v 0.038169 0.009048 -0.078941
v 0.040253 0.008529 -0.075390
v 0.029864 0.009129 -0.093063
v 0.028048 0.008942 -0.096985
v 0.029872 0.009129 -0.093067
v 0.028803 0.008867 -0.097215
v 0.030887 0.008928 -0.093555
v 0.029445 0.008576 -0.097401
v 0.031167 0.008745 -0.093685
v 0.029899 0.008021 -0.097518
v 0.031402 0.008494 -0.093790
v 0.030188 0.007289 -0.097578
v 0.031857 0.007450 -0.093972
v 0.028830 0.007060 -0.101306
v 0.028535 0.007795 -0.101296
v 0.028065 0.008351 -0.101253
v 0.027396 0.008636 -0.101168
v 0.026608 0.008700 -0.101056
v 0.028043 0.006767 -0.105187
v 0.027766 0.007516 -0.105231
v 0.027302 0.008080 -0.105266
v 0.026627 0.008363 -0.105287
v 0.025826 0.008417 -0.105296
v 0.028114 0.006438 -0.109140
v 0.027873 0.007206 -0.109232
v 0.027434 0.007784 -0.109343
v 0.026769 0.008070 -0.109469
v 0.025971 0.008115 -0.109600
v 0.034454 0.009307 -0.084110
v 0.034591 0.007583 -0.088509
v 0.030966 0.005914 -0.116035
v 0.029134 0.006145 -0.112751
v 0.030760 0.006691 -0.116184
v 0.032762 0.007282 -0.121055
v 0.029738 0.007552 -0.116710
v 0.029716 0.007507 -0.118104
v 0.028985 0.007582 -0.117054
v 0.035563 0.006320 -0.122068
v 0.030359 0.007272 -0.116407
v 0.035206 0.006863 -0.122403
v 0.034687 0.007115 -0.122851
v 0.034526 0.007136 -0.122987
v 0.028920 0.006926 -0.112869
v 0.028503 0.007513 -0.113035
v 0.027855 0.007799 -0.113250
v 0.027070 0.007838 -0.113490
v 0.022085 0.008720 -0.101102
v 0.020076 0.008773 -0.100418
v 0.017962 0.008760 -0.100626
v 0.016123 0.008684 -0.101694
v 0.023629 0.008614 -0.102559
v 0.024428 0.008475 -0.104525
v 0.024335 0.008327 -0.106642
v 0.023370 0.008193 -0.108529
v 0.021705 0.008099 -0.109848
v 0.025100 0.007744 -0.114805
v 0.028830 0.007558 -0.117399
v -0.043461 0.005064 -0.152188
v -0.041806 0.004676 -0.157600
v -0.042093 0.004903 -0.154439
v 0.014732 0.008528 -0.103871
v 0.001016 0.008219 -0.108180
v 0.014618 0.008343 -0.106450
v 0.011045 0.008150 -0.109143
v 0.020590 0.007920 -0.112356
v -0.042851 0.005077 -0.152013
v -0.041484 0.005622 -0.144409
v -0.043799 0.005378 -0.147818
v 0.020581 0.008071 -0.110241
v 0.017996 0.008079 -0.110128
v 0.015813 0.008179 -0.108741
v -0.043855 0.005832 -0.141479
v -0.043940 0.005799 -0.141939
v -0.044115 0.005611 -0.144560
v -0.018386 0.007867 -0.113086
v -0.026744 0.007465 -0.118696
v -0.033603 0.006938 -0.126057
v -0.036254 0.006882 -0.126837
v -0.038604 0.006312 -0.134780
v -0.042144 0.006178 -0.136658
v -0.043177 0.006010 -0.139000
v -0.008968 0.008123 -0.109518
v -0.036120 0.003959 -0.171717
v -0.035618 0.004674 -0.171515
v -0.037442 0.004974 -0.167560
v -0.037234 0.005886 -0.167556
v -0.038665 0.006249 -0.163273
v -0.039454 0.006518 -0.159844
v -0.039592 0.006576 -0.159056
v -0.039854 0.005580 -0.159027
v -0.039822 0.006689 -0.157492
v -0.040403 0.005273 -0.157464
v -0.040814 0.004952 -0.157494
v -0.040570 0.004842 -0.159092
v -0.040088 0.005689 -0.157454
v -0.038903 0.005289 -0.163261
v -0.036842 0.003551 -0.172059
v -0.038012 0.004249 -0.167724
v -0.038820 0.003872 -0.168011
v -0.039554 0.004555 -0.163380
v -0.040460 0.004226 -0.163602
v -0.041550 0.004558 -0.159234
v -0.035436 0.005551 -0.171492
v -0.036574 0.005751 -0.169130
v 0.020264 0.008022 -0.113058
v 0.024695 0.007849 -0.115464
v -0.040096 0.006906 -0.154474
v -0.040248 0.006142 -0.154428
v -0.040107 0.007217 -0.150139
v -0.039665 0.006831 -0.144819
v -0.039515 0.007592 -0.144900
v -0.038499 0.007904 -0.140545
v -0.036905 0.007492 -0.135594
v -0.036765 0.008251 -0.135708
v -0.034716 0.008547 -0.131580
v -0.032115 0.008091 -0.127237
v -0.031992 0.008848 -0.127382
v -0.028963 0.009110 -0.123727
v -0.025544 0.008596 -0.120186
v -0.012873 0.009881 -0.112966
v -0.008514 0.009227 -0.111393
v -0.017537 0.008982 -0.114811
v -0.025445 0.009351 -0.120356
v -0.021549 0.009563 -0.117408
v -0.017467 0.009735 -0.115000
v 0.006347 0.010054 -0.110552
v 0.010658 0.009252 -0.111034
v 0.001051 0.009318 -0.110111
v -0.008477 0.009979 -0.111594
v -0.003405 0.010048 -0.110639
v 0.001054 0.010071 -0.110318
v 0.010626 0.010005 -0.111237
v 0.015855 0.009899 -0.112711
v 0.019803 0.009032 -0.114112
v 0.019738 0.009785 -0.114304
v 0.024123 0.008863 -0.116458
v 0.024042 0.009618 -0.116641
v 0.024352 0.008242 -0.116044
v 0.019988 0.008412 -0.113674
v 0.010749 0.008635 -0.110565
v 0.001043 0.008702 -0.109633
v -0.008621 0.008609 -0.110927
v -0.017736 0.008362 -0.114380
v -0.025825 0.007973 -0.119811
v -0.032464 0.007462 -0.126934
v -0.037304 0.006857 -0.135377
v -0.040092 0.006189 -0.144697
v -0.040681 0.005493 -0.154405
v 0.010885 0.008248 -0.109901
v 0.001031 0.008316 -0.108955
v -0.008780 0.008222 -0.110269
v -0.018035 0.007971 -0.113774
v -0.026247 0.007575 -0.119288
v -0.032987 0.007057 -0.126520
v -0.037900 0.006443 -0.135091
v -0.040731 0.005764 -0.144553
v -0.041329 0.005058 -0.154409
v 0.024608 0.009592 -0.116999
v 0.027604 0.009440 -0.119117
v 0.027697 0.008685 -0.118942
v 0.028361 0.007667 -0.118012
v 0.029083 0.007720 -0.118894
v 0.027963 0.008063 -0.118554
v 0.028820 0.008014 -0.119236
v 0.028619 0.008409 -0.119511
v 0.028450 0.009391 -0.119790
v 0.032134 0.009122 -0.123183
v 0.033193 0.009034 -0.124324
v 0.033365 0.008108 -0.124099
v 0.031471 0.009176 -0.122510
v 0.031637 0.008237 -0.122266
v 0.032106 0.007550 -0.121739
v 0.033847 0.007422 -0.123615
v 0.028530 0.018802 -0.146374
v 0.029268 0.018521 -0.150304
v 0.032238 0.019510 -0.136503
v -0.030116 0.019574 -0.135604
v -0.030103 0.019620 -0.134959
v -0.031820 0.019590 -0.135386
v 0.033125 0.019870 -0.131472
v 0.031197 0.020053 -0.128923
v 0.032287 0.019682 -0.134095
v 0.031720 0.019660 -0.134406
v -0.029445 0.019871 -0.131468
v -0.029768 0.019660 -0.134406
v -0.029201 0.019682 -0.134095
v -0.029804 0.019534 -0.136169
v -0.033704 0.019290 -0.139562
v -0.033757 0.019280 -0.139702
v 0.032934 0.019681 -0.134108
v 0.033487 0.019657 -0.134442
v 0.035499 0.019589 -0.135391
v 0.033799 0.019617 -0.135007
v 0.033786 0.019571 -0.135652
v 0.036730 0.019310 -0.139294
v 0.037432 0.019281 -0.139695
v 0.037383 0.019290 -0.139566
v 0.038749 0.018977 -0.143937
v 0.038481 0.019050 -0.142916
v 0.037767 0.018962 -0.144142
v 0.036100 0.019417 -0.137796
v 0.035566 0.019468 -0.137086
v 0.034776 0.019497 -0.136677
v -0.027511 0.019995 -0.129732
v -0.027512 0.020054 -0.128914
v -0.028496 0.019902 -0.131024
v -0.023368 0.020361 -0.124627
v -0.025252 0.020233 -0.126410
v -0.023829 0.020233 -0.126410
v -0.028977 0.019152 -0.141489
v -0.028603 0.019509 -0.136516
v -0.029633 0.019250 -0.140133
v -0.029250 0.019510 -0.136503
v -0.030868 0.019312 -0.139266
v -0.032369 0.019323 -0.139109
v 0.012415 0.020142 -0.127689
v 0.019281 0.019847 -0.131801
v 0.031684 0.019534 -0.136169
v 0.024668 0.019423 -0.137712
v 0.027971 0.018940 -0.144458
v -0.036176 0.018327 -0.153007
v -0.036106 0.018163 -0.155295
v -0.035080 0.018242 -0.154190
v 0.032919 0.019015 -0.143402
v 0.032605 0.019114 -0.142018
v 0.035150 0.018899 -0.145026
v 0.033836 0.018938 -0.144485
v 0.035842 0.018254 -0.154017
v -0.010910 0.020069 -0.128708
v -0.027688 0.019617 -0.135007
v -0.017390 0.019732 -0.133403
v -0.027701 0.019571 -0.135652
v -0.022238 0.019276 -0.139762
v -0.028036 0.019531 -0.136205
v -0.025044 0.018740 -0.147244
v -0.025569 0.018168 -0.155215
v -0.023770 0.017610 -0.162999
v -0.029068 0.019045 -0.142993
v -0.029880 0.018954 -0.144262
v -0.033706 0.017363 -0.166453
v -0.031894 0.017073 -0.170492
v -0.031406 0.017176 -0.169067
v 0.037558 0.017406 -0.165849
v 0.036694 0.017849 -0.159669
v 0.029573 0.017869 -0.159399
v 0.035309 0.017892 -0.159076
v 0.034388 0.017977 -0.157885
v 0.029459 0.017895 -0.159033
v 0.029518 0.017874 -0.159316
v 0.029551 0.017870 -0.159376
v 0.029486 0.018057 -0.156773
v 0.034164 0.018084 -0.156398
v 0.029524 0.018235 -0.154292
v 0.034693 0.018185 -0.154990
v 0.029451 0.018379 -0.152277
v -0.015149 0.020758 -0.119089
v -0.015825 0.020733 -0.119435
v -0.015594 0.020655 -0.120528
v -0.019754 0.020563 -0.121803
v -0.015280 0.020549 -0.122001
v 0.001063 0.015858 -0.187444
v 0.001635 0.015877 -0.187190
v -0.000635 0.016299 -0.181291
v -0.034801 0.019051 -0.142905
v -0.035070 0.018977 -0.143933
v -0.034027 0.018958 -0.144198
v -0.035898 0.018654 -0.148437
v -0.032720 0.018904 -0.144952
v 0.039576 0.018654 -0.148441
v 0.037321 0.018275 -0.153724
v 0.039853 0.018326 -0.153012
v 0.038755 0.018242 -0.154185
v 0.039784 0.018164 -0.155284
v -0.000842 0.020961 -0.116264
v 0.000150 0.021042 -0.115130
v -0.002741 0.021025 -0.115369
v -0.011644 0.015785 -0.188461
v -0.007710 0.015696 -0.189711
v -0.008420 0.015784 -0.188481
v 0.037599 0.017405 -0.165872
v 0.038748 0.017676 -0.162086
v 0.038194 0.017860 -0.159516
v 0.039429 0.017922 -0.158654
v 0.029435 0.018397 -0.152029
v 0.033886 0.019499 -0.136651
v 0.033452 0.019531 -0.136205
v 0.033073 0.019473 -0.137012
v 0.032885 0.019509 -0.136516
v 0.032498 0.019425 -0.137689
v 0.032274 0.019363 -0.138548
v 0.032446 0.019301 -0.139419
v 0.032964 0.019213 -0.140647
v 0.036566 0.018908 -0.144902
v -0.032163 0.018255 -0.154015
v -0.031011 0.018185 -0.154988
v -0.031210 0.018902 -0.144975
v -0.030480 0.018084 -0.156398
v -0.009804 0.020724 -0.119569
v -0.007257 0.020966 -0.116194
v -0.010691 0.020811 -0.118351
v -0.011639 0.020868 -0.117556
v -0.012061 0.020856 -0.117718
v 0.006423 0.021025 -0.115369
v 0.003534 0.021042 -0.115130
v 0.004526 0.020960 -0.116265
v -0.021747 0.020103 -0.128224
v -0.014287 0.020468 -0.123134
v -0.022566 0.020186 -0.127063
v -0.016520 0.016155 -0.183304
v -0.015830 0.015920 -0.186582
v -0.017641 0.016083 -0.184312
v -0.019113 0.016059 -0.184648
v -0.026304 0.017165 -0.169218
v -0.025902 0.017061 -0.170670
v -0.021849 0.016201 -0.182665
v -0.026260 0.016956 -0.172133
v -0.027287 0.016877 -0.173236
v -0.027364 0.017242 -0.168146
v -0.031629 0.017892 -0.159079
v -0.030705 0.017977 -0.157888
v 0.001842 0.020650 -0.120593
v 0.000381 0.020677 -0.120214
v -0.009624 0.020616 -0.121064
v -0.000710 0.020752 -0.119175
v -0.001155 0.020855 -0.117737
v 0.025343 0.020085 -0.128480
v 0.026115 0.020177 -0.127188
v -0.012866 0.020432 -0.123642
v -0.033644 0.018275 -0.153724
v -0.033018 0.017849 -0.159670
v -0.035072 0.017676 -0.162081
v -0.034519 0.017860 -0.159512
v -0.035753 0.017923 -0.158645
v 0.025299 0.019977 -0.129984
v 0.004652 0.020282 -0.125724
v -0.023082 0.019837 -0.131932
v -0.022037 0.019907 -0.130967
v -0.021556 0.020002 -0.129631
v -0.024454 0.019810 -0.132308
v -0.025260 0.019734 -0.133370
v -0.021370 0.016407 -0.179790
v -0.020162 0.016472 -0.178888
v -0.001397 0.016327 -0.180902
v -0.002677 0.016354 -0.180521
v -0.016033 0.016257 -0.181879
v -0.003908 0.016380 -0.180165
v -0.007342 0.016464 -0.178993
v -0.007621 0.016472 -0.178882
v -0.007856 0.016479 -0.178786
v -0.016303 0.016363 -0.180398
v 0.001917 0.015699 -0.189664
v 0.001303 0.015708 -0.189544
v 0.001836 0.015609 -0.190926
v -0.021984 0.016308 -0.181166
v 0.010938 0.020965 -0.116195
v 0.004839 0.020855 -0.117737
v 0.015321 0.020868 -0.117557
v 0.014372 0.020811 -0.118353
v 0.015740 0.020856 -0.117719
v 0.015060 0.020449 -0.123396
v 0.013881 0.020517 -0.122458
v 0.004393 0.020752 -0.119175
v 0.013308 0.020616 -0.121066
v 0.013487 0.020723 -0.119572
v -0.025931 0.019692 -0.133954
v -0.026789 0.019676 -0.134190
v -0.028000 0.019657 -0.134442
v -0.027664 0.019687 -0.134031
v -0.028554 0.019681 -0.134108
v -0.028384 0.019724 -0.133510
v -0.028806 0.019780 -0.132728
v -0.028846 0.019844 -0.131841
v -0.008482 0.015886 -0.187064
v -0.030204 0.016864 -0.173410
v -0.029448 0.016783 -0.174547
v -0.028723 0.016843 -0.173701
v -0.026617 0.016524 -0.178151
v -0.023371 0.016292 -0.181389
v 0.031014 0.019946 -0.130416
v 0.031372 0.019574 -0.135604
v 0.031385 0.019620 -0.134958
v -0.003349 0.020257 -0.126073
v -0.010197 0.020517 -0.122457
v -0.011377 0.020449 -0.123396
v -0.019798 0.017113 -0.169936
v -0.018666 0.016486 -0.178686
v -0.014387 0.016739 -0.175154
v -0.017261 0.016447 -0.179236
v -0.012678 0.016656 -0.176311
v -0.009295 0.016524 -0.178153
v -0.030285 0.017248 -0.168059
v -0.028813 0.017272 -0.167724
v 0.030125 0.019859 -0.131631
v 0.028756 0.019814 -0.132261
v 0.027252 0.019822 -0.132148
v 0.025994 0.019881 -0.131319
v -0.000667 0.016303 -0.181242
v -0.000785 0.016309 -0.181152
v 0.002513 0.015713 -0.189471
v 0.003048 0.015613 -0.190862
v 0.003057 0.015610 -0.190907
v 0.028927 0.020233 -0.126408
v 0.016548 0.020432 -0.123643
v -0.000818 0.015924 -0.186528
v -0.000184 0.015879 -0.187151
v 0.000687 0.015823 -0.187942
v 0.000117 0.015819 -0.187987
v 0.000600 0.015778 -0.188560
v 0.000024 0.015756 -0.188870
v 0.000824 0.015736 -0.189143
v -0.000444 0.015702 -0.189625
v -0.001194 0.015668 -0.190103
v -0.007882 0.015978 -0.185777
v -0.006756 0.016040 -0.184910
v 0.018836 0.020758 -0.119094
v 0.019278 0.020655 -0.120532
v 0.019507 0.020733 -0.119437
v 0.023435 0.020563 -0.121806
v 0.027419 0.020232 -0.126434
v 0.003302 0.020677 -0.120215
v -0.003693 0.015675 -0.190004
v -0.004398 0.015645 -0.190413
v -0.002078 0.015660 -0.190209
v -0.002746 0.015629 -0.190650
v -0.005356 0.016058 -0.184659
v -0.003997 0.016028 -0.185079
v -0.002985 0.015956 -0.186076
v 0.027048 0.020361 -0.124630
v 0.018962 0.020549 -0.122004
v 0.017969 0.020468 -0.123136
v -0.001660 0.015944 -0.186241
v -0.016093 0.015773 -0.187075
v -0.011845 0.015636 -0.188982
v 0.039931 0.017932 -0.157824
v 0.038905 0.016497 -0.166213
v 0.038915 0.016473 -0.166213
v 0.040084 0.016750 -0.162350
v -0.021379 0.016091 -0.183507
v -0.031809 0.016955 -0.171452
v -0.032324 0.016934 -0.170883
v -0.036421 0.018048 -0.156207
v -0.034418 0.019181 -0.140407
v -0.026145 0.020157 -0.126785
v -0.013030 0.020809 -0.117698
v 0.002656 0.021022 -0.114717
v 0.018202 0.020761 -0.118360
v 0.030916 0.020070 -0.127995
v 0.038602 0.019069 -0.141954
v 0.039299 0.018876 -0.143794
v 0.038406 0.019107 -0.140992
v 0.037913 0.019194 -0.139358
v 0.037913 0.019219 -0.140155
v 0.033592 0.019782 -0.131143
v 0.030719 0.020045 -0.127485
v 0.030345 0.020096 -0.127195
v 0.027424 0.020280 -0.124199
v 0.029552 0.020189 -0.126631
v 0.019770 0.020658 -0.118928
v 0.017354 0.020766 -0.117862
v 0.015522 0.020795 -0.117021
v 0.016397 0.020832 -0.117670
v 0.006491 0.020954 -0.114800
v 0.001841 0.020974 -0.114519
v -0.002809 0.020954 -0.114799
v 0.000726 0.021036 -0.114821
v 0.001679 0.021000 -0.114607
v -0.011840 0.020795 -0.117019
v -0.013967 0.020757 -0.117994
v -0.016089 0.020658 -0.118926
v -0.014751 0.020768 -0.118578
v -0.023744 0.020280 -0.124195
v -0.027038 0.020045 -0.127481
v -0.029912 0.019783 -0.131139
v -0.027358 0.020072 -0.128288
v -0.026878 0.020081 -0.127436
v -0.034235 0.019194 -0.139353
v -0.034822 0.019087 -0.141299
v -0.035621 0.018876 -0.143790
v -0.034913 0.019069 -0.142273
v -0.036743 0.018216 -0.152999
v -0.036425 0.017949 -0.157185
v -0.036462 0.017883 -0.157638
v -0.036114 0.017934 -0.158112
v -0.035622 0.017556 -0.162209
v -0.034236 0.017238 -0.166645
v -0.031412 0.016862 -0.172347
v -0.029914 0.016649 -0.174860
v -0.030752 0.016862 -0.173068
v -0.023747 0.016151 -0.181804
v -0.020652 0.016014 -0.184165
v -0.020080 0.015945 -0.184671
v -0.019756 0.016038 -0.184557
v -0.002814 0.015477 -0.191203
v -0.005027 0.015605 -0.190592
v -0.006003 0.015553 -0.190596
v -0.007397 0.015537 -0.190365
v 0.003060 0.015490 -0.191396
v 0.001836 0.015457 -0.191484
v 0.003060 0.015472 -0.191437
v 0.003055 0.015215 -0.191818
v 0.001836 0.015106 -0.191943
v 0.003053 0.015119 -0.191914
v 0.003039 0.014634 -0.192208
v 0.001836 0.014608 -0.192235
v 0.003038 0.014609 -0.192217
v 0.038491 0.017056 -0.166136
v 0.038589 0.016965 -0.166159
v 0.039767 0.017230 -0.162306
v 0.038070 0.017309 -0.166021
v 0.038111 0.017293 -0.166033
v 0.039298 0.017555 -0.162213
v 0.040138 0.017883 -0.157642
v 0.040143 0.017969 -0.156865
v 0.040420 0.018215 -0.153004
v 0.040036 0.018090 -0.155901
v 0.040139 0.018548 -0.148365
v 0.036002 0.019497 -0.135120
v 0.023757 0.020486 -0.121332
v 0.011074 0.020894 -0.115638
v -0.007392 0.020894 -0.115637
v -0.020076 0.020486 -0.121330
v -0.032322 0.019498 -0.135116
v -0.036461 0.018548 -0.148361
v -0.027041 0.016386 -0.178518
v -0.006936 0.015605 -0.190290
v 0.040942 0.017084 -0.157683
v 0.040617 0.017562 -0.157678
v 0.041230 0.017424 -0.152947
v 0.040903 0.017899 -0.152981
v 0.040943 0.017763 -0.148211
v 0.040618 0.018236 -0.148284
v 0.040086 0.018098 -0.143544
v 0.039768 0.018567 -0.143656
v 0.038671 0.018422 -0.139014
v 0.038365 0.018889 -0.139164
v 0.036719 0.018733 -0.134688
v 0.036429 0.019197 -0.134873
v 0.034258 0.019024 -0.130627
v 0.033989 0.019485 -0.130847
v 0.031325 0.019291 -0.126892
v 0.031080 0.019751 -0.127143
v 0.027961 0.019532 -0.123537
v 0.027745 0.019989 -0.123815
v 0.024217 0.019742 -0.120611
v 0.024031 0.020198 -0.120913
v 0.020147 0.019918 -0.118156
v 0.019995 0.020372 -0.118479
v 0.015809 0.020057 -0.116209
v 0.015693 0.020510 -0.116548
v 0.011268 0.020158 -0.114797
v 0.011190 0.020611 -0.115148
v 0.006589 0.020220 -0.113941
v 0.006550 0.020672 -0.114299
v 0.001841 0.020240 -0.113654
v 0.001841 0.020692 -0.114015
v -0.002907 0.020220 -0.113941
v -0.002868 0.020672 -0.114299
v -0.007586 0.020159 -0.114795
v -0.007508 0.020611 -0.115146
v -0.012127 0.020057 -0.116207
v -0.012011 0.020511 -0.116546
v -0.016465 0.019918 -0.118154
v -0.016313 0.020372 -0.118477
v -0.020536 0.019742 -0.120608
v -0.020350 0.020198 -0.120911
v -0.024281 0.019532 -0.123534
v -0.024064 0.019990 -0.123812
v -0.027644 0.019292 -0.126889
v -0.027400 0.019751 -0.127139
v -0.030578 0.019024 -0.130623
v -0.030309 0.019486 -0.130843
v -0.033039 0.018733 -0.134683
v -0.032750 0.019197 -0.134869
v -0.034992 0.018423 -0.139010
v -0.034686 0.018890 -0.139160
v -0.036407 0.018098 -0.143540
v -0.036090 0.018568 -0.143652
v -0.037265 0.017764 -0.148206
v -0.036940 0.018236 -0.148280
v -0.037552 0.017424 -0.152942
v -0.037225 0.017899 -0.152976
v -0.037266 0.017085 -0.157678
v -0.036941 0.017563 -0.157673
v -0.036408 0.016750 -0.162345
v -0.036091 0.017231 -0.162301
v -0.034994 0.016425 -0.166875
v -0.034688 0.016909 -0.166793
v -0.033042 0.016115 -0.171202
v -0.032752 0.016601 -0.171084
v -0.030581 0.015824 -0.175262
v -0.030312 0.016313 -0.175111
v -0.027648 0.015556 -0.178997
v -0.027403 0.016047 -0.178815
v -0.024284 0.015316 -0.182352
v -0.024067 0.015809 -0.182142
v -0.020540 0.015106 -0.185279
v -0.020354 0.015601 -0.185044
v -0.016469 0.014930 -0.187733
v -0.016317 0.015426 -0.187479
v -0.012132 0.014791 -0.189681
v -0.012016 0.015288 -0.189410
v -0.007591 0.014689 -0.191093
v -0.007512 0.015187 -0.190810
v -0.002912 0.014628 -0.191948
v -0.002872 0.015126 -0.191658
v 0.031228 0.016504 -0.178573
v 0.031195 0.016491 -0.178619
v 0.031447 0.016052 -0.178588
v 0.031385 0.016875 -0.177499
v 0.031227 0.017425 -0.177240
v 0.031136 0.017568 -0.177875
v 0.031149 0.017700 -0.177713
v 0.031201 0.017761 -0.177338
v 0.031179 0.017767 -0.177515
v 0.031076 0.017317 -0.176686
v 0.031168 0.017539 -0.176883
v 0.031206 0.017679 -0.177098
v 0.030927 0.016561 -0.176492
v 0.030855 0.016647 -0.176444
v 0.031012 0.017137 -0.176607
v 0.031249 0.016534 -0.178528
v 0.031155 0.017317 -0.178056
v 0.031304 0.016922 -0.178078
v 0.031233 0.016864 -0.178304
v 0.031635 0.016239 -0.178123
v 0.031262 0.016600 -0.178467
v 0.031968 0.015402 -0.178374
v 0.032053 0.015688 -0.177985
v 0.032516 0.014959 -0.178000
v 0.032501 0.015305 -0.177702
v 0.031667 0.016335 -0.177598
v 0.032017 0.015887 -0.177538
v 0.032388 0.015569 -0.177347
v 0.031057 0.017173 -0.176678
v 0.031253 0.016748 -0.176942
v 0.031538 0.016328 -0.177078
v 0.031864 0.015977 -0.177081
v 0.032189 0.015728 -0.176968
v 0.031609 0.015950 -0.176663
v 0.031266 0.016218 -0.176631
v 0.031020 0.017165 -0.176616
v 0.032188 0.015668 -0.176447
v 0.032096 0.015694 -0.176514
v 0.031922 0.015766 -0.176600
v 0.032950 0.015097 -0.177295
v 0.033064 0.014722 -0.177489
v 0.033563 0.014715 -0.176877
v 0.032741 0.015587 -0.176451
v 0.032493 0.015591 -0.176751
v 0.033074 0.015390 -0.176652
v 0.032754 0.015396 -0.177042
v 0.033270 0.015201 -0.176756
v 0.033356 0.015091 -0.176798
v 0.032384 0.015665 -0.176213
v 0.013880 0.024461 -0.184679
v 0.014040 0.024490 -0.184917
v 0.013907 0.024524 -0.184673
v 0.014302 0.024826 -0.184853
v 0.014083 0.024790 -0.184625
v 0.014386 0.025014 -0.184524
v 0.014685 0.025000 -0.184759
v 0.014593 0.025083 -0.184449
v 0.014884 0.024517 -0.185220
v 0.015081 0.024529 -0.185161
v 0.014994 0.024817 -0.184975
v 0.014316 0.024390 -0.185179
v 0.014319 0.024391 -0.185180
v 0.014289 0.024404 -0.185160
v 0.014694 0.024490 -0.185242
v 0.014493 0.024664 -0.185110
v 0.014790 0.024800 -0.185037
v 0.014877 0.025015 -0.184708
v 0.014005 0.024245 -0.184981
v 0.013964 0.024218 -0.184937
v 0.013809 0.024077 -0.184679
v 0.014743 0.025100 -0.184393
v 0.016365 0.016860 -0.188521
v 0.016612 0.016562 -0.188597
v 0.015874 0.020400 -0.186942
v 0.016212 0.016949 -0.188495
v 0.016008 0.016982 -0.188463
v 0.015488 0.020360 -0.187023
v 0.015809 0.016942 -0.188417
v 0.015110 0.020260 -0.186959
v 0.015752 0.016919 -0.188399
v 0.015550 0.016790 -0.188303
v 0.014799 0.020115 -0.186761
v 0.015382 0.016594 -0.188158
v 0.014604 0.019947 -0.186459
v 0.015297 0.016349 -0.188011
v 0.028231 0.016642 -0.160646
v 0.025493 0.015593 -0.166881
v 0.025584 0.016079 -0.167021
v 0.024883 0.015420 -0.167852
v 0.023908 0.015166 -0.169237
v 0.023989 0.015653 -0.169386
v 0.029323 0.017944 -0.151970
v 0.028119 0.018882 -0.144919
v 0.028491 0.016791 -0.159704
v 0.028606 0.017273 -0.159807
v 0.029341 0.017829 -0.152780
v 0.029406 0.017762 -0.160089
v 0.028939 0.017627 -0.159948
v 0.025879 0.016427 -0.167257
v 0.024263 0.016000 -0.169655
v 0.026298 0.016546 -0.167529
v 0.024354 0.016052 -0.169732
v 0.024656 0.016112 -0.169970
v 0.024106 0.015851 -0.169510
v 0.023515 0.017060 -0.170681
v 0.023640 0.017058 -0.170710
v 0.023680 0.016703 -0.170638
v 0.024416 0.016137 -0.170305
v 0.024477 0.016115 -0.170222
v 0.024164 0.016058 -0.169994
v 0.023877 0.015859 -0.169817
v 0.023549 0.015173 -0.169710
v 0.023662 0.015548 -0.169717
v 0.023177 0.015395 -0.170196
v 0.023363 0.015726 -0.170110
v 0.022868 0.015813 -0.170600
v 0.023116 0.016062 -0.170439
v 0.022664 0.016382 -0.170880
v 0.022951 0.016522 -0.170669
v 0.022593 0.017036 -0.171009
v 0.022894 0.017053 -0.170775
v 0.023011 0.017057 -0.170724
v 0.023640 0.016000 -0.170133
v 0.023441 0.016267 -0.170398
v 0.023307 0.016634 -0.170584
v 0.023260 0.017061 -0.170670
v 0.023964 0.016175 -0.170261
v 0.023795 0.016397 -0.170483
v 0.024286 0.016225 -0.170475
v 0.024193 0.016327 -0.170594
v 0.024124 0.016434 -0.170682
v 0.024015 0.016718 -0.170824
v 0.023977 0.017045 -0.170889
v 0.023515 0.025528 -0.171288
v 0.023977 0.025024 -0.171461
v 0.022593 0.025515 -0.171617
v 0.022790 0.025563 -0.171446
v 0.023011 0.025667 -0.171342
v 0.023192 0.025780 -0.171303
v 0.029341 0.014849 -0.152566
v 0.028119 0.015415 -0.144671
v 0.028231 0.014282 -0.160477
v 0.024883 0.013762 -0.167734
v 0.019580 0.013333 -0.173720
v 0.019580 0.025302 -0.174578
v 0.008999 0.012937 -0.179244
v 0.008999 0.014595 -0.179363
v 0.010631 0.014476 -0.178859
v 0.016346 0.013165 -0.176064
v 0.011239 0.014546 -0.178650
v 0.011793 0.014832 -0.178462
v 0.012230 0.015302 -0.178321
v 0.012592 0.024995 -0.178865
v 0.016346 0.025134 -0.176922
v 0.012592 0.016517 -0.178257
v 0.012507 0.015904 -0.178249
v -0.006841 0.012970 -0.178786
v 0.000061 0.015315 -0.180307
v 0.001045 0.012870 -0.180178
v 0.001046 0.015230 -0.180347
v 0.007878 0.014678 -0.179647
v -0.013991 0.013228 -0.175187
v -0.007611 0.016025 -0.178736
v -0.006841 0.015950 -0.179000
v -0.019798 0.013622 -0.169686
v -0.013991 0.016695 -0.175436
v 0.024668 0.015932 -0.137462
v 0.019281 0.016356 -0.131551
v 0.012415 0.016651 -0.127438
v 0.004652 0.016791 -0.125474
v -0.003349 0.016766 -0.125823
v -0.010910 0.016577 -0.128458
v -0.017390 0.016241 -0.133153
v -0.022238 0.015785 -0.139511
v -0.025044 0.015249 -0.146994
v -0.025569 0.014677 -0.154965
v -0.023770 0.014119 -0.162749
v 0.012191 0.016495 -0.178566
v 0.012062 0.016479 -0.178786
v 0.012091 0.025203 -0.179349
v 0.011993 0.024929 -0.179638
v 0.012049 0.016425 -0.179533
v 0.012049 0.024405 -0.180105
v 0.011983 0.016452 -0.179158
v 0.011993 0.016461 -0.179031
v 0.012366 0.025021 -0.179000
v 0.012186 0.025109 -0.179190
v 0.012275 0.016502 -0.178470
v 0.010861 0.015303 -0.179367
v 0.010903 0.015353 -0.179480
v 0.011237 0.015392 -0.179373
v 0.012005 0.016080 -0.178780
v 0.012205 0.016004 -0.178463
v 0.011935 0.016120 -0.179155
v 0.012005 0.016119 -0.179531
v 0.011781 0.015796 -0.179196
v 0.011864 0.015817 -0.179572
v 0.011979 0.015517 -0.178520
v 0.011623 0.015139 -0.178631
v 0.011176 0.014909 -0.178780
v 0.010686 0.014851 -0.178947
v 0.010715 0.014964 -0.179006
v 0.011821 0.015690 -0.178827
v 0.011534 0.015389 -0.178916
v 0.011175 0.015206 -0.179035
v 0.010782 0.015159 -0.179165
v 0.011539 0.015545 -0.179274
v 0.011752 0.015681 -0.179610
v 0.011638 0.015582 -0.179649
v 0.011350 0.015439 -0.179745
v 0.011032 0.015404 -0.179844
v 0.000077 0.016239 -0.181342
v 0.000097 0.016129 -0.180849
v 0.000091 0.015792 -0.180471
v 0.007949 0.015163 -0.179801
v 0.008058 0.015502 -0.180171
v 0.008179 0.015605 -0.180660
v 0.014754 0.014593 -0.189643
v 0.014818 0.014442 -0.189884
v 0.015287 0.014488 -0.189702
v 0.015293 0.016321 -0.187998
v 0.015221 0.015835 -0.187775
v 0.015250 0.015746 -0.187854
v 0.015808 0.016624 -0.188415
v 0.015345 0.016357 -0.188066
v 0.017130 0.015773 -0.188789
v 0.017112 0.015307 -0.188977
v 0.017183 0.015763 -0.188772
v 0.017190 0.015763 -0.188769
v 0.017082 0.015799 -0.188795
v 0.016600 0.015458 -0.189020
v 0.017010 0.015869 -0.188789
v 0.016614 0.016159 -0.188725
v 0.015563 0.015933 -0.188313
v 0.015301 0.015389 -0.188202
v 0.015633 0.015502 -0.188606
v 0.015243 0.015100 -0.188525
v 0.015559 0.015130 -0.188898
v 0.015214 0.015039 -0.188599
v 0.015368 0.014854 -0.189159
v 0.015099 0.014892 -0.188792
v 0.014878 0.014769 -0.188993
v 0.015078 0.014687 -0.189373
v 0.014596 0.014740 -0.189105
v 0.014717 0.014650 -0.189514
v 0.016042 0.016078 -0.188619
v 0.016086 0.015526 -0.188890
v 0.015951 0.015052 -0.189182
v 0.015677 0.014701 -0.189459
v 0.016377 0.014874 -0.189346
v 0.015997 0.014447 -0.189663
v 0.015487 0.014190 -0.189952
v 0.014890 0.014132 -0.190182
v 0.016792 0.014614 -0.189372
v 0.016298 0.014116 -0.189754
v 0.015661 0.013818 -0.190102
v 0.014926 0.013747 -0.190385
v 0.012569 0.014403 -0.190738
v 0.012606 0.013903 -0.191035
v 0.010937 0.015001 -0.190053
v 0.010378 0.015022 -0.190362
v 0.012481 0.014752 -0.190281
v 0.009397 0.015084 -0.190593
v 0.011334 0.013991 -0.191329
v 0.008405 0.015190 -0.190492
v 0.012355 0.014898 -0.189731
v 0.002639 0.015706 -0.189378
v 0.012130 0.015033 -0.186844
v 0.012112 0.014972 -0.188392
v 0.002806 0.015763 -0.187620
v 0.003074 0.015718 -0.188204
v 0.011320 0.014983 -0.189734
v 0.011373 0.015149 -0.185499
v 0.010041 0.015289 -0.184712
v 0.002280 0.015821 -0.187248
v 0.003014 0.015697 -0.188848
v 0.006316 0.015447 -0.188360
v 0.007072 0.015331 -0.189706
v 0.006333 0.015508 -0.186812
v 0.007125 0.015497 -0.185470
v 0.008484 0.015417 -0.184700
v 0.012803 0.025461 -0.179353
v 0.012613 0.025437 -0.179410
v 0.012423 0.025380 -0.179423
v 0.016680 0.025606 -0.177338
v 0.017465 0.025575 -0.177765
v 0.018359 0.025572 -0.177808
v 0.018221 0.025222 -0.182698
v 0.019181 0.025597 -0.177458
v 0.021479 0.025371 -0.180613
v 0.019769 0.025645 -0.176786
v 0.024474 0.025546 -0.178166
v 0.020004 0.025707 -0.175925
v 0.027164 0.025745 -0.175390
v 0.019840 0.025770 -0.175048
v 0.022959 0.025989 -0.171993
v 0.027737 0.025212 -0.174643
v 0.027609 0.025493 -0.174821
v 0.027405 0.025691 -0.175088
v 0.027746 0.025181 -0.174630
v 0.027794 0.024804 -0.174544
v 0.023073 0.025981 -0.171830
v 0.023149 0.025937 -0.171650
v 0.027391 0.025698 -0.175106
v 0.028090 0.025106 -0.175196
v 0.028050 0.025020 -0.174942
v 0.027935 0.025283 -0.174972
v 0.027576 0.025622 -0.175061
v 0.027422 0.025670 -0.175607
v 0.027427 0.025667 -0.175612
v 0.027673 0.025579 -0.175545
v 0.027658 0.025475 -0.175797
v 0.028008 0.024972 -0.174831
v 0.027670 0.025460 -0.175806
v 0.027827 0.025192 -0.175922
v 0.028014 0.025256 -0.175460
v 0.028026 0.025183 -0.175579
v 0.028065 0.025164 -0.175449
v 0.024915 0.025272 -0.178627
v 0.024709 0.025466 -0.178416
v 0.025066 0.024987 -0.178771
v 0.021683 0.025289 -0.180889
v 0.018391 0.025138 -0.182995
v 0.021862 0.025093 -0.181121
v 0.018540 0.024941 -0.183247
v 0.021993 0.024807 -0.181282
v 0.018650 0.024654 -0.183421
v 0.029552 0.021110 -0.177028
v 0.031214 0.016678 -0.178462
v 0.027699 0.016239 -0.182128
v 0.019961 0.015857 -0.187455
v 0.024764 0.016071 -0.184479
v 0.029751 0.021101 -0.176685
v 0.029814 0.021024 -0.176302
v 0.029518 0.020722 -0.175651
v 0.029732 0.020891 -0.175938
v 0.035237 0.016795 -0.169289
v 0.035584 0.016603 -0.170791
v 0.034394 0.016219 -0.173054
v 0.033982 0.016160 -0.173312
v 0.033659 0.016005 -0.174290
v 0.032466 0.016029 -0.173646
v 0.030987 0.016012 -0.173184
v 0.029934 0.016112 -0.172054
v 0.029588 0.016304 -0.170551
v 0.030046 0.016537 -0.169076
v 0.031190 0.016747 -0.168030
v 0.032706 0.016878 -0.167696
v 0.034185 0.016895 -0.168158
v 0.035492 0.016496 -0.171422
v 0.035082 0.016338 -0.172330
v 0.034152 0.015878 -0.174574
v 0.034583 0.015547 -0.174783
v 0.034554 0.014971 -0.175412
v 0.034887 0.015061 -0.174887
v 0.038692 0.016368 -0.166884
v 0.020603 0.012578 -0.188447
v 0.040626 0.014332 -0.163989
v 0.039596 0.014111 -0.167066
v 0.041669 0.014659 -0.159422
v 0.041927 0.014787 -0.157638
v 0.042172 0.014993 -0.154765
v 0.040420 0.015988 -0.140886
v 0.042131 0.015329 -0.150081
v 0.041927 0.015483 -0.147928
v 0.041544 0.015662 -0.145434
v 0.039598 0.016159 -0.138500
v 0.038775 0.016302 -0.136499
v 0.036630 0.016601 -0.132332
v 0.035074 0.016775 -0.129901
v 0.034015 0.016880 -0.128441
v 0.030964 0.017135 -0.124880
v 0.028619 0.017296 -0.122633
v 0.027520 0.017363 -0.121696
v 0.023728 0.017561 -0.118932
v 0.020608 0.017691 -0.117116
v 0.019641 0.017727 -0.116626
v 0.015312 0.017857 -0.114809
v 0.011505 0.017938 -0.113672
v 0.010802 0.017950 -0.113506
v 0.006170 0.018006 -0.112734
v -0.016605 0.017704 -0.116948
v -0.016926 0.017692 -0.117114
v 0.001841 0.018022 -0.112501
v 0.001480 0.018022 -0.112503
v -0.003206 0.018000 -0.112817
v -0.007823 0.017938 -0.113671
v -0.012310 0.017839 -0.115054
v -0.030766 0.016839 -0.129016
v -0.031394 0.016775 -0.129897
v -0.020651 0.017533 -0.119326
v -0.024393 0.017330 -0.122156
v -0.024938 0.017296 -0.122629
v -0.027780 0.017098 -0.125401
v -0.033312 0.016556 -0.132952
v -0.035382 0.016255 -0.137156
v -0.035919 0.016159 -0.138495
v -0.036949 0.015939 -0.141572
v -0.037991 0.015611 -0.146139
v -0.038249 0.015483 -0.147923
v -0.038495 0.015277 -0.150796
v -0.036743 0.014282 -0.164675
v -0.038453 0.014942 -0.155480
v -0.038250 0.014787 -0.157633
v -0.037867 0.014608 -0.160127
v -0.035921 0.014111 -0.167062
v -0.035098 0.013968 -0.169063
v -0.032953 0.013669 -0.173230
v -0.031397 0.013495 -0.175660
v -0.030338 0.013390 -0.177120
v -0.027287 0.013135 -0.180681
v -0.024942 0.012974 -0.182929
v -0.023843 0.012907 -0.183865
v -0.020051 0.012709 -0.186629
v -0.016930 0.012579 -0.188445
v -0.015964 0.012543 -0.188935
v -0.011635 0.012413 -0.190752
v -0.007828 0.012332 -0.191889
v -0.007125 0.012320 -0.192055
v -0.002493 0.012264 -0.192828
v 0.020282 0.012567 -0.188614
v 0.015987 0.012431 -0.190507
v 0.011500 0.012332 -0.191890
v 0.001836 0.012248 -0.193060
v 0.002197 0.012248 -0.193058
v 0.006883 0.012270 -0.192745
v 0.031457 0.013172 -0.180161
v 0.028615 0.012974 -0.182932
v 0.039059 0.014015 -0.168405
v 0.036989 0.013714 -0.172610
v 0.035072 0.013495 -0.175664
v 0.034444 0.013432 -0.176546
v 0.028070 0.012940 -0.183405
v 0.024328 0.012737 -0.186236
v -0.037143 0.015390 -0.141476
v -0.038190 0.015061 -0.146066
v -0.027928 0.016555 -0.125224
v -0.030929 0.016294 -0.128857
v 0.040820 0.013775 -0.164006
v 0.041867 0.014104 -0.159416
v 0.031605 0.012610 -0.180258
v 0.034606 0.012870 -0.176625
v 0.020374 0.012001 -0.188753
v 0.024441 0.012172 -0.186363
v 0.028201 0.012376 -0.183518
v 0.037165 0.013154 -0.172669
v 0.039245 0.013457 -0.168444
v 0.042332 0.014777 -0.150028
v 0.042374 0.014439 -0.154735
v 0.040613 0.015439 -0.140787
v 0.041742 0.015111 -0.145358
v 0.036804 0.016055 -0.132190
v 0.038959 0.015755 -0.136378
v 0.031110 0.016592 -0.124701
v 0.034176 0.016335 -0.128280
v 0.023838 0.017020 -0.118724
v 0.027648 0.016821 -0.121501
v 0.015380 0.017317 -0.114580
v 0.019730 0.017187 -0.116406
v 0.006192 0.017467 -0.112494
v 0.010847 0.017411 -0.113270
v -0.016697 0.017163 -0.116729
v -0.012381 0.017300 -0.114826
v -0.007871 0.017399 -0.113436
v -0.003231 0.017461 -0.112577
v 0.001478 0.017484 -0.112262
v -0.020763 0.016992 -0.119119
v -0.024524 0.016788 -0.121964
v -0.033488 0.016011 -0.132813
v -0.035568 0.015708 -0.137038
v -0.038655 0.014388 -0.155454
v -0.038697 0.014725 -0.150746
v -0.036936 0.013725 -0.164695
v -0.038065 0.014053 -0.160124
v -0.033127 0.013109 -0.173292
v -0.035282 0.013409 -0.169104
v -0.027433 0.012572 -0.180781
v -0.030498 0.012829 -0.177202
v -0.020161 0.012144 -0.186758
v -0.023971 0.012343 -0.183981
v -0.011703 0.011847 -0.190902
v -0.016053 0.011978 -0.189076
v -0.002514 0.011697 -0.192988
v -0.007169 0.011753 -0.192212
v 0.016058 0.011864 -0.190656
v 0.011549 0.011765 -0.192046
v 0.006908 0.011703 -0.192905
v 0.002199 0.011681 -0.193220
v 0.011838 0.007640 -0.192926
v -0.021434 0.013035 -0.117832
v -0.003865 0.007585 -0.193746
v -0.005654 0.007606 -0.193461
v -0.007938 0.007641 -0.192979
v -0.007421 0.007633 -0.193100
v -0.020388 0.008020 -0.187751
v -0.016415 0.007861 -0.189949
v -0.012260 0.007735 -0.191692
v -0.031458 0.008748 -0.177639
v -0.031177 0.008722 -0.178005
v -0.030849 0.008692 -0.178422
v -0.027829 0.008448 -0.181808
v -0.024487 0.008231 -0.184824
v -0.020836 0.008040 -0.187466
v -0.033746 0.008987 -0.174307
v -0.035898 0.009271 -0.170357
v -0.036384 0.009347 -0.169301
v -0.037624 0.009573 -0.166165
v -0.037795 0.009609 -0.165663
v -0.038992 0.009920 -0.161325
v -0.039249 0.010011 -0.160055
v -0.039712 0.010239 -0.156888
v -0.039949 0.010563 -0.152362
v -0.039945 0.010601 -0.151832
v -0.038841 0.011240 -0.142918
v -0.039634 0.010923 -0.147344
v -0.039899 0.010704 -0.150399
v -0.037563 0.011552 -0.138569
v -0.038299 0.011388 -0.140853
v -0.035601 0.011884 -0.133938
v -0.037383 0.011588 -0.138071
v -0.033384 0.012164 -0.130023
v -0.034535 0.012027 -0.131933
v -0.030399 0.012457 -0.125931
v -0.030734 0.012427 -0.126342
v -0.023955 0.012905 -0.119657
v -0.027345 0.012693 -0.122619
v -0.028811 0.012586 -0.124119
v -0.019780 0.013110 -0.116781
v -0.020233 0.013090 -0.117058
v -0.011617 0.013380 -0.112989
v -0.012803 0.013350 -0.113411
v -0.015800 0.013261 -0.114664
v -0.004180 0.013506 -0.111203
v -0.007242 0.013467 -0.111765
v 0.004809 0.013527 -0.110873
v 0.000300 0.013534 -0.110796
v -0.003382 0.013514 -0.111095
v 0.013771 0.013408 -0.112502
v 0.009335 0.013485 -0.111443
v 0.006321 0.013517 -0.111008
v 0.018018 0.013299 -0.114017
v 0.015783 0.013361 -0.113155
v 0.031714 0.012629 -0.123300
v 0.028393 0.012848 -0.120261
v 0.024732 0.013041 -0.117577
v 0.022066 0.013157 -0.115974
v 0.034690 0.012386 -0.126681
v 0.031982 0.012609 -0.123576
v 0.037579 0.012087 -0.130841
v 0.035016 0.012356 -0.127100
v 0.041769 0.011419 -0.140140
v 0.041559 0.011466 -0.139481
v 0.041390 0.011502 -0.138979
v 0.039704 0.011802 -0.134806
v 0.037846 0.012055 -0.131288
v 0.042735 0.011152 -0.143858
v 0.043425 0.010833 -0.148301
v 0.043539 0.010735 -0.149657
v 0.043632 0.010510 -0.152795
v 0.043624 0.010472 -0.153325
v 0.043282 0.010148 -0.157844
v 0.043061 0.010042 -0.159325
v 0.042459 0.009831 -0.162264
v 0.041162 0.009523 -0.166573
v 0.040979 0.009487 -0.167070
v 0.036913 0.008911 -0.175121
v 0.039157 0.009190 -0.171222
v 0.040361 0.009376 -0.168622
v 0.034259 0.008650 -0.178759
v 0.035583 0.008773 -0.177047
v 0.030824 0.008384 -0.182483
v 0.033921 0.008621 -0.179168
v 0.027413 0.008174 -0.185422
v 0.028987 0.008265 -0.184146
v 0.023247 0.007972 -0.188253
v 0.023702 0.007992 -0.187979
v 0.015031 0.007705 -0.192006
v 0.019224 0.007822 -0.190359
v 0.020927 0.007881 -0.189536
v 0.010160 0.007614 -0.193302
v 0.010680 0.007621 -0.193194
v -0.003339 0.007580 -0.193815
v 0.001161 0.007556 -0.194131
v 0.002210 0.007556 -0.194135
v 0.005665 0.007567 -0.193962
v -0.024084 0.011491 -0.119392
v -0.027491 0.011279 -0.122368
v -0.039045 0.009818 -0.142768
v -0.039841 0.009499 -0.147216
v -0.036087 0.007839 -0.170344
v -0.033924 0.007554 -0.174313
v -0.005691 0.006166 -0.193563
v -0.007468 0.006193 -0.193200
v -0.007987 0.006201 -0.193079
v -0.012331 0.006295 -0.191785
v -0.016506 0.006422 -0.190034
v -0.020499 0.006582 -0.187824
v -0.020949 0.006602 -0.187538
v -0.024619 0.006794 -0.184883
v -0.024868 0.006808 -0.184680
v -0.027978 0.007012 -0.181852
v -0.031012 0.007257 -0.178449
v -0.031342 0.007287 -0.178030
v -0.031623 0.007313 -0.177665
v -0.036574 0.007916 -0.169285
v -0.037821 0.008142 -0.166131
v -0.037993 0.008178 -0.165627
v -0.039196 0.008491 -0.161267
v -0.039454 0.008583 -0.159992
v -0.039920 0.008811 -0.156807
v -0.040158 0.009138 -0.152259
v -0.040154 0.009176 -0.151727
v -0.040107 0.009279 -0.150287
v -0.038499 0.009967 -0.140693
v -0.037760 0.010131 -0.138398
v -0.037579 0.010167 -0.137897
v -0.035788 0.010465 -0.133743
v -0.034716 0.010609 -0.131728
v -0.033560 0.010746 -0.129809
v -0.030897 0.011011 -0.126109
v -0.030560 0.011041 -0.125696
v -0.028963 0.011171 -0.123874
v -0.021549 0.011622 -0.117556
v -0.020343 0.011677 -0.116779
v -0.019888 0.011697 -0.116501
v -0.015888 0.011849 -0.114374
v -0.012873 0.011939 -0.113113
v -0.011684 0.011969 -0.112690
v -0.007288 0.012056 -0.111460
v -0.004211 0.012095 -0.110895
v -0.003405 0.012103 -0.110786
v 0.000292 0.012124 -0.110486
v 0.009372 0.012075 -0.111136
v 0.006347 0.012107 -0.110699
v 0.004823 0.012117 -0.110563
v 0.042940 0.009729 -0.143713
v 0.039343 0.007758 -0.171213
v 0.019311 0.006383 -0.190446
v -0.003894 0.006145 -0.193850
v -0.003365 0.006140 -0.193919
v 0.001157 0.006116 -0.194237
v 0.002215 0.006115 -0.194241
v 0.005684 0.006127 -0.194067
v 0.010201 0.006173 -0.193404
v 0.010724 0.006181 -0.193295
v 0.011891 0.006200 -0.193025
v 0.015096 0.006266 -0.192102
v 0.021024 0.006442 -0.189617
v 0.023354 0.006534 -0.188330
v 0.023811 0.006554 -0.188054
v 0.027541 0.006737 -0.185484
v 0.029124 0.006829 -0.184200
v 0.030969 0.006948 -0.182531
v 0.034081 0.007186 -0.179199
v 0.034421 0.007216 -0.178788
v 0.035753 0.007339 -0.177066
v 0.037088 0.007477 -0.175132
v 0.040553 0.007945 -0.168600
v 0.041174 0.008056 -0.167041
v 0.041358 0.008092 -0.166541
v 0.042662 0.008403 -0.162211
v 0.043267 0.008614 -0.159257
v 0.043489 0.008721 -0.157768
v 0.043833 0.009047 -0.153227
v 0.043840 0.009085 -0.152695
v 0.043747 0.009311 -0.149542
v 0.043633 0.009409 -0.148178
v 0.041969 0.009997 -0.139978
v 0.041757 0.010045 -0.139314
v 0.041587 0.010081 -0.138809
v 0.039893 0.010383 -0.134615
v 0.038027 0.010637 -0.131082
v 0.037757 0.010669 -0.130631
v 0.035181 0.010939 -0.126871
v 0.034853 0.010970 -0.126450
v 0.032134 0.011194 -0.123332
v 0.031863 0.011214 -0.123052
v 0.028525 0.011434 -0.119998
v 0.024846 0.011629 -0.117300
v 0.022167 0.011745 -0.115689
v 0.018098 0.011887 -0.113723
v 0.015855 0.011949 -0.112858
v 0.013830 0.011997 -0.112200
v -0.001965 0.004012 -0.193918
v -0.006283 0.004047 -0.193299
v -0.007399 0.004060 -0.193063
v 0.002365 0.004005 -0.194088
v -0.011567 0.004125 -0.191896
v -0.015592 0.004207 -0.190307
v -0.016673 0.004232 -0.189795
v -0.019462 0.004304 -0.188294
v -0.020254 0.004326 -0.187816
v -0.023814 0.004439 -0.185353
v -0.024868 0.004478 -0.184513
v -0.027100 0.004574 -0.182539
v -0.030100 0.004752 -0.179378
v -0.031701 0.004885 -0.177387
v -0.034119 0.005170 -0.173821
v -0.034970 0.005449 -0.172360
v 0.035558 0.008813 -0.127219
v 0.038027 0.008537 -0.130931
v 0.041969 0.007902 -0.139828
v 0.040983 0.008102 -0.137007
v 0.038595 0.008465 -0.131923
v 0.042649 0.007727 -0.142287
v 0.043784 0.006862 -0.154388
v 0.043747 0.007220 -0.149392
v 0.043689 0.007274 -0.148631
v 0.043562 0.007364 -0.147370
v 0.043251 0.007520 -0.145200
v 0.043335 0.006555 -0.158690
v 0.043267 0.006525 -0.159107
v 0.041850 0.006107 -0.164947
v 0.040553 0.005857 -0.168450
v 0.039417 0.005680 -0.170916
v 0.037696 0.005458 -0.174017
v 0.035753 0.005251 -0.176916
v 0.034662 0.005149 -0.178340
v 0.031088 0.004867 -0.182267
v 0.029124 0.004739 -0.184051
v 0.028435 0.004698 -0.184625
v 0.024138 0.004477 -0.187702
v 0.021024 0.004349 -0.189467
v 0.019461 0.004294 -0.190227
v 0.016188 0.004196 -0.191572
v 0.012836 0.004118 -0.192631
v 0.011891 0.004100 -0.192875
v 0.009408 0.004060 -0.193406
v 0.005902 0.004023 -0.193895
v -0.035176 0.004598 -0.172322
v -0.035681 0.003897 -0.172477
v -0.036385 0.003481 -0.172793
v -0.034249 0.004418 -0.173834
v -0.034610 0.003764 -0.173995
v -0.035148 0.003305 -0.174281
v -0.032135 0.003494 -0.177616
v 0.005924 0.003095 -0.194049
v 0.005984 0.002341 -0.194608
v 0.002369 0.003081 -0.194242
v -0.001983 0.003092 -0.194070
v -0.006322 0.003136 -0.193444
v -0.007443 0.003152 -0.193206
v -0.011628 0.003231 -0.192028
v -0.015666 0.003336 -0.190425
v -0.019545 0.003462 -0.188395
v -0.020339 0.003492 -0.187914
v -0.023904 0.003638 -0.185433
v -0.027196 0.003806 -0.182600
v -0.030205 0.004006 -0.179421
v -0.031814 0.004144 -0.177419
v -0.030512 0.003353 -0.179643
v -0.027487 0.003138 -0.182871
v -0.024181 0.002950 -0.185759
v -0.020597 0.002784 -0.188296
v -0.019797 0.002751 -0.188790
v -0.015887 0.002609 -0.190873
v -0.011807 0.002493 -0.192521
v -0.007571 0.002406 -0.193731
v -0.006435 0.002388 -0.193975
v -0.002037 0.002342 -0.194619
v 0.002377 0.002328 -0.194800
v 0.006068 0.001928 -0.195448
v 0.002388 0.001912 -0.195640
v -0.002114 0.001923 -0.195449
v -0.006599 0.001965 -0.194780
v -0.007756 0.001982 -0.194527
v -0.012068 0.002061 -0.193272
v -0.016212 0.002168 -0.191564
v -0.020173 0.002299 -0.189407
v -0.020981 0.002330 -0.188896
v -0.024597 0.002488 -0.186277
v -0.027926 0.002671 -0.183310
v -0.030977 0.002886 -0.180011
v -0.032620 0.003029 -0.177949
v 0.039619 0.004752 -0.170951
v 0.045513 0.004879 -0.154337
v 0.045412 0.005308 -0.148343
v 0.044533 0.005649 -0.148443
v 0.009718 0.001965 -0.194947
v 0.009560 0.002376 -0.194114
v 0.013288 0.002024 -0.194147
v 0.013058 0.002432 -0.193326
v 0.014426 0.002047 -0.193825
v 0.016478 0.002509 -0.192249
v 0.009448 0.003131 -0.193559
v 0.012895 0.003187 -0.192780
v 0.016265 0.003263 -0.191717
v 0.019556 0.003360 -0.190365
v 0.016779 0.002104 -0.193051
v 0.020189 0.002204 -0.191655
v 0.019818 0.002607 -0.190880
v 0.022304 0.002280 -0.190613
v 0.024591 0.002791 -0.188305
v 0.024258 0.003542 -0.187827
v 0.028578 0.003764 -0.184734
v 0.025061 0.002394 -0.189030
v 0.029537 0.002624 -0.185828
v 0.028976 0.003016 -0.185167
v 0.032301 0.002800 -0.183372
v 0.031683 0.003188 -0.182761
v 0.035330 0.003475 -0.178754
v 0.031246 0.003934 -0.182363
v 0.034839 0.004217 -0.178415
v 0.035459 0.003043 -0.179974
v 0.036024 0.003093 -0.179282
v 0.039183 0.003415 -0.174780
v 0.040239 0.003546 -0.172953
v 0.040180 0.004018 -0.171179
v 0.038425 0.003792 -0.174344
v 0.037889 0.004528 -0.174069
v 0.040974 0.003647 -0.171550
v 0.043505 0.004092 -0.165332
v 0.042662 0.004455 -0.165088
v 0.045047 0.004558 -0.158817
v 0.044174 0.004913 -0.158705
v 0.045311 0.004700 -0.156833
v 0.044632 0.005228 -0.154316
v 0.044009 0.005943 -0.154334
v 0.043557 0.005633 -0.158659
v 0.042065 0.005182 -0.164949
v 0.043913 0.006357 -0.148547
v 0.044403 0.005741 -0.147156
v 0.044086 0.005900 -0.144943
v 0.043473 0.006605 -0.145097
v 0.045279 0.005402 -0.147030
v 0.043785 0.006448 -0.147279
v 0.044955 0.005564 -0.144771
v 0.042867 0.006814 -0.142169
v 0.043470 0.006113 -0.141972
v 0.044325 0.005781 -0.141740
v 0.039327 0.006871 -0.131401
v 0.036242 0.007213 -0.126589
v 0.035739 0.007900 -0.127016
v 0.038788 0.007560 -0.131750
v 0.041765 0.006500 -0.136588
v 0.036955 0.006909 -0.126035
v 0.041190 0.007194 -0.136862
v 0.040092 0.006551 -0.130954
v 0.042580 0.006172 -0.136247
v 0.045336 0.005275 -0.141453
v 0.043170 0.006034 -0.136477
v 0.044769 0.005673 -0.141622
v 0.038199 0.006714 -0.126929
v 0.040949 0.006385 -0.131566
v 0.038609 0.006407 -0.126639
v 0.038902 0.005920 -0.126413
v 0.041388 0.006079 -0.131323
v 0.041706 0.005596 -0.131128
v 0.043630 0.005724 -0.136284
v 0.043964 0.005238 -0.136126
v 0.045961 0.005157 -0.148285
v 0.046747 0.004346 -0.148159
v 0.046417 0.004831 -0.148222
v 0.046316 0.004210 -0.156908
v 0.044536 0.003599 -0.165411
v 0.041137 0.003025 -0.173408
v 0.036246 0.002508 -0.180595
v 0.030048 0.002070 -0.186697
v 0.022776 0.001728 -0.191477
v 0.014710 0.001496 -0.194749
v 0.006161 0.001334 -0.196424
v 0.014578 0.001861 -0.194328
v 0.006108 0.001784 -0.195873
v 0.022561 0.002092 -0.191090
v 0.029756 0.002431 -0.186360
v 0.035890 0.002864 -0.180322
v 0.040729 0.003374 -0.173210
v 0.044092 0.003942 -0.165296
v 0.045853 0.004546 -0.156881
v -0.029608 0.002759 -0.181627
v -0.031597 0.002927 -0.179286
v -0.027485 0.002600 -0.183848
v -0.022831 0.002313 -0.187859
v -0.017662 0.002076 -0.191183
v -0.012057 0.001895 -0.193704
v -0.006134 0.001777 -0.195350
v -0.000030 0.001723 -0.196101
v -0.031953 0.002578 -0.179535
v -0.032542 0.003014 -0.178075
v -0.033455 0.003102 -0.176839
v -0.035185 0.003284 -0.174301
v -0.035461 0.003069 -0.174441
v -0.035577 0.002939 -0.174497
v -0.027798 0.002248 -0.184146
v -0.000054 0.001363 -0.196526
v -0.006221 0.001419 -0.195768
v -0.012207 0.001539 -0.194105
v -0.017871 0.001720 -0.191557
v -0.023095 0.001959 -0.188199
v -0.035862 0.002445 -0.174621
v -0.032212 0.002082 -0.179699
v -0.028025 0.001750 -0.184346
v -0.023287 0.001460 -0.188430
v -0.018024 0.001220 -0.191814
v -0.012317 0.001039 -0.194382
v -0.006286 0.000918 -0.196057
v -0.000071 0.000860 -0.196819
v -0.036106 0.002839 -0.173985
v -0.037147 0.003130 -0.173017
v -0.037231 0.003391 -0.172265
v -0.036882 0.003324 -0.172867
v -0.036584 0.003468 -0.172701
v -0.036220 0.003324 -0.173292
v -0.036508 0.003104 -0.173450
v -0.036752 0.002822 -0.173583
v -0.041544 0.004217 -0.162509
v -0.044951 0.004906 -0.152426
v -0.041737 0.003521 -0.164734
v -0.042543 0.003643 -0.162842
v -0.044851 0.004042 -0.156481
v -0.045977 0.004271 -0.152601
v -0.046616 0.005741 -0.143612
v -0.047193 0.005455 -0.143392
v -0.046852 0.005064 -0.146446
v -0.047329 0.004652 -0.146316
v -0.047761 0.005374 -0.140880
v -0.046251 0.005352 -0.146558
v -0.046284 0.005793 -0.143708
v -0.045926 0.005788 -0.143798
v -0.044717 0.005459 -0.146746
v -0.045119 0.005683 -0.143985
v -0.042933 0.006268 -0.136248
v -0.044667 0.006348 -0.138502
v -0.044940 0.006507 -0.138607
v -0.043283 0.006405 -0.136074
v -0.043460 0.006519 -0.135989
v -0.043581 0.006624 -0.135933
v -0.044782 0.006738 -0.137842
v -0.043817 0.006924 -0.135830
v -0.044186 0.007644 -0.135914
v -0.043989 0.007295 -0.135765
v -0.044115 0.007760 -0.135732
v -0.043855 0.008210 -0.135096
v -0.038203 0.008864 -0.125703
v -0.038001 0.007999 -0.125767
v -0.034024 0.009242 -0.120180
v -0.037833 0.007631 -0.125849
v -0.037607 0.007332 -0.125975
v -0.037324 0.007114 -0.126145
v -0.036995 0.006976 -0.126353
v -0.034649 0.025637 -0.112824
v -0.036556 0.023944 -0.116873
v -0.030746 0.025427 -0.112283
v -0.029542 0.026188 -0.110892
v -0.029963 0.027053 -0.110962
v -0.034643 0.022470 -0.117308
v -0.031839 0.027628 -0.109606
v -0.031172 0.027807 -0.110283
v -0.030837 0.027776 -0.110562
v -0.036196 0.024021 -0.117170
v -0.030517 0.027639 -0.110774
v -0.035831 0.023955 -0.117384
v -0.030222 0.027394 -0.110908
v -0.035481 0.023745 -0.117500
v -0.035164 0.023405 -0.117514
v -0.036433 0.024158 -0.110598
v -0.038079 0.022214 -0.108153
v -0.039447 0.019979 -0.105708
v -0.040523 0.017629 -0.103401
v -0.033705 0.026670 -0.107586
v -0.035507 0.025276 -0.105359
v -0.037043 0.023529 -0.103127
v -0.038278 0.021591 -0.101025
v -0.022278 0.032084 -0.100830
v -0.024098 0.032415 -0.099101
v -0.024677 0.031266 -0.102826
v -0.026712 0.031282 -0.101213
v -0.027303 0.030174 -0.105142
v -0.029177 0.029956 -0.103353
v -0.031478 0.028428 -0.105511
v -0.028405 0.029640 -0.106164
v -0.015444 0.037285 -0.087439
v -0.016786 0.038023 -0.085594
v -0.021787 0.035177 -0.091283
v -0.023236 0.035469 -0.089412
v -0.024803 0.033824 -0.093236
v -0.018175 0.033203 -0.097628
v -0.011301 0.034554 -0.092730
v -0.018526 0.034212 -0.094993
v -0.012660 0.035551 -0.091043
v -0.014346 0.036643 -0.088895
v -0.020205 0.034785 -0.093159
v -0.033382 0.027436 -0.103368
v -0.031114 0.029351 -0.101303
v -0.028639 0.031031 -0.099237
v -0.025975 0.032480 -0.097182
v -0.023153 0.033722 -0.095153
v -0.035696 0.025285 -0.098567
v -0.035014 0.026060 -0.101201
v -0.034140 0.027158 -0.097204
v -0.032790 0.028363 -0.099217
v -0.030485 0.030738 -0.094295
v -0.030336 0.030428 -0.097217
v -0.029107 0.031844 -0.093288
v -0.027664 0.032246 -0.095217
v -0.025906 0.034013 -0.091104
v -0.024582 0.034770 -0.090253
v -0.009939 0.037249 -0.086738
v -0.005858 0.037793 -0.084228
v -0.003508 0.035453 -0.087652
v -0.016010 0.038257 -0.085142
v -0.011164 0.039429 -0.082295
v -0.006076 0.040162 -0.079258
v -0.002734 0.034468 -0.088575
v -0.002416 0.033017 -0.089022
v -0.010485 0.033646 -0.093708
v -0.010383 0.033444 -0.093810
v -0.010012 0.032204 -0.094079
v -0.010905 0.034210 -0.093225
v -0.022826 0.029309 -0.104145
v -0.016607 0.031013 -0.098949
v -0.023128 0.030113 -0.104108
v -0.016855 0.031795 -0.098869
v -0.023320 0.030458 -0.104025
v -0.017200 0.032449 -0.098630
v -0.023545 0.030745 -0.103883
v -0.023800 0.030964 -0.103682
v -0.017654 0.032908 -0.098195
v -0.024080 0.031116 -0.103429
v -0.024651 0.028634 -0.105833
v -0.027762 0.029634 -0.106799
v -0.026320 0.027917 -0.107461
v -0.043093 0.009808 -0.133218
v -0.041903 0.012325 -0.130396
v -0.035942 0.021172 -0.119231
v -0.037217 0.019719 -0.121268
v -0.039668 0.016311 -0.125681
v -0.039248 0.021169 -0.120930
v -0.040076 0.017655 -0.125680
v -0.043755 0.010791 -0.133831
v -0.040450 0.018000 -0.125736
v -0.044157 0.011117 -0.133962
v -0.044370 0.011219 -0.133969
v -0.040851 0.018184 -0.125656
v -0.044586 0.011277 -0.133934
v -0.044801 0.011288 -0.133860
v -0.041249 0.018191 -0.125441
v -0.045009 0.011254 -0.133747
v -0.041615 0.018026 -0.125113
v -0.045389 0.011054 -0.133418
v -0.037776 0.020721 -0.121544
v -0.038885 0.021295 -0.121245
v -0.038502 0.021262 -0.121462
v -0.038125 0.021065 -0.121563
v -0.044538 0.009182 -0.135742
v -0.044983 0.009491 -0.135866
v -0.045089 0.009532 -0.135866
v -0.045365 0.009587 -0.135819
v -0.045766 0.009530 -0.135624
v -0.046292 0.009160 -0.135096
v -0.045169 0.009010 -0.136456
v -0.044882 0.008835 -0.136400
v -0.045270 0.009047 -0.136455
v -0.045523 0.009092 -0.136409
v -0.045686 0.009086 -0.136349
v -0.045947 0.009020 -0.136205
v -0.046523 0.008596 -0.135642
v -0.044792 0.008757 -0.136363
v -0.046146 0.007842 -0.137949
v -0.045410 0.007535 -0.138039
v -0.045060 0.007090 -0.137930
v -0.045900 0.007833 -0.138028
v -0.045873 0.007827 -0.138034
v -0.045729 0.007775 -0.138055
v -0.045566 0.007675 -0.138058
v -0.045558 0.007669 -0.138058
v -0.047382 0.006799 -0.136933
v -0.046624 0.007646 -0.137680
v -0.046438 0.007754 -0.137802
v -0.047506 0.006452 -0.137613
v -0.046101 0.007453 -0.138594
v -0.046272 0.007457 -0.138536
v -0.045609 0.007202 -0.138661
v -0.045933 0.007408 -0.138634
v -0.048472 0.005004 -0.136038
v -0.049470 0.003077 -0.133854
v -0.048928 0.003599 -0.130308
v -0.038947 -0.014876 -0.173537
v -0.038944 -0.014876 -0.173535
v -0.037004 -0.014909 -0.174019
v -0.037445 -0.014868 -0.173457
v -0.037695 -0.014857 -0.173295
v -0.038004 -0.014852 -0.173221
v -0.038331 -0.014856 -0.173258
v -0.012727 -0.016371 -0.194418
v -0.018583 -0.016182 -0.191785
v -0.024024 -0.015931 -0.188285
v -0.028904 -0.015630 -0.184077
v -0.033227 -0.015286 -0.179282
v -0.000099 -0.016549 -0.196904
v -0.006482 -0.016494 -0.196142
v -0.000099 -0.016625 -0.196884
v -0.000097 -0.016687 -0.196836
v -0.000090 -0.016736 -0.196690
v -0.036901 -0.015090 -0.173939
v -0.036836 -0.015102 -0.173897
v -0.033070 -0.015478 -0.179143
v -0.033131 -0.015466 -0.179192
v -0.028764 -0.015821 -0.183920
v -0.028818 -0.015809 -0.183976
v -0.023903 -0.016121 -0.188111
v -0.023950 -0.016110 -0.188173
v -0.018488 -0.016371 -0.191595
v -0.018524 -0.016360 -0.191664
v -0.012659 -0.016559 -0.194216
v -0.012685 -0.016549 -0.194289
v -0.006443 -0.016682 -0.195932
v -0.006458 -0.016672 -0.196009
v -0.000094 -0.016726 -0.196768
v -0.006471 -0.016633 -0.196075
v -0.012707 -0.016509 -0.194353
v -0.018556 -0.016321 -0.191724
v -0.023989 -0.016070 -0.188228
v -0.028863 -0.015769 -0.184026
v -0.033181 -0.015426 -0.179235
v -0.036955 -0.015049 -0.173977
v -0.006479 -0.016570 -0.196122
v -0.012722 -0.016447 -0.194398
v -0.018576 -0.016258 -0.191767
v -0.024015 -0.016007 -0.188267
v -0.028894 -0.015706 -0.184061
v -0.033215 -0.015362 -0.179267
v -0.036992 -0.014985 -0.174005
v -0.037435 -0.014945 -0.173441
v -0.037407 -0.015008 -0.173404
v -0.037364 -0.015048 -0.173351
v -0.037689 -0.014933 -0.173276
v -0.038003 -0.014928 -0.173201
v -0.038335 -0.014931 -0.173238
v -0.038952 -0.014951 -0.173516
v -0.037672 -0.014995 -0.173232
v -0.038001 -0.014990 -0.173153
v -0.038346 -0.014993 -0.173191
v -0.038973 -0.015013 -0.173474
v -0.037645 -0.015035 -0.173170
v -0.037997 -0.015029 -0.173085
v -0.038363 -0.015032 -0.173126
v -0.039005 -0.015052 -0.173414
v -0.037314 -0.015059 -0.173292
v -0.037614 -0.015045 -0.173099
v -0.037993 -0.015039 -0.173007
v -0.038382 -0.015042 -0.173051
v -0.039042 -0.015063 -0.173347
v -0.039011 -0.015055 -0.173410
v -0.039045 -0.015063 -0.173348
v -0.038953 -0.014944 -0.173521
v -0.038976 -0.015013 -0.173476
v -0.045260 -0.015303 -0.176910
v -0.045298 -0.015313 -0.176842
v -0.045229 -0.015264 -0.176969
v -0.045208 -0.015202 -0.177012
v -0.045305 -0.015314 -0.176846
v -0.045267 -0.015303 -0.176914
v -0.045236 -0.015264 -0.176973
v -0.045214 -0.015202 -0.177016
v -0.045704 -0.015219 -0.177254
v -0.045719 -0.015281 -0.177209
v -0.045741 -0.015320 -0.177144
v -0.046055 -0.015223 -0.177327
v -0.046328 -0.015219 -0.177291
v -0.046610 -0.015207 -0.177134
v -0.046806 -0.015192 -0.176916
v -0.047084 -0.015154 -0.176387
v -0.046056 -0.015285 -0.177279
v -0.046315 -0.015282 -0.177246
v -0.046582 -0.015271 -0.177097
v -0.046771 -0.015256 -0.176887
v -0.047045 -0.015219 -0.176365
v -0.046059 -0.015324 -0.177211
v -0.046296 -0.015322 -0.177180
v -0.046540 -0.015312 -0.177043
v -0.046718 -0.015298 -0.176846
v -0.046985 -0.015261 -0.176335
v -0.045766 -0.015330 -0.177071
v -0.046062 -0.015334 -0.177133
v -0.046273 -0.015332 -0.177106
v -0.046490 -0.015324 -0.176983
v -0.046654 -0.015310 -0.176800
v -0.046914 -0.015275 -0.176303
v -0.048790 -0.014856 -0.172229
v -0.048617 -0.014977 -0.172154
v -0.048689 -0.014964 -0.172183
v -0.048750 -0.014921 -0.172209
v -0.045382 -0.015179 -0.174973
v -0.044019 -0.015184 -0.175033
v -0.049100 -0.014681 -0.168013
v -0.048940 -0.014746 -0.168922
v -0.048177 -0.014900 -0.171072
v -0.047358 -0.015052 -0.173200
v -0.046578 -0.015132 -0.174316
v -0.049635 -0.013089 -0.145807
v -0.048064 -0.013804 -0.155783
v -0.049562 -0.012371 -0.135790
v -0.049060 -0.012077 -0.131693
v -0.048974 -0.014615 -0.167099
v -0.048408 -0.014485 -0.165290
v -0.047615 -0.014278 -0.162397
v -0.047390 -0.014104 -0.159972
v -0.047683 -0.013922 -0.157425
v 0.046942 -0.007035 -0.061355
v 0.046896 -0.007069 -0.061831
v 0.046145 -0.007031 -0.061293
v 0.046809 -0.007103 -0.062301
v 0.045971 -0.007103 -0.062306
v -0.043105 -0.015160 -0.174702
v -0.039436 -0.015013 -0.172652
v -0.036165 -0.015072 -0.173467
v -0.036956 -0.015007 -0.172563
v -0.037810 -0.014982 -0.172225
v -0.038733 -0.014990 -0.172323
v 0.043960 -0.007264 -0.064552
v 0.044716 -0.007207 -0.063751
v 0.045157 -0.007177 -0.063339
v -0.002552 -0.016666 -0.195710
v 0.042141 -0.007935 -0.073902
v 0.043027 -0.007700 -0.070635
v 0.043284 -0.007544 -0.068449
v 0.043292 -0.007568 -0.068792
v 0.043362 -0.007352 -0.065779
v 0.043248 -0.007459 -0.067274
v -0.010664 -0.016547 -0.194047
v -0.018057 -0.016323 -0.190925
v -0.021468 -0.016175 -0.188864
v -0.027861 -0.015804 -0.183688
v -0.033472 -0.015348 -0.177331
v 0.005958 -0.016670 -0.195763
v 0.011690 -0.016606 -0.194870
v 0.019922 -0.016414 -0.192200
v 0.027481 -0.016115 -0.188029
v 0.034097 -0.015720 -0.182518
v 0.037465 -0.015448 -0.178718
v 0.045320 -0.014366 -0.163625
v 0.037467 -0.008525 -0.082135
v 0.031959 -0.009293 -0.092858
v 0.031202 -0.009407 -0.094436
v 0.029263 -0.009736 -0.099036
v 0.042116 -0.014933 -0.171529
v 0.046979 -0.013767 -0.155273
v 0.028333 -0.009965 -0.102234
v 0.027916 -0.010171 -0.105096
v 0.027989 -0.010377 -0.107981
v 0.028631 -0.010579 -0.110799
v 0.029838 -0.010770 -0.113461
v 0.031624 -0.010957 -0.116072
v 0.035825 -0.011294 -0.120775
v 0.038912 -0.011573 -0.124660
v 0.041556 -0.011874 -0.128863
v 0.043719 -0.012194 -0.133324
v 0.045370 -0.012527 -0.137970
v 0.046512 -0.012873 -0.142800
v 0.047035 -0.013153 -0.146705
v 0.046454 -0.004528 -0.026372
v 0.047515 -0.004977 -0.032634
v 0.046852 -0.005404 -0.038604
v 0.047655 -0.005826 -0.044489
v 0.046749 -0.006231 -0.050130
v 0.047528 -0.006269 -0.050660
v 0.043943 -0.002659 -0.000311
v 0.044748 -0.002659 -0.000311
v 0.043963 -0.002670 -0.000450
v 0.045182 -0.002889 -0.003515
v 0.044793 -0.003129 -0.006856
v 0.045584 -0.003122 -0.006762
v 0.045531 -0.003628 -0.013817
v 0.046483 -0.003748 -0.015499
v 0.047312 -0.004617 -0.027614
v 0.044950 -0.002458 -0.000325
v 0.045380 -0.002686 -0.003504
v 0.045366 -0.002763 -0.003500
v 0.044939 -0.002523 -0.000320
v 0.045323 -0.002829 -0.003501
v 0.044908 -0.002582 -0.000316
v 0.044858 -0.002627 -0.000313
v 0.045258 -0.002873 -0.003506
v 0.044826 -0.002644 -0.000312
v 0.044796 -0.002654 -0.000311
v 0.045661 -0.003106 -0.006754
v 0.045725 -0.003062 -0.006750
v 0.045768 -0.002996 -0.006750
v 0.045783 -0.002918 -0.006753
v 0.046683 -0.003545 -0.015496
v 0.046668 -0.003622 -0.015491
v 0.046625 -0.003688 -0.015491
v 0.046560 -0.003732 -0.015493
v 0.047512 -0.004413 -0.027619
v 0.047498 -0.004491 -0.027614
v 0.047715 -0.004773 -0.032642
v 0.047701 -0.004850 -0.032637
v 0.047796 -0.004989 -0.035661
v 0.047841 -0.005701 -0.044500
v 0.047855 -0.005623 -0.044505
v 0.047727 -0.006066 -0.050681
v 0.047713 -0.006144 -0.050675
v 0.047141 -0.006836 -0.061385
v 0.047126 -0.006912 -0.061379
v 0.047455 -0.004557 -0.027612
v 0.047658 -0.004916 -0.032634
v 0.047798 -0.005767 -0.044494
v 0.047670 -0.006209 -0.050669
v 0.047083 -0.006977 -0.061370
v 0.047390 -0.004601 -0.027612
v 0.047592 -0.004961 -0.032633
v 0.047732 -0.005811 -0.044491
v 0.047605 -0.006253 -0.050664
v 0.047018 -0.007020 -0.061362
v 0.047095 -0.006871 -0.061870
v 0.047080 -0.006947 -0.061863
v 0.046972 -0.007055 -0.061842
v 0.047037 -0.007012 -0.061853
v 0.046883 -0.007089 -0.062321
v 0.046946 -0.007047 -0.062341
v 0.046988 -0.006983 -0.062356
v 0.047003 -0.006906 -0.062365
v 0.047252 0.002823 -0.044999
v 0.047642 -0.001703 -0.047749
v 0.045532 0.011577 -0.039513
v 0.043843 0.015985 -0.027355
v 0.040080 0.023536 -0.023968
v 0.037563 0.026999 -0.022272
v 0.042140 0.019856 -0.025659
v 0.047091 0.003510 -0.032446
v 0.046430 0.004214 -0.019828
v 0.046547 0.007264 -0.042245
v 0.045230 0.011950 -0.029058
v 0.044599 0.012369 -0.018509
v 0.042785 0.015297 -0.008021
v 0.043594 0.012825 -0.007853
v 0.036354 0.027200 -0.008804
v 0.039007 0.023281 -0.008551
v 0.040628 0.020337 -0.008358
v 0.040995 0.019588 -0.008308
v 0.045255 0.004921 -0.007305
v 0.045084 0.006121 -0.007389
v 0.044899 0.007253 -0.007468
v 0.043118 0.011961 -0.001359
v 0.039617 0.021007 -0.002007
v 0.037280 0.024987 -0.002292
v 0.034533 0.028700 -0.002559
v 0.033054 0.031068 -0.009051
v 0.022576 0.038820 -0.003284
v 0.020227 0.040399 -0.009647
v 0.023292 0.038396 -0.003254
v 0.026207 0.036906 -0.009422
v 0.027150 0.035779 -0.003066
v 0.031666 0.032455 -0.009139
v 0.030706 0.032779 -0.002851
v 0.033941 0.029404 -0.002609
v 0.018374 0.040968 -0.003438
v 0.014002 0.042653 -0.003559
v 0.013627 0.042994 -0.009818
v 0.006705 0.044546 -0.009924
v 0.009473 0.043877 -0.003646
v 0.008660 0.044044 -0.003658
v 0.003998 0.044707 -0.003706
v -0.000372 0.044887 -0.003719
v -0.000376 0.045032 -0.009959
v 0.041539 0.016766 -0.001703
v 0.044728 0.002510 -0.000681
v 0.044131 0.007315 -0.001026
v 0.026788 0.036923 -0.022896
v 0.027078 0.036502 -0.036373
v 0.032508 0.032397 -0.022614
v 0.032897 0.032212 -0.036106
v 0.031934 0.032746 -0.044551
v 0.030799 0.033391 -0.047061
v 0.032619 0.032332 -0.041845
v 0.024986 0.037134 -0.045105
v 0.026055 0.036704 -0.043116
v 0.026748 0.036453 -0.040942
v 0.018637 0.039383 -0.051310
v 0.021130 0.038066 -0.053545
v 0.020679 0.038734 -0.049764
v 0.022742 0.037125 -0.054987
v 0.021191 0.038561 -0.049331
v 0.027422 0.035112 -0.051322
v 0.029294 0.034188 -0.049288
v 0.023255 0.037814 -0.047326
v 0.021120 0.039722 -0.036130
v 0.000992 0.041496 -0.066595
v 0.007885 0.041874 -0.055658
v 0.000266 0.044341 -0.036552
v 0.000621 0.043207 -0.051012
v 0.000812 0.042399 -0.058901
v 0.007589 0.043418 -0.040404
v 0.007195 0.044331 -0.025161
v -0.000062 0.044939 -0.023135
v 0.020796 0.040309 -0.022881
v 0.014694 0.040598 -0.052492
v 0.014173 0.042821 -0.024030
v 0.014533 0.042024 -0.038253
v -0.012381 0.041103 -0.064575
v -0.016828 0.039936 -0.066026
v -0.012702 0.042442 -0.046304
v -0.016901 0.041294 -0.046355
v -0.012928 0.043200 -0.028066
v -0.016962 0.041907 -0.030572
v -0.017011 0.042005 -0.017268
v -0.012973 0.043222 -0.009832
v -0.017034 0.041844 -0.009734
v -0.003452 0.042343 -0.060579
v -0.003876 0.043808 -0.043690
v -0.004258 0.044677 -0.026815
v -0.004557 0.044818 -0.009945
v -0.008802 0.044214 -0.009903
v -0.008631 0.044130 -0.027450
v -0.008303 0.043315 -0.045003
v -0.007893 0.041914 -0.062575
v -0.036578 0.024159 -0.094629
v -0.038509 0.021206 -0.090133
v -0.037210 0.023177 -0.097471
v -0.039189 0.019739 -0.096070
v -0.037431 0.022844 -0.098297
v -0.040461 0.017522 -0.101664
v -0.041133 0.015513 -0.098764
v -0.041978 0.014143 -0.103467
v -0.040557 0.016488 -0.093980
v -0.040392 0.016821 -0.091479
v -0.040329 0.017023 -0.089341
v -0.040435 0.017303 -0.083985
v -0.039054 0.020770 -0.083979
v -0.026052 0.034503 -0.085088
v -0.028696 0.032458 -0.089285
v -0.022341 0.036262 -0.085311
v -0.024854 0.034693 -0.089646
v -0.021612 0.036547 -0.085352
v -0.018244 0.037646 -0.085525
v -0.031168 0.030214 -0.093652
v -0.033996 0.027497 -0.093117
v -0.028706 0.034607 -0.002982
v -0.031342 0.033496 -0.022440
v -0.027567 0.036482 -0.022648
v -0.034548 0.030462 -0.025855
v -0.035221 0.029692 -0.040476
v -0.032681 0.032185 -0.044285
v -0.032395 0.031201 -0.002738
v -0.033667 0.030910 -0.014134
v -0.034315 0.030616 -0.022246
v -0.019204 0.041142 -0.022996
v -0.009697 0.043845 -0.003644
v -0.011139 0.043504 -0.003620
v -0.015650 0.042105 -0.003519
v -0.017856 0.041225 -0.003456
v -0.019955 0.040259 -0.003387
v -0.023512 0.039034 -0.022834
v -0.024042 0.037975 -0.003223
v -0.024930 0.037402 -0.003182
v -0.005069 0.044607 -0.003699
v -0.020696 0.038587 -0.066726
v -0.025266 0.036486 -0.066477
v -0.029512 0.033774 -0.066202
v -0.035793 0.026411 -0.081004
v -0.035540 0.028859 -0.052987
v -0.033398 0.030406 -0.065902
v -0.020141 0.040178 -0.044984
v -0.024617 0.038037 -0.044775
v -0.028805 0.035377 -0.044541
v -0.037629 0.026085 -0.054928
v -0.039450 0.023268 -0.054775
v -0.043209 0.016984 -0.025170
v -0.043192 0.017056 -0.030776
v -0.039413 0.024224 -0.025503
v -0.043008 0.017470 -0.032036
v -0.042897 0.017704 -0.033091
v -0.042709 0.018008 -0.036322
v -0.039629 0.023824 -0.040141
v -0.042651 0.018033 -0.038214
v -0.041910 0.017976 -0.055445
v -0.040647 0.017469 -0.079167
v -0.040459 0.019679 -0.001912
v -0.041926 0.016363 -0.001674
v -0.042862 0.016736 -0.013360
v -0.043106 0.016878 -0.019271
v -0.042903 0.017325 -0.018992
v -0.042692 0.017785 -0.018772
v -0.042570 0.018047 -0.018666
v -0.041883 0.019464 -0.018276
v -0.041217 0.020752 -0.018117
v -0.038840 0.024373 -0.013752
v -0.041128 0.020918 -0.018108
v -0.039932 0.023026 -0.018247
v -0.038157 0.023837 -0.002210
v -0.037799 0.024400 -0.002250
v -0.035471 0.027671 -0.002485
v -0.039805 0.023561 -0.024165
v -0.040423 0.022537 -0.024172
v -0.041313 0.020936 -0.023946
v -0.042368 0.018800 -0.023251
v -0.042554 0.018390 -0.023060
v -0.042655 0.018163 -0.022944
v -0.043172 0.016933 -0.022130
v -0.038353 0.025522 -0.019279
v -0.037941 0.026133 -0.019853
v -0.039611 0.023558 -0.018366
v -0.039122 0.024340 -0.018623
v -0.038625 0.025111 -0.019002
v -0.037621 0.026609 -0.020611
v -0.037588 0.026660 -0.020737
v -0.037513 0.026781 -0.021187
v -0.037519 0.026802 -0.021808
v -0.037619 0.026689 -0.022302
v -0.037649 0.026653 -0.022397
v -0.037932 0.026292 -0.022990
v -0.038392 0.025672 -0.023530
v -0.039283 0.024376 -0.024046
v -0.041335 0.011585 -0.023269
v -0.037618 0.011732 -0.021228
v -0.043495 0.016050 -0.020872
v -0.043413 0.011740 -0.021111
v -0.043492 0.016026 -0.020484
v -0.043381 0.011851 -0.019563
v -0.043441 0.016125 -0.020114
v -0.043251 0.016731 -0.021948
v -0.042664 0.011643 -0.022468
v -0.043410 0.016306 -0.021449
v -0.043438 0.016229 -0.021324
v -0.042578 0.011946 -0.018237
v -0.043304 0.016429 -0.019659
v -0.043379 0.016262 -0.019869
v -0.041218 0.012000 -0.017490
v -0.039665 0.011997 -0.017521
v -0.038336 0.011940 -0.018323
v -0.037587 0.011843 -0.019679
v -0.038422 0.011637 -0.022553
v -0.039782 0.011583 -0.023301
v -0.046907 -0.004455 -0.025356
v -0.046935 -0.005203 -0.035795
v -0.047012 -0.005188 -0.035798
v -0.046974 -0.004444 -0.025358
v -0.047077 -0.005144 -0.035802
v -0.047032 -0.004411 -0.025361
v -0.047120 -0.005078 -0.035808
v -0.047135 -0.005001 -0.035813
v -0.047107 -0.004253 -0.025372
v -0.047103 -0.004299 -0.025369
v -0.047093 -0.004330 -0.025367
v -0.047077 -0.004361 -0.025364
v -0.046536 -0.005980 -0.046638
v -0.046613 -0.005965 -0.046644
v -0.046678 -0.005921 -0.046650
v -0.046721 -0.005856 -0.046657
v -0.046736 -0.005779 -0.046664
v -0.043586 0.014083 -0.049640
v -0.043733 0.014893 -0.041668
v -0.045532 0.008352 -0.041606
v -0.045388 0.010464 -0.027356
v -0.045623 0.009489 -0.027045
v -0.046259 0.006247 -0.026418
v -0.046580 0.001472 -0.041547
v -0.044104 0.014676 -0.030584
v -0.044566 0.013333 -0.029006
v -0.045070 0.011659 -0.027875
v -0.043749 0.015587 -0.032604
v -0.043707 0.015647 -0.033761
v -0.043652 0.015808 -0.033453
v -0.043547 0.016019 -0.034711
v -0.043391 0.016176 -0.038327
v -0.042474 0.011483 -0.072733
v -0.041553 0.015752 -0.072017
v -0.042049 0.015944 -0.064031
v -0.041597 0.009955 -0.085193
v -0.040865 0.015348 -0.084238
v -0.043445 0.005245 -0.073670
v -0.042312 0.003610 -0.085886
v -0.043004 -0.008593 -0.085921
v -0.042967 -0.006815 -0.086021
v -0.043863 -0.008067 -0.078585
v -0.042765 -0.002274 -0.086115
v -0.045744 -0.006762 -0.060386
v -0.045566 0.000088 -0.058298
v -0.045904 -0.006630 -0.058540
v -0.046912 0.000533 -0.025750
v -0.046308 0.005937 -0.026375
v -0.044711 0.006823 -0.057939
v -0.043302 0.013231 -0.057559
v -0.043096 0.016172 -0.045644
v -0.043665 -0.008268 -0.078548
v -0.042806 -0.008793 -0.085883
v -0.043741 -0.008253 -0.078558
v -0.042882 -0.008779 -0.085893
v -0.043806 -0.008209 -0.078569
v -0.042947 -0.008735 -0.085904
v -0.043849 -0.008144 -0.078578
v -0.042990 -0.008670 -0.085914
v -0.045545 -0.006963 -0.060354
v -0.045622 -0.006948 -0.060362
v -0.045687 -0.006905 -0.060371
v -0.045730 -0.006839 -0.060379
v -0.042303 -0.009153 -0.090894
v -0.041714 -0.008977 -0.088446
v -0.041490 -0.009586 -0.096937
v -0.046158 -0.005114 -0.034549
v -0.045907 -0.005734 -0.043197
v -0.044669 -0.007025 -0.061216
v -0.042015 -0.008787 -0.085790
v -0.048808 -0.011940 -0.129783
v -0.049588 -0.011928 -0.129615
v -0.048221 -0.011783 -0.127587
v -0.046608 -0.011122 -0.118362
v -0.044424 -0.010730 -0.112900
v -0.043648 -0.010227 -0.105877
v -0.042869 -0.010238 -0.106041
v -0.042729 -0.009872 -0.100932
v -0.042233 -0.009513 -0.095925
v -0.046112 -0.004457 -0.025386
v -0.046110 -0.004454 -0.025342
v -0.044500 -0.007157 -0.063056
v -0.043922 -0.007576 -0.068905
v -0.043345 -0.007962 -0.074278
v -0.047840 0.004206 -0.125138
v -0.045124 0.007992 -0.115186
v -0.046244 -0.001773 -0.117492
v -0.042733 0.011528 -0.105114
v -0.043312 0.004089 -0.105876
v -0.049365 -0.001817 -0.129601
v -0.049125 0.000623 -0.129232
v -0.048435 0.003221 -0.127208
v -0.048840 0.002069 -0.128486
v -0.049657 -0.006891 -0.129761
v -0.046802 -0.010917 -0.118327
v -0.049784 -0.011724 -0.129587
v -0.043844 -0.010022 -0.105850
v -0.043690 -0.003379 -0.106103
v -0.043507 0.000743 -0.106044
v -0.046788 -0.010994 -0.118325
v -0.049773 -0.011790 -0.129585
v -0.046746 -0.011060 -0.118331
v -0.049742 -0.011849 -0.129587
v -0.049694 -0.011895 -0.129595
v -0.046683 -0.011105 -0.118344
v -0.049663 -0.011912 -0.129600
v -0.049633 -0.011922 -0.129606
v -0.043724 -0.010210 -0.105862
v -0.043787 -0.010165 -0.105852
v -0.043830 -0.010099 -0.105848
v -0.042502 -0.008952 -0.090922
v -0.042805 -0.009856 -0.100922
v -0.042869 -0.009812 -0.100915
v -0.042912 -0.009746 -0.100913
v -0.042310 -0.009498 -0.095923
v -0.042375 -0.009454 -0.095923
v -0.042418 -0.009388 -0.095926
v -0.042379 -0.009138 -0.090900
v -0.042445 -0.009094 -0.090908
v -0.042488 -0.009029 -0.090915
v -0.042433 -0.009311 -0.095931
v -0.042927 -0.009669 -0.100917
v -0.041272 0.009522 -0.090505
v -0.041871 0.003317 -0.091019
v -0.041947 0.002564 -0.096110
v -0.040760 0.014907 -0.091124
v -0.041378 0.013762 -0.097705
v -0.042558 0.001704 -0.101113
v -0.042276 -0.003455 -0.096175
v -0.042300 -0.002894 -0.091155
v -0.048388 -0.001829 -0.129811
v -0.048678 -0.006882 -0.129972
v -0.048631 -0.001822 -0.131732
v -0.049060 -0.012211 -0.131678
v -0.049060 -0.012225 -0.131682
v -0.048808 -0.011963 -0.129781
v -0.049053 -0.012223 -0.131628
v -0.048811 -0.012091 -0.129781
v -0.047839 0.003687 -0.129923
v -0.047784 0.002348 -0.128460
v -0.047861 0.002071 -0.128691
v -0.048235 0.001854 -0.131086
v -0.048147 0.000618 -0.129441
v -0.048341 0.001128 -0.131332
v -0.048572 -0.001069 -0.131680
v -0.049348 0.001013 -0.131208
v -0.049345 0.001041 -0.131201
v -0.049125 0.002444 -0.130664
v -0.049723 -0.011818 -0.129593
v -0.046859 0.004217 -0.125332
v -0.047337 0.003468 -0.127006
v -0.046613 0.005966 -0.126099
v -0.047275 0.004883 -0.128429
v -0.044143 0.008003 -0.115379
v -0.043922 0.009809 -0.116037
v -0.041752 0.011539 -0.105307
v -0.041453 0.013381 -0.105820
v -0.039734 0.015092 -0.089437
v -0.039883 0.015361 -0.084424
v -0.040713 0.013244 -0.099916
v -0.040391 0.013770 -0.097896
v -0.039965 0.014494 -0.094357
v -0.042413 0.016188 -0.038327
v -0.041253 0.016015 -0.061207
v -0.045914 0.000519 -0.025731
v -0.046110 -0.004495 -0.025339
v -0.045308 0.005939 -0.026358
v -0.042673 0.015842 -0.033553
v -0.042960 0.015167 -0.031467
v -0.043364 0.014048 -0.029711
v -0.043661 0.013124 -0.028810
v -0.043853 0.012488 -0.028342
v -0.044376 0.010547 -0.027369
v -0.040083 0.015583 -0.098501
v -0.039588 0.016423 -0.094320
v -0.039410 0.016782 -0.091660
v -0.039345 0.017002 -0.089291
v -0.039453 0.017264 -0.084168
v -0.040635 0.017864 -0.061066
v -0.041674 0.017992 -0.038214
v -0.046081 -0.004461 -0.024349
v -0.045840 0.000964 -0.023800
v -0.046053 -0.004424 -0.023376
v -0.046054 -0.004433 -0.023392
v -0.045233 0.006243 -0.024417
v -0.041758 0.017942 -0.035680
v -0.041971 0.017591 -0.032709
v -0.042327 0.016822 -0.030308
v -0.042620 0.016105 -0.029027
v -0.042834 0.015545 -0.028289
v -0.043448 0.013764 -0.026713
v -0.044101 0.011542 -0.025592
v -0.046233 0.006245 -0.024400
v -0.045532 0.009810 -0.025040
v -0.044905 0.012204 -0.025842
v -0.044393 0.013858 -0.026753
v -0.043331 0.016728 -0.030071
v -0.043572 0.016134 -0.029016
v -0.043790 0.015566 -0.028274
v -0.044327 0.014056 -0.026892
v -0.046728 0.002295 -0.023918
v -0.046957 -0.004281 -0.023369
v -0.046926 -0.004297 -0.023368
v -0.046988 -0.004203 -0.023373
v -0.047049 -0.004110 -0.023378
v -0.047039 -0.004176 -0.023374
v -0.047007 -0.004235 -0.023371
v -0.046896 -0.004307 -0.023368
v -0.046849 -0.004312 -0.023369
v -0.046053 -0.004313 -0.023383
v -0.044748 -0.002659 -0.000311
v -0.043939 -0.002659 -0.000311
v -0.043964 -0.002670 -0.000456
v -0.045343 -0.003489 -0.011889
v -0.046296 -0.003617 -0.013670
v -0.046137 -0.003485 -0.011826
v -0.044996 -0.002783 -0.002031
v -0.046495 -0.003414 -0.013668
v -0.046480 -0.003491 -0.013664
v -0.045073 -0.002767 -0.002021
v -0.044815 -0.002648 -0.000311
v -0.045137 -0.002722 -0.002016
v -0.044875 -0.002615 -0.000314
v -0.045180 -0.002656 -0.002014
v -0.045194 -0.002579 -0.002018
v -0.044950 -0.002458 -0.000325
v -0.044945 -0.002502 -0.000322
v -0.044935 -0.002535 -0.000320
v -0.044920 -0.002564 -0.000317
v -0.046437 -0.003557 -0.013662
v -0.046372 -0.003601 -0.013665
v -0.046336 -0.003282 -0.011823
v -0.046321 -0.003359 -0.011818
v -0.046278 -0.003425 -0.011818
v -0.046213 -0.003469 -0.011820
v -0.046294 0.002130 -0.014345
v -0.043414 0.011740 -0.001343
v -0.044244 0.013226 -0.015053
v -0.044854 0.001549 -0.000612
v -0.045585 0.007759 -0.014694
v -0.044375 0.006902 -0.000996
vn 0.9674 -0.2128 -0.1371
vn 0.9818 -0.0992 -0.1618
vn 0.8830 -0.1923 -0.4282
vn 0.8534 -0.2737 -0.4436
vn 0.9368 -0.3123 -0.1577
vn 0.9868 -0.1318 -0.0936
vn 0.9848 -0.1702 -0.0358
vn 0.9507 -0.3089 -0.0277
vn 0.9738 -0.2260 -0.0263
vn 0.9814 -0.1916 0.0110
vn 0.9949 -0.0842 -0.0558
vn 0.9893 0.0558 -0.1346
vn 0.9981 0.0499 -0.0359
vn 0.9928 -0.1192 -0.0129
vn 0.8995 0.0416 -0.4349
vn 0.8395 0.3343 -0.4284
vn 0.9224 0.3561 -0.1496
vn 0.7123 0.6867 -0.1452
vn 0.6538 0.6640 -0.3630
vn 0.9291 0.3657 -0.0556
vn 0.5221 0.6637 -0.5356
vn 0.3693 0.8971 -0.2425
vn 0.2869 0.8985 -0.3321
vn 0.6775 0.3294 -0.6576
vn 0.7295 0.0322 -0.6832
vn 0.8932 -0.1101 -0.4359
vn 0.7254 -0.0984 -0.6813
vn 0.7167 -0.1567 -0.6796
vn 0.6880 -0.2057 -0.6959
vn 0.6664 -0.2533 -0.7012
vn 0.0754 0.9871 -0.1409
vn 0.0670 0.9875 -0.1426
vn 0.1024 0.9875 -0.1202
vn -0.0000 0.9974 -0.0715
vn 0.1034 0.9910 -0.0851
vn 0.1006 0.9921 -0.0743
vn 0.3894 0.9177 -0.0781
vn 0.3920 0.9123 -0.1185
vn 0.7148 0.6956 -0.0725
vn 0.7153 0.6977 -0.0397
vn 0.9297 0.3682 -0.0130
vn 0.9269 0.3743 0.0272
vn 0.9973 0.0547 0.0496
vn 0.9992 0.0409 0.0041
vn 0.9932 -0.1113 0.0348
vn 0.9901 -0.1136 0.0829
vn 0.9709 -0.2213 0.0918
vn 0.9748 -0.2156 0.0572
vn 0.9698 -0.2084 0.1268
vn 0.9370 -0.3408 0.0770
vn 0.9461 -0.2963 0.1307
vn 0.9268 -0.3592 0.1095
vn 0.9854 -0.1152 0.1252
vn 0.9672 -0.2130 0.1385
vn 0.9557 -0.2559 0.1455
vn 0.9313 -0.3291 0.1557
vn 0.9201 -0.3665 0.1384
vn 0.8932 -0.4198 0.1613
vn 0.8754 -0.4619 0.1426
vn 0.8551 -0.4928 0.1613
vn 0.8953 -0.4240 0.1367
vn 0.8460 -0.5121 0.1486
vn 0.8639 -0.4868 0.1294
vn 0.8298 -0.5431 0.1286
vn 0.8062 -0.5724 0.1500
vn 0.8053 -0.5713 0.1584
vn 0.8287 -0.5383 0.1534
vn 0.7469 -0.6518 0.1318
vn 0.7466 -0.6506 0.1391
vn 0.8569 -0.5050 0.1033
vn 0.8815 -0.4631 0.0916
vn 0.8679 -0.4850 0.1073
vn 0.7587 -0.6361 0.1406
vn 0.7780 -0.6092 0.1535
vn 0.6510 -0.7492 0.1221
vn 0.6244 -0.7716 0.1217
vn 0.7104 -0.6871 0.1525
vn 0.7535 -0.6385 0.1567
vn 0.5177 -0.8505 0.0932
vn 0.6101 -0.7843 0.1120
vn 0.5860 -0.8032 0.1070
vn 0.5092 -0.8572 0.0770
vn 0.4025 -0.9117 0.0830
vn 0.4871 -0.8708 0.0665
vn 0.5442 -0.8319 0.1089
vn 0.4237 -0.9039 0.0582
vn 0.3879 -0.9203 0.0505
vn 0.4584 -0.8864 0.0652
vn 0.2890 -0.9550 0.0669
vn 0.4219 -0.9003 0.1070
vn 0.6694 -0.7344 0.1118
vn 0.5805 -0.7993 0.1556
vn 0.5533 -0.8187 0.1533
vn 0.5348 -0.8272 0.1723
vn 0.6202 -0.7695 0.1522
vn 0.5260 -0.8368 0.1520
vn 0.4763 -0.8663 0.1506
vn 0.4123 -0.8988 0.1490
vn 0.4480 -0.8774 0.1715
vn 0.3837 -0.9079 0.1687
vn 0.3621 -0.9205 0.1466
vn 0.3447 -0.9244 0.1633
vn 0.2984 -0.9402 0.1642
vn 0.2995 -0.9427 0.1468
vn 0.2325 -0.9586 0.1642
vn 0.2292 -0.9626 0.1445
vn 0.1801 -0.9696 0.1655
vn 0.1593 -0.9822 0.1000
vn 0.2937 -0.9505 0.1012
vn 0.1870 -0.9718 0.1440
vn 0.1509 -0.9779 0.1447
vn 0.0926 -0.9858 0.1403
vn 0.1045 -0.9807 0.1650
vn 0.0380 -0.9892 0.1414
vn 0.0448 -0.9937 0.1028
vn -0.0142 -0.9893 0.1452
vn 0.0265 -0.9859 0.1652
vn -0.0406 -0.9868 0.1565
vn 0.0277 -0.9850 0.1705
vn -0.0988 -0.9823 0.1589
vn -0.0826 -0.9853 0.1495
vn -0.1576 -0.9738 0.1640
vn -0.0541 -0.9928 0.1069
vn -0.1443 -0.9833 0.1113
vn -0.1814 -0.9722 0.1478
vn -0.2392 -0.9640 0.1161
vn -0.1945 -0.9776 0.0807
vn -0.1012 -0.9921 0.0742
vn -0.1635 -0.9854 0.0480
vn -0.0130 -0.9977 0.0672
vn -0.0604 -0.9972 0.0434
vn 0.0307 -0.9987 0.0416
vn -0.0042 -0.9965 -0.0837
vn 0.0676 -0.9935 -0.0913
vn 0.1172 -0.9694 -0.2155
vn 0.2413 -0.9395 -0.2432
vn 0.1163 -0.9872 -0.1094
vn 0.1473 -0.9840 -0.1007
vn 0.1821 -0.9786 -0.0957
vn 0.3040 -0.9241 -0.2317
vn 0.2458 -0.9654 -0.0869
vn 0.1024 -0.9939 0.0413
vn 0.1908 -0.9808 0.0406
vn 0.2953 -0.9532 -0.0652
vn 0.3264 -0.9437 -0.0534
vn 0.3515 -0.9155 -0.1958
vn 0.4400 -0.8839 -0.1586
vn 0.3310 -0.9011 -0.2803
vn 0.3880 -0.8680 -0.3098
vn 0.4225 -0.8743 -0.2389
vn 0.3812 -0.8342 -0.3985
vn 0.3512 -0.8344 -0.4247
vn 0.2676 -0.9255 -0.2681
vn 0.2991 -0.9025 -0.3099
vn 0.4236 -0.6677 -0.6121
vn 0.2854 -0.8868 -0.3634
vn 0.2480 -0.8982 -0.3629
vn 0.4179 -0.6809 -0.6015
vn 0.4483 -0.6746 -0.5864
vn 0.4678 -0.4688 -0.7493
vn 0.4982 -0.3863 -0.7763
vn 0.4936 -0.3409 -0.8001
vn 0.4821 -0.4660 -0.7419
vn 0.5013 -0.4617 -0.7318
vn 0.4879 -0.3504 -0.7995
vn 0.4862 -0.3448 -0.8029
vn 0.4900 -0.6617 -0.5674
vn 0.5404 -0.6731 -0.5048
vn 0.4550 -0.8111 -0.3676
vn 0.5033 -0.8258 -0.2543
vn 0.5401 -0.8307 -0.1346
vn 0.5757 -0.7846 -0.2301
vn 0.6060 -0.7861 -0.1218
vn 0.6545 -0.7259 -0.2115
vn 0.4397 -0.8977 -0.0269
vn 0.4761 -0.8793 -0.0102
vn 0.3635 -0.9303 0.0490
vn 0.5216 -0.8530 -0.0189
vn 0.3653 -0.9297 0.0479
vn 0.3781 -0.9249 -0.0399
vn 0.3144 -0.9481 0.0475
vn 0.4496 -0.8901 0.0753
vn 0.5862 -0.8101 -0.0058
vn 0.6740 -0.7311 -0.1060
vn 0.7320 -0.6514 -0.1996
vn 0.7333 -0.6726 -0.0994
vn 0.7926 -0.5773 -0.1963
vn 0.7955 -0.6004 -0.0819
vn 0.7509 -0.6582 -0.0535
vn 0.6779 -0.7328 0.0578
vn 0.6511 -0.7587 0.0212
vn 0.8110 -0.5849 -0.0124
vn 0.5280 -0.8430 0.1033
vn 0.7068 -0.7023 0.0850
vn 0.4948 -0.8642 0.0907
vn 0.5550 -0.8252 0.1047
vn 0.7377 -0.6656 0.1127
vn 0.8719 -0.4861 0.0588
vn 0.8479 -0.5293 0.0295
vn 0.8872 -0.4610 -0.0182
vn 0.9188 -0.3944 0.0153
vn 0.9670 -0.2549 0.0013
vn 0.9410 -0.3377 0.0221
vn 0.9372 -0.3439 0.0581
vn 0.9068 -0.4215 0.0054
vn 0.9030 -0.4230 0.0746
vn 0.8983 -0.4300 0.0907
vn 0.9588 -0.2827 0.0278
vn 0.9186 -0.3921 -0.0492
vn 0.8437 -0.5340 -0.0544
vn 0.8742 -0.4790 -0.0796
vn 0.8965 -0.4044 -0.1811
vn 0.8478 -0.4932 -0.1947
vn 0.8233 -0.5583 -0.1023
vn 0.7809 -0.4084 -0.4727
vn 0.7420 -0.4663 -0.4817
vn 0.6982 -0.5218 -0.4902
vn 0.5885 -0.3398 -0.7336
vn 0.6135 -0.3165 -0.7235
vn 0.6388 -0.2899 -0.7126
vn 0.4337 -0.0860 -0.8970
vn 0.3688 -0.2321 -0.9000
vn 0.3683 -0.2015 -0.9076
vn 0.1259 -0.3062 -0.9436
vn 0.4686 -0.0934 -0.8785
vn -0.1322 -0.5201 -0.8438
vn 0.0204 -0.2762 -0.9609
vn 0.0084 -0.5128 -0.8585
vn -0.1756 -0.6399 -0.7481
vn -0.3290 -0.6830 -0.6522
vn -0.3194 -0.5839 -0.7464
vn -0.3025 -0.7793 -0.5487
vn -0.3924 -0.8542 -0.3411
vn -0.2455 -0.7328 -0.6346
vn -0.4146 -0.8206 -0.3934
vn -0.4241 -0.8215 -0.3812
vn -0.0897 -0.6886 -0.7196
vn 0.0239 -0.5631 -0.8260
vn -0.2551 -0.7850 -0.5646
vn -0.2588 -0.7749 -0.5767
vn -0.3973 -0.8254 -0.4010
vn -0.4867 -0.8274 -0.2804
vn -0.4709 -0.8543 -0.2199
vn -0.6083 -0.7676 -0.2019
vn -0.4879 -0.8590 -0.1554
vn -0.5272 -0.8144 -0.2425
vn -0.3132 -0.9430 -0.1130
vn -0.2952 -0.9524 -0.0763
vn -0.1974 -0.9803 -0.0074
vn -0.2756 -0.9605 -0.0387
vn -0.2176 -0.9752 -0.0393
vn -0.2383 -0.9693 -0.0607
vn -0.2668 -0.9473 -0.1772
vn -0.1681 -0.9855 0.0231
vn -0.2969 -0.9544 -0.0310
vn -0.0536 -0.9972 0.0530
vn -0.3178 -0.9480 -0.0161
vn -0.5079 -0.8509 -0.1341
vn -0.5407 -0.8349 -0.1025
vn -0.6150 -0.7806 -0.1116
vn -0.6295 -0.7703 -0.1015
vn -0.5858 -0.7994 -0.1334
vn -0.5720 -0.8163 -0.0806
vn -0.9930 -0.1006 -0.0616
vn -0.9977 -0.0661 0.0143
vn -0.9871 -0.0843 -0.1364
vn -0.9919 -0.0889 0.0907
vn -0.5763 -0.8060 -0.1353
vn -0.9769 -0.1124 -0.1815
vn -0.9894 0.0600 -0.1320
vn -0.9781 0.0539 -0.2012
vn -0.9763 -0.0874 -0.1982
vn -0.9719 -0.1153 -0.2053
vn -0.9868 -0.0821 -0.1396
vn -0.9863 0.0600 -0.1538
vn -0.9953 0.0688 -0.0680
vn -0.9264 0.3671 -0.0839
vn -0.9183 0.3600 -0.1645
vn -0.7128 0.6951 -0.0942
vn -0.7068 0.6900 -0.1562
vn -0.9105 0.3570 -0.2087
vn -0.6993 0.6891 -0.1900
vn -0.9197 0.3645 -0.1459
vn -0.9267 0.3757 0.0041
vn -0.7026 0.6973 -0.1415
vn -0.9970 0.0718 0.0275
vn -0.9776 0.0827 0.1935
vn -0.9452 -0.0349 0.3247
vn -0.9560 0.0944 0.2779
vn -0.9088 0.3868 0.1563
vn -0.9481 -0.0422 0.3153
vn -0.9746 -0.0653 0.2141
vn -0.7072 0.7065 -0.0270
vn -0.6941 0.7143 0.0894
vn -0.8897 0.3903 0.2369
vn -0.8900 0.3888 0.2382
vn -0.6828 0.7146 0.1520
vn -0.9560 0.0935 0.2780
vn -0.9203 0.3105 0.2382
vn -0.9608 0.0737 0.2674
vn -0.9562 -0.0283 0.2915
vn -0.9221 -0.1462 -0.3583
vn -0.9318 -0.0742 -0.3553
vn -0.9349 -0.1363 -0.3276
vn -0.9530 -0.0457 0.2995
vn -0.8993 -0.1238 -0.4194
vn -0.9322 0.0197 -0.3614
vn -0.9011 -0.3009 -0.3121
vn -0.7995 -0.5231 -0.2954
vn -0.8689 -0.2778 -0.4098
vn -0.7706 -0.5217 -0.3662
vn -0.7646 -0.2879 -0.5766
vn -0.7977 -0.1404 -0.5864
vn -0.5947 -0.1475 -0.7903
vn -0.7866 0.0152 -0.6173
vn -0.9059 0.0293 -0.4224
vn -0.8455 0.3344 -0.4163
vn -0.8947 0.2636 -0.3605
vn -0.8276 0.5560 -0.0770
vn -0.7351 0.3177 -0.5989
vn -0.6530 0.6710 -0.3512
vn -0.5715 0.6551 -0.4941
vn -0.5061 0.3040 -0.8071
vn -0.5426 0.0031 -0.8400
vn -0.3129 -0.1404 -0.9393
vn -0.2263 0.0014 -0.9741
vn -0.2091 0.2982 -0.9313
vn 0.0970 0.0112 -0.9952
vn 0.0019 -0.1188 -0.9929
vn -0.2808 -0.2445 -0.9281
vn 0.2874 -0.0889 -0.9537
vn 0.0223 -0.1860 -0.9823
vn -0.4604 -0.4896 -0.7404
vn -0.5577 -0.2798 -0.7814
vn -0.1995 -0.4099 -0.8901
vn -0.3286 -0.6718 -0.6639
vn -0.0945 -0.5561 -0.8257
vn 0.0766 -0.2949 -0.9525
vn 0.1460 -0.3921 -0.9083
vn 0.3167 -0.1690 -0.9333
vn 0.2954 -0.1190 -0.9479
vn 0.4536 -0.0669 -0.8887
vn 0.4527 -0.0700 -0.8889
vn -0.0325 -0.6243 -0.7805
vn 0.1863 -0.4356 -0.8807
vn 0.3494 -0.2145 -0.9121
vn 0.4649 -0.0912 -0.8806
vn 0.4571 -0.0819 -0.8856
vn 0.0423 -0.5812 -0.8127
vn -0.2463 -0.7537 -0.6094
vn 0.2163 -0.4003 -0.8905
vn 0.0915 -0.4572 -0.8847
vn 0.0671 -0.4411 -0.8950
vn -0.4223 -0.8133 -0.4003
vn -0.5169 -0.7248 -0.4556
vn -0.6646 -0.5236 -0.5331
vn -0.6185 -0.7327 -0.2840
vn 0.4660 0.0334 -0.8842
vn 0.3490 0.0246 -0.9368
vn 0.0930 0.3026 -0.9486
vn 0.3261 0.3132 -0.8920
vn 0.0721 0.6412 -0.7640
vn 0.4104 0.3401 -0.8461
vn 0.2515 0.6497 -0.7174
vn 0.0406 0.8853 -0.4632
vn 0.1388 0.8901 -0.4342
vn 0.3349 0.6585 -0.6740
vn 0.3480 0.6607 -0.6651
vn 0.1702 0.8853 -0.4326
vn 0.4330 0.4064 -0.8046
vn 0.2251 0.8557 -0.4660
vn 0.0715 0.9447 -0.3201
vn 0.0419 0.9868 -0.1562
vn 0.0430 0.9880 -0.1481
vn -0.0943 0.9889 -0.1147
vn 0.0368 0.9850 -0.1688
vn 0.0001 0.9974 -0.0715
vn -0.0052 0.9974 -0.0716
vn -0.0900 0.9932 -0.0741
vn -0.0956 0.9945 -0.0426
vn -0.3709 0.9276 0.0451
vn -0.3075 0.9480 -0.0825
vn -0.3588 0.9043 -0.2314
vn -0.3198 0.8941 -0.3135
vn -0.5452 0.8340 -0.0849
vn -0.6836 0.7134 0.1541
vn -0.6989 0.7105 -0.0823
vn -0.3690 0.9284 0.0433
vn -0.0943 0.9946 -0.0432
vn -0.0922 0.9944 -0.0525
vn -0.3709 0.9286 0.0086
vn -0.3768 0.9247 -0.0538
vn -0.0933 0.9933 -0.0682
vn -0.0938 0.9921 -0.0833
vn -0.1004 0.9912 -0.0862
vn -0.0976 0.9911 -0.0907
vn -0.3756 0.9196 -0.1148
vn -0.3798 0.9141 -0.1419
vn -0.3861 0.9141 -0.1239
vn -0.1010 0.9919 -0.0774
vn -0.3895 0.9166 -0.0899
vn -0.1013 0.9925 -0.0688
vn -0.3894 0.9193 -0.0570
vn -0.1001 0.9931 -0.0618
vn -0.7133 0.7000 -0.0339
vn -0.3870 0.9216 -0.0294
vn -0.5700 0.8215 0.0151
vn -0.7097 0.7042 0.0178
vn -0.3859 0.9224 -0.0163
vn -0.2137 0.9760 -0.0424
vn 0.1154 0.1006 0.9882
vn 0.1585 0.0729 0.9847
vn 0.1253 0.1261 0.9841
vn 0.1328 0.2146 0.9676
vn 0.1447 0.1398 0.9795
vn 0.1586 0.0746 0.9845
vn 0.1595 0.0732 0.9845
vn 0.1091 0.1081 0.9881
vn -0.0656 0.1162 0.9911
vn -0.7834 0.6190 0.0564
vn -0.9399 0.3274 0.0968
vn -0.9897 0.0747 0.1221
vn -0.9935 -0.0333 0.1091
vn -0.9924 0.0846 0.0892
vn -0.9232 0.3793 0.0620
vn -0.9969 0.0774 0.0162
vn -0.9276 0.3735 -0.0056
vn -0.9976 -0.0438 0.0542
vn -0.9965 -0.0691 -0.0463
vn -0.9971 -0.0700 0.0298
vn -0.9384 -0.3451 0.0183
vn -0.9839 -0.1065 -0.1438
vn -0.9932 -0.0969 -0.0649
vn -0.9956 -0.0862 0.0359
vn -0.7757 -0.6300 -0.0372
vn -0.7481 -0.6629 -0.0297
vn -0.9436 -0.3253 0.0619
vn -0.8238 -0.5668 0.0113
vn -0.8092 -0.5875 -0.0053
vn -0.8631 -0.4997 0.0726
vn -0.8143 -0.5796 -0.0312
vn -0.7595 -0.6478 -0.0590
vn -0.8300 -0.5577 -0.0026
vn -0.8403 -0.5413 0.0301
vn -0.7228 -0.6864 -0.0804
vn -0.5950 -0.7937 -0.1269
vn -0.7671 -0.6390 -0.0571
vn -0.7200 -0.6844 -0.1151
vn -0.4963 -0.8375 -0.2284
vn -0.4692 -0.8360 -0.2844
vn -0.7504 -0.6592 -0.0484
vn -0.8497 -0.5270 0.0201
vn -0.5545 -0.8092 -0.1941
vn -0.8479 -0.5278 0.0493
vn -0.6262 -0.7790 -0.0322
vn -0.7831 -0.6208 0.0357
vn -0.8761 -0.4741 0.0879
vn -0.8724 -0.4787 0.0993
vn -0.8345 -0.5348 0.1328
vn -0.8005 -0.5828 0.1397
vn -0.7073 -0.6967 0.1199
vn -0.8791 -0.4514 0.1529
vn -0.7446 -0.6575 0.1152
vn -0.8886 -0.4405 0.1275
vn -0.8927 -0.4344 0.1202
vn 0.0232 0.9627 0.2696
vn 0.0240 0.9432 0.3315
vn 0.0220 0.9786 0.2044
vn -0.9048 -0.3954 0.1582
vn 0.0232 0.9790 0.2025
vn -0.0108 0.9852 0.1708
vn -0.9554 -0.2100 0.2078
vn -0.9550 -0.2183 0.2009
vn -0.9548 -0.2204 0.1995
vn -0.9635 -0.1658 0.2101
vn 0.0774 0.9896 0.1212
vn -0.0785 -0.9757 -0.2044
vn -0.0663 -0.9881 -0.1385
vn -0.0776 -0.9769 -0.1994
vn -0.9617 -0.1623 0.2207
vn -0.1152 -0.9071 -0.4047
vn -0.1258 -0.9175 -0.3772
vn -0.9613 -0.2200 0.1657
vn -0.9676 0.0961 0.2336
vn -0.9645 -0.0157 0.2635
vn -0.9639 -0.0130 0.2661
vn -0.1819 -0.7027 -0.6879
vn -0.9663 -0.0129 0.2571
vn -0.9631 0.0990 0.2502
vn -0.9065 0.3896 0.1628
vn -0.8991 0.3913 0.1960
vn -0.9750 0.1001 0.1983
vn -0.9791 -0.0117 0.2031
vn -0.9733 -0.0174 0.2291
vn -0.9865 0.0937 0.1343
vn -0.9877 -0.0248 0.1545
vn -0.9797 -0.0211 0.1991
vn -0.9886 -0.0192 0.1494
vn -0.9256 0.3783 0.0122
vn -0.9961 0.0797 0.0388
vn -0.9169 0.3857 0.1027
vn -0.7075 0.7064 -0.0206
vn -0.7013 0.7112 0.0488
vn -0.3794 0.9239 -0.0501
vn -0.6940 0.7137 0.0948
vn -0.3768 0.9262 -0.0128
vn -0.0962 0.9924 -0.0766
vn -0.3812 0.9203 -0.0877
vn -0.0953 0.9932 -0.0671
vn -0.0984 0.9918 -0.0816
vn -0.7085 0.6998 -0.0905
vn -0.3838 0.9172 -0.1069
vn -0.0994 0.9917 -0.0810
vn -0.3866 0.9163 -0.1043
vn -0.7083 0.6946 -0.1257
vn -0.9258 0.3696 -0.0792
vn -0.9231 0.3637 -0.1250
vn -0.7108 0.6929 -0.1207
vn -0.3891 0.9167 -0.0908
vn -0.7147 0.6928 -0.0957
vn -0.9239 0.3632 -0.1206
vn -0.9278 0.3640 -0.0820
vn -0.4921 0.8643 -0.1042
vn -0.9925 -0.1013 -0.0680
vn -0.9935 0.0443 -0.1048
vn -0.9926 0.0538 -0.1086
vn -0.9967 -0.0716 -0.0388
vn -0.9962 0.0634 -0.0591
vn -0.9918 -0.0860 -0.0944
vn -0.9889 -0.1208 -0.0862
vn -0.9896 -0.1165 -0.0839
vn -0.9800 -0.1891 -0.0620
vn -0.9867 -0.1508 -0.0614
vn -0.9674 -0.2503 -0.0394
vn -0.9840 -0.1773 -0.0158
vn -0.9992 0.0311 -0.0238
vn -0.9919 -0.1270 0.0057
vn -0.9812 -0.1925 0.0103
vn -0.9591 -0.2826 0.0181
vn -0.9550 -0.2967 0.0028
vn -0.9705 -0.2409 0.0108
vn -0.9979 0.0188 -0.0621
vn -0.9311 -0.3639 0.0240
vn -0.9305 -0.3656 0.0235
vn -0.9353 -0.3528 0.0262
vn -0.9442 -0.3281 0.0275
vn -0.9264 -0.3759 0.0222
vn -0.9314 -0.3631 0.0273
vn 0.0797 -0.9027 0.4229
vn 0.0213 -0.7936 0.6081
vn 0.0166 -0.8305 0.5567
vn 0.0119 -0.6043 0.7967
vn 0.2315 -0.7137 0.6611
vn -0.9191 -0.3891 0.0622
vn -0.9054 -0.4203 0.0598
vn -0.9037 -0.4227 0.0683
vn -0.0077 -0.3151 0.9490
vn 0.0086 -0.5024 0.8646
vn -0.0000 -0.3344 0.9424
vn -0.9329 -0.3552 0.0599
vn -0.9381 -0.3412 0.0593
vn -0.9137 -0.4029 0.0533
vn -0.9234 -0.3783 0.0651
vn -0.0250 0.4568 -0.8892
vn -0.0194 0.3264 -0.9450
vn 0.0062 0.3066 -0.9518
vn 0.0164 0.2219 -0.9749
vn -0.9407 -0.3335 0.0624
vn -0.0154 0.1183 -0.9929
vn -0.0030 0.0726 -0.9974
vn -0.9466 -0.3169 0.0591
vn -0.9548 -0.2917 0.0573
vn -0.9604 -0.2734 0.0536
vn -0.0725 -0.0667 0.9951
vn -0.1205 -0.1926 0.9739
vn 0.1046 -0.1289 0.9861
vn -0.0232 -0.0194 0.9995
vn -0.9732 -0.2239 0.0518
vn -0.9746 -0.2185 0.0487
vn -0.9900 -0.1346 0.0412
vn -0.0088 0.0165 0.9998
vn -0.0157 0.0310 0.9994
vn -0.0174 -0.0144 0.9997
vn -0.0170 0.0340 0.9993
vn -0.0169 0.0442 0.9989
vn 0.0989 0.0534 0.9937
vn 0.1614 0.0582 0.9852
vn -0.9962 -0.0789 0.0370
vn -0.9902 -0.1338 0.0401
vn -0.0160 -0.0306 -0.9994
vn -0.0186 -0.0385 -0.9991
vn -0.0209 -0.0014 -0.9998
vn -0.1128 -0.0556 -0.9921
vn -0.9965 -0.0795 0.0275
vn -0.9967 -0.0800 0.0167
vn -0.1629 -0.0589 -0.9849
vn -0.9962 -0.0790 0.0369
vn -0.0175 -0.0601 -0.9980
vn -0.0175 -0.0588 -0.9981
vn -0.1127 -0.0567 -0.9920
vn -0.0175 -0.0590 -0.9981
vn -0.0175 -0.0591 -0.9981
vn -0.0184 -0.0533 -0.9984
vn -0.0191 -0.0492 -0.9986
vn -0.0191 -0.0490 -0.9986
vn -0.9918 -0.0980 0.0814
vn -0.9892 -0.1310 0.0653
vn -0.9950 -0.0779 0.0625
vn -0.9899 -0.1011 0.0993
vn -0.9812 -0.1667 0.0969
vn -0.9735 -0.2162 0.0741
vn -0.9530 -0.2833 0.1074
vn -0.9874 -0.1069 0.1171
vn -0.9822 -0.1367 0.1286
vn -0.9649 -0.2274 0.1315
vn -0.9629 -0.2585 0.0773
vn -0.9073 -0.3922 0.1514
vn -0.9372 -0.3231 0.1310
vn -0.9219 -0.3712 0.1104
vn -0.9448 -0.3175 0.0815
vn -0.0162 0.0114 -0.9998
vn -0.0175 -0.0149 -0.9997
vn -0.9116 -0.4021 0.0853
vn -0.8913 -0.4445 0.0894
vn -0.9256 -0.3687 0.0855
vn -0.9200 -0.3612 0.1521
vn -0.8870 -0.4441 0.1265
vn -0.8521 -0.5164 0.0850
vn -0.8117 -0.5677 0.1372
vn -0.8602 -0.4882 0.1470
vn -0.8063 -0.5731 0.1464
vn -0.7203 -0.6789 0.1423
vn -0.7595 -0.6335 0.1477
vn -0.7116 -0.6873 0.1460
vn -0.6988 -0.6950 0.1693
vn -0.6974 -0.6948 0.1760
vn -0.6274 -0.7632 0.1549
vn -0.6491 -0.7485 0.1357
vn -0.5488 -0.8221 0.1516
vn -0.5808 -0.8076 0.1025
vn -0.5732 -0.8076 0.1387
vn -0.6650 -0.7403 0.0986
vn -0.7408 -0.6637 0.1036
vn -0.7102 -0.6955 0.1091
vn -0.8221 -0.5659 0.0626
vn -0.7333 -0.6752 0.0797
vn -0.7260 -0.6851 0.0604
vn -0.7047 -0.7060 0.0705
vn -0.7922 -0.6085 0.0473
vn -0.6303 -0.7743 0.0563
vn -0.5865 -0.8063 0.0775
vn -0.5593 -0.8272 0.0545
vn -0.4656 -0.8817 0.0762
vn -0.6459 -0.7622 0.0435
vn -0.4664 -0.8834 0.0445
vn -0.5285 -0.8477 0.0454
vn -0.7506 -0.6580 0.0610
vn -0.6833 -0.7272 0.0652
vn -0.5984 -0.7983 0.0687
vn -0.5880 -0.8081 0.0342
vn -0.6965 -0.7140 0.0712
vn -0.7778 -0.6218 0.0914
vn -0.7651 -0.6391 0.0789
vn -0.4955 -0.8686 -0.0098
vn -0.4611 -0.8873 -0.0054
vn -0.3466 -0.9347 -0.0793
vn -0.3620 -0.9319 -0.0240
vn -0.1699 -0.9774 -0.1256
vn -0.4032 -0.9144 0.0355
vn -0.2730 -0.9606 -0.0515
vn -0.0487 -0.9870 -0.1529
vn -0.0167 -0.9842 -0.1761
vn -0.0767 -0.9823 -0.1706
vn -0.2349 -0.9656 -0.1112
vn 0.0639 -0.9696 -0.2362
vn 0.0150 -0.9792 -0.2021
vn -0.1337 -0.9829 -0.1265
vn -0.1871 -0.9794 -0.0755
vn -0.3001 -0.9525 -0.0523
vn -0.0225 -0.9861 -0.1644
vn -0.3117 -0.9488 -0.0515
vn -0.4241 -0.9053 -0.0230
vn -0.5330 -0.8461 -0.0043
vn -0.4388 -0.8986 0.0061
vn -0.6069 -0.7937 0.0414
vn -0.6606 -0.7465 0.0793
vn -0.7099 -0.6995 0.0825
vn -0.5054 -0.8620 0.0381
vn -0.3486 -0.9365 -0.0389
vn -0.5097 -0.8589 0.0504
vn -0.5933 -0.8028 0.0589
vn -0.6694 -0.7375 0.0898
vn -0.5923 -0.7981 0.1108
vn -0.7794 -0.6148 0.1203
vn -0.7238 -0.6781 0.1277
vn -0.8087 -0.5717 0.1383
vn -0.8526 -0.5066 0.1282
vn -0.7676 -0.6254 0.1403
vn -0.8749 -0.4621 0.1451
vn -0.7236 -0.6792 0.1225
vn -0.6733 -0.7287 0.1250
vn -0.6574 -0.7439 0.1199
vn -0.6041 -0.7879 0.1192
vn -0.5109 -0.8572 0.0655
vn -0.3928 -0.9195 0.0113
vn -0.4400 -0.8963 0.0559
vn -0.2922 -0.9560 -0.0264
vn -0.3279 -0.9438 0.0408
vn -0.2171 -0.9737 -0.0690
vn -0.3837 -0.9231 -0.0274
vn -0.1063 -0.9819 -0.1568
vn -0.0249 -0.9843 -0.1750
vn 0.0248 -0.9657 -0.2586
vn 0.1256 -0.9485 -0.2908
vn 0.1459 -0.9333 -0.3283
vn 0.3114 -0.8244 -0.4726
vn -0.2372 -0.9621 -0.1349
vn 0.1641 -0.9175 -0.3622
vn -0.0828 -0.9669 -0.2415
vn -0.2639 -0.9459 -0.1885
vn 0.0943 -0.9306 -0.3536
vn -0.5373 -0.8434 -0.0046
vn 0.0914 -0.9173 -0.3876
vn 0.0468 -0.9064 -0.4198
vn -0.3444 -0.9107 -0.2282
vn -0.0449 -0.8925 -0.4488
vn -0.3593 -0.8790 -0.3135
vn -0.2120 -0.8901 -0.4034
vn 0.0455 -0.8742 -0.4834
vn -0.2683 -0.9085 -0.3204
vn -0.1475 -0.9450 -0.2918
vn -0.0029 -0.9148 -0.4040
vn -0.3136 -0.9170 -0.2466
vn -0.4764 -0.8606 -0.1802
vn -0.6515 -0.7523 -0.0985
vn -0.1455 -0.9610 -0.2351
vn -0.3131 -0.9277 -0.2035
vn -0.5893 -0.8014 -0.1028
vn -0.3018 -0.9428 -0.1416
vn -0.0083 -0.9894 -0.1453
vn -0.3504 -0.9343 -0.0649
vn -0.0125 -0.9699 -0.2431
vn -0.6128 -0.7874 -0.0675
vn -0.5663 -0.8222 -0.0582
vn -0.7259 -0.6858 -0.0535
vn -0.3349 -0.9419 -0.0257
vn -0.6941 -0.7179 -0.0538
vn -0.5956 -0.8004 -0.0683
vn -0.6839 -0.7262 -0.0695
vn -0.1095 -0.9934 -0.0335
vn -0.0907 -0.9953 0.0343
vn 0.0517 -0.9986 0.0141
vn 0.2837 -0.9541 -0.0964
vn 0.2127 -0.9771 -0.0008
vn 0.2815 -0.9589 -0.0339
vn 0.3413 -0.9191 -0.1970
vn 0.4941 -0.8589 -0.1351
vn 0.5500 -0.7778 -0.3042
vn 0.6125 -0.7569 -0.2279
vn 0.1706 -0.9560 -0.2386
vn 0.4711 -0.8119 -0.3450
vn 0.6024 -0.7064 -0.3716
vn 0.7414 -0.5824 -0.3334
vn 0.7292 -0.5074 -0.4592
vn 0.3835 -0.8370 -0.3903
vn 0.8279 -0.3489 -0.4391
vn 0.5452 -0.6936 -0.4708
vn 0.7635 -0.4212 -0.4895
vn 0.1920 -0.9087 -0.3706
vn 0.2712 -0.8398 -0.4703
vn 0.5483 -0.6653 -0.5068
vn 0.5327 -0.6471 -0.5454
vn 0.2883 -0.7977 -0.5296
vn 0.0367 -0.9417 -0.3345
vn 0.3895 -0.7396 -0.5489
vn 0.7203 -0.4452 -0.5319
vn 0.4359 -0.7239 -0.5347
vn 0.6984 -0.4550 -0.5525
vn 0.4364 -0.7301 -0.5259
vn 0.4403 -0.7221 -0.5337
vn 0.6265 -0.5046 -0.5941
vn 0.6773 -0.4633 -0.5715
vn 0.4883 -0.6536 -0.5783
vn 0.6155 -0.4467 -0.6493
vn 0.7074 -0.2817 -0.6483
vn 0.7277 -0.3100 -0.6118
vn 0.5789 -0.4660 -0.6691
vn 0.6292 -0.3287 -0.7043
vn 0.6608 -0.3203 -0.6788
vn 0.6063 -0.3237 -0.7264
vn 0.8362 -0.2937 -0.4631
vn 0.8116 -0.4162 -0.4099
vn 0.7989 -0.2574 -0.5436
vn 0.8335 -0.2366 -0.4993
vn 0.7732 -0.2822 -0.5679
vn 0.7621 -0.2681 -0.5893
vn 0.8378 -0.2564 -0.4820
vn 0.7563 -0.4126 -0.5078
vn 0.0029 -0.9977 0.0674
vn -0.0543 -0.9971 0.0526
vn 0.0617 -0.9963 0.0594
vn 0.0672 -0.9966 0.0471
vn 0.5836 -0.2948 -0.7566
vn 0.5287 -0.5007 -0.6853
vn 0.5708 -0.2915 -0.7676
vn 0.5105 -0.4684 -0.7211
vn 0.5413 -0.3422 -0.7681
vn 0.5151 -0.3856 -0.7655
vn 0.4951 -0.3436 -0.7980
vn 0.5255 -0.4514 -0.7212
vn 0.5033 -0.3406 -0.7942
vn 0.5931 -0.6456 -0.4811
vn 0.5566 -0.4345 -0.7081
vn 0.5183 -0.3479 -0.7812
vn 0.5236 -0.3317 -0.7848
vn 0.6497 -0.5734 -0.4991
vn 0.5589 -0.3577 -0.7481
vn 0.5736 -0.3545 -0.7385
vn 0.4031 -0.7084 -0.5793
vn 0.3524 -0.7785 -0.5194
vn 0.2620 -0.8756 -0.4057
vn 0.4650 -0.6583 -0.5920
vn 0.1065 -0.9612 -0.2544
vn 0.1243 -0.9589 -0.2551
vn 0.1559 -0.9459 -0.2846
vn 0.3132 -0.8259 -0.4688
vn 0.2755 -0.8466 -0.4554
vn -0.8991 -0.4067 0.1616
vn -0.8897 -0.4316 0.1490
vn -0.0565 0.9897 0.1316
vn -0.0676 0.9886 0.1346
vn -0.0687 0.9884 0.1352
vn -0.9641 -0.1652 0.2078
vn -0.9670 -0.1907 0.1689
vn -0.9664 -0.1894 0.1740
vn -0.9688 -0.2280 0.0971
vn -0.9748 -0.1593 0.1562
vn -0.9679 -0.2308 0.0991
vn -0.9610 -0.2737 0.0388
vn -0.9753 -0.2090 0.0721
vn -0.9596 -0.2806 0.0200
vn -0.9592 -0.2819 0.0232
vn -0.9330 -0.3598 0.0123
vn -0.0352 0.9920 -0.1209
vn -0.0289 0.9919 -0.1235
vn -0.0453 0.9898 -0.1352
vn -0.0451 0.9898 -0.1349
vn -0.0357 0.9920 -0.1209
vn -0.0353 0.9920 -0.1209
vn -0.8955 -0.4434 0.0383
vn -0.8764 -0.4796 0.0436
vn -0.8727 -0.4864 0.0411
vn -0.8847 -0.4632 0.0518
vn -0.8955 -0.4434 0.0382
vn -0.8308 -0.5548 0.0449
vn -0.8374 -0.5438 0.0550
vn -0.8428 -0.5310 0.0882
vn -0.8524 -0.5109 0.1113
vn -0.8821 -0.4623 0.0901
vn -0.8859 -0.4495 0.1151
vn -0.0405 0.9886 -0.1450
vn -0.8666 -0.4967 0.0467
vn -0.0406 0.9883 -0.1469
vn -0.9091 -0.4152 0.0326
vn -0.9088 -0.4158 0.0333
vn -0.8971 -0.4396 0.0446
vn -0.0542 0.9806 -0.1883
vn -0.0429 0.9812 -0.1883
vn -0.8608 -0.5051 0.0632
vn -0.0527 0.9403 -0.3363
vn -0.8578 -0.5079 0.0785
vn -0.8124 -0.5777 0.0792
vn -0.2202 0.9524 -0.2108
vn -0.8208 -0.5629 0.0973
vn -0.7754 -0.6224 0.1066
vn -0.8617 -0.5011 0.0795
vn -0.0721 0.9059 -0.4173
vn -0.0439 0.8571 -0.5134
vn -0.8886 -0.4527 0.0738
vn -0.0377 0.8362 -0.5472
vn -0.0408 0.7252 -0.6873
vn -0.8977 -0.4346 0.0726
vn -0.0610 0.6715 -0.7385
vn -0.0609 0.5772 -0.8143
vn -0.9051 -0.4180 0.0782
vn -0.0436 0.4934 -0.8687
vn -0.8980 -0.4363 0.0571
vn -0.8963 -0.4399 0.0558
vn 0.0025 -0.9485 0.3166
vn -0.0061 -0.9533 0.3019
vn 0.0096 -0.9816 0.1908
vn -0.0015 -0.9861 0.1664
vn -0.8966 -0.4407 0.0440
vn -0.0093 -0.9897 0.1426
vn -0.0131 -0.9894 0.1445
vn -0.0109 -0.9880 0.1541
vn -0.9186 -0.3932 0.0380
vn -0.9338 -0.3577 0.0109
vn -0.9220 -0.3853 0.0390
vn -0.9511 -0.3089 -0.0061
vn -0.9382 -0.3461 0.0090
vn 0.0950 -0.9870 0.1294
vn -0.9652 -0.2604 -0.0226
vn -0.9716 -0.2340 -0.0352
vn -0.9893 -0.1318 -0.0624
vn -0.9890 -0.1427 -0.0393
vn -0.9850 -0.1694 -0.0323
vn -0.9879 -0.1548 -0.0099
vn -0.9947 -0.1027 -0.0000
vn -0.9958 -0.0565 0.0725
vn -0.9951 -0.0962 -0.0231
vn -0.9943 -0.0573 0.0898
vn -0.9962 -0.0796 0.0366
vn -0.0259 -0.9967 0.0775
vn -0.0242 -0.9971 0.0727
vn -0.0254 -0.9988 0.0408
vn -0.0174 -0.9945 0.1035
vn -0.0206 -0.9942 0.1054
vn -0.9947 -0.0550 0.0872
vn -0.9874 -0.0603 0.1464
vn -0.0593 -0.9981 0.0163
vn -0.0497 -0.9982 -0.0332
vn -0.9811 -0.0319 0.1909
vn -0.9816 -0.0403 0.1869
vn -0.0471 -0.9982 -0.0359
vn -0.0568 -0.9945 -0.0878
vn -0.0688 -0.9888 -0.1327
vn -0.0571 -0.9945 -0.0873
vn -0.9974 -0.0443 0.0570
vn 0.1128 -0.9853 0.1283
vn -0.9212 -0.3870 0.0391
vn -0.0701 -0.9913 -0.1111
vn 0.0866 -0.9783 -0.1881
vn 0.1698 -0.9539 -0.2473
vn -0.1828 -0.9785 -0.0951
vn -0.1199 -0.9905 -0.0671
vn -0.2900 -0.9564 0.0355
vn -0.2293 -0.9729 0.0289
vn -0.2277 -0.9728 0.0421
vn -0.0411 -0.9893 -0.1401
vn -0.2691 -0.9606 0.0700
vn -0.3448 -0.9365 0.0642
vn -0.2989 -0.9508 0.0810
vn -0.3847 -0.9181 0.0958
vn -0.3332 -0.9419 0.0418
vn -0.3950 -0.9177 0.0432
vn -0.4783 -0.8723 0.1016
vn -0.4839 -0.8644 0.1367
vn -0.4260 -0.8901 0.1616
vn -0.4783 -0.8646 0.1538
vn -0.3960 -0.9081 0.1362
vn -0.3298 -0.9352 0.1289
vn -0.3720 -0.9156 0.1524
vn -0.2770 -0.9493 0.1484
vn -0.3419 -0.9236 0.1732
vn -0.2436 -0.9545 0.1718
vn -0.3055 -0.9467 0.1025
vn -0.9877 -0.0848 0.1310
vn -0.0000 0.9974 -0.0716
vn -0.0614 0.9956 -0.0714
vn -0.0000 0.9974 -0.0714
vn -0.1008 0.9922 -0.0734
vn -0.1003 0.9919 -0.0776
vn -0.0949 0.9938 -0.0577
vn -0.0951 0.9941 -0.0513
vn -0.0952 0.9943 -0.0476
vn -0.0952 0.9944 -0.0460
vn -0.3722 0.9278 0.0263
vn -0.3724 0.9275 0.0319
vn -0.3744 0.9272 0.0123
vn -0.6887 0.7150 0.1204
vn -0.6861 0.7156 0.1311
vn -0.3244 0.9457 0.0218
vn -0.6055 0.7887 0.1064
vn -0.8954 0.3921 0.2110
vn -0.7997 0.5753 0.1718
vn -0.2107 -0.0736 -0.9748
vn -0.2110 -0.0729 -0.9748
vn -0.2107 -0.0744 -0.9747
vn -0.2107 -0.0730 -0.9748
vn -0.8950 0.3930 0.2112
vn -0.9462 0.2200 0.2373
vn -0.2030 -0.1140 -0.9725
vn -0.2107 -0.0737 -0.9748
vn -0.2108 -0.0743 -0.9747
vn -0.9653 0.0613 0.2538
vn -0.1983 -0.1342 -0.9709
vn -0.2084 -0.2167 -0.9537
vn -0.2089 -0.2131 -0.9544
vn -0.9515 -0.0041 0.3078
vn -0.1974 -0.4393 -0.8764
vn -0.1982 -0.4274 -0.8820
vn -0.9579 -0.0055 0.2871
vn -0.1705 -0.6766 -0.7163
vn -0.9824 -0.0977 0.1590
vn -0.9797 -0.1050 0.1705
vn -0.9657 -0.1442 0.2159
vn -0.9872 -0.0738 0.1416
vn -0.2005 -0.8325 -0.5165
vn -0.9677 -0.1566 0.1976
vn 0.0696 0.8241 0.5621
vn 0.1048 0.7376 0.6671
vn 0.1238 0.6360 0.7617
vn 0.0866 0.8364 0.5412
vn 0.0407 0.9123 0.4074
vn -0.9120 -0.3899 0.1272
vn -0.8930 -0.4342 0.1187
vn -0.9514 -0.2807 0.1267
vn -0.9778 -0.1300 0.1643
vn -0.9917 -0.0841 0.0978
vn -0.9881 -0.0764 0.1333
vn -0.9868 -0.0800 0.1408
vn -0.9854 -0.0841 0.1478
vn -0.9831 -0.0935 0.1571
vn 0.1492 0.3879 0.9095
vn 0.1139 0.4161 0.9022
vn 0.1458 0.4425 0.8848
vn 0.0936 0.5164 0.8512
vn -0.9874 -0.0744 0.1397
vn 0.1161 0.5784 0.8074
vn -0.9902 -0.0423 0.1330
vn -0.9901 -0.0410 0.1340
vn 0.1019 0.2933 0.9506
vn -0.9950 -0.0564 0.0826
vn -0.9906 -0.0621 0.1222
vn -0.9928 -0.0511 0.1080
vn 0.1573 0.2124 0.9644
vn -0.9913 -0.0072 0.1315
vn -0.9912 -0.0091 0.1321
vn 0.0066 0.9973 -0.0728
vn 0.0068 0.9973 -0.0728
vn 0.0028 0.9974 -0.0719
vn -0.9908 -0.0227 0.1332
vn -0.9915 0.0150 0.1292
vn -0.9913 0.0007 0.1314
vn -0.9913 0.0022 0.1314
vn -0.9915 0.0157 0.1291
vn 0.1546 0.1408 0.9779
vn 0.1587 0.1412 0.9772
vn -0.0584 0.9962 -0.0639
vn -0.2106 -0.0734 -0.9748
vn -0.2105 -0.0731 -0.9748
vn -0.2106 -0.0727 -0.9749
vn -0.2108 -0.0737 -0.9748
vn -0.2108 -0.0732 -0.9748
vn -0.0843 0.9953 -0.0479
vn -0.0844 0.9953 -0.0479
vn -0.3905 0.9176 -0.0744
vn -0.2210 0.9728 -0.0699
vn -0.0140 0.0443 0.9989
vn -0.0094 0.0470 0.9989
vn -0.3958 0.9160 -0.0663
vn -0.0076 0.0512 0.9987
vn -0.5819 0.8111 -0.0588
vn -0.7165 0.6945 -0.0654
vn -0.0174 0.0581 0.9982
vn -0.9513 0.3075 -0.0231
vn -0.9307 0.3627 -0.0463
vn -0.7959 0.6038 -0.0440
vn -0.9995 0.0305 -0.0031
vn -0.0012 0.0470 0.9989
vn -0.0178 0.0574 0.9982
vn -0.0177 0.0579 0.9982
vn -0.0867 0.9866 -0.1381
vn -0.3934 0.6439 -0.6562
vn -0.2205 0.8873 -0.4051
vn -0.0601 0.9847 -0.1634
vn -0.0247 0.9838 -0.1776
vn 0.0110 0.9839 -0.1784
vn -0.0910 0.8841 -0.4584
vn -0.1624 0.6387 -0.7522
vn 0.4107 0.1848 -0.8928
vn 0.4838 0.0304 -0.8746
vn -0.7535 -0.6108 -0.2432
vn -0.9525 -0.0466 0.3010
vn -0.9533 -0.0455 0.2985
vn -0.9492 -0.0486 0.3108
vn -0.5935 -0.7860 -0.1731
vn -0.9469 -0.0493 0.3178
vn -0.5641 -0.8104 -0.1581
vn -0.5685 -0.8084 -0.1526
vn -0.5755 -0.8051 -0.1435
vn 0.8168 -0.3479 -0.4603
vn 0.1757 -0.9825 0.0624
vn 0.0734 -0.9952 0.0640
vn 0.6419 -0.7484 0.1668
vn 0.6712 -0.7254 0.1525
vn 0.6002 -0.7824 0.1663
vn 0.6765 -0.7172 0.1674
vn 0.7197 -0.6741 0.1659
vn 0.7671 -0.6198 0.1655
vn 0.9793 -0.1557 0.1297
vn 0.9928 0.0553 0.1067
vn 0.9888 -0.0787 0.1265
vn 0.9904 0.0651 0.1216
vn 0.9907 0.0372 0.1306
vn 0.9721 0.2037 0.1161
vn 0.9222 0.3755 0.0926
vn 0.9193 0.3817 0.0958
vn 0.7085 0.7044 0.0416
vn 0.8199 0.5683 0.0694
vn 0.6141 0.7888 0.0262
vn 0.3177 0.9478 -0.0260
vn 0.0770 0.9952 -0.0612
vn 0.3847 0.9229 -0.0161
vn 0.0987 0.9934 -0.0584
vn 0.0999 0.9932 -0.0605
vn 0.3868 0.9218 -0.0246
vn 0.1006 0.9928 -0.0647
vn 0.1007 0.9925 -0.0697
vn 0.3893 0.9202 -0.0408
vn 0.3894 0.9191 -0.0603
vn 0.7143 0.6998 -0.0041
vn 0.7112 0.7025 0.0260
vn 0.9243 0.3746 0.0731
vn 0.9596 0.2747 0.0615
vn -0.1249 0.9736 0.1912
vn -0.1456 0.9640 0.2223
vn -0.1278 0.9694 0.2094
vn -0.1015 0.9818 0.1608
vn -0.1012 0.9804 0.1690
vn -0.0725 0.9902 0.1197
vn -0.0491 0.9951 0.0862
vn -0.0202 0.9981 0.0575
vn -0.0070 0.9997 0.0221
vn 0.0025 0.9984 -0.0568
vn -0.0002 0.9982 -0.0605
vn -0.0065 0.9868 -0.1617
vn -0.0027 0.9898 -0.1424
vn -0.0268 0.9787 -0.2036
vn -0.0527 0.9705 -0.2352
vn -0.0679 0.9551 -0.2882
vn -0.0650 0.9559 -0.2865
vn -0.0961 0.9356 -0.3398
vn -0.1381 0.9163 -0.3758
vn -0.1692 0.9081 -0.3830
vn -0.2443 0.8791 -0.4092
vn -0.2625 0.8707 -0.4160
vn -0.2970 0.8509 -0.4332
vn -0.3177 0.8491 -0.4220
vn -0.3784 0.8241 -0.4214
vn -0.3685 0.8308 -0.4170
vn -0.4480 0.7956 -0.4079
vn -0.4739 0.7835 -0.4020
vn -0.4864 0.7758 -0.4020
vn -0.5136 0.7632 -0.3920
vn -0.5730 0.7444 -0.3429
vn -0.5991 0.7322 -0.3240
vn -0.6186 0.7235 -0.3065
vn -0.6450 0.7082 -0.2872
vn -0.6693 0.6979 -0.2551
vn -0.6889 0.6877 -0.2292
vn -0.7303 0.6679 -0.1433
vn -0.7463 0.6530 -0.1286
vn -0.7502 0.6517 -0.1121
vn -0.7606 0.6491 -0.0146
vn -0.7715 0.6360 0.0172
vn -0.7684 0.6375 0.0557
vn -0.7722 0.6289 0.0909
vn -0.7623 0.6349 0.1260
vn -0.7668 0.6221 0.1584
vn -0.7382 0.6254 0.2528
vn -0.7367 0.6146 0.2819
vn -0.7104 0.6440 0.2838
vn -0.5939 0.7764 0.2111
vn -0.5784 0.7889 0.2076
vn -0.6434 0.7453 0.1747
vn -0.3751 0.8796 0.2924
vn -0.3795 0.8775 0.2933
vn -0.4755 0.8360 0.2740
vn -0.1463 0.9649 0.2183
vn -0.1686 0.9578 0.2330
vn -0.1844 0.9540 0.2365
vn -0.2186 0.9413 0.2574
vn -0.2885 0.8891 0.3553
vn -0.2744 0.9163 0.2919
vn -0.2700 0.9192 0.2868
vn -0.2036 0.9467 0.2496
vn -0.3511 0.8992 0.2611
vn -0.5489 0.8000 0.2423
vn -0.5257 0.8065 0.2705
vn -0.4979 0.8222 0.2756
vn -0.6831 0.7196 0.1246
vn -0.6718 0.7158 0.1908
vn -0.6579 0.7313 0.1798
vn -0.6700 0.7325 0.1208
vn -0.7362 0.6765 0.0193
vn -0.7514 0.6596 0.0171
vn -0.7589 0.6509 -0.0191
vn -0.7523 0.6570 -0.0488
vn -0.7746 0.6249 -0.0974
vn -0.7613 0.6360 -0.1265
vn -0.7658 0.6055 -0.2167
vn -0.7445 0.6249 -0.2350
vn -0.7605 0.5972 -0.2548
vn -0.7452 0.6209 -0.2433
vn -0.7431 0.5823 -0.3297
vn -0.7529 0.5685 -0.3316
vn -0.7090 0.5716 -0.4131
vn -0.6779 0.5948 -0.4321
vn -0.6913 0.5685 -0.4460
vn -0.6662 0.5842 -0.4636
vn -0.6032 0.5774 -0.5503
vn -0.5772 0.5894 -0.5652
vn -0.5750 0.5788 -0.5782
vn -0.5391 0.6001 -0.5910
vn -0.4822 0.6052 -0.6334
vn -0.4536 0.6168 -0.6433
vn -0.4110 0.6302 -0.6588
vn -0.3758 0.6508 -0.6597
vn -0.3458 0.6576 -0.6693
vn -0.2972 0.6936 -0.6562
vn -0.3120 0.6788 -0.6648
vn -0.3737 0.7559 0.5375
vn -0.4780 0.7264 0.4938
vn -0.4846 0.6885 0.5395
vn -0.5060 0.6892 0.5186
vn -0.5813 0.6602 0.4755
vn -0.5813 0.6758 0.4532
vn -0.6143 0.6419 0.4589
vn -0.6405 0.6407 0.4234
vn -0.6824 0.6281 0.3739
vn -0.6872 0.6402 0.3434
vn -0.7194 0.6232 0.3067
vn -0.3770 0.7041 0.6017
vn -0.3535 0.7563 0.5505
vn -0.2851 0.8008 0.5268
vn -0.2309 0.8312 0.5058
vn -0.2200 0.8583 0.4635
vn -0.1283 0.9141 0.3847
vn -0.1200 0.8590 0.4977
vn -0.1161 0.9197 0.3749
vn -0.0743 0.9592 0.2727
vn -0.0478 0.9800 0.1934
vn -0.0330 0.9887 0.1461
vn -0.0031 0.9991 -0.0427
vn 0.0009 0.9996 0.0292
vn -0.0071 0.9934 -0.1142
vn -0.0171 0.9732 -0.2293
vn -0.0401 0.9488 -0.3134
vn -0.0256 0.9377 -0.3464
vn -0.0779 0.8687 -0.4891
vn -0.2097 0.7566 -0.6193
vn -0.1730 0.7720 -0.6116
vn -0.1200 0.8201 -0.5595
vn -0.0894 0.8696 -0.4856
vn -0.0000 -0.9974 0.0715
vn 0.0001 -0.9974 0.0715
vn -0.0000 -0.9974 0.0716
vn -0.0001 -0.9974 0.0715
vn -0.5635 0.0593 0.8240
vn -0.6349 0.0574 0.7704
vn -0.6063 0.0569 0.7932
vn 0.4430 -0.0641 -0.8942
vn 0.4924 -0.0607 -0.8682
vn 0.3331 -0.0672 -0.9405
vn 0.2392 -0.0678 -0.9686
vn 0.2613 -0.0690 -0.9628
vn 0.1804 -0.0703 -0.9811
vn 0.0557 -0.0714 -0.9959
vn -0.0318 -0.0702 -0.9970
vn -0.0394 -0.0714 -0.9967
vn -0.1444 -0.0700 -0.9870
vn -0.3001 -0.0674 -0.9515
vn -0.2499 -0.0690 -0.9658
vn -0.5324 -0.0605 -0.8443
vn -0.4538 -0.0630 -0.8889
vn -0.5464 -0.0594 -0.8354
vn -0.3619 -0.0646 -0.9300
vn -0.3058 -0.0681 -0.9497
vn -0.6032 -0.0557 -0.7957
vn -0.7519 -0.0465 -0.6576
vn -0.6896 -0.0512 -0.7224
vn -0.9020 -0.0300 -0.4307
vn -0.8979 -0.0315 -0.4391
vn -0.8820 -0.0336 -0.4700
vn -0.8475 -0.0370 -0.5296
vn -0.8028 -0.0414 -0.5947
vn -0.7548 -0.0469 -0.6542
vn -0.9880 -0.0111 -0.1544
vn -0.9689 -0.0173 -0.2469
vn -0.9850 -0.0113 -0.1722
vn -0.9370 -0.0245 -0.3485
vn -0.9082 -0.0299 -0.4175
vn -0.9989 -0.0033 -0.0467
vn -0.9950 0.0083 0.0994
vn -0.9981 0.0045 0.0623
vn -0.8931 0.0328 0.4486
vn -0.9338 0.0256 0.3569
vn -0.9311 0.0267 0.3638
vn -0.9669 0.0184 0.2546
vn -0.9886 0.0109 0.1504
vn -0.7983 0.0431 0.6007
vn -0.7198 0.0506 0.6924
vn -0.7858 0.0476 0.6166
vn -0.8353 0.0423 0.5482
vn -0.1048 0.0711 0.9919
vn -0.0938 0.0756 0.9927
vn -0.3692 0.0665 0.9270
vn -0.1742 0.0734 0.9820
vn -0.2904 0.0689 0.9544
vn -0.3830 0.0692 0.9212
vn -0.4746 0.0646 0.8778
vn 0.3442 0.0697 0.9363
vn 0.1674 0.0705 0.9834
vn 0.4225 0.0696 0.9037
vn 0.4272 0.0647 0.9019
vn 0.4910 0.0627 0.8689
vn 0.2275 0.0699 0.9713
vn 0.1285 0.0738 0.9890
vn 0.0080 0.0723 0.9973
vn 0.6553 0.0541 0.7535
vn 0.6574 0.0590 0.7512
vn 0.5929 0.0608 0.8029
vn 0.9054 0.0325 0.4232
vn 0.8348 0.0395 0.5492
vn 0.9434 0.0273 0.3306
vn 0.9524 0.0219 0.3042
vn 0.9664 0.0187 0.2563
vn 0.8570 0.0370 0.5139
vn 0.8066 0.0452 0.5893
vn 0.7300 0.0498 0.6816
vn 0.9807 -0.0138 -0.1949
vn 0.9952 -0.0048 -0.0981
vn 0.9723 -0.0156 -0.2332
vn 1.0000 0.0021 -0.0013
vn 0.9993 0.0027 0.0367
vn 0.9977 0.0073 0.0671
vn 0.9872 0.0140 0.1590
vn 0.8636 -0.0360 -0.5028
vn 0.8933 -0.0319 -0.4483
vn 0.8728 -0.0333 -0.4869
vn 0.9335 -0.0251 -0.3578
vn 0.9652 -0.0187 -0.2607
vn 0.8226 -0.0388 -0.5673
vn 0.7089 -0.0490 -0.7036
vn 0.7633 -0.0456 -0.6445
vn 0.5225 -0.0609 -0.8505
vn 0.6096 -0.0562 -0.7907
vn 0.6977 -0.0512 -0.7145
vn -0.2623 0.0689 0.9625
vn -0.1791 0.0687 0.9814
vn -0.1186 0.0710 0.9904
vn 0.4307 0.0642 0.9002
vn 0.5057 0.0592 0.8607
vn 0.4902 0.0624 0.8694
vn -0.9925 0.0037 0.1220
vn -0.9747 0.0148 0.2228
vn -0.9480 0.0226 0.3174
vn -0.9352 0.0233 0.3533
vn -0.8390 0.0388 0.5427
vn -0.9983 0.0003 0.0578
vn -0.9973 0.0043 0.0730
vn -0.9993 -0.0029 -0.0361
vn -0.9841 -0.0146 -0.1773
vn -0.9911 -0.0097 -0.1324
vn -0.8928 -0.0322 -0.4494
vn -0.9255 -0.0273 -0.3777
vn -0.9089 -0.0316 -0.4157
vn -0.9574 -0.0211 -0.2881
vn -0.9801 -0.0142 -0.1980
vn -0.8361 -0.0393 -0.5472
vn -0.7764 -0.0463 -0.6285
vn -0.7802 -0.0447 -0.6239
vn -0.7194 -0.0509 -0.6927
vn -0.5959 -0.0586 -0.8010
vn -0.6419 -0.0552 -0.7648
vn -0.3269 -0.0676 -0.9426
vn -0.4109 -0.0653 -0.9093
vn -0.3771 -0.0678 -0.9237
vn -0.4811 -0.0632 -0.8744
vn -0.5677 -0.0589 -0.8211
vn -0.2127 -0.0699 -0.9746
vn -0.1349 -0.0722 -0.9882
vn -0.1188 -0.0710 -0.9904
vn -0.0048 -0.0716 -0.9974
vn 0.1156 -0.0723 -0.9907
vn 0.1516 -0.0706 -0.9859
vn 0.2846 -0.0685 -0.9562
vn 0.3591 -0.0679 -0.9308
vn 0.3728 -0.0663 -0.9256
vn 0.4714 -0.0632 -0.8796
vn 0.5799 -0.0594 -0.8125
vn 0.5531 -0.0596 -0.8310
vn 0.7643 -0.0472 -0.6431
vn 0.7020 -0.0509 -0.7103
vn 0.6197 -0.0561 -0.7828
vn 0.9006 -0.0321 -0.4334
vn 0.8291 -0.0401 -0.5577
vn 0.7656 -0.0460 -0.6416
vn 0.9804 -0.0152 -0.1963
vn 0.9554 -0.0211 -0.2945
vn 0.9035 -0.0306 -0.4275
vn 0.9986 0.0027 0.0530
vn 0.9960 -0.0064 -0.0892
vn 0.9808 -0.0140 -0.1947
vn 0.9282 0.0262 0.3712
vn 0.9544 0.0213 0.2978
vn 0.9540 0.0204 0.2991
vn 0.9801 0.0141 0.1978
vn 0.9984 0.0040 0.0557
vn 0.8495 0.0366 0.5263
vn 0.8592 0.0366 0.5103
vn 0.8836 0.0322 0.4671
vn 0.9043 0.0290 0.4260
vn 0.6670 0.0532 0.7431
vn 0.7255 0.0492 0.6865
vn 0.6913 0.0510 0.7207
vn 0.7925 0.0435 0.6083
vn 0.8349 0.0393 0.5489
vn 0.5928 0.0563 0.8034
vn 0.2582 0.0692 0.9636
vn 0.2641 0.0661 0.9622
vn 0.3528 0.0649 0.9334
vn 0.0097 0.0715 0.9974
vn -0.0666 0.0708 0.9953
vn 0.0315 0.0685 0.9972
vn 0.1389 0.0697 0.9879
vn -0.6774 0.0526 0.7337
vn -0.6780 0.0481 0.7335
vn -0.4732 0.0630 0.8787
vn -0.6070 0.0545 0.7928
vn -0.5166 0.0610 0.8541
vn -0.4309 0.0622 0.9003
vn -0.3600 0.0667 0.9306
vn -0.4138 0.0620 0.9083
vn -0.3091 0.0678 0.9486
vn -0.8838 0.0326 0.4668
vn -0.8253 0.0371 0.5634
vn -0.7537 0.0459 0.6556
vn -0.8216 -0.0364 -0.5689
vn -0.6603 -0.0330 -0.7503
vn -0.7212 -0.0478 -0.6910
vn -0.4268 -0.0623 -0.9022
vn -0.2109 -0.0516 -0.9761
vn -0.2780 -0.0676 -0.9582
vn 0.1676 -0.0699 -0.9834
vn 0.3533 -0.0571 -0.9338
vn 0.2394 -0.0692 -0.9685
vn 0.6927 -0.0516 -0.7194
vn 0.7020 -0.0358 -0.7112
vn 0.9605 -0.0199 -0.2776
vn 0.8068 -0.0326 -0.5899
vn 0.5499 -0.0571 -0.8333
vn -0.0352 -0.0646 -0.9973
vn -0.5680 -0.0427 -0.8219
vn -0.9980 0.0029 -0.0639
vn -0.9697 -0.0095 -0.2440
vn -0.9982 0.0132 0.0589
vn -0.9593 0.0296 0.2807
vn -0.9825 0.0153 0.1854
vn -0.9850 -0.0113 -0.1723
vn -0.9571 0.0059 -0.2898
vn -0.9186 -0.0011 -0.3951
vn -0.6060 0.0569 0.7934
vn -0.8203 0.0469 0.5700
vn -0.6938 0.0580 0.7178
vn -0.9152 0.0457 0.4005
vn -0.9615 0.0196 0.2741
vn -0.3685 0.0669 0.9272
vn -0.2373 0.0750 0.9686
vn -0.2373 0.0695 0.9689
vn -0.0314 0.0752 0.9967
vn 0.2772 0.0727 0.9580
vn 0.1873 0.0711 0.9797
vn 0.7215 0.0548 0.6903
vn 0.6089 0.0569 0.7912
vn 0.3922 0.0653 0.9176
vn 0.9865 0.0117 0.1634
vn 0.9265 0.0287 0.3752
vn 0.9713 0.0195 0.2370
vn 0.8470 0.0415 0.5299
vn 0.7389 0.0481 0.6720
vn 0.7436 0.6686 0.0051
vn 0.7607 0.6478 -0.0409
vn 0.6418 0.7665 0.0236
vn 0.9968 0.0024 -0.0794
vn 0.9651 -0.0088 -0.2618
vn 0.9099 -0.0278 -0.4139
vn 0.7984 0.0447 0.6004
vn 0.6692 0.0665 0.7401
vn 0.7212 0.0501 0.6909
vn -0.1517 0.0714 0.9858
vn -0.2658 0.0832 0.9604
vn -0.2393 0.0696 0.9685
vn 0.6764 -0.0527 -0.7347
vn 0.6920 -0.0455 -0.7205
vn 0.5265 -0.0567 -0.8483
vn 0.4827 -0.0581 -0.8739
vn 0.4892 -0.0572 -0.8703
vn 0.3482 -0.0657 -0.9351
vn -0.0134 -0.0688 -0.9975
vn 0.3032 -0.0678 -0.9505
vn -0.2303 -0.0694 -0.9706
vn -0.1287 -0.0688 -0.9893
vn -0.2774 -0.0643 -0.9586
vn 0.0588 -0.0667 -0.9960
vn 0.2266 -0.0696 -0.9715
vn -0.7222 -0.0459 -0.6901
vn -0.5520 -0.0594 -0.8317
vn -0.3517 -0.0670 -0.9337
vn -0.9532 -0.0213 -0.3016
vn -0.8977 -0.0278 -0.4397
vn -0.9706 -0.0137 -0.2402
vn -0.8000 -0.0379 -0.5988
vn -0.6950 -0.0514 -0.7172
vn -0.9600 0.0228 0.2790
vn -1.0000 0.0007 0.0079
vn -0.9828 -0.0132 -0.1842
vn -0.8677 0.0396 0.4955
vn -0.9352 0.0256 0.3533
vn -0.9780 0.0149 0.2080
vn -0.5315 0.0641 0.8446
vn -0.6254 0.0564 0.7783
vn -0.6927 0.0517 0.7194
vn -0.7243 0.0588 0.6870
vn -0.7933 0.0547 0.6064
vn -0.3833 0.0771 0.9204
vn 0.2782 0.0691 0.9580
vn 0.5555 0.0693 0.8286
vn 0.4582 0.0674 0.8863
vn 0.3687 0.0671 0.9271
vn 0.2175 0.0827 0.9726
vn 0.0370 0.0779 0.9963
vn 0.9995 0.0079 0.0319
vn 0.9704 0.0212 0.2407
vn 0.9916 -0.0054 -0.1296
vn 0.9605 -0.0123 -0.2781
vn 0.9860 0.0126 0.1664
vn 0.9594 0.0347 0.2801
vn 0.9057 0.0428 0.4218
vn 0.7693 -0.0443 -0.6374
vn 0.8682 -0.0314 -0.4952
vn 0.9497 -0.0223 -0.3122
vn 0.8729 0.4862 0.0415
vn 0.8883 0.4574 0.0419
vn 0.8546 0.5172 0.0459
vn 0.7558 0.6529 0.0498
vn 0.6777 0.7349 0.0272
vn 0.7864 0.6166 0.0373
vn 0.8083 0.5874 0.0409
vn 0.8291 0.5576 0.0416
vn 0.8552 0.5172 0.0343
vn -0.9564 -0.0487 0.2881
vn -0.9605 -0.0322 0.2764
vn -0.9544 0.0825 0.2869
vn -0.9515 0.0899 0.2943
vn -0.9489 0.0927 0.3016
vn -0.9545 0.0727 0.2893
vn -0.9470 0.0940 0.3071
vn -0.9501 0.0941 0.2975
vn -0.9527 0.0889 0.2907
vn -0.9538 0.0864 0.2879
vn -0.9535 0.0867 0.2886
vn -0.9580 -0.0520 0.2820
vn -0.9740 0.0985 0.2039
vn -0.9718 0.0880 -0.2190
vn -0.9764 0.0576 -0.2080
vn -0.9870 0.0654 -0.1469
vn -0.9920 0.1008 0.0764
vn -0.9977 0.0673 -0.0033
vn -0.9930 0.0907 -0.0758
vn -0.9763 0.0879 -0.1980
vn -0.9780 -0.0561 0.2008
vn -0.9966 -0.0678 0.0478
vn -0.9897 -0.0787 -0.1196
vn -0.9775 -0.0834 -0.1938
vn -0.9972 0.0707 0.0253
vn -0.9969 0.0562 0.0555
vn -0.9969 0.0591 -0.0517
vn -0.9924 0.0468 0.1138
vn -0.9890 0.0499 0.1391
vn -0.9951 0.0345 0.0929
vn -0.9966 0.0815 -0.0099
vn -0.9958 0.0894 0.0176
vn -0.9938 0.0873 -0.0695
vn -0.9870 0.0582 -0.1500
vn -0.9833 0.0887 -0.1592
vn -0.9865 -0.0805 -0.1424
vn -0.9924 -0.0653 0.1040
vn -0.9971 -0.0711 0.0258
vn -0.9957 -0.0749 -0.0553
vn -0.9923 -0.0249 0.1215
vn -0.3868 -0.9164 0.1033
vn -0.3318 -0.9370 0.1089
vn -0.0853 -0.9930 0.0819
vn -0.8201 -0.5532 0.1460
vn -0.6216 -0.7716 0.1352
vn -0.7095 -0.6947 0.1184
vn -0.9714 -0.1926 0.1392
vn -0.9188 -0.3672 0.1450
vn -0.9232 -0.3666 0.1151
vn -0.0999 -0.9917 0.0807
vn -0.1008 -0.9922 0.0735
vn -0.3894 -0.9180 0.0752
vn -0.1014 -0.9927 0.0650
vn -0.3896 -0.9200 0.0422
vn -0.1007 -0.9933 0.0561
vn -0.3862 -0.9224 0.0080
vn -0.0979 -0.9939 0.0512
vn -0.3799 -0.9250 -0.0113
vn -0.7134 -0.6975 0.0672
vn -0.7128 -0.7013 0.0069
vn -0.7067 -0.7053 -0.0558
vn -0.6992 -0.7090 -0.0921
vn -0.9275 -0.3706 0.0489
vn -0.9264 -0.3753 -0.0295
vn -0.9184 -0.3798 -0.1109
vn -0.9100 -0.3830 -0.1586
vn -0.0931 -0.9916 0.0897
vn -0.0941 -0.9907 0.0985
vn -0.3720 -0.9175 0.1404
vn -0.3692 -0.9130 0.1734
vn -0.6949 -0.6938 0.1892
vn -0.6833 -0.6864 0.2489
vn -0.9093 -0.3602 0.2084
vn -0.8910 -0.3529 0.2856
vn -0.0939 -0.9927 0.0753
vn -0.3771 -0.9225 0.0824
vn -0.7072 -0.7024 0.0806
vn -0.9264 -0.3706 0.0661
vn -0.0932 -0.9939 0.0593
vn -0.3748 -0.9269 0.0187
vn -0.7024 -0.7108 -0.0383
vn -0.9199 -0.3817 -0.0895
vn -0.6849 -0.6834 0.2529
vn -0.9183 -0.2747 0.2851
vn -0.8903 -0.3518 0.2890
vn -0.3709 -0.9117 0.1768
vn -0.5975 -0.8010 0.0377
vn -0.8060 -0.5916 0.0190
vn -0.0956 -0.9904 0.0994
vn -0.0089 -0.9970 0.0765
vn -0.0880 -0.9935 0.0723
vn -0.2474 -0.9669 0.0619
vn -0.4081 -0.9114 0.0524
vn 0.4649 -0.0354 -0.8846
vn 0.4686 -0.0329 -0.8828
vn 0.3687 0.1002 -0.9241
vn 0.4585 -0.0442 -0.8876
vn 0.3494 0.0821 -0.9334
vn 0.4542 -0.0546 -0.8892
vn 0.3165 0.0351 -0.9479
vn 0.4537 -0.0602 -0.8891
vn 0.2928 -0.0177 -0.9560
vn 0.1857 0.3059 -0.9338
vn 0.1461 0.2584 -0.9549
vn -0.0323 0.5053 -0.8624
vn -0.0944 0.4325 -0.8967
vn -0.2474 0.6586 -0.7107
vn -0.3284 0.5701 -0.7531
vn -0.4232 0.7459 -0.5142
vn -0.5167 0.6524 -0.5544
vn -0.5193 0.7723 -0.3659
vn -0.6183 0.6790 -0.3958
vn 0.0768 0.1559 -0.9848
vn -0.1991 0.2787 -0.9395
vn -0.4602 0.3790 -0.8029
vn -0.6645 0.4421 -0.6024
vn -0.7786 0.4588 -0.4281
vn 0.0222 0.0439 -0.9988
vn -0.2802 0.1094 -0.9537
vn -0.5576 0.1655 -0.8134
vn -0.7647 0.2027 -0.6117
vn -0.8719 0.2240 -0.4355
vn 0.2865 -0.0489 -0.9568
vn 0.0016 -0.0252 -0.9997
vn -0.3131 0.0042 -0.9497
vn -0.5944 0.0330 -0.8035
vn -0.7976 0.0557 -0.6007
vn -0.8970 0.0665 -0.4371
vn 0.4857 -0.1598 -0.8594
vn 0.4598 -0.1594 -0.8736
vn 0.3190 -0.1573 -0.9346
vn 0.0340 -0.1507 -0.9880
vn -0.3163 -0.1360 -0.9389
vn -0.6251 -0.1167 -0.7718
vn -0.8200 -0.0996 -0.5637
vn -0.9050 -0.0889 -0.4159
vn -0.9327 -0.0863 -0.3501
vn -0.9126 0.1880 -0.3632
vn -0.9420 -0.0680 -0.3287
vn -0.9392 0.0452 -0.3404
vn -0.8330 0.4022 -0.3800
vn -0.8845 0.2996 -0.3577
vn -0.9263 0.1217 -0.3565
vn -0.5421 0.7909 -0.2839
vn -0.5597 0.7766 -0.2891
vn -0.5888 0.7420 -0.3207
vn -0.6483 0.6942 -0.3128
vn -0.7891 0.5130 -0.3379
vn -0.9259 0.3769 0.0250
vn -0.9204 0.3895 0.0336
vn -0.8920 0.4455 -0.0760
vn -0.9063 0.4223 0.0170
vn -0.4923 0.7654 0.4144
vn -0.9129 0.4081 0.0036
vn -0.9163 0.3969 0.0531
vn -0.9113 0.4069 0.0627
vn -0.8920 0.4467 -0.0698
vn -0.8805 0.4718 -0.0452
vn -0.9197 0.3916 0.0270
vn -0.9174 0.3880 0.0881
vn -0.7176 0.6958 -0.0293
vn -0.6785 0.7346 -0.0026
vn -0.7803 0.6242 0.0393
vn -0.8401 0.5403 0.0485
vn -0.8708 0.4904 0.0358
vn -0.7808 0.6211 -0.0678
vn -0.8474 0.5286 -0.0507
vn -0.9144 0.3995 0.0650
vn -0.9255 0.3683 0.0883
vn -0.9165 0.3903 0.0870
vn -0.9222 0.3744 0.0970
vn -0.9042 0.4198 0.0783
vn -0.8697 0.4894 0.0647
vn 0.3678 0.8698 -0.3290
vn 0.4582 0.7913 -0.4047
vn 0.1400 0.8836 -0.4468
vn 0.0834 0.9294 -0.3594
vn -0.2706 0.8832 -0.3832
vn -0.2860 0.9037 -0.3188
vn -0.5613 0.7762 -0.2871
vn -0.5665 0.7868 -0.2449
vn -0.7451 0.6404 -0.1861
vn -0.7371 0.6528 -0.1749
vn -0.8159 0.5637 -0.1286
vn -0.8122 0.5697 -0.1255
vn 0.2882 0.9219 -0.2588
vn 0.0428 0.9571 -0.2865
vn -0.2929 0.9174 -0.2694
vn -0.5622 0.7974 -0.2192
vn -0.7294 0.6638 -0.1651
vn -0.8082 0.5760 -0.1226
vn 0.0651 0.3176 -0.9460
vn 0.1348 0.2766 -0.9515
vn 0.1466 0.1845 -0.9718
vn -0.2356 0.6151 -0.7525
vn -0.0982 0.3855 -0.9175
vn -0.1260 0.4447 -0.8868
vn -0.1650 0.6027 -0.7807
vn -0.4163 0.7482 -0.5166
vn -0.3839 0.7686 -0.5117
vn -0.2412 0.7230 -0.6473
vn -0.0889 0.5756 -0.8129
vn 0.0500 0.4384 -0.8974
vn -0.4958 0.7878 -0.3655
vn -0.4803 0.8078 -0.3416
vn -0.4183 0.7490 -0.5138
vn -0.3319 0.6617 -0.6723
vn -0.3121 0.5043 -0.8052
vn -0.4979 0.7870 -0.3643
vn -0.3964 0.7596 -0.5156
vn -0.2236 0.6710 -0.7070
vn -0.0184 0.5135 -0.8579
vn 0.1846 0.3047 -0.9344
vn 0.3567 0.0836 -0.9305
vn 0.4286 -0.0527 -0.9020
vn 0.0234 0.1398 -0.9899
vn -0.2168 0.2885 -0.9326
vn 0.1316 0.9582 -0.2539
vn 0.2491 0.8741 -0.4171
vn 0.1737 0.9529 -0.2485
vn 0.2965 0.8707 -0.3924
vn 0.2096 0.9478 -0.2402
vn 0.2598 0.9403 -0.2200
vn 0.3384 0.8788 -0.3364
vn 0.3513 0.8411 -0.4113
vn 0.3051 0.8129 -0.4961
vn 0.3951 0.7607 -0.5151
vn 0.4188 0.5741 -0.7036
vn 0.4597 0.5180 -0.7214
vn 0.4835 0.2796 -0.8295
vn 0.4784 0.2634 -0.8377
vn 0.5287 0.3228 -0.7850
vn 0.4931 0.2055 -0.8454
vn 0.5291 0.2265 -0.8178
vn 0.5689 0.2085 -0.7955
vn 0.6177 0.1710 -0.7676
vn 0.7748 0.3166 -0.5473
vn 0.5358 0.7832 -0.3155
vn 0.5636 0.6991 -0.4400
vn 0.6126 0.7050 -0.3573
vn 0.6769 0.6594 -0.3270
vn 0.8154 0.5000 -0.2918
vn 0.7894 0.5371 -0.2974
vn 0.7194 0.3540 -0.5976
vn 0.7371 0.5943 -0.3218
vn 0.6682 0.4365 -0.6024
vn 0.6241 0.4862 -0.6117
vn 0.5668 0.5311 -0.6298
vn 0.8590 0.4369 -0.2669
vn 0.4815 0.2163 -0.8493
vn 0.4707 0.8153 -0.3371
vn 0.4849 0.7371 -0.4706
vn 0.4991 0.5641 -0.6578
vn 0.4905 0.3493 -0.7983
vn 0.4754 0.2170 -0.8526
vn 0.4762 0.2626 -0.8392
vn 0.4801 0.2744 -0.8332
vn 0.4225 0.8297 -0.3648
vn 0.4173 0.7806 -0.4653
vn 0.5147 0.8195 -0.2519
vn 0.3968 0.8970 -0.1949
vn 0.3514 0.9127 -0.2085
vn 0.4204 0.8575 -0.2967
vn 0.3221 0.9208 -0.2200
vn 0.4837 0.8580 -0.1726
vn 0.9908 0.1233 -0.0550
vn 0.9860 0.1583 -0.0524
vn 0.9711 0.2234 -0.0836
vn 0.9759 0.2154 -0.0341
vn 0.9680 0.2478 -0.0386
vn 0.9471 0.3179 -0.0445
vn 0.9614 0.2745 -0.0193
vn 0.9494 0.3139 -0.0099
vn 0.9817 0.1224 -0.1456
vn 0.9955 0.0710 -0.0630
vn 0.9901 0.0434 -0.1336
vn 0.9486 0.2944 -0.1161
vn 0.9716 0.1917 -0.1389
vn 0.9135 0.3817 -0.1407
vn 0.9456 0.2751 -0.1739
vn 0.7593 0.6168 -0.2074
vn 0.8542 0.4857 -0.1853
vn 0.8991 0.3644 -0.2424
vn 0.6012 0.7648 -0.2317
vn 0.5314 0.8326 -0.1561
vn 0.6635 0.7084 -0.2408
vn 0.7758 0.6187 -0.1241
vn 0.7727 0.6301 -0.0772
vn 0.7010 0.7117 -0.0458
vn 0.8811 0.4691 -0.0601
vn 0.8580 0.5106 -0.0565
vn 0.8328 0.5452 -0.0962
vn 0.8381 0.5414 -0.0670
vn 0.7934 0.6012 -0.0955
vn 0.7636 0.6434 -0.0542
vn 0.9151 0.3999 -0.0517
vn 0.9028 0.4263 -0.0561
vn 0.8887 0.4570 -0.0382
vn 0.9216 0.3809 -0.0744
vn 0.8823 0.4556 -0.1185
vn 0.8248 0.5386 -0.1721
vn 0.7754 0.6177 -0.1309
vn 0.6672 0.7406 -0.0799
vn 0.7028 0.6930 -0.1608
vn 0.6037 0.7903 -0.1046
vn 0.6098 0.7643 -0.2096
vn 0.5669 0.8145 -0.1233
vn 0.9308 0.3636 -0.0375
vn 0.9403 0.3398 -0.0191
vn 0.8300 0.2388 -0.5041
vn 0.8688 0.1580 -0.4693
vn 0.8932 0.0737 -0.4437
vn 0.7141 0.0299 -0.6994
vn 0.7191 -0.0154 -0.6947
vn 0.9013 0.0231 -0.4327
vn 0.6886 0.0777 -0.7209
vn 0.6594 0.1241 -0.7415
vn 0.0893 -0.9958 0.0192
vn 0.0948 -0.9949 0.0334
vn 0.3396 -0.9314 -0.1310
vn 0.3619 -0.9289 -0.0783
vn 0.6171 -0.7245 -0.3071
vn 0.6609 -0.7195 -0.2131
vn 0.8012 -0.4094 -0.4364
vn 0.8597 -0.4018 -0.3155
vn 0.8615 -0.1221 -0.4928
vn 0.9256 -0.1120 -0.3615
vn 0.0794 -0.9968 0.0052
vn 0.3012 -0.9355 -0.1846
vn 0.5475 -0.7322 -0.4052
vn 0.7111 -0.4190 -0.5646
vn 0.7657 -0.1313 -0.6296
vn 0.0695 -0.9976 0.0002
vn 0.2687 -0.9401 -0.2096
vn 0.4945 -0.7397 -0.4565
vn 0.6447 -0.4271 -0.6340
vn 0.6948 -0.1405 -0.7053
vn 0.0669 -0.9978 -0.0003
vn 0.2618 -0.9413 -0.2132
vn 0.4838 -0.7413 -0.4651
vn 0.6314 -0.4288 -0.6461
vn 0.6804 -0.1422 -0.7189
vn 0.0669 -0.9978 -0.0002
vn 0.2618 -0.9413 -0.2131
vn 0.4837 -0.7414 -0.4652
vn 0.6315 -0.4286 -0.6461
vn 0.0672 -0.9977 0.0008
vn 0.2637 -0.9415 -0.2098
vn 0.6803 -0.1422 -0.7190
vn 0.0978 -0.9926 0.0716
vn 0.0895 -0.9944 0.0568
vn 0.3846 -0.9206 0.0675
vn 0.0993 -0.9923 0.0743
vn 0.3866 -0.9189 0.0782
vn 0.3887 -0.9187 0.0703
vn 0.1026 -0.9927 0.0633
vn 0.1003 -0.9923 0.0723
vn 0.3915 -0.9195 0.0358
vn -0.7019 0.0509 0.7105
vn -0.6805 0.0510 0.7309
vn -0.7155 0.0904 0.6928
vn -0.3676 0.7895 -0.4915
vn -0.3617 0.8913 -0.2734
vn -0.3038 0.8619 -0.4060
vn -0.3855 0.5962 -0.7042
vn -0.3172 0.9152 -0.2487
vn -0.2780 0.9445 -0.1753
vn -0.8356 0.3358 -0.4348
vn -0.4182 0.8757 -0.2414
vn -0.5001 0.8280 -0.2537
vn -0.5187 0.8258 -0.2214
vn -0.3004 0.9425 -0.1466
vn -0.5791 0.7923 -0.1920
vn -0.3595 0.9109 -0.2026
vn -0.6329 0.7536 -0.1774
vn -0.5681 0.8045 -0.1737
vn -0.7054 0.6929 -0.1492
vn -0.7988 0.5867 -0.1331
vn -0.2721 0.9522 -0.1387
vn -0.1137 0.9757 -0.1874
vn -0.5558 0.8282 -0.0716
vn -0.5151 0.8410 -0.1654
vn -0.4735 0.8742 -0.1076
vn -0.3025 0.9192 -0.2522
vn -0.0736 0.9052 -0.4186
vn -0.2617 0.8960 -0.3588
vn 0.1737 0.8060 -0.5658
vn 0.0601 0.8330 -0.5499
vn 0.4057 0.6174 -0.6740
vn 0.3805 0.6422 -0.6654
vn 0.5845 0.3812 -0.7163
vn 0.6173 0.3868 -0.6851
vn -0.6936 0.7199 -0.0251
vn -0.7990 0.6008 0.0232
vn -0.8642 0.5009 0.0471
vn -0.9017 0.4282 0.0605
vn -0.5815 0.8071 -0.1025
vn -0.7166 0.6963 -0.0409
vn -0.8024 0.5968 0.0032
vn -0.8543 0.5191 0.0258
vn -0.0184 0.9468 -0.3214
vn -0.1490 0.9513 -0.2699
vn -0.1263 0.9506 -0.2835
vn -0.2627 0.9375 -0.2283
vn -0.2431 0.9412 -0.2344
vn -0.3778 0.9031 -0.2043
vn -0.4649 0.8624 -0.2003
vn -0.3256 0.9299 -0.1709
vn -0.0055 0.9190 -0.3941
vn -0.1588 0.9535 -0.2563
vn -0.1727 0.9361 -0.3064
vn -0.3155 0.9295 -0.1911
vn -0.2889 0.9225 -0.2561
vn 0.0383 0.9277 -0.3712
vn 0.1504 0.8833 -0.4440
vn -0.0011 0.9343 -0.3566
vn 0.0938 0.9004 -0.4249
vn 0.0417 0.9189 -0.3922
vn -0.0915 0.9417 -0.3239
vn -0.6295 0.7719 -0.0892
vn -0.5240 0.8417 -0.1306
vn -0.4071 0.8964 -0.1751
vn -0.2911 0.9299 -0.2247
vn -0.1953 0.9431 -0.2693
vn -0.7903 0.6127 -0.0085
vn -0.7342 0.6780 -0.0357
vn -0.7247 0.6884 -0.0306
vn -0.6493 0.7576 -0.0673
vn -0.6134 0.7854 -0.0828
vn -0.5329 0.8363 -0.1289
vn -0.5332 0.8387 -0.1110
vn -0.4154 0.8906 -0.1850
vn -0.4711 0.8750 -0.1114
vn -0.3807 0.9083 -0.1737
vn 0.1109 0.9004 -0.4207
vn 0.1801 0.8842 -0.4311
vn 0.2585 0.8239 -0.5043
vn -0.1185 0.9612 -0.2491
vn -0.0258 0.9641 -0.2642
vn 0.0627 0.9626 -0.2637
vn 0.4065 0.5845 -0.7022
vn 0.5011 0.2824 -0.8180
vn 0.3620 0.6615 -0.6568
vn 0.4676 0.4547 -0.7580
vn 0.5280 0.2673 -0.8061
vn 0.2464 0.8115 -0.5299
vn 0.5521 0.3604 -0.7518
vn 0.5669 0.2318 -0.7905
vn 0.5137 0.3889 -0.7648
vn 0.4449 0.5530 -0.7045
vn 0.3627 0.6646 -0.6533
vn 0.3047 0.7215 -0.6218
vn 0.1565 0.8461 -0.5095
vn 0.1716 0.8595 -0.4815
vn 0.0059 0.9237 -0.3831
vn -0.0578 0.9186 -0.3910
vn -0.6427 0.7502 -0.1556
vn 0.7183 0.3508 -0.6009
vn 0.6706 0.3728 -0.6414
vn 0.3795 0.6247 -0.6824
vn 0.4658 0.5662 -0.6800
vn 0.2081 0.6971 -0.6862
vn -0.0383 0.7964 -0.6035
vn -0.0420 0.7655 -0.6421
vn -0.2906 0.7787 -0.5560
vn -0.4400 0.8013 -0.4053
vn -0.5291 0.7365 -0.4215
vn -0.7415 0.6606 -0.1172
vn -0.7580 0.6142 -0.2197
vn -0.3651 0.8499 -0.3799
vn 0.0030 0.8181 -0.5750
vn 0.3775 0.6367 -0.6724
vn 0.6476 0.3838 -0.6582
vn 0.7070 0.3886 -0.5909
vn 0.4124 0.6169 -0.6704
vn 0.1532 0.7240 -0.6726
vn -0.1701 0.7753 -0.6082
vn -0.5705 0.7031 -0.4244
vn -0.8107 0.5482 -0.2053
vn 0.3846 0.6615 -0.6438
vn 0.5746 0.5494 -0.6067
vn 0.1385 0.7456 -0.6518
vn -0.1060 0.7840 -0.6117
vn -0.3482 0.7747 -0.5278
vn -0.6028 0.6960 -0.3901
vn -0.8112 0.5504 -0.1977
vn 0.7497 0.3642 -0.5525
vn -0.3054 0.8108 -0.4993
vn -0.0481 0.8183 -0.5727
vn 0.1181 0.7841 -0.6093
vn 0.2965 0.7284 -0.6177
vn 0.4576 0.6577 -0.5983
vn 0.5512 0.6044 -0.5752
vn 0.6843 0.5069 -0.5242
vn -0.8496 0.5151 -0.1137
vn -0.7201 0.6436 -0.2593
vn -0.5437 0.7456 -0.3853
vn -0.8284 0.5491 -0.1105
vn -0.0238 0.8598 -0.5101
vn -0.2723 0.8487 -0.4535
vn 0.5632 0.6842 -0.4634
vn 0.2583 0.8069 -0.5312
vn -0.8686 0.4955 -0.0075
vn -0.8642 0.5009 0.0470
vn -0.8350 0.5489 -0.0386
vn -0.8350 0.5490 -0.0386
vn -0.9023 0.4265 0.0632
vn -0.7960 0.6022 -0.0613
vn -0.7302 0.6767 -0.0938
vn -0.6764 0.7156 -0.1743
vn -0.6293 0.7486 -0.2089
vn -0.5980 0.7664 -0.2346
vn -0.5749 0.7840 -0.2343
vn -0.5771 0.7779 -0.2486
vn -0.5707 0.7781 -0.2625
vn -0.5591 0.7806 -0.2794
vn 0.0463 -0.9988 -0.0167
vn 0.0479 -0.9988 -0.0140
vn 0.1787 -0.9447 -0.2751
vn 0.1870 -0.9454 -0.2669
vn 0.3294 -0.7480 -0.5762
vn 0.3466 -0.7489 -0.5648
vn 0.4281 -0.4389 -0.7900
vn 0.4512 -0.4395 -0.7767
vn 0.2989 -0.4361 -0.8488
vn 0.2309 -0.7445 -0.6264
vn 0.1279 -0.9425 -0.3087
vn 0.0344 -0.4334 -0.9005
vn -0.2933 -0.4246 -0.8566
vn -0.5836 -0.4110 -0.7004
vn -0.7658 -0.3984 -0.5048
vn -0.8445 -0.3910 -0.3659
vn 0.0270 -0.7426 -0.6692
vn -0.2284 -0.7368 -0.6364
vn -0.4533 -0.7276 -0.5149
vn -0.5939 -0.7188 -0.3616
vn -0.6514 -0.7155 -0.2524
vn 0.0153 -0.9417 -0.3361
vn -0.1285 -0.9389 -0.3194
vn -0.2531 -0.9346 -0.2501
vn -0.3301 -0.9298 -0.1627
vn -0.3565 -0.9290 -0.0995
vn 0.0341 -0.9990 -0.0289
vn 0.0042 -0.9993 -0.0378
vn -0.0353 -0.9988 -0.0340
vn -0.0684 -0.9976 -0.0144
vn -0.0881 -0.9961 0.0104
vn -0.0928 -0.9953 0.0281
vn -0.8695 -0.3893 -0.3040
vn -0.0941 -0.9949 0.0354
vn -0.3646 -0.9283 -0.0729
vn -0.9021 -0.3137 -0.2962
vn -0.6693 -0.7143 -0.2046
vn 0.0992 -0.9930 0.0637
vn 0.1003 -0.9933 0.0572
vn 0.0992 -0.9940 0.0457
vn 0.0997 -0.9923 0.0737
vn 0.1001 -0.9925 0.0707
vn 0.1000 -0.9927 0.0674
vn -0.0000 -0.9974 0.0718
vn 0.0548 -0.9954 0.0788
vn 0.0981 -0.9917 0.0835
vn 0.0986 -0.9917 0.0823
vn 0.0998 -0.9918 0.0796
vn 0.0999 -0.9920 0.0766
vn 0.9894 -0.0473 0.1370
vn 0.9901 -0.0551 0.1290
vn 0.9197 -0.3647 0.1455
vn 0.9382 -0.3126 0.1482
vn 0.7059 -0.6941 0.1411
vn 0.7794 -0.6086 0.1488
vn 0.5656 -0.8135 0.1353
vn 0.3828 -0.9167 0.1147
vn 0.3825 -0.9165 0.1175
vn 0.2078 -0.9733 0.0979
vn 0.3841 -0.9168 0.1092
vn 0.7075 -0.6946 0.1300
vn 0.9216 -0.3656 0.1307
vn 0.9921 -0.0504 0.1148
vn 0.9946 -0.0493 0.0911
vn 0.9246 -0.3661 0.1054
vn 0.7103 -0.6951 0.1107
vn 0.3864 -0.9170 0.0988
vn 0.9971 -0.0507 0.0570
vn 0.9275 -0.3658 0.0767
vn 0.9980 -0.0517 0.0371
vn 0.9280 -0.3687 0.0544
vn 0.9585 -0.2829 0.0350
vn 0.9291 -0.3692 0.0211
vn 0.9979 -0.0648 0.0003
vn 0.9970 -0.0699 -0.0330
vn 0.9280 -0.3724 -0.0083
vn 0.9937 -0.0891 -0.0681
vn 0.9231 -0.3822 -0.0418
vn 0.7130 -0.6956 0.0886
vn 0.7142 -0.6966 0.0686
vn 0.7146 -0.6980 0.0469
vn 0.7132 -0.7006 0.0233
vn 0.7083 -0.7059 -0.0025
vn 0.3876 -0.9177 0.0869
vn 0.3884 -0.9184 0.0760
vn 0.3884 -0.9193 0.0642
vn 0.3881 -0.9202 0.0513
vn 0.3849 -0.9222 0.0372
vn 0.9868 -0.0910 -0.1337
vn 0.9170 -0.3860 -0.1008
vn 0.3846 -0.9230 0.0122
vn 0.7045 -0.7081 -0.0480
vn 0.3784 -0.9251 -0.0310
vn 0.6904 -0.7123 -0.1265
vn 0.8970 -0.3929 -0.2026
vn 0.9659 -0.0978 -0.2396
vn 0.9921 0.1250 -0.0099
vn 0.9973 0.0705 -0.0217
vn 0.9647 0.2631 0.0129
vn 0.9241 0.3808 0.0318
vn 0.9309 0.3641 0.0272
vn 0.9362 0.3492 0.0404
vn 0.9387 0.3438 0.0238
vn 0.9453 0.3256 0.0221
vn 0.9492 0.3138 0.0214
vn 0.9557 0.2936 0.0205
vn 0.9649 0.2621 0.0180
vn 0.9520 0.3060 0.0027
vn 0.9471 0.3208 -0.0027
vn 0.9454 0.3258 -0.0051
vn 0.9441 0.3296 -0.0075
vn 0.8539 0.5171 0.0585
vn 0.7741 0.6309 0.0516
vn 0.9036 0.4251 0.0522
vn 0.9038 0.4265 0.0363
vn 0.9161 0.3995 0.0344
vn 0.9900 0.1387 0.0274
vn 0.9881 0.1398 0.0635
vn 0.9805 0.1967 -0.0016
vn 0.9650 0.2604 0.0309
vn 0.9586 0.2779 0.0626
vn 0.9326 0.3504 0.0862
vn 0.9565 0.2767 0.0929
vn 0.7925 0.6061 0.0667
vn 0.8444 0.5286 0.0872
vn 0.8840 0.4600 0.0832
vn 0.9035 0.4198 0.0868
vn 0.9878 0.1146 0.1050
vn 0.9813 0.1604 0.1065
vn 0.9750 0.1941 0.1079
vn 0.9581 0.2648 0.1088
vn 0.8777 0.4707 0.0898
vn 0.8379 0.5419 0.0650
vn 0.7754 0.6271 0.0738
vn 0.7318 0.6794 0.0535
vn 0.4889 0.8716 0.0359
vn 0.4352 0.9000 0.0230
vn 0.5249 0.8502 0.0406
vn 0.5687 0.8219 0.0331
vn 0.6040 0.7950 0.0564
vn 0.6693 0.7414 0.0484
vn 0.6766 0.7332 0.0681
vn 0.7439 0.6647 0.0694
vn 0.3985 0.9165 0.0350
vn 0.3046 0.9523 0.0211
vn 0.2893 0.9571 0.0183
vn 0.1452 0.9894 0.0070
vn 0.2396 0.9709 -0.0021
vn 0.1771 0.9839 0.0236
vn 0.0781 0.9969 0.0081
vn -0.0017 0.9999 0.0161
vn 0.0073 0.9999 0.0089
vn 0.9236 0.3690 0.1037
vn 0.9892 0.0896 0.1161
vn 0.9774 0.1790 0.1128
vn 0.5574 0.8302 0.0048
vn 0.5354 0.8443 -0.0237
vn 0.6758 0.7367 0.0226
vn 0.6344 0.7729 0.0118
vn 0.5843 0.8108 -0.0356
vn 0.5563 0.8283 -0.0669
vn 0.6052 0.7958 -0.0225
vn 0.6354 0.7717 0.0288
vn 0.4805 0.8721 -0.0922
vn 0.5013 0.8626 -0.0674
vn 0.5198 0.8527 -0.0524
vn 0.3279 0.9426 -0.0628
vn 0.3968 0.9093 -0.1251
vn 0.3739 0.9223 -0.0975
vn 0.4353 0.8907 -0.1310
vn 0.4158 0.9042 -0.0974
vn 0.4899 0.8678 -0.0839
vn 0.5257 0.8478 -0.0700
vn 0.4513 0.8856 -0.1096
vn 0.4102 0.9108 -0.0467
vn 0.0843 0.9885 -0.1258
vn 0.1810 0.9773 -0.1104
vn 0.0251 0.9979 -0.0592
vn 0.0551 0.9951 -0.0820
vn 0.0758 0.9913 -0.1072
vn 0.1503 0.9853 -0.0812
vn 0.1475 0.9886 -0.0316
vn 0.0142 0.9997 -0.0217
vn 0.4274 0.9040 -0.0076
vn 0.2817 0.9531 -0.1105
vn 0.2861 0.9579 -0.0222
vn 0.2822 0.9569 -0.0680
vn -0.1770 0.9799 -0.0917
vn -0.2717 0.9589 -0.0814
vn -0.2170 0.9743 -0.0607
vn -0.3036 0.9513 -0.0535
vn -0.2490 0.9682 -0.0224
vn -0.3372 0.9411 -0.0258
vn -0.3468 0.9379 0.0079
vn -0.2738 0.9616 0.0173
vn -0.3881 0.9212 0.0272
vn -0.0158 0.9943 -0.1051
vn -0.0417 0.9965 -0.0723
vn -0.0744 0.9966 -0.0341
vn -0.0971 0.9952 0.0100
vn -0.1835 0.9829 0.0118
vn -0.1641 0.9861 -0.0277
vn -0.1334 0.9889 -0.0654
vn -0.0906 0.9908 -0.1001
vn -0.8177 0.5754 -0.0154
vn -0.8047 0.5926 -0.0368
vn -0.8358 0.5474 -0.0422
vn -0.8909 0.4531 -0.0321
vn -0.8380 0.5457 -0.0053
vn -0.8947 0.4465 0.0122
vn -0.8386 0.5447 0.0081
vn -0.9049 0.4227 0.0507
vn -0.9192 0.3909 0.0483
vn -0.9214 0.3836 0.0618
vn -0.9179 0.3965 0.0160
vn -0.9190 0.3943 0.0012
vn -0.9197 0.3916 -0.0286
vn -0.9265 0.3732 -0.0490
vn -0.9221 0.3833 -0.0536
vn -0.9282 0.3683 -0.0533
vn -0.9222 0.3836 -0.0483
vn -0.9109 0.4093 -0.0531
vn -0.8952 0.4424 -0.0532
vn -0.8873 0.4584 -0.0504
vn -0.8637 0.4946 -0.0971
vn -0.8737 0.4840 -0.0488
vn -0.9098 0.4115 -0.0549
vn -0.9154 0.3967 -0.0688
vn -0.8503 0.4747 -0.2271
vn -0.7857 0.6164 -0.0527
vn -0.5379 0.8404 -0.0667
vn -0.4762 0.8735 -0.1017
vn -0.5400 0.8399 -0.0554
vn -0.5530 0.8309 -0.0608
vn -0.5413 0.8378 -0.0718
vn -0.5789 0.8118 -0.0768
vn -0.5429 0.8363 -0.0774
vn -0.4004 0.9113 -0.0959
vn -0.4693 0.8813 -0.0559
vn -0.3398 0.9349 -0.1024
vn -0.2761 0.9510 -0.1390
vn -0.6598 0.7487 -0.0640
vn -0.7393 0.6719 -0.0444
vn -0.7662 0.6403 -0.0544
vn -0.5812 0.8099 -0.0791
vn -0.5848 0.8068 -0.0838
vn -0.6068 0.7916 -0.0718
vn -0.6251 0.7781 -0.0622
vn -0.6425 0.7642 -0.0562
vn -0.6604 0.7489 -0.0550
vn -0.6886 0.7216 -0.0722
vn -0.6997 0.7097 -0.0819
vn -0.7183 0.6932 -0.0598
vn -0.6347 0.7714 0.0455
vn -0.6549 0.7555 0.0179
vn -0.5775 0.8163 0.0126
vn -0.7370 0.6758 0.0025
vn -0.7548 0.6558 -0.0102
vn -0.6760 0.7366 -0.0228
vn -0.7184 0.6939 0.0491
vn -0.7213 0.6904 0.0558
vn -0.7302 0.6828 0.0256
vn -0.3998 0.9166 -0.0021
vn -0.1960 0.9803 0.0253
vn -0.2567 0.9660 0.0319
vn -0.3329 0.9421 0.0410
vn -0.3992 0.9163 0.0332
vn -0.4505 0.8923 0.0290
vn -0.4868 0.8735 0.0062
vn -0.5147 0.8567 0.0336
vn -0.5657 0.8238 0.0377
vn -0.1125 0.9934 0.0227
vn -0.3685 0.9268 -0.0728
vn -0.4809 0.8746 -0.0612
vn -0.6000 0.7984 -0.0509
vn -0.6858 0.7265 -0.0434
vn -0.6536 0.7549 -0.0540
vn -0.8058 0.5893 -0.0584
vn -0.7880 0.6128 -0.0597
vn -0.7980 0.6004 -0.0517
vn -0.7768 0.6277 -0.0509
vn -0.7542 0.6559 -0.0317
vn -0.7592 0.6488 -0.0505
vn -0.7074 0.7052 -0.0478
vn -0.7212 0.6912 -0.0456
vn -0.7033 0.7100 -0.0357
vn -0.6233 0.7797 -0.0604
vn -0.6036 0.7948 -0.0630
vn -0.3893 0.9202 -0.0410
vn -0.4861 0.8733 -0.0321
vn -0.5886 0.8080 -0.0251
vn -0.8129 0.5811 -0.0389
vn -0.8744 0.4837 -0.0388
vn -0.8689 0.4925 -0.0499
vn -0.9170 0.3988 0.0031
vn -0.8932 0.4495 0.0122
vn -0.8389 0.5442 -0.0087
vn -0.8878 0.4600 0.0130
vn -0.8841 0.4672 0.0012
vn -0.8869 0.4618 -0.0120
vn -0.8495 0.5274 -0.0178
vn -0.8900 0.4550 -0.0286
vn -0.9036 0.4264 -0.0406
vn -0.8333 0.5506 -0.0499
vn -0.8533 0.5192 -0.0474
vn -0.9289 0.3660 -0.0565
vn -0.8882 0.4542 0.0697
vn -0.9290 0.3595 0.0882
vn -0.9156 0.3953 0.0732
vn -0.9258 0.3751 0.0472
vn -0.9188 0.3919 0.0477
vn -0.9147 0.4012 0.0490
vn -0.9087 0.4141 0.0522
vn -0.8955 0.4402 0.0659
vn -0.8823 0.4627 0.0858
vn -0.8314 0.5520 0.0636
vn -0.8761 0.4747 0.0837
vn -0.8594 0.5081 0.0566
vn -0.8587 0.5077 0.0693
vn -0.8252 0.5600 0.0733
vn -0.7761 0.6288 0.0479
vn -0.8515 0.5242 0.0103
vn -0.8788 0.4709 -0.0766
vn -0.8786 0.4605 -0.1263
vn -0.9029 0.4296 -0.0110
vn -0.9107 0.4131 0.0073
vn -0.9147 0.4039 0.0136
vn -0.9282 0.3719 0.0101
vn -0.7940 0.6007 0.0940
vn -0.7848 0.6156 0.0724
vn -0.8454 0.5321 0.0473
vn -0.8134 0.5779 0.0660
vn -0.8015 0.5862 0.1179
vn -0.7754 0.6290 0.0557
vn -0.7656 0.6417 0.0456
vn -0.7619 0.6465 0.0403
vn -0.7662 0.6422 0.0211
vn -0.7721 0.6354 0.0074
vn -0.7767 0.6299 -0.0027
vn -0.7845 0.6197 -0.0248
vn -0.7948 0.6061 -0.0313
vn -0.8333 0.5526 0.0167
vn 0.4922 0.0683 0.8678
vn 0.1535 0.0814 0.9848
vn 0.2782 0.0700 0.9580
vn -0.9395 0.0248 0.3415
vn -0.9710 0.0171 0.2384
vn -0.9601 0.0234 0.2787
vn 0.9975 0.0152 0.0691
vn 0.9692 0.0289 0.2447
vn 0.9976 0.0089 -0.0681
vn 0.9593 -0.0033 -0.2822
vn 0.9807 -0.0114 -0.1950
vn 0.9051 0.0615 0.4208
vn 0.7210 0.0522 0.6910
vn 0.9421 0.0516 0.3315
vn 0.9815 0.0144 0.1908
vn 0.7820 -0.0400 -0.6220
vn 0.6930 -0.0386 -0.7199
vn 0.7225 -0.0490 -0.6897
vn 0.6065 -0.0566 -0.7930
vn 0.8495 -0.0195 -0.5273
vn 0.9062 -0.0089 -0.4228
vn 0.9566 -0.0208 -0.2907
vn 0.3938 -0.0648 -0.9169
vn 0.2359 -0.0616 -0.9698
vn 0.2454 -0.0693 -0.9669
vn 0.0345 -0.0667 -0.9972
vn -0.2767 -0.0634 -0.9589
vn -0.2016 -0.0692 -0.9770
vn -0.7639 -0.0463 -0.6437
vn -0.6465 -0.0534 -0.7610
vn -0.7214 -0.0422 -0.6912
vn -0.5204 -0.0570 -0.8520
vn -0.3564 -0.0665 -0.9320
vn -0.8862 -0.0320 -0.4623
vn -0.9710 -0.0108 -0.2386
vn -0.9510 -0.0217 -0.3084
vn -0.9950 0.0104 0.0993
vn -0.9980 -0.0009 -0.0640
vn -0.9792 -0.0145 -0.2024
vn -0.6924 0.0520 0.7196
vn -0.7462 0.0569 0.6633
vn -0.8754 0.0394 0.4817
vn -0.2396 0.0699 0.9683
vn -0.0881 0.0739 0.9934
vn -0.3147 0.0828 0.9456
vn -0.5170 0.0651 0.8535
vn 0.8367 0.0456 0.5458
vn 0.6772 0.0821 0.7312
vn 0.6236 0.0879 0.7768
vn -0.0835 -0.9940 0.0714
vn -0.0999 -0.9926 0.0694
vn -0.3877 -0.9199 0.0594
vn -0.3296 -0.9417 0.0680
vn -0.7131 -0.7000 0.0381
vn -0.6237 -0.7796 0.0574
vn -0.9280 -0.3723 0.0108
vn -0.9980 -0.0621 -0.0126
vn -0.9996 -0.0295 0.0044
vn -0.9799 -0.1986 0.0165
vn -0.9261 -0.3761 0.0290
vn -0.8260 -0.5621 0.0422
vn -0.0997 -0.9928 0.0657
vn -0.3872 -0.9209 0.0449
vn -0.7125 -0.7016 0.0115
vn -0.9270 -0.3744 -0.0231
vn -0.9968 -0.0632 -0.0499
vn -0.9519 0.3000 -0.0631
vn -0.9522 0.3035 -0.0357
vn -0.9777 0.2055 -0.0424
vn -0.9716 0.2352 -0.0251
vn -0.9784 0.2056 -0.0222
vn -0.9855 0.1677 -0.0249
vn -0.9937 0.1038 -0.0432
vn -0.9579 0.2843 -0.0391
vn -0.9610 0.2743 -0.0348
vn -0.9664 0.2553 -0.0290
vn -0.9580 0.2848 -0.0334
vn -0.9506 0.3097 -0.0206
vn -0.9363 0.3509 -0.0166
vn -0.9425 0.3330 -0.0277
vn -0.9451 0.3255 -0.0283
vn -0.9757 0.2005 -0.0880
vn -0.9742 0.2131 -0.0747
vn -0.9643 0.2535 -0.0761
vn -0.9869 0.1390 -0.0818
vn -0.9895 0.1336 -0.0542
vn -0.9865 0.1302 -0.0991
vn -0.9899 0.1001 -0.1000
vn -0.9909 -0.0888 -0.1014
vn -0.9937 0.0286 -0.1082
vn -0.9921 -0.0729 -0.1018
vn -0.9926 0.0628 -0.1037
vn -0.9937 -0.0672 -0.0899
vn -0.9922 0.0909 -0.0848
vn -0.9755 -0.2120 -0.0587
vn -0.9970 0.0770 -0.0096
vn -0.9907 0.1345 -0.0219
vn -0.9820 0.1722 -0.0781
vn -0.9636 0.2589 -0.0674
vn -0.9453 0.3223 -0.0508
vn -0.0989 -0.9933 0.0603
vn -0.0978 -0.9934 0.0606
vn -0.3842 -0.9229 0.0238
vn -0.3827 -0.9236 0.0246
vn -0.7082 -0.7055 -0.0275
vn -0.7071 -0.7067 -0.0262
vn -0.9224 -0.3791 -0.0745
vn -0.9220 -0.3802 -0.0730
vn -0.0997 -0.9931 0.0624
vn -0.3864 -0.9218 0.0322
vn -0.7107 -0.7034 -0.0120
vn -0.9237 -0.3787 -0.0574
vn -0.0958 -0.9932 0.0657
vn -0.0579 -0.9946 0.0866
vn -0.0948 -0.9910 0.0949
vn -0.0951 -0.9913 0.0912
vn -0.0952 -0.9919 0.0847
vn -0.0950 -0.9926 0.0752
vn -0.0000 -0.9975 0.0714
vn -0.9671 0.0584 0.2475
vn -0.9736 0.0595 0.2204
vn -0.9707 0.0469 0.2355
vn -0.9823 0.0590 0.1777
vn -0.9780 0.0524 0.2017
vn -0.9671 0.0523 0.2491
vn -0.9666 0.0594 0.2493
vn -0.9664 0.0613 0.2496
vn -0.9663 0.0618 0.2498
vn -0.9664 0.0614 0.2497
vn -0.9666 0.0595 0.2494
vn -0.9660 0.0607 0.2511
vn -0.9669 0.0397 0.2520
vn -0.9665 -0.0674 0.2476
vn -0.9643 -0.0539 0.2593
vn -0.9747 -0.0703 0.2122
vn -0.9776 0.0349 0.2077
vn -0.9784 0.0437 0.2022
vn -0.8986 -0.3597 0.2512
vn -0.9158 -0.3021 0.2645
vn -0.6887 -0.6902 0.2223
vn -0.7632 -0.5978 0.2451
vn -0.5563 -0.8053 0.2049
vn -0.3720 -0.9145 0.1591
vn -0.3763 -0.9117 0.1650
vn -0.2090 -0.9699 0.1249
vn -0.3741 -0.9160 0.1447
vn -0.6937 -0.6930 0.1963
vn -0.9062 -0.3626 0.2176
vn -0.9955 -0.0800 -0.0516
vn -0.3765 -0.9187 0.1194
vn -0.7008 -0.6975 0.1497
vn -0.9168 -0.3672 0.1567
vn -0.3790 -0.9218 0.0822
vn -0.7069 -0.7028 0.0804
vn -0.9252 -0.3737 0.0661
vn -0.3800 -0.9239 0.0445
vn -0.7075 -0.7066 0.0103
vn -0.9250 -0.3790 -0.0256
vn -0.9959 -0.0764 0.0492
vn -0.9867 -0.0718 0.1459
vn -0.9955 0.0949 -0.0078
vn -0.9953 0.0872 -0.0409
vn -0.9961 0.0600 0.0647
vn -0.9949 0.0977 0.0269
vn -0.9915 0.0753 0.1063
vn -0.9890 0.0404 0.1422
vn -0.9982 0.0388 0.0453
vn -0.9974 0.0501 -0.0526
vn -0.9898 0.0650 0.1272
vn -0.9941 0.0416 0.1002
vn -0.9907 0.0593 0.1222
vn -0.9965 0.0371 0.0753
vn -0.9872 0.0417 0.1541
vn -0.9915 0.0227 0.1283
vn -0.9915 0.0162 0.1292
vn -0.9915 0.0183 0.1290
vn -0.9915 0.0182 0.1290
vn -0.9915 0.0161 0.1292
vn -0.9915 0.0187 0.1289
vn -0.9714 0.1574 0.1778
vn -0.9711 0.1658 0.1716
vn -0.9803 0.1276 0.1506
vn -0.9843 0.1120 0.1363
vn -0.9861 0.0990 0.1333
vn -0.9877 0.0924 0.1263
vn -0.9891 0.0755 0.1265
vn 0.1571 -0.0840 0.9840
vn 0.1516 -0.2070 0.9665
vn 0.1678 -0.0800 0.9826
vn 0.3026 -0.1021 0.9476
vn 0.1461 -0.2638 0.9534
vn 0.1571 -0.3090 0.9380
vn 0.1306 -0.4347 0.8911
vn 0.0640 -0.5158 0.8543
vn 0.0923 -0.6309 0.7703
vn 0.1306 -0.4347 0.8910
vn 0.0924 -0.6309 0.7703
vn 0.0848 -0.6776 0.7305
vn 0.1278 0.0384 0.9911
vn 0.1593 0.0703 0.9847
vn 0.1594 0.0689 0.9848
vn 0.1593 0.0680 0.9849
vn 0.1591 0.0669 0.9850
vn 0.1592 0.0673 0.9849
vn 0.1592 0.0672 0.9850
vn 0.1561 0.0522 0.9864
vn 0.0172 0.0055 0.9998
vn -0.8494 0.0375 0.5265
vn -0.2097 0.0047 -0.9778
vn -0.2102 0.0071 -0.9776
vn -0.2080 0.1028 -0.9727
vn -0.2078 0.1064 -0.9724
vn -0.2113 -0.0669 -0.9751
vn -0.1922 -0.0372 -0.9806
vn -0.1836 -0.0490 -0.9818
vn -0.1660 -0.0363 -0.9855
vn -0.2106 -0.0656 -0.9754
vn -0.2100 -0.0667 -0.9754
vn -0.2108 -0.0310 -0.9770
vn -0.2083 -0.0311 -0.9776
vn -0.2028 -0.0312 -0.9787
vn -0.0815 0.9293 -0.3601
vn -0.0892 0.9271 -0.3640
vn -0.1045 0.8796 -0.4641
vn -0.1156 0.8351 -0.5379
vn -0.1515 0.7335 -0.6626
vn -0.1824 0.6099 -0.7712
vn -0.1963 0.3204 -0.9267
vn -0.1953 0.3334 -0.9223
vn -0.1963 0.3205 -0.9267
vn -0.1953 0.3335 -0.9223
vn -0.1688 0.5767 -0.7993
vn -0.9607 0.2127 0.1785
vn -0.9602 0.2136 0.1797
vn -0.9648 0.2054 0.1641
vn -0.9632 0.2019 0.1773
vn -0.9668 0.1844 0.1769
vn -0.9669 0.1840 0.1766
vn -0.9696 0.1964 0.1458
vn -0.9699 0.1965 0.1438
vn -0.0749 0.9424 -0.3259
vn -0.0747 0.9427 -0.3252
vn -0.0692 0.9526 -0.2962
vn -0.0732 0.9525 -0.2955
vn -0.0699 0.9953 -0.0666
vn -0.0242 0.9984 -0.0508
vn -0.0105 0.9932 -0.1161
vn -0.0217 0.9987 -0.0471
vn -0.0591 0.9762 -0.2087
vn -0.1439 0.9531 -0.2663
vn -0.0574 0.9766 -0.2072
vn -0.1811 0.9689 -0.1685
vn -0.0013 0.9997 0.0228
vn -0.0124 0.9997 0.0215
vn 0.0335 0.9994 -0.0056
vn -0.0309 0.9994 -0.0154
vn 0.0410 0.9988 -0.0257
vn -0.0063 0.9997 -0.0233
vn -0.0175 0.0583 0.9981
vn -0.0174 0.0598 0.9981
vn 0.2815 0.0632 0.9575
vn -0.0174 0.0608 0.9980
vn -0.0174 0.0607 0.9980
vn -0.0175 0.0607 0.9980
vn -0.0174 0.0611 0.9980
vn -0.0174 0.0985 0.9950
vn 0.4255 0.0539 0.9033
vn -0.0152 0.0717 0.9973
vn -0.0172 0.0971 0.9951
vn -0.0174 0.1273 0.9917
vn -0.0064 0.1624 0.9867
vn 0.0633 0.9935 0.0944
vn 0.0275 0.9799 0.1974
vn -0.0111 0.9768 0.2137
vn 0.0068 0.9474 0.3201
vn -0.0224 0.9107 0.4125
vn -0.0082 0.8417 0.5399
vn -0.0301 0.7761 0.6299
vn -0.0449 0.6635 0.7468
vn -0.0154 0.6475 0.7619
vn -0.0405 0.5536 0.8318
vn 0.0035 0.4600 0.8879
vn 0.0172 0.3485 0.9372
vn -0.0162 0.3458 0.9382
vn 0.0033 0.1768 0.9842
vn 0.0881 0.1957 0.9767
vn -0.9765 0.1924 0.0967
vn -0.9794 0.1958 0.0483
vn -0.9802 0.1906 0.0537
vn -0.9743 0.1898 0.1210
vn -0.9765 0.1957 0.0904
vn -0.9791 0.2034 -0.0084
vn -0.9744 0.2232 0.0277
vn -0.9789 0.2035 -0.0170
vn -0.9736 0.2234 -0.0472
vn -0.9722 0.2290 -0.0493
vn -0.9466 0.3178 -0.0539
vn -0.9453 0.3220 -0.0532
vn -0.9247 0.3793 -0.0336
vn -0.9241 0.3807 -0.0332
vn -0.9987 0.0415 0.0279
vn -0.9988 0.0413 0.0277
vn -0.9969 0.0753 0.0218
vn -0.9965 0.0818 0.0193
vn -0.9991 0.0406 0.0133
vn -0.9989 0.0413 0.0218
vn -0.9872 0.1587 0.0160
vn -0.9875 0.1568 0.0141
vn -0.9261 0.3768 -0.0183
vn -0.9248 0.3797 -0.0228
vn -0.9250 0.3795 -0.0183
vn -0.9303 0.3667 -0.0115
vn -0.9342 0.3565 -0.0074
vn -0.9373 0.3483 -0.0078
vn -0.9438 0.3306 0.0061
vn -0.9428 0.3332 -0.0041
vn -0.9504 0.3110 0.0066
vn -0.9529 0.3032 0.0057
vn -0.9588 0.2841 0.0081
vn -0.9684 0.2487 0.0176
vn -0.9720 0.2343 0.0158
vn 0.0739 -0.7579 0.6482
vn 0.0522 -0.8606 0.5065
vn 0.0527 -0.8710 0.4884
vn 0.0309 -0.9220 0.3860
vn 0.0302 -0.9228 0.3840
vn 0.0165 -0.9486 0.3159
vn 0.0060 -0.9491 0.3148
vn -0.0069 -0.9433 0.3318
vn 0.0531 -0.9426 0.3296
vn -0.0101 -0.9334 0.3588
vn -0.0327 -0.9986 0.0409
vn -0.0345 -0.9985 0.0428
vn -0.0261 -0.9970 0.0735
vn -0.0252 -0.9971 0.0717
vn -0.0201 -0.9935 0.1117
vn -0.0194 -0.9932 0.1152
vn -0.0086 -0.9868 0.1618
vn -0.0044 -0.9851 0.1720
vn 0.0015 -0.9685 0.2490
vn 0.0054 -0.9737 0.2279
vn -0.0422 -0.9537 0.2979
vn -0.0414 -0.9991 -0.0067
vn -0.0440 -0.9990 -0.0073
vn -0.0727 -0.9973 0.0031
vn 0.0025 -0.9998 0.0207
vn -0.0758 -0.9969 0.0225
vn -0.0190 -0.1408 -0.9899
vn -0.0297 -0.1477 -0.9886
vn -0.1171 -0.2019 -0.9724
vn -0.0343 -0.3430 -0.9387
vn -0.0300 -0.4018 -0.9152
vn -0.0416 -0.5681 -0.8219
vn -0.0156 -0.5206 -0.8537
vn -0.0501 -0.9101 -0.4115
vn -0.0272 -0.8825 -0.4696
vn -0.0317 -0.8370 -0.5463
vn -0.0296 -0.8264 -0.5623
vn -0.0274 -0.7378 -0.6744
vn -0.0316 -0.7175 -0.6958
vn -0.0461 -0.6191 -0.7840
vn -0.0388 -0.9980 -0.0501
vn -0.0594 -0.9874 -0.1467
vn -0.0598 -0.9780 -0.1999
vn -0.0741 -0.9540 -0.2905
vn -0.0566 -0.9308 -0.3612
vn -0.0109 -0.9963 -0.0858
vn -0.0319 -0.1090 -0.9935
vn -0.0028 -0.0898 -0.9960
vn -0.0178 -0.0615 -0.9979
vn -0.0279 -0.0786 -0.9965
vn -0.0327 -0.0727 -0.9968
vn -0.0356 -0.0807 -0.9961
vn -0.0224 -0.0706 -0.9973
vn -0.0175 -0.0615 -0.9980
vn -0.0216 -0.0824 -0.9964
vn -0.0173 -0.0805 -0.9966
vn -0.2851 -0.0642 -0.9564
vn -0.4160 -0.0550 -0.9077
vn -0.0769 -0.9937 0.0818
vn -0.0597 -0.9954 0.0748
vn -0.0994 -0.9920 0.0783
vn -0.0992 -0.9918 0.0812
vn -0.0987 -0.9916 0.0839
vn -0.9970 -0.0480 0.0605
vn -0.9949 -0.0673 0.0751
vn -0.9250 -0.3685 0.0926
vn -0.3835 -0.9162 0.1160
vn -0.3172 -0.9418 0.1114
vn -0.7053 -0.6945 0.1421
vn -0.6130 -0.7770 0.1434
vn -0.9193 -0.3655 0.1461
vn -0.9889 -0.0687 0.1321
vn -0.9893 -0.0299 0.1431
vn -0.9703 -0.1883 0.1516
vn -0.9169 -0.3673 0.1561
vn -0.8184 -0.5531 0.1560
vn -0.9465 -0.3134 0.0769
vn -0.7104 -0.6965 0.1009
vn -0.7887 -0.6083 0.0888
vn -0.5752 -0.8129 0.0910
vn -0.3860 -0.9177 0.0936
vn -0.3899 -0.9166 0.0880
vn -0.2161 -0.9729 0.0821
vn -0.9924 -0.0637 0.1056
vn -0.9225 -0.3669 0.1197
vn -0.7083 -0.6954 0.1216
vn -0.3850 -0.9169 0.1047
vn -0.9932 0.0890 0.0752
vn -0.9644 0.2502 0.0855
vn -0.9561 0.2864 0.0617
vn -0.9331 0.3595 0.0105
vn -0.9398 0.3409 0.0217
vn -0.9455 0.3240 0.0320
vn -0.9361 0.3517 0.0029
vn -0.9551 0.2946 0.0324
vn -0.9397 0.3421 0.0003
vn -0.9424 0.3343 0.0083
vn -0.9264 0.3765 0.0041
vn -0.9202 0.3915 0.0024
vn -0.9482 0.3168 0.0229
vn -0.9500 0.3110 0.0288
vn -0.9409 0.3360 0.0432
vn -0.9340 0.3538 0.0505
vn -0.9369 0.3459 0.0497
vn -0.9718 0.2313 0.0461
vn -0.9841 0.1715 0.0472
vn -0.9915 0.0727 0.1083
vn -0.9798 0.1876 0.0695
vn -0.9847 0.1491 0.0901
vn -0.9945 0.0930 0.0488
vn 0.2623 0.9009 -0.3457
vn 0.4844 0.6663 -0.5669
vn 0.6321 0.3299 -0.7012
vn 0.6807 0.0312 -0.7319
vn 0.6978 0.0296 -0.7157
vn 0.6902 -0.1097 -0.7152
vn 0.7043 -0.1741 -0.6882
vn 0.6608 -0.2290 -0.7148
vn 0.6211 -0.2516 -0.7422
vn 0.7670 -0.2843 -0.5753
vn 0.8318 -0.1870 -0.5227
vn 0.7455 -0.3771 -0.5496
vn 0.6666 -0.3308 -0.6680
vn 0.8960 -0.3880 -0.2161
vn 0.9420 -0.2947 -0.1608
vn 0.9481 -0.3149 -0.0446
vn 0.9798 -0.2001 0.0018
vn 0.9435 -0.1936 -0.2689
vn 0.9647 -0.1930 0.1792
vn 0.9937 -0.1102 -0.0191
vn 0.9989 0.0402 0.0238
vn 0.9958 0.0198 -0.0892
vn 0.9298 0.3679 -0.0085
vn 0.9983 0.0512 0.0276
vn 0.9253 0.3635 -0.1078
vn 0.7142 0.6990 -0.0364
vn 0.9290 0.3700 0.0032
vn 0.7071 0.6981 -0.1124
vn 0.8702 0.3535 -0.3432
vn 0.9378 0.0095 -0.3470
vn 0.7403 0.3403 -0.5798
vn 0.6603 0.6923 -0.2909
vn 0.7928 0.0178 -0.6092
vn 0.5625 0.6796 -0.4708
vn 0.6488 0.3318 -0.6848
vn 0.4964 0.6687 -0.5536
vn 0.2972 0.9102 -0.2886
vn 0.2674 0.9027 -0.3371
vn 0.0727 0.9894 -0.1258
vn 0.0677 0.9879 -0.1398
vn 0.0832 0.9913 -0.1015
vn 0.6098 -0.2725 -0.7443
vn 0.5832 -0.3083 -0.7516
vn 0.6499 -0.4562 -0.6079
vn 0.7375 -0.5153 -0.4365
vn 0.6546 -0.7098 -0.2601
vn 0.5262 -0.7795 -0.3399
vn 0.5967 -0.4709 -0.6498
vn 0.4275 -0.7905 -0.4386
vn 0.4841 -0.6428 -0.5937
vn 0.3159 -0.8649 -0.3901
vn 0.4824 -0.4838 -0.7302
vn 0.5333 -0.4286 -0.7293
vn 0.4220 -0.6812 -0.5982
vn 0.3201 -0.8281 -0.4602
vn 0.4531 -0.5320 -0.7154
vn 0.4839 -0.5134 -0.7087
vn 0.1597 -0.9824 -0.0968
vn 0.1255 -0.9841 -0.1258
vn 0.3367 -0.8265 -0.4511
vn 0.2381 -0.9692 -0.0636
vn 0.1279 -0.9854 0.1121
vn 0.0671 -0.9950 0.0745
vn 0.0064 -0.9949 0.1010
vn 0.0560 -0.9950 0.0831
vn 0.0206 -0.9987 0.0464
vn 0.0376 -0.9966 0.0730
vn 0.0325 -0.9970 0.0704
vn 0.0485 -0.9964 0.0693
vn 0.0344 -0.9969 0.0705
vn 0.1294 -0.9835 -0.1263
vn 0.0181 -0.9989 0.0440
vn 0.0076 -0.9911 0.1327
vn 0.0278 -0.9964 0.0798
vn 0.0567 -0.9873 0.1485
vn 0.0479 -0.9872 0.1519
vn 0.0326 -0.9871 0.1567
vn 0.0595 -0.9946 0.0856
vn 0.2163 -0.9746 0.0576
vn 0.3046 -0.9449 0.1200
vn 0.5850 -0.8108 0.0183
vn 0.2107 -0.9655 0.1532
vn 0.5888 -0.7945 0.1490
vn 0.5727 -0.7685 0.2854
vn 0.0274 -0.9957 0.0883
vn 0.0238 -0.9961 0.0852
vn 0.1912 -0.9620 0.1948
vn 0.5124 -0.7589 0.4019
vn 0.0243 -0.9956 0.0903
vn 0.4729 -0.7716 0.4254
vn 0.1820 -0.9604 0.2111
vn 0.0239 -0.9956 0.0909
vn 0.0261 -0.9954 0.0922
vn 0.0700 -0.9882 0.1360
vn 0.0626 -0.9878 0.1426
vn 0.2239 -0.9011 0.3713
vn 0.2482 -0.9034 0.3497
vn 0.4630 -0.6705 0.5797
vn 0.4165 -0.6667 0.6182
vn 0.5155 -0.6740 0.5291
vn 0.2765 -0.9052 0.3227
vn 0.0763 -0.9885 0.1307
vn 0.2990 -0.9059 0.3000
vn 0.5550 -0.6758 0.4850
vn 0.7264 -0.3417 0.5963
vn 0.7620 -0.3456 0.5477
vn 0.5821 -0.6785 0.4481
vn 0.8029 -0.3513 0.4816
vn 0.3135 -0.9073 0.2802
vn 0.6126 -0.6834 0.3972
vn 0.8459 -0.3533 0.3996
vn 0.8541 -0.1535 0.4970
vn 0.8240 -0.0657 0.5628
vn 0.8044 -0.0082 0.5941
vn 0.8030 -0.0530 0.5936
vn 0.7782 -0.0602 0.6252
vn 0.7185 -0.1403 0.6812
vn 0.6448 0.0064 0.7644
vn 0.9203 -0.0193 0.3908
vn 0.9004 -0.0747 0.4286
vn 0.9269 -0.0605 0.3705
vn 0.9367 -0.1496 0.3164
vn 0.9417 -0.1793 0.2847
vn 0.9853 -0.0370 0.1671
vn 0.9022 -0.3642 0.2311
vn 0.9581 -0.1415 0.2488
vn 0.8879 -0.3643 0.2808
vn 0.6788 -0.6925 0.2444
vn 0.6880 -0.6973 0.2008
vn 0.8741 -0.3618 0.3241
vn 0.6676 -0.6910 0.2773
vn 0.3588 -0.9145 0.1868
vn 0.3440 -0.9137 0.2164
vn 0.6451 -0.6882 0.3321
vn 0.0855 -0.9910 0.1032
vn 0.0884 -0.9904 0.1064
vn 0.0892 -0.9899 0.1102
vn 0.0789 -0.9906 0.1119
vn 0.0836 -0.9900 0.1138
vn 0.0842 -0.9902 0.1113
vn 0.3271 -0.9106 0.2527
vn 0.0279 -0.9959 0.0861
vn 0.0282 -0.9958 0.0875
vn 0.0830 -0.9893 0.1203
vn 0.0795 -0.9889 0.1255
vn 0.0295 -0.9956 0.0890
vn 0.0270 -0.9956 0.0900
vn 0.1885 -0.9624 0.1954
vn 0.1991 -0.9646 0.1731
vn 0.2099 -0.9662 0.1495
vn 0.5394 -0.7998 0.2633
vn 0.0308 -0.9959 0.0854
vn 0.0292 -0.9959 0.0854
vn 0.5115 -0.7960 0.3237
vn 0.7857 -0.5231 0.3302
vn 0.8214 -0.5204 0.2333
vn 0.5649 -0.8024 0.1924
vn 0.5816 -0.8070 0.1023
vn 0.2199 -0.9679 0.1215
vn 0.8436 -0.5272 0.1023
vn 0.2271 -0.9700 0.0868
vn 0.8330 -0.5504 -0.0567
vn 0.5815 -0.8135 -0.0053
vn 0.0313 -0.9964 0.0784
vn 0.0325 -0.9967 0.0739
vn 0.2281 -0.9726 0.0454
vn 0.0927 -0.9926 0.0783
vn 0.0322 -0.9971 0.0688
vn 0.0934 -0.9914 0.0911
vn 0.3717 -0.9236 0.0943
vn 0.0927 -0.9938 0.0613
vn 0.6993 -0.7073 0.1032
vn 0.3689 -0.9178 0.1466
vn 0.6935 -0.7192 -0.0423
vn 0.3658 -0.9305 0.0201
vn 0.6538 -0.7303 -0.1977
vn 0.8240 -0.5621 -0.0712
vn 0.7769 -0.5753 -0.2559
vn 0.9147 -0.1867 -0.3583
vn 0.9645 0.0028 -0.2639
vn 0.9754 -0.1709 -0.1391
vn 0.8053 -0.2012 -0.5577
vn 0.8785 -0.0184 -0.4774
vn 0.9083 -0.1908 -0.3721
vn 0.6887 -0.5875 -0.4249
vn 0.9721 -0.1783 -0.1525
vn 0.9584 -0.0560 -0.2800
vn 0.8668 -0.0710 -0.4936
vn 0.9979 -0.0398 -0.0511
vn 0.9990 0.0246 -0.0364
vn 0.9834 -0.1649 0.0758
vn 0.9821 -0.1678 0.0855
vn 0.9852 -0.0282 0.1691
vn 0.8293 -0.5496 0.1011
vn 0.7956 -0.2017 -0.5713
vn 0.7281 -0.0840 -0.6803
vn 0.7454 -0.0383 -0.6656
vn 0.6529 -0.2135 -0.7267
vn 0.6398 -0.2100 -0.7393
vn 0.5723 -0.0561 -0.8181
vn 0.4659 -0.2230 -0.8563
vn 0.5642 -0.5979 -0.5694
vn 0.4748 -0.7493 -0.4617
vn 0.4099 -0.6058 -0.6819
vn 0.5796 -0.7405 -0.3400
vn 0.5496 -0.0943 -0.8301
vn 0.4494 -0.2153 -0.8670
vn 0.3686 -0.0711 -0.9269
vn 0.3412 -0.1012 -0.9345
vn 0.2361 -0.2178 -0.9470
vn 0.1080 -0.1127 -0.9877
vn 0.0801 -0.2008 -0.9763
vn -0.0031 -0.2757 -0.9612
vn 0.1619 -0.1898 -0.9684
vn -0.1401 -0.1130 -0.9837
vn -0.0798 -0.2179 -0.9727
vn -0.1693 -0.1810 -0.9688
vn -0.2434 -0.2851 -0.9271
vn -0.3683 -0.1127 -0.9228
vn -0.0973 -0.5596 -0.8230
vn 0.0046 -0.7557 -0.6549
vn -0.0836 -0.7549 -0.6505
vn 0.0051 -0.5643 -0.8256
vn -0.2123 -0.5608 -0.8002
vn -0.1241 -0.9004 -0.4170
vn -0.3043 -0.5514 -0.7767
vn -0.1795 -0.8951 -0.4081
vn -0.0289 -0.9962 -0.0816
vn -0.0465 -0.9941 -0.0978
vn -0.0298 -0.9826 -0.1833
vn -0.0675 -0.9929 -0.0981
vn -0.4068 -0.5444 -0.7336
vn -0.0986 -0.9897 -0.1037
vn -0.2446 -0.8859 -0.3941
vn -0.5313 -0.5205 -0.6684
vn -0.4557 -0.2742 -0.8468
vn -0.5433 -0.1578 -0.8246
vn -0.3884 -0.1783 -0.9041
vn -0.5695 -0.0998 -0.8159
vn -0.3212 -0.2069 -0.9241
vn -0.6222 -0.2110 -0.7539
vn -0.7439 -0.0989 -0.6610
vn -0.6673 -0.2379 -0.7058
vn -0.7415 -0.1442 -0.6553
vn -0.7878 -0.2141 -0.5775
vn -0.8773 -0.0899 -0.4714
vn -0.7014 -0.4906 -0.5171
vn -0.6201 -0.5033 -0.6018
vn -0.4867 -0.8338 -0.2605
vn -0.4590 -0.8341 -0.3058
vn -0.4053 -0.8448 -0.3493
vn -0.7448 -0.4909 -0.4520
vn -0.3263 -0.8671 -0.3763
vn -0.2548 -0.9486 -0.1877
vn -0.2476 -0.9612 -0.1214
vn -0.2259 -0.9707 -0.0823
vn -0.2251 -0.9707 -0.0837
vn -0.2036 -0.9742 -0.0971
vn -0.4254 -0.8717 -0.2432
vn -0.4491 -0.8401 -0.3041
vn -0.1646 -0.9814 -0.0990
vn -0.6971 -0.3926 -0.6000
vn -0.1434 -0.9818 -0.1248
vn -0.4052 -0.8430 -0.3537
vn -0.1589 -0.9786 -0.1307
vn -0.1130 -0.9835 -0.1413
vn -0.3465 -0.8471 -0.4030
vn -0.2757 -0.8511 -0.4467
vn -0.0784 -0.9858 -0.1483
vn -0.0445 -0.9870 -0.1542
vn -0.1962 -0.8543 -0.4813
vn -0.0196 -0.9953 -0.0952
vn -0.0112 -0.9877 -0.1562
vn -0.1127 -0.8560 -0.5046
vn -0.0289 -0.8556 -0.5168
vn -0.1539 -0.6081 -0.7788
vn -0.2800 -0.6076 -0.7432
vn 0.0613 -0.8526 -0.5190
vn 0.0807 -0.5984 -0.7971
vn -0.0419 -0.6001 -0.7989
vn -0.0441 -0.4503 -0.8918
vn -0.1614 -0.4472 -0.8798
vn 0.0795 -0.4394 -0.8948
vn -0.0904 -0.2684 -0.9591
vn -0.1611 -0.2647 -0.9508
vn -0.2282 -0.4853 -0.8440
vn -0.2338 -0.2595 -0.9370
vn -0.2879 -0.2639 -0.9206
vn -0.3070 -0.4398 -0.8440
vn -0.3621 -0.2549 -0.8966
vn -0.3668 -0.4885 -0.7917
vn -0.4173 -0.2494 -0.8738
vn -0.3982 -0.6018 -0.6923
vn -0.4386 -0.4345 -0.7867
vn -0.4820 -0.2478 -0.8404
vn -0.4920 -0.4799 -0.7264
vn -0.5380 -0.2485 -0.8055
vn -0.5673 -0.4269 -0.7043
vn -0.5087 -0.5910 -0.6260
vn -0.5931 -0.5843 -0.5540
vn -0.5830 -0.4875 -0.6500
vn -0.6797 -0.3870 -0.6231
vn -0.7413 -0.3731 -0.5580
vn -0.6568 -0.5731 -0.4900
vn -0.5882 -0.2441 -0.7710
vn -0.6618 -0.2314 -0.7130
vn -0.7113 -0.2787 -0.6453
vn -0.6991 0.0255 -0.7146
vn -0.7754 0.0348 -0.6306
vn -0.7509 -0.3834 -0.5378
vn -0.7454 -0.3665 -0.5568
vn -0.7960 -0.2295 -0.5601
vn -0.8066 -0.0689 -0.5870
vn -0.6506 -0.3665 -0.6651
vn -0.6867 -0.2171 -0.6938
vn -0.7030 -0.0780 -0.7069
vn -0.6880 0.0345 -0.7249
vn -0.4168 0.0234 -0.9087
vn -0.4320 -0.0874 -0.8976
vn -0.0869 0.0207 -0.9960
vn -0.0815 0.3199 -0.9439
vn -0.3864 0.3240 -0.8636
vn -0.0617 0.6646 -0.7446
vn -0.6381 0.3346 -0.6935
vn -0.2925 0.6682 -0.6841
vn -0.4837 0.6756 -0.5564
vn -0.0322 0.9024 -0.4298
vn -0.1530 0.9047 -0.3977
vn -0.0077 0.9873 -0.1587
vn -0.0368 0.9879 -0.1508
vn -0.2539 0.9084 -0.3322
vn -0.0612 0.9889 -0.1354
vn 0.0204 0.9873 -0.1573
vn 0.0850 0.9024 -0.4224
vn 0.0410 0.9868 -0.1564
vn 0.0451 0.9879 -0.1482
vn 0.1637 0.8996 -0.4049
vn 0.2256 0.8549 -0.4672
vn 0.3045 0.6630 -0.6839
vn 0.1341 0.9434 -0.3034
vn 0.1624 0.6654 -0.7286
vn 0.2148 0.3227 -0.9218
vn 0.4008 0.3257 -0.8563
vn 0.2329 0.0259 -0.9722
vn 0.4328 0.0323 -0.9009
vn -0.0864 -0.0871 -0.9924
vn 0.2493 -0.0764 -0.9654
vn 0.4821 -0.0601 -0.8740
vn 0.4849 0.0259 -0.8742
vn 0.4694 0.2089 -0.8579
vn 0.2578 -0.0887 -0.9621
vn 0.0323 -0.0930 -0.9951
vn -0.1372 -0.2401 -0.9610
vn -0.1491 -0.1180 -0.9818
vn -0.2694 -0.2434 -0.9318
vn -0.4151 -0.1708 -0.8936
vn -0.4592 -0.3145 -0.8308
vn -0.4904 -0.4145 -0.7666
vn -0.2956 -0.3664 -0.8823
vn -0.4021 -0.7278 -0.5555
vn -0.4808 -0.8634 -0.1529
vn -0.4820 -0.8561 -0.1864
vn -0.4754 -0.8545 -0.2093
vn -0.2452 -0.9660 -0.0823
vn -0.3091 -0.8930 -0.3270
vn -0.3103 -0.9460 -0.0936
vn -0.4584 -0.7852 -0.4164
vn -0.5870 -0.7116 -0.3860
vn -0.5350 -0.5464 -0.6444
vn -0.6860 -0.5319 -0.4964
vn -0.7483 -0.4069 -0.5238
vn -0.6701 -0.4043 -0.6226
vn -0.2444 -0.9620 -0.1219
vn -0.2242 -0.9712 -0.0812
vn -0.4958 -0.8330 -0.2457
vn -0.4833 -0.8441 -0.2324
vn -0.7703 -0.5025 -0.3925
vn -0.7657 -0.4929 -0.4132
vn -0.8586 -0.1625 -0.4862
vn -0.8501 -0.1701 -0.4984
vn -0.7634 -0.4871 -0.4242
vn -0.8709 -0.1568 -0.4658
vn -0.8874 -0.1638 -0.4310
vn -0.7834 -0.5061 -0.3608
vn -0.8999 -0.2343 -0.3679
vn -0.7997 -0.5101 -0.3167
vn -0.8203 -0.5098 -0.2592
vn -0.4825 -0.8689 -0.1106
vn -0.6826 -0.7190 -0.1307
vn -0.9129 -0.2442 -0.3270
vn -0.8647 -0.4619 -0.1974
vn -0.4249 -0.9041 -0.0460
vn -0.9190 -0.3838 -0.0906
vn -0.6976 -0.7157 -0.0342
vn -0.3698 -0.9289 0.0207
vn -0.0921 -0.9939 0.0600
vn 0.4320 0.4046 -0.8060
vn 0.3441 0.6615 -0.6663
vn 0.3334 -0.9398 -0.0743
vn 0.0666 -0.9965 0.0498
vn 0.0523 -0.9970 0.0567
vn 0.6256 -0.3333 -0.7053
vn 0.5909 -0.3679 -0.7180
vn 0.5698 -0.5267 -0.6308
vn 0.6374 -0.3959 -0.6610
vn 0.5206 -0.5307 -0.6689
vn 0.3979 -0.8205 -0.4105
vn 0.5887 -0.6340 -0.5015
vn 0.6693 -0.4524 -0.5894
vn 0.3611 -0.8261 -0.4327
vn 0.1388 -0.9831 -0.1196
vn 0.1539 -0.9817 -0.1120
vn 0.0194 -0.9988 0.0449
vn 0.0217 -0.9987 0.0459
vn 0.1357 -0.9890 -0.0594
vn 0.3475 -0.9209 -0.1767
vn 0.2997 -0.9293 -0.2158
vn 0.0254 -0.9985 0.0476
vn 0.1571 -0.9868 -0.0393
vn 0.5289 -0.7890 -0.3126
vn 0.3784 -0.9156 -0.1362
vn 0.5599 -0.7918 -0.2441
vn 0.6737 -0.6667 -0.3189
vn 0.4602 -0.8064 -0.3713
vn 0.6736 -0.6042 -0.4256
vn 0.7488 -0.5476 -0.3734
vn 0.8210 -0.3060 -0.4820
vn 0.7636 -0.4151 -0.4946
vn 0.7514 -0.3520 -0.5580
vn 0.7944 -0.2685 -0.5448
vn 0.8117 -0.2563 -0.5249
vn 0.7284 -0.3574 -0.5845
vn 0.7072 -0.2937 -0.6432
vn 0.6620 -0.3723 -0.6505
vn 0.1713 -0.9851 -0.0179
vn 0.0293 -0.9983 0.0510
vn 0.0319 -0.9980 0.0549
vn -0.0779 -0.9900 0.1179
vn -0.0866 -0.9913 0.0989
vn -0.3526 -0.9184 0.1794
vn -0.3174 -0.9129 0.2567
vn -0.0652 -0.9888 0.1344
vn -0.5998 -0.6867 0.4107
vn -0.2655 -0.9081 0.3240
vn -0.5016 -0.6776 0.5377
vn -0.5013 -0.3199 0.8040
vn -0.3874 -0.6692 0.6341
vn -0.5960 -0.5128 0.6179
vn -0.7016 -0.1101 0.7040
vn -0.7873 0.0983 0.6087
vn -0.8424 -0.1230 0.5247
vn -0.6946 -0.1329 0.7070
vn -0.6254 0.1078 0.7728
vn -0.7127 -0.5235 0.4670
vn -0.8362 -0.1469 0.5283
vn -0.9071 0.0861 0.4120
vn -0.9381 -0.1379 0.3179
vn -0.7916 -0.5360 0.2935
vn -0.6663 -0.6972 0.2646
vn -0.7834 0.0075 0.6215
vn -0.9055 -0.0067 0.4243
vn -0.9786 -0.0225 0.2044
vn -0.9327 -0.1627 0.3218
vn -0.9785 0.0719 0.1931
vn -0.9788 -0.1794 0.0987
vn -0.9836 -0.1538 0.0946
vn -0.8288 -0.5494 0.1065
vn -0.6976 -0.7084 0.1073
vn -0.9977 0.0565 -0.0362
vn -0.9721 -0.1985 -0.1250
vn -0.9989 -0.0391 -0.0264
vn -0.9653 -0.0581 -0.2546
vn -0.9592 -0.1489 -0.2402
vn -0.3692 -0.9244 0.0962
vn -0.0906 -0.9928 0.0785
vn 0.0002 -0.9975 0.0713
vn 0.0057 -0.9975 0.0704
vn 0.0202 -0.9977 0.0650
vn -0.6189 0.0193 0.7852
vn -0.5143 -0.1205 0.8491
vn -0.4824 0.0341 0.8753
vn -0.4769 0.0368 0.8782
vn -0.4713 -0.0883 0.8776
vn -0.4407 -0.3215 0.8381
vn -0.3781 -0.5569 0.7395
vn -0.2913 -0.7434 0.6021
vn -0.2248 -0.8435 0.4878
vn -0.2042 -0.9034 0.3771
vn -0.1959 -0.8788 0.4352
vn -0.1592 -0.9000 0.4057
vn -0.0494 -0.9878 0.1476
vn -0.0812 -0.9675 0.2394
vn -0.0203 -0.9913 0.1298
vn -0.0429 -0.9810 0.1892
vn -0.0378 -0.9804 0.1931
vn -0.0607 -0.9403 0.3350
vn -0.0063 -0.9911 0.1326
vn -0.0208 -0.9795 0.2006
vn -0.0013 -0.9555 0.2949
vn -0.0109 -0.9805 0.1962
vn 0.0020 -0.9385 0.3454
vn 0.0094 -0.9794 0.2017
vn 0.0170 -0.9806 0.1955
vn 0.0532 -0.9548 0.2925
vn 0.0801 -0.9128 0.4005
vn 0.1364 -0.9002 0.4136
vn 0.1309 -0.8464 0.5162
vn 0.3572 -0.6656 0.6553
vn 0.2613 -0.6630 0.7016
vn 0.1887 -0.6579 0.7291
vn 0.1912 -0.9011 0.3893
vn 0.1603 -0.7532 0.6380
vn 0.2314 -0.4995 0.8348
vn 0.2657 -0.2543 0.9299
vn 0.3370 -0.1194 0.9339
vn 0.2879 -0.0100 0.9576
vn 0.3324 -0.3174 0.8881
vn 0.4810 -0.3194 0.8165
vn 0.4499 0.1233 0.8845
vn 0.5443 -0.3287 0.7718
vn 0.5694 -0.1143 0.8141
vn 0.5305 -0.1338 0.8371
vn 0.6271 -0.0309 0.7783
vn 0.6118 -0.3297 0.7190
vn 0.6735 -0.0550 0.7371
vn 0.6757 -0.3389 0.6546
vn 0.4506 0.0268 0.8923
vn 0.2977 0.0323 0.9541
vn 0.5657 -0.3488 -0.7472
vn 0.5345 -0.3612 -0.7641
vn 0.5035 -0.3851 -0.7734
vn 0.4865 -0.3513 -0.8000
vn 0.4826 -0.3342 -0.8096
vn 0.4873 -0.2960 -0.8215
vn 0.4957 -0.3486 -0.7954
vn 0.5297 -0.2968 -0.7946
vn 0.5496 -0.3110 -0.7754
vn 0.5077 -0.3473 -0.7885
vn -0.8191 -0.2135 -0.5324
vn -0.2242 -0.9712 -0.0811
vn 0.0001 0.9974 -0.0714
vn -0.0786 0.9885 -0.1292
vn -0.0716 0.9870 -0.1439
vn -0.0617 0.9862 -0.1534
vn -0.0494 0.9856 -0.1617
vn -0.0352 0.9851 -0.1682
vn -0.0200 0.9848 -0.1725
vn -0.0760 0.8896 -0.4503
vn -0.1336 0.8906 -0.4346
vn -0.1876 0.8926 -0.4099
vn -0.1383 0.6471 -0.7497
vn -0.2430 0.6491 -0.7208
vn -0.3153 0.3095 -0.8971
vn -0.3417 0.6522 -0.6766
vn -0.1794 0.3071 -0.9346
vn -0.4434 0.3137 -0.8397
vn -0.4285 0.6567 -0.6206
vn -0.2352 0.8950 -0.3790
vn -0.2741 0.8978 -0.3446
vn -0.0795 0.9877 -0.1348
vn -0.3045 0.9007 -0.3099
vn -0.5002 0.6614 -0.5588
vn -0.5562 0.3192 -0.7673
vn -0.5565 0.6666 -0.4960
vn -0.6496 0.3249 -0.6874
vn -0.5989 0.0233 -0.8005
vn -0.4743 0.0166 -0.8802
vn -0.3407 0.0137 -0.9401
vn -0.1919 0.0120 -0.9813
vn -0.0490 0.0099 -0.9988
vn -0.0449 0.3058 -0.9510
vn 0.0558 0.3069 -0.9501
vn 0.0774 -0.1012 -0.9919
vn 0.0599 0.0125 -0.9981
vn 0.0741 -0.2616 -0.9623
vn 0.0066 -0.2739 -0.9617
vn 0.1270 0.0118 -0.9918
vn 0.1174 0.3078 -0.9442
vn 0.0428 0.6487 -0.7599
vn 0.0902 0.6497 -0.7548
vn 0.1907 0.3081 -0.9320
vn 0.2054 0.0108 -0.9786
vn 0.2879 0.0096 -0.9576
vn 0.2231 -0.2508 -0.9420
vn 0.1530 -0.2678 -0.9512
vn 0.1864 -0.2564 -0.9484
vn 0.1826 -0.5131 -0.8387
vn 0.2404 -0.5985 -0.7642
vn 0.2693 -0.4229 -0.8652
vn 0.2944 -0.2500 -0.9224
vn 0.3315 -0.4999 -0.8001
vn 0.1669 -0.8479 -0.5032
vn 0.2744 -0.8434 -0.4619
vn 0.3900 -0.5907 -0.7064
vn 0.4217 -0.4091 -0.8092
vn 0.4590 -0.2402 -0.8553
vn 0.3914 -0.2477 -0.8862
vn 0.3500 0.0087 -0.9367
vn 0.4237 0.0116 -0.9057
vn 0.3247 0.3114 -0.8931
vn 0.2664 0.3101 -0.9126
vn 0.2047 0.6512 -0.7308
vn 0.2497 0.6518 -0.7161
vn 0.3967 0.3127 -0.8630
vn 0.1361 0.8932 -0.4286
vn 0.3053 0.6525 -0.6936
vn 0.1116 0.8924 -0.4372
vn 0.1667 0.8933 -0.4173
vn 0.3694 0.6552 -0.6590
vn 0.4801 0.3162 -0.8182
vn 0.5867 0.0225 -0.8095
vn 0.5453 0.3202 -0.7747
vn 0.5163 0.0202 -0.8562
vn 0.4191 0.6585 -0.6251
vn 0.5939 0.3228 -0.7370
vn 0.6377 0.0256 -0.7699
vn 0.6335 -0.2346 -0.7373
vn 0.6750 -0.2697 -0.6868
vn 0.6986 0.0305 -0.7148
vn 0.7114 -0.2509 -0.6564
vn 0.5864 -0.4226 -0.6911
vn 0.6484 -0.5661 -0.5091
vn 0.7097 -0.4093 -0.5734
vn 0.5361 -0.5699 -0.6228
vn 0.4840 -0.5131 -0.7088
vn 0.5739 -0.2482 -0.7804
vn 0.5128 -0.2388 -0.8246
vn 0.5161 -0.8271 -0.2226
vn 0.7405 -0.5679 -0.3594
vn 0.7539 -0.4710 -0.4579
vn 0.4526 -0.8331 -0.3180
vn 0.8241 -0.3917 -0.4091
vn 0.8564 -0.2145 -0.4697
vn 0.8370 -0.2168 -0.5024
vn 0.8019 -0.2335 -0.5499
vn 0.8554 0.0442 -0.5160
vn 0.8202 0.0397 -0.5707
vn 0.7832 0.0364 -0.6207
vn 0.7629 -0.2227 -0.6069
vn 0.7303 0.1585 -0.6645
vn 0.7203 0.3379 -0.6058
vn 0.6506 0.3264 -0.6857
vn 0.5016 0.6623 -0.5565
vn 0.5508 0.6661 -0.5029
vn 0.7627 0.3362 -0.5525
vn 0.5862 0.6707 -0.4543
vn 0.3011 0.9006 -0.3134
vn 0.2744 0.8985 -0.3428
vn 0.0717 0.9871 -0.1435
vn 0.0645 0.9868 -0.1482
vn 0.2490 0.8977 -0.3636
vn 0.0593 0.9865 -0.1526
vn 0.2286 0.8965 -0.3795
vn 0.4565 0.6606 -0.5960
vn 0.0526 0.9861 -0.1578
vn 0.2021 0.8944 -0.3989
vn 0.0434 0.9857 -0.1627
vn 0.0352 0.9857 -0.1648
vn 0.0827 0.9883 -0.1282
vn 0.0863 0.9887 -0.1225
vn 0.0786 0.9876 -0.1358
vn -0.0001 0.9974 -0.0715
vn 0.0917 0.9890 -0.1158
vn 0.0953 0.9898 -0.1060
vn 0.0972 0.9905 -0.0977
vn 0.0985 0.9910 -0.0911
vn 0.1012 0.9914 -0.0830
vn 0.3875 0.9151 -0.1111
vn 0.3806 0.9136 -0.1430
vn 0.3749 0.9117 -0.1683
vn 0.6984 0.6895 -0.1919
vn 0.7087 0.6929 -0.1328
vn 0.7136 0.6980 -0.0603
vn 0.9212 0.3652 -0.1343
vn 0.9275 0.3718 -0.0400
vn 0.9231 0.3788 0.0665
vn 0.7107 0.7031 0.0218
vn 0.3902 0.9180 -0.0714
vn 0.9011 0.3877 0.1941
vn 0.6944 0.7095 0.1202
vn 0.3899 0.9205 -0.0263
vn 0.3816 0.9239 0.0277
vn 0.1023 0.9929 -0.0607
vn 0.1004 0.9939 -0.0465
vn 0.1018 0.9922 -0.0726
vn 0.0955 0.9949 -0.0324
vn 0.3633 0.9281 0.0815
vn 0.3402 0.9316 0.1279
vn 0.0890 0.9958 -0.0205
vn 0.6203 0.7235 0.3031
vn 0.5752 0.7289 0.3712
vn 0.3148 0.9348 0.1646
vn 0.2934 0.9375 0.1874
vn 0.5385 0.7334 0.4149
vn 0.7426 0.4161 0.5248
vn 0.7007 0.4195 0.5771
vn 0.7010 0.4169 0.5786
vn 0.5362 0.7368 0.4118
vn 0.7550 0.1303 0.6427
vn 0.7531 0.1348 0.6440
vn 0.7964 0.1220 0.5923
vn 0.7626 -0.1169 0.6362
vn 0.7559 0.0258 0.6542
vn 0.7896 -0.1460 0.5959
vn 0.8338 -0.1474 0.5320
vn 0.8401 0.0103 0.5424
vn 0.8758 -0.1571 0.4564
vn 0.8742 0.1116 0.4726
vn 0.8085 0.4098 0.4224
vn 0.5009 0.8218 0.2714
vn 0.8595 0.3970 0.3220
vn 0.6620 0.7170 0.2184
vn 0.9239 0.1051 0.3680
vn 0.9675 0.0980 0.2332
vn 0.9048 -0.1575 0.3957
vn 0.8348 -0.3833 0.3952
vn 0.8738 -0.3470 0.3406
vn 0.9339 -0.1707 0.3141
vn 0.8221 -0.3442 0.4536
vn 0.7862 -0.3597 0.5026
vn 0.7464 -0.5147 0.4218
vn 0.6995 -0.4973 0.5133
vn 0.4854 -0.7867 0.3814
vn 0.7669 -0.3157 0.5587
vn 0.6804 -0.4520 0.5769
vn 0.7362 -0.2735 0.6190
vn 0.7454 -0.1937 0.6378
vn 0.7468 -0.3940 0.5358
vn 0.8380 -0.4085 0.3618
vn 0.7670 -0.1852 0.6143
vn 0.8096 -0.2061 0.5496
vn 0.8527 -0.1999 0.4826
vn 0.9284 -0.0951 0.3593
vn 0.9114 -0.2150 0.3509
vn 0.9817 -0.1303 0.1388
vn 0.9318 -0.3223 0.1669
vn 0.9582 -0.2301 0.1698
vn 0.9633 -0.2683 -0.0115
vn 0.9814 -0.1629 -0.1015
vn 0.9921 0.0848 0.0928
vn 0.9302 0.1045 0.3519
vn 0.7674 0.4161 0.4878
vn 0.8255 0.1224 0.5509
vn 0.8625 0.4047 0.3037
vn 0.5851 0.7353 0.3420
vn 0.9197 0.3875 0.0638
vn 0.6552 0.7283 0.2005
vn 0.3113 0.9395 0.1428
vn 0.2888 0.9398 0.1830
vn 0.0730 0.9973 -0.0082
vn 0.0760 0.9971 -0.0055
vn 0.0820 0.9966 -0.0111
vn 0.0842 0.9957 -0.0388
vn 0.0768 0.9969 -0.0195
vn 0.0900 0.9940 -0.0624
vn 0.0915 0.9923 -0.0839
vn 0.3604 0.9154 -0.1794
vn 0.3704 0.9214 -0.1176
vn 0.0900 0.9910 -0.0995
vn 0.6974 0.7014 -0.1472
vn 0.3685 0.9291 -0.0300
vn 0.6738 0.6909 -0.2621
vn 0.6986 0.7152 0.0183
vn 0.3458 0.9360 0.0663
vn 0.9161 0.3703 -0.1537
vn 0.9875 0.0676 -0.1422
vn 0.9506 0.0572 -0.3050
vn 0.8828 0.3579 -0.3042
vn 0.9172 0.0509 -0.3953
vn 0.8518 0.3504 -0.3895
vn 0.8337 0.3471 -0.4295
vn 0.6388 0.6806 -0.3588
vn 0.6518 0.6839 -0.3279
vn 0.3452 0.9092 -0.2327
vn 0.3508 0.9114 -0.2154
vn 0.0880 0.9896 -0.1137
vn 0.0888 0.9901 -0.1090
vn 0.3402 0.9086 -0.2425
vn 0.0868 0.9894 -0.1162
vn 0.0854 0.9893 -0.1186
vn 0.0088 0.9972 -0.0739
vn 0.0730 0.9923 -0.1003
vn 0.3351 0.9078 -0.2522
vn 0.2113 0.9648 -0.1568
vn 0.6200 0.6780 -0.3949
vn 0.3642 0.9057 -0.2167
vn 0.3755 0.9131 -0.1592
vn 0.5120 0.8149 -0.2715
vn 0.0968 0.9907 -0.0952
vn 0.7063 0.6890 -0.1625
vn 0.6911 0.6879 -0.2219
vn 0.3876 0.9129 -0.1275
vn 0.6416 0.6985 -0.3168
vn 0.7600 0.5444 -0.3551
vn 0.8093 0.3431 -0.4767
vn 0.8763 0.2895 -0.3851
vn 0.8998 0.3570 -0.2508
vn 0.9167 0.3603 -0.1726
vn 0.9673 0.0606 -0.2463
vn 0.9223 0.0385 -0.3845
vn 0.8702 0.0433 -0.4907
vn 0.9219 -0.0622 -0.3823
vn 0.9664 -0.0701 -0.2472
vn 0.9180 -0.0833 -0.3877
vn 0.9621 -0.1130 -0.2483
vn 0.9735 -0.1772 -0.1443
vn 0.9821 -0.0848 -0.1684
vn 0.9852 0.0615 -0.1598
vn 0.9939 -0.1097 -0.0104
vn 0.9973 0.0607 -0.0420
vn 0.9818 -0.1287 0.1398
vn 0.9983 0.0556 0.0199
vn 0.9280 0.3670 -0.0640
vn 0.9606 -0.1597 0.2274
vn 0.9288 0.3705 -0.0068
vn 0.7145 0.6952 -0.0788
vn 0.7138 0.6995 -0.0349
vn 0.3910 0.9167 -0.0816
vn 0.3877 0.9200 -0.0577
vn 0.7138 0.6998 -0.0273
vn 0.3866 0.9204 -0.0586
vn 0.3873 0.9204 -0.0536
vn 0.0985 0.9927 -0.0693
vn 0.3770 0.9209 -0.0990
vn 0.3462 0.9182 -0.1923
vn 0.0933 0.9925 -0.0791
vn 0.0995 0.9927 -0.0680
vn 0.1020 0.9919 -0.0753
vn 0.0997 0.9926 -0.0690
vn 0.1017 0.9910 -0.0873
vn 0.8948 -0.2168 0.3904
vn 0.8198 -0.4124 0.3972
vn 0.8534 -0.3319 0.4019
vn 0.9142 -0.3117 0.2591
vn 0.7027 -0.5525 0.4484
vn 0.8102 -0.4809 0.3351
vn 0.7523 -0.5839 0.3053
vn 0.9641 -0.2578 0.0642
vn 0.5572 -0.7110 0.4291
vn 0.6236 -0.6424 0.4456
vn 0.8919 -0.4480 0.0618
vn 0.6005 -0.7641 0.2357
vn 0.6274 -0.6238 0.4660
vn 0.5197 -0.7713 0.3675
vn 0.3047 -0.9062 0.2933
vn 0.4419 -0.7966 0.4125
vn 0.4661 -0.8755 0.1278
vn 0.3010 -0.9138 0.2727
vn 0.2462 -0.9555 0.1621
vn 0.2624 -0.9613 0.0835
vn 0.1424 -0.9828 0.1174
vn 0.3187 -0.9475 0.0274
vn 0.2248 -0.9744 0.0055
vn 0.5360 -0.8279 -0.1652
vn 0.5907 -0.7906 -0.1613
vn 0.7688 -0.5575 -0.3134
vn 0.7802 -0.5372 -0.3204
vn 0.6810 -0.7263 -0.0936
vn 0.5350 -0.8325 -0.1438
vn 0.7501 -0.6105 -0.2542
vn 0.8447 -0.3904 -0.3662
vn 0.9009 -0.3677 -0.2307
vn 0.8195 -0.5433 -0.1823
vn 0.5566 -0.8262 -0.0869
vn 0.2115 -0.9771 0.0221
vn 0.2077 -0.9782 0.0037
vn 0.8425 -0.5360 -0.0540
vn 0.7963 -0.5821 0.1648
vn 0.9072 -0.1941 -0.3733
vn 0.9436 -0.1971 -0.2662
vn 0.8966 0.0484 -0.4403
vn 0.8837 -0.2164 -0.4151
vn 0.8753 -0.2054 -0.4377
vn 0.8402 -0.3718 -0.3949
vn 0.8705 -0.2085 -0.4457
vn 0.8851 0.0482 -0.4630
vn 0.8219 0.3449 -0.4534
vn 0.6295 0.6794 -0.3770
vn 0.8735 -0.2118 -0.4383
vn 0.8414 -0.3710 -0.3930
vn 0.8760 -0.1980 -0.4398
vn 0.8848 -0.1823 -0.4289
vn 0.8685 -0.3306 -0.3693
vn 0.8238 -0.4901 -0.2850
vn 0.8863 -0.4034 -0.2273
vn 0.8986 -0.2828 -0.3354
vn 0.8905 -0.1695 -0.4222
vn 0.8943 -0.1560 -0.4194
vn 0.8993 -0.1458 -0.4122
vn 0.9232 -0.2522 -0.2899
vn 0.9057 -0.1329 -0.4026
vn 0.9096 -0.1207 -0.3975
vn 0.9348 -0.2091 -0.2871
vn 0.9133 -0.1010 -0.3945
vn 0.9510 -0.1574 -0.2661
vn 0.9148 -0.0928 -0.3932
vn 0.9564 -0.2543 -0.1433
vn 0.4291 -0.7924 -0.4337
vn 0.7873 -0.6164 -0.0108
vn 0.3692 -0.9290 0.0274
vn 0.5598 -0.8284 -0.0183
vn 0.6926 -0.7179 0.0696
vn 0.6358 -0.7228 0.2709
vn 0.8341 -0.5161 -0.1949
vn 0.7469 -0.6425 -0.1713
vn 0.8098 -0.5834 0.0621
vn 0.9064 -0.3899 0.1626
vn 0.8266 -0.0858 0.5562
vn 0.9000 -0.3621 0.2427
vn 0.9546 -0.1696 0.2447
vn 0.9636 -0.1895 0.1887
vn 0.9257 -0.3658 0.0964
vn 0.9778 -0.1854 0.0980
vn 0.9957 -0.0232 0.0895
vn 0.9914 0.0911 0.0941
vn 0.9966 0.0792 -0.0212
vn 0.9901 0.0686 -0.1228
vn 0.9750 -0.2211 0.0240
vn 0.8968 -0.4423 0.0037
vn 0.9805 -0.1844 -0.0673
vn 0.9315 -0.3478 -0.1068
vn 0.9772 0.0646 -0.2023
vn 0.9644 -0.2316 -0.1276
vn 0.8723 -0.4621 -0.1600
vn 0.9570 -0.2012 -0.2092
vn 0.8900 -0.3714 -0.2645
vn 0.9615 0.0617 -0.2679
vn 0.9426 -0.2081 -0.2613
vn 0.8232 -0.4734 -0.3134
vn 0.9214 -0.2124 -0.3253
vn 0.9356 0.0570 -0.3483
vn 0.8335 0.3438 -0.4325
vn 0.8957 0.0505 -0.4418
vn 0.9006 -0.2096 -0.3809
vn 0.8706 0.3500 -0.3456
vn 0.8758 -0.2137 -0.4328
vn 0.6414 0.6763 -0.3623
vn 0.6699 0.6812 -0.2954
vn 0.8943 0.3561 -0.2710
vn 0.3508 0.9061 -0.2366
vn 0.3662 0.9088 -0.1999
vn 0.6872 0.6864 -0.2379
vn 0.3333 0.9050 -0.2643
vn 0.3195 0.9033 -0.2862
vn 0.6117 0.6739 -0.4144
vn 0.7961 0.3396 -0.5009
vn 0.9085 0.3606 -0.2112
vn 0.8007 -0.5599 -0.2130
vn 0.5594 -0.8206 -0.1169
vn 0.2199 -0.9755 0.0009
vn 0.0410 -0.9972 0.0629
vn 0.0385 -0.9977 0.0551
vn 0.0305 -0.9976 0.0620
vn 0.2029 -0.9783 -0.0407
vn 0.0699 -0.9961 0.0535
vn 0.0886 -0.9954 0.0375
vn 0.3429 -0.9372 -0.0640
vn 0.0639 -0.9972 0.0381
vn 0.3040 -0.9425 -0.1386
vn 0.0782 -0.9968 0.0184
vn 0.0547 -0.9982 0.0244
vn 0.2491 -0.9471 -0.2024
vn 0.0424 -0.9990 0.0133
vn 0.1809 -0.9507 -0.2520
vn 0.0642 -0.9979 0.0019
vn 0.3450 -0.7560 -0.5563
vn 0.0296 -0.9987 0.0415
vn 0.0201 -0.9987 0.0467
vn 0.1459 -0.9831 -0.1101
vn 0.0231 -0.9991 0.0364
vn 0.1079 -0.9850 -0.1348
vn 0.0465 -0.9989 -0.0106
vn 0.0149 -0.9990 0.0433
vn 0.0648 -0.9864 -0.1511
vn 0.0160 -0.9993 0.0325
vn 0.0284 -0.9996 0.0047
vn 0.0298 -0.9995 -0.0061
vn 0.0124 -0.9992 0.0383
vn 0.0296 -0.9994 -0.0170
vn 0.0079 -0.9991 0.0407
vn 0.1030 -0.9526 -0.2862
vn 0.0234 -0.9995 -0.0207
vn 0.0804 -0.9684 -0.2360
vn 0.0192 -0.9983 -0.0550
vn 0.0213 -0.9969 -0.0759
vn 0.0242 -0.9874 -0.1564
vn 0.0040 -0.9957 -0.0929
vn 0.0776 -0.8980 -0.4331
vn 0.0054 -0.9825 -0.1863
vn -0.0070 -0.9968 -0.0802
vn 0.0871 -0.5718 -0.8158
vn 0.1443 -0.6070 -0.7815
vn 0.2358 -0.7227 -0.6497
vn 0.0778 -0.8854 -0.4583
vn 0.2036 -0.7596 -0.6177
vn 0.2552 -0.4366 -0.8627
vn 0.2001 -0.3642 -0.9096
vn 0.1780 -0.9809 -0.0782
vn 0.3710 -0.8385 -0.3991
vn 0.0245 -0.9984 0.0511
vn 0.0347 -0.9982 0.0479
vn 0.0279 -0.9980 0.0563
vn 0.0288 0.9855 -0.1672
vn 0.0210 0.9851 -0.1706
vn 0.0128 0.9852 -0.1708
vn 0.0802 0.8911 -0.4466
vn 0.0492 0.8918 -0.4498
vn 0.0060 0.9851 -0.1718
vn -0.0190 0.8895 -0.4565
vn 0.0233 0.8911 -0.4532
vn -0.0050 0.9848 -0.1737
vn -0.0346 0.6463 -0.7623
vn 0.1468 0.6487 -0.7468
vn -0.7232 0.3310 -0.6062
vn -0.5708 0.6718 -0.4720
vn -0.7447 0.3358 -0.5768
vn -0.8010 0.0419 -0.5972
vn -0.3086 0.9046 -0.2941
vn 0.0930 -0.9908 0.0980
vn 0.0931 -0.9910 0.0966
vn 0.3662 -0.9147 0.1706
vn 0.0920 -0.9906 0.1011
vn 0.0327 -0.9961 0.0818
vn 0.0293 -0.9962 0.0824
vn 0.0300 -0.9960 0.0844
vn 0.3616 -0.8861 -0.2899
vn 0.9089 -0.1350 -0.3945
vn 0.1922 -0.1499 -0.9698
vn 0.2017 0.1158 -0.9726
vn 0.1461 0.1179 -0.9822
vn 0.0822 -0.1504 -0.9852
vn 0.0818 -0.0364 -0.9960
vn 0.0785 0.1265 -0.9889
vn 0.2566 0.1141 -0.9598
vn 0.2919 -0.1487 -0.9448
vn 0.3053 0.1147 -0.9453
vn 0.3765 0.1148 -0.9193
vn 0.3722 -0.1445 -0.9168
vn 0.4417 0.1167 -0.8896
vn 0.4195 -0.1425 -0.8965
vn 0.4639 -0.0408 -0.8850
vn 0.4739 0.1175 -0.8727
vn 0.7459 -0.1284 -0.6536
vn 0.7788 -0.1908 -0.5976
vn 0.7682 0.1333 -0.6262
vn 0.7445 0.1346 -0.6539
vn 0.7209 0.1310 -0.6805
vn 0.7038 -0.1311 -0.6982
vn 0.6662 0.1311 -0.7342
vn 0.5081 0.1229 -0.8525
vn 0.5174 -0.1410 -0.8440
vn 0.5718 0.1218 -0.8113
vn 0.5796 -0.1382 -0.8031
vn 0.6182 0.1224 -0.7764
vn 0.6309 -0.0333 -0.7751
vn 0.6650 -0.1334 -0.7349
vn 0.8525 -0.1782 -0.4914
vn 0.8614 0.1433 -0.4873
vn 0.8235 -0.1204 -0.5543
vn 0.8016 0.1609 -0.5757
vn 0.8794 -0.1140 -0.4622
vn 0.8978 -0.1116 -0.4261
vn 0.8994 0.1644 -0.4050
vn 0.9275 -0.1070 -0.3581
vn 0.9141 0.1659 -0.3700
vn 0.9905 -0.0883 -0.1057
vn 0.9596 0.1935 -0.2041
vn 0.9812 -0.0919 -0.1698
vn 0.9473 0.1742 -0.2687
vn 0.9357 0.1614 -0.3136
vn 0.9523 0.0005 -0.3052
vn 0.9668 -0.0966 -0.2366
vn 0.9893 -0.0705 0.1280
vn 0.9776 0.1936 0.0829
vn 0.9954 -0.0760 0.0588
vn 0.9822 0.1875 -0.0138
vn 0.9964 -0.0825 -0.0208
vn 0.9800 0.1826 -0.0795
vn 0.9769 0.1741 -0.1241
vn 0.3874 -0.9179 0.0863
vn 0.7113 -0.6973 0.0879
vn 0.7134 -0.7001 0.0307
vn 0.9259 -0.3700 0.0759
vn 0.9272 -0.3746 0.0015
vn 0.1003 -0.9920 0.0764
vn 0.1004 -0.9914 0.0836
vn 0.3865 -0.9153 0.1138
vn 0.9214 -0.3810 -0.0762
vn 0.9127 -0.3853 -0.1362
vn 0.8962 -0.3937 -0.2046
vn 0.6836 -0.7097 -0.1707
vn 0.8634 -0.4002 -0.3073
vn 0.6998 -0.4230 -0.5756
vn 0.7660 -0.4110 -0.4944
vn 0.8354 -0.4023 -0.3746
vn 0.8094 -0.4125 -0.4179
vn 0.6550 -0.4208 -0.6276
vn 0.6139 -0.4267 -0.6641
vn 0.4542 -0.7350 -0.5035
vn 0.5432 -0.4306 -0.7208
vn 0.4755 -0.4338 -0.7654
vn 0.3285 -0.7464 -0.5788
vn 0.3951 -0.4368 -0.8082
vn 0.3451 -0.4351 -0.8316
vn 0.2715 -0.4368 -0.8576
vn 0.1791 -0.4381 -0.8809
vn 0.0765 -0.4386 -0.8954
vn 0.7079 -0.7058 -0.0289
vn 0.7015 -0.7087 -0.0752
vn 0.6893 -0.7120 -0.1338
vn 0.6667 -0.7170 -0.2035
vn 0.6420 -0.7220 -0.2582
vn 0.6204 -0.7248 -0.2997
vn 0.5897 -0.7273 -0.3512
vn 0.5450 -0.7318 -0.4093
vn 0.5035 -0.7358 -0.4528
vn 0.4692 -0.7382 -0.4847
vn 0.4232 -0.7398 -0.5231
vn 0.3618 -0.7429 -0.5632
vn 0.3082 -0.7457 -0.5908
vn 0.2651 -0.7472 -0.6094
vn 0.2089 -0.7476 -0.6304
vn 0.1378 -0.7488 -0.6484
vn 0.0589 -0.7488 -0.6602
vn 0.3902 -0.9191 0.0552
vn 0.3861 -0.9222 0.0228
vn 0.3825 -0.9239 -0.0025
vn 0.3769 -0.9256 -0.0347
vn 0.3647 -0.9283 -0.0729
vn 0.3501 -0.9311 -0.1022
vn 0.3381 -0.9328 -0.1249
vn 0.3224 -0.9341 -0.1536
vn 0.2983 -0.9363 -0.1856
vn 0.2746 -0.9387 -0.2084
vn 0.2559 -0.9399 -0.2260
vn 0.2314 -0.9408 -0.2476
vn 0.1979 -0.9424 -0.2698
vn 0.1680 -0.9442 -0.2833
vn 0.1445 -0.9449 -0.2938
vn 0.1143 -0.9450 -0.3064
vn 0.0754 -0.9457 -0.3162
vn 0.0322 -0.9458 -0.3232
vn 0.9204 -0.3649 0.1405
vn 0.7079 -0.6928 0.1378
vn 0.1017 -0.9925 0.0684
vn 0.1002 -0.9932 0.0600
vn 0.0990 -0.9937 0.0534
vn 0.0984 -0.9941 0.0449
vn 0.0952 -0.9948 0.0349
vn 0.0906 -0.9955 0.0277
vn 0.0876 -0.9959 0.0217
vn 0.0839 -0.9964 0.0141
vn 0.0777 -0.9970 0.0056
vn 0.0714 -0.9975 -0.0002
vn 0.0664 -0.9978 -0.0046
vn 0.0602 -0.9981 -0.0105
vn 0.0517 -0.9985 -0.0166
vn 0.0436 -0.9989 -0.0194
vn 0.0373 -0.9991 -0.0219
vn 0.0298 -0.9992 -0.0261
vn 0.0196 -0.9994 -0.0284
vn 0.0084 -0.9995 -0.0306
vn 0.9328 0.2361 0.2723
vn 0.9534 0.2062 0.2201
vn 0.9679 -0.0624 0.2434
vn 0.9641 0.2193 0.1499
vn 0.7630 0.0827 0.6411
vn 0.7532 0.2125 0.6225
vn 0.7930 0.2222 0.5673
vn 0.7549 -0.0321 0.6551
vn 0.9047 0.2149 0.3680
vn 0.9240 -0.0525 0.3788
vn 0.8753 0.2240 0.4285
vn 0.8744 -0.0461 0.4830
vn 0.8357 0.2201 0.5032
vn 0.8391 0.0629 0.5404
vn 0.7955 -0.0359 0.6049
vn 0.8085 -0.3453 0.4765
vn 0.7426 -0.3369 0.5788
vn 0.7016 -0.3305 0.6312
vn 0.5752 -0.6685 0.4714
vn 0.5391 -0.6668 0.5145
vn 0.3149 -0.9017 0.2964
vn 0.2936 -0.9012 0.3187
vn 0.0822 -0.9879 0.1313
vn 0.0759 -0.9877 0.1365
vn 0.9010 -0.3563 0.2474
vn 0.6943 -0.6852 0.2201
vn 0.3815 -0.9106 0.1592
vn 0.1002 -0.9904 0.0957
vn 0.8594 -0.3472 0.3752
vn 0.6622 -0.6783 0.3185
vn 0.3632 -0.9070 0.2130
vn 0.0954 -0.9894 0.1098
vn 0.6204 -0.6727 0.4033
vn 0.3399 -0.9040 0.2593
vn 0.0891 -0.9885 0.1219
vn 0.5010 -0.7747 0.3858
vn 0.9830 -0.0712 0.1693
vn 0.9968 -0.0797 -0.0019
vn 0.9885 0.1427 -0.0497
vn 0.9845 -0.0894 -0.1511
vn 0.9608 0.1536 -0.2307
vn 0.9580 -0.0978 -0.2697
vn 0.9342 0.1588 -0.3193
vn 0.9266 -0.1044 -0.3612
vn 0.9014 0.1566 -0.4037
vn 0.9002 -0.1063 -0.4223
vn 0.8856 0.1548 -0.4379
vn 0.7711 0.1561 0.6173
vn 0.9725 0.1461 0.1814
vn 0.8970 0.1415 0.4188
vn 0.9379 -0.0619 0.3413
vn 0.8304 0.1571 0.5345
vn 0.8597 -0.0456 0.5088
vn 0.7704 -0.0330 0.6367
vn 0.0890 -0.9954 0.0359
vn 0.0886 -0.9956 0.0291
vn 0.3478 -0.9323 -0.0990
vn 0.2935 -0.9056 0.3062
vn 0.5469 -0.6733 0.4975
vn 0.8603 -0.4014 -0.3141
vn 0.8895 -0.3958 -0.2284
vn 0.9140 -0.3881 -0.1183
vn 0.9252 -0.3791 0.0192
vn 0.9126 -0.3684 0.1772
vn 0.8707 -0.3568 0.3384
vn 0.7961 -0.3459 0.4965
vn 0.7161 -0.3355 0.6121
vn 0.6062 -0.6826 0.4080
vn 0.6638 -0.6903 0.2880
vn 0.6954 -0.6995 0.1650
vn 0.7054 -0.7074 0.0446
vn 0.6975 -0.7141 -0.0603
vn 0.6797 -0.7191 -0.1447
vn 0.6579 -0.7232 -0.2103
vn 0.8383 -0.3994 -0.3711
vn 0.3225 -0.9113 0.2562
vn 0.3534 -0.9154 0.1926
vn 0.3702 -0.9202 0.1271
vn 0.3760 -0.9245 0.0630
vn 0.3729 -0.9278 0.0069
vn 0.3645 -0.9304 -0.0386
vn 0.3534 -0.9325 -0.0740
vn 0.6439 -0.7213 -0.2554
vn 0.0739 -0.9885 0.1316
vn 0.0798 -0.9898 0.1181
vn 0.0875 -0.9909 0.1025
vn 0.0918 -0.9920 0.0863
vn 0.0934 -0.9931 0.0704
vn 0.0931 -0.9941 0.0564
vn 0.0916 -0.9948 0.0448
vn 0.8704 -0.1111 -0.4797
vn 0.9224 -0.0931 -0.3748
vn 0.9218 0.0078 -0.3876
vn 0.9176 0.0290 -0.3963
vn 0.9135 0.0431 -0.4046
vn 0.9095 0.0653 -0.4106
vn 0.9000 0.0901 -0.4265
vn 0.8881 0.1151 -0.4450
vn 0.8802 0.1238 -0.4582
vn 0.8745 0.1352 -0.4659
vn 0.8710 0.1441 -0.4696
vn 0.8847 -0.1093 -0.4532
vn 0.8751 0.1404 -0.4632
vn 0.8765 -0.3407 -0.3400
vn 0.8111 -0.4031 -0.4239
vn 0.6235 -0.7235 -0.2963
vn 0.3372 -0.9336 -0.1215
vn 0.5371 -0.8273 -0.1646
vn 0.7331 -0.6280 -0.2610
vn 0.0860 -0.9960 0.0234
vn 0.0063 -0.9977 0.0681
vn 0.0727 -0.9965 0.0422
vn 0.2123 -0.9771 -0.0170
vn 0.3656 -0.9268 -0.0855
vn 0.0874 -0.9958 0.0258
vn 0.3425 -0.9329 -0.1117
vn 0.6331 -0.7223 -0.2784
vn 0.8237 -0.4010 -0.4009
vn 0.4011 0.8938 -0.2007
vn 0.5018 0.8276 -0.2516
vn 0.2532 0.9553 -0.1525
vn -0.7045 0.1245 -0.6987
vn -0.7982 0.1461 -0.5844
vn -0.7534 0.3042 -0.5830
vn -0.5011 0.0702 -0.8625
vn -0.6506 0.2665 -0.7112
vn -0.7010 0.3333 -0.6305
vn -0.4777 0.3648 -0.7992
vn -0.3668 0.2469 -0.8969
vn -0.7553 0.3167 -0.5737
vn 0.3259 -0.1123 -0.9387
vn -0.1532 0.1230 -0.9805
vn 0.0650 -0.0667 -0.9957
vn -0.3708 0.1629 -0.9143
vn -0.2247 -0.0022 -0.9744
vn 0.0761 0.3387 -0.9378
vn 0.0014 0.1279 -0.9918
vn -0.0425 0.3109 -0.9495
vn -0.0901 0.1296 -0.9875
vn -0.1808 0.3103 -0.9333
vn -0.1738 0.1226 -0.9771
vn -0.2686 0.1365 -0.9535
vn -0.3165 0.3171 -0.8940
vn -0.3472 0.1286 -0.9289
vn -0.4934 0.1379 -0.8588
vn -0.4195 0.1773 -0.8903
vn -0.3800 0.1406 -0.9142
vn -0.4356 0.2991 -0.8490
vn -0.5651 0.3090 -0.7650
vn -0.5780 0.1365 -0.8045
vn -0.6703 0.2869 -0.6844
vn -0.6494 0.1610 -0.7432
vn -0.7518 0.2654 -0.6036
vn -0.7137 0.1890 -0.6745
vn -0.7479 0.2795 -0.6021
vn 0.7102 0.3524 -0.6094
vn 0.6957 0.3533 -0.6255
vn 0.4115 0.3358 -0.8473
vn 0.3143 0.4386 -0.8419
vn 0.2912 0.3430 -0.8931
vn 0.2365 0.3367 -0.9114
vn 0.1678 0.3940 -0.9037
vn 0.4589 0.3543 -0.8148
vn 0.4788 0.4233 -0.7692
vn 0.5687 0.3430 -0.7476
vn 0.6074 0.3674 -0.7043
vn 0.6253 0.4152 -0.6607
vn 0.8459 0.4023 -0.3501
vn 0.8714 0.3798 -0.3105
vn 0.8198 0.4042 -0.4057
vn 0.8107 0.3657 -0.4572
vn 0.7972 0.3612 -0.4838
vn 0.7543 0.4017 -0.5193
vn 0.7409 0.3679 -0.5619
vn 0.8974 0.4062 -0.1723
vn 0.8856 0.4107 -0.2171
vn 0.8788 0.3810 -0.2874
vn 0.9279 0.3669 0.0663
vn 0.9374 0.3454 -0.0435
vn 0.9079 0.4051 -0.1078
vn 0.8898 0.4143 0.1914
vn 0.8784 0.3847 0.2835
vn 0.7371 0.3555 0.5747
vn 0.7661 0.3911 0.5101
vn 0.7822 0.4511 0.4298
vn 0.8220 0.3972 0.4081
vn 0.8426 0.4217 0.3351
vn 0.6692 0.2406 -0.7030
vn 0.7079 0.2105 -0.6743
vn 0.6554 0.4088 -0.6351
vn 0.6005 0.4100 -0.6865
vn 0.6382 0.2247 -0.7363
vn 0.5555 0.4146 -0.7208
vn 0.6042 0.2268 -0.7639
vn 0.4657 0.7427 -0.4812
vn 0.4209 0.7462 -0.5157
vn 0.1807 0.9549 -0.2355
vn 0.1627 0.9550 -0.2478
vn 0.0255 0.9952 -0.0948
vn 0.0228 0.9951 -0.0965
vn 0.3882 0.7480 -0.5383
vn 0.1498 0.9550 -0.2560
vn 0.0210 0.9950 -0.0976
vn 0.5351 0.2435 -0.8089
vn 0.5492 0.2409 -0.8002
vn 0.5128 0.4313 -0.7423
vn 0.5714 0.2421 -0.7842
vn 0.0242 0.9942 -0.1047
vn 0.0176 0.9951 -0.0974
vn 0.1256 0.9573 -0.2604
vn 0.0169 0.9947 -0.1014
vn 0.4334 0.5130 -0.7409
vn 0.4914 0.2722 -0.8273
vn 0.5005 0.2922 -0.8149
vn 0.0063 0.9972 -0.0739
vn 0.0587 0.9860 -0.1564
vn 0.1926 0.9104 -0.3662
vn 0.3234 0.7548 -0.5707
vn 0.3332 0.7602 -0.5577
vn 0.4846 0.4336 -0.7598
vn 0.5163 0.2575 -0.8168
vn 0.3385 0.7802 -0.5260
vn 0.7072 0.7042 0.0635
vn 0.6878 0.6555 -0.3119
vn 0.5814 0.8135 -0.0137
vn 0.5200 0.8221 -0.2319
vn 0.4242 0.9053 -0.0214
vn 0.6759 0.2204 -0.7032
vn 0.6236 0.1123 -0.7736
vn 0.6139 0.2870 -0.7353
vn 0.6085 0.1180 -0.7847
vn 0.5919 0.1470 -0.7925
vn 0.6921 0.6934 0.2003
vn 0.5234 0.8350 0.1699
vn 0.3585 0.9260 0.1185
vn 0.6103 0.4851 -0.6263
vn 0.5926 0.6776 -0.4356
vn 0.7597 0.6336 -0.1464
vn 0.7668 0.5286 -0.3641
vn 0.7364 0.3851 -0.5563
vn 0.8581 0.5098 -0.0608
vn 0.9460 0.3237 -0.0187
vn 0.9047 0.2455 -0.3483
vn 0.7399 0.2043 -0.6409
vn 0.6341 0.0943 -0.7675
vn 0.6690 0.0595 -0.7409
vn 0.8423 0.4030 -0.3580
vn 0.9846 0.1583 -0.0739
vn 0.9232 0.1106 -0.3680
vn 0.7613 0.1237 -0.6365
vn 0.7781 0.0498 -0.6261
vn 0.6857 0.0193 -0.7277
vn 0.9151 0.3799 0.1349
vn 0.9820 0.1700 0.0823
vn 0.6817 0.6939 0.2321
vn 0.7892 0.6036 0.1133
vn 0.7975 0.5070 0.3270
vn 0.8995 0.4217 0.1149
vn 0.9297 0.3265 0.1702
vn 0.9564 0.1311 -0.2611
vn 0.9800 0.1922 -0.0519
vn 0.9361 0.1978 -0.2909
vn 0.9527 0.2857 -0.1033
vn 0.9010 0.4182 -0.1152
vn 0.9678 0.0861 -0.2364
vn 0.9713 0.0422 -0.2339
vn 0.9915 0.0980 -0.0855
vn 0.9841 0.1617 0.0734
vn 0.2026 0.9792 -0.0075
vn 0.1018 0.9945 -0.0251
vn 0.3143 0.9447 0.0938
vn 0.1191 0.9927 0.0195
vn 0.1518 0.9884 -0.0009
vn 0.5014 0.8454 0.1841
vn 0.2816 0.9544 -0.0993
vn 0.3913 0.8718 -0.2947
vn 0.4847 0.7221 -0.4936
vn 0.1565 0.9790 -0.1303
vn 0.2986 0.8835 -0.3610
vn 0.4327 0.6684 -0.6050
vn 0.5519 0.5189 -0.6528
vn 0.5735 0.1602 -0.8034
vn 0.5730 0.3065 -0.7601
vn 0.5594 0.1732 -0.8106
vn 0.5156 0.3814 -0.7672
vn 0.5404 0.1905 -0.8195
vn 0.4874 0.2618 -0.8330
vn 0.2347 0.8894 -0.3922
vn 0.1011 0.9805 -0.1686
vn 0.0354 0.9973 -0.0638
vn 0.5020 0.1928 -0.8431
vn 0.4888 0.2270 -0.8423
vn 0.4627 0.4122 -0.7848
vn 0.4868 0.2300 -0.8427
vn 0.3727 0.6861 -0.6248
vn 0.5204 0.1761 -0.8355
vn 0.5123 0.1626 -0.8433
vn 0.9948 -0.0743 -0.0694
vn 0.9981 -0.0581 0.0199
vn 0.9939 0.0696 0.0855
vn 0.9787 -0.0887 -0.1850
vn 0.9650 -0.0961 -0.2440
vn 0.9979 -0.0583 0.0296
vn 0.9961 0.0838 -0.0279
vn 0.9974 -0.0716 0.0087
vn 0.9858 -0.0725 -0.1517
vn 0.6751 -0.0179 -0.7375
vn 0.6854 -0.1378 -0.7150
vn 0.7495 -0.1248 -0.6502
vn 0.8887 -0.0988 -0.4477
vn 0.6380 -0.4282 -0.6400
vn 0.4882 -0.7417 -0.4600
vn 0.0702 -0.9975 0.0097
vn 0.2825 -0.9421 -0.1804
vn 0.5297 -0.7419 -0.4111
vn 0.6954 -0.4258 -0.5789
vn 0.0788 -0.9964 0.0313
vn 0.3277 -0.9396 -0.0988
vn 0.6251 -0.7345 -0.2641
vn 0.8249 -0.4107 -0.3884
vn 0.3674 -0.9300 0.0067
vn 0.6963 -0.7150 -0.0628
vn 0.9149 -0.3847 -0.1223
vn 0.7125 -0.6996 0.0529
vn 0.9291 -0.3687 0.0299
vn 0.9286 -0.3693 0.0372
vn 0.7130 -0.6974 0.0728
vn 0.9286 -0.3669 0.0560
vn 0.7139 -0.6979 0.0582
vn 0.7133 -0.7008 -0.0047
vn 0.9258 -0.3753 -0.0444
vn 0.1001 -0.9936 0.0516
vn 0.3831 -0.9237 -0.0092
vn 0.7004 -0.7084 -0.0872
vn 0.9104 -0.3849 -0.1518
vn 0.0961 -0.9943 0.0463
vn 0.3739 -0.9269 -0.0309
vn 0.6887 -0.7137 -0.1280
vn 0.8973 -0.3908 -0.2055
vn 0.8956 -0.3899 -0.2142
vn 0.9623 -0.0968 -0.2542
vn 0.0951 -0.9944 0.0457
vn 0.3719 -0.9277 -0.0330
vn 0.6873 -0.7140 -0.1334
vn 0.9623 -0.0970 -0.2540
vn 0.8950 -0.3909 -0.2148
vn 0.6863 -0.7146 -0.1350
vn 0.3723 -0.9275 -0.0345
vn 0.0955 -0.9944 0.0454
vn 0.8686 0.2766 -0.4112
vn 0.8404 0.3128 -0.4426
vn 0.8382 0.3145 -0.4455
vn 0.9191 0.2358 -0.3157
vn 0.9011 0.2691 -0.3401
vn 0.8286 0.4374 -0.3495
vn 0.6339 0.7702 0.0696
vn 0.8234 0.5446 -0.1597
vn 0.7801 0.4858 -0.3943
vn 0.5916 0.7591 -0.2716
vn 0.6858 0.6969 -0.2095
vn 0.3254 0.9396 -0.1060
vn 0.4420 0.8968 -0.0202
vn 0.0241 0.9984 -0.0506
vn 0.0333 0.9973 -0.0651
vn 0.0849 0.9938 -0.0718
vn 0.2122 0.9673 -0.1392
vn 0.3052 0.9366 -0.1723
vn 0.5388 0.7996 -0.2650
vn 0.5374 0.7932 -0.2864
vn 0.7881 0.5094 -0.3456
vn 0.7216 0.5837 -0.3723
vn 0.8625 0.3476 -0.3677
vn 0.8336 0.3657 -0.4140
vn 0.9022 0.3262 -0.2821
vn 0.8205 0.5091 -0.2602
vn 0.5587 0.8042 -0.2028
vn 0.2146 0.9696 -0.1178
vn 0.0354 0.9968 -0.0718
vn 0.9426 0.3112 -0.1207
vn 0.8618 0.4953 -0.1094
vn 0.5856 0.8041 -0.1027
vn 0.2194 0.9721 -0.0827
vn 0.0333 0.9969 -0.0709
vn 0.9552 0.2732 0.1139
vn 0.8748 0.4747 0.0973
vn 0.5977 0.8010 0.0348
vn 0.2216 0.9745 -0.0346
vn 0.0312 0.9973 -0.0659
vn 0.1471 0.9860 -0.0790
vn 0.8287 0.3495 -0.4371
vn 0.8030 0.2725 0.5300
vn 0.8984 0.2700 0.3462
vn 0.7400 0.4772 0.4741
vn 0.1557 0.9850 0.0743
vn 0.1926 0.9796 0.0575
vn 0.0953 0.9944 0.0449
vn 0.0277 0.9981 -0.0545
vn 0.6830 0.5320 0.5005
vn 0.5136 0.8071 0.2911
vn 0.4716 0.8243 0.3132
vn 0.2090 0.9730 0.0975
vn 0.1858 0.9789 0.0853
vn 0.8298 0.4647 0.3089
vn 0.5726 0.8003 0.1777
vn 0.2134 0.9768 0.0164
vn 0.0294 0.9978 -0.0597
vn 0.0054 0.9982 -0.0593
vn 0.0049 0.9980 -0.0623
vn 0.0020 0.9977 -0.0671
vn 0.0051 0.9977 -0.0675
vn 0.0030 0.9976 -0.0695
vn 0.0019 0.9975 -0.0702
vn 0.0006 0.9975 -0.0711
vn 0.0498 0.9987 0.0092
vn 0.0577 0.9983 0.0058
vn -0.0455 0.9954 -0.0844
vn -0.1570 0.9833 -0.0919
vn -0.0970 0.9929 -0.0689
vn -0.0017 0.9998 0.0195
vn 0.0190 0.9997 0.0175
vn 0.0372 0.9992 0.0135
vn -0.0895 0.9944 -0.0554
vn 0.0029 0.9975 -0.0713
vn 0.0522 0.9952 -0.0833
vn 0.0554 0.9955 -0.0774
vn 0.0159 0.9968 -0.0782
vn -0.0418 0.9991 0.0093
vn -0.0591 0.9983 -0.0023
vn -0.0732 0.9972 -0.0175
vn 0.0288 0.9954 -0.0916
vn -0.0836 0.9959 -0.0355
vn 0.0314 0.9957 -0.0876
vn 0.0523 0.9948 -0.0871
vn -0.0223 0.9996 0.0167
vn -0.5436 0.7644 -0.3467
vn -0.8012 0.4061 -0.4395
vn -0.8277 0.4302 -0.3604
vn -0.9280 0.0921 -0.3610
vn -0.9555 0.1061 -0.2751
vn -0.9731 0.0984 -0.2082
vn -0.9787 0.1218 -0.1652
vn -0.8544 0.4842 -0.1885
vn -0.9839 0.1233 -0.1292
vn -0.7104 0.6944 -0.1141
vn -0.4385 0.8906 -0.1202
vn -0.4928 0.8569 -0.1512
vn -0.8863 0.4463 -0.1234
vn -0.8425 0.4651 -0.2718
vn -0.5375 0.7949 -0.2814
vn -0.3387 0.9168 -0.2115
vn -0.5162 0.8301 -0.2108
vn -0.2146 0.9662 -0.1430
vn -0.1787 0.9776 -0.1116
vn -0.8835 0.0840 -0.4608
vn -0.9062 0.0468 -0.4202
vn 0.1497 0.9497 0.2750
vn 0.1981 0.9468 0.2535
vn -0.9909 0.1290 -0.0395
vn -0.9280 0.3692 -0.0507
vn -0.9964 -0.0592 0.0610
vn -0.9726 0.1718 0.1565
vn -0.9753 0.1388 0.1720
vn -0.9580 -0.0482 0.2825
vn -0.9083 0.1874 0.3739
vn -0.9071 0.1548 0.3914
vn -0.8689 -0.0337 0.4938
vn -0.7959 0.2016 0.5709
vn -0.8031 0.1397 0.5792
vn -0.7312 -0.0218 0.6819
vn -0.6412 0.2134 0.7371
vn -0.3529 -0.0025 0.9357
vn -0.2400 0.2282 0.9436
vn -0.4526 0.2224 0.8635
vn -0.6473 0.1517 0.7470
vn -0.5573 -0.0108 0.8302
vn -0.4574 0.1608 0.8746
vn 0.1010 0.0063 0.9949
vn 0.2115 0.2287 0.9503
vn -0.0147 0.2303 0.9730
vn -0.2438 0.1662 0.9555
vn -0.1267 0.0048 0.9919
vn -0.0083 0.1749 0.9846
vn 0.2229 0.1811 0.9579
vn 0.3252 0.0039 0.9456
vn 0.3834 0.4364 0.8140
vn 0.4366 0.1842 0.8806
vn 0.4821 0.4359 0.7600
vn 0.5051 0.1590 0.8483
vn 0.3699 0.7515 0.5462
vn 0.2810 0.7565 0.5906
vn 0.1739 0.6123 0.7713
vn 0.1464 0.7614 0.6316
vn -0.0156 0.6136 0.7895
vn -0.0131 0.7625 0.6469
vn -0.2043 0.6118 0.7642
vn -0.1719 0.7610 0.6256
vn -0.3823 0.6069 0.6968
vn -0.3217 0.7569 0.5688
vn -0.5402 0.5993 0.5908
vn -0.4547 0.7505 0.4796
vn -0.6698 0.5894 0.4517
vn -0.5638 0.7421 0.3625
vn -0.7643 0.5775 0.2868
vn -0.6433 0.7322 0.2238
vn -0.8187 0.5646 0.1049
vn -0.6891 0.7212 0.0706
vn -0.7012 0.7101 -0.0638
vn 0.0775 0.9524 0.2949
vn -0.0069 0.9530 0.3030
vn -0.0910 0.9522 0.2917
vn -0.1703 0.9500 0.2617
vn -0.2406 0.9466 0.2144
vn -0.2984 0.9422 0.1525
vn -0.3405 0.9369 0.0791
vn -0.3647 0.9311 -0.0020
vn -0.3718 0.9259 -0.0664
vn 0.5567 0.1439 0.8181
vn 0.5905 0.1682 0.7893
vn 0.5440 0.4258 0.7230
vn 0.2242 0.9463 0.2328
vn 0.2833 0.9178 0.2781
vn 0.4283 0.7443 0.5125
vn 0.4667 0.7395 0.4851
vn 0.5845 0.4988 0.6400
vn 0.6416 0.1839 0.7447
vn 0.7199 0.1668 0.6737
vn 0.7524 0.1845 0.6324
vn 0.6655 0.5114 0.5437
vn 0.6869 0.1779 0.7046
vn 0.6126 0.5196 0.5957
vn 0.3763 0.8690 0.3214
vn 0.4208 0.8554 0.3019
vn -0.0840 0.9927 -0.0869
vn -0.0014 0.9974 -0.0718
vn -0.0889 0.9957 -0.0246
vn 0.0828 0.9964 -0.0165
vn 0.0920 0.9958 -0.0018
vn -0.0827 0.9965 -0.0153
vn -0.0865 0.9958 -0.0308
vn -0.0954 0.9948 -0.0353
vn 0.0889 0.9957 -0.0246
vn 0.1346 0.9909 -0.0027
vn 0.0912 0.9953 -0.0340
vn 0.0957 0.9940 -0.0525
vn 0.1033 0.9937 -0.0442
vn -0.0924 0.9956 -0.0121
vn -0.0636 0.9980 0.0044
vn -0.0776 0.9969 0.0106
vn -0.0986 0.9928 -0.0682
vn -0.1109 0.9910 -0.0744
vn -0.0013 0.9974 -0.0717
vn 0.0003 0.9974 -0.0714
vn -0.0939 0.9899 -0.1065
vn -0.1446 0.9808 -0.1305
vn -0.0258 0.9938 -0.1083
vn -0.0804 0.9891 -0.1235
vn -0.1883 0.9792 -0.0751
vn -0.1375 0.9840 -0.1132
vn -0.1037 0.9841 -0.1444
vn -0.2934 0.9540 -0.0621
vn -0.2315 0.9698 -0.0770
vn -0.0223 0.9971 -0.0723
vn -0.0727 0.9967 0.0353
vn -0.0482 0.9987 0.0150
vn -0.0571 0.9983 0.0113
vn 0.0453 0.9975 -0.0541
vn 0.0440 0.9979 -0.0467
vn -0.1216 0.9911 -0.0547
vn -0.0967 0.9941 -0.0498
vn -0.0997 0.9933 -0.0591
vn 0.0997 0.9933 -0.0591
vn 0.0995 0.9926 -0.0696
vn 0.1114 0.9917 -0.0645
vn -0.0175 0.9992 0.0349
vn -0.0132 0.9995 0.0275
vn -0.0358 0.9857 -0.1645
vn -0.0524 0.9730 -0.2247
vn 0.0636 0.9881 -0.1400
vn 0.0958 0.9909 -0.0951
vn 0.1147 0.9890 -0.0937
vn -0.0012 0.9974 -0.0717
vn 0.0004 0.9974 -0.0715
vn -0.0240 0.9994 0.0261
vn -0.0284 0.9994 0.0208
vn -0.0372 0.9990 0.0254
vn 0.0142 0.9995 0.0267
vn 0.0093 0.9991 0.0416
vn -0.0466 0.9860 -0.1598
vn -0.0834 0.9711 -0.2235
vn -0.0706 0.9854 -0.1548
vn -0.0969 0.9907 -0.0957
vn -0.1014 0.9899 -0.0989
vn -0.0000 0.9975 -0.0713
vn 0.0604 0.9904 0.1241
vn 0.0840 0.9701 0.2277
vn -0.0001 0.9975 -0.0713
vn -0.0043 0.9857 -0.1685
vn 0.0240 0.9994 0.0261
vn 0.0325 0.9992 0.0219
vn 0.0334 0.9975 0.0616
vn -0.0904 0.9850 -0.1471
vn -0.0804 0.9884 -0.1291
vn -0.0752 0.9876 -0.1376
vn -0.0677 0.9875 -0.1424
vn 0.0399 0.9992 0.0017
vn 0.0006 0.9975 -0.0703
vn 0.0007 0.9975 -0.0703
vn 0.0724 0.9969 0.0294
vn 0.0714 0.9946 0.0752
vn 0.0431 0.9976 -0.0549
vn 0.0432 0.9973 -0.0588
vn 0.0476 0.9872 -0.1521
vn 0.0686 0.9975 0.0143
vn -0.0001 0.9974 -0.0720
vn -0.0001 0.9974 -0.0716
vn -0.0001 0.9975 -0.0712
vn 0.0478 0.9986 0.0220
vn 0.0498 0.9987 0.0119
vn 0.0571 0.9983 0.0113
vn -0.0044 0.9818 -0.1899
vn -0.0000 0.9975 -0.0714
vn -0.0100 0.9855 -0.1697
vn 0.0651 0.9979 0.0041
vn -0.1786 0.8965 -0.4054
vn -0.1366 0.8951 -0.4245
vn 0.3087 0.9434 -0.1212
vn 0.8150 0.4712 -0.3372
vn 0.8713 0.3749 -0.3167
vn 0.8605 0.4532 -0.2328
vn -0.2372 0.9012 -0.3627
vn -0.2686 0.9406 -0.2077
vn -0.3524 0.9047 -0.2393
vn -0.3973 0.9134 -0.0882
vn -0.2910 0.9560 0.0384
vn -0.2736 0.9391 0.2079
vn -0.1193 0.9666 0.2268
vn 0.0222 0.9549 0.2961
vn 0.1441 0.9633 0.2266
vn 0.2668 0.9532 0.1421
vn 0.3261 0.9450 0.0252
vn 0.3770 0.9260 0.0221
vn 0.3521 0.9353 0.0349
vn 0.8404 0.4921 0.2272
vn 0.3613 0.9290 0.0801
vn 0.2707 0.9622 0.0307
vn 0.2437 0.9694 0.0310
vn 0.3181 0.9359 0.1510
vn 0.3369 0.9128 0.2310
vn 0.3227 0.9113 0.2555
vn 0.2543 0.9412 0.2224
vn 0.2064 0.9678 0.1441
vn 0.1842 0.9443 0.2728
vn 0.1537 0.9556 0.2515
vn 0.3698 0.4919 0.7882
vn 0.1069 0.9740 0.1996
vn 0.1313 0.9463 0.2955
vn 0.0909 0.9798 0.1783
vn 0.0485 0.9477 0.3156
vn 0.0014 0.9212 0.3891
vn -0.0475 0.9479 0.3151
vn -0.0214 0.9693 0.2449
vn -0.0340 0.9409 0.3369
vn -0.1320 0.9453 0.2983
vn -0.1313 0.9594 0.2496
vn -0.3643 0.5171 0.7745
vn -0.1831 0.9443 0.2733
vn -0.1292 0.9732 0.1905
vn -0.1229 0.9786 0.1648
vn -0.2541 0.9410 0.2236
vn -0.3393 0.9126 0.2282
vn -0.3172 0.9362 0.1513
vn -0.2370 0.9647 0.1146
vn -0.2631 0.9486 0.1759
vn -0.3612 0.9292 0.0786
vn -0.3154 0.9480 0.0433
vn -0.8217 0.5261 0.2191
vn -0.3754 0.9266 0.0231
vn -0.2816 0.9595 0.0089
vn -0.2582 0.9661 -0.0029
vn -0.3860 0.9203 -0.0633
vn -0.4372 0.8944 -0.0940
vn -0.4329 0.8933 -0.1213
vn -0.2807 0.9522 -0.1208
vn -0.3734 0.9140 -0.1585
vn -0.3594 0.9111 -0.2019
vn -0.2865 0.9315 -0.2243
vn -0.7075 0.5306 -0.4668
vn -0.3159 0.9045 -0.2866
vn -0.2499 0.9409 -0.2287
vn -0.2261 0.9493 -0.2186
vn -0.2584 0.8995 -0.3523
vn -0.3250 0.8161 -0.4778
vn -0.2346 0.8756 -0.4222
vn -0.1085 0.9000 -0.4221
vn -0.0443 0.8930 -0.4479
vn -0.0407 0.9384 -0.3432
vn -0.0481 0.9286 -0.3680
vn -0.1400 0.5738 -0.8069
vn -0.1099 0.8847 -0.4531
vn 0.0526 0.9434 -0.3276
vn -0.0145 0.8949 -0.4460
vn 0.0648 0.8704 -0.4880
vn 0.0718 0.7667 -0.6380
vn -0.0205 0.6581 -0.7526
vn 0.0773 0.6121 -0.7870
vn 0.0739 0.4303 -0.8996
vn -0.0200 0.4192 -0.9077
vn 0.0614 0.3379 -0.9392
vn 0.5346 0.7915 -0.2963
vn 0.6866 0.6443 -0.3369
vn 0.6844 0.6969 -0.2143
vn 0.2323 0.9528 -0.1955
vn 0.3870 0.8876 -0.2496
vn 0.3738 0.9144 -0.1555
vn 0.4423 0.8888 -0.1198
vn 0.5554 0.8262 -0.0940
vn 0.3852 0.9206 -0.0644
vn 0.2920 0.9531 -0.0799
vn 0.3815 0.9242 -0.0198
vn 0.3402 0.9336 0.1121
vn 0.2183 0.9435 0.2494
vn 0.0920 0.9475 0.3062
vn -0.0920 0.9475 0.3062
vn -0.2183 0.9435 0.2495
vn -0.3403 0.9336 0.1121
vn -0.3815 0.9242 -0.0198
vn -0.2877 0.9026 -0.3202
vn -0.0731 0.9221 -0.3799
vn -0.0785 0.9314 -0.3554
vn 0.8687 0.4752 -0.1400
vn 0.6985 0.7027 -0.1354
vn 0.8855 0.4641 -0.0222
vn 0.7036 0.7087 -0.0508
vn 0.8688 0.4902 0.0702
vn 0.6985 0.7148 0.0338
vn 0.8509 0.4960 0.1731
vn 0.6832 0.7208 0.1171
vn 0.8160 0.5091 0.2736
vn 0.6579 0.7266 0.1980
vn 0.7757 0.5108 0.3708
vn 0.6230 0.7321 0.2753
vn 0.7186 0.5222 0.4593
vn 0.5791 0.7373 0.3478
vn 0.6561 0.5234 0.5437
vn 0.5267 0.7421 0.4146
vn 0.5794 0.5331 0.6165
vn 0.4666 0.7464 0.4745
vn 0.4985 0.5335 0.6832
vn 0.3998 0.7501 0.5268
vn 0.4065 0.5409 0.7363
vn 0.3271 0.7533 0.5706
vn 0.3117 0.5407 0.7813
vn 0.2495 0.7558 0.6054
vn 0.2097 0.5453 0.8116
vn 0.1684 0.7576 0.6306
vn 0.1065 0.5443 0.8321
vn 0.0849 0.7587 0.6459
vn 0.0002 0.5457 0.8380
vn -0.0000 0.7590 0.6510
vn -0.1053 0.5437 0.8326
vn -0.0848 0.7587 0.6459
vn -0.2099 0.5419 0.8138
vn -0.1684 0.7576 0.6306
vn -0.3104 0.5399 0.7824
vn -0.2495 0.7558 0.6054
vn -0.4078 0.5377 0.7379
vn -0.3270 0.7533 0.5707
vn -0.4975 0.5331 0.6843
vn -0.3997 0.7502 0.5268
vn -0.5817 0.5300 0.6170
vn -0.4666 0.7464 0.4746
vn -0.6555 0.5231 0.5447
vn -0.5267 0.7421 0.4147
vn -0.7213 0.5192 0.4584
vn -0.5791 0.7373 0.3480
vn -0.7754 0.5105 0.3716
vn -0.6230 0.7321 0.2754
vn -0.8187 0.5061 0.2714
vn -0.6579 0.7266 0.1981
vn -0.8593 0.4831 0.1682
vn -0.6832 0.7208 0.1172
vn -0.8687 0.4903 0.0708
vn -0.6985 0.7148 0.0338
vn -0.8855 0.4625 -0.0442
vn -0.7036 0.7088 -0.0508
vn -0.8688 0.4752 -0.1394
vn -0.6985 0.7027 -0.1354
vn -0.8509 0.4662 -0.2421
vn -0.6832 0.6967 -0.2187
vn -0.8160 0.4649 -0.3434
vn -0.6579 0.6909 -0.2996
vn -0.7757 0.4527 -0.4398
vn -0.6231 0.6854 -0.3769
vn -0.7186 0.4514 -0.5291
vn -0.5791 0.6802 -0.4494
vn -0.6562 0.4404 -0.6128
vn -0.5267 0.6753 -0.5162
vn -0.5794 0.4397 -0.6863
vn -0.4666 0.6711 -0.5761
vn -0.4985 0.4307 -0.7523
vn -0.3998 0.6673 -0.6284
vn -0.4065 0.4304 -0.8059
vn -0.3270 0.6642 -0.6722
vn -0.3117 0.4238 -0.8504
vn -0.2496 0.6617 -0.7070
vn -0.2097 0.4239 -0.8811
vn -0.1684 0.6599 -0.7322
vn -0.1065 0.4200 -0.9012
vn -0.0848 0.6588 -0.7475
vn 0.6894 0.3997 -0.6042
vn 0.6517 0.4010 -0.6438
vn 0.7170 0.3692 -0.5913
vn 0.9348 0.3436 0.0896
vn 0.9907 0.0941 0.0981
vn 0.8613 0.3609 -0.3576
vn 0.9902 0.0476 -0.1313
vn 0.9711 0.2346 -0.0448
vn 0.9600 0.2175 -0.1763
vn 0.8609 0.0057 0.5087
vn 0.9283 0.0579 0.3672
vn 0.9666 0.1894 0.1726
vn 0.6736 0.2095 0.7088
vn 0.6241 0.0771 0.7776
vn 0.7354 0.0247 0.6771
vn 0.7230 0.3976 -0.5649
vn 0.7682 0.4011 -0.4991
vn 0.8929 0.3760 -0.2477
vn 0.7400 0.4256 -0.5208
vn 0.8209 0.4693 -0.3254
vn 0.7381 0.3972 -0.5454
vn 0.7094 0.3956 -0.5833
vn 0.7554 0.5390 -0.3725
vn 0.7141 0.3975 -0.5763
vn 0.6998 0.5767 -0.4215
vn 0.8391 0.5436 0.0211
vn 0.7332 0.6760 -0.0742
vn 0.6251 0.7579 -0.1864
vn 0.9017 -0.0007 0.4323
vn 0.8547 0.2615 0.4485
vn 0.7539 0.5414 0.3722
vn 0.6304 0.7406 0.2326
vn 0.4895 0.8699 0.0604
vn 0.4932 0.7617 0.4202
vn 0.6130 0.5378 0.5787
vn 0.7658 -0.0172 0.6428
vn 0.1585 0.9870 0.0279
vn 0.2260 0.9621 0.1528
vn 0.3577 0.8988 0.2533
vn 0.6473 0.5920 -0.4802
vn 0.7215 0.3768 -0.5810
vn 0.7092 0.4126 -0.5717
vn 0.2247 0.9434 -0.2440
vn 0.3480 0.9300 -0.1183
vn 0.4224 0.8217 -0.3826
vn 0.5127 0.8002 -0.3111
vn 0.5435 0.6994 -0.4641
vn 0.6413 0.5660 -0.5181
vn 0.0561 0.9912 -0.1202
vn -0.8612 0.2838 -0.4216
vn -0.6752 0.4319 -0.5980
vn -0.7723 0.4803 -0.4158
vn -0.4352 0.7146 -0.5477
vn -0.6279 0.6745 -0.3883
vn -0.3540 0.8892 -0.2899
vn -0.0950 0.8828 -0.4600
vn -0.1318 0.9688 -0.2101
vn 0.1213 0.4966 -0.8595
vn 0.2957 0.5030 -0.8122
vn 0.2216 0.7105 -0.6679
vn -0.4884 0.2544 -0.8347
vn -0.3276 0.4191 -0.8468
vn -0.4939 0.3120 -0.8116
vn -0.0895 0.4633 -0.8817
vn -0.2651 0.5772 -0.7724
vn 0.0114 0.6987 -0.7153
vn 0.1007 0.9081 -0.4066
vn -0.7009 0.2195 -0.6787
vn -0.8276 0.1566 -0.5390
vn -0.9096 0.0730 -0.4090
vn -0.0012 0.9856 -0.1691
vn 0.0310 0.3119 -0.9496
vn 0.2070 0.3723 -0.9047
vn 0.2657 0.4254 -0.8651
vn -0.0612 0.2188 -0.9738
vn -0.1771 0.1910 -0.9655
vn -0.0500 0.3876 -0.9205
vn -0.3032 0.1678 -0.9380
vn -0.4278 0.2889 -0.8564
vn -0.4213 0.1348 -0.8968
vn -0.5815 0.0267 -0.8131
vn -0.7387 0.1436 -0.6585
vn -0.6938 -0.0841 -0.7153
vn -0.8983 0.0170 -0.4390
vn -0.8436 -0.0904 -0.5292
vn -0.9380 0.0535 0.3425
vn -0.8846 0.1829 0.4290
vn -0.8678 0.2680 0.4185
vn -0.8351 0.1419 0.5315
vn -0.7971 0.1855 0.5747
vn -0.7312 0.4802 0.4845
vn -0.9858 0.1349 -0.1003
vn -0.8377 0.5070 -0.2031
vn -0.8207 0.5311 -0.2109
vn -0.1725 0.9796 -0.1026
vn -0.9411 -0.2440 -0.2341
vn -0.8595 -0.4624 -0.2178
vn -0.9273 -0.0269 -0.3734
vn -0.9747 0.1510 0.1646
vn -0.9587 0.2242 0.1750
vn -0.9957 0.0749 0.0538
vn -0.9771 0.2106 -0.0311
vn -0.9694 0.2264 -0.0949
vn -0.8377 0.5070 -0.2030
vn -0.1700 0.9803 -0.1001
vn -0.5039 0.8636 0.0146
vn -0.6946 0.7131 0.0949
vn -0.4750 0.8734 0.1075
vn -0.4329 0.8699 0.2363
vn -0.1615 0.9836 -0.0799
vn -0.2674 0.9557 0.1233
vn -0.0862 0.9960 -0.0232
vn -0.6594 0.7153 0.2315
vn -0.5899 0.7233 0.3589
vn 0.1232 0.1194 0.9852
vn 0.3502 0.1469 0.9251
vn 0.2539 0.3626 0.8967
vn 0.1575 0.9521 0.2620
vn 0.0277 0.9926 0.1181
vn -0.1742 0.9307 0.3216
vn -0.4753 0.7162 0.5111
vn -0.7420 0.2113 0.6362
vn -0.6752 0.3863 0.6284
vn -0.7189 0.1840 0.6703
vn -0.6008 0.3619 0.7128
vn -0.6939 0.1335 0.7076
vn -0.5314 0.2849 0.7978
vn -0.6753 0.0927 0.7317
vn -0.4892 0.1748 0.8545
vn -0.6633 0.0627 0.7457
vn -0.5151 0.0877 0.8526
vn -0.3099 0.1080 0.9446
vn -0.3239 0.6423 0.6946
vn -0.2046 0.4943 0.8449
vn -0.1216 0.2910 0.9490
vn -0.0838 0.1232 0.9888
vn 0.0089 0.8280 0.5606
vn 0.1636 0.6264 0.7622
vn 0.2512 0.8840 0.3943
vn 0.3479 0.7767 0.5250
vn 0.4305 0.6315 0.6449
vn 0.5158 0.3829 0.7664
vn 0.5488 0.1439 0.8235
vn 0.3493 0.3516 0.8685
vn 0.5486 0.1554 0.8215
vn -0.5447 0.0588 0.8366
vn -0.3219 0.0671 0.9444
vn -0.1301 0.0704 0.9890
vn -0.1300 0.0704 0.9890
vn -0.9998 0.0200 -0.0046
vn -0.9556 -0.0078 -0.2946
vn -0.9573 0.0467 0.2851
vn -0.8424 0.0955 0.5304
vn -0.2457 0.1220 0.9616
vn -0.2622 0.1576 0.9520
vn -0.3355 0.2193 0.9162
vn -0.4414 0.1044 0.8912
vn -0.3654 0.2983 0.8818
vn -0.4307 0.1950 0.8812
vn -0.4695 0.1424 0.8714
vn -0.4856 0.0625 0.8719
vn -0.4605 0.0635 0.8854
vn -0.5069 0.0695 0.8592
vn -0.4940 0.0996 0.8637
vn 0.3120 0.0881 0.9460
vn 0.1368 0.2071 0.9687
vn 0.0134 0.0911 0.9958
vn -0.0512 0.0865 0.9949
vn -0.1329 0.2294 0.9642
vn 0.5753 0.0717 0.8148
vn 0.3874 0.2061 0.8986
vn 0.2500 0.1420 0.9578
vn 0.7889 0.0466 0.6128
vn 0.6426 0.0542 0.7643
vn 0.5279 -0.1764 0.8308
vn -0.8282 -0.0374 -0.5591
vn -0.8276 -0.0401 -0.5599
vn -0.6341 -0.0553 -0.7712
vn -0.3845 -0.0660 -0.9208
vn -0.1022 -0.0711 -0.9922
vn 0.1888 -0.0702 -0.9795
vn 0.4637 -0.0633 -0.8837
vn 0.6993 -0.0511 -0.7130
vn 0.8756 -0.0345 -0.4818
vn 0.9777 -0.0150 -0.2097
vn 0.9968 0.0057 0.0802
vn 0.9313 0.0260 0.3632
vn 0.7896 0.0439 0.6120
vn 0.6426 0.0543 0.7643
vn -0.8126 0.0693 0.5786
vn -0.9149 0.0735 0.3969
vn -0.9037 0.0310 0.4270
vn -0.9551 0.2859 -0.0780
vn -0.9609 0.0579 -0.2709
vn -0.9595 0.0758 -0.2713
vn -0.9963 0.0699 -0.0494
vn -0.9822 0.0709 0.1742
vn -0.6312 0.0555 0.7736
vn -0.8030 0.0426 0.5944
vn -0.6563 0.0775 0.7505
vn -0.1360 0.8759 0.4630
vn -0.0947 0.9660 0.2404
vn -0.3410 0.9140 0.2200
vn -0.8821 0.2370 0.4071
vn -0.6757 0.1604 0.7195
vn -0.9605 0.2777 0.0147
vn -0.9180 0.2902 -0.2703
vn -0.8305 0.5548 0.0489
vn -0.7985 0.5508 -0.2428
vn -0.6180 0.2720 0.7376
vn -0.5236 0.3603 0.7720
vn -0.3955 0.4112 0.8213
vn -0.2890 0.3758 0.8805
vn -0.2502 0.5820 0.7737
vn -0.7827 0.4490 0.4310
vn -0.6183 0.6165 0.4875
vn -0.3989 0.7248 0.5617
vn -0.2022 0.7561 0.6224
vn -0.6113 0.7823 0.1198
vn -0.6667 0.7156 -0.2084
vn -0.5138 0.8443 -0.1524
vn -0.2620 0.9630 -0.0634
vn -0.0248 0.9994 0.0245
vn 0.0840 0.9933 0.0792
vn 0.0824 0.8928 0.4428
vn 0.1635 0.8950 0.4150
vn 0.1635 0.8917 0.4220
vn 0.0975 0.5518 0.8283
vn 0.1635 0.8917 0.4221
vn 0.4984 -0.4077 0.7651
vn 0.0820 0.9935 0.0794
vn 0.0399 0.9992 0.0018
vn 0.4143 0.6074 0.6778
vn 0.4144 0.5853 0.6969
vn -0.1082 0.5526 0.8264
vn -0.0189 0.8980 0.4397
vn 0.0576 0.9953 0.0781
vn 0.3830 0.3038 0.8724
vn 0.3556 0.3056 0.8833
vn 0.3211 0.3037 0.8970
vn 0.3210 0.3037 0.8971
vn 0.1558 0.8929 -0.4225
vn 0.1889 0.7804 -0.5961
vn 0.0792 0.7721 -0.6306
vn -0.8713 -0.0589 -0.4872
vn -0.9364 -0.0058 -0.3508
vn -0.9004 0.1317 -0.4146
vn -0.4083 0.0379 -0.9121
vn -0.7044 -0.0734 -0.7060
vn 0.3063 0.3697 -0.8772
vn 0.2991 0.3561 -0.8853
vn 0.3491 0.3799 -0.8566
vn 0.3709 0.3810 -0.8469
vn 0.2886 0.3430 -0.8939
vn 0.0330 0.4290 -0.9027
vn 0.2443 0.3802 -0.8921
vn -0.0440 0.3222 -0.9457
vn -0.7129 0.1843 -0.6766
vn -0.7999 0.4356 -0.4128
vn -0.6199 0.4660 -0.6313
vn -0.6639 0.6452 -0.3781
vn -0.4791 0.6711 -0.5657
vn -0.5476 0.7648 -0.3393
vn -0.2786 0.8297 -0.4837
vn -0.3776 0.8797 -0.2889
vn -0.1632 0.9635 -0.2122
vn -0.0648 0.9090 -0.4117
vn 0.0310 0.9901 -0.1369
vn 0.1007 0.9487 -0.2997
vn -0.3866 0.2815 -0.8783
vn -0.3114 0.4804 -0.8199
vn -0.1998 0.6234 -0.7560
vn -0.0684 0.7184 -0.6922
vn 0.0870 0.5007 -0.8612
vn 0.1458 0.5449 -0.8257
vn 0.2097 0.5699 -0.7945
vn 0.2480 0.5829 -0.7738
vn 0.3026 0.3665 -0.8798
vn 0.3067 0.3800 -0.8727
vn 0.2952 0.3931 -0.8708
vn 0.2785 0.3899 -0.8777
vn 0.2054 0.6701 -0.7133
vn 0.2560 0.4117 -0.8746
vn 0.1237 0.9792 -0.1611
vn 0.1327 0.9477 -0.2902
vn 0.1498 0.8948 -0.4205
vn 0.1326 0.9419 -0.3086
vn 0.1711 0.4996 -0.8492
vn 0.0856 0.9832 -0.1615
vn 0.0869 0.9777 -0.1913
vn 0.1429 0.5580 -0.8174
vn 0.1025 0.9855 -0.1349
vn 0.0813 0.9959 -0.0401
vn 0.0814 0.9959 -0.0401
vn 0.0813 0.9959 -0.0400
vn 0.0814 0.9959 -0.0400
vn -0.6118 0.7363 -0.2890
vn -0.0461 0.9950 -0.0887
vn -0.1930 0.9706 -0.1436
vn -0.4141 0.8826 -0.2226
vn -0.6117 0.7364 -0.2890
vn 0.0450 0.9875 -0.1510
vn 0.0540 0.9879 -0.1453
vn 0.0621 0.9884 -0.1385
vn 0.1253 0.9903 -0.0597
vn 0.0308 0.9990 -0.0334
vn 0.6238 0.5175 0.5857
vn 0.5098 0.7355 0.4463
vn 0.4120 0.7899 0.4542
vn 0.3168 0.9167 0.2435
vn 0.6679 0.3572 0.6529
vn 0.6728 0.1589 0.7226
vn 0.1297 0.9875 0.0897
vn 0.2791 0.9186 0.2797
vn 0.2591 0.9627 0.0781
vn 0.8797 0.4575 0.1294
vn 0.8526 0.3550 0.3835
vn 0.7492 0.5835 0.3134
vn 0.4751 0.8540 0.2120
vn 0.2611 0.9517 -0.1615
vn 0.3475 0.8915 -0.2906
vn 0.5603 0.8120 -0.1636
vn 0.4926 0.7689 -0.4075
vn 0.7810 0.2979 0.5489
vn 0.6381 0.6410 -0.4267
vn 0.6778 0.5289 -0.5106
vn 0.7846 0.6121 -0.0990
vn 0.7782 0.5399 -0.3207
vn 0.8871 0.4580 -0.0566
vn 0.4434 0.7194 -0.5346
vn 0.2390 0.9147 -0.3258
vn 0.5618 0.5140 -0.6482
vn 0.2074 0.9129 -0.3516
vn 0.1730 0.9113 -0.3737
vn 0.3850 0.7159 -0.5825
vn 0.3211 0.7130 -0.6233
vn 0.4867 0.5091 -0.7099
vn 0.4079 0.5051 -0.7606
vn 0.7077 0.4477 -0.5466
vn 0.6336 0.4600 -0.6221
vn 0.6009 0.3945 -0.6952
vn 0.4293 0.3843 -0.8173
vn 0.5195 0.3890 -0.7608
vn 0.8616 0.4359 -0.2599
vn 0.9257 0.3572 0.1242
vn 0.8074 0.4485 -0.3833
vn 0.6942 0.0994 0.7129
vn 0.8437 0.2227 0.4885
vn -0.0548 0.9888 -0.1388
vn 0.0382 0.9848 -0.1693
vn 0.0614 0.9740 -0.2181
vn -0.0548 0.9888 -0.1389
vn 0.0295 0.9813 -0.1905
vn -0.0549 0.9888 -0.1388
vn 0.5353 0.7582 -0.3724
vn 0.5924 0.7050 -0.3899
vn 0.2897 0.9026 -0.3185
vn 0.0751 0.9703 -0.2298
vn 0.5839 0.6837 -0.4378
vn 0.7062 0.4541 -0.5432
vn 0.7399 0.4562 -0.4945
vn 0.1722 0.9559 -0.2381
vn 0.8414 0.3878 -0.3764
vn 0.4558 0.3055 -0.8360
vn 0.8901 0.3567 -0.2838
vn 0.8966 0.2882 -0.3362
vn 0.9060 0.3718 -0.2023
vn 0.9385 0.3219 -0.1249
vn 0.9235 0.3777 -0.0670
vn 0.8896 0.3900 0.2379
vn 0.9199 0.3921 0.0111
vn 0.9369 0.3359 0.0974
vn 0.9077 0.3943 0.1438
vn 0.8855 0.3473 0.3086
vn 0.8441 0.3988 0.3585
vn 0.8033 0.4038 0.4377
vn 0.7826 0.3640 0.5050
vn 0.7306 0.4122 0.5444
vn 0.6730 0.4156 0.6118
vn 0.6360 0.3810 0.6711
vn 0.5768 0.4230 0.6988
vn 0.5058 0.4250 0.7507
vn 0.4541 0.3975 0.7974
vn 0.3912 0.4306 0.8133
vn 0.3111 0.4311 0.8470
vn 0.2472 0.4128 0.8766
vn 0.1840 0.4350 0.8814
vn 0.0997 0.4341 0.8953
vn -0.4019 0.4290 0.8090
vn -0.4591 0.4163 0.7848
vn 0.0266 0.4256 0.9045
vn -0.0333 0.4355 0.8995
vn -0.1169 0.4339 0.8933
vn -0.2227 0.4329 0.8735
vn -0.3245 0.4306 0.8422
vn -0.7376 0.4108 0.5358
vn -0.7920 0.3655 0.4890
vn -0.5157 0.4238 0.7446
vn -0.5859 0.4214 0.6922
vn -0.6435 0.3931 0.6568
vn -0.6792 0.4149 0.6054
vn -0.8062 0.4041 0.4321
vn -0.8487 0.3979 0.3485
vn -0.8964 0.3350 0.2904
vn -0.8901 0.3935 0.2300
vn -0.9060 0.3968 0.1472
vn -0.9385 0.3364 0.0777
vn -0.9235 0.3834 0.0124
vn -0.8895 0.3521 -0.2911
vn -0.9199 0.3864 -0.0669
vn -0.9369 0.3185 -0.1443
vn -0.9077 0.3697 -0.1985
vn -0.8855 0.2998 -0.3550
vn -0.8440 0.3437 -0.4117
vn -0.8033 0.3373 -0.4908
vn -0.7826 0.2882 -0.5517
vn -0.7306 0.3303 -0.5976
vn -0.6730 0.3242 -0.6648
vn -0.6360 0.2814 -0.7185
vn -0.5768 0.3190 -0.7520
vn -0.5058 0.3135 -0.8037
vn -0.4541 0.2797 -0.8459
vn -0.3912 0.3103 -0.8664
vn -0.3111 0.3058 -0.8998
vn -0.2472 0.2835 -0.9266
vn -0.1840 0.3048 -0.9345
vn -0.0997 0.3019 -0.9481
vn 0.4064 0.3190 -0.8562
vn 0.3280 0.2988 -0.8962
vn 0.2190 0.2995 -0.9286
vn -0.0265 0.2922 -0.9560
vn 0.0311 0.2992 -0.9537
vn 0.1188 0.3296 -0.9366
vn 0.6728 0.3340 -0.6602
vn 0.6443 0.2963 -0.7050
vn 0.8424 0.3530 -0.4071
vn 0.8015 0.3689 -0.4706
vn 0.7908 0.2875 -0.5403
vn 0.7408 0.3252 -0.5878
vn 0.5877 0.3158 -0.7449
vn 0.5122 0.3176 -0.7980
vn -0.9104 0.3369 0.2403
vn -0.9360 0.3227 0.1406
vn -0.6951 0.3642 0.6198
vn -0.7637 0.3508 0.5419
vn 0.9110 0.2971 -0.2860
vn 0.9355 0.3010 -0.1851
vn 0.6956 0.2699 -0.6658
vn 0.7630 0.2720 -0.5863
vn 0.4303 0.2530 -0.8665
vn 0.5285 0.2597 -0.8082
vn 0.6126 0.2605 -0.7462
vn 0.8256 0.2826 -0.4885
vn 0.8727 0.2859 -0.3958
vn 0.9477 0.3172 0.0351
vn 0.9486 0.3097 -0.0652
vn 0.9089 0.3325 0.2517
vn 0.9330 0.3244 0.1555
vn 0.8204 0.3465 0.4549
vn 0.8667 0.3387 0.3662
vn 0.6873 0.3592 0.6314
vn 0.7537 0.3515 0.5553
vn 0.5167 0.3675 0.7732
vn 0.5991 0.3609 0.7148
vn 0.3181 0.3807 0.8683
vn 0.4145 0.3702 0.8314
vn 0.1027 0.3844 0.9174
vn 0.2049 0.3764 0.9035
vn -0.4296 0.3710 0.8233
vn -0.3342 0.3788 0.8630
vn -0.2270 0.3810 0.8963
vn -0.1186 0.3836 0.9159
vn -0.0126 0.3788 0.9254
vn -0.5303 0.3719 0.7619
vn -0.6122 0.3613 0.7033
vn -0.8250 0.3514 0.4426
vn -0.8733 0.3376 0.3513
vn -0.9483 0.3074 -0.0797
vn -0.9480 0.3177 0.0199
vn -0.9092 0.2925 -0.2965
vn -0.9324 0.3008 -0.2004
vn -0.8206 0.2778 -0.4994
vn -0.8661 0.2849 -0.4108
vn -0.6875 0.2655 -0.6759
vn -0.7533 0.2698 -0.5998
vn -0.5174 0.2558 -0.8166
vn -0.5991 0.2560 -0.7586
vn -0.3189 0.2486 -0.9146
vn -0.4127 0.2467 -0.8768
vn -0.1016 0.2479 -0.9635
vn -0.2059 0.2447 -0.9475
vn 0.3312 0.2513 -0.9095
vn 0.2292 0.2498 -0.9408
vn 0.1174 0.2473 -0.9618
vn 0.0145 0.2424 -0.9701
vn 0.2478 0.1496 -0.9572
vn -0.5539 0.2748 0.7859
vn -0.1417 0.1492 -0.9786
vn -0.1734 0.1500 -0.9734
vn -0.2509 0.1479 -0.9566
vn -0.2092 0.1468 -0.9668
vn -0.4994 0.1553 -0.8523
vn -0.4262 0.1518 -0.8918
vn -0.3300 0.1490 -0.9321
vn -0.7906 0.1738 -0.5872
vn -0.7710 0.1726 -0.6130
vn -0.7494 0.1709 -0.6397
vn -0.6935 0.1651 -0.7013
vn -0.6130 0.1624 -0.7732
vn -0.5492 0.1571 -0.8208
vn -0.8323 0.1777 -0.5251
vn -0.8735 0.1842 -0.4506
vn -0.8983 0.1875 -0.3973
vn -0.9161 0.1936 -0.3512
vn -0.9329 0.1933 -0.3039
vn -0.9501 0.1993 -0.2401
vn -0.9621 0.2029 -0.1821
vn -0.9716 0.2075 -0.1134
vn -0.9760 0.2152 -0.0341
vn -0.9758 0.2185 0.0031
vn -0.9533 0.2303 0.1956
vn -0.9684 0.2236 0.1102
vn -0.9748 0.2190 0.0421
vn -0.9228 0.2421 0.2998
vn -0.9375 0.2344 0.2571
vn -0.8798 0.2454 0.4071
vn -0.9094 0.2417 0.3386
vn -0.8167 0.2533 0.5185
vn -0.8501 0.2492 0.4639
vn -0.7467 0.2643 0.6104
vn -0.7731 0.2589 0.5791
vn -0.6044 0.2738 0.7481
vn -0.6730 0.2658 0.6902
vn -0.7175 0.2622 0.6453
vn -0.4873 0.2771 0.8281
vn -0.5190 0.2763 0.8089
vn -0.2970 0.2819 0.9123
vn -0.3551 0.2822 0.8912
vn -0.4140 0.2817 0.8656
vn -0.1554 0.2863 0.9455
vn -0.2175 0.2837 0.9339
vn 0.0531 0.2851 0.9570
vn -0.0330 0.2841 0.9582
vn -0.1053 0.2843 0.9529
vn 0.2668 0.2823 0.9215
vn 0.1818 0.2832 0.9417
vn 0.1135 0.2842 0.9520
vn 0.3876 0.2791 0.8786
vn 0.3273 0.2806 0.9023
vn 0.6809 0.2654 0.6826
vn 0.6199 0.2689 0.7372
vn 0.5394 0.2763 0.7954
vn 0.4701 0.2820 0.8364
vn 0.7540 0.2604 0.6030
vn 0.7193 0.2621 0.6434
vn 0.8226 0.2529 0.5093
vn 0.7890 0.2555 0.5588
vn 0.9382 0.2342 0.2546
vn 0.9281 0.2373 0.2870
vn 0.9165 0.2399 0.3200
vn 0.8855 0.2437 0.3956
vn 0.8514 0.2490 0.4616
vn 0.9561 0.2285 0.1834
vn 0.9697 0.2236 0.0987
vn 0.9750 0.2188 0.0395
vn 0.9758 0.2186 -0.0090
vn 0.9758 0.2113 -0.0567
vn 0.9702 0.2075 -0.1250
vn 0.9617 0.2027 -0.1847
vn 0.9475 0.1977 -0.2512
vn 0.9250 0.1945 -0.3265
vn 0.9120 0.1931 -0.3618
vn 0.8253 0.1777 -0.5360
vn 0.8686 0.1828 -0.4606
vn 0.8973 0.1873 -0.3997
vn 0.7612 0.1762 -0.6241
vn 0.7890 0.1738 -0.5893
vn 0.6845 0.1651 -0.7101
vn 0.7367 0.1715 -0.6541
vn 0.5873 0.1594 -0.7935
vn 0.6363 0.1619 -0.7543
vn 0.4902 0.1587 -0.8570
vn 0.5276 0.1567 -0.8349
vn 0.3100 0.1520 -0.9385
vn 0.3936 0.1513 -0.9067
vn 0.4499 0.1529 -0.8799
vn 0.1735 0.1476 -0.9737
vn 0.2094 0.1484 -0.9665
vn -0.0996 0.1444 -0.9845
vn -0.0355 0.1457 -0.9887
vn 0.0248 0.1471 -0.9888
vn 0.0912 0.1481 -0.9848
vn -0.6187 0.1233 0.7759
vn -0.6884 0.1174 0.7157
vn -0.9779 0.0557 0.2013
vn -0.9912 0.0578 0.1191
vn -0.8933 0.0426 -0.4474
vn -0.8482 0.0361 -0.5285
vn -0.1774 -0.0000 -0.9841
vn -0.2138 0.0026 -0.9769
vn -0.2555 0.0019 -0.9668
vn -0.3378 0.0064 -0.9412
vn -0.4361 0.0138 -0.8998
vn -0.5129 0.0144 -0.8583
vn -0.5599 0.0113 -0.8285
vn -0.6108 0.0190 -0.7916
vn -0.6508 0.0226 -0.7589
vn -0.7102 0.0232 -0.7036
vn -0.7673 0.0284 -0.6407
vn -0.7875 0.0274 -0.6157
vn -0.8077 0.0300 -0.5888
vn -0.9165 0.0463 -0.3973
vn -0.9382 0.0428 -0.3435
vn -0.9519 0.0441 -0.3033
vn -0.9710 0.0557 -0.2324
vn -0.9822 0.0620 -0.1773
vn -0.9926 0.0676 -0.1013
vn -0.9987 0.0404 -0.0321
vn -0.9976 0.0678 0.0131
vn -0.9956 0.0728 0.0589
vn -0.9575 0.0921 0.2732
vn -0.9436 0.0811 0.3209
vn -0.9298 0.0871 0.3576
vn -0.9058 0.0681 0.4183
vn -0.8683 0.1072 0.4844
vn -0.8351 0.1041 0.5401
vn -0.7883 0.1110 0.6053
vn -0.7647 0.1064 0.6356
vn -0.7328 0.1205 0.6697
vn -0.5638 0.1309 0.8155
vn -0.5296 0.1270 0.8387
vn -0.4999 0.1262 0.8569
vn -0.4237 0.1315 0.8962
vn -0.3605 0.1386 0.9224
vn -0.3039 0.1361 0.9429
vn -0.2188 0.1370 0.9661
vn -0.1601 0.1368 0.9776
vn -0.1059 0.1417 0.9842
vn -0.0336 0.1383 0.9898
vn 0.1845 0.1331 0.9738
vn 0.1187 0.1407 0.9829
vn 0.0457 0.1247 0.9911
vn 0.9764 0.0906 0.1958
vn 0.8867 0.0414 -0.4604
vn 0.4022 0.0086 -0.9155
vn -0.1432 -0.0081 -0.9897
vn -0.1058 -0.0002 -0.9944
vn -0.0350 -0.0020 -0.9994
vn 0.0226 0.0012 -0.9997
vn 0.0969 0.0019 -0.9953
vn 0.1777 0.0028 -0.9841
vn 0.2140 -0.0000 -0.9768
vn 0.2490 0.0054 -0.9685
vn 0.3195 0.0065 -0.9476
vn 0.4597 0.0091 -0.8880
vn 0.4999 0.0072 -0.8661
vn 0.5402 0.0136 -0.8414
vn 0.5975 0.0098 -0.8018
vn 0.6505 0.0191 -0.7592
vn 0.6999 0.0219 -0.7139
vn 0.7498 0.0193 -0.6614
vn 0.7792 0.0279 -0.6262
vn 0.8062 0.0307 -0.5909
vn 0.8420 0.0343 -0.5384
vn 0.9166 0.0443 -0.3974
vn 0.9331 0.0394 -0.3574
vn 0.9443 0.0460 -0.3258
vn 0.9725 0.0169 -0.2324
vn 0.9813 0.0538 -0.1846
vn 0.9925 0.0534 -0.1100
vn 0.9966 0.0668 -0.0473
vn 0.9986 0.0521 0.0088
vn 0.9962 0.0730 0.0466
vn 0.9904 0.0836 0.1104
vn 0.9575 0.0941 0.2725
vn 0.9480 0.0929 0.3043
vn 0.9350 0.0829 0.3448
vn 0.9014 0.0632 0.4283
vn 0.8710 0.1072 0.4794
vn 0.8392 0.1063 0.5334
vn 0.8055 0.1145 0.5814
vn 0.7683 0.1055 0.6313
vn 0.7343 0.1224 0.6677
vn 0.6968 0.1256 0.7062
vn 0.6351 0.1315 0.7612
vn 0.5532 0.1346 0.8221
vn 0.4658 0.1049 0.8786
vn 0.3931 0.1240 0.9111
vn 0.3380 0.1361 0.9312
vn 0.2613 0.1100 0.9590
vn -0.0882 0.0470 -0.9950
vn -0.1781 0.0444 -0.9830
vn -0.2348 0.0451 -0.9710
vn 0.0104 0.0436 -0.9990
vn -0.3160 0.0463 -0.9476
vn -0.3970 0.0488 -0.9165
vn -0.4539 0.0286 -0.8906
vn -0.4929 0.0510 -0.8686
vn -0.5396 0.0438 -0.8408
vn -0.5953 0.0475 -0.8021
vn -0.6450 0.0233 -0.7638
vn -0.6902 0.0470 -0.7221
vn -0.7507 0.0502 -0.6587
vn -0.8023 0.0516 -0.5947
vn -0.8412 0.0605 -0.5373
vn -0.8650 0.0832 -0.4949
vn 0.8025 0.1641 0.5737
vn 0.8431 0.1240 0.5232
vn 0.9489 0.0620 0.3095
vn 0.9232 0.1711 0.3442
vn 0.8827 0.1651 0.4399
vn 0.9644 0.1382 0.2254
vn 0.9899 0.1256 -0.0658
vn 0.9939 0.1063 0.0296
vn 0.9890 0.1251 0.0784
vn 0.9843 0.1336 0.1152
vn 0.9778 0.1421 0.1540
vn 0.9839 0.1113 -0.1400
vn 0.9736 0.0974 -0.2063
vn 0.9481 0.0929 -0.3042
vn 0.9287 -0.0091 -0.3708
vn 0.8863 0.0874 -0.4548
vn 0.8468 0.0820 -0.5255
vn 0.8167 0.0269 -0.5764
vn 0.7652 0.0709 -0.6399
vn 0.7003 0.0666 -0.7107
vn 0.6575 0.0515 -0.7517
vn 0.6116 0.0601 -0.7889
vn 0.5323 0.0539 -0.8448
vn 0.4735 0.0065 -0.8808
vn 0.4073 0.0541 -0.9117
vn 0.3418 0.0551 -0.9381
vn 0.2728 0.0516 -0.9607
vn 0.2285 0.0383 -0.9728
vn 0.1685 0.0532 -0.9843
vn 0.0986 0.0493 -0.9939
vn -0.7757 0.3873 -0.4984
vn -0.5281 0.7419 -0.4132
vn -0.2900 0.8962 -0.3357
vn -0.7749 0.3415 -0.5320
vn -0.5898 0.6670 -0.4553
vn -0.3923 0.8462 -0.3607
vn -0.5837 0.6556 -0.4790
vn 0.0854 0.3952 -0.9146
vn 0.0551 0.7728 -0.6322
vn 0.0061 0.3937 -0.9192
vn -0.0818 0.3916 -0.9165
vn -0.1571 0.3871 -0.9086
vn -0.2151 0.3863 -0.8970
vn -0.2891 0.3813 -0.8781
vn -0.3744 0.3677 -0.8512
vn -0.4521 0.3577 -0.8171
vn -0.5000 0.3576 -0.7888
vn -0.5621 0.3405 -0.7537
vn -0.6433 0.3324 -0.6897
vn -0.7011 0.3280 -0.6331
vn -0.7473 0.3303 -0.5765
vn -0.5476 0.6564 -0.5188
vn -0.4929 0.6713 -0.5535
vn -0.4246 0.6926 -0.5831
vn -0.3649 0.7138 -0.5977
vn -0.3262 0.7180 -0.6149
vn -0.2658 0.7388 -0.6193
vn -0.1979 0.7527 -0.6279
vn -0.1448 0.7604 -0.6331
vn -0.1056 0.7619 -0.6391
vn -0.0544 0.7683 -0.6378
vn 0.0034 0.7709 -0.6369
vn 0.0292 0.9254 -0.3780
vn 0.0034 0.9075 -0.4200
vn -0.0385 0.9038 -0.4263
vn -0.0661 0.9121 -0.4046
vn -0.0967 0.8973 -0.4308
vn -0.1239 0.9047 -0.4077
vn -0.1808 0.8746 -0.4499
vn -0.2725 0.8230 -0.4984
vn -0.2865 0.8226 -0.4912
vn -0.3259 0.8253 -0.4612
vn -0.3751 0.8219 -0.4286
vn -0.4376 0.7897 -0.4300
vn -0.4251 0.8244 -0.3736
vn 0.7980 0.4309 -0.4215
vn 0.3661 0.9275 -0.0749
vn 0.3170 0.9472 -0.0491
vn 0.5712 0.8204 -0.0251
vn 0.0724 0.8881 -0.4538
vn 0.1031 0.7750 -0.6235
vn 0.0790 0.9171 -0.3909
vn 0.1479 0.7782 -0.6103
vn 0.0926 0.9254 -0.3676
vn 0.1957 0.7801 -0.5942
vn 0.1574 0.3956 -0.9048
vn 0.2360 0.3961 -0.8874
vn 0.3027 0.4020 -0.8642
vn 0.3756 0.4003 -0.8359
vn 0.1331 0.9022 -0.4102
vn 0.1438 0.9060 -0.3982
vn 0.2409 0.7842 -0.5718
vn 0.1434 0.9313 -0.3350
vn 0.3020 0.7881 -0.5363
vn 0.4695 0.4108 -0.7815
vn 0.5520 0.4116 -0.7252
vn 0.2032 0.9033 -0.3779
vn 0.1960 0.9303 -0.3100
vn 0.3547 0.7896 -0.5007
vn 0.2636 0.9055 -0.3326
vn 0.3992 0.7926 -0.4608
vn 0.4422 0.7984 -0.4086
vn 0.6229 0.4194 -0.6603
vn 0.6895 0.4201 -0.5900
vn 0.2288 0.9354 -0.2698
vn 0.2620 0.9292 -0.2606
vn 0.2964 0.9193 -0.2588
vn 0.2653 0.9397 -0.2159
vn 0.5115 0.8047 -0.3013
vn 0.4815 0.7997 -0.3586
vn 0.7508 0.4307 -0.5008
vn 0.3138 0.9266 -0.2073
vn 0.2976 0.9403 -0.1652
vn 0.5395 0.8098 -0.2307
vn 0.3487 0.9276 -0.1343
vn 0.5590 0.8145 -0.1554
vn 0.3063 0.9466 -0.1004
vn 0.5681 0.8189 -0.0817
vn 0.8854 0.4590 -0.0735
vn 0.8762 0.4484 -0.1765
vn 0.8427 0.4451 -0.3029
vn 0.8876 0.4599 0.0254
vn 0.5702 0.8214 0.0107
vn 0.5651 0.8241 0.0399
vn 0.8737 0.4716 0.1190
vn 0.3275 0.9445 -0.0252
vn 0.8807 0.4679 0.0739
vn 0.3455 0.9384 -0.0086
vn 0.8617 0.4726 0.1847
vn 0.5541 0.8281 0.0852
vn 0.2959 0.9552 0.0091
vn 0.5028 0.8366 0.2177
vn 0.4596 0.8457 0.2712
vn 0.7173 0.5021 0.4831
vn 0.7819 0.4853 0.3913
vn 0.5346 0.8317 0.1498
vn 0.2519 0.9610 0.1141
vn 0.8262 0.4839 0.2884
vn 0.2787 0.9563 0.0882
vn 0.2913 0.9554 0.0490
vn 0.7370 0.6637 0.1281
vn 0.3842 0.9201 0.0764
vn 0.4120 0.9105 0.0359
vn 0.3376 0.9284 0.1555
vn 0.3602 0.9253 0.1184
vn 0.5860 0.7363 0.3382
vn 0.7260 0.5109 0.4603
vn 0.6166 0.7399 0.2691
vn 0.7724 0.5166 0.3696
vn 0.6496 0.7349 0.1949
vn 0.8194 0.5090 0.2634
vn 0.4446 0.8952 -0.0309
vn 0.8781 0.4763 0.0453
vn 0.7192 0.6948 0.0056
vn 0.7482 0.6527 -0.1191
vn 0.6167 0.7809 -0.0988
vn 0.7139 0.6458 -0.2707
vn 0.6580 0.6345 -0.4055
vn 0.5775 0.6238 -0.5266
vn 0.4750 0.6144 -0.6300
vn 0.3548 0.6069 -0.7112
vn 0.2233 0.6019 -0.7667
vn 0.0696 0.6020 -0.7954
vn 0.1273 0.8614 -0.4916
vn 0.0438 0.8703 -0.4905
vn 0.2084 0.8643 -0.4578
vn 0.2780 0.8690 -0.4092
vn 0.3415 0.8727 -0.3491
vn 0.3912 0.8777 -0.2766
vn 0.4208 0.8861 -0.1942
vn 0.4417 0.8901 -0.1120
vn -0.7168 0.2984 -0.6302
vn -0.3401 0.8779 -0.3372
vn -0.3207 0.8579 -0.4015
vn -0.5113 0.5795 -0.6347
vn -0.2763 0.8595 -0.4300
vn -0.2208 0.8578 -0.4642
vn -0.1555 0.8539 -0.4967
vn -0.0850 0.8582 -0.5062
vn -0.0208 0.8621 -0.5062
vn -0.5670 0.6509 -0.5048
vn -0.4063 0.8368 -0.3671
vn -0.3570 0.8779 -0.3191
vn -0.3760 0.8510 -0.3666
vn -0.5024 0.7437 -0.4411
vn -0.6109 0.6174 -0.4956
vn -0.5052 0.6494 -0.5683
vn -0.3444 0.8624 -0.3710
vn -0.0357 0.6396 -0.7679
vn -0.1408 0.6423 -0.7534
vn -0.2452 0.6445 -0.7242
vn -0.3445 0.6463 -0.6809
vn -0.4330 0.6484 -0.6261
vn -0.7224 0.4224 -0.5475
vn -0.6879 0.4297 -0.5850
vn -0.6175 0.4253 -0.6616
vn -0.5279 0.4223 -0.7369
vn -0.4201 0.4206 -0.8041
vn -0.2991 0.4190 -0.8573
vn -0.1717 0.4161 -0.8929
vn -0.0400 0.4087 -0.9118
vn -0.5715 0.5437 -0.6146
vn -0.2274 0.9311 -0.2854
vn -0.3640 0.8175 -0.4463
vn -0.3736 0.7398 -0.5595
vn 0.0512 0.9861 -0.1582
vn -0.0372 0.9959 -0.0819
vn 0.0401 0.9924 -0.1167
vn 0.1725 0.9729 -0.1540
vn 0.3419 0.9181 -0.2005
vn 0.6420 0.7001 -0.3127
vn 0.3459 0.9062 -0.2433
vn 0.4741 0.8235 -0.3117
vn 0.5876 0.7200 -0.3691
vn 0.7084 0.5971 -0.3764
vn 0.7329 0.5325 -0.4234
vn 0.8700 0.2333 -0.4344
vn 0.8511 0.3850 -0.3569
vn 0.8273 0.2549 -0.5006
vn 0.8229 0.2398 -0.5152
vn 0.8048 0.2009 -0.5585
vn 0.7629 0.3424 -0.5484
vn 0.7290 0.3011 -0.6147
vn 0.6651 0.5502 -0.5049
vn 0.5207 0.7442 -0.4184
vn 0.3408 0.8899 -0.3032
vn 0.1542 0.9719 -0.1779
vn 0.7034 0.1965 -0.6831
vn 0.6614 0.2221 -0.7164
vn 0.7199 0.2107 -0.6613
vn 0.5982 0.2291 -0.7679
vn 0.6309 0.2082 -0.7474
vn 0.6568 0.1737 -0.7338
vn 0.8254 0.2117 -0.5234
vn 0.8287 0.1846 -0.5283
vn 0.7508 0.2030 -0.6285
vn 0.7646 0.2086 -0.6098
vn 0.7957 0.1997 -0.5718
vn 0.7435 0.5099 -0.4328
vn 0.4894 -0.1549 -0.8582
vn 0.4493 -0.1609 -0.8788
vn -0.7982 -0.1229 -0.5897
vn -0.6726 -0.1333 -0.7279
vn -0.3924 -0.1502 -0.9074
vn -0.0607 -0.1602 -0.9852
vn 0.2659 -0.1628 -0.9501
vn -0.3372 -0.1482 -0.9297
vn -0.4769 -0.1437 -0.8671
vn -0.5971 -0.1381 -0.7902
vn -0.6978 -0.1332 -0.7038
vn -0.7771 -0.1262 -0.6166
vn -0.0476 -0.1518 -0.9873
vn -0.1940 -0.1495 -0.9695
vn -0.0449 -0.4385 -0.8976
vn -0.0346 -0.7483 -0.6625
vn -0.0050 -0.9995 -0.0312
vn -0.3068 -0.9377 -0.1634
vn -0.0780 -0.9969 0.0129
vn -0.0795 -0.9968 0.0074
vn -0.3047 -0.9356 -0.1784
vn -0.0718 -0.9974 -0.0019
vn -0.2741 -0.9378 -0.2130
vn -0.0617 -0.9980 -0.0110
vn -0.2353 -0.9399 -0.2476
vn -0.0494 -0.9986 -0.0194
vn -0.1877 -0.9419 -0.2785
vn -0.0351 -0.9990 -0.0259
vn -0.1336 -0.9436 -0.3029
vn -0.0200 -0.9994 -0.0298
vn -0.0760 -0.9448 -0.3187
vn -0.0190 -0.9455 -0.3250
vn -0.1383 -0.7472 -0.6501
vn -0.2431 -0.7452 -0.6209
vn -0.3417 -0.7422 -0.5765
vn -0.4285 -0.7385 -0.5206
vn -0.5002 -0.7344 -0.4587
vn -0.5566 -0.7303 -0.3960
vn -0.5681 -0.7329 -0.3744
vn -0.1794 -0.4372 -0.8813
vn -0.3153 -0.4342 -0.8438
vn -0.4434 -0.4299 -0.7865
vn -0.5562 -0.4254 -0.7140
vn -0.6496 -0.4196 -0.6340
vn -0.7231 -0.4142 -0.5528
vn -0.7414 -0.4149 -0.5274
vn -0.6237 -0.4312 -0.6520
vn -0.4721 -0.7495 -0.4641
vn -0.2473 -0.9472 -0.2041
vn -0.3643 -0.4450 -0.8181
vn -0.0573 -0.4518 -0.8903
vn 0.2450 -0.4505 -0.8585
vn 0.2521 -0.4906 -0.8341
vn -0.2758 -0.7591 -0.5896
vn -0.0434 -0.7644 -0.6433
vn 0.1852 -0.7624 -0.6200
vn 0.3134 -0.7555 -0.5753
vn -0.1446 -0.9522 -0.2692
vn -0.0227 -0.9548 -0.2965
vn 0.0968 -0.9535 -0.2854
vn 0.0360 -0.9120 -0.4086
vn -0.0594 -0.9982 0.0059
vn -0.0348 -0.9993 -0.0093
vn -0.0054 -0.9999 -0.0157
vn 0.0233 -0.9996 -0.0137
vn 0.0422 -0.9991 -0.0086
vn 0.2761 -0.9527 -0.1267
vn 0.0420 -0.9991 -0.0063
vn 0.6049 -0.3479 -0.7163
vn 0.3413 -0.7527 -0.5630
vn -0.0000 -0.9974 0.0714
vt 0.496635 0.162532
vt 0.498607 0.163507
vt 0.495916 0.166364
vt 0.492640 0.166627
vt 0.493363 0.162837
vt 0.498510 0.162764
vt 0.497623 0.149406
vt 0.494067 0.145757
vt 0.496650 0.143110
vt 0.498610 0.118356
vt 0.498662 0.162824
vt 0.499241 0.163227
vt 0.500834 0.134557
vt 0.500208 0.126911
vt 0.498405 0.167040
vt 0.503583 0.655638
vt 0.504459 0.659417
vt 0.504426 0.659448
vt 0.503619 0.655620
vt 0.501945 0.626982
vt 0.503729 0.655598
vt 0.504559 0.659356
vt 0.501981 0.626965
vt 0.507019 0.662351
vt 0.504708 0.659276
vt 0.507131 0.662221
vt 0.506943 0.662444
vt 0.506917 0.662487
vt 0.497838 0.166661
vt 0.495919 0.170088
vt 0.495379 0.169716
vt 0.493516 0.169414
vt 0.490330 0.169639
vt 0.485957 0.170376
vt 0.507264 0.662075
vt 0.507831 0.662600
vt 0.504885 0.659187
vt 0.506713 0.658311
vt 0.508637 0.660580
vt 0.506108 0.655382
vt 0.504498 0.627464
vt 0.504091 0.655556
vt 0.502455 0.626924
vt 0.502258 0.626934
vt 0.503895 0.655575
vt 0.502091 0.626948
vt 0.501735 0.598257
vt 0.501625 0.598270
vt 0.503055 0.557381
vt 0.503019 0.557394
vt 0.501588 0.598285
vt 0.500096 0.092265
vt 0.499654 0.064952
vt 0.501147 0.105851
vt 0.498388 0.057538
vt 0.496471 0.054441
vt 0.498203 0.086474
vt 0.493440 0.022662
vt 0.492037 0.074896
vt 0.490361 0.021809
vt 0.490321 0.048172
vt 0.495019 0.023332
vt 0.490794 0.006398
vt 0.490572 0.006339
vt 0.487354 0.005623
vt 0.487692 0.021260
vt 0.482790 0.004864
vt 0.481948 0.020348
vt 0.477124 0.004126
vt 0.484510 0.020721
vt 0.479494 0.020027
vt 0.481642 0.041972
vt 0.477947 0.058190
vt 0.472760 0.019281
vt 0.471186 0.003494
vt 0.475608 0.003953
vt 0.474019 0.086943
vt 0.473214 0.069896
vt 0.480328 0.097397
vt 0.483986 0.104456
vt 0.483219 0.063623
vt 0.472158 0.052934
vt 0.469184 0.018944
vt 0.458748 0.051911
vt 0.459440 0.068911
vt 0.460321 0.018234
vt 0.469141 0.018940
vt 0.444895 0.085136
vt 0.459946 0.085919
vt 0.459555 0.097890
vt 0.444403 0.094749
vt 0.430430 0.083687
vt 0.441976 0.102637
vt 0.444248 0.051086
vt 0.436266 0.111350
vt 0.432246 0.115606
vt 0.439765 0.106650
vt 0.414674 0.088185
vt 0.429545 0.050116
vt 0.444170 0.048393
vt 0.444366 0.017273
vt 0.442894 0.017202
vt 0.439085 0.001323
vt 0.451071 0.017637
vt 0.440458 0.017085
vt 0.434025 0.016809
vt 0.424726 0.016477
vt 0.428603 0.000890
vt 0.420269 0.000616
vt 0.420916 0.016362
vt 0.417526 0.000538
vt 0.413138 0.000424
vt 0.413456 0.016166
vt 0.401651 0.000194
vt 0.402121 0.015942
vt 0.399553 0.000162
vt 0.396883 0.054414
vt 0.413514 0.052238
vt 0.399862 0.015908
vt 0.395119 0.015846
vt 0.389881 0.015794
vt 0.389926 0.000052
vt 0.378243 0.015742
vt 0.379827 0.056901
vt 0.377940 0.015742
vt 0.377986 0.001046
vt 0.375315 0.000001
vt 0.377989 0.000000
vt 0.363513 0.000061
vt 0.366644 0.015773
vt 0.360619 0.000090
vt 0.368424 0.058281
vt 0.357017 0.059845
vt 0.355466 0.015885
vt 0.345652 0.061677
vt 0.346636 0.107505
vt 0.358320 0.103910
vt 0.345042 0.154770
vt 0.369875 0.100634
vt 0.359429 0.148158
vt 0.373404 0.141984
vt 0.357212 0.194549
vt 0.361313 0.192044
vt 0.360185 0.200156
vt 0.383214 0.193989
vt 0.376337 0.182907
vt 0.377631 0.182123
vt 0.383599 0.178514
vt 0.400064 0.184457
vt 0.398986 0.169262
vt 0.382508 0.138079
vt 0.399379 0.131106
vt 0.413895 0.160374
vt 0.416116 0.159057
vt 0.416760 0.175209
vt 0.433167 0.166556
vt 0.409430 0.194234
vt 0.420445 0.188768
vt 0.430420 0.184064
vt 0.410038 0.195988
vt 0.389288 0.207119
vt 0.384286 0.196287
vt 0.388530 0.205459
vt 0.389904 0.208529
vt 0.378413 0.211348
vt 0.363910 0.220296
vt 0.370825 0.219899
vt 0.410476 0.197507
vt 0.390316 0.209565
vt 0.382282 0.215083
vt 0.390564 0.210296
vt 0.410674 0.198667
vt 0.431092 0.188742
vt 0.428259 0.190933
vt 0.410688 0.199532
vt 0.431112 0.187482
vt 0.441883 0.182660
vt 0.430865 0.185883
vt 0.441341 0.179185
vt 0.448988 0.158710
vt 0.451933 0.174772
vt 0.456706 0.154983
vt 0.460899 0.171398
vt 0.442011 0.143757
vt 0.445230 0.141849
vt 0.426468 0.125909
vt 0.452449 0.137371
vt 0.427847 0.119509
vt 0.428760 0.151581
vt 0.423168 0.123116
vt 0.445799 0.123954
vt 0.457941 0.133280
vt 0.464056 0.151028
vt 0.469165 0.168680
vt 0.470886 0.146813
vt 0.476622 0.166554
vt 0.476973 0.142371
vt 0.473076 0.131190
vt 0.469198 0.119251
vt 0.466301 0.124177
vt 0.477358 0.125046
vt 0.454752 0.112901
vt 0.471680 0.113128
vt 0.450713 0.118800
vt 0.457141 0.107814
vt 0.473949 0.101228
vt 0.482561 0.111628
vt 0.480480 0.118495
vt 0.486177 0.133082
vt 0.489247 0.128300
vt 0.496186 0.140639
vt 0.491639 0.123321
vt 0.492894 0.101406
vt 0.490083 0.118832
vt 0.484867 0.106300
vt 0.487930 0.069203
vt 0.496144 0.109829
vt 0.490609 0.148381
vt 0.482107 0.137773
vt 0.486047 0.151122
vt 0.489123 0.163598
vt 0.483212 0.164900
vt 0.480388 0.154038
vt 0.482598 0.168650
vt 0.476227 0.170274
vt 0.469025 0.172357
vt 0.467563 0.175070
vt 0.474473 0.173083
vt 0.480597 0.171540
vt 0.279841 0.445314
vt 0.265904 0.453791
vt 0.278910 0.445635
vt 0.281432 0.444201
vt 0.267233 0.453268
vt 0.282327 0.443383
vt 0.282578 0.444165
vt 0.282283 0.443423
vt 0.281953 0.443134
vt 0.283258 0.442518
vt 0.283415 0.442670
vt 0.282638 0.441817
vt 0.283096 0.440802
vt 0.281501 0.442679
vt 0.280720 0.441633
vt 0.282180 0.441182
vt 0.280299 0.443637
vt 0.280767 0.443999
vt 0.279871 0.443161
vt 0.277360 0.444980
vt 0.279480 0.442599
vt 0.276270 0.442943
vt 0.281321 0.439771
vt 0.256476 0.435392
vt 0.271300 0.419879
vt 0.262864 0.451372
vt 0.283148 0.438622
vt 0.277497 0.426275
vt 0.280342 0.425680
vt 0.272009 0.413950
vt 0.282290 0.430237
vt 0.285646 0.437043
vt 0.284096 0.440145
vt 0.276751 0.414989
vt 0.267347 0.401289
vt 0.271525 0.401286
vt 0.263474 0.388364
vt 0.269454 0.415468
vt 0.263529 0.398797
vt 0.256889 0.404283
vt 0.256036 0.400686
vt 0.257583 0.409685
vt 0.260833 0.389271
vt 0.163660 0.579707
vt 0.164722 0.599034
vt 0.164061 0.597526
vt 0.164439 0.581318
vt 0.257416 0.413464
vt 0.255812 0.408215
vt 0.163660 0.616543
vt 0.255585 0.410954
vt 0.254174 0.404054
vt 0.254559 0.402478
vt 0.251731 0.387873
vt 0.251480 0.390209
vt 0.309729 0.600817
vt 0.318608 0.586115
vt 0.309689 0.603272
vt 0.753153 0.867904
vt 0.753190 0.867922
vt 0.751753 0.881810
vt 0.751718 0.881789
vt 0.749080 0.895658
vt 0.753044 0.867885
vt 0.751609 0.881760
vt 0.749045 0.895635
vt 0.748939 0.895597
vt 0.747645 0.902541
vt 0.747680 0.902560
vt 0.747434 0.906531
vt 0.747536 0.902514
vt 0.747470 0.906546
vt 0.165891 0.618162
vt 0.164110 0.617382
vt 0.164158 0.617189
vt 0.169179 0.603549
vt 0.168728 0.619241
vt 0.165845 0.618356
vt 0.168922 0.587850
vt 0.166169 0.584029
vt 0.748163 0.912301
vt 0.747325 0.906520
vt 0.748056 0.912312
vt 0.749942 0.918472
vt 0.168683 0.619436
vt 0.751611 0.923783
vt 0.749838 0.918493
vt 0.171306 0.620175
vt 0.171260 0.620370
vt 0.172400 0.620766
vt 0.172436 0.620604
vt 0.172861 0.604365
vt 0.255348 0.443167
vt 0.251233 0.433237
vt 0.251583 0.432541
vt 0.172809 0.597287
vt 0.259641 0.453594
vt 0.250949 0.434663
vt 0.134734 0.532435
vt 0.134734 0.509474
vt 0.134845 0.521231
vt 0.251793 0.432076
vt 0.256067 0.442322
vt 0.259849 0.453321
vt 0.260436 0.452895
vt 0.260627 0.454767
vt 0.260425 0.455053
vt 0.260936 0.455593
vt 0.259854 0.457409
vt 0.259013 0.455880
vt 0.752353 0.926249
vt 0.744320 0.947484
vt 0.744288 0.947455
vt 0.743481 0.949016
vt 0.752328 0.926236
vt 0.752251 0.926223
vt 0.743454 0.948978
vt 0.744188 0.947398
vt 0.743369 0.948897
vt 0.742859 0.949530
vt 0.742878 0.949575
vt 0.260458 0.457967
vt 0.261536 0.455939
vt 0.261121 0.458247
vt 0.742215 0.949856
vt 0.742208 0.949806
vt 0.741519 0.949895
vt 0.262206 0.456069
vt 0.261817 0.458284
vt 0.261734 0.455658
vt 0.262921 0.455988
vt 0.262400 0.455794
vt 0.261706 0.454853
vt 0.261136 0.455308
vt 0.262295 0.455203
vt 0.262741 0.454184
vt 0.263311 0.454531
vt 0.262951 0.455342
vt 0.263946 0.454672
vt 0.263647 0.455273
vt 0.263109 0.455720
vt 0.264390 0.455369
vt 0.264438 0.455278
vt 0.264647 0.453687
vt 0.265257 0.453838
vt 0.264621 0.454610
vt 0.266005 0.454052
vt 0.265070 0.454692
vt 0.278073 0.445529
vt 0.264097 0.453333
vt 0.278311 0.445611
vt 0.281274 0.444233
vt 0.281761 0.443909
vt 0.263620 0.452798
vt 0.262252 0.453652
vt 0.261203 0.454317
vt 0.261492 0.452231
vt 0.263819 0.457501
vt 0.262718 0.458052
vt 0.741523 0.949843
vt 0.740618 0.949665
vt 0.740633 0.949615
vt 0.739515 0.949118
vt 0.741534 0.949721
vt 0.739535 0.949069
vt 0.740673 0.949499
vt 0.741551 0.949547
vt 0.740734 0.949337
vt 0.739589 0.948960
vt 0.739571 0.948950
vt 0.739669 0.948807
vt 0.739517 0.949059
vt 0.739652 0.948797
vt 0.739661 0.948781
vt 0.739764 0.948635
vt 0.739746 0.948625
vt 0.737914 0.945086
vt 0.736670 0.944596
vt 0.739243 0.945235
vt 0.741157 0.944822
vt 0.743855 0.947241
vt 0.740806 0.949153
vt 0.742774 0.943719
vt 0.743852 0.942089
vt 0.746932 0.934182
vt 0.751823 0.926197
vt 0.749713 0.926158
vt 0.751833 0.926198
vt 0.751159 0.923893
vt 0.751347 0.923840
vt 0.751970 0.926202
vt 0.744036 0.947323
vt 0.743239 0.948785
vt 0.752128 0.926211
vt 0.751506 0.923801
vt 0.752201 0.926217
vt 0.749680 0.918535
vt 0.749493 0.918592
vt 0.747702 0.912379
vt 0.747894 0.912339
vt 0.747159 0.906515
vt 0.746962 0.906516
vt 0.747176 0.902458
vt 0.744962 0.907205
vt 0.747570 0.919216
vt 0.746619 0.895035
vt 0.748682 0.922708
vt 0.750527 0.869782
vt 0.751251 0.881695
vt 0.748586 0.895501
vt 0.747371 0.902485
vt 0.748778 0.895550
vt 0.751445 0.881727
vt 0.752683 0.867852
vt 0.752879 0.867866
vt 0.752891 0.853962
vt 0.753087 0.853960
vt 0.750258 0.844031
vt 0.752083 0.841896
vt 0.753252 0.853964
vt 0.752278 0.841879
vt 0.751231 0.833381
vt 0.752442 0.841870
vt 0.751154 0.833391
vt 0.751076 0.833402
vt 0.304990 0.592380
vt 0.304828 0.592515
vt 0.304742 0.592517
vt 0.314292 0.569099
vt 0.304663 0.592505
vt 0.305133 0.592375
vt 0.304991 0.592470
vt 0.305239 0.592242
vt 0.311993 0.579480
vt 0.751356 0.833369
vt 0.751436 0.833367
vt 0.306951 0.594680
vt 0.306822 0.594832
vt 0.308701 0.597780
vt 0.308572 0.597932
vt 0.752551 0.841872
vt 0.753362 0.853974
vt 0.309599 0.600968
vt 0.316970 0.579674
vt 0.318502 0.583307
vt 0.319439 0.574857
vt 0.325364 0.563619
vt 0.253217 0.386573
vt 0.250180 0.371892
vt 0.251628 0.372249
vt 0.326332 0.566714
vt 0.322291 0.568903
vt 0.251255 0.357689
vt 0.256439 0.358742
vt 0.251329 0.354706
vt 0.253891 0.355665
vt 0.325037 0.562913
vt 0.257083 0.350399
vt 0.254409 0.346828
vt 0.256501 0.356547
vt 0.257118 0.356685
vt 0.257147 0.350000
vt 0.258511 0.344103
vt 0.260338 0.345292
vt 0.258688 0.357015
vt 0.258793 0.350780
vt 0.262009 0.340409
vt 0.261449 0.345672
vt 0.263012 0.341116
vt 0.262705 0.336897
vt 0.260424 0.338488
vt 0.264017 0.337967
vt 0.261574 0.335434
vt 0.272935 0.315129
vt 0.266572 0.323321
vt 0.256461 0.339400
vt 0.259874 0.330623
vt 0.267229 0.304139
vt 0.271569 0.291079
vt 0.277196 0.302603
vt 0.265303 0.298382
vt 0.272611 0.310842
vt 0.257277 0.320676
vt 0.256070 0.325628
vt 0.099347 0.570729
vt 0.096894 0.571122
vt 0.099363 0.565851
vt 0.262072 0.300933
vt 0.096830 0.565640
vt 0.099519 0.546241
vt 0.318402 0.549967
vt 0.315866 0.550482
vt 0.317532 0.546525
vt 0.312023 0.530204
vt 0.096938 0.536002
vt 0.483426 0.761761
vt 0.492109 0.734516
vt 0.485935 0.762160
vt 0.310526 0.535341
vt 0.482013 0.767815
vt 0.484519 0.768228
vt 0.316762 0.554415
vt 0.333808 0.575550
vt 0.365175 0.560960
vt 0.363872 0.564233
vt 0.481168 0.771392
vt 0.365636 0.556962
vt 0.339016 0.587903
vt 0.328934 0.563812
vt 0.333637 0.575652
vt 0.329105 0.563710
vt 0.339920 0.553759
vt 0.365636 0.540909
vt 0.327448 0.558957
vt 0.346817 0.540438
vt 0.350339 0.543234
vt 0.337142 0.550050
vt 0.326332 0.555059
vt 0.326504 0.554959
vt 0.327276 0.559058
vt 0.442281 0.699998
vt 0.441241 0.687274
vt 0.441350 0.687285
vt 0.442172 0.699999
vt 0.444294 0.712616
vt 0.441076 0.687268
vt 0.444187 0.712623
vt 0.442008 0.700010
vt 0.441384 0.674481
vt 0.441580 0.674502
vt 0.440879 0.687268
vt 0.442990 0.661778
vt 0.441745 0.674527
vt 0.443185 0.661810
vt 0.448262 0.624168
vt 0.448457 0.624197
vt 0.443349 0.661842
vt 0.441853 0.674550
vt 0.443457 0.661871
vt 0.448622 0.624228
vt 0.454796 0.567581
vt 0.454962 0.567604
vt 0.448730 0.624255
vt 0.455070 0.567627
vt 0.453136 0.588042
vt 0.448764 0.624275
vt 0.443492 0.661891
vt 0.336585 0.542277
vt 0.326506 0.551987
vt 0.327237 0.549821
vt 0.441889 0.674568
vt 0.336620 0.540689
vt 0.339241 0.534645
vt 0.329746 0.543767
vt 0.489190 0.631995
vt 0.494280 0.664235
vt 0.493894 0.665740
vt 0.490821 0.629111
vt 0.341741 0.527046
vt 0.487081 0.590822
vt 0.484476 0.592516
vt 0.331695 0.537426
vt 0.343250 0.518256
vt 0.481081 0.551848
vt 0.143938 0.608057
vt 0.140903 0.592997
vt 0.146970 0.594630
vt 0.141424 0.586753
vt 0.482594 0.513411
vt 0.484494 0.550880
vt 0.480521 0.513183
vt 0.479809 0.513252
vt 0.365636 0.529534
vt 0.366546 0.508053
vt 0.366546 0.550009
vt 0.146970 0.613304
vt 0.487454 0.519842
vt 0.488161 0.522232
vt 0.486127 0.516827
vt 0.484398 0.514544
vt 0.489496 0.549590
vt 0.488557 0.523975
vt 0.490620 0.522132
vt 0.488831 0.517129
vt 0.492402 0.518733
vt 0.141295 0.569530
vt 0.138763 0.564042
vt 0.141150 0.565104
vt 0.138907 0.569778
vt 0.487817 0.509662
vt 0.486632 0.514172
vt 0.490846 0.514166
vt 0.488957 0.510907
vt 0.387577 0.517626
vt 0.388545 0.515756
vt 0.390998 0.515485
vt 0.389360 0.514526
vt 0.486907 0.508958
vt 0.392995 0.512856
vt 0.391137 0.512549
vt 0.486169 0.513818
vt 0.485036 0.508164
vt 0.484191 0.513066
vt 0.139129 0.577923
vt 0.138955 0.571164
vt 0.141500 0.575082
vt 0.139110 0.582654
vt 0.483156 0.508053
vt 0.483061 0.513054
vt 0.138468 0.592345
vt 0.138224 0.581250
vt 0.141557 0.583203
vt 0.138758 0.602448
vt 0.136816 0.602015
vt 0.136765 0.602214
vt 0.137592 0.591272
vt 0.394862 0.509487
vt 0.397494 0.509033
vt 0.393033 0.511032
vt 0.395601 0.508357
vt 0.135864 0.601353
vt 0.135859 0.601335
vt 0.395598 0.508328
vt 0.136320 0.601788
vt 0.397600 0.508089
vt 0.397767 0.508070
vt 0.397916 0.508057
vt 0.398030 0.508053
vt 0.398096 0.508059
vt 0.398109 0.508070
vt 0.243875 0.613708
vt 0.249944 0.609734
vt 0.249429 0.618225
vt 0.242712 0.612856
vt 0.244182 0.601293
vt 0.249483 0.598833
vt 0.243028 0.588927
vt 0.241169 0.611763
vt 0.234772 0.597259
vt 0.234345 0.589783
vt 0.265005 0.040099
vt 0.262302 0.065874
vt 0.262118 0.065875
vt 0.274053 0.005003
vt 0.270312 0.005727
vt 0.269053 0.039614
vt 0.264671 0.066268
vt 0.267252 0.006556
vt 0.395367 0.510838
vt 0.395555 0.510694
vt 0.268396 0.069688
vt 0.271307 0.064510
vt 0.266796 0.067675
vt 0.274017 0.005389
vt 0.272027 0.034329
vt 0.366599 0.508147
vt 0.366546 0.521451
vt 0.276275 0.063917
vt 0.281624 0.033250
vt 0.279000 0.004263
vt 0.284870 0.003561
vt 0.293023 0.037191
vt 0.292022 0.002874
vt 0.294271 0.022337
vt 0.296292 0.003237
vt 0.296377 0.002521
vt 0.304993 0.001927
vt 0.298727 0.042821
vt 0.314363 0.001407
vt 0.304438 0.099179
vt 0.308325 0.042505
vt 0.294404 0.099224
vt 0.290017 0.091382
vt 0.291378 0.062424
vt 0.280234 0.121372
vt 0.289045 0.120382
vt 0.287518 0.204492
vt 0.291389 0.155774
vt 0.283932 0.204976
vt 0.297835 0.204973
vt 0.301590 0.156025
vt 0.300585 0.205132
vt 0.312724 0.156460
vt 0.293702 0.217391
vt 0.309594 0.205720
vt 0.303595 0.217837
vt 0.286920 0.220866
vt 0.289602 0.229399
vt 0.297712 0.229898
vt 0.295772 0.236572
vt 0.286681 0.245339
vt 0.281313 0.251134
vt 0.284613 0.237461
vt 0.303040 0.230353
vt 0.305527 0.228361
vt 0.309919 0.233334
vt 0.312859 0.222831
vt 0.324292 0.222864
vt 0.314409 0.218490
vt 0.320204 0.217718
vt 0.338356 0.211832
vt 0.339246 0.213142
vt 0.328600 0.228295
vt 0.314603 0.238614
vt 0.344162 0.220411
vt 0.332928 0.233780
vt 0.319384 0.244024
vt 0.310894 0.260911
vt 0.306632 0.254974
vt 0.322778 0.250332
vt 0.307979 0.244018
vt 0.301634 0.249653
vt 0.296879 0.244496
vt 0.303218 0.238816
vt 0.290894 0.250404
vt 0.285215 0.256570
vt 0.285189 0.256536
vt 0.295560 0.255587
vt 0.300581 0.260859
vt 0.294604 0.267014
vt 0.289832 0.262040
vt 0.284244 0.268481
vt 0.287867 0.275291
vt 0.277200 0.266682
vt 0.279270 0.275339
vt 0.274659 0.274990
vt 0.274965 0.258729
vt 0.276062 0.278010
vt 0.271822 0.267766
vt 0.279087 0.283902
vt 0.281722 0.283910
vt 0.280116 0.297817
vt 0.283922 0.292038
vt 0.285220 0.293259
vt 0.292578 0.280481
vt 0.294703 0.267112
vt 0.299982 0.271934
vt 0.299993 0.271923
vt 0.301685 0.273539
vt 0.285673 0.293644
vt 0.301890 0.273723
vt 0.313074 0.261941
vt 0.302509 0.274256
vt 0.325265 0.251021
vt 0.313827 0.262641
vt 0.314518 0.263235
vt 0.286596 0.294346
vt 0.303098 0.274726
vt 0.286720 0.294432
vt 0.279914 0.304842
vt 0.287506 0.294919
vt 0.278974 0.304128
vt 0.280871 0.305398
vt 0.274891 0.316379
vt 0.273889 0.315849
vt 0.265027 0.338434
vt 0.264135 0.338036
vt 0.263553 0.341370
vt 0.264104 0.341550
vt 0.262032 0.345778
vt 0.260568 0.351298
vt 0.262616 0.345820
vt 0.260307 0.351246
vt 0.260122 0.351204
vt 0.259162 0.350918
vt 0.259592 0.357152
vt 0.259397 0.357127
vt 0.258519 0.359065
vt 0.259256 0.359160
vt 0.259660 0.359202
vt 0.259430 0.366397
vt 0.259790 0.357175
vt 0.257956 0.366380
vt 0.258788 0.373967
vt 0.256690 0.366344
vt 0.260318 0.373807
vt 0.257543 0.373655
vt 0.259315 0.382977
vt 0.260278 0.366391
vt 0.262158 0.373599
vt 0.261198 0.366372
vt 0.261025 0.359289
vt 0.263129 0.359314
vt 0.263272 0.357296
vt 0.260625 0.357245
vt 0.263666 0.354251
vt 0.261524 0.354281
vt 0.264270 0.351246
vt 0.260198 0.357214
vt 0.260658 0.354252
vt 0.261867 0.351412
vt 0.265265 0.347633
vt 0.263443 0.348280
vt 0.261441 0.351402
vt 0.266421 0.344152
vt 0.262543 0.348469
vt 0.264721 0.345333
vt 0.261026 0.351366
vt 0.263186 0.345796
vt 0.263732 0.345705
vt 0.265193 0.341670
vt 0.264655 0.341650
vt 0.261009 0.351364
vt 0.266042 0.338634
vt 0.267205 0.338507
vt 0.275868 0.316676
vt 0.276756 0.316728
vt 0.281788 0.305755
vt 0.288352 0.295325
vt 0.288870 0.295497
vt 0.282610 0.305900
vt 0.304216 0.275475
vt 0.304557 0.275651
vt 0.301320 0.280804
vt 0.290271 0.295565
vt 0.315645 0.264043
vt 0.316666 0.264220
vt 0.305478 0.275951
vt 0.324746 0.256668
vt 0.267768 0.340423
vt 0.266489 0.344200
vt 0.279598 0.313512
vt 0.273706 0.325711
vt 0.283925 0.305685
vt 0.286804 0.300914
vt 0.268850 0.337501
vt 0.266193 0.341474
vt 0.264192 0.373431
vt 0.267264 0.387255
vt 0.263280 0.366276
vt 0.263254 0.365945
vt 0.333964 0.248747
vt 0.327539 0.253128
vt 0.346437 0.238930
vt 0.353045 0.233119
vt 0.353564 0.233692
vt 0.366910 0.224601
vt 0.430868 0.189720
vt 0.441741 0.183971
vt 0.441372 0.185012
vt 0.452325 0.178298
vt 0.452064 0.179656
vt 0.445703 0.183159
vt 0.451556 0.180755
vt 0.461024 0.175011
vt 0.459894 0.177607
vt 0.461640 0.176998
vt 0.352314 0.232229
vt 0.326552 0.252297
vt 0.351331 0.230950
vt 0.315127 0.263704
vt 0.336381 0.239462
vt 0.350193 0.229413
vt 0.350206 0.229404
vt 0.303279 0.274861
vt 0.287786 0.295068
vt 0.269099 0.272064
vt 0.270797 0.264305
vt 0.099802 0.517407
vt 0.097683 0.509474
vt 0.100072 0.509686
vt 0.310219 0.534525
vt 0.306911 0.517112
vt 0.305372 0.521750
vt 0.302934 0.508053
vt 0.303185 0.516140
vt 0.301685 0.512820
vt 0.134269 0.551218
vt 0.133251 0.552178
vt 0.133251 0.533831
vt 0.132133 0.569443
vt 0.132133 0.578809
vt 0.131069 0.575856
vt 0.501588 0.666050
vt 0.500462 0.674346
vt 0.501082 0.648697
vt 0.499870 0.650443
vt 0.498808 0.606833
vt 0.395681 0.658697
vt 0.391796 0.616652
vt 0.393956 0.612733
vt 0.398109 0.657944
vt 0.275437 0.206601
vt 0.274455 0.161536
vt 0.279271 0.205741
vt 0.275441 0.219927
vt 0.280548 0.205510
vt 0.280392 0.220727
vt 0.278954 0.236259
vt 0.276215 0.251538
vt 0.274785 0.236185
vt 0.273348 0.249446
vt 0.388241 0.574037
vt 0.273281 0.122356
vt 0.390669 0.573282
vt 0.494205 0.565371
vt 0.496147 0.564571
vt 0.494632 0.538078
vt 0.388336 0.546993
vt 0.385864 0.547282
vt 0.272650 0.096289
vt 0.384974 0.533314
vt 0.272377 0.087139
vt 0.279677 0.092449
vt 0.387570 0.537705
vt 0.280210 0.063487
vt 0.283276 0.063173
vt 0.271837 0.081016
vt 0.387419 0.531321
vt 0.387573 0.527880
vt 0.271325 0.077821
vt 0.385261 0.527131
vt 0.388345 0.522555
vt 0.270030 0.073107
vt 0.386154 0.521844
vt 0.388865 0.520507
vt 0.269323 0.071401
vt 0.389607 0.518334
vt 0.493523 0.524450
vt 0.491857 0.529357
vt 0.489371 0.529350
vt 0.489979 0.537293
vt 0.492570 0.539079
vt 0.491693 0.564993
vt 0.490084 0.539165
vt 0.490911 0.588753
vt 0.493269 0.587566
vt 0.495741 0.623039
vt 0.493278 0.625847
vt 0.494935 0.661421
vt 0.495779 0.657369
vt 0.496163 0.655495
vt 0.497358 0.650064
vt 0.497146 0.670915
vt 0.356178 0.520944
vt 0.346245 0.535646
vt 0.346485 0.531754
vt 0.355890 0.525348
vt 0.347635 0.528480
vt 0.354532 0.520196
vt 0.364406 0.513620
vt 0.363672 0.508053
vt 0.497951 0.673963
vt 0.497737 0.680540
vt 0.364660 0.515595
vt 0.365101 0.520362
vt 0.500048 0.684332
vt 0.496655 0.693393
vt 0.360411 0.532118
vt 0.365297 0.526378
vt 0.499164 0.693782
vt 0.494810 0.706415
vt 0.489600 0.734120
vt 0.497319 0.706808
vt 0.341235 0.535728
vt 0.496321 0.675350
vt 0.336410 0.545663
vt 0.492439 0.732939
vt 0.353159 0.212241
vt 0.363264 0.205948
vt 0.331474 0.210434
vt 0.335639 0.207833
vt 0.323031 0.206748
vt 0.333332 0.207627
vt 0.335391 0.183282
vt 0.346460 0.201145
vt 0.334949 0.139187
vt 0.324661 0.157061
vt 0.334687 0.111427
vt 0.326840 0.099457
vt 0.322369 0.206694
vt 0.315396 0.206145
vt 0.315285 0.099258
vt 0.318666 0.042267
vt 0.326952 0.000867
vt 0.324435 0.000963
vt 0.329652 0.042110
vt 0.334169 0.051750
vt 0.333892 0.016343
vt 0.344512 0.016075
vt 0.337825 0.000520
vt 0.349059 0.000261
vt 0.334476 0.087566
vt 0.234345 0.607331
vt 0.455354 0.508053
vt 0.457372 0.508141
vt 0.455354 0.508155
vt 0.456552 0.539165
vt 0.453916 0.549809
vt 0.454600 0.567561
vt 0.450903 0.585054
vt 0.440987 0.661490
vt 0.439856 0.669777
vt 0.438991 0.691209
vt 0.441814 0.700031
vt 0.441838 0.713043
vt 0.443832 0.712676
vt 0.448351 0.744116
vt 0.449823 0.741458
vt 0.455398 0.773807
vt 0.456583 0.770064
vt 0.450014 0.741418
vt 0.456774 0.770021
vt 0.444024 0.712644
vt 0.450175 0.741390
vt 0.456934 0.769992
vt 0.457558 0.773403
vt 0.457705 0.773382
vt 0.457041 0.769979
vt 0.457816 0.773370
vt 0.457642 0.773404
vt 0.457855 0.773369
vt 0.339386 0.589503
vt 0.338845 0.588005
vt 0.339471 0.589479
vt 0.479823 0.779173
vt 0.480065 0.779227
vt 0.479850 0.779184
vt 0.339547 0.589444
vt 0.479809 0.779162
vt 0.339642 0.589377
vt 0.482318 0.779653
vt 0.482672 0.776144
vt 0.480169 0.775693
vt 0.357271 0.572533
vt 0.483053 0.774447
vt 0.480551 0.774000
vt 0.361387 0.567959
vt 0.483672 0.771824
vt 0.318438 0.557896
vt 0.316619 0.557952
vt 0.318984 0.554404
vt 0.315507 0.562315
vt 0.483912 0.770809
vt 0.316756 0.556782
vt 0.321068 0.556220
vt 0.321140 0.555431
vt 0.100072 0.576180
vt 0.097539 0.575944
vt 0.099425 0.572068
vt 0.254041 0.331195
vt 0.255664 0.326990
vt 0.322523 0.558347
vt 0.252766 0.338587
vt 0.321065 0.566198
vt 0.319497 0.562733
vt 0.319513 0.562689
vt 0.320116 0.560776
vt 0.320313 0.560066
vt 0.317356 0.561632
vt 0.313142 0.568011
vt 0.318593 0.565182
vt 0.319129 0.574282
vt 0.316435 0.570169
vt 0.302695 0.591382
vt 0.301866 0.590211
vt 0.748959 0.833735
vt 0.748856 0.832951
vt 0.748964 0.833746
vt 0.302858 0.591611
vt 0.302648 0.591612
vt 0.301685 0.590545
vt 0.301836 0.590262
vt 0.302639 0.591896
vt 0.304558 0.592467
vt 0.750961 0.833419
vt 0.457393 0.773432
vt 0.450282 0.741379
vt 0.456749 0.539178
vt 0.457497 0.508147
vt 0.138882 0.602460
vt 0.138958 0.602453
vt 0.457570 0.508153
vt 0.139167 0.602255
vt 0.457653 0.508161
vt 0.456915 0.539195
vt 0.139050 0.602428
vt 0.457855 0.508194
vt 0.457023 0.539214
vt 0.457777 0.508177
vt 0.143856 0.608239
vt 0.139375 0.602058
vt 0.139311 0.602215
vt 0.455105 0.567645
vt 0.457057 0.539231
vt 0.139198 0.602343
vt 0.495560 0.678466
vt 0.326335 0.552086
vt 0.743084 0.948659
vt 0.742799 0.949425
vt 0.742709 0.949278
vt 0.742601 0.949110
vt 0.742105 0.949321
vt 0.741570 0.949350
vt 0.742148 0.949516
vt 0.742184 0.949686
vt 0.739513 0.949067
vt 0.739498 0.949108
vt 0.263837 0.457491
vt 0.172313 0.620906
vt 0.252110 0.431169
vt 0.172271 0.593293
vt 0.172656 0.594927
vt 0.170428 0.589919
vt 0.253435 0.427222
vt 0.170203 0.589608
vt 0.253594 0.426761
vt 0.254506 0.424157
vt 0.256425 0.418342
vt 0.488136 0.167420
vt 0.398294 0.092792
vt 0.381300 0.097600
vt 0.451157 0.001962
vt 0.457911 0.018066
vt 0.448951 0.001832
vt 0.456625 0.002311
vt 0.460233 0.002567
vt 0.468392 0.003232
vt 0.492249 0.006853
vt 0.496011 0.024192
vt 0.493704 0.007601
vt 0.495001 0.015929
vt 0.493919 0.007849
vt 0.508666 0.500290
vt 0.508678 0.500281
vt 0.507632 0.508361
vt 0.507597 0.508372
vt 0.508703 0.500275
vt 0.507742 0.508361
vt 0.508743 0.500268
vt 0.508858 0.500258
vt 0.509010 0.500251
vt 0.509181 0.500248
vt 0.507907 0.508373
vt 0.508103 0.508395
vt 0.507106 0.516653
vt 0.506910 0.516633
vt 0.503528 0.557385
vt 0.509113 0.516899
vt 0.510105 0.508680
vt 0.504744 0.573143
vt 0.502098 0.598248
vt 0.503331 0.557376
vt 0.501901 0.598250
vt 0.503165 0.557375
vt 0.506745 0.516623
vt 0.506635 0.516624
vt 0.503311 0.552846
vt 0.506599 0.516635
vt 0.499354 0.060404
vt 0.511175 0.500595
vt 0.511261 0.500242
vt 0.348424 0.590649
vt 0.348992 0.591786
vt 0.348950 0.591807
vt 0.347822 0.590962
vt 0.348452 0.592067
vt 0.346856 0.591562
vt 0.346887 0.593127
vt 0.346081 0.592143
vt 0.346423 0.593526
vt 0.344546 0.593629
vt 0.345506 0.594464
vt 0.343243 0.595420
vt 0.344432 0.595916
vt 0.344333 0.596077
vt 0.342735 0.596346
vt 0.342256 0.597430
vt 0.343443 0.597888
vt 0.343127 0.598803
vt 0.341633 0.599514
vt 0.342879 0.599766
vt 0.341342 0.601853
vt 0.342612 0.601877
vt 0.342609 0.601954
vt 0.341334 0.602662
vt 0.342678 0.603788
vt 0.341420 0.603969
vt 0.341779 0.605910
vt 0.342907 0.605173
vt 0.341824 0.606082
vt 0.343035 0.605698
vt 0.342525 0.608071
vt 0.343658 0.607498
vt 0.342964 0.608979
vt 0.343990 0.608207
vt 0.343547 0.609982
vt 0.344568 0.609229
vt 0.344850 0.611713
vt 0.345731 0.610800
vt 0.345761 0.610834
vt 0.346427 0.613230
vt 0.347138 0.612179
vt 0.347165 0.613790
vt 0.348101 0.612901
vt 0.348244 0.614471
vt 0.348760 0.613312
vt 0.349908 0.615253
vt 0.350670 0.614186
vt 0.350383 0.615423
vt 0.356458 0.591197
vt 0.356746 0.589961
vt 0.357786 0.590327
vt 0.352905 0.590768
vt 0.352783 0.589503
vt 0.354778 0.589557
vt 0.348808 0.590471
vt 0.349338 0.591627
vt 0.349626 0.590146
vt 0.350236 0.591280
vt 0.351839 0.590885
vt 0.351135 0.591025
vt 0.350810 0.589796
vt 0.349808 0.590083
vt 0.352652 0.589512
vt 0.355743 0.589710
vt 0.354836 0.590842
vt 0.354694 0.590824
vt 0.358261 0.591943
vt 0.357739 0.591685
vt 0.357389 0.591532
vt 0.358760 0.590776
vt 0.360532 0.591903
vt 0.359845 0.592970
vt 0.360323 0.593367
vt 0.361276 0.592523
vt 0.361269 0.594304
vt 0.362128 0.593370
vt 0.362375 0.595755
vt 0.363369 0.594966
vt 0.362490 0.595936
vt 0.363499 0.595166
vt 0.364189 0.596397
vt 0.363103 0.597054
vt 0.363754 0.598689
vt 0.364831 0.597923
vt 0.363855 0.599020
vt 0.365040 0.598563
vt 0.364281 0.601112
vt 0.365528 0.600869
vt 0.364356 0.601936
vt 0.365567 0.601198
vt 0.364366 0.603352
vt 0.365636 0.603340
vt 0.364262 0.604535
vt 0.365528 0.604647
vt 0.364143 0.605276
vt 0.365292 0.606001
vt 0.364043 0.605762
vt 0.224321 0.562501
vt 0.223609 0.564490
vt 0.222338 0.564810
vt 0.223444 0.564906
vt 0.221399 0.567164
vt 0.222332 0.567428
vt 0.221337 0.567305
vt 0.221767 0.568570
vt 0.219968 0.570210
vt 0.220810 0.570357
vt 0.219159 0.571737
vt 0.350807 0.614232
vt 0.351601 0.615757
vt 0.219775 0.572117
vt 0.219036 0.571958
vt 0.222967 0.562965
vt 0.223128 0.562433
vt 0.224748 0.561040
vt 0.223598 0.560612
vt 0.358662 0.614928
vt 0.358395 0.613637
vt 0.359023 0.614743
vt 0.360376 0.613885
vt 0.359192 0.613162
vt 0.359607 0.612871
vt 0.361191 0.613220
vt 0.360569 0.612063
vt 0.361448 0.612984
vt 0.362477 0.611879
vt 0.361452 0.611122
vt 0.361495 0.611070
vt 0.363265 0.610814
vt 0.362325 0.609926
vt 0.363399 0.610608
vt 0.364143 0.609284
vt 0.363573 0.607375
vt 0.364778 0.607785
vt 0.363148 0.608415
vt 0.362998 0.608730
vt 0.091399 0.611562
vt 0.090991 0.613443
vt 0.088764 0.613214
vt 0.088126 0.614828
vt 0.085778 0.614092
vt 0.085006 0.615456
vt 0.082664 0.614132
vt 0.081824 0.615288
vt 0.079652 0.613330
vt 0.078783 0.614334
vt 0.076966 0.611746
vt 0.076071 0.612655
vt 0.074805 0.609497
vt 0.073861 0.610355
vt 0.073329 0.606751
vt 0.072290 0.607580
vt 0.072647 0.603711
vt 0.071458 0.604503
vt 0.072811 0.600601
vt 0.071417 0.601319
vt 0.073808 0.597654
vt 0.072169 0.598227
vt 0.075564 0.595088
vt 0.073667 0.595421
vt 0.075817 0.593078
vt 0.077948 0.593092
vt 0.078484 0.591344
vt 0.080785 0.591815
vt 0.081501 0.590330
vt 0.083864 0.591352
vt 0.084677 0.590098
vt 0.086955 0.591737
vt 0.087813 0.590664
vt 0.089831 0.592941
vt 0.090712 0.591991
vt 0.092278 0.594875
vt 0.093193 0.593996
vt 0.094114 0.597396
vt 0.095098 0.596554
vt 0.095202 0.600317
vt 0.096309 0.599503
vt 0.095464 0.603420
vt 0.096749 0.602658
vt 0.094878 0.606477
vt 0.096391 0.605821
vt 0.093489 0.609259
vt 0.095257 0.608794
vt 0.093418 0.611389
vt 0.207787 0.585551
vt 0.207313 0.585913
vt 0.207302 0.511021
vt 0.086615 0.596371
vt 0.087875 0.597459
vt 0.088704 0.598377
vt 0.088835 0.598542
vt 0.359146 0.599666
vt 0.356891 0.597511
vt 0.354140 0.596043
vt 0.351097 0.595370
vt 0.347987 0.595542
vt 0.345041 0.596546
vt 0.342479 0.598308
vt 0.200939 0.588283
vt 0.200939 0.509474
vt 0.201038 0.588572
vt 0.201418 0.509948
vt 0.201418 0.588769
vt 0.203272 0.588345
vt 0.202716 0.588558
vt 0.202711 0.510385
vt 0.202241 0.588697
vt 0.201474 0.588777
vt 0.204722 0.510751
vt 0.206133 0.586750
vt 0.204724 0.587622
vt 0.204669 0.587653
vt 0.213374 0.511198
vt 0.213375 0.580149
vt 0.210259 0.511174
vt 0.213330 0.580202
vt 0.211409 0.582299
vt 0.210274 0.583412
vt 0.209530 0.584094
vt 0.216416 0.511092
vt 0.219159 0.510864
vt 0.217155 0.575080
vt 0.216424 0.576172
vt 0.215265 0.577786
vt 0.221400 0.510530
vt 0.222972 0.510116
vt 0.223758 0.559748
vt 0.223760 0.509651
vt 0.223810 0.559348
vt 0.077827 0.594738
vt 0.076615 0.595193
vt 0.075391 0.595845
vt 0.075333 0.595881
vt 0.074255 0.596650
vt 0.223832 0.558592
vt 0.081074 0.594337
vt 0.080634 0.594326
vt 0.079138 0.594439
vt 0.078138 0.594650
vt 0.081734 0.594393
vt 0.082767 0.594574
vt 0.086353 0.596183
vt 0.084659 0.595217
vt 0.083973 0.594934
vt 0.084996 0.573698
vt 0.084764 0.573973
vt 0.084701 0.509474
vt 0.076748 0.583042
vt 0.075908 0.583976
vt 0.075827 0.509944
vt 0.096324 0.560045
vt 0.095828 0.560362
vt 0.095133 0.510455
vt 0.095133 0.561056
vt 0.093227 0.510063
vt 0.096389 0.560028
vt 0.096345 0.510908
vt 0.096667 0.560104
vt 0.096784 0.511394
vt 0.096820 0.560559
vt 0.356120 0.618022
vt 0.358731 0.616206
vt 0.096830 0.560722
vt 0.357402 0.615448
vt 0.353137 0.619131
vt 0.355834 0.615850
vt 0.355518 0.615901
vt 0.349970 0.619463
vt 0.353669 0.616009
vt 0.346817 0.618997
vt 0.352855 0.615956
vt 0.343877 0.617762
vt 0.341334 0.615837
vt 0.071417 0.615937
vt 0.072212 0.616749
vt 0.072955 0.617385
vt 0.074648 0.618498
vt 0.076529 0.619311
vt 0.074798 0.618578
vt 0.078488 0.619778
vt 0.077730 0.619640
vt 0.082812 0.619613
vt 0.080735 0.619893
vt 0.084894 0.618940
vt 0.083925 0.619305
vt 0.071674 0.589345
vt 0.071491 0.589785
vt 0.071417 0.511220
vt 0.071417 0.590098
vt 0.088533 0.616560
vt 0.086833 0.617898
vt 0.072171 0.510742
vt 0.072244 0.588397
vt 0.071952 0.588846
vt 0.071834 0.589047
vt 0.073825 0.586362
vt 0.073746 0.586456
vt 0.073673 0.510308
vt 0.072756 0.587690
vt 0.072316 0.588293
vt 0.075165 0.584811
vt 0.078499 0.509674
vt 0.078664 0.580922
vt 0.077696 0.581992
vt 0.081520 0.509513
vt 0.082776 0.576290
vt 0.081595 0.577639
vt 0.080652 0.578705
vt 0.090744 0.509758
vt 0.090791 0.566542
vt 0.087841 0.509557
vt 0.090524 0.566885
vt 0.088505 0.569435
vt 0.087898 0.570189
vt 0.086353 0.572074
vt 0.094153 0.562221
vt 0.093307 0.563290
vt 0.092415 0.564443
vt 0.014812 0.103843
vt 0.015905 0.102273
vt 0.015787 0.103987
vt 0.017473 0.100796
vt 0.019285 0.099739
vt 0.019189 0.101983
vt 0.190958 0.579707
vt 0.190867 0.580250
vt 0.188120 0.579707
vt 0.193495 0.581680
vt 0.191198 0.583647
vt 0.028595 0.107271
vt 0.026694 0.100600
vt 0.027013 0.100890
vt 0.188128 0.583659
vt 0.026584 0.103879
vt 0.023227 0.099116
vt 0.025112 0.099619
vt 0.193990 0.579707
vt 0.023141 0.101943
vt 0.020043 0.099452
vt 0.022684 0.099074
vt 0.016593 0.101543
vt 0.148463 0.588078
vt 0.148410 0.571928
vt 0.148621 0.588263
vt 0.149239 0.572522
vt 0.148905 0.588776
vt 0.148402 0.588161
vt 0.013846 0.107418
vt 0.013788 0.106648
vt 0.013906 0.106105
vt 0.014080 0.105505
vt 0.151898 0.595582
vt 0.150240 0.591738
vt 0.151889 0.572973
vt 0.149350 0.589714
vt 0.149247 0.589488
vt 0.154189 0.600601
vt 0.155650 0.573160
vt 0.155647 0.603541
vt 0.155946 0.604120
vt 0.159514 0.573032
vt 0.158867 0.609350
vt 0.162446 0.572625
vt 0.161590 0.613624
vt 0.159390 0.610212
vt 0.163660 0.616655
vt 0.163514 0.616410
vt 0.163660 0.572046
vt 0.162969 0.615618
vt 0.162414 0.614825
vt 0.028942 0.106903
vt 0.028777 0.107728
vt 0.028938 0.104692
vt 0.130382 0.561761
vt 0.129625 0.564718
vt 0.129625 0.561217
vt 0.028635 0.111211
vt 0.028736 0.103778
vt 0.195064 0.582980
vt 0.193990 0.583654
vt 0.193990 0.579713
vt 0.195402 0.581947
vt 0.196689 0.579707
vt 0.248968 0.563851
vt 0.248117 0.565980
vt 0.248141 0.510636
vt 0.237938 0.581109
vt 0.236823 0.582200
vt 0.236814 0.511528
vt 0.150299 0.567936
vt 0.148259 0.564042
vt 0.151111 0.567081
vt 0.219128 0.207103
vt 0.219867 0.212478
vt 0.214130 0.209252
vt 0.215862 0.204831
vt 0.096830 0.581334
vt 0.096830 0.576180
vt 0.097091 0.581258
vt 0.208499 0.203568
vt 0.209688 0.203463
vt 0.207543 0.209317
vt 0.213548 0.203931
vt 0.099214 0.580843
vt 0.098390 0.580962
vt 0.201873 0.212657
vt 0.205034 0.204622
vt 0.207807 0.203686
vt 0.199033 0.211713
vt 0.199821 0.209759
vt 0.198638 0.218377
vt 0.201841 0.206934
vt 0.202146 0.206632
vt 0.226129 0.510465
vt 0.224965 0.588840
vt 0.224748 0.509474
vt 0.224748 0.588176
vt 0.198898 0.212191
vt 0.228549 0.588086
vt 0.226298 0.588895
vt 0.226131 0.588927
vt 0.232710 0.585602
vt 0.231845 0.586199
vt 0.230546 0.511217
vt 0.230578 0.587001
vt 0.228882 0.587926
vt 0.236196 0.582780
vt 0.243254 0.511315
vt 0.246854 0.568663
vt 0.245418 0.571287
vt 0.244842 0.572247
vt 0.243270 0.574655
vt 0.241536 0.577009
vt 0.133418 0.580449
vt 0.132649 0.579406
vt 0.133457 0.578618
vt 0.132649 0.572837
vt 0.133659 0.582295
vt 0.250165 0.509671
vt 0.250180 0.558874
vt 0.250163 0.559327
vt 0.249999 0.560381
vt 0.149258 0.569362
vt 0.148259 0.571460
vt 0.152955 0.564042
vt 0.155703 0.564042
vt 0.154866 0.570331
vt 0.134735 0.574462
vt 0.133883 0.576490
vt 0.023782 0.092976
vt 0.028341 0.086505
vt 0.028376 0.102812
vt 0.232855 0.591603
vt 0.234027 0.591879
vt 0.234345 0.615149
vt 0.233169 0.619892
vt 0.231874 0.621155
vt 0.230587 0.606711
vt 0.231626 0.621352
vt 0.230294 0.622404
vt 0.234343 0.615279
vt 0.234050 0.618056
vt 0.233772 0.618867
vt 0.230171 0.591019
vt 0.227429 0.624640
vt 0.244727 0.403228
vt 0.246562 0.405112
vt 0.245245 0.410835
vt 0.225592 0.625983
vt 0.225903 0.607926
vt 0.224748 0.626476
vt 0.225123 0.607674
vt 0.243090 0.412210
vt 0.243842 0.406775
vt 0.226824 0.590211
vt 0.225676 0.589767
vt 0.224748 0.588927
vt 0.245909 0.413032
vt 0.247309 0.406770
vt 0.188602 0.528288
vt 0.184930 0.524032
vt 0.188972 0.523726
vt 0.184468 0.530060
vt 0.183708 0.530434
vt 0.173544 0.518047
vt 0.197629 0.538603
vt 0.196939 0.538703
vt 0.200939 0.538569
vt 0.191816 0.524551
vt 0.249483 0.374632
vt 0.249561 0.390553
vt 0.247728 0.389043
vt 0.250180 0.392855
vt 0.170342 0.510393
vt 0.173732 0.509610
vt 0.176976 0.509474
vt 0.179346 0.510207
vt 0.167518 0.511340
vt 0.502671 0.342458
vt 0.503808 0.333969
vt 0.503974 0.333994
vt 0.503554 0.333942
vt 0.503663 0.333951
vt 0.502509 0.342450
vt 0.503493 0.333943
vt 0.503516 0.333941
vt 0.502403 0.342451
vt 0.167430 0.511264
vt 0.502865 0.342475
vt 0.502085 0.354237
vt 0.501890 0.354235
vt 0.502293 0.368235
vt 0.502099 0.368250
vt 0.503743 0.382182
vt 0.503550 0.382214
vt 0.506444 0.396086
vt 0.506253 0.396135
vt 0.501727 0.354239
vt 0.501935 0.368268
vt 0.503388 0.382246
vt 0.506094 0.396182
vt 0.501621 0.354248
vt 0.501829 0.368287
vt 0.503283 0.382275
vt 0.505991 0.396220
vt 0.170184 0.510278
vt 0.173572 0.509495
vt 0.501588 0.354261
vt 0.501797 0.368304
vt 0.503251 0.382295
vt 0.505960 0.396243
vt 0.507559 0.411974
vt 0.505573 0.419186
vt 0.507366 0.411940
vt 0.505387 0.419130
vt 0.507206 0.411918
vt 0.505231 0.419088
vt 0.507102 0.411910
vt 0.505130 0.419067
vt 0.226778 0.590021
vt 0.230127 0.590829
vt 0.508028 0.408397
vt 0.507833 0.408387
vt 0.507669 0.408384
vt 0.507564 0.408389
vt 0.225628 0.589576
vt 0.507779 0.402410
vt 0.507586 0.402441
vt 0.507424 0.402473
vt 0.507319 0.402501
vt 0.507287 0.402521
vt 0.507532 0.408402
vt 0.503568 0.424412
vt 0.502757 0.426840
vt 0.503467 0.424394
vt 0.232810 0.591413
vt 0.233992 0.591719
vt 0.503725 0.424451
vt 0.502952 0.426816
vt 0.502832 0.426827
vt 0.503913 0.424504
vt 0.503255 0.426801
vt 0.503245 0.426801
vt 0.503109 0.426806
vt 0.503051 0.426809
vt 0.234380 0.456522
vt 0.233135 0.455720
vt 0.234443 0.456253
vt 0.235337 0.457179
vt 0.235743 0.457091
vt 0.235874 0.457616
vt 0.236739 0.457771
vt 0.236079 0.457878
vt 0.237306 0.458230
vt 0.235083 0.456306
vt 0.236410 0.457159
vt 0.235688 0.456161
vt 0.237040 0.457024
vt 0.236238 0.455812
vt 0.237610 0.456682
vt 0.236718 0.455281
vt 0.238102 0.456155
vt 0.237489 0.453863
vt 0.238876 0.454741
vt 0.237428 0.457845
vt 0.238079 0.457712
vt 0.238667 0.457368
vt 0.239174 0.456837
vt 0.239955 0.455422
vt 0.238008 0.458311
vt 0.238671 0.458181
vt 0.239268 0.457836
vt 0.239781 0.457300
vt 0.240573 0.455862
vt 0.237529 0.458509
vt 0.238238 0.458596
vt 0.238905 0.458472
vt 0.239505 0.458131
vt 0.240020 0.457595
vt 0.240818 0.456144
vt 0.515623 0.449679
vt 0.517112 0.450660
vt 0.515605 0.449689
vt 0.237044 0.460100
vt 0.238290 0.460721
vt 0.239192 0.460915
vt 0.239901 0.460830
vt 0.240634 0.460429
vt 0.241145 0.459874
vt 0.241869 0.458529
vt 0.246318 0.447996
vt 0.245223 0.445763
vt 0.250180 0.437401
vt 0.249103 0.435177
vt 0.244437 0.444895
vt 0.248733 0.434382
vt 0.249093 0.435163
vt 0.247024 0.429351
vt 0.247192 0.429844
vt 0.240844 0.446157
vt 0.248077 0.432473
vt 0.248512 0.433757
vt 0.243933 0.335978
vt 0.246037 0.329390
vt 0.242616 0.345716
vt 0.247364 0.333533
vt 0.245472 0.340163
vt 0.247605 0.334089
vt 0.242113 0.343925
vt 0.240332 0.338426
vt 0.243305 0.329161
vt 0.244599 0.323545
vt 0.221448 0.296635
vt 0.218586 0.292022
vt 0.222905 0.286641
vt 0.227775 0.298511
vt 0.232333 0.311069
vt 0.227773 0.308154
vt 0.233783 0.321214
vt 0.135852 0.567504
vt 0.132649 0.561768
vt 0.135852 0.557740
vt 0.241296 0.310132
vt 0.234719 0.306049
vt 0.012682 0.612291
vt 0.000000 0.600891
vt 0.012682 0.599598
vt 0.234621 0.281852
vt 0.226654 0.280890
vt 0.230366 0.273689
vt 0.239972 0.358895
vt 0.239635 0.356854
vt 0.240476 0.356636
vt 0.240821 0.358620
vt 0.241323 0.356353
vt 0.241639 0.358317
vt 0.242155 0.356003
vt 0.242421 0.357979
vt 0.242939 0.355598
vt 0.243155 0.357608
vt 0.244317 0.354677
vt 0.244497 0.356774
vt 0.240197 0.361241
vt 0.241043 0.360928
vt 0.241825 0.360601
vt 0.242559 0.360253
vt 0.243302 0.359856
vt 0.244608 0.359074
vt 0.218039 0.446008
vt 0.218720 0.446367
vt 0.218493 0.446364
vt 0.218338 0.444900
vt 0.217552 0.445581
vt 0.217511 0.445543
vt 0.219027 0.445364
vt 0.219140 0.443815
vt 0.220579 0.444845
vt 0.220168 0.445399
vt 0.219715 0.445852
vt 0.219228 0.446178
vt 0.221306 0.443573
vt 0.218349 0.441696
vt 0.217483 0.443190
vt 0.216937 0.444061
vt 0.216521 0.444605
vt 0.224259 0.445450
vt 0.223518 0.446877
vt 0.223076 0.447427
vt 0.222584 0.447808
vt 0.222055 0.447999
vt 0.221508 0.448003
vt 0.220413 0.447602
vt 0.217439 0.446317
vt 0.216658 0.445871
vt 0.126034 0.183161
vt 0.119646 0.192915
vt 0.122087 0.180721
vt 0.108915 0.186755
vt 0.117804 0.178075
vt 0.103742 0.169429
vt 0.099691 0.178286
vt 0.093688 0.191937
vt 0.113375 0.202560
vt 0.093177 0.193259
vt 0.111665 0.205360
vt 0.092509 0.195395
vt 0.110975 0.207084
vt 0.092372 0.197086
vt 0.052215 0.178743
vt 0.052790 0.179822
vt 0.047323 0.177808
vt 0.033714 0.173317
vt 0.022650 0.170380
vt 0.020505 0.167532
vt 0.052182 0.173842
vt 0.051909 0.175719
vt 0.047497 0.172150
vt 0.039155 0.169327
vt 0.025017 0.165107
vt 0.025944 0.165359
vt 0.026918 0.169178
vt 0.031704 0.167010
vt 0.034398 0.171370
vt 0.042793 0.174117
vt 0.051891 0.177392
vt 0.019823 0.163776
vt 0.069991 0.186732
vt 0.070941 0.181349
vt 0.070484 0.183163
vt 0.070248 0.184759
vt 0.070313 0.186018
vt 0.070605 0.186994
vt 0.089700 0.195759
vt 0.081445 0.191821
vt 0.072526 0.182033
vt 0.082272 0.186410
vt 0.054412 0.157845
vt 0.079744 0.154836
vt 0.088010 0.159841
vt 0.075870 0.168662
vt 0.091545 0.161987
vt 0.057389 0.141317
vt 0.005729 0.149743
vt 0.006498 0.143044
vt 0.008473 0.145575
vt 0.008038 0.134162
vt 0.009566 0.127536
vt 0.012665 0.128117
vt 0.010725 0.123255
vt 0.012715 0.116859
vt 0.006438 0.162092
vt 0.005314 0.156142
vt 0.005215 0.162867
vt 0.011305 0.148117
vt 0.008420 0.161883
vt 0.015255 0.150762
vt 0.011364 0.162110
vt 0.029660 0.146219
vt 0.020459 0.153544
vt 0.015115 0.162740
vt 0.045179 0.154259
vt 0.051265 0.137493
vt 0.036883 0.150291
vt 0.026791 0.111371
vt 0.027536 0.110433
vt 0.030070 0.111720
vt 0.020685 0.118176
vt 0.022717 0.113956
vt 0.023572 0.124542
vt 0.023279 0.113763
vt 0.025771 0.112332
vt 0.028405 0.108840
vt 0.018042 0.114025
vt 0.019436 0.114299
vt 0.019730 0.114322
vt 0.015275 0.132844
vt 0.018871 0.137466
vt 0.023643 0.141942
vt 0.027654 0.130502
vt 0.033018 0.119044
vt 0.033008 0.135964
vt 0.040553 0.129113
vt 0.039591 0.140906
vt 0.042989 0.131365
vt 0.015979 0.112981
vt 0.014632 0.111523
vt 0.014340 0.166259
vt 0.009925 0.165737
vt 0.007219 0.165930
vt 0.009656 0.169001
vt 0.008442 0.169779
vt 0.005991 0.166706
vt 0.012316 0.168760
vt 0.016637 0.169204
vt 0.749603 0.159218
vt 0.749877 0.158639
vt 0.749775 0.159312
vt 0.750058 0.158716
vt 0.749923 0.159398
vt 0.750214 0.158787
vt 0.750024 0.159462
vt 0.750319 0.158841
vt 0.750062 0.159495
vt 0.750359 0.158870
vt 0.748656 0.160562
vt 0.748804 0.160693
vt 0.748931 0.160809
vt 0.749018 0.160894
vt 0.749051 0.160933
vt 0.747497 0.161729
vt 0.747631 0.161874
vt 0.747747 0.162003
vt 0.747826 0.162095
vt 0.747856 0.162137
vt 0.747358 0.161859
vt 0.747492 0.162004
vt 0.747607 0.162133
vt 0.747686 0.162225
vt 0.747717 0.162267
vt 0.746787 0.162392
vt 0.746921 0.162537
vt 0.747036 0.162665
vt 0.747115 0.162758
vt 0.746215 0.162924
vt 0.746349 0.163069
vt 0.747145 0.162800
vt 0.743116 0.170344
vt 0.743179 0.167981
vt 0.743314 0.170341
vt 0.743161 0.171832
vt 0.743359 0.171829
vt 0.743403 0.173316
vt 0.743179 0.175931
vt 0.743206 0.173320
vt 0.743375 0.175950
vt 0.224748 0.626380
vt 0.215785 0.625463
vt 0.224748 0.596205
vt 0.216815 0.442872
vt 0.217051 0.440885
vt 0.216148 0.442415
vt 0.215792 0.444403
vt 0.216067 0.440295
vt 0.228275 0.416131
vt 0.221203 0.430036
vt 0.228705 0.422000
vt 0.230804 0.417212
vt 0.236837 0.401114
vt 0.237202 0.390584
vt 0.239800 0.391292
vt 0.241663 0.368132
vt 0.243134 0.367702
vt 0.242188 0.375527
vt 0.243401 0.375368
vt 0.244641 0.361426
vt 0.240658 0.375684
vt 0.240818 0.368346
vt 0.212170 0.282815
vt 0.216905 0.293693
vt 0.205118 0.273889
vt 0.203405 0.275509
vt 0.202547 0.276212
vt 0.215982 0.294402
vt 0.201724 0.276789
vt 0.215047 0.294957
vt 0.200969 0.277212
vt 0.214153 0.295318
vt 0.200305 0.277472
vt 0.213343 0.295473
vt 0.216750 0.277819
vt 0.220978 0.272444
vt 0.224498 0.267173
vt 0.227269 0.262285
vt 0.133200 0.572837
vt 0.209907 0.269217
vt 0.214534 0.264186
vt 0.218481 0.259271
vt 0.221655 0.254747
vt 0.181049 0.249872
vt 0.185726 0.245442
vt 0.187095 0.255264
vt 0.192314 0.251254
vt 0.193711 0.261574
vt 0.198522 0.257204
vt 0.204308 0.263271
vt 0.196484 0.264377
vt 0.164041 0.214026
vt 0.167507 0.209140
vt 0.180065 0.224662
vt 0.183803 0.219882
vt 0.187679 0.230167
vt 0.170698 0.241282
vt 0.153338 0.228268
vt 0.171666 0.234280
vt 0.156848 0.223681
vt 0.161203 0.217907
vt 0.175989 0.229492
vt 0.209198 0.258303
vt 0.203496 0.252325
vt 0.197266 0.246425
vt 0.190552 0.240636
vt 0.183431 0.234988
vt 0.215181 0.247096
vt 0.213390 0.253414
vt 0.211274 0.242917
vt 0.207802 0.247492
vt 0.202081 0.234146
vt 0.201627 0.241614
vt 0.198610 0.231160
vt 0.194896 0.235825
vt 0.190539 0.224758
vt 0.187200 0.222296
vt 0.150047 0.212135
vt 0.139729 0.205507
vt 0.133640 0.214948
vt 0.165546 0.207894
vt 0.153296 0.200159
vt 0.140432 0.192109
vt 0.131638 0.217622
vt 0.130804 0.219289
vt 0.151228 0.231053
vt 0.150965 0.231383
vt 0.150003 0.232520
vt 0.152317 0.229635
vt 0.183112 0.258889
vt 0.166652 0.245395
vt 0.167293 0.244904
vt 0.183604 0.258553
vt 0.168183 0.244065
vt 0.184183 0.258093
vt 0.184840 0.257510
vt 0.169355 0.242809
vt 0.185560 0.256824
vt 0.194832 0.265961
vt 0.223628 0.305023
vt 0.234675 0.341531
vt 0.225582 0.318328
vt 0.226536 0.318348
vt 0.235697 0.341749
vt 0.236241 0.341733
vt 0.227560 0.318086
vt 0.236793 0.341630
vt 0.237341 0.341443
vt 0.228579 0.317554
vt 0.237872 0.341177
vt 0.229517 0.316799
vt 0.238846 0.340437
vt 0.222697 0.305759
vt 0.221717 0.306307
vt 0.220753 0.306626
vt 0.219864 0.306700
vt 0.236605 0.346971
vt 0.237737 0.347178
vt 0.238007 0.347165
vt 0.238711 0.347032
vt 0.239734 0.346574
vt 0.241083 0.345398
vt 0.238190 0.348849
vt 0.237459 0.348768
vt 0.238447 0.348834
vt 0.239094 0.348709
vt 0.239509 0.348565
vt 0.240176 0.348233
vt 0.241651 0.346992
vt 0.237232 0.348700
vt 0.240629 0.353073
vt 0.240000 0.353268
vt 0.239931 0.353285
vt 0.239564 0.353355
vt 0.239147 0.353397
vt 0.239128 0.353398
vt 0.238751 0.353397
vt 0.243788 0.350943
vt 0.241849 0.352482
vt 0.241375 0.352744
vt 0.244083 0.352789
vt 0.240494 0.354844
vt 0.240932 0.354701
vt 0.239237 0.355093
vt 0.240064 0.354956
vt 0.246565 0.349399
vt 0.249140 0.344657
vt 0.249968 0.357313
vt 0.247854 0.335523
vt 0.250006 0.359969
vt 0.243229 0.415958
vt 0.244206 0.420890
vt 0.246115 0.426732
vt 0.515346 0.449209
vt 0.515364 0.449199
vt 0.515442 0.449381
vt 0.515459 0.449371
vt 0.515525 0.449533
vt 0.515542 0.449523
vt 0.515582 0.449641
vt 0.515600 0.449631
vt 0.514352 0.450297
vt 0.514335 0.450247
vt 0.514294 0.450131
vt 0.514237 0.449968
vt 0.513448 0.450483
vt 0.513442 0.450432
vt 0.512740 0.450392
vt 0.512747 0.450343
vt 0.512012 0.449984
vt 0.512031 0.449942
vt 0.511508 0.449423
vt 0.511533 0.449388
vt 0.510800 0.448070
vt 0.510827 0.448041
vt 0.513435 0.450310
vt 0.512776 0.450226
vt 0.512098 0.449846
vt 0.511618 0.449312
vt 0.510924 0.447985
vt 0.513427 0.450136
vt 0.512824 0.450060
vt 0.512203 0.449711
vt 0.511752 0.449208
vt 0.511074 0.447910
vt 0.514171 0.449781
vt 0.513419 0.449938
vt 0.512883 0.449870
vt 0.512330 0.449558
vt 0.511913 0.449092
vt 0.511254 0.447827
vt 0.506474 0.437489
vt 0.506503 0.437462
vt 0.502736 0.426852
vt 0.506939 0.437271
vt 0.506755 0.437344
vt 0.506602 0.437411
vt 0.515156 0.444442
vt 0.518625 0.444595
vt 0.505727 0.426734
vt 0.506128 0.429047
vt 0.508062 0.434516
vt 0.510135 0.439931
vt 0.512116 0.442772
vt 0.504455 0.370229
vt 0.508410 0.395614
vt 0.504682 0.344741
vt 0.505974 0.334316
vt 0.506051 0.424408
vt 0.507497 0.419805
vt 0.509526 0.412442
vt 0.510109 0.406273
vt 0.509373 0.399792
vt 0.750519 0.155328
vt 0.750402 0.156539
vt 0.748493 0.155170
vt 0.750178 0.157735
vt 0.748044 0.157747
vt 0.520950 0.443754
vt 0.745972 0.160377
vt 0.744846 0.161425
vt 0.749420 0.066313
vt 0.752095 0.082247
vt 0.750385 0.097439
vt 0.752403 0.112412
vt 0.750074 0.126765
vt 0.752053 0.128115
vt 0.743139 0.000000
vt 0.745186 0.000000
vt 0.743188 0.000354
vt 0.746277 0.008152
vt 0.745274 0.016655
vt 0.747287 0.016416
vt 0.747123 0.034366
vt 0.749540 0.038646
vt 0.751599 0.069475
vt 0.745711 0.000038
vt 0.746794 0.008125
vt 0.746753 0.008116
vt 0.745681 0.000026
vt 0.746640 0.008117
vt 0.745597 0.000015
vt 0.745469 0.000006
vt 0.746473 0.008130
vt 0.745385 0.000003
vt 0.745310 0.000001
vt 0.747483 0.016396
vt 0.747650 0.016385
vt 0.747763 0.016385
vt 0.747804 0.016395
vt 0.750058 0.038640
vt 0.750017 0.038628
vt 0.749904 0.038626
vt 0.749736 0.038632
vt 0.752119 0.069488
vt 0.752079 0.069475
vt 0.752615 0.082269
vt 0.752574 0.082256
vt 0.752810 0.089949
vt 0.752882 0.112440
vt 0.752923 0.112454
vt 0.752573 0.128169
vt 0.752532 0.128154
vt 0.751037 0.155406
vt 0.750995 0.155389
vt 0.751965 0.069468
vt 0.752461 0.082247
vt 0.752769 0.112426
vt 0.752419 0.128137
vt 0.750881 0.155368
vt 0.751797 0.069468
vt 0.752292 0.082244
vt 0.752600 0.112416
vt 0.752251 0.128124
vt 0.750714 0.155347
vt 0.750918 0.156641
vt 0.750876 0.156622
vt 0.750596 0.156567
vt 0.750763 0.156595
vt 0.750368 0.157787
vt 0.750530 0.157836
vt 0.750641 0.157876
vt 0.750682 0.157900
vt 0.005077 0.164776
vt 0.004972 0.163540
vt 0.005298 0.166037
vt 0.005610 0.167010
vt 0.008213 0.170433
vt 0.008075 0.170302
vt 0.006894 0.169086
vt 0.005900 0.167638
vt 0.005190 0.118645
vt 0.003751 0.136297
vt 0.004085 0.127269
vt 0.009791 0.101572
vt 0.014433 0.069353
vt 0.013679 0.107498
vt 0.013665 0.108360
vt 0.013763 0.109273
vt 0.013947 0.110040
vt 0.014010 0.110236
vt 0.024168 0.058069
vt 0.030652 0.052554
vt 0.018848 0.063663
vt 0.003956 0.098088
vt 0.004241 0.090413
vt 0.005917 0.086799
vt 0.004884 0.077642
vt 0.007916 0.054798
vt 0.007302 0.046825
vt 0.009815 0.024611
vt 0.003583 0.120584
vt 0.007098 0.110052
vt 0.010820 0.075127
vt 0.012691 0.048440
vt 0.017594 0.020985
vt 0.015515 0.021477
vt 0.034063 0.018617
vt 0.027278 0.019394
vt 0.023128 0.019981
vt 0.022186 0.020130
vt 0.011224 0.023045
vt 0.011667 0.022807
vt 0.012149 0.022583
vt 0.016880 0.005473
vt 0.025863 0.003772
vt 0.031844 0.003044
vt 0.038864 0.002380
vt 0.042491 0.017860
vt 0.069378 0.000685
vt 0.075213 0.016161
vt 0.067551 0.000751
vt 0.059967 0.016762
vt 0.057711 0.001169
vt 0.046035 0.017593
vt 0.048638 0.001671
vt 0.040378 0.002256
vt 0.080087 0.000369
vt 0.091228 0.000148
vt 0.092032 0.015781
vt 0.109659 0.015639
vt 0.102764 0.000023
vt 0.104835 0.000011
vt 0.116704 0.000000
vt 0.127826 0.000078
vt 0.127684 0.015727
vt 0.020937 0.004562
vt 0.010921 0.016355
vt 0.012097 0.008282
vt 0.012704 0.007303
vt 0.014261 0.006367
vt 0.058156 0.050649
vt 0.057080 0.084715
vt 0.043561 0.051503
vt 0.042235 0.085515
vt 0.044485 0.106592
vt 0.047317 0.112694
vt 0.042804 0.099919
vt 0.062197 0.106503
vt 0.059521 0.101635
vt 0.057809 0.096240
vt 0.078222 0.121433
vt 0.071809 0.127489
vt 0.073057 0.117735
vt 0.067662 0.131433
vt 0.071764 0.116697
vt 0.055824 0.122851
vt 0.051100 0.118033
vt 0.066552 0.111881
vt 0.072282 0.083040
vt 0.122769 0.159554
vt 0.105501 0.131709
vt 0.125388 0.082894
vt 0.124115 0.119702
vt 0.123427 0.139855
vt 0.106646 0.092746
vt 0.108034 0.054051
vt 0.126557 0.048910
vt 0.073438 0.049484
vt 0.088240 0.124050
vt 0.090289 0.051597
vt 0.089014 0.087681
vt 0.156847 0.154965
vt 0.168117 0.159173
vt 0.158127 0.108487
vt 0.168801 0.109160
vt 0.159162 0.062311
vt 0.169352 0.069212
vt 0.169805 0.035697
vt 0.159725 0.016419
vt 0.170047 0.016798
vt 0.134237 0.144210
vt 0.135746 0.101165
vt 0.137142 0.058378
vt 0.138322 0.015881
vt 0.149120 0.016113
vt 0.148250 0.060298
vt 0.146975 0.104769
vt 0.145485 0.149508
vt 0.217512 0.237636
vt 0.216332 0.228333
vt 0.216980 0.228093
vt 0.222507 0.227489
vt 0.219039 0.245175
vt 0.224076 0.243003
vt 0.219580 0.247385
vt 0.227153 0.257953
vt 0.228914 0.251431
vt 0.230936 0.263805
vt 0.232040 0.269567
vt 0.227576 0.239008
vt 0.227222 0.232584
vt 0.227117 0.227127
vt 0.227520 0.213543
vt 0.223622 0.220052
vt 0.223836 0.218254
vt 0.223784 0.216387
vt 0.224041 0.212180
vt 0.223364 0.214109
vt 0.222536 0.211825
vt 0.220203 0.226102
vt 0.221335 0.224930
vt 0.222990 0.222167
vt 0.223441 0.220833
vt 0.218648 0.227253
vt 0.214607 0.228777
vt 0.191065 0.209439
vt 0.198498 0.215222
vt 0.198965 0.218784
vt 0.197670 0.220842
vt 0.181633 0.209239
vt 0.187905 0.220807
vt 0.179780 0.209214
vt 0.171215 0.209147
vt 0.203830 0.232747
vt 0.211011 0.232500
vt 0.212769 0.228973
vt 0.199066 0.219131
vt 0.200674 0.222580
vt 0.200937 0.222971
vt 0.202334 0.224671
vt 0.203430 0.225693
vt 0.204198 0.226294
vt 0.207434 0.228057
vt 0.208037 0.228274
vt 0.209124 0.228589
vt 0.199845 0.002847
vt 0.206061 0.052301
vt 0.196481 0.051598
vt 0.214106 0.062126
vt 0.215451 0.099231
vt 0.208917 0.107806
vt 0.209205 0.003617
vt 0.212158 0.032437
vt 0.213604 0.052980
vt 0.175237 0.050493
vt 0.151546 0.000525
vt 0.155214 0.000630
vt 0.166683 0.001024
vt 0.172288 0.001255
vt 0.177622 0.001501
vt 0.186183 0.050995
vt 0.188004 0.002059
vt 0.190260 0.002196
vt 0.139777 0.000254
vt 0.177930 0.161546
vt 0.189543 0.161834
vt 0.200328 0.162277
vt 0.215608 0.204707
vt 0.215874 0.202476
vt 0.214348 0.204186
vt 0.215945 0.131037
vt 0.210192 0.162897
vt 0.177069 0.106215
vt 0.188442 0.106616
vt 0.199081 0.107142
vt 0.221185 0.137027
vt 0.225794 0.137754
vt 0.221254 0.209564
vt 0.236026 0.065728
vt 0.235846 0.079808
vt 0.226432 0.063729
vt 0.235352 0.082818
vt 0.235045 0.085381
vt 0.234490 0.093391
vt 0.226616 0.100722
vt 0.234297 0.098142
vt 0.231985 0.141506
vt 0.220038 0.208025
vt 0.228181 0.201361
vt 0.229631 0.006108
vt 0.233336 0.006802
vt 0.235433 0.036093
vt 0.235910 0.050920
vt 0.235405 0.050043
vt 0.234878 0.049310
vt 0.234572 0.048943
vt 0.232848 0.047407
vt 0.231170 0.046502
vt 0.225265 0.034086
vt 0.230945 0.046415
vt 0.227920 0.045935
vt 0.223805 0.005225
vt 0.222901 0.005104
vt 0.217004 0.004396
vt 0.227456 0.060621
vt 0.229018 0.061043
vt 0.231273 0.061103
vt 0.233953 0.060190
vt 0.234427 0.059869
vt 0.234684 0.059667
vt 0.236009 0.058097
vt 0.223900 0.047546
vt 0.222845 0.048748
vt 0.227104 0.046025
vt 0.225863 0.046362
vt 0.224596 0.047012
vt 0.222017 0.050468
vt 0.221930 0.050766
vt 0.221730 0.051849
vt 0.221729 0.053405
vt 0.221970 0.054693
vt 0.222044 0.054946
vt 0.222747 0.056583
vt 0.223897 0.058189
vt 0.226139 0.060002
vt 0.186288 0.598624
vt 0.183913 0.604392
vt 0.183964 0.580812
vt 0.173813 0.617972
vt 0.173691 0.618011
vt 0.173689 0.580302
vt 0.236852 0.055273
vt 0.236593 0.057504
vt 0.236854 0.054307
vt 0.236553 0.053564
vt 0.135323 0.556192
vt 0.135323 0.553821
vt 0.135441 0.555246
vt 0.187938 0.592691
vt 0.186896 0.580404
vt 0.188109 0.591344
vt 0.188111 0.579826
vt 0.188120 0.591079
vt 0.132671 0.537535
vt 0.132557 0.536948
vt 0.132671 0.536374
vt 0.148305 0.578329
vt 0.146970 0.576814
vt 0.148153 0.577552
vt 0.148113 0.577133
vt 0.234542 0.050171
vt 0.236400 0.052072
vt 0.135785 0.554085
vt 0.135596 0.554621
vt 0.148305 0.575066
vt 0.134228 0.554909
vt 0.132649 0.557740
vt 0.132649 0.553790
vt 0.151473 0.571598
vt 0.151473 0.569192
vt 0.152765 0.570328
vt 0.152955 0.570186
vt 0.231099 0.048236
vt 0.227147 0.048275
vt 0.223745 0.050279
vt 0.221804 0.053711
vt 0.173199 0.618020
vt 0.172886 0.617620
vt 0.172861 0.579707
vt 0.172860 0.617060
vt 0.176339 0.580753
vt 0.176250 0.616122
vt 0.174819 0.617392
vt 0.180100 0.580940
vt 0.181743 0.608557
vt 0.180160 0.611138
vt 0.178770 0.613131
vt 0.187822 0.593300
vt 0.186879 0.596849
vt 0.186675 0.597484
vt 0.250676 0.508144
vt 0.251286 0.534701
vt 0.251090 0.534712
vt 0.250508 0.508153
vt 0.250927 0.534728
vt 0.250361 0.508165
vt 0.250822 0.534745
vt 0.250790 0.534761
vt 0.250180 0.508199
vt 0.060926 0.513258
vt 0.061015 0.513182
vt 0.060713 0.519627
vt 0.250189 0.508191
vt 0.250212 0.508185
vt 0.250250 0.508178
vt 0.253006 0.562255
vt 0.252811 0.562274
vt 0.252648 0.562295
vt 0.252543 0.562316
vt 0.252511 0.562334
vt 0.472495 0.567516
vt 0.473672 0.547177
vt 0.478114 0.549676
vt 0.479201 0.513027
vt 0.479809 0.512637
vt 0.029719 0.539349
vt 0.030210 0.530662
vt 0.037926 0.526962
vt 0.045409 0.531806
vt 0.475707 0.519425
vt 0.477008 0.516009
vt 0.478367 0.513849
vt 0.474624 0.524123
vt 0.474403 0.527006
vt 0.474297 0.526163
vt 0.473911 0.529237
vt 0.473159 0.538257
vt 0.467331 0.626458
vt 0.465150 0.622950
vt 0.467203 0.602846
vt 0.341334 0.589503
vt 0.341334 0.602634
vt 0.336102 0.597596
vt 0.463838 0.658281
vt 0.469575 0.631269
vt 0.465451 0.662493
vt 0.052522 0.542463
vt 0.048801 0.544943
vt 0.054080 0.539650
vt 0.039167 0.550941
vt 0.057574 0.532170
vt 0.043642 0.539873
vt 0.057882 0.531348
vt 0.060575 0.519768
vt 0.059571 0.525675
vt 0.050748 0.519818
vt 0.038644 0.526598
vt 0.026460 0.558080
vt 0.476378 0.594778
vt 0.474382 0.591243
vt 0.470972 0.587724
vt 0.471688 0.556627
vt 0.028615 0.547301
vt 0.255400 0.592485
vt 0.262386 0.643224
vt 0.265048 0.661822
vt 0.262193 0.643254
vt 0.264854 0.661853
vt 0.262031 0.643286
vt 0.264693 0.661885
vt 0.261927 0.643314
vt 0.264588 0.661913
vt 0.261895 0.643333
vt 0.264557 0.661933
vt 0.256419 0.597074
vt 0.256225 0.597099
vt 0.256063 0.597126
vt 0.255958 0.597151
vt 0.255926 0.597170
vt 0.266654 0.674533
vt 0.267993 0.668267
vt 0.269113 0.689848
vt 0.253181 0.531478
vt 0.254381 0.553457
vt 0.258703 0.599206
vt 0.267054 0.661531
vt 0.252640 0.773905
vt 0.250645 0.773533
vt 0.253991 0.768278
vt 0.257492 0.744702
vt 0.262691 0.730658
vt 0.264206 0.712739
vt 0.266200 0.713103
vt 0.266223 0.700096
vt 0.267158 0.687325
vt 0.252702 0.508165
vt 0.252702 0.508053
vt 0.259253 0.603876
vt 0.261105 0.618712
vt 0.262921 0.632339
vt 0.026258 0.598173
vt 0.016269 0.590869
vt 0.037549 0.581140
vt 0.007300 0.583780
vt 0.023284 0.575107
vt 0.040071 0.596028
vt 0.034775 0.598687
vt 0.028787 0.599478
vt 0.031520 0.599598
vt 0.050885 0.589647
vt 0.056985 0.570099
vt 0.061020 0.583033
vt 0.053031 0.556462
vt 0.039127 0.565604
vt 0.030410 0.570948
vt 0.057122 0.569962
vt 0.061141 0.582918
vt 0.250180 0.773468
vt 0.257040 0.744621
vt 0.257143 0.744633
vt 0.250256 0.773473
vt 0.250377 0.773488
vt 0.257302 0.744662
vt 0.250454 0.773499
vt 0.250530 0.773512
vt 0.264015 0.712707
vt 0.263855 0.712685
vt 0.263750 0.712678
vt 0.053168 0.556324
vt 0.266160 0.674618
vt 0.266030 0.700076
vt 0.265868 0.700064
vt 0.265763 0.700063
vt 0.266963 0.687325
vt 0.266800 0.687331
vt 0.266694 0.687341
vt 0.266460 0.674554
vt 0.266297 0.674578
vt 0.266192 0.674600
vt 0.266662 0.687355
vt 0.051293 0.547504
vt 0.051430 0.547364
vt 0.051982 0.551436
vt 0.051845 0.551575
vt 0.011927 0.567562
vt 0.025457 0.560472
vt 0.026175 0.563230
vt 0.000000 0.574496
vt 0.002059 0.578861
vt 0.027928 0.566848
vt 0.039001 0.555537
vt 0.038812 0.552764
vt 0.051584 0.544547
vt 0.000524 0.570377
vt 0.131069 0.557740
vt 0.131069 0.539734
vt 0.132649 0.544275
vt 0.012505 0.565005
vt 0.463817 0.675467
vt 0.180204 0.532441
vt 0.172333 0.522726
vt 0.182060 0.532169
vt 0.165296 0.512464
vt 0.165277 0.512437
vt 0.163911 0.513258
vt 0.163872 0.513216
vt 0.165227 0.512449
vt 0.163660 0.512979
vt 0.188602 0.543481
vt 0.185172 0.541024
vt 0.185013 0.540401
vt 0.187073 0.539524
vt 0.183624 0.537300
vt 0.186219 0.538032
vt 0.183186 0.533642
vt 0.187709 0.536026
vt 0.187744 0.536082
vt 0.189321 0.538988
vt 0.190269 0.541777
vt 0.165533 0.512708
vt 0.166840 0.511320
vt 0.166968 0.511225
vt 0.167121 0.511182
vt 0.167281 0.511195
vt 0.167360 0.511225
vt 0.479572 0.777535
vt 0.477063 0.777962
vt 0.478954 0.775185
vt 0.476447 0.775619
vt 0.479576 0.779012
vt 0.479498 0.779029
vt 0.479653 0.778983
vt 0.479809 0.778937
vt 0.479781 0.778955
vt 0.479701 0.778981
vt 0.477304 0.779413
vt 0.479304 0.779065
vt 0.479420 0.779044
vt 0.473129 0.761917
vt 0.475643 0.761533
vt 0.474164 0.766459
vt 0.476932 0.767170
vt 0.475133 0.770582
vt 0.477811 0.770860
vt 0.478431 0.773312
vt 0.475923 0.773741
vt 0.475301 0.771275
vt 0.187456 0.549515
vt 0.184382 0.545834
vt 0.185198 0.543747
vt 0.188519 0.546548
vt 0.178629 0.556790
vt 0.181763 0.560524
vt 0.172939 0.566707
vt 0.175891 0.570633
vt 0.469801 0.734800
vt 0.467287 0.735183
vt 0.464790 0.707896
vt 0.462276 0.708278
vt 0.458788 0.666824
vt 0.459668 0.654129
vt 0.461227 0.671239
vt 0.462184 0.653766
vt 0.462124 0.688283
vt 0.460203 0.693971
vt 0.459595 0.688659
vt 0.458877 0.679444
vt 0.470675 0.538154
vt 0.465460 0.595638
vt 0.061044 0.512565
vt 0.061120 0.512714
vt 0.059853 0.510959
vt 0.061141 0.512880
vt 0.061104 0.513042
vt 0.061064 0.513118
vt 0.049287 0.517784
vt 0.059938 0.510900
vt 0.037147 0.524586
vt 0.471798 0.526306
vt 0.472719 0.521343
vt 0.473897 0.517391
vt 0.016647 0.537399
vt 0.016989 0.534412
vt 0.020382 0.535317
vt 0.019495 0.533073
vt 0.021172 0.532232
vt 0.024779 0.533179
vt 0.026116 0.529874
vt 0.027801 0.531776
vt 0.171786 0.576517
vt 0.169243 0.578606
vt 0.166688 0.574424
vt 0.170003 0.571245
vt 0.168831 0.572620
vt 0.163660 0.575547
vt 0.167573 0.579372
vt 0.166081 0.579707
vt 0.457855 0.665695
vt 0.458640 0.652725
vt 0.463942 0.594522
vt 0.468843 0.537112
vt 0.060008 0.510179
vt 0.048620 0.516870
vt 0.060070 0.509474
vt 0.060086 0.509474
vt 0.036770 0.523463
vt 0.469306 0.530768
vt 0.470135 0.523450
vt 0.471261 0.517740
vt 0.472118 0.514818
vt 0.472723 0.513196
vt 0.474724 0.515504
vt 0.474402 0.509968
vt 0.475242 0.514586
vt 0.476125 0.508053
vt 0.476629 0.512927
vt 0.023990 0.529435
vt 0.755853 0.329999
vt 0.753341 0.329615
vt 0.753593 0.329130
vt 0.757299 0.326182
vt 0.754972 0.325359
vt 0.756447 0.319825
vt 0.758954 0.320232
vt 0.769222 0.268055
vt 0.771727 0.268469
vt 0.766599 0.279876
vt 0.765634 0.294544
vt 0.759812 0.307006
vt 0.773705 0.212886
vt 0.776209 0.213315
vt 0.774163 0.226511
vt 0.776663 0.226345
vt 0.774073 0.231952
vt 0.776576 0.232376
vt 0.773731 0.238320
vt 0.776204 0.239147
vt 0.772393 0.250511
vt 0.775057 0.249803
vt 0.770345 0.262503
vt 0.766356 0.096504
vt 0.768840 0.096467
vt 0.768898 0.140321
vt 0.772350 0.154576
vt 0.772990 0.200634
vt 0.756044 0.061431
vt 0.758591 0.061436
vt 0.758057 0.063050
vt 0.761816 0.064408
vt 0.759817 0.065080
vt 0.763646 0.067248
vt 0.761250 0.067387
vt 0.766809 0.076368
vt 0.764242 0.075803
vt 0.765974 0.073115
vt 0.763555 0.073126
vt 0.765369 0.071243
vt 0.762938 0.071243
vt 0.761433 0.067738
vt 0.766136 0.091691
vt 0.765517 0.083476
vt 0.767850 0.082467
vt 0.765179 0.080795
vt 0.764641 0.077593
vt 0.768527 0.090022
vt 0.754542 0.060204
vt 0.756723 0.059864
vt 0.366644 0.509254
vt 0.366638 0.509333
vt 0.366637 0.509174
vt 0.753492 0.058795
vt 0.753643 0.058780
vt 0.753341 0.058811
vt 0.366637 0.509016
vt 0.366646 0.509044
vt 0.366650 0.509127
vt 0.753720 0.058779
vt 0.753838 0.058778
vt 0.755864 0.058783
vt 0.366644 0.508053
vt 0.366656 0.509129
vt 0.366644 0.509151
vt 0.758395 0.000031
vt 0.760451 0.000000
vt 0.760394 0.000371
vt 0.757278 0.029513
vt 0.754915 0.034080
vt 0.755256 0.029383
vt 0.757822 0.004418
vt 0.153499 0.515737
vt 0.146908 0.513024
vt 0.146842 0.512839
vt 0.757628 0.004396
vt 0.758224 0.000036
vt 0.757466 0.004384
vt 0.758074 0.000044
vt 0.137374 0.509879
vt 0.137438 0.510063
vt 0.135926 0.509659
vt 0.135898 0.509552
vt 0.135859 0.509474
vt 0.757361 0.004383
vt 0.757926 0.000062
vt 0.757962 0.000056
vt 0.153447 0.515577
vt 0.753364 0.058799
vt 0.754451 0.034072
vt 0.754557 0.034067
vt 0.753441 0.058790
vt 0.753565 0.058783
vt 0.754720 0.034070
vt 0.145523 0.512534
vt 0.145458 0.512349
vt 0.754793 0.029371
vt 0.754899 0.029367
vt 0.755061 0.029372
vt 0.148742 0.527061
vt 0.137705 0.545727
vt 0.147996 0.555599
vt 0.135859 0.557928
vt 0.144877 0.564042
vt 0.237415 0.074092
vt 0.238800 0.071198
vt 0.238969 0.070926
vt 0.236212 0.057717
vt 0.240279 0.069273
vt 0.236624 0.056626
vt 0.236696 0.056341
vt 0.236846 0.075739
vt 0.236213 0.078162
vt 0.238873 0.041718
vt 0.236734 0.053335
vt 0.236582 0.052666
vt 0.155343 0.557979
vt 0.155589 0.551424
vt 0.155703 0.542037
vt 0.137258 0.519683
vt 0.149170 0.541380
vt 0.138174 0.533236
vt 0.155261 0.531875
vt 0.507698 0.662746
vt 0.507585 0.662875
vt 0.507509 0.662969
vt 0.507483 0.663012
vt 0.495353 0.170615
vt 0.494788 0.171142
vt 0.493824 0.170801
vt 0.491783 0.170715
vt 0.486859 0.171493
vt 0.480248 0.173985
vt 0.486194 0.172883
vt 0.489807 0.173147
vt 0.483128 0.173875
vt 0.479695 0.174801
vt 0.485564 0.174670
vt 0.487797 0.174153
vt 0.487771 0.176141
vt 0.489262 0.175488
vt 0.489476 0.173977
vt 0.489619 0.178013
vt 0.490790 0.177939
vt 0.131069 0.545333
vt 0.131069 0.563082
vt 0.130835 0.552385
vt 0.491842 0.176657
vt 0.491848 0.178176
vt 0.511036 0.670546
vt 0.510957 0.672039
vt 0.511000 0.670561
vt 0.491894 0.179655
vt 0.511005 0.669043
vt 0.511040 0.669026
vt 0.511146 0.670536
vt 0.510993 0.672025
vt 0.511150 0.669007
vt 0.510640 0.666876
vt 0.510606 0.666903
vt 0.509590 0.665048
vt 0.510743 0.666825
vt 0.509561 0.665086
vt 0.493279 0.172696
vt 0.508049 0.663536
vt 0.492237 0.174516
vt 0.509676 0.664966
vt 0.508076 0.663494
vt 0.508151 0.663400
vt 0.509806 0.664854
vt 0.508264 0.663271
vt 0.509959 0.664729
vt 0.508397 0.663125
vt 0.511085 0.666690
vt 0.512832 0.665604
vt 0.509765 0.661625
vt 0.479384 0.174381
vt 0.471257 0.178658
vt 0.475332 0.177405
vt 0.479110 0.176594
vt 0.475253 0.179040
vt 0.471029 0.181365
vt 0.470905 0.179845
vt 0.462159 0.186836
vt 0.461878 0.186269
vt 0.440913 0.199844
vt 0.440238 0.198649
vt 0.461505 0.185310
vt 0.440587 0.199300
vt 0.396061 0.225603
vt 0.395213 0.224510
vt 0.369938 0.240390
vt 0.441943 0.201465
vt 0.397287 0.227107
vt 0.370854 0.241428
vt 0.462979 0.188277
vt 0.464322 0.190391
vt 0.443142 0.203347
vt 0.432945 0.209320
vt 0.454139 0.237099
vt 0.398589 0.228925
vt 0.448658 0.249107
vt 0.444003 0.266306
vt 0.443658 0.273746
vt 0.445651 0.257975
vt 0.372169 0.242857
vt 0.373598 0.244584
vt 0.396062 0.278832
vt 0.446016 0.286559
vt 0.445721 0.297926
vt 0.442914 0.296016
vt 0.420489 0.284720
vt 0.444157 0.279115
vt 0.445835 0.268164
vt 0.447035 0.278688
vt 0.447576 0.268215
vt 0.448925 0.288427
vt 0.447893 0.278591
vt 0.450598 0.287988
vt 0.451802 0.298079
vt 0.449146 0.293663
vt 0.453701 0.297231
vt 0.455306 0.296570
vt 0.453398 0.300391
vt 0.467622 0.311815
vt 0.466284 0.312851
vt 0.461452 0.310312
vt 0.464713 0.314133
vt 0.462795 0.312811
vt 0.454682 0.304955
vt 0.444589 0.299485
vt 0.453390 0.306389
vt 0.452278 0.307548
vt 0.443612 0.300750
vt 0.460125 0.315145
vt 0.461360 0.314105
vt 0.470051 0.321463
vt 0.468486 0.322603
vt 0.467143 0.323512
vt 0.466225 0.324052
vt 0.467836 0.326247
vt 0.468771 0.325730
vt 0.473692 0.335430
vt 0.470139 0.324856
vt 0.474689 0.335010
vt 0.478522 0.345092
vt 0.155703 0.510845
vt 0.158600 0.514681
vt 0.156786 0.513994
vt 0.159451 0.518889
vt 0.157640 0.518218
vt 0.162739 0.520095
vt 0.159548 0.519542
vt 0.157815 0.519433
vt 0.159625 0.520100
vt 0.160163 0.525507
vt 0.163660 0.533408
vt 0.160568 0.511794
vt 0.157521 0.511544
vt 0.157378 0.511242
vt 0.156219 0.509474
vt 0.478555 0.346035
vt 0.481912 0.355175
vt 0.482700 0.357770
vt 0.485318 0.369397
vt 0.484228 0.361975
vt 0.483809 0.361924
vt 0.483115 0.357806
vt 0.484212 0.357621
vt 0.485337 0.361834
vt 0.482324 0.355202
vt 0.483413 0.354989
vt 0.485011 0.354571
vt 0.481107 0.344196
vt 0.479570 0.344774
vt 0.485021 0.348664
vt 0.483994 0.346040
vt 0.482901 0.343447
vt 0.480509 0.338335
vt 0.479214 0.335827
vt 0.481738 0.340875
vt 0.476150 0.334280
vt 0.479527 0.336367
vt 0.477940 0.333422
vt 0.477853 0.333351
vt 0.471734 0.323757
vt 0.476272 0.330522
vt 0.472708 0.324859
vt 0.474394 0.323772
vt 0.481318 0.335477
vt 0.486905 0.347874
vt 0.488531 0.347330
vt 0.482452 0.342384
vt 0.481032 0.339355
vt 0.482867 0.334758
vt 0.489722 0.347004
vt 0.493881 0.360294
vt 0.492655 0.360487
vt 0.495460 0.377590
vt 0.490973 0.360848
vt 0.496714 0.377587
vt 0.493734 0.377687
vt 0.496428 0.399815
vt 0.495177 0.399580
vt 0.489024 0.361318
vt 0.491733 0.377849
vt 0.493456 0.399342
vt 0.491501 0.376674
vt 0.491460 0.399113
vt 0.488865 0.361087
vt 0.489554 0.376832
vt 0.490984 0.401747
vt 0.487886 0.376909
vt 0.486965 0.361522
vt 0.487385 0.401157
vt 0.489046 0.401459
vt 0.481349 0.424660
vt 0.486255 0.400888
vt 0.480283 0.424146
vt 0.135460 0.533472
vt 0.135263 0.527224
vt 0.135460 0.509474
vt 0.134550 0.509474
vt 0.134550 0.533484
vt 0.134345 0.527638
vt 0.471992 0.440055
vt 0.479878 0.423865
vt 0.481980 0.417845
vt 0.469147 0.445439
vt 0.485828 0.400693
vt 0.481907 0.417603
vt 0.471919 0.439813
vt 0.486456 0.393696
vt 0.486529 0.393937
vt 0.486322 0.376786
vt 0.486751 0.376893
vt 0.485391 0.369638
vt 0.366546 0.529016
vt 0.366642 0.531037
vt 0.366546 0.532253
vt 0.134734 0.533466
vt 0.134550 0.526808
vt 0.468784 0.445079
vt 0.457038 0.459112
vt 0.457111 0.459353
vt 0.135668 0.509474
vt 0.135668 0.533499
vt 0.135460 0.528049
vt 0.453132 0.463215
vt 0.453438 0.463642
vt 0.438151 0.474685
vt 0.134345 0.509474
vt 0.134345 0.533516
vt 0.134141 0.528454
vt 0.454222 0.464572
vt 0.433984 0.477794
vt 0.470097 0.446177
vt 0.438078 0.474443
vt 0.433750 0.477315
vt 0.416148 0.485212
vt 0.416075 0.484971
vt 0.411660 0.486635
vt 0.392231 0.490118
vt 0.130775 0.575253
vt 0.131032 0.575138
vt 0.131068 0.582872
vt 0.131068 0.574162
vt 0.393382 0.490250
vt 0.384691 0.490812
vt 0.367850 0.489604
vt 0.130768 0.558016
vt 0.130395 0.560019
vt 0.130519 0.557960
vt 0.130395 0.545333
vt 0.355549 0.487358
vt 0.344263 0.483458
vt 0.369968 0.490110
vt 0.369943 0.490971
vt 0.367923 0.489846
vt 0.384843 0.493674
vt 0.369761 0.492950
vt 0.384762 0.491679
vt 0.355431 0.488197
vt 0.354996 0.490115
vt 0.345953 0.485190
vt 0.345359 0.487036
vt 0.362700 0.494489
vt 0.354360 0.492604
vt 0.344502 0.489433
vt 0.333843 0.479804
vt 0.331947 0.483732
vt 0.333065 0.481510
vt 0.320218 0.471274
vt 0.334084 0.479048
vt 0.322836 0.472260
vt 0.344336 0.483700
vt 0.129625 0.548324
vt 0.129230 0.561330
vt 0.129410 0.548180
vt 0.134141 0.533831
vt 0.133251 0.522773
vt 0.134141 0.509474
vt 0.366546 0.561387
vt 0.366316 0.561276
vt 0.366213 0.550009
vt 0.346128 0.484380
vt 0.366213 0.563191
vt 0.129230 0.545333
vt 0.322761 0.472014
vt 0.320516 0.470605
vt 0.304519 0.455898
vt 0.132635 0.563078
vt 0.132325 0.568469
vt 0.132463 0.562874
vt 0.308435 0.460216
vt 0.301270 0.452245
vt 0.290533 0.435992
vt 0.132325 0.557740
vt 0.300896 0.452762
vt 0.304596 0.456152
vt 0.308093 0.460792
vt 0.291348 0.441940
vt 0.299748 0.453856
vt 0.307026 0.462035
vt 0.292644 0.441014
vt 0.319272 0.472757
vt 0.305471 0.463668
vt 0.298075 0.455291
vt 0.289475 0.443141
vt 0.289331 0.443224
vt 0.298343 0.455768
vt 0.287845 0.444113
vt 0.296995 0.456861
vt 0.308676 0.467250
vt 0.320371 0.477346
vt 0.307491 0.468527
vt 0.317903 0.474700
vt 0.333363 0.485714
vt 0.319375 0.478782
vt 0.332577 0.487280
vt 0.347459 0.492061
vt 0.362360 0.496203
vt 0.346898 0.493725
vt 0.369472 0.495518
vt 0.377718 0.498092
vt 0.362037 0.497933
vt 0.377640 0.499853
vt 0.361823 0.499249
vt 0.346513 0.494994
vt 0.393360 0.499527
vt 0.393501 0.500851
vt 0.377603 0.501186
vt 0.377600 0.502132
vt 0.361702 0.500186
vt 0.393614 0.501783
vt 0.374451 0.503960
vt 0.363032 0.502504
vt 0.357178 0.499188
vt 0.356391 0.501080
vt 0.351947 0.499876
vt 0.346279 0.495901
vt 0.341217 0.496080
vt 0.340403 0.493574
vt 0.339079 0.495164
vt 0.332029 0.488476
vt 0.331691 0.489333
vt 0.328662 0.489869
vt 0.324634 0.485135
vt 0.323535 0.486713
vt 0.318244 0.480673
vt 0.318678 0.479882
vt 0.306661 0.469511
vt 0.310561 0.474372
vt 0.306141 0.470224
vt 0.295451 0.458336
vt 0.296047 0.457712
vt 0.318806 0.483447
vt 0.308999 0.475459
vt 0.299822 0.466259
vt 0.305270 0.475418
vt 0.294291 0.463216
vt 0.285464 0.445916
vt 0.291321 0.455914
vt 0.284790 0.446488
vt 0.284590 0.448254
vt 0.284703 0.444928
vt 0.283847 0.445226
vt 0.283647 0.446991
vt 0.283671 0.448477
vt 0.282989 0.448004
vt 0.282889 0.446438
vt 0.282207 0.447799
vt 0.721105 0.939421
vt 0.721108 0.939474
vt 0.720326 0.939682
vt 0.720311 0.939633
vt 0.719644 0.940157
vt 0.721098 0.939299
vt 0.719619 0.940114
vt 0.720264 0.939521
vt 0.719544 0.940022
vt 0.721085 0.939125
vt 0.720193 0.939363
vt 0.721070 0.938928
vt 0.720109 0.939184
vt 0.719431 0.939893
vt 0.719297 0.939747
vt 0.716478 0.940108
vt 0.718383 0.937884
vt 0.720603 0.936946
vt 0.722912 0.937150
vt 0.721977 0.938998
vt 0.721934 0.939191
vt 0.723460 0.939594
vt 0.723799 0.939780
vt 0.723368 0.939768
vt 0.724795 0.938010
vt 0.723704 0.939953
vt 0.723289 0.939922
vt 0.723713 0.939936
vt 0.721899 0.939360
vt 0.721875 0.939481
vt 0.723236 0.940032
vt 0.721866 0.939533
vt 0.723217 0.940081
vt 0.281450 0.447861
vt 0.282114 0.446227
vt 0.281269 0.446302
vt 0.280099 0.448413
vt 0.279759 0.448551
vt 0.279767 0.448596
vt 0.723566 0.940222
vt 0.723550 0.940263
vt 0.130698 0.560019
vt 0.130698 0.562057
vt 0.130395 0.560274
vt 0.281464 0.444560
vt 0.282194 0.444468
vt 0.283153 0.444212
vt 0.282311 0.444473
vt 0.283712 0.444341
vt 0.283088 0.444677
vt 0.284234 0.444576
vt 0.284993 0.443970
vt 0.284260 0.444106
vt 0.284257 0.442258
vt 0.284505 0.429225
vt 0.287739 0.435901
vt 0.288813 0.437867
vt 0.286763 0.439039
vt 0.285159 0.441623
vt 0.286282 0.440889
vt 0.286297 0.443005
vt 0.287322 0.444450
vt 0.285541 0.443534
vt 0.286798 0.444816
vt 0.286138 0.445343
vt 0.285546 0.444519
vt 0.288019 0.440934
vt 0.289342 0.442926
vt 0.291219 0.441729
vt 0.289980 0.439761
vt 0.290257 0.436948
vt 0.291355 0.438862
vt 0.291831 0.438442
vt 0.292952 0.440358
vt 0.292518 0.440806
vt 0.290750 0.436502
vt 0.132835 0.537028
vt 0.132694 0.539309
vt 0.132718 0.537093
vt 0.132694 0.534875
vt 0.289213 0.434994
vt 0.289711 0.434541
vt 0.286611 0.427980
vt 0.286076 0.428404
vt 0.284278 0.423992
vt 0.282639 0.424756
vt 0.280199 0.413963
vt 0.284837 0.423586
vt 0.280957 0.413680
vt 0.279197 0.414291
vt 0.278956 0.402501
vt 0.277902 0.402787
vt 0.276294 0.403114
vt 0.274376 0.403432
vt 0.723569 0.940214
vt 0.723623 0.940105
vt 0.265024 0.352044
vt 0.268348 0.353240
vt 0.266428 0.360016
vt 0.321272 0.275068
vt 0.325678 0.271423
vt 0.321847 0.275704
vt 0.311865 0.283320
vt 0.345410 0.257393
vt 0.322882 0.276611
vt 0.300513 0.296419
vt 0.300050 0.296058
vt 0.346393 0.258375
vt 0.347793 0.259726
vt 0.324356 0.277874
vt 0.349342 0.261353
vt 0.326020 0.279393
vt 0.302650 0.298033
vt 0.283334 0.320130
vt 0.301833 0.297409
vt 0.304426 0.299441
vt 0.284195 0.320686
vt 0.282589 0.319645
vt 0.268314 0.345284
vt 0.267544 0.344852
vt 0.267115 0.344600
vt 0.301111 0.296869
vt 0.281986 0.319242
vt 0.266934 0.344489
vt 0.277142 0.324311
vt 0.281536 0.318921
vt 0.285725 0.311878
vt 0.282261 0.316653
vt 0.280999 0.318471
vt 0.294813 0.300667
vt 0.299465 0.295535
vt 0.306522 0.288360
vt 0.269217 0.345772
vt 0.286111 0.321929
vt 0.271257 0.346837
vt 0.288906 0.330936
vt 0.278479 0.353772
vt 0.280324 0.354337
vt 0.290565 0.331908
vt 0.304280 0.311069
vt 0.291954 0.332675
vt 0.305665 0.312395
vt 0.306822 0.313462
vt 0.063948 0.524636
vt 0.064486 0.546699
vt 0.062566 0.525289
vt 0.065849 0.545822
vt 0.325688 0.298133
vt 0.065165 0.565083
vt 0.068087 0.553189
vt 0.066520 0.564015
vt 0.067659 0.545283
vt 0.066656 0.532811
vt 0.068328 0.563409
vt 0.068228 0.570048
vt 0.065928 0.578254
vt 0.282883 0.354975
vt 0.281870 0.354760
vt 0.292862 0.333120
vt 0.071276 0.552635
vt 0.071417 0.569494
vt 0.070260 0.581912
vt 0.067737 0.577595
vt 0.067070 0.582466
vt 0.065919 0.587093
vt 0.064102 0.587787
vt 0.278165 0.378516
vt 0.277102 0.378549
vt 0.064678 0.589764
vt 0.061141 0.592111
vt 0.279296 0.402300
vt 0.278187 0.389548
vt 0.067868 0.589210
vt 0.062968 0.591401
vt 0.367331 0.532376
vt 0.366656 0.521083
vt 0.367331 0.508053
vt 0.367296 0.544175
vt 0.366656 0.554371
vt 0.367240 0.543611
vt 0.281568 0.413383
vt 0.366656 0.532376
vt 0.281560 0.413319
vt 0.275481 0.378498
vt 0.273549 0.378370
vt 0.268449 0.386914
vt 0.265922 0.373267
vt 0.265694 0.366429
vt 0.069845 0.532257
vt 0.065766 0.524175
vt 0.067201 0.509474
vt 0.064012 0.510027
vt 0.063496 0.510116
vt 0.062163 0.510314
vt 0.061141 0.510351
vt 0.339569 0.291115
vt 0.339774 0.290152
vt 0.340366 0.288906
vt 0.324825 0.296827
vt 0.340733 0.288410
vt 0.341422 0.287725
vt 0.323788 0.295219
vt 0.342813 0.286905
vt 0.346400 0.284224
vt 0.346817 0.285409
vt 0.347362 0.285219
vt 0.358517 0.282024
vt 0.370923 0.278664
vt 0.369857 0.280050
vt 0.381348 0.279289
vt 0.371055 0.279913
vt 0.383188 0.279281
vt 0.394712 0.279941
vt 0.395901 0.280080
vt 0.402771 0.281144
vt 0.404679 0.281920
vt 0.419805 0.286514
vt 0.405662 0.282778
vt 0.440897 0.298904
vt 0.419209 0.287979
vt 0.406537 0.284196
vt 0.441832 0.297610
vt 0.406340 0.283762
vt 0.406715 0.284752
vt 0.156946 0.571085
vt 0.155703 0.570853
vt 0.156250 0.559119
vt 0.159429 0.560452
vt 0.158435 0.571375
vt 0.157617 0.559935
vt 0.158632 0.540793
vt 0.160093 0.550454
vt 0.158673 0.538473
vt 0.160481 0.539070
vt 0.442938 0.301528
vt 0.440252 0.299701
vt 0.160441 0.541381
vt 0.157276 0.539776
vt 0.160471 0.532856
vt 0.158642 0.531210
vt 0.160450 0.531833
vt 0.459281 0.315773
vt 0.451515 0.308255
vt 0.158355 0.524861
vt 0.163282 0.551006
vt 0.161624 0.571928
vt 0.345111 0.256525
vt 0.365836 0.242073
vt 0.388719 0.227390
vt 0.394847 0.223709
vt 0.409756 0.215157
vt 0.424533 0.206768
vt 0.438906 0.198417
vt 0.454515 0.189023
vt 0.461370 0.184739
vt 0.439919 0.197820
vt 0.293076 0.440563
vt 0.710282 0.949116
vt 0.696232 0.965382
vt 0.718188 0.941195
vt 0.697725 0.966754
vt 0.680334 0.978608
vt 0.685390 0.977449
vt 0.670125 0.984870
vt 0.671635 0.986355
vt 0.651493 0.992722
vt 0.656821 0.993063
vt 0.641017 0.997476
vt 0.631004 0.996953
vt 0.641056 0.997671
vt 0.656888 0.993250
vt 0.671729 0.986529
vt 0.641088 0.997841
vt 0.656945 0.993414
vt 0.656982 0.993530
vt 0.671808 0.986682
vt 0.641109 0.997962
vt 0.671861 0.986791
vt 0.685608 0.977749
vt 0.685508 0.977608
vt 0.697863 0.966896
vt 0.708647 0.954568
vt 0.708800 0.954692
vt 0.697979 0.967022
vt 0.685674 0.977849
vt 0.708930 0.954804
vt 0.698056 0.967112
vt 0.685696 0.977894
vt 0.671878 0.986839
vt 0.331498 0.495030
vt 0.346388 0.501728
vt 0.317670 0.486124
vt 0.656995 0.993580
vt 0.641116 0.998014
vt 0.362270 0.506115
vt 0.378506 0.508053
vt 0.624879 1.000000
vt 0.624878 0.999948
vt 0.609239 0.999647
vt 0.393686 0.505929
vt 0.394146 0.507706
vt 0.609235 0.999699
vt 0.393198 0.503810
vt 0.381410 0.504264
vt 0.607584 0.999542
vt 0.607588 0.999490
vt 0.609249 0.999525
vt 0.607599 0.999368
vt 0.595693 0.997661
vt 0.595685 0.997712
vt 0.584013 0.994676
vt 0.407326 0.501668
vt 0.419354 0.502605
vt 0.407689 0.505677
vt 0.402144 0.502659
vt 0.395796 0.507544
vt 0.405486 0.502048
vt 0.407406 0.499659
vt 0.415391 0.496658
vt 0.415653 0.497547
vt 0.417085 0.499129
vt 0.425325 0.494209
vt 0.415017 0.495385
vt 0.435451 0.487101
vt 0.436046 0.488281
vt 0.436446 0.489106
vt 0.439178 0.489783
vt 0.428327 0.495042
vt 0.422794 0.501451
vt 0.433914 0.496881
vt 0.580583 0.993482
vt 0.580570 0.993532
vt 0.569440 0.988997
vt 0.584024 0.994626
vt 0.584058 0.994508
vt 0.580620 0.993366
vt 0.569457 0.988948
vt 0.580675 0.993201
vt 0.569504 0.988836
vt 0.584108 0.994342
vt 0.569574 0.988678
vt 0.558905 0.983200
vt 0.558848 0.983307
vt 0.548769 0.976606
vt 0.548792 0.976561
vt 0.558828 0.983354
vt 0.548858 0.976460
vt 0.545929 0.974350
vt 0.545906 0.974395
vt 0.458343 0.476604
vt 0.457420 0.482204
vt 0.454561 0.484424
vt 0.461371 0.473953
vt 0.536908 0.966442
vt 0.466404 0.474221
vt 0.469871 0.465409
vt 0.455199 0.476786
vt 0.470557 0.460433
vt 0.471196 0.461066
vt 0.454671 0.476047
vt 0.442115 0.485922
vt 0.452113 0.481519
vt 0.442131 0.488102
vt 0.444515 0.491205
vt 0.482001 0.441355
vt 0.483103 0.442041
vt 0.480576 0.448117
vt 0.469592 0.459551
vt 0.483832 0.442550
vt 0.485060 0.444086
vt 0.482047 0.449206
vt 0.479338 0.453353
vt 0.483735 0.452608
vt 0.481766 0.455655
vt 0.474530 0.465368
vt 0.472095 0.462857
vt 0.473699 0.466360
vt 0.529599 0.958605
vt 0.528766 0.957615
vt 0.528795 0.957576
vt 0.536934 0.966400
vt 0.521513 0.947927
vt 0.537012 0.966309
vt 0.528880 0.957493
vt 0.521544 0.947891
vt 0.521636 0.947818
vt 0.529008 0.957379
vt 0.537128 0.966182
vt 0.537265 0.966040
vt 0.546224 0.973958
vt 0.546102 0.974114
vt 0.549076 0.976160
vt 0.548958 0.976319
vt 0.545998 0.974252
vt 0.559092 0.982880
vt 0.558991 0.983050
vt 0.569658 0.988498
vt 0.555918 0.978494
vt 0.580739 0.993014
vt 0.575172 0.988724
vt 0.538961 0.964865
vt 0.528784 0.953570
vt 0.521937 0.947605
vt 0.519972 0.944578
vt 0.529159 0.957251
vt 0.517039 0.935376
vt 0.514147 0.934150
vt 0.508960 0.915461
vt 0.509415 0.923182
vt 0.505804 0.911697
vt 0.504953 0.908185
vt 0.504725 0.894323
vt 0.502920 0.896423
vt 0.502726 0.896449
vt 0.504762 0.908231
vt 0.505614 0.911749
vt 0.504600 0.908276
vt 0.502561 0.896478
vt 0.501736 0.884530
vt 0.502451 0.896504
vt 0.501626 0.884546
vt 0.502034 0.872468
vt 0.502144 0.872464
vt 0.501902 0.884519
vt 0.504911 0.854911
vt 0.505018 0.854924
vt 0.502309 0.872470
vt 0.505180 0.854954
vt 0.502504 0.872484
vt 0.505370 0.854997
vt 0.505455 0.864970
vt 0.502098 0.884512
vt 0.504525 0.872657
vt 0.510834 0.843827
vt 0.510852 0.838142
vt 0.520085 0.824152
vt 0.510670 0.838071
vt 0.517141 0.824802
vt 0.517311 0.824895
vt 0.516996 0.824729
vt 0.525106 0.812353
vt 0.525239 0.812443
vt 0.531178 0.805149
vt 0.531054 0.805049
vt 0.525017 0.812300
vt 0.121917 0.556498
vt 0.117025 0.558213
vt 0.116921 0.558046
vt 0.122021 0.556666
vt 0.537580 0.797910
vt 0.530971 0.804989
vt 0.121874 0.556303
vt 0.116878 0.557851
vt 0.112476 0.559376
vt 0.112520 0.559570
vt 0.115807 0.520185
vt 0.116801 0.556185
vt 0.110334 0.522122
vt 0.107792 0.523198
vt 0.108946 0.560828
vt 0.104077 0.525154
vt 0.106947 0.561796
vt 0.106993 0.561990
vt 0.519922 0.819614
vt 0.516900 0.824688
vt 0.103242 0.564403
vt 0.510517 0.838017
vt 0.510415 0.837988
vt 0.510380 0.837990
vt 0.103195 0.564210
vt 0.504874 0.854917
vt 0.101112 0.567054
vt 0.102532 0.526228
vt 0.489236 0.343624
vt 0.487418 0.335697
vt 0.490197 0.341671
vt 0.490523 0.346860
vt 0.494375 0.352932
vt 0.100661 0.528164
vt 0.484771 0.334079
vt 0.480444 0.326456
vt 0.481530 0.325301
vt 0.484004 0.334305
vt 0.476902 0.322325
vt 0.475847 0.322887
vt 0.477601 0.322038
vt 0.468563 0.311172
vt 0.116802 0.515912
vt 0.110721 0.518057
vt 0.117319 0.514044
vt 0.123445 0.513898
vt 0.456366 0.296220
vt 0.126322 0.511043
vt 0.451699 0.287785
vt 0.124286 0.513616
vt 0.125867 0.513031
vt 0.128132 0.511936
vt 0.129230 0.509474
vt 0.128261 0.515472
vt 0.452289 0.287776
vt 0.452958 0.287206
vt 0.453451 0.290289
vt 0.450806 0.278541
vt 0.449507 0.278548
vt 0.449707 0.278574
vt 0.449354 0.270976
vt 0.450901 0.269405
vt 0.452743 0.280499
vt 0.454935 0.289758
vt 0.128663 0.514107
vt 0.129182 0.553188
vt 0.126382 0.554946
vt 0.126337 0.554752
vt 0.548130 0.781996
vt 0.548095 0.781998
vt 0.550273 0.772735
vt 0.129230 0.553381
vt 0.543636 0.790450
vt 0.543545 0.790400
vt 0.550311 0.772723
vt 0.548233 0.782023
vt 0.543772 0.790535
vt 0.537704 0.798011
vt 0.537850 0.798139
vt 0.531325 0.805275
vt 0.537058 0.802002
vt 0.525396 0.812557
vt 0.532847 0.806612
vt 0.547103 0.789516
vt 0.548570 0.782143
vt 0.551945 0.778160
vt 0.543933 0.790644
vt 0.550781 0.772740
vt 0.552756 0.765683
vt 0.550406 0.763093
vt 0.549906 0.752792
vt 0.547888 0.753774
vt 0.550213 0.763126
vt 0.548074 0.753710
vt 0.550049 0.763160
vt 0.550586 0.772726
vt 0.547731 0.753835
vt 0.550421 0.772720
vt 0.548388 0.782075
vt 0.549940 0.763190
vt 0.549902 0.763211
vt 0.547590 0.753909
vt 0.547626 0.753882
vt 0.544094 0.745008
vt 0.544129 0.744978
vt 0.540217 0.736687
vt 0.540316 0.736626
vt 0.544230 0.744920
vt 0.540465 0.736545
vt 0.544381 0.744845
vt 0.540641 0.736456
vt 0.544561 0.744763
vt 0.531696 0.719258
vt 0.531869 0.719165
vt 0.542463 0.735569
vt 0.529792 0.710966
vt 0.522596 0.702135
vt 0.516398 0.687428
vt 0.514519 0.688233
vt 0.514507 0.688238
vt 0.522426 0.702233
vt 0.514407 0.688282
vt 0.522281 0.702323
vt 0.514337 0.688313
vt 0.511974 0.679715
vt 0.514261 0.688349
vt 0.512163 0.679660
vt 0.511227 0.677252
vt 0.511814 0.679767
vt 0.511391 0.677217
vt 0.514183 0.688387
vt 0.514145 0.688407
vt 0.522185 0.702390
vt 0.514071 0.688450
vt 0.511707 0.679809
vt 0.511118 0.677283
vt 0.511671 0.679834
vt 0.514045 0.688474
vt 0.522152 0.702423
vt 0.480749 0.210082
vt 0.488093 0.195446
vt 0.488832 0.196104
vt 0.490031 0.187123
vt 0.491192 0.187454
vt 0.487361 0.195424
vt 0.488701 0.188142
vt 0.488882 0.186618
vt 0.490349 0.185565
vt 0.491778 0.184922
vt 0.490479 0.183981
vt 0.491956 0.183022
vt 0.511081 0.677304
vt 0.510900 0.675406
vt 0.490371 0.182378
vt 0.491939 0.181152
vt 0.510938 0.675389
vt 0.510914 0.673536
vt 0.490103 0.180773
vt 0.510951 0.673522
vt 0.511048 0.675373
vt 0.511061 0.673512
vt 0.511214 0.675359
vt 0.511227 0.673508
vt 0.511104 0.672015
vt 0.511312 0.670533
vt 0.511270 0.672011
vt 0.511510 0.670535
vt 0.511317 0.668991
vt 0.510900 0.666760
vt 0.511514 0.668979
vt 0.513476 0.668162
vt 0.513547 0.669690
vt 0.513529 0.670574
vt 0.511467 0.672014
vt 0.513446 0.673565
vt 0.513517 0.676375
vt 0.511410 0.675349
vt 0.511424 0.673510
vt 0.511585 0.677183
vt 0.514117 0.679122
vt 0.488487 0.181446
vt 0.131804 0.557740
vt 0.131804 0.569443
vt 0.131069 0.561605
vt 0.486070 0.178867
vt 0.487839 0.181870
vt 0.488426 0.183450
vt 0.484570 0.184804
vt 0.486663 0.182794
vt 0.485126 0.186813
vt 0.488809 0.185045
vt 0.484118 0.185289
vt 0.484181 0.185221
vt 0.485824 0.188484
vt 0.482968 0.189573
vt 0.481163 0.180883
vt 0.480729 0.181083
vt 0.473849 0.184614
vt 0.481862 0.187965
vt 0.480580 0.193021
vt 0.479421 0.191297
vt 0.476929 0.195139
vt 0.476729 0.195465
vt 0.474002 0.200054
vt 0.475388 0.201568
vt 0.455934 0.237989
vt 0.457472 0.238807
vt 0.476446 0.203280
vt 0.458576 0.239480
vt 0.476977 0.204970
vt 0.481518 0.194798
vt 0.453062 0.248223
vt 0.454247 0.248721
vt 0.459297 0.240008
vt 0.451557 0.258619
vt 0.450762 0.258320
vt 0.449533 0.258007
vt 0.447811 0.257690
vt 0.451414 0.247651
vt 0.448792 0.268334
vt 0.448427 0.278546
vt 0.458416 0.246323
vt 0.452970 0.260000
vt 0.455397 0.261659
vt 0.453099 0.270970
vt 0.458878 0.252745
vt 0.462775 0.244441
vt 0.460893 0.241173
vt 0.477010 0.210480
vt 0.477057 0.206427
vt 0.477958 0.208804
vt 0.471512 0.227131
vt 0.531417 0.719440
vt 0.531451 0.719407
vt 0.540183 0.736719
vt 0.531549 0.719344
vt 0.479135 0.206755
vt 0.477199 0.206177
vt 0.481766 0.202386
vt 0.482048 0.201940
vt 0.482024 0.197967
vt 0.481936 0.196577
vt 0.484171 0.193028
vt 0.484104 0.194635
vt 0.483964 0.199081
vt 0.484234 0.198708
vt 0.484859 0.197876
vt 0.485747 0.192121
vt 0.485726 0.196824
vt 0.486166 0.196349
vt 0.486018 0.191719
vt 0.487076 0.195574
vt 0.488537 0.188325
vt 0.487187 0.195508
vt 0.486105 0.190146
vt 0.483808 0.191300
vt 0.471761 0.183192
vt 0.475885 0.180934
vt 0.479332 0.178298
vt 0.479632 0.179095
vt 0.482674 0.175648
vt 0.479111 0.177150
vt 0.483043 0.177627
vt 0.485739 0.176664
vt 0.537498 0.797849
vt 0.125591 0.516961
vt 0.108805 0.518889
vt 0.477836 0.319844
vt 0.494698 0.360239
vt 0.496687 0.361433
vt 0.100072 0.529556
vt 0.498257 0.362568
vt 0.497350 0.364481
vt 0.497549 0.377655
vt 0.499230 0.377405
vt 0.500372 0.378744
vt 0.501162 0.380127
vt 0.501588 0.392211
vt 0.502414 0.896523
vt 0.501588 0.884561
vt 0.500781 0.404179
vt 0.499669 0.389346
vt 0.501996 0.872480
vt 0.497662 0.395612
vt 0.499386 0.395909
vt 0.497257 0.400036
vt 0.498759 0.416001
vt 0.497912 0.407836
vt 0.494846 0.413923
vt 0.496563 0.414376
vt 0.492629 0.421945
vt 0.497910 0.419533
vt 0.495238 0.419467
vt 0.489107 0.431579
vt 0.491382 0.430772
vt 0.494301 0.431081
vt 0.513723 0.934382
vt 0.513689 0.934413
vt 0.508937 0.923398
vt 0.489568 0.442114
vt 0.490761 0.432296
vt 0.508973 0.923370
vt 0.505310 0.911864
vt 0.485569 0.443159
vt 0.513822 0.934320
vt 0.509076 0.923319
vt 0.505346 0.911839
vt 0.513971 0.934239
vt 0.509232 0.923253
vt 0.505453 0.911799
vt 0.519805 0.944685
vt 0.521774 0.947717
vt 0.519665 0.944781
vt 0.519571 0.944852
vt 0.519539 0.944887
vt 0.504492 0.908313
vt 0.504455 0.908336
vt 0.491835 0.421575
vt 0.490637 0.421107
vt 0.488986 0.420541
vt 0.489773 0.409627
vt 0.483373 0.429922
vt 0.487070 0.419929
vt 0.480482 0.440481
vt 0.488565 0.414076
vt 0.484742 0.426049
vt 0.482915 0.425328
vt 0.479567 0.437507
vt 0.471487 0.447181
vt 0.473107 0.448298
vt 0.465449 0.458279
vt 0.455365 0.465863
vt 0.446955 0.475296
vt 0.435399 0.480388
vt 0.456693 0.467319
vt 0.434563 0.478874
vt 0.459489 0.464945
vt 0.451525 0.472044
vt 0.452787 0.473615
vt 0.442904 0.478332
vt 0.434642 0.485534
vt 0.436365 0.482107
vt 0.433708 0.483748
vt 0.414518 0.493692
vt 0.424026 0.488239
vt 0.425062 0.487659
vt 0.419190 0.489940
vt 0.419031 0.490124
vt 0.416208 0.490954
vt 0.413950 0.491762
vt 0.412644 0.489989
vt 0.413197 0.491881
vt 0.393815 0.493713
vt 0.394028 0.495673
vt 0.393009 0.495777
vt 0.393191 0.497771
vt 0.384913 0.496261
vt 0.392751 0.493201
vt 0.377818 0.496192
vt 0.392532 0.491214
vt 0.393510 0.491115
vt 0.393618 0.491994
vt 0.393746 0.493099
vt 0.412157 0.488327
vt 0.411812 0.487149
vt 0.135859 0.509474
vt 0.135859 0.533530
vt 0.135668 0.528854
vt 0.393466 0.490779
vt 0.392411 0.490350
vt 0.468262 0.458401
vt 0.453877 0.474999
vt 0.466720 0.457105
vt 0.473150 0.448599
vt 0.478719 0.439508
vt 0.584167 0.994152
vt 0.596090 0.995170
vt 0.595789 0.997175
vt 0.607637 0.998998
vt 0.609457 0.997140
vt 0.595749 0.997370
vt 0.607617 0.999195
vt 0.609281 0.999154
vt 0.624865 0.999651
vt 0.609263 0.999352
vt 0.624855 0.999453
vt 0.624873 0.999825
vt 0.595715 0.997540
vt 0.698082 0.967154
vt 0.709016 0.954885
vt 0.718492 0.941401
vt 0.718585 0.941473
vt 0.709045 0.954924
vt 0.718616 0.941508
vt 0.284702 0.449826
vt 0.718353 0.941303
vt 0.487702 0.356730
vt 0.488306 0.358902
vt 0.485822 0.357243
vt 0.486875 0.354010
vt 0.487222 0.354877
vt 0.485025 0.348558
vt 0.483784 0.345452
vt 0.478627 0.346276
vt 0.478124 0.345103
vt 0.462268 0.187042
vt 0.094039 0.507113
vt 0.094905 0.503210
vt 0.097981 0.503786
vt 0.106111 0.508968
vt 0.106339 0.505022
vt 0.106346 0.504926
vt 0.083700 0.500377
vt 0.082317 0.504054
vt 0.083229 0.500232
vt 0.071924 0.496071
vt 0.070974 0.499814
vt 0.062554 0.491559
vt 0.067902 0.498430
vt 0.061942 0.495436
vt 0.061024 0.490722
vt 0.027086 0.466911
vt 0.026670 0.466407
vt 0.027584 0.462799
vt 0.028448 0.463839
vt 0.030484 0.466197
vt 0.035351 0.475880
vt 0.038995 0.474842
vt 0.058311 0.489163
vt 0.057126 0.492696
vt 0.048282 0.482500
vt 0.047081 0.485940
vt 0.043634 0.478869
vt 0.042860 0.482622
vt 0.037785 0.478194
vt 0.013933 0.447377
vt 0.014971 0.443951
vt 0.019850 0.457221
vt 0.021194 0.454242
vt 0.013649 0.446845
vt 0.012125 0.443867
vt 0.009808 0.432986
vt 0.007303 0.432678
vt 0.009152 0.431346
vt 0.000834 0.405993
vt 0.002767 0.408202
vt 0.001285 0.409312
vt 0.005359 0.419935
vt 0.006230 0.422933
vt 0.005112 0.426194
vt 0.003691 0.421149
vt 0.000550 0.380352
vt 0.001756 0.377494
vt 0.000414 0.381821
vt 0.001179 0.389516
vt 0.000000 0.393906
vt 0.001396 0.396176
vt 0.001745 0.400524
vt 0.752744 0.373775
vt 0.752912 0.373770
vt 0.753186 0.385848
vt 0.753025 0.373774
vt 0.753300 0.385863
vt 0.752548 0.373787
vt 0.752430 0.372324
vt 0.752626 0.372309
vt 0.753067 0.373786
vt 0.753341 0.385879
vt 0.752367 0.397960
vt 0.752326 0.397941
vt 0.751879 0.401275
vt 0.751837 0.401255
vt 0.749336 0.413090
vt 0.749295 0.413066
vt 0.747857 0.418122
vt 0.745552 0.424559
vt 0.725840 0.458128
vt 0.725386 0.458589
vt 0.732729 0.448973
vt 0.745591 0.424587
vt 0.740641 0.435729
vt 0.740604 0.435698
vt 0.739084 0.438692
vt 0.739047 0.438660
vt 0.738794 0.439221
vt 0.732764 0.449008
vt 0.725418 0.458627
vt 0.717053 0.467514
vt 0.717022 0.467473
vt 0.714592 0.469805
vt 0.714563 0.469763
vt 0.709468 0.474183
vt 0.705183 0.477414
vt 0.705209 0.477458
vt 0.695089 0.484114
vt 0.695066 0.484067
vt 0.690244 0.486806
vt 0.684231 0.489693
vt 0.684251 0.489741
vt 0.681163 0.491094
vt 0.681145 0.491045
vt 0.669775 0.495220
vt 0.669759 0.495170
vt 0.658022 0.498161
vt 0.658010 0.498110
vt 0.645932 0.499894
vt 0.645924 0.499843
vt 0.752213 0.397914
vt 0.751725 0.401225
vt 0.749185 0.413026
vt 0.745446 0.424507
vt 0.740502 0.435636
vt 0.738946 0.438595
vt 0.732635 0.448899
vt 0.725298 0.458506
vt 0.716942 0.467382
vt 0.714485 0.469669
vt 0.705114 0.477313
vt 0.695007 0.483960
vt 0.684182 0.489581
vt 0.681098 0.490932
vt 0.669724 0.495053
vt 0.657985 0.497990
vt 0.645911 0.499721
vt 0.753018 0.385835
vt 0.752046 0.397885
vt 0.751559 0.401191
vt 0.749023 0.412975
vt 0.745289 0.424441
vt 0.740352 0.435554
vt 0.738798 0.438508
vt 0.732496 0.448797
vt 0.725169 0.458391
vt 0.716825 0.467254
vt 0.714372 0.469539
vt 0.705013 0.477172
vt 0.694920 0.483810
vt 0.684111 0.489422
vt 0.681032 0.490772
vt 0.669673 0.494887
vt 0.657951 0.497820
vt 0.645893 0.499549
vt 0.752948 0.372316
vt 0.752907 0.372305
vt 0.752793 0.372303
vt 0.752821 0.385827
vt 0.751851 0.397857
vt 0.751365 0.401157
vt 0.748833 0.412921
vt 0.745105 0.424368
vt 0.740176 0.435463
vt 0.738625 0.438413
vt 0.732333 0.448685
vt 0.725019 0.458262
vt 0.716689 0.467111
vt 0.714239 0.469391
vt 0.704897 0.477012
vt 0.694821 0.483638
vt 0.684029 0.489242
vt 0.680955 0.490589
vt 0.669615 0.494697
vt 0.657913 0.497625
vt 0.645875 0.499351
vt 0.100880 0.615873
vt 0.100153 0.617244
vt 0.100741 0.579208
vt 0.100072 0.617689
vt 0.003658 0.362829
vt 0.003748 0.364768
vt 0.116736 0.608175
vt 0.116739 0.609393
vt 0.111067 0.610802
vt 0.117325 0.571577
vt 0.102941 0.614118
vt 0.103090 0.576580
vt 0.104558 0.613212
vt 0.107058 0.574541
vt 0.108470 0.611615
vt 0.109142 0.573771
vt 0.112796 0.572668
vt 0.107102 0.574350
vt 0.112837 0.572478
vt 0.117365 0.571388
vt 0.723873 0.304893
vt 0.729836 0.312189
vt 0.729744 0.312243
vt 0.723787 0.304954
vt 0.729609 0.312334
vt 0.723660 0.305055
vt 0.729452 0.312448
vt 0.723512 0.305182
vt 0.750044 0.354757
vt 0.750003 0.354751
vt 0.749892 0.354765
vt 0.749729 0.354796
vt 0.749538 0.354840
vt 0.744513 0.337841
vt 0.744475 0.337841
vt 0.744369 0.337870
vt 0.744213 0.337925
vt 0.744031 0.337997
vt 0.103134 0.576388
vt 0.737970 0.324556
vt 0.737871 0.324598
vt 0.737724 0.324672
vt 0.737553 0.324766
vt 0.734946 0.319489
vt 0.049807 0.283610
vt 0.050315 0.277458
vt 0.051580 0.273108
vt 0.049822 0.271289
vt 0.049825 0.262151
vt 0.048292 0.264369
vt 0.049422 0.260715
vt 0.046041 0.257683
vt 0.044393 0.247512
vt 0.040515 0.245104
vt 0.041692 0.241703
vt 0.124825 0.607665
vt 0.051028 0.281137
vt 0.130628 0.567054
vt 0.130213 0.604802
vt 0.128923 0.606289
vt 0.130197 0.567988
vt 0.126651 0.607165
vt 0.128668 0.568851
vt 0.123462 0.570304
vt 0.708407 0.248933
vt 0.714092 0.236371
vt 0.714271 0.236460
vt 0.715819 0.296470
vt 0.715946 0.296369
vt 0.714562 0.236630
vt 0.708891 0.249156
vt 0.708852 0.249128
vt 0.706563 0.255821
vt 0.706523 0.255796
vt 0.704953 0.262728
vt 0.704912 0.262707
vt 0.704390 0.268893
vt 0.704348 0.268878
vt 0.704826 0.275052
vt 0.704785 0.275043
vt 0.706375 0.281029
vt 0.706336 0.281027
vt 0.130241 0.567797
vt 0.128712 0.568660
vt 0.123502 0.570114
vt 0.716032 0.296309
vt 0.708836 0.286686
vt 0.708936 0.286644
vt 0.706228 0.281052
vt 0.704673 0.275049
vt 0.704235 0.268864
vt 0.704800 0.262678
vt 0.706414 0.255753
vt 0.708746 0.249076
vt 0.714525 0.236600
vt 0.708690 0.286760
vt 0.706070 0.281100
vt 0.704507 0.275067
vt 0.704066 0.268854
vt 0.704634 0.262643
vt 0.706253 0.255698
vt 0.708590 0.249007
vt 0.714423 0.236540
vt 0.715670 0.296595
vt 0.708518 0.286853
vt 0.705885 0.281164
vt 0.704312 0.275095
vt 0.703870 0.268848
vt 0.704440 0.262609
vt 0.706064 0.255640
vt 0.022952 0.210605
vt 0.015013 0.196520
vt 0.015506 0.195818
vt 0.016179 0.195815
vt 0.016341 0.195917
vt 0.017148 0.196665
vt 0.018378 0.198198
vt 0.020062 0.200668
vt 0.021782 0.203454
vt 0.022024 0.203863
vt 0.024989 0.209075
vt 0.031985 0.227727
vt 0.025973 0.210868
vt 0.740618 0.188293
vt 0.732518 0.202301
vt 0.740590 0.188270
vt 0.732483 0.202269
vt 0.732383 0.202204
vt 0.732236 0.202115
vt 0.740394 0.188170
vt 0.740512 0.188228
vt 0.732063 0.202016
vt 0.740134 0.188055
vt 0.740147 0.188061
vt 0.740247 0.188104
vt 0.740318 0.188135
vt 0.722827 0.219064
vt 0.723003 0.219157
vt 0.723153 0.219242
vt 0.723254 0.219305
vt 0.723290 0.219336
vt 0.238047 0.359495
vt 0.237822 0.357250
vt 0.238177 0.361945
vt 0.216394 0.447475
vt 0.215439 0.448723
vt 0.214726 0.448135
vt 0.216960 0.447039
vt 0.215471 0.447150
vt 0.214583 0.446721
vt 0.215200 0.445990
vt 0.215801 0.446290
vt 0.214013 0.447546
vt 0.132557 0.534875
vt 0.132557 0.538037
vt 0.132269 0.536477
vt 0.218982 0.446895
vt 0.216909 0.446374
vt 0.134951 0.530769
vt 0.134951 0.532919
vt 0.134845 0.532202
vt 0.218273 0.446745
vt 0.216395 0.446523
vt 0.217591 0.446790
vt 0.105864 0.502878
vt 0.118218 0.505500
vt 0.121876 0.503388
vt 0.125094 0.505267
vt 0.137799 0.501605
vt 0.136616 0.503912
vt 0.147813 0.501365
vt 0.153275 0.497477
vt 0.156200 0.498595
vt 0.171131 0.491601
vt 0.160575 0.496832
vt 0.158663 0.497630
vt 0.167942 0.491059
vt 0.181491 0.482539
vt 0.181131 0.485222
vt 0.193719 0.472215
vt 0.190890 0.477438
vt 0.204548 0.460440
vt 0.200240 0.468264
vt 0.208918 0.457921
vt 0.028738 0.461391
vt 0.028801 0.461468
vt 0.063171 0.489772
vt 0.073030 0.494487
vt 0.083750 0.498383
vt 0.084176 0.498514
vt 0.095703 0.501374
vt 0.062061 0.489168
vt 0.052108 0.482985
vt 0.044557 0.477268
vt 0.042760 0.475755
vt 0.034033 0.467419
vt 0.008885 0.425590
vt 0.007831 0.422322
vt 0.013869 0.437897
vt 0.016314 0.442753
vt 0.016414 0.442941
vt 0.019764 0.448773
vt 0.026563 0.458648
vt 0.003662 0.402692
vt 0.005704 0.414354
vt 0.007753 0.422067
vt 0.003345 0.377743
vt 0.002836 0.390957
vt 0.003377 0.400119
vt 0.006397 0.360362
vt 0.004393 0.361930
vt 0.010728 0.347030
vt 0.006867 0.353164
vt 0.011204 0.341865
vt 0.117784 0.613792
vt 0.111512 0.615605
vt 0.109487 0.616317
vt 0.106662 0.617491
vt 0.014012 0.336000
vt 0.016629 0.334312
vt 0.011957 0.344033
vt 0.196003 0.291892
vt 0.202296 0.298391
vt 0.201766 0.298926
vt 0.190290 0.287506
vt 0.189514 0.285724
vt 0.178067 0.276882
vt 0.178592 0.276266
vt 0.200792 0.299797
vt 0.189343 0.288436
vt 0.199320 0.301020
vt 0.187929 0.289737
vt 0.197549 0.302438
vt 0.186235 0.291242
vt 0.177154 0.277867
vt 0.175806 0.279239
vt 0.174194 0.280825
vt 0.144197 0.250833
vt 0.159757 0.261761
vt 0.160641 0.263471
vt 0.162840 0.264020
vt 0.158306 0.268564
vt 0.139261 0.255180
vt 0.140673 0.253495
vt 0.138096 0.254392
vt 0.105470 0.227478
vt 0.105992 0.226060
vt 0.124916 0.238064
vt 0.102866 0.231623
vt 0.103391 0.230869
vt 0.104718 0.228845
vt 0.105110 0.228170
vt 0.141863 0.251971
vt 0.142641 0.250834
vt 0.136537 0.245679
vt 0.159786 0.264542
vt 0.021195 0.179049
vt 0.024199 0.178667
vt 0.023617 0.180518
vt 0.026733 0.181247
vt 0.026294 0.182176
vt 0.021283 0.175536
vt 0.020404 0.174204
vt 0.027103 0.178916
vt 0.023410 0.175877
vt 0.026684 0.177802
vt 0.020230 0.181043
vt 0.022526 0.182485
vt 0.025117 0.184117
vt 0.027142 0.179597
vt 0.027021 0.180379
vt 0.021506 0.178019
vt 0.021611 0.177160
vt 0.021538 0.176314
vt 0.018370 0.177441
vt 0.016256 0.176433
vt 0.016199 0.174486
vt 0.017979 0.173840
vt 0.019299 0.173621
vt 0.014210 0.171320
vt 0.018536 0.175513
vt 0.013857 0.175938
vt 0.013539 0.173998
vt 0.015452 0.172781
vt 0.012579 0.172286
vt 0.011164 0.170795
vt 0.015926 0.178556
vt 0.013682 0.177996
vt 0.018492 0.185240
vt 0.017724 0.186893
vt 0.016613 0.183407
vt 0.015947 0.184922
vt 0.015003 0.182063
vt 0.014853 0.188570
vt 0.014431 0.185277
vt 0.017204 0.191979
vt 0.015605 0.186584
vt 0.017194 0.188628
vt 0.014709 0.188394
vt 0.013571 0.187434
vt 0.013079 0.184309
vt 0.013284 0.181114
vt 0.031196 0.187965
vt 0.037548 0.192022
vt 0.023116 0.190938
vt 0.033239 0.196231
vt 0.028931 0.200440
vt 0.020899 0.187984
vt 0.135852 0.582023
vt 0.134815 0.577915
vt 0.135852 0.572837
vt 0.032407 0.186040
vt 0.032892 0.185132
vt 0.033252 0.184299
vt 0.038391 0.190719
vt 0.039351 0.189124
vt 0.039813 0.188239
vt 0.033471 0.183565
vt 0.032444 0.181357
vt 0.033551 0.182942
vt 0.033410 0.181967
vt 0.040185 0.187339
vt 0.040374 0.186404
vt 0.090121 0.216314
vt 0.071973 0.208926
vt 0.070996 0.210496
vt 0.070141 0.211773
vt 0.060883 0.198921
vt 0.073129 0.206171
vt 0.072861 0.207140
vt 0.075561 0.207611
vt 0.072454 0.208046
vt 0.046702 0.190362
vt 0.053660 0.194601
vt 0.012074 0.184210
vt 0.012077 0.181542
vt 0.012817 0.181037
vt 0.012326 0.186065
vt 0.012752 0.187850
vt 0.012139 0.180056
vt 0.012412 0.178307
vt 0.012202 0.178569
vt 0.012169 0.176287
vt 0.010354 0.170922
vt 0.009344 0.171509
vt 0.010273 0.172427
vt 0.011536 0.174163
vt 0.008779 0.170971
vt 0.746574 0.163332
vt 0.746543 0.163290
vt 0.746464 0.163198
vt 0.745256 0.163853
vt 0.745398 0.163990
vt 0.745520 0.164112
vt 0.745603 0.164200
vt 0.745635 0.164241
vt 0.743891 0.165692
vt 0.744065 0.165786
vt 0.744214 0.165870
vt 0.744315 0.165934
vt 0.744352 0.165965
vt 0.743375 0.168009
vt 0.743542 0.168039
vt 0.743655 0.168065
vt 0.743695 0.168084
vt 0.743482 0.170344
vt 0.743596 0.170353
vt 0.743636 0.170366
vt 0.743681 0.171854
vt 0.743726 0.173341
vt 0.743685 0.173328
vt 0.743527 0.171832
vt 0.743641 0.171841
vt 0.743572 0.173319
vt 0.743543 0.175971
vt 0.743657 0.175992
vt 0.743698 0.176010
vt 0.742915 0.177721
vt 0.743108 0.177763
vt 0.743273 0.177805
vt 0.743384 0.177840
vt 0.743425 0.177862
vt 0.742476 0.179473
vt 0.742666 0.179527
vt 0.742828 0.179578
vt 0.742938 0.179619
vt 0.742978 0.179643
vt 0.741215 0.185936
vt 0.741255 0.185960
vt 0.740752 0.185789
vt 0.740942 0.185843
vt 0.741105 0.185895
vt 0.742117 0.182802
vt 0.742076 0.182778
vt 0.741967 0.182737
vt 0.741804 0.182685
vt 0.741614 0.182631
vt 0.013577 0.191016
vt 0.014403 0.194182
vt 0.021071 0.198330
vt 0.025768 0.206594
vt 0.025880 0.206795
vt 0.017452 0.192369
vt 0.019035 0.194923
vt 0.021074 0.196833
vt 0.019896 0.189649
vt 0.019167 0.191449
vt 0.025945 0.205333
vt 0.026469 0.203644
vt 0.021432 0.194987
vt 0.027532 0.201940
vt 0.022310 0.193148
vt 0.048318 0.237662
vt 0.052839 0.247651
vt 0.048296 0.237672
vt 0.050913 0.248239
vt 0.045700 0.238951
vt 0.049272 0.248800
vt 0.044982 0.239340
vt 0.048107 0.249293
vt 0.044380 0.239693
vt 0.047363 0.249712
vt 0.043207 0.240535
vt 0.050726 0.259216
vt 0.051483 0.258920
vt 0.052686 0.258613
vt 0.054394 0.258310
vt 0.056403 0.258023
vt 0.052629 0.269115
vt 0.053340 0.268948
vt 0.054525 0.268835
vt 0.056246 0.268799
vt 0.058286 0.268821
vt 0.052349 0.279184
vt 0.052966 0.279132
vt 0.054087 0.279204
vt 0.055778 0.279430
vt 0.057807 0.279762
vt 0.036859 0.214945
vt 0.036386 0.226665
vt 0.127104 0.611374
vt 0.130149 0.610087
vt 0.049661 0.288357
vt 0.047869 0.290464
vt 0.127581 0.613392
vt 0.040234 0.308730
vt 0.048041 0.297771
vt 0.048061 0.301295
vt 0.049946 0.298645
vt 0.118321 0.615756
vt 0.033071 0.311569
vt 0.045444 0.296747
vt 0.046465 0.297100
vt 0.033976 0.312216
vt 0.035288 0.313262
vt 0.035697 0.313600
vt 0.050209 0.288363
vt 0.051273 0.288570
vt 0.052919 0.289019
vt 0.054912 0.289628
vt 0.130628 0.612097
vt 0.067911 0.258250
vt 0.073041 0.256559
vt 0.078416 0.257144
vt 0.083070 0.259908
vt 0.063945 0.261915
vt 0.061863 0.266897
vt 0.062045 0.272281
vt 0.064452 0.277105
vt 0.068656 0.280502
vt 0.059892 0.293024
vt 0.050333 0.299525
vt 0.233417 0.389889
vt 0.229068 0.403612
vt 0.229879 0.395579
vt 0.086554 0.265481
vt 0.121347 0.276797
vt 0.086777 0.272045
vt 0.095803 0.278987
vt 0.071430 0.286912
vt 0.231869 0.389427
vt 0.228584 0.370049
vt 0.234387 0.378781
vt 0.071506 0.281532
vt 0.078089 0.281311
vt 0.083678 0.277839
vt 0.234690 0.362658
vt 0.234894 0.363831
vt 0.235273 0.370501
vt 0.170599 0.289776
vt 0.191725 0.304264
vt 0.208993 0.323163
vt 0.215719 0.325216
vt 0.221498 0.345482
vt 0.230459 0.350350
vt 0.233028 0.356335
vt 0.146722 0.280457
vt 0.214243 0.439262
vt 0.212977 0.438469
vt 0.217719 0.428450
vt 0.217199 0.428089
vt 0.220949 0.417211
vt 0.223044 0.408500
vt 0.223418 0.406499
vt 0.224075 0.406809
vt 0.224042 0.402525
vt 0.225507 0.403007
vt 0.226549 0.403213
vt 0.225888 0.407270
vt 0.224709 0.402815
vt 0.221546 0.417549
vt 0.219159 0.429151
vt 0.223194 0.418144
vt 0.225490 0.418851
vt 0.228375 0.407761
vt 0.212523 0.438075
vt 0.215479 0.432083
vt 0.072243 0.288647
vt 0.060907 0.294653
vt 0.224816 0.394857
vt 0.225197 0.395033
vt 0.423741 0.721646
vt 0.421805 0.721277
vt 0.423461 0.719190
vt 0.427354 0.715503
vt 0.425405 0.715156
vt 0.426972 0.710495
vt 0.430616 0.704111
vt 0.428655 0.703806
vt 0.430039 0.696675
vt 0.433356 0.688069
vt 0.431386 0.687822
vt 0.432496 0.678473
vt 0.435431 0.668217
vt 0.435094 0.633035
vt 0.437189 0.621391
vt 0.436731 0.645596
vt 0.433453 0.668041
vt 0.434212 0.656871
vt 0.434749 0.645501
vt 0.434212 0.583847
vt 0.435528 0.573324
vt 0.436781 0.596872
vt 0.435205 0.621384
vt 0.435094 0.608248
vt 0.434798 0.596954
vt 0.433550 0.573491
vt 0.432497 0.561148
vt 0.433495 0.551982
vt 0.431524 0.552226
vt 0.432195 0.542334
vt 0.430229 0.542613
vt 0.433945 0.541570
vt 0.435259 0.551317
vt 0.437312 0.572878
vt 0.438578 0.596669
vt 0.438991 0.621440
vt 0.438528 0.645894
vt 0.437214 0.668748
vt 0.435118 0.688804
vt 0.432350 0.705011
vt 0.217167 0.347039
vt 0.218181 0.346745
vt 0.223956 0.370576
vt 0.225039 0.370523
vt 0.226292 0.395232
vt 0.061769 0.295973
vt 0.072936 0.290058
vt 0.096526 0.282387
vt 0.096193 0.280860
vt 0.121248 0.280268
vt 0.121292 0.278708
vt 0.145808 0.283811
vt 0.146226 0.282305
vt 0.168918 0.292830
vt 0.169688 0.291461
vt 0.189365 0.306853
vt 0.190446 0.305698
vt 0.206078 0.325144
vt 0.207414 0.324268
vt 0.219701 0.346198
vt 0.226664 0.370338
vt 0.227937 0.395423
vt 0.430039 0.541374
vt 0.428950 0.534924
vt 0.430911 0.534618
vt 0.051513 0.301040
vt 0.049655 0.303221
vt 0.052517 0.302265
vt 0.050317 0.303978
vt 0.432307 0.531965
vt 0.432648 0.533775
vt 0.431191 0.532596
vt 0.428614 0.533139
vt 0.427038 0.525591
vt 0.426520 0.523502
vt 0.428926 0.522976
vt 0.427343 0.526920
vt 0.429794 0.526399
vt 0.043076 0.311444
vt 0.038632 0.316060
vt 0.041890 0.310365
vt 0.037411 0.315091
vt 0.050494 0.368194
vt 0.048517 0.378171
vt 0.041310 0.342990
vt 0.200011 0.342316
vt 0.199994 0.340675
vt 0.204353 0.341808
vt 0.039180 0.330170
vt 0.044150 0.323736
vt 0.041247 0.336863
vt 0.042682 0.337670
vt 0.198409 0.331780
vt 0.199156 0.339261
vt 0.197721 0.338455
vt 0.199202 0.343746
vt 0.209043 0.352477
vt 0.209174 0.352835
vt 0.039601 0.336880
vt 0.038183 0.337715
vt 0.033038 0.340076
vt 0.037374 0.339145
vt 0.037391 0.340786
vt 0.029809 0.349973
vt 0.028011 0.350975
vt 0.028139 0.350648
vt 0.024553 0.361733
vt 0.025259 0.359142
vt 0.027047 0.362278
vt 0.031450 0.346180
vt 0.032826 0.344387
vt 0.034847 0.343367
vt 0.193531 0.327312
vt 0.193556 0.325232
vt 0.196006 0.330627
vt 0.183117 0.314220
vt 0.187867 0.318805
vt 0.184245 0.318767
vt 0.196964 0.357258
vt 0.196138 0.344598
vt 0.198666 0.353824
vt 0.197784 0.344581
vt 0.201831 0.351651
vt 0.205657 0.351292
vt 0.091980 0.321083
vt 0.074403 0.331365
vt 0.042728 0.342155
vt 0.060544 0.346262
vt 0.051967 0.363334
vt 0.214990 0.386741
vt 0.214756 0.392559
vt 0.212172 0.389723
vt 0.039402 0.360520
vt 0.040237 0.357010
vt 0.033683 0.364594
vt 0.037041 0.363252
vt 0.031694 0.387446
vt 0.151312 0.324279
vt 0.193849 0.340736
vt 0.167681 0.336390
vt 0.193865 0.342378
vt 0.179857 0.352689
vt 0.194703 0.343791
vt 0.186808 0.371793
vt 0.187943 0.392083
vt 0.183166 0.411836
vt 0.197156 0.361084
vt 0.199192 0.364333
vt 0.208364 0.420878
vt 0.203650 0.431105
vt 0.202445 0.427467
vt 0.027026 0.417498
vt 0.029382 0.401801
vt 0.047510 0.401299
vt 0.032922 0.400328
vt 0.035296 0.397324
vt 0.047810 0.400370
vt 0.047653 0.401088
vt 0.047568 0.401240
vt 0.047799 0.394622
vt 0.035904 0.393547
vt 0.047764 0.388309
vt 0.034593 0.389952
vt 0.048001 0.383185
vt 0.162344 0.299923
vt 0.164055 0.300818
vt 0.163439 0.303594
vt 0.173992 0.306944
vt 0.162603 0.307331
vt 0.119351 0.473372
vt 0.117903 0.472710
vt 0.123829 0.457766
vt 0.211748 0.361010
vt 0.212408 0.363631
vt 0.209747 0.364280
vt 0.214400 0.375109
vt 0.206401 0.366163
vt 0.022334 0.373167
vt 0.027939 0.386662
vt 0.021513 0.384785
vt 0.024275 0.387798
vt 0.021630 0.390568
vt 0.126006 0.292366
vt 0.123511 0.289455
vt 0.130861 0.290137
vt 0.151661 0.476289
vt 0.141619 0.479365
vt 0.143456 0.476256
vt 0.026923 0.417554
vt 0.024095 0.407895
vt 0.025570 0.401372
vt 0.022448 0.399148
vt 0.048050 0.382555
vt 0.037112 0.343323
vt 0.038229 0.342200
vt 0.039172 0.344262
vt 0.039664 0.343006
vt 0.040619 0.346000
vt 0.041167 0.348191
vt 0.040708 0.350403
vt 0.039356 0.353511
vt 0.030082 0.364243
vt 0.204753 0.389201
vt 0.201796 0.391647
vt 0.202558 0.366182
vt 0.200410 0.395220
vt 0.148729 0.301005
vt 0.142331 0.292353
vt 0.151018 0.297930
vt 0.153450 0.295931
vt 0.154518 0.296355
vt 0.107540 0.289902
vt 0.114897 0.289369
vt 0.112345 0.292228
vt 0.178900 0.323330
vt 0.160047 0.310190
vt 0.181014 0.320398
vt 0.164202 0.463297
vt 0.162361 0.471617
vt 0.167030 0.465890
vt 0.170765 0.466781
vt 0.189458 0.427721
vt 0.188398 0.431403
vt 0.177779 0.461809
vt 0.189272 0.435133
vt 0.191857 0.437967
vt 0.192181 0.425020
vt 0.203266 0.402068
vt 0.200945 0.399014
vt 0.119067 0.303308
vt 0.122793 0.302382
vt 0.148234 0.304803
vt 0.125595 0.299766
vt 0.126765 0.296119
vt 0.059060 0.322762
vt 0.057128 0.319455
vt 0.156418 0.311445
vt 0.208530 0.388500
vt 0.206784 0.403608
vt 0.211950 0.409794
vt 0.210610 0.403245
vt 0.213772 0.401070
vt 0.059134 0.326587
vt 0.111785 0.316286
vt 0.182203 0.332794
vt 0.179570 0.330314
vt 0.178380 0.326903
vt 0.185686 0.333786
vt 0.187711 0.336508
vt 0.176632 0.454485
vt 0.173582 0.452157
vt 0.125777 0.456795
vt 0.129044 0.455859
vt 0.162998 0.459661
vt 0.132187 0.454985
vt 0.140954 0.452094
vt 0.141667 0.451818
vt 0.142269 0.451580
vt 0.163722 0.455900
vt 0.117120 0.478996
vt 0.118686 0.478709
vt 0.117295 0.482210
vt 0.178160 0.457999
vt 0.096029 0.291885
vt 0.111512 0.295966
vt 0.084842 0.295237
vt 0.087235 0.297287
vt 0.083770 0.295637
vt 0.085356 0.310094
vt 0.088381 0.307739
vt 0.112609 0.299635
vt 0.089874 0.304213
vt 0.089457 0.300408
vt 0.189402 0.338011
vt 0.191579 0.338634
vt 0.194657 0.339306
vt 0.193812 0.338253
vt 0.196075 0.338471
vt 0.195658 0.336945
vt 0.196751 0.334967
vt 0.196875 0.332712
vt 0.143650 0.472652
vt 0.199276 0.438485
vt 0.197322 0.441356
vt 0.195500 0.439187
vt 0.190027 0.450451
vt 0.181685 0.458603
vt 0.044580 0.327538
vt 0.043536 0.340725
vt 0.043520 0.339083
vt 0.132137 0.317382
vt 0.149655 0.308361
vt 0.152635 0.310779
vt 0.172883 0.429378
vt 0.169781 0.451605
vt 0.158981 0.442510
vt 0.166192 0.452967
vt 0.154602 0.445410
vt 0.145947 0.450007
vt 0.199616 0.424875
vt 0.195880 0.423984
vt 0.046811 0.330652
vt 0.050279 0.332291
vt 0.054109 0.332041
vt 0.057332 0.329965
vt 0.123912 0.457641
vt 0.124215 0.457416
vt 0.115611 0.478491
vt 0.114214 0.482014
vt 0.114189 0.482129
vt 0.049991 0.317397
vt 0.081563 0.310684
vt 0.124160 0.471092
vt 0.122531 0.472660
vt 0.120296 0.474650
vt 0.121746 0.474778
vt 0.120502 0.476224
vt 0.121960 0.477026
vt 0.119916 0.477700
vt 0.123131 0.478960
vt 0.125028 0.480195
vt 0.142157 0.469363
vt 0.139313 0.467130
vt 0.075857 0.299055
vt 0.074695 0.302703
vt 0.074142 0.299909
vt 0.064085 0.305833
vt 0.053828 0.317502
vt 0.115360 0.302308
vt 0.131390 0.480008
vt 0.133172 0.481065
vt 0.127274 0.480487
vt 0.128963 0.481625
vt 0.135757 0.466453
vt 0.132288 0.467487
vt 0.129687 0.469996
vt 0.054818 0.312923
vt 0.075461 0.306453
vt 0.077961 0.309358
vt 0.126311 0.470383
vt 0.163018 0.472919
vt 0.152159 0.477662
vt 0.021192 0.397043
vt 0.023581 0.418722
vt 0.023554 0.418733
vt 0.020677 0.408875
vt 0.176562 0.463958
vt 0.203408 0.433563
vt 0.204735 0.432153
vt 0.215534 0.394904
vt 0.210837 0.354663
vt 0.190128 0.319800
vt 0.156986 0.296346
vt 0.117142 0.288360
vt 0.077490 0.297223
vt 0.044888 0.321401
vt 0.024975 0.356710
vt 0.023154 0.361396
vt 0.025499 0.354279
vt 0.026794 0.350147
vt 0.026775 0.352144
vt 0.038000 0.329363
vt 0.045404 0.320132
vt 0.046363 0.319394
vt 0.053871 0.311859
vt 0.048397 0.317961
vt 0.073483 0.298651
vt 0.079660 0.295990
vt 0.134845 0.526564
vt 0.134932 0.521021
vt 0.134932 0.530769
vt 0.084342 0.293909
vt 0.082099 0.295507
vt 0.107380 0.288494
vt 0.119221 0.287900
vt 0.131049 0.288733
vt 0.122052 0.288666
vt 0.119631 0.288116
vt 0.153974 0.294613
vt 0.159361 0.297136
vt 0.134846 0.515266
vt 0.134934 0.509474
vt 0.134934 0.521021
vt 0.164737 0.299573
vt 0.161343 0.298621
vt 0.184083 0.313175
vt 0.192384 0.321618
vt 0.199603 0.330997
vt 0.193177 0.323647
vt 0.191978 0.321487
vt 0.210396 0.352003
vt 0.211840 0.356956
vt 0.213811 0.363323
vt 0.212050 0.359414
vt 0.216432 0.386778
vt 0.215518 0.397405
vt 0.215599 0.398569
vt 0.214702 0.399735
vt 0.213347 0.410174
vt 0.209707 0.421424
vt 0.202377 0.435843
vt 0.198501 0.442207
vt 0.200678 0.437640
vt 0.182630 0.459711
vt 0.174693 0.465623
vt 0.173225 0.466907
vt 0.172405 0.466577
vt 0.129121 0.483077
vt 0.134769 0.481547
vt 0.137253 0.481603
vt 0.140804 0.481064
vt 0.114169 0.483405
vt 0.117280 0.483671
vt 0.114168 0.483517
vt 0.114166 0.484572
vt 0.117265 0.484958
vt 0.114169 0.484849
vt 0.114194 0.485773
vt 0.117253 0.485882
vt 0.114196 0.485805
vt 0.024643 0.418328
vt 0.024392 0.418418
vt 0.021491 0.408591
vt 0.025718 0.417955
vt 0.025615 0.417991
vt 0.022690 0.408247
vt 0.020668 0.396599
vt 0.020675 0.394610
vt 0.020069 0.384793
vt 0.020973 0.392141
vt 0.020902 0.373001
vt 0.031766 0.339417
vt 0.063276 0.304663
vt 0.095697 0.290507
vt 0.142689 0.290982
vt 0.174823 0.305791
vt 0.205637 0.341174
vt 0.215833 0.374972
vt 0.191097 0.451438
vt 0.139636 0.480837
vt 0.018613 0.396982
vt 0.019444 0.396797
vt 0.018001 0.384929
vt 0.018838 0.384843
vt 0.018852 0.372890
vt 0.019681 0.372904
vt 0.021151 0.361041
vt 0.021962 0.361154
vt 0.024867 0.349555
vt 0.025646 0.349763
vt 0.029944 0.338600
vt 0.030681 0.338899
vt 0.036309 0.328335
vt 0.036993 0.328720
vt 0.043868 0.318911
vt 0.044490 0.319373
vt 0.398553 0.529988
vt 0.399810 0.529262
vt 0.401406 0.536027
vt 0.400136 0.536697
vt 0.402874 0.543953
vt 0.401591 0.544558
vt 0.404193 0.552924
vt 0.402899 0.553454
vt 0.405343 0.562810
vt 0.404040 0.563258
vt 0.406308 0.573465
vt 0.404997 0.573825
vt 0.407073 0.584735
vt 0.405756 0.585001
vt 0.407628 0.596456
vt 0.406306 0.596624
vt 0.407964 0.608456
vt 0.406639 0.608525
vt 0.408077 0.620561
vt 0.406751 0.620529
vt 0.407964 0.632593
vt 0.406639 0.632461
vt 0.407628 0.644378
vt 0.406306 0.644149
vt 0.407073 0.655744
vt 0.405756 0.655420
vt 0.406308 0.666524
vt 0.404997 0.666111
vt 0.405343 0.676562
vt 0.404040 0.676066
vt 0.404193 0.685712
vt 0.402899 0.685139
vt 0.402874 0.693840
vt 0.401592 0.693199
vt 0.401406 0.700826
vt 0.400136 0.700128
vt 0.211546 0.351642
vt 0.212324 0.351450
vt 0.215811 0.363008
vt 0.215005 0.363105
vt 0.217875 0.374901
vt 0.217052 0.374899
vt 0.218486 0.386955
vt 0.217658 0.386853
vt 0.217636 0.398994
vt 0.216815 0.398792
vt 0.215336 0.410843
vt 0.214534 0.410542
vt 0.211621 0.422329
vt 0.210849 0.421933
vt 0.206544 0.433284
vt 0.205814 0.432797
vt 0.200179 0.443548
vt 0.199502 0.442976
vt 0.192619 0.452973
vt 0.192006 0.452322
vt 0.183975 0.461420
vt 0.183433 0.460699
vt 0.174373 0.468767
vt 0.173910 0.467985
vt 0.163952 0.474905
vt 0.163576 0.474073
vt 0.152864 0.479747
vt 0.152580 0.478874
vt 0.141271 0.483221
vt 0.141084 0.482319
vt 0.129343 0.485276
vt 0.129255 0.484357
vt 0.053062 0.310996
vt 0.062585 0.303711
vt 0.072920 0.297623
vt 0.083915 0.292822
vt 0.095412 0.289377
vt 0.107241 0.287339
vt 0.119231 0.286737
vt 0.131206 0.287581
vt 0.142992 0.289858
vt 0.154418 0.293534
vt 0.165316 0.298557
vt 0.175528 0.304852
vt 0.184905 0.312329
vt 0.193309 0.320878
vt 0.200619 0.330374
vt 0.206728 0.340679
vt 0.042811 0.450023
vt 0.042896 0.450144
vt 0.042251 0.450226
vt 0.042442 0.447177
vt 0.042857 0.446320
vt 0.043073 0.447866
vt 0.043046 0.447409
vt 0.042924 0.446442
vt 0.366637 0.509016
vt 0.366637 0.508053
vt 0.366644 0.508506
vt 0.132607 0.534912
vt 0.132690 0.535466
vt 0.132557 0.536374
vt 0.132627 0.536020
vt 0.042917 0.445868
vt 0.197622 0.606616
vt 0.197775 0.606798
vt 0.197445 0.608117
vt 0.042759 0.449898
vt 0.043018 0.448417
vt 0.042636 0.448618
vt 0.042811 0.449211
vt 0.041786 0.448981
vt 0.042731 0.449719
vt 0.040924 0.449919
vt 0.040719 0.448830
vt 0.039534 0.449132
vt 0.039583 0.448252
vt 0.041719 0.447622
vt 0.040823 0.447632
vt 0.039880 0.447262
vt 0.132623 0.538370
vt 0.132269 0.539269
vt 0.132269 0.538037
vt 0.043302 0.445007
vt 0.042792 0.445826
vt 0.042058 0.446321
vt 0.041226 0.446452
vt 0.040398 0.446253
vt 0.041884 0.445417
vt 0.042761 0.445244
vt 0.195585 0.605571
vt 0.196854 0.605871
vt 0.196385 0.606415
vt 0.197018 0.607359
vt 0.197366 0.608251
vt 0.197427 0.608193
vt 0.197315 0.608613
vt 0.040413 0.444964
vt 0.040645 0.445125
vt 0.041089 0.445319
vt 0.038448 0.447296
vt 0.038150 0.447922
vt 0.036894 0.446372
vt 0.039006 0.444992
vt 0.039629 0.445752
vt 0.038150 0.445563
vt 0.038955 0.446552
vt 0.037649 0.445892
vt 0.037426 0.446036
vt 0.039921 0.444371
vt 0.086888 0.462827
vt 0.086477 0.463412
vt 0.086821 0.462788
vt 0.085814 0.463116
vt 0.086378 0.462561
vt 0.085612 0.462215
vt 0.084845 0.462803
vt 0.085087 0.461995
vt 0.084321 0.464142
vt 0.083823 0.463982
vt 0.084049 0.463408
vt 0.085767 0.464100
vt 0.085759 0.464103
vt 0.085837 0.464048
vt 0.084803 0.464212
vt 0.085321 0.463819
vt 0.084567 0.463575
vt 0.084357 0.462664
vt 0.086563 0.463665
vt 0.086668 0.463566
vt 0.087065 0.462974
vt 0.084707 0.461843
vt 0.080394 0.475307
vt 0.079761 0.475605
vt 0.081718 0.470006
vt 0.080785 0.475212
vt 0.081306 0.475125
vt 0.082697 0.470235
vt 0.081813 0.475030
vt 0.083660 0.470123
vt 0.081957 0.474994
vt 0.082474 0.474805
vt 0.084454 0.469687
vt 0.082901 0.474519
vt 0.084956 0.468997
vt 0.083119 0.474245
vt 0.196715 0.597692
vt 0.206599 0.598400
vt 0.206420 0.599690
vt 0.208598 0.598470
vt 0.211708 0.598548
vt 0.211561 0.599848
vt 0.048330 0.382581
vt 0.051578 0.364514
vt 0.366630 0.509286
vt 0.366599 0.513131
vt 0.366599 0.508053
vt 0.195605 0.597551
vt 0.195352 0.598813
vt 0.190107 0.596290
vt 0.189570 0.597378
vt 0.048264 0.384661
vt 0.047919 0.403078
vt 0.049108 0.402787
vt 0.049956 0.402576
vt 0.056704 0.421715
vt 0.060752 0.427952
vt 0.055631 0.422343
vt 0.060520 0.428125
vt 0.059746 0.428694
vt 0.057455 0.421259
vt 0.061451 0.427414
vt 0.205787 0.600709
vt 0.211323 0.600416
vt 0.061155 0.427647
vt 0.213321 0.604030
vt 0.213024 0.604051
vt 0.212901 0.603134
vt 0.060348 0.429531
vt 0.060194 0.429329
vt 0.060996 0.428787
vt 0.061728 0.428424
vt 0.212833 0.598806
vt 0.212543 0.599748
vt 0.213991 0.599601
vt 0.213471 0.600388
vt 0.214943 0.600844
vt 0.214237 0.601390
vt 0.215567 0.602398
vt 0.214743 0.602647
vt 0.215785 0.604088
vt 0.214920 0.604020
vt 0.214602 0.604010
vt 0.212041 0.600591
vt 0.212782 0.601101
vt 0.213398 0.601899
vt 0.213808 0.602905
vt 0.213953 0.604007
vt 0.211404 0.601206
vt 0.212029 0.601632
vt 0.212551 0.602297
vt 0.060675 0.429930
vt 0.061500 0.429419
vt 0.060910 0.430194
vt 0.061928 0.429898
vt 0.211612 0.602214
vt 0.211822 0.602523
vt 0.212153 0.603300
vt 0.212269 0.604145
vt 0.213321 0.625379
vt 0.212269 0.624262
vt 0.215208 0.625501
vt 0.214602 0.625717
vt 0.214127 0.625989
vt 0.190107 0.588777
vt 0.189757 0.596117
vt 0.135668 0.553821
vt 0.135323 0.551172
vt 0.135668 0.533499
vt 0.196715 0.591743
vt 0.208597 0.594291
vt 0.298658 0.531299
vt 0.294509 0.530805
vt 0.295472 0.526574
vt 0.301685 0.511620
vt 0.295565 0.524950
vt 0.295100 0.523401
vt 0.294127 0.522098
vt 0.270034 0.518248
vt 0.271721 0.508053
vt 0.291259 0.520775
vt 0.292751 0.521184
vt 0.295351 0.570540
vt 0.290177 0.553214
vt 0.296486 0.551510
vt 0.290579 0.550806
vt 0.293879 0.533687
vt 0.295351 0.586775
vt 0.287697 0.571436
vt 0.287891 0.569651
vt 0.296486 0.598837
vt 0.286649 0.586597
vt 0.286672 0.585741
vt 0.365989 0.574609
vt 0.365636 0.572859
vt 0.365989 0.564126
vt 0.051550 0.365200
vt 0.060515 0.346953
vt 0.074374 0.332057
vt 0.091951 0.321774
vt 0.111756 0.316978
vt 0.132108 0.318074
vt 0.384418 0.508053
vt 0.384974 0.508455
vt 0.373193 0.525066
vt 0.373749 0.525468
vt 0.367331 0.544580
vt 0.367888 0.544982
vt 0.367331 0.564941
vt 0.367888 0.565343
vt 0.373193 0.584423
vt 0.373749 0.584825
vt 0.384418 0.601371
vt 0.384974 0.601773
vt 0.301685 0.606793
vt 0.292946 0.605752
vt 0.298658 0.605704
vt 0.289919 0.604663
vt 0.287746 0.597796
vt 0.291034 0.521907
vt 0.290909 0.522324
vt 0.269113 0.519626
vt 0.269587 0.520078
vt 0.290577 0.522682
vt 0.270601 0.520304
vt 0.290728 0.522683
vt 0.290786 0.522602
vt 0.269836 0.518859
vt 0.269465 0.519355
vt 0.291095 0.521655
vt 0.094610 0.453002
vt 0.094501 0.453267
vt 0.093656 0.452975
vt 0.291881 0.522595
vt 0.292307 0.521990
vt 0.291536 0.522910
vt 0.091773 0.452013
vt 0.091891 0.452132
vt 0.091595 0.452964
vt 0.091703 0.453077
vt 0.092279 0.452363
vt 0.092059 0.453299
vt 0.293420 0.522736
vt 0.294203 0.523793
vt 0.294577 0.525041
vt 0.294508 0.526349
vt 0.294200 0.526266
vt 0.292770 0.523199
vt 0.293391 0.524049
vt 0.293688 0.525051
vt 0.293637 0.526099
vt 0.292274 0.523417
vt 0.092184 0.451472
vt 0.092910 0.451820
vt 0.092889 0.452660
vt 0.093818 0.452195
vt 0.094815 0.452551
vt 0.092342 0.453449
vt 0.092629 0.453587
vt 0.093357 0.453890
vt 0.094166 0.454160
vt 0.122014 0.457898
vt 0.121974 0.456698
vt 0.121996 0.455876
vt 0.288908 0.553050
vt 0.286881 0.559777
vt 0.287848 0.553080
vt 0.286518 0.582846
vt 0.157965 0.443227
vt 0.286457 0.575226
vt 0.292608 0.533415
vt 0.291572 0.533184
vt 0.101725 0.455025
vt 0.101408 0.456212
vt 0.286497 0.571918
vt 0.286507 0.571374
vt 0.286520 0.570728
vt 0.084444 0.479031
vt 0.084273 0.479692
vt 0.083085 0.479206
vt 0.083129 0.474224
vt 0.083313 0.473848
vt 0.083237 0.474078
vt 0.081812 0.475145
vt 0.132653 0.540324
vt 0.132669 0.539752
vt 0.132785 0.539521
vt 0.078429 0.476372
vt 0.078466 0.477023
vt 0.078297 0.476334
vt 0.078279 0.476326
vt 0.078552 0.476380
vt 0.079768 0.477086
vt 0.078737 0.476340
vt 0.079749 0.476080
vt 0.132818 0.539339
vt 0.132835 0.539309
vt 0.082996 0.474378
vt 0.082430 0.475156
vt 0.366546 0.532640
vt 0.366639 0.532252
vt 0.366639 0.533675
vt 0.083096 0.475089
vt 0.082240 0.476054
vt 0.083231 0.476012
vt 0.082418 0.476932
vt 0.083303 0.476223
vt 0.082895 0.477699
vt 0.083590 0.476767
vt 0.084145 0.477325
vt 0.083626 0.478308
vt 0.084861 0.477625
vt 0.084541 0.478685
vt 0.132835 0.541009
vt 0.081205 0.475859
vt 0.081082 0.476749
vt 0.081413 0.477666
vt 0.082100 0.478503
vt 0.080322 0.478135
vt 0.081278 0.479105
vt 0.082567 0.479943
vt 0.084080 0.480558
vt 0.079263 0.478288
vt 0.080506 0.479449
vt 0.082117 0.480456
vt 0.083978 0.481212
vt 0.089976 0.481916
vt 0.089868 0.482851
vt 0.094152 0.480008
vt 0.095567 0.480792
vt 0.090215 0.480634
vt 0.098056 0.481375
vt 0.093100 0.483591
vt 0.100586 0.481106
vt 0.090549 0.479198
vt 0.115290 0.478256
vt 0.091195 0.471889
vt 0.091201 0.475809
vt 0.114910 0.473806
vt 0.114213 0.475287
vt 0.093183 0.479201
vt 0.093154 0.468479
vt 0.096566 0.466480
vt 0.116258 0.472861
vt 0.114350 0.476915
vt 0.105957 0.475698
vt 0.103998 0.479108
vt 0.105951 0.471777
vt 0.103969 0.468385
vt 0.100530 0.466441
vt 0.091661 0.451384
vt 0.091581 0.449178
vt 0.091820 0.450012
vt 0.089771 0.449073
vt 0.090254 0.449230
vt 0.090737 0.449291
vt 0.079957 0.443847
vt 0.077948 0.444914
vt 0.075673 0.445000
vt 0.075899 0.457441
vt 0.073588 0.444089
vt 0.067661 0.452054
vt 0.072109 0.442363
vt 0.060102 0.445752
vt 0.071533 0.440167
vt 0.053325 0.438622
vt 0.071974 0.437941
vt 0.064114 0.430090
vt 0.204402 0.626800
vt 0.204797 0.627586
vt 0.052204 0.437274
vt 0.063534 0.428427
vt 0.052719 0.437876
vt 0.204374 0.626715
vt 0.204226 0.625734
vt 0.063828 0.429680
vt 0.063638 0.429242
vt 0.052755 0.437919
vt 0.050968 0.438350
vt 0.051075 0.437746
vt 0.051371 0.437723
vt 0.052284 0.437829
vt 0.052663 0.439190
vt 0.052649 0.439202
vt 0.052026 0.439061
vt 0.052056 0.439734
vt 0.051881 0.436929
vt 0.203823 0.626331
vt 0.204064 0.627175
vt 0.203770 0.626515
vt 0.052025 0.439763
vt 0.051620 0.440153
vt 0.051157 0.438961
vt 0.051122 0.439288
vt 0.051027 0.438966
vt 0.058966 0.447004
vt 0.059497 0.446407
vt 0.058575 0.447470
vt 0.067134 0.452774
vt 0.075458 0.458217
vt 0.066671 0.453428
vt 0.075070 0.458921
vt 0.066331 0.453936
vt 0.074785 0.459465
vt 0.047162 0.444436
vt 0.042852 0.449677
vt 0.051704 0.459162
vt 0.071260 0.472911
vt 0.059112 0.465217
vt 0.046665 0.443572
vt 0.046512 0.442634
vt 0.043017 0.445381
vt 0.042977 0.446885
vt 0.200593 0.616362
vt 0.200190 0.616957
vt 0.046728 0.441771
vt 0.197174 0.609282
vt 0.135263 0.509474
vt 0.135263 0.533071
vt 0.135012 0.509494
vt 0.130395 0.561217
vt 0.129625 0.546033
vt 0.032842 0.426445
vt 0.031921 0.430290
vt 0.034888 0.436161
vt 0.035931 0.436844
vt 0.036726 0.439371
vt 0.039779 0.437773
vt 0.043555 0.436655
vt 0.046262 0.433800
vt 0.047183 0.429955
vt 0.046055 0.426143
vt 0.043173 0.423401
vt 0.039324 0.422473
vt 0.035549 0.423590
vt 0.032139 0.431920
vt 0.033156 0.434277
vt 0.035464 0.440120
vt 0.034359 0.440762
vt 0.034410 0.442563
vt 0.033578 0.441198
vt 0.024106 0.420466
vt 0.069568 0.476633
vt 0.019234 0.413903
vt 0.021777 0.421755
vt 0.016697 0.402258
vt 0.016086 0.397714
vt 0.015533 0.390399
vt 0.020344 0.355141
vt 0.015758 0.378486
vt 0.016330 0.373014
vt 0.017369 0.366680
vt 0.022497 0.349092
vt 0.024642 0.344024
vt 0.030206 0.333480
vt 0.402944 0.518696
vt 0.404018 0.521398
vt 0.398109 0.523755
vt 0.404674 0.523332
vt 0.406320 0.529216
vt 0.407397 0.533978
vt 0.407858 0.536267
vt 0.409268 0.544391
vt 0.410254 0.551301
vt 0.410532 0.553477
vt 0.411631 0.563403
vt 0.412423 0.572359
vt 0.412552 0.574035
vt 0.413281 0.585228
vt 0.413809 0.644175
vt 0.413776 0.645057
vt 0.413776 0.595929
vt 0.413809 0.596832
vt 0.414129 0.608690
vt 0.414236 0.620640
vt 0.414129 0.632522
vt 0.410532 0.685433
vt 0.410254 0.687432
vt 0.413281 0.655441
vt 0.412552 0.666168
vt 0.412423 0.667761
vt 0.411631 0.676211
vt 0.409268 0.693711
vt 0.407858 0.700933
vt 0.407397 0.702927
vt 0.399810 0.706571
vt 0.406320 0.707000
vt 0.398109 0.710989
vt 0.404674 0.711831
vt 0.219753 0.370532
vt 0.220364 0.375077
vt 0.220917 0.382391
vt 0.216106 0.417650
vt 0.220692 0.394304
vt 0.220119 0.399776
vt 0.219081 0.406110
vt 0.213953 0.423698
vt 0.211808 0.428767
vt 0.206244 0.439311
vt 0.202223 0.445452
vt 0.199490 0.449139
vt 0.191636 0.458118
vt 0.185611 0.463774
vt 0.182790 0.466128
vt 0.173071 0.473060
vt 0.165083 0.477599
vt 0.162611 0.478819
vt 0.151550 0.483329
vt 0.141832 0.486123
vt 0.140038 0.486528
vt 0.128231 0.488373
vt 0.070380 0.477064
vt 0.081262 0.481991
vt 0.092645 0.485626
vt 0.117209 0.488852
vt 0.116289 0.488838
vt 0.104373 0.487918
vt 0.042157 0.455273
vt 0.049318 0.462396
vt 0.023109 0.425175
vt 0.028270 0.435923
vt 0.033073 0.443742
vt 0.034649 0.446001
vt 0.050694 0.463614
vt 0.060144 0.470910
vt 0.407753 0.707446
vt 0.406100 0.712300
vt 0.413092 0.676503
vt 0.411987 0.685771
vt 0.018735 0.414149
vt 0.016185 0.402447
vt 0.041772 0.455727
vt 0.034227 0.446408
vt 0.070136 0.477626
vt 0.059849 0.471442
vt 0.050352 0.464109
vt 0.027817 0.436280
vt 0.022629 0.425478
vt 0.015242 0.378556
vt 0.015016 0.390529
vt 0.019850 0.355094
vt 0.016861 0.366691
vt 0.404361 0.518202
vt 0.401152 0.515370
vt 0.402560 0.514859
vt 0.024170 0.343922
vt 0.407753 0.528773
vt 0.406100 0.522861
vt 0.410717 0.544024
vt 0.409299 0.535860
vt 0.413092 0.563132
vt 0.411987 0.553156
vt 0.414750 0.585066
vt 0.414017 0.573817
vt 0.415280 0.644307
vt 0.415602 0.632596
vt 0.415709 0.620655
vt 0.415602 0.608644
vt 0.415280 0.596728
vt 0.414750 0.655629
vt 0.414017 0.666410
vt 0.410717 0.694091
vt 0.409299 0.701348
vt 0.221198 0.394453
vt 0.221425 0.382481
vt 0.404361 0.715847
vt 0.404018 0.713345
vt 0.216590 0.417915
vt 0.219580 0.406318
vt 0.206679 0.439684
vt 0.212270 0.429088
vt 0.191998 0.458586
vt 0.199891 0.449562
vt 0.173341 0.473602
vt 0.183108 0.466636
vt 0.151711 0.483923
vt 0.162828 0.479391
vt 0.128277 0.488991
vt 0.140142 0.487137
vt 0.081073 0.482578
vt 0.092513 0.486231
vt 0.104300 0.488535
vt 0.116275 0.489459
vt 0.091714 0.490000
vt 0.425350 0.656739
vt 0.131654 0.492490
vt 0.136212 0.491810
vt 0.142038 0.490644
vt 0.140719 0.490938
vt 0.173853 0.477666
vt 0.163687 0.483155
vt 0.153070 0.487481
vt 0.202282 0.452231
vt 0.201557 0.453155
vt 0.200711 0.454206
vt 0.192941 0.462741
vt 0.184359 0.470327
vt 0.175000 0.476953
vt 0.208187 0.443814
vt 0.213765 0.433822
vt 0.215028 0.431149
vt 0.218263 0.423203
vt 0.218712 0.421932
vt 0.221867 0.410928
vt 0.222553 0.407704
vt 0.223813 0.399659
vt 0.224531 0.388153
vt 0.224533 0.386805
vt 0.417400 0.712454
vt 0.415785 0.716592
vt 0.414644 0.718742
vt 0.224452 0.383159
vt 0.418940 0.707140
vt 0.418137 0.710092
vt 0.420524 0.699979
vt 0.419114 0.706447
vt 0.421811 0.692533
vt 0.421190 0.696341
vt 0.423095 0.683082
vt 0.422969 0.684120
vt 0.424888 0.663925
vt 0.424074 0.673839
vt 0.423638 0.678232
vt 0.425597 0.652094
vt 0.425533 0.653361
vt 0.426283 0.629855
vt 0.426232 0.633023
vt 0.426033 0.641119
vt 0.426271 0.610408
vt 0.426342 0.618330
vt 0.425560 0.587791
vt 0.426009 0.599018
vt 0.426238 0.608360
vt 0.424103 0.566199
vt 0.424921 0.576764
vt 0.425368 0.584080
vt 0.423130 0.556329
vt 0.423667 0.561493
vt 0.418312 0.526644
vt 0.419781 0.533458
vt 0.421146 0.541293
vt 0.422006 0.547171
vt 0.416745 0.520859
vt 0.418182 0.526109
vt 0.414888 0.515671
vt 0.416555 0.520249
vt 0.016884 0.354959
vt 0.017436 0.353288
vt 0.017878 0.352014
vt 0.022275 0.341443
vt 0.413178 0.512295
vt 0.414693 0.515221
vt 0.014330 0.364391
vt 0.012462 0.375673
vt 0.012138 0.379121
vt 0.011823 0.387100
vt 0.011829 0.388448
vt 0.012584 0.399951
vt 0.013109 0.403724
vt 0.014567 0.411215
vt 0.017758 0.422210
vt 0.018211 0.423480
vt 0.028354 0.444062
vt 0.022743 0.434086
vt 0.019745 0.427442
vt 0.035015 0.453385
vt 0.031689 0.448996
vt 0.043662 0.462947
vt 0.035864 0.454433
vt 0.052267 0.470510
vt 0.048296 0.467223
vt 0.062797 0.477819
vt 0.061647 0.477109
vt 0.083612 0.487577
vt 0.072981 0.483280
vt 0.068670 0.481141
vt 0.095974 0.491000
vt 0.094654 0.490710
vt 0.130312 0.492652
vt 0.118854 0.493340
vt 0.116184 0.493322
vt 0.107396 0.492793
vt 0.428556 0.664139
vt 0.427738 0.674103
vt 0.421031 0.712910
vt 0.419408 0.717069
vt 0.214231 0.434336
vt 0.208625 0.444377
vt 0.136292 0.492614
vt 0.140821 0.491738
vt 0.142146 0.491442
vt 0.153233 0.488263
vt 0.163903 0.483915
vt 0.174120 0.478399
vt 0.175273 0.477682
vt 0.184678 0.471024
vt 0.185318 0.470513
vt 0.193302 0.463399
vt 0.201111 0.454821
vt 0.201961 0.453765
vt 0.202686 0.452843
vt 0.215497 0.431654
vt 0.218751 0.423664
vt 0.219202 0.422387
vt 0.222373 0.411328
vt 0.223062 0.408091
vt 0.224329 0.400002
vt 0.415756 0.721942
vt 0.412151 0.721441
vt 0.413900 0.719826
vt 0.417513 0.720319
vt 0.414102 0.719557
vt 0.417716 0.720048
vt 0.418261 0.719230
vt 0.421771 0.710536
vt 0.422579 0.707570
vt 0.422753 0.706874
vt 0.424171 0.700373
vt 0.424840 0.696715
vt 0.425464 0.692890
vt 0.426628 0.684435
vt 0.426754 0.683392
vt 0.427300 0.678513
vt 0.429020 0.656912
vt 0.429204 0.653522
vt 0.429268 0.652250
vt 0.429707 0.641220
vt 0.429907 0.633075
vt 0.429958 0.629899
vt 0.430018 0.618317
vt 0.429946 0.610355
vt 0.429913 0.608288
vt 0.429683 0.598909
vt 0.428589 0.576544
vt 0.429038 0.583887
vt 0.429231 0.587626
vt 0.013800 0.364558
vt 0.022255 0.434602
vt 0.072744 0.484042
vt 0.131711 0.493297
vt 0.130362 0.493460
vt 0.118846 0.494151
vt 0.116154 0.494134
vt 0.107332 0.493602
vt 0.095852 0.491800
vt 0.094525 0.491508
vt 0.091562 0.490793
vt 0.083428 0.488360
vt 0.068405 0.481889
vt 0.062510 0.478553
vt 0.061354 0.477840
vt 0.051927 0.471208
vt 0.047931 0.467901
vt 0.043278 0.463607
vt 0.035442 0.455051
vt 0.034588 0.453997
vt 0.031243 0.449583
vt 0.027894 0.444628
vt 0.019241 0.427923
vt 0.017701 0.423943
vt 0.017245 0.422667
vt 0.014038 0.411617
vt 0.012573 0.404088
vt 0.012046 0.400297
vt 0.011286 0.388736
vt 0.011280 0.387381
vt 0.011597 0.379364
vt 0.011922 0.375897
vt 0.016366 0.355084
vt 0.410950 0.509738
vt 0.414548 0.509182
vt 0.411221 0.509942
vt 0.414821 0.509387
vt 0.415029 0.509564
vt 0.411428 0.510118
vt 0.416787 0.511752
vt 0.418309 0.514691
vt 0.418506 0.515145
vt 0.420181 0.519746
vt 0.420372 0.520359
vt 0.421815 0.525631
vt 0.421947 0.526173
vt 0.423423 0.533022
vt 0.424796 0.540895
vt 0.425660 0.546803
vt 0.426789 0.556007
vt 0.427328 0.561188
vt 0.427768 0.565926
vt 0.132325 0.568838
vt 0.131804 0.564075
vt 0.131877 0.559447
vt 0.137783 0.492766
vt 0.140629 0.492197
vt 0.147476 0.575066
vt 0.146970 0.572130
vt 0.147476 0.564042
vt 0.126777 0.494227
vt 0.131821 0.565433
vt 0.366635 0.574199
vt 0.366213 0.572889
vt 0.366635 0.563191
vt 0.151264 0.489344
vt 0.147895 0.575048
vt 0.147476 0.573255
vt 0.147895 0.564042
vt 0.161546 0.485417
vt 0.164312 0.484148
vt 0.171446 0.480415
vt 0.173474 0.479224
vt 0.148259 0.575049
vt 0.147895 0.573307
vt 0.148259 0.564042
vt 0.182594 0.473076
vt 0.185299 0.470975
vt 0.191027 0.466027
vt 0.131069 0.574162
vt 0.130741 0.571463
vt 0.131069 0.563082
vt 0.198741 0.458084
vt 0.202867 0.453065
vt 0.209111 0.444045
vt 0.211314 0.440286
vt 0.134934 0.513188
vt 0.134994 0.509474
vt 0.134994 0.518424
vt 0.135668 0.539797
vt 0.135835 0.533530
vt 0.135835 0.545012
vt 0.135678 0.541152
vt 0.420629 0.722063
vt 0.414497 0.722330
vt 0.420013 0.722252
vt 0.419703 0.722290
vt 0.425226 0.519007
vt 0.423601 0.514650
vt 0.419830 0.509141
vt 0.421005 0.510228
vt 0.423172 0.513715
vt 0.418823 0.508640
vt 0.413032 0.508578
vt 0.132835 0.552741
vt 0.133144 0.540031
vt 0.133251 0.540428
vt 0.133057 0.538092
vt 0.133070 0.536950
vt 0.132835 0.534875
vt 0.012103 0.374641
vt 0.012948 0.369129
vt 0.366649 0.525187
vt 0.133233 0.548453
vt 0.133170 0.549807
vt 0.011358 0.392486
vt 0.012394 0.403440
vt 0.132073 0.523398
vt 0.131069 0.509474
vt 0.132179 0.521011
vt 0.132084 0.524473
vt 0.132269 0.524840
vt 0.132034 0.532510
vt 0.016012 0.419392
vt 0.132269 0.509474
vt 0.132933 0.513648
vt 0.132979 0.518957
vt 0.133037 0.515000
vt 0.133251 0.519265
vt 0.132963 0.525871
vt 0.133220 0.526599
vt 0.132269 0.534875
vt 0.026353 0.442572
vt 0.129230 0.509474
vt 0.130026 0.512560
vt 0.130355 0.518290
vt 0.130703 0.518508
vt 0.130647 0.522845
vt 0.131032 0.524041
vt 0.131069 0.525397
vt 0.130367 0.536365
vt 0.130679 0.537003
vt 0.129589 0.543077
vt 0.129937 0.543295
vt 0.049653 0.469794
vt 0.367188 0.557406
vt 0.366656 0.567828
vt 0.060510 0.477732
vt 0.134345 0.533484
vt 0.134849 0.534523
vt 0.134971 0.535876
vt 0.134916 0.542579
vt 0.135322 0.542645
vt 0.134914 0.547004
vt 0.135311 0.547490
vt 0.134345 0.555996
vt 0.080643 0.487784
vt 0.132133 0.569443
vt 0.132628 0.572389
vt 0.132133 0.578390
vt 0.089145 0.490564
vt 0.366134 0.574199
vt 0.366621 0.576654
vt 0.366209 0.576683
vt 0.366635 0.579702
vt 0.366134 0.583145
vt 0.366613 0.581061
vt 0.097850 0.492625
vt 0.106759 0.493961
vt 0.367080 0.568288
vt 0.366656 0.576841
vt 0.115754 0.494544
vt 0.211833 0.440518
vt 0.213105 0.441184
vt 0.214886 0.442157
vt 0.209433 0.444366
vt 0.210340 0.445029
vt 0.211700 0.445937
vt 0.203951 0.454178
vt 0.106690 0.494699
vt 0.106516 0.496389
vt 0.115732 0.495281
vt 0.126811 0.494955
vt 0.137869 0.493477
vt 0.140728 0.492902
vt 0.151406 0.490016
vt 0.161723 0.486046
vt 0.171647 0.480990
vt 0.173680 0.479788
vt 0.182815 0.473583
vt 0.191264 0.466476
vt 0.199000 0.458478
vt 0.203145 0.453429
vt 0.199769 0.459291
vt 0.191989 0.467418
vt 0.183503 0.474670
vt 0.174318 0.481026
vt 0.172272 0.482260
vt 0.162268 0.487454
vt 0.151842 0.491539
vt 0.141033 0.494508
vt 0.138136 0.495100
vt 0.126926 0.496625
vt 0.115690 0.496970
vt 0.106276 0.498658
vt 0.115636 0.499240
vt 0.127099 0.498872
vt 0.138528 0.497290
vt 0.141479 0.496677
vt 0.152483 0.493601
vt 0.163073 0.489369
vt 0.173207 0.483992
vt 0.175276 0.482717
vt 0.184544 0.476159
vt 0.193092 0.468710
vt 0.200938 0.460407
vt 0.205174 0.455206
vt 0.021528 0.435072
vt 0.022053 0.434639
vt 0.006940 0.393063
vt 0.007351 0.377819
vt 0.009587 0.377964
vt 0.097001 0.497289
vt 0.097427 0.495039
vt 0.087936 0.495161
vt 0.088546 0.492946
vt 0.085048 0.494311
vt 0.079871 0.490118
vt 0.097733 0.493360
vt 0.091545 0.491209
vt 0.088982 0.491291
vt 0.080434 0.488498
vt 0.072092 0.484975
vt 0.072346 0.484277
vt 0.068388 0.482304
vt 0.079081 0.492281
vt 0.070438 0.488641
vt 0.071404 0.486548
vt 0.065082 0.485936
vt 0.059325 0.479876
vt 0.060192 0.478397
vt 0.049276 0.470417
vt 0.042961 0.463726
vt 0.047914 0.468314
vt 0.058106 0.481837
vt 0.046796 0.473577
vt 0.048246 0.471781
vt 0.039825 0.467259
vt 0.041417 0.465591
vt 0.032237 0.455304
vt 0.042548 0.464317
vt 0.033502 0.454181
vt 0.033964 0.453644
vt 0.031226 0.449996
vt 0.031875 0.458532
vt 0.030455 0.456760
vt 0.022531 0.445227
vt 0.019888 0.440551
vt 0.020087 0.435910
vt 0.024473 0.444006
vt 0.025851 0.443049
vt 0.018055 0.436963
vt 0.011772 0.421083
vt 0.013928 0.420353
vt 0.008013 0.404470
vt 0.010240 0.404076
vt 0.007390 0.399416
vt 0.009187 0.392900
vt 0.010779 0.392692
vt 0.011819 0.403705
vt 0.015456 0.419743
vt 0.011579 0.379779
vt 0.012555 0.404502
vt 0.019224 0.428336
vt 0.011747 0.377845
vt 0.011170 0.377973
vt 0.009950 0.374695
vt 0.010813 0.369072
vt 0.012378 0.369211
vt 0.007722 0.374483
vt 0.011529 0.374752
vt 0.008604 0.368745
vt 0.014554 0.361736
vt 0.013994 0.361779
vt 0.012456 0.361533
vt 0.010284 0.361052
vt 0.023267 0.334751
vt 0.031240 0.322591
vt 0.032519 0.323419
vt 0.425497 0.513160
vt 0.016933 0.347882
vt 0.024637 0.335382
vt 0.029436 0.321294
vt 0.018396 0.348322
vt 0.423319 0.509654
vt 0.018929 0.348349
vt 0.421134 0.508053
vt 0.016348 0.355499
vt 0.427588 0.518471
vt 0.021329 0.333727
vt 0.014864 0.347126
vt 0.007713 0.360495
vt 0.013356 0.347743
vt 0.009156 0.360785
vt 0.026247 0.323584
vt 0.019132 0.335309
vt 0.025209 0.322960
vt 0.112021 0.617194
vt 0.024463 0.322568
vt 0.018018 0.334801
vt 0.017207 0.334485
vt 0.012185 0.347362
vt 0.011334 0.347138
vt 0.151295 0.564042
vt 0.151442 0.569192
vt 0.366165 0.550009
vt 0.366165 0.564126
vt 0.365636 0.555474
vt 0.005953 0.377716
vt 0.003948 0.377685
vt 0.004791 0.377669
vt 0.004826 0.399766
vt 0.009140 0.421441
vt 0.017588 0.441871
vt 0.029851 0.460279
vt 0.045470 0.475960
vt 0.063853 0.488306
vt 0.084298 0.496838
vt 0.106009 0.501334
vt 0.084647 0.495643
vt 0.106163 0.499779
vt 0.064415 0.487202
vt 0.046224 0.474984
vt 0.030769 0.459466
vt 0.018634 0.441250
vt 0.010277 0.421032
vt 0.006008 0.399583
vt 0.197415 0.464486
vt 0.202536 0.458581
vt 0.191954 0.470080
vt 0.180009 0.480162
vt 0.166772 0.488483
vt 0.152444 0.494750
vt 0.137329 0.498784
vt 0.121777 0.500537
vt 0.203432 0.459351
vt 0.204971 0.455525
vt 0.207325 0.452405
vt 0.211792 0.445993
vt 0.212489 0.446434
vt 0.212781 0.446628
vt 0.192740 0.470971
vt 0.121823 0.501742
vt 0.137538 0.499973
vt 0.152813 0.495897
vt 0.167292 0.489564
vt 0.180669 0.481158
vt 0.213498 0.447136
vt 0.204082 0.459958
vt 0.193310 0.471668
vt 0.181148 0.481933
vt 0.167670 0.490404
vt 0.153081 0.496785
vt 0.137690 0.500891
vt 0.121855 0.502671
vt 0.214139 0.445391
vt 0.215394 0.441934
vt 0.214452 0.443467
vt 0.215179 0.443954
vt 0.239903 0.368563
vt 0.236752 0.376077
vt 0.237844 0.369053
vt 0.232479 0.349305
vt 0.236836 0.354992
vt 0.237529 0.355204
vt 0.233374 0.348824
vt 0.233828 0.348571
vt 0.234138 0.348394
vt 0.237149 0.353186
vt 0.234744 0.348027
vt 0.235689 0.347977
vt 0.235188 0.347730
vt 0.235514 0.347474
vt 0.234873 0.345694
vt 0.220727 0.321664
vt 0.220202 0.322147
vt 0.210233 0.307513
vt 0.219769 0.322488
vt 0.219187 0.322913
vt 0.218462 0.323417
vt 0.217618 0.323983
vt 0.202249 0.281432
vt 0.199227 0.277610
vt 0.212012 0.295297
vt 0.182332 0.259278
vt 0.186930 0.263827
vt 0.191129 0.268240
vt 0.232995 0.340344
vt 0.230062 0.332260
vt 0.215256 0.300660
vt 0.218436 0.306368
vt 0.224532 0.318827
vt 0.237856 0.353281
vt 0.531546 0.440788
vt 0.531553 0.440784
vt 0.533300 0.443049
vt 0.520227 0.449435
vt 0.518945 0.450053
vt 0.517947 0.450492
vt 0.517365 0.450675
vt 0.216245 0.452217
vt 0.217382 0.450800
vt 0.218023 0.450394
vt 0.218809 0.450213
vt 0.219642 0.450316
vt 0.221196 0.451037
vt 0.153947 0.503476
vt 0.168918 0.496931
vt 0.182851 0.488167
vt 0.195377 0.477591
vt 0.206499 0.465505
vt 0.121749 0.509474
vt 0.138011 0.507701
vt 0.630290 0.500190
vt 0.630291 0.500069
vt 0.630305 0.499697
vt 0.536741 0.441811
vt 0.536906 0.441703
vt 0.546464 0.455050
vt 0.546312 0.455175
vt 0.557403 0.467207
vt 0.557266 0.467349
vt 0.569751 0.477869
vt 0.569634 0.478028
vt 0.583517 0.486735
vt 0.583423 0.486910
vt 0.598337 0.493401
vt 0.598271 0.493588
vt 0.614144 0.497768
vt 0.614106 0.497963
vt 0.630297 0.499895
vt 0.614077 0.498133
vt 0.598217 0.493752
vt 0.583346 0.487063
vt 0.569537 0.478168
vt 0.557152 0.467475
vt 0.546185 0.455287
vt 0.536604 0.441909
vt 0.614059 0.498253
vt 0.598183 0.493867
vt 0.583297 0.487172
vt 0.569474 0.478268
vt 0.557078 0.467566
vt 0.546103 0.455368
vt 0.536515 0.441980
vt 0.630292 0.500242
vt 0.614056 0.498304
vt 0.598174 0.493917
vt 0.583284 0.487219
vt 0.569456 0.478312
vt 0.557056 0.467607
vt 0.546078 0.455405
vt 0.536488 0.442015
vt 0.535369 0.440586
vt 0.535389 0.440543
vt 0.535457 0.440448
vt 0.535564 0.440315
vt 0.534732 0.440173
vt 0.534743 0.440125
vt 0.533948 0.439985
vt 0.533946 0.439932
vt 0.533114 0.440078
vt 0.533100 0.440027
vt 0.531530 0.440736
vt 0.534785 0.440012
vt 0.533948 0.439810
vt 0.533068 0.439909
vt 0.531473 0.440628
vt 0.534850 0.439853
vt 0.533955 0.439637
vt 0.533024 0.439741
vt 0.531390 0.440476
vt 0.535691 0.440165
vt 0.534930 0.439672
vt 0.533965 0.439440
vt 0.532974 0.439550
vt 0.531294 0.440304
vt 0.531373 0.440463
vt 0.531287 0.440308
vt 0.531527 0.440748
vt 0.531465 0.440632
vt 0.530295 0.438536
vt 0.538613 0.440610
vt 0.536606 0.438309
vt 0.534435 0.437449
vt 0.532085 0.437700
vt 0.742920 0.163464
vt 0.624046 0.497202
vt 0.738254 0.187255
vt 0.740521 0.178941
vt 0.741184 0.173379
vt 0.741203 0.174251
vt 0.741394 0.166585
vt 0.741096 0.170389
vt 0.603412 0.492973
vt 0.584616 0.485028
vt 0.575946 0.479784
vt 0.559700 0.466617
vt 0.545451 0.450441
vt 0.645698 0.497337
vt 0.660284 0.495064
vt 0.681241 0.488268
vt 0.700488 0.477654
vt 0.717344 0.463632
vt 0.725929 0.453960
vt 0.745976 0.415554
vt 0.726328 0.208204
vt 0.712269 0.235490
vt 0.710337 0.239505
vt 0.705386 0.251209
vt 0.737793 0.435668
vt 0.750231 0.394303
vt 0.703007 0.259348
vt 0.701934 0.266630
vt 0.702107 0.273971
vt 0.703730 0.281142
vt 0.706791 0.287914
vt 0.711325 0.294558
vt 0.721994 0.306524
vt 0.729833 0.316409
vt 0.736541 0.327102
vt 0.742026 0.338455
vt 0.746209 0.350276
vt 0.749093 0.362566
vt 0.750410 0.372501
s 1
f 1/1/1 2/3/3 4/2/2
f 1/1/1 3/4/4 2/3/3
f 1/1/1 6/5/5 3/4/4
f 5/6/6 1/1/1 4/2/2
f 1/1/1 5/6/6 9/7/7
f 6/5/5 1/1/1 8/8/8
f 1/1/1 9/7/7 7/9/9
f 1/1/1 7/9/9 8/8/8
f 10/10/10 7/9/9 9/7/7
f 11/11/11 10/10/10 9/7/7
f 5/6/6 11/11/11 9/7/7
f 11/11/11 4/2/2 14/12/12
f 11/11/11 5/6/6 4/2/2
f 12/13/13 13/14/14 11/11/11
f 14/12/12 12/13/13 11/11/11
f 10/10/10 11/11/11 13/14/14
f 4/2/2 15/15/15 14/12/12
f 14/16/12 15/18/15 16/17/16
f 17/19/17 14/16/12 16/17/16
f 12/20/13 14/16/12 17/19/17
f 18/21/18 17/19/17 20/22/19
f 19/23/20 17/19/17 18/21/18
f 19/23/20 12/20/13 17/19/17
f 17/19/17 16/17/16 20/22/19
f 20/22/19 16/17/16 23/24/21
f 18/21/18 20/22/19 21/25/22
f 21/25/22 20/22/19 22/26/23
f 20/22/19 23/24/21 22/26/23
f 16/17/16 26/27/24 23/24/21
f 16/17/16 28/28/25 26/27/24
f 30/29/26 31/31/27 28/30/25
f 30/29/26 28/30/25 15/15/15
f 28/28/25 16/17/16 15/18/15
f 31/31/27 2/3/3 34/32/28
f 2/3/3 31/31/27 30/29/26
f 2/3/3 36/33/29 34/32/28
f 3/4/4 37/34/30 36/33/29
f 2/3/3 3/4/4 36/33/29
f 76/35/31 22/26/23 75/36/32
f 77/37/33 21/25/22 76/35/31
f 77/37/33 76/35/31 78/38/34
f 76/35/31 74/39/34 78/38/34
f 21/25/22 22/26/23 76/35/31
f 77/37/33 78/38/34 79/40/34
f 80/41/34 81/42/35 79/40/34
f 81/42/35 77/37/33 79/40/34
f 81/42/35 80/41/34 82/43/36
f 82/43/36 83/44/37 81/42/35
f 81/42/35 84/45/38 77/37/33
f 83/44/37 84/45/38 81/42/35
f 83/44/37 85/46/39 84/45/38
f 84/45/38 21/25/22 77/37/33
f 85/46/39 18/21/18 84/45/38
f 84/45/38 18/21/18 21/25/22
f 86/47/40 85/46/39 83/44/37
f 85/46/39 19/23/20 18/21/18
f 87/48/41 19/23/20 85/46/39
f 86/47/40 87/48/41 85/46/39
f 89/49/42 87/48/41 86/47/40
f 88/50/43 90/51/44 87/48/41
f 89/49/42 88/50/43 87/48/41
f 87/48/41 90/51/44 19/23/20
f 91/52/45 90/54/44 88/53/43
f 91/52/45 12/13/13 90/54/44
f 90/51/44 12/20/13 19/23/20
f 12/13/13 91/52/45 13/14/14
f 91/52/45 88/53/43 92/55/46
f 94/56/47 91/52/45 92/55/46
f 91/52/45 94/56/47 93/57/48
f 91/52/45 93/57/48 13/14/14
f 94/56/47 92/55/46 98/58/49
f 94/56/47 97/59/50 93/57/48
f 95/60/51 94/56/47 98/58/49
f 96/61/52 94/56/47 95/60/51
f 94/56/47 96/61/52 97/59/50
f 99/62/53 98/58/49 92/55/46
f 100/63/54 98/58/49 99/62/53
f 100/63/54 101/64/55 98/58/49
f 101/64/55 95/60/51 98/58/49
f 101/64/55 102/65/56 95/60/51
f 102/65/56 103/66/57 95/60/51
f 102/65/56 104/67/58 103/66/57
f 106/68/59 104/67/58 105/69/60
f 104/67/58 106/68/59 107/70/61
f 104/67/58 107/70/61 103/66/57
f 96/61/52 107/70/61 106/68/59
f 96/61/52 103/66/57 107/70/61
f 109/71/62 106/68/59 105/69/60
f 108/72/63 96/61/52 106/68/59
f 108/72/63 106/68/59 109/71/62
f 113/73/64 109/71/62 110/74/65
f 110/74/65 109/71/62 111/75/66
f 111/75/66 109/71/62 112/76/67
f 109/71/62 105/69/60 112/76/67
f 113/73/64 108/72/63 109/71/62
f 114/77/68 113/73/64 117/78/69
f 113/73/64 114/77/68 115/79/70
f 113/73/64 115/79/70 118/80/71
f 113/73/64 118/80/71 116/81/72
f 108/72/63 113/73/64 116/81/72
f 113/73/64 120/82/73 117/78/69
f 119/83/74 113/73/64 110/74/65
f 113/73/64 119/83/74 120/82/73
f 121/84/75 124/85/76 120/82/73
f 121/84/75 120/82/73 123/86/77
f 122/87/78 123/86/77 120/82/73
f 122/87/78 120/82/73 119/83/74
f 124/85/76 117/78/69 120/82/73
f 125/88/79 126/89/80 124/85/76
f 125/88/79 124/85/76 121/84/75
f 124/85/76 126/89/80 117/78/69
f 126/89/80 114/77/68 117/78/69
f 126/89/80 127/90/81 114/77/68
f 128/91/82 127/90/81 126/89/80
f 125/88/79 128/91/82 126/89/80
f 125/88/79 130/92/83 128/91/82
f 130/92/83 129/93/84 128/91/82
f 128/91/82 129/93/84 127/90/81
f 125/88/79 136/94/85 130/92/83
f 130/92/83 132/96/87 131/95/86
f 133/97/88 130/92/83 131/95/86
f 130/92/83 133/97/88 129/93/84
f 130/92/83 135/98/89 132/96/87
f 136/94/85 134/99/90 130/92/83
f 134/99/90 135/98/89 130/92/83
f 136/94/85 125/88/79 121/84/75
f 136/94/85 137/100/91 134/99/90
f 137/100/91 136/94/85 138/101/92
f 136/94/85 121/84/75 138/101/92
f 138/101/92 139/103/94 141/102/93
f 140/104/95 139/103/94 138/101/92
f 140/104/95 138/101/92 121/84/75
f 137/100/91 138/101/92 141/102/93
f 139/103/94 142/105/96 141/102/93
f 142/105/96 137/100/91 141/102/93
f 137/100/91 142/105/96 143/106/97
f 139/103/94 143/106/97 142/105/96
f 144/107/98 143/106/97 145/108/99
f 134/99/90 143/106/97 144/107/98
f 137/100/91 143/106/97 134/99/90
f 143/106/97 139/103/94 145/108/99
f 144/107/98 145/108/99 146/109/100
f 147/110/101 144/107/98 146/109/100
f 147/110/101 146/109/100 148/111/102
f 149/112/103 147/110/101 148/111/102
f 150/113/104 147/110/101 149/112/103
f 150/113/104 149/112/103 151/114/105
f 153/115/106 151/114/105 152/116/107
f 153/115/106 150/113/104 151/114/105
f 154/117/108 156/118/109 153/115/106
f 154/117/108 153/115/106 155/119/110
f 155/119/110 153/115/106 152/116/107
f 156/118/109 150/113/104 153/115/106
f 156/118/109 147/110/101 150/113/104
f 134/99/90 147/110/101 156/118/109
f 135/98/89 156/118/109 154/117/108
f 135/98/89 134/99/90 156/118/109
f 157/120/111 155/119/110 152/116/107
f 157/120/111 154/117/108 155/119/110
f 159/121/112 154/117/108 157/120/111
f 157/120/111 152/116/107 158/122/113
f 159/121/112 157/120/111 158/122/113
f 159/121/112 160/123/114 154/117/108
f 159/121/112 158/122/113 160/123/114
f 160/123/114 161/124/115 154/117/108
f 160/123/114 162/125/116 161/124/115
f 160/123/114 163/126/117 162/125/116
f 158/122/113 163/126/117 160/123/114
f 165/127/118 162/125/116 163/126/117
f 158/122/113 164/128/119 163/126/117
f 164/128/119 165/127/118 163/126/117
f 165/127/118 166/129/120 162/125/116
f 166/129/120 167/131/122 168/130/121
f 166/129/120 168/130/121 162/125/116
f 169/132/123 162/125/116 168/130/121
f 171/133/124 169/132/123 168/130/121
f 167/131/122 170/134/125 168/130/121
f 171/133/124 168/130/121 170/134/125
f 172/135/126 171/133/124 170/134/125
f 173/136/127 171/133/124 172/135/126
f 173/136/127 174/137/128 171/133/124
f 174/137/128 169/132/123 171/133/124
f 174/137/128 173/136/127 176/138/129
f 174/137/128 175/139/130 169/132/123
f 175/139/130 174/137/128 177/140/131
f 174/137/128 176/138/129 177/140/131
f 175/139/130 177/140/131 179/141/132
f 177/140/131 176/138/129 178/142/133
f 177/140/131 178/142/133 180/143/134
f 179/141/132 177/140/131 180/143/134
f 180/143/134 178/142/133 182/144/135
f 181/145/136 180/143/134 182/144/135
f 183/146/137 180/143/134 181/145/136
f 179/141/132 180/143/134 183/146/137
f 184/147/138 179/141/132 183/146/137
f 183/146/137 181/145/136 184/147/138
f 184/147/138 181/145/136 185/148/139
f 179/141/132 184/147/138 185/148/139
f 181/145/136 186/149/140 185/148/139
f 185/148/139 186/149/140 189/150/141
f 187/151/142 179/141/132 185/148/139
f 185/148/139 188/152/143 187/151/142
f 188/152/143 185/148/139 189/150/141
f 189/150/141 186/149/140 190/153/144
f 188/152/143 189/150/141 190/153/144
f 191/154/145 190/153/144 192/155/146
f 191/154/145 188/152/143 190/153/144
f 186/149/140 192/155/146 190/153/144
f 191/154/145 192/155/146 194/156/147
f 186/149/140 196/157/148 192/155/146
f 193/158/149 195/159/150 192/155/146
f 196/157/148 193/158/149 192/155/146
f 195/159/150 194/156/147 192/155/146
f 193/158/149 196/157/148 197/160/151
f 200/161/152 197/160/151 196/157/148
f 198/162/153 196/157/148 186/149/140
f 198/162/153 199/163/154 196/157/148
f 199/163/154 200/161/152 196/157/148
f 200/161/152 204/164/155 197/160/151
f 201/165/156 200/161/152 199/163/154
f 200/161/152 201/165/156 203/166/157
f 200/161/152 203/166/157 202/167/158
f 204/164/155 200/161/152 202/167/158
f 204/164/155 207/169/160 205/168/159
f 204/164/155 205/168/159 197/160/151
f 204/164/155 202/167/158 206/170/161
f 207/169/160 204/164/155 206/170/161
f 207/169/160 206/170/161 208/171/162
f 207/169/160 208/171/162 209/172/163
f 207/169/160 209/172/163 205/168/159
f 212/173/164 209/172/163 210/174/165
f 210/174/165 209/172/163 211/175/166
f 208/171/162 211/175/166 209/172/163
f 212/173/164 213/176/167 209/172/163
f 213/176/167 205/168/159 209/172/163
f 213/176/167 212/173/164 214/177/168
f 213/176/167 215/178/169 205/168/159
f 215/178/169 213/176/167 214/177/168
f 215/178/169 193/158/149 197/160/151
f 193/158/149 215/178/169 195/159/150
f 195/159/150 215/178/169 216/179/170
f 215/178/169 197/160/151 205/168/159
f 215/178/169 214/177/168 216/179/170
f 216/179/170 217/181/172 218/180/171
f 214/177/168 217/181/172 216/179/170
f 216/179/170 218/180/171 194/156/147
f 195/159/150 216/179/170 194/156/147
f 218/180/171 219/183/174 221/182/173
f 219/183/174 218/180/171 217/181/172
f 220/184/175 194/156/147 218/180/171
f 222/185/176 220/184/175 218/180/171
f 218/180/171 221/182/173 222/185/176
f 224/186/177 222/185/176 223/187/178
f 221/182/173 223/187/178 222/185/176
f 222/185/176 224/186/177 220/184/175
f 224/186/177 223/187/178 226/188/179
f 224/186/177 225/190/181 227/189/180
f 225/190/181 224/186/177 226/188/179
f 224/186/177 227/189/180 220/184/175
f 227/189/180 191/154/145 194/156/147
f 225/190/181 191/154/145 227/189/180
f 220/184/175 227/189/180 194/156/147
f 226/188/179 223/187/178 132/96/87
f 135/98/89 225/190/181 226/188/179
f 135/98/89 226/188/179 132/96/87
f 225/190/181 135/98/89 191/154/145
f 223/187/178 229/192/183 228/191/182
f 223/187/178 228/191/182 132/96/87
f 230/193/184 229/192/183 223/187/178
f 221/182/173 230/193/184 223/187/178
f 219/183/174 231/194/185 230/193/184
f 219/183/174 230/193/184 221/182/173
f 231/194/185 232/195/186 230/193/184
f 230/193/184 232/195/186 229/192/183
f 231/194/185 233/196/187 232/195/186
f 233/196/187 234/197/188 232/195/186
f 234/197/188 235/198/189 232/195/186
f 235/198/189 237/199/190 232/195/186
f 232/195/186 236/200/191 229/192/183
f 232/195/186 237/199/190 236/200/191
f 235/198/189 238/201/192 237/199/190
f 236/200/191 237/199/190 240/202/193
f 238/201/192 239/203/194 237/199/190
f 240/202/193 237/199/190 239/203/194
f 133/97/88 241/204/195 240/202/193
f 133/97/88 240/202/193 242/205/196
f 236/200/191 240/202/193 241/204/195
f 242/205/196 240/202/193 239/203/194
f 242/205/196 239/203/194 243/206/197
f 129/93/84 242/205/196 127/90/81
f 127/90/81 242/205/196 243/206/197
f 129/93/84 133/97/88 242/205/196
f 244/207/198 115/79/70 243/206/197
f 245/208/199 244/207/198 243/206/197
f 127/90/81 243/206/197 114/77/68
f 243/206/197 115/79/70 114/77/68
f 245/208/199 243/206/197 239/203/194
f 238/201/192 245/208/199 239/203/194
f 246/209/200 245/208/199 238/201/192
f 247/210/201 244/207/198 245/208/199
f 246/209/200 247/210/201 245/208/199
f 248/211/202 249/212/203 247/210/201
f 8/8/8 248/211/202 247/210/201
f 8/8/8 247/210/201 246/209/200
f 247/210/201 249/212/203 244/207/198
f 250/213/204 251/214/205 249/212/203
f 250/213/204 249/212/203 248/211/202
f 249/212/203 251/214/205 244/207/198
f 252/215/206 251/214/205 116/81/72
f 244/207/198 251/214/205 252/215/206
f 251/214/205 253/216/207 116/81/72
f 251/214/205 250/213/204 253/216/207
f 108/72/63 116/81/72 253/216/207
f 250/213/204 97/59/50 253/216/207
f 96/61/52 253/216/207 97/59/50
f 96/61/52 108/72/63 253/216/207
f 116/81/72 118/80/71 252/215/206
f 118/80/71 244/207/198 252/215/206
f 254/217/208 250/213/204 248/211/202
f 250/213/204 254/217/208 97/59/50
f 254/217/208 248/211/202 7/9/9
f 10/10/10 254/217/208 7/9/9
f 254/217/208 93/57/48 97/59/50
f 254/217/208 10/10/10 93/57/48
f 248/211/202 8/8/8 7/9/9
f 255/218/209 8/8/8 246/209/200
f 255/218/209 246/209/200 256/219/210
f 256/219/210 246/209/200 238/201/192
f 257/220/211 256/219/210 234/197/188
f 234/197/188 256/219/210 235/198/189
f 257/220/211 255/218/209 256/219/210
f 256/219/210 238/201/192 235/198/189
f 258/221/212 255/218/209 257/220/211
f 259/222/213 258/221/212 257/220/211
f 259/222/213 257/220/211 260/223/214
f 260/223/214 257/220/211 234/197/188
f 259/222/213 260/223/214 233/196/187
f 260/223/214 234/197/188 233/196/187
f 258/221/212 259/222/213 261/224/215
f 259/222/213 262/225/216 261/224/215
f 259/222/213 233/196/187 262/225/216
f 233/196/187 263/226/217 262/225/216
f 264/227/218 262/225/216 263/226/217
f 264/227/218 265/228/219 262/225/216
f 265/228/219 261/224/215 262/225/216
f 265/228/219 266/229/220 261/224/215
f 579/230/221 580/232/223 581/231/222
f 579/230/221 582/233/224 580/232/223
f 575/234/225 579/230/221 581/231/222
f 594/235/226 595/237/228 584/236/227
f 595/237/228 594/235/226 596/238/229
f 596/238/229 594/235/226 597/239/230
f 593/240/231 597/239/230 594/235/226
f 600/241/232 597/239/230 598/242/233
f 596/238/229 597/239/230 600/241/232
f 603/243/234 600/241/232 601/244/235
f 601/244/235 600/241/232 602/245/236
f 600/241/232 598/242/233 602/245/236
f 603/243/234 596/238/229 600/241/232
f 604/246/237 605/247/238 603/243/234
f 604/246/237 603/243/234 606/248/239
f 606/248/239 603/243/234 601/244/235
f 605/247/238 596/238/229 603/243/234
f 607/249/240 606/248/239 608/250/241
f 607/249/240 604/246/237 606/248/239
f 606/248/239 601/244/235 608/250/241
f 608/250/241 601/244/235 609/251/242
f 609/251/242 607/249/240 608/250/241
f 601/244/235 613/252/243 609/251/242
f 611/253/244 609/251/242 610/254/245
f 610/254/245 609/251/242 613/252/243
f 611/253/244 612/255/246 609/251/242
f 607/249/240 609/251/242 612/255/246
f 598/242/233 614/256/247 613/252/243
f 614/256/247 615/257/248 613/252/243
f 615/257/248 610/254/245 613/252/243
f 598/242/233 613/252/243 602/245/236
f 601/244/235 602/245/236 613/252/243
f 616/258/249 617/259/250 615/257/248
f 618/260/251 616/258/249 615/257/248
f 618/260/251 615/257/248 614/256/247
f 615/257/248 617/259/250 610/254/245
f 621/261/252 618/260/251 614/256/247
f 624/262/253 621/261/252 614/256/247
f 624/262/253 614/256/247 598/242/233
f 656/263/254 658/265/256 659/264/255
f 656/263/254 659/264/255 617/259/250
f 616/258/249 656/263/254 617/259/250
f 658/265/256 661/266/257 659/264/255
f 659/264/255 662/268/259 660/267/258
f 617/259/250 659/264/255 660/267/258
f 659/264/255 661/266/257 662/268/259
f 662/268/259 664/270/261 663/269/260
f 662/268/259 663/269/260 666/271/262
f 664/270/261 662/268/259 665/272/263
f 660/267/258 662/268/259 666/271/262
f 661/266/257 665/272/263 662/268/259
f 666/273/264 669/275/266 667/274/265
f 668/276/267 666/273/264 667/274/265
f 660/267/258 666/271/262 668/277/268
f 666/271/264 663/269/269 669/278/266
f 667/274/265 669/275/266 670/279/270
f 669/278/266 671/281/271 670/280/270
f 669/278/266 672/282/272 671/281/271
f 663/269/269 672/282/272 669/278/266
f 663/269/269 664/270/273 672/282/272
f 664/270/273 673/283/274 672/282/272
f 674/284/275 672/282/272 673/283/274
f 674/284/275 671/281/271 672/282/272
f 675/285/276 674/287/275 673/286/274
f 676/288/277 674/290/275 675/289/276
f 676/288/277 677/291/278 674/290/275
f 677/291/278 671/292/271 674/290/275
f 678/293/279 677/291/278 676/288/277
f 678/293/279 679/294/280 677/291/278
f 679/294/280 680/295/281 677/291/278
f 677/291/278 680/295/281 671/292/271
f 679/294/280 681/296/282 680/295/281
f 682/297/283 680/295/281 681/296/282
f 682/297/283 670/298/270 680/295/281
f 670/298/270 671/292/271 680/295/281
f 684/299/284 682/297/283 683/300/285
f 683/300/285 682/297/283 681/296/282
f 685/301/286 670/298/270 682/297/283
f 684/299/284 685/301/286 682/297/283
f 686/302/287 685/304/286 684/303/284
f 667/274/265 670/279/270 685/304/286
f 686/302/287 667/274/265 685/304/286
f 688/305/288 686/302/287 687/306/289
f 687/306/289 686/302/287 691/307/290
f 688/305/288 689/308/291 686/302/287
f 689/308/291 690/309/292 686/302/287
f 690/309/292 667/274/265 686/302/287
f 691/307/290 686/302/287 684/303/284
f 691/310/290 684/299/284 692/311/293
f 693/312/294 691/310/290 692/311/293
f 694/313/295 691/310/290 693/312/294
f 694/314/295 687/306/289 691/307/290
f 694/313/295 695/316/297 696/315/296
f 695/316/297 694/313/295 693/312/294
f 687/306/289 694/314/295 697/317/298
f 694/314/295 696/318/296 697/317/298
f 698/319/299 699/320/300 697/317/298
f 698/319/299 697/317/298 696/318/296
f 697/317/298 699/320/300 700/321/301
f 688/305/288 697/317/298 700/321/301
f 697/317/298 688/305/288 687/306/289
f 703/322/302 701/324/304 700/323/303
f 688/305/288 700/321/301 701/325/305
f 702/326/306 700/323/303 699/327/307
f 702/328/306 703/330/302 700/329/303
f 703/322/302 705/332/309 704/331/308
f 701/324/304 703/322/302 704/331/308
f 703/322/302 706/333/310 705/332/309
f 706/333/310 703/322/302 702/326/306
f 707/334/311 706/333/310 708/335/312
f 706/333/310 707/334/311 705/332/309
f 702/326/306 709/336/313 706/333/310
f 709/336/313 708/335/312 706/333/310
f 710/337/314 709/336/313 711/338/315
f 709/336/313 710/337/314 708/335/312
f 709/336/313 712/339/316 711/338/315
f 709/336/313 702/326/306 712/339/316
f 699/340/307 713/342/317 712/341/316
f 712/339/316 702/326/306 699/327/307
f 713/342/317 711/343/315 712/341/316
f 698/344/318 714/345/319 713/342/317
f 699/340/307 698/344/318 713/342/317
f 713/342/317 716/346/320 711/343/315
f 714/345/319 715/347/321 713/342/317
f 715/347/321 716/346/320 713/342/317
f 717/348/322 718/349/323 716/346/320
f 715/347/321 717/348/322 716/346/320
f 716/346/320 718/349/323 719/350/324
f 716/346/320 719/350/324 711/343/315
f 710/337/314 711/338/315 719/351/324
f 720/352/325 710/337/314 719/351/324
f 720/352/325 719/351/324 721/353/326
f 718/349/323 721/354/326 719/350/324
f 723/355/327 722/356/328 721/354/326
f 724/357/329 721/353/326 722/358/328
f 724/357/329 720/352/325 721/353/326
f 718/349/323 723/355/327 721/354/326
f 720/352/325 724/357/329 727/359/330
f 725/360/331 724/357/329 722/358/328
f 724/357/329 725/360/331 726/361/332
f 724/357/329 726/361/332 727/359/330
f 728/362/333 729/363/334 727/359/330
f 730/364/335 728/362/333 727/359/330
f 730/364/335 727/359/330 726/361/332
f 720/352/325 727/359/330 729/363/334
f 731/365/336 728/362/333 730/364/335
f 732/366/337 731/365/336 730/364/335
f 732/366/337 730/364/335 733/367/338
f 733/367/338 730/364/335 726/361/332
f 735/368/339 732/366/337 733/367/338
f 734/369/340 733/367/338 736/370/341
f 735/368/339 733/367/338 734/369/340
f 733/367/338 726/361/332 736/370/341
f 577/371/342 574/372/343 736/370/341
f 734/369/340 736/370/341 574/372/343
f 725/360/331 736/370/341 726/361/332
f 725/360/331 577/371/342 736/370/341
f 732/366/337 735/368/339 737/373/344
f 735/368/339 738/374/345 737/373/344
f 735/368/339 739/375/346 738/374/345
f 739/375/346 735/368/339 734/369/340
f 739/375/346 573/376/347 581/231/222
f 739/375/346 581/231/222 738/374/345
f 573/376/347 739/375/346 576/377/348
f 739/375/346 734/369/340 576/377/348
f 738/374/345 740/378/349 737/373/344
f 738/374/345 581/231/222 740/378/349
f 740/378/349 607/249/240 741/379/350
f 607/249/240 740/378/349 604/246/237
f 740/378/349 605/247/238 604/246/237
f 740/378/349 741/379/350 737/373/344
f 581/231/222 742/380/351 740/378/349
f 740/378/349 742/380/351 605/247/238
f 742/380/351 743/381/352 605/247/238
f 742/380/351 580/232/223 743/381/352
f 581/231/222 580/232/223 742/380/351
f 744/382/353 605/247/238 743/381/352
f 582/233/224 743/381/352 580/232/223
f 582/233/224 744/382/353 743/381/352
f 744/382/353 595/237/228 605/247/238
f 741/379/350 607/249/240 745/383/354
f 731/365/336 741/379/350 745/383/354
f 731/365/336 732/366/337 741/379/350
f 732/366/337 737/373/344 741/379/350
f 746/384/355 731/365/336 745/383/354
f 746/384/355 745/383/354 612/255/246
f 607/249/240 612/255/246 745/383/354
f 746/384/355 747/386/357 748/385/356
f 747/386/357 746/384/355 612/255/246
f 731/365/336 746/384/355 728/362/333
f 746/384/355 748/385/356 728/362/333
f 747/386/357 707/334/311 748/385/356
f 728/362/333 748/385/356 729/363/334
f 748/385/356 707/334/311 708/335/312
f 748/385/356 708/335/312 729/363/334
f 747/386/357 705/332/309 707/334/311
f 705/332/309 747/386/357 612/255/246
f 576/377/348 734/369/340 574/372/343
f 710/337/314 729/363/334 708/335/312
f 710/337/314 720/352/325 729/363/334
f 577/371/342 725/360/331 749/387/358
f 749/387/358 725/360/331 750/388/359
f 725/360/331 722/358/328 750/388/359
f 751/389/360 750/390/359 722/356/328
f 751/389/360 752/391/361 750/390/359
f 749/392/358 750/390/359 752/391/361
f 754/393/362 752/391/361 751/389/360
f 753/394/363 749/392/358 752/391/361
f 753/394/363 752/391/361 755/395/364
f 754/393/362 755/395/364 752/391/361
f 756/396/365 755/395/364 754/393/362
f 756/396/365 757/397/366 755/395/364
f 758/398/367 755/395/364 757/397/366
f 758/398/367 753/394/363 755/395/364
f 758/398/367 759/400/369 761/399/368
f 759/400/369 758/398/367 757/397/366
f 753/394/363 758/398/367 760/401/370
f 758/398/367 761/399/368 760/401/370
f 762/402/371 761/399/368 759/400/369
f 765/403/372 762/402/371 759/400/369
f 765/403/372 759/400/369 766/404/373
f 767/405/374 765/403/372 766/404/373
f 768/406/34 767/405/374 766/404/373
f 768/406/34 769/407/34 767/405/374
f 770/408/34 768/406/34 766/404/373
f 770/408/34 771/410/375 773/409/34
f 771/410/375 770/408/34 772/411/376
f 770/408/34 766/404/373 772/411/376
f 771/410/375 774/412/34 773/409/34
f 775/413/377 774/412/34 771/410/375
f 776/414/34 775/413/377 771/410/375
f 776/414/34 771/410/375 778/415/378
f 777/416/34 776/414/34 778/415/378
f 780/417/379 778/415/378 771/410/375
f 777/416/34 778/415/378 779/418/380
f 778/415/378 780/417/379 779/418/380
f 780/417/379 782/420/382 781/419/381
f 780/417/379 781/419/381 779/418/380
f 782/420/382 780/417/379 783/421/383
f 780/417/379 771/410/375 783/421/383
f 771/410/375 784/422/384 783/421/383
f 783/421/383 784/422/384 717/348/322
f 783/421/383 717/348/322 715/347/321
f 785/423/385 782/420/382 783/421/383
f 785/423/385 783/421/383 715/347/321
f 785/423/385 786/424/386 781/419/381
f 782/420/382 785/423/385 781/419/381
f 787/425/387 785/423/385 715/347/321
f 785/423/385 787/425/387 786/424/386
f 787/425/387 714/345/319 786/424/386
f 714/345/319 787/425/387 715/347/321
f 788/426/388 781/419/381 786/424/386
f 695/316/297 788/426/388 786/424/386
f 695/316/297 786/424/386 696/315/296
f 714/345/319 696/315/296 786/424/386
f 788/426/388 789/427/389 781/419/381
f 789/427/389 788/426/388 790/428/390
f 788/426/388 695/316/297 791/429/391
f 788/426/388 791/429/391 790/428/390
f 791/429/391 693/312/294 792/430/392
f 791/429/391 792/430/392 793/431/393
f 790/428/390 791/429/391 793/431/393
f 695/316/297 693/312/294 791/429/391
f 794/432/394 795/433/34 793/431/393
f 793/431/393 792/430/392 794/432/394
f 795/433/34 790/428/390 793/431/393
f 795/433/34 797/434/34 790/428/390
f 794/432/394 796/435/34 795/433/34
f 797/434/34 798/436/34 789/427/389
f 797/434/34 789/427/389 790/428/390
f 798/436/34 779/418/380 789/427/389
f 798/436/34 777/416/34 779/418/380
f 799/437/34 796/435/34 800/438/395
f 796/435/34 801/439/396 800/438/395
f 796/435/34 794/432/394 801/439/396
f 794/432/394 802/440/397 801/439/396
f 802/440/397 803/441/398 801/439/396
f 800/438/395 801/439/396 803/441/398
f 683/300/285 681/296/282 803/441/398
f 802/440/397 683/300/285 803/441/398
f 804/442/399 803/441/398 681/296/282
f 800/438/395 803/441/398 804/442/399
f 806/443/400 804/442/399 805/444/401
f 805/444/401 804/442/399 679/294/280
f 806/443/400 800/438/395 804/442/399
f 804/442/399 681/296/282 679/294/280
f 807/445/402 806/443/400 805/444/401
f 807/445/402 799/437/34 806/443/400
f 799/437/34 800/438/395 806/443/400
f 807/445/402 805/444/401 810/446/403
f 808/447/34 799/437/34 807/445/402
f 808/447/34 807/445/402 809/448/404
f 809/448/404 807/445/402 810/446/403
f 810/446/403 678/293/279 811/449/405
f 812/450/406 810/446/403 811/449/405
f 810/446/403 805/444/401 678/293/279
f 809/448/404 810/446/403 812/450/406
f 813/451/407 812/450/406 814/452/408
f 812/450/406 813/451/407 816/453/409
f 812/450/406 811/449/405 814/452/408
f 815/454/410 809/448/404 812/450/406
f 815/454/410 812/450/406 816/453/409
f 818/455/411 816/457/413 813/456/412
f 817/458/414 815/459/415 816/457/413
f 818/455/411 817/458/414 816/457/413
f 818/455/411 822/461/417 819/460/416
f 818/455/411 819/460/416 821/462/418
f 820/463/419 818/455/411 821/462/418
f 817/458/414 818/455/411 820/463/419
f 822/461/417 818/455/411 813/456/412
f 814/452/408 819/465/421 822/464/420
f 813/451/407 814/452/408 822/464/420
f 821/462/422 823/466/424 820/463/423
f 821/462/422 824/467/425 823/466/424
f 824/467/425 821/462/422 819/460/421
f 824/467/425 825/468/426 823/466/424
f 824/467/425 826/469/427 825/468/426
f 819/465/421 814/452/408 824/470/425
f 814/452/408 826/471/427 824/470/425
f 811/449/405 676/288/277 826/471/427
f 826/469/427 676/472/277 675/285/276
f 814/452/408 811/449/405 826/471/427
f 826/469/427 675/285/276 825/468/426
f 825/468/426 828/474/429 827/473/428
f 823/466/424 825/468/426 827/473/428
f 825/468/426 675/285/276 828/474/429
f 828/474/429 832/476/431 829/475/430
f 827/473/428 828/474/429 829/475/430
f 675/285/276 673/286/274 828/474/429
f 830/477/432 828/478/429 673/283/274
f 830/477/432 831/479/433 828/478/429
f 828/474/429 831/480/433 832/476/431
f 834/481/434 829/475/430 832/476/431
f 832/482/431 831/479/436 835/483/435
f 833/484/437 832/482/431 836/485/438
f 833/486/437 834/481/434 832/476/431
f 832/482/431 835/483/435 836/485/438
f 839/487/439 837/488/440 836/485/438
f 836/485/438 837/488/440 833/484/437
f 836/485/438 835/483/435 838/489/441
f 838/489/441 839/487/439 836/485/438
f 838/489/441 840/490/442 839/487/439
f 840/490/442 841/491/443 839/487/439
f 839/487/439 841/491/443 837/488/440
f 841/491/443 842/492/444 837/488/440
f 845/493/445 842/492/444 841/491/443
f 840/490/442 844/494/446 841/491/443
f 845/493/445 841/491/443 843/495/447
f 844/494/446 843/495/447 841/491/443
f 848/496/448 842/492/444 845/493/445
f 846/497/449 845/493/445 843/495/447
f 847/498/450 845/493/445 846/497/449
f 847/498/450 848/496/448 845/493/445
f 851/499/451 849/500/452 848/496/448
f 848/496/448 849/500/452 842/492/444
f 850/501/453 851/499/451 848/496/448
f 850/501/453 848/496/448 847/498/450
f 851/499/451 854/502/454 849/500/452
f 852/503/455 851/499/451 850/501/453
f 853/504/456 851/499/451 852/503/455
f 853/504/456 854/502/454 851/499/451
f 855/505/457 849/500/452 854/502/454
f 855/505/457 854/502/454 856/506/458
f 854/502/454 857/507/459 856/506/458
f 857/507/459 854/502/454 853/504/456
f 857/507/459 859/509/461 858/508/460
f 860/510/462 857/507/459 858/508/460
f 857/507/459 861/511/463 859/509/461
f 857/507/459 860/510/462 862/512/464
f 861/511/463 857/507/459 853/504/456
f 857/507/459 862/512/464 856/506/458
f 856/506/458 862/512/464 863/513/465
f 863/514/466 862/516/468 865/515/467
f 860/510/462 864/517/469 862/512/464
f 862/516/468 864/519/471 866/518/470
f 865/515/467 862/516/468 866/518/470
f 865/520/472 866/522/474 868/521/473
f 866/522/474 867/523/475 868/521/473
f 864/519/471 867/524/476 866/518/470
f 871/525/477 868/527/479 869/526/478
f 867/523/475 869/528/480 868/521/473
f 872/529/481 870/530/482 868/527/479
f 865/520/472 868/521/473 870/531/483
f 871/525/477 872/529/481 868/527/479
f 874/532/484 873/534/486 872/533/485
f 872/529/481 873/535/487 870/530/482
f 871/536/488 874/532/484 872/533/485
f 874/532/484 878/537/489 873/534/486
f 875/538/490 879/539/491 874/532/484
f 876/540/492 875/538/490 874/532/484
f 874/532/484 880/541/493 876/540/492
f 874/532/484 871/536/488 877/542/494
f 874/532/484 877/542/494 880/541/493
f 874/532/484 879/539/491 878/537/489
f 880/541/493 884/543/495 876/540/492
f 882/544/496 880/541/493 881/545/497
f 877/542/494 881/545/497 880/541/493
f 882/544/496 883/546/498 880/541/493
f 883/546/498 884/543/495 880/541/493
f 884/543/495 886/548/500 885/547/499
f 887/549/501 884/543/495 885/547/499
f 883/546/498 886/548/500 884/543/495
f 876/540/492 884/543/495 887/549/501
f 887/550/501 885/552/499 888/551/502
f 889/553/503 887/550/501 888/551/502
f 875/554/490 887/550/501 889/553/503
f 875/538/490 876/540/492 887/549/501
f 889/553/503 888/551/502 892/555/504
f 891/556/505 889/553/503 890/557/506
f 890/557/506 889/553/503 892/555/504
f 891/556/505 875/554/490 889/553/503
f 892/555/504 895/559/508 893/558/507
f 894/560/509 892/555/504 893/558/507
f 890/557/506 892/555/504 894/560/509
f 892/555/504 888/551/502 895/559/508
f 893/558/507 895/559/508 897/561/510
f 888/551/502 896/562/511 895/559/508
f 895/559/508 896/562/511 898/563/512
f 895/559/508 898/563/512 897/561/510
f 898/563/512 900/565/514 899/564/513
f 897/561/510 898/563/512 899/564/513
f 898/563/512 901/566/515 900/565/514
f 896/562/511 901/566/515 898/563/512
f 903/567/516 902/568/517 901/566/515
f 901/566/515 902/568/517 904/569/518
f 896/562/511 903/567/516 901/566/515
f 901/566/515 904/569/518 900/565/514
f 904/569/518 906/571/520 905/570/519
f 900/565/514 904/569/518 905/570/519
f 904/569/518 907/572/521 906/571/520
f 902/568/517 907/572/521 904/569/518
f 907/572/521 908/574/523 910/573/522
f 908/574/524 907/572/521 909/575/525
f 911/576/526 909/575/525 907/572/521
f 907/572/521 910/573/522 906/571/520
f 902/568/517 911/576/526 907/572/521
f 903/567/516 911/576/526 902/568/517
f 913/577/527 911/579/526 912/578/528
f 911/576/526 903/567/516 912/580/528
f 911/579/526 913/577/527 914/581/529
f 915/582/530 911/579/526 914/581/529
f 911/579/526 915/582/530 909/583/525
f 915/584/530 914/586/529 916/585/531
f 918/587/532 915/584/530 916/585/531
f 919/588/533 909/583/525 915/582/530
f 917/589/534 919/590/533 915/584/530
f 917/589/534 915/584/530 918/587/532
f 919/588/533 908/591/524 909/583/525
f 920/592/535 908/591/524 919/588/533
f 920/593/535 919/590/533 917/589/534
f 926/594/536 920/596/535 921/595/537
f 921/595/537 920/596/535 923/597/538
f 920/593/535 927/599/540 922/598/539
f 920/593/535 922/598/539 925/600/541
f 923/601/538 920/593/535 925/600/541
f 924/602/542 908/604/524 920/603/535
f 926/594/536 924/605/542 920/596/535
f 927/599/540 920/593/535 917/589/534
f 927/599/540 933/607/544 928/606/543
f 932/608/545 927/599/540 928/606/543
f 927/599/540 929/609/546 922/598/539
f 927/599/540 932/608/545 929/609/546
f 927/599/540 917/589/534 930/610/547
f 931/611/548 927/599/540 930/610/547
f 927/599/540 931/611/548 933/607/544
f 931/611/549 934/612/551 933/607/550
f 934/612/551 935/613/552 933/607/550
f 935/613/552 928/606/553 933/607/550
f 935/613/554 934/612/556 937/614/555
f 929/615/557 932/617/558 935/616/552
f 929/615/557 935/616/552 936/618/559
f 940/619/560 936/620/561 935/613/554
f 935/613/552 932/608/558 928/606/553
f 935/613/554 937/614/555 938/621/562
f 939/622/563 935/613/554 938/621/562
f 939/622/563 940/619/560 935/613/554
f 939/623/564 941/625/566 940/624/565
f 941/625/566 942/626/567 940/624/565
f 940/619/560 942/627/568 936/620/561
f 941/625/566 943/628/569 942/626/567
f 943/628/569 944/629/570 942/626/567
f 942/627/568 944/631/572 945/630/571
f 942/627/568 945/630/571 936/620/561
f 944/631/572 946/632/573 945/630/571
f 929/615/557 945/634/575 946/633/574
f 945/634/575 929/615/557 936/618/559
f 922/635/576 929/615/557 946/633/574
f 922/635/576 946/633/574 948/636/577
f 944/631/572 947/637/578 946/632/573
f 947/637/578 948/638/579 946/632/573
f 949/639/580 948/636/579 947/640/578
f 923/597/581 948/636/577 949/639/582
f 923/597/581 925/641/583 948/636/577
f 925/641/583 922/635/576 948/636/577
f 921/595/584 949/639/582 950/642/585
f 921/595/584 923/597/581 949/639/582
f 949/639/582 951/643/586 950/642/585
f 949/639/582 952/644/587 951/643/586
f 952/644/588 949/639/580 953/645/589
f 949/639/580 947/640/578 953/645/589
f 953/646/590 947/648/592 954/647/591
f 953/646/590 954/647/591 958/649/593
f 953/645/589 955/651/595 957/650/594
f 955/652/596 953/646/590 958/649/593
f 953/645/589 957/650/594 956/653/597
f 952/644/588 953/645/589 956/653/597
f 959/654/598 958/649/600 960/655/599
f 958/649/600 961/656/601 960/655/599
f 958/649/600 962/657/602 961/656/601
f 962/657/602 958/649/600 963/658/603
f 958/649/600 964/659/604 963/658/603
f 958/649/593 954/647/591 964/659/605
f 965/660/606 964/662/608 954/661/607
f 965/660/606 967/664/610 966/663/609
f 967/664/610 965/660/606 954/661/607
f 967/664/610 954/661/607 968/665/611
f 972/666/612 967/664/610 968/665/611
f 967/664/610 969/667/613 966/663/609
f 971/668/614 969/667/613 967/664/610
f 970/669/615 971/668/614 967/664/610
f 970/669/615 967/664/610 972/666/612
f 972/670/612 968/672/611 975/671/616
f 973/673/617 976/674/618 972/670/612
f 974/675/619 973/673/617 972/670/612
f 943/676/620 972/670/612 975/671/616
f 974/675/619 972/670/612 943/676/620
f 976/674/618 970/677/615 972/670/612
f 943/628/569 975/678/621 944/629/570
f 975/678/621 947/648/592 944/629/570
f 975/678/621 968/679/622 947/648/592
f 977/680/623 979/681/624 974/675/619
f 941/682/625 977/680/623 974/675/619
f 974/675/619 980/684/627 978/683/626
f 973/603/617 974/686/619 978/685/626
f 941/682/625 974/675/619 943/676/620
f 974/675/619 979/681/624 980/684/627
f 979/681/624 981/687/628 980/684/627
f 981/687/628 982/688/629 980/684/627
f 983/689/630 980/684/627 982/688/629
f 983/689/630 978/683/626 980/684/627
f 978/683/626 983/689/630 973/673/617
f 984/690/631 983/689/630 982/688/629
f 984/690/631 982/688/629 985/691/632
f 986/692/633 984/690/631 985/691/632
f 986/692/633 985/691/632 988/693/634
f 987/694/635 986/692/633 988/693/634
f 986/692/633 987/694/635 989/695/636
f 987/694/635 990/696/637 989/695/636
f 990/696/637 987/694/635 988/693/634
f 990/696/637 988/693/634 985/691/632
f 992/697/638 990/696/637 985/691/632
f 991/698/639 990/696/637 992/697/638
f 995/699/640 993/700/641 992/697/638
f 991/698/639 992/697/638 993/700/641
f 994/701/642 995/699/640 992/697/638
f 994/701/642 992/697/638 997/702/643
f 992/697/638 985/691/632 996/703/644
f 997/702/643 992/697/638 996/703/644
f 998/704/645 997/702/643 996/703/644
f 997/702/643 998/704/645 999/705/646
f 999/705/646 994/701/642 997/702/643
f 1000/706/647 1002/707/648 999/705/646
f 1001/708/649 1000/706/647 999/705/646
f 1001/708/649 999/705/646 998/704/645
f 1002/707/648 994/701/642 999/705/646
f 1000/706/647 1003/709/650 1002/707/648
f 1003/709/650 1004/710/651 1002/707/648
f 1002/707/648 1004/710/651 994/701/642
f 1003/709/650 1006/711/652 1004/710/651
f 1004/710/651 1005/712/653 995/699/640
f 1006/711/652 1005/712/653 1004/710/651
f 1004/710/651 995/699/640 994/701/642
f 1003/709/650 1009/713/654 1006/711/652
f 1006/711/652 1007/715/656 1008/714/655
f 1009/713/654 1007/715/656 1006/711/652
f 1005/712/653 1006/711/652 1008/714/655
f 1009/713/654 1000/706/647 1010/716/657
f 1011/717/658 1009/713/654 1010/716/657
f 1009/713/654 1011/717/658 1007/715/656
f 1009/713/654 1003/709/650 1000/706/647
f 1011/717/658 1012/719/660 1016/718/659
f 1012/719/660 1011/717/658 1015/720/661
f 1011/717/658 1014/722/663 1013/721/662
f 1011/717/658 1013/721/662 1015/720/661
f 1014/722/663 1011/717/658 1010/716/657
f 1011/717/658 1016/718/659 1007/715/656
f 1012/719/660 1017/723/664 1016/718/659
f 1017/723/664 1018/724/665 1016/718/659
f 1018/724/665 1007/715/656 1016/718/659
f 1017/723/664 1019/725/666 1018/724/665
f 1019/725/666 1020/726/667 1018/724/665
f 1018/724/665 1020/726/667 1007/715/656
f 1019/725/666 1023/727/668 1020/726/667
f 1020/726/667 1021/729/670 1022/728/669
f 1023/727/668 1021/729/670 1020/726/667
f 1020/726/667 1022/728/669 1007/715/656
f 1023/727/668 1024/730/671 1021/729/670
f 1023/727/668 1025/731/672 1024/730/671
f 1027/732/673 1025/731/672 1023/727/668
f 1026/733/674 1023/727/668 1019/725/666
f 1026/733/674 1027/732/673 1023/727/668
f 1027/732/673 1028/734/675 1025/731/672
f 1029/735/676 1028/734/675 1027/732/673
f 1030/736/677 1027/732/673 1026/733/674
f 1030/736/677 1029/735/676 1027/732/673
f 1030/736/677 1032/738/679 1031/737/678
f 1030/736/677 1031/737/678 1033/739/680
f 1032/738/679 1030/736/677 1034/740/681
f 1029/735/676 1030/736/677 1033/739/680
f 1034/740/681 1030/736/677 1026/733/674
f 1035/741/682 1034/740/681 1036/742/683
f 1032/738/679 1034/740/681 1035/741/682
f 1034/740/681 1026/733/674 1037/743/684
f 1034/740/681 1037/743/684 1036/742/683
f 1037/743/684 1019/725/666 1012/719/660
f 1036/742/683 1037/743/684 1012/719/660
f 1037/743/684 1026/733/674 1019/725/666
f 1036/742/683 1012/719/660 1015/720/661
f 1038/744/685 1036/742/683 1015/720/661
f 1035/741/682 1036/742/683 1038/744/685
f 1039/745/686 1038/744/685 1040/746/687
f 1041/747/688 1038/744/685 1039/745/686
f 1038/744/685 1015/720/661 1040/746/687
f 1041/747/688 1035/741/682 1038/744/685
f 1041/747/688 1032/738/679 1035/741/682
f 1032/738/679 1041/747/688 1043/748/689
f 1041/747/688 1044/750/691 1042/749/690
f 1041/747/688 1042/749/690 1043/748/689
f 1044/750/691 1041/747/688 1039/745/686
f 1045/751/692 1042/749/690 1044/750/691
f 1045/751/692 1044/750/691 1039/745/686
f 1046/752/693 1042/749/690 1045/751/692
f 1045/751/692 1039/745/686 1040/746/687
f 1048/753/694 1045/751/692 1040/746/687
f 1047/754/695 1046/752/693 1045/751/692
f 1047/754/695 1045/751/692 1048/753/694
f 1050/755/696 1047/754/695 1048/753/694
f 1048/753/694 1040/746/687 1013/721/662
f 1049/756/697 1048/753/694 1013/721/662
f 1050/755/696 1048/753/694 1049/756/697
f 1047/754/695 1050/755/696 1052/757/698
f 1051/758/699 860/510/462 1050/755/696
f 1051/758/699 1050/755/696 1049/756/697
f 1052/757/698 1050/755/696 858/508/460
f 860/510/462 858/508/460 1050/755/696
f 1052/757/698 1053/759/700 1047/754/695
f 1053/759/700 1052/757/698 858/508/460
f 1053/759/700 1055/760/701 1047/754/695
f 1053/759/700 858/508/460 1054/761/702
f 1056/762/703 1053/759/700 1054/761/702
f 1053/759/700 1056/762/703 1055/760/701
f 1057/763/704 1056/762/703 1054/761/702
f 1057/763/704 1058/764/705 1056/762/703
f 1056/762/703 1058/764/705 1046/752/693
f 1056/762/703 1046/752/693 1055/760/701
f 1058/764/705 1059/766/707 1060/765/706
f 1058/764/705 1057/763/704 1059/766/707
f 1058/764/705 1060/765/706 1046/752/693
f 1060/765/706 1061/767/708 1031/737/678
f 1060/765/706 1031/737/678 1043/748/689
f 1061/767/708 1060/765/706 1059/766/707
f 1046/752/693 1060/765/706 1042/749/690
f 1042/749/690 1060/765/706 1043/748/689
f 1031/737/678 1061/767/708 1063/768/709
f 1057/763/704 1062/769/710 1061/767/708
f 1057/763/704 1061/767/708 1059/766/707
f 1062/769/710 1063/768/709 1061/767/708
f 1062/769/710 1064/770/711 1063/768/709
f 1064/770/711 1065/771/712 1063/768/709
f 1031/737/678 1063/768/709 1065/771/712
f 1065/771/712 1064/770/711 1068/772/713
f 1033/739/680 1031/737/678 1065/771/712
f 1033/739/680 1065/771/712 1066/773/714
f 1066/773/714 1065/771/712 1067/774/715
f 1065/771/712 1068/772/713 1067/774/715
f 1067/774/715 1068/772/713 1069/775/716
f 1071/776/717 1068/772/713 1064/770/711
f 1068/772/713 1070/777/718 1069/775/716
f 1072/778/719 1070/777/718 1068/772/713
f 1071/776/717 1072/778/719 1068/772/713
f 1071/776/717 1074/779/720 1072/778/719
f 1072/778/719 1073/780/721 1070/777/718
f 1074/779/720 1073/780/721 1072/778/719
f 1071/776/717 1076/781/722 1074/779/720
f 1075/782/723 1074/779/720 1077/783/724
f 1074/779/720 1075/782/723 1073/780/721
f 1076/781/722 1078/784/725 1074/779/720
f 1074/779/720 1078/784/725 1077/783/724
f 1076/781/722 852/503/455 1078/784/725
f 1077/783/724 1078/784/725 1079/785/726
f 852/503/455 850/501/453 1078/784/725
f 1078/784/725 850/501/453 1080/786/727
f 1078/784/725 1080/786/727 1079/785/726
f 1080/786/727 847/498/450 1081/787/728
f 1079/785/726 1080/786/727 1081/787/728
f 1080/786/727 850/501/453 847/498/450
f 1079/785/726 1081/787/728 1082/788/729
f 1082/788/729 1081/787/728 1083/789/730
f 1081/787/728 846/497/449 1083/789/730
f 1081/787/728 847/498/450 846/497/449
f 1085/790/731 1084/791/732 1083/789/730
f 1082/788/729 1083/789/730 1084/791/732
f 1086/792/733 1085/790/731 1083/789/730
f 1086/792/733 1083/789/730 1087/793/734
f 1083/789/730 1088/794/735 1087/793/734
f 1083/789/730 846/497/449 1088/794/735
f 1087/793/734 1088/794/735 844/494/446
f 846/497/449 843/495/447 1088/794/735
f 844/494/446 1088/794/735 843/495/447
f 1086/792/733 1087/793/734 844/494/446
f 1089/795/736 1086/792/733 1090/796/737
f 1085/790/731 1086/792/733 1089/795/736
f 1086/792/733 844/494/446 1090/796/737
f 1091/797/738 1090/796/737 844/494/446
f 1091/797/738 1092/798/739 1090/796/737
f 1092/798/739 1089/795/736 1090/796/737
f 1093/799/740 1092/798/739 1095/800/741
f 1092/798/739 1093/799/740 1094/801/742
f 1092/798/739 1094/801/742 1089/795/736
f 1092/798/739 1091/797/738 1096/802/743
f 1092/798/739 1096/802/743 1095/800/741
f 1099/803/744 1096/802/743 1097/804/745
f 1091/797/738 1097/804/745 1096/802/743
f 1098/805/746 1095/800/741 1096/802/743
f 1099/803/744 1098/805/746 1096/802/743
f 1100/806/747 1099/803/744 1097/804/745
f 1099/803/744 1100/806/747 1101/807/748
f 1098/805/746 1099/803/744 1101/807/748
f 664/270/261 665/272/263 1101/807/748
f 830/477/749 664/270/261 1101/807/748
f 830/477/749 1101/807/748 1100/806/747
f 665/272/263 661/266/257 1101/807/748
f 661/266/257 1098/805/746 1101/807/748
f 831/479/436 830/477/749 1100/806/747
f 831/479/436 1100/806/747 1097/804/745
f 1098/805/746 1103/808/750 1095/800/741
f 661/266/257 1102/809/751 1098/805/746
f 1102/809/751 1103/808/750 1098/805/746
f 1104/810/752 1105/811/753 1103/808/750
f 1102/809/751 1104/810/752 1103/808/750
f 1103/808/750 1093/799/740 1095/800/741
f 1103/808/750 1105/811/753 1093/799/740
f 1104/810/752 1106/812/754 1105/811/753
f 1105/811/753 1106/812/754 1108/813/755
f 1093/799/740 1105/811/753 1107/814/756
f 1105/811/753 1108/813/755 1107/814/756
f 1107/814/756 1108/813/755 1112/815/757
f 1114/816/758 1112/815/757 1113/817/759
f 1107/814/756 1112/815/757 1114/816/758
f 1115/818/760 1107/814/756 1114/816/758
f 1115/818/760 1114/816/758 1116/819/761
f 1114/816/758 1113/817/759 1117/820/762
f 1116/819/761 1114/816/758 1117/820/762
f 1118/821/763 1120/822/764 1117/820/762
f 1118/821/763 1117/820/762 1113/817/759
f 1120/822/764 1119/823/765 1117/820/762
f 1116/819/761 1117/820/762 1119/823/765
f 1120/822/764 1118/821/763 1121/824/766
f 1120/822/764 1123/825/767 1119/823/765
f 1120/822/764 1121/824/766 1122/826/768
f 1123/825/767 1120/822/764 1122/826/768
f 1123/825/767 1126/828/770 1124/827/769
f 1123/825/767 1124/827/769 1119/823/765
f 1123/825/767 1122/826/768 1125/829/771
f 1126/828/770 1123/825/767 1125/829/771
f 1127/830/772 1126/828/770 1125/829/771
f 1127/830/772 1129/831/773 1126/828/770
f 1126/828/770 1128/832/774 1124/827/769
f 1126/828/770 1085/790/731 1128/832/774
f 1085/790/731 1126/828/770 1084/791/732
f 1129/831/773 1084/791/732 1126/828/770
f 1129/831/773 1082/788/729 1084/791/732
f 1130/833/775 1082/788/729 1129/831/773
f 1127/830/772 1130/833/775 1129/831/773
f 1131/834/776 1130/833/775 1127/830/772
f 1132/835/777 1130/833/775 1131/834/776
f 1132/835/777 1077/783/724 1130/833/775
f 1077/783/724 1079/785/726 1130/833/775
f 1130/833/775 1079/785/726 1082/788/729
f 1133/836/778 1132/835/777 1131/834/776
f 1134/837/779 1132/835/777 1133/836/778
f 1075/782/723 1077/783/724 1132/835/777
f 1134/837/779 1075/782/723 1132/835/777
f 1135/838/780 1075/782/723 1134/837/779
f 1137/839/781 1135/838/780 1134/837/779
f 1136/840/782 1134/837/779 1133/836/778
f 1137/839/781 1134/837/779 1136/840/782
f 1138/841/783 1135/838/780 1137/839/781
f 1141/842/784 1138/841/783 1137/839/781
f 1141/842/784 1137/839/781 1139/843/785
f 1139/843/785 1137/839/781 1140/844/786
f 1140/844/786 1137/839/781 1136/840/782
f 1141/842/784 1142/845/787 1138/841/783
f 1144/846/788 1142/845/787 1141/842/784
f 1143/847/789 1141/842/784 1139/843/785
f 1143/847/789 1144/846/788 1141/842/784
f 1144/846/788 1145/848/790 1142/845/787
f 1121/824/766 1171/850/792 1172/849/791
f 1118/821/763 1171/850/792 1121/824/766
f 1179/851/793 1133/836/778 1178/852/794
f 1180/853/795 1133/836/778 1179/851/793
f 1181/854/796 1136/840/782 1180/853/795
f 1136/840/782 1133/836/778 1180/853/795
f 1140/844/786 1136/840/782 1181/854/796
f 1178/852/794 1131/834/776 1185/855/797
f 1133/836/778 1131/834/776 1178/852/794
f 1185/855/797 1131/834/776 1186/856/798
f 1185/855/797 1186/856/798 1172/849/791
f 1186/856/798 1121/824/766 1172/849/791
f 1121/824/766 1186/856/798 1122/826/768
f 1186/856/798 1125/829/771 1122/826/768
f 1186/856/798 1127/830/772 1125/829/771
f 1131/834/776 1127/830/772 1186/856/798
f 1102/809/751 1226/858/800 1227/857/799
f 1102/809/751 1227/857/799 1228/859/801
f 1104/810/752 1102/809/751 1228/859/801
f 1104/810/752 1228/859/801 1229/860/802
f 1106/812/754 1104/810/752 1229/860/802
f 658/265/256 1226/858/800 661/266/257
f 1226/858/800 1102/809/751 661/266/257
f 1283/861/803 1284/863/805 1286/862/804
f 1285/864/806 1286/862/804 1284/863/805
f 1287/865/807 1285/864/806 1284/863/805
f 202/167/158 1287/865/807 1288/866/808
f 1285/864/806 1287/865/807 202/167/158
f 206/170/161 202/167/158 1288/866/808
f 1295/867/809 212/173/164 210/174/165
f 1296/868/810 1295/867/809 1293/869/811
f 1295/867/809 1296/868/810 212/173/164
f 1296/868/810 1297/870/812 214/177/168
f 1300/871/813 1297/870/812 1296/868/810
f 1296/868/810 214/177/168 212/173/164
f 1296/868/810 1293/869/811 1298/872/814
f 1299/873/815 1296/868/810 1298/872/814
f 1296/868/810 1299/873/815 1300/871/813
f 1300/871/813 1301/874/816 1297/870/812
f 1302/875/817 1301/874/816 1300/871/813
f 1299/873/815 1302/875/817 1300/871/813
f 1302/875/817 1304/876/818 1301/874/816
f 1304/876/818 264/227/218 1301/874/816
f 219/183/174 1297/870/812 1301/874/816
f 231/194/185 219/183/174 1301/874/816
f 231/194/185 1301/874/816 263/226/217
f 1301/874/816 264/227/218 263/226/217
f 219/183/174 217/181/172 1297/870/812
f 1297/870/812 217/181/172 214/177/168
f 1307/877/819 1308/878/820 1286/862/804
f 1285/864/806 1307/877/819 1286/862/804
f 1308/878/820 1142/845/787 1286/862/804
f 1145/848/790 1286/862/804 1142/845/787
f 1145/848/790 1283/861/803 1286/862/804
f 1307/877/819 1310/879/821 1308/878/820
f 1142/845/787 1308/878/820 1309/880/822
f 1308/878/820 1066/773/714 1069/775/716
f 1308/878/820 1069/775/716 1309/880/822
f 1310/879/821 1066/773/714 1308/878/820
f 1313/881/823 1310/879/821 1311/882/824
f 1311/882/824 1310/879/821 1312/883/825
f 1310/879/821 203/166/157 1312/883/825
f 1310/879/821 1307/877/819 203/166/157
f 1310/879/821 1313/881/823 1066/773/714
f 1029/735/676 1033/739/680 1313/881/823
f 1311/882/824 1029/735/676 1313/881/823
f 1313/881/823 1033/739/680 1066/773/714
f 1312/883/825 1029/735/676 1311/882/824
f 1029/735/676 1312/883/825 1028/734/675
f 1312/883/825 203/166/157 1028/734/675
f 1309/880/822 1069/775/716 1138/841/783
f 1142/845/787 1309/880/822 1138/841/783
f 1307/877/819 202/167/158 203/166/157
f 1307/877/819 1285/864/806 202/167/158
f 1138/841/783 1314/884/826 1135/838/780
f 1069/775/716 1314/884/826 1138/841/783
f 1314/884/826 1315/885/827 1135/838/780
f 1073/780/721 1315/885/827 1314/884/826
f 1073/780/721 1314/884/826 1070/777/718
f 1069/775/716 1070/777/718 1314/884/826
f 1135/838/780 1315/885/827 1075/782/723
f 1075/782/723 1315/885/827 1073/780/721
f 1128/832/774 1094/801/742 1124/827/769
f 1128/832/774 1085/790/731 1094/801/742
f 1094/801/742 1116/819/761 1124/827/769
f 1124/827/769 1116/819/761 1119/823/765
f 1094/801/742 1115/818/760 1116/819/761
f 1093/799/740 1115/818/760 1094/801/742
f 1093/799/740 1107/814/756 1115/818/760
f 1091/797/738 835/483/435 1097/804/745
f 831/479/436 1097/804/745 835/483/435
f 1085/790/731 1089/795/736 1094/801/742
f 835/483/435 1091/797/738 844/494/446
f 859/509/461 861/511/463 1076/781/722
f 1076/781/722 1054/761/702 859/509/461
f 1057/763/704 1054/761/702 1076/781/722
f 861/511/463 852/503/455 1076/781/722
f 1062/769/710 1057/763/704 1076/781/722
f 1076/781/722 1071/776/717 1062/769/710
f 1062/769/710 1071/776/717 1064/770/711
f 1066/773/714 1067/774/715 1069/775/716
f 1046/752/693 1047/754/695 1055/760/701
f 1054/761/702 858/508/460 859/509/461
f 1051/758/699 1316/887/829 1317/886/828
f 1051/758/699 1049/756/697 1316/887/829
f 860/510/462 1051/758/699 864/517/469
f 1051/758/699 1317/886/828 864/517/469
f 1317/888/830 1316/890/832 1318/889/831
f 864/519/471 1317/888/830 867/524/476
f 1317/888/830 1318/889/831 867/524/476
f 867/523/475 1318/892/834 1319/891/833
f 1318/892/834 1320/893/835 1319/891/833
f 1318/892/834 1321/894/836 1320/893/835
f 1321/894/836 1323/896/838 1322/895/837
f 1321/894/836 1322/895/837 1320/893/835
f 1321/897/836 1324/899/839 1323/898/838
f 1324/900/839 1325/902/840 1323/901/838
f 1324/903/839 1326/905/841 1325/904/840
f 1326/905/841 1327/906/842 1325/904/840
f 1326/905/841 1328/907/843 1327/906/842
f 1326/908/844 1329/910/846 1328/909/845
f 1329/910/847 1326/908/849 1330/911/848
f 1330/912/850 1332/914/852 1329/913/851
f 1331/915/853 1332/914/852 1330/912/854
f 1332/914/852 1333/917/856 1334/916/855
f 1333/917/856 1332/914/852 1331/915/853
f 1332/914/852 1334/916/855 998/704/645
f 1332/914/852 998/704/645 1329/913/851
f 1334/916/855 1001/708/649 998/704/645
f 1001/708/649 1334/916/855 1010/716/657
f 1333/917/856 1010/716/657 1334/916/855
f 1333/917/856 1335/918/857 1010/716/657
f 1335/918/857 1333/917/856 1331/915/853
f 1335/918/857 1013/721/662 1014/722/663
f 1335/918/857 1336/919/858 1013/721/662
f 1335/918/857 1014/722/663 1010/716/657
f 1336/919/858 1335/918/857 1337/920/859
f 1335/918/857 1331/915/853 1337/920/859
f 1336/919/858 1337/920/859 1338/921/860
f 1316/887/829 1336/919/858 1338/921/860
f 1336/919/858 1316/887/829 1049/756/697
f 1336/919/858 1049/756/697 1013/721/662
f 1329/910/846 1340/922/861 1328/909/845
f 1329/913/851 998/704/645 1339/923/862
f 1329/910/846 1339/924/863 1340/922/861
f 1328/907/843 1340/926/865 1341/925/864
f 1340/926/865 1342/927/866 1341/925/864
f 1343/928/867 1342/929/868 1340/922/861
f 1339/924/863 1343/928/867 1340/922/861
f 1343/930/869 1339/923/862 998/704/645
f 1345/931/870 1342/929/868 1343/928/867
f 1344/932/871 1343/930/869 1346/933/872
f 1345/931/870 1343/928/867 1344/934/873
f 1343/930/869 998/704/645 1346/933/872
f 1344/932/871 1346/933/872 1347/935/874
f 1346/933/872 1348/936/875 1347/935/874
f 1346/933/872 998/704/645 1348/936/875
f 1348/936/875 985/691/632 982/688/629
f 1347/935/874 1348/936/875 982/688/629
f 998/704/645 996/703/644 1348/936/875
f 1348/936/875 996/703/644 985/691/632
f 1349/937/876 1344/932/871 1347/935/874
f 1349/937/876 1347/935/874 981/687/628
f 981/687/628 1347/935/874 982/688/629
f 1349/938/877 1345/931/870 1344/934/873
f 1349/938/877 1350/939/878 1345/931/870
f 1349/937/876 979/681/624 1350/940/879
f 979/681/624 1349/937/876 981/687/628
f 1350/939/878 937/941/880 1345/931/870
f 1350/939/878 1351/942/881 937/941/880
f 979/681/624 1351/943/882 1350/940/879
f 1351/942/881 938/944/883 937/941/880
f 1351/942/881 1352/945/884 938/944/883
f 1352/946/885 1351/943/882 979/681/624
f 1352/945/884 977/947/886 938/944/883
f 977/680/623 1352/946/885 979/681/624
f 934/612/556 1353/949/888 1345/948/887
f 934/612/556 1345/948/887 937/614/555
f 1353/949/888 1342/927/866 1345/948/887
f 1354/950/889 1353/949/890 934/612/551
f 1354/950/889 1355/951/891 1353/949/890
f 1355/951/891 1356/952/892 1353/949/890
f 1353/949/888 1356/952/893 1342/927/866
f 1341/925/894 1356/952/892 1357/953/895
f 1342/927/866 1356/952/893 1341/925/864
f 1356/952/892 1358/954/896 1357/953/895
f 1355/951/891 1358/954/896 1356/952/892
f 930/610/547 1357/953/898 1358/954/897
f 930/610/547 1358/954/897 1355/951/899
f 1360/955/900 1359/956/901 1357/953/898
f 1359/956/902 1341/925/894 1357/953/895
f 930/610/547 1360/955/900 1357/953/898
f 1360/955/900 1361/957/903 1359/956/901
f 930/610/547 917/589/534 1360/955/900
f 1361/957/903 1360/955/900 1362/958/904
f 1360/955/900 917/589/534 918/587/532
f 1360/955/900 918/587/532 1362/958/904
f 1362/958/904 918/587/532 1363/959/905
f 1362/958/904 1363/959/905 1364/960/906
f 1365/961/907 1362/958/904 1364/960/906
f 1361/957/903 1362/958/904 1365/961/907
f 1366/962/908 1361/957/903 1365/961/907
f 1365/961/907 1367/963/909 1366/962/908
f 1367/963/909 1365/961/907 1364/960/906
f 1367/964/909 1369/966/911 1368/965/910
f 1367/964/909 1368/965/910 1370/967/912
f 1369/966/911 1367/964/909 1363/968/905
f 1367/964/909 1364/969/906 1363/968/905
f 1371/970/913 1367/964/909 1370/967/912
f 1367/964/909 1371/970/913 1366/971/908
f 1371/972/914 1372/973/916 1325/904/915
f 1371/972/914 1325/904/915 1327/906/917
f 1366/962/918 1371/972/914 1327/906/917
f 1372/974/919 1371/970/913 1370/967/912
f 1370/967/912 1373/975/920 1372/974/919
f 1372/973/916 1373/977/922 1323/976/921
f 1372/973/916 1323/976/921 1325/904/915
f 1373/975/920 1370/967/912 1374/978/923
f 1373/975/920 1374/978/923 1375/979/924
f 1373/977/922 1375/981/926 1322/980/925
f 1373/977/922 1322/980/925 1323/976/921
f 1374/978/923 877/542/494 1375/979/924
f 877/982/927 1320/983/928 1375/981/926
f 1375/981/926 1320/983/928 1322/980/925
f 1374/978/923 882/544/496 881/545/497
f 877/542/494 1374/978/923 881/545/497
f 1370/967/912 882/544/496 1374/978/923
f 1370/967/912 1368/965/910 882/544/496
f 913/577/527 1369/966/911 916/984/531
f 1369/966/911 913/577/527 1368/965/910
f 1369/985/911 1363/959/905 916/585/531
f 913/577/527 1376/986/929 1368/965/910
f 1368/965/910 883/546/498 882/544/496
f 1368/965/910 1376/986/929 883/546/498
f 913/577/527 912/578/528 1376/986/929
f 1376/986/929 912/578/528 886/548/500
f 1376/986/929 886/548/500 883/546/498
f 1361/957/930 1366/962/918 1327/906/917
f 918/587/532 916/585/531 1363/959/905
f 1359/956/902 1361/957/930 1341/925/894
f 1361/957/930 1327/906/917 1341/925/894
f 1354/950/931 930/610/547 1355/951/899
f 931/611/549 1354/950/889 934/612/551
f 931/611/548 930/610/547 1354/950/931
f 1328/907/843 1341/925/864 1327/906/842
f 1320/983/928 877/982/927 1319/987/932
f 867/523/475 1319/891/833 869/528/480
f 877/982/927 869/526/478 1319/987/932
f 1032/738/679 1043/748/689 1031/737/678
f 1040/746/687 1015/720/661 1013/721/662
f 203/166/157 1377/988/933 1028/734/675
f 1377/988/933 1025/731/672 1028/734/675
f 1378/989/934 1025/731/672 1377/988/933
f 203/166/157 1378/989/934 1377/988/933
f 198/162/153 1378/989/934 201/165/156
f 201/165/156 1378/989/934 203/166/157
f 181/145/136 182/144/135 1378/989/934
f 198/162/153 181/145/136 1378/989/934
f 1378/989/934 182/144/135 1025/731/672
f 182/144/135 1024/730/671 1025/731/672
f 1024/730/671 1379/991/936 1380/990/935
f 182/144/135 1379/991/936 1024/730/671
f 1024/730/671 1380/990/935 1021/729/670
f 1380/990/935 1382/993/938 1381/992/937
f 1021/729/670 1380/990/935 1381/992/937
f 1380/990/935 1379/991/936 1382/993/938
f 1382/993/938 1379/991/936 1383/994/939
f 1381/992/937 1382/993/938 1383/994/939
f 176/138/129 1383/994/939 1384/995/940
f 1383/994/939 176/138/129 1385/996/941
f 1383/994/939 1379/991/936 1384/995/940
f 1381/992/937 1383/994/939 1385/996/941
f 1388/997/942 1381/992/937 1385/996/941
f 173/136/127 1387/998/943 1385/996/941
f 173/136/127 1385/996/941 176/138/129
f 1385/996/941 1387/998/943 1386/999/944
f 1388/997/942 1385/996/941 1386/999/944
f 1388/997/942 1391/1001/946 1389/1000/945
f 1381/992/937 1388/997/942 1389/1000/945
f 1388/997/942 1386/999/944 1390/1002/947
f 1005/712/653 1388/997/942 1390/1002/947
f 1388/997/942 1005/712/653 1391/1001/946
f 1007/715/656 1022/728/669 1391/1001/946
f 1007/715/656 1391/1001/946 1008/714/655
f 1022/728/669 1389/1000/945 1391/1001/946
f 1005/712/653 1008/714/655 1391/1001/946
f 1390/1002/947 1392/1003/948 993/700/641
f 995/699/640 1390/1002/947 993/700/641
f 1005/712/653 1390/1002/947 995/699/640
f 1390/1002/947 1386/999/944 1392/1003/948
f 1393/1004/949 1395/1005/950 1392/1003/948
f 1393/1004/949 1392/1003/948 1394/1006/951
f 1386/999/944 1394/1006/951 1392/1003/948
f 1395/1005/950 993/700/641 1392/1003/948
f 1395/1005/950 991/698/639 993/700/641
f 1396/1007/952 1397/1008/953 1394/1006/951
f 1386/999/944 1396/1007/952 1394/1006/951
f 1397/1008/953 1393/1004/949 1394/1006/951
f 172/135/126 1397/1008/953 1396/1007/952
f 1397/1008/953 172/135/126 1398/1009/954
f 1399/1010/955 1397/1008/953 1398/1009/954
f 1399/1010/955 1393/1004/949 1397/1008/953
f 1400/1011/956 1399/1010/955 1398/1009/954
f 167/131/122 1400/1011/956 170/134/125
f 1400/1011/956 1398/1009/954 170/134/125
f 172/135/126 170/134/125 1398/1009/954
f 1401/1012/957 1396/1007/952 1386/999/944
f 1401/1012/957 172/135/126 1396/1007/952
f 1401/1012/957 173/136/127 172/135/126
f 173/136/127 1401/1012/957 1387/998/943
f 1401/1012/957 1386/999/944 1387/998/943
f 1021/729/670 1381/992/937 1389/1000/945
f 1022/728/669 1021/729/670 1389/1000/945
f 176/138/129 1384/995/940 178/142/133
f 1384/995/940 182/144/135 178/142/133
f 1384/995/940 1379/991/936 182/144/135
f 1012/719/660 1019/725/666 1017/723/664
f 1001/708/649 1010/716/657 1000/706/647
f 977/947/886 941/625/566 939/623/564
f 977/947/886 939/623/564 938/944/883
f 971/668/614 1402/1013/958 969/667/613
f 947/648/592 968/679/622 954/647/591
f 951/1014/959 1403/1016/961 950/1015/960
f 1403/1016/961 1404/1017/962 950/1015/960
f 1403/1016/961 1405/1018/34 1404/1017/962
f 1405/1018/34 1406/1019/963 1404/1017/962
f 1405/1018/34 1407/1020/34 1406/1019/963
f 1407/1020/34 899/564/513 1406/1019/963
f 1407/1020/34 1408/1021/377 899/564/513
f 1408/1021/377 897/561/510 899/564/513
f 1408/1021/377 1409/1022/34 897/561/510
f 1409/1022/34 1410/1023/34 893/558/507
f 1409/1022/34 893/558/507 897/561/510
f 1410/1023/34 1411/1024/964 894/560/509
f 1410/1023/34 1412/1025/34 1411/1024/964
f 1410/1023/34 894/560/509 893/558/507
f 1412/1025/34 1413/1026/965 1411/1024/964
f 1412/1025/34 1414/1027/34 1413/1026/965
f 1414/1027/34 1415/1029/34 1416/1028/966
f 1414/1027/34 1416/1028/966 1413/1026/965
f 1415/1029/34 1417/1030/967 1416/1028/966
f 1413/1026/965 1416/1028/966 1419/1031/968
f 1416/1028/966 1417/1030/967 1418/1032/969
f 1419/1031/968 1416/1028/966 1418/1032/969
f 1422/1033/970 1419/1031/968 1420/1034/971
f 1420/1034/971 1419/1031/968 1421/1035/972
f 1419/1031/968 1418/1032/969 1421/1035/972
f 1422/1033/970 1413/1026/965 1419/1031/968
f 1422/1033/970 890/557/506 1411/1024/964
f 1413/1026/965 1422/1033/970 1411/1024/964
f 1422/1033/970 891/556/505 890/557/506
f 891/556/505 1422/1033/970 1420/1034/971
f 1423/1036/973 1421/1035/972 1418/1032/969
f 1423/1036/973 1425/1037/974 1421/1035/972
f 1420/1034/971 1421/1035/972 1424/1038/975
f 1426/1039/976 1424/1038/975 1421/1035/972
f 1425/1037/974 1426/1039/976 1421/1035/972
s 0
f 1427/1040/977 1428/1041/979 1426/1039/978
f 1427/1040/977 1426/1039/978 1425/1037/980
s 1
f 1426/1042/976 1428/1044/981 1424/1043/975
s 0
f 1429/1045/979 1428/1047/979 1427/1046/977
s 1
f 1428/1044/981 1429/1048/982 1424/1043/975
f 1430/1049/983 1429/1045/985 1427/1046/984
f 1429/1048/982 878/537/489 1424/1043/975
f 1429/1048/982 1430/1050/986 878/537/489
f 1430/1049/983 1427/1046/984 1415/1051/987
f 1430/1049/983 1415/1051/987 1431/1052/988
f 1432/1053/989 1430/1049/983 1431/1052/988
f 1432/1054/990 878/537/489 1430/1050/986
f 1432/1053/989 1431/1052/988 1433/1055/991
f 1434/1056/992 1432/1053/989 1433/1055/991
f 878/537/489 1432/1054/990 1434/1057/993
f 878/537/489 1434/1057/993 873/534/486
f 873/535/487 1434/1056/992 1435/1058/994
f 1434/1056/992 1433/1055/991 1435/1058/994
f 1436/1059/995 1438/1061/997 1435/1060/996
f 1436/1059/995 1435/1060/996 1433/1062/998
f 873/535/487 1435/1058/994 1437/1063/999
f 1438/1061/997 1437/1064/1000 1435/1060/996
f 1438/1061/1001 1436/1059/1003 1439/1065/1002
f 1438/1061/1001 1439/1065/1002 1440/1066/1004
f 1440/1067/1004 1441/1069/1005 1438/1068/1001
f 1441/1069/1005 865/515/467 1438/1068/1001
f 865/520/472 1437/1064/1000 1438/1061/997
f 1440/1070/1006 856/506/458 1441/1071/1007
f 1441/1069/1005 863/514/466 865/515/467
f 856/506/458 863/513/465 1441/1071/1007
f 1442/1072/1008 1440/1066/1006 1439/1065/1009
f 855/505/457 1440/1070/1006 1442/1073/1008
f 1440/1070/1006 855/505/457 856/506/458
f 1443/1074/1010 1442/1072/1008 1446/1075/1011
f 834/481/434 1442/1072/1008 1443/1074/1010
f 837/488/440 855/505/457 1442/1073/1008
f 837/488/440 1442/1073/1008 833/484/437
f 834/481/434 833/486/437 1442/1072/1008
f 1442/1072/1008 1444/1077/1013 1447/1076/1012
f 1444/1077/1013 1442/1072/1008 1445/1078/1014
f 1442/1072/1008 1439/1065/1009 1445/1078/1014
f 1442/1072/1008 1447/1076/1012 1446/1075/1011
f 1446/1075/1015 1447/1076/1017 1448/1079/1016
f 1448/1079/1016 1447/1076/1017 1444/1077/1018
f 1448/1079/1019 1436/1059/995 1433/1062/998
f 1436/1059/1003 1448/1079/1016 1445/1078/1020
f 1448/1079/1016 1444/1077/1018 1445/1078/1020
f 1448/1079/1019 1433/1062/998 1431/1080/1021
f 817/458/1022 1448/1079/1019 1431/1080/1021
f 1449/1081/1023 1446/1075/1015 1448/1079/1016
f 1449/1081/1023 1448/1079/1016 817/458/414
f 1450/1082/1024 1443/1074/1010 1449/1081/1025
f 1450/1082/1024 1449/1081/1025 1451/1083/1026
f 1451/1083/1027 1449/1081/1023 817/458/414
f 1443/1074/1010 1446/1075/1011 1449/1081/1025
f 1451/1083/1026 827/473/428 1450/1082/1024
f 827/473/428 1451/1083/1026 820/463/423
f 817/458/414 820/463/419 1451/1083/1027
f 827/473/428 829/475/430 1450/1082/1024
f 834/481/434 1450/1082/1024 829/475/430
f 1450/1082/1024 834/481/434 1443/1074/1010
f 1436/1059/1003 1445/1078/1020 1439/1065/1002
f 1437/1064/1000 865/520/472 870/531/483
f 873/535/487 1437/1063/999 870/530/482
f 1452/1084/1028 817/458/1022 1431/1080/1021
f 1415/1085/1029 1452/1084/1028 1431/1080/1021
s 0
f 1453/1086/1030 1454/1088/1032 1452/1087/1031
s 1
f 1452/1084/1028 1454/1089/1033 817/458/1022
f 1455/1090/1034 1452/1084/1028 1456/1091/1035
f 1452/1084/1028 1457/1092/1036 1456/1091/1035
f 1452/1084/1028 1415/1085/1029 1457/1092/1036
f 1455/1090/1034 1456/1091/1035 1458/1093/1037
f 1459/1094/1038 817/458/414 1454/1089/1039
f 1454/1088/1032 809/448/404 1459/1095/1040
f 1453/1086/1030 808/447/34 1454/1088/1032
f 1454/1088/1032 808/447/34 809/448/404
f 817/458/414 1459/1094/1038 815/459/415
f 809/448/404 815/454/410 1459/1095/1040
s 0
f 1427/1040/1041 1423/1036/1042 1460/1096/1042
f 1423/1036/1043 1427/1040/1044 1425/1037/980
s 1
f 1427/1040/984 1460/1096/1045 1415/1029/987
f 1415/1029/34 1460/1096/1046 1417/1030/967
f 1460/1096/1047 1423/1036/973 1418/1032/969
f 1460/1096/1046 1418/1032/969 1417/1030/967
f 879/539/491 1424/1043/975 878/537/489
f 879/1097/491 1420/1034/971 1424/1038/975
f 891/556/505 1420/1034/971 879/1097/491
f 1411/1024/964 890/557/506 894/560/509
f 1406/1019/963 905/570/519 1404/1017/962
f 899/564/513 900/565/514 1406/1019/963
f 900/565/514 905/570/519 1406/1019/963
f 905/570/519 1461/1098/1048 1404/1017/962
f 1462/1099/1049 1404/1017/962 1461/1098/1048
f 1462/1099/1049 950/1015/960 1404/1017/962
f 921/595/584 950/642/585 1462/1100/1050
f 1463/1101/1051 921/595/584 1462/1100/1050
f 1463/1102/1052 1462/1099/1049 1461/1098/1048
f 1465/1103/1053 921/595/584 1463/1101/1051
f 1464/1104/1054 1463/1102/1052 1466/1105/1055
f 1464/1106/1056 1465/1103/1053 1463/1101/1051
f 1463/1102/1052 1461/1098/1048 1466/1105/1055
f 1466/1105/1055 1469/1108/1058 1467/1107/1057
f 1466/1105/1055 1467/1107/1057 1468/1109/1059
f 1464/1104/1054 1466/1105/1055 1468/1109/1059
f 910/573/522 1469/1108/1058 1466/1105/1055
f 906/571/520 1466/1105/1055 1461/1098/1048
f 906/571/520 910/573/522 1466/1105/1055
f 1469/1110/1058 926/594/536 1470/1111/1060
f 1469/1110/1058 1470/1111/1060 1467/1112/1057
f 924/1113/542 926/1114/536 1469/1108/1058
f 910/573/522 924/1113/542 1469/1108/1058
f 1470/1111/1060 926/594/536 921/595/537
f 1465/1103/1053 1470/1111/1061 921/595/584
f 1470/1111/1061 1465/1103/1053 1467/1112/1062
f 1465/1103/1053 1468/1115/1063 1467/1112/1062
f 1465/1103/1053 1464/1106/1056 1468/1115/1063
f 905/570/519 906/571/520 1461/1098/1048
f 908/574/524 924/1113/542 910/573/522
f 913/1116/527 916/585/531 914/586/529
f 886/548/500 912/578/528 903/1117/516
f 885/552/499 903/567/516 896/562/511
f 885/547/499 886/548/500 903/1117/516
f 888/551/502 885/552/499 896/562/511
f 875/554/490 891/556/505 879/1097/491
f 877/982/927 871/525/477 869/526/478
f 861/511/463 853/504/456 852/503/455
f 849/500/452 855/505/457 842/492/444
f 837/488/440 842/492/444 855/505/457
f 835/483/435 844/494/446 840/490/442
f 838/489/441 835/483/435 840/490/442
f 664/270/273 830/477/432 673/283/274
f 823/466/424 827/473/428 820/463/423
f 811/449/405 678/293/279 676/288/277
f 805/444/401 679/294/280 678/293/279
f 792/430/392 802/440/397 794/432/394
f 692/311/293 683/300/285 802/440/397
f 792/430/392 692/311/293 802/440/397
f 693/312/294 692/311/293 792/430/392
f 789/427/389 779/418/380 781/419/381
f 771/410/375 1473/1118/1064 784/422/384
f 784/422/384 1471/1119/1065 717/348/322
f 784/422/384 1472/1120/1066 1471/1119/1065
f 1473/1118/1064 1472/1120/1066 784/422/384
f 1473/1118/1064 1474/1121/1067 1472/1120/1066
f 1474/1121/1067 1473/1118/1064 1475/1122/1068
f 1473/1118/1064 1476/1123/1069 1475/1122/1068
f 1473/1118/1064 771/410/375 1476/1123/1069
f 1475/1122/1068 1476/1123/1069 756/396/365
f 771/410/375 772/411/376 1476/1123/1069
f 1476/1123/1069 772/411/376 757/397/366
f 1476/1123/1069 757/397/366 756/396/365
f 1474/1121/1067 1475/1122/1068 1477/1124/1070
f 1475/1122/1068 756/396/365 1477/1124/1070
f 1477/1124/1070 754/393/362 1478/1125/1071
f 1472/1120/1066 1477/1124/1070 1478/1125/1071
f 1477/1124/1070 756/396/365 754/393/362
f 1474/1121/1067 1477/1124/1070 1472/1120/1066
f 1472/1120/1066 1478/1125/1071 1471/1119/1065
f 1471/1119/1065 1478/1125/1071 723/355/327
f 1478/1125/1071 754/393/362 751/389/360
f 1478/1125/1071 751/389/360 723/355/327
f 717/348/322 1471/1119/1065 718/349/323
f 1471/1119/1065 723/355/327 718/349/323
f 766/404/373 759/400/369 772/411/376
f 759/400/369 757/397/366 772/411/376
f 753/394/363 760/401/370 1479/1126/1072
f 578/1127/1073 753/394/363 1479/1126/1072
f 753/394/363 578/1127/1073 749/392/358
f 723/355/327 751/389/360 722/356/328
f 578/1128/1073 577/371/342 749/387/358
f 714/1129/319 698/319/299 696/318/296
f 704/331/308 705/332/309 1480/1130/1074
f 705/332/309 612/255/246 611/253/244
f 1480/1130/1074 705/332/309 611/253/244
f 688/305/288 704/1132/1076 1480/1131/1075
f 688/305/288 1480/1131/1075 1481/1133/1077
f 1481/1134/1078 1480/1130/1074 611/253/244
f 1482/1135/1079 688/305/288 1481/1133/1077
f 1481/1134/1078 611/253/244 1482/1136/1080
f 688/305/288 1482/1135/1079 689/308/291
f 689/1137/1081 1482/1136/1080 610/254/245
f 1482/1136/1080 611/253/244 610/254/245
f 704/1132/1076 688/305/288 701/325/305
f 692/311/293 684/299/284 683/300/285
f 690/309/292 668/276/267 667/274/265
f 690/1138/1082 660/267/258 668/277/268
f 690/1138/1082 689/1137/1081 660/267/258
f 689/1137/1081 610/254/245 660/267/258
f 617/259/250 660/267/258 610/254/245
f 605/247/238 595/237/228 596/238/229
f 573/376/347 575/234/225 581/231/222
f 1999/1139/1083 266/229/220 37/34/30
f 1999/1139/1083 261/224/215 266/229/220
f 6/5/5 258/221/212 1999/1139/1083
f 6/5/5 1999/1139/1083 3/4/4
f 258/221/212 261/224/215 1999/1139/1083
f 3/4/4 1999/1139/1083 37/34/30
f 233/196/187 231/194/185 263/226/217
f 258/221/212 6/5/5 255/218/209
f 6/5/5 8/8/8 255/218/209
f 244/207/198 118/80/71 115/79/70
f 131/95/86 228/191/182 241/204/195
f 133/97/88 131/95/86 241/204/195
f 229/192/183 241/204/195 228/191/182
f 229/192/183 236/200/191 241/204/195
f 131/95/86 132/96/87 228/191/182
f 199/163/154 198/162/153 201/165/156
f 181/145/136 198/162/153 186/149/140
f 135/98/89 188/152/143 191/154/145
f 135/98/89 2000/1140/1084 188/152/143
f 2000/1140/1084 187/151/142 188/152/143
f 2001/1141/1085 2000/1140/1084 161/124/115
f 2000/1140/1084 2001/1141/1085 187/151/142
f 2000/1140/1084 135/98/89 154/117/108
f 2000/1140/1084 154/117/108 161/124/115
f 175/139/130 187/151/142 2001/1141/1085
f 175/139/130 2001/1141/1085 161/124/115
f 187/151/142 175/139/130 179/141/132
f 175/139/130 161/124/115 169/132/123
f 169/132/123 161/124/115 162/125/116
f 134/99/90 144/107/98 147/110/101
f 140/104/95 2002/1143/1087 2004/1142/1086
f 140/104/95 121/84/75 2002/1143/1087
f 139/103/94 140/104/95 2003/1144/1088
f 140/104/95 2004/1142/1086 2003/1144/1088
f 2002/1143/1087 2005/1145/1089 2004/1142/1086
f 123/86/77 2006/1146/1090 2005/1145/1089
f 2002/1143/1087 123/86/77 2005/1145/1089
f 123/86/77 122/87/78 2006/1146/1090
f 122/87/78 2007/1147/1091 2006/1146/1090
f 110/74/65 111/75/66 2007/1147/1091
f 119/83/74 110/74/65 2007/1147/1091
f 122/87/78 119/83/74 2007/1147/1091
f 2002/1143/1087 121/84/75 123/86/77
f 96/61/52 95/60/51 103/66/57
f 2008/1148/1092 100/63/54 99/62/53
f 2008/1148/1092 99/62/53 2009/1149/1093
f 2010/1150/1094 2008/1148/1092 2009/1149/1093
f 2010/1150/1094 2009/1149/1093 2011/1151/1095
f 2012/1152/1096 2010/1150/1094 2011/1151/1095
f 2012/1153/1096 2013/1155/1098 2014/1154/1097
f 2013/1155/1098 2012/1153/1096 2011/1156/1095
f 2013/1155/1098 2015/1157/1099 2014/1154/1097
f 2016/1158/1100 2017/1159/1101 2015/1157/1099
f 2013/1155/1098 2016/1158/1100 2015/1157/1099
f 2016/1158/1100 2018/1160/1102 2017/1159/1101
f 2019/1161/1103 2018/1160/1102 2016/1158/1100
f 2020/1162/1104 2019/1161/1103 2021/1163/1105
f 2019/1161/1103 2016/1158/1100 2021/1163/1105
f 2020/1162/1104 2021/1163/1105 2022/1164/1106
f 2024/1165/1107 2022/1164/1106 2021/1163/1105
f 2023/1166/1108 2021/1163/1105 2016/1158/1100
f 2023/1166/1108 2024/1165/1107 2021/1163/1105
f 2024/1165/1107 2023/1166/1108 2025/1167/1109
f 2027/1168/34 2024/1165/1107 2025/1167/1109
f 2026/1169/34 2022/1164/1106 2024/1165/1107
f 2027/1168/34 2026/1169/34 2024/1165/1107
f 2028/1170/34 2027/1168/34 2025/1167/1109
f 2028/1170/34 2025/1167/1109 2029/1171/1110
f 80/41/34 2028/1170/34 2029/1171/1110
f 2031/1172/1111 2030/1173/1112 2029/1171/1110
f 2029/1171/1110 2030/1173/1112 82/43/36
f 2025/1167/1109 2031/1172/1111 2029/1171/1110
f 80/41/34 2029/1171/1110 82/43/36
f 2031/1172/1111 2033/1174/1113 2030/1173/1112
f 2032/1175/1114 2033/1174/1113 2031/1172/1111
f 2023/1166/1108 2032/1175/1114 2031/1172/1111
f 2023/1166/1108 2031/1172/1111 2025/1167/1109
f 2033/1174/1113 86/47/40 2030/1173/1112
f 2034/1176/1115 89/49/42 2033/1174/1113
f 2032/1175/1114 2034/1176/1115 2033/1174/1113
f 2033/1174/1113 89/49/42 86/47/40
f 2035/1177/1116 2034/1176/1115 2009/1178/1093
f 2009/1178/1093 2034/1176/1115 2011/1156/1095
f 2034/1176/1115 2032/1175/1114 2013/1155/1098
f 2034/1176/1115 2035/1177/1116 89/49/42
f 2034/1176/1115 2013/1155/1098 2011/1156/1095
f 2009/1149/1093 99/62/53 2035/1179/1116
f 99/62/53 92/55/46 2035/1179/1116
f 92/55/46 88/53/43 2035/1179/1116
f 2035/1177/1116 88/50/43 89/49/42
f 2032/1175/1114 2023/1166/1108 2016/1158/1100
f 2032/1175/1114 2016/1158/1100 2013/1155/1098
f 2030/1173/1112 83/44/37 82/43/36
f 2030/1173/1112 86/47/40 83/44/37
f 2026/1169/34 2036/1180/959 2022/1164/1106
f 2036/1180/959 2037/1181/959 2020/1162/1104
f 2036/1180/959 2020/1162/1104 2022/1164/1106
f 10/10/10 13/14/14 93/57/48
f 2/3/3 30/29/26 4/2/2
f 4/2/2 30/29/26 15/15/15
f 2038/1182/1117 2040/1184/1119 2039/1183/1118
f 2038/1182/1117 2041/1185/1120 2040/1184/1119
f 2041/1185/1120 2042/1186/1121 2040/1184/1119
f 2041/1185/1120 2043/1187/1122 2042/1186/1121
f 2043/1187/1122 2044/1188/1123 2042/1186/1121
f 2043/1187/1122 2045/1189/1124 2044/1188/1123
f 2045/1189/1124 2046/1190/1125 2044/1188/1123
f 2045/1189/1124 2047/1191/1126 2046/1190/1125
f 2047/1191/1126 2048/1192/1127 2046/1190/1125
f 2047/1191/1126 2049/1193/1128 2048/1192/1127
f 2048/1192/1127 2049/1193/1128 2050/1194/1129
f 2049/1193/1128 2051/1195/1130 2050/1194/1129
f 2049/1193/1128 2052/1196/1131 2051/1195/1130
f 2052/1196/1131 2053/1197/1132 2051/1195/1130
f 2051/1195/1130 2053/1197/1132 2054/1198/1133
f 2053/1197/1132 2055/1199/1134 2054/1198/1133
f 2053/1197/1132 2056/1200/1135 2055/1199/1134
f 2056/1200/1135 2057/1201/1136 2055/1199/1134
f 2056/1200/1135 2058/1202/1137 2057/1201/1136
f 2057/1201/1136 2058/1202/1137 2059/1203/1138
f 2058/1202/1137 2060/1204/1139 2059/1203/1138
f 2058/1202/1137 2061/1205/1140 2060/1204/1139
f 2061/1205/1140 2062/1206/1141 2060/1204/1139
f 2061/1205/1140 2063/1207/1142 2062/1206/1141
f 2063/1207/1142 2064/1208/1143 2062/1206/1141
f 2064/1208/1143 2065/1209/1144 2062/1206/1141
f 2064/1208/1143 2066/1210/1145 2065/1209/1144
f 2066/1210/1145 2067/1211/1146 2065/1209/1144
f 2066/1210/1145 2068/1212/1147 2067/1211/1146
f 2068/1212/1147 2069/1213/1148 2067/1211/1146
f 2068/1212/1147 2070/1214/1149 2069/1213/1148
f 2070/1214/1149 2071/1215/1150 2069/1213/1148
f 2070/1214/1149 2072/1216/1151 2071/1215/1150
f 2072/1216/1151 2073/1217/1152 2071/1215/1150
f 2072/1216/1151 2074/1218/1153 2073/1217/1152
f 2073/1217/1152 2074/1218/1153 2075/1219/1154
f 2074/1218/1153 2076/1220/1155 2075/1219/1154
f 2074/1218/1153 2077/1221/1156 2076/1220/1155
f 2077/1221/1156 2078/1222/1157 2076/1220/1155
f 2077/1221/1156 2079/1223/1158 2078/1222/1157
f 2079/1223/1158 2080/1224/1159 2078/1222/1157
f 2079/1223/1158 2081/1225/1160 2080/1224/1159
f 2081/1225/1160 2082/1226/1161 2080/1224/1159
f 2081/1225/1160 2083/1227/1162 2082/1226/1161
f 2083/1227/1162 2084/1228/1163 2082/1226/1161
f 2083/1227/1162 2085/1229/1164 2084/1228/1163
f 2086/1230/1165 2088/1232/1167 2087/1231/1166
f 2089/1233/1168 2091/1235/1170 2090/1234/1169
f 2039/1183/1118 2092/1236/1171 2038/1182/1117
f 2039/1183/1118 2093/1237/1172 2092/1236/1171
f 2093/1237/1172 2094/1238/1173 2092/1236/1171
f 2093/1237/1172 2095/1239/1174 2094/1238/1173
f 2096/1240/1175 2098/1242/1177 2097/1241/1176
f 2098/1242/1177 2095/1239/1174 2097/1241/1176
f 2098/1242/1177 2099/1243/1178 2095/1239/1174
f 2099/1243/1178 2094/1238/1173 2095/1239/1174
f 2096/1240/1175 2089/1233/1168 2098/1242/1177
f 2089/1233/1168 2100/1244/1179 2098/1242/1177
f 2089/1233/1168 2090/1234/1169 2100/1244/1179
f 2087/1231/1166 2101/1245/1180 2086/1230/1165
f 2101/1245/1180 2102/1246/1181 2086/1230/1165
f 2101/1245/1180 2091/1235/1170 2102/1246/1181
f 2091/1235/1170 2103/1247/1182 2102/1246/1181
f 2091/1235/1170 2089/1233/1168 2103/1247/1182
f 2104/1248/1183 2088/1232/1167 2105/1249/1184
f 2088/1232/1167 2106/1250/1185 2105/1249/1184
f 2088/1232/1167 2086/1230/1165 2106/1250/1185
f 2088/1232/1167 2104/1248/1183 2107/1251/1186
f 2104/1248/1183 2108/1252/1187 2107/1251/1186
f 2104/1248/1183 2109/1253/1188 2108/1252/1187
f 2109/1253/1188 2110/1254/1189 2108/1252/1187
f 2110/1254/1189 2111/1255/1190 2108/1252/1187
f 2110/1254/1189 2112/1256/1191 2111/1255/1190
f 2112/1256/1191 2113/1257/1192 2111/1255/1190
f 2112/1256/1191 2114/1258/1193 2113/1257/1192
f 2114/1258/1193 2115/1259/1194 2113/1257/1192
f 2114/1258/1193 2116/1260/1195 2115/1259/1194
f 2115/1259/1194 2116/1260/1195 2117/1261/1196
f 2116/1260/1195 2118/1262/1197 2117/1261/1196
f 2116/1260/1195 2119/1263/1198 2118/1262/1197
f 2119/1263/1198 2120/1264/1199 2118/1262/1197
f 2120/1264/1199 2121/1265/1200 2118/1262/1197
f 2120/1264/1199 2122/1266/1201 2121/1265/1200
f 2122/1266/1201 2123/1267/1202 2121/1265/1200
f 2122/1266/1201 2124/1268/1203 2123/1267/1202
f 2124/1268/1203 2125/1269/1204 2123/1267/1202
f 2124/1268/1203 2126/1270/1205 2125/1269/1204
f 2126/1270/1205 2127/1271/1206 2125/1269/1204
f 2126/1270/1205 2128/1272/1207 2127/1271/1206
f 2128/1272/1207 2129/1273/1208 2127/1271/1206
f 2128/1272/1207 2130/1274/1209 2129/1273/1208
f 2130/1274/1209 2131/1275/1210 2129/1273/1208
f 2130/1274/1209 2132/1276/1211 2131/1275/1210
f 2132/1276/1211 2133/1277/1212 2131/1275/1210
f 2132/1276/1211 2134/1278/1213 2133/1277/1212
f 2135/1279/1214 2137/1281/1216 2136/1280/1215
f 2137/1281/1216 2138/1282/1217 2136/1280/1215
f 2137/1281/1216 2139/1283/1218 2138/1282/1217
f 2139/1283/1218 2140/1284/1219 2138/1282/1217
f 2139/1283/1218 2141/1285/1220 2140/1284/1219
f 2141/1285/1220 2142/1286/1221 2140/1284/1219
f 2141/1285/1220 2143/1287/1222 2142/1286/1221
f 2143/1287/1222 2144/1288/1223 2142/1286/1221
f 2143/1287/1222 2145/1289/1224 2144/1288/1223
f 2145/1290/1224 2085/1229/1164 2144/1291/1223
f 2145/1289/1224 2084/1293/1163 2085/1292/1164
f 2137/1281/1216 2135/1279/1214 2146/1294/1225
f 2135/1279/1214 2147/1295/1226 2146/1294/1225
f 2135/1279/1214 2148/1296/1227 2147/1295/1226
f 2148/1296/1227 2149/1297/1228 2147/1295/1226
f 2148/1298/1227 2150/1300/1229 2149/1299/1228
f 2150/1300/1229 2151/1301/1230 2149/1299/1228
f 2149/1299/1228 2151/1301/1230 2152/1302/1231
f 2151/1301/1230 2153/1303/1232 2152/1302/1231
f 2151/1301/1230 2154/1304/1233 2153/1303/1232
f 2154/1304/1233 2155/1305/1234 2153/1303/1232
f 2154/1304/1233 2156/1306/1235 2155/1305/1234
f 2156/1306/1235 2157/1307/1236 2155/1305/1234
f 2155/1305/1234 2157/1307/1236 2158/1308/1237
f 2157/1307/1236 2159/1309/1238 2158/1308/1237
f 2157/1307/1236 2160/1310/1239 2159/1309/1238
f 2160/1310/1239 2161/1311/1240 2159/1309/1238
f 2160/1310/1239 2162/1312/1241 2161/1311/1240
f 2162/1312/1241 2163/1313/1242 2161/1311/1240
f 2134/1278/1213 2164/1314/1243 2133/1277/1212
f 2164/1314/1243 2165/1315/1244 2133/1277/1212
f 2164/1314/1243 2166/1316/1245 2165/1315/1244
f 2166/1316/1245 2163/1313/1242 2165/1315/1244
f 2166/1316/1245 2167/1317/1246 2163/1313/1242
f 2167/1317/1246 2161/1311/1240 2163/1313/1242
s 0
f 2168/1318/1247 2170/1320/1247 2169/1319/1247
f 2170/1320/1247 2171/1321/1247 2169/1319/1247
f 2170/1320/1247 2172/1322/1247 2171/1321/1247
f 2172/1322/1247 2173/1323/1247 2171/1321/1247
f 2172/1322/1247 2174/1324/1247 2173/1323/1247
f 2174/1324/1247 2175/1325/1247 2173/1323/1247
f 2174/1324/1247 2176/1326/1247 2175/1325/1247
f 2176/1326/1247 2177/1327/1247 2175/1325/1247
f 2176/1326/1247 2178/1328/1247 2177/1327/1247
f 2178/1328/1247 2179/1329/1247 2177/1327/1247
f 2178/1328/1247 2180/1330/1247 2179/1329/1247
f 2180/1330/1247 2181/1331/1247 2179/1329/1247
f 2180/1330/1247 2182/1332/1247 2181/1331/1247
f 2182/1332/1247 2183/1333/1247 2181/1331/1247
f 2182/1332/1247 2184/1334/1247 2183/1333/1247
f 2184/1334/1247 2185/1335/1247 2183/1333/1247
f 2184/1334/1247 2186/1336/1247 2185/1335/1247
f 2186/1336/1247 2187/1337/1247 2185/1335/1247
f 2186/1336/1247 2188/1338/1247 2187/1337/1247
f 2188/1338/1247 2189/1339/1247 2187/1337/1247
f 2188/1338/1247 2190/1340/1247 2189/1339/1247
f 2189/1339/1248 2190/1340/1248 2191/1341/1248
f 2190/1340/1247 2192/1342/1247 2191/1341/1247
f 2190/1340/1247 2193/1343/1247 2192/1342/1247
f 2193/1343/1247 2194/1344/1247 2192/1342/1247
f 2193/1343/1247 2195/1345/1247 2194/1344/1247
f 2195/1345/1247 2196/1346/1247 2194/1344/1247
f 2195/1345/1247 2197/1347/1247 2196/1346/1247
f 2197/1347/1247 2198/1348/1247 2196/1346/1247
f 2197/1347/1247 2199/1349/1247 2198/1348/1247
f 2199/1349/1247 2200/1350/1247 2198/1348/1247
f 2199/1349/1247 2201/1351/1247 2200/1350/1247
f 2201/1351/1249 2202/1352/1249 2200/1350/1249
f 2201/1351/1249 2203/1353/1249 2202/1352/1249
f 2203/1353/1249 2204/1354/1249 2202/1352/1249
f 2203/1353/1249 2205/1355/1249 2204/1354/1249
f 2205/1355/1249 2206/1356/1249 2204/1354/1249
f 2205/1355/1249 2207/1357/1249 2206/1356/1249
f 2207/1357/1249 2208/1358/1249 2206/1356/1249
f 2207/1357/1249 2209/1359/1249 2208/1358/1249
f 2209/1359/1250 2210/1360/1250 2208/1358/1250
f 2209/1359/1247 2211/1361/1247 2210/1360/1247
f 2211/1361/1247 2212/1362/1247 2210/1360/1247
f 2211/1361/1247 2213/1363/1247 2212/1362/1247
f 2213/1363/1250 2214/1364/1250 2212/1362/1250
f 2213/1363/1250 2168/1318/1250 2214/1364/1250
f 2168/1318/1247 2215/1365/1247 2214/1364/1247
f 2168/1318/1247 2169/1319/1247 2215/1365/1247
s 1
f 2067/1366/1251 2176/1368/1253 2065/1367/1252
f 2120/1369/1254 2119/1370/1256 2201/1351/1255
f 2119/1370/1256 2203/1353/1257 2201/1351/1255
f 2119/1370/1256 2116/1371/1258 2203/1353/1257
f 2116/1371/1258 2114/1372/1259 2203/1353/1257
f 2114/1258/1259 2112/1256/1260 2203/1373/1257
f 2112/1256/1260 2205/1374/1261 2203/1373/1257
f 2112/1256/1260 2110/1254/1262 2205/1374/1261
f 2110/1254/1262 2109/1253/1263 2205/1374/1261
f 2109/1253/1263 2207/1375/1264 2205/1374/1261
f 2109/1253/1263 2104/1248/1265 2207/1375/1264
f 2102/1246/1266 2209/1376/1268 2086/1230/1267
f 2209/1376/1268 2106/1250/1269 2086/1230/1267
f 2209/1376/1268 2207/1375/1264 2106/1250/1269
f 2207/1375/1264 2105/1249/1270 2106/1250/1269
f 2207/1375/1264 2104/1248/1265 2105/1249/1270
f 2102/1246/1266 2103/1247/1271 2209/1376/1268
f 2103/1247/1271 2211/1377/1272 2209/1376/1268
f 2103/1247/1271 2089/1233/1273 2211/1377/1272
f 2213/1378/1274 2093/1237/1276 2039/1183/1275
f 2093/1237/1276 2213/1378/1274 2095/1239/1277
f 2213/1378/1274 2097/1241/1278 2095/1239/1277
f 2213/1378/1274 2211/1377/1272 2097/1241/1278
f 2211/1377/1272 2096/1240/1279 2097/1241/1278
f 2211/1377/1272 2089/1233/1273 2096/1240/1279
f 2046/1190/1280 2168/1379/1282 2044/1188/1281
f 2168/1379/1282 2042/1186/1283 2044/1188/1281
f 2168/1379/1282 2213/1378/1274 2042/1186/1283
f 2213/1378/1274 2040/1184/1284 2042/1186/1283
f 2213/1378/1274 2039/1183/1275 2040/1184/1284
f 2046/1380/1280 2048/1382/1285 2168/1381/1282
f 2048/1382/1285 2170/1383/1286 2168/1381/1282
f 2048/1382/1285 2050/1384/1287 2170/1383/1286
f 2057/1385/1288 2172/1387/1290 2055/1386/1289
f 2172/1387/1290 2054/1388/1291 2055/1386/1289
f 2172/1387/1290 2170/1383/1286 2054/1388/1291
f 2170/1383/1286 2051/1389/1292 2054/1388/1291
f 2170/1383/1286 2050/1384/1287 2051/1389/1292
f 2176/1368/1253 2174/1390/1293 2065/1367/1252
f 2065/1367/1252 2174/1390/1293 2062/1391/1294
f 2174/1390/1293 2060/1392/1295 2062/1391/1294
f 2174/1390/1293 2172/1387/1290 2060/1392/1295
f 2172/1387/1290 2059/1393/1296 2060/1392/1295
f 2172/1387/1290 2057/1385/1288 2059/1393/1296
f 2180/1394/1297 2178/1396/1299 2076/1395/1298
f 2178/1396/1299 2075/1397/1300 2076/1395/1298
f 2075/1397/1300 2178/1396/1299 2073/1398/1301
f 2178/1396/1299 2071/1399/1302 2073/1398/1301
f 2178/1396/1299 2176/1368/1253 2071/1399/1302
f 2176/1368/1253 2069/1400/1303 2071/1399/1302
f 2176/1368/1253 2067/1366/1251 2069/1400/1303
f 2084/1293/1304 2145/1289/1306 2182/1401/1305
f 2145/1289/1306 2184/1402/1307 2182/1401/1305
f 2145/1289/1306 2143/1287/1308 2184/1402/1307
f 2084/1293/1304 2182/1401/1305 2082/1403/1309
f 2182/1401/1305 2080/1404/1310 2082/1403/1309
f 2182/1401/1305 2180/1394/1297 2080/1404/1310
f 2180/1394/1297 2078/1405/1311 2080/1404/1310
f 2180/1394/1297 2076/1395/1298 2078/1405/1311
f 2186/1406/1312 2184/1402/1307 2139/1283/1313
f 2184/1402/1307 2141/1285/1314 2139/1283/1313
f 2184/1402/1307 2143/1287/1308 2141/1285/1314
f 2149/1297/1315 2152/1408/1317 2188/1407/1316
f 2152/1408/1317 2190/1409/1318 2188/1407/1316
f 2152/1408/1317 2153/1410/1319 2190/1409/1318
f 2149/1297/1315 2188/1407/1316 2147/1295/1320
f 2188/1407/1316 2146/1294/1321 2147/1295/1320
f 2188/1407/1316 2186/1406/1312 2146/1294/1321
f 2186/1406/1312 2137/1281/1322 2146/1294/1321
f 2186/1406/1312 2139/1283/1313 2137/1281/1322
f 2167/1411/1323 2195/1345/1325 2161/1412/1324
f 2195/1345/1325 2159/1413/1326 2161/1412/1324
f 2195/1345/1325 2193/1343/1327 2159/1413/1326
f 2193/1343/1327 2158/1414/1328 2159/1413/1326
f 2193/1343/1327 2190/1340/1318 2158/1414/1328
f 2190/1340/1318 2155/1415/1329 2158/1414/1328
f 2190/1409/1318 2153/1410/1319 2155/1416/1329
f 2132/1417/1330 2197/1347/1332 2134/1418/1331
f 2197/1347/1332 2164/1419/1333 2134/1418/1331
f 2197/1347/1332 2195/1345/1325 2164/1419/1333
f 2195/1345/1325 2166/1420/1334 2164/1419/1333
f 2195/1345/1325 2167/1411/1323 2166/1420/1334
f 2132/1417/1330 2130/1421/1335 2197/1347/1332
f 2130/1421/1335 2199/1349/1336 2197/1347/1332
f 2130/1421/1335 2128/1422/1337 2199/1349/1336
f 2120/1369/1254 2201/1351/1255 2122/1423/1338
f 2201/1351/1255 2124/1424/1339 2122/1423/1338
f 2201/1351/1255 2199/1349/1336 2124/1424/1339
f 2199/1349/1336 2126/1425/1340 2124/1424/1339
f 2199/1349/1336 2128/1422/1337 2126/1425/1340
f 2117/1426/1341 2204/1428/1343 2115/1427/1342
f 2087/1429/1344 2210/1431/1346 2101/1430/1345
f 2162/1432/1347 2196/1434/1349 2163/1433/1348
f 2196/1434/1349 2165/1435/1350 2163/1433/1348
f 2196/1434/1349 2198/1436/1351 2165/1435/1350
f 2162/1432/1347 2160/1437/1352 2196/1434/1349
f 2160/1437/1352 2194/1438/1353 2196/1434/1349
f 2160/1437/1352 2157/1439/1354 2194/1438/1353
f 2157/1439/1354 2192/1440/1355 2194/1438/1353
f 2157/1439/1354 2156/1441/1356 2192/1440/1355
f 2148/1298/1357 2191/1442/1359 2150/1300/1358
f 2191/1442/1359 2151/1301/1360 2150/1300/1358
f 2191/1442/1359 2192/1443/1355 2151/1301/1360
f 2192/1443/1355 2154/1304/1361 2151/1301/1360
f 2192/1440/1355 2156/1441/1356 2154/1444/1361
f 2148/1298/1357 2135/1445/1362 2191/1442/1359
f 2135/1445/1362 2189/1446/1363 2191/1442/1359
f 2135/1445/1362 2136/1447/1364 2189/1446/1363
f 2136/1447/1364 2138/1448/1365 2189/1446/1363
f 2138/1448/1365 2187/1449/1366 2189/1446/1363
f 2138/1448/1365 2140/1450/1367 2187/1449/1366
f 2083/1227/1368 2185/1451/1370 2085/1229/1369
f 2185/1451/1370 2144/1291/1371 2085/1229/1369
f 2185/1451/1370 2187/1449/1366 2144/1291/1371
f 2187/1449/1366 2142/1452/1372 2144/1291/1371
f 2187/1449/1366 2140/1450/1367 2142/1452/1372
f 2083/1227/1368 2081/1225/1373 2185/1451/1370
f 2081/1225/1373 2183/1453/1374 2185/1451/1370
f 2081/1225/1373 2079/1223/1375 2183/1453/1374
f 2079/1223/1375 2077/1221/1376 2183/1453/1374
f 2077/1221/1376 2181/1454/1377 2183/1453/1374
f 2077/1221/1376 2074/1218/1378 2181/1454/1377
f 2074/1218/1378 2072/1216/1379 2181/1454/1377
f 2072/1455/1379 2179/1329/1380 2181/1331/1377
f 2072/1455/1379 2070/1456/1381 2179/1329/1380
f 2070/1456/1381 2068/1457/1382 2179/1329/1380
f 2068/1457/1382 2177/1327/1383 2179/1329/1380
f 2068/1457/1382 2066/1458/1384 2177/1327/1383
f 2175/1325/1385 2177/1327/1383 2063/1459/1386
f 2177/1327/1383 2064/1460/1387 2063/1459/1386
f 2177/1327/1383 2066/1458/1384 2064/1460/1387
f 2173/1323/1388 2175/1325/1385 2058/1461/1389
f 2175/1325/1385 2061/1462/1390 2058/1461/1389
f 2175/1325/1385 2063/1459/1386 2061/1462/1390
f 2171/1321/1391 2173/1323/1388 2053/1463/1392
f 2173/1323/1388 2056/1464/1393 2053/1463/1392
f 2173/1323/1388 2058/1461/1389 2056/1464/1393
f 2169/1319/1394 2171/1321/1391 2049/1465/1395
f 2171/1321/1391 2052/1466/1396 2049/1465/1395
f 2171/1321/1391 2053/1463/1392 2052/1466/1396
f 2041/1467/1397 2215/1469/1399 2043/1468/1398
f 2215/1469/1399 2045/1470/1400 2043/1468/1398
f 2215/1365/1399 2169/1319/1394 2045/1471/1400
f 2169/1319/1394 2047/1472/1401 2045/1471/1400
f 2169/1319/1394 2049/1465/1395 2047/1472/1401
f 2214/1473/1402 2092/1475/1404 2094/1474/1403
f 2214/1473/1402 2215/1469/1399 2092/1475/1404
f 2215/1469/1399 2038/1476/1405 2092/1475/1404
f 2215/1469/1399 2041/1467/1397 2038/1476/1405
f 2090/1477/1406 2212/1479/1408 2100/1478/1407
f 2212/1479/1408 2098/1480/1409 2100/1478/1407
f 2212/1479/1408 2214/1473/1402 2098/1480/1409
f 2214/1473/1402 2099/1481/1410 2098/1480/1409
f 2214/1473/1402 2094/1474/1403 2099/1481/1410
f 2210/1431/1346 2212/1479/1408 2101/1430/1345
f 2212/1479/1408 2091/1482/1411 2101/1430/1345
f 2212/1479/1408 2090/1477/1406 2091/1482/1411
f 2208/1483/1412 2210/1431/1346 2107/1484/1413
f 2210/1431/1346 2088/1485/1414 2107/1484/1413
f 2210/1431/1346 2087/1429/1344 2088/1485/1414
f 2204/1428/1343 2206/1486/1415 2115/1427/1342
f 2115/1427/1342 2206/1486/1415 2113/1487/1416
f 2206/1486/1415 2111/1488/1417 2113/1487/1416
f 2206/1486/1415 2208/1483/1412 2111/1488/1417
f 2208/1483/1412 2108/1489/1418 2111/1488/1417
f 2208/1483/1412 2107/1484/1413 2108/1489/1418
f 2200/1490/1419 2202/1492/1421 2127/1491/1420
f 2202/1492/1421 2125/1493/1422 2127/1491/1420
f 2125/1493/1422 2202/1492/1421 2123/1494/1423
f 2202/1492/1421 2121/1495/1424 2123/1494/1423
f 2202/1492/1421 2204/1428/1425 2121/1495/1424
f 2204/1428/1425 2118/1496/1426 2121/1495/1424
f 2204/1428/1343 2117/1426/1341 2118/1496/1427
f 2165/1435/1350 2198/1436/1351 2133/1497/1428
f 2198/1436/1351 2131/1498/1429 2133/1497/1428
f 2198/1436/1351 2200/1490/1419 2131/1498/1429
f 2200/1490/1419 2129/1499/1430 2131/1498/1429
f 2200/1490/1419 2127/1491/1420 2129/1499/1430
f 2216/1500/1431 2218/1502/1433 2217/1501/1432
f 2219/1503/1434 2221/1505/1436 2220/1504/1435
f 2222/1506/1437 2224/1508/1439 2223/1507/1438
f 2225/1506/1440 2227/1510/1442 2226/1509/1441
f 2227/1511/1442 2228/1513/1443 2226/1512/1441
f 2224/1508/1439 2225/1514/1440 2223/1507/1438
f 2225/1515/1440 2229/1517/1444 2223/1516/1438
f 2225/1506/1440 2226/1509/1441 2229/1518/1444
f 2221/1505/1436 2224/1519/1439 2220/1504/1435
f 2224/1519/1439 2230/1520/1445 2220/1504/1435
f 2224/1519/1439 2222/1521/1437 2230/1520/1445
f 2218/1502/1433 2221/1505/1436 2217/1501/1432
f 2221/1505/1436 2231/1522/1446 2217/1501/1432
f 2221/1505/1436 2219/1503/1434 2231/1522/1446
f 2232/1523/1447 2234/1525/1449 2233/1524/1448
f 2234/1525/1449 2235/1526/1450 2233/1524/1448
f 2234/1525/1449 2236/1527/1451 2235/1526/1450
f 2232/1523/1447 2233/1524/1448 2237/1528/1452
f 2233/1529/1448 2238/1531/1453 2237/1530/1452
f 2233/1529/1448 2218/1502/1433 2238/1531/1453
f 2218/1502/1433 2239/1532/1454 2238/1531/1453
f 2218/1502/1433 2216/1500/1431 2239/1532/1454
f 2240/1533/1455 2242/1535/1457 2241/1534/1456
f 2242/1535/1457 2243/1536/1458 2241/1534/1456
f 2242/1535/1457 2235/1526/1450 2243/1536/1458
f 2235/1526/1450 2244/1537/1459 2243/1536/1458
f 2235/1526/1450 2236/1527/1451 2244/1537/1459
f 2240/1533/1455 2245/1538/1460 2242/1535/1457
f 2245/1538/1460 2246/1539/1461 2242/1535/1457
f 2245/1538/1460 2247/1540/1462 2246/1539/1461
f 2247/1540/1462 2248/1541/1463 2246/1539/1461
f 2248/1541/1463 2249/1542/1464 2246/1539/1461
f 2248/1541/1463 2250/1543/1465 2249/1542/1464
f 2251/1544/1466 2249/1542/1464 2252/1545/1467
f 2249/1542/1464 2253/1546/1468 2252/1545/1467
f 2249/1542/1464 2250/1543/1465 2253/1546/1468
f 2254/1547/1469 2256/1549/1471 2255/1548/1470
f 2256/1549/1471 2257/1550/1472 2255/1548/1470
f 2256/1549/1471 2251/1544/1466 2257/1550/1472
f 2251/1544/1466 2258/1551/1473 2257/1550/1472
f 2251/1544/1466 2252/1545/1467 2258/1551/1473
f 2259/1552/1474 2260/1554/1476 2254/1553/1475
f 2260/1555/1477 2256/1557/1471 2254/1556/1469
f 2260/1554/1477 2261/1559/1478 2256/1558/1471
f 2261/1560/1478 2227/1562/1442 2256/1561/1471
f 2261/1560/1478 2262/1563/1479 2227/1562/1442
f 2262/1563/1479 2228/1564/1443 2227/1562/1442
f 2263/1565/1480 2265/1567/1482 2264/1566/1481
f 2266/1568/1483 2268/1570/1485 2267/1569/1484
f 2269/1571/1486 2271/1573/1488 2270/1572/1487
f 2271/1574/1488 2204/1576/1489 2270/1575/1487
f 2271/1574/1488 2118/1577/1490 2204/1576/1489
f 2118/1578/1491 2272/1580/1493 2204/1579/1492
f 2273/1581/1494 2275/1583/1496 2274/1582/1495
f 2275/1583/1496 2276/1584/1497 2274/1582/1495
f 2275/1583/1496 2204/1576/1492 2276/1584/1497
f 2204/1579/1492 2277/1586/1498 2276/1585/1497
f 2204/1579/1492 2272/1580/1493 2277/1586/1498
f 2278/1587/1499 2275/1583/1496 2279/1588/1500
f 2275/1583/1496 2280/1589/1501 2279/1588/1500
f 2275/1583/1496 2273/1581/1494 2280/1589/1501
f 2281/1590/1502 2282/1592/1504 2038/1591/1503
f 2282/1592/1504 2283/1593/1505 2038/1591/1503
f 2282/1592/1504 2278/1587/1499 2283/1593/1505
f 2278/1587/1499 2284/1594/1506 2283/1593/1505
f 2278/1587/1499 2279/1588/1500 2284/1594/1506
f 2285/1595/1507 2282/1597/1504 2286/1596/1508
f 2282/1597/1504 2287/1598/1509 2286/1596/1508
f 2282/1592/1504 2281/1590/1502 2287/1599/1509
f 2288/1600/1510 2285/1595/1507 2289/1601/1511
f 2285/1595/1507 2290/1602/1512 2289/1601/1511
f 2285/1595/1507 2286/1596/1508 2290/1602/1512
f 2291/1603/1513 2293/1605/1515 2292/1604/1514
f 2293/1605/1515 2294/1606/1516 2292/1604/1514
f 2293/1605/1515 2285/1595/1507 2294/1606/1516
f 2285/1595/1507 2295/1607/1517 2294/1606/1516
f 2285/1595/1507 2288/1600/1510 2295/1607/1517
f 2268/1570/1485 2293/1605/1515 2267/1569/1484
f 2293/1605/1515 2296/1608/1518 2267/1569/1484
f 2293/1605/1515 2291/1603/1513 2296/1608/1518
f 2265/1567/1482 2297/1609/1519 2264/1566/1481
f 2297/1609/1519 2298/1610/1520 2264/1566/1481
f 2297/1609/1519 2299/1611/1521 2298/1610/1520
f 2299/1611/1521 2297/1609/1519 2085/1612/1522
f 2297/1609/1519 2300/1613/1523 2085/1612/1522
f 2297/1609/1519 2268/1570/1485 2300/1613/1523
f 2268/1570/1485 2301/1614/1524 2300/1613/1523
f 2268/1570/1485 2266/1568/1483 2301/1614/1524
f 2302/1615/1525 2304/1617/1527 2303/1616/1526
f 2304/1617/1527 2305/1618/1528 2303/1616/1526
f 2302/1615/1525 2303/1616/1526 2306/1619/1529
f 2303/1620/1526 2307/1622/1530 2306/1621/1529
f 2303/1620/1526 2265/1567/1482 2307/1622/1530
f 2265/1567/1482 2308/1623/1531 2307/1622/1530
f 2265/1567/1482 2263/1565/1480 2308/1623/1531
f 2269/1571/1486 2270/1572/1487 2309/1624/1532
f 2270/1572/1487 2133/1625/1533 2309/1624/1532
f 2270/1626/1487 2305/1628/1528 2133/1627/1533
f 2305/1618/1528 2310/1630/1534 2133/1629/1533
f 2305/1618/1528 2304/1617/1527 2310/1630/1534
f 2222/1521/1535 2311/1631/1537 2230/1520/1536
f 2312/1632/1538 2228/1513/1540 2262/1633/1539
f 2228/1513/1540 2312/1632/1538 2226/1512/1541
f 2312/1632/1538 2229/1517/1542 2226/1512/1541
f 2312/1632/1538 2311/1631/1537 2229/1517/1542
f 2311/1631/1537 2223/1516/1543 2229/1517/1542
f 2311/1631/1537 2222/1521/1535 2223/1516/1543
f 2562/1634/1544 2564/1636/1546 2563/1635/1545
f 2565/1637/1547 2567/1639/1549 2566/1638/1548
f 2567/1639/1549 2568/1640/1550 2566/1638/1548
f 2567/1639/1549 2569/1641/1551 2568/1640/1550
f 2570/1642/1552 2567/1639/1549 2571/1643/1553
f 2567/1639/1549 2572/1644/1554 2571/1643/1553
f 2567/1639/1549 2565/1637/1547 2572/1644/1554
f 2570/1642/1552 2564/1636/1546 2567/1639/1549
f 2564/1636/1546 2573/1645/1555 2567/1639/1549
f 2564/1636/1546 2562/1634/1544 2573/1645/1555
f 2567/1639/1549 2574/1646/1556 2569/1641/1551
f 2575/1647/1557 2577/1649/1559 2576/1648/1558
f 2574/1646/1556 2579/1651/1561 2578/1650/1560
f 2579/1651/1561 2580/1652/1562 2578/1650/1560
f 2579/1651/1561 2577/1653/1559 2580/1652/1562
f 2577/1649/1559 2581/1655/1563 2580/1654/1562
f 2577/1649/1559 2575/1647/1557 2581/1655/1563
f 2582/1656/1564 2567/1639/1549 2573/1645/1555
f 2567/1639/1549 2582/1656/1564 2574/1646/1556
f 2582/1656/1564 2579/1651/1561 2574/1646/1556
f 2582/1656/1564 2583/1657/1565 2579/1651/1561
f 2583/1657/1565 2577/1653/1559 2579/1651/1561
f 2583/1657/1565 2584/1658/1566 2577/1653/1559
f 2584/1659/1566 2576/1648/1558 2577/1649/1559
f 2584/1659/1566 2585/1660/1567 2576/1648/1558
f 2586/1661/1568 2588/1663/1570 2587/1662/1569
f 2589/1664/1571 2591/1666/1573 2590/1665/1572
f 2589/1664/1571 2586/1661/1568 2591/1666/1573
f 2592/1667/1574 2586/1661/1568 2593/1668/1575
f 2592/1667/1574 2594/1669/1576 2586/1661/1568
f 2586/1661/1568 2594/1669/1576 2588/1663/1570
f 2594/1669/1576 2595/1670/1577 2588/1663/1570
f 2594/1671/1576 2596/1673/1578 2595/1672/1577
f 2597/1674/1579 2576/1648/1558 2585/1660/1567
f 2598/1675/1580 2587/1662/1569 2599/1676/1581
f 2587/1662/1569 2600/1677/1582 2599/1676/1581
f 2587/1662/1569 2588/1663/1570 2600/1677/1582
f 2588/1663/1570 2597/1678/1579 2600/1677/1582
f 2588/1663/1570 2595/1670/1577 2597/1678/1579
f 2595/1672/1577 2576/1648/1558 2597/1674/1579
f 2595/1672/1577 2596/1673/1578 2576/1648/1558
f 2596/1673/1578 2575/1647/1557 2576/1648/1558
f 2586/1661/1568 2587/1662/1569 2591/1666/1573
f 2587/1662/1569 2601/1679/1583 2591/1666/1573
f 2587/1662/1569 2598/1675/1580 2601/1679/1583
f 2602/1680/1584 2604/1682/1586 2603/1681/1585
f 2605/1683/1587 2607/1685/1589 2606/1684/1588
f 2607/1685/1589 2603/1681/1585 2606/1684/1588
f 2608/1686/1590 2610/1688/1592 2609/1687/1591
f 2610/1688/1592 2605/1683/1587 2609/1687/1591
f 2598/1675/1580 2608/1689/1590 2601/1679/1583
f 2604/1682/1586 2602/1680/1584 2611/1690/1593
f 2602/1680/1584 2612/1691/1594 2611/1690/1593
f 2602/1680/1584 2613/1692/1595 2612/1691/1594
f 2613/1692/1595 2614/1693/1596 2612/1691/1594
f 2613/1692/1595 2615/1694/1597 2614/1693/1596
f 2615/1694/1597 2616/1695/1598 2614/1693/1596
f 2615/1694/1597 2617/1696/1599 2616/1695/1598
f 2617/1696/1599 2618/1697/1600 2616/1695/1598
f 2617/1696/1599 2619/1698/1601 2618/1697/1600
f 2603/1681/1585 2607/1685/1589 2602/1680/1584
f 2607/1685/1589 2613/1692/1595 2602/1680/1584
f 2607/1685/1589 2620/1699/1602 2613/1692/1595
f 2620/1699/1602 2615/1694/1597 2613/1692/1595
f 2620/1699/1602 2621/1700/1603 2615/1694/1597
f 2621/1700/1603 2617/1696/1599 2615/1694/1597
f 2621/1700/1603 2622/1701/1604 2617/1696/1599
f 2622/1701/1604 2619/1698/1601 2617/1696/1599
f 2622/1701/1604 2623/1702/1605 2619/1698/1601
f 2605/1683/1587 2610/1688/1592 2607/1685/1589
f 2610/1688/1592 2620/1699/1602 2607/1685/1589
f 2610/1688/1592 2624/1703/1606 2620/1699/1602
f 2624/1703/1606 2621/1700/1603 2620/1699/1602
f 2624/1703/1606 2625/1704/1607 2621/1700/1603
f 2625/1704/1607 2622/1701/1604 2621/1700/1603
f 2625/1704/1607 2626/1705/1608 2622/1701/1604
f 2626/1705/1608 2623/1702/1605 2622/1701/1604
f 2626/1705/1608 2627/1706/1609 2623/1702/1605
f 2608/1689/1590 2598/1675/1580 2610/1707/1592
f 2598/1675/1580 2624/1708/1606 2610/1707/1592
f 2598/1675/1580 2599/1676/1581 2624/1708/1606
f 2599/1709/1581 2625/1704/1607 2624/1703/1606
f 2599/1709/1581 2600/1710/1582 2625/1704/1607
f 2600/1710/1582 2626/1705/1608 2625/1704/1607
f 2600/1710/1582 2597/1711/1579 2626/1705/1608
f 2597/1711/1579 2627/1706/1609 2626/1705/1608
f 2597/1711/1579 2585/1712/1567 2627/1706/1609
f 2628/1713/1610 2630/1715/1612 2629/1714/1611
f 2630/1715/1612 2631/1716/1613 2629/1714/1611
f 2630/1715/1612 2632/1717/1614 2631/1716/1613
f 2632/1717/1614 2633/1718/1615 2631/1716/1613
f 2632/1717/1614 2634/1719/1616 2633/1718/1615
f 2634/1719/1616 2635/1720/1617 2633/1718/1615
f 2634/1721/1616 2582/1656/1564 2635/1722/1617
f 2582/1656/1564 2573/1645/1555 2635/1722/1617
f 2636/1723/1618 2637/1724/1619 2628/1713/1610
f 2637/1724/1619 2630/1715/1612 2628/1713/1610
f 2637/1724/1619 2638/1725/1620 2630/1715/1612
f 2638/1725/1620 2632/1717/1614 2630/1715/1612
f 2638/1725/1620 2639/1726/1621 2632/1717/1614
f 2639/1726/1621 2634/1719/1616 2632/1717/1614
f 2639/1727/1621 2583/1657/1565 2634/1721/1616
f 2583/1657/1565 2582/1656/1564 2634/1721/1616
f 2640/1728/1622 2641/1729/1623 2636/1723/1618
f 2641/1729/1623 2637/1724/1619 2636/1723/1618
f 2641/1729/1623 2642/1730/1624 2637/1724/1619
f 2642/1730/1624 2638/1725/1620 2637/1724/1619
f 2642/1730/1624 2643/1731/1625 2638/1725/1620
f 2643/1731/1625 2639/1726/1621 2638/1725/1620
f 2643/1731/1625 2584/1732/1566 2639/1726/1621
f 2584/1732/1566 2583/1733/1565 2639/1726/1621
f 2618/1697/1600 2619/1698/1601 2640/1728/1622
f 2619/1698/1601 2641/1729/1623 2640/1728/1622
f 2619/1698/1601 2623/1702/1605 2641/1729/1623
f 2623/1702/1605 2642/1730/1624 2641/1729/1623
f 2623/1702/1605 2627/1706/1609 2642/1730/1624
f 2627/1706/1609 2643/1731/1625 2642/1730/1624
f 2627/1706/1609 2585/1712/1567 2643/1731/1625
f 2585/1712/1567 2584/1732/1566 2643/1731/1625
f 2644/1734/1626 2646/1736/1628 2645/1735/1627
f 2646/1737/1628 2563/1635/1545 2645/1738/1627
f 2646/1737/1628 2562/1634/1544 2563/1635/1545
f 2647/1739/1629 2644/1734/1626 2648/1740/1630
f 2644/1734/1626 2649/1741/1631 2648/1740/1630
f 2644/1734/1626 2645/1735/1627 2649/1741/1631
f 2650/1742/1632 2647/1739/1629 2651/1743/1633
f 2647/1739/1629 2652/1744/1634 2651/1743/1633
f 2652/1744/1634 2647/1739/1629 2653/1745/1635
f 2647/1739/1629 2654/1746/1636 2653/1745/1635
f 2647/1739/1629 2648/1740/1630 2654/1746/1636
f 2629/1714/1611 2631/1716/1613 2650/1742/1632
f 2631/1716/1613 2647/1739/1629 2650/1742/1632
f 2631/1716/1613 2633/1718/1615 2647/1739/1629
f 2633/1718/1615 2644/1734/1626 2647/1739/1629
f 2633/1718/1615 2635/1720/1617 2644/1734/1626
f 2635/1720/1617 2646/1736/1628 2644/1734/1626
f 2635/1722/1617 2573/1645/1555 2646/1737/1628
f 2573/1645/1555 2562/1634/1544 2646/1737/1628
f 2655/1747/1637 2657/1749/1639 2656/1748/1638
f 2658/1750/1640 2659/1751/1641 2655/1747/1637
f 2660/1752/1642 2661/1753/1643 2658/1750/1640
f 2662/1754/1644 2663/1755/1645 2660/1752/1642
f 2655/1747/1637 2659/1751/1641 2657/1749/1639
f 2659/1751/1641 2664/1756/1646 2657/1749/1639
f 2659/1751/1641 2665/1757/1647 2664/1756/1646
f 2665/1757/1647 2666/1758/1648 2664/1756/1646
f 2665/1757/1647 2667/1759/1649 2666/1758/1648
f 2667/1759/1649 2668/1760/1650 2666/1758/1648
f 2667/1759/1649 2669/1761/1651 2668/1760/1650
f 2669/1761/1651 2670/1762/1652 2668/1760/1650
f 2669/1761/1651 2671/1763/1653 2670/1762/1652
f 2671/1763/1653 2672/1764/1654 2670/1762/1652
f 2671/1763/1653 2673/1765/1655 2672/1764/1654
f 2658/1750/1640 2661/1753/1643 2659/1751/1641
f 2661/1753/1643 2665/1757/1647 2659/1751/1641
f 2661/1753/1643 2674/1766/1656 2665/1757/1647
f 2674/1766/1656 2667/1759/1649 2665/1757/1647
f 2674/1766/1656 2675/1767/1657 2667/1759/1649
f 2675/1767/1657 2669/1761/1651 2667/1759/1649
f 2675/1767/1657 2676/1768/1658 2669/1761/1651
f 2676/1768/1658 2671/1763/1653 2669/1761/1651
f 2676/1768/1658 2677/1769/1659 2671/1763/1653
f 2677/1769/1659 2673/1765/1655 2671/1763/1653
f 2677/1769/1659 2678/1770/1660 2673/1765/1655
f 2660/1752/1642 2663/1755/1645 2661/1753/1643
f 2663/1755/1645 2674/1766/1656 2661/1753/1643
f 2663/1755/1645 2679/1771/1661 2674/1766/1656
f 2679/1771/1661 2675/1767/1657 2674/1766/1656
f 2679/1771/1661 2680/1772/1662 2675/1767/1657
f 2680/1772/1662 2676/1768/1658 2675/1767/1657
f 2680/1772/1662 2681/1773/1663 2676/1768/1658
f 2681/1773/1663 2677/1769/1659 2676/1768/1658
f 2681/1773/1663 2682/1774/1664 2677/1769/1659
f 2682/1774/1664 2678/1770/1660 2677/1769/1659
f 2682/1774/1664 2683/1775/1665 2678/1770/1660
f 2662/1754/1644 2684/1776/1666 2663/1755/1645
f 2684/1776/1666 2679/1771/1661 2663/1755/1645
f 2684/1776/1666 2685/1777/1667 2679/1771/1661
f 2685/1777/1667 2680/1772/1662 2679/1771/1661
f 2685/1777/1667 2686/1778/1668 2680/1772/1662
f 2686/1778/1668 2681/1773/1663 2680/1772/1662
f 2686/1778/1668 2687/1779/1669 2681/1773/1663
f 2687/1779/1669 2682/1774/1664 2681/1773/1663
f 2687/1779/1669 2688/1780/1670 2682/1774/1664
f 2688/1780/1670 2683/1775/1665 2682/1774/1664
f 2688/1780/1670 2689/1781/1671 2683/1775/1665
f 2690/1782/1672 2691/1784/1673 2662/1783/1644
f 2691/1785/1673 2684/1776/1666 2662/1754/1644
f 2691/1785/1673 2692/1786/1674 2684/1776/1666
f 2692/1786/1674 2685/1777/1667 2684/1776/1666
f 2692/1786/1674 2693/1787/1675 2685/1777/1667
f 2693/1787/1675 2686/1778/1668 2685/1777/1667
f 2693/1787/1675 2694/1788/1676 2686/1778/1668
f 2694/1788/1676 2687/1779/1669 2686/1778/1668
f 2694/1788/1676 2695/1789/1677 2687/1779/1669
f 2695/1789/1677 2688/1780/1670 2687/1779/1669
f 2695/1789/1677 2696/1790/1678 2688/1780/1670
f 2696/1790/1678 2689/1781/1671 2688/1780/1670
f 2696/1790/1678 2697/1791/1679 2689/1781/1671
f 2697/1791/1679 2698/1792/1680 2689/1781/1671
f 2698/1792/1680 2699/1793/1681 2689/1781/1671
f 2698/1792/1680 2563/1794/1682 2699/1793/1681
f 2563/1794/1682 2564/1795/1683 2699/1793/1681
f 2700/1796/1684 2570/1798/1686 2571/1797/1685
f 2570/1798/1686 2699/1793/1681 2564/1795/1683
f 2568/1799/1687 2701/1801/1689 2566/1800/1688
f 2701/1801/1689 2565/1802/1690 2566/1800/1688
f 2701/1801/1689 2700/1796/1684 2565/1802/1690
f 2700/1796/1684 2572/1803/1691 2565/1802/1690
f 2700/1796/1684 2571/1797/1685 2572/1803/1691
f 2672/1764/1654 2673/1765/1655 2701/1801/1689
f 2673/1765/1655 2700/1796/1684 2701/1801/1689
f 2673/1765/1655 2678/1770/1660 2700/1796/1684
f 2678/1770/1660 2570/1798/1686 2700/1796/1684
f 2678/1770/1660 2683/1775/1665 2570/1798/1686
f 2683/1775/1665 2699/1793/1681 2570/1798/1686
f 2683/1775/1665 2689/1781/1671 2699/1793/1681
f 2702/1804/1692 2704/1806/1694 2703/1805/1693
f 2704/1806/1694 2705/1807/1695 2703/1805/1693
s 0
f 2704/1806/1696 2706/1808/1696 2705/1807/1696
s 1
f 2706/1808/1697 2707/1809/1699 2705/1807/1698
f 2704/1806/1694 2702/1804/1692 2708/1810/1700
f 2702/1804/1692 2709/1811/1701 2708/1810/1700
f 2702/1804/1692 2703/1805/1693 2709/1811/1701
f 2703/1805/1693 2710/1812/1702 2709/1811/1701
f 2703/1805/1693 2711/1813/1703 2710/1812/1702
f 2712/1814/1704 2714/1816/1706 2713/1815/1705
f 2715/1817/1707 2717/1819/1709 2716/1818/1708
f 2717/1819/1709 2718/1820/1710 2716/1818/1708
f 2710/1812/1702 2718/1820/1710 2709/1811/1701
f 2719/1821/1711 2721/1823/1713 2720/1822/1712
f 2711/1813/1703 2722/1824/1714 2710/1812/1702
f 2722/1824/1714 2723/1825/1715 2710/1812/1702
f 2722/1826/1714 2721/1828/1713 2723/1827/1715
f 2721/1829/1713 2724/1830/1716 2723/1825/1715
f 2721/1829/1713 2719/1831/1711 2724/1830/1716
f 2710/1812/1702 2723/1825/1715 2718/1820/1710
f 2723/1825/1715 2716/1818/1708 2718/1820/1710
f 2723/1825/1715 2724/1830/1716 2716/1818/1708
f 2724/1830/1716 2715/1817/1707 2716/1818/1708
f 2724/1830/1716 2714/1816/1706 2715/1817/1707
f 2714/1816/1706 2717/1819/1709 2715/1817/1707
f 2714/1816/1706 2712/1814/1704 2717/1819/1709
f 2728/1832/1717 2729/1834/1719 2727/1833/1718
f 2728/1832/1717 2730/1835/1720 2729/1834/1719
f 2730/1835/1720 2731/1836/1721 2729/1834/1719
f 2730/1835/1720 2732/1837/1722 2731/1836/1721
f 2732/1837/1722 2733/1838/1723 2731/1836/1721
f 2732/1837/1722 2734/1839/1724 2733/1838/1723
f 2734/1839/1724 2735/1840/1725 2733/1838/1723
f 2734/1839/1724 2736/1841/1726 2735/1840/1725
f 2736/1841/1726 2737/1842/1727 2735/1840/1725
f 2736/1841/1726 2738/1843/1728 2737/1842/1727
f 2740/1844/1729 2730/1835/1720 2728/1832/1717
f 2740/1844/1729 2741/1845/1730 2730/1835/1720
f 2741/1845/1730 2732/1837/1722 2730/1835/1720
f 2741/1845/1730 2742/1846/1731 2732/1837/1722
f 2742/1846/1731 2734/1839/1724 2732/1837/1722
f 2742/1846/1731 2743/1847/1732 2734/1839/1724
f 2743/1847/1732 2736/1841/1726 2734/1839/1724
f 2743/1847/1732 2744/1848/1733 2736/1841/1726
f 2744/1848/1733 2738/1843/1728 2736/1841/1726
f 2744/1848/1733 2745/1849/1734 2738/1843/1728
f 2746/1850/1735 2748/1852/1737 2747/1851/1736
f 2749/1853/1738 2751/1855/1740 2750/1854/1739
f 2752/1856/1741 2750/1854/1739 2746/1850/1735
f 2750/1854/1739 2752/1856/1741 2749/1853/1738
f 2752/1856/1741 2753/1857/1742 2749/1853/1738
f 2752/1856/1741 2754/1858/1743 2753/1857/1742
f 2754/1858/1743 2752/1856/1741 2755/1859/1744
f 2752/1856/1741 2756/1860/1745 2755/1859/1744
f 2752/1856/1741 2746/1850/1735 2756/1860/1745
f 2746/1850/1735 2757/1861/1746 2756/1860/1745
f 2746/1850/1735 2747/1851/1736 2757/1861/1746
f 2758/1862/1747 2759/1863/1748 2754/1858/1743
f 2759/1863/1748 2753/1857/1742 2754/1858/1743
f 2759/1863/1748 2760/1864/1749 2753/1857/1742
f 2760/1864/1749 2749/1853/1738 2753/1857/1742
f 2760/1864/1749 2761/1865/1750 2749/1853/1738
f 2761/1865/1750 2751/1855/1740 2749/1853/1738
f 2761/1865/1750 2762/1866/1751 2751/1855/1740
f 2758/1862/1747 2754/1858/1743 2763/1867/1752
f 2754/1858/1743 2764/1868/1753 2763/1867/1752
f 2754/1858/1743 2755/1859/1744 2764/1868/1753
f 2755/1859/1744 2765/1869/1754 2764/1868/1753
f 2755/1859/1744 2756/1860/1745 2765/1869/1754
f 2756/1860/1745 2766/1870/1755 2765/1869/1754
f 2756/1860/1745 2757/1861/1746 2766/1870/1755
f 2757/1861/1746 2767/1871/1756 2766/1870/1755
f 2757/1861/1746 2747/1851/1736 2767/1871/1756
f 2747/1851/1736 2768/1872/1757 2767/1871/1756
f 2747/1851/1736 2748/1852/1737 2768/1872/1757
f 2748/1852/1737 2769/1873/1758 2768/1872/1757
f 2746/1850/1735 2773/1874/1759 2748/1852/1737
f 2779/1875/1760 2750/1854/1739 2751/1855/1740
f 2779/1875/1760 2751/1855/1740 2762/1866/1751
f 2748/1852/1737 2773/1874/1759 2769/1873/1758
f 2773/1874/1759 2750/1854/1739 2779/1875/1760
f 2773/1874/1759 2746/1850/1735 2750/1854/1739
f 2948/1876/1761 2950/1878/1763 2949/1877/1762
f 2950/1878/1763 2951/1879/1764 2949/1877/1762
f 2950/1878/1763 2952/1880/1765 2951/1879/1764
f 2953/1881/1766 2954/1882/1767 2952/1880/1765
f 2954/1882/1767 2951/1879/1764 2952/1880/1765
f 2954/1882/1767 2955/1883/1768 2951/1879/1764
f 2955/1883/1768 2949/1877/1762 2951/1879/1764
f 2955/1883/1768 2956/1884/1769 2949/1877/1762
f 2955/1883/1768 2957/1885/1770 2956/1884/1769
f 2957/1885/1770 2958/1886/1771 2956/1884/1769
f 2957/1885/1770 2959/1887/1772 2958/1886/1771
f 2959/1887/1772 2960/1888/1773 2958/1886/1771
f 2959/1887/1772 2961/1889/1774 2960/1888/1773
f 2962/1890/1775 2964/1892/1777 2963/1891/1776
f 2965/1893/1778 2967/1895/1780 2966/1894/1779
f 2968/1896/1781 2970/1898/1783 2969/1897/1782
f 2970/1898/1783 2971/1899/1784 2969/1897/1782
f 2972/1900/1785 2974/1902/1787 2973/1901/1786
f 2974/1902/1787 2975/1903/1788 2973/1901/1786
f 2974/1902/1787 2976/1904/1789 2975/1903/1788
f 2976/1904/1789 2971/1899/1784 2975/1903/1788
f 2976/1904/1789 2977/1905/1790 2971/1899/1784
f 2977/1905/1790 2969/1897/1782 2971/1899/1784
f 2977/1905/1790 2978/1906/1791 2969/1897/1782
f 2978/1906/1791 2977/1905/1790 2962/1890/1775
f 2977/1905/1790 2964/1892/1777 2962/1890/1775
f 2977/1905/1790 2976/1904/1789 2964/1892/1777
f 2976/1904/1789 2965/1893/1778 2964/1892/1777
f 2976/1904/1789 2974/1902/1787 2965/1893/1778
f 2974/1902/1787 2967/1895/1780 2965/1893/1778
f 2974/1902/1787 2972/1900/1785 2967/1895/1780
f 2972/1900/1785 2979/1907/1792 2967/1895/1780
f 2980/1908/1793 2962/1890/1775 2963/1891/1776
f 2968/1896/1781 2969/1897/1782 2981/1909/1794
f 2969/1897/1782 2982/1910/1795 2981/1909/1794
f 2969/1897/1782 2978/1906/1791 2982/1910/1795
f 2978/1906/1791 2983/1911/1796 2982/1910/1795
f 2978/1906/1791 2962/1890/1775 2983/1911/1796
f 2962/1890/1775 2984/1912/1797 2983/1911/1796
f 2962/1890/1775 2980/1908/1793 2984/1912/1797
f 2980/1908/1793 2985/1913/1798 2984/1912/1797
f 2959/1887/1772 2986/1914/1799 2961/1889/1774
f 2983/1911/1796 2984/1912/1797 2987/1915/1800
f 2984/1912/1797 2985/1913/1798 2987/1915/1800
f 2986/1914/1799 2959/1887/1772 2987/1915/1800
f 2959/1887/1772 2983/1911/1796 2987/1915/1800
f 2959/1887/1772 2957/1885/1770 2983/1911/1796
f 2957/1885/1770 2982/1910/1795 2983/1911/1796
f 2982/1910/1795 2988/1916/1801 2981/1909/1794
f 2988/1916/1801 2982/1910/1795 2989/1917/1802
f 2982/1910/1795 2955/1883/1768 2989/1917/1802
f 2982/1910/1795 2957/1885/1770 2955/1883/1768
f 2981/1909/1794 2990/1918/1803 2968/1896/1781
f 2991/1919/1804 2993/1921/1806 2992/1920/1805
f 2993/1921/1806 2994/1922/1807 2992/1920/1805
f 2993/1921/1806 2988/1916/1801 2994/1922/1807
f 2994/1922/1807 2954/1882/1767 2953/1881/1766
f 2988/1916/1801 2989/1917/1802 2994/1922/1807
f 2989/1917/1802 2954/1882/1767 2994/1922/1807
f 2989/1917/1802 2955/1883/1768 2954/1882/1767
f 2995/1923/1808 2990/1918/1803 2991/1919/1804
f 2990/1918/1803 2993/1921/1806 2991/1919/1804
f 2990/1918/1803 2981/1909/1794 2993/1921/1806
f 2981/1909/1794 2988/1916/1801 2993/1921/1806
f 2996/1924/1809 2998/1926/1811 2997/1925/1810
f 2999/1927/1812 3001/1929/1814 3000/1928/1813
f 3001/1929/1814 3002/1930/1815 3000/1928/1813
f 3001/1929/1814 3003/1931/1816 3002/1930/1815
f 2996/1924/1809 3005/1933/1818 3004/1932/1817
f 3005/1933/1818 3006/1934/1819 3004/1932/1817
f 2996/1924/1809 3004/1932/1817 2998/1926/1811
f 3004/1932/1817 3007/1935/1820 2998/1926/1811
f 3004/1932/1817 3008/1936/1821 3007/1935/1820
f 3008/1936/1821 3009/1937/1822 3007/1935/1820
f 3008/1936/1821 3010/1938/1823 3009/1937/1822
f 3011/1939/1824 3012/1940/1825 2972/1900/1785
f 3012/1940/1825 2979/1907/1792 2972/1900/1785
f 3012/1940/1825 3009/1937/1822 2979/1907/1792
f 3009/1937/1822 3013/1941/1826 2979/1907/1792
f 3009/1937/1822 3010/1938/1823 3013/1941/1826
f 3014/1942/1827 2975/1903/1788 2971/1899/1784
f 2971/1899/1784 2970/1898/1783 3014/1942/1827
f 2970/1898/1783 2990/1918/1803 3014/1942/1827
f 2970/1898/1783 2968/1896/1781 2990/1918/1803
f 2995/1923/1808 3015/1943/1828 2990/1918/1803
f 3015/1943/1828 3014/1942/1827 2990/1918/1803
f 3015/1943/1828 3016/1944/1829 3014/1942/1827
f 3016/1944/1829 2975/1903/1788 3014/1942/1827
f 3016/1944/1829 3011/1939/1824 2975/1903/1788
f 3011/1939/1824 2973/1901/1786 2975/1903/1788
f 3011/1939/1824 2972/1900/1785 2973/1901/1786
f 2258/1945/1830 3017/1947/1832 2257/1946/1831
f 3018/1948/1833 3019/1950/1835 2250/1949/1834
f 3019/1950/1835 2253/1951/1836 2250/1949/1834
f 2258/1945/1830 2252/1952/1837 3017/1947/1832
f 2257/1946/1831 3017/1947/1832 2255/1953/1838
f 3017/1947/1832 2254/1553/1475 2255/1953/1838
f 3017/1947/1832 2259/1552/1474 2254/1553/1475
f 2245/1954/1839 3018/1948/1833 2247/1955/1840
f 3018/1948/1833 2248/1956/1841 2247/1955/1840
f 3018/1948/1833 2250/1949/1834 2248/1956/1841
f 2997/1925/1810 2998/1926/1811 2999/1927/1812
f 2998/1926/1811 3001/1929/1814 2999/1927/1812
f 2998/1926/1811 3007/1935/1820 3001/1929/1814
f 3007/1935/1820 3020/1957/1842 3001/1929/1814
f 3007/1935/1820 3009/1937/1822 3020/1957/1842
f 3009/1937/1822 3021/1958/1843 3020/1957/1842
f 3009/1937/1822 3012/1940/1825 3021/1958/1843
f 3012/1940/1825 3022/1959/1844 3021/1958/1843
f 3012/1940/1825 3011/1939/1824 3022/1959/1844
f 2253/1951/1836 3019/1950/1835 2252/1952/1837
f 3019/1950/1835 3017/1947/1832 2252/1952/1837
f 3019/1950/1835 3023/1960/1845 3017/1947/1832
f 3023/1960/1845 3024/1961/1846 3017/1947/1832
f 3023/1960/1845 3025/1962/1847 3024/1961/1846
f 3025/1962/1847 3026/1963/1848 3024/1961/1846
f 3025/1962/1847 3027/1964/1849 3026/1963/1848
f 3027/1964/1849 3028/1965/1850 3026/1963/1848
f 3028/1965/1850 3027/1964/1849 3015/1943/1828
f 3027/1964/1849 3016/1944/1829 3015/1943/1828
f 3027/1964/1849 3025/1962/1847 3016/1944/1829
f 3025/1962/1847 3011/1939/1824 3016/1944/1829
f 3025/1962/1847 3023/1960/1845 3011/1939/1824
f 3023/1960/1845 3022/1959/1844 3011/1939/1824
f 3023/1960/1845 3019/1950/1835 3022/1959/1844
f 3019/1950/1835 3021/1958/1843 3022/1959/1844
f 3019/1950/1835 3018/1948/1833 3021/1958/1843
f 3018/1948/1833 3020/1957/1842 3021/1958/1843
f 3018/1948/1833 2245/1954/1839 3020/1957/1842
f 2245/1954/1839 3001/1929/1814 3020/1957/1842
f 2245/1954/1839 2240/1966/1851 3001/1929/1814
f 2240/1966/1851 3003/1931/1816 3001/1929/1814
f 2240/1966/1851 2241/1967/1852 3003/1931/1816
f 2979/1907/1792 3013/1941/1826 2967/1895/1780
f 3013/1941/1826 3029/1968/1853 2967/1895/1780
f 3013/1941/1826 3010/1938/1823 3029/1968/1853
f 3010/1938/1823 3030/1969/1854 3029/1968/1853
f 3010/1938/1823 3008/1936/1821 3030/1969/1854
f 3008/1936/1821 3031/1970/1855 3030/1969/1854
f 3008/1936/1821 3004/1932/1817 3031/1970/1855
f 3032/1971/1856 3034/1973/1858 3033/1972/1857
f 3006/1934/1819 3034/1973/1858 3004/1932/1817
f 3034/1973/1858 3031/1970/1855 3004/1932/1817
f 3034/1973/1858 3032/1971/1856 3031/1970/1855
f 3032/1971/1856 3030/1969/1854 3031/1970/1855
f 3032/1971/1856 3035/1974/1859 3030/1969/1854
f 3035/1974/1859 3029/1968/1853 3030/1969/1854
f 3035/1974/1859 3036/1975/1860 3029/1968/1853
f 3036/1975/1860 2967/1895/1780 3029/1968/1853
f 3036/1975/1860 2966/1894/1779 2967/1895/1780
f 3052/1976/1861 3054/1978/1863 3053/1977/1862
f 3054/1978/1863 3055/1979/1864 3053/1977/1862
f 3054/1978/1863 3056/1980/1865 3055/1979/1864
f 3056/1980/1865 3057/1981/1866 3055/1979/1864
f 3056/1980/1865 3058/1982/1867 3057/1981/1866
f 3058/1982/1867 3059/1983/1868 3057/1981/1866
f 3058/1982/1867 3060/1984/1869 3059/1983/1868
f 3060/1984/1869 3061/1985/1870 3059/1983/1868
f 3062/1986/1871 3063/1987/1872 3052/1976/1861
f 3063/1987/1872 3054/1978/1863 3052/1976/1861
f 3063/1987/1872 3064/1988/1873 3054/1978/1863
f 3064/1988/1873 3056/1980/1865 3054/1978/1863
f 3064/1988/1873 3065/1989/1874 3056/1980/1865
f 3065/1989/1874 3058/1982/1867 3056/1980/1865
f 3065/1989/1874 3066/1990/1875 3058/1982/1867
f 3066/1990/1875 3060/1984/1869 3058/1982/1867
f 3067/1991/1876 3068/1992/1877 3062/1986/1871
f 3068/1992/1877 3063/1987/1872 3062/1986/1871
f 3068/1992/1877 3069/1993/1878 3063/1987/1872
f 3069/1993/1878 3064/1988/1873 3063/1987/1872
f 3069/1993/1878 3070/1994/1879 3064/1988/1873
f 3070/1994/1879 3065/1989/1874 3064/1988/1873
f 3070/1994/1879 3071/1995/1880 3065/1989/1874
f 3071/1995/1880 3066/1990/1875 3065/1989/1874
f 3072/1996/1881 3073/1997/1882 3067/1991/1876
f 3073/1997/1882 3068/1992/1877 3067/1991/1876
f 3073/1997/1882 3074/1998/1883 3068/1992/1877
f 3074/1998/1883 3069/1993/1878 3068/1992/1877
f 3074/1998/1883 3075/1999/1884 3069/1993/1878
f 3075/1999/1884 3070/1994/1879 3069/1993/1878
f 3075/1999/1884 3051/2000/1885 3070/1994/1879
f 3051/2000/1885 3071/1995/1880 3070/1994/1879
f 3077/2001/1886 3078/2002/1887 3072/1996/1881
f 3078/2002/1887 3073/1997/1882 3072/1996/1881
f 3079/2003/1888 3074/1998/1883 3073/1997/1882
f 3080/2004/1889 3075/1999/1884 3074/1998/1883
f 3081/2005/1890 3082/2006/1891 3077/2001/1886
f 3082/2006/1891 3078/2002/1887 3077/2001/1886
f 3050/2007/1892 3051/2000/1885 3075/1999/1884
f 3096/2008/1893 3097/2010/1895 3092/2009/1894
f 3101/2011/1896 3102/2012/1897 3096/2008/1893
f 3102/2012/1897 3097/2010/1895 3096/2008/1893
f 3106/2013/1898 3102/2012/1897 3101/2011/1896
f 3108/2014/1899 3109/2016/1901 3105/2015/1900
f 3890/2017/1902 3889/2019/1904 3881/2018/1903
f 2759/1863/1748 4645/2021/1906 4644/2020/1905
f 4645/2021/1906 4646/2022/1907 4644/2020/1905
f 2760/1864/1749 4650/2023/1908 2761/1865/1750
f 2762/1866/1751 2761/1865/1750 4650/2023/1908
f 2759/1863/1748 4644/2020/1905 2760/1864/1749
f 4644/2020/1905 4650/2023/1908 2760/1864/1749
f 4644/2020/1905 4646/2022/1907 4650/2023/1908
f 4645/2021/1906 4651/2025/1910 3237/2024/1909
s 0
f 3237/2024/1911 4651/2025/1911 3239/2026/1911
s 1
f 4653/2027/1912 4645/2021/1906 2759/1863/1748
f 4653/2027/1912 4654/2028/1913 4645/2021/1906
f 4654/2028/1913 4651/2025/1910 4645/2021/1906
f 4654/2028/1913 4655/2029/1914 4651/2025/1910
f 4655/2029/1914 4652/2030/1915 4651/2025/1910
f 4655/2029/1914 4656/2031/1916 4652/2030/1915
f 2741/1845/1730 4657/2032/1917 2742/1846/1731
f 2743/1847/1732 4658/2033/1918 2744/1848/1733
f 4656/2031/1916 4660/2035/1920 4659/2034/1919
f 4660/2035/1920 4658/2033/1918 4659/2034/1919
f 4660/2035/1920 4661/2036/1921 4658/2033/1918
f 4661/2036/1921 2744/1848/1733 4658/2033/1918
f 4661/2036/1921 2745/1849/1734 2744/1848/1733
f 4656/2031/1916 4659/2034/1919 4652/2030/1915
f 4659/2034/1919 4662/2037/1922 4652/2030/1915
f 4659/2034/1919 4658/2033/1918 4662/2037/1922
f 4658/2033/1918 4657/2032/1917 4662/2037/1922
f 4658/2033/1918 2743/1847/1732 4657/2032/1917
f 2743/1847/1732 2742/1846/1731 4657/2032/1917
f 2741/1845/1730 2740/1844/1729 4663/2038/1923
f 2741/1845/1730 4663/2038/1923 4657/2032/1917
f 4663/2038/1923 4662/2037/1922 4657/2032/1917
f 4686/2039/1924 4687/2040/1925 2713/1815/1705
f 4692/2041/1926 4693/2042/1927 4686/2039/1924
f 4693/2042/1927 4687/2040/1925 4686/2039/1924
f 4693/2042/1927 4694/2043/1928 4687/2040/1925
f 4694/2043/1928 4695/2044/1929 4687/2040/1925
f 4694/2043/1928 4696/2045/1930 4695/2044/1929
f 4696/2045/1930 4697/2046/1931 4695/2044/1929
f 4696/2045/1930 4698/2047/1932 4697/2046/1931
f 4698/2047/1932 4699/2048/1933 4697/2046/1931
f 4698/2047/1932 4690/2049/1934 4699/2048/1933
f 4690/2049/1934 4700/2050/1935 4699/2048/1933
f 4701/2051/1936 4692/2041/1926 4686/2039/1924
f 2714/1816/1706 4686/2039/1924 2713/1815/1705
f 4686/2039/1924 2714/1816/1706 4701/2051/1936
f 2714/1816/1706 4702/2052/1937 4701/2051/1936
f 2714/1816/1706 2724/1830/1716 4702/2052/1937
f 2724/1830/1716 4703/2053/1938 4702/2052/1937
f 2724/1830/1716 2719/1831/1711 4703/2053/1938
f 2719/1831/1711 4704/2054/1939 4703/2053/1938
f 2719/1821/1711 2720/1822/1712 4704/2055/1939
f 4692/2041/1926 4701/2051/1936 4705/2056/1940
f 4701/2051/1936 4706/2057/1941 4705/2056/1940
f 4701/2051/1936 4702/2052/1937 4706/2057/1941
f 4702/2052/1937 4707/2058/1942 4706/2057/1941
f 4702/2052/1937 4703/2053/1938 4707/2058/1942
f 4703/2053/1938 4708/2059/1943 4707/2058/1942
f 4703/2053/1938 4704/2054/1939 4708/2059/1943
f 4709/2060/1944 4711/2062/1946 4710/2061/1945
f 4711/2062/1946 4712/2063/1947 4710/2061/1945
f 4711/2062/1946 4713/2064/1948 4712/2063/1947
f 4712/2063/1947 4713/2064/1948 4714/2065/1949
f 4713/2064/1948 4715/2066/1950 4714/2065/1949
f 4713/2064/1948 4716/2067/1951 4715/2066/1950
f 4716/2067/1951 4705/2056/1940 4715/2066/1950
f 4716/2067/1951 4692/2041/1926 4705/2056/1940
f 4717/2068/1952 4719/2070/1954 4718/2069/1953
f 4719/2070/1954 4720/2071/1955 4718/2069/1953
f 4719/2070/1954 4721/2072/1956 4720/2071/1955
f 4722/2073/1957 4724/2075/1959 4723/2074/1958
f 4724/2075/1959 4725/2076/1960 4723/2074/1958
f 4724/2075/1959 4726/2077/1961 4725/2076/1960
f 4726/2077/1961 4724/2075/1959 4727/2078/1962
f 4724/2075/1959 4710/2061/1945 4727/2078/1962
f 4724/2075/1959 4722/2073/1957 4710/2061/1945
f 4722/2073/1957 4709/2060/1944 4710/2061/1945
f 4706/2057/1941 4728/2079/1963 4705/2056/1940
f 4728/2079/1963 4715/2066/1950 4705/2056/1940
f 4728/2079/1963 4729/2080/1964 4715/2066/1950
f 4729/2080/1964 4714/2065/1949 4715/2066/1950
f 4729/2080/1964 4730/2081/1965 4714/2065/1949
f 4730/2081/1965 4712/2063/1947 4714/2065/1949
f 4730/2081/1965 4731/2082/1966 4712/2063/1947
f 4731/2082/1966 4710/2061/1945 4712/2063/1947
f 4731/2082/1966 4732/2083/1967 4710/2061/1945
f 4732/2083/1967 4727/2078/1962 4710/2061/1945
f 4708/2059/1943 4733/2084/1968 4707/2058/1942
f 4733/2084/1968 4734/2085/1969 4707/2058/1942
f 4733/2084/1968 4735/2086/1970 4734/2085/1969
f 4735/2086/1970 4736/2087/1971 4734/2085/1969
f 4735/2086/1970 4737/2088/1972 4736/2087/1971
f 4737/2088/1972 4738/2089/1973 4736/2087/1971
f 4737/2088/1972 4739/2090/1974 4738/2089/1973
f 4739/2090/1974 4740/2091/1975 4738/2089/1973
f 4739/2090/1974 4741/2092/1976 4740/2091/1975
f 4741/2092/1976 4721/2072/1956 4740/2091/1975
f 4741/2092/1976 4742/2093/1977 4721/2072/1956
f 4742/2093/1977 4720/2071/1955 4721/2072/1956
f 4707/2058/1942 4734/2085/1969 4706/2057/1941
f 4734/2085/1969 4728/2079/1963 4706/2057/1941
f 4734/2085/1969 4736/2087/1971 4728/2079/1963
f 4736/2087/1971 4729/2080/1964 4728/2079/1963
f 4736/2087/1971 4738/2089/1973 4729/2080/1964
f 4738/2089/1973 4730/2081/1965 4729/2080/1964
f 4738/2089/1973 4740/2091/1975 4730/2081/1965
f 4740/2091/1975 4731/2082/1966 4730/2081/1965
f 4740/2091/1975 4721/2072/1956 4731/2082/1966
f 4721/2072/1956 4732/2083/1967 4731/2082/1966
f 4721/2072/1956 4719/2070/1954 4732/2083/1967
f 4719/2070/1954 4727/2078/1962 4732/2083/1967
f 4719/2070/1954 4717/2068/1952 4727/2078/1962
f 4717/2068/1952 4726/2077/1961 4727/2078/1962
f 4717/2068/1952 4743/2094/1978 4726/2077/1961
f 2956/1884/1769 4744/2095/1979 2949/1877/1762
f 4726/2077/1961 4743/2094/1978 4725/2076/1960
f 4743/2094/1978 4723/2074/1958 4725/2076/1960
f 4743/2094/1978 4744/2095/1979 4723/2074/1958
f 4744/2095/1979 4745/2096/1980 4723/2074/1958
f 4744/2095/1979 2956/1884/1769 4745/2096/1980
f 4718/2069/1953 4746/2097/1981 4717/2068/1952
f 4746/2097/1981 4747/2098/1982 4717/2068/1952
f 4717/2068/1952 4747/2098/1982 4743/2094/1978
f 4747/2098/1982 4744/2095/1979 4743/2094/1978
f 4747/2098/1982 4748/2099/1983 4744/2095/1979
f 4748/2099/1983 2949/1877/1762 4744/2095/1979
f 4748/2099/1983 2948/1876/1761 2949/1877/1762
f 4745/2096/1980 2956/1884/1769 4749/2100/1984
f 2956/1884/1769 2958/1886/1771 4749/2100/1984
f 4750/2101/1985 2958/1886/1771 2960/1888/1773
f 4749/2100/1984 4752/2103/1987 4751/2102/1986
f 2958/1886/1771 4750/2101/1985 4749/2100/1984
f 4750/2101/1985 4752/2103/1987 4749/2100/1984
f 4750/2101/1985 4753/2104/1988 4752/2103/1987
f 4751/2102/1986 4754/2105/1989 4749/2100/1984
f 4754/2105/1989 4745/2096/1980 4749/2100/1984
f 4754/2105/1989 4723/2074/1958 4745/2096/1980
f 4757/2106/1990 4758/2108/1992 4756/2107/1991
f 4757/2106/1990 4759/2109/1993 4758/2108/1992
f 4759/2109/1993 4760/2110/1994 4758/2108/1992
f 4759/2109/1993 4761/2111/1995 4760/2110/1994
f 4761/2111/1995 4762/2112/1996 4760/2110/1994
f 4762/2112/1996 4763/2113/1997 4760/2110/1994
f 4762/2112/1996 4764/2114/1998 4763/2113/1997
f 4723/2074/1958 4763/2113/1997 4722/2073/1957
f 4763/2113/1997 4709/2060/1944 4722/2073/1957
f 4763/2113/1997 4764/2114/1998 4709/2060/1944
f 4764/2114/1998 4711/2062/1946 4709/2060/1944
f 4756/2107/1991 4758/2108/1992 4753/2104/1988
f 4758/2108/1992 4752/2103/1987 4753/2104/1988
f 4758/2108/1992 4760/2110/1994 4752/2103/1987
f 4760/2110/1994 4751/2102/1986 4752/2103/1987
f 4760/2110/1994 4763/2113/1997 4751/2102/1986
f 4763/2113/1997 4754/2105/1989 4751/2102/1986
f 4763/2113/1997 4723/2074/1958 4754/2105/1989
f 4766/2115/1999 4694/2043/1928 4693/2042/1927
f 4692/2041/1926 4716/2067/1951 4693/2042/1927
f 4716/2067/1951 4766/2115/1999 4693/2042/1927
f 4716/2067/1951 4713/2064/1948 4766/2115/1999
f 4713/2064/1948 4711/2062/1946 4766/2115/1999
f 4690/2049/1934 4698/2047/1932 4757/2106/1990
f 4698/2047/1932 4759/2109/1993 4757/2106/1990
f 4698/2047/1932 4696/2045/1930 4759/2109/1993
f 4696/2045/1930 4761/2111/1995 4759/2109/1993
f 4696/2045/1930 4694/2043/1928 4761/2111/1995
f 4694/2043/1928 4762/2112/1996 4761/2111/1995
f 4694/2043/1928 4766/2115/1999 4762/2112/1996
f 4766/2115/1999 4764/2114/1998 4762/2112/1996
f 4766/2115/1999 4711/2062/1946 4764/2114/1998
f 2712/1814/1704 4773/2116/2000 2717/1819/1709
f 4775/2117/2001 4776/2119/2003 4774/2118/2002
f 4775/2117/2001 4777/2120/2004 4776/2119/2003
f 4777/2120/2004 4778/2121/2005 4776/2119/2003
f 4778/2121/2005 4779/2122/2006 4776/2119/2003
f 4778/2121/2005 4780/2123/2007 4779/2122/2006
f 4780/2123/2007 4781/2124/2008 4779/2122/2006
f 4781/2124/2008 4782/2125/2009 4779/2122/2006
f 4781/2124/2008 4783/2126/2010 4782/2125/2009
f 4783/2126/2010 4784/2127/2011 4782/2125/2009
f 4783/2126/2010 4785/2128/2012 4784/2127/2011
f 4785/2128/2012 2718/1820/1710 4784/2127/2011
f 4785/2128/2012 2709/1811/1701 2718/1820/1710
f 4687/2040/1925 2712/1814/1704 2713/1815/1705
f 2712/1814/1704 4687/2040/1925 4773/2116/2000
f 4687/2040/1925 4787/2129/2013 4773/2116/2000
f 4687/2040/1925 4695/2044/1929 4787/2129/2013
f 4695/2044/1929 4788/2130/2014 4787/2129/2013
f 4695/2044/1929 4697/2046/1931 4788/2130/2014
f 4697/2046/1931 4789/2131/2015 4788/2130/2014
f 4697/2046/1931 4699/2048/1933 4789/2131/2015
f 4699/2048/1933 4786/2132/2016 4789/2131/2015
f 4699/2048/1933 4700/2050/1935 4786/2132/2016
f 4774/2118/2002 4776/2119/2003 4786/2132/2016
f 4776/2119/2003 4789/2131/2015 4786/2132/2016
f 4776/2119/2003 4779/2122/2006 4789/2131/2015
f 4779/2122/2006 4788/2130/2014 4789/2131/2015
f 4779/2122/2006 4782/2125/2009 4788/2130/2014
f 4782/2125/2009 4787/2129/2013 4788/2130/2014
f 4782/2125/2009 4784/2127/2011 4787/2129/2013
f 4784/2127/2011 4773/2116/2000 4787/2129/2013
f 4784/2127/2011 2718/1820/1710 4773/2116/2000
f 2718/1820/1710 2717/1819/1709 4773/2116/2000
f 4790/2133/2017 4777/2120/2004 4775/2117/2001
f 4790/2133/2017 4791/2134/2018 4777/2120/2004
f 4791/2134/2018 4778/2121/2005 4777/2120/2004
f 4791/2134/2018 4792/2135/2019 4778/2121/2005
f 4792/2135/2019 4780/2123/2007 4778/2121/2005
f 4792/2135/2019 4793/2136/2020 4780/2123/2007
f 4780/2123/2007 4793/2136/2020 4781/2124/2008
f 4793/2136/2020 4783/2126/2010 4781/2124/2008
f 4793/2136/2020 4794/2137/2021 4783/2126/2010
f 4794/2137/2021 4785/2128/2012 4783/2126/2010
f 4794/2137/2021 4795/2138/2022 4785/2128/2012
f 4795/2138/2022 2709/1811/1701 4785/2128/2012
f 4795/2138/2022 2708/1810/1700 2709/1811/1701
f 4796/2139/2023 4790/2133/2017 4797/2140/2024
f 4790/2133/2017 4796/2139/2023 4791/2134/2018
f 4796/2139/2023 4792/2135/2019 4791/2134/2018
f 4796/2139/2023 4798/2141/2025 4792/2135/2019
f 4798/2141/2025 4793/2136/2020 4792/2135/2019
f 4798/2141/2025 4799/2142/2026 4793/2136/2020
f 4799/2142/2026 4800/2143/2027 4793/2136/2020
f 4800/2143/2027 4794/2137/2021 4793/2136/2020
f 4800/2143/2027 4801/2144/2028 4794/2137/2021
f 4801/2144/2028 4795/2138/2022 4794/2137/2021
f 4801/2144/2028 4802/2145/2029 4795/2138/2022
f 4802/2145/2029 2708/1810/1700 4795/2138/2022
f 4802/2145/2029 2704/1806/1694 2708/1810/1700
f 4797/2140/2024 4790/2133/2017 4803/2146/2030
f 4798/2141/2025 4804/2147/2031 4799/2142/2026
f 4804/2147/2031 4798/2141/2025 4807/2148/2032
f 4798/2141/2025 4808/2149/2033 4807/2148/2032
f 4798/2141/2025 4796/2139/2023 4808/2149/2033
f 4796/2139/2023 4809/2150/2034 4808/2149/2033
f 4796/2139/2023 4797/2140/2024 4809/2150/2034
f 4797/2140/2024 4810/2151/2035 4809/2150/2034
f 4797/2140/2024 4803/2146/2030 4810/2151/2035
f 4803/2146/2030 4811/2152/2036 4810/2151/2035
f 4803/2146/2030 4805/2153/2037 4811/2152/2036
f 2704/1806/1694 4802/2145/2029 4812/2154/2038
f 4802/2145/2029 4813/2155/2039 4812/2154/2038
f 4802/2145/2029 4801/2144/2028 4813/2155/2039
f 4801/2144/2028 4814/2156/2040 4813/2155/2039
f 4801/2144/2028 4800/2143/2027 4814/2156/2040
f 4800/2143/2027 4804/2147/2031 4814/2156/2040
f 4800/2143/2027 4799/2142/2026 4804/2147/2031
f 4815/2157/2041 2735/1840/1725 2737/1842/1727
f 4816/2158/2042 4817/2159/2043 4807/2148/2032
f 4817/2159/2043 4804/2147/2031 4807/2148/2032
f 4817/2159/2043 4814/2156/2040 4804/2147/2031
f 4805/2153/2037 4818/2160/2044 4811/2152/2036
f 4818/2160/2044 4810/2151/2035 4811/2152/2036
f 4818/2160/2044 4819/2161/2045 4810/2151/2035
f 4819/2161/2045 4809/2150/2034 4810/2151/2035
f 4819/2161/2045 4816/2158/2042 4809/2150/2034
f 4816/2158/2042 4808/2149/2033 4809/2150/2034
f 4816/2158/2042 4807/2148/2032 4808/2149/2033
f 4812/2154/2038 4813/2155/2039 4815/2157/2041
f 4813/2155/2039 2735/1840/1725 4815/2157/2041
f 4813/2155/2039 4814/2156/2040 2735/1840/1725
f 4814/2156/2040 2733/1838/1723 2735/1840/1725
f 4814/2156/2040 4817/2159/2043 2733/1838/1723
f 4817/2159/2043 2731/1836/1721 2733/1838/1723
f 4817/2159/2043 4816/2158/2042 2731/1836/1721
f 4816/2158/2042 2729/1834/1719 2731/1836/1721
f 4816/2158/2042 4819/2161/2045 2729/1834/1719
f 4819/2161/2045 2727/1833/1718 2729/1834/1719
f 4819/2161/2045 4818/2160/2044 2727/1833/1718
f 4820/2162/2046 2593/2164/2048 4821/2163/2047
f 2593/2164/2049 2738/1843/1728 2745/1849/1734
f 4821/2163/2047 4822/2165/2050 4820/2162/2046
f 4822/2165/2050 2706/1808/1697 4820/2162/2046
f 4822/2165/2050 2707/1809/1699 2706/1808/1697
f 2704/1806/1694 4812/2154/2038 2706/1808/1697
f 4812/2154/2038 4820/2162/2046 2706/1808/1697
f 4812/2154/2038 4815/2157/2041 4820/2162/2046
f 4815/2157/2041 2593/2164/2049 4820/2162/2046
f 4815/2157/2041 2737/1842/1727 2593/2164/2049
f 2737/1842/1727 2738/1843/1728 2593/2164/2049
f 2745/1849/1734 4661/2036/1921 2593/2164/2049
f 4661/2036/1921 2592/2166/2051 2593/2164/2049
f 4661/2036/1921 4660/2035/1920 2592/2166/2051
f 2592/2166/2051 4660/2035/1920 2594/1671/2052
f 4660/2035/1920 2596/1673/2053 2594/1671/2052
f 4660/2035/1920 4656/2031/1916 2596/1673/2053
f 4656/2031/1916 2575/1647/2054 2596/1673/2053
f 4656/2031/1916 4655/2029/1914 2575/1647/2054
f 4655/2029/1914 2581/1655/2055 2575/1647/2054
f 4655/2029/1914 4654/2028/1913 2581/1655/2055
f 4654/2028/1913 2580/1654/2056 2581/1655/2055
f 2580/1654/2056 4654/2028/1913 2578/2167/2057
f 4654/2028/1913 2574/2168/2058 2578/2167/2057
f 4654/2028/1913 4653/2027/1912 2574/2168/2058
f 4653/2027/1912 2569/2169/2059 2574/2168/2058
f 2672/1764/1654 2701/1801/1689 4653/2027/1912
f 2701/1801/1689 2569/2169/2059 4653/2027/1912
f 2701/1801/1689 2568/1799/1687 2569/2169/2059
f 2672/1764/1654 4653/2027/1912 2763/1867/1752
f 4653/2027/1912 2758/1862/1747 2763/1867/1752
f 4653/2027/1912 2759/1863/1748 2758/1862/1747
f 2656/1748/1638 2657/1749/1639 2769/1873/1758
f 2657/1749/1639 2768/1872/1757 2769/1873/1758
f 2657/1749/1639 2664/1756/1646 2768/1872/1757
f 2664/1756/1646 2767/1871/1756 2768/1872/1757
f 2664/1756/1646 2666/1758/1648 2767/1871/1756
f 2666/1758/1648 2766/1870/1755 2767/1871/1756
f 2666/1758/1648 2668/1760/1650 2766/1870/1755
f 2668/1760/1650 2765/1869/1754 2766/1870/1755
f 2668/1760/1650 2670/1762/1652 2765/1869/1754
f 2670/1762/1652 2764/1868/1753 2765/1869/1754
f 2670/1762/1652 2672/1764/1654 2764/1868/1753
f 2672/1764/1654 2763/1867/1752 2764/1868/1753
f 4897/2170/2060 4898/2172/2062 4894/2171/2061
f 4898/2172/2062 4893/2173/2063 4894/2171/2061
f 4898/2172/2062 4899/2174/2064 4893/2173/2063
f 4899/2174/2064 4895/2175/2065 4893/2173/2063
f 4899/2174/2064 4900/2176/2066 4895/2175/2065
f 4900/2176/2066 4896/2177/2067 4895/2175/2065
f 4900/2176/2066 2691/1784/1673 4896/2177/2067
f 2691/1784/1673 2690/1782/1672 4896/2177/2067
f 4900/2176/2066 2692/2178/1674 2691/1784/1673
f 4899/2174/2064 4901/2179/2068 4900/2176/2066
f 4898/2172/2062 4902/2180/2069 4899/2174/2064
f 4897/2170/2060 4903/2181/2070 4898/2172/2062
f 4900/2176/2066 4901/2179/2068 2692/2178/1674
f 4901/2179/2068 2693/2182/1675 2692/2178/1674
f 4901/2179/2068 4904/2183/2071 2693/2182/1675
f 4904/2183/2071 2694/2184/1676 2693/2182/1675
f 4904/2183/2071 4905/2185/2072 2694/2184/1676
f 4905/2185/2072 2695/2186/1677 2694/2184/1676
f 4905/2185/2072 4906/2187/2073 2695/2186/1677
f 4906/2187/2073 2696/2188/1678 2695/2186/1677
f 4906/2187/2073 4907/2189/2074 2696/2188/1678
f 4907/2189/2074 2697/2190/1679 2696/2188/1678
f 4907/2189/2074 4908/2191/2075 2697/2190/1679
f 4899/2174/2064 4902/2180/2069 4901/2179/2068
f 4902/2180/2069 4904/2183/2071 4901/2179/2068
f 4902/2180/2069 4909/2192/2076 4904/2183/2071
f 4909/2192/2076 4905/2185/2072 4904/2183/2071
f 4909/2192/2076 4910/2193/2077 4905/2185/2072
f 4910/2193/2077 4906/2187/2073 4905/2185/2072
f 4910/2193/2077 4911/2194/2078 4906/2187/2073
f 4911/2194/2078 4907/2189/2074 4906/2187/2073
f 4911/2194/2078 4912/2195/2079 4907/2189/2074
f 4912/2195/2079 4908/2191/2075 4907/2189/2074
f 4912/2195/2079 4913/2196/2080 4908/2191/2075
f 4898/2172/2062 4903/2181/2070 4902/2180/2069
f 4903/2181/2070 4909/2192/2076 4902/2180/2069
f 4903/2181/2070 4914/2197/2081 4909/2192/2076
f 4914/2197/2081 4910/2193/2077 4909/2192/2076
f 4914/2197/2081 4915/2198/2082 4910/2193/2077
f 4915/2198/2082 4911/2194/2078 4910/2193/2077
f 4915/2198/2082 4916/2199/2083 4911/2194/2078
f 4916/2199/2083 4912/2195/2079 4911/2194/2078
f 4916/2199/2083 4917/2200/2084 4912/2195/2079
f 4917/2200/2084 4913/2196/2080 4912/2195/2079
f 4917/2200/2084 4918/2201/2085 4913/2196/2080
f 4897/2170/2060 4919/2202/2086 4903/2181/2070
f 4919/2202/2086 4914/2197/2081 4903/2181/2070
f 4919/2202/2086 4920/2203/2087 4914/2197/2081
f 4920/2203/2087 4915/2198/2082 4914/2197/2081
f 4920/2203/2087 4921/2204/2088 4915/2198/2082
f 4921/2204/2088 4916/2199/2083 4915/2198/2082
f 4921/2204/2088 4922/2205/2089 4916/2199/2083
f 4922/2205/2089 4917/2200/2084 4916/2199/2083
f 4922/2205/2089 4923/2206/2090 4917/2200/2084
f 4923/2206/2090 4918/2201/2085 4917/2200/2084
f 4923/2206/2090 4924/2207/2091 4918/2201/2085
f 2697/2190/1679 4925/2209/2092 2698/2208/1680
f 4925/2209/2092 2563/2210/1682 2698/2208/1680
f 2651/1743/1633 2652/1744/1634 4926/2211/2093
f 2652/1744/1634 4927/2212/2094 4926/2211/2093
f 2652/1744/1634 2653/1745/1635 4927/2212/2094
f 2563/2210/1682 4925/2209/2092 2645/1735/2095
f 4925/2209/2092 2649/1741/1631 2645/1735/2095
f 4925/2209/2092 4928/2213/2096 2649/1741/1631
f 4928/2213/2096 2648/1740/1630 2649/1741/1631
f 4928/2213/2096 4927/2212/2094 2648/1740/1630
f 4927/2212/2094 2654/1746/1636 2648/1740/1630
f 4927/2212/2094 2653/1745/1635 2654/1746/1636
f 4926/2211/2093 4927/2212/2094 4924/2207/2091
f 4927/2212/2094 4918/2201/2085 4924/2207/2091
f 4927/2212/2094 4928/2213/2096 4918/2201/2085
f 4928/2213/2096 4913/2196/2080 4918/2201/2085
f 4928/2213/2096 4925/2209/2092 4913/2196/2080
f 4925/2209/2092 4908/2191/2075 4913/2196/2080
f 4925/2209/2092 2697/2190/1679 4908/2191/2075
f 4929/2214/1247 4924/2207/2091 4930/2215/1247
f 2651/1743/1633 4932/2217/1247 4931/2216/1247
f 2651/1743/1633 4926/2211/2093 4932/2217/1247
f 4932/2217/1247 4926/2211/2093 4933/2218/1250
f 4926/2211/2093 4934/2219/1247 4933/2218/1250
f 4926/2211/2093 4924/2207/2091 4934/2219/1247
f 4924/2207/2091 4935/2220/1247 4934/2219/1247
f 4924/2207/2091 4929/2214/1247 4935/2220/1247
f 2616/1695/1598 4937/2222/1247 4936/2221/1247
f 2616/1695/1598 4936/2221/1247 2614/1693/1596
f 4936/2221/1247 2612/1691/1594 2614/1693/1596
f 4936/2221/1247 4938/2223/1247 2612/1691/1594
f 4938/2223/1247 2611/1690/1593 2612/1691/1594
f 4938/2223/1247 4939/2224/1247 2611/1690/1593
f 4939/2224/1247 2604/1682/1586 2611/1690/1593
f 4931/2216/1247 4940/2225/1247 2651/1743/1633
f 4940/2225/1247 2650/1742/1632 2651/1743/1633
f 4940/2225/1247 4941/2226/1247 2650/1742/1632
f 4941/2226/1247 2629/1714/1611 2650/1742/1632
f 4941/2226/1247 4942/2227/1247 2629/1714/1611
f 4942/2227/1247 2628/1713/1610 2629/1714/1611
f 4942/2227/1247 4943/2228/1247 2628/1713/1610
f 4943/2228/1247 2636/1723/1618 2628/1713/1610
f 4943/2228/1247 4944/2229/1247 2636/1723/1618
f 4944/2229/1247 2640/1728/1622 2636/1723/1618
f 4944/2229/1247 4937/2222/1247 2640/1728/1622
f 4937/2222/1247 2618/1697/1600 2640/1728/1622
f 4937/2222/1247 2616/1695/1598 2618/1697/1600
f 4945/2230/2097 4947/2232/1247 4946/2231/2098
f 4947/2232/1247 4948/2233/2099 4946/2231/2098
f 4947/2232/1247 4949/2234/1247 4948/2233/2099
f 4923/2206/2090 4919/2202/2086 4924/2207/2091
f 4919/2202/2086 4897/2170/2060 4924/2207/2091
f 4897/2170/2060 4894/2171/2061 4924/2207/2091
f 4894/2171/2061 4930/2215/1247 4924/2207/2091
f 4894/2171/2061 4950/2235/1247 4930/2215/1247
f 3062/1986/1871 3052/1976/1861 4958/2236/1247
f 3052/1976/1861 4949/2234/1247 4958/2236/1247
f 3052/1976/1861 3053/1977/1862 4949/2234/1247
f 3053/1977/1862 4948/2233/2099 4949/2234/1247
f 4920/2203/2087 4919/2202/2086 4921/2204/2088
f 4919/2202/2086 4922/2205/2089 4921/2204/2088
f 4919/2202/2086 4923/2206/2090 4922/2205/2089
f 3062/1986/1871 4958/2236/1247 3067/1991/1876
f 4958/2236/1247 3072/1996/1881 3067/1991/1876
f 4958/2236/1247 4957/2237/1247 3072/1996/1881
f 4957/2237/1247 3077/2001/1886 3072/1996/1881
f 4957/2237/1247 3081/2005/1890 3077/2001/1886
f 4997/2238/1247 4999/2240/1247 4998/2239/2100
f 4999/2240/1247 5000/2241/2101 4998/2239/2100
f 4999/2240/1247 5001/2242/1247 5000/2241/2101
f 5001/2242/1247 5002/2243/2102 5000/2241/2101
f 5001/2242/1247 4947/2232/1247 5002/2243/2102
f 4947/2232/1247 4945/2230/2097 5002/2243/2102
f 5003/2244/2103 5005/2246/1249 5004/2245/2104
f 5005/2246/1249 5006/2247/2105 5004/2245/2104
f 5005/2246/1249 5007/2248/1247 5006/2247/2105
f 5007/2248/1247 5008/2249/2106 5006/2247/2105
f 5007/2248/1247 5009/2250/1247 5008/2249/2106
f 5009/2250/1247 5010/2251/2107 5008/2249/2106
f 5009/2250/1247 4997/2238/1247 5010/2251/2107
f 4997/2238/1247 5011/2252/2108 5010/2251/2107
f 4997/2238/1247 4998/2239/2100 5011/2252/2108
f 5012/2253/2109 5014/2255/2111 5013/2254/2110
f 5012/2253/2109 5015/2256/2112 5014/2255/2111
f 5015/2256/2112 5016/2257/2113 5014/2255/2111
f 5015/2256/2112 5017/2258/2114 5016/2257/2113
f 5017/2258/2114 5018/2259/2115 5016/2257/2113
f 5018/2259/2115 5019/2260/2116 5016/2257/2113
f 5018/2259/2115 5020/2261/2117 5019/2260/2116
f 5020/2261/2117 5021/2262/2118 5019/2260/2116
f 5021/2262/2118 5006/2247/2105 5019/2260/2116
f 5021/2262/2118 5004/2245/2104 5006/2247/2105
f 5008/2249/2106 5022/2263/2119 5006/2247/2105
f 5022/2263/2119 5019/2260/2116 5006/2247/2105
f 5022/2263/2119 5023/2264/2120 5019/2260/2116
f 5023/2264/2120 5016/2257/2113 5019/2260/2116
f 5023/2264/2120 5024/2265/2121 5016/2257/2113
f 5024/2265/2121 5014/2255/2111 5016/2257/2113
f 5024/2265/2121 5025/2266/2122 5014/2255/2111
f 5025/2266/2122 5013/2254/2110 5014/2255/2111
f 5024/2265/2121 5026/2267/2123 5025/2266/2122
f 5023/2264/2120 5027/2268/2124 5024/2265/2121
f 5022/2263/2119 5028/2269/2125 5023/2264/2120
f 5008/2249/2106 5029/2270/2126 5022/2263/2119
f 5024/2265/2121 5027/2268/2124 5026/2267/2123
f 5027/2268/2124 5030/2271/2127 5026/2267/2123
f 5027/2268/2124 5031/2272/2128 5030/2271/2127
f 5031/2272/2128 5032/2273/2129 5030/2271/2127
f 5031/2272/2128 5033/2274/2130 5032/2273/2129
f 5033/2274/2130 5034/2275/2131 5032/2273/2129
f 5033/2274/2130 5035/2276/2132 5034/2275/2131
f 5034/2275/2131 5035/2276/2132 5036/2277/2133
f 5035/2276/2132 5037/2278/2134 5036/2277/2133
f 5035/2276/2132 5038/2279/2135 5037/2278/2134
f 5038/2279/2135 5039/2280/2136 5037/2278/2134
f 5038/2279/2135 5040/2281/2137 5039/2280/2136
f 5023/2264/2120 5028/2269/2125 5027/2268/2124
f 5028/2269/2125 5031/2272/2128 5027/2268/2124
f 5028/2269/2125 5041/2282/2138 5031/2272/2128
f 5041/2282/2138 5033/2274/2130 5031/2272/2128
f 5041/2282/2138 5042/2283/2139 5033/2274/2130
f 5042/2283/2139 5035/2276/2132 5033/2274/2130
f 5042/2283/2139 5043/2284/2140 5035/2276/2132
f 5043/2284/2140 5038/2279/2135 5035/2276/2132
f 5043/2284/2140 5044/2285/2141 5038/2279/2135
f 5044/2285/2141 5040/2281/2137 5038/2279/2135
f 5044/2285/2141 5045/2286/2142 5040/2281/2137
f 5022/2263/2119 5029/2270/2126 5028/2269/2125
f 5029/2270/2126 5041/2282/2138 5028/2269/2125
f 5029/2270/2126 5046/2287/2143 5041/2282/2138
f 5046/2287/2143 5042/2283/2139 5041/2282/2138
f 5046/2287/2143 5047/2288/2144 5042/2283/2139
f 5047/2288/2144 5043/2284/2140 5042/2283/2139
f 5047/2288/2144 5048/2289/2145 5043/2284/2140
f 5048/2289/2145 5044/2285/2141 5043/2284/2140
f 5048/2289/2145 5049/2290/2146 5044/2285/2141
f 5049/2290/2146 5045/2286/2142 5044/2285/2141
f 5049/2290/2146 5050/2291/2147 5045/2286/2142
f 5008/2249/2106 5010/2251/2107 5029/2270/2126
f 5010/2251/2107 5046/2287/2143 5029/2270/2126
f 5010/2251/2107 5011/2252/2108 5046/2287/2143
f 5011/2252/2108 5047/2288/2144 5046/2287/2143
f 5011/2252/2108 4998/2239/2100 5047/2288/2144
f 4998/2239/2100 5048/2289/2145 5047/2288/2144
f 4998/2239/2100 5000/2241/2101 5048/2289/2145
f 5000/2241/2101 5049/2290/2146 5048/2289/2145
f 5000/2241/2101 5002/2243/2102 5049/2290/2146
f 5002/2243/2102 5050/2291/2147 5049/2290/2146
f 5002/2243/2102 4945/2230/2097 5050/2291/2147
f 5039/2280/2136 5052/2293/2149 5051/2292/2148
f 4946/2231/2098 5053/2294/2150 4945/2230/2097
f 5053/2294/2150 5050/2291/2147 4945/2230/2097
f 5053/2294/2150 5054/2295/2151 5050/2291/2147
f 5054/2295/2151 5045/2286/2142 5050/2291/2147
f 5054/2295/2151 5052/2293/2149 5045/2286/2142
f 5052/2293/2149 5040/2281/2137 5045/2286/2142
f 5052/2293/2149 5039/2280/2136 5040/2281/2137
f 4948/2233/2099 5055/2296/2152 4946/2231/2098
f 5055/2296/2152 5053/2294/2150 4946/2231/2098
f 5055/2296/2152 5056/2297/2153 5053/2294/2150
f 5056/2297/2153 5054/2295/2151 5053/2294/2150
f 5056/2297/2153 5057/2298/2154 5054/2295/2151
f 5057/2298/2154 5052/2293/2149 5054/2295/2151
f 5057/2298/2154 5058/2299/2155 5052/2293/2149
f 5058/2299/2155 5051/2292/2148 5052/2293/2149
f 3053/1977/1862 3055/1979/1864 4948/2233/2099
f 3055/1979/1864 5055/2296/2152 4948/2233/2099
f 3055/1979/1864 3057/1981/1866 5055/2296/2152
f 3057/1981/1866 5056/2297/2153 5055/2296/2152
f 3057/1981/1866 3059/1983/1868 5056/2297/2153
f 3059/1983/1868 5057/2298/2154 5056/2297/2153
f 3059/1983/1868 3061/1985/1870 5057/2298/2154
f 3061/1985/1870 5058/2299/2155 5057/2298/2154
f 5051/2300/2148 3006/1934/1819 5039/2301/2136
f 5051/2300/2148 5058/2302/2155 3006/1934/1819
f 5058/2302/2155 3034/1973/1858 3006/1934/1819
f 5058/2302/2155 3061/2303/1870 3034/1973/1858
f 3051/2304/1885 3033/1972/1857 3071/2305/1880
f 3033/1972/1857 3066/2306/1875 3071/2305/1880
f 3033/1972/1857 3034/1973/1858 3066/2306/1875
f 3034/1973/1858 3060/2307/1869 3066/2306/1875
f 3034/1973/1858 3061/2303/1870 3060/2307/1869
f 2997/1925/1810 5059/2308/2156 2996/1924/1809
f 5039/2301/2136 3006/1934/1819 5037/2309/2134
f 3006/1934/1819 5060/2310/2157 5037/2309/2134
f 5059/2308/2156 5060/2310/2157 2996/1924/1809
f 5060/2310/2157 3005/1933/1818 2996/1924/1809
f 5060/2310/2157 3006/1934/1819 3005/1933/1818
f 3003/1931/1816 5061/2311/2158 3002/1930/1815
f 5061/2311/2158 3000/1928/1813 3002/1930/1815
f 5061/2311/2158 2999/1927/1812 3000/1928/1813
f 2231/1522/2159 5062/2312/2161 2217/1501/2160
f 2217/1501/2160 5062/2312/2161 2216/1500/2162
f 5062/2312/2161 2239/1532/2163 2216/1500/2162
f 5062/2312/2161 2238/1531/2164 2239/1532/2163
f 2238/1531/2164 5062/2312/2161 2237/1530/2165
f 5062/2312/2161 2232/2313/2166 2237/1530/2165
f 5062/2312/2161 3003/1931/1816 2232/2313/2166
f 3003/1931/1816 2234/2314/2167 2232/2313/2166
f 3003/1931/1816 2236/2315/2168 2234/2314/2167
f 2236/2315/2168 3003/1931/1816 2244/2316/2169
f 3003/1931/1816 2243/2317/2170 2244/2316/2169
f 3003/1931/1816 2241/1967/1852 2243/2317/2170
f 5063/2318/2171 2312/1632/1538 5064/2319/2172
f 2312/1632/1538 5063/2318/2171 2311/1631/1537
f 5063/2318/2171 2230/1520/1536 2311/1631/1537
f 5063/2318/2171 5065/2320/2173 2230/1520/1536
f 5065/2320/2173 2220/1504/2174 2230/1520/1536
f 5065/2320/2173 2219/1503/2175 2220/1504/2174
f 5034/2321/2131 5066/2323/2176 5032/2322/2129
f 5066/2323/2176 5030/2324/2127 5032/2322/2129
f 5066/2323/2176 5067/2325/2177 5030/2324/2127
f 5067/2325/2177 5026/2326/2123 5030/2324/2127
f 5067/2325/2177 5025/2327/2122 5026/2326/2123
f 5037/2309/2134 5060/2310/2157 5036/2328/2133
f 5060/2310/2157 5034/2321/2131 5036/2328/2133
f 5060/2310/2157 5059/2308/2156 5034/2321/2131
f 5059/2308/2156 5066/2323/2176 5034/2321/2131
f 5059/2308/2156 5068/2329/2178 5066/2323/2176
f 3003/1931/1816 5062/2312/2161 5061/2311/2158
f 5062/2312/2161 5069/2330/2179 5061/2311/2158
f 5062/2312/2161 5070/2331/2180 5069/2330/2179
f 2219/1503/2175 5065/2320/2173 2231/1522/2159
f 5065/2320/2173 5062/2312/2161 2231/1522/2159
f 5065/2320/2173 5071/2332/2181 5062/2312/2161
f 5071/2332/2181 5070/2331/2180 5062/2312/2161
f 5071/2332/2181 5072/2333/2182 5070/2331/2180
f 5073/2334/2183 5074/2335/2184 5064/2319/2172
f 5074/2335/2184 5063/2318/2171 5064/2319/2172
f 5074/2335/2184 5075/2336/2185 5063/2318/2171
f 5075/2336/2185 5065/2320/2173 5063/2318/2171
f 5075/2336/2185 5076/2337/2186 5065/2320/2173
f 5076/2337/2186 5071/2332/2181 5065/2320/2173
f 5025/2327/2122 5067/2325/2177 5077/2338/2187
f 5067/2325/2177 5078/2339/2188 5077/2338/2187
f 5067/2325/2177 5079/2340/2189 5078/2339/2188
f 2997/1925/1810 2999/1927/1812 5059/2308/2156
f 2999/1927/1812 5068/2329/2178 5059/2308/2156
f 2999/1927/1812 5061/2311/2158 5068/2329/2178
f 5061/2311/2158 5066/2323/2176 5068/2329/2178
f 5061/2311/2158 5069/2330/2179 5066/2323/2176
f 5069/2330/2179 5067/2325/2177 5066/2323/2176
f 5069/2330/2179 5070/2331/2180 5067/2325/2177
f 5070/2331/2180 5079/2340/2189 5067/2325/2177
f 5070/2331/2180 5072/2333/2182 5079/2340/2189
f 5080/2341/2190 5078/2339/2188 5079/2340/2189
f 5081/2342/2191 5073/2334/2183 5082/2343/2192
f 5073/2334/2183 5083/2344/2193 5082/2343/2192
f 5073/2334/2183 5084/2345/2194 5083/2344/2193
f 5085/2346/2195 5087/2348/2197 5086/2347/2196
f 5087/2348/2197 5088/2349/2198 5086/2347/2196
f 5087/2348/2197 5089/2350/2199 5088/2349/2198
f 5089/2350/2199 5090/2351/2200 5088/2349/2198
f 5089/2350/2199 5091/2352/2201 5090/2351/2200
f 5091/2352/2201 5084/2345/2194 5090/2351/2200
f 5091/2352/2201 5092/2353/2202 5084/2345/2194
f 5092/2353/2202 5083/2344/2193 5084/2345/2194
f 5085/2346/2195 5086/2347/2196 5093/2354/2203
f 5086/2347/2196 5094/2355/2204 5093/2354/2203
f 5086/2347/2196 5095/2356/2205 5094/2355/2204
f 5095/2356/2205 5096/2357/2206 5094/2355/2204
f 5096/2357/2206 5097/2358/2207 5094/2355/2204
f 5096/2357/2206 5098/2359/2208 5097/2358/2207
f 5098/2359/2208 5096/2357/2206 5099/2360/2209
f 5096/2357/2206 5100/2361/2210 5099/2360/2209
f 5096/2357/2206 5101/2362/2211 5100/2361/2210
f 5073/2334/2183 5081/2342/2191 5074/2335/2184
f 5081/2342/2191 5075/2336/2185 5074/2335/2184
f 5081/2342/2191 5102/2363/2212 5075/2336/2185
f 5075/2336/2185 5102/2363/2212 5076/2337/2186
f 5102/2363/2212 5071/2332/2181 5076/2337/2186
f 5102/2363/2212 5080/2341/2190 5071/2332/2181
f 5080/2341/2190 5072/2333/2182 5071/2332/2181
f 5080/2341/2190 5079/2340/2189 5072/2333/2182
f 5013/2364/2110 5103/2366/2213 5012/2365/2109
f 5025/2327/2122 5077/2338/2187 5013/2364/2110
f 5077/2338/2187 5103/2366/2213 5013/2364/2110
f 5077/2338/2187 5078/2339/2188 5103/2366/2213
f 5078/2339/2188 5104/2367/2214 5103/2366/2213
f 5078/2339/2188 5080/2341/2190 5104/2367/2214
f 5105/2368/2215 5107/2370/2217 5106/2369/2216
f 5107/2370/2217 5108/2371/2218 5106/2369/2216
f 5073/2334/2183 5064/2319/2172 5107/2370/2217
f 5064/2319/2172 5108/2371/2218 5107/2370/2217
f 5064/2319/2172 2312/1632/1538 5108/2371/2218
f 5088/2349/2198 5090/2351/2200 5105/2368/2215
f 5090/2351/2200 5107/2370/2217 5105/2368/2215
f 5090/2351/2200 5084/2345/2194 5107/2370/2217
f 5084/2345/2194 5073/2334/2183 5107/2370/2217
f 5109/2372/2219 3024/1961/1846 5110/2373/2220
f 2312/1632/1538 2262/1633/1539 5108/2371/2218
f 2262/1633/1539 5111/2374/2221 5108/2371/2218
f 2262/1633/1539 2261/1559/2222 5111/2374/2221
f 3024/1961/1846 5109/2372/2219 3017/1947/1832
f 5109/2372/2219 2259/1552/1474 3017/1947/1832
f 5109/2372/2219 5111/2374/2221 2259/1552/1474
f 5111/2374/2221 2260/1554/1476 2259/1552/1474
f 5111/2374/2221 2261/1559/2222 2260/1554/1476
f 5112/2375/2223 5113/2376/2224 5110/2373/2220
f 5113/2376/2224 5109/2372/2219 5110/2373/2220
f 5113/2376/2224 5114/2377/2225 5109/2372/2219
f 5114/2377/2225 5111/2374/2221 5109/2372/2219
f 5114/2377/2225 5106/2369/2216 5111/2374/2221
f 5106/2369/2216 5108/2371/2218 5111/2374/2221
f 5115/2378/2226 5117/2380/2228 5116/2379/2227
f 5117/2380/2228 5118/2381/2229 5116/2379/2227
f 5117/2380/2228 5119/2382/2230 5118/2381/2229
f 3015/1943/1828 5120/2383/2231 3028/1965/1850
f 5120/2383/2231 3026/1963/1848 3028/1965/1850
f 5120/2383/2231 5121/2384/2232 3026/1963/1848
f 5121/2384/2232 3024/1961/1846 3026/1963/1848
f 5121/2384/2232 5110/2373/2220 3024/1961/1846
f 2995/1923/1808 5118/2381/2229 3015/1943/1828
f 5118/2381/2229 5120/2383/2231 3015/1943/1828
f 5118/2381/2229 5119/2382/2230 5120/2383/2231
f 5119/2382/2230 5121/2384/2232 5120/2383/2231
f 5119/2382/2230 5122/2385/2233 5121/2384/2232
f 5122/2385/2233 5110/2373/2220 5121/2384/2232
f 5122/2385/2233 5112/2375/2223 5110/2373/2220
f 5117/2380/2228 5123/2386/2234 5119/2382/2230
f 2950/1878/1763 5124/2387/2235 2952/1880/1765
f 5124/2387/2235 2953/1881/1766 2952/1880/1765
f 5124/2387/2235 5125/2388/2236 2953/1881/1766
f 5126/2389/2237 5125/2388/2236 5127/2390/2238
f 5125/2388/2236 5128/2391/2239 5127/2390/2238
f 5125/2388/2236 5124/2387/2235 5128/2391/2239
f 5125/2388/2236 5126/2389/2237 5129/2392/2240
f 5126/2389/2237 5130/2393/2241 5129/2392/2240
f 5126/2389/2237 5131/2394/2242 5130/2393/2241
f 5131/2394/2242 5096/2357/2206 5130/2393/2241
f 5131/2394/2242 5101/2362/2211 5096/2357/2206
f 5123/2386/2234 5132/2395/2243 5105/2368/2215
f 5132/2395/2243 5088/2349/2198 5105/2368/2215
f 5132/2395/2243 5086/2347/2196 5088/2349/2198
f 5119/2382/2230 5123/2386/2234 5122/2385/2233
f 5123/2386/2234 5112/2375/2223 5122/2385/2233
f 5123/2386/2234 5113/2376/2224 5112/2375/2223
f 5113/2376/2224 5123/2386/2234 5114/2377/2225
f 5123/2386/2234 5106/2369/2216 5114/2377/2225
f 5123/2386/2234 5105/2368/2215 5106/2369/2216
f 2994/1922/1807 5133/2396/2244 2992/1920/1805
f 5133/2396/2244 2991/1919/1804 2992/1920/1805
f 2991/1919/1804 5118/2381/2229 2995/1923/1808
f 5095/2356/2205 5134/2397/2245 5096/2357/2206
f 5134/2397/2245 5130/2393/2241 5096/2357/2206
f 5134/2397/2245 5135/2398/2246 5130/2393/2241
f 5135/2398/2246 5129/2392/2240 5130/2393/2241
f 5135/2398/2246 5133/2396/2244 5129/2392/2240
f 5133/2396/2244 5125/2388/2236 5129/2392/2240
f 5133/2396/2244 2994/1922/1807 5125/2388/2236
f 2994/1922/1807 2953/1881/1766 5125/2388/2236
f 5086/2347/2196 5132/2395/2243 5095/2356/2205
f 5132/2395/2243 5134/2397/2245 5095/2356/2205
f 5132/2395/2243 5123/2386/2234 5134/2397/2245
f 5123/2386/2234 5135/2398/2246 5134/2397/2245
f 5123/2386/2234 5117/2380/2228 5135/2398/2246
f 5117/2380/2228 5133/2396/2244 5135/2398/2246
f 5117/2380/2228 5115/2378/2226 5133/2396/2244
f 5115/2378/2226 2991/1919/1804 5133/2396/2244
f 5115/2378/2226 5116/2379/2227 2991/1919/1804
f 5116/2379/2227 5118/2381/2229 2991/1919/1804
f 4746/2097/1981 5136/2399/2247 4747/2098/1982
f 5137/2400/2248 4746/2097/1981 4718/2069/1953
f 4746/2097/1981 5137/2400/2248 5136/2399/2247
f 5137/2400/2248 5138/2401/2249 5136/2399/2247
f 5137/2400/2248 5139/2402/2250 5138/2401/2249
f 5139/2402/2250 5140/2403/2251 5138/2401/2249
f 5139/2402/2250 5141/2404/2252 5140/2403/2251
f 5141/2404/2252 5142/2405/2253 5140/2403/2251
f 5142/2405/2253 5143/2406/2254 5140/2403/2251
f 5142/2405/2253 5144/2407/2255 5143/2406/2254
f 5128/2391/2239 5145/2408/2256 5127/2390/2238
f 5145/2408/2256 5126/2389/2237 5127/2390/2238
f 5145/2408/2256 5146/2409/2257 5126/2389/2237
f 5146/2409/2257 5131/2394/2242 5126/2389/2237
f 5146/2409/2257 5147/2410/2258 5131/2394/2242
f 5147/2410/2258 5101/2362/2211 5131/2394/2242
f 5147/2410/2258 5148/2411/2259 5101/2362/2211
f 2948/1876/1761 5145/2408/2256 2950/1878/1763
f 5145/2408/2256 5124/2387/2235 2950/1878/1763
f 5145/2408/2256 5128/2391/2239 5124/2387/2235
f 5149/2412/2260 5150/2413/2261 5143/2406/2254
f 5150/2413/2261 5140/2403/2251 5143/2406/2254
f 5150/2413/2261 5151/2414/2262 5140/2403/2251
f 5151/2414/2262 5138/2401/2249 5140/2403/2251
f 5151/2414/2262 5152/2415/2263 5138/2401/2249
f 5152/2415/2263 5136/2399/2247 5138/2401/2249
f 5152/2415/2263 4748/2099/1983 5136/2399/2247
f 4748/2099/1983 4747/2098/1982 5136/2399/2247
f 5148/2411/2259 5147/2410/2258 5149/2412/2260
f 5147/2410/2258 5150/2413/2261 5149/2412/2260
f 5147/2410/2258 5146/2409/2257 5150/2413/2261
f 5146/2409/2257 5151/2414/2262 5150/2413/2261
f 5146/2409/2257 5145/2408/2256 5151/2414/2262
f 5145/2408/2256 5152/2415/2263 5151/2414/2262
f 5145/2408/2256 2948/1876/1761 5152/2415/2263
f 2948/1876/1761 4748/2099/1983 5152/2415/2263
f 5153/2416/2264 2299/2418/2266 2085/2417/2265
f 5153/2416/2264 5155/2420/2268 5154/2419/2267
f 5155/2420/2268 5156/2421/2269 5154/2419/2267
f 5155/2420/2268 5157/2422/2270 5156/2421/2269
f 5157/2422/2270 4708/2059/1943 5156/2421/2269
f 5158/2423/2271 4704/2054/1939 5159/2424/2272
f 4704/2054/1939 5160/2425/2273 5159/2424/2272
f 4704/2054/1939 2720/2426/1712 5160/2425/2273
f 4704/2054/1939 5158/2423/2271 4708/2059/1943
f 5158/2423/2271 5156/2421/2269 4708/2059/1943
f 5158/2423/2271 5159/2424/2272 5156/2421/2269
f 5159/2424/2272 5161/2427/2274 5156/2421/2269
f 5161/2427/2274 5162/2428/2275 5156/2421/2269
f 5162/2428/2275 5154/2419/2267 5156/2421/2269
f 5162/2428/2275 5163/2429/2276 5154/2419/2267
f 5164/2430/2277 2306/2431/2278 5163/2429/2276
f 2306/2431/2278 5164/2430/2277 2302/2432/2279
f 5164/2430/2277 2304/2433/2280 2302/2432/2279
f 5164/2430/2277 5165/2434/2281 2304/2433/2280
f 5165/2434/2281 2310/2435/2282 2304/2433/2280
f 5165/2434/2281 2133/2436/2283 2310/2435/2282
f 2264/2437/2284 5154/2419/2267 2263/2438/2285
f 5154/2419/2267 2308/2439/2286 2263/2438/2285
f 5154/2419/2267 5163/2429/2276 2308/2439/2286
f 5163/2429/2276 2307/2440/2287 2308/2439/2286
f 5163/2429/2276 2306/2431/2278 2307/2440/2287
f 5153/2416/2264 5154/2419/2267 2299/2418/2266
f 5154/2419/2267 2298/2441/2288 2299/2418/2266
f 5154/2419/2267 2264/2437/2284 2298/2441/2288
f 2300/2442/2289 5153/2416/2264 2085/2417/2265
f 2287/1599/2290 2281/1590/2292 5166/2443/2291
f 2281/1590/2292 2038/1591/2293 5166/2443/2291
f 2286/2444/2294 5167/2446/2296 2290/2445/2295
f 2287/1599/2290 5166/2443/2291 2286/2444/2294
f 5166/2443/2291 5167/2446/2296 2286/2444/2294
f 5166/2443/2291 5168/2447/2297 5167/2446/2296
f 5168/2447/2297 5169/2448/2298 5167/2446/2296
f 5168/2447/2297 5170/2449/2299 5169/2448/2298
f 4718/2069/1953 4720/2071/1955 5171/2450/2300
f 4720/2071/1955 5170/2449/2299 5171/2450/2300
f 4720/2071/1955 4742/2093/1977 5170/2449/2299
f 4742/2093/1977 5169/2448/2298 5170/2449/2299
f 4742/2093/1977 4741/2092/1976 5169/2448/2298
f 4741/2092/1976 4739/2090/1974 5169/2448/2298
f 4739/2090/1974 5167/2446/2296 5169/2448/2298
f 4739/2090/1974 4737/2088/1972 5167/2446/2296
f 4737/2088/1972 5172/2451/2301 5167/2446/2296
f 4737/2088/1972 4735/2086/1970 5172/2451/2301
f 4735/2086/1970 5173/2452/2302 5172/2451/2301
f 4735/2086/1970 4733/2084/1968 5173/2452/2302
f 5153/2416/2264 4733/2084/1968 5155/2420/2268
f 4733/2084/1968 5157/2422/2270 5155/2420/2268
f 4733/2084/1968 4708/2059/1943 5157/2422/2270
f 4733/2084/1968 5153/2416/2264 5173/2452/2302
f 5153/2416/2264 2301/2453/2303 5173/2452/2302
f 5153/2416/2264 2300/2442/2289 2301/2453/2303
f 2290/2445/2295 5167/2446/2296 2289/2454/2304
f 5167/2446/2296 2288/2455/2305 2289/2454/2304
f 5167/2446/2296 5172/2451/2301 2288/2455/2305
f 5172/2451/2301 2295/2456/2306 2288/2455/2305
f 2295/2456/2306 5172/2451/2301 2294/2457/2307
f 5172/2451/2301 2292/2458/2308 2294/2457/2307
f 5172/2451/2301 2291/2459/2309 2292/2458/2308
f 2291/2459/2309 5172/2451/2301 2296/2460/2310
f 5172/2451/2301 2267/2461/2311 2296/2460/2310
f 5172/2451/2301 5173/2452/2302 2267/2461/2311
f 5173/2452/2302 2266/2462/2312 2267/2461/2311
f 5173/2452/2302 2301/2453/2303 2266/2462/2312
f 5174/2463/2313 5176/2465/2315 5175/2464/2314
f 5177/2466/2316 5179/2468/2318 5178/2467/2317
f 5174/2463/2313 5175/2464/2314 5180/2469/2319
f 5175/2464/2314 5181/2470/2320 5180/2469/2319
f 5175/2464/2314 5182/2471/2321 5181/2470/2320
f 5141/2404/2252 5183/2472/2322 5142/2405/2253
f 5183/2472/2322 5144/2407/2255 5142/2405/2253
f 5184/2473/2323 5143/2406/2254 5185/2474/2324
f 5143/2406/2254 5186/2475/2325 5185/2474/2324
f 5143/2406/2254 5144/2407/2255 5186/2475/2325
f 5144/2407/2255 5187/2476/2326 5186/2475/2325
f 5144/2407/2255 5183/2472/2322 5187/2476/2326
f 5183/2472/2322 5188/2477/2327 5187/2476/2326
f 5183/2472/2322 5189/2478/2328 5188/2477/2327
f 5189/2478/2328 5190/2479/2329 5188/2477/2327
f 5189/2478/2328 5176/2465/2315 5190/2479/2329
f 5176/2465/2315 5191/2480/2330 5190/2479/2329
f 5176/2465/2315 5174/2463/2313 5191/2480/2330
f 5143/2406/2254 5184/2473/2323 5149/2412/2260
f 5184/2473/2323 5148/2411/2259 5149/2412/2260
f 5184/2473/2323 5192/2481/2331 5148/2411/2259
f 5192/2481/2331 5101/2362/2211 5148/2411/2259
f 5192/2481/2331 5100/2361/2210 5101/2362/2211
f 5166/2443/2291 5193/2482/2332 5168/2447/2297
f 5193/2482/2332 5170/2449/2299 5168/2447/2297
f 5193/2482/2332 5137/2400/2248 5170/2449/2299
f 5137/2400/2248 5171/2450/2300 5170/2449/2299
f 5137/2400/2248 4718/2069/1953 5171/2450/2300
f 5193/2482/2332 5166/2443/2291 5194/2483/2333
f 5166/2443/2291 5195/2484/2334 5194/2483/2333
f 5166/2443/2291 2038/1591/2293 5195/2484/2334
f 2280/1589/2335 5195/2484/2334 2279/1588/2336
f 2118/1577/2337 5196/2486/2339 2272/2485/2338
f 5196/2486/2339 2277/2487/2340 2272/2485/2338
f 5196/2486/2339 5197/2488/2341 2277/2487/2340
f 5197/2488/2341 2276/1584/2342 2277/2487/2340
f 5197/2488/2341 5198/2489/2343 2276/1584/2342
f 5198/2489/2343 2274/1582/2344 2276/1584/2342
f 5198/2489/2343 5195/2484/2334 2274/1582/2344
f 5195/2484/2334 2273/1581/2345 2274/1582/2344
f 5195/2484/2334 2280/1589/2335 2273/1581/2345
f 2279/1588/2336 5195/2484/2334 2284/1594/2346
f 5195/2484/2334 2283/1593/2347 2284/1594/2346
f 5195/2484/2334 2038/1591/2293 2283/1593/2347
f 5139/2402/2250 5199/2490/2348 5141/2404/2252
f 5199/2490/2348 5183/2472/2322 5141/2404/2252
f 5199/2490/2348 5200/2491/2349 5183/2472/2322
f 5200/2491/2349 5189/2478/2328 5183/2472/2322
f 5200/2491/2349 5201/2492/2350 5189/2478/2328
f 5201/2492/2350 5176/2465/2315 5189/2478/2328
f 5201/2492/2350 5179/2468/2318 5176/2465/2315
f 5179/2468/2318 5175/2464/2314 5176/2465/2315
f 5179/2468/2318 5177/2466/2316 5175/2464/2314
f 5177/2466/2316 5182/2471/2321 5175/2464/2314
f 5137/2400/2248 5193/2482/2332 5139/2402/2250
f 5193/2482/2332 5199/2490/2348 5139/2402/2250
f 5193/2482/2332 5194/2483/2333 5199/2490/2348
f 5194/2483/2333 5200/2491/2349 5199/2490/2348
f 5194/2483/2333 5195/2484/2334 5200/2491/2349
f 5195/2484/2334 5201/2492/2350 5200/2491/2349
f 5195/2484/2334 5198/2489/2343 5201/2492/2350
f 5198/2489/2343 5179/2468/2318 5201/2492/2350
f 5198/2489/2343 5197/2488/2341 5179/2468/2318
f 5197/2488/2341 5178/2467/2317 5179/2468/2318
f 5196/2486/2339 5202/2493/2351 5197/2488/2341
f 5165/2434/2281 5203/2494/2352 2133/2436/2283
f 5203/2494/2352 2309/2495/2353 2133/2436/2283
f 5203/2494/2352 5202/2493/2351 2309/2495/2353
f 5204/2496/2354 5206/2498/2356 5205/2497/2355
f 5206/2498/2356 5207/2499/2357 5205/2497/2355
f 5206/2498/2356 5208/2500/2358 5207/2499/2357
f 5208/2500/2358 5210/2502/2360 5209/2501/2359
f 5210/2502/2360 5211/2503/2361 5209/2501/2359
f 5210/2502/2360 5212/2504/2362 5211/2503/2361
f 2118/1577/2337 2271/1574/2363 5196/2486/2339
f 2271/1574/2363 5202/2493/2351 5196/2486/2339
f 2271/1574/2363 2269/2505/2364 5202/2493/2351
f 2269/2505/2364 2309/2495/2353 5202/2493/2351
f 5208/2500/2358 5206/2498/2356 5210/2502/2360
f 5206/2498/2356 5178/2467/2317 5210/2502/2360
f 5206/2498/2356 5177/2466/2316 5178/2467/2317
f 5197/2488/2341 5202/2493/2351 5178/2467/2317
f 5202/2493/2351 5210/2502/2360 5178/2467/2317
f 5202/2493/2351 5203/2494/2352 5210/2502/2360
f 5203/2494/2352 5212/2504/2362 5210/2502/2360
f 5203/2494/2352 5165/2434/2281 5212/2504/2362
f 5165/2434/2281 5213/2506/2365 5212/2504/2362
f 5165/2434/2281 5164/2430/2277 5213/2506/2365
f 5214/2507/2366 5216/2509/2368 5215/2508/2367
f 5217/2510/2369 5216/2509/2368 5218/2511/2370
f 5216/2509/2368 5219/2512/2371 5218/2511/2370
f 5216/2509/2368 5220/2513/2372 5219/2512/2371
f 5220/2513/2372 5216/2509/2368 5221/2514/2373
f 5216/2509/2368 5222/2515/2374 5221/2514/2373
f 5216/2509/2368 5223/2516/2375 5222/2515/2374
f 5223/2516/2375 5224/2517/2376 5222/2515/2374
f 5223/2516/2375 5225/2518/2377 5224/2517/2376
f 5214/2507/2366 5226/2519/2378 5216/2509/2368
f 5226/2519/2378 5223/2516/2375 5216/2509/2368
f 5226/2519/2378 5227/2520/2379 5223/2516/2375
f 5181/2470/2320 5223/2516/2375 5180/2469/2319
f 5223/2516/2375 5228/2521/2380 5180/2469/2319
f 5223/2516/2375 5227/2520/2379 5228/2521/2380
f 5229/2522/2381 5206/2498/2356 5230/2523/2382
f 5206/2498/2356 5204/2496/2354 5230/2523/2382
f 5204/2496/2354 5231/2524/2383 5230/2523/2382
f 5204/2496/2354 5232/2525/2384 5231/2524/2383
f 5232/2525/2384 5204/2496/2354 5233/2526/2385
f 5204/2496/2354 5234/2527/2386 5233/2526/2385
f 5204/2496/2354 5235/2528/2387 5234/2527/2386
f 5236/2529/2388 5181/2470/2320 5237/2530/2389
f 5225/2518/2377 5223/2516/2375 5238/2531/2390
f 5223/2516/2375 5239/2532/2391 5238/2531/2390
f 5223/2516/2375 5181/2470/2320 5239/2532/2391
f 5181/2470/2320 5240/2533/2392 5239/2532/2391
f 5181/2470/2320 5236/2529/2388 5240/2533/2392
f 5237/2530/2389 5181/2470/2320 5241/2534/2393
f 5181/2470/2320 5242/2535/2394 5241/2534/2393
f 5181/2470/2320 5182/2471/2321 5242/2535/2394
f 5242/2535/2394 5182/2471/2321 5243/2536/2395
f 5182/2471/2321 5244/2537/2396 5243/2536/2395
f 5182/2471/2321 5177/2466/2316 5244/2537/2396
f 5177/2466/2316 5245/2538/2397 5244/2537/2396
f 5177/2466/2316 5246/2539/2398 5245/2538/2397
f 5246/2539/2398 5177/2466/2316 5247/2540/2399
f 5177/2466/2316 5248/2541/2400 5247/2540/2399
f 5177/2466/2316 5206/2498/2356 5248/2541/2400
f 5206/2498/2356 5249/2542/2401 5248/2541/2400
f 5206/2498/2356 5229/2522/2381 5249/2542/2401
f 5232/2543/2402 5250/2545/2404 5231/2544/2403
f 5246/2546/2405 5251/2548/2407 5245/2547/2406
f 5252/2549/2408 5254/2551/2410 5253/2550/2409
f 5254/2551/2410 5255/2552/2411 5253/2550/2409
f 5254/2553/2410 5256/2555/2412 5255/2554/2411
f 5257/2556/2413 5259/2558/2415 5258/2557/2414
f 5259/2558/2415 5253/2559/2409 5258/2557/2414
f 5259/2558/2415 5260/2560/2416 5253/2559/2409
f 5260/2561/2416 5252/2563/2408 5253/2562/2409
f 5218/2564/2417 5219/2566/2419 5261/2565/2418
f 5219/2566/2419 5220/2567/2420 5261/2565/2418
f 5218/2511/2417 5261/2568/2418 5217/2510/2421
f 5261/2568/2418 5262/2569/2422 5217/2510/2421
f 5261/2568/2418 5255/2552/2411 5262/2569/2422
f 5255/2554/2411 5263/2571/2423 5262/2570/2422
f 5255/2554/2411 5256/2555/2412 5263/2571/2423
f 5220/2567/2420 5221/2572/2424 5261/2565/2418
f 5221/2573/2424 5264/2575/2425 5261/2574/2418
f 5221/2576/2424 5222/2578/2426 5264/2577/2425
f 5222/2578/2426 5224/2579/2427 5264/2577/2425
f 5224/2517/2427 5265/2581/2428 5264/2580/2425
f 5224/2517/2427 5225/2518/2429 5265/2581/2428
f 5236/2529/2430 5266/2582/2432 5240/2533/2431
f 5266/2582/2432 5239/2532/2433 5240/2533/2431
f 5266/2582/2432 5265/2581/2428 5239/2532/2433
f 5265/2581/2428 5238/2531/2434 5239/2532/2433
f 5265/2581/2428 5225/2518/2429 5238/2531/2434
f 5236/2529/2430 5237/2530/2435 5266/2582/2432
f 5237/2530/2435 5267/2583/2436 5266/2582/2432
f 5237/2530/2435 5241/2534/2437 5267/2583/2436
f 5245/2547/2406 5251/2548/2407 5244/2584/2438
f 5251/2548/2407 5243/2585/2439 5244/2584/2438
f 5251/2548/2407 5267/2586/2436 5243/2585/2439
f 5267/2586/2436 5242/2587/2440 5243/2585/2439
f 5267/2583/2436 5241/2534/2437 5242/2535/2440
f 5268/2588/2441 5251/2548/2407 5248/2589/2442
f 5251/2548/2407 5247/2590/2443 5248/2589/2442
f 5251/2548/2407 5246/2546/2405 5247/2590/2443
f 5250/2545/2404 5269/2591/2444 5231/2544/2403
f 5231/2544/2403 5269/2591/2444 5230/2592/2445
f 5269/2591/2444 5229/2593/2446 5230/2592/2445
f 5269/2591/2444 5268/2588/2441 5229/2593/2446
f 5268/2588/2441 5249/2594/2447 5229/2593/2446
f 5268/2588/2441 5248/2589/2442 5249/2594/2447
f 5257/2556/2413 5258/2557/2414 5235/2595/2448
f 5258/2557/2414 5234/2596/2449 5235/2595/2448
f 5258/2557/2414 5250/2545/2404 5234/2596/2449
f 5250/2545/2404 5233/2597/2450 5234/2596/2449
f 5250/2545/2404 5232/2543/2402 5233/2597/2450
f 5270/2598/2451 5272/2600/2453 5271/2599/2452
f 5270/2598/2451 5273/2601/2454 5272/2600/2453
f 5273/2601/2454 5274/2602/2455 5272/2600/2453
f 5273/2601/2454 5275/2603/2456 5274/2602/2455
f 5276/2604/2457 5278/2606/2459 5277/2605/2458
f 5278/2607/2459 5276/2609/2457 5279/2608/2460
f 5276/2604/2457 5280/2611/2461 5279/2610/2460
f 5276/2604/2457 5274/2602/2455 5280/2611/2461
f 5274/2602/2455 5281/2612/2462 5280/2611/2461
f 5274/2602/2455 5275/2603/2456 5281/2612/2462
f 5271/2599/2452 5272/2600/2453 5282/2613/2463
f 5272/2600/2453 5283/2614/2464 5282/2613/2463
f 5272/2600/2453 5274/2602/2455 5283/2614/2464
f 5274/2602/2455 5284/2615/2465 5283/2614/2464
f 5274/2602/2455 5276/2604/2457 5284/2615/2465
f 5276/2604/2457 5285/2616/2466 5284/2615/2465
f 5276/2604/2457 5277/2605/2458 5285/2616/2466
f 5277/2605/2458 5286/2617/2467 5285/2616/2466
f 5287/2618/2468 5289/2620/2470 5288/2619/2469
f 5290/2621/2471 5289/2620/2470 5291/2622/2472
f 5289/2623/2470 5292/2625/2473 5291/2624/2472
f 5289/2623/2470 5293/2626/2474 5292/2625/2473
f 5294/2627/2475 5289/2620/2470 5295/2628/2476
f 5289/2620/2470 5296/2629/2477 5295/2628/2476
f 5289/2620/2470 5290/2621/2471 5296/2629/2477
f 5297/2630/2478 5299/2632/2480 5298/2631/2479
f 5299/2632/2480 5300/2633/2481 5298/2631/2479
f 5301/2634/2482 5288/2619/2469 5300/2633/2481
f 5288/2619/2469 5298/2631/2479 5300/2633/2481
f 5288/2619/2469 5289/2620/2470 5298/2631/2479
f 5289/2620/2470 5297/2630/2478 5298/2631/2479
f 5289/2620/2470 5294/2627/2475 5297/2630/2478
f 5302/2635/2483 5304/2637/2485 5303/2636/2484
f 5305/2638/2486 5303/2640/2484 5306/2639/2487
f 5303/2636/2484 5305/2641/2486 5302/2635/2483
f 5305/2641/2486 5307/2642/2488 5302/2635/2483
f 5305/2641/2486 5308/2643/2489 5307/2642/2488
f 5309/2644/2490 5311/2646/2492 5310/2645/2491
f 5311/2646/2492 5312/2647/2493 5310/2645/2491
f 5311/2646/2492 5313/2648/2494 5312/2647/2493
f 5313/2648/2494 5314/2649/2495 5312/2647/2493
f 5313/2648/2494 5315/2650/2496 5314/2649/2495
f 5293/2626/2474 5286/2652/2467 5277/2651/2458
f 5278/2607/2459 5316/2653/2497 5277/2651/2458
f 5316/2653/2497 5293/2626/2474 5277/2651/2458
f 5316/2653/2497 5317/2654/2498 5293/2626/2474
f 5317/2654/2498 5292/2625/2473 5293/2626/2474
f 5312/2647/2493 5314/2649/2495 5308/2655/2489
f 5314/2656/2495 5307/2642/2488 5308/2643/2489
f 5314/2656/2495 5318/2657/2499 5307/2642/2488
f 5318/2657/2499 5302/2635/2483 5307/2642/2488
f 5318/2657/2499 5319/2658/2500 5302/2635/2483
f 5319/2658/2500 5304/2637/2485 5302/2635/2483
f 5319/2658/2500 5320/2659/2501 5304/2637/2485
f 5301/2634/2482 5320/2659/2501 5288/2619/2469
f 5320/2659/2501 5287/2618/2468 5288/2619/2469
f 5320/2659/2501 5319/2658/2500 5287/2618/2468
f 5319/2658/2500 5289/2620/2470 5287/2618/2468
f 5319/2658/2500 5318/2657/2499 5289/2620/2470
f 5318/2660/2499 5293/2626/2474 5289/2623/2470
f 5318/2660/2499 5314/2649/2495 5293/2626/2474
f 5314/2649/2495 5286/2652/2467 5293/2626/2474
f 5314/2649/2495 5315/2650/2496 5286/2652/2467
f 5315/2661/2496 5285/2616/2466 5286/2617/2467
f 5321/2662/2502 5323/2664/2504 5322/2663/2503
f 5323/2664/2504 5324/2665/2505 5322/2663/2503
f 5323/2664/2504 5325/2666/2506 5324/2665/2505
f 5325/2666/2506 5326/2667/2507 5324/2665/2505
f 5325/2666/2506 5327/2668/2508 5326/2667/2507
f 5327/2668/2508 5328/2669/2509 5326/2667/2507
f 5327/2668/2508 5311/2670/2492 5328/2669/2509
f 5311/2670/2492 5309/2671/2490 5328/2669/2509
f 5329/2672/2510 5330/2673/2511 5321/2662/2502
f 5330/2673/2511 5323/2664/2504 5321/2662/2502
f 5330/2673/2511 5331/2674/2512 5323/2664/2504
f 5331/2674/2512 5325/2666/2506 5323/2664/2504
f 5331/2674/2512 5332/2675/2513 5325/2666/2506
f 5332/2675/2513 5327/2668/2508 5325/2666/2506
f 5332/2675/2513 5313/2676/2494 5327/2668/2508
f 5313/2676/2494 5311/2670/2492 5327/2668/2508
f 5282/2613/2463 5283/2614/2464 5329/2672/2510
f 5283/2614/2464 5330/2673/2511 5329/2672/2510
f 5283/2614/2464 5284/2615/2465 5330/2673/2511
f 5284/2615/2465 5331/2674/2512 5330/2673/2511
f 5284/2615/2465 5285/2616/2466 5331/2674/2512
f 5285/2616/2466 5332/2675/2513 5331/2674/2512
f 5285/2616/2466 5315/2661/2496 5332/2675/2513
f 5315/2661/2496 5313/2676/2494 5332/2675/2513
f 5333/2677/2514 5335/2679/1250 5334/2678/1250
f 5271/2599/2452 5337/2681/1247 5336/2680/1247
f 5271/2599/2452 5282/2613/2463 5337/2681/1247
f 5282/2613/2463 5338/2682/1248 5337/2681/1247
f 5282/2613/2463 5329/2672/2510 5338/2682/1248
f 5334/2678/1250 5339/2683/1247 5333/2677/2514
f 5340/2684/1248 5342/2686/1248 5341/2685/2515
f 5342/2686/1248 5343/2687/2516 5341/2685/2515
f 5342/2686/1248 5344/2688/1247 5343/2687/2516
f 5344/2688/1247 5345/2689/2517 5343/2687/2516
f 5344/2688/1247 5346/2690/1247 5345/2689/2517
f 5346/2690/1247 5347/2691/2518 5345/2689/2517
f 5346/2690/1247 5335/2679/1250 5347/2691/2518
f 5335/2679/1250 5348/2692/2519 5347/2691/2518
f 5335/2679/1250 5333/2677/2514 5348/2692/2519
f 5336/2680/1247 5349/2693/2103 5271/2599/2452
f 5349/2693/2103 5270/2598/2451 5271/2599/2452
f 5349/2693/2103 5350/2694/2520 5270/2598/2451
f 5338/2682/1248 5329/2672/2510 5351/2695/1247
f 5329/2672/2510 5352/2696/1247 5351/2695/1247
f 5329/2672/2510 5321/2662/2502 5352/2696/1247
f 5333/2677/2514 5339/2683/1247 5322/2663/2503
f 5339/2683/1247 5321/2662/2502 5322/2663/2503
f 5339/2683/1247 5353/2697/1248 5321/2662/2502
f 5353/2697/1248 5352/2696/1247 5321/2662/2502
f 5354/2698/2521 5356/2700/2523 5355/2699/2522
f 5356/2700/2523 5357/2701/2524 5355/2699/2522
f 5356/2700/2523 5358/2702/2525 5357/2701/2524
f 5356/2700/2523 5360/2704/2527 5359/2703/2526
f 5354/2698/2521 5361/2705/2528 5356/2700/2523
f 5361/2705/2529 5360/2704/2527 5356/2700/2523
s 0
f 5361/2705/2530 5362/2706/2532 5360/2704/2531
s 1
f 5359/2703/2526 5363/2707/2533 5356/2700/2523
f 5363/2707/2533 5364/2708/2534 5356/2700/2523
f 5363/2707/2533 5365/2709/2535 5364/2708/2534
f 5366/2710/2536 5367/2711/2537 5364/2708/2534
f 5367/2711/2537 5356/2700/2523 5364/2708/2534
f 5367/2711/2537 5368/2712/2538 5356/2700/2523
f 5368/2712/2538 5358/2702/2525 5356/2700/2523
f 5365/2709/2535 5369/2713/2539 5364/2708/2534
f 5365/2709/2535 5370/2714/2540 5369/2713/2539
f 5370/2715/2540 5371/2717/2541 5369/2716/2539
f 5370/2715/2540 5372/2718/2542 5371/2717/2541
f 5372/2718/2542 5373/2719/2543 5371/2717/2541
f 5373/2719/2543 5374/2720/2544 5371/2717/2541
f 5373/2719/2543 5375/2721/2545 5374/2720/2544
f 5375/2721/2545 5376/2722/2546 5374/2720/2544
f 5376/2722/2546 5343/2687/2516 5374/2720/2544
f 5376/2722/2546 5341/2685/2515 5343/2687/2516
f 5345/2689/2517 5377/2723/2547 5343/2687/2516
f 5377/2723/2547 5374/2720/2544 5343/2687/2516
f 5377/2723/2547 5378/2724/2548 5374/2720/2544
f 5378/2724/2548 5371/2717/2541 5374/2720/2544
f 5378/2724/2548 5379/2725/2549 5371/2717/2541
f 5379/2725/2549 5369/2716/2539 5371/2717/2541
f 5379/2726/2549 5366/2710/2536 5369/2713/2539
f 5366/2710/2536 5364/2708/2534 5369/2713/2539
f 5380/2727/2550 5328/2669/2509 5309/2671/2490
f 5347/2691/2518 5381/2728/2551 5345/2689/2517
f 5381/2728/2551 5377/2723/2547 5345/2689/2517
f 5381/2728/2551 5382/2729/2552 5377/2723/2547
f 5382/2729/2552 5378/2724/2548 5377/2723/2547
f 5382/2729/2552 5383/2730/2553 5378/2724/2548
f 5383/2730/2553 5379/2725/2549 5378/2724/2548
f 5348/2692/2519 5384/2731/2554 5347/2691/2518
f 5384/2731/2554 5381/2728/2551 5347/2691/2518
f 5384/2731/2554 5385/2732/2555 5381/2728/2551
f 5385/2732/2555 5382/2729/2552 5381/2728/2551
f 5385/2732/2555 5386/2733/2556 5382/2729/2552
f 5386/2733/2556 5383/2730/2553 5382/2729/2552
f 5333/2677/2514 5387/2734/2557 5348/2692/2519
f 5387/2734/2557 5384/2731/2554 5348/2692/2519
f 5387/2734/2557 5388/2735/2558 5384/2731/2554
f 5388/2735/2558 5385/2732/2555 5384/2731/2554
f 5388/2735/2558 5389/2736/2559 5385/2732/2555
f 5389/2736/2559 5386/2733/2556 5385/2732/2555
f 5322/2663/2503 5324/2665/2505 5333/2677/2514
f 5324/2665/2505 5387/2734/2557 5333/2677/2514
f 5324/2665/2505 5326/2667/2507 5387/2734/2557
f 5326/2667/2507 5388/2735/2558 5387/2734/2557
f 5326/2667/2507 5328/2669/2509 5388/2735/2558
f 5328/2669/2509 5389/2736/2559 5388/2735/2558
f 5328/2669/2509 5380/2727/2550 5389/2736/2559
f 5380/2727/2550 5386/2733/2556 5389/2736/2559
f 5380/2727/2550 5390/2737/2560 5386/2733/2556
f 5390/2738/2560 5383/2740/2553 5386/2739/2556
f 5390/2738/2560 5391/2741/2561 5383/2740/2553
f 5391/2741/2561 5379/2726/2549 5383/2740/2553
f 5391/2741/2561 5366/2710/2536 5379/2726/2549
f 5392/2742/2562 5394/2744/2564 5393/2743/2563
f 5395/2745/2565 5396/2746/2566 5392/2742/2562
f 5396/2746/2566 5394/2744/2564 5392/2742/2562
f 5396/2746/2566 5357/2701/2524 5394/2744/2564
f 5357/2701/2524 5397/2747/2567 5394/2744/2564
f 5357/2701/2524 5358/2702/2525 5397/2747/2567
f 5366/2710/2536 5397/2747/2567 5367/2711/2537
f 5397/2747/2567 5368/2712/2538 5367/2711/2537
f 5397/2747/2567 5358/2702/2525 5368/2712/2538
f 5391/2741/2561 5390/2738/2560 5398/2748/2568
f 5390/2738/2560 5399/2749/2569 5398/2748/2568
f 5390/2738/2560 5380/2750/2550 5399/2749/2569
f 5380/2750/2550 5310/2645/2491 5399/2749/2569
f 5380/2750/2550 5309/2644/2490 5310/2645/2491
f 5393/2743/2563 5394/2744/2564 5399/2749/2569
f 5394/2744/2564 5398/2748/2568 5399/2749/2569
f 5394/2744/2564 5397/2747/2567 5398/2748/2568
f 5397/2747/2567 5391/2741/2561 5398/2748/2568
f 5397/2747/2567 5366/2710/2536 5391/2741/2561
f 5395/2745/2565 5392/2742/2562 5306/2751/2487
f 5392/2752/2562 5305/2754/2486 5306/2753/2487
f 5392/2742/2562 5393/2743/2563 5305/2755/2486
f 5393/2756/2563 5308/2643/2489 5305/2641/2486
f 5393/2743/2563 5399/2749/2569 5308/2655/2489
f 5399/2749/2569 5312/2647/2493 5308/2655/2489
f 5399/2749/2569 5310/2645/2491 5312/2647/2493
f 5400/2757/2570 5402/2759/2572 5401/2758/2571
f 5402/2759/2572 5403/2760/2573 5401/2758/2571
f 5402/2759/2572 5404/2761/2574 5403/2760/2573
f 5401/2758/2571 5403/2760/2573 5340/2762/2575
f 5403/2760/2573 5405/2763/2576 5340/2762/2575
f 5403/2760/2573 5406/2764/2577 5405/2763/2576
s 0
f 5406/2764/2578 5407/2765/2580 5405/2763/2579
s 1
f 5408/2766/2581 5410/2768/2583 5409/2767/2582
f 5408/2766/2581 5411/2769/2584 5410/2768/2583
f 5411/2769/2584 5412/2770/2585 5410/2768/2583
f 5411/2769/2584 5413/2771/2586 5412/2770/2585
f 5413/2771/2586 5414/2772/2587 5412/2770/2585
f 5414/2772/2587 5400/2757/2570 5412/2770/2585
f 5414/2772/2587 5402/2759/2572 5400/2757/2570
f 2590/1665/2588 5402/2759/2590 5415/2773/2589
f 5402/2759/2590 5414/2772/2591 5415/2773/2589
f 5414/2772/2591 5413/2771/2592 5415/2773/2589
f 5413/2771/2592 5416/2774/2593 5415/2773/2589
f 5413/2771/2592 5411/2769/2594 5416/2774/2593
f 5416/2774/2593 5411/2769/2594 5417/2775/2595
f 5411/2769/2594 2707/2776/2596 5417/2775/2595
f 5411/2769/2597 5408/2766/2599 2707/2776/2598
f 4939/2777/2600 2603/2779/2602 2604/2778/2601
f 2603/2779/2602 4939/2777/2600 2606/2780/2603
f 4939/2777/2600 2605/2781/2604 2606/2780/2603
f 4939/2777/2600 2609/2782/2605 2605/2781/2604
f 2609/2782/2605 4939/2777/2600 2608/1689/2606
f 4939/2777/2600 2601/1679/2607 2608/1689/2606
f 4939/2777/2600 2591/1666/2608 2601/1679/2607
f 5404/2761/2574 5402/2759/2572 4939/2777/2609
f 5402/2759/2590 2591/1666/2608 4939/2777/2600
f 5402/2759/2590 2590/1665/2588 2591/1666/2608
f 5363/2783/2610 5359/2785/2612 5401/2784/2611
f 5359/2785/2612 5400/2786/2613 5401/2784/2611
f 5373/2787/2614 5418/2789/2616 5375/2788/2615
f 5418/2789/2616 5363/2783/2610 5375/2788/2615
f 5418/2789/2616 5365/2790/2617 5363/2783/2610
f 5365/2790/2617 5418/2789/2616 5370/2791/2618
f 5418/2789/2616 5372/2792/2619 5370/2791/2618
f 5418/2789/2616 5373/2787/2614 5372/2792/2619
f 5340/2793/2620 5341/2794/2621 5401/2784/2611
f 5341/2794/2621 5363/2783/2610 5401/2784/2611
f 5341/2794/2621 5376/2795/2622 5363/2783/2610
f 5376/2795/2622 5375/2788/2615 5363/2783/2610
f 5419/2796/2623 5420/2798/2625 5354/2797/2624
f 5420/2798/2625 5361/2799/2626 5354/2797/2624
f 5420/2798/2625 5409/2800/2627 5361/2799/2626
f 5409/2800/2627 5362/2801/2628 5361/2799/2626
f 5359/2785/2612 5360/2802/2629 5400/2786/2613
f 5360/2802/2629 5412/2803/2630 5400/2786/2613
f 5360/2802/2631 5362/2801/2628 5412/2803/2632
f 5362/2801/2628 5410/2804/2633 5412/2803/2632
f 5362/2801/2628 5409/2800/2627 5410/2804/2633
f 5421/2805/2634 5420/2807/2636 5419/2806/2635
f 5421/2805/2634 5422/2808/2637 5420/2807/2636
f 5422/2808/2637 5409/2767/2582 5420/2807/2636
f 5422/2808/2637 5408/2766/2581 5409/2767/2582
f 5419/2806/2635 5423/2809/2638 5421/2805/2634
f 5423/2809/2638 5424/2810/2639 5421/2805/2634
f 5423/2809/2638 5425/2811/2640 5424/2810/2639
f 5425/2811/2640 5426/2812/2641 5424/2810/2639
f 5354/2797/2624 5355/2813/2642 5419/2796/2623
f 5355/2813/2642 5423/2814/2643 5419/2796/2623
f 5355/2813/2642 5357/2815/2644 5423/2814/2643
f 5357/2815/2644 5425/2816/2645 5423/2814/2643
f 5427/2817/2646 5395/2819/2648 5428/2818/2647
f 5395/2819/2648 5306/2820/2649 5428/2818/2647
f 5396/2821/2650 5425/2816/2645 5357/2815/2644
f 5425/2816/2645 5396/2821/2650 5429/2822/2651
f 5396/2821/2650 5430/2823/2652 5429/2822/2651
f 5396/2821/2650 5395/2819/2648 5430/2823/2652
f 5395/2819/2648 5431/2824/2653 5430/2823/2652
f 5395/2819/2648 5427/2817/2646 5431/2824/2653
f 5432/2825/2654 5320/2659/2656 5301/2634/2655
f 5432/2825/2654 5433/2826/2657 5320/2659/2656
f 5306/2820/2649 5303/2636/2658 5428/2818/2647
f 5303/2636/2658 5433/2826/2657 5428/2818/2647
f 5303/2636/2658 5304/2637/2659 5433/2826/2657
f 5304/2637/2659 5320/2659/2656 5433/2826/2657
f 5270/2827/2660 5350/2829/2662 5273/2828/2661
f 5350/2829/2662 5275/2830/2663 5273/2828/2661
f 5275/2830/2663 5350/2829/2662 5281/2831/2664
f 5350/2829/2662 5280/2832/2665 5281/2831/2664
f 5350/2829/2662 5279/2608/2666 5280/2832/2665
f 5434/2833/2667 5350/2829/2662 5435/2834/2668
f 5279/2608/2666 5350/2829/2662 5278/2607/2669
f 5350/2829/2662 5316/2653/2670 5278/2607/2669
f 5350/2829/2662 5434/2833/2667 5316/2653/2670
f 5434/2833/2667 5317/2654/2671 5316/2653/2670
f 5434/2833/2667 5436/2835/2672 5317/2654/2671
f 5301/2634/2655 5300/2633/2673 5432/2825/2654
f 5300/2633/2673 5437/2836/2674 5432/2825/2654
f 5300/2633/2673 5299/2632/2675 5437/2836/2674
f 5299/2632/2675 5297/2630/2676 5437/2836/2674
f 5297/2630/2676 5438/2837/2677 5437/2836/2674
f 5297/2630/2676 5294/2627/2678 5438/2837/2677
f 5294/2627/2678 5439/2838/2679 5438/2837/2677
f 5294/2839/2678 5295/2841/2680 5439/2840/2679
f 5439/2840/2679 5295/2841/2680 5440/2842/2681
f 5295/2841/2680 5441/2843/2682 5440/2842/2681
f 5295/2841/2680 5296/2844/2683 5441/2843/2682
f 5296/2844/2683 5442/2845/2684 5441/2843/2682
f 5296/2844/2683 5290/2846/2685 5442/2845/2684
f 5436/2835/2672 5292/2625/2686 5317/2654/2671
f 5436/2835/2672 5442/2845/2684 5292/2625/2686
f 5442/2845/2684 5291/2624/2687 5292/2625/2686
f 5442/2845/2684 5290/2846/2685 5291/2624/2687
f 5443/2847/2688 5431/2849/2690 5444/2848/2689
f 5425/2811/2640 5429/2850/2691 5426/2812/2641
f 5429/2850/2691 5443/2847/2688 5426/2812/2641
f 5429/2850/2691 5430/2851/2692 5443/2847/2688
f 5430/2851/2692 5431/2849/2690 5443/2847/2688
f 5427/2852/2693 5444/2848/2689 5431/2849/2690
f 5444/2848/2689 5427/2852/2693 5445/2853/2694
f 5427/2852/2693 5446/2854/2695 5445/2853/2694
f 5427/2817/2693 5428/2818/2696 5446/2855/2695
f 5428/2818/2696 5447/2856/2697 5446/2855/2695
f 5428/2818/2696 5433/2826/2698 5447/2856/2697
f 5433/2826/2698 5448/2857/2699 5447/2856/2697
f 5433/2826/2698 5432/2825/2700 5448/2857/2699
f 5432/2825/2700 5449/2858/2701 5448/2857/2699
f 5450/2859/2702 5434/2833/2704 5435/2834/2703
f 5451/2860/2705 5453/2862/2707 5452/2861/2706
f 5453/2862/2707 5451/2860/2705 5450/2859/2702
f 5451/2860/2705 5434/2833/2704 5450/2859/2702
f 5451/2860/2705 5454/2863/2708 5434/2833/2704
f 5454/2863/2708 5436/2835/2709 5434/2833/2704
f 5432/2825/2700 5437/2836/2710 5449/2858/2701
f 5437/2836/2710 5455/2864/2711 5449/2858/2701
f 5455/2864/2711 5437/2836/2710 5456/2865/2712
f 5437/2836/2710 5457/2866/2713 5456/2865/2712
f 5437/2836/2710 5438/2837/2714 5457/2866/2713
f 5438/2837/2714 5458/2867/2715 5457/2866/2713
f 5438/2837/2714 5439/2838/2716 5458/2867/2715
f 5439/2838/2716 5459/2868/2717 5458/2867/2715
f 5439/2838/2716 5440/2869/2718 5459/2868/2717
f 5440/2869/2718 5460/2870/2719 5459/2868/2717
f 5440/2869/2718 5441/2871/2720 5460/2870/2719
f 5441/2871/2720 5461/2872/2721 5460/2870/2719
f 5441/2871/2720 5442/2873/2722 5461/2872/2721
f 5442/2845/2722 5454/2863/2708 5461/2874/2721
f 5442/2845/2722 5436/2835/2709 5454/2863/2708
f 5408/2875/2599 2705/2877/2723 2707/2876/2598
f 5408/2875/2599 5422/2878/2724 2705/2877/2723
f 2705/2877/2723 5422/2878/2724 2703/2879/2725
f 5422/2878/2724 2711/2880/2726 2703/2879/2725
f 5422/2878/2724 5421/2881/2727 2711/2880/2726
f 2720/2882/2728 2721/2884/2730 5426/2883/2729
f 2721/2884/2730 5424/2885/2731 5426/2883/2729
f 2721/2884/2730 2722/2886/2732 5424/2885/2731
f 2722/2886/2732 5421/2881/2727 5424/2885/2731
f 2722/2886/2732 2711/2880/2726 5421/2881/2727
f 5164/2887/2733 5163/2889/2735 5447/2888/2734
f 5163/2889/2735 5446/2890/2736 5447/2888/2734
f 5163/2889/2735 5162/2891/2737 5446/2890/2736
f 5162/2891/2737 5445/2892/2738 5446/2890/2736
f 5162/2891/2737 5161/2893/2739 5445/2892/2738
f 5161/2893/2739 5444/2894/2740 5445/2892/2738
f 5161/2893/2739 5159/2895/2741 5444/2894/2740
f 5159/2895/2741 5443/2896/2742 5444/2894/2740
f 5159/2895/2741 5160/2897/2743 5443/2896/2742
f 5160/2897/2743 5426/2883/2729 5443/2896/2742
f 5160/2897/2743 2720/2882/2728 5426/2883/2729
f 5211/2898/2744 5212/2900/2746 5449/2899/2745
f 5212/2900/2746 5448/2901/2747 5449/2899/2745
f 5212/2900/2746 5213/2902/2748 5448/2901/2747
f 5213/2902/2748 5447/2888/2734 5448/2901/2747
f 5213/2902/2748 5164/2887/2733 5447/2888/2734
f 5462/2903/2749 5463/2905/2751 5454/2904/2750
f 5463/2905/2751 5461/2906/2752 5454/2904/2750
f 5463/2905/2751 5464/2907/2753 5461/2906/2752
f 5464/2907/2753 5460/2908/2754 5461/2906/2752
f 5464/2907/2753 5465/2909/2755 5460/2908/2754
f 5457/2910/2756 5458/2912/2758 5466/2911/2757
f 5458/2912/2758 5467/2913/2759 5466/2911/2757
f 5458/2912/2758 5459/2914/2760 5467/2913/2759
f 5459/2914/2760 5468/2915/2761 5467/2913/2759
f 5459/2914/2760 5460/2908/2754 5468/2915/2761
f 5460/2908/2754 5469/2916/2762 5468/2915/2761
f 5460/2908/2754 5465/2909/2755 5469/2916/2762
f 5209/2917/2763 5456/2919/2765 5208/2918/2764
f 5456/2919/2765 5207/2920/2766 5208/2918/2764
f 5456/2919/2765 5457/2910/2756 5207/2920/2766
f 5457/2910/2756 5205/2921/2767 5207/2920/2766
f 5457/2910/2756 5466/2911/2757 5205/2921/2767
f 5456/2919/2765 5209/2917/2763 5455/2922/2768
f 5209/2917/2763 5449/2899/2745 5455/2922/2768
f 5209/2917/2763 5211/2898/2744 5449/2899/2745
f 5470/2923/2769 5462/2903/2749 5451/2924/2770
f 5462/2903/2749 5454/2904/2750 5451/2924/2770
f 5471/2925/2771 5473/2927/2773 5472/2926/2772
f 5473/2928/2773 5470/2923/2769 5472/2929/2772
f 5473/2928/2773 5474/2930/2774 5470/2923/2769
f 5474/2931/2774 5473/2927/2773 5475/2932/2775
f 5473/2927/2773 5476/2933/2776 5475/2932/2775
f 5473/2927/2773 5471/2925/2771 5476/2933/2776
f 5472/2929/2772 5470/2923/2769 5477/2934/2777
f 5470/2923/2769 5478/2935/2778 5477/2934/2777
f 5470/2923/2769 5451/2924/2770 5478/2935/2778
f 5451/2924/2770 5479/2936/2779 5478/2935/2778
f 5451/2937/2770 5452/2939/2780 5479/2938/2779
f 5480/2940/2781 5482/2942/1247 5481/2941/1249
f 5483/2943/1247 5478/2935/2782 5479/2936/1247
f 5478/2935/2782 5483/2943/1247 5484/2944/2783
f 5483/2943/1247 5485/2945/2784 5484/2944/2783
f 5483/2943/1247 5482/2942/1247 5485/2945/2784
f 5482/2942/1247 5486/2946/2785 5485/2945/2784
f 5482/2942/1247 5480/2940/2781 5486/2946/2785
f 5474/2947/2786 5488/2949/2788 5487/2948/2787
f 5480/2940/2781 5489/2950/2789 5486/2946/2785
f 5480/2940/2781 5490/2951/2790 5489/2950/2789
f 5490/2951/2790 5491/2952/2791 5489/2950/2789
f 5490/2951/2790 5492/2953/2792 5491/2952/2791
f 5493/2954/2793 5495/2956/2795 5494/2955/2794
f 5495/2956/2795 5493/2954/2793 5496/2957/2796
f 5493/2954/2793 5497/2958/2797 5496/2957/2796
f 5493/2959/2793 5491/2952/2791 5497/2960/2797
f 5491/2952/2791 5498/2961/2798 5497/2960/2797
f 5491/2952/2791 5492/2953/2792 5498/2961/2798
f 5474/2947/2786 5475/2962/2799 5488/2949/2788
f 5475/2963/2799 5499/2965/2800 5488/2964/2788
f 5475/2963/2799 5476/2966/2801 5499/2965/2800
f 5476/2966/2801 5471/2967/2802 5499/2965/2800
f 5471/2967/2802 5500/2968/2803 5499/2965/2800
f 5471/2967/2802 5472/2929/2804 5500/2968/2803
f 5472/2929/2804 5477/2934/2805 5500/2968/2803
f 5477/2934/2805 5484/2944/2783 5500/2968/2803
f 5477/2934/2805 5478/2935/2782 5484/2944/2783
f 5501/2969/2806 5502/2970/2807 5494/2955/2794
f 5502/2970/2807 5493/2954/2793 5494/2955/2794
f 5502/2971/2807 5503/2972/2808 5493/2959/2793
f 5503/2972/2808 5491/2952/2791 5493/2959/2793
f 5503/2972/2808 5504/2973/2809 5491/2952/2791
f 5504/2973/2809 5489/2950/2789 5491/2952/2791
f 5504/2973/2809 5485/2945/2784 5489/2950/2789
f 5485/2945/2784 5486/2946/2785 5489/2950/2789
f 5487/2948/2787 5488/2949/2788 5501/2969/2806
f 5488/2949/2788 5502/2970/2807 5501/2969/2806
f 5488/2964/2788 5499/2965/2800 5502/2971/2807
f 5499/2965/2800 5503/2972/2808 5502/2971/2807
f 5499/2965/2800 5500/2968/2803 5503/2972/2808
f 5500/2968/2803 5504/2973/2809 5503/2972/2808
f 5500/2968/2803 5484/2944/2783 5504/2973/2809
f 5484/2944/2783 5485/2945/2784 5504/2973/2809
f 5501/2969/2806 5505/2974/2810 5487/2948/2787
f 5506/2975/2811 5215/2977/2367 5507/2976/2812
f 5215/2977/2367 5216/2978/2368 5507/2976/2812
f 5468/2979/2813 5469/2980/2814 5204/2496/2354
f 5469/2980/2814 5235/2528/2387 5204/2496/2354
f 5469/2980/2814 5465/2981/2815 5235/2528/2387
f 5465/2981/2815 5257/2982/2816 5235/2528/2387
f 5465/2981/2815 5464/2983/2817 5257/2982/2816
f 5464/2983/2817 5259/2984/2818 5257/2982/2816
f 5464/2983/2817 5260/2985/2819 5259/2984/2818
f 5468/2979/2813 5204/2496/2354 5467/2986/2820
f 5204/2496/2354 5466/2987/2821 5467/2986/2820
f 5204/2496/2354 5205/2497/2355 5466/2987/2821
f 5252/2549/2822 5507/2988/2812 5254/2551/2823
f 5507/2988/2812 5256/2989/2824 5254/2551/2823
f 5217/2510/2369 5262/2569/2825 5216/2509/2368
f 5262/2569/2825 5507/2988/2812 5216/2509/2368
f 5262/2569/2825 5263/2990/2826 5507/2988/2812
f 5263/2990/2826 5256/2989/2824 5507/2988/2812
f 5260/2985/2819 5464/2983/2817 5252/2549/2822
f 5464/2983/2817 5507/2988/2812 5252/2549/2822
f 5464/2991/2817 5463/2992/2827 5507/2976/2812
f 5463/2992/2827 5462/2993/2828 5507/2976/2812
f 5495/2956/2795 5508/2994/2829 5494/2955/2794
f 5508/2994/2829 5501/2969/2806 5494/2955/2794
f 5501/2969/2806 5508/2994/2829 5505/2974/2810
f 5508/2994/2829 5509/2995/2830 5505/2974/2810
f 5508/2994/2829 5510/2996/2831 5509/2995/2830
f 5506/2975/2811 5507/2976/2812 5510/2996/2831
f 5507/2976/2812 5509/2995/2830 5510/2996/2831
f 5507/2976/2812 5462/2993/2828 5509/2995/2830
f 5462/2993/2828 5505/2974/2810 5509/2995/2830
f 5462/2993/2828 5470/2997/2832 5505/2974/2810
f 5470/2997/2832 5487/2948/2787 5505/2974/2810
f 5470/2997/2832 5474/2947/2786 5487/2948/2787
f 23/24/21 25/2999/2834 24/2998/2833
f 22/26/23 23/24/21 24/2998/2833
f 23/24/21 26/27/24 25/2999/2834
f 26/27/24 27/3000/2835 25/2999/2834
f 26/27/24 28/28/25 27/3000/2835
f 28/28/25 29/3001/2836 27/3000/2835
f 31/31/27 29/3002/2836 28/30/25
f 29/3002/2836 31/31/27 33/3003/2837
f 31/31/27 34/32/28 32/3004/2838
f 31/31/27 32/3004/2838 33/3003/2837
f 34/32/28 35/3005/2839 32/3004/2838
f 34/32/28 36/33/29 35/3005/2839
f 36/33/29 37/34/30 38/3006/2840
f 36/33/29 38/3006/2840 35/3005/2839
f 37/34/30 41/3007/2841 38/3006/2840
f 43/3008/2842 39/3009/2843 38/3006/2840
f 38/3006/2840 39/3009/2843 35/3005/2839
f 42/3010/2844 38/3006/2840 40/3011/2845
f 40/3011/2845 38/3006/2840 41/3007/2841
f 42/3010/2844 43/3008/2842 38/3006/2840
f 44/3012/2846 43/3008/2842 42/3010/2844
f 45/3013/2847 39/3009/2843 43/3008/2842
f 44/3012/2846 45/3013/2847 43/3008/2842
f 45/3013/2847 44/3012/2846 46/3014/2848
f 45/3013/2847 46/3014/2848 48/3015/2849
f 45/3013/2847 47/3016/2850 39/3009/2843
f 47/3016/2850 45/3013/2847 48/3015/2849
f 49/3017/2851 48/3015/2849 46/3014/2848
f 50/3018/2852 48/3015/2849 49/3017/2851
f 48/3019/2849 50/3021/2852 52/3020/2853
f 47/3016/2850 48/3015/2849 51/3022/2854
f 48/3015/2849 52/3023/2853 51/3022/2854
f 54/3024/2855 52/3026/2853 53/3025/2856
f 50/3018/2852 53/3027/2856 52/3023/2853
f 51/3028/2854 52/3026/2853 54/3024/2855
f 57/3029/2857 54/3024/2855 55/3030/2858
f 55/3030/2858 54/3024/2855 56/3031/2859
f 54/3024/2855 53/3025/2856 56/3031/2859
f 57/3029/2857 51/3028/2854 54/3024/2855
f 58/3032/2860 57/3029/2857 55/3030/2858
f 60/3033/2861 57/3029/2857 58/3032/2860
f 59/3034/2862 51/3028/2854 57/3029/2857
f 60/3033/2861 59/3034/2862 57/3029/2857
f 62/3035/2863 60/3033/2861 61/3036/2864
f 61/3036/2864 60/3033/2861 58/3032/2860
f 62/3035/2863 63/3037/2865 60/3033/2861
f 63/3037/2865 59/3034/2862 60/3033/2861
f 32/3004/2838 39/3009/2843 63/3038/2865
f 32/3004/2838 63/3038/2865 33/3003/2837
f 33/3039/2837 63/3037/2865 62/3035/2863
f 39/3009/2843 59/3040/2862 63/3038/2865
f 64/3041/2866 62/3035/2863 61/3036/2864
f 65/3042/2867 33/3039/2837 62/3035/2863
f 65/3042/2867 62/3035/2863 64/3041/2866
f 29/3001/2836 33/3039/2837 65/3042/2867
f 66/3043/2868 65/3042/2867 64/3041/2866
f 27/3000/2835 65/3042/2867 66/3043/2868
f 27/3000/2835 29/3001/2836 65/3042/2867
f 66/3043/2868 64/3041/2866 67/3044/2869
f 68/3045/2870 66/3043/2868 67/3044/2869
f 25/2999/2834 66/3043/2868 68/3045/2870
f 25/2999/2834 27/3000/2835 66/3043/2868
f 68/3045/2870 67/3044/2869 70/3046/2871
f 24/2998/2833 68/3045/2870 69/3047/2872
f 69/3047/2872 68/3045/2870 70/3046/2871
f 24/2998/2833 25/2999/2834 68/3045/2870
f 70/3046/2871 67/3044/2869 71/3048/2873
f 72/3049/34 70/3046/2871 71/3048/2873
f 72/3049/34 73/3050/34 70/3046/2871
f 69/3047/2872 70/3046/2871 73/3050/34
f 75/36/32 73/3050/34 74/39/34
f 75/36/32 69/3047/2872 73/3050/34
f 76/35/31 75/36/32 74/39/34
f 75/36/32 24/2998/2833 69/3047/2872
f 22/26/23 24/2998/2833 75/36/32
f 266/229/220 265/228/219 268/3051/2874
f 265/228/219 264/227/218 267/3052/2875
f 265/228/219 267/3052/2875 268/3051/2874
f 266/229/220 268/3051/2874 41/3007/2841
f 269/3053/2876 41/3007/2841 268/3051/2874
f 269/3053/2876 268/3051/2874 267/3052/2875
f 270/3054/2877 40/3011/2845 269/3053/2876
f 270/3054/2877 269/3053/2876 271/3055/2878
f 271/3055/2878 269/3053/2876 272/3056/2879
f 269/3053/2876 273/3057/2880 272/3056/2879
f 40/3011/2845 41/3007/2841 269/3053/2876
f 273/3057/2880 269/3053/2876 267/3052/2875
f 272/3056/2879 273/3057/2880 274/3058/2881
f 273/3057/2880 267/3052/2875 275/3059/2882
f 273/3057/2880 275/3059/2882 274/3058/2881
f 274/3058/2881 275/3059/2882 278/3060/2883
f 275/3059/2882 276/3062/2885 277/3061/2884
f 267/3052/2875 276/3062/2885 275/3059/2882
f 275/3059/2882 277/3061/2884 279/3063/2886
f 275/3059/2882 279/3063/2886 278/3060/2883
f 279/3063/2886 280/3064/2887 278/3060/2883
f 280/3064/2887 279/3063/2886 277/3061/2884
f 281/3065/2888 283/3066/2889 280/3064/2887
f 281/3065/2888 280/3064/2887 277/3061/2884
f 280/3064/2887 285/3067/2890 278/3060/2883
f 280/3064/2887 284/3069/2892 282/3068/2891
f 280/3064/2887 282/3068/2891 285/3067/2890
f 283/3066/2889 284/3069/2892 280/3064/2887
f 285/3067/2890 287/3071/2894 286/3070/2893
f 278/3060/2883 285/3067/2890 286/3070/2893
f 285/3067/2890 288/3072/2895 287/3071/2894
f 285/3067/2890 289/3073/2896 288/3072/2895
f 282/3068/2891 289/3073/2896 285/3067/2890
f 289/3073/2896 290/3074/2897 288/3072/2895
f 289/3073/2896 291/3075/2898 290/3074/2897
f 282/3068/2891 291/3075/2898 289/3073/2896
f 291/3075/2898 302/3076/2899 290/3074/2897
f 291/3075/2898 303/3078/2901 292/3077/2900
f 291/3075/2898 292/3077/2900 293/3079/2902
f 302/3076/2899 291/3075/2898 293/3079/2902
f 282/3068/2891 294/3080/2903 291/3075/2898
f 294/3080/2903 295/3081/2904 291/3075/2898
f 299/3082/2905 291/3075/2898 295/3081/2904
f 291/3075/2898 296/3084/2907 300/3083/2906
f 291/3075/2898 298/3085/2908 296/3084/2907
f 297/3086/2909 298/3085/2908 291/3075/2898
f 299/3082/2905 297/3086/2909 291/3075/2898
f 291/3075/2898 300/3083/2906 301/3087/2910
f 303/3078/2901 291/3075/2898 301/3087/2910
f 304/3088/2911 292/3077/2900 303/3078/2901
f 304/3088/2911 303/3078/2901 305/3089/2912
f 305/3089/2912 303/3078/2901 301/3087/2910
f 307/3090/2913 304/3088/2911 305/3089/2912
f 305/3089/2912 301/3087/2910 309/3091/2914
f 305/3089/2912 308/3093/2916 306/3092/2915
f 307/3090/2913 305/3089/2912 306/3092/2915
f 305/3089/2912 309/3091/2914 308/3093/2916
f 309/3091/2914 313/3095/2918 310/3094/2917
f 312/3096/2919 309/3091/2914 310/3094/2917
f 309/3091/2914 312/3096/2919 311/3097/2920
f 309/3091/2914 311/3097/2920 308/3093/2916
f 301/3087/2910 300/3083/2906 309/3091/2914
f 309/3091/2914 300/3083/2906 313/3095/2918
f 296/3084/2907 310/3094/2917 313/3095/2918
f 300/3083/2906 296/3084/2907 313/3095/2918
f 312/3096/2919 310/3094/2917 316/3098/2921
f 312/3096/2919 315/3100/2923 314/3099/2922
f 312/3096/2919 314/3099/2922 311/3097/2920
f 315/3100/2923 312/3096/2919 317/3101/2924
f 317/3101/2924 312/3096/2919 316/3098/2921
f 315/3100/2923 317/3101/2924 318/3102/2925
f 319/3103/2926 318/3102/2925 317/3101/2924
f 320/3104/2927 319/3103/2926 317/3101/2924
f 320/3104/2927 317/3101/2924 316/3098/2921
f 320/3104/2927 296/3084/2907 321/3105/2928
f 320/3104/2927 321/3105/2928 322/3106/2929
f 319/3103/2926 320/3104/2927 322/3106/2929
f 296/3084/2907 320/3104/2927 310/3094/2917
f 320/3104/2927 316/3098/2921 310/3094/2917
f 325/3107/2930 322/3106/2929 323/3108/2931
f 323/3108/2931 322/3106/2929 321/3105/2928
f 324/3109/2932 326/3110/2933 322/3106/2929
f 325/3107/2930 324/3109/2932 322/3106/2929
f 319/3103/2926 322/3106/2929 326/3110/2933
f 328/3111/2934 326/3110/2933 327/3112/2935
f 329/3113/2936 327/3112/2935 326/3110/2933
f 328/3111/2934 319/3103/2926 326/3110/2933
f 324/3109/2932 329/3113/2936 326/3110/2933
f 329/3113/2936 324/3109/2932 330/3114/2937
f 329/3113/2936 330/3114/2937 331/3115/2938
f 332/3116/2939 329/3113/2936 331/3115/2938
f 329/3113/2936 332/3116/2939 327/3112/2935
f 332/3116/2939 331/3115/2938 335/3117/2940
f 332/3116/2939 333/3119/2942 334/3118/2941
f 333/3119/2942 332/3116/2939 335/3117/2940
f 332/3116/2939 334/3118/2941 327/3112/2935
f 333/3119/2942 335/3117/2940 336/3120/2943
f 336/3121/2943 335/3123/2940 337/3122/2944
f 335/3123/2940 338/3124/2945 337/3122/2944
f 338/3124/2945 335/3123/2940 331/3125/2938
f 340/3126/2946 337/3122/2944 338/3124/2945
f 339/3127/2947 340/3126/2946 338/3124/2945
f 339/3127/2947 338/3124/2945 330/3128/2937
f 338/3124/2945 331/3125/2938 330/3128/2937
f 340/3126/2946 339/3127/2947 341/3129/2948
f 340/3126/2946 341/3129/2948 342/3130/2949
f 343/3131/2950 340/3126/2946 342/3130/2949
f 340/3126/2946 344/3132/2951 337/3122/2944
f 344/3132/2951 345/3134/2953 346/3133/2952
f 345/3134/2953 344/3132/2951 347/3135/2954
f 344/3132/2951 346/3133/2952 337/3122/2944
f 344/3136/2951 349/3138/2955 347/3137/2954
f 344/3136/2951 348/3139/2956 349/3138/2955
f 349/3138/2955 351/3141/2958 350/3140/2957
f 349/3138/2955 350/3140/2957 352/3142/2959
f 348/3139/2956 351/3141/2958 349/3138/2955
f 347/3137/2954 349/3138/2955 352/3142/2959
f 355/3143/2960 352/3142/2959 353/3144/2961
f 353/3144/2961 352/3142/2959 350/3140/2957
f 347/3137/2954 352/3142/2959 354/3145/2962
f 356/3146/2963 354/3145/2962 352/3142/2959
f 355/3143/2960 356/3146/2963 352/3142/2959
f 356/3146/2963 355/3143/2960 357/3147/2964
f 356/3146/2963 357/3147/2964 359/3148/2965
f 358/3149/2966 356/3146/2963 359/3148/2965
f 356/3146/2963 358/3149/2966 354/3145/2962
f 360/3150/2967 359/3148/2965 357/3147/2964
f 360/3150/2967 361/3151/2968 359/3148/2965
f 359/3148/2965 361/3151/2968 364/3152/2969
f 362/3153/2970 366/3154/2971 359/3148/2965
f 362/3153/2970 359/3148/2965 363/3155/2972
f 359/3148/2965 364/3152/2969 363/3155/2972
f 358/3149/2966 359/3148/2965 365/3156/2973
f 366/3154/2971 365/3156/2973 359/3148/2965
f 366/3154/2971 362/3153/2970 367/3157/2974
f 366/3154/2971 367/3157/2974 368/3158/2975
f 369/3159/2976 366/3154/2971 368/3158/2975
f 366/3154/2971 369/3159/2976 365/3156/2973
f 370/3160/2977 369/3159/2976 371/3161/2978
f 369/3159/2976 370/3160/2977 334/3118/2941
f 369/3159/2976 368/3158/2975 371/3161/2978
f 369/3159/2976 334/3118/2941 365/3156/2973
f 370/3160/2977 371/3161/2978 372/3162/2979
f 371/3161/2978 373/3163/2980 372/3162/2979
f 373/3163/2980 371/3161/2978 374/3164/2981
f 371/3161/2978 368/3158/2975 374/3164/2981
f 375/3165/2982 379/3166/2983 374/3164/2981
f 375/3165/2982 374/3164/2981 376/3167/2984
f 376/3167/2984 374/3164/2981 378/3168/2985
f 373/3163/2980 374/3164/2981 377/3169/2986
f 379/3166/2983 377/3169/2986 374/3164/2981
f 374/3164/2981 367/3157/2974 378/3168/2985
f 374/3164/2981 368/3158/2975 367/3157/2974
f 379/3166/2983 380/3170/2987 377/3169/2986
f 380/3170/2987 379/3166/2983 381/3171/2988
f 379/3166/2983 382/3172/2989 381/3171/2988
f 379/3166/2983 375/3165/2982 382/3172/2989
f 382/3172/2989 383/3174/2991 385/3173/2990
f 375/3165/2982 383/3174/2991 382/3172/2989
f 382/3172/2989 385/3173/2990 384/3175/2992
f 381/3171/2988 382/3172/2989 384/3175/2992
f 383/3174/2991 388/3176/2993 385/3173/2990
f 386/3177/2994 384/3175/2992 385/3173/2990
f 386/3177/2994 385/3173/2990 387/3178/2995
f 387/3178/2995 385/3173/2990 388/3176/2993
f 383/3174/2991 389/3179/2996 388/3176/2993
f 389/3179/2996 391/3180/2997 388/3176/2993
f 387/3178/2995 388/3176/2993 390/3181/2998
f 391/3180/2997 390/3181/2998 388/3176/2993
f 389/3179/2996 393/3182/2999 391/3180/2997
f 390/3181/2998 391/3180/2997 392/3183/3000
f 393/3182/2999 392/3183/3000 391/3180/2997
f 393/3182/2999 389/3179/2996 394/3184/3001
f 394/3184/3001 396/3185/3002 393/3182/2999
f 393/3182/2999 395/3186/3003 392/3183/3000
f 393/3182/2999 396/3185/3002 395/3186/3003
f 396/3185/3002 398/3188/3005 397/3187/3004
f 400/3189/3006 396/3185/3002 397/3187/3004
f 396/3185/3002 394/3184/3001 398/3188/3005
f 396/3185/3002 399/3190/3007 395/3186/3003
f 396/3185/3002 400/3189/3006 399/3190/3007
f 400/3189/3006 402/3191/3008 399/3190/3007
f 400/3189/3006 397/3187/3004 401/3192/3009
f 403/3193/3010 400/3189/3006 401/3192/3009
f 400/3189/3006 403/3193/3010 402/3191/3008
f 403/3194/3011 401/3196/3013 407/3195/3012
f 403/3197/3011 404/3199/3015 406/3198/3014
f 404/3200/3015 403/3193/3011 405/3201/3016
f 405/3201/3016 403/3193/3011 407/3202/3012
f 403/3193/3010 406/3203/3017 402/3191/3008
f 407/3202/3012 401/3192/3013 408/3204/3018
f 407/3202/3012 408/3204/3018 409/3205/3019
f 405/3201/3016 407/3202/3012 409/3205/3019
f 405/3201/3016 409/3205/3019 410/3206/3020
f 408/3204/3018 411/3207/3021 409/3205/3019
f 408/3204/3018 412/3208/3022 411/3207/3021
f 413/3209/3023 348/3139/2956 411/3207/3021
f 412/3208/3022 413/3209/3023 411/3207/3021
f 414/3210/3024 415/3211/3025 413/3209/3023
f 414/3210/3024 413/3209/3023 412/3208/3022
f 413/3209/3023 415/3211/3025 348/3139/2956
f 350/3140/2957 351/3141/2958 415/3211/3025
f 350/3140/2957 415/3211/3025 414/3210/3024
f 348/3212/2956 415/3214/3025 351/3213/2958
f 401/3215/3013 414/329/3024 412/3216/3022
f 401/3192/3009 397/3187/3004 414/3210/3026
f 353/3144/2961 350/3140/2957 414/3210/3026
f 353/3144/2961 414/3210/3026 397/3187/3004
f 401/3192/3013 412/3208/3022 408/3204/3018
f 417/3217/3027 410/3206/3020 416/3218/3028
f 417/3217/3027 404/3200/3015 410/3206/3020
f 404/3200/3015 405/3201/3016 410/3206/3020
f 418/3219/3029 417/3217/3027 416/3218/3028
f 418/3219/3029 406/3203/3014 417/3217/3027
f 404/3200/3015 417/3217/3027 406/3203/3014
f 406/3220/3014 418/3222/3029 420/3221/3030
f 419/3223/3031 418/3219/3029 416/3218/3028
f 418/3219/3029 419/3223/3031 420/3224/3030
f 424/3225/3032 420/3224/3030 419/3223/3031
f 420/3226/3030 424/3228/3032 421/3227/3033
f 420/3224/3034 421/3230/3036 422/3229/3035
f 423/3231/3037 420/3224/3034 422/3229/3035
f 406/3203/3017 420/3224/3034 423/3231/3037
f 424/3225/3032 419/3223/3031 425/3232/3038
f 426/3233/3039 424/3225/3032 425/3232/3038
f 424/3225/3032 426/3233/3039 421/3230/3033
f 427/3234/3040 426/3233/3039 428/3235/3041
f 427/3234/3040 421/3230/3033 426/3233/3039
f 426/3233/3039 425/3232/3038 428/3235/3041
f 429/3236/3042 427/3234/3040 428/3235/3041
f 429/3236/3042 428/3235/3041 430/3237/3043
f 430/3238/3043 433/3240/3045 431/3239/3044
f 432/3241/3046 430/3238/3043 431/3239/3044
f 432/3242/3046 429/3236/3042 430/3237/3043
f 430/3237/3043 434/3244/3047 433/3243/3045
f 434/3245/3047 435/3247/3049 438/3246/3048
f 436/3248/3050 435/3247/3049 434/3245/3047
f 436/3249/3050 434/3244/3047 437/3250/3051
f 434/3244/3047 438/3251/3048 433/3243/3045
f 433/3243/3045 438/3251/3048 439/3252/3052
f 438/3251/3048 435/3253/3049 439/3252/3052
f 439/3252/3052 441/3255/3054 440/3254/3053
f 442/3256/3055 439/3252/3052 440/3254/3053
f 439/3252/3052 443/3257/3056 441/3255/3054
f 436/3249/3050 443/3257/3056 439/3252/3052
f 435/3253/3049 436/3249/3050 439/3252/3052
f 433/3243/3045 439/3252/3052 442/3256/3055
f 443/3257/3056 444/3259/3058 445/3258/3057
f 436/3249/3050 444/3259/3058 443/3257/3056
f 443/3257/3056 445/3258/3057 441/3255/3054
f 444/3259/3058 449/3260/3059 445/3258/3057
f 446/3261/3060 445/3258/3057 447/3262/3061
f 441/3255/3062 445/3258/3057 446/3261/3060
f 445/3258/3057 448/3263/3063 447/3262/3061
f 445/3258/3057 449/3260/3059 448/3263/3063
f 444/3259/3058 452/3264/3064 449/3260/3059
f 449/3260/3059 450/3265/3065 448/3263/3063
f 449/3260/3059 451/3266/3066 450/3265/3065
f 452/3264/3064 451/3266/3066 449/3260/3059
f 452/3264/3064 453/3267/3067 451/3266/3066
f 452/3264/3064 444/3259/3058 455/3268/3068
f 453/3267/3067 452/3264/3064 454/3269/3069
f 452/3264/3064 455/3268/3068 454/3269/3069
f 444/3259/3058 457/3270/3070 455/3268/3068
f 456/3271/3071 454/3273/3069 455/3272/3068
f 437/3274/3051 456/3276/3071 455/3275/3068
f 437/3277/3051 455/3279/3068 457/3278/3070
f 444/3259/3058 458/3280/3072 457/3270/3070
f 458/3281/3072 437/3277/3051 457/3278/3070
f 444/3259/3058 436/3249/3050 458/3280/3072
f 458/3280/3072 436/3249/3050 437/3250/3051
f 456/3271/3071 459/3282/3073 454/3273/3069
f 456/3283/3071 460/3285/3074 459/3284/3073
f 460/3286/3074 464/3288/3076 461/3287/3075
f 460/3285/3074 461/3289/3075 459/3284/3073
f 460/3285/3074 462/3291/3078 463/3290/3077
f 460/3286/3074 463/3292/3077 464/3288/3076
f 466/3293/3079 465/3295/3080 464/3294/3076
f 464/3294/3076 465/3295/3080 461/3289/3075
f 463/3290/3077 466/3293/3079 464/3294/3076
f 469/3296/3081 467/3297/3082 466/3293/3079
f 470/3298/3083 466/3293/3079 467/3297/3082
f 468/3299/3084 466/3293/3079 463/3290/3077
f 468/3299/3084 469/3296/3081 466/3293/3079
f 466/3293/3079 470/3298/3083 465/3295/3080
f 470/3298/3083 472/3301/3086 471/3300/3085
f 470/3298/3083 471/3300/3085 465/3295/3080
f 472/3301/3086 470/3298/3083 473/3302/3087
f 470/3298/3083 467/3297/3082 473/3302/3087
f 474/3303/3088 475/3304/3089 473/3302/3087
f 474/3303/3088 473/3302/3087 467/3297/3082
f 472/3301/3086 473/3302/3087 476/3305/3090
f 475/3304/3089 476/3305/3090 473/3302/3087
f 477/3306/3091 478/3307/3092 476/3305/3090
f 475/3304/3089 477/3306/3091 476/3305/3090
f 479/3308/3093 476/3305/3090 478/3307/3092
s 0
f 479/3308/3094 472/3301/3094 476/3305/3094
s 1
f 479/3308/3093 480/3310/3096 481/3309/3095
f 480/3310/3096 479/3308/3093 478/3307/3092
f 479/3308/3093 481/3309/3095 482/3311/3097
f 472/3301/3086 479/3308/3093 482/3311/3097
f 482/3311/3097 481/3309/3095 450/3265/3065
f 451/3266/3066 482/3311/3097 450/3265/3065
f 451/3266/3066 471/3300/3085 482/3311/3097
f 472/3301/3086 482/3311/3097 471/3300/3085
f 481/3309/3095 484/3312/3098 450/3265/3065
f 480/3310/3096 483/3313/3099 481/3309/3095
f 481/3309/3095 483/3313/3099 484/3312/3098
f 448/3263/3063 450/3265/3065 484/3312/3098
f 483/3313/3099 485/3314/3100 484/3312/3098
f 486/3315/3101 484/3312/3098 485/3314/3100
f 486/3315/3101 448/3263/3063 484/3312/3098
f 447/3262/3061 448/3263/3063 486/3315/3101
f 488/3316/3102 447/3262/3061 486/3315/3101
f 487/3317/3103 486/3315/3101 485/3314/3100
f 488/3316/3102 486/3315/3101 487/3317/3103
f 489/3318/3104 446/3261/3060 488/3316/3102
f 490/3319/3105 489/3318/3104 488/3316/3102
f 447/3262/3061 488/3316/3102 446/3261/3060
f 490/3319/3105 488/3316/3102 491/3320/3106
f 491/3320/3106 488/3316/3102 487/3317/3103
f 494/3321/3107 490/3319/3105 491/3320/3106
f 494/3321/3107 491/3320/3106 492/3322/3108
f 492/3322/3108 491/3320/3106 493/3323/3109
f 491/3320/3106 487/3317/3103 493/3323/3109
f 496/3324/3110 490/3319/3105 494/3321/3107
f 495/3325/3111 496/3324/3110 494/3321/3107
f 495/3325/3111 494/3321/3107 497/3326/3112
f 497/3326/3112 494/3321/3107 492/3322/3108
f 498/3327/3113 497/3326/3112 500/3328/3114
f 499/3329/3115 497/3326/3112 498/3327/3113
f 499/3329/3115 495/3325/3111 497/3326/3112
f 497/3326/3112 492/3322/3108 500/3328/3114
f 498/3327/3113 500/3328/3114 501/3330/3116
f 500/3328/3114 502/3331/3117 501/3330/3116
f 500/3328/3114 492/3322/3108 503/3332/3118
f 500/3328/3114 503/3332/3118 502/3331/3117
f 503/3332/3118 505/3334/3120 504/3333/3119
f 502/3331/3117 503/3332/3118 504/3333/3119
f 503/3332/3118 506/3335/3121 505/3334/3120
f 503/3332/3118 493/3323/3109 506/3335/3121
f 492/3322/3108 493/3323/3109 503/3332/3118
f 506/3335/3121 507/3336/3122 505/3334/3120
f 506/3335/3121 508/3337/3123 507/3336/3122
f 506/3335/3121 493/3323/3109 508/3337/3123
f 508/3337/3123 510/3338/3124 507/3336/3122
f 493/3323/3109 509/3339/3125 508/3337/3123
f 508/3337/3123 509/3339/3125 511/3340/3126
f 508/3337/3123 511/3340/3126 510/3338/3124
f 511/3340/3126 512/3341/3127 510/3338/3124
f 513/3342/3128 511/3340/3126 509/3339/3125
f 511/3340/3126 513/3342/3128 512/3341/3127
f 513/3342/3128 514/3343/3129 512/3341/3127
f 513/3342/3128 515/3344/3130 514/3343/3129
f 513/3342/3128 516/3345/3131 515/3344/3130
f 516/3345/3131 513/3342/3128 509/3339/3125
f 516/3345/3131 509/3339/3125 485/3314/3100
f 516/3345/3131 517/3346/3132 515/3344/3130
f 517/3346/3132 516/3345/3131 483/3313/3099
f 483/3313/3099 516/3345/3131 485/3314/3100
f 517/3346/3132 518/3348/3134 521/3347/3133
f 518/3348/3134 517/3346/3132 519/3349/3135
f 517/3346/3132 520/3350/3136 519/3349/3135
f 517/3346/3132 521/3347/3133 515/3344/3130
f 517/3346/3132 480/3310/3096 520/3350/3136
f 480/3310/3096 517/3346/3132 483/3313/3099
f 515/3344/3130 521/3347/3133 522/3351/3137
f 521/3347/3133 523/3352/3138 522/3351/3137
f 523/3352/3138 521/3347/3133 518/3348/3134
f 523/3352/3138 518/3348/3134 519/3349/3135
f 526/3353/3139 523/3352/3138 519/3349/3135
f 522/3351/3137 523/3352/3138 525/3354/3140
f 523/3352/3138 526/3353/3139 524/3355/3141
f 523/3352/3138 524/3355/3141 525/3354/3140
f 526/3353/3139 519/3349/3135 527/3356/3142
f 528/3357/3143 526/3353/3139 527/3356/3142
f 526/3353/3139 528/3357/3143 524/3355/3141
f 528/3357/3143 527/3356/3142 530/3358/3144
f 528/3357/3143 529/3359/3145 524/3355/3141
f 528/3357/3143 530/3358/3144 529/3359/3145
f 531/3360/3146 532/3361/3147 530/3358/3144
f 527/3356/3142 531/3360/3146 530/3358/3144
f 533/3362/3148 530/3358/3144 532/3361/3147
f 533/3362/3148 529/3359/3145 530/3358/3144
f 534/3363/3149 529/3359/3145 533/3362/3148
f 536/3364/3150 534/3363/3149 533/3362/3148
f 535/3365/3151 533/3362/3148 532/3361/3147
f 536/3364/3150 533/3362/3148 535/3365/3151
f 537/3366/3152 536/3364/3150 535/3365/3151
f 538/3367/3153 536/3369/3150 537/3368/3152
f 538/3367/3153 539/3370/3154 536/3369/3150
f 539/3370/3154 534/3371/3149 536/3369/3150
f 541/3372/3155 539/3370/3154 538/3367/3153
f 539/3370/3154 540/3373/3156 534/3371/3149
f 542/3374/3157 540/3373/3156 539/3370/3154
f 541/3372/3155 542/3374/3157 539/3370/3154
f 542/3374/3157 543/3375/3158 540/3373/3156
f 544/3376/3159 542/3374/3157 541/3372/3155
f 545/3377/3160 543/3375/3158 542/3374/3157
f 544/3376/3159 545/3377/3160 542/3374/3157
f 546/3378/3161 548/3379/3162 545/3377/3160
f 546/3378/3161 545/3377/3160 544/3376/3159
f 548/3379/3162 547/3380/3163 545/3377/3160
f 545/3377/3160 547/3380/3163 543/3375/3158
f 548/3379/3162 549/3381/3164 547/3380/3163
f 549/3381/3164 548/3379/3162 550/3382/34
f 548/3379/3162 551/3383/34 550/3382/34
f 548/3379/3162 552/3384/34 551/3383/34
f 552/3384/34 548/3379/3162 546/3378/3161
f 553/3385/34 552/3384/34 554/3386/3165
f 552/3384/34 546/3378/3161 554/3386/3165
f 554/3386/3165 546/3378/3161 544/3376/3159
f 554/3386/3165 544/3376/3159 555/3387/3166
f 556/3388/3167 554/3386/3165 555/3387/3166
f 553/3385/34 554/3386/3165 556/3388/3167
f 557/3389/3168 556/3388/3167 559/3390/3169
f 558/3391/34 556/3388/3167 557/3389/3168
f 558/3391/34 553/3385/34 556/3388/3167
f 556/3388/3167 555/3387/3166 559/3390/3169
f 560/3392/3170 559/3390/3169 562/3393/3171
f 561/3394/3172 559/3390/3169 560/3392/3170
f 561/3394/3172 557/3389/3168 559/3390/3169
f 559/3390/3169 563/3395/3173 562/3393/3171
f 559/3390/3169 555/3387/3166 563/3395/3173
f 562/3393/3171 563/3395/3173 564/3396/3174
f 563/3395/3173 538/3367/3153 564/3396/3174
f 555/3387/3166 541/3372/3155 563/3395/3173
f 563/3395/3173 541/3372/3155 538/3367/3153
f 562/3393/3171 564/3396/3174 565/3397/3175
f 565/3397/3175 564/3396/3174 566/3398/3176
f 564/3396/3174 537/3368/3152 566/3398/3176
f 564/3396/3174 538/3367/3153 537/3368/3152
f 565/3397/3175 566/3398/3176 569/3399/3177
f 566/3400/3176 537/3366/3152 567/3401/3178
f 568/3402/3179 566/3400/3176 567/3401/3178
f 568/3402/3179 569/3403/3177 566/3400/3176
f 572/3404/3180 570/3405/3181 569/3403/3177
f 571/3406/3182 569/3399/3177 570/3407/3181
f 571/3406/3182 565/3397/3175 569/3399/3177
f 572/3408/3180 569/3410/3177 568/3409/3179
f 570/3405/3181 572/3404/3180 578/1128/1073
f 572/3404/3180 575/234/225 573/376/347
f 572/3404/3180 573/376/347 576/377/348
f 574/372/343 572/3404/3180 576/377/348
f 572/3404/3180 574/372/343 577/371/342
f 575/234/225 572/3404/3180 579/230/221
f 579/230/221 572/3404/3180 568/3402/3179
f 572/3404/3180 577/371/342 578/1128/1073
f 579/230/221 568/3402/3179 583/3411/3183
f 583/3411/3183 582/233/224 579/230/221
f 583/3411/3183 584/236/227 582/233/224
f 583/3411/3183 585/3412/3184 584/236/227
f 583/3411/3183 568/3402/3179 585/3412/3184
f 585/3412/3184 586/3413/3185 584/236/227
f 585/3412/3184 587/3414/3186 586/3413/3185
f 585/3412/3184 567/3401/3178 587/3414/3186
f 568/3402/3179 567/3401/3178 585/3412/3184
f 587/3414/3186 588/3415/3187 586/3413/3185
f 587/3414/3186 589/3416/3188 588/3415/3187
f 567/3401/3178 589/3416/3188 587/3414/3186
f 590/3417/3189 588/3415/3187 589/3416/3188
f 567/3401/3178 535/3365/3151 589/3416/3188
f 535/3365/3151 532/3361/3147 589/3416/3188
f 532/3361/3147 590/3417/3189 589/3416/3188
f 591/3418/3190 592/3419/3191 590/3417/3189
f 591/3418/3190 590/3417/3189 531/3360/3146
f 590/3417/3189 592/3419/3191 588/3415/3187
f 531/3360/3146 590/3417/3189 532/3361/3147
f 591/3418/3190 593/240/231 592/3419/3191
f 593/240/231 594/235/226 592/3419/3191
f 592/3419/3191 594/235/226 586/3413/3185
f 592/3419/3191 586/3413/3185 588/3415/3187
f 594/235/226 584/236/227 586/3413/3185
f 597/239/230 593/240/231 599/3420/3192
f 597/239/230 599/3420/3192 598/242/233
f 619/3421/3193 616/258/249 618/260/251
f 620/3422/3194 619/3421/3193 618/260/251
f 620/3422/3194 618/260/251 621/261/252
f 621/261/252 622/3423/3195 620/3422/3194
f 621/261/252 623/3424/3196 622/3423/3195
f 623/3424/3196 621/261/252 624/262/253
f 625/3425/3197 624/262/253 598/242/233
f 623/3424/3196 624/262/253 625/3425/3197
f 626/3426/3198 623/3424/3196 625/3425/3197
f 627/3427/3199 626/3426/3198 625/3425/3197
f 625/3425/3197 598/242/233 599/3420/3192
f 627/3427/3199 625/3425/3197 599/3420/3192
f 626/3426/3198 627/3427/3199 629/3428/3200
f 627/3427/3199 599/3420/3192 628/3429/3201
f 629/3428/3200 627/3427/3199 628/3429/3201
f 626/3426/3198 629/3428/3200 477/3306/3091
f 629/3428/3200 628/3429/3201 630/3430/3202
f 629/3428/3200 630/3430/3202 520/3350/3136
f 477/3306/3091 629/3428/3200 478/3307/3092
f 629/3428/3200 520/3350/3136 478/3307/3092
f 630/3430/3202 631/3431/3203 520/3350/3136
f 632/3432/3204 631/3431/3203 630/3430/3202
f 632/3432/3204 630/3430/3202 628/3429/3201
f 632/3432/3204 531/3360/3146 527/3356/3142
f 631/3431/3203 632/3432/3204 527/3356/3142
f 591/3418/3190 632/3432/3204 628/3429/3201
f 632/3432/3204 591/3418/3190 531/3360/3146
f 527/3356/3142 519/3349/3135 631/3431/3203
f 520/3350/3136 631/3431/3203 519/3349/3135
f 593/240/231 591/3418/3190 628/3429/3201
f 593/240/231 628/3429/3201 599/3420/3192
f 633/3433/3205 626/3426/3198 477/3306/3091
f 626/3426/3198 633/3433/3205 623/3424/3196
f 634/3434/3206 633/3433/3205 475/3304/3089
f 633/3433/3205 634/3434/3206 635/3435/3207
f 633/3433/3205 477/3306/3091 475/3304/3089
f 633/3433/3205 635/3435/3207 636/3436/3208
f 623/3424/3196 633/3433/3205 636/3436/3208
f 636/3436/3208 638/3438/3210 637/3437/3209
f 622/3423/3195 636/3436/3208 637/3437/3209
f 636/3436/3208 635/3435/3207 638/3438/3210
f 623/3424/3196 636/3436/3208 622/3423/3195
f 641/3439/3211 637/3437/3209 638/3438/3210
f 640/3440/3212 638/3438/3210 639/3441/3213
f 635/3435/3207 639/3441/3213 638/3438/3210
f 640/3440/3212 641/3439/3211 638/3438/3210
f 641/3439/3211 642/3442/3214 637/3437/3209
f 640/3440/3212 462/3291/3078 641/3439/3211
f 462/3443/3078 642/3445/3214 641/3444/3211
f 462/3443/3078 644/3446/3215 642/3445/3214
f 642/3442/3214 643/3447/3216 637/3437/3209
f 642/3442/3214 644/3448/3215 643/3447/3216
f 644/3448/3215 462/3291/3078 645/3449/3217
f 645/3449/3217 646/3450/3218 644/3448/3215
f 646/3450/3218 643/3447/3216 644/3448/3215
f 619/3421/3193 643/3447/3216 646/3450/3218
f 647/3451/3219 619/3421/3193 646/3450/3218
f 647/3451/3219 646/3450/3218 645/3449/3217
f 619/3421/3193 647/3451/3219 648/3452/3220
f 651/3453/3221 648/3452/3220 647/3451/3219
f 649/3454/3222 647/3451/3219 645/3449/3217
f 650/3455/3223 647/3451/3219 649/3454/3222
f 650/3455/3223 651/3453/3221 647/3451/3219
f 651/3453/3221 654/3456/3224 648/3452/3220
f 650/3455/3223 652/3457/3225 651/3453/3221
f 652/3457/3225 653/3458/3226 651/3453/3221
f 651/3453/3221 653/3458/3226 654/3456/3224
f 654/3456/3224 616/258/249 648/3452/3220
f 654/3456/3224 656/263/254 616/258/249
f 653/3458/3226 655/3459/3227 654/3456/3224
f 655/3459/3227 656/263/254 654/3456/3224
f 656/263/254 655/3459/3227 657/3460/3228
f 656/263/254 657/3460/3228 658/265/256
f 584/236/227 744/382/353 582/233/224
f 584/236/227 595/237/228 744/382/353
f 760/401/370 761/399/368 763/3461/3229
f 761/399/368 762/402/371 764/3462/3230
f 761/399/368 764/3462/3230 763/3461/3229
f 763/3461/3229 764/3462/3230 565/3397/3175
f 560/3392/3170 562/3393/3171 764/3462/3230
f 762/402/371 560/3392/3170 764/3462/3230
f 764/3462/3230 562/3393/3171 565/3397/3175
f 565/3397/3175 571/3406/3182 763/3461/3229
f 760/401/370 763/3461/3229 571/3406/3182
f 762/402/371 765/403/372 560/3392/3170
f 557/3389/3168 765/403/372 767/405/374
f 765/403/372 557/3389/3168 561/3394/3172
f 765/403/372 561/3394/3172 560/3392/3170
f 767/405/374 558/3391/34 557/3389/3168
f 769/407/34 558/3391/34 767/405/374
f 1112/815/757 1108/813/755 1109/3463/3231
f 1109/3463/3231 1108/813/755 1110/3464/3232
f 1108/813/755 1111/3465/3233 1110/3464/3232
f 1108/813/755 1106/812/754 1111/3465/3233
f 1113/817/759 1112/815/757 1109/3463/3231
f 1144/846/788 1143/847/789 1147/3466/3234
f 1145/848/790 1144/846/788 1146/3467/3235
f 1144/846/788 1147/3466/3234 1146/3467/3235
f 1149/3468/3236 1146/3467/3235 1147/3466/3234
f 1143/847/789 1148/3469/3237 1147/3466/3234
f 1149/3468/3236 1147/3466/3234 1148/3469/3237
f 1149/3468/3236 1153/3470/3238 1146/3467/3235
f 1149/3468/3236 1150/3472/3240 1152/3471/3239
f 1150/3472/3240 1149/3468/3236 1151/3473/3241
f 1151/3473/3241 1149/3468/3236 1148/3469/3237
f 1149/3468/3236 1152/3471/3239 1154/3474/3242
f 1153/3470/3238 1149/3468/3236 1154/3474/3242
f 1154/3474/3242 1152/3471/3239 1155/3475/3243
f 1153/3470/3238 1154/3474/3242 284/3069/2892
f 284/3069/2892 1154/3474/3242 294/3080/2903
f 1154/3474/3242 1155/3475/3243 294/3080/2903
f 1152/3471/3239 1157/3476/3244 1155/3475/3243
f 294/3080/2903 1155/3475/3243 295/3081/2904
f 1155/3475/3243 1156/3477/3245 295/3081/2904
f 1155/3475/3243 1157/3476/3244 1156/3477/3245
f 1157/3476/3244 1158/3478/3246 1156/3477/3245
f 1159/3479/3247 1158/3478/3246 1157/3476/3244
f 1152/3471/3239 1159/3479/3247 1157/3476/3244
f 1159/3479/3247 1160/3481/3249 1163/3480/3248
f 1160/3481/3249 1159/3479/3247 1152/3471/3239
f 1159/3479/3247 1161/3482/3250 1158/3478/3246
f 1161/3482/3250 1159/3479/3247 1162/3483/3251
f 1159/3479/3247 1163/3480/3248 1162/3483/3251
f 1160/3481/3249 1166/3484/3252 1163/3480/3248
f 1162/3483/3251 1163/3480/3248 1164/3485/3253
f 1163/3480/3248 1165/3486/3254 1164/3485/3253
f 1163/3480/3248 1166/3484/3252 1165/3486/3254
f 1166/3484/3252 1168/3487/3255 1165/3486/3254
f 1160/3481/3249 1169/3488/3256 1166/3484/3252
f 1169/3488/3256 1167/3489/3257 1166/3484/3252
f 1166/3484/3252 1167/3489/3257 1168/3487/3255
f 1160/3481/3249 1152/3471/3239 1169/3488/3256
f 1150/3472/3240 1169/3488/3256 1152/3471/3239
f 1169/3488/3256 1150/3472/3240 1167/3489/3257
f 1168/3487/3255 1113/817/759 1165/3486/3254
f 1167/3489/3257 1170/3490/3258 1168/3487/3255
f 1118/821/763 1168/3487/3255 1170/3490/3258
f 1118/821/763 1113/817/759 1168/3487/3255
f 1167/3489/3257 1171/850/792 1170/3490/3258
f 1171/850/792 1118/821/763 1170/3490/3258
f 1171/850/792 1173/3491/3259 1172/849/791
f 1171/850/792 1174/3492/3260 1173/3491/3259
f 1171/850/792 1167/3489/3257 1174/3492/3260
f 1150/3472/3240 1174/3492/3260 1167/3489/3257
f 1151/3473/3241 1175/3493/3261 1174/3492/3260
f 1174/3492/3260 1175/3493/3261 1176/3494/3262
f 1174/3492/3260 1176/3494/3262 1177/3495/3263
f 1174/3492/3260 1177/3495/3263 1173/3491/3259
f 1150/3472/3240 1151/3473/3241 1174/3492/3260
f 1178/852/794 1173/3491/3259 1177/3495/3263
f 1179/851/793 1178/852/794 1177/3495/3263
f 1179/851/793 1177/3495/3263 1176/3494/3262
f 1175/3493/3261 1179/851/793 1176/3494/3262
f 1180/853/795 1179/851/793 1175/3493/3261
f 1181/854/796 1180/853/795 1182/3496/3264
f 1180/853/795 1175/3493/3261 1182/3496/3264
f 1182/3496/3264 1151/3473/3241 1183/3497/3265
f 1181/854/796 1182/3496/3264 1183/3497/3265
f 1151/3473/3241 1182/3496/3264 1175/3493/3261
f 1183/3497/3265 1151/3473/3241 1184/3498/3266
f 1140/844/786 1183/3497/3265 1184/3498/3266
f 1140/844/786 1181/854/796 1183/3497/3265
f 1151/3473/3241 1148/3469/3237 1184/3498/3266
f 1139/843/785 1140/844/786 1184/3498/3266
f 1139/843/785 1184/3498/3266 1148/3469/3237
f 1178/852/794 1185/855/797 1173/3491/3259
f 1185/855/797 1172/849/791 1173/3491/3259
f 1113/817/759 1109/3463/3231 1165/3486/3254
f 1165/3486/3254 1109/3463/3231 1164/3485/3253
f 1164/3485/3253 1109/3463/3231 1187/3499/3267
f 1162/3483/3251 1164/3485/3253 1187/3499/3267
f 1188/3500/3268 1162/3483/3251 1187/3499/3267
f 1188/3500/3268 1187/3499/3267 1189/3501/3269
f 1187/3499/3267 1110/3464/3232 1189/3501/3269
f 1109/3463/3231 1110/3464/3232 1187/3499/3267
f 1191/3502/3270 1188/3500/3268 1189/3501/3269
f 1190/3503/3271 1191/3502/3270 1189/3501/3269
f 1190/3503/3271 1189/3501/3269 1110/3464/3232
f 1192/3504/3272 1194/3505/3273 1191/3502/3270
f 1192/3504/3272 1191/3502/3270 1190/3503/3271
f 1191/3502/3270 1193/3506/3274 1188/3500/3268
f 1194/3505/3273 1193/3506/3274 1191/3502/3270
f 1196/3507/3275 1194/3505/3273 1192/3504/3272
f 1194/3505/3273 1195/3508/3276 1193/3506/3274
f 1197/3509/3277 1195/3508/3276 1194/3505/3273
f 1196/3507/3275 1197/3509/3277 1194/3505/3273
f 1198/3510/3278 1199/3512/3279 1197/3511/3277
f 1200/3513/3280 1198/3510/3278 1197/3511/3277
f 1197/3509/3277 1199/3514/3279 1195/3508/3276
f 1200/3513/3280 1197/3511/3277 1196/3515/3275
f 1200/3513/3281 1204/3517/3283 1201/3516/3282
f 1200/3513/3281 1201/3516/3282 1202/3518/3284
f 1198/3510/3278 1200/3513/3281 1203/3519/3285
f 1203/3519/3285 1200/3513/3281 1202/3518/3284
f 1204/3517/3286 1200/3513/3280 1196/3515/3275
f 1201/3516/3282 1204/3517/3283 1208/3520/3287
f 1204/3517/3283 1206/3522/3289 1205/3521/3288
f 1204/3517/3283 1205/3521/3288 1208/3520/3287
f 1206/3523/3290 1204/3525/3286 1207/3524/3291
f 1204/3525/3286 1196/3507/3275 1207/3524/3291
f 1209/3526/3292 1201/3516/3282 1208/3520/3287
f 1210/3527/3293 1209/3526/3292 1208/3520/3287
f 1210/3527/3293 1208/3520/3287 1205/3521/3288
f 1211/3528/3294 1210/3527/3293 1212/3529/3295
f 1210/3527/3293 1205/3521/3288 1212/3529/3295
f 1211/3528/3294 1212/3529/3295 1213/3530/3296
f 1205/3521/3288 1206/3522/3289 1212/3529/3295
f 1206/3522/3289 1213/3530/3296 1212/3529/3295
f 1211/3528/3294 1213/3530/3296 1214/3531/3297
f 1214/3531/3297 1213/3530/3296 1215/3532/3298
f 1206/3522/3289 1215/3532/3298 1213/3530/3296
f 1215/3533/3299 1216/3534/3300 653/3458/3226
f 652/3457/3225 1215/3533/3299 653/3458/3226
f 1215/3533/3299 1206/3523/3290 1216/3534/3300
f 1217/3535/3301 1215/3532/3298 652/3536/3225
f 1217/3535/3301 1214/3531/3297 1215/3532/3298
f 1218/3537/3302 1217/3538/3301 652/3457/3225
f 1219/3539/3303 1217/3535/3301 1218/3540/3302
f 1219/3539/3303 1214/3531/3297 1217/3535/3301
f 1219/3539/3303 1211/3528/3294 1214/3531/3297
f 1220/3541/3304 1219/3543/3303 1218/3542/3302
f 1220/3544/3304 1221/3546/3305 649/3545/3222
f 462/3291/3078 1220/3547/3304 649/3454/3222
f 1220/3544/3304 1218/3548/3302 1221/3546/3305
f 1221/3549/3305 650/3455/3223 649/3454/3222
f 1221/3549/3305 1218/3537/3302 650/3455/3223
f 1218/3537/3302 652/3457/3225 650/3455/3223
f 1216/3534/3300 1222/3550/3306 655/3459/3227
f 653/3458/3226 1216/3534/3300 655/3459/3227
f 1216/3534/3300 1207/3524/3291 1222/3550/3306
f 1206/3523/3290 1207/3524/3291 1216/3534/3300
f 655/3459/3227 1222/3550/3306 1223/3551/3307
f 1207/3524/3291 1192/3504/3272 1222/3550/3306
f 1222/3550/3306 1192/3504/3272 1190/3503/3271
f 1222/3550/3306 1190/3503/3271 1223/3551/3307
f 655/3459/3227 1223/3551/3307 657/3460/3228
f 657/3460/3228 1223/3551/3307 1225/3552/3308
f 1223/3551/3307 1190/3503/3271 1224/3553/3309
f 1223/3551/3307 1224/3553/3309 1225/3552/3308
f 658/265/256 1225/3552/3308 1226/858/800
f 1227/857/799 1226/858/800 1225/3552/3308
f 1227/857/799 1225/3552/3308 1224/3553/3309
f 657/3460/3228 1225/3552/3308 658/265/256
f 1228/859/801 1227/857/799 1224/3553/3309
f 1229/860/802 1228/859/801 1230/3554/3310
f 1228/859/801 1224/3553/3309 1230/3554/3310
f 1106/812/754 1229/860/802 1230/3554/3310
f 1111/3465/3233 1106/812/754 1230/3554/3310
f 1190/3503/3271 1230/3554/3310 1224/3553/3309
f 1190/3503/3271 1111/3465/3233 1230/3554/3310
f 1209/3526/3292 1231/3555/3311 1202/3518/3284
f 1209/3526/3292 1202/3518/3284 1201/3516/3282
f 1233/3556/3312 1231/3555/3311 1232/3557/3313
f 1231/3555/3311 1233/3556/3312 1203/3519/3285
f 1231/3555/3311 1203/3519/3285 1202/3518/3284
f 1235/3558/3314 1233/3556/3312 1232/3557/3313
f 1198/3510/3278 1203/3519/3285 1233/3556/3312
f 1234/3559/3315 1198/3510/3278 1233/3556/3312
f 1234/3559/3315 1233/3556/3312 1235/3558/3314
f 1198/3510/3278 1234/3559/3315 1236/3560/3316
f 1237/3561/3317 1198/3510/3278 1236/3560/3316
f 1198/3510/3278 1237/3561/3317 1199/3512/3279
f 1237/3562/3317 1238/3563/3318 1199/3514/3279
f 1239/3564/3319 1199/3514/3279 1238/3563/3318
f 1199/3514/3279 1239/3564/3319 1240/3565/3320
f 1239/3564/3319 1241/3566/3321 1240/3565/3320
f 1240/3565/3320 1241/3566/3321 1242/3567/3322
f 1240/3565/3320 1242/3567/3322 1243/3568/3323
f 1242/3567/3322 1244/3569/3324 1243/3568/3323
f 1244/3569/3324 1245/3570/3325 1243/3568/3323
f 1244/3569/3324 1246/3571/3326 1245/3570/3325
f 1245/3570/3325 1246/3571/3326 1247/3572/3327
f 1245/3570/3325 1247/3572/3327 1248/3573/3328
f 1250/3574/3329 1245/3570/3325 1248/3573/3328
f 1250/3574/3329 1248/3573/3328 1249/3575/3330
f 1250/3574/3329 295/3081/2904 1156/3477/3245
f 1245/3570/3325 1250/3574/3329 1156/3477/3245
f 1250/3574/3329 1251/3577/3332 1253/3576/3331
f 1251/3577/3332 1250/3574/3329 1249/3575/3330
f 1250/3574/3329 299/3082/2905 295/3081/2904
f 299/3082/2905 1250/3574/3329 1252/3578/3333
f 1250/3574/3329 1253/3576/3331 1252/3578/3333
f 299/3082/2905 1252/3578/3333 1254/3579/3334
f 1255/3580/3335 299/3082/2905 1254/3579/3334
f 1255/3580/3335 1256/3581/3336 299/3082/2905
f 1256/3581/3336 1257/3582/3337 297/3086/2909
f 1256/3581/3336 297/3086/2909 299/3082/2905
f 1257/3582/3337 1259/3583/3338 297/3086/2909
f 1257/3582/3337 1258/3584/3339 1259/3583/3338
f 1259/3583/3338 1260/3586/3341 1261/3585/3340
f 1260/3586/3341 1259/3583/3338 1263/3587/3342
f 1259/3583/3338 298/3085/2908 297/3086/2909
f 298/3085/2908 1259/3583/3338 1262/3588/3343
f 1259/3583/3338 1261/3585/3340 1262/3588/3343
f 1259/3583/3338 1258/3584/3339 1264/3589/3344
f 1259/3583/3338 1264/3589/3344 1263/3587/3342
f 1260/3586/3341 1263/3587/3342 1265/3590/3345
f 1266/3591/3346 1260/3593/3341 1265/3592/3345
f 1266/3591/3346 1268/3595/3348 1267/3594/3347
f 1266/3591/3346 1267/3594/3347 1269/3596/3349
f 1260/3593/3341 1266/3591/3346 1269/3596/3349
f 1260/3593/3341 1269/3596/3349 1271/3597/3350
f 1269/3596/3349 1267/3594/3347 1270/3598/3351
f 1269/3596/3349 1270/3598/3351 1271/3597/3350
f 1272/3599/3352 1271/3597/3350 1274/3600/3353
f 1272/3601/3352 1261/3585/3340 1271/3602/3350
f 1271/3597/3350 1270/3598/3351 1273/3603/3354
f 1271/3597/3350 1273/3603/3354 1274/3600/3353
f 1260/3593/3341 1271/3597/3350 1261/3604/3340
f 1274/3600/3353 343/3131/2950 1275/3605/3355
f 1272/3599/3352 1274/3600/3353 1275/3605/3355
f 1274/3600/3353 1273/3603/3354 343/3131/2950
f 1272/3599/3352 1275/3605/3355 1277/3606/3356
f 1275/3605/3355 343/3131/2950 1276/3607/3357
f 1277/3606/3356 1275/3605/3355 1276/3607/3357
f 325/3107/2930 1277/3609/3356 1278/3608/3358
f 1278/3610/3358 1277/3606/3356 1276/3607/3357
f 325/3107/2930 1272/3601/3352 1277/3609/3356
f 324/3109/2932 1278/3608/3358 330/3114/2937
f 330/3128/2937 1278/3610/3358 342/3130/2949
f 1278/3610/3358 1276/3607/3357 342/3130/2949
f 324/3109/2932 325/3107/2930 1278/3608/3358
f 343/3131/2950 342/3130/2949 1276/3607/3357
f 1273/3603/3354 1270/3598/3351 1279/3611/3359
f 1273/3603/3354 1279/3611/3359 343/3131/2950
f 1270/3598/3351 1267/3594/3347 1279/3611/3359
f 1267/3594/3347 1280/3612/3360 1279/3611/3359
f 1267/3594/3347 1268/3595/3348 1280/3612/3360
f 1272/3601/3352 325/3107/2930 323/3108/2931
f 1272/3601/3352 323/3108/2931 1261/3585/3340
f 323/3108/2931 321/3105/2928 1262/3588/3343
f 323/3108/2931 1262/3588/3343 1261/3585/3340
f 298/3085/2908 1262/3588/3343 321/3105/2928
f 1245/3570/3325 1156/3477/3245 1158/3478/3246
f 1243/3568/3323 1245/3570/3325 1158/3478/3246
f 1243/3568/3323 1158/3478/3246 1161/3482/3250
f 1193/3506/3274 1243/3568/3323 1161/3482/3250
f 1195/3508/3276 1240/3565/3320 1243/3568/3323
f 1195/3508/3276 1243/3568/3323 1193/3506/3274
f 1199/3514/3279 1240/3565/3320 1195/3508/3276
f 1207/3524/3291 1196/3507/3275 1192/3504/3272
f 1193/3506/3274 1161/3482/3250 1188/3500/3268
f 1111/3465/3233 1190/3503/3271 1110/3464/3232
f 1161/3482/3250 1162/3483/3251 1188/3500/3268
f 1153/3470/3238 1281/3614/3362 1282/3613/3361
f 1281/3614/3362 1153/3470/3238 283/3066/2889
f 283/3066/2889 1153/3470/3238 284/3069/2892
f 1153/3470/3238 1282/3613/3361 1146/3467/3235
f 1145/848/790 1146/3467/3235 1282/3613/3361
f 1283/861/803 1145/848/790 1282/3613/3361
f 1284/863/805 1283/861/803 1282/3613/3361
f 1284/863/805 1282/3613/3361 1281/3614/3362
f 1287/865/807 1284/863/805 1281/3614/3362
f 1288/866/808 1287/865/807 1281/3614/3362
f 206/170/161 1288/866/808 1289/3615/3363
f 1288/866/808 1281/3614/3362 1289/3615/3363
f 281/3065/2888 1290/3616/3364 1289/3615/3363
f 206/170/161 1289/3615/3363 1290/3616/3364
f 281/3065/2888 1289/3615/3363 1281/3614/3362
f 211/175/166 208/171/162 1290/3616/3364
f 208/171/162 206/170/161 1290/3616/3364
f 211/175/166 1290/3616/3364 1291/3617/3365
f 1290/3616/3364 281/3065/2888 1291/3617/3365
f 210/174/165 211/175/166 1291/3617/3365
f 210/174/165 1291/3617/3365 1292/3618/3366
f 1291/3617/3365 277/3061/2884 1292/3618/3366
f 281/3065/2888 277/3061/2884 1291/3617/3365
f 1295/867/809 210/174/165 1292/3618/3366
f 277/3061/2884 1294/3619/3367 1292/3618/3366
f 1293/869/811 1295/867/809 1292/3618/3366
f 1293/869/811 1292/3618/3366 1294/3619/3367
f 1302/875/817 1299/873/815 1303/3620/3368
f 1304/876/818 1302/875/817 1303/3620/3368
f 1304/876/818 1303/3620/3368 1305/3621/3369
f 264/227/218 1304/876/818 1305/3621/3369
f 276/3062/2885 1305/3621/3369 1303/3620/3368
f 267/3052/2875 1305/3621/3369 276/3062/2885
f 264/227/218 1305/3621/3369 267/3052/2875
f 276/3062/2885 1303/3620/3368 277/3061/2884
f 277/3061/2884 1303/3620/3368 1306/3622/3370
f 1299/873/815 1306/3622/3370 1303/3620/3368
f 277/3061/2884 1306/3622/3370 1294/3619/3367
f 1299/873/815 1298/872/814 1306/3622/3370
f 1298/872/814 1294/3619/3367 1306/3622/3370
f 1298/872/814 1293/869/811 1294/3619/3367
f 283/3066/2889 281/3065/2888 1281/3614/3362
f 1143/847/789 1139/843/785 1148/3469/3237
f 1479/1126/1072 760/401/370 571/3406/3182
f 1479/1126/1072 571/3406/3182 570/3407/3181
f 578/1127/1073 1479/1126/1072 570/3407/3181
f 462/3291/3078 649/3454/3222 645/3449/3217
f 619/3421/3193 648/3452/3220 616/258/249
f 619/3421/3193 620/3422/3194 643/3447/3216
f 620/3422/3194 637/3437/3209 643/3447/3216
f 1483/3623/3371 640/3440/3212 639/3441/3213
f 462/3291/3078 640/3440/3212 1483/3623/3371
f 1483/3623/3371 468/3299/3084 463/3290/3077
f 468/3299/3084 1483/3623/3371 639/3441/3213
f 462/3291/3078 1483/3623/3371 463/3290/3077
f 635/3435/3207 468/3299/3084 639/3441/3213
f 622/3423/3195 637/3437/3209 620/3422/3194
f 468/3299/3084 635/3435/3207 469/3296/3081
f 634/3434/3206 469/3296/3081 635/3435/3207
s 0
f 634/3434/3372 475/3304/3089 474/3303/3088
s 1
f 634/3434/3206 474/3303/3088 469/3296/3081
f 537/3366/3152 535/3365/3151 567/3401/3178
f 555/3387/3166 544/3376/3159 541/3372/3155
f 549/3381/3164 550/3382/34 1484/3624/3373
f 1485/3625/34 549/3381/3164 1484/3624/3373
f 549/3381/3164 1485/3625/34 1486/3626/3374
f 1485/3625/34 1487/3627/3375 1486/3626/3374
f 1485/3625/34 1488/3628/34 1487/3627/3375
f 1488/3628/34 1490/3630/34 1489/3629/3376
f 1488/3628/34 1489/3629/3376 1487/3627/3375
f 1490/3630/34 1491/3631/3377 1489/3629/3376
f 1490/3630/34 1492/3632/34 1491/3631/3377
f 1492/3632/34 1493/3634/3379 1495/3633/3378
f 1492/3632/34 1494/3635/34 1493/3634/3379
f 1492/3632/34 1495/3633/3378 1491/3631/3377
f 1496/3636/3380 1495/3633/3378 1493/3634/3379
f 1497/3637/3381 1491/3631/3377 1495/3633/3378
f 1496/3636/3380 1497/3637/3381 1495/3633/3378
f 1497/3637/3381 1498/3638/3382 1491/3631/3377
f 1499/3639/3383 1497/3637/3381 1496/3636/3380
f 1500/3640/3384 1498/3638/3382 1497/3637/3381
f 1499/3639/3383 1500/3640/3384 1497/3637/3381
f 1501/3641/3385 1503/3642/3386 1500/3640/3384
f 1502/3643/3387 1501/3641/3385 1500/3640/3384
f 1502/3643/3387 1500/3640/3384 1499/3639/3383
f 1500/3640/3384 1503/3642/3386 1498/3638/3382
f 1504/3644/3388 1505/3645/3389 1503/3642/3386
f 1501/3641/3385 1504/3644/3388 1503/3642/3386
f 1503/3642/3386 1505/3645/3389 1506/3646/3390
f 1503/3642/3386 1506/3646/3390 1498/3638/3382
f 1505/3645/3389 1507/3647/3391 1506/3646/3390
f 1506/3646/3390 1487/3627/3375 1489/3629/3376
f 1498/3638/3382 1506/3646/3390 1489/3629/3376
f 1506/3646/3390 1507/3647/3391 1487/3627/3375
f 1507/3647/3391 1508/3649/3393 1510/3648/3392
f 1509/3650/3394 1508/3649/3393 1507/3647/3391
f 1505/3645/3389 1509/3650/3394 1507/3647/3391
f 1507/3647/3391 1510/3648/3392 1487/3627/3375
f 1508/3649/3393 1486/3626/3374 1510/3648/3392
f 1486/3626/3374 1487/3627/3375 1510/3648/3392
f 1513/3651/3395 1509/3650/3394 1505/3645/3389
f 1509/3650/3394 1511/3652/3396 1508/3649/3393
f 1512/3653/3397 1511/3652/3396 1509/3650/3394
f 1513/3651/3395 1512/3653/3397 1509/3650/3394
f 1512/3653/3397 1513/3651/3395 1514/3654/3398
f 1513/3651/3395 1515/3655/3399 1514/3654/3398
f 1513/3651/3395 1504/3644/3388 1515/3655/3399
f 1504/3644/3388 1513/3651/3395 1505/3645/3389
f 512/3341/3127 514/3343/3129 1515/3656/3399
f 512/3341/3127 1515/3656/3399 1516/3657/3400
f 514/3343/3129 1514/3658/3398 1515/3656/3399
f 1504/3644/3388 1516/3659/3400 1515/3655/3399
f 510/3338/3124 512/3341/3127 1516/3657/3400
f 1504/3644/3388 1501/3641/3385 1516/3659/3400
f 1501/3641/3385 1517/3660/3401 1516/3659/3400
f 1516/3657/3400 1517/3661/3401 505/3334/3120
f 1516/3657/3400 505/3334/3120 507/3336/3122
f 510/3338/3124 1516/3657/3400 507/3336/3122
f 1517/3661/3401 1518/3662/3402 502/3331/3117
f 1502/3643/3387 1518/3663/3402 1517/3660/3401
f 1517/3661/3401 502/3331/3117 504/3333/3119
f 1517/3661/3401 504/3333/3119 505/3334/3120
f 1501/3641/3385 1502/3643/3387 1517/3660/3401
f 1502/3643/3387 1519/3664/3403 1518/3663/3402
f 1519/3664/3403 1524/3665/3404 1518/3663/3402
f 1518/3662/3402 1520/3667/3406 1521/3666/3405
f 1518/3663/3402 1524/3665/3404 1520/3668/3406
f 1518/3662/3402 1521/3666/3405 1522/3669/3407
f 1523/3670/3408 1518/3662/3402 1522/3669/3407
f 1518/3662/3402 1523/3670/3408 501/3330/3116
f 1518/3662/3402 501/3330/3116 502/3331/3117
f 1524/3665/3404 1525/3671/3409 1520/3668/3406
f 1524/3665/3404 1527/3672/3410 1525/3671/3409
f 1519/3664/3403 1526/3673/3411 1524/3665/3404
f 1526/3673/3411 1527/3672/3410 1524/3665/3404
f 1528/3674/3412 1529/3675/3413 1527/3672/3410
f 1526/3673/3411 1528/3674/3412 1527/3672/3410
f 1527/3672/3410 1529/3675/3413 1530/3676/3414
f 1527/3672/3410 1530/3676/3414 1525/3671/3409
f 1529/3675/3413 1531/3677/3415 1530/3676/3414
f 1532/3678/3416 1530/3680/3414 1531/3679/3415
f 1533/3681/3417 1521/3666/3405 1530/3680/3414
f 1525/3682/3409 1530/3680/3414 1521/3666/3405
f 1532/3678/3416 1534/3683/3418 1530/3680/3414
f 1534/3683/3418 1533/3681/3417 1530/3680/3414
f 1534/3683/3418 1532/3678/3416 1535/3684/3419
f 1533/3681/3417 1534/3683/3418 1535/3684/3419
f 1538/3685/3420 1535/3684/3419 1536/3686/3421
f 1536/3686/3421 1535/3684/3419 1537/3687/3422
f 1535/3684/3419 1532/3678/3416 1537/3687/3422
f 499/3329/3115 1535/3684/3419 495/3325/3111
f 1533/3681/3417 1535/3684/3419 499/3329/3115
f 1535/3684/3419 1538/3685/3420 495/3325/3111
f 1538/3685/3420 1536/3686/3421 1542/3688/3423
f 495/3325/3111 1538/3685/3420 1540/3689/3424
f 1538/3685/3420 1539/3691/3426 1541/3690/3425
f 1539/3691/3426 1538/3685/3420 1542/3688/3423
f 1538/3685/3420 1541/3690/3425 1540/3689/3424
f 1539/3691/3426 1542/3688/3423 1543/3692/3427
f 1543/3692/3427 1542/3688/3423 1544/3693/3428
f 1542/3688/3423 1545/3694/3429 1544/3693/3428
f 1542/3688/3423 1536/3686/3421 1545/3694/3429
f 1544/3693/3428 1545/3694/3429 1546/3695/3430
f 1545/3694/3429 1531/3679/3415 1546/3695/3430
f 1545/3694/3429 1537/3687/3422 1531/3679/3415
f 1536/3686/3421 1537/3687/3422 1545/3694/3429
f 1544/3693/3428 1546/3695/3430 1547/3696/3431
f 1549/3697/3432 1547/3699/3431 1546/3698/3430
f 1548/3700/3433 1549/3697/3432 1546/3698/3430
f 1548/3700/3433 1546/3698/3430 1531/3677/3415
f 1551/3701/3434 1549/3697/3432 1548/3700/3433
f 1552/3702/3435 1550/3703/3436 1549/3697/3432
f 1549/3697/3432 1550/3703/3436 1547/3699/3431
f 1551/3701/3434 1552/3702/3435 1549/3697/3432
f 1553/3704/3437 1555/3705/3438 1552/3702/3435
f 1554/3706/3439 1553/3704/3437 1552/3702/3435
f 1554/3706/3439 1552/3702/3435 1551/3701/3434
f 1552/3702/3435 1555/3705/3438 1550/3703/3436
f 1553/3704/3437 1557/3707/3440 1555/3705/3438
f 1557/3707/3440 1556/3708/3441 1555/3705/3438
f 1555/3705/3438 1556/3708/3441 1558/3709/3442
f 1555/3705/3438 1558/3709/3442 1550/3703/3436
f 1558/3709/3442 1561/3711/3444 1559/3710/3443
f 1558/3709/3442 1559/3710/3443 1560/3712/3445
f 1550/3703/3436 1558/3709/3442 1560/3712/3445
f 1556/3708/3441 1561/3711/3444 1558/3709/3442
f 1563/3713/3446 1562/3714/3447 1561/3711/3444
f 1561/3711/3444 1562/3714/3447 1564/3715/3448
f 1556/3708/3441 1563/3713/3446 1561/3711/3444
f 1561/3711/3444 1564/3715/3448 1559/3710/3443
f 1565/3716/3449 1559/3718/3443 1564/3717/3448
f 1567/3719/3450 1565/3716/3449 1564/3717/3448
f 1562/3714/3447 1566/3720/3451 1564/3715/3448
f 1567/3719/3450 1564/3717/3448 1566/3721/3451
f 1568/3722/3452 1567/3719/3450 1566/3721/3451
f 1569/3723/3453 1567/3719/3450 1568/3722/3452
f 1567/3719/3450 1569/3723/3453 1565/3716/3449
f 1569/3723/3453 1570/3725/3455 1572/3724/3454
f 1570/3725/3455 1569/3723/3453 1568/3722/3452
f 1539/3691/3426 1569/3723/3453 1571/3726/3456
f 1569/3723/3453 1539/3691/3426 1574/3727/3457
f 1569/3723/3453 1572/3724/3454 1571/3726/3456
f 1569/3723/3453 1573/3728/3458 1565/3716/3449
f 1569/3723/3453 1574/3727/3457 1573/3728/3458
f 1574/3727/3457 1575/3729/3459 1573/3728/3458
f 1574/3727/3457 1543/3692/3427 1575/3729/3459
f 1539/3691/3426 1543/3692/3427 1574/3727/3457
f 1573/3728/3458 1575/3729/3459 1560/3730/3445
f 1575/3729/3459 1544/3693/3428 1560/3730/3445
f 1543/3692/3427 1544/3693/3428 1575/3729/3459
f 1565/3716/3449 1573/3728/3458 1559/3718/3443
f 1573/3728/3458 1560/3730/3445 1559/3718/3443
f 1572/3724/3454 1576/3732/3461 1578/3731/3460
f 1579/3733/3462 1576/3732/3461 1572/3724/3454
f 1572/3724/3454 1578/3731/3460 1577/3734/3463
f 1571/3726/3456 1572/3724/3454 1577/3734/3463
f 1570/3725/3455 1579/3733/3462 1572/3724/3454
f 1579/3733/3462 1580/3735/3464 1576/3732/3461
f 1579/3733/3462 1581/3736/3465 1580/3735/3464
f 1581/3736/3465 1579/3733/3462 1582/3737/3466
f 1579/3733/3462 1583/3738/3467 1582/3737/3466
f 1579/3733/3462 1570/3725/3455 1583/3738/3467
f 1583/3738/3467 1584/3739/3468 1582/3737/3466
f 1584/3739/3468 1583/3738/3467 1585/3740/3469
f 1583/3738/3467 1586/3741/3470 1585/3740/3469
f 1583/3738/3467 1587/3742/3471 1586/3741/3470
f 1583/3738/3467 1570/3725/3455 1587/3742/3471
f 1570/3725/3455 1568/3722/3452 1587/3742/3471
f 1587/3742/3471 1568/3722/3452 1588/3743/3472
f 1587/3742/3471 1588/3743/3472 1586/3741/3470
f 1588/3744/3472 1590/3746/3473 1586/3745/3470
f 1589/3747/3474 1588/3744/3472 1566/3720/3451
f 1568/3722/3452 1566/3721/3451 1588/3743/3472
f 1589/3747/3474 1590/3746/3473 1588/3744/3472
f 1590/3746/3473 1585/3748/3469 1586/3745/3470
f 1592/3749/3475 1590/3746/3473 1589/3747/3474
f 1593/3750/3476 1591/3751/3477 1590/3746/3473
f 1590/3746/3473 1591/3751/3477 1585/3748/3469
f 1592/3749/3475 1593/3750/3476 1590/3746/3473
f 1593/3750/3476 1594/3752/3478 1591/3751/3477
f 1595/3753/3479 1594/3752/3478 1593/3750/3476
f 1596/3754/3480 1595/3753/3479 1593/3750/3476
f 1596/3754/3480 1593/3750/3476 1592/3749/3475
f 1595/3753/3479 1596/3754/3480 1597/3755/3481
f 1596/3754/3480 1598/3756/3482 1597/3755/3481
f 1599/3757/3483 1596/3754/3480 1592/3749/3475
f 1596/3754/3480 1599/3757/3483 1598/3756/3482
f 1599/3757/3483 1601/3759/3485 1600/3758/3484
f 1599/3757/3483 1600/3758/3484 1598/3756/3482
f 1601/3759/3485 1599/3757/3483 1602/3760/3486
f 1599/3757/3483 1592/3749/3475 1602/3760/3486
f 1602/3760/3486 1589/3747/3474 1562/3714/3447
f 1563/3713/3446 1602/3760/3486 1562/3714/3447
f 1602/3760/3486 1592/3749/3475 1589/3747/3474
f 1601/3759/3485 1602/3760/3486 1563/3713/3446
f 1601/3759/3485 1603/3761/3487 1600/3758/3484
f 1601/3759/3485 1604/3762/3488 1603/3761/3487
f 1604/3762/3488 1601/3759/3485 1563/3713/3446
f 1604/3762/3488 1605/3763/3489 1603/3761/3487
f 1604/3762/3488 1557/3707/3440 1605/3763/3489
f 1557/3707/3440 1604/3762/3488 1556/3708/3441
f 1604/3762/3488 1563/3713/3446 1556/3708/3441
f 1608/3764/34 1603/3761/3487 1605/3763/3489
f 1557/3707/3440 1606/3765/3490 1605/3763/3489
f 1607/3766/34 1605/3763/3489 1606/3765/3490
f 1607/3766/34 1608/3764/34 1605/3763/3489
f 1600/3758/3484 1603/3761/3487 1608/3764/34
f 1598/3756/3482 1600/3758/3484 1608/3764/34
f 1598/3756/3482 1608/3764/34 1609/3767/34
f 1597/3755/3481 1598/3756/3482 1609/3767/34
f 1597/3755/3481 1609/3767/34 1610/3768/34
f 1610/3768/34 1613/3770/3492 1611/3769/3491
f 1612/3771/3493 1610/3768/34 1611/3769/3491
f 1612/3771/3493 1597/3755/3481 1610/3768/34
f 1610/3768/34 1614/3772/3494 1613/3770/3492
f 1614/3772/3494 1616/3774/34 1615/3773/3495
f 1614/3772/3494 1615/3773/3495 1613/3770/3492
f 1616/3774/34 1617/3776/3497 1618/3775/3496
f 1620/3777/3498 1617/3776/3497 1616/3774/34
f 1616/3774/34 1618/3775/3496 1615/3773/3495
f 1620/3777/3498 1616/3774/34 1619/3778/34
f 1621/3779/3499 1620/3777/3498 1619/3778/34
f 1622/3780/3500 1620/3777/3498 1621/3779/3499
f 1622/3780/3500 1623/3781/3501 1620/3777/3498
f 1623/3781/3501 1617/3776/3497 1620/3777/3498
f 1623/3781/3501 1624/3782/3502 1617/3776/3497
f 1624/3782/3502 1623/3781/3501 1625/3783/3503
f 1623/3781/3501 1626/3784/3504 1625/3783/3503
f 1623/3781/3501 1622/3780/3500 1626/3784/3504
f 1622/3780/3500 1629/3785/3505 1626/3784/3504
f 1626/3784/3504 1628/3787/3507 1627/3786/3506
f 1625/3783/3503 1626/3784/3504 1627/3786/3506
f 1626/3784/3504 1629/3785/3505 1628/3787/3507
f 1629/3785/3505 1632/3789/3509 1630/3788/3508
f 1629/3785/3505 1630/3788/3508 1628/3787/3507
f 1631/3790/3510 1632/3789/3509 1629/3785/3505
f 1622/3780/3500 1631/3790/3510 1629/3785/3505
f 1633/3791/3511 1630/3788/3508 1632/3789/3509
f 1633/3791/3511 1632/3789/3509 1634/3792/3512
f 1634/3792/3512 1632/3789/3509 1635/3793/3513
f 1631/3790/3510 1635/3793/3513 1632/3789/3509
f 1636/3794/3514 1635/3793/3513 1637/3795/3515
f 1634/3792/3512 1635/3793/3513 1636/3794/3514
f 1631/3790/3510 1637/3795/3515 1635/3793/3513
f 1636/3794/3514 1637/3795/3515 1638/3796/3516
f 1638/3796/3516 1637/3795/3515 1640/3797/34
f 1637/3795/3515 1631/3790/3510 1639/3798/3517
f 1637/3795/3515 1639/3798/3517 1641/3799/34
f 1637/3795/3515 1641/3799/34 1640/3797/34
f 1639/3798/3517 1619/3778/34 1641/3799/34
f 1638/3796/3516 1640/3797/34 1642/3800/34
f 1644/3801/3518 1642/3800/34 1643/3802/34
f 1644/3801/3518 1638/3796/3516 1642/3800/34
f 1645/3803/3519 1638/3796/3516 1644/3801/3518
f 1647/3804/3520 1645/3803/3519 1644/3801/3518
f 1646/3805/3521 1644/3801/3518 1643/3802/34
f 1647/3804/3520 1644/3801/3518 1646/3805/3521
f 1648/3806/3522 1645/3803/3519 1647/3804/3520
f 1650/3807/3523 1648/3806/3522 1647/3804/3520
f 1649/3808/3524 1647/3804/3520 1646/3805/3521
f 1650/3807/3523 1647/3804/3520 1649/3808/3524
f 1651/3809/3525 1650/3807/3523 1649/3808/3524
f 1650/3807/3523 1651/3809/3525 1653/3810/3526
f 1652/3811/3527 1648/3806/3522 1650/3807/3523
f 1653/3810/3526 1652/3811/3527 1650/3807/3523
f 1654/3812/3528 1656/3814/3529 1653/3813/3526
f 1654/3812/3528 1653/3813/3526 1655/3815/3530
f 1655/3816/3530 1653/3810/3526 1651/3809/3525
f 1652/3811/3527 1653/3810/3526 1656/3817/3529
f 1656/3814/3529 1654/3812/3528 1657/3818/3531
f 1656/3814/3529 1657/3818/3531 1658/3819/3532
f 1658/3819/3532 1659/3820/3533 1656/3814/3529
f 1659/3820/3533 1652/3821/3527 1656/3814/3529
f 1659/3820/3533 1664/3823/3535 1660/3822/3534
f 1661/3824/3536 1659/3820/3533 1660/3822/3534
f 1661/3824/3536 1662/3825/3537 1659/3820/3533
f 1662/3825/3537 1663/3826/3538 1659/3820/3533
f 1659/3820/3533 1663/3826/3538 1652/3821/3527
f 1659/3820/3533 1658/3819/3532 1664/3823/3535
f 1657/3818/3531 1660/3822/3534 1664/3823/3535
f 1658/3819/3532 1657/3818/3531 1664/3823/3535
f 1662/3825/3537 1665/3827/3539 1663/3826/3538
f 1665/3827/3539 1666/3828/3540 1663/3826/3538
f 1663/3826/3538 1666/3828/3540 1667/3829/3541
f 1663/3830/3542 1667/3831/3541 1652/3811/3527
f 1652/3811/3527 1667/3831/3541 1648/3806/3522
f 1666/3828/3540 1668/3832/3543 1667/3829/3541
f 1667/3831/3541 1668/3834/3543 1669/3833/3544
f 1667/3831/3541 1669/3833/3544 1648/3806/3522
f 1668/3834/3543 1634/3792/3512 1669/3833/3544
f 1648/3806/3522 1669/3833/3544 1645/3803/3519
f 1669/3833/3544 1634/3792/3512 1636/3794/3514
f 1669/3833/3544 1636/3794/3514 1645/3803/3519
f 1668/3834/3543 1633/3791/3511 1634/3792/3512
f 1670/3835/3545 1633/3791/3511 1668/3834/3543
f 1666/3828/3540 1670/3836/3545 1668/3832/3543
f 1670/3835/3545 1671/3837/3546 1633/3791/3511
f 1671/3838/3546 1670/3836/3545 1672/3839/3547
f 1670/3836/3545 1666/3828/3540 1672/3839/3547
f 1665/3827/3539 1672/3839/3547 1666/3828/3540
f 1675/3840/3548 1672/3842/3547 1665/3841/3539
f 1673/3843/3549 1674/3844/3550 1672/3842/3547
f 1675/3840/3548 1673/3843/3549 1672/3842/3547
f 1671/3838/3546 1672/3839/3547 1674/3845/3550
f 1676/3846/3551 1675/3840/3548 1665/3841/3539
f 380/3170/2987 1675/3840/3548 1676/3846/3551
f 380/3170/2987 1673/3843/3549 1675/3840/3548
f 1677/3847/3552 1676/3846/3551 1662/3848/3537
f 1677/3847/3552 1678/3849/3553 1676/3846/3551
f 1678/3849/3553 380/3170/2987 1676/3846/3551
f 1676/3846/3551 1665/3841/3539 1662/3848/3537
f 1679/3850/3554 1678/3849/3553 1677/3847/3552
f 380/3170/2987 1678/3849/3553 377/3169/2986
f 1680/3851/3555 377/3169/2986 1678/3849/3553
f 1679/3850/3554 1680/3851/3555 1678/3849/3553
f 314/3099/2922 1680/3851/3555 1679/3850/3554
f 314/3099/2922 315/3100/2923 1680/3851/3555
f 315/3100/2923 373/3163/2980 1680/3851/3555
f 1680/3851/3555 373/3163/2980 377/3169/2986
f 1681/3852/3556 1679/3850/3554 1677/3847/3552
f 1682/3853/3557 1679/3850/3554 1681/3852/3556
f 1682/3853/3557 314/3099/2922 1679/3850/3554
f 1683/3854/3558 1682/3856/3557 1681/3855/3556
f 1682/3856/3557 1683/3854/3558 1684/3857/3559
f 311/3097/2920 1682/3853/3557 1685/3858/3560
f 1682/3853/3557 311/3097/2920 314/3099/2922
f 1682/3856/3557 1684/3857/3559 1685/3859/3560
f 311/3097/2920 1685/3858/3560 1688/3860/3561
f 1684/3857/3559 1686/3861/3562 1685/3859/3560
f 1686/3861/3562 1687/3862/3563 1685/3859/3560
f 1687/3862/3563 1689/3863/3564 1685/3859/3560
f 1689/3863/3564 1688/3864/3561 1685/3859/3560
f 1689/3863/3564 1687/3862/3563 1690/3865/3565
f 1691/3866/3566 1689/3868/3564 1690/3867/3565
f 1689/3868/3564 1691/3866/3566 1688/3860/3561
f 1691/3866/3566 1690/3867/3565 1694/3869/3567
f 1691/3866/3566 1693/3870/3568 1688/3860/3561
f 1692/3871/3569 1691/3866/3566 1694/3869/3567
f 1691/3866/3566 1692/3871/3569 1693/3870/3568
f 1697/3872/3570 1694/3869/3567 1695/3873/3571
f 1695/3873/3571 1694/3869/3567 1696/3874/3572
f 1694/3869/3567 1698/3875/3573 1696/3874/3572
f 1697/3872/3570 1692/3871/3569 1694/3869/3567
f 1694/3876/3567 1690/3865/3565 1698/3877/3573
f 1700/3878/3574 1698/3877/3573 1699/3879/3575
f 1690/3865/3565 1699/3879/3575 1698/3877/3573
f 1701/3880/3576 1696/3882/3572 1698/3881/3573
f 1700/3878/3574 1701/3883/3576 1698/3877/3573
f 1701/3880/3576 1700/3885/3574 1704/3884/3577
f 1702/3886/3578 1701/3880/3576 1703/3887/3579
f 1701/3880/3576 1702/3886/3578 1696/3882/3572
f 1701/3880/3576 1704/3884/3577 1703/3887/3579
f 1700/3885/3574 1655/3816/3530 1704/3884/3577
f 1703/3887/3579 1704/3884/3577 1705/3888/3580
f 1704/3884/3577 1655/3816/3530 1706/3889/3581
f 1704/3884/3577 1706/3889/3581 1705/3888/3580
f 1705/3888/3580 1706/3889/3581 1707/3890/3582
f 1706/3889/3581 1651/3809/3525 1708/3891/3583
f 1655/3816/3530 1651/3809/3525 1706/3889/3581
f 1706/3889/3581 1708/3891/3583 1707/3890/3582
f 1707/3890/3582 1708/3891/3583 1710/3892/34
f 1708/3891/3583 1649/3808/3524 1709/3893/3584
f 1649/3808/3524 1708/3891/3583 1651/3809/3525
f 1708/3891/3583 1709/3893/3584 1711/3894/34
f 1708/3891/3583 1711/3894/34 1710/3892/34
f 1709/3893/3584 1646/3805/3521 1711/3894/34
f 1646/3805/3521 1643/3802/34 1711/3894/34
f 1707/3890/3582 1710/3892/34 1712/3895/34
f 1712/3895/34 1715/3897/34 1713/3896/3585
f 1714/3898/3586 1712/3895/34 1713/3896/3585
f 1714/3898/3586 1707/3890/3582 1712/3895/34
f 1715/3897/34 1717/3900/34 1716/3899/3587
f 1715/3897/34 1716/3899/3587 1713/3896/3585
f 1717/3900/34 1719/3901/3588 1716/3899/3587
f 1717/3900/34 1718/3902/34 1719/3901/3588
f 1720/3903/3589 1722/3904/3590 1719/3901/3588
f 1720/3903/3589 1719/3901/3588 1721/3905/3591
f 1718/3902/34 1721/3905/3591 1719/3901/3588
f 1722/3904/3590 1716/3899/3587 1719/3901/3588
f 1723/3906/3592 1725/3907/3593 1722/3904/3590
f 1724/3908/3594 1723/3906/3592 1722/3904/3590
f 1724/3908/3594 1722/3904/3590 1720/3903/3589
f 1722/3904/3590 1725/3907/3593 1716/3899/3587
f 1723/3906/3592 1727/3909/3595 1725/3907/3593
f 1725/3907/3593 1726/3910/3596 1713/3896/3585
f 1727/3909/3595 1726/3910/3596 1725/3907/3593
f 1725/3907/3593 1713/3896/3585 1716/3899/3587
f 1728/3911/3597 1727/3909/3595 1723/3906/3592
f 1727/3909/3595 1703/3887/3579 1726/3910/3596
f 1702/3886/3578 1703/3887/3579 1727/3909/3595
f 1728/3911/3597 1702/3886/3578 1727/3909/3595
f 1702/3886/3578 1728/3911/3597 1729/3912/3598
f 1728/3911/3597 1730/3913/3599 1729/3912/3598
f 1728/3911/3597 1731/3914/3600 1730/3913/3599
f 1731/3914/3600 1728/3911/3597 1723/3906/3592
f 1731/3914/3600 1733/3916/3602 1732/3915/3601
f 1731/3914/3600 1732/3915/3601 1730/3913/3599
f 1733/3916/3602 1731/3914/3600 1724/3908/3594
f 1731/3914/3600 1723/3906/3592 1724/3908/3594
f 1733/3916/3602 1735/3918/3604 1734/3917/3603
f 1733/3916/3602 1734/3917/3603 1732/3915/3601
f 1735/3918/3604 1733/3916/3602 1736/3919/3605
f 1733/3916/3602 1724/3908/3594 1736/3919/3605
f 1736/3919/3605 1737/3920/3606 1735/3918/3604
f 1737/3920/3606 1736/3919/3605 1738/3921/3607
f 1736/3919/3605 1720/3903/3589 1738/3921/3607
f 1736/3919/3605 1724/3908/3594 1720/3903/3589
f 1738/3921/3607 1740/3922/3608 1737/3920/3606
f 1738/3921/3607 1720/3903/3589 1721/3905/3591
f 1738/3921/3607 1721/3905/3591 1739/3923/3609
f 1740/3922/3608 1738/3921/3607 1739/3923/3609
f 1740/3922/3608 1742/3925/3611 1741/3924/3610
f 1737/3920/3606 1740/3922/3608 1741/3924/3610
f 1743/3926/34 1742/3925/3611 1740/3922/3608
f 1739/3923/3609 1743/3926/34 1740/3922/3608
f 1743/3926/34 1744/3927/34 1742/3925/3611
f 1739/3923/3609 1718/3902/34 1743/3926/34
f 1744/3927/34 1745/3929/34 1746/3928/3612
f 1744/3927/34 1746/3928/3612 1742/3925/3611
f 1745/3929/34 1747/3930/3613 1746/3928/3612
f 1747/3930/3613 1748/3931/3614 1746/3928/3612
f 1748/3931/3614 1749/3932/3615 1746/3928/3612
f 1742/3925/3611 1746/3928/3612 1749/3932/3615
f 1749/3932/3615 1748/3931/3614 1752/3933/3616
f 1741/3924/3610 1749/3932/3615 1750/3934/3617
f 1750/3934/3617 1749/3932/3615 1751/3935/3618
f 1749/3932/3615 1752/3933/3616 1751/3935/3618
f 1741/3924/3610 1742/3925/3611 1749/3932/3615
f 1753/3936/3619 1751/3935/3618 1752/3933/3616
f 1748/3931/3614 1753/3936/3619 1752/3933/3616
f 1753/3936/3619 1758/3937/3620 1751/3935/3618
f 1753/3936/3619 1748/3931/3614 1747/3930/3613
f 1755/3938/3621 1753/3936/3619 1747/3930/3613
f 1757/3939/3622 1754/3940/3623 1753/3936/3619
f 1753/3936/3619 1754/3940/3623 1758/3937/3620
f 1756/3941/3624 1753/3936/3619 1755/3938/3621
f 1756/3941/3624 1757/3939/3622 1753/3936/3619
f 1754/3940/3623 1759/3942/3625 1758/3937/3620
f 1759/3942/3625 1750/3934/3617 1758/3937/3620
f 1750/3934/3617 1751/3935/3618 1758/3937/3620
f 1754/3940/3623 1760/3943/3626 1759/3942/3625
f 1759/3942/3625 1760/3943/3626 1750/3934/3617
f 1760/3943/3626 1761/3944/3627 1750/3934/3617
f 1760/3943/3626 1762/3945/3628 1761/3944/3627
f 1763/3946/3629 1762/3945/3628 1760/3943/3626
f 1754/3940/3623 1763/3946/3629 1760/3943/3626
f 1765/3947/3630 1764/3948/3631 1763/3946/3629
f 1766/3949/3632 1763/3946/3629 1764/3948/3631
f 1765/3947/3630 1763/3946/3629 1754/3940/3623
f 1763/3946/3629 1766/3949/3632 1762/3945/3628
f 1762/3945/3628 1766/3949/3632 1767/3950/3633
f 1767/3951/3633 1766/3953/3632 1768/3952/3634
f 1769/3954/3635 1768/3952/3634 1766/3953/3632
f 1764/3955/3631 1769/3954/3635 1766/3953/3632
f 1769/3954/3635 1772/3957/3637 1770/3956/3636
f 1769/3954/3635 1770/3956/3636 1768/3952/3634
f 1769/3954/3635 1773/3959/3639 1771/3958/3638
f 1772/3957/3637 1769/3954/3635 1771/3958/3638
f 1769/3954/3635 1774/3960/3640 1773/3959/3639
f 1774/3960/3640 1769/3954/3635 1764/3955/3631
f 1774/3960/3640 1775/3961/3641 1773/3959/3639
f 1774/3960/3640 1776/3962/3642 1775/3961/3641
f 1764/3948/3631 1765/3947/3630 1774/3963/3640
f 1776/3964/3642 1774/3963/3640 1765/3947/3630
f 1776/3962/3642 1779/3966/3644 1777/3965/3643
f 1776/3962/3642 1777/3965/3643 1775/3961/3641
f 1778/3967/3645 1776/3964/3642 1765/3947/3630
f 1779/3968/3644 1776/3964/3642 1778/3967/3645
f 1779/3966/3644 1780/3969/3646 1777/3965/3643
f 1779/3966/3644 53/3027/2856 1780/3969/3646
f 53/3025/2856 1779/3968/3644 1781/3970/3647
f 1781/3970/3647 1779/3968/3644 1778/3967/3645
f 1781/3970/3647 1778/3967/3645 1782/3971/3648
f 1783/3972/3649 1781/3970/3647 1782/3971/3648
f 56/3031/2859 1781/3970/3647 1783/3972/3649
f 56/3031/2859 53/3025/2856 1781/3970/3647
f 1783/3972/3649 1782/3971/3648 1784/3973/3650
f 1785/3974/3651 1783/3972/3649 1784/3973/3650
f 1786/3975/3652 1783/3972/3649 1785/3974/3651
f 1786/3975/3652 56/3031/2859 1783/3972/3649
f 55/3030/2858 56/3031/2859 1786/3975/3652
f 1788/3976/3653 55/3030/2858 1786/3975/3652
f 1787/3977/3654 1786/3975/3652 1785/3974/3651
f 1788/3976/3653 1786/3975/3652 1787/3977/3654
f 1789/3978/3655 1788/3976/3653 1787/3977/3654
f 1790/3979/3656 1788/3976/3653 1789/3978/3655
f 58/3032/2860 55/3030/2858 1788/3976/3653
f 1790/3979/3656 58/3032/2860 1788/3976/3653
f 1792/3980/3657 1790/3979/3656 1791/3981/3658
f 1791/3981/3658 1790/3979/3656 1789/3978/3655
f 61/3036/2864 58/3032/2860 1790/3979/3656
f 1792/3980/3657 61/3036/2864 1790/3979/3656
f 71/3048/2873 1792/3980/3657 1791/3981/3658
f 67/3044/2869 1792/3980/3657 71/3048/2873
f 64/3041/2866 61/3036/2864 1792/3980/3657
f 67/3044/2869 64/3041/2866 1792/3980/3657
f 1791/3981/3658 72/3049/34 71/3048/2873
f 1794/3982/34 72/3049/34 1791/3981/3658
f 1793/3983/34 1791/3981/3658 1789/3978/3655
f 1793/3983/34 1794/3982/34 1791/3981/3658
f 1795/3984/959 1793/3983/34 1789/3978/3655
f 1795/3984/959 1789/3978/3655 1796/3985/3659
f 1797/3986/34 1795/3984/959 1796/3985/3659
f 1797/3986/34 1799/3988/3660 1798/3987/34
f 1799/3988/3660 1797/3986/34 1800/3989/3661
f 1797/3986/34 1796/3985/3659 1800/3989/3661
f 1800/3989/3661 1785/3974/3651 1799/3988/3660
f 1796/3985/3659 1787/3977/3654 1800/3989/3661
f 1787/3977/3654 1785/3974/3651 1800/3989/3661
f 1799/3988/3660 1784/3973/3650 1801/3990/3662
f 1798/3987/34 1799/3988/3660 1801/3990/3662
f 1785/3974/3651 1784/3973/3650 1799/3988/3660
f 1801/3990/3662 1756/3941/3624 1755/3938/3621
f 1798/3987/34 1801/3990/3662 1755/3938/3621
f 1784/3973/3650 1756/3941/3624 1801/3990/3662
f 1802/3991/34 1798/3987/34 1755/3938/3621
f 1745/3929/34 1802/3991/34 1747/3930/3613
f 1802/3991/34 1755/3938/3621 1747/3930/3613
f 1789/3978/3655 1787/3977/3654 1796/3985/3659
f 1784/3973/3650 1782/3971/3648 1756/3941/3624
f 1782/3971/3648 1778/3967/3645 1757/3939/3622
f 1782/3971/3648 1757/3939/3622 1756/3941/3624
f 1777/3965/3643 1780/3969/3646 1804/3992/3663
f 1803/3993/3664 1804/3995/3663 1780/3994/3646
f 49/3017/2851 1803/3996/3664 1780/3969/3646
f 53/3027/2856 49/3017/2851 1780/3969/3646
f 1803/3996/3664 1805/3997/3665 1804/3992/3663
f 1806/3998/3666 1804/3992/3663 1805/3997/3665
f 1777/3965/3643 1804/3992/3663 1806/3998/3666
f 1807/3999/3667 1806/3998/3666 1809/4000/3668
f 1807/3999/3667 1810/4001/3669 1806/3998/3666
f 1775/3961/3641 1806/3998/3666 1808/4002/3670
f 1810/4001/3669 1808/4002/3670 1806/3998/3666
f 1806/3998/3666 1805/3997/3665 1809/4000/3668
f 1775/3961/3641 1777/3965/3643 1806/3998/3666
f 1810/4001/3669 1811/4004/3672 1814/4003/3671
f 1810/4001/3669 1807/3999/3667 1811/4004/3672
f 1810/4001/3669 1812/4005/3673 1808/4002/3670
f 1812/4005/3673 1810/4001/3669 1813/4006/3674
f 1810/4001/3669 1814/4003/3671 1813/4006/3674
f 1815/4007/3675 1816/4008/3676 1814/4003/3671
f 1815/4007/3675 1814/4003/3671 1811/4004/3672
f 1816/4008/3676 1817/4009/3677 1814/4003/3671
f 1814/4003/3671 1817/4009/3677 1818/4010/3678
f 1813/4006/3674 1814/4003/3671 1818/4010/3678
f 1818/4010/3678 1819/4011/3679 1813/4006/3674
f 1819/4011/3679 1818/4010/3678 1820/4012/3680
f 1817/4009/3677 1820/4012/3680 1818/4010/3678
f 1819/4011/3679 1820/4012/3680 1821/4013/3681
f 287/3071/2894 1821/4013/3681 1820/4012/3680
f 1817/4009/3677 287/3071/2894 1820/4012/3680
f 287/3071/2894 1822/4014/3682 1821/4013/3681
f 1822/4014/3682 1819/4011/3679 1821/4013/3681
f 1822/4014/3682 287/3071/2894 1823/4015/3683
f 1823/4015/3683 1819/4011/3679 1822/4014/3682
f 1819/4011/3679 1823/4015/3683 1825/4016/3684
f 290/3074/2897 1823/4015/3683 287/3071/2894
f 1823/4015/3683 290/3074/2897 1824/4017/3685
f 1825/4016/3684 1823/4015/3683 1824/4017/3685
f 1825/4016/3684 1824/4017/3685 1826/4018/3686
f 1827/4019/3687 1825/4016/3684 1826/4018/3686
f 1819/4011/3679 1825/4016/3684 1827/4019/3687
f 1827/4019/3687 1826/4018/3686 1830/4020/3688
f 1828/4021/3689 1829/4022/3690 1827/4019/3687
f 1828/4021/3689 1827/4019/3687 1830/4020/3688
f 1829/4022/3690 1819/4011/3679 1827/4019/3687
f 1826/4018/3686 1831/4023/3691 1830/4020/3688
f 1831/4023/3691 1833/4024/3692 1830/4020/3688
f 1828/4021/3689 1830/4020/3688 1832/4025/3693
f 1830/4020/3688 1833/4024/3692 1832/4025/3693
f 1833/4024/3692 1835/4027/3695 1834/4026/3694
f 1833/4024/3692 1834/4026/3694 1832/4025/3693
f 1836/4028/3696 1835/4027/3695 1833/4024/3692
f 1831/4023/3691 1836/4028/3696 1833/4024/3692
f 1836/4028/3696 1837/4029/3697 304/3088/2911
f 1836/4028/3696 304/3088/2911 307/3090/2913
f 1838/4030/3698 1836/4028/3696 1831/4023/3691
f 1838/4030/3698 1837/4029/3697 1836/4028/3696
f 1839/4031/3699 1836/4028/3696 307/3090/2913
f 1836/4028/3696 1839/4031/3699 1835/4027/3695
f 1839/4031/3699 307/3090/2913 1840/4032/3700
f 1693/3870/3568 1839/4031/3699 1840/4032/3700
f 1839/4031/3699 1692/3871/3569 1697/3872/3570
f 1692/3871/3569 1839/4031/3699 1693/3870/3568
f 1839/4031/3699 1697/3872/3570 1835/4027/3695
f 306/3092/2915 308/3093/2916 1840/4032/3700
f 1840/4032/3700 307/3090/2913 306/3092/2915
f 1688/3860/3561 1693/3870/3568 1840/4032/3700
f 308/3093/2916 1688/3860/3561 1840/4032/3700
f 1824/4017/3685 1838/4030/3698 1831/4023/3691
f 1838/4030/3698 1824/4017/3685 290/3074/2897
f 1837/4029/3697 1838/4030/3698 302/3076/2899
f 1838/4030/3698 290/3074/2897 302/3076/2899
f 1837/4029/3697 302/3076/2899 293/3079/2902
f 1837/4029/3697 293/3079/2902 304/3088/2911
f 1835/4027/3695 1697/3872/3570 1834/4026/3694
f 1834/4026/3694 1697/3872/3570 1695/3873/3571
f 1841/4033/3701 1834/4026/3694 1842/4034/3702
f 1834/4026/3694 1841/4033/3701 1832/4025/3693
f 1834/4026/3694 1695/3873/3571 1842/4034/3702
f 1842/4034/3702 1729/4036/3598 1730/4035/3599
f 1842/4034/3702 1695/3873/3571 1729/4036/3598
f 1841/4033/3701 1842/4034/3702 1732/4037/3601
f 1842/4034/3702 1730/4035/3599 1732/4037/3601
f 1841/4033/3701 1732/4037/3601 1843/4038/3703
f 1844/4039/3704 1841/4033/3701 1843/4038/3703
f 1841/4033/3701 1844/4039/3704 1832/4025/3693
f 1846/4040/3705 1844/4039/3704 1843/4038/3703
f 1845/4041/3706 1832/4025/3693 1844/4039/3704
f 1846/4040/3705 1845/4041/3706 1844/4039/3704
f 1845/4041/3706 1846/4040/3705 1847/4042/3707
f 1847/4042/3707 1846/4040/3705 1848/4043/3708
f 1846/4040/3705 1843/4038/3703 1848/4043/3708
f 1848/4044/3708 1849/4045/3709 1767/3950/3633
f 1847/4042/3707 1848/4043/3708 1767/3951/3633
f 1843/4046/3703 1734/3917/3603 1848/4044/3708
f 1734/3917/3603 1849/4045/3709 1848/4044/3708
f 1849/4045/3709 1761/3944/3627 1767/3950/3633
f 1849/4045/3709 1850/4047/3710 1761/3944/3627
f 1735/3918/3604 1850/4047/3710 1849/4045/3709
f 1734/3917/3603 1735/3918/3604 1849/4045/3709
f 1850/4047/3710 1741/3924/3610 1750/3934/3617
f 1850/4047/3710 1750/3934/3617 1761/3944/3627
f 1737/3920/3606 1741/3924/3610 1850/4047/3710
f 1735/3918/3604 1737/3920/3606 1850/4047/3710
f 1851/4048/3711 1847/4042/3707 1767/3951/3633
f 1845/4041/3706 1847/4042/3707 1851/4048/3711
f 1852/4049/3712 1845/4041/3706 1851/4048/3711
f 1852/4049/3712 1851/4048/3711 1853/4050/3713
f 1851/4048/3711 1767/3951/3633 1853/4050/3713
f 1767/3951/3633 1854/4051/3714 1853/4050/3713
f 1855/4052/3715 1853/4050/3713 1854/4051/3714
f 1855/4052/3715 1852/4049/3712 1853/4050/3713
f 1855/4052/3715 1856/4054/3717 1858/4053/3716
f 1856/4054/3717 1855/4052/3715 1857/4055/3718
f 1857/4055/3718 1855/4052/3715 1859/4056/3719
f 1859/4056/3719 1855/4052/3715 1854/4051/3714
f 1828/4021/3689 1852/4049/3712 1855/4052/3715
f 1828/4021/3689 1855/4052/3715 1858/4053/3716
f 1859/4056/3719 1767/3951/3633 1860/4057/3720
f 1767/3951/3633 1859/4056/3719 1854/4051/3714
f 1857/4055/3718 1859/4056/3719 1860/4057/3720
f 1767/3951/3633 1862/4058/3721 1860/4057/3720
f 1861/4059/3722 1857/4055/3718 1860/4057/3720
f 1861/4059/3722 1860/4057/3720 1862/4058/3721
f 1767/3951/3633 1863/4060/3723 1862/4058/3721
f 1863/4060/3723 1861/4059/3722 1862/4058/3721
f 1863/4060/3723 1767/3951/3633 1865/4061/3724
f 1864/4062/3725 1861/4059/3722 1863/4060/3723
f 1864/4062/3725 1863/4060/3723 1865/4061/3724
f 1767/3951/3633 1867/4063/3726 1865/4061/3724
f 1866/4064/3727 1864/4062/3725 1865/4061/3724
f 1866/4064/3727 1865/4061/3724 1867/4063/3726
f 1868/4065/3728 1866/4064/3727 1867/4063/3726
f 1767/3951/3633 1868/4065/3728 1867/4063/3726
f 1868/4065/3728 1767/3951/3633 1770/3956/3636
f 1772/3957/3637 1868/4065/3728 1770/3956/3636
f 1772/3957/3637 1866/4064/3727 1868/4065/3728
f 1869/4066/3729 1866/4064/3727 1771/3958/3638
f 1771/3958/3638 1866/4064/3727 1772/3957/3637
f 1869/4066/3729 1864/4062/3725 1866/4064/3727
s 0
f 1861/4059/3730 1869/4066/3730 1812/4005/3730
s 1
f 1812/4005/3673 1869/4066/3729 1771/3958/3638
f 1869/4066/3729 1861/4059/3722 1864/4062/3725
f 1861/4059/3722 1812/4005/3673 1856/4054/3717
f 1857/4055/3718 1861/4059/3722 1856/4054/3717
f 1856/4054/3717 1870/4067/3731 1858/4053/3716
f 1829/4022/3690 1828/4021/3689 1858/4053/3716
f 1829/4022/3690 1858/4053/3716 1870/4067/3731
f 1812/4005/3673 1813/4006/3674 1870/4067/3731
f 1856/4054/3717 1812/4005/3673 1870/4067/3731
f 1819/4011/3679 1829/4022/3690 1870/4067/3731
f 1819/4011/3679 1870/4067/3731 1813/4006/3674
f 1852/4049/3712 1828/4021/3689 1845/4041/3706
f 1845/4041/3706 1828/4021/3689 1832/4025/3693
f 1732/3915/3601 1734/3917/3603 1843/4046/3703
f 1824/4017/3685 1831/4023/3691 1826/4018/3686
f 1871/4068/3732 287/3071/2894 1817/4009/3677
f 1871/4068/3732 1817/4009/3677 1816/4008/3676
f 287/3071/2894 1871/4068/3732 286/3070/2893
f 1871/4068/3732 1872/4069/3733 272/3056/2879
f 1872/4069/3733 1871/4068/3732 1816/4008/3676
f 1871/4068/3732 272/3056/2879 286/3070/2893
f 1872/4069/3733 1874/4070/3734 271/3055/2878
f 1872/4069/3733 271/3055/2878 272/3056/2879
f 1872/4069/3733 1816/4008/3676 1873/4071/3735
f 1874/4070/3734 1872/4069/3733 1873/4071/3735
f 1875/4072/3736 1876/4073/3737 1874/4070/3734
f 1875/4072/3736 1874/4070/3734 1873/4071/3735
f 1874/4070/3734 1876/4073/3737 271/3055/2878
f 1876/4073/3737 270/3054/2877 271/3055/2878
f 1876/4073/3737 1875/4072/3736 270/3054/2877
f 1877/4074/3738 1875/4072/3736 1873/4071/3735
f 1877/4074/3738 44/3012/2846 1875/4072/3736
f 1875/4072/3736 44/3012/2846 42/3010/2844
f 1875/4072/3736 42/3010/2844 270/3054/2877
f 44/3012/2846 1877/4074/3738 1878/4075/3739
f 1877/4074/3738 1803/3996/3664 1878/4075/3739
f 1877/4074/3738 1873/4071/3735 1803/3996/3664
f 1803/3996/3664 49/3017/2851 1878/4075/3739
f 44/3012/2846 1878/4075/3739 46/3014/2848
f 49/3017/2851 46/3014/2848 1878/4075/3739
f 1873/4071/3735 1816/4008/3676 1815/4007/3675
f 1873/4071/3735 1815/4007/3675 1803/3996/3664
f 1807/3999/3667 1815/4007/3675 1811/4004/3672
f 1807/3999/3667 1809/4000/3668 1815/4007/3675
f 1809/4000/3668 1803/3996/3664 1815/4007/3675
f 1812/4005/3673 1771/3958/3638 1808/4002/3670
f 1809/4000/3668 1805/3997/3665 1803/3996/3664
f 1773/3959/3639 1808/4002/3670 1771/3958/3638
f 1773/3959/3639 1775/3961/3641 1808/4002/3670
f 1778/3967/3645 1765/3947/3630 1757/3939/3622
f 1767/3951/3633 1768/3952/3634 1770/3956/3636
f 1762/3945/3628 1767/3950/3633 1761/3944/3627
f 1757/3939/3622 1765/3947/3630 1754/3940/3623
f 1718/3902/34 1739/3923/3609 1721/3905/3591
f 1695/3873/3571 1696/3874/3572 1729/4036/3598
f 1702/3886/3578 1729/3912/3598 1696/3882/3572
f 1726/3910/3596 1705/3888/3580 1714/3898/3586
f 1703/3887/3579 1705/3888/3580 1726/3910/3596
f 1726/3910/3596 1714/3898/3586 1713/3896/3585
f 1705/3888/3580 1707/3890/3582 1714/3898/3586
f 1649/3808/3524 1646/3805/3521 1709/3893/3584
f 1700/3885/3574 1654/4076/3528 1655/3816/3530
f 1654/3812/3528 1700/3878/3574 1699/3879/3575
f 1879/4077/3740 1660/3822/3534 1699/3879/3575
f 1657/3818/3531 1699/3879/3575 1660/3822/3534
f 1654/3812/3528 1699/3879/3575 1657/3818/3531
f 1690/3865/3565 1879/4077/3740 1699/3879/3575
f 1687/3862/3563 1879/4077/3740 1690/3865/3565
f 1660/3822/3534 1879/4077/3740 1683/3854/3558
f 1879/4077/3740 1686/3861/3562 1684/3857/3559
f 1879/4077/3740 1684/3857/3559 1683/3854/3558
f 1687/3862/3563 1686/3861/3562 1879/4077/3740
f 308/3093/2916 311/3097/2920 1688/3860/3561
f 1683/3854/3558 1681/3855/3556 1660/3822/3534
f 1681/3855/3556 1677/4078/3552 1661/3824/3536
f 1681/3855/3556 1661/3824/3536 1660/3822/3534
f 1677/3847/3552 1662/3848/3537 1661/4079/3536
f 1673/3843/3549 1880/4080/3741 1674/3844/3550
f 1881/4081/3742 1674/3844/3550 1880/4080/3741
f 1881/4082/3742 1671/3838/3546 1674/3845/3550
f 1881/4081/3742 1882/4084/3743 1671/4083/3546
f 1882/4084/3743 1881/4081/3742 1880/4080/3741
f 1882/4084/3743 1880/4080/3741 1883/4085/3744
f 1884/4086/3745 1882/4084/3743 1883/4085/3744
f 1882/4084/3743 1884/4086/3745 1885/4087/3746
f 1882/4084/3743 1885/4087/3746 1671/4083/3546
f 1671/4083/3546 1885/4087/3746 1886/4088/3747
f 1885/4087/3746 1887/4089/3748 1886/4088/3747
f 1887/4089/3748 1885/4087/3746 1884/4086/3745
f 1627/3786/3506 1887/4091/3748 1888/4090/3749
f 1888/4092/3749 1887/4089/3748 1889/4093/3750
f 1627/3786/3506 1628/3787/3507 1887/4091/3748
f 1628/3787/3507 1886/4094/3747 1887/4091/3748
f 1887/4089/3748 1884/4086/3745 1889/4093/3750
f 1890/4095/3751 1891/4096/3752 1889/4093/3750
f 1884/4086/3745 1890/4095/3751 1889/4093/3750
f 1888/4092/3749 1889/4093/3750 1891/4096/3752
f 1890/4095/3751 1893/4097/3753 1891/4096/3752
f 1892/4098/3754 1891/4096/3752 1895/4099/3755
f 1892/4098/3754 1888/4092/3749 1891/4096/3752
f 1893/4097/3753 1894/4100/3756 1891/4096/3752
f 1891/4096/3752 1894/4100/3756 1895/4099/3755
f 1894/4100/3756 1896/4101/3757 1895/4099/3755
f 1892/4098/3754 1895/4099/3755 1896/4101/3757
f 1894/4100/3756 1898/4102/3758 1896/4101/3757
f 1897/4103/3759 1892/4098/3754 1896/4101/3757
f 1897/4103/3759 1896/4101/3757 1899/4104/3760
f 1898/4102/3758 1899/4104/3760 1896/4101/3757
f 1898/4102/3758 1900/4105/3761 1899/4104/3760
f 1899/4104/3760 1900/4105/3761 1901/4106/3762
f 1902/4107/3763 1899/4104/3760 1901/4106/3762
f 1902/4107/3763 1897/4103/3759 1899/4104/3760
f 1904/4108/3764 1902/4110/3763 1903/4109/3765
f 1902/4107/3763 1906/4112/3766 1903/4111/3765
f 1905/4113/3767 1897/4114/3759 1902/4110/3763
f 1904/4108/3764 1905/4113/3767 1902/4110/3763
f 1906/4112/3766 1902/4107/3763 1901/4106/3762
f 1900/4105/3761 1580/3735/3464 1906/4112/3766
f 1900/4105/3761 1906/4112/3766 1901/4106/3762
f 1580/3735/3464 1907/4115/3768 1906/4112/3766
f 1903/4111/3765 1906/4112/3766 1907/4115/3768
f 1903/4111/3765 1907/4115/3768 1581/3736/3465
f 1580/3735/3464 1581/3736/3465 1907/4115/3768
f 1909/4116/3769 1905/4113/3767 1904/4108/3764
f 1910/4117/3770 1908/4118/3771 1905/4113/3767
f 1905/4113/3767 1908/4118/3771 1897/4114/3759
f 1909/4116/3769 1910/4117/3770 1905/4113/3767
f 1913/4119/3772 1910/4117/3770 1909/4116/3769
f 1911/4120/3773 1912/4121/3774 1910/4117/3770
f 1913/4119/3772 1911/4120/3773 1910/4117/3770
f 1910/4117/3770 1912/4121/3774 1908/4118/3771
f 1911/4120/3773 1913/4119/3772 1615/3773/3495
f 1913/4119/3772 1613/3770/3492 1615/3773/3495
f 1913/4119/3772 1914/4122/3775 1613/3770/3492
f 1914/4122/3775 1913/4119/3772 1909/4116/3769
f 1914/4122/3775 1915/4123/3776 1611/3769/3491
f 1914/4122/3775 1611/3769/3491 1613/3770/3492
f 1915/4123/3776 1914/4122/3775 1916/4124/3777
f 1914/4122/3775 1909/4116/3769 1916/4124/3777
f 1916/4124/3777 1904/4108/3764 1917/4125/3778
f 1594/3752/3478 1916/4124/3777 1917/4125/3778
f 1915/4123/3776 1916/4124/3777 1594/3752/3478
f 1916/4124/3777 1909/4116/3769 1904/4108/3764
f 1594/3752/3478 1917/4125/3778 1591/3751/3477
f 1591/3751/3477 1917/4125/3778 1584/4126/3468
f 1917/4125/3778 1904/4108/3764 1903/4109/3765
f 1917/4125/3778 1903/4109/3765 1584/4126/3468
f 1915/4123/3776 1612/3771/3493 1611/3769/3491
f 1915/4123/3776 1595/3753/3479 1612/3771/3493
f 1595/3753/3479 1915/4123/3776 1594/3752/3478
f 1624/3782/3502 1625/3783/3503 1912/4121/3774
f 1911/4120/3773 1624/3782/3502 1912/4121/3774
f 1912/4121/3774 1918/4127/3779 1908/4118/3771
f 1912/4121/3774 1625/3783/3503 1918/4127/3779
f 1918/4127/3779 1888/4090/3749 1892/4128/3754
f 1908/4118/3771 1918/4127/3779 1892/4128/3754
f 1918/4127/3779 1627/3786/3506 1888/4090/3749
f 1625/3783/3503 1627/3786/3506 1918/4127/3779
f 1624/3782/3502 1911/4120/3773 1618/3775/3496
f 1911/4120/3773 1615/3773/3495 1618/3775/3496
f 1908/4118/3771 1892/4128/3754 1897/4114/3759
f 1584/3739/3468 1903/4111/3765 1581/3736/3465
f 1900/4105/3761 1898/4102/3758 1919/4129/3780
f 1580/3735/3464 1900/4105/3761 1576/3732/3461
f 1900/4105/3761 1919/4129/3780 1576/3732/3461
f 1898/4102/3758 1894/4100/3756 1919/4129/3780
f 1576/3732/3461 1919/4129/3780 1920/4130/3781
f 1919/4129/3780 386/3177/2994 387/3178/2995
f 1894/4100/3756 386/3177/2994 1919/4129/3780
f 1919/4129/3780 387/3178/2995 1920/4130/3781
f 1576/3732/3461 1920/4130/3781 1578/3731/3460
f 1920/4130/3781 387/3178/2995 390/3181/2998
f 1920/4130/3781 390/3181/2998 1921/4131/3782
f 1578/3731/3460 1920/4130/3781 1921/4131/3782
f 1921/4131/3782 390/3181/2998 1925/4132/3783
f 1922/4133/3784 1921/4131/3782 1924/4134/3785
f 1922/4133/3784 1923/4135/3786 1921/4131/3782
f 1578/3731/3460 1921/4131/3782 1923/4135/3786
f 1921/4131/3782 1925/4132/3783 1924/4134/3785
f 395/3186/3003 1926/4136/3787 1925/4132/3783
f 395/3186/3003 1925/4132/3783 392/3183/3000
f 390/3181/2998 392/3183/3000 1925/4132/3783
f 1926/4136/3787 1924/4134/3785 1925/4132/3783
f 1926/4136/3787 1927/4137/3788 1924/4134/3785
f 1926/4136/3787 1928/4138/3789 1927/4137/3788
f 399/3190/3007 1928/4138/3789 1926/4136/3787
f 395/3186/3003 399/3190/3007 1926/4136/3787
f 1927/4137/3788 1928/4138/3789 1929/4139/3790
f 402/3191/3008 423/3231/3037 1928/4138/3789
f 1928/4138/3789 423/3231/3037 1930/4140/3791
f 399/3190/3007 402/3191/3008 1928/4138/3789
f 1928/4138/3789 1930/4140/3791 1929/4139/3790
f 1929/4139/3790 1930/4140/3791 1931/4141/3792
f 1931/4141/3792 1930/4140/3791 1932/4142/3793
f 423/3231/3037 422/3229/3035 1930/4140/3791
f 1930/4140/3791 422/3229/3035 1933/4143/3794
f 1930/4140/3791 1933/4143/3794 1932/4142/3793
f 1933/4143/3794 1935/4145/3796 1934/4144/3795
f 1937/4146/3797 1933/4143/3794 1934/4144/3795
f 1933/4143/3794 1936/4147/3798 1935/4145/3796
f 422/3229/3035 1936/4147/3798 1933/4143/3794
f 1932/4142/3793 1933/4143/3794 1937/4146/3797
f 1932/4142/3793 1937/4146/3797 1938/4148/3799
f 1937/4146/3797 1939/4149/3800 1938/4148/3799
f 1937/4146/3797 1934/4144/3795 1939/4149/3800
f 1940/4150/3801 1938/4148/3799 1939/4149/3800
f 1940/4150/3801 1939/4149/3800 1941/4151/3802
f 1934/4144/3795 1941/4151/3802 1939/4149/3800
f 1944/4152/3803 1940/4150/3801 1941/4151/3802
f 1943/4153/3804 1942/4154/3805 1941/4151/3802
f 1944/4152/3803 1941/4151/3802 1942/4154/3805
f 1934/4144/3795 1943/4153/3804 1941/4151/3802
f 1540/3689/3424 1541/3690/3425 1944/4152/3803
f 1540/3689/3424 1944/4152/3803 1945/4155/3806
f 1945/4155/3806 1944/4152/3803 1946/4156/3807
f 1946/4156/3807 1944/4152/3803 1942/4154/3805
f 1541/3690/3425 1940/4150/3801 1944/4152/3803
f 1947/4157/3808 1948/4158/3809 1946/4156/3807
f 1947/4157/3808 1946/4156/3807 1942/4154/3805
f 1948/4158/3809 1949/4159/3810 1946/4156/3807
f 1945/4155/3806 1946/4156/3807 1949/4159/3810
f 1948/4158/3809 1951/4160/3811 1949/4159/3810
f 1951/4160/3811 1950/4161/3812 1949/4159/3810
f 1950/4161/3812 1945/4155/3806 1949/4159/3810
f 1952/4162/3813 1953/4163/3814 1951/4160/3811
f 1952/4162/3813 1951/4160/3811 1948/4158/3809
f 1951/4160/3811 1953/4163/3814 1950/4161/3812
f 1954/4164/3815 1955/4165/3816 1953/4163/3814
f 1954/4164/3815 1953/4163/3814 1952/4162/3813
f 1953/4163/3814 1955/4165/3816 1950/4161/3812
f 1956/4166/3817 1957/4167/3818 1955/4165/3816
f 1955/4165/3816 1954/4164/3815 1956/4166/3817
f 1957/4167/3818 1945/4155/3806 1955/4165/3816
f 1955/4165/3816 1945/4155/3806 1950/4161/3812
f 1957/4167/3818 1958/4168/3819 490/3319/3105
f 496/3324/3110 1957/4167/3818 490/3319/3105
f 1957/4167/3818 496/3324/3110 1945/4155/3806
f 1957/4167/3818 1956/4166/3817 1958/4168/3819
f 1959/4169/3820 440/3254/3821 1958/4168/3819
f 1959/4169/3820 1958/4168/3819 1956/4166/3817
f 490/3319/3105 1958/4168/3819 1960/4170/3822
f 440/3254/3821 1960/4170/3822 1958/4168/3819
f 440/3254/3821 441/3255/3062 1960/4170/3822
f 1960/4170/3822 441/3255/3062 489/3318/3104
f 489/3318/3104 490/3319/3105 1960/4170/3822
f 1954/4164/3815 1959/4169/3820 1956/4166/3817
f 1961/4171/3823 1959/4169/3820 1962/4172/3824
f 1961/4171/3823 440/3254/3053 1959/4169/3820
f 1959/4169/3820 1963/4173/3825 1962/4172/3824
f 1964/4174/3826 1963/4173/3825 1959/4169/3820
f 1954/4164/3815 1964/4174/3826 1959/4169/3820
f 1964/4174/3826 1954/4164/3815 1952/4162/3813
f 1965/4175/3827 1963/4173/3825 1964/4174/3826
f 1965/4175/3827 1964/4174/3826 1952/4162/3813
f 1966/4176/3828 1962/4172/3824 1965/4175/3827
f 1965/4175/3827 1962/4172/3824 1963/4173/3825
f 1936/4147/3798 1966/4176/3828 1965/4175/3827
f 1936/4147/3798 1965/4175/3827 1935/4145/3796
f 1935/4145/3796 1965/4175/3827 1952/4162/3813
f 427/3234/3040 429/3236/3042 1966/4176/3828
f 421/4177/3033 427/4179/3040 1966/4178/3828
f 432/3242/3046 1967/4180/3829 1966/4176/3828
f 429/3236/3042 432/3242/3046 1966/4176/3828
f 421/3230/3036 1966/4176/3828 1936/4147/3798
f 1966/4176/3828 1967/4180/3829 1962/4172/3824
f 432/3242/3046 1961/4171/3823 1967/4180/3829
f 1961/4171/3823 1962/4172/3824 1967/4180/3829
f 442/3256/3055 440/3254/3053 1961/4171/3823
f 1961/4171/3823 432/3242/3046 431/4181/3044
f 431/4181/3044 442/3256/3055 1961/4171/3823
f 1935/4145/3796 1952/4162/3813 1947/4157/3808
f 1947/4157/3808 1952/4162/3813 1948/4158/3809
f 1943/4153/3804 1947/4157/3808 1942/4154/3805
f 1943/4153/3804 1935/4145/3796 1947/4157/3808
f 496/3324/3110 1540/3689/3424 1945/4155/3806
f 1934/4144/3795 1935/4145/3796 1943/4153/3804
f 1938/4148/3799 1940/4150/3801 1968/4182/3830
f 1969/4183/3831 1968/4182/3830 1940/4150/3801
f 1541/3690/3425 1969/4183/3831 1940/4150/3801
f 1571/3726/3456 1577/3734/3463 1969/4183/3831
f 1969/4183/3831 1577/3734/3463 1968/4182/3830
f 1539/3691/3426 1571/3726/3456 1969/4183/3831
f 1539/3691/3426 1969/4183/3831 1541/3690/3425
f 1938/4148/3799 1968/4182/3830 1970/4184/3832
f 1577/3734/3463 1923/4135/3786 1968/4182/3830
f 1968/4182/3830 1923/4135/3786 1971/4185/3833
f 1968/4182/3830 1971/4185/3833 1970/4184/3832
f 1923/4135/3786 1972/4186/3834 1971/4185/3833
f 1931/4141/3792 1970/4184/3832 1971/4185/3833
f 1972/4186/3834 1931/4141/3792 1971/4185/3833
f 1929/4139/3790 1931/4141/3792 1972/4186/3834
f 1929/4139/3790 1972/4186/3834 1922/4133/3784
f 1923/4135/3786 1922/4133/3784 1972/4186/3834
f 1932/4142/3793 1938/4148/3799 1970/4184/3832
f 1931/4141/3792 1932/4142/3793 1970/4184/3832
f 422/3229/3035 421/3230/3036 1936/4147/3798
f 1927/4137/3788 1929/4139/3790 1922/4133/3784
f 1927/4137/3788 1922/4133/3784 1924/4134/3785
f 1577/3734/3463 1578/3731/3460 1923/4135/3786
f 1894/4100/3756 1893/4097/3753 386/3177/2994
f 386/3177/2994 1893/4097/3753 1890/4095/3751
f 386/3177/2994 1890/4095/3751 1883/4085/3744
f 1890/4095/3751 1884/4086/3745 1883/4085/3744
f 1671/3837/3546 1886/4094/3747 1630/3788/3508
f 1628/3787/3507 1630/3788/3508 1886/4094/3747
f 384/3175/2992 386/3177/2994 1883/4085/3744
f 381/3171/2988 384/3175/2992 1883/4085/3744
f 1880/4080/3741 381/3171/2988 1883/4085/3744
f 1673/3843/3549 380/3170/2987 1880/4080/3741
f 380/3170/2987 381/3171/2988 1880/4080/3741
f 1671/3837/3546 1630/3788/3508 1633/3791/3511
f 1645/3803/3519 1636/3794/3514 1638/3796/3516
f 1639/3798/3517 1621/3779/3499 1619/3778/34
f 1631/3790/3510 1621/3779/3499 1639/3798/3517
f 1631/3790/3510 1622/3780/3500 1621/3779/3499
f 1624/3782/3502 1618/3775/3496 1617/3776/3497
f 1595/3753/3479 1597/3755/3481 1612/3771/3493
f 1607/3766/34 1606/3765/3490 1973/4187/3835
f 1974/4188/34 1607/3766/34 1973/4187/3835
f 1974/4188/34 1973/4187/3835 1975/4189/3836
f 1977/4190/3837 1974/4188/34 1975/4189/3836
f 1976/4191/34 1974/4188/34 1977/4190/3837
f 1978/4192/3838 1977/4190/3837 1975/4189/3836
f 1978/4192/3838 1979/4193/3839 1977/4190/3837
f 1979/4193/3839 1980/4194/3840 1977/4190/3837
f 1976/4191/34 1977/4190/3837 1980/4194/3840
f 1982/4195/3841 1980/4194/3840 1981/4196/3842
f 1979/4193/3839 1981/4196/3842 1980/4194/3840
f 1980/4194/3840 1982/4195/3841 1983/4197/3843
f 1983/4197/3843 1976/4191/34 1980/4194/3840
f 1982/4195/3841 1493/3634/3379 1983/4197/3843
f 1494/3635/34 1983/4197/3843 1493/3634/3379
f 1494/3635/34 1976/4191/34 1983/4197/3843
f 1982/4195/3841 1496/3636/3380 1493/3634/3379
f 1981/4196/3842 1984/4198/3844 1982/4195/3841
f 1984/4198/3844 1496/3636/3380 1982/4195/3841
f 1984/4198/3844 1981/4196/3842 1526/3673/3411
f 1519/3664/3403 1499/3639/3383 1984/4198/3844
f 1526/3673/3411 1519/3664/3403 1984/4198/3844
f 1984/4198/3844 1499/3639/3383 1496/3636/3380
f 1981/4196/3842 1979/4193/3839 1528/3674/3412
f 1981/4196/3842 1528/3674/3412 1526/3673/3411
f 1979/4193/3839 1985/4199/3845 1528/3674/3412
f 1979/4193/3839 1978/4192/3838 1985/4199/3845
f 1978/4192/3838 1551/3701/3434 1985/4199/3845
f 1985/4199/3845 1551/3701/3434 1548/3700/3433
f 1528/3674/3412 1985/4199/3845 1529/3675/3413
f 1985/4199/3845 1548/3700/3433 1529/3675/3413
f 1978/4192/3838 1554/3706/3439 1551/3701/3434
f 1554/3706/3439 1978/4192/3838 1975/4189/3836
f 1554/3706/3439 1975/4189/3836 1973/4187/3835
f 1553/3704/3437 1554/3706/3439 1973/4187/3835
f 1553/3704/3437 1973/4187/3835 1606/3765/3490
f 1557/3707/3440 1553/3704/3437 1606/3765/3490
f 1591/3751/3477 1584/4126/3468 1585/3748/3469
f 1562/3714/3447 1589/3747/3474 1566/3720/3451
f 1584/3739/3468 1581/3736/3465 1582/3737/3466
f 1560/3730/3445 1544/3693/3428 1547/3696/3431
f 1550/3703/3436 1560/3712/3445 1547/3699/3431
f 1529/3675/3413 1548/3700/3433 1531/3677/3415
f 495/3325/3111 1540/3689/3424 496/3324/3110
f 1537/3687/3422 1532/3678/3416 1531/3679/3415
f 1533/3681/3417 1522/3669/3407 1521/3666/3405
f 1522/3669/3407 1533/3681/3417 499/3329/3115
f 1520/3667/3406 1525/3682/3409 1521/3666/3405
f 498/3327/3113 501/3330/3116 1523/3670/3408
f 1522/3669/3407 498/3327/3113 1523/3670/3408
f 498/3327/3113 1522/3669/3407 499/3329/3115
f 1519/3664/3403 1502/3643/3387 1499/3639/3383
f 514/3343/3129 522/3351/3137 1514/3658/3398
f 522/3351/3137 525/3354/3140 1514/3658/3398
f 1512/3653/3397 1514/3654/3398 525/4200/3140
f 1512/3653/3397 1986/4201/3846 1511/3652/3396
f 1986/4201/3846 1512/3653/3397 525/4200/3140
f 1986/4201/3846 1988/4203/3848 1987/4202/3847
f 1986/4201/3846 1987/4202/3847 1511/3652/3396
f 1986/4201/3846 525/4200/3140 524/4204/3141
f 1988/4203/3848 1986/4201/3846 524/4204/3141
f 543/3375/3158 1988/4203/3848 540/3373/3156
f 540/3373/3156 1988/4203/3848 1989/4205/3849
f 1988/4203/3848 524/4204/3141 1989/4205/3849
f 543/3375/3158 1987/4202/3847 1988/4203/3848
f 534/3363/3149 1989/4206/3849 529/3359/3145
f 540/3373/3156 1989/4205/3849 534/3371/3149
f 524/3355/3141 529/3359/3145 1989/4206/3849
f 547/3380/3163 1990/4207/3850 1987/4202/3847
f 547/3380/3163 1987/4202/3847 543/3375/3158
f 1511/3652/3396 1987/4202/3847 1990/4207/3850
f 549/3381/3164 1486/3626/3374 1990/4207/3850
f 549/3381/3164 1990/4207/3850 547/3380/3163
f 1508/3649/3393 1990/4207/3850 1486/3626/3374
f 1511/3652/3396 1990/4207/3850 1508/3649/3393
f 1498/3638/3382 1489/3629/3376 1491/3631/3377
f 515/3344/3130 522/3351/3137 514/3343/3129
f 480/3310/3096 478/3307/3092 520/3350/3136
f 493/3323/3109 487/3317/3103 509/3339/3125
f 487/3317/3103 485/3314/3100 509/3339/3125
f 441/3255/3062 446/3261/3060 489/3318/3104
f 469/3296/3081 474/3303/3088 467/3297/3082
f 453/3267/3067 471/3300/3085 451/3266/3066
f 453/3267/3067 465/3295/3080 471/3300/3085
f 465/3295/3080 453/3267/3067 459/3284/3073
f 465/3295/3080 459/3284/3073 461/3289/3075
f 453/3267/3067 454/3269/3069 459/3284/3073
f 431/4181/3044 433/3243/3045 442/3256/3055
f 419/3223/3031 416/3218/3028 425/3232/3038
f 402/3191/3008 406/3203/3017 423/3231/3037
f 398/3188/3005 355/3143/2960 353/3144/2961
f 398/3188/3005 353/3144/2961 397/3187/3004
f 398/3188/3005 1991/4209/3852 1992/4208/3851
f 1991/4209/3852 398/3188/3005 394/3184/3001
f 398/3188/3005 1992/4208/3851 1993/4210/3853
f 355/3143/2960 398/3188/3005 1993/4210/3853
f 357/3147/2964 1993/4210/3853 1992/4208/3851
f 355/3143/2960 1993/4210/3853 357/3147/2964
f 1995/4211/3854 357/3147/2964 1992/4208/3851
f 1994/4212/3855 1995/4211/3854 1992/4208/3851
f 1991/4209/3852 1994/4212/3855 1992/4208/3851
f 1994/4212/3855 1996/4213/3856 1995/4211/3854
f 360/3150/2967 1995/4211/3854 1996/4213/3856
f 1995/4211/3854 360/3150/2967 357/3147/2964
f 375/3165/2982 1997/4214/3857 1996/4213/3856
f 375/3165/2982 1996/4213/3856 1994/4212/3855
f 361/3151/2968 1996/4213/3856 1997/4214/3857
f 361/3151/2968 360/3150/2967 1996/4213/3856
f 1997/4214/3857 375/3165/2982 376/3167/2984
f 364/3152/2969 1997/4214/3857 376/3167/2984
f 364/3152/2969 361/3151/2968 1997/4214/3857
f 383/3174/2991 375/3165/2982 1994/4212/3855
f 383/3174/2991 1994/4212/3855 389/3179/2996
f 389/3179/2996 1994/4212/3855 1991/4209/3852
f 389/3179/2996 1991/4209/3852 394/3184/3001
f 362/3153/2970 378/3168/2985 367/3157/2974
f 362/3153/2970 363/3155/2972 378/3168/2985
f 363/3155/2972 376/3167/2984 378/3168/2985
f 363/3155/2972 364/3152/2969 376/3167/2984
f 318/3102/2925 372/3162/2979 373/3163/2980
f 315/3100/2923 318/3102/2925 373/3163/2980
f 328/3111/2934 370/3160/2977 372/3162/2979
f 328/3111/2934 372/3162/2979 318/3102/2925
f 370/3160/2977 328/3111/2934 327/3112/2935
f 370/3160/2977 327/3112/2935 334/3118/2941
f 333/3119/2942 358/3149/2966 365/3156/2973
f 333/3119/2942 365/3156/2973 334/3118/2941
f 358/3149/2966 333/3119/2942 336/3120/2943
f 358/3149/2966 336/3120/2943 354/3145/2962
f 347/3137/2954 354/3145/2962 336/3120/2943
f 345/4215/2953 347/3137/2954 336/3120/2943
f 345/4215/2953 336/3120/2943 346/4216/2952
f 336/3121/2943 337/3122/2944 346/3133/2952
f 330/3128/2937 342/3130/2949 341/3129/2948
f 339/3127/2947 330/3128/2937 341/3129/2948
f 319/3103/2926 328/3111/2934 318/3102/2925
f 296/3084/2907 298/3085/2908 321/3105/2928
f 304/3088/2911 293/3079/2902 292/3077/2900
f 284/3069/2892 294/3080/2903 282/3068/2891
f 290/3074/2897 287/3071/2894 288/3072/2895
f 278/3060/2883 286/3070/2893 1998/4217/3858
f 286/3070/2893 272/3056/2879 1998/4217/3858
f 274/3058/2881 278/3060/2883 1998/4217/3858
f 272/3056/2879 274/3058/2881 1998/4217/3858
f 270/3054/2877 42/3010/2844 40/3011/2845
f 37/34/30 266/229/220 41/3007/2841
f 39/3009/2843 47/3016/2850 59/3040/2862
f 47/3016/2850 51/3022/2854 59/3040/2862
f 53/3027/2856 50/3018/2852 49/3017/3859
f 39/3009/2843 32/3004/2838 35/3005/2839
f 2313/4218/3860 2315/4220/3862 2314/4219/3861
f 2316/4221/3863 2317/4222/3864 2313/4218/3860
f 2317/4222/3864 2315/4220/3862 2313/4218/3860
f 2317/4222/3864 2318/4223/3865 2315/4220/3862
f 2314/4219/3861 2319/4224/3866 2313/4218/3860
f 2319/4224/3866 2320/4225/3867 2313/4218/3860
f 2319/4224/3866 2321/4226/3868 2320/4225/3867
f 2321/4226/3868 2322/4227/3869 2320/4225/3867
f 2322/4227/3869 2323/4228/3870 2320/4225/3867
f 2322/4227/3869 2324/4229/3871 2323/4228/3870
f 2324/4229/3871 2325/4230/3872 2323/4228/3870
f 2324/4229/3871 2326/4231/3873 2325/4230/3872
f 2324/4229/3871 2327/4232/3874 2326/4231/3873
f 2328/4233/3875 2330/4235/3877 2329/4234/3876
f 2330/4235/3877 2328/4233/3875 2331/4236/3878
f 2328/4233/3875 2332/4237/3879 2331/4236/3878
f 2328/4233/3875 2333/4238/3880 2332/4237/3879
f 2333/4238/3880 2334/4239/3881 2332/4237/3879
f 2327/4232/3874 2335/4240/3882 2326/4231/3873
f 2335/4240/3882 2336/4241/3883 2326/4231/3873
f 2335/4240/3882 2337/4242/3884 2336/4241/3883
f 2337/4242/3884 2338/4243/3885 2336/4241/3883
f 2337/4242/3884 2339/4244/3886 2338/4243/3885
f 2339/4244/3886 2340/4245/3887 2338/4243/3885
f 2339/4244/3886 2334/4239/3881 2340/4245/3887
f 2334/4239/3881 2341/4246/3888 2340/4245/3887
f 2334/4239/3881 2333/4238/3880 2341/4246/3888
f 2342/4247/3889 2344/4249/3891 2343/4248/3890
f 2344/4249/3891 2345/4250/3892 2343/4248/3890
f 2344/4249/3891 2329/4234/3876 2345/4250/3892
f 2329/4234/3876 2330/4235/3877 2345/4250/3892
f 2342/4247/3889 2343/4248/3890 2346/4251/3893
f 2343/4248/3890 2347/4252/3894 2346/4251/3893
f 2343/4248/3890 2348/4253/3895 2347/4252/3894
f 2348/4253/3895 2349/4254/3896 2347/4252/3894
f 2348/4253/3895 2350/4255/3897 2349/4254/3896
f 2351/4256/3898 2353/4258/3900 2352/4257/3899
f 2353/4258/3900 2354/4259/3901 2352/4257/3899
f 2350/4255/3897 2355/4260/3902 2349/4254/3896
f 2355/4260/3902 2356/4261/3903 2349/4254/3896
f 2355/4260/3902 2354/4259/3901 2356/4261/3903
f 2354/4259/3901 2357/4262/3904 2356/4261/3903
f 2354/4259/3901 2353/4258/3900 2357/4262/3904
f 2358/4263/3905 2360/4265/3907 2359/4264/3906
f 2360/4265/3907 2361/4266/3908 2359/4264/3906
f 2360/4265/3907 2362/4267/3909 2361/4266/3908
f 2362/4267/3909 2363/4268/3910 2361/4266/3908
f 2362/4267/3909 2351/4256/3898 2363/4268/3910
f 2351/4256/3898 2364/4269/3911 2363/4268/3910
f 2351/4256/3898 2352/4257/3899 2364/4269/3911
f 2365/4270/3912 2367/4272/3914 2366/4271/3913
f 2366/4271/3913 2369/4274/3916 2368/4273/3915
f 2370/4275/3917 2372/4277/3919 2371/4276/3918
f 2368/4273/3915 2362/4279/3909 2360/4278/3907
f 2368/4273/3915 2369/4274/3916 2362/4279/3909
f 2369/4274/3916 2351/4280/3898 2362/4279/3909
f 2369/4274/3916 2373/4281/3920 2351/4280/3898
f 2373/4281/3920 2353/4282/3900 2351/4280/3898
f 2373/4281/3920 2374/4283/3921 2353/4282/3900
f 2374/4283/3921 2357/4284/3904 2353/4282/3900
f 2374/4283/3921 2375/4285/3922 2357/4284/3904
f 2375/4285/3922 2356/4286/3903 2357/4284/3904
f 2375/4285/3922 2376/4287/3924 2356/4286/3923
f 2329/4288/3876 2378/4290/3926 2377/4289/3925
f 2356/4286/3903 2376/4287/3924 2349/4291/3896
f 2376/4287/3924 2347/4292/3894 2349/4291/3896
f 2376/4287/3924 2379/4293/3927 2347/4292/3894
f 2379/4293/3927 2346/4294/3893 2347/4292/3894
f 2379/4293/3927 2380/4295/3928 2346/4294/3893
f 2380/4295/3928 2342/4296/3889 2346/4294/3893
f 2380/4295/3928 2378/4290/3926 2342/4296/3889
f 2378/4290/3926 2344/4297/3891 2342/4296/3889
f 2378/4290/3926 2329/4288/3876 2344/4297/3891
f 2329/4288/3876 2377/4289/3925 2328/4298/3875
f 2377/4289/3925 2333/4299/3880 2328/4298/3875
f 2377/4289/3925 2381/4300/3929 2333/4299/3880
f 2381/4300/3929 2341/4301/3888 2333/4299/3880
f 2381/4300/3929 2382/4302/3930 2341/4301/3888
f 2382/4302/3930 2340/4303/3887 2341/4301/3888
f 2382/4302/3930 2383/4304/3932 2340/4303/3931
f 2340/4303/3887 2383/4304/3932 2338/4305/3885
f 2383/4304/3932 2336/4306/3883 2338/4305/3885
f 2383/4304/3932 2384/4307/3933 2336/4306/3883
f 2384/4307/3933 2326/4308/3873 2336/4306/3883
f 2384/4307/3933 2385/4309/3935 2326/4308/3934
f 2326/4308/3873 2385/4309/3935 2325/4310/3872
f 2385/4309/3935 2323/4311/3870 2325/4310/3872
f 2385/4309/3935 2386/4312/3936 2323/4311/3870
f 2386/4312/3936 2320/4313/3867 2323/4311/3870
f 2386/4312/3936 2387/4314/3937 2320/4313/3867
f 2387/4314/3937 2313/4315/3860 2320/4313/3867
f 2387/4314/3937 2388/4316/3938 2313/4315/3860
f 2388/4316/3938 2316/4317/3863 2313/4315/3860
f 2388/4316/3938 2389/4318/3939 2316/4317/3863
f 2366/4271/3913 2367/4272/3914 2369/4274/3916
f 2367/4272/3914 2373/4281/3920 2369/4274/3916
f 2367/4272/3914 2390/4319/3940 2373/4281/3920
f 2390/4319/3940 2374/4283/3921 2373/4281/3920
f 2390/4319/3940 2391/4320/3941 2374/4283/3921
f 2391/4320/3941 2375/4285/3922 2374/4283/3921
f 2391/4320/3941 2392/4321/3942 2375/4285/3922
f 2392/4321/3942 2376/4287/3924 2375/4285/3922
f 2392/4321/3942 2393/4322/3943 2376/4287/3924
f 2393/4322/3943 2379/4293/3927 2376/4287/3924
f 2393/4322/3943 2394/4323/3944 2379/4293/3927
f 2394/4323/3944 2380/4295/3928 2379/4293/3927
f 2394/4323/3944 2395/4324/3945 2380/4295/3928
f 2395/4324/3945 2378/4290/3926 2380/4295/3928
f 2395/4324/3945 2396/4325/3946 2378/4290/3926
f 2396/4325/3946 2377/4289/3925 2378/4290/3926
f 2396/4325/3946 2397/4326/3947 2377/4289/3925
f 2397/4326/3947 2381/4300/3929 2377/4289/3925
f 2397/4326/3947 2398/4327/3948 2381/4300/3929
f 2398/4327/3948 2382/4302/3930 2381/4300/3929
f 2398/4327/3948 2399/4328/3949 2382/4302/3930
f 2399/4328/3949 2383/4304/3932 2382/4302/3930
f 2399/4328/3949 2400/4329/3950 2383/4304/3932
f 2400/4329/3950 2384/4307/3933 2383/4304/3932
f 2400/4329/3950 2401/4330/3951 2384/4307/3933
f 2401/4330/3951 2385/4309/3935 2384/4307/3933
f 2401/4330/3951 2402/4331/3952 2385/4309/3935
f 2402/4331/3952 2386/4312/3936 2385/4309/3935
f 2402/4331/3952 2403/4332/3953 2386/4312/3936
f 2403/4332/3953 2387/4314/3937 2386/4312/3936
f 2403/4332/3953 2404/4333/3954 2387/4314/3937
f 2404/4333/3954 2388/4316/3938 2387/4314/3937
f 2404/4333/3954 2405/4334/3955 2388/4316/3938
f 2405/4334/3955 2389/4318/3939 2388/4316/3938
f 2405/4334/3955 2406/4335/3956 2389/4318/3939
f 2365/4270/3912 2407/4336/3957 2367/4272/3914
f 2407/4336/3957 2390/4319/3940 2367/4272/3914
f 2407/4336/3957 2408/4337/3958 2390/4319/3940
f 2408/4337/3958 2391/4320/3941 2390/4319/3940
f 2408/4337/3958 2409/4338/3959 2391/4320/3941
f 2409/4338/3959 2392/4321/3942 2391/4320/3941
f 2409/4338/3959 2410/4339/3960 2392/4321/3942
f 2410/4339/3960 2393/4322/3943 2392/4321/3942
f 2410/4339/3960 2411/4340/3961 2393/4322/3943
f 2411/4340/3961 2394/4323/3944 2393/4322/3943
f 2411/4340/3961 2412/4341/3962 2394/4323/3944
f 2412/4341/3962 2395/4324/3945 2394/4323/3944
f 2412/4341/3962 2413/4342/3963 2395/4324/3945
f 2413/4342/3963 2396/4325/3946 2395/4324/3945
f 2413/4342/3963 2414/4343/3964 2396/4325/3946
f 2414/4343/3964 2397/4326/3947 2396/4325/3946
f 2414/4343/3964 2415/4344/3965 2397/4326/3947
f 2415/4344/3965 2398/4327/3948 2397/4326/3947
f 2415/4344/3965 2416/4345/3966 2398/4327/3948
f 2416/4345/3966 2399/4328/3949 2398/4327/3948
f 2416/4345/3966 2417/4346/3967 2399/4328/3949
f 2417/4346/3967 2400/4329/3950 2399/4328/3949
f 2417/4346/3967 2418/4347/3968 2400/4329/3950
f 2418/4347/3968 2401/4330/3951 2400/4329/3950
f 2418/4347/3968 2419/4348/3969 2401/4330/3951
f 2419/4348/3969 2402/4331/3952 2401/4330/3951
f 2419/4348/3969 2420/4349/3970 2402/4331/3952
f 2420/4349/3970 2403/4332/3953 2402/4331/3952
f 2420/4349/3970 2421/4350/3971 2403/4332/3953
f 2421/4350/3971 2404/4333/3954 2403/4332/3953
f 2421/4350/3971 2422/4351/3972 2404/4333/3954
f 2422/4351/3972 2405/4334/3955 2404/4333/3954
f 2422/4351/3972 2423/4352/3973 2405/4334/3955
f 2423/4352/3973 2406/4335/3956 2405/4334/3955
f 2423/4352/3973 2424/4353/3974 2406/4335/3956
f 2358/4354/3905 2425/4355/3975 2360/4278/3907
f 2425/4355/3975 2368/4273/3915 2360/4278/3907
f 2425/4355/3975 2426/4356/3976 2368/4273/3915
f 2426/4356/3976 2366/4271/3913 2368/4273/3915
f 2426/4356/3976 2372/4277/3919 2366/4271/3913
f 2372/4277/3919 2365/4270/3912 2366/4271/3913
f 2372/4277/3919 2370/4275/3917 2365/4270/3912
f 2370/4275/3917 2407/4336/3957 2365/4270/3912
f 2370/4275/3917 2427/4357/3977 2407/4336/3957
f 2427/4357/3977 2408/4337/3958 2407/4336/3957
f 2427/4357/3977 2428/4358/3978 2408/4337/3958
f 2428/4358/3978 2409/4338/3959 2408/4337/3958
f 2428/4358/3978 2429/4359/3979 2409/4338/3959
f 2429/4359/3979 2410/4339/3960 2409/4338/3959
f 2429/4359/3979 2430/4360/3980 2410/4339/3960
f 2430/4360/3980 2411/4340/3961 2410/4339/3960
f 2430/4360/3980 2431/4361/3981 2411/4340/3961
f 2431/4361/3981 2412/4341/3962 2411/4340/3961
f 2431/4361/3981 2432/4362/3982 2412/4341/3962
f 2432/4362/3982 2413/4342/3963 2412/4341/3962
f 2432/4362/3982 2433/4363/3983 2413/4342/3963
f 2433/4363/3983 2414/4343/3964 2413/4342/3963
f 2433/4363/3983 2434/4364/3984 2414/4343/3964
f 2434/4364/3984 2415/4344/3965 2414/4343/3964
f 2434/4364/3984 2435/4365/3985 2415/4344/3965
f 2435/4365/3985 2416/4345/3966 2415/4344/3965
f 2435/4365/3985 2436/4366/3986 2416/4345/3966
f 2436/4366/3986 2417/4346/3967 2416/4345/3966
f 2436/4366/3986 2437/4367/3987 2417/4346/3967
f 2437/4367/3987 2418/4347/3968 2417/4346/3967
f 2437/4367/3987 2438/4368/3988 2418/4347/3968
f 2438/4368/3988 2419/4348/3969 2418/4347/3968
f 2438/4368/3988 2439/4369/3989 2419/4348/3969
f 2439/4369/3989 2420/4349/3970 2419/4348/3969
f 2439/4369/3989 2440/4370/3990 2420/4349/3970
f 2440/4370/3990 2421/4350/3971 2420/4349/3970
f 2440/4370/3990 2441/4371/3991 2421/4350/3971
f 2441/4371/3991 2422/4351/3972 2421/4350/3971
f 2441/4371/3991 2442/4372/3992 2422/4351/3972
f 2442/4372/3992 2423/4352/3973 2422/4351/3972
f 2442/4372/3992 2443/4373/3993 2423/4352/3973
f 2443/4373/3993 2424/4353/3974 2423/4352/3973
f 2443/4373/3993 2444/4374/3994 2424/4353/3974
f 2445/4375/3995 2447/4377/3997 2446/4376/3996
f 2446/4376/3996 2447/4377/3997 2448/4378/3998
f 2447/4379/3997 2359/4264/3906 2448/4380/3998
f 2447/4379/3997 2358/4263/3905 2359/4264/3906
f 2449/4381/3999 2451/4383/4001 2450/4382/4000
f 2449/4381/3999 2452/4384/4002 2451/4383/4001
f 2445/4375/3995 2453/4385/4003 2447/4377/3997
f 2453/4385/4003 2454/4386/4004 2447/4377/3997
f 2453/4385/4003 2455/4387/4005 2454/4386/4004
f 2455/4387/4005 2456/4388/4006 2454/4386/4004
f 2455/4387/4005 2457/4389/4007 2456/4388/4006
f 2457/4389/4007 2458/4390/4008 2456/4388/4006
f 2457/4389/4007 2451/4383/4001 2458/4390/4008
f 2451/4383/4001 2459/4391/4009 2458/4390/4008
f 2451/4383/4001 2452/4384/4002 2459/4391/4009
f 2458/4390/4008 2460/4392/4010 2456/4388/4006
f 2452/4384/4002 2461/4393/4011 2459/4391/4009
f 2452/4384/4002 2462/4394/4012 2461/4393/4011
f 2462/4395/4012 2463/4397/4013 2461/4396/4011
f 2462/4395/4012 2464/4398/4014 2463/4397/4013
f 2464/4398/4014 2465/4399/4015 2463/4397/4013
f 2464/4398/4014 2466/4400/4016 2465/4399/4015
f 2466/4400/4016 2467/4401/4017 2465/4399/4015
f 2466/4400/4016 2468/4402/4018 2467/4401/4017
f 2447/4403/3997 2469/4404/4019 2358/4354/3905
f 2469/4404/4019 2425/4355/3975 2358/4354/3905
f 2469/4404/4019 2470/4405/4020 2425/4355/3975
f 2470/4405/4020 2426/4356/3976 2425/4355/3975
f 2470/4405/4020 2471/4406/4021 2426/4356/3976
f 2471/4406/4021 2372/4277/3919 2426/4356/3976
f 2471/4406/4021 2472/4407/4022 2372/4277/3919
f 2472/4407/4022 2371/4276/3918 2372/4277/3919
f 2454/4408/4004 2473/4409/4023 2447/4403/3997
f 2473/4409/4023 2469/4404/4019 2447/4403/3997
f 2473/4409/4023 2474/4410/4024 2469/4404/4019
f 2474/4410/4024 2470/4405/4020 2469/4404/4019
f 2474/4410/4024 2475/4411/4025 2470/4405/4020
f 2475/4411/4025 2471/4406/4021 2470/4405/4020
f 2475/4411/4025 2476/4412/4026 2471/4406/4021
f 2476/4412/4026 2472/4407/4022 2471/4406/4021
f 2456/4388/4006 2460/4392/4010 2454/4386/4004
f 2460/4392/4010 2473/4413/4023 2454/4386/4004
f 2460/4414/4010 2477/4415/4027 2473/4409/4023
f 2477/4415/4027 2474/4410/4024 2473/4409/4023
f 2477/4415/4027 2478/4416/4028 2474/4410/4024
f 2478/4416/4028 2475/4411/4025 2474/4410/4024
f 2478/4416/4028 2479/4417/4029 2475/4411/4025
f 2479/4417/4029 2476/4412/4026 2475/4411/4025
f 2479/4417/4029 2478/4416/4028 2467/4401/4017
f 2478/4416/4028 2465/4399/4015 2467/4401/4017
f 2478/4416/4028 2477/4415/4027 2465/4399/4015
f 2477/4415/4027 2463/4397/4013 2465/4399/4015
f 2477/4415/4027 2460/4414/4010 2463/4397/4013
f 2460/4414/4010 2461/4396/4011 2463/4397/4013
f 2460/4414/4010 2458/4418/4030 2461/4396/4011
f 2458/4390/4008 2459/4391/4009 2461/4393/4011
f 2480/4419/4031 2482/4421/4033 2481/4420/4032
f 2482/4421/4033 2483/4422/4034 2481/4420/4032
f 2482/4421/4033 2484/4423/4035 2483/4422/4034
f 2484/4423/4035 2485/4424/4036 2483/4422/4034
f 2484/4423/4035 2486/4425/4037 2485/4424/4036
f 2486/4425/4037 2487/4426/4038 2485/4424/4036
f 2486/4425/4037 2488/4427/4039 2487/4426/4038
f 2488/4427/4039 2489/4428/4040 2487/4426/4038
f 2488/4427/4039 2490/4429/4041 2489/4428/4040
f 2491/4430/4042 2449/4381/3999 2450/4382/4000
f 2482/4421/4033 2480/4419/4031 2492/4431/4043
f 2480/4432/4031 2493/4434/4044 2492/4433/4043
f 2480/4432/4031 2494/4435/4045 2493/4434/4044
f 2494/4435/4045 2495/4436/4046 2493/4434/4044
f 2494/4435/4045 2496/4437/4047 2495/4436/4046
f 2496/4437/4047 2491/4430/4042 2495/4436/4046
f 2496/4437/4047 2497/4438/4048 2491/4430/4042
f 2497/4438/4048 2449/4381/3999 2491/4430/4042
f 2497/4438/4048 2452/4384/4002 2449/4381/3999
f 2498/4439/4049 2500/4441/4051 2499/4440/4050
f 2501/4442/4052 2468/4402/4018 2466/4400/4016
f 2502/4443/4053 2466/4400/4016 2464/4398/4014
f 2497/4438/4048 2462/4394/4012 2452/4384/4002
f 2489/4444/4040 2503/4446/4054 2487/4445/4038
f 2503/4446/4054 2485/4447/4036 2487/4445/4038
f 2503/4446/4054 2504/4448/4055 2485/4447/4036
f 2504/4448/4055 2483/4449/4034 2485/4447/4036
f 2504/4448/4055 2505/4450/4056 2483/4449/4034
f 2505/4450/4056 2481/4451/4032 2483/4449/4034
f 2505/4450/4056 2506/4452/4057 2481/4451/4032
f 2506/4452/4057 2480/4453/4031 2481/4451/4032
f 2506/4452/4057 2507/4454/4058 2480/4453/4031
f 2507/4454/4058 2494/4455/4045 2480/4453/4031
f 2507/4454/4058 2508/4456/4059 2494/4455/4045
f 2508/4457/4059 2496/4437/4047 2494/4435/4045
f 2508/4457/4059 2509/4458/4060 2496/4437/4047
f 2509/4458/4060 2497/4438/4048 2496/4437/4047
f 2509/4458/4060 2510/4459/4061 2497/4438/4048
f 2510/4459/4061 2462/4394/4012 2497/4438/4048
f 2510/4460/4061 2464/4398/4014 2462/4395/4012
f 2464/4398/4014 2510/4460/4061 2502/4443/4053
f 2510/4460/4061 2511/4461/4062 2502/4443/4053
f 2510/4460/4061 2509/4462/4060 2511/4461/4062
f 2509/4462/4060 2512/4463/4063 2511/4461/4062
f 2509/4462/4060 2508/4456/4059 2512/4463/4063
f 2508/4456/4059 2513/4464/4064 2512/4463/4063
f 2508/4456/4059 2507/4454/4058 2513/4464/4064
f 2507/4454/4058 2514/4465/4065 2513/4464/4064
f 2507/4454/4058 2506/4452/4057 2514/4465/4065
f 2506/4452/4057 2515/4466/4066 2514/4465/4065
f 2506/4452/4057 2505/4450/4056 2515/4466/4066
f 2505/4450/4056 2516/4467/4067 2515/4466/4066
f 2505/4450/4056 2504/4448/4055 2516/4467/4067
f 2504/4448/4055 2517/4468/4068 2516/4467/4067
f 2504/4448/4055 2503/4446/4054 2517/4468/4068
f 2503/4446/4054 2518/4469/4069 2517/4468/4068
f 2503/4446/4054 2489/4444/4040 2518/4469/4069
f 2466/4400/4016 2502/4443/4053 2501/4442/4052
f 2502/4443/4053 2519/4470/4070 2501/4442/4052
f 2502/4443/4053 2511/4461/4062 2519/4470/4070
f 2511/4461/4062 2520/4471/4071 2519/4470/4070
f 2511/4461/4062 2512/4463/4063 2520/4471/4071
f 2512/4463/4063 2521/4472/4072 2520/4471/4071
f 2512/4463/4063 2513/4464/4064 2521/4472/4072
f 2513/4464/4064 2522/4473/4073 2521/4472/4072
f 2513/4464/4064 2514/4465/4065 2522/4473/4073
f 2514/4465/4065 2523/4474/4074 2522/4473/4073
f 2514/4465/4065 2515/4466/4066 2523/4474/4074
f 2515/4466/4066 2524/4475/4075 2523/4474/4074
f 2515/4466/4066 2516/4467/4067 2524/4475/4075
f 2516/4467/4067 2525/4476/4076 2524/4475/4075
f 2516/4467/4067 2517/4468/4068 2525/4476/4076
f 2517/4468/4068 2526/4477/4077 2525/4476/4076
f 2517/4468/4068 2518/4469/4069 2526/4477/4077
f 2468/4402/4018 2501/4442/4052 2527/4478/4078
f 2501/4442/4052 2528/4479/4079 2527/4478/4078
f 2501/4442/4052 2519/4470/4070 2528/4479/4079
f 2519/4470/4070 2529/4480/4080 2528/4479/4079
f 2519/4470/4070 2520/4471/4071 2529/4480/4080
f 2520/4471/4071 2530/4481/4081 2529/4480/4080
f 2520/4471/4071 2521/4472/4072 2530/4481/4081
f 2521/4472/4072 2531/4482/4082 2530/4481/4081
f 2521/4472/4072 2522/4473/4073 2531/4482/4082
f 2522/4473/4073 2532/4483/4083 2531/4482/4082
f 2522/4473/4073 2523/4474/4074 2532/4483/4083
f 2523/4474/4074 2533/4484/4084 2532/4483/4083
f 2523/4474/4074 2524/4475/4075 2533/4484/4084
f 2524/4475/4075 2498/4439/4049 2533/4484/4084
f 2524/4475/4075 2525/4476/4076 2498/4439/4049
f 2525/4476/4076 2500/4441/4051 2498/4439/4049
f 2525/4476/4076 2526/4477/4077 2500/4441/4051
f 2534/4485/4085 2536/4487/4087 2535/4486/4086
f 2536/4487/4087 2534/4485/4085 2537/4488/4088
f 2534/4485/4085 2538/4489/4089 2537/4488/4088
f 2534/4485/4085 2539/4490/4090 2538/4489/4089
f 2539/4490/4090 2534/4485/4085 2540/4491/4091
f 2534/4485/4085 2541/4492/4092 2540/4491/4091
f 2534/4485/4085 2542/4493/4093 2541/4492/4092
f 2542/4493/4093 2534/4485/4085 2543/4494/4094
f 2534/4485/4085 2544/4495/4095 2543/4494/4094
f 2534/4485/4085 2545/4496/4096 2544/4495/4095
f 2544/4495/4095 2545/4496/4096 2546/4497/4097
f 2545/4496/4096 2490/4429/4041 2546/4497/4097
f 2545/4496/4096 2489/4428/4040 2490/4429/4041
f 2535/4498/4086 2547/4500/4098 2534/4499/4085
f 2547/4500/4098 2548/4501/4099 2534/4499/4085
f 2547/4500/4098 2549/4502/4100 2548/4501/4099
f 2550/4503/4101 2549/4502/4100 2551/4504/4102
f 2549/4502/4100 2552/4505/4103 2551/4504/4102
f 2549/4502/4100 2547/4500/4098 2552/4505/4103
f 2553/4506/4104 2550/4503/4101 2554/4507/4105
f 2550/4503/4101 2555/4508/4106 2554/4507/4105
f 2555/4508/4106 2550/4503/4101 2556/4509/4107
f 2550/4503/4101 2557/4510/4108 2556/4509/4107
f 2550/4503/4101 2551/4504/4102 2557/4510/4108
f 2558/4511/4109 2559/4512/4110 2553/4506/4104
f 2559/4512/4110 2550/4503/4101 2553/4506/4104
f 2559/4512/4110 2560/4513/4111 2550/4503/4101
f 2560/4513/4111 2549/4502/4100 2550/4503/4101
f 2560/4513/4111 2561/4514/4112 2549/4502/4100
f 2561/4514/4112 2548/4501/4099 2549/4502/4100
f 2561/4514/4112 2545/4515/4096 2548/4501/4099
f 2545/4515/4096 2534/4499/4085 2548/4501/4099
f 2499/4440/4050 2500/4441/4051 2558/4511/4109
f 2500/4441/4051 2559/4512/4110 2558/4511/4109
f 2500/4441/4051 2526/4477/4077 2559/4512/4110
f 2526/4477/4077 2560/4513/4111 2559/4512/4110
f 2526/4477/4077 2518/4469/4069 2560/4513/4111
f 2518/4469/4069 2561/4514/4112 2560/4513/4111
f 2518/4469/4069 2489/4444/4040 2561/4514/4112
f 2489/4444/4040 2545/4515/4096 2561/4514/4112
f 2725/4516/4113 2727/1833/1718 2726/4517/4114
f 2725/4516/4113 2728/1832/1717 2727/1833/1718
f 2739/4518/4115 2728/1832/1717 2725/4516/4113
f 2739/4518/4115 2740/1844/1729 2728/1832/1717
f 2770/4519/4116 2772/4521/4118 2771/4520/4117
f 2774/4522/4119 2775/4523/4120 2770/4519/4116
f 2776/4524/4121 2775/4523/4120 2777/4525/4122
f 2775/4523/4120 2778/4526/4123 2777/4525/4122
f 2778/4526/4123 2779/1875/1760 2777/4525/4122
f 2779/1875/1760 2762/1866/1751 2777/4525/4122
f 2770/4519/4116 2775/4523/4120 2772/4521/4118
f 2775/4523/4120 2780/4527/4124 2772/4521/4118
f 2775/4523/4120 2776/4524/4121 2780/4527/4124
f 2773/4528/1759 2781/4530/4125 2769/4529/1758
f 2773/1874/1759 2782/4532/4126 2781/4531/4125
f 2782/4533/4126 2783/4535/4127 2781/4534/4125
f 2782/4532/4126 2784/4537/4128 2783/4536/4127
f 2784/4537/4128 2785/4538/4129 2783/4536/4127
f 2784/4537/4128 2774/4522/4119 2785/4538/4129
f 2774/4522/4119 2784/4537/4128 2775/4523/4120
f 2784/4537/4128 2778/4526/4123 2775/4523/4120
f 2784/4537/4128 2782/4532/4126 2778/4526/4123
f 2782/4532/4126 2779/1875/1760 2778/4526/4123
f 2782/4532/4126 2773/1874/1759 2779/1875/1760
f 2318/4223/3865 2787/4540/4131 2786/4539/4130
f 2787/4540/4131 2788/4541/4132 2786/4539/4130
f 2787/4540/4131 2789/4542/4133 2788/4541/4132
f 2789/4542/4133 2790/4543/4134 2788/4541/4132
f 2789/4542/4133 2791/4544/4135 2790/4543/4134
f 2791/4544/4135 2792/4545/4136 2790/4543/4134
f 2792/4545/4136 2793/4546/4137 2790/4543/4134
f 2792/4545/4136 2794/4547/4138 2793/4546/4137
f 2795/4548/4139 2793/4546/4137 2796/4549/4140
f 2793/4546/4137 2797/4550/4141 2796/4549/4140
f 2793/4546/4137 2794/4547/4138 2797/4550/4141
f 2793/4546/4137 2795/4548/4139 2798/4551/4142
f 2795/4548/4139 2799/4552/4143 2798/4551/4142
f 2795/4548/4139 2800/4553/4144 2799/4552/4143
f 2800/4553/4144 2801/4554/4145 2799/4552/4143
f 2800/4553/4144 2802/4555/4146 2801/4554/4145
f 2802/4555/4146 2803/4556/4147 2801/4554/4145
f 2802/4555/4146 2804/4557/4148 2803/4556/4147
f 2803/4556/4147 2804/4557/4148 2780/4527/4124
f 2804/4557/4148 2772/4521/4118 2780/4527/4124
f 2804/4557/4148 2805/4558/4149 2772/4521/4118
f 2805/4558/4149 2771/4520/4117 2772/4521/4118
f 2806/4559/4150 2330/4235/3877 2807/4560/4151
f 2808/4561/4152 2322/4227/3869 2809/4562/4153
f 2322/4227/3869 2321/4226/3868 2809/4562/4153
f 2321/4226/3868 2810/4563/4154 2809/4562/4153
f 2321/4226/3868 2319/4224/3866 2810/4563/4154
f 2319/4224/3866 2811/4564/4155 2810/4563/4154
f 2319/4224/3866 2314/4219/3861 2811/4564/4155
f 2314/4219/3861 2812/4565/4156 2811/4564/4155
f 2314/4219/3861 2315/4220/3862 2812/4565/4156
f 2315/4220/3862 2786/4539/4130 2812/4565/4156
f 2315/4220/3862 2318/4223/3865 2786/4539/4130
f 2322/4227/3869 2808/4561/4152 2324/4229/3871
f 2808/4561/4152 2813/4566/4157 2324/4229/3871
f 2324/4229/3871 2813/4566/4157 2327/4232/3874
f 2813/4566/4157 2335/4240/3882 2327/4232/3874
f 2813/4566/4157 2814/4567/4158 2335/4240/3882
f 2814/4567/4158 2337/4242/3884 2335/4240/3882
f 2814/4567/4158 2815/4568/4159 2337/4242/3884
f 2815/4568/4159 2339/4244/3886 2337/4242/3884
f 2815/4568/4159 2816/4569/4160 2339/4244/3886
f 2816/4569/4160 2334/4239/3881 2339/4244/3886
f 2816/4569/4160 2817/4570/4161 2334/4239/3881
f 2817/4570/4161 2332/4237/3879 2334/4239/3881
f 2817/4570/4161 2807/4560/4151 2332/4237/3879
f 2807/4560/4151 2331/4236/3878 2332/4237/3879
f 2807/4560/4151 2330/4235/3877 2331/4236/3878
f 2350/4255/3897 2818/4571/4162 2355/4260/3902
f 2818/4571/4162 2819/4572/4163 2355/4260/3902
f 2350/4255/3897 2348/4253/3895 2818/4571/4162
f 2348/4253/3895 2820/4573/4164 2818/4571/4162
f 2348/4253/3895 2343/4248/3890 2820/4573/4164
f 2820/4573/4164 2343/4248/3890 2821/4574/4165
f 2343/4248/3890 2822/4575/4166 2821/4574/4165
f 2343/4248/3890 2345/4250/3892 2822/4575/4166
f 2345/4250/3892 2823/4576/4167 2822/4575/4166
f 2345/4250/3892 2330/4235/3877 2823/4576/4167
f 2330/4235/3877 2824/4577/4168 2823/4576/4167
f 2330/4235/3877 2806/4559/4150 2824/4577/4168
f 2825/4578/4169 2354/4259/3901 2826/4579/4170
f 2354/4259/3901 2355/4260/3902 2826/4579/4170
f 2355/4260/3902 2827/4580/4171 2826/4579/4170
f 2355/4260/3902 2819/4572/4163 2827/4580/4171
f 2359/4264/3906 2361/4266/3908 2828/4581/4172
f 2361/4266/3908 2829/4582/4173 2828/4581/4172
f 2361/4266/3908 2363/4268/3910 2829/4582/4173
f 2363/4268/3910 2830/4583/4174 2829/4582/4173
f 2363/4268/3910 2364/4269/3911 2830/4583/4174
f 2364/4269/3911 2825/4578/4169 2830/4583/4174
f 2364/4269/3911 2352/4257/3899 2825/4578/4169
f 2352/4257/3899 2354/4259/3901 2825/4578/4169
f 2831/4584/4175 2359/4264/3906 2828/4581/4172
f 2359/4264/3906 2831/4584/4175 2448/4380/3998
f 2831/4584/4175 2446/4585/3996 2448/4380/3998
f 2831/4584/4175 2832/4586/4176 2446/4585/3996
f 2832/4586/4176 2445/4587/3995 2446/4585/3996
f 2832/4586/4176 2453/4588/4003 2445/4587/3995
f 2450/4382/4000 2451/4383/4001 2833/4589/4177
f 2451/4383/4001 2834/4590/4178 2833/4589/4177
f 2451/4383/4001 2457/4389/4007 2834/4590/4178
f 2457/4389/4007 2835/4591/4179 2834/4590/4178
f 2457/4389/4007 2455/4387/4005 2835/4591/4179
f 2455/4387/4005 2836/4592/4180 2835/4591/4179
f 2455/4593/4005 2453/4588/4003 2836/4594/4180
f 2453/4588/4003 2837/4595/4181 2836/4594/4180
f 2453/4588/4003 2832/4586/4176 2837/4595/4181
f 2838/4596/4182 2840/4598/4184 2839/4597/4183
f 2841/4599/4185 2838/4596/4182 2842/4600/4186
f 2843/4601/4187 2842/4600/4186 2844/4602/4188
f 2838/4596/4182 2841/4599/4185 2840/4598/4184
f 2841/4599/4185 2845/4603/4189 2840/4598/4184
f 2841/4599/4185 2846/4604/4190 2845/4603/4189
f 2846/4604/4190 2847/4605/4191 2845/4603/4189
f 2846/4604/4190 2848/4606/4192 2847/4605/4191
f 2848/4606/4192 2849/4607/4193 2847/4605/4191
f 2848/4606/4192 2850/4608/4194 2849/4607/4193
f 2842/4600/4186 2843/4601/4187 2841/4599/4185
f 2843/4601/4187 2846/4604/4190 2841/4599/4185
f 2843/4601/4187 2851/4609/4195 2846/4604/4190
f 2851/4609/4195 2848/4606/4192 2846/4604/4190
f 2851/4609/4195 2852/4610/4196 2848/4606/4192
f 2852/4610/4196 2850/4608/4194 2848/4606/4192
f 2852/4610/4196 2853/4611/4197 2850/4608/4194
f 2854/4612/4198 2856/4614/4200 2855/4613/4199
f 2857/4615/4201 2843/4601/4187 2844/4602/4188
f 2858/4616/4202 2860/4618/4204 2859/4617/4203
f 2860/4618/4204 2861/4619/4205 2859/4617/4203
f 2862/4620/4206 2864/4622/4208 2863/4621/4207
f 2865/4623/4209 2861/4619/4205 2866/4624/4210
f 2861/4619/4205 2867/4625/4211 2866/4624/4210
f 2861/4619/4205 2860/4618/4204 2867/4625/4211
f 2860/4618/4204 2868/4626/4212 2867/4625/4211
f 2860/4618/4204 2869/4627/4213 2868/4626/4212
f 2869/4627/4213 2862/4620/4206 2868/4626/4212
f 2869/4627/4213 2870/4628/4214 2862/4620/4206
f 2870/4628/4214 2864/4622/4208 2862/4620/4206
f 2870/4628/4214 2871/4629/4215 2864/4622/4208
f 2855/4613/4199 2856/4614/4200 2857/4615/4201
f 2856/4614/4200 2843/4601/4187 2857/4615/4201
f 2856/4614/4200 2872/4630/4216 2843/4601/4187
f 2872/4630/4216 2851/4609/4195 2843/4601/4187
f 2872/4630/4216 2852/4610/4196 2851/4609/4195
f 2853/4611/4197 2852/4610/4196 2858/4616/4202
f 2852/4610/4196 2860/4618/4204 2858/4616/4202
f 2852/4610/4196 2872/4630/4216 2860/4618/4204
f 2872/4630/4216 2869/4627/4213 2860/4618/4204
f 2872/4630/4216 2856/4614/4200 2869/4627/4213
f 2856/4614/4200 2870/4628/4214 2869/4627/4213
f 2856/4614/4200 2854/4612/4198 2870/4628/4214
f 2854/4612/4198 2871/4629/4215 2870/4628/4214
f 2873/4631/4217 2875/4633/4219 2874/4632/4218
f 2875/4633/4219 2876/4634/4220 2874/4632/4218
f 2875/4633/4219 2877/4635/4221 2876/4634/4220
f 2878/4636/4222 2880/4638/4224 2879/4637/4223
f 2880/4638/4224 2881/4639/4225 2879/4637/4223
f 2880/4638/4224 2882/4640/4226 2881/4639/4225
f 2883/4641/4227 2884/4642/4228 2873/4631/4217
f 2884/4642/4228 2875/4633/4219 2873/4631/4217
f 2884/4642/4228 2885/4643/4229 2875/4633/4219
f 2885/4643/4229 2877/4635/4221 2875/4633/4219
f 2880/4638/4224 2874/4632/4218 2886/4644/4230
f 2874/4632/4218 2887/4645/4231 2886/4644/4230
f 2874/4632/4218 2876/4634/4220 2887/4645/4231
f 2873/4631/4217 2874/4632/4218 2888/4646/4232
f 2874/4632/4218 2889/4647/4233 2888/4646/4232
f 2874/4632/4218 2880/4638/4224 2889/4647/4233
f 2880/4638/4224 2890/4648/4234 2889/4647/4233
f 2880/4638/4224 2878/4636/4222 2890/4648/4234
f 2891/4649/4235 2893/4651/4237 2892/4650/4236
f 2894/4652/4238 2879/4637/4223 2895/4653/4239
f 2895/4653/4239 2896/4654/4240 2894/4652/4238
f 2879/4637/4223 2894/4652/4238 2878/4636/4222
f 2894/4652/4238 2890/4648/4234 2878/4636/4222
f 2894/4652/4238 2897/4655/4241 2890/4648/4234
f 2897/4655/4241 2889/4647/4233 2890/4648/4234
f 2897/4655/4241 2888/4646/4232 2889/4647/4233
f 2892/4650/4236 2893/4651/4237 2898/4656/4242
f 2893/4651/4237 2899/4657/4243 2898/4656/4242
f 2893/4651/4237 2900/4658/4244 2899/4657/4243
f 2900/4658/4244 2901/4659/4245 2899/4657/4243
f 2900/4658/4244 2902/4660/4246 2901/4659/4245
f 2873/4631/4217 2891/4649/4235 2883/4641/4227
f 2891/4649/4235 2903/4661/4247 2883/4641/4227
f 2891/4649/4235 2892/4650/4236 2903/4661/4247
f 2892/4650/4236 2904/4662/4248 2903/4661/4247
f 2892/4650/4236 2898/4656/4242 2904/4662/4248
f 2902/4660/4246 2900/4658/4244 2896/4654/4240
f 2900/4658/4244 2894/4652/4238 2896/4654/4240
f 2900/4658/4244 2893/4651/4237 2894/4652/4238
f 2893/4651/4237 2897/4655/4241 2894/4652/4238
f 2893/4651/4237 2891/4649/4235 2897/4655/4241
f 2891/4649/4235 2888/4646/4232 2897/4655/4241
f 2891/4649/4235 2873/4631/4217 2888/4646/4232
f 2905/4663/4249 2907/4665/4251 2906/4664/4250
f 2907/4665/4251 2908/4666/4252 2906/4664/4250
f 2907/4665/4251 2909/4667/4253 2908/4666/4252
f 2910/4668/4254 2912/4670/4256 2911/4669/4255
f 2912/4670/4256 2913/4671/4257 2911/4669/4255
f 2912/4670/4256 2914/4672/4258 2913/4671/4257
f 2914/4672/4258 2906/4664/4250 2913/4671/4257
f 2910/4668/4254 2911/4669/4255 2915/4673/4259
f 2911/4669/4255 2916/4674/4260 2915/4673/4259
f 2911/4669/4255 2917/4675/4261 2916/4674/4260
f 2906/4664/4250 2908/4666/4252 2913/4671/4257
f 2908/4666/4252 2911/4669/4255 2913/4671/4257
f 2908/4666/4252 2909/4667/4253 2911/4669/4255
f 2909/4667/4253 2917/4675/4261 2911/4669/4255
f 2909/4667/4253 2918/4676/4262 2917/4675/4261
f 2919/4677/4263 2921/4679/4265 2920/4678/4264
f 2921/4679/4265 2922/4680/4266 2920/4678/4264
f 2921/4679/4265 2923/4681/4267 2922/4680/4266
f 2919/4677/4263 2885/4643/4229 2921/4679/4265
f 2885/4643/4229 2924/4682/4268 2921/4679/4265
f 2885/4643/4229 2884/4642/4228 2924/4682/4268
f 2884/4642/4228 2905/4663/4249 2924/4682/4268
f 2884/4642/4228 2883/4641/4227 2905/4663/4249
f 2905/4663/4249 2883/4641/4227 2907/4665/4251
f 2883/4683/4227 2909/4685/4253 2907/4684/4251
f 2883/4641/4227 2903/4661/4247 2909/4667/4253
f 2903/4661/4247 2918/4676/4262 2909/4667/4253
f 2903/4661/4247 2904/4662/4248 2918/4676/4262
f 2919/4677/4263 2877/4635/4221 2885/4643/4229
f 2920/4678/4264 2925/4686/4269 2919/4677/4263
f 2919/4677/4263 2925/4686/4269 2877/4635/4221
f 2925/4686/4269 2876/4634/4220 2877/4635/4221
f 2925/4686/4269 2926/4687/4270 2876/4634/4220
f 2926/4687/4270 2887/4645/4231 2876/4634/4220
f 2926/4687/4270 2927/4688/4271 2887/4645/4231
f 2920/4678/4264 2928/4689/4272 2925/4686/4269
f 2928/4689/4272 2926/4687/4270 2925/4686/4269
f 2928/4689/4272 2929/4690/4273 2926/4687/4270
f 2929/4690/4273 2927/4688/4271 2926/4687/4270
f 2929/4690/4273 2930/4691/4274 2927/4688/4271
f 2931/4692/4275 2880/4638/4224 2886/4644/4230
f 2880/4638/4224 2932/4693/4276 2882/4640/4226
f 2931/4692/4275 2933/4694/4277 2880/4638/4224
f 2933/4694/4277 2932/4693/4276 2880/4638/4224
f 2933/4694/4277 2934/4695/4278 2932/4693/4276
f 2887/4645/4231 2927/4688/4271 2886/4644/4230
f 2927/4688/4271 2931/4692/4275 2886/4644/4230
f 2927/4688/4271 2930/4691/4274 2931/4692/4275
f 2930/4691/4274 2933/4694/4277 2931/4692/4275
f 2930/4691/4274 2935/4696/4279 2933/4694/4277
f 2935/4696/4279 2934/4695/4278 2933/4694/4277
f 2935/4696/4279 2936/4697/4280 2934/4695/4278
f 2937/4698/4281 2862/4620/4206 2863/4621/4207
f 2938/4699/4282 2939/4700/4283 2866/4624/4210
f 2939/4700/4283 2865/4623/4209 2866/4624/4210
f 2939/4700/4283 2940/4701/4284 2865/4623/4209
f 2941/4702/4285 2943/4704/4287 2942/4703/4286
f 2943/4704/4287 2944/4705/4288 2942/4703/4286
f 2944/4705/4288 2943/4704/4287 2937/4698/4281
f 2943/4704/4287 2862/4620/4206 2937/4698/4281
f 2943/4704/4287 2945/4706/4289 2862/4620/4206
f 2945/4706/4289 2868/4626/4212 2862/4620/4206
f 2945/4706/4289 2938/4699/4282 2868/4626/4212
f 2938/4699/4282 2867/4625/4211 2868/4626/4212
f 2938/4699/4282 2866/4624/4210 2867/4625/4211
f 2940/4701/4284 2928/4689/4272 2920/4678/4264
f 2936/4697/4280 2935/4696/4279 2946/4707/4290
f 2935/4696/4279 2947/4708/4291 2946/4707/4290
f 2940/4701/4284 2939/4700/4283 2928/4689/4272
f 2939/4700/4283 2929/4690/4273 2928/4689/4272
f 2939/4700/4283 2938/4699/4282 2929/4690/4273
f 2938/4699/4282 2930/4691/4274 2929/4690/4273
f 2938/4699/4282 2945/4706/4289 2930/4691/4274
f 2945/4706/4289 2935/4696/4279 2930/4691/4274
f 2945/4706/4289 2943/4704/4287 2935/4696/4279
f 2943/4704/4287 2947/4708/4291 2935/4696/4279
f 2943/4704/4287 2941/4702/4285 2947/4708/4291
f 3037/4709/4292 2917/4675/4261 3038/4710/4293
f 2917/4675/4261 3039/4711/4294 3038/4710/4293
f 2917/4675/4261 2918/4676/4262 3039/4711/4294
f 3037/4709/4292 3040/4712/4295 2917/4675/4261
f 3040/4712/4295 2916/4674/4260 2917/4675/4261
f 3040/4712/4295 3041/4713/4296 2916/4674/4260
f 2904/4662/4248 3039/4711/4294 2918/4676/4262
f 3039/4711/4294 2904/4662/4248 3038/4710/4293
f 2904/4662/4248 3042/4714/4297 3038/4710/4293
f 2904/4662/4248 3043/4715/4298 3042/4714/4297
f 3043/4715/4298 3044/4716/4299 3042/4714/4297
f 3043/4715/4298 3045/4717/4300 3044/4716/4299
f 3046/4718/4301 2901/4659/4245 2902/4660/4246
f 3046/4718/4301 3047/4719/4302 2901/4659/4245
f 3047/4719/4302 3048/4720/4303 2901/4659/4245
f 3048/4720/4303 2899/4657/4243 2901/4659/4245
f 3048/4720/4303 3049/4721/4304 2899/4657/4243
f 3049/4721/4304 2898/4656/4242 2899/4657/4243
f 3049/4721/4304 3045/4717/4300 2898/4656/4242
f 3045/4717/4300 2904/4662/4248 2898/4656/4242
f 3045/4717/4300 3043/4715/4298 2904/4662/4248
f 3050/4722/1892 3033/1972/1857 3051/2304/1885
f 2932/4693/4276 2966/1894/1779 2882/4640/4226
f 2966/1894/1779 2881/4639/4225 2882/4640/4226
f 2966/1894/1779 3036/1975/1860 2881/4639/4225
f 3036/1975/1860 2879/4637/4223 2881/4639/4225
f 2932/4693/4276 2934/4695/4278 2966/1894/1779
f 2934/4695/4278 2965/1893/1778 2966/1894/1779
f 2934/4695/4278 2936/4697/4280 2965/1893/1778
f 2936/4697/4280 2946/4707/4290 2965/1893/1778
f 2946/4707/4290 2964/1892/1777 2965/1893/1778
f 2946/4707/4290 2947/4708/4291 2964/1892/1777
f 2947/4708/4291 2963/1891/1776 2964/1892/1777
f 2947/4708/4291 2941/4702/4285 2963/1891/1776
f 2941/4702/4285 2942/4703/4286 2963/1891/1776
f 2942/4703/4286 2980/1908/1793 2963/1891/1776
f 2942/4703/4286 2944/4705/4288 2980/1908/1793
f 2980/1908/1793 2944/4705/4288 2985/1913/1798
f 2944/4705/4288 2987/1915/1800 2985/1913/1798
f 2944/4705/4288 2937/4698/4281 2987/1915/1800
f 2960/1888/1773 2961/1889/1774 2863/4621/4207
f 2961/1889/1774 2937/4698/4281 2863/4621/4207
f 2961/1889/1774 2986/1914/1799 2937/4698/4281
f 2986/1914/1799 2987/1915/1800 2937/4698/4281
f 2879/4637/4223 3036/1975/1860 2895/4653/4239
f 3036/1975/1860 2896/4654/4240 2895/4653/4239
f 3036/1975/1860 3035/1974/1859 2896/4654/4240
f 3035/1974/1859 2902/4660/4246 2896/4654/4240
f 3035/1974/1859 3032/1971/1856 2902/4660/4246
f 3032/1971/1856 3046/4718/4301 2902/4660/4246
f 3032/1971/1856 3033/1972/1857 3046/4718/4301
f 3033/1972/1857 3047/4719/4302 3046/4718/4301
f 3033/1972/1857 3050/4722/1892 3047/4719/4302
f 3050/2007/1892 3076/4724/4305 3047/4723/4302
f 3078/2002/1887 3079/2003/1888 3073/1997/1882
f 3079/2003/1888 3080/2004/1889 3074/1998/1883
f 3082/2006/1891 3083/4725/4306 3078/2002/1887
f 3083/4725/4306 3079/2003/1888 3078/2002/1887
f 3083/4725/4306 3076/4724/4305 3079/2003/1888
f 3076/4724/4305 3080/2004/1889 3079/2003/1888
f 3076/4724/4305 3050/2007/1892 3080/2004/1889
f 3050/2007/1892 3075/1999/1884 3080/2004/1889
f 3084/4726/4307 3085/4727/4308 3081/2005/1890
f 3085/4727/4308 3082/2006/1891 3081/2005/1890
f 3085/4727/4308 3086/4728/4309 3082/2006/1891
f 3086/4728/4309 3083/4725/4306 3082/2006/1891
f 3086/4728/4309 3087/4729/4310 3083/4725/4306
f 3087/4729/4310 3076/4724/4305 3083/4725/4306
f 3087/4729/4310 3048/4730/4303 3076/4724/4305
f 3048/4730/4303 3047/4723/4302 3076/4724/4305
f 3088/4731/4311 3089/4732/4312 3084/4726/4307
f 3089/4732/4312 3085/4727/4308 3084/4726/4307
f 3089/4732/4312 3090/4733/4313 3085/4727/4308
f 3090/4733/4313 3086/4728/4309 3085/4727/4308
f 3090/4733/4313 3091/4734/4314 3086/4728/4309
f 3091/4734/4314 3087/4729/4310 3086/4728/4309
f 3091/4734/4314 3049/4735/4304 3087/4729/4310
f 3049/4735/4304 3048/4730/4303 3087/4729/4310
f 3092/2009/1894 3093/4736/4315 3088/4731/4311
f 3093/4736/4315 3089/4732/4312 3088/4731/4311
f 3093/4736/4315 3094/4737/4316 3089/4732/4312
f 3094/4737/4316 3090/4733/4313 3089/4732/4312
f 3094/4737/4316 3095/4738/4317 3090/4733/4313
f 3095/4738/4317 3091/4734/4314 3090/4733/4313
f 3095/4738/4317 3045/4739/4300 3091/4734/4314
f 3045/4739/4300 3049/4735/4304 3091/4734/4314
f 3097/2010/1895 3093/4736/4315 3092/2009/1894
f 3097/2010/1895 3098/4740/4318 3093/4736/4315
f 3098/4740/4318 3094/4737/4316 3093/4736/4315
f 3098/4740/4318 3099/4741/4319 3094/4737/4316
f 3099/4741/4319 3095/4738/4317 3094/4737/4316
f 3099/4741/4319 3044/4742/4299 3095/4738/4317
f 3044/4742/4299 3045/4739/4300 3095/4738/4317
f 3042/4743/4297 3100/4745/4320 3038/4744/4293
f 3102/2012/1897 3103/4746/4321 3097/2010/1895
f 3103/4746/4321 3098/4740/4318 3097/2010/1895
f 3103/4746/4321 3104/4747/4322 3098/4740/4318
f 3104/4747/4322 3099/4741/4319 3098/4740/4318
f 3104/4747/4322 3044/4742/4299 3099/4741/4319
f 3105/2015/1900 3106/2013/1898 3101/2011/1896
f 3106/2013/1898 3107/4748/4323 3102/2012/1897
f 3107/4748/4323 3103/4746/4321 3102/2012/1897
f 3107/4748/4323 3100/4745/4320 3103/4746/4321
f 3100/4745/4320 3104/4747/4322 3103/4746/4321
f 3100/4745/4320 3042/4743/4297 3104/4747/4322
f 3042/4743/4297 3044/4742/4299 3104/4747/4322
f 3109/2016/1901 3106/2013/1898 3105/2015/1900
f 3109/2016/1901 3110/4749/4324 3106/2013/1898
f 3110/4749/4324 3107/4748/4323 3106/2013/1898
f 3110/4749/4324 3111/4750/4325 3107/4748/4323
f 3111/4750/4325 3100/4745/4320 3107/4748/4323
f 3111/4750/4325 3037/4751/4292 3100/4745/4320
f 3037/4751/4292 3038/4744/4293 3100/4745/4320
f 3112/4752/4326 3113/4753/4327 3108/2014/1899
f 3113/4753/4327 3109/2016/1901 3108/2014/1899
f 3113/4753/4327 3114/4754/4328 3109/2016/1901
f 3114/4754/4328 3110/4749/4324 3109/2016/1901
f 3114/4754/4328 3115/4755/4329 3110/4749/4324
f 3115/4755/4329 3111/4750/4325 3110/4749/4324
f 3115/4755/4329 3040/4756/4295 3111/4750/4325
f 3040/4756/4295 3037/4751/4292 3111/4750/4325
f 3116/4757/4330 3117/4758/4331 3112/4752/4326
f 3117/4758/4331 3113/4753/4327 3112/4752/4326
f 3117/4758/4331 3118/4759/4332 3113/4753/4327
f 3118/4759/4332 3114/4754/4328 3113/4753/4327
f 3118/4759/4332 3119/4760/4333 3114/4754/4328
f 3119/4760/4333 3115/4755/4329 3114/4754/4328
f 3119/4760/4333 3041/4761/4296 3115/4755/4329
f 3041/4761/4296 3040/4756/4295 3115/4755/4329
f 3120/4762/4334 2535/4498/4086 3121/4763/4335
f 2554/4507/4105 2555/4508/4106 3122/4764/4336
f 2555/4508/4106 3123/4765/4337 3122/4764/4336
f 2555/4508/4106 2556/4509/4107 3123/4765/4337
f 2535/4498/4086 3120/4762/4334 2547/4500/4098
f 3120/4762/4334 2552/4505/4103 2547/4500/4098
f 3120/4762/4334 3124/4766/4338 2552/4505/4103
f 3124/4766/4338 2551/4504/4102 2552/4505/4103
f 3124/4766/4338 3123/4765/4337 2551/4504/4102
f 3123/4765/4337 2557/4510/4108 2551/4504/4102
f 3123/4765/4337 2556/4509/4107 2557/4510/4108
f 3125/4767/4339 3126/4768/4340 3121/4763/4335
f 3126/4768/4340 3120/4762/4334 3121/4763/4335
f 3126/4768/4340 3127/4769/4341 3120/4762/4334
f 3127/4769/4341 3124/4766/4338 3120/4762/4334
f 3127/4769/4341 3128/4770/4342 3124/4766/4338
f 3128/4770/4342 3123/4765/4337 3124/4766/4338
f 3128/4770/4342 3129/4771/4343 3123/4765/4337
f 3129/4771/4343 3122/4764/4336 3123/4765/4337
f 3041/4761/4296 3119/4760/4333 3125/4767/4339
f 3119/4760/4333 3126/4768/4340 3125/4767/4339
f 3119/4760/4333 3118/4759/4332 3126/4768/4340
f 3118/4759/4332 3127/4769/4341 3126/4768/4340
f 3118/4759/4332 3117/4758/4331 3127/4769/4341
f 3117/4758/4331 3128/4770/4342 3127/4769/4341
f 3117/4758/4331 3116/4757/4330 3128/4770/4342
f 3116/4757/4330 3129/4771/4343 3128/4770/4342
f 3041/4713/4296 3125/4772/4339 2916/4674/4260
f 3125/4772/4339 2536/4487/4087 2916/4674/4260
f 3125/4772/4339 3121/4773/4335 2536/4487/4087
f 3121/4773/4335 2535/4486/4086 2536/4487/4087
f 3130/4774/4344 2544/4495/4095 3131/4775/4345
f 2544/4495/4095 3132/4776/4346 3131/4775/4345
f 2544/4495/4095 2546/4497/4097 3132/4776/4346
f 2536/4487/4087 2537/4488/4088 2916/4674/4260
f 2537/4488/4088 2915/4673/4259 2916/4674/4260
f 2537/4488/4088 2538/4489/4089 2915/4673/4259
f 2538/4489/4089 2910/4668/4254 2915/4673/4259
f 2538/4489/4089 2539/4490/4090 2910/4668/4254
f 2539/4490/4090 2912/4670/4256 2910/4668/4254
f 2539/4490/4090 2540/4491/4091 2912/4670/4256
f 2540/4491/4091 3133/4777/4347 2912/4670/4256
f 2540/4491/4091 2541/4492/4092 3133/4777/4347
f 2541/4492/4092 3134/4778/4348 3133/4777/4347
f 2541/4492/4092 2542/4493/4093 3134/4778/4348
f 2542/4493/4093 3130/4774/4344 3134/4778/4348
f 2542/4493/4093 2543/4494/4094 3130/4774/4344
f 2543/4494/4094 2544/4495/4095 3130/4774/4344
f 3131/4775/4345 3135/4779/4349 3130/4774/4344
f 3133/4777/4347 2914/4672/4258 2912/4670/4256
f 2905/4663/4249 3136/4780/4350 2924/4682/4268
f 2905/4663/4249 2906/4664/4250 3136/4780/4350
f 2906/4664/4250 3137/4781/4351 3136/4780/4350
f 2906/4664/4250 2914/4672/4258 3137/4781/4351
f 2914/4672/4258 3134/4778/4348 3137/4781/4351
f 2914/4672/4258 3133/4777/4347 3134/4778/4348
f 3132/4776/4346 3138/4782/4352 3131/4775/4345
f 3138/4782/4352 3135/4779/4349 3131/4775/4345
f 3138/4782/4352 3139/4783/4353 3135/4779/4349
f 3139/4783/4353 3140/4784/4354 3135/4779/4349
f 3139/4783/4353 3141/4785/4355 3140/4784/4354
f 3141/4785/4355 3142/4786/4356 3140/4784/4354
f 3141/4785/4355 2923/4681/4267 3142/4786/4356
f 2923/4681/4267 2921/4679/4265 3142/4786/4356
f 3130/4774/4344 3135/4779/4349 3134/4778/4348
f 3135/4779/4349 3137/4781/4351 3134/4778/4348
f 3135/4779/4349 3140/4784/4354 3137/4781/4351
f 3140/4784/4354 3136/4780/4350 3137/4781/4351
f 3140/4784/4354 3142/4786/4356 3136/4780/4350
f 3142/4786/4356 2924/4682/4268 3136/4780/4350
f 3142/4786/4356 2921/4679/4265 2924/4682/4268
f 3143/4787/4357 3145/4789/4359 3144/4788/4358
f 3145/4789/4359 3146/4790/4360 3144/4788/4358
f 3145/4789/4359 3147/4791/4361 3146/4790/4360
f 3147/4791/4361 3148/4792/4362 3146/4790/4360
f 3147/4791/4361 3149/4793/4363 3148/4792/4362
f 3149/4793/4363 3150/4794/4364 3148/4792/4362
f 3149/4793/4363 3151/4795/4365 3150/4794/4364
f 3151/4795/4365 3152/4796/4366 3150/4794/4364
f 3151/4795/4365 3153/4797/4367 3152/4796/4366
f 3154/4798/4368 3155/4799/4369 3152/4796/4366
f 3155/4799/4369 3150/4794/4364 3152/4796/4366
f 3155/4799/4369 3156/4800/4370 3150/4794/4364
f 3156/4800/4370 3148/4792/4362 3150/4794/4364
f 3156/4800/4370 3157/4801/4371 3148/4792/4362
f 3157/4801/4371 3146/4790/4360 3148/4792/4362
f 3157/4801/4371 3158/4802/4372 3146/4790/4360
f 3158/4802/4372 3144/4788/4358 3146/4790/4360
f 3159/4803/4373 3160/4804/4374 3154/4798/4368
f 3160/4804/4374 3155/4799/4369 3154/4798/4368
f 3160/4804/4374 3161/4805/4375 3155/4799/4369
f 3161/4805/4375 3156/4800/4370 3155/4799/4369
f 3161/4805/4375 3162/4806/4376 3156/4800/4370
f 3162/4806/4376 3157/4801/4371 3156/4800/4370
f 3162/4806/4376 3163/4807/4377 3157/4801/4371
f 3163/4807/4377 3158/4802/4372 3157/4801/4371
f 3164/4808/4378 3165/4809/4379 3159/4803/4373
f 3165/4809/4379 3160/4804/4374 3159/4803/4373
f 3165/4809/4379 3166/4810/4380 3160/4804/4374
f 3166/4810/4380 3161/4805/4375 3160/4804/4374
f 3166/4810/4380 3167/4811/4381 3161/4805/4375
f 3167/4811/4381 3162/4806/4376 3161/4805/4375
f 3167/4811/4381 3168/4812/4382 3162/4806/4376
f 3168/4812/4382 3163/4807/4377 3162/4806/4376
f 3141/4785/4355 3169/4813/4383 2923/4681/4267
f 3151/4795/4365 3170/4814/4384 3153/4797/4367
f 3143/4787/4357 3169/4813/4383 3145/4789/4359
f 3169/4813/4383 3147/4791/4361 3145/4789/4359
f 3169/4813/4383 3141/4785/4355 3147/4791/4361
f 3141/4785/4355 3149/4793/4363 3147/4791/4361
f 3141/4785/4355 3139/4783/4353 3149/4793/4363
f 3139/4783/4353 3151/4795/4365 3149/4793/4363
f 3139/4783/4353 3138/4782/4352 3151/4795/4365
f 3138/4782/4352 3170/4814/4384 3151/4795/4365
f 3138/4782/4352 3132/4776/4346 3170/4814/4384
f 2546/4497/4097 2490/4429/4041 3132/4776/4346
f 2490/4429/4041 3170/4814/4384 3132/4776/4346
f 2490/4429/4041 3153/4797/4367 3170/4814/4384
f 2833/4589/4177 2491/4430/4042 2450/4382/4000
f 2833/4589/4177 3171/4815/4385 2491/4430/4042
f 3171/4815/4385 2495/4436/4046 2491/4430/4042
f 3171/4815/4385 3172/4816/4386 2495/4436/4046
f 2495/4436/4046 3172/4816/4386 2493/4434/4044
f 3172/4817/4386 2492/4431/4043 2493/4818/4044
f 3172/4817/4386 3164/4808/4378 2492/4431/4043
f 3164/4808/4378 2482/4421/4033 2492/4431/4043
f 3164/4808/4378 3159/4803/4373 2482/4421/4033
f 3159/4803/4373 2484/4423/4035 2482/4421/4033
f 3159/4803/4373 3154/4798/4368 2484/4423/4035
f 3154/4798/4368 2486/4425/4037 2484/4423/4035
f 3154/4798/4368 3152/4796/4366 2486/4425/4037
f 2486/4425/4037 3152/4796/4366 2488/4427/4039
f 3152/4796/4366 2490/4429/4041 2488/4427/4039
f 3152/4796/4366 3153/4797/4367 2490/4429/4041
f 2833/4589/4177 3173/4819/4387 3171/4815/4385
f 3174/4820/4388 3176/4822/4390 3175/4821/4389
f 3176/4822/4390 3177/4823/4391 3175/4821/4389
f 2833/4589/4177 3178/4824/4392 3173/4819/4387
f 3178/4825/4392 3179/4827/4393 3173/4826/4387
f 3178/4825/4392 3180/4828/4394 3179/4827/4393
f 3180/4828/4394 3175/4821/4389 3179/4827/4393
f 3180/4828/4394 3181/4829/4395 3175/4821/4389
f 3181/4829/4395 3174/4820/4388 3175/4821/4389
f 3181/4829/4395 3182/4830/4396 3174/4820/4388
f 3172/4817/4386 3183/4831/4397 3164/4808/4378
f 3183/4831/4397 3165/4809/4379 3164/4808/4378
f 3183/4831/4397 3184/4832/4398 3165/4809/4379
f 3184/4832/4398 3166/4810/4380 3165/4809/4379
f 3184/4832/4398 3185/4833/4399 3166/4810/4380
f 3185/4833/4399 3167/4811/4381 3166/4810/4380
f 3185/4833/4399 3186/4834/4400 3167/4811/4381
f 3186/4834/4400 3168/4812/4382 3167/4811/4381
f 3171/4815/4385 3173/4819/4387 3172/4816/4386
f 3173/4819/4387 3183/4835/4397 3172/4816/4386
f 3173/4826/4387 3179/4827/4393 3183/4831/4397
f 3179/4827/4393 3184/4832/4398 3183/4831/4397
f 3179/4827/4393 3175/4821/4389 3184/4832/4398
f 3175/4821/4389 3185/4833/4399 3184/4832/4398
f 3175/4821/4389 3177/4823/4391 3185/4833/4399
f 3177/4823/4391 3186/4834/4400 3185/4833/4399
f 2940/4701/4284 3169/4813/4383 3143/4787/4357
f 3144/4788/4358 3187/4836/4401 3143/4787/4357
f 3187/4836/4401 3188/4837/4402 3143/4787/4357
f 3188/4837/4402 2940/4701/4284 3143/4787/4357
f 3188/4837/4402 3189/4838/4403 2940/4701/4284
f 3189/4838/4403 2865/4623/4209 2940/4701/4284
f 3189/4838/4403 3190/4839/3373 2865/4623/4209
f 3144/4788/4358 3158/4802/4372 3187/4836/4401
f 3158/4802/4372 3191/4840/4404 3187/4836/4401
f 3158/4802/4372 3163/4807/4377 3191/4840/4404
f 3163/4807/4377 3192/4841/4405 3191/4840/4404
f 3163/4807/4377 3168/4812/4382 3192/4841/4405
f 3192/4841/4405 3168/4812/4382 3193/4842/4406
f 3168/4812/4382 3194/4843/4407 3193/4842/4406
f 3168/4812/4382 3186/4834/4400 3194/4843/4407
f 3194/4843/4407 3186/4834/4400 3195/4844/3373
f 3186/4834/4400 3196/4845/4408 3195/4844/3373
f 3186/4834/4400 3177/4823/4391 3196/4845/4408
f 3177/4823/4391 3197/4846/4409 3196/4845/4408
f 3177/4823/4391 3176/4822/4390 3197/4846/4409
f 2923/4681/4267 3169/4813/4383 2922/4680/4266
f 3169/4813/4383 2920/4678/4264 2922/4680/4266
f 3169/4813/4383 2940/4701/4284 2920/4678/4264
f 3198/4847/4410 3200/4849/4412 3199/4848/4411
f 3201/4850/34 3203/4852/34 3202/4851/4413
f 3203/4852/34 3204/4853/4414 3202/4851/4413
f 3205/4854/4415 3195/4844/3373 3196/4845/4408
f 3198/4847/4410 3206/4855/3494 3200/4849/4412
f 3206/4855/3494 3207/4856/4416 3200/4849/4412
f 3206/4855/3494 3208/4857/4417 3207/4856/4416
f 3195/4844/3373 3205/4854/4415 3209/4858/34
f 3205/4854/4415 3210/4859/34 3209/4858/34
f 3205/4854/4415 3204/4853/4414 3210/4859/34
f 3204/4853/4414 3211/4860/34 3210/4859/34
f 3204/4853/4414 3203/4852/34 3211/4860/34
f 3212/4861/4418 3207/4856/4416 3213/4862/4419
f 3207/4856/4416 3214/4863/4420 3213/4862/4419
f 3207/4856/4416 3208/4857/4417 3214/4863/4420
f 3215/4864/4421 3216/4865/4422 2850/4608/4194
f 3216/4865/4422 2849/4607/4193 2850/4608/4194
f 3216/4865/4422 3217/4866/4423 2849/4607/4193
f 3217/4866/4423 3218/4867/4424 2849/4607/4193
f 3217/4866/4423 3219/4868/4425 3218/4867/4424
f 3219/4868/4425 3220/4869/4426 3218/4867/4424
f 3219/4868/4425 3207/4856/4416 3220/4869/4426
f 3207/4856/4416 3221/4870/4427 3220/4869/4426
f 3207/4856/4416 3212/4861/4418 3221/4870/4427
f 3190/4839/3373 3201/4850/34 2865/4623/4209
f 3201/4850/34 2861/4619/4205 2865/4623/4209
f 3201/4850/34 3202/4851/4413 2861/4619/4205
f 3202/4851/4413 2859/4617/4203 2861/4619/4205
f 3202/4851/4413 3222/4871/4428 2859/4617/4203
f 3222/4871/4428 2858/4616/4202 2859/4617/4203
f 3222/4871/4428 3215/4864/4421 2858/4616/4202
f 3215/4864/4421 2853/4611/4197 2858/4616/4202
f 3215/4864/4421 2850/4608/4194 2853/4611/4197
f 3223/4872/4429 3225/4874/4431 3224/4873/4430
f 3225/4874/4431 3227/4876/4433 3226/4875/4432
f 3228/4877/4434 3230/4879/4436 3229/4878/4435
f 3230/4879/4436 3231/4880/4437 3229/4878/4435
f 3232/4881/4438 3234/4883/4440 3233/4882/4439
f 3232/4881/4438 3235/4884/4441 3234/4883/4440
f 3228/4877/4434 3227/4876/4433 3230/4879/4436
f 3227/4876/4433 3236/4885/4442 3230/4879/4436
f 3227/4876/4433 3225/4874/4431 3236/4885/4442
f 3237/2024/1909 3239/2026/4444 3238/4886/4443
f 3239/2026/4444 3240/4887/4445 3238/4886/4443
f 3239/2026/4444 3241/4888/4446 3240/4887/4445
f 3241/4888/4446 3234/4883/4440 3240/4887/4445
f 3241/4888/4446 3242/4889/4447 3234/4883/4440
f 3242/4889/4447 3233/4882/4439 3234/4883/4440
f 3242/4889/4447 3199/4848/4411 3233/4882/4439
f 3237/2024/1909 3238/4886/4443 3223/4872/4429
f 3238/4886/4443 3225/4874/4431 3223/4872/4429
f 3238/4886/4443 3240/4887/4445 3225/4874/4431
f 3240/4887/4445 3236/4885/4442 3225/4874/4431
f 3240/4887/4445 3234/4883/4440 3236/4885/4442
f 3234/4883/4440 3230/4879/4436 3236/4885/4442
f 3234/4883/4440 3235/4884/4441 3230/4879/4436
f 3235/4884/4441 3231/4880/4437 3230/4879/4436
f 3224/4873/4430 3225/4874/4431 3243/4890/4448
f 3225/4874/4431 3244/4891/4449 3243/4890/4448
f 3225/4874/4431 3226/4875/4432 3244/4891/4449
f 3245/4892/4450 3196/4845/4408 3246/4893/4451
f 3235/4884/4441 3247/4894/4452 3231/4880/4437
f 3200/4849/4412 3233/4882/4439 3199/4848/4411
f 3235/4884/4441 3248/4895/4453 3247/4894/4452
f 3248/4896/4453 3249/4898/4454 3247/4897/4452
f 3248/4896/4453 3250/4899/4455 3249/4898/4454
f 3249/4898/4454 3250/4899/4455 3251/4900/4456
f 3250/4899/4455 3252/4901/4457 3251/4900/4456
f 3250/4899/4455 3253/4902/4458 3252/4901/4457
f 3252/4901/4457 3253/4902/4458 3254/4903/4459
f 3253/4902/4458 3255/4904/4460 3254/4903/4459
f 3253/4902/4458 3256/4905/4461 3255/4904/4460
f 3255/4904/4460 3256/4905/4461 3257/4906/4462
f 3256/4905/4461 3258/4907/4463 3257/4906/4462
f 3256/4905/4461 3259/4908/4464 3258/4907/4463
f 3260/4909/4465 3262/4911/4467 3261/4910/4466
f 3258/4907/4463 3259/4908/4464 3263/4912/4468
f 3259/4908/4464 3264/4913/4469 3263/4912/4468
f 3259/4908/4464 3262/4911/4467 3264/4913/4469
f 3262/4911/4467 3265/4914/4470 3264/4913/4469
f 3262/4911/4467 3260/4909/4465 3265/4914/4470
f 3266/4915/4471 3268/4917/4473 3267/4916/4472
f 3260/4909/4465 3261/4910/4466 3269/4918/4474
f 3261/4910/4466 3270/4919/4475 3269/4918/4474
f 3261/4910/4466 3268/4917/4473 3270/4919/4475
f 3268/4917/4473 3271/4920/4476 3270/4919/4475
f 3268/4917/4473 3266/4915/4471 3271/4920/4476
f 3266/4915/4471 3267/4916/4472 3272/4921/4477
f 3267/4916/4472 3273/4922/4478 3272/4921/4477
f 3267/4916/4472 3274/4923/4479 3273/4922/4478
f 3274/4923/4479 3275/4924/4480 3273/4922/4478
f 3274/4923/4479 3276/4925/4481 3275/4924/4480
f 3276/4925/4481 3277/4926/4482 3275/4924/4480
f 3276/4925/4481 3274/4923/4479 3278/4927/4483
f 3274/4923/4479 3279/4928/4484 3278/4927/4483
f 3274/4923/4479 3267/4916/4485 3279/4928/4484
f 3267/4916/4485 3280/4929/4486 3279/4928/4484
f 3267/4916/4485 3268/4917/4487 3280/4929/4486
f 3268/4917/4487 3281/4930/4488 3280/4929/4486
f 3268/4917/4487 3261/4910/4489 3281/4930/4488
f 3261/4910/4489 3282/4931/4490 3281/4930/4488
f 3261/4910/4489 3262/4911/4491 3282/4931/4490
f 3262/4911/4491 3283/4932/4492 3282/4931/4490
f 3262/4911/4491 3259/4908/4493 3283/4932/4492
f 3259/4908/4493 3284/4933/4494 3283/4932/4492
f 3259/4908/4493 3256/4905/4495 3284/4933/4494
f 3256/4905/4495 3285/4934/4496 3284/4933/4494
f 3256/4905/4495 3253/4902/4497 3285/4934/4496
f 3253/4902/4497 3286/4935/4498 3285/4934/4496
f 3253/4936/4497 3250/4938/4499 3286/4937/4498
f 3250/4938/4499 3287/4939/4500 3286/4937/4498
f 3250/4938/4499 3248/4895/4453 3287/4939/4500
f 3248/4895/4453 3288/4940/4501 3287/4939/4500
f 3248/4895/4453 3235/4884/4441 3288/4940/4501
f 3235/4884/4441 3232/4881/4438 3288/4940/4501
f 3278/4941/4483 3279/4942/4484 3246/4893/4451
f 3279/4942/4484 3245/4892/4450 3246/4893/4451
f 3279/4942/4484 3280/4943/4486 3245/4892/4450
f 3280/4943/4486 3289/4944/4502 3245/4892/4450
f 3280/4943/4486 3281/4945/4488 3289/4944/4502
f 3281/4945/4488 3290/4946/4503 3289/4944/4502
f 3281/4945/4488 3282/4947/4490 3290/4946/4503
f 3282/4947/4490 3291/4948/4504 3290/4946/4503
f 3282/4947/4490 3283/4949/4492 3291/4948/4504
f 3283/4949/4492 3292/4950/4505 3291/4948/4504
f 3283/4949/4492 3284/4951/4494 3292/4950/4505
f 3284/4951/4494 3293/4952/4506 3292/4950/4505
f 3284/4951/4494 3285/4953/4496 3293/4952/4506
f 3285/4953/4496 3294/4954/4507 3293/4952/4506
f 3285/4953/4496 3286/4937/4498 3294/4954/4507
f 3286/4937/4498 3295/4955/4508 3294/4954/4507
f 3286/4937/4498 3287/4939/4500 3295/4955/4508
f 3287/4939/4500 3296/4956/4509 3295/4955/4508
f 3287/4939/4500 3288/4940/4501 3296/4956/4509
f 3288/4940/4501 3297/4957/4510 3296/4956/4509
f 3288/4940/4501 3232/4881/4438 3297/4957/4510
f 3196/4845/4408 3245/4892/4450 3205/4854/4415
f 3245/4892/4450 3204/4853/4414 3205/4854/4415
f 3245/4892/4450 3289/4944/4502 3204/4853/4414
f 3289/4944/4502 3202/4851/4413 3204/4853/4414
f 3289/4944/4502 3290/4946/4503 3202/4851/4413
f 3290/4946/4503 3222/4871/4428 3202/4851/4413
f 3290/4946/4503 3291/4948/4504 3222/4871/4428
f 3291/4948/4504 3215/4864/4421 3222/4871/4428
f 3291/4948/4504 3292/4950/4505 3215/4864/4421
f 3292/4950/4505 3216/4865/4422 3215/4864/4421
f 3292/4950/4505 3293/4952/4506 3216/4865/4422
f 3293/4952/4506 3217/4866/4423 3216/4865/4422
f 3293/4952/4506 3294/4954/4507 3217/4866/4423
f 3294/4954/4507 3219/4868/4425 3217/4866/4423
f 3294/4954/4507 3295/4955/4508 3219/4868/4425
f 3295/4955/4508 3207/4856/4416 3219/4868/4425
f 3295/4955/4508 3296/4956/4509 3207/4856/4416
f 3296/4956/4509 3200/4849/4412 3207/4856/4416
f 3296/4956/4509 3297/4957/4510 3200/4849/4412
f 3297/4957/4510 3233/4882/4439 3200/4849/4412
f 3297/4957/4510 3232/4881/4438 3233/4882/4439
f 3298/4958/4511 3300/4960/4513 3299/4959/4512
f 3176/4822/4390 3301/4961/4514 3197/4846/4409
f 3176/4822/4390 3302/4962/4515 3301/4961/4514
f 3302/4962/4515 3303/4963/4516 3301/4961/4514
f 3302/4962/4515 3304/4964/4517 3303/4963/4516
f 3304/4965/4517 3300/4960/4513 3303/4966/4516
f 3304/4965/4517 3305/4967/4518 3300/4960/4513
f 3305/4967/4518 3299/4959/4512 3300/4960/4513
f 3305/4967/4518 3306/4968/4519 3299/4959/4512
f 3277/4926/4482 3276/4925/4481 3298/4958/4511
f 3276/4925/4481 3300/4960/4513 3298/4958/4511
f 3276/4925/4481 3278/4927/4483 3300/4960/4513
f 3278/4927/4483 3303/4966/4516 3300/4960/4513
f 3278/4941/4483 3246/4893/4451 3303/4963/4516
f 3246/4893/4451 3301/4961/4514 3303/4963/4516
f 3246/4893/4451 3196/4845/4408 3301/4961/4514
f 3196/4845/4408 3197/4846/4409 3301/4961/4514
f 3307/4969/4520 3309/4971/4522 3308/4970/4521
f 3310/4972/4523 3311/4973/4524 3307/4969/4520
f 3311/4973/4524 3309/4971/4522 3307/4969/4520
f 3311/4974/4524 3312/4976/4525 3309/4975/4522
f 3312/4976/4525 3313/4977/4526 3309/4975/4522
f 3176/4822/4390 3174/4820/4388 3312/4976/4525
f 3174/4820/4388 3313/4977/4526 3312/4976/4525
f 3174/4820/4388 3182/4830/4396 3313/4977/4526
f 3306/4968/4519 3305/4967/4518 3310/4972/4523
f 3305/4967/4518 3311/4973/4524 3310/4972/4523
f 3305/4967/4518 3304/4965/4517 3311/4973/4524
f 3304/4964/4517 3312/4976/4525 3311/4974/4524
f 3304/4964/4517 3302/4962/4515 3312/4976/4525
f 3302/4962/4515 3176/4822/4390 3312/4976/4525
f 3314/4978/4527 3316/4980/34 3315/4979/4528
f 3317/4981/34 3319/4983/4529 3318/4982/34
f 3320/4984/4530 3322/4986/34 3321/4985/4531
f 3322/4986/34 3323/4987/34 3321/4985/4531
f 3319/4983/4529 3324/4988/4532 3318/4982/34
f 3324/4988/4532 3325/4989/34 3318/4982/34
f 3324/4988/4532 3326/4990/3494 3325/4989/34
f 3317/4981/34 3327/4991/34 3319/4983/4529
f 3327/4991/34 3328/4992/4533 3319/4983/4529
f 3327/4991/34 3329/4993/4534 3328/4992/4533
f 3322/4986/34 3320/4984/4530 3330/4994/34
f 3320/4984/4530 3331/4995/34 3330/4994/34
f 3320/4984/4530 3332/4996/4535 3331/4995/34
f 3332/4996/4535 3333/4997/34 3331/4995/34
f 3332/4996/4535 3334/4998/961 3333/4997/34
f 3335/4999/34 3337/5001/4537 3336/5000/4536
f 3338/5002/4538 3340/5004/34 3339/5003/4539
f 3335/4999/34 3341/5005/34 3337/5001/4537
f 3341/5005/34 3332/4996/4535 3337/5001/4537
f 3341/5005/34 3342/5006/34 3332/4996/4535
f 3342/5006/34 3334/4998/961 3332/4996/4535
s 0
f 3342/5006/959 3343/5007/959 3334/4998/959
s 1
f 3344/5008/34 3346/5010/34 3345/5009/4540
f 3346/5010/34 3324/4988/4532 3345/5009/4540
f 3347/5011/4541 3349/5013/34 3348/5012/4542
s 0
f 3350/5014/34 3352/5016/34 3351/5015/34
f 3352/5016/34 3353/5017/34 3351/5015/34
f 3352/5016/34 3354/5018/34 3353/5017/34
f 3354/5018/34 3327/4991/34 3353/5017/34
f 3354/5018/34 3355/5019/34 3327/4991/34
s 1
f 3355/5019/34 3329/4993/4534 3327/4991/34
s 0
f 3356/5020/34 3358/5022/34 3357/5021/34
f 3358/5022/34 3359/5023/34 3357/5021/34
f 3358/5022/961 3316/4980/961 3359/5023/961
f 3316/4980/34 3360/5024/34 3359/5023/34
s 1
f 3316/4980/34 3314/4978/4527 3360/5024/34
f 3361/5025/4543 3363/5027/34 3362/5026/4544
s 0
f 3364/5028/34 3315/4979/4545 3365/5029/34
f 3366/5030/34 3368/5032/34 3367/5031/34
f 3369/5033/34 3371/5035/34 3370/5034/34
f 3371/5035/961 3372/5036/961 3370/5034/961
f 3371/5035/34 3373/5037/34 3372/5036/34
f 3373/5037/34 3374/5038/34 3372/5036/34
f 3373/5037/34 3375/5039/34 3374/5038/34
f 3375/5039/34 3351/5015/34 3374/5038/34
f 3375/5039/34 3376/5040/34 3351/5015/34
f 3376/5040/34 3350/5014/34 3351/5015/34
f 3376/5040/4546 3377/5041/4546 3350/5014/4546
f 3377/5041/34 3378/5042/34 3350/5014/34
f 3377/5041/34 3379/5043/34 3378/5042/34
s 1
f 3380/5044/4547 3382/5046/34 3381/5045/4548
f 3383/5047/4549 3385/5049/4550 3384/5048/34
f 3385/5049/4550 3386/5050/34 3384/5048/34
f 3385/5049/4550 3387/5051/34 3386/5050/34
f 3388/5052/4551 3387/5051/34 3389/5053/4552
f 3387/5051/34 3390/5054/4553 3389/5053/4552
f 3387/5051/34 3385/5049/4550 3390/5054/4553
f 3388/5052/4551 3391/5055/4554 3387/5051/34
f 3391/5055/4554 3392/5056/34 3387/5051/34
f 3391/5055/4554 3393/5057/4555 3392/5056/34
f 3393/5057/4555 3394/5058/34 3392/5056/34
f 3393/5057/4555 3395/5059/4556 3394/5058/34
f 3396/5060/4557 3398/5062/34 3397/5061/4558
f 3398/5062/34 3399/5063/4559 3397/5061/4558
f 3398/5062/34 3400/5064/34 3399/5063/4559
f 3401/5065/34 3403/5067/4561 3402/5066/4560
f 3404/5068/4562 3406/5070/34 3405/5069/4563
f 3406/5070/34 3407/5071/4564 3405/5069/4563
f 3406/5070/34 3408/5072/34 3407/5071/4564
f 3409/5073/4565 3411/5075/4566 3410/5074/34
f 3411/5075/4566 3412/5076/34 3410/5074/34
f 3411/5075/4566 3413/5077/4567 3412/5076/34
f 3414/5078/34 3416/5080/4569 3415/5079/4568
f 3417/5081/4570 3419/5083/34 3418/5082/4571
f 3383/5047/4549 3384/5048/34 3420/5084/4572
f 3384/5048/34 3421/5085/4573 3420/5084/4572
f 3384/5048/34 3422/5086/34 3421/5085/4573
f 3422/5086/34 3423/5087/4574 3421/5085/4573
s 0
f 3367/5031/34 3368/5032/34 3364/5028/34
f 3368/5032/34 3315/4979/4545 3364/5028/34
f 3368/5032/34 3394/5058/34 3315/4979/4575
f 3394/5058/34 3424/5088/34 3315/4979/4575
s 1
f 3394/5058/34 3395/5059/4556 3424/5088/34
s 0
f 3343/5007/34 3425/5089/34 3334/4998/34
f 3425/5089/3494 3426/5090/3494 3334/4998/3494
f 3425/5089/34 3427/5091/34 3426/5090/34
f 3427/5091/34 3428/5092/34 3426/5090/34
f 3427/5091/34 3429/5093/34 3428/5092/34
f 3429/5093/34 3316/4980/34 3428/5092/34
f 3429/5093/3494 3430/5094/4576 3316/4980/3494
f 3430/5094/377 3315/4979/4545 3316/4980/377
f 3430/5094/3494 3431/5095/3494 3315/4979/4575
f 3431/5095/377 3365/5029/377 3315/4979/4575
f 3431/5095/34 3432/5096/34 3365/5029/34
f 3366/5030/34 3433/5097/34 3368/5032/34
f 3433/5097/34 3410/5074/34 3368/5032/34
f 3433/5097/3494 3340/5004/3494 3410/5074/3494
s 1
f 3340/5004/34 3409/5073/4565 3410/5074/34
f 3340/5004/34 3338/5002/4538 3409/5073/4565
s 0
f 3434/5098/34 3436/5100/34 3435/5099/34
f 3436/5100/34 3437/5101/34 3435/5099/34
s 1
f 3414/5078/34 3438/5102/34 3416/5080/4569
f 3438/5102/34 3439/5103/4577 3416/5080/4569
f 3438/5102/34 3440/5104/34 3439/5103/4577
f 3440/5104/34 3441/5105/4578 3439/5103/4577
f 3440/5104/34 3442/5106/4579 3441/5105/4578
f 3443/5107/4580 3445/5109/34 3444/5108/4581
s 0
f 3446/5110/34 3448/5112/34 3447/5111/34
f 3448/5112/34 3400/5064/34 3447/5111/34
f 3448/5112/34 3349/5013/34 3400/5064/34
s 1
f 3349/5013/34 3399/5063/4559 3400/5064/34
f 3349/5013/34 3347/5011/4541 3399/5063/4559
f 3417/5081/4570 3450/5114/4582 3449/5113/34
f 3450/5114/4582 3451/5115/34 3449/5113/34
f 3450/5114/4582 3452/5116/4583 3451/5115/34
f 3453/5117/3494 3455/5119/4584 3454/5118/34
f 3455/5119/4584 3456/5120/34 3454/5118/34
f 3455/5119/4584 3457/5121/34 3456/5120/34
s 0
f 3458/5122/34 3459/5123/34 3453/5117/34
f 3459/5123/34 3460/5124/34 3453/5117/34
f 3461/5125/34 3463/5127/34 3462/5126/34
f 3463/5127/34 3464/5128/34 3462/5126/34
f 3463/5127/34 3438/5102/34 3464/5128/34
f 3438/5102/34 3465/5129/34 3464/5128/34
f 3438/5102/34 3414/5078/34 3465/5129/34
f 3466/5130/34 3463/5127/34 3467/5131/34
f 3369/5033/34 3447/5111/34 3468/5132/34
f 3434/5098/34 3469/5133/34 3436/5100/34
f 3469/5133/34 3408/5072/34 3436/5100/34
f 3469/5133/34 3363/5027/34 3408/5072/34
s 1
f 3363/5027/34 3407/5071/4564 3408/5072/34
f 3363/5027/34 3361/5025/4543 3407/5071/4564
f 3380/5044/4547 3471/5135/4585 3470/5134/34
f 3471/5135/4585 3472/5136/34 3470/5134/34
f 3471/5135/4585 3473/5137/4586 3472/5136/34
s 0
f 3474/5138/4587 3356/5020/4587 3475/5139/4587
f 3476/5140/34 3477/5141/34 3369/5033/34
f 3477/5141/34 3447/5111/34 3369/5033/34
f 3477/5141/34 3478/5142/34 3447/5111/34
f 3478/5142/34 3446/5110/34 3447/5111/34
f 3476/5140/34 3480/5144/34 3479/5143/34
f 3436/5100/34 3482/5146/34 3481/5145/34
s 1
f 3483/5147/4588 3485/5149/34 3484/5148/4589
f 3485/5149/34 3486/5150/959 3484/5148/4589
s 0
f 3485/5149/34 3487/5151/34 3486/5150/34
f 3487/5151/4590 3485/5149/4590 3488/5152/4590
f 3485/5149/959 3489/5153/959 3488/5152/959
f 3485/5149/34 3490/5154/34 3489/5153/34
s 1
f 3491/5155/34 3493/5157/4591 3492/5156/3494
s 0
f 3460/5124/34 3437/5101/34 3453/5117/34
s 1
f 3437/5101/34 3455/5119/4584 3453/5117/3494
f 3437/5101/34 3436/5100/34 3455/5119/4584
f 3436/5100/34 3494/5158/377 3455/5119/4584
s 0
f 3436/5100/34 3481/5145/34 3494/5158/34
s 1
f 3443/5107/4580 3495/5159/4592 3445/5109/34
f 3495/5159/4592 3496/5160/34 3445/5109/34
f 3495/5159/4592 3497/5161/4593 3496/5160/34
f 3497/5161/4593 3498/5162/34 3496/5160/34
f 3497/5161/4593 3499/5163/4594 3498/5162/34
s 0
f 3500/5164/959 3502/5166/959 3501/5165/959
f 3502/5166/34 3503/5167/34 3501/5165/34
f 3502/5166/34 3496/5160/34 3503/5167/34
f 3496/5160/34 3504/5168/34 3503/5167/34
f 3496/5160/34 3498/5162/34 3504/5168/34
f 3476/5140/34 3369/5033/34 3480/5144/34
f 3369/5033/959 3505/5169/959 3480/5144/4590
f 3369/5033/34 3370/5034/34 3505/5169/34
f 3370/5034/34 3506/5170/34 3505/5169/34
f 3370/5034/34 3507/5171/34 3506/5170/34
f 3507/5171/959 3508/5172/959 3506/5170/959
f 3507/5171/959 3509/5173/959 3508/5172/959
f 3509/5173/961 3510/5174/961 3508/5172/961
f 3509/5173/34 3326/4990/34 3510/5174/34
f 3326/4990/377 3511/5175/377 3510/5174/377
s 1
f 3326/4990/3494 3324/4988/4532 3511/5175/34
f 3324/4988/4532 3512/5176/34 3511/5175/34
f 3324/4988/4532 3346/5010/34 3512/5176/34
f 3417/5081/4570 3449/5113/34 3419/5083/34
s 0
f 3449/5113/34 3513/5177/34 3419/5083/34
f 3449/5113/34 3485/5149/34 3513/5177/34
s 1
f 3514/5178/4595 3516/5180/34 3515/5179/4596
f 3516/5180/34 3517/5181/4597 3515/5179/4596
f 3516/5180/34 3457/5121/34 3517/5181/4597
f 3457/5121/34 3518/5182/4598 3517/5181/4597
f 3457/5121/34 3455/5119/4584 3518/5182/4598
f 3519/5183/377 3321/4985/4531 3520/5184/377
f 3321/4985/4531 3521/5185/377 3520/5184/377
f 3321/4985/4531 3323/4987/34 3521/5185/377
s 0
f 3474/5138/34 3475/5139/34 3466/5130/34
f 3475/5139/34 3463/5127/34 3466/5130/34
f 3475/5139/34 3522/5186/34 3463/5127/34
f 3522/5186/34 3523/5187/34 3463/5127/34
f 3522/5186/34 3369/5033/34 3523/5187/34
f 3369/5033/34 3524/5188/34 3523/5187/34
f 3369/5033/34 3468/5132/34 3524/5188/34
f 3379/5043/34 3377/5041/34 3436/5100/34
f 3377/5041/34 3482/5146/34 3436/5100/34
f 3377/5041/34 3525/5189/34 3482/5146/34
f 3525/5189/34 3526/5190/34 3482/5146/34
f 3525/5189/34 3527/5191/34 3526/5190/34
f 3527/5191/34 3528/5192/34 3526/5190/34
s 1
f 3527/5191/34 3529/5193/4599 3528/5192/34
f 3529/5193/4599 3490/5154/34 3528/5192/34
f 3529/5193/4599 3530/5194/4600 3490/5154/34
s 0
f 3530/5194/4601 3489/5153/34 3490/5154/34
s 1
f 3380/5044/4547 3470/5134/34 3382/5046/34
s 0
f 3470/5134/34 3531/5195/34 3382/5046/34
f 3470/5134/34 3459/5123/34 3531/5195/34
f 3459/5123/34 3532/5196/34 3531/5195/34
f 3459/5123/34 3458/5122/34 3532/5196/34
f 3519/5183/34 3520/5184/34 3533/5197/34
f 3520/5184/34 3534/5198/34 3533/5197/34
f 3520/5184/3494 3358/5022/3494 3534/5198/3494
f 3358/5022/34 3535/5199/34 3534/5198/34
f 3358/5022/34 3356/5020/34 3535/5199/34
f 3356/5020/34 3536/5200/34 3535/5199/34
f 3356/5020/34 3474/5138/34 3536/5200/34
s 1
f 3403/5067/4561 3485/5149/34 3537/5201/4602
f 3485/5149/34 3538/5202/4603 3537/5201/4602
f 3485/5149/34 3483/5147/4588 3538/5202/4603
f 3539/5203/4604 3540/5204/4605 3491/5155/34
f 3540/5204/4605 3493/5157/4591 3491/5155/34
f 3540/5204/4605 3541/5205/4606 3493/5157/4591
f 3542/5206/4607 3500/5164/4587 3543/5207/4608
s 0
f 3544/5208/34 3546/5210/34 3545/5209/4609
f 3546/5210/959 3547/5211/959 3545/5209/959
f 3546/5210/34 3548/5212/34 3547/5211/34
f 3548/5212/961 3549/5213/961 3547/5211/961
f 3548/5212/34 3550/5214/34 3549/5213/34
f 3550/5214/959 3551/5215/959 3549/5213/959
f 3550/5214/4610 3552/5216/4610 3551/5215/4610
f 3513/5177/34 3485/5149/34 3553/5217/34
f 3485/5149/34 3554/5218/34 3553/5217/34
s 1
f 3485/5149/34 3403/5067/4561 3554/5218/34
f 3555/5219/4611 3557/5221/4612 3556/5220/34
f 3557/5221/4612 3558/5222/4613 3556/5220/34
s 0
f 3467/5131/34 3463/5127/34 3559/5223/34
s 1
f 3463/5127/34 3542/5206/4607 3559/5223/34
f 3463/5127/34 3461/5125/34 3542/5206/4607
f 3461/5125/34 3500/5164/4587 3542/5206/4607
s 0
f 3461/5125/34 3560/5224/34 3500/5164/34
f 3560/5224/34 3502/5166/34 3500/5164/34
s 1
f 3561/5225/34 3563/5227/4615 3562/5226/4614
f 3563/5227/4615 3564/5228/4616 3562/5226/4614
f 3563/5227/4615 3552/5216/34 3564/5228/4616
f 3552/5216/34 3493/5157/4591 3564/5228/4616
f 3552/5216/34 3550/5214/34 3493/5157/4591
f 3550/5214/34 3492/5156/3494 3493/5157/4591
f 3554/5218/34 3403/5067/4561 3565/5229/34
f 3403/5067/4561 3566/5230/34 3565/5229/34
f 3403/5067/4561 3567/5231/34 3566/5230/34
f 3558/5222/4613 3568/5232/4617 3556/5220/34
f 3568/5232/4617 3569/5233/34 3556/5220/34
f 3568/5232/4617 3542/5206/4607 3569/5233/34
f 3542/5206/4607 3570/5234/34 3569/5233/34
f 3542/5206/4607 3543/5207/4608 3570/5234/34
s 0
f 3546/5210/34 3544/5208/34 3401/5065/34
s 1
f 3544/5208/34 3403/5067/4561 3401/5065/34
f 3544/5208/34 3571/5235/34 3403/5067/4561
f 3571/5235/34 3567/5231/34 3403/5067/4561
f 3450/5114/4582 3573/5237/4619 3572/5236/4618
f 3574/5238/4620 3421/5085/4573 3423/5087/4574
f 3575/5239/4621 3577/5241/4623 3576/5240/4622
f 3578/5242/4624 3518/5182/4598 3455/5119/4584
f 3579/5243/4625 3580/5244/4626 3381/5045/4548
f 3581/5245/4627 3361/5025/4543 3362/5026/4544
f 3582/5246/4628 3328/4992/4533 3329/4993/4534
f 3583/5247/4629 3347/5011/4541 3348/5012/4542
f 3584/5248/4630 3441/5105/4578 3442/5106/4579
f 3585/5249/4631 3443/5107/4580 3444/5108/4581
f 3586/5250/4632 3557/5221/4612 3555/5219/4611
f 3587/5251/4633 3320/4984/4530 3321/4985/4531
f 3588/5252/4634 3338/5002/4538 3339/5003/4539
f 3588/5252/4634 3590/5254/4636 3589/5253/4635
f 3590/5254/4637 3591/5255/4638 3589/5253/4635
f 3590/5254/4639 3592/5256/4640 3591/5255/4638
f 3587/5251/4633 3594/5258/4642 3593/5257/4641
f 3587/5251/4633 3595/5259/4643 3594/5258/4642
f 3595/5259/4643 3596/5260/4644 3594/5258/4642
f 3595/5259/4643 3597/5261/4645 3596/5260/4644
f 3586/5250/4632 3599/5263/4647 3598/5262/4646
s 0
f 3599/5264/4648 3600/5266/4648 3598/5265/4648
s 1
f 3599/5263/4649 3601/5268/4651 3600/5267/4650
f 3585/5249/4631 3603/5270/4653 3602/5269/4652
f 3604/5271/4654 3603/5270/4653 3605/5272/4655
f 3603/5270/4653 3606/5273/4656 3605/5272/4655
f 3603/5270/4653 3585/5249/4631 3606/5273/4656
f 3584/5248/4630 3608/5275/4658 3607/5274/4657
f 3608/5276/4659 3609/5278/4660 3607/5277/4657
f 3608/5275/4661 3610/5280/4662 3609/5279/4660
f 3583/5247/4629 3612/5282/4664 3611/5281/4663
f 3613/5283/4665 3612/5282/4664 3614/5284/4666
f 3612/5282/4664 3615/5285/4667 3614/5284/4666
f 3612/5282/4664 3583/5247/4629 3615/5285/4667
f 3582/5246/4628 3617/5287/4669 3616/5286/4668
f 3617/5287/4670 3618/5288/4671 3616/5286/4668
f 3617/5287/4672 3619/5289/4673 3618/5288/4671
f 3581/5245/4627 3621/5291/4675 3620/5290/4674
f 3621/5291/4675 3622/5292/4676 3620/5290/4674
f 3621/5291/4675 3623/5293/4677 3622/5292/4676
f 3623/5293/4677 3624/5294/4678 3622/5292/4676
f 3580/5244/4626 3625/5295/4679 3381/5045/4548
f 3579/5243/4625 3626/5296/4680 3580/5244/4626
f 3626/5296/4681 3627/5297/4682 3580/5244/4626
f 3626/5296/4683 3628/5298/4684 3627/5297/4682
f 3578/5242/4624 3630/5300/4686 3629/5299/4685
f 3630/5300/4686 3631/5301/4687 3629/5299/4685
f 3630/5300/4686 3632/5302/4688 3631/5301/4687
f 3572/5236/4618 3631/5301/4687 3450/5114/4582
f 3631/5301/4687 3452/5116/4583 3450/5114/4582
f 3631/5301/4687 3632/5302/4688 3452/5116/4583
f 3633/5303/4689 3562/5226/4614 3564/5228/4616
f 3562/5226/4614 3633/5303/4689 3634/5304/4690
f 3633/5303/4689 3635/5305/4691 3634/5304/4690
f 3633/5303/4689 3636/5306/4693 3635/5305/4692
f 3541/5205/4606 3637/5307/4694 3493/5157/4591
f 3637/5307/4694 3638/5308/4695 3493/5157/4591
f 3637/5307/4694 3639/5309/4696 3638/5308/4695
f 3639/5309/4696 3640/5310/4697 3638/5308/4695
f 3640/5310/4697 3641/5311/4698 3638/5308/4695
f 3640/5310/4697 3642/5312/4699 3641/5311/4698
f 3642/5312/4699 3643/5313/4700 3641/5311/4698
f 3643/5313/4700 3644/5314/4701 3641/5311/4698
f 3643/5313/4700 3645/5315/4702 3644/5314/4701
f 3646/5316/4703 3648/5318/4705 3647/5317/4704
f 3648/5318/4705 3575/5239/4621 3647/5317/4704
f 3649/5319/4706 3651/5321/4708 3650/5320/4707
f 3651/5321/4708 3646/5316/4703 3650/5320/4707
f 3420/5084/4572 3421/5085/4573 3649/5319/4706
f 3421/5085/4573 3651/5321/4708 3649/5319/4706
f 3421/5085/4573 3574/5238/4620 3651/5321/4708
f 3574/5238/4620 3652/5322/4709 3651/5321/4708
f 3574/5238/4620 3653/5323/4710 3652/5322/4709
f 3653/5323/4710 3654/5324/4711 3652/5322/4709
f 3653/5323/4710 3655/5325/4712 3654/5324/4711
f 3588/5252/4634 3589/5253/4635 3338/5002/4538
f 3589/5253/4635 3409/5073/4565 3338/5002/4538
f 3589/5253/4635 3656/5326/4713 3409/5073/4565
f 3656/5326/4713 3411/5075/4566 3409/5073/4565
f 3656/5326/4713 3654/5324/4711 3411/5075/4566
f 3654/5324/4711 3413/5077/4567 3411/5075/4566
f 3654/5324/4711 3655/5325/4712 3413/5077/4567
f 3587/5251/4633 3593/5257/4641 3320/4984/4530
f 3593/5257/4641 3332/4996/4535 3320/4984/4530
f 3593/5257/4641 3657/5327/4714 3332/4996/4535
f 3657/5327/4714 3337/5001/4537 3332/4996/4535
f 3657/5327/4714 3591/5255/4638 3337/5001/4537
f 3591/5255/4638 3336/5000/4536 3337/5001/4537
f 3591/5255/4638 3592/5256/4640 3336/5000/4536
f 3586/5250/4632 3598/5262/4646 3557/5221/4612
f 3598/5262/4646 3558/5222/4613 3557/5221/4612
f 3598/5262/4646 3658/5328/4715 3558/5222/4613
f 3658/5328/4715 3568/5232/4617 3558/5222/4613
f 3658/5328/4715 3596/5260/4644 3568/5232/4617
f 3596/5260/4644 3542/5206/4607 3568/5232/4617
f 3596/5260/4644 3597/5261/4645 3542/5206/4607
f 3585/5249/4631 3602/5269/4652 3443/5107/4580
f 3602/5269/4652 3495/5159/4592 3443/5107/4580
f 3602/5269/4652 3659/5329/4716 3495/5159/4592
f 3659/5329/4716 3497/5161/4593 3495/5159/4592
f 3659/5329/4716 3600/5267/4650 3497/5161/4593
f 3600/5267/4650 3499/5163/4594 3497/5161/4593
f 3600/5267/4650 3601/5268/4651 3499/5163/4594
f 3584/5248/4630 3607/5274/4657 3441/5105/4578
f 3607/5274/4657 3439/5103/4577 3441/5105/4578
f 3607/5274/4657 3660/5330/4717 3439/5103/4577
f 3660/5330/4717 3416/5080/4569 3439/5103/4577
f 3660/5330/4717 3604/5271/4654 3416/5080/4569
f 3604/5271/4654 3415/5079/4568 3416/5080/4569
f 3604/5271/4654 3605/5272/4655 3415/5079/4568
f 3583/5247/4629 3611/5281/4663 3347/5011/4541
f 3611/5281/4663 3399/5063/4559 3347/5011/4541
f 3611/5281/4663 3661/5331/4718 3399/5063/4559
f 3661/5331/4718 3397/5061/4558 3399/5063/4559
f 3661/5331/4718 3609/5279/4660 3397/5061/4558
f 3609/5279/4660 3396/5060/4557 3397/5061/4558
f 3609/5279/4660 3610/5280/4662 3396/5060/4557
f 3582/5246/4628 3616/5286/4668 3328/4992/4533
f 3616/5286/4668 3319/4983/4529 3328/4992/4533
f 3616/5286/4668 3662/5332/4719 3319/4983/4529
f 3662/5332/4719 3324/4988/4532 3319/4983/4529
f 3662/5332/4719 3613/5283/4665 3324/4988/4532
f 3613/5283/4665 3345/5009/4540 3324/4988/4532
f 3613/5283/4665 3614/5284/4666 3345/5009/4540
f 3581/5245/4627 3620/5290/4674 3361/5025/4543
f 3620/5290/4674 3407/5071/4564 3361/5025/4543
f 3620/5290/4674 3663/5333/4720 3407/5071/4564
f 3663/5333/4720 3405/5069/4563 3407/5071/4564
f 3663/5333/4720 3618/5288/4671 3405/5069/4563
f 3618/5288/4671 3404/5068/4562 3405/5069/4563
f 3618/5288/4671 3619/5289/4673 3404/5068/4562
f 3381/5045/4548 3625/5295/4679 3380/5044/4547
f 3625/5295/4679 3471/5135/4585 3380/5044/4547
f 3625/5295/4679 3624/5294/4678 3471/5135/4585
f 3624/5294/4678 3473/5137/4586 3471/5135/4585
f 3624/5294/4678 3623/5293/4677 3473/5137/4586
f 3578/5242/4624 3629/5299/4685 3518/5182/4598
f 3629/5299/4685 3517/5181/4597 3518/5182/4598
f 3629/5299/4685 3664/5334/4721 3517/5181/4597
f 3664/5334/4721 3515/5179/4596 3517/5181/4597
f 3664/5334/4721 3627/5297/4682 3515/5179/4596
f 3627/5297/4682 3514/5178/4595 3515/5179/4596
f 3627/5297/4682 3628/5298/4684 3514/5178/4595
f 3635/5305/4722 3636/5306/4693 3665/5335/4723
f 3636/5306/4693 3418/5082/4571 3665/5335/4723
f 3636/5306/4693 3573/5237/4619 3418/5082/4571
f 3573/5237/4619 3417/5081/4570 3418/5082/4571
f 3573/5237/4619 3450/5114/4582 3417/5081/4570
f 3575/5239/4621 3648/5318/4705 3577/5241/4623
f 3648/5318/4705 3666/5336/4724 3577/5241/4623
f 3648/5318/4705 3667/5337/4725 3666/5336/4724
f 3667/5337/4725 3668/5338/4726 3666/5336/4724
f 3667/5337/4725 3669/5339/4727 3668/5338/4726
f 3669/5339/4727 3670/5340/4728 3668/5338/4726
f 3669/5339/4727 3671/5341/4729 3670/5340/4728
f 3671/5341/4729 3672/5342/4730 3670/5340/4728
f 3671/5341/4729 3673/5343/4731 3672/5342/4730
f 3673/5343/4731 3674/5344/4732 3672/5342/4730
f 3673/5343/4731 3675/5345/4733 3674/5344/4732
f 3675/5345/4733 3676/5346/4734 3674/5344/4732
f 3675/5345/4733 3677/5347/4735 3676/5346/4734
f 3677/5347/4735 3678/5348/4736 3676/5346/4734
f 3677/5347/4735 3679/5349/4737 3678/5348/4736
f 3679/5349/4737 3680/5350/4738 3678/5348/4736
f 3679/5349/4737 3681/5351/4739 3680/5350/4738
f 3681/5352/4739 3682/5354/4740 3680/5353/4738
f 3681/5352/4739 3683/5355/4741 3682/5354/4740
f 3683/5355/4741 3684/5356/4742 3682/5354/4740
f 3683/5355/4741 3685/5357/4743 3684/5356/4742
f 3685/5357/4743 3686/5358/4744 3684/5356/4742
f 3685/5357/4743 3687/5359/4745 3686/5358/4744
f 3687/5359/4745 3688/5360/4746 3686/5358/4744
f 3687/5359/4745 3689/5361/4747 3688/5360/4746
f 3689/5361/4747 3690/5362/4748 3688/5360/4746
f 3689/5361/4747 3691/5363/4749 3690/5362/4748
f 3691/5363/4749 3692/5364/4750 3690/5362/4748
f 3691/5363/4749 3693/5365/4751 3692/5364/4750
f 3693/5365/4751 3694/5366/4752 3692/5364/4750
f 3693/5365/4751 3695/5367/4753 3694/5366/4752
f 3695/5367/4753 3696/5368/4754 3694/5366/4752
f 3695/5367/4753 3697/5369/4755 3696/5368/4754
f 3697/5369/4755 3698/5370/4756 3696/5368/4754
f 3697/5369/4755 3699/5371/4757 3698/5370/4756
f 3699/5371/4757 3700/5372/4758 3698/5370/4756
f 3699/5371/4757 3701/5373/4759 3700/5372/4758
f 3701/5373/4759 3702/5374/4760 3700/5372/4758
f 3701/5373/4759 3703/5375/4761 3702/5374/4760
f 3703/5375/4761 3704/5376/4762 3702/5374/4760
f 3703/5375/4761 3705/5377/4763 3704/5376/4762
f 3705/5377/4763 3706/5378/4764 3704/5376/4762
f 3705/5377/4763 3707/5379/4765 3706/5378/4764
f 3707/5379/4765 3708/5380/4766 3706/5378/4764
f 3707/5379/4765 3709/5381/4767 3708/5380/4766
f 3709/5381/4767 3710/5382/4768 3708/5380/4766
f 3709/5381/4767 3711/5383/4769 3710/5382/4768
f 3711/5383/4769 3712/5384/4770 3710/5382/4768
f 3711/5383/4769 3713/5385/4771 3712/5384/4770
f 3713/5385/4771 3714/5386/4772 3712/5384/4770
f 3713/5385/4771 3715/5387/4773 3714/5386/4772
f 3715/5388/4773 3716/5390/4774 3714/5389/4772
f 3715/5388/4773 3717/5391/4775 3716/5390/4774
f 3717/5391/4775 3718/5392/4776 3716/5390/4774
f 3717/5391/4775 3719/5393/4777 3718/5392/4776
f 3719/5393/4777 3720/5394/4778 3718/5392/4776
f 3719/5393/4777 3721/5395/4779 3720/5394/4778
f 3721/5395/4779 3722/5396/4780 3720/5394/4778
f 3721/5395/4779 3723/5397/4781 3722/5396/4780
f 3723/5397/4781 3724/5398/4782 3722/5396/4780
f 3723/5397/4781 3725/5399/4783 3724/5398/4782
f 3725/5399/4783 3726/5400/4784 3724/5398/4782
f 3725/5399/4783 3727/5401/4785 3726/5400/4784
f 3727/5401/4785 3728/5402/4786 3726/5400/4784
f 3727/5401/4785 3729/5403/4787 3728/5402/4786
f 3729/5403/4787 3730/5404/4788 3728/5402/4786
f 3729/5403/4787 3731/5405/4789 3730/5404/4788
f 3731/5405/4789 3732/5406/4790 3730/5404/4788
f 3731/5405/4789 3733/5407/4791 3732/5406/4790
f 3733/5407/4791 3734/5408/4792 3732/5406/4790
f 3733/5407/4791 3735/5409/4793 3734/5408/4792
f 3735/5409/4793 3736/5410/4794 3734/5408/4792
f 3735/5409/4793 3737/5411/4795 3736/5410/4794
f 3737/5411/4795 3738/5412/4796 3736/5410/4794
f 3737/5411/4795 3739/5413/4797 3738/5412/4796
f 3739/5413/4797 3740/5414/4798 3738/5412/4796
f 3739/5413/4797 3741/5415/4799 3740/5414/4798
f 3741/5415/4799 3742/5416/4800 3740/5414/4798
f 3741/5415/4799 3743/5417/4801 3742/5416/4800
f 3743/5417/4801 3744/5418/4802 3742/5416/4800
f 3743/5417/4801 3745/5419/4803 3744/5418/4802
f 3646/5316/4703 3651/5321/4708 3648/5318/4705
f 3651/5321/4708 3667/5337/4725 3648/5318/4705
f 3651/5321/4708 3652/5322/4709 3667/5337/4725
f 3652/5322/4709 3669/5339/4727 3667/5337/4725
f 3652/5322/4709 3654/5324/4711 3669/5339/4727
f 3654/5324/4711 3671/5341/4729 3669/5339/4727
f 3654/5324/4711 3656/5326/4713 3671/5341/4729
f 3656/5326/4713 3673/5343/4731 3671/5341/4729
f 3656/5326/4713 3589/5253/4635 3673/5343/4731
f 3589/5253/4635 3675/5345/4733 3673/5343/4731
f 3589/5253/4635 3591/5255/4638 3675/5345/4733
f 3591/5255/4638 3677/5347/4735 3675/5345/4733
f 3591/5255/4638 3657/5327/4714 3677/5347/4735
f 3657/5327/4714 3679/5349/4737 3677/5347/4735
f 3657/5327/4714 3593/5257/4641 3679/5349/4737
f 3593/5257/4641 3681/5351/4739 3679/5349/4737
f 3593/5257/4641 3594/5258/4642 3681/5351/4739
f 3594/5258/4642 3683/5420/4741 3681/5351/4739
f 3594/5258/4642 3596/5260/4644 3683/5420/4741
f 3596/5260/4644 3685/5421/4743 3683/5420/4741
f 3596/5260/4644 3658/5328/4715 3685/5421/4743
f 3658/5328/4715 3687/5422/4745 3685/5421/4743
f 3658/5328/4715 3598/5262/4646 3687/5422/4745
f 3598/5262/4646 3689/5423/4747 3687/5422/4745
f 3598/5262/4646 3600/5267/4650 3689/5423/4747
f 3600/5267/4650 3691/5424/4749 3689/5423/4747
f 3600/5267/4650 3659/5329/4716 3691/5424/4749
f 3659/5329/4716 3693/5425/4751 3691/5424/4749
f 3659/5329/4716 3602/5269/4652 3693/5425/4751
f 3602/5269/4652 3695/5426/4753 3693/5425/4751
f 3602/5269/4652 3603/5270/4653 3695/5426/4753
f 3603/5270/4653 3697/5427/4755 3695/5426/4753
f 3603/5270/4653 3604/5271/4654 3697/5427/4755
f 3604/5271/4654 3699/5428/4757 3697/5427/4755
f 3604/5271/4654 3660/5330/4717 3699/5428/4757
f 3660/5330/4717 3701/5429/4759 3699/5428/4757
f 3660/5330/4717 3607/5274/4657 3701/5429/4759
f 3607/5274/4657 3703/5430/4761 3701/5429/4759
f 3607/5274/4657 3609/5279/4660 3703/5430/4761
f 3609/5279/4660 3705/5431/4763 3703/5430/4761
f 3609/5279/4660 3661/5331/4718 3705/5431/4763
f 3661/5331/4718 3707/5432/4765 3705/5431/4763
f 3661/5331/4718 3611/5281/4663 3707/5432/4765
f 3611/5281/4663 3709/5433/4767 3707/5432/4765
f 3611/5281/4663 3612/5282/4664 3709/5433/4767
f 3612/5282/4664 3711/5434/4769 3709/5433/4767
f 3612/5282/4664 3613/5283/4665 3711/5434/4769
f 3613/5283/4665 3713/5435/4771 3711/5434/4769
f 3613/5283/4665 3662/5332/4719 3713/5435/4771
f 3662/5332/4719 3715/5388/4773 3713/5435/4771
f 3662/5332/4719 3616/5286/4668 3715/5388/4773
f 3616/5286/4668 3717/5391/4775 3715/5388/4773
f 3616/5286/4668 3618/5288/4671 3717/5391/4775
f 3618/5288/4671 3719/5393/4777 3717/5391/4775
f 3618/5288/4671 3663/5333/4720 3719/5393/4777
f 3663/5333/4720 3721/5395/4779 3719/5393/4777
f 3663/5333/4720 3620/5290/4674 3721/5395/4779
f 3620/5290/4674 3723/5397/4781 3721/5395/4779
f 3620/5290/4674 3622/5292/4676 3723/5397/4781
f 3622/5292/4676 3725/5399/4783 3723/5397/4781
f 3622/5292/4676 3624/5294/4678 3725/5399/4783
f 3624/5294/4678 3727/5401/4785 3725/5399/4783
f 3624/5294/4678 3625/5295/4679 3727/5401/4785
f 3625/5295/4679 3729/5403/4787 3727/5401/4785
f 3625/5295/4679 3580/5244/4626 3729/5403/4787
f 3580/5244/4626 3731/5405/4789 3729/5403/4787
f 3580/5244/4626 3627/5297/4682 3731/5405/4789
f 3627/5297/4682 3733/5407/4791 3731/5405/4789
f 3627/5297/4682 3664/5334/4721 3733/5407/4791
f 3664/5334/4721 3735/5409/4793 3733/5407/4791
f 3664/5334/4721 3629/5299/4685 3735/5409/4793
f 3629/5299/4685 3737/5411/4795 3735/5409/4793
f 3629/5299/4685 3631/5301/4687 3737/5411/4795
f 3631/5301/4687 3739/5413/4797 3737/5411/4795
f 3631/5301/4687 3572/5236/4618 3739/5413/4797
f 3572/5236/4618 3741/5415/4799 3739/5413/4797
f 3572/5236/4618 3573/5237/4619 3741/5415/4799
f 3573/5237/4619 3743/5417/4801 3741/5415/4799
f 3573/5237/4619 3636/5306/4693 3743/5417/4801
f 3636/5306/4693 3745/5419/4803 3743/5417/4801
f 3636/5306/4693 3633/5303/4689 3745/5419/4803
f 3744/5418/4802 3745/5419/4803 3644/5314/4701
f 3745/5419/4803 3641/5311/4698 3644/5314/4701
f 3745/5419/4803 3633/5303/4689 3641/5311/4698
f 3633/5303/4689 3638/5308/4695 3641/5311/4698
f 3633/5303/4689 3564/5228/4616 3638/5308/4695
f 3564/5228/4616 3493/5157/4591 3638/5308/4695
f 3746/5436/4804 3748/5438/4806 3747/5437/4805
f 3749/5439/4807 3751/5441/4809 3750/5440/4808
f 3751/5441/4809 3752/5442/4810 3750/5440/4808
f 3752/5442/4810 3753/5443/4811 3750/5440/4808
f 3752/5444/4810 3754/5446/4812 3753/5445/4811
f 3755/5447/4813 3750/5449/4808 3756/5448/4814
f 3750/5449/4808 3757/5450/4815 3756/5448/4814
f 3750/5440/4808 3753/5443/4811 3757/5451/4815
f 3758/5452/4816 3760/5454/4818 3759/5453/4817
f 3746/5436/4804 3761/5455/4819 3748/5438/4806
f 3751/5441/4809 3763/5457/4821 3762/5456/4820
f 3763/5457/4821 3764/5458/4822 3762/5456/4820
f 3763/5457/4821 3765/5459/4823 3764/5458/4822
f 3765/5459/4823 3766/5460/4824 3764/5458/4822
f 3765/5459/4823 3761/5455/4819 3766/5460/4824
f 3761/5455/4819 3765/5459/4823 3748/5438/4806
f 3765/5459/4823 3767/5461/4825 3748/5438/4806
f 3765/5459/4823 3768/5462/4826 3767/5461/4825
f 3768/5462/4826 3769/5463/4827 3767/5461/4825
f 3768/5462/4826 3770/5464/4828 3769/5463/4827
f 3751/5441/4809 3749/5439/4807 3763/5457/4821
f 3749/5439/4807 3765/5459/4823 3763/5457/4821
f 3749/5439/4807 3771/5465/4829 3765/5459/4823
f 3771/5465/4829 3768/5462/4826 3765/5459/4823
f 3771/5465/4829 3772/5466/4830 3768/5462/4826
f 3772/5466/4830 3770/5464/4828 3768/5462/4826
f 3772/5466/4830 3773/5467/4831 3770/5464/4828
f 3755/5447/4813 3774/4528/4832 3750/5449/4808
f 3774/5468/4832 3749/5470/4807 3750/5469/4808
f 3774/5471/4832 3775/5472/4833 3749/5439/4807
f 3775/5472/4833 3771/5465/4829 3749/5439/4807
f 3775/5472/4833 3776/5473/4834 3771/5465/4829
f 3776/5473/4834 3772/5466/4830 3771/5465/4829
f 3776/5473/4834 3777/5474/4835 3772/5466/4830
f 3777/5474/4835 3773/5467/4831 3772/5466/4830
f 3777/5474/4835 3778/5475/4836 3773/5467/4831
f 3778/5475/4836 3777/5474/4835 3779/5476/4837
f 3777/5474/4835 3780/5477/4838 3779/5476/4837
f 3777/5478/4835 3776/5480/4834 3780/5479/4838
f 3776/5480/4834 3758/5452/4816 3780/5479/4838
f 3776/5480/4834 3775/5481/4833 3758/5452/4816
f 3775/5481/4833 3760/5454/4818 3758/5452/4816
f 3775/5481/4833 3774/5482/4832 3760/5454/4818
f 3774/5482/4832 3781/5483/4839 3760/5454/4818
f 3774/5482/4832 3755/5484/4813 3781/5483/4839
f 3782/5485/4840 3778/5475/4836 3783/5486/4841
f 3778/5475/4836 3784/5487/4842 3783/5486/4841
f 3778/5475/4836 3779/5476/4837 3784/5487/4842
f 3785/5488/4843 3787/5490/4845 3786/5489/4844
f 3788/5491/4846 3790/5493/4848 3789/5492/4847
f 3790/5493/4848 3791/5494/4849 3789/5492/4847
f 3790/5493/4848 3792/5495/4850 3791/5494/4849
f 3792/5495/4850 3785/5488/4843 3791/5494/4849
f 3792/5495/4850 3793/5496/4851 3785/5488/4843
f 3793/5496/4851 3787/5490/4845 3785/5488/4843
f 3769/5463/4827 3770/5464/4828 3786/5489/4844
f 3770/5464/4828 3785/5488/4843 3786/5489/4844
f 3770/5464/4828 3773/5467/4831 3785/5488/4843
f 3773/5467/4831 3791/5494/4849 3785/5488/4843
f 3773/5467/4831 3778/5475/4836 3791/5494/4849
f 3778/5475/4836 3789/5492/4847 3791/5494/4849
f 3778/5475/4836 3782/5485/4840 3789/5492/4847
f 3782/5485/4840 3788/5491/4846 3789/5492/4847
f 3782/5485/4840 3794/5497/4852 3788/5491/4846
f 3795/5498/4853 3797/5500/4855 3796/5499/4854
f 3797/5500/4855 3798/5501/4856 3796/5499/4854
f 3797/5500/4855 3799/5502/4857 3798/5501/4856
f 3799/5502/4857 3800/5503/4858 3798/5501/4856
f 3800/5503/4858 3801/5504/4859 3798/5501/4856
f 3800/5503/4858 3802/5505/4860 3801/5504/4859
f 3803/5506/4861 3805/5508/4863 3804/5507/4862
f 3806/5509/4864 3808/5511/4866 3807/5510/4865
f 3808/5511/4866 3809/5512/4867 3807/5510/4865
f 3808/5511/4866 3810/5513/4868 3809/5512/4867
f 3810/5513/4868 3803/5506/4861 3809/5512/4867
f 3810/5513/4868 3811/5514/4869 3803/5506/4861
f 3811/5514/4869 3805/5508/4863 3803/5506/4861
f 3811/5514/4869 3812/5515/4870 3805/5508/4863
f 3813/5516/4871 3814/5517/4872 3796/5499/4854
f 3814/5517/4872 3795/5498/4853 3796/5499/4854
f 3814/5517/4872 3815/5518/4873 3795/5498/4853
f 3816/5519/4874 3812/5515/4870 3802/5505/4860
f 3812/5515/4870 3801/5504/4859 3802/5505/4860
f 3812/5515/4870 3811/5514/4869 3801/5504/4859
f 3811/5514/4869 3798/5501/4856 3801/5504/4859
f 3811/5514/4869 3810/5513/4868 3798/5501/4856
f 3810/5513/4868 3796/5499/4854 3798/5501/4856
f 3810/5513/4868 3808/5511/4866 3796/5499/4854
f 3808/5511/4866 3813/5516/4871 3796/5499/4854
f 3808/5511/4866 3806/5509/4864 3813/5516/4871
f 3817/5520/4875 3819/5522/4877 3818/5521/4876
f 3817/5520/4875 3820/5523/4878 3819/5522/4877
f 3821/5524/4879 3823/5526/4881 3822/5525/4880
f 3823/5526/4881 3824/5527/4882 3822/5525/4880
f 3823/5526/4881 3825/5528/4883 3824/5527/4882
f 3825/5528/4883 3826/5529/4884 3824/5527/4882
f 3826/5529/4884 3827/5530/4885 3824/5527/4882
f 3826/5529/4884 3828/5531/4886 3827/5530/4885
f 3829/5532/4887 3828/5531/4886 3830/5533/4888
f 3828/5531/4886 3829/5532/4887 3827/5530/4885
f 3829/5532/4887 3814/5517/4872 3827/5530/4885
f 3829/5532/4887 3815/5518/4873 3814/5517/4872
f 3803/5506/4861 3822/5525/4880 3809/5512/4867
f 3822/5525/4880 3807/5510/4865 3809/5512/4867
f 3822/5525/4880 3824/5527/4882 3807/5510/4865
f 3824/5527/4882 3806/5509/4864 3807/5510/4865
f 3824/5527/4882 3827/5530/4885 3806/5509/4864
f 3827/5530/4885 3813/5516/4871 3806/5509/4864
f 3827/5530/4885 3814/5517/4872 3813/5516/4871
f 3804/5507/4862 3819/5522/4877 3803/5506/4861
f 3819/5522/4877 3822/5525/4880 3803/5506/4861
f 3819/5522/4877 3820/5523/4878 3822/5525/4880
f 3820/5523/4878 3821/5524/4879 3822/5525/4880
f 3831/5534/4889 3833/5536/4891 3832/5535/4890
f 3834/5537/4892 3836/5539/4894 3835/5538/4893
f 3837/5540/4895 3838/5541/4897 3315/4979/4896
f 3838/5541/4898 3314/4978/4527 3315/4979/4528
f 3838/5542/4899 3360/5544/4901 3314/5543/4900
f 3839/5545/4902 3841/5547/4904 3840/5546/4903
f 3841/5547/4904 3395/5548/4905 3840/5546/4903
f 3841/5549/4904 3837/5540/4895 3395/5059/4905
f 3837/5540/4895 3424/5088/4906 3395/5059/4905
f 3837/5540/4895 3315/4979/4907 3424/5088/4906
f 3842/5550/4908 3843/5551/4909 3385/5049/4550
f 3843/5551/4909 3390/5054/4553 3385/5049/4550
f 3843/5551/4909 3389/5053/4552 3390/5054/4553
f 3389/5053/4552 3843/5551/4909 3388/5052/4551
f 3843/5551/4909 3391/5055/4554 3388/5052/4551
f 3843/5551/4909 3840/5552/4910 3391/5055/4554
f 3840/5552/4910 3393/5057/4555 3391/5055/4554
f 3840/5552/4910 3395/5059/4556 3393/5057/4555
f 3844/5553/4911 3846/5555/4913 3845/5554/4912
f 3846/5555/4913 3847/5556/4914 3845/5554/4912
f 3846/5555/4913 3848/5557/4915 3847/5556/4914
f 3832/5535/4890 3833/5536/4891 3834/5537/4892
f 3833/5536/4891 3836/5539/4894 3834/5537/4892
f 3833/5558/4916 3844/5553/4911 3836/5559/4894
f 3844/5560/4911 3849/5561/4917 3836/5539/4894
f 3844/5553/4911 3845/5554/4912 3849/5562/4917
f 3839/5545/4902 3840/5546/4903 3831/5534/4889
f 3840/5546/4903 3833/5536/4891 3831/5534/4889
f 3840/5552/4910 3843/5551/4909 3833/5558/4916
f 3843/5551/4909 3844/5553/4911 3833/5558/4916
f 3843/5551/4909 3842/5550/4908 3844/5553/4911
f 3842/5550/4908 3846/5555/4913 3844/5553/4911
f 3850/5563/4918 3852/5565/4920 3851/5564/4919
f 3853/5566/4921 3855/5568/4923 3854/5567/4922
f 3845/5554/4912 3856/5569/4924 3849/5562/4917
f 3836/5539/4894 3857/5570/4925 3835/5538/4893
f 3849/5561/4917 3858/5571/4926 3836/5539/4894
f 3854/5567/4922 3855/5568/4923 3848/5557/4915
f 3855/5568/4923 3847/5556/4914 3848/5557/4915
f 3855/5568/4923 3845/5554/4912 3847/5556/4914
f 3836/5539/4894 3858/5571/4926 3857/5570/4925
f 3858/5571/4926 3859/5572/4927 3857/5570/4925
f 3858/5571/4926 3860/5573/4928 3859/5572/4927
f 3860/5573/4928 3861/5574/4929 3859/5572/4927
f 3860/5573/4928 3862/5575/4930 3861/5574/4929
f 3862/5575/4930 3863/5576/4931 3861/5574/4929
f 3862/5575/4930 3864/5577/4932 3863/5576/4931
f 3863/5576/4931 3864/5577/4932 3865/5578/4933
f 3864/5577/4932 3866/5579/4934 3865/5578/4933
f 3864/5577/4932 3867/5580/4935 3866/5579/4934
f 3849/5561/4917 3856/5581/4924 3858/5571/4926
f 3856/5581/4924 3860/5573/4928 3858/5571/4926
f 3856/5581/4924 3868/5582/4936 3860/5573/4928
f 3868/5582/4936 3862/5575/4930 3860/5573/4928
f 3868/5582/4936 3869/5583/4937 3862/5575/4930
f 3869/5583/4937 3864/5577/4932 3862/5575/4930
f 3869/5583/4937 3870/5584/4938 3864/5577/4932
f 3870/5584/4938 3867/5580/4935 3864/5577/4932
f 3870/5584/4938 3871/5585/4939 3867/5580/4935
f 3845/5554/4912 3855/5568/4923 3856/5569/4924
f 3855/5586/4923 3868/5582/4936 3856/5581/4924
f 3855/5586/4923 3872/5587/4940 3868/5582/4936
f 3872/5587/4940 3869/5583/4937 3868/5582/4936
f 3872/5587/4940 3873/5588/4941 3869/5583/4937
f 3873/5588/4941 3870/5584/4938 3869/5583/4937
f 3873/5588/4941 3852/5565/4920 3870/5584/4938
f 3852/5565/4920 3871/5585/4939 3870/5584/4938
f 3852/5565/4920 3850/5563/4918 3871/5585/4939
f 3853/5566/4921 3874/5589/4942 3855/5568/4923
f 3874/5589/4942 3872/5590/4940 3855/5568/4923
f 3874/5589/4942 3875/5591/4943 3872/5590/4940
f 3875/5591/4943 3873/5592/4941 3872/5590/4940
f 3875/5593/4943 3876/5594/4944 3873/5588/4941
f 3876/5594/4944 3852/5565/4920 3873/5588/4941
f 3876/5594/4944 3877/5595/4945 3852/5565/4920
f 3877/5595/4945 3851/5564/4919 3852/5565/4920
f 3877/5595/4945 3878/5596/4946 3851/5564/4919
f 3879/5597/4947 3878/5596/4946 3880/5598/4948
f 3865/5578/4933 3866/5579/4934 3881/2018/1903
f 3866/5579/4934 3882/5599/4949 3881/2018/1903
f 3866/5579/4934 3867/5580/4935 3882/5599/4949
f 3867/5580/4935 3883/5600/4950 3882/5599/4949
f 3867/5580/4935 3871/5585/4939 3883/5600/4950
f 3871/5585/4939 3884/5601/4951 3883/5600/4950
f 3871/5585/4939 3850/5563/4918 3884/5601/4952
f 3850/5563/4918 3879/5597/4947 3884/5601/4952
f 3850/5563/4918 3851/5564/4919 3879/5597/4947
f 3851/5564/4919 3878/5596/4946 3879/5597/4947
f 3885/5602/4953 3837/5603/4895 3841/5547/4904
f 3885/5604/4953 3886/5606/4954 3837/5605/4895
f 3841/5547/4904 3839/5545/4902 3885/5602/4953
f 3839/5545/4902 3887/5607/4955 3885/5602/4953
f 3839/5545/4902 3831/5534/4889 3887/5607/4955
f 3831/5534/4889 3832/5535/4890 3887/5607/4955
f 3832/5535/4890 3888/5608/4956 3887/5607/4955
f 3832/5535/4890 3834/5537/4892 3888/5608/4956
f 3863/5576/4931 3889/2019/1904 3861/5574/4929
f 3889/2019/1904 3865/5578/4933 3881/2018/1903
f 3889/2019/1904 3863/5576/4931 3865/5578/4933
f 3861/5574/4929 3889/2019/1904 3859/5572/4927
f 3889/2019/1904 3857/5570/4925 3859/5572/4927
f 3889/2019/1904 3888/5608/4956 3857/5570/4925
f 3888/5608/4956 3835/5538/4893 3857/5570/4925
f 3888/5608/4956 3834/5537/4892 3835/5538/4893
f 3891/5609/4957 3893/5611/4959 3892/5610/4958
f 3891/5609/4957 3894/5612/4960 3893/5611/4959
f 3893/5611/4959 3894/5612/4960 3895/5613/4961
f 3894/5612/4960 3896/5614/4962 3895/5613/4961
f 3894/5612/4960 3897/5615/4963 3896/5614/4962
f 3898/5616/4964 3900/5618/4966 3899/5617/4965
f 3900/5618/4966 3894/5612/4960 3899/5617/4965
f 3900/5618/4966 3901/5619/4967 3894/5612/4960
f 3901/5619/4967 3897/5615/4963 3894/5612/4960
f 3902/5620/4968 3904/5622/4970 3903/5621/4969
f 3904/5622/4970 3905/5623/4971 3903/5621/4969
f 3904/5622/4970 3891/5609/4957 3905/5623/4971
f 3891/5609/4957 3906/5624/4972 3905/5623/4971
f 3891/5609/4957 3892/5610/4958 3906/5624/4972
f 3907/5625/4973 3902/5620/4968 3908/5626/4974
f 3902/5620/4968 3909/5627/4975 3908/5626/4974
f 3902/5620/4968 3903/5621/4969 3909/5627/4975
f 3910/5628/4976 3907/5625/4973 3527/5629/4977
f 3907/5625/4973 3911/5630/4978 3527/5629/4977
f 3907/5625/4973 3908/5626/4974 3911/5630/4978
f 3837/5631/4895 3886/5633/4954 3838/5632/4899
f 3886/5634/4954 3360/5024/4901 3838/5541/4899
f 3886/5634/4954 3912/5635/4979 3360/5024/4901
f 3912/5635/4979 3359/5023/4980 3360/5024/4901
f 3912/5635/4979 3913/5636/4981 3359/5023/4980
f 3913/5636/4981 3357/5021/4981 3359/5023/4980
f 3913/5636/4981 3914/5637/4982 3357/5021/4981
f 3914/5637/4982 3356/5020/4982 3357/5021/4981
f 3914/5637/4982 3915/5638/4983 3356/5020/4982
f 3915/5638/4983 3475/5139/4983 3356/5020/4982
f 3915/5638/4983 3916/5639/4984 3475/5139/4983
f 3916/5639/4984 3522/5186/4984 3475/5139/4983
f 3916/5640/4984 3917/5642/4985 3522/5641/4984
f 3917/5642/4985 3369/5643/4985 3522/5641/4984
f 3917/5642/4985 3918/5644/4986 3369/5643/4985
f 3918/5644/4986 3371/5645/4986 3369/5643/4985
f 3918/5644/4986 3919/5646/4987 3371/5645/4986
f 3919/5646/4987 3373/5647/4987 3371/5645/4986
f 3919/5646/4987 3920/5648/4988 3373/5647/4987
f 3920/5648/4988 3375/5649/4988 3373/5647/4987
f 3920/5648/4988 3921/5650/4989 3375/5649/4988
f 3921/5650/4989 3376/5651/4989 3375/5649/4988
f 3921/5652/4989 3922/5654/4990 3376/5653/4989
f 3922/5654/4990 3377/5655/4990 3376/5653/4989
f 3922/5654/4990 3910/5628/4976 3377/5655/4990
f 3910/5628/4976 3525/5656/4991 3377/5655/4990
f 3910/5628/4976 3527/5629/4992 3525/5656/4991
f 3923/5657/4993 3925/5659/4995 3924/5658/4994
f 3925/5659/4995 3926/5660/4996 3924/5658/4994
f 3927/5661/4997 3929/5663/4999 3928/5662/4998
f 3929/5663/4999 3926/5660/4996 3928/5662/4998
f 3929/5663/4999 3930/5664/5000 3926/5660/4996
f 3930/5664/5000 3924/5658/4994 3926/5660/4996
f 3931/5665/5001 3900/5618/4966 3898/5616/4964
f 3925/5659/4995 3923/5657/4993 3932/5666/5002
f 3923/5657/4993 3931/5665/5001 3932/5666/5002
f 3923/5657/4993 3933/5667/5003 3931/5665/5001
f 3933/5667/5003 3900/5618/4966 3931/5665/5001
f 3934/5668/5004 3936/5670/5006 3935/5669/5005
f 3930/5664/5000 3937/5671/5007 3924/5658/4994
f 3923/5657/4993 3938/5672/5008 3933/5667/5003
f 3933/5667/5003 3901/5619/4967 3900/5618/4966
f 3923/5657/4993 3924/5658/4994 3938/5672/5008
f 3939/5673/5009 3930/5664/5000 3929/5663/4999
f 3929/5674/4999 3927/5676/4997 3939/5675/5009
f 3927/5676/4997 3940/5677/5010 3939/5675/5009
f 3940/5677/5010 3941/5678/5011 3939/5675/5009
f 3940/5677/5010 3942/5679/5012 3941/5678/5011
f 3933/5667/5003 3938/5672/5008 3901/5619/4967
f 3938/5672/5008 3897/5615/4963 3901/5619/4967
f 3938/5672/5008 3943/5680/5013 3897/5615/4963
f 3943/5680/5013 3896/5614/4962 3897/5615/4963
f 3943/5680/5013 3944/5681/5014 3896/5614/4962
f 3944/5681/5014 3895/5613/4961 3896/5614/4962
f 3944/5681/5014 3945/5682/5015 3895/5613/4961
f 3895/5613/4961 3945/5682/5015 3893/5611/4959
f 3945/5682/5015 3946/5683/5016 3893/5611/4959
f 3945/5682/5015 3947/5684/5017 3946/5683/5016
f 3924/5658/4994 3937/5671/5007 3938/5672/5008
f 3937/5671/5007 3943/5680/5013 3938/5672/5008
f 3937/5671/5007 3948/5685/5018 3943/5680/5013
f 3948/5685/5018 3944/5681/5014 3943/5680/5013
f 3948/5685/5018 3949/5686/5019 3944/5681/5014
f 3949/5686/5019 3945/5682/5015 3944/5681/5014
f 3949/5686/5019 3950/5687/5020 3945/5682/5015
f 3950/5687/5020 3947/5684/5017 3945/5682/5015
f 3950/5687/5020 3951/5688/5021 3947/5684/5017
f 3930/5664/5000 3939/5673/5009 3937/5671/5007
f 3939/5673/5009 3948/5685/5018 3937/5671/5007
f 3939/5673/5009 3941/5689/5011 3948/5685/5018
f 3941/5678/5011 3949/5691/5019 3948/5690/5018
f 3941/5678/5011 3952/5692/5022 3949/5691/5019
f 3952/5692/5022 3950/5693/5020 3949/5691/5019
f 3952/5692/5022 3936/5670/5006 3950/5693/5020
f 3936/5670/5006 3951/5694/5021 3950/5693/5020
f 3936/5670/5006 3934/5668/5004 3951/5694/5021
f 3942/5679/5012 3953/5695/5023 3941/5678/5011
f 3953/5695/5023 3952/5692/5022 3941/5678/5011
f 3953/5695/5023 3954/5696/5024 3952/5692/5022
f 3954/5696/5024 3936/5670/5006 3952/5692/5022
f 3954/5696/5024 3955/5697/5025 3936/5670/5006
f 3955/5697/5025 3935/5669/5005 3936/5670/5006
f 3955/5697/5025 3956/5698/5026 3935/5669/5005
f 3403/5067/4561 3537/5201/4602 3957/5699/5027
f 3537/5201/4602 3958/5700/5028 3957/5699/5027
f 3537/5201/4602 3538/5202/4603 3958/5700/5028
f 3487/5151/5029 3959/5701/5031 3486/5150/5030
f 3959/5701/5031 3484/5148/4589 3486/5150/5032
f 3959/5702/5031 3958/5704/5028 3484/5703/4589
f 3958/5700/5028 3483/5147/4588 3484/5148/4589
f 3958/5700/5028 3538/5202/4603 3483/5147/4588
f 3527/5629/4977 3911/5630/4978 3529/5705/5033
f 3911/5706/5034 3530/5194/4601 3529/5193/5035
f 3911/5630/5036 3908/5626/4974 3530/5707/5037
f 3893/5611/4959 3946/5683/5016 3892/5610/4958
f 3946/5683/5016 3960/5708/5038 3892/5610/4958
f 3946/5683/5016 3947/5684/5017 3960/5708/5038
f 3947/5684/5017 3951/5688/5021 3960/5708/5038
f 3951/5688/5021 3961/5709/5039 3960/5708/5038
f 3951/5694/5021 3934/5668/5004 3961/5710/5039
f 3934/5668/5004 3935/5669/5005 3961/5710/5039
f 3935/5669/5005 3962/5711/5040 3961/5710/5039
f 3935/5669/5005 3956/5698/5026 3962/5711/5040
f 3530/5707/5037 3908/5626/4974 3489/5712/5041
f 3908/5626/4974 3488/5713/5042 3489/5712/5041
f 3908/5626/4974 3909/5627/4975 3488/5713/5042
f 3909/5627/4975 3487/5714/5043 3488/5713/5042
f 3909/5627/4975 3903/5621/4969 3487/5714/5044
f 3903/5621/4969 3959/5702/5031 3487/5714/5044
f 3903/5621/4969 3905/5623/4971 3959/5702/5031
f 3905/5623/4971 3906/5624/4972 3959/5702/5031
f 3957/5699/5027 3958/5700/5028 3962/5711/5040
f 3958/5700/5028 3961/5710/5039 3962/5711/5040
f 3958/5704/5028 3959/5702/5031 3961/5709/5039
f 3959/5702/5031 3960/5708/5038 3961/5709/5039
f 3959/5702/5031 3906/5624/4972 3960/5708/5038
f 3906/5624/4972 3892/5610/4958 3960/5708/5038
f 3963/5715/5045 3965/5717/5047 3964/5716/5046
f 3966/5718/5048 3968/5720/5050 3967/5719/5049
f 3825/5528/4883 3969/5721/5051 3826/5529/4884
f 3826/5722/4884 3970/5724/5052 3828/5723/4886
f 3820/5523/4878 3969/5721/5051 3821/5524/4879
f 3969/5721/5051 3823/5526/4881 3821/5524/4879
f 3969/5721/5051 3825/5528/4883 3823/5526/4881
f 3971/5725/5053 3973/5727/5055 3972/5726/5054
f 3973/5727/5055 3974/5728/5056 3972/5726/5054
f 3971/5725/5053 3976/5730/5058 3975/5729/5057
f 3976/5730/5058 3977/5731/5059 3975/5729/5057
f 3976/5730/5058 3978/5732/5060 3977/5731/5059
f 3978/5732/5060 3818/5521/4876 3977/5731/5059
f 3978/5732/5060 3817/5520/4875 3818/5521/4876
f 3828/5723/4886 3970/5724/5052 3830/5733/4888
f 3970/5724/5052 3966/5734/5048 3830/5733/4888
f 3970/5735/5052 3979/5736/5061 3966/5718/5048
f 3966/5737/5048 3979/5739/5061 3968/5738/5050
f 3979/5736/5061 3980/5740/5062 3968/5720/5050
f 3979/5736/5061 3981/5741/5063 3980/5740/5062
f 3981/5741/5063 3982/5742/5064 3980/5740/5062
f 3981/5741/5063 3983/5743/5065 3982/5742/5064
f 3983/5743/5065 3984/5744/5066 3982/5742/5064
f 3983/5743/5065 3985/5745/5067 3984/5744/5066
f 3984/5744/5066 3985/5745/5067 3986/5746/5068
f 3985/5745/5067 3987/5747/5069 3986/5746/5068
f 3985/5745/5067 3988/5748/5070 3987/5747/5069
f 3988/5748/5070 3989/5749/5071 3987/5747/5069
f 3988/5748/5070 3990/5750/5072 3989/5749/5071
f 3826/5722/4884 3969/5751/5051 3970/5724/5052
f 3969/5721/5051 3979/5736/5061 3970/5735/5052
f 3969/5721/5051 3991/5752/5073 3979/5736/5061
f 3991/5752/5073 3981/5741/5063 3979/5736/5061
f 3991/5752/5073 3992/5753/5074 3981/5741/5063
f 3992/5753/5074 3983/5743/5065 3981/5741/5063
f 3992/5753/5074 3993/5754/5075 3983/5743/5065
f 3993/5754/5075 3985/5745/5067 3983/5743/5065
f 3993/5754/5075 3994/5755/5076 3985/5745/5067
f 3994/5755/5076 3988/5748/5070 3985/5745/5067
f 3994/5755/5076 3965/5717/5047 3988/5748/5070
f 3965/5717/5047 3990/5750/5072 3988/5748/5070
f 3965/5717/5047 3963/5715/5045 3990/5750/5072
f 3820/5523/4878 3817/5520/4875 3969/5721/5051
f 3817/5520/4875 3991/5752/5073 3969/5721/5051
f 3817/5520/4875 3978/5732/5060 3991/5752/5073
f 3978/5732/5060 3992/5753/5074 3991/5752/5073
f 3978/5732/5060 3976/5730/5058 3992/5753/5074
f 3976/5730/5058 3993/5754/5075 3992/5753/5074
f 3976/5730/5058 3995/5756/5077 3993/5754/5075
f 3995/5756/5077 3994/5755/5076 3993/5754/5075
f 3995/5756/5077 3996/5757/5078 3994/5755/5076
f 3996/5757/5078 3965/5717/5047 3994/5755/5076
f 3996/5757/5078 3997/5758/5079 3965/5717/5047
f 3997/5758/5079 3964/5716/5046 3965/5717/5047
f 3997/5758/5079 3998/5759/5080 3964/5716/5046
f 3971/5725/5053 3972/5726/5054 3976/5730/5058
f 3972/5726/5054 3995/5756/5077 3976/5730/5058
f 3972/5726/5054 3999/5760/5081 3995/5756/5077
f 3999/5760/5081 3996/5757/5078 3995/5756/5077
f 3999/5760/5081 4000/5761/5082 3996/5757/5078
f 4000/5761/5082 3997/5758/5079 3996/5757/5078
f 4000/5761/5082 4001/5762/5083 3997/5758/5079
f 4001/5762/5083 3998/5759/5080 3997/5758/5079
f 4001/5762/5083 4002/5763/5084 3998/5759/5080
f 4003/5764/5085 4002/5763/5084 4004/5765/5086
f 4005/5766/5087 4007/5768/5089 4006/5767/5088
f 4007/5768/5089 4008/5769/5090 4006/5767/5088
f 4004/5765/5086 4009/5770/5091 4003/5764/5085
f 4009/5770/5091 3643/5313/4700 4003/5764/5085
f 4009/5770/5091 3645/5315/4702 3643/5313/4700
f 3540/5204/4605 4010/5771/5092 3541/5205/4606
f 4010/5771/5092 3637/5307/4694 3541/5205/4606
f 4010/5771/5092 4008/5769/5093 3637/5307/4694
f 4008/5769/5093 3639/5309/4696 3637/5307/4694
f 4008/5769/5094 4007/5768/5089 3639/5309/4696
f 4007/5768/5089 3640/5310/4697 3639/5309/4696
f 4007/5768/5089 4003/5764/5085 3640/5310/4697
f 4003/5764/5085 3642/5312/4699 3640/5310/4697
f 4003/5764/5085 3643/5313/4700 3642/5312/4699
f 4005/5766/5087 4011/5772/5095 4007/5768/5089
f 4011/5772/5095 3990/5750/5072 4007/5768/5089
f 4011/5772/5095 3989/5749/5071 3990/5750/5072
f 4002/5763/5084 4003/5764/5085 3998/5759/5080
f 4003/5764/5085 3964/5716/5046 3998/5759/5080
f 4003/5764/5085 4007/5768/5089 3964/5716/5046
f 4007/5768/5089 3963/5715/5045 3964/5716/5046
f 4007/5768/5089 3990/5750/5072 3963/5715/5045
f 4012/5773/5096 3540/5204/4605 3539/5203/4604
f 3989/5749/5071 4014/5775/5097 4013/5774/5097
f 4015/5776/5097 3956/5698/5026 4016/5777/5097
f 3989/5749/5071 4011/5772/5095 4014/5775/5097
f 4011/5772/5095 4017/5778/5096 4014/5775/5097
f 4011/5772/5095 4005/5766/5087 4017/5778/5096
f 4013/5774/5097 4018/5779/5097 3989/5749/5071
f 4018/5779/5097 3956/5698/5026 3989/5749/5071
f 4018/5779/5097 4019/5780/5097 3956/5698/5026
f 4015/5776/5097 4020/5781/5097 3956/5698/5026
f 4020/5781/5097 3962/5711/5040 3956/5698/5026
f 4020/5781/5097 3402/5066/4560 3962/5711/5040
f 3402/5066/4560 3957/5699/5027 3962/5711/5040
f 3402/5066/4560 3403/5067/4561 3957/5699/5027
s 0
f 4016/5777/5097 4022/5783/5097 4021/5782/5097
f 4022/5783/5098 4012/5773/5098 4021/5782/5098
f 4022/5783/5097 4023/5784/5097 4012/5773/5097
s 1
f 4023/5784/5097 3540/5204/4605 4012/5773/5096
f 4023/5784/5097 4010/5771/5092 3540/5204/4605
s 0
f 4022/5783/5097 4016/5777/5097 4024/5785/5097
f 4016/5777/5099 4025/5786/5099 4024/5785/5099
s 1
f 4016/5777/5097 3956/5698/5026 4025/5786/5097
f 3956/5698/5026 4026/5787/5097 4025/5786/5097
f 3956/5698/5026 4019/5780/5097 4026/5787/5097
f 3989/5749/5071 3956/5698/5026 3987/5747/5069
f 3956/5698/5026 3955/5697/5025 3987/5747/5069
f 3955/5697/5025 3954/5696/5024 3987/5747/5069
f 3954/5696/5024 3986/5746/5068 3987/5747/5069
f 3954/5696/5024 3953/5695/5023 3986/5746/5068
f 3967/5719/5049 3968/5720/5050 3927/5676/4997
f 3968/5720/5050 3940/5677/5010 3927/5676/4997
f 3968/5720/5050 3980/5740/5062 3940/5677/5010
f 3980/5740/5062 3942/5679/5012 3940/5677/5010
f 3980/5740/5062 3982/5742/5064 3942/5679/5012
f 3982/5742/5064 3953/5695/5023 3942/5679/5012
f 3982/5742/5064 3984/5744/5066 3953/5695/5023
f 3984/5744/5066 3986/5746/5068 3953/5695/5023
f 3966/5718/5048 3829/5532/4887 3830/5533/4888
f 3967/5719/5049 3927/5676/4997 3966/5718/5048
f 3927/5676/4997 3829/5532/4887 3966/5718/5048
f 3927/5676/4997 3928/5788/4998 3829/5532/4887
f 3928/5788/4998 3815/5518/4873 3829/5532/4887
f 3925/5789/5100 3800/5503/4858 3799/5502/4857
f 3799/5502/4857 3797/5500/4855 3925/5789/5100
f 3797/5500/4855 3926/5790/4996 3925/5789/5100
f 3797/5500/4855 3795/5498/4853 3926/5790/4996
f 3795/5498/4853 3928/5788/4998 3926/5790/4996
f 3795/5498/4853 3815/5518/4873 3928/5788/4998
f 3816/5519/4874 3802/5505/4860 4027/5791/5101
f 3802/5505/4860 4028/5792/5102 4027/5791/5101
f 3802/5505/4860 3800/5503/4858 4028/5792/5102
f 3800/5503/4858 4029/5793/5103 4028/5792/5102
f 3800/5503/4858 3925/5789/5104 4029/5793/5103
f 4030/5794/34 4031/5795/34 4027/5791/5101
f 4031/5795/34 3816/5519/4874 4027/5791/5101
f 4031/5795/34 4032/5796/34 3816/5519/4874
f 4032/5796/34 4033/5797/5105 3816/5519/4874
f 4032/5796/34 4034/5798/34 4033/5797/5105
f 4034/5798/34 4035/5799/5106 4033/5797/5105
f 4034/5798/34 4036/5800/34 4035/5799/5106
f 4036/5800/34 4037/5801/5107 4035/5799/5106
f 4036/5800/34 4038/5802/34 4037/5801/5107
f 4038/5802/34 4039/5803/5108 4037/5801/5107
f 4038/5802/34 4040/5804/34 4039/5803/5108
f 4040/5804/34 4041/5805/5109 4039/5803/5108
f 4042/5806/5110 4043/5807/5111 3879/5597/4947
f 4043/5807/5111 3884/5601/5112 3879/5597/4947
f 4043/5808/5111 4044/5810/5113 3884/5809/5112
f 4042/5806/5110 3879/5597/4947 4045/5811/5114
f 3879/5597/4947 4046/5812/5115 4045/5811/5114
f 3879/5597/4947 3880/5598/4948 4046/5812/5115
f 4047/5813/5116 4039/5803/5108 4041/5805/5109
f 3884/5809/5112 4044/5810/5113 4048/5814/5117
f 4044/5810/5113 4047/5813/5116 4048/5814/5117
f 4044/5810/5113 4049/5815/5118 4047/5813/5116
f 4049/5815/5118 4039/5803/5108 4047/5813/5116
f 4050/5816/5119 4052/5818/5121 4051/5817/5120
f 4044/5810/5113 4053/5819/5122 4049/5815/5118
f 4054/5820/5123 4056/5822/5125 4055/5821/5124
f 4056/5822/5125 4057/5823/5126 4055/5821/5124
f 4044/5810/5113 4043/5808/5111 4053/5819/5122
f 4043/5808/5111 4052/5818/5121 4053/5819/5122
f 4043/5808/5111 4042/5824/5110 4052/5818/5121
f 4058/5825/5127 4045/5811/5114 4046/5812/5115
f 4042/5806/5110 4045/5811/5114 4052/5826/5121
f 4045/5811/5114 4051/5827/5120 4052/5826/5121
f 4045/5811/5114 4058/5825/5127 4051/5827/5120
f 4057/5823/5126 4056/5822/5125 4059/5828/5128
f 4056/5822/5125 4060/5829/5129 4059/5828/5128
f 4056/5822/5125 4061/5830/5130 4060/5829/5129
f 4061/5830/5130 4062/5831/5131 4060/5829/5129
f 4061/5830/5130 4063/5832/5132 4062/5831/5131
f 4039/5803/5108 4049/5815/5118 4054/5820/5123
f 4049/5815/5118 4056/5822/5125 4054/5820/5123
f 4049/5815/5118 4053/5819/5122 4056/5822/5125
f 4053/5819/5122 4061/5830/5130 4056/5822/5125
f 4053/5819/5122 4052/5818/5121 4061/5830/5130
f 4052/5818/5121 4063/5832/5132 4061/5830/5130
f 4052/5818/5121 4050/5816/5119 4063/5832/5132
f 4059/5828/5128 4064/5833/5133 4057/5823/5126
f 4054/5820/5123 4037/5801/5107 4039/5803/5108
f 4057/5823/5126 4065/5834/5134 4055/5821/5124
f 4065/5834/5134 4054/5820/5123 4055/5821/5124
f 4066/5835/5135 4059/5828/5128 4060/5829/5129
f 4054/5820/5123 4065/5834/5134 4037/5801/5107
f 4065/5834/5134 4035/5799/5106 4037/5801/5107
f 4065/5834/5134 4067/5836/5136 4035/5799/5106
f 4067/5836/5136 4033/5797/5105 4035/5799/5106
f 4067/5836/5136 4068/5837/5137 4033/5797/5105
f 4068/5837/5137 3816/5519/4874 4033/5797/5105
f 4068/5837/5137 3812/5515/4870 3816/5519/4874
f 4057/5823/5126 4064/5833/5133 4065/5834/5134
f 4064/5833/5133 4067/5836/5136 4065/5834/5134
f 4064/5833/5133 4069/5838/5138 4067/5836/5136
f 4069/5838/5138 4068/5837/5137 4067/5836/5136
f 4069/5838/5138 4070/5839/5139 4068/5837/5137
f 4070/5839/5139 3812/5515/4870 4068/5837/5137
f 4070/5839/5139 3805/5508/4863 3812/5515/4870
f 4059/5828/5128 4066/5835/5135 4064/5833/5133
f 4066/5835/5135 4069/5838/5138 4064/5833/5133
f 4066/5835/5135 4071/5840/5140 4069/5838/5138
f 4071/5840/5140 4070/5839/5139 4069/5838/5138
f 4071/5840/5140 4072/5841/5141 4070/5839/5139
f 4072/5841/5141 3805/5508/4863 4070/5839/5139
f 4072/5841/5141 3804/5507/4862 3805/5508/4863
f 4072/5841/5141 3819/5522/4877 3804/5507/4862
f 3975/5729/5057 3973/5727/5055 3971/5725/5053
f 3818/5521/4876 3819/5522/4877 3977/5731/5059
f 3819/5522/4877 3975/5729/5057 3977/5731/5059
f 4073/5842/5142 4066/5835/5135 4060/5829/5129
f 3766/5460/4824 4074/5843/5143 3764/5458/4822
f 4074/5843/5143 4075/5844/5144 3764/5458/4822
f 4074/5843/5143 3747/5437/4805 4075/5844/5144
f 3747/5437/4805 4074/5843/5143 3746/5436/4804
f 4074/5843/5143 3761/5455/4819 3746/5436/4804
f 4074/5843/5143 3766/5460/4824 3761/5455/4819
f 3975/5729/5057 3819/5522/4877 3973/5727/5055
f 3819/5522/4877 3974/5728/5056 3973/5727/5055
f 3819/5522/4877 4072/5841/5141 3974/5728/5056
f 4072/5841/5141 4076/5845/5145 3974/5728/5056
f 4072/5841/5141 4071/5840/5140 4076/5845/5145
f 4071/5840/5140 4077/5846/5146 4076/5845/5145
f 4071/5840/5140 4066/5835/5135 4077/5846/5146
f 4066/5835/5135 4075/5844/5144 4077/5846/5146
f 4066/5835/5135 4073/5842/5142 4075/5844/5144
f 4073/5842/5142 3764/5458/4822 4075/5844/5144
f 4073/5842/5142 3762/5456/4820 3764/5458/4822
f 4078/5847/5147 4079/5848/5148 3753/5443/4811
f 4079/5848/5148 3757/5451/4815 3753/5443/4811
f 4079/5848/5148 3756/5849/4814 3757/5451/4815
f 3762/5456/4820 4073/5842/5142 3751/5441/4809
f 4073/5842/5142 3752/5442/5149 3751/5441/4809
f 4073/5842/5142 4078/5847/5147 3752/5442/5149
f 4078/5847/5147 3754/5850/4812 3752/5442/5149
f 4078/5847/5147 3753/5443/4811 3754/5850/4812
f 4080/5851/5150 4081/5852/5151 4046/5812/5115
f 4081/5852/5151 4058/5825/5127 4046/5812/5115
f 4081/5852/5151 4051/5827/5120 4058/5825/5127
f 4051/5817/5120 4081/5853/5151 4079/5848/5148
f 4081/5853/5151 3756/5849/4814 4079/5848/5148
f 4081/5852/5151 4080/5851/5150 3756/5854/4814
f 4080/5851/5150 3755/5484/4813 3756/5854/4814
f 4080/5851/5150 3781/5483/4839 3755/5484/4813
f 4060/5829/5129 4062/5831/5131 4073/5842/5142
f 4062/5831/5131 4078/5847/5147 4073/5842/5142
f 4062/5831/5131 4063/5832/5132 4078/5847/5147
f 4063/5832/5132 4079/5848/5148 4078/5847/5147
f 4063/5832/5132 4050/5816/5119 4079/5848/5148
f 4050/5816/5119 4051/5817/5120 4079/5848/5148
f 3880/5598/4948 3878/5596/4946 4046/5812/5115
f 3878/5596/4946 4080/5851/5150 4046/5812/5115
f 4080/5851/5150 3878/5596/4946 3781/5483/4839
f 3878/5596/4946 3760/5454/4818 3781/5483/4839
f 3878/5596/4946 3759/5453/4817 3760/5454/4818
f 3876/5594/4944 3780/5479/4838 3877/5595/4945
f 3878/5596/4946 3877/5595/4945 3759/5453/4817
f 3877/5595/4945 3758/5452/4816 3759/5453/4817
f 3877/5595/4945 3780/5479/4838 3758/5452/4816
f 3876/5855/4944 3875/5857/4943 3780/5856/4838
f 3875/5858/4943 3779/3248/4837 3780/5859/4838
f 3875/5591/4943 3874/5589/4942 3779/5476/4837
f 3874/5589/4942 3784/5487/4842 3779/5476/4837
f 3874/5589/4942 3853/5566/4921 3784/5487/4842
f 3784/5487/4842 3853/5566/4921 3783/5486/4841
f 3853/5566/4921 3782/5485/4840 3783/5486/4841
f 3853/5566/4921 3854/5567/4922 3782/5485/4840
f 3854/5567/4922 3794/5497/4852 3782/5485/4840
f 3854/5567/4922 3848/5557/4915 3794/5497/4852
f 4082/5860/5152 3383/5047/4549 4083/5861/5153
f 4084/5862/5154 4086/5864/5156 4085/5863/5155
f 4086/5864/5156 4087/5865/5152 4085/5863/5155
f 4086/5864/5156 3794/5497/4852 4087/5865/5152
f 3794/5497/4852 4088/5866/5157 4087/5865/5152
f 3794/5497/4852 3848/5557/4915 4088/5866/5157
f 4088/5866/5157 3848/5557/4915 4089/5867/5157
f 3848/5557/4915 4090/5868/5157 4089/5867/5157
f 3848/5557/4915 3846/5555/4913 4090/5868/5157
f 3846/5555/4913 4091/5869/5157 4090/5868/5157
f 3846/5555/4913 3842/5550/4908 4091/5869/5157
f 3842/5550/4908 4092/5870/5157 4091/5869/5157
f 3842/5550/4908 3385/5049/4550 4092/5870/5157
f 3385/5049/4550 4093/5871/5157 4092/5870/5157
f 3385/5049/4550 3383/5047/4549 4093/5871/5157
f 3383/5047/4549 4094/5872/5152 4093/5871/5157
f 3383/5047/4549 4082/5860/5152 4094/5872/5152
f 4095/5873/5158 4097/5875/5160 4096/5874/5159
f 4096/5874/5161 4097/5875/5160 4084/5862/5154
f 4097/5875/5160 4086/5864/5156 4084/5862/5154
f 4097/5875/5160 3794/5497/4852 4086/5864/5156
f 3575/5239/4621 4098/5876/5162 3647/5317/4704
f 4098/5876/5162 3646/5316/4703 3647/5317/4704
f 4098/5876/5162 4097/5875/5160 3646/5316/4703
f 4097/5875/5160 3650/5320/4707 3646/5316/4703
f 4097/5875/5160 4095/5873/5158 3650/5320/4707
f 4095/5873/5158 3649/5319/4706 3650/5320/4707
f 4095/5873/5158 4083/5861/5153 3649/5319/4706
f 4083/5861/5153 3420/5084/4572 3649/5319/4706
f 4083/5861/5153 3383/5047/4549 3420/5084/4572
f 4098/5876/5162 3787/5490/4845 3793/5496/4851
f 3787/5490/4845 4098/5876/5162 4099/5877/5163
f 4098/5876/5162 4100/5878/5164 4099/5877/5163
f 4098/5876/5162 3575/5239/4621 4100/5878/5164
s 0
f 3575/5239/5165 4101/5879/5165 4100/5878/5165
s 1
f 3575/5239/4621 3576/5240/4622 4101/5879/5166
f 3794/5497/4852 4097/5875/5160 3788/5491/4846
f 4097/5875/5160 3790/5493/4848 3788/5491/4846
f 4097/5875/5160 4098/5876/5162 3790/5493/4848
f 4098/5876/5162 3792/5495/4850 3790/5493/4848
f 4098/5876/5162 3793/5496/4851 3792/5495/4850
f 4077/5846/5146 4102/5880/5167 4076/5845/5145
f 3748/5438/4806 4075/5844/5144 3747/5437/4805
f 3666/5336/4724 4103/5881/5168 3577/5241/4623
f 4103/5881/5168 4104/5882/5169 3577/5241/4623
f 4103/5881/5168 3666/5336/4724 4105/5883/5170
f 3666/5336/4724 4106/5884/5171 4105/5883/5170
f 3666/5336/4724 3668/5338/4726 4106/5884/5171
f 3668/5338/4726 4107/5885/5172 4106/5884/5171
f 3668/5338/4726 3670/5340/4728 4107/5885/5172
f 3674/5344/4732 4108/5886/5173 3672/5342/4730
f 4107/5885/5172 3670/5340/4728 4109/5887/5174
f 3670/5340/4728 4110/5888/5175 4109/5887/5174
f 3670/5340/4728 3672/5342/4730 4110/5888/5175
f 3672/5342/4730 4111/5889/5176 4110/5888/5175
f 3672/5342/4730 4108/5886/5173 4111/5889/5176
f 4108/5886/5173 3674/5344/4732 4112/5890/5177
f 3674/5344/4732 4113/5891/5178 4112/5890/5177
f 3674/5344/4732 3676/5346/4734 4113/5891/5178
f 3676/5346/4734 4114/5892/5179 4113/5891/5178
f 3676/5346/4734 3678/5348/4736 4114/5892/5179
f 4114/5893/5179 3678/5895/4736 4115/5894/5180
f 3678/5895/4736 4116/5896/5181 4115/5894/5180
f 3678/5895/4736 3680/5353/4738 4116/5896/5181
f 3680/5353/4738 4117/5897/5182 4116/5896/5181
f 3680/5353/4738 3682/5354/4740 4117/5897/5182
f 4117/5897/5182 3682/5354/4740 4118/5898/5183
f 3682/5354/4740 4119/5899/5184 4118/5898/5183
f 3682/5354/4740 3684/5356/4742 4119/5899/5184
f 3684/5356/4742 4120/5900/5185 4119/5899/5184
f 3684/5356/4742 3686/5358/4744 4120/5900/5185
f 4120/5900/5185 3686/5358/4744 4121/5901/5186
f 3686/5358/4744 4122/5902/5187 4121/5901/5186
f 3686/5358/4744 3688/5360/4746 4122/5902/5187
f 3688/5360/4746 4123/5903/5188 4122/5902/5187
f 3688/5360/4746 3690/5362/4748 4123/5903/5188
f 4123/5903/5188 3690/5362/4748 4124/5904/5189
f 3690/5362/4748 4125/5905/5190 4124/5904/5189
f 3690/5362/4748 3692/5364/4750 4125/5905/5190
f 3692/5364/4750 4126/5906/5191 4125/5905/5190
f 3692/5364/4750 3694/5366/4752 4126/5906/5191
f 3700/5372/4758 3702/5374/4760 4127/5907/5192
f 3702/5374/4760 4128/5908/5193 4127/5907/5192
f 3702/5374/4760 3704/5376/4762 4128/5908/5193
f 4126/5906/5191 3694/5366/4752 4129/5909/5194
f 3694/5366/4752 4130/5910/5195 4129/5909/5194
f 3694/5366/4752 3696/5368/4754 4130/5910/5195
f 3696/5368/4754 4131/5911/5196 4130/5910/5195
f 3696/5368/4754 3698/5370/4756 4131/5911/5196
f 3698/5370/4756 4132/5912/5197 4131/5911/5196
f 3698/5370/4756 3700/5372/4758 4132/5912/5197
f 3700/5372/4758 4133/5913/5198 4132/5912/5197
f 3700/5372/4758 4127/5907/5192 4133/5913/5198
f 3708/5380/4766 3710/5382/4768 4134/5914/5199
f 3710/5382/4768 4135/5915/5200 4134/5914/5199
f 3710/5382/4768 3712/5384/4770 4135/5915/5200
f 4128/5908/5193 3704/5376/4762 4136/5916/5201
f 3704/5376/4762 4137/5917/5202 4136/5916/5201
f 3704/5376/4762 3706/5378/4764 4137/5917/5202
f 3706/5378/4764 4138/5918/5203 4137/5917/5202
f 3706/5378/4764 3708/5380/4766 4138/5918/5203
f 3708/5380/4766 4139/5919/5204 4138/5918/5203
f 3708/5380/4766 4134/5914/5199 4139/5919/5204
f 4135/5915/5200 3712/5384/4770 4140/5920/5205
f 3712/5384/4770 4141/5921/5206 4140/5920/5205
f 3712/5384/4770 3714/5386/4772 4141/5921/5206
f 3714/5386/4772 4142/5922/5207 4141/5921/5206
f 3714/5386/4772 3716/5923/4774 4142/5922/5207
f 3716/5923/4774 4143/5924/5208 4142/5922/5207
f 3716/5923/4774 3718/5925/4776 4143/5924/5208
f 4143/5924/5208 3718/5925/4776 4144/5926/5209
f 3718/5392/4776 4145/5928/5210 4144/5927/5209
f 3718/5392/4776 3720/5394/4778 4145/5928/5210
f 3720/5394/4778 4146/5929/5211 4145/5928/5210
f 3720/5394/4778 3722/5396/4780 4146/5929/5211
f 3726/5400/4784 4147/5930/5212 3724/5398/4782
f 4146/5929/5211 3722/5396/4780 4148/5931/5213
f 3722/5396/4780 4149/5932/5214 4148/5931/5213
f 3722/5396/4780 3724/5398/4782 4149/5932/5214
f 3724/5398/4782 4150/5933/5215 4149/5932/5214
f 3724/5398/4782 4147/5930/5212 4150/5933/5215
f 4147/5930/5212 3726/5400/4784 4151/5934/5216
f 3726/5400/4784 4152/5935/5217 4151/5934/5216
f 3726/5400/4784 3728/5402/4786 4152/5935/5217
f 3728/5402/4786 4153/5936/5218 4152/5935/5217
f 3728/5402/4786 3730/5404/4788 4153/5936/5218
f 4153/5936/5218 3730/5404/4788 4154/5937/5219
f 3730/5404/4788 4155/5938/5220 4154/5937/5219
f 3730/5404/4788 3732/5406/4790 4155/5938/5220
f 3732/5406/4790 4156/5939/5221 4155/5938/5220
f 3732/5406/4790 3734/5408/4792 4156/5939/5221
f 4156/5939/5221 3734/5408/4792 4157/5940/5222
f 3734/5408/4792 4158/5941/5223 4157/5940/5222
f 3734/5408/4792 3736/5410/4794 4158/5941/5223
f 3736/5410/4794 4159/5942/5224 4158/5941/5223
f 3736/5410/4794 3738/5412/4796 4159/5942/5224
f 4159/5942/5224 3738/5412/4796 4160/5943/5225
f 3738/5412/4796 4161/5944/5226 4160/5943/5225
f 3738/5412/4796 3740/5414/4798 4161/5944/5226
f 3740/5414/4798 4162/5945/5227 4161/5944/5226
f 3740/5414/4798 3742/5416/4800 4162/5945/5227
f 4162/5945/5227 3742/5416/4800 4163/5946/5228
f 3742/5416/4800 4164/5947/5229 4163/5946/5228
f 3742/5416/4800 3744/5418/4802 4164/5947/5229
f 3744/5418/4802 4165/5948/5230 4164/5947/5229
f 3744/5418/4802 3644/5314/4701 4165/5948/5230
f 4076/5845/5145 4102/5880/5167 3974/5728/5056
f 4102/5880/5167 3972/5726/5054 3974/5728/5056
f 4102/5880/5167 4166/5949/5231 3972/5726/5054
f 3972/5726/5054 4166/5949/5231 3999/5760/5081
f 4166/5949/5231 4000/5761/5082 3999/5760/5081
f 4166/5949/5231 4167/5950/5232 4000/5761/5082
f 4000/5761/5082 4167/5950/5232 4001/5762/5083
f 4167/5950/5232 4002/5763/5084 4001/5762/5083
f 4167/5950/5232 4168/5951/5233 4002/5763/5084
f 4165/5948/5230 3644/5314/4701 4169/5952/5234
f 3644/5314/4701 4170/5953/5235 4169/5952/5234
f 3644/5314/4701 3645/5315/4702 4170/5953/5235
f 3645/5315/4702 4171/5954/5236 4170/5953/5235
f 3645/5315/4702 4009/5770/5091 4171/5954/5236
f 4009/5770/5091 4168/5951/5233 4171/5954/5236
f 4009/5770/5091 4004/5765/5086 4168/5951/5233
f 4004/5765/5086 4002/5763/5084 4168/5951/5233
f 4172/5955/5237 3767/5461/4825 3769/5463/4827
f 4172/5955/5237 4173/5956/5238 3767/5461/4825
f 3577/5241/4623 4104/5882/5169 3576/5240/4622
f 4104/5882/5169 4101/5879/5166 3576/5240/4622
f 4104/5882/5169 4174/5957/5239 4101/5879/5166
f 4174/5957/5239 4175/5958/5240 4101/5879/5166
f 4175/5958/5240 4100/5878/5164 4101/5879/5166
f 4175/5958/5240 4176/5959/5241 4100/5878/5164
f 4176/5959/5241 4099/5877/5163 4100/5878/5164
f 4176/5959/5241 4177/5960/5242 4099/5877/5163
f 4177/5960/5242 3787/5490/4845 4099/5877/5163
f 4177/5960/5242 4172/5955/5237 3787/5490/4845
f 4172/5955/5237 3786/5489/4844 3787/5490/4845
f 4172/5955/5237 3769/5463/4827 3786/5489/4844
f 3767/5461/4825 4173/5956/5238 3748/5438/4806
f 4173/5956/5238 4075/5844/5144 3748/5438/4806
f 4173/5956/5238 4178/5961/5243 4075/5844/5144
f 4178/5961/5243 4077/5846/5146 4075/5844/5144
f 4178/5961/5243 4179/5962/5244 4077/5846/5146
f 4179/5962/5244 4102/5880/5167 4077/5846/5146
f 4143/5924/5208 4181/5964/5246 4180/5963/5245
f 4139/5919/5204 4183/5966/5248 4182/5965/5247
f 4103/5881/5168 4185/5968/5250 4184/5967/5249
f 4172/5955/5237 4187/5970/5252 4186/5969/5251
f 4179/5962/5244 4188/5971/5253 4102/5880/5167
f 4188/5971/5253 4179/5962/5244 4189/5972/5254
f 4179/5962/5244 4190/5973/5255 4189/5972/5254
f 4179/5962/5244 4178/5961/5243 4190/5973/5255
f 4186/5969/5251 4190/5973/5255 4172/5955/5237
f 4190/5973/5255 4173/5956/5238 4172/5955/5237
f 4190/5973/5255 4178/5961/5243 4173/5956/5238
f 4175/5958/5240 4187/5970/5252 4176/5959/5241
f 4187/5970/5252 4177/5960/5242 4176/5959/5241
f 4187/5970/5252 4172/5955/5237 4177/5960/5242
f 4187/5970/5252 4175/5958/5240 4191/5974/5256
f 4175/5958/5240 4192/5975/5257 4191/5974/5256
f 4175/5958/5240 4174/5957/5239 4192/5975/5257
f 4184/5967/5249 4192/5975/5257 4103/5881/5168
f 4192/5975/5257 4104/5882/5169 4103/5881/5168
f 4192/5975/5257 4174/5957/5239 4104/5882/5169
f 4193/5976/5258 4194/5977/5259 4107/5885/5172
f 4194/5977/5259 4106/5884/5171 4107/5885/5172
f 4194/5977/5259 4185/5968/5250 4106/5884/5171
f 4185/5968/5250 4105/5883/5170 4106/5884/5171
f 4185/5968/5250 4103/5881/5168 4105/5883/5170
f 4195/5978/5260 4196/5979/5261 4111/5889/5176
f 4196/5979/5261 4110/5888/5175 4111/5889/5176
f 4196/5979/5261 4193/5976/5258 4110/5888/5175
f 4193/5976/5258 4109/5887/5174 4110/5888/5175
f 4193/5976/5258 4107/5885/5172 4109/5887/5174
f 4197/5980/5262 4198/5982/5263 4113/5981/5178
f 4198/5983/5263 4112/5890/5177 4113/5891/5178
f 4198/5983/5263 4195/5978/5260 4112/5890/5177
f 4195/5978/5260 4108/5886/5173 4112/5890/5177
f 4195/5978/5260 4111/5889/5176 4108/5886/5173
f 4199/5984/5264 4200/5985/5265 4116/5896/5181
f 4200/5985/5265 4115/5894/5180 4116/5896/5181
f 4200/5985/5265 4197/5980/5262 4115/5894/5180
f 4197/5980/5262 4114/5893/5179 4115/5894/5180
f 4197/5980/5262 4113/5981/5178 4114/5893/5179
f 4201/5986/5266 4202/5987/5267 4119/5899/5184
f 4202/5987/5267 4118/5898/5183 4119/5899/5184
f 4202/5987/5267 4199/5984/5264 4118/5898/5183
f 4199/5984/5264 4117/5897/5182 4118/5898/5183
f 4199/5984/5264 4116/5896/5181 4117/5897/5182
f 4203/5988/5268 4204/5989/5269 4122/5902/5187
f 4204/5989/5269 4121/5901/5186 4122/5902/5187
f 4204/5989/5269 4201/5986/5266 4121/5901/5186
f 4201/5986/5266 4120/5900/5185 4121/5901/5186
f 4201/5986/5266 4119/5899/5184 4120/5900/5185
f 4205/5990/5270 4206/5991/5271 4125/5905/5190
f 4206/5991/5271 4124/5904/5189 4125/5905/5190
f 4206/5991/5271 4203/5988/5268 4124/5904/5189
f 4203/5988/5268 4123/5903/5188 4124/5904/5189
f 4203/5988/5268 4122/5902/5187 4123/5903/5188
f 4207/5992/5272 4208/5993/5273 4133/5913/5198
f 4208/5993/5273 4132/5912/5197 4133/5913/5198
f 4208/5993/5273 4209/5994/5274 4132/5912/5197
f 4209/5994/5274 4131/5911/5196 4132/5912/5197
f 4209/5994/5274 4210/5995/5275 4131/5911/5196
f 4210/5995/5275 4130/5910/5195 4131/5911/5196
f 4210/5995/5275 4211/5996/5276 4130/5910/5195
f 4211/5996/5276 4129/5909/5194 4130/5910/5195
f 4211/5996/5276 4205/5990/5270 4129/5909/5194
f 4205/5990/5270 4126/5906/5191 4129/5909/5194
f 4205/5990/5270 4125/5905/5190 4126/5906/5191
f 4136/5916/5201 4207/5992/5272 4128/5908/5193
f 4207/5992/5272 4127/5907/5192 4128/5908/5193
f 4207/5992/5272 4133/5913/5198 4127/5907/5192
f 4207/5992/5272 4136/5916/5201 4212/5997/5277
f 4136/5916/5201 4213/5998/5278 4212/5997/5277
f 4136/5916/5201 4137/5917/5202 4213/5998/5278
f 4182/5965/5247 4213/5998/5278 4139/5919/5204
f 4213/5998/5278 4138/5918/5203 4139/5919/5204
f 4213/5998/5278 4137/5917/5202 4138/5918/5203
f 4140/5920/5205 4183/5966/5248 4135/5915/5200
f 4183/5966/5248 4134/5914/5199 4135/5915/5200
f 4183/5966/5248 4139/5919/5204 4134/5914/5199
f 4183/5966/5248 4140/5920/5205 4214/5999/5279
f 4140/5920/5205 4215/6000/5280 4214/5999/5279
f 4140/5920/5205 4141/5921/5206 4215/6000/5280
f 4180/5963/5245 4215/6000/5280 4143/5924/5208
f 4215/6000/5280 4142/5922/5207 4143/5924/5208
f 4215/6000/5280 4141/5921/5206 4142/5922/5207
f 4216/6001/5281 4217/6002/5282 4146/5929/5211
f 4217/6002/5282 4145/5928/5210 4146/5929/5211
f 4217/6003/5282 4181/5964/5246 4145/6004/5210
f 4181/5964/5246 4144/5926/5209 4145/6004/5210
f 4181/5964/5246 4143/5924/5208 4144/5926/5209
f 4218/6005/5283 4219/6006/5284 4150/5933/5215
f 4219/6006/5284 4149/5932/5214 4150/5933/5215
f 4219/6006/5284 4216/6001/5281 4149/5932/5214
f 4216/6001/5281 4148/5931/5213 4149/5932/5214
f 4216/6001/5281 4146/5929/5211 4148/5931/5213
f 4220/6007/5285 4221/6008/5286 4152/5935/5217
f 4221/6008/5286 4151/5934/5216 4152/5935/5217
f 4221/6008/5286 4218/6005/5283 4151/5934/5216
f 4218/6005/5283 4147/5930/5212 4151/5934/5216
f 4218/6005/5283 4150/5933/5215 4147/5930/5212
f 4222/6009/5287 4223/6010/5288 4155/5938/5220
f 4223/6010/5288 4154/5937/5219 4155/5938/5220
f 4223/6010/5288 4220/6007/5285 4154/5937/5219
f 4220/6007/5285 4153/5936/5218 4154/5937/5219
f 4220/6007/5285 4152/5935/5217 4153/5936/5218
f 4224/6011/5289 4225/6012/5290 4158/5941/5223
f 4225/6012/5290 4157/5940/5222 4158/5941/5223
f 4225/6012/5290 4222/6009/5287 4157/5940/5222
f 4222/6009/5287 4156/5939/5221 4157/5940/5222
f 4222/6009/5287 4155/5938/5220 4156/5939/5221
f 4226/6013/5291 4227/6014/5292 4161/5944/5226
f 4227/6014/5292 4160/5943/5225 4161/5944/5226
f 4227/6014/5292 4224/6011/5289 4160/5943/5225
f 4224/6011/5289 4159/5942/5224 4160/5943/5225
f 4224/6011/5289 4158/5941/5223 4159/5942/5224
f 4228/6015/5293 4229/6016/5294 4164/5947/5229
f 4229/6016/5294 4163/5946/5228 4164/5947/5229
f 4229/6016/5294 4226/6013/5291 4163/5946/5228
f 4226/6013/5291 4162/5945/5227 4163/5946/5228
f 4226/6013/5291 4161/5944/5226 4162/5945/5227
f 4102/5880/5167 4188/5971/5253 4166/5949/5231
f 4188/5971/5253 4167/5950/5232 4166/5949/5231
f 4188/5971/5253 4230/6017/5295 4167/5950/5232
f 4230/6017/5295 4168/5951/5233 4167/5950/5232
f 4230/6017/5295 4231/6018/5296 4168/5951/5233
f 4231/6018/5296 4171/5954/5236 4168/5951/5233
f 4231/6018/5296 4232/6019/5297 4171/5954/5236
f 4232/6019/5297 4170/5953/5235 4171/5954/5236
f 4232/6019/5297 4233/6020/5298 4170/5953/5235
f 4233/6020/5298 4169/5952/5234 4170/5953/5235
f 4233/6020/5298 4228/6015/5293 4169/5952/5234
f 4228/6015/5293 4165/5948/5230 4169/5952/5234
f 4228/6015/5293 4164/5947/5229 4165/5948/5230
f 4230/6017/5295 4234/6021/5299 4231/6018/5296
f 4213/5998/5278 4235/6022/5300 4212/5997/5277
f 4236/6023/5301 4237/6024/5302 4228/6015/5293
f 4237/6024/5302 4229/6016/5294 4228/6015/5293
f 4226/6013/5291 4229/6016/5294 4238/6025/5303
f 4229/6016/5294 4239/6026/5304 4238/6025/5303
f 4229/6016/5294 4237/6024/5302 4239/6026/5304
f 4224/6011/5289 4227/6014/5292 4240/6027/5305
f 4227/6014/5292 4241/6028/5306 4240/6027/5305
f 4227/6014/5292 4226/6013/5291 4241/6028/5306
f 4226/6013/5291 4242/6029/5307 4241/6028/5306
f 4226/6013/5291 4238/6025/5303 4242/6029/5307
f 4243/6030/5308 4223/6010/5288 4244/6031/5309
f 4223/6010/5288 4245/6032/5310 4244/6031/5309
f 4223/6010/5288 4222/6009/5287 4245/6032/5310
f 4222/6009/5287 4246/6033/5311 4245/6032/5310
f 4222/6009/5287 4225/6012/5290 4246/6033/5311
f 4225/6012/5290 4247/6034/5312 4246/6033/5311
f 4225/6012/5290 4224/6011/5289 4247/6034/5312
f 4224/6011/5289 4248/6035/5313 4247/6034/5312
f 4224/6011/5289 4240/6027/5305 4248/6035/5313
f 4243/6030/5308 4249/6036/5314 4223/6010/5288
f 4249/6036/5314 4220/6007/5285 4223/6010/5288
f 4249/6036/5314 4250/6037/5315 4220/6007/5285
f 4250/6037/5315 4221/6008/5286 4220/6007/5285
f 4250/6037/5315 4251/6038/5316 4221/6008/5286
f 4251/6038/5316 4252/6039/5317 4221/6008/5286
f 4252/6039/5317 4218/6005/5283 4221/6008/5286
f 4252/6039/5317 4253/6040/5318 4218/6005/5283
f 4253/6040/5318 4254/6041/5319 4218/6005/5283
f 4254/6041/5319 4219/6006/5284 4218/6005/5283
f 4254/6041/5319 4255/6042/5320 4219/6006/5284
f 4255/6042/5320 4256/6043/5321 4219/6006/5284
f 4256/6043/5321 4216/6001/5281 4219/6006/5284
f 4256/6043/5321 4257/6044/5322 4216/6001/5281
f 4257/6044/5322 4217/6002/5282 4216/6001/5281
f 4257/6044/5322 4258/6045/5323 4217/6002/5282
f 4180/5963/5245 4181/5964/5246 4259/6046/5324
f 4181/5964/5246 4260/6047/5325 4259/6046/5324
f 4181/5964/5246 4217/6003/5282 4260/6047/5325
f 4217/6003/5282 4261/6048/5326 4260/6047/5325
f 4217/6002/5282 4258/6045/5323 4261/6049/5326
f 4215/6000/5280 4180/5963/5245 4262/6050/5327
f 4180/5963/5245 4263/6051/5328 4262/6050/5327
f 4180/5963/5245 4259/6046/5324 4263/6051/5328
f 4214/5999/5279 4215/6000/5280 4264/6052/5329
f 4215/6000/5280 4265/6053/5330 4264/6052/5329
f 4215/6000/5280 4262/6050/5327 4265/6053/5330
f 4183/5966/5248 4214/5999/5279 4266/6054/5331
f 4214/5999/5279 4267/6055/5332 4266/6054/5331
f 4214/5999/5279 4264/6052/5329 4267/6055/5332
f 4182/5965/5247 4183/5966/5248 4268/6056/5333
f 4183/5966/5248 4269/6057/5334 4268/6056/5333
f 4183/5966/5248 4266/6054/5331 4269/6057/5334
f 4235/6022/5300 4213/5998/5278 4270/6058/5335
f 4213/5998/5278 4271/6059/5336 4270/6058/5335
f 4213/5998/5278 4182/5965/5247 4271/6059/5336
f 4182/5965/5247 4272/6060/5337 4271/6059/5336
f 4182/5965/5247 4268/6056/5333 4272/6060/5337
f 4207/5992/5272 4212/5997/5277 4273/6061/5338
f 4212/5997/5277 4274/6062/5339 4273/6061/5338
f 4212/5997/5277 4235/6022/5300 4274/6062/5339
f 4209/5994/5274 4208/5993/5273 4275/6063/5340
f 4208/5993/5273 4276/6064/5341 4275/6063/5340
f 4208/5993/5273 4207/5992/5272 4276/6064/5341
f 4207/5992/5272 4277/6065/5342 4276/6064/5341
f 4207/5992/5272 4273/6061/5338 4277/6065/5342
f 4210/5995/5275 4209/5994/5274 4278/6066/5343
f 4209/5994/5274 4279/6067/5344 4278/6066/5343
f 4209/5994/5274 4275/6063/5340 4279/6067/5344
f 4205/5990/5270 4211/5996/5276 4280/6068/5345
f 4211/5996/5276 4281/6069/5346 4280/6068/5345
f 4211/5996/5276 4210/5995/5275 4281/6069/5346
f 4210/5995/5275 4282/6070/5347 4281/6069/5346
f 4210/5995/5275 4278/6066/5343 4282/6070/5347
f 4203/5988/5268 4206/5991/5271 4283/6071/5348
f 4206/5991/5271 4284/6072/5349 4283/6071/5348
f 4206/5991/5271 4205/5990/5270 4284/6072/5349
f 4205/5990/5270 4285/6073/5350 4284/6072/5349
f 4205/5990/5270 4280/6068/5345 4285/6073/5350
f 4204/5989/5269 4203/5988/5268 4286/6074/5351
f 4203/5988/5268 4287/6075/5352 4286/6074/5351
f 4203/5988/5268 4283/6071/5348 4287/6075/5352
f 4199/5984/5264 4202/5987/5267 4288/6076/5353
f 4202/5987/5267 4289/6077/5354 4288/6076/5353
f 4202/5987/5267 4201/5986/5266 4289/6077/5354
f 4201/5986/5266 4290/6078/5355 4289/6077/5354
f 4201/5986/5266 4204/5989/5269 4290/6078/5355
f 4204/5989/5269 4291/6079/5356 4290/6078/5355
f 4204/5989/5269 4286/6074/5351 4291/6079/5356
f 4200/5985/5265 4199/5984/5264 4292/6080/5357
f 4199/5984/5264 4293/6081/5358 4292/6080/5357
f 4199/5984/5264 4288/6076/5353 4293/6081/5358
f 4197/5980/5262 4200/5985/5265 4294/6082/5359
f 4200/5985/5265 4295/6083/5360 4294/6082/5359
f 4200/5985/5265 4292/6080/5357 4295/6083/5360
f 4296/6084/5361 4195/5978/5260 4297/6085/5362
f 4195/5978/5260 4298/6086/5363 4297/6085/5362
f 4195/5978/5260 4198/5983/5263 4298/6086/5363
f 4198/5983/5263 4299/6087/5364 4298/6086/5363
f 4198/5982/5263 4197/5980/5262 4299/6088/5364
f 4197/5980/5262 4300/6089/5365 4299/6088/5364
f 4197/5980/5262 4294/6082/5359 4300/6089/5365
f 4296/6084/5361 4301/6090/5366 4195/5978/5260
f 4301/6090/5366 4196/5979/5261 4195/5978/5260
f 4301/6090/5366 4302/6091/5367 4196/5979/5261
f 4302/6091/5367 4193/5976/5258 4196/5979/5261
f 4302/6091/5367 4303/6092/5368 4193/5976/5258
f 4303/6092/5368 4304/6093/5369 4193/5976/5258
f 4304/6093/5369 4194/5977/5259 4193/5976/5258
f 4304/6093/5369 4305/6094/5370 4194/5977/5259
f 4305/6094/5370 4306/6095/5371 4194/5977/5259
f 4306/6095/5371 4185/5968/5250 4194/5977/5259
f 4306/6095/5371 4307/6096/5372 4185/5968/5250
f 4307/6096/5372 4308/6097/5373 4185/5968/5250
f 4308/6097/5373 4184/5967/5249 4185/5968/5250
f 4308/6097/5373 4309/6098/5374 4184/5967/5249
f 4309/6098/5374 4192/5975/5257 4184/5967/5249
f 4309/6098/5374 4310/6099/5375 4192/5975/5257
f 4187/5970/5252 4191/5974/5256 4311/6100/5376
f 4191/5974/5256 4312/6101/5377 4311/6100/5376
f 4191/5974/5256 4192/5975/5257 4312/6101/5377
f 4192/5975/5257 4313/6102/5378 4312/6101/5377
f 4192/5975/5257 4310/6099/5375 4313/6102/5378
f 4186/5969/5251 4187/5970/5252 4314/6103/5379
f 4187/5970/5252 4315/6104/5380 4314/6103/5379
f 4187/5970/5252 4311/6100/5376 4315/6104/5380
f 4190/5973/5255 4186/5969/5251 4316/6105/5381
f 4186/5969/5251 4317/6106/5382 4316/6105/5381
f 4186/5969/5251 4314/6103/5379 4317/6106/5382
f 4189/5972/5254 4190/5973/5255 4318/6107/5383
f 4190/5973/5255 4319/6108/5384 4318/6107/5383
f 4190/5973/5255 4316/6105/5381 4319/6108/5384
f 4188/5971/5253 4189/5972/5254 4320/6109/5385
f 4189/5972/5254 4321/6110/5386 4320/6109/5385
f 4189/5972/5254 4318/6107/5383 4321/6110/5386
f 4234/6021/5299 4230/6017/5295 4322/6111/5387
f 4230/6017/5295 4323/6112/5388 4322/6111/5387
f 4230/6017/5295 4188/5971/5253 4323/6112/5388
f 4188/5971/5253 4324/6113/5389 4323/6112/5388
f 4188/5971/5253 4320/6109/5385 4324/6113/5389
f 4232/6019/5297 4231/6018/5296 4325/6114/5390
f 4231/6018/5296 4326/6115/5391 4325/6114/5390
f 4231/6018/5296 4234/6021/5299 4326/6115/5391
f 4236/6023/5301 4228/6015/5293 4327/6116/5392
f 4228/6015/5293 4328/6117/5393 4327/6116/5392
f 4228/6015/5293 4233/6020/5298 4328/6117/5393
f 4233/6020/5298 4329/6118/5394 4328/6117/5393
f 4233/6020/5298 4232/6019/5297 4329/6118/5394
f 4232/6019/5297 4330/6119/5395 4329/6118/5394
f 4232/6019/5297 4325/6114/5390 4330/6119/5395
f 4270/6058/5335 4332/6121/5397 4331/6120/5396
f 4259/6046/5324 4334/6123/5399 4333/6122/5398
f 4250/6037/5315 4336/6125/5401 4335/6124/5400
f 4337/6126/5402 4239/6026/5304 4237/6024/5302
f 4337/6126/5402 4338/6127/5403 4239/6026/5304
f 4338/6127/5403 4238/6025/5303 4239/6026/5304
f 4338/6127/5403 4339/6128/5404 4238/6025/5303
f 4339/6128/5404 4242/6029/5307 4238/6025/5303
f 4339/6128/5404 4340/6129/5405 4242/6029/5307
f 4340/6129/5405 4241/6028/5306 4242/6029/5307
f 4340/6129/5405 4341/6130/5406 4241/6028/5306
f 4341/6130/5406 4240/6027/5305 4241/6028/5306
f 4341/6130/5406 4342/6131/5407 4240/6027/5305
f 4342/6131/5407 4248/6035/5313 4240/6027/5305
f 4342/6131/5407 4343/6132/5408 4248/6035/5313
f 4343/6132/5408 4247/6034/5312 4248/6035/5313
f 4343/6132/5408 4344/6133/5409 4247/6034/5312
f 4344/6133/5409 4345/6134/5410 4247/6034/5312
f 4345/6134/5410 4246/6033/5311 4247/6034/5312
f 4345/6134/5410 4346/6135/5411 4246/6033/5311
f 4346/6135/5411 4245/6032/5310 4246/6033/5311
f 4346/6135/5411 4347/6136/5412 4245/6032/5310
f 4347/6136/5412 4244/6031/5309 4245/6032/5310
f 4347/6136/5412 4348/6137/5413 4244/6031/5309
f 4348/6137/5413 4349/6138/5414 4244/6031/5309
f 4349/6138/5414 4243/6030/5308 4244/6031/5309
f 4349/6138/5414 4336/6125/5401 4243/6030/5308
f 4336/6125/5401 4249/6036/5314 4243/6030/5308
f 4336/6125/5401 4250/6037/5315 4249/6036/5314
f 4335/6124/5400 4350/6139/5415 4250/6037/5315
f 4350/6139/5415 4251/6038/5316 4250/6037/5315
f 4350/6139/5415 4351/6140/5416 4251/6038/5316
f 4251/6038/5316 4351/6140/5416 4252/6039/5317
f 4351/6140/5416 4253/6040/5318 4252/6039/5317
f 4351/6140/5416 4352/6141/5417 4253/6040/5318
f 4352/6141/5417 4254/6041/5319 4253/6040/5318
f 4352/6141/5417 4353/6142/5418 4254/6041/5319
f 4353/6142/5418 4354/6143/5419 4254/6041/5319
f 4354/6143/5419 4255/6042/5320 4254/6041/5319
f 4354/6143/5419 4355/6144/5420 4255/6042/5320
f 4255/6042/5320 4355/6144/5420 4256/6043/5321
f 4355/6145/5420 4257/6147/5322 4256/6146/5321
f 4355/6145/5420 4356/6148/5421 4257/6147/5322
f 4356/6148/5421 4258/6149/5323 4257/6147/5322
f 4356/6148/5421 4357/6150/5422 4258/6149/5323
f 4357/6150/5422 4358/6151/5423 4258/6149/5323
f 4358/6151/5423 4261/6048/5326 4258/6149/5323
f 4358/6151/5423 4334/6123/5399 4261/6048/5326
f 4334/6123/5399 4260/6047/5325 4261/6048/5326
f 4334/6123/5399 4259/6046/5324 4260/6047/5325
f 4333/6122/5398 4359/6152/5424 4259/6046/5324
f 4359/6152/5424 4263/6051/5328 4259/6046/5324
f 4359/6152/5424 4360/6153/5425 4263/6051/5328
f 4263/6051/5328 4360/6153/5425 4262/6050/5327
f 4360/6153/5425 4265/6053/5330 4262/6050/5327
f 4360/6153/5425 4361/6154/5426 4265/6053/5330
f 4361/6154/5426 4264/6052/5329 4265/6053/5330
f 4361/6154/5426 4362/6155/5427 4264/6052/5329
f 4362/6155/5427 4363/6156/5428 4264/6052/5329
f 4363/6156/5428 4267/6055/5332 4264/6052/5329
f 4363/6156/5428 4364/6157/5429 4267/6055/5332
f 4267/6055/5332 4364/6157/5429 4266/6054/5331
f 4364/6157/5429 4269/6057/5334 4266/6054/5331
f 4364/6157/5429 4365/6158/5430 4269/6057/5334
f 4365/6158/5430 4268/6056/5333 4269/6057/5334
f 4365/6158/5430 4366/6159/5431 4268/6056/5333
f 4366/6159/5431 4367/6160/5432 4268/6056/5333
f 4367/6160/5432 4272/6060/5337 4268/6056/5333
f 4367/6160/5432 4332/6121/5397 4272/6060/5337
f 4332/6121/5397 4271/6059/5336 4272/6060/5337
f 4332/6121/5397 4270/6058/5335 4271/6059/5336
f 4331/6120/5396 4368/6161/5433 4270/6058/5335
f 4368/6161/5433 4235/6022/5300 4270/6058/5335
f 4368/6161/5433 4369/6162/5434 4235/6022/5300
f 4235/6022/5300 4369/6162/5434 4274/6062/5339
f 4369/6162/5434 4273/6061/5338 4274/6062/5339
f 4369/6162/5434 4370/6163/5435 4273/6061/5338
f 4370/6163/5435 4277/6065/5342 4273/6061/5338
f 4370/6163/5435 4371/6164/5436 4277/6065/5342
f 4371/6164/5436 4372/6165/5437 4277/6065/5342
f 4372/6165/5437 4276/6064/5341 4277/6065/5342
f 4372/6165/5437 4373/6166/5438 4276/6064/5341
f 4276/6064/5341 4373/6166/5438 4275/6063/5340
f 4373/6166/5438 4279/6067/5344 4275/6063/5340
f 4373/6166/5438 4374/6167/5439 4279/6067/5344
f 4374/6167/5439 4278/6066/5343 4279/6067/5344
f 4374/6167/5439 4375/6168/5440 4278/6066/5343
f 4375/6168/5440 4376/6169/5441 4278/6066/5343
f 4376/6169/5441 4282/6070/5347 4278/6066/5343
f 4376/6169/5441 4377/6170/5442 4282/6070/5347
f 4377/6170/5442 4281/6069/5346 4282/6070/5347
f 4377/6170/5442 4280/6068/5345 4281/6069/5346
f 4284/6072/5349 4285/6073/5350 4378/6171/5443
f 4285/6073/5350 4379/6172/5444 4378/6171/5443
f 4285/6073/5350 4280/6068/5345 4379/6172/5444
f 4280/6068/5345 4380/6173/5445 4379/6172/5444
f 4280/6068/5345 4377/6170/5442 4380/6173/5445
f 4378/6171/5443 4283/6071/5348 4284/6072/5349
f 4381/6174/5446 4302/6091/5367 4301/6090/5366
f 4382/6175/5447 4311/6100/5376 4312/6101/5377
f 4383/6176/5448 4322/6111/5387 4323/6112/5388
f 4237/6024/5302 4384/6177/5449 4337/6126/5402
f 4237/6024/5302 4236/6023/5301 4384/6177/5449
f 4236/6023/5301 4385/6178/5450 4384/6177/5449
f 4236/6023/5301 4327/6116/5392 4385/6178/5450
f 4327/6116/5392 4386/6179/5451 4385/6178/5450
f 4327/6116/5392 4328/6117/5393 4386/6179/5451
f 4328/6117/5393 4329/6118/5394 4386/6179/5451
f 4329/6118/5394 4387/6180/5452 4386/6179/5451
f 4329/6118/5394 4330/6119/5395 4387/6180/5452
f 4387/6180/5452 4330/6119/5395 4388/6181/5453
f 4330/6119/5395 4389/6182/5454 4388/6181/5453
f 4330/6119/5395 4325/6114/5390 4389/6182/5454
f 4325/6114/5390 4390/6183/5455 4389/6182/5454
f 4325/6114/5390 4326/6115/5391 4390/6183/5455
f 4326/6115/5391 4234/6021/5299 4390/6183/5455
f 4234/6021/5299 4391/6184/5456 4390/6183/5455
f 4234/6021/5299 4322/6111/5387 4391/6184/5456
f 4322/6111/5387 4392/6185/5457 4391/6184/5456
f 4322/6111/5387 4383/6176/5448 4392/6185/5457
f 4323/6112/5388 4324/6113/5389 4383/6176/5448
f 4324/6113/5389 4393/6186/5458 4383/6176/5448
f 4324/6113/5389 4320/6109/5385 4393/6186/5458
f 4393/6186/5458 4320/6109/5385 4394/6187/5459
f 4320/6109/5385 4395/6188/5460 4394/6187/5459
f 4320/6109/5385 4321/6110/5386 4395/6188/5460
f 4321/6110/5386 4396/6189/5461 4395/6188/5460
f 4321/6110/5386 4318/6107/5383 4396/6189/5461
f 4318/6107/5383 4319/6108/5384 4396/6189/5461
f 4319/6108/5384 4397/6190/5462 4396/6189/5461
f 4319/6108/5384 4316/6105/5381 4397/6190/5462
f 4397/6190/5462 4316/6105/5381 4398/6191/5463
f 4316/6105/5381 4399/6192/5464 4398/6191/5463
f 4316/6105/5381 4317/6106/5382 4399/6192/5464
f 4317/6106/5382 4400/6193/5465 4399/6192/5464
f 4317/6106/5382 4314/6103/5379 4400/6193/5465
f 4314/6103/5379 4315/6104/5380 4400/6193/5465
f 4315/6104/5380 4401/6194/5466 4400/6193/5465
f 4315/6104/5380 4311/6100/5376 4401/6194/5466
f 4311/6100/5376 4402/6195/5467 4401/6194/5466
f 4311/6100/5376 4382/6175/5447 4402/6195/5467
f 4312/6101/5377 4313/6102/5378 4382/6175/5447
f 4313/6102/5378 4403/6196/5468 4382/6175/5447
f 4313/6102/5378 4310/6099/5375 4403/6196/5468
f 4403/6196/5468 4310/6099/5375 4404/6197/5469
f 4310/6099/5375 4405/6198/5470 4404/6197/5469
f 4310/6099/5375 4309/6098/5374 4405/6198/5470
f 4309/6098/5374 4406/6199/5471 4405/6198/5470
f 4309/6098/5374 4308/6097/5373 4406/6199/5471
f 4308/6097/5373 4307/6096/5372 4406/6199/5471
f 4307/6096/5372 4407/6200/5472 4406/6199/5471
f 4307/6096/5372 4306/6095/5371 4407/6200/5472
f 4407/6200/5472 4306/6095/5371 4408/6201/5473
f 4306/6095/5371 4409/6202/5474 4408/6201/5473
f 4306/6095/5371 4305/6094/5370 4409/6202/5474
f 4305/6094/5370 4410/6203/5475 4409/6202/5474
f 4305/6094/5370 4304/6093/5369 4410/6203/5475
f 4304/6093/5369 4303/6092/5368 4410/6203/5475
f 4303/6092/5368 4411/6204/5476 4410/6203/5475
f 4303/6092/5368 4302/6091/5367 4411/6204/5476
f 4302/6091/5367 4412/6205/5477 4411/6204/5476
f 4302/6091/5367 4381/6174/5446 4412/6205/5477
f 4301/6090/5366 4296/6084/5361 4381/6174/5446
f 4296/6084/5361 4413/6206/5478 4381/6174/5446
f 4296/6207/5361 4297/6209/5362 4413/6208/5478
f 4413/6208/5478 4297/6209/5362 4414/6210/5479
f 4297/6209/5362 4415/6211/5480 4414/6210/5479
f 4297/6209/5362 4298/6212/5363 4415/6211/5480
f 4298/6212/5363 4416/6213/5481 4415/6211/5480
f 4298/6212/5363 4299/6088/5364 4416/6213/5481
f 4299/6088/5364 4300/6089/5365 4416/6213/5481
f 4300/6089/5365 4417/6214/5482 4416/6213/5481
f 4300/6089/5365 4294/6082/5359 4417/6214/5482
f 4417/6214/5482 4294/6082/5359 4418/6215/5483
f 4294/6082/5359 4419/6216/5484 4418/6215/5483
f 4294/6082/5359 4295/6083/5360 4419/6216/5484
f 4295/6083/5360 4420/6217/5485 4419/6216/5484
f 4295/6083/5360 4292/6080/5357 4420/6217/5485
f 4292/6080/5357 4293/6081/5358 4420/6217/5485
f 4293/6081/5358 4421/6218/5486 4420/6217/5485
f 4293/6081/5358 4288/6076/5353 4421/6218/5486
f 4421/6218/5486 4288/6076/5353 4422/6219/5487
f 4288/6076/5353 4423/6220/5488 4422/6219/5487
f 4288/6076/5353 4289/6077/5354 4423/6220/5488
f 4289/6077/5354 4424/6221/5489 4423/6220/5488
f 4289/6077/5354 4290/6078/5355 4424/6221/5489
f 4290/6078/5355 4425/6222/5490 4424/6221/5489
f 4290/6078/5355 4291/6079/5356 4425/6222/5490
f 4291/6079/5356 4426/6223/5491 4425/6222/5490
f 4291/6079/5356 4286/6074/5351 4426/6223/5491
f 4286/6074/5351 4287/6075/5352 4426/6223/5491
f 4287/6075/5352 4427/6224/5492 4426/6223/5491
f 4287/6075/5352 4283/6071/5348 4427/6224/5492
f 4283/6071/5348 4428/6225/5493 4427/6224/5492
f 4283/6071/5348 4378/6171/5443 4428/6225/5493
f 3226/4875/4432 4350/6139/5415 3244/4891/4449
f 4429/6226/5494 4430/3292/5495 4384/6227/5449
f 4430/3292/5495 4337/6228/5402 4384/6227/5449
f 4430/6229/5495 4431/6230/5496 4337/6126/5402
f 4432/6231/5497 4429/6233/5494 4386/6232/5451
f 4429/6234/5494 4385/6178/5450 4386/6179/5451
f 4429/6226/5494 4384/6227/5449 4385/6235/5450
f 4337/6126/5402 4431/6230/5496 4338/6127/5403
f 4431/6230/5496 4339/6128/5404 4338/6127/5403
f 4431/6236/5496 4433/6238/5498 4339/6237/5404
f 4433/6239/5498 4340/6129/5405 4339/6128/5404
f 4433/6240/5498 4434/6242/5499 4340/6241/5405
f 4434/6243/5499 4341/6130/5406 4340/6129/5405
f 4434/6243/5499 4435/6244/5500 4341/6130/5406
f 4435/6244/5500 4436/6245/5501 4341/6130/5406
f 4436/6245/5501 4342/6131/5407 4341/6130/5406
f 4436/6245/5501 4437/6246/5502 4342/6131/5407
f 4437/6246/5502 4343/6132/5408 4342/6131/5407
f 4437/6247/5502 4438/6249/5503 4343/6248/5408
f 4438/6250/5503 4344/6133/5409 4343/6132/5408
f 4438/6250/5503 4439/6251/5504 4344/6133/5409
f 4439/6251/5504 4345/6134/5410 4344/6133/5409
f 4439/6251/5504 4440/6252/5505 4345/6134/5410
f 4440/6252/5505 4346/6135/5411 4345/6134/5410
f 4440/6253/5505 4441/6255/5506 4346/6254/5411
f 4441/6256/5506 4347/6136/5412 4346/6135/5411
f 4441/6256/5506 4442/6257/5507 4347/6136/5412
f 4350/6139/5415 4335/6124/5400 3244/4891/4449
f 4335/6124/5400 3243/4890/4448 3244/4891/4449
f 4335/6124/5400 4336/6125/5401 3243/4890/4448
f 4347/6136/5412 4442/6257/5507 4348/6137/5413
f 4442/6257/5507 4349/6138/5414 4348/6137/5413
f 4442/6257/5507 4443/6258/5508 4349/6138/5414
f 4443/6258/5508 4336/6125/5401 4349/6138/5414
f 4443/6258/5508 4444/6259/5509 4336/6125/5401
f 4444/6259/5509 3243/4890/4448 4336/6125/5401
f 4354/6143/5419 4353/6142/5418 3228/4877/4434
f 4353/6260/5418 3227/6262/4433 3228/6261/4434
f 4353/6142/5418 4352/6141/5417 3227/4876/4433
f 4352/6263/5417 3226/6265/4432 3227/6264/4433
f 4352/6263/5417 4351/6266/5416 3226/6265/4432
f 4351/6140/5416 4350/6139/5415 3226/4875/4432
f 4355/6145/5420 3249/4898/4454 4356/6148/5421
f 3249/4898/4454 4355/6145/5420 3247/4897/4452
f 4355/6145/5420 3231/6267/4437 3247/4897/4452
f 4355/6145/5420 4354/6268/5419 3231/6267/4437
f 4354/6268/5419 3229/6269/4435 3231/6267/4437
f 4354/6268/5419 3228/6270/4434 3229/6269/4435
f 4356/6148/5421 3249/4898/4454 4357/6150/5422
f 3249/4898/4454 4358/6151/5423 4357/6150/5422
f 3249/4898/4454 3251/4900/4456 4358/6151/5423
f 3251/4900/4456 4334/6123/5399 4358/6151/5423
f 3251/4900/4456 3252/4901/4457 4334/6123/5399
f 3252/4901/4457 4333/6122/5398 4334/6123/5399
f 4362/6155/5427 4361/6154/5426 3255/4904/4460
f 4361/6154/5426 3254/4903/4459 3255/4904/4460
f 4361/6154/5426 4360/6153/5425 3254/4903/4459
f 4360/6153/5425 3252/4901/4457 3254/4903/4459
f 4360/6153/5425 4359/6152/5424 3252/4901/4457
f 4359/6152/5424 4333/6122/5398 3252/4901/4457
f 3258/4907/4463 4366/6159/5431 3257/4906/4462
f 4362/6155/5427 3255/4904/4460 4363/6156/5428
f 3255/4904/4460 4364/6157/5429 4363/6156/5428
f 3255/4904/4460 3257/4906/4462 4364/6157/5429
f 3257/4906/4462 4365/6158/5430 4364/6157/5429
f 3257/4906/4462 4366/6159/5431 4365/6158/5430
f 4368/6161/5433 4331/6120/5396 3264/4913/4469
f 4331/6120/5396 3263/4912/4468 3264/4913/4469
f 4331/6120/5396 4332/6121/5397 3263/4912/4468
f 4332/6121/5397 3258/4907/4463 3263/4912/4468
f 4332/6121/5397 4367/6160/5432 3258/4907/4463
f 4367/6160/5432 4366/6159/5431 3258/4907/4463
f 4368/6161/5433 3264/4913/4469 4369/6162/5434
f 3264/4913/4469 4370/6163/5435 4369/6162/5434
f 3264/4913/4469 3265/4914/4470 4370/6163/5435
f 3265/4914/4470 4371/6164/5436 4370/6163/5435
f 3265/4914/4470 3260/4909/4465 4371/6164/5436
f 4371/6164/5436 3260/4909/4465 4372/6165/5437
f 3260/4909/4465 4373/6166/5438 4372/6165/5437
f 3260/4909/4465 3269/4918/4474 4373/6166/5438
f 3269/4918/4474 4374/6167/5439 4373/6166/5438
f 3269/4918/4474 3270/4919/4475 4374/6167/5439
f 4374/6167/5439 3270/4919/4475 4375/6168/5440
f 3270/4919/4475 4376/6169/5441 4375/6168/5440
f 3270/4919/4475 3271/4920/4476 4376/6169/5441
f 3271/4920/4476 4377/6170/5442 4376/6169/5441
f 3271/4920/4476 3266/4915/4471 4377/6170/5442
f 4377/6170/5442 3266/4915/4471 4380/6173/5445
f 3266/4915/4471 4379/6172/5444 4380/6173/5445
f 3266/4915/4471 3272/4921/4477 4379/6172/5444
f 3272/4921/4477 4378/6171/5443 4379/6172/5444
f 3272/4921/4477 3273/4922/4478 4378/6171/5443
f 4378/6171/5443 3273/4922/4478 4428/6225/5493
f 3273/4922/4478 4427/6224/5492 4428/6225/5493
f 3273/4922/4478 3275/4924/4480 4427/6224/5492
f 3275/4924/4480 4426/6223/5491 4427/6224/5492
f 3275/4924/4480 3277/4926/4482 4426/6223/5491
f 3277/4926/4482 4425/6222/5490 4426/6223/5491
f 3277/4926/4482 4424/6221/5489 4425/6222/5490
f 4423/6220/5488 4424/6221/5489 3299/4959/4512
f 4424/6221/5489 3298/4958/4511 3299/4959/4512
f 4424/6221/5489 3277/4926/4482 3298/4958/4511
f 4445/6271/5510 4421/6218/5486 3308/4970/4521
f 4421/6218/5486 3307/4969/4520 3308/4970/4521
f 4421/6218/5486 4422/6219/5487 3307/4969/4520
f 4422/6219/5487 3310/4972/4523 3307/4969/4520
f 4422/6219/5487 4423/6220/5488 3310/4972/4523
f 4423/6220/5488 3306/4968/4519 3310/4972/4523
f 4423/6220/5488 3299/4959/4512 3306/4968/4519
f 4421/6218/5486 4445/6271/5510 4420/6217/5485
f 4445/6271/5510 4419/6216/5484 4420/6217/5485
f 4445/6271/5510 4446/6272/5511 4419/6216/5484
f 4446/6272/5511 4418/6215/5483 4419/6216/5484
f 4446/6272/5511 4417/6214/5482 4418/6215/5483
f 4415/6211/5480 4416/6213/5481 4447/6273/5512
f 4416/6213/5481 4448/6274/5513 4447/6273/5512
f 4416/6213/5481 4417/6214/5482 4448/6274/5513
f 4417/6214/5482 4449/6275/5514 4448/6274/5513
f 4417/6214/5482 4446/6272/5511 4449/6275/5514
f 4415/6211/5480 4447/6273/5512 4414/6210/5479
f 4447/6273/5512 4413/6208/5478 4414/6210/5479
f 4447/6273/5512 4450/6276/5515 4413/6208/5478
f 4450/6276/5515 4381/6277/5446 4413/6208/5478
f 4451/6278/5516 4411/6280/5476 4452/6279/5517
f 4411/6280/5476 4453/6281/5518 4452/6279/5517
f 4411/6280/5476 4412/6282/5477 4453/6281/5518
f 4412/6282/5477 4454/6283/5519 4453/6281/5518
f 4412/6205/5477 4381/6174/5446 4454/6284/5519
f 4381/6174/5446 4455/6285/5520 4454/6284/5519
f 4381/6286/5446 4450/686/5515 4455/3212/5520
f 4411/6280/5476 4451/6278/5516 4410/6287/5475
f 4451/6278/5516 4409/6288/5474 4410/6287/5475
f 4451/6289/5516 4456/6290/5521 4409/6202/5474
f 4456/6291/5521 4408/6293/5473 4409/6292/5474
f 4456/6291/5521 4457/6294/5522 4408/6293/5473
f 4457/6294/5522 4407/6295/5472 4408/6293/5473
f 4457/6294/5522 4458/2753/5523 4407/6295/5472
f 4407/6295/5472 4458/2753/5523 4406/6296/5471
f 4458/6297/5523 4405/6198/5470 4406/6199/5471
f 4458/6298/5523 4459/6300/5524 4405/6299/5470
f 4405/6299/5470 4459/6300/5524 4404/6301/5469
f 4459/6300/5524 4403/6302/5468 4404/6301/5469
f 4459/6300/5524 4460/6303/5525 4403/6302/5468
f 4460/6303/5525 4382/6304/5447 4403/6302/5468
f 4460/6303/5525 4461/6305/5526 4382/6304/5447
f 4461/6306/5526 4402/6195/5467 4382/6175/5447
f 4461/6307/5526 4462/6309/5527 4402/6308/5467
f 4462/6309/5527 4401/6310/5466 4402/6308/5467
f 4462/6309/5527 4463/6311/5528 4401/6310/5466
f 4401/6310/5466 4463/6311/5528 4400/6312/5465
f 4463/6311/5528 4399/6313/5464 4400/6312/5465
f 4463/6311/5528 4464/6314/5529 4399/6313/5464
f 4464/6314/5529 4398/6315/5463 4399/6313/5464
f 4464/6314/5529 4465/6316/5530 4398/6315/5463
f 4465/6316/5530 4397/6317/5462 4398/6315/5463
f 4465/6316/5530 4466/3282/5531 4397/6317/5462
f 4466/6318/5531 4396/6189/5461 4397/6190/5462
f 4466/3545/5531 4467/6320/5532 4396/6319/5461
f 4396/6189/5461 4467/6321/5532 4395/6188/5460
f 4467/6322/5532 4394/6324/5459 4395/6323/5460
f 4467/6322/5532 4468/6325/5533 4394/6324/5459
f 4468/6325/5533 4393/6326/5458 4394/6324/5459
f 4468/6325/5533 4469/6327/5534 4393/6326/5458
f 4469/6327/5534 4383/6328/5448 4393/6326/5458
f 4469/6327/5534 4470/6329/5535 4383/6328/5448
f 4470/6330/5535 4392/6185/5457 4383/6176/5448
f 4470/6331/5535 4471/6333/5536 4392/6332/5457
f 4471/6334/5536 4391/6184/5456 4392/6185/5457
f 4471/6335/5536 4472/6337/5537 4391/6336/5456
f 4472/6337/5537 4390/6338/5455 4391/6336/5456
f 4472/6337/5537 4473/6339/5538 4390/6338/5455
f 4473/6339/5538 4389/6340/5454 4390/6338/5455
f 4473/6341/5538 4474/6342/5539 4389/6182/5454
f 4474/6342/5539 4388/6181/5453 4389/6182/5454
f 4474/6320/5539 4432/6344/5497 4388/6343/5453
f 4432/6345/5497 4387/6180/5452 4388/6181/5453
f 4432/6345/5497 4386/6179/5451 4387/6180/5452
f 4444/6259/5509 4475/6346/5540 3243/4890/4448
f 4475/6346/5540 3224/4873/4430 3243/4890/4448
f 4475/6346/5540 4476/6347/5541 3224/4873/4430
f 4476/6347/5541 3223/4872/4429 3224/4873/4430
f 4476/6347/5541 4477/6348/5542 3223/4872/4429
f 4477/6348/5542 3237/2024/1909 3223/4872/4429
f 4443/6258/5508 4478/6349/5543 4444/6259/5509
f 4478/6349/5543 4475/6346/5540 4444/6259/5509
f 4478/6349/5543 4479/6350/5544 4475/6346/5540
f 4479/6350/5544 4476/6347/5541 4475/6346/5540
f 4479/6350/5544 4480/6351/5545 4476/6347/5541
f 4480/6351/5545 4477/6348/5542 4476/6347/5541
f 4478/6349/5543 4481/6352/5546 4479/6350/5544
f 4482/6353/5547 4432/6345/5497 4474/6342/5539
f 4483/6354/5548 4484/6355/5549 4482/6353/5547
f 4482/6353/5547 4484/6355/5549 4432/6345/5497
f 4484/6355/5549 4429/6234/5494 4432/6345/5497
f 4484/6355/5549 4485/6356/5550 4429/6234/5494
f 4485/6356/5550 4430/6229/5495 4429/6234/5494
f 4485/6356/5550 4486/6357/5551 4430/6229/5495
f 4486/6357/5551 4431/6230/5496 4430/6229/5495
f 4486/6357/5551 4487/6358/5552 4431/6230/5496
f 4487/6358/5552 4433/6239/5498 4431/6230/5496
f 4487/6358/5552 4488/6359/5553 4433/6239/5498
f 4488/6359/5553 4434/6243/5499 4433/6239/5498
f 4488/6359/5553 4489/6360/5554 4434/6243/5499
f 4489/6360/5554 4435/6244/5500 4434/6243/5499
f 4489/6360/5554 4490/6361/5555 4435/6244/5500
f 4435/6244/5500 4490/6361/5555 4436/6245/5501
f 4490/6361/5555 4437/6246/5502 4436/6245/5501
f 4490/6361/5555 4491/6362/5556 4437/6246/5502
f 4491/6362/5556 4438/6250/5503 4437/6246/5502
f 4491/6362/5556 4492/6363/5557 4438/6250/5503
f 4492/6363/5557 4439/6251/5504 4438/6250/5503
f 4492/6363/5557 4493/6364/5558 4439/6251/5504
f 4439/6251/5504 4493/6364/5558 4440/6252/5505
f 4493/6364/5558 4441/6256/5506 4440/6252/5505
f 4493/6364/5558 4494/6365/5559 4441/6256/5506
f 4494/6365/5559 4442/6257/5507 4441/6256/5506
f 4494/6365/5559 4495/6366/5560 4442/6257/5507
f 4495/6366/5560 4443/6258/5508 4442/6257/5507
f 4443/6258/5508 4495/6366/5560 4478/6349/5543
f 4495/6366/5560 4481/6352/5546 4478/6349/5543
f 4495/6366/5560 4494/6365/5559 4481/6352/5546
f 4494/6365/5559 4496/6367/5561 4481/6352/5546
f 4494/6365/5559 4493/6364/5558 4496/6367/5561
f 4493/6364/5558 4497/6368/5562 4496/6367/5561
f 4493/6364/5558 4492/6363/5557 4497/6368/5562
f 4492/6363/5557 4498/6369/5563 4497/6368/5562
f 4492/6363/5557 4491/6362/5556 4498/6369/5563
f 4491/6362/5556 4499/6370/5564 4498/6369/5563
f 4491/6362/5556 4490/6361/5555 4499/6370/5564
f 4490/6361/5555 4500/6371/5565 4499/6370/5564
f 4490/6361/5555 4489/6360/5554 4500/6371/5565
f 4489/6360/5554 4501/6372/5566 4500/6371/5565
f 4489/6360/5554 4488/6359/5553 4501/6372/5566
f 4488/6359/5553 4502/6373/5567 4501/6372/5566
f 4488/6359/5553 4487/6358/5552 4502/6373/5567
f 4487/6358/5552 4503/6374/5568 4502/6373/5567
f 4487/6358/5552 4486/6357/5551 4503/6374/5568
f 4486/6357/5551 4504/6375/5569 4503/6374/5568
f 4486/6357/5551 4485/6356/5550 4504/6375/5569
f 4485/6356/5550 4505/6376/5570 4504/6375/5569
f 4485/6356/5550 4484/6355/5549 4505/6376/5570
f 4484/6355/5549 4506/6377/5571 4505/6376/5570
f 4484/6355/5549 4483/6354/5548 4506/6377/5571
f 4483/6354/5548 4507/6378/5572 4506/6377/5571
f 4507/6378/5572 4508/6379/5573 4506/6377/5571
f 4508/6379/5573 4505/6376/5570 4506/6377/5571
f 4508/6379/5573 4509/6380/5574 4505/6376/5570
f 4509/6380/5574 4504/6375/5569 4505/6376/5570
f 4509/6380/5574 4510/6381/5575 4504/6375/5569
f 4510/6381/5575 4503/6374/5568 4504/6375/5569
f 4510/6381/5575 4511/6382/5576 4503/6374/5568
f 4511/6382/5576 4502/6373/5567 4503/6374/5568
f 4511/6382/5576 4512/6383/5577 4502/6373/5567
f 4512/6383/5577 4501/6372/5566 4502/6373/5567
f 4512/6383/5577 4513/6384/5578 4501/6372/5566
f 4513/6384/5578 4500/6371/5565 4501/6372/5566
f 4513/6384/5578 4514/6385/5579 4500/6371/5565
f 4514/6385/5579 4499/6370/5564 4500/6371/5565
f 4514/6385/5579 4515/6386/5580 4499/6370/5564
f 4515/6386/5580 4498/6369/5563 4499/6370/5564
f 4515/6386/5580 4516/6387/5581 4498/6369/5563
f 4516/6387/5581 4497/6368/5562 4498/6369/5563
f 4516/6387/5581 4517/6388/5582 4497/6368/5562
f 4517/6388/5582 4496/6367/5561 4497/6368/5562
f 4517/6388/5582 4518/6389/5583 4496/6367/5561
f 4518/6389/5583 4481/6352/5546 4496/6367/5561
f 4518/6389/5583 4519/6390/5584 4481/6352/5546
f 4519/6390/5584 4479/6350/5544 4481/6352/5546
f 4519/6390/5584 4480/6351/5545 4479/6350/5544
f 4520/6391/5585 4461/6306/5526 4460/6392/5525
f 4521/6393/5586 4523/6395/5588 4522/6394/5587
f 4483/6354/5548 4524/6396/5589 4507/6378/5572
f 4482/6353/5547 4525/6397/5590 4483/6354/5548
f 4483/6354/5548 4525/6397/5590 4524/6396/5589
f 4525/6397/5590 4526/6398/5591 4524/6396/5589
f 4525/6397/5590 4527/6399/5592 4526/6398/5591
f 4527/6399/5592 4528/6400/5593 4526/6398/5591
f 4527/6399/5592 4529/6401/5594 4528/6400/5593
f 4473/6341/5538 4472/6403/5537 4530/6402/5595
f 4472/6403/5537 4531/6404/5596 4530/6402/5595
f 4472/6403/5537 4471/6334/5536 4531/6404/5596
f 4471/6334/5536 4532/6405/5597 4531/6404/5596
f 4471/6334/5536 4470/6330/5535 4532/6405/5597
f 4470/6330/5535 4533/6406/5598 4532/6405/5597
f 4470/6330/5535 4469/6407/5534 4533/6406/5598
f 4469/6407/5534 4468/6408/5533 4533/6406/5598
f 4528/6400/5593 4529/6401/5594 4534/6409/5599
f 4529/6401/5594 4535/6410/5600 4534/6409/5599
f 4529/6401/5594 4536/6411/5601 4535/6410/5600
f 4536/6411/5601 4537/6412/5602 4535/6410/5600
f 4536/6411/5601 4538/6413/5603 4537/6412/5602
f 4468/6408/5533 4467/6321/5532 4533/6406/5598
f 4467/6321/5532 4539/6414/5604 4533/6406/5598
f 4467/6321/5532 4540/6415/5605 4539/6414/5604
f 4464/6416/5529 4540/6415/5605 4465/6417/5530
f 4540/6415/5605 4466/6318/5531 4465/6417/5530
f 4540/6415/5605 4467/6321/5532 4466/6318/5531
f 4537/6412/5602 4538/6413/5603 4541/6418/5606
f 4538/6413/5603 4542/6419/5607 4541/6418/5606
f 4538/6413/5603 4543/6420/5608 4542/6419/5607
f 4543/6420/5608 4544/6421/5609 4542/6419/5607
f 4543/6420/5608 4545/6422/5610 4544/6421/5609
f 4545/6422/5610 4546/6423/5611 4544/6421/5609
f 4540/6415/5605 4464/6416/5529 4547/6424/5612
f 4464/6416/5529 4548/6425/5613 4547/6424/5612
f 4464/6416/5529 4463/6426/5528 4548/6425/5613
f 4463/6426/5528 4462/6427/5527 4548/6425/5613
f 4544/6421/5609 4546/6423/5611 4549/6428/5614
f 4546/6423/5611 4550/6429/5615 4549/6428/5614
f 4546/6423/5611 4551/6430/5616 4550/6429/5615
f 4552/6431/5617 4551/6430/5616 4553/6432/5618
f 4551/6430/5616 4554/6433/5619 4553/6432/5618
f 4551/6430/5616 4546/6423/5611 4554/6433/5619
f 4462/6427/5527 4461/6306/5526 4548/6425/5613
f 4461/6306/5526 4555/6434/5620 4548/6425/5613
f 4461/6306/5526 4520/6391/5585 4555/6434/5620
f 4552/6431/5617 4553/6432/5618 4556/6435/5621
f 4553/6432/5618 4557/6436/5622 4556/6435/5621
f 4553/6432/5618 4558/6437/5623 4557/6436/5622
f 4558/6437/5623 4559/6438/5624 4557/6436/5622
f 4558/6437/5623 4560/6439/5625 4559/6438/5624
f 4560/6439/5625 4561/6440/5626 4559/6438/5624
f 4560/6439/5625 4562/6441/5627 4561/6440/5626
f 4562/6441/5627 4560/6439/5625 4563/6442/5628
f 4560/6439/5625 4564/6443/5629 4563/6442/5628
f 4560/6439/5625 4558/6437/5623 4564/6443/5629
f 4558/6437/5623 4565/6444/5630 4564/6443/5629
f 4558/6437/5623 4553/6432/5618 4565/6444/5630
f 4553/6432/5618 4520/6391/5585 4565/6444/5630
f 4553/6432/5618 4554/6433/5619 4520/6391/5585
f 4554/6433/5619 4555/6434/5620 4520/6391/5585
f 4554/6433/5619 4546/6423/5611 4555/6434/5620
f 4546/6423/5611 4548/6425/5613 4555/6434/5620
f 4546/6423/5611 4545/6422/5610 4548/6425/5613
f 4545/6422/5610 4547/6424/5612 4548/6425/5613
f 4545/6422/5610 4543/6420/5608 4547/6424/5612
f 4543/6420/5608 4540/6415/5605 4547/6424/5612
f 4543/6420/5608 4538/6413/5603 4540/6415/5605
f 4538/6413/5603 4539/6414/5604 4540/6415/5605
f 4538/6413/5603 4536/6411/5601 4539/6414/5604
f 4536/6411/5601 4533/6406/5598 4539/6414/5604
f 4536/6411/5601 4529/6401/5594 4533/6406/5598
f 4529/6401/5594 4532/6405/5597 4533/6406/5598
f 4529/6401/5594 4527/6399/5592 4532/6405/5597
f 4527/6399/5592 4531/6404/5596 4532/6405/5597
f 4527/6399/5592 4525/6397/5590 4531/6404/5596
f 4525/6397/5590 4530/6402/5595 4531/6404/5596
f 4525/6397/5590 4482/6353/5547 4530/6402/5595
f 4482/6353/5547 4473/6341/5538 4530/6402/5595
f 4482/6353/5547 4474/6342/5539 4473/6341/5538
f 4452/6445/5517 4563/6442/5628 4451/6289/5516
f 4563/6442/5628 4456/6290/5521 4451/6289/5516
f 4563/6442/5628 4564/6443/5629 4456/6290/5521
f 4564/6443/5629 4457/6446/5522 4456/6290/5521
f 4564/6443/5629 4565/6444/5630 4457/6446/5522
f 4565/6444/5630 4458/6297/5523 4457/6446/5522
f 4565/6444/5630 4520/6391/5585 4458/6297/5523
f 4520/6391/5585 4459/6447/5524 4458/6297/5523
f 4520/6391/5585 4460/6392/5525 4459/6447/5524
f 4453/6448/5518 4566/6449/5631 4452/6445/5517
f 4566/6449/5631 4563/6442/5628 4452/6445/5517
f 4566/6449/5631 4523/6395/5588 4563/6442/5628
f 4523/6395/5588 4562/6441/5627 4563/6442/5628
f 4523/6395/5588 4521/6393/5586 4562/6441/5627
f 4521/6393/5586 4561/6440/5626 4562/6441/5627
f 4567/6450/5632 4569/6452/5634 4568/6451/5633
f 4523/6395/5588 4570/6453/5635 4522/6394/5587
f 4454/6284/5519 4571/6454/5636 4453/6448/5518
f 4571/6454/5636 4566/6449/5631 4453/6448/5518
f 4523/6395/5588 4567/6450/5632 4570/6453/5635
f 4567/6450/5632 4572/6455/5637 4570/6453/5635
f 4567/6450/5632 4568/6451/5633 4572/6455/5637
f 4455/6285/5520 4569/6452/5634 4454/6284/5519
f 4569/6452/5634 4571/6454/5636 4454/6284/5519
f 4569/6452/5634 4567/6450/5632 4571/6454/5636
f 4567/6450/5632 4566/6449/5631 4571/6454/5636
f 4567/6450/5632 4523/6395/5588 4566/6449/5631
f 4450/6456/5515 4573/6457/5638 4455/6285/5520
f 4573/6457/5638 4569/6452/5634 4455/6285/5520
f 4573/6457/5638 4574/6458/5639 4569/6452/5634
f 4574/6458/5639 4568/6451/5633 4569/6452/5634
f 4574/6458/5639 4575/6459/5640 4568/6451/5633
f 4575/6459/5640 4572/6455/5637 4568/6451/5633
f 4576/6460/5641 4578/6462/5643 4577/6461/5642
f 4446/6272/5511 4579/6463/5644 4449/6275/5514
f 4579/6463/5644 4448/6274/5513 4449/6275/5514
f 4580/6464/5645 4579/6465/5644 4576/6460/5641
f 4581/6466/5646 3313/4977/4526 3182/4830/4396
f 4575/6459/5640 4574/6458/5639 4580/6464/5645
f 4574/6458/5639 4582/6467/5647 4580/6464/5645
f 4574/6458/5639 4573/6457/5638 4582/6467/5647
f 4580/6464/5645 4582/6467/5647 4579/6465/5644
f 4582/6468/5647 4448/6274/5513 4579/6463/5644
f 4582/6467/5647 4573/6457/5638 4448/6469/5513
f 4573/6470/5638 4447/6273/5512 4448/6274/5513
f 4573/6457/5638 4450/6456/5515 4447/6471/5512
f 4576/6460/5641 4579/6465/5644 4578/6462/5643
f 4579/6463/5644 4445/6271/5510 4578/6472/5643
f 4579/6463/5644 4446/6272/5511 4445/6271/5510
f 3308/4970/4521 3309/4971/4522 4445/6271/5510
f 3309/4971/4522 4578/6472/5643 4445/6271/5510
f 3309/4975/4522 3313/4977/4526 4578/6462/5643
f 3313/4977/4526 4577/6461/5642 4578/6462/5643
f 3313/4977/4526 4581/6466/5646 4577/6461/5642
f 4581/6466/5646 4576/6460/5641 4577/6461/5642
f 4581/6466/5646 4583/6473/5648 4576/6460/5641
f 4583/6473/5648 4580/6464/5645 4576/6460/5641
f 4583/6473/5648 4584/6474/5649 4580/6464/5645
f 4584/6474/5649 4575/6459/5640 4580/6464/5645
f 4585/6475/5650 2832/4586/4176 2831/4584/4175
f 4586/6476/5651 4585/6475/5650 4587/6477/5652
f 4584/6474/5649 4587/6477/5652 4575/6459/5640
f 4588/6478/5653 3181/4829/4395 3180/4828/4394
f 4587/6477/5652 4584/6474/5649 4586/6476/5651
f 4584/6474/5649 4589/6479/5654 4586/6476/5651
f 4584/6474/5649 4583/6473/5648 4589/6479/5654
f 4583/6473/5648 4588/6478/5653 4589/6479/5654
f 4583/6473/5648 4581/6466/5646 4588/6478/5653
f 4581/6466/5646 3181/4829/4395 4588/6478/5653
f 4581/6466/5646 3182/4830/4396 3181/4829/4395
f 3178/4825/4392 4590/6480/5655 3180/4828/4394
f 2834/4590/4178 4591/6481/5656 2833/4589/4177
f 4591/6481/5656 3178/4824/4392 2833/4589/4177
f 3178/4825/4392 4591/6482/5656 4590/6480/5655
f 4591/6482/5656 4592/6483/5657 4590/6480/5655
f 4591/6482/5656 4593/6484/5658 4592/6483/5657
f 4593/6484/5658 4594/6485/5659 4592/6483/5657
f 4593/6484/5658 4595/6486/5660 4594/6485/5659
f 4595/6486/5660 4593/6484/5658 2837/4595/4181
f 4593/6484/5658 2836/4594/4180 2837/4595/4181
f 4593/6487/5658 4591/6488/5656 2836/1626/4180
f 4591/6489/5656 2835/6491/4179 2836/6490/4180
f 4591/6481/5656 2834/4590/4178 2835/4591/4179
f 3180/4828/4394 4590/6480/5655 4588/6478/5653
f 4590/6480/5655 4589/6479/5654 4588/6478/5653
f 4590/6480/5655 4592/6483/5657 4589/6479/5654
f 4592/6483/5657 4586/6476/5651 4589/6479/5654
f 4592/6483/5657 4594/6485/5659 4586/6476/5651
f 4594/6485/5659 4585/6475/5650 4586/6476/5651
f 4594/6485/5659 4595/6486/5660 4585/6475/5650
f 4595/6486/5660 2832/4586/4176 4585/6475/5650
f 4595/6486/5660 2837/4595/4181 2832/4586/4176
f 4570/6453/5635 4596/6492/5661 4522/6394/5587
f 2831/4584/4175 2828/4581/4172 4585/6475/5650
f 2828/4581/4172 4597/6493/5662 4585/6475/5650
f 4587/6477/5652 4572/6455/5637 4575/6459/5640
f 4597/6493/5662 4598/6494/5663 4585/6475/5650
f 4598/6494/5663 4587/6477/5652 4585/6475/5650
f 4598/6494/5663 4596/6492/5661 4587/6477/5652
f 4596/6492/5661 4572/6455/5637 4587/6477/5652
f 4596/6492/5661 4570/6453/5635 4572/6455/5637
f 2829/4582/4173 4597/6493/5662 2828/4581/4172
f 4598/6494/5663 4597/6493/5662 4599/6495/5664
f 4597/6493/5662 2830/4583/4174 4599/6495/5664
f 4597/6493/5662 2829/4582/5665 2830/4583/4174
f 2819/4572/4163 4600/6496/5666 2827/4580/4171
f 4600/6496/5666 2826/4579/4170 2827/4580/4171
f 4600/6496/5666 4599/6495/5664 2826/4579/4170
f 4599/6495/5664 2825/4578/4169 2826/4579/4170
f 4599/6495/5664 2830/4583/4174 2825/4578/4169
f 2822/4575/4166 4601/6497/5667 2821/4574/4165
f 4601/6497/5667 2820/4573/4164 2821/4574/4165
f 4601/6497/5667 4600/6496/5666 2820/4573/4164
f 4600/6496/5666 2818/4571/4162 2820/4573/4164
f 4600/6496/5666 2819/4572/4163 2818/4571/4162
f 2807/4560/4151 4602/6498/5668 2806/4559/4150
f 4602/6498/5668 2824/4577/4168 2806/4559/4150
f 4602/6498/5668 4601/6497/5667 2824/4577/4168
f 4601/6497/5667 2823/4576/4167 2824/4577/4168
f 4601/6497/5667 2822/4575/4166 2823/4576/4167
f 4603/6499/5669 2816/4569/4160 2815/4568/4159
f 4603/6499/5669 4602/6498/5668 2816/4569/4160
f 4602/6498/5668 2817/4570/4161 2816/4569/4160
f 4602/6498/5668 2807/4560/4151 2817/4570/4161
f 4604/6500/5670 2813/4566/4157 2808/4561/4152
f 4604/6500/5670 4603/6499/5669 2813/4566/4157
f 4603/6499/5669 2814/4567/4158 2813/4566/4157
f 4603/6499/5669 2815/4568/4159 2814/4567/4158
f 4605/6501/5671 2810/4563/4154 2811/4564/4155
f 4605/6501/5671 4604/6500/5670 2810/4563/4154
f 4604/6500/5670 2809/4562/4153 2810/4563/4154
f 4604/6500/5670 2808/4561/4152 2809/4562/4153
f 2811/4564/4155 2812/4565/4156 4605/6501/5671
f 2812/4565/4156 4606/6502/5672 4605/6501/5671
f 2812/4565/4156 2786/4539/4130 4606/6502/5672
f 4528/6400/5593 4607/6503/5673 4526/6398/5591
f 4607/6503/5673 4524/6396/5589 4526/6398/5591
f 4607/6503/5673 4608/6504/5674 4524/6396/5589
f 4608/6504/5674 4507/6378/5572 4524/6396/5589
f 4528/6400/5593 4534/6409/5599 4607/6503/5673
f 4534/6409/5599 4609/6505/5675 4607/6503/5673
f 4534/6409/5599 4535/6410/5600 4609/6505/5675
f 4610/6506/5676 4609/6505/5675 4541/6418/5606
f 4609/6505/5675 4537/6412/5602 4541/6418/5606
f 4609/6505/5675 4535/6410/5600 4537/6412/5602
f 4550/6429/5615 4611/6507/5677 4549/6428/5614
f 4611/6507/5677 4544/6421/5609 4549/6428/5614
f 4611/6507/5677 4610/6506/5676 4544/6421/5609
f 4610/6506/5676 4542/6419/5607 4544/6421/5609
f 4610/6506/5676 4541/6418/5606 4542/6419/5607
f 4550/6429/5615 4551/6430/5616 4611/6507/5677
f 4551/6430/5616 4612/6508/5678 4611/6507/5677
f 4551/6430/5616 4552/6431/5617 4612/6508/5678
f 4552/6431/5617 4556/6435/5621 4612/6508/5678
f 4556/6435/5621 4613/6509/5679 4612/6508/5678
f 4556/6435/5621 4557/6436/5622 4613/6509/5679
f 4557/6436/5622 4559/6438/5624 4613/6509/5679
f 4559/6438/5624 4614/6510/5680 4613/6509/5679
f 4559/6438/5624 4561/6440/5626 4614/6510/5680
f 4561/6440/5626 4521/6393/5586 4614/6510/5680
f 4521/6393/5586 4596/6492/5661 4614/6510/5680
f 4521/6393/5586 4522/6394/5587 4596/6492/5661
f 4598/6494/5663 4599/6495/5664 4596/6492/5661
f 4599/6495/5664 4614/6510/5680 4596/6492/5661
f 4599/6495/5664 4600/6496/5666 4614/6510/5680
f 4600/6496/5666 4613/6509/5679 4614/6510/5680
f 4600/6496/5666 4601/6497/5667 4613/6509/5679
f 4601/6497/5667 4612/6508/5678 4613/6509/5679
f 4601/6497/5667 4602/6498/5668 4612/6508/5678
f 4602/6498/5668 4611/6507/5677 4612/6508/5678
f 4602/6498/5668 4603/6499/5669 4611/6507/5677
f 4603/6499/5669 4610/6506/5676 4611/6507/5677
f 4603/6499/5669 4604/6500/5670 4610/6506/5676
f 4604/6500/5670 4609/6505/5675 4610/6506/5676
f 4604/6500/5670 4605/6501/5671 4609/6505/5675
f 4605/6501/5671 4607/6503/5673 4609/6505/5675
f 4605/6501/5671 4606/6502/5672 4607/6503/5673
f 4606/6502/5672 4608/6504/5674 4607/6503/5673
s 0
f 4615/6511/5681 4616/6512/5681 4518/6389/5681
s 1
f 4616/6512/5682 4519/6390/5584 4518/6389/5583
f 4517/6388/5582 4516/6387/5581 4617/6513/5683
f 4516/6387/5684 4618/6514/5685 4617/6513/5683
f 4516/6387/5581 4515/6386/5580 4618/6514/5685
f 4515/6386/5580 4514/6385/5579 4618/6514/5685
f 4514/6385/5579 4619/6515/5686 4618/6514/5685
f 4514/6385/5579 4513/6384/5578 4619/6515/5686
f 4513/6384/5578 4620/6516/5687 4619/6515/5686
f 4513/6384/5578 4512/6383/5577 4620/6516/5687
f 4512/6383/5577 4511/6382/5576 4620/6516/5687
f 4511/6382/5576 4621/6517/5688 4620/6516/5687
f 4511/6382/5576 4510/6381/5575 4621/6517/5688
f 4510/6381/5575 4509/6380/5574 4621/6517/5688
f 4509/6380/5574 4622/6518/5689 4621/6517/5688
f 4509/6380/5574 4508/6379/5573 4622/6518/5689
f 4508/6379/5573 4608/6504/5674 4622/6518/5689
f 4508/6379/5573 4507/6378/5572 4608/6504/5674
f 4623/6519/5690 4625/6521/5692 4624/6520/5691
f 4626/6522/5693 4625/6521/5692 4627/6523/5694
f 4625/6521/5692 4628/6524/5695 4627/6523/5694
f 4625/6521/5692 4623/6519/5690 4628/6524/5695
f 4629/6525/5696 4623/6519/5690 4615/6511/5697
f 4623/6519/5690 4616/6512/5682 4615/6511/5697
f 4623/6519/5690 4624/6520/5691 4616/6512/5682
f 4624/6520/5691 4519/6390/5584 4616/6512/5682
f 4624/6520/5691 4625/6521/5692 4519/6390/5584
f 4625/6521/5692 4480/6351/5545 4519/6390/5584
f 4625/6521/5692 4626/6522/5693 4480/6351/5545
f 4606/6502/5672 4630/6526/5698 4608/6504/5674
f 4630/6526/5698 4622/6518/5689 4608/6504/5674
f 4630/6526/5698 4631/6527/5699 4622/6518/5689
f 4631/6527/5699 4621/6517/5688 4622/6518/5689
f 4631/6527/5699 4632/6528/5700 4621/6517/5688
f 4632/6528/5700 4620/6516/5687 4621/6517/5688
f 4632/6528/5700 4633/6529/5701 4620/6516/5687
f 4633/6529/5701 4619/6515/5686 4620/6516/5687
f 4633/6529/5701 4634/6530/5702 4619/6515/5686
f 4634/6530/5702 4618/6514/5685 4619/6515/5686
f 4634/6530/5702 4629/6525/5696 4618/6514/5685
f 4629/6525/5696 4617/6513/5683 4618/6514/5685
f 4629/6525/5696 4615/6511/5697 4617/6513/5683
f 4615/6511/5697 4517/6388/5582 4617/6513/5683
f 4615/6511/5697 4518/6389/5583 4517/6388/5582
f 4628/6524/5695 4623/6519/5690 4635/6531/5703
f 4623/6519/5690 4636/6532/5704 4635/6531/5703
f 4623/6519/5690 4629/6525/5696 4636/6532/5704
f 4629/6525/5696 4637/6533/5705 4636/6532/5704
f 4629/6525/5696 4634/6530/5702 4637/6533/5705
f 4634/6530/5702 4638/6534/5706 4637/6533/5705
f 4634/6530/5702 4633/6529/5701 4638/6534/5706
f 4633/6529/5701 4639/6535/5707 4638/6534/5706
f 4633/6529/5701 4632/6528/5700 4639/6535/5707
f 4632/6528/5700 4640/6536/5708 4639/6535/5707
f 4632/6528/5700 4631/6527/5699 4640/6536/5708
f 4631/6527/5699 4641/6537/5709 4640/6536/5708
f 4631/6527/5699 4630/6526/5698 4641/6537/5709
f 4630/6526/5698 4642/6538/5710 4641/6537/5709
f 4630/6526/5698 4606/6502/5672 4642/6538/5710
f 2786/4539/4130 2788/4541/4132 4606/6502/5672
f 2788/4541/4132 4642/6538/5710 4606/6502/5672
f 2788/4541/4132 2790/4543/4134 4642/6538/5710
f 2790/4543/4134 4641/6537/5709 4642/6538/5710
f 2790/4543/4134 2793/4546/4137 4641/6537/5709
f 2793/4546/4137 4640/6536/5708 4641/6537/5709
f 2793/4546/4137 2798/4551/4142 4640/6536/5708
f 2798/4551/4142 4639/6535/5707 4640/6536/5708
f 2798/4551/4142 2799/4552/4143 4639/6535/5707
f 2799/4552/4143 4638/6534/5706 4639/6535/5707
f 2799/4552/4143 2801/4554/4145 4638/6534/5706
f 2801/4554/4145 4637/6533/5705 4638/6534/5706
f 2801/4554/4145 2803/4556/4147 4637/6533/5705
f 2803/4556/4147 4636/6532/5704 4637/6533/5705
f 2803/4556/4147 2780/4527/4124 4636/6532/5704
f 2780/4527/4124 4635/6531/5703 4636/6532/5704
f 4635/6531/5703 4643/6539/5711 4628/6524/5695
f 4643/6539/5711 4627/6523/5694 4628/6524/5695
f 4645/2021/1906 3237/2024/1909 4646/2022/1907
f 3237/2024/1909 4647/6540/5712 4646/2022/1907
f 3237/2024/1909 4477/6348/5542 4647/6540/5712
f 4648/6541/5713 4626/6522/5693 4627/6523/5694
f 4627/6523/5694 4643/6539/5711 4648/6541/5713
f 4643/6539/5711 4649/6542/5714 4648/6541/5713
f 4643/6539/5711 4650/2023/1908 4649/6542/5714
f 2780/4527/4124 2776/4524/4121 4635/6531/5703
f 2776/4524/4121 4643/6539/5711 4635/6531/5703
f 2776/4524/4121 2777/4525/4122 4643/6539/5711
f 2777/4525/4122 4650/2023/1908 4643/6539/5711
f 2777/4525/4122 2762/1866/1751 4650/2023/1908
f 4646/2022/1907 4649/6542/5714 4650/2023/1908
f 4646/2022/1907 4647/6540/5712 4649/6542/5714
f 4647/6540/5712 4648/6541/5713 4649/6542/5714
f 4647/6540/5712 4477/6348/5542 4648/6541/5713
f 4477/6348/5542 4626/6522/5693 4648/6541/5713
f 4477/6348/5542 4480/6351/5545 4626/6522/5693
f 4651/2025/1910 4652/2030/1915 3242/4889/4447
f 4652/2030/1915 3199/4848/4411 3242/4889/4447
f 4652/2030/1915 3198/4847/4410 3199/4848/4411
f 4651/2025/1910 3241/4888/4446 3239/2026/4444
f 4651/2025/1910 3242/4889/4447 3241/4888/4446
f 2740/1844/1729 4664/6543/5715 4663/2038/1923
f 2740/1844/1729 2739/4518/4115 4664/6543/5715
f 4652/2030/1915 4662/2037/1922 3198/4847/4410
f 4662/2037/1922 4665/6544/5716 3198/4847/4410
f 4662/2037/1922 4666/6545/5717 4665/6544/5716
f 4663/2038/1923 4664/6543/5715 4662/2037/1922
f 4664/6543/5715 4666/6545/5717 4662/2037/1922
f 4664/6543/5715 2739/4518/4115 4666/6545/5717
f 3213/4862/4419 2739/4518/4115 3212/4861/4418
f 3213/4862/4419 3214/4863/4420 2739/4518/4115
f 2739/4518/4115 3214/4863/4420 4666/6545/5717
f 3214/4863/4420 4665/6544/5716 4666/6545/5717
f 3214/4863/4420 3208/4857/4417 4665/6544/5716
f 3208/4857/4417 3198/4847/4410 4665/6544/5716
f 3208/4857/4417 3206/4855/3494 3198/4847/4410
f 3221/4870/4427 4667/6546/5718 3220/4869/4426
f 2726/4517/4114 4669/6548/5720 4668/6547/5719
f 4667/6546/5718 2726/4517/4114 4670/6549/5721
f 2726/4517/4114 4668/6547/5719 4670/6549/5721
f 4668/6547/5719 4671/6550/5722 4670/6549/5721
f 4668/6547/5719 4669/6548/5720 4671/6550/5722
f 4669/6548/5720 4672/6551/5723 4671/6550/5722
f 4669/6548/5720 4673/6552/5724 4672/6551/5723
f 4673/6552/5724 4674/6553/5725 4672/6551/5723
f 4673/6552/5724 4675/6554/5726 4674/6553/5725
f 4675/6554/5726 4676/6555/5727 4674/6553/5725
f 4675/6554/5726 4677/6556/5728 4676/6555/5727
f 3212/4861/4418 2739/4518/4115 3221/4870/4427
f 2739/4518/4115 4667/6546/5718 3221/4870/4427
f 2739/4518/4115 2725/4516/4113 4667/6546/5718
f 2725/4516/4113 2726/4517/4114 4667/6546/5718
f 3218/4867/4424 2847/4605/4191 2849/4607/4193
f 4678/6557/5729 4676/6555/5727 4677/6556/5728
f 4678/6557/5729 4679/6558/5730 4676/6555/5727
f 4679/6558/5730 4680/6559/5731 4676/6555/5727
f 4679/6558/5730 4681/6560/5732 4680/6559/5731
f 4681/6560/5732 2840/4598/4184 4680/6559/5731
f 4681/6560/5732 2839/4597/4183 2840/4598/4184
f 2845/4603/4189 4682/6561/5733 2840/4598/4184
f 4682/6561/5733 4680/6559/5731 2840/4598/4184
f 4682/6561/5733 4674/6553/5725 4680/6559/5731
f 4674/6553/5725 4676/6555/5727 4680/6559/5731
f 4683/6562/5734 4671/6550/5722 4672/6551/5723
f 4683/6562/5734 4684/6563/5735 4671/6550/5722
f 4671/6550/5722 4684/6563/5735 4670/6549/5721
f 4684/6563/5735 4667/6546/5718 4670/6549/5721
f 4684/6563/5735 4685/6564/5736 4667/6546/5718
f 4685/6564/5736 3220/4869/4426 4667/6546/5718
f 3220/4869/4426 4685/6564/5736 3218/4867/4424
f 4685/6564/5736 2847/4605/4191 3218/4867/4424
f 4685/6564/5736 4684/6563/5735 2847/4605/4191
f 4684/6563/5735 2845/4603/4189 2847/4605/4191
f 4684/6563/5735 4683/6562/5734 2845/4603/4189
f 4683/6562/5734 4682/6561/5733 2845/4603/4189
f 4683/6562/5734 4672/6551/5723 4682/6561/5733
f 4672/6551/5723 4674/6553/5725 4682/6561/5733
f 4688/6565/5737 4690/2049/1934 4689/6566/5738
f 4688/6565/5737 4691/6567/5739 4690/2049/1934
f 4690/2049/1934 4691/6567/5739 4700/2050/1935
f 4755/6568/5740 4757/2106/1990 4756/2107/1991
f 4765/6569/5741 4757/2106/1990 4755/6568/5740
f 4765/6569/5741 4767/6570/5742 4757/2106/1990
f 4689/6566/5738 4690/2049/1934 4767/6570/5742
f 4690/2049/1934 4757/2106/1990 4767/6570/5742
f 4768/6571/5743 4679/6558/5730 4678/6557/5729
f 2844/4602/4188 4755/6568/5740 2857/4615/4201
f 4755/6568/5740 4756/2107/1991 2857/4615/4201
f 4756/2107/1991 2855/4613/4199 2857/4615/4201
f 4756/2107/1991 4753/2104/1988 2855/4613/4199
f 2855/4613/4199 4753/2104/1988 2854/4612/4198
f 4753/2104/1988 2871/4629/4215 2854/4612/4198
f 4753/2104/1988 4750/2101/1985 2871/4629/4215
f 2871/4629/4215 4750/2101/1985 2864/4622/4208
f 4750/2101/1985 2863/4621/4207 2864/4622/4208
f 4750/2101/1985 2960/1888/1773 2863/4621/4207
f 4755/6568/5740 2844/4602/4188 4765/6569/5741
f 2844/4602/4188 4767/6570/5742 4765/6569/5741
f 2844/4602/4188 2842/4600/4186 4767/6570/5742
f 2842/4600/4186 4689/6566/5738 4767/6570/5742
f 2842/4600/4186 2838/4596/4182 4689/6566/5738
f 2838/4596/4182 4688/6565/5737 4689/6566/5738
f 2838/4596/4182 2839/4597/4183 4688/6565/5737
f 2839/4597/4183 4691/6567/5739 4688/6565/5737
f 2839/4597/4183 4681/6560/5732 4691/6567/5739
f 4768/6571/5743 4769/6572/5744 4679/6558/5730
f 4691/6567/5739 4681/6560/5732 4770/6573/5745
f 4681/6560/5732 4771/6574/5746 4770/6573/5745
f 4681/6560/5732 4679/6558/5730 4771/6574/5746
f 4679/6558/5730 4772/6575/5747 4771/6574/5746
f 4679/6558/5730 4769/6572/5744 4772/6575/5747
f 4769/6572/5744 4774/2118/2002 4772/6575/5747
f 4775/2117/2001 4769/6572/5744 4768/6571/5743
f 4769/6572/5744 4775/2117/2001 4774/2118/2002
f 4786/2132/2016 4770/6573/5745 4771/6574/5746
f 4700/2050/1935 4770/6573/5745 4786/2132/2016
f 4700/2050/1935 4691/6567/5739 4770/6573/5745
f 4772/6575/5747 4774/2118/2002 4771/6574/5746
f 4774/2118/2002 4786/2132/2016 4771/6574/5746
f 4678/6557/5729 4775/2117/2001 4768/6571/5743
f 4678/6557/5729 4790/2133/2017 4775/2117/2001
f 4790/2133/2017 4677/6556/5728 4803/2146/2030
f 4790/2133/2017 4678/6557/5729 4677/6556/5728
f 4803/2146/2030 4677/6556/5728 4805/2153/2037
f 4677/6556/5728 4806/6576/5748 4805/2153/2037
f 4677/6556/5728 4675/6554/5726 4806/6576/5748
f 4675/6554/5726 4673/6552/5724 4806/6576/5748
f 4805/2153/2037 4806/6576/5748 4818/2160/2044
f 4806/6576/5748 4669/6548/5720 4818/2160/2044
f 4806/6576/5748 4673/6552/5724 4669/6548/5720
f 4818/2160/2044 2726/4517/4114 2727/1833/1718
f 4818/2160/2044 4669/6548/5720 2726/4517/4114
f 2662/1783/1644 4823/6577/5749 2690/1782/1672
f 4824/6578/5750 4823/6577/5749 2769/6579/1758
f 4823/6577/5749 2656/6580/1638 2769/6579/1758
f 4823/6577/5749 2655/6581/1637 2656/6580/1638
f 2655/6581/1637 4823/6577/5749 2658/6582/1640
f 4823/6577/5749 2660/6583/1642 2658/6582/1640
f 4823/6577/5749 2662/1783/1644 2660/6583/1642
f 4825/6584/5751 2770/4519/4116 2771/4520/4117
f 4825/6584/5751 4826/6585/5752 2770/4519/4116
f 4826/6585/5752 2774/4522/4119 2770/4519/4116
f 4826/6585/5752 4827/6586/5753 2774/4522/4119
f 2774/4522/4119 4827/6586/5753 2785/4538/4129
f 4827/6586/5753 2783/4536/4127 2785/4538/4129
f 4827/6586/5753 4828/6587/5754 2783/4536/4127
f 4828/6587/5754 2781/4531/4125 2783/4536/4127
f 4828/6587/5754 4829/6588/5755 2781/4531/4125
f 4829/6588/5755 2769/1873/1758 2781/4531/4125
f 4829/6588/5755 4824/6589/5750 2769/1873/1758
f 2792/4545/4136 4830/6590/5756 2794/4547/4138
f 4831/6591/5757 4832/6592/5758 2800/4553/4144
f 4832/6592/5758 2802/4555/4146 2800/4553/4144
f 4832/6592/5758 4833/6593/5759 2802/4555/4146
f 4833/6593/5759 2804/4557/4148 2802/4555/4146
f 4833/6593/5759 4834/6594/5760 2804/4557/4148
f 4834/6594/5760 2805/4558/4149 2804/4557/4148
f 4834/6594/5760 4825/6584/5751 2805/4558/4149
f 4825/6584/5751 2771/4520/4117 2805/4558/4149
f 2794/4547/4138 4830/6590/5756 2797/4550/4141
f 4830/6590/5756 2796/4549/4140 2797/4550/4141
f 4830/6590/5756 4831/6591/5757 2796/4549/4140
f 4831/6591/5757 2795/4548/4139 2796/4549/4140
f 4831/6591/5757 2800/4553/4144 2795/4548/4139
f 4835/6595/5761 2317/4222/3864 2316/4221/3863
f 2792/4545/4136 2791/4544/4135 4830/6590/5756
f 2791/4544/4135 4836/6596/5762 4830/6590/5756
f 2791/4544/4135 2789/4542/4133 4836/6596/5762
f 2789/4542/4133 4835/6595/5761 4836/6596/5762
f 2789/4542/4133 2787/4540/4131 4835/6595/5761
f 2787/4540/4131 2317/4222/3864 4835/6595/5761
f 2787/4540/4131 2318/4223/3865 2317/4222/3864
f 4837/6597/5763 2316/4317/3863 2389/4318/3939
f 4838/6598/5764 2389/4318/3939 2406/4335/3956
f 4839/6599/5765 2424/4353/3974 2444/4374/3994
f 4840/6600/5766 4842/6602/5768 4841/6601/5767
f 4840/6600/5766 4843/6603/5769 4842/6602/5768
f 4843/6603/5769 4844/6604/5770 4842/6602/5768
f 4843/6603/5769 4845/6605/5771 4844/6604/5770
f 4845/6605/5771 4846/6606/5772 4844/6604/5770
f 4845/6605/5771 4847/6607/5773 4846/6606/5772
f 4847/6607/5773 4848/6608/5774 4846/6606/5772
f 4847/6607/5773 4849/6609/5775 4848/6608/5774
f 4849/6609/5775 4850/6610/5776 4848/6608/5774
f 4849/6609/5775 4851/6611/5777 4850/6610/5776
f 4851/6611/5777 4852/6612/5778 4850/6610/5776
f 4851/6611/5777 4853/6613/5779 4852/6612/5778
f 4853/6613/5779 4839/6599/5765 4852/6612/5778
f 4853/6613/5779 4854/6614/5780 4839/6599/5765
f 4854/6614/5780 2424/4353/3974 4839/6599/5765
f 4854/6614/5780 2406/4335/3956 2424/4353/3974
f 2406/4335/3956 4854/6614/5780 4838/6598/5764
f 4854/6614/5780 4855/6615/5781 4838/6598/5764
f 4854/6614/5780 4853/6613/5779 4855/6615/5781
f 4853/6613/5779 4856/6616/5782 4855/6615/5781
f 4853/6613/5779 4851/6611/5777 4856/6616/5782
f 4851/6611/5777 4857/6617/5783 4856/6616/5782
f 4851/6611/5777 4849/6609/5775 4857/6617/5783
f 4849/6609/5775 4858/6618/5784 4857/6617/5783
f 4849/6609/5775 4847/6607/5773 4858/6618/5784
f 4847/6607/5773 4859/6619/5785 4858/6618/5784
f 4847/6607/5773 4845/6605/5771 4859/6619/5785
f 4845/6605/5771 4860/6620/5786 4859/6619/5785
f 4845/6605/5771 4843/6603/5769 4860/6620/5786
f 4843/6603/5769 4861/6621/5787 4860/6620/5786
f 4843/6603/5769 4840/6600/5766 4861/6621/5787
f 2389/4318/3939 4838/6598/5764 4837/6597/5763
f 4838/6598/5764 4862/6622/5788 4837/6597/5763
f 4838/6598/5764 4855/6615/5781 4862/6622/5788
f 4855/6615/5781 4863/6623/5789 4862/6622/5788
f 4855/6615/5781 4856/6616/5782 4863/6623/5789
f 4856/6616/5782 4864/6624/5790 4863/6623/5789
f 4856/6616/5782 4857/6617/5783 4864/6624/5790
f 4857/6617/5783 4865/6625/5791 4864/6624/5790
f 4857/6617/5783 4858/6618/5784 4865/6625/5791
f 4858/6618/5784 4866/6626/5792 4865/6625/5791
f 4858/6618/5784 4859/6619/5785 4866/6626/5792
f 4859/6619/5785 4867/6627/5793 4866/6626/5792
f 4859/6619/5785 4860/6620/5786 4867/6627/5793
f 4860/6620/5786 4868/6628/5794 4867/6627/5793
f 4860/6620/5786 4861/6621/5787 4868/6628/5794
f 2316/4317/3863 4837/6597/5763 4835/6629/5761
f 4837/6597/5763 4836/6630/5762 4835/6629/5761
f 4837/6597/5763 4862/6622/5788 4836/6630/5762
f 4862/6622/5788 4830/6631/5756 4836/6630/5762
f 4862/6622/5788 4863/6623/5789 4830/6631/5756
f 4863/6623/5789 4831/6632/5757 4830/6631/5756
f 4863/6623/5789 4864/6624/5790 4831/6632/5757
f 4864/6624/5790 4832/6633/5758 4831/6632/5757
f 4864/6624/5790 4865/6625/5791 4832/6633/5758
f 4865/6625/5791 4833/6634/5759 4832/6633/5758
f 4865/6625/5791 4866/6626/5792 4833/6634/5759
f 4866/6626/5792 4834/6635/5760 4833/6634/5759
f 4866/6626/5792 4867/6627/5793 4834/6635/5760
f 4867/6627/5793 4825/6636/5751 4834/6635/5760
f 4867/6627/5793 4868/6628/5794 4825/6636/5751
f 4868/6628/5794 4826/6637/5752 4825/6636/5751
f 4861/6621/5787 4869/6638/5795 4868/6628/5794
f 4840/6600/5766 4870/6639/5796 4861/6621/5787
f 4841/6601/5767 4871/6640/5797 4840/6600/5766
f 4868/6628/5794 4869/6638/5795 4826/6637/5752
f 4869/6638/5795 4827/6641/5753 4826/6637/5752
f 4869/6638/5795 4872/6642/5798 4827/6641/5753
f 4872/6642/5798 4828/6643/5754 4827/6641/5753
f 4872/6642/5798 4873/6644/5799 4828/6643/5754
f 4873/6644/5799 4829/6645/5755 4828/6643/5754
f 4873/6644/5799 4874/6646/5800 4829/6645/5755
f 4874/6646/5800 4824/6578/5750 4829/6645/5755
f 4874/6646/5800 4875/6647/5801 4824/6578/5750
f 4861/6621/5787 4870/6639/5796 4869/6638/5795
f 4870/6639/5796 4872/6642/5798 4869/6638/5795
f 4870/6639/5796 4876/6648/5802 4872/6642/5798
f 4876/6648/5802 4873/6644/5799 4872/6642/5798
f 4876/6648/5802 4877/6649/5803 4873/6644/5799
f 4877/6649/5803 4874/6646/5800 4873/6644/5799
f 4877/6649/5803 4878/6650/5804 4874/6646/5800
f 4878/6650/5804 4875/6647/5801 4874/6646/5800
f 4878/6650/5804 4879/6651/5805 4875/6647/5801
f 4840/6600/5766 4871/6640/5797 4870/6639/5796
f 4871/6640/5797 4876/6648/5802 4870/6639/5796
f 4871/6640/5797 4880/6652/5806 4876/6648/5802
f 4880/6652/5806 4877/6649/5803 4876/6648/5802
f 4880/6652/5806 4881/6653/5807 4877/6649/5803
f 4881/6653/5807 4878/6650/5804 4877/6649/5803
f 4881/6653/5807 4882/6654/5808 4878/6650/5804
f 4882/6654/5808 4879/6651/5805 4878/6650/5804
f 4882/6654/5808 4883/6655/5809 4879/6651/5805
f 4841/6601/5767 4884/6656/5810 4871/6640/5797
f 4884/6656/5810 4880/6652/5806 4871/6640/5797
f 4884/6656/5810 4885/6657/5811 4880/6652/5806
f 4885/6657/5811 4881/6653/5807 4880/6652/5806
f 4885/6657/5811 4886/6658/5812 4881/6653/5807
f 4886/6658/5812 4882/6654/5808 4881/6653/5807
f 4886/6658/5812 4887/6659/5813 4882/6654/5808
f 4887/6659/5813 4883/6655/5809 4882/6654/5808
f 4887/6659/5813 4888/6660/5814 4883/6655/5809
f 4875/6647/5801 4823/6577/5749 4824/6578/5750
f 4889/6661/5815 4888/6660/5814 4890/6662/5816
f 4823/6577/5749 4875/6647/5801 4891/6663/5817
f 4875/6647/5801 4892/6664/5818 4891/6663/5817
f 4875/6647/5801 4879/6651/5805 4892/6664/5818
f 4879/6651/5805 4889/6661/5815 4892/6664/5818
f 4879/6651/5805 4883/6655/5809 4889/6661/5815
f 4883/6655/5809 4888/6660/5814 4889/6661/5815
f 4891/6663/5817 2690/1782/1672 4823/6577/5749
f 4893/2173/2063 4890/6662/5816 4894/2171/2061
f 4890/6662/5816 4893/2173/2063 4889/6661/5815
f 4893/2173/2063 4892/6664/5818 4889/6661/5815
f 4893/2173/2063 4895/2175/2065 4892/6664/5818
f 4895/2175/2065 4891/6663/5817 4892/6664/5818
f 4895/2175/2065 4896/2177/2067 4891/6663/5817
f 4896/2177/2067 2690/1782/1672 4891/6663/5817
f 4894/2171/2061 4890/6662/5816 4950/2235/1247
f 4890/6662/5816 4951/6665/1247 4950/2235/1247
f 4952/6666/1247 4953/6667/1247 4884/6656/5810
f 4953/6667/1247 4885/6657/5811 4884/6656/5810
f 4953/6667/1247 4954/6668/1247 4885/6657/5811
f 4954/6668/1247 4886/6658/5812 4885/6657/5811
f 4954/6668/1247 4955/6669/1247 4886/6658/5812
f 4955/6669/1247 4887/6659/5813 4886/6658/5812
f 4955/6669/1247 4951/6665/1247 4887/6659/5813
f 4951/6665/1247 4888/6660/5814 4887/6659/5813
f 4951/6665/1247 4890/6662/5816 4888/6660/5814
f 4956/6670/1247 3081/2005/1890 4957/2237/1247
f 4959/6671/1247 4852/6612/5778 4839/6599/5765
f 3122/4764/4336 3129/4771/4343 4960/6672/1247
f 3129/4771/4343 4961/6673/1247 4960/6672/1247
f 3129/4771/4343 3116/4757/4330 4961/6673/1247
f 4962/6674/1247 4963/6675/1247 3105/2015/1900
f 4963/6675/1247 3108/2014/1899 3105/2015/1900
f 4963/6675/1247 4961/6673/1247 3108/2014/1899
f 4961/6673/1247 3112/4752/4326 3108/2014/1899
f 4961/6673/1247 3116/4757/4330 3112/4752/4326
f 3081/2005/1890 4956/6670/1247 3084/4726/4307
f 4956/6670/1247 3088/4731/4311 3084/4726/4307
f 4956/6670/1247 4964/6676/1247 3088/4731/4311
f 4964/6676/1247 3092/2009/1894 3088/4731/4311
f 4964/6676/1247 4965/6677/1250 3092/2009/1894
f 4965/6677/1250 3096/2008/1893 3092/2009/1894
f 4965/6677/1250 4962/6674/1247 3096/2008/1893
f 4962/6674/1247 3101/2011/1896 3096/2008/1893
f 4962/6674/1247 3105/2015/1900 3101/2011/1896
f 4959/6671/1247 4966/6678/1247 4852/6612/5778
f 4966/6678/1247 4850/6610/5776 4852/6612/5778
f 4966/6678/1247 4967/6679/1247 4850/6610/5776
f 4967/6679/1247 4848/6608/5774 4850/6610/5776
f 4967/6679/1247 4968/6680/1247 4848/6608/5774
f 4968/6680/1247 4846/6606/5772 4848/6608/5774
f 4968/6680/1247 4969/6681/5819 4846/6606/5772
f 4969/6681/5819 4844/6604/5770 4846/6606/5772
f 4969/6681/5819 4970/6682/1247 4844/6604/5770
f 4970/6682/1247 4842/6602/5768 4844/6604/5770
f 4970/6682/1247 4952/6666/1247 4842/6602/5768
f 4952/6666/1247 4841/6601/5767 4842/6602/5768
f 4952/6666/1247 4884/6656/5810 4841/6601/5767
f 4839/6599/5765 2444/4374/3994 4959/6671/1247
f 2444/4374/3994 4971/6683/1247 4959/6671/1247
f 2444/4374/3994 2443/4373/3993 4971/6683/1247
f 2443/4373/3993 4972/6684/1247 4971/6683/1247
f 2443/4373/3993 2442/4372/3992 4972/6684/1247
f 2442/4372/3992 4973/6685/1247 4972/6684/1247
f 2442/4372/3992 2441/4371/3991 4973/6685/1247
f 4974/6686/1247 4973/6685/1247 2439/4369/3989
f 4973/6685/1247 2440/4370/3990 2439/4369/3989
f 4973/6685/1247 2441/4371/3991 2440/4370/3990
f 4975/6687/1247 4974/6686/1247 2437/4367/3987
f 4974/6686/1247 2438/4368/3988 2437/4367/3987
f 4974/6686/1247 2439/4369/3989 2438/4368/3988
f 4976/6688/1247 4975/6687/1247 2435/4365/3985
f 4975/6687/1247 2436/4366/3986 2435/4365/3985
f 4975/6687/1247 2437/4367/3987 2436/4366/3986
f 4977/6689/1247 2431/4361/3981 2430/4360/3980
f 3122/4764/4336 4960/6672/1247 2554/4507/4105
f 4960/6672/1247 2553/4506/4104 2554/4507/4105
f 4960/6672/1247 4978/6690/1247 2553/4506/4104
f 4978/6690/1247 2558/4511/4109 2553/4506/4104
f 4978/6690/1247 4979/6691/1247 2558/4511/4109
f 4979/6691/1247 2499/4440/4050 2558/4511/4109
f 4979/6691/1247 4980/6692/1247 2499/4440/4050
f 4980/6692/1247 4981/6693/1250 2499/4440/4050
f 4977/6689/1247 4982/6694/1247 2431/4361/3981
f 2430/4360/3980 2429/4359/3979 4977/6689/1247
f 2429/4359/3979 4983/6695/1247 4977/6689/1247
f 2429/4359/3979 2428/4358/3978 4983/6695/1247
f 2431/4361/3981 4982/6694/1247 2432/4362/3982
f 4982/6694/1247 2433/4363/3983 2432/4362/3982
f 4982/6694/1247 4976/6688/1247 2433/4363/3983
f 4976/6688/1247 2434/4364/3984 2433/4363/3983
f 4976/6688/1247 2435/4365/3985 2434/4364/3984
f 2499/4440/4050 4981/6693/1250 2498/4439/4049
f 4981/6693/1250 2533/4484/4084 2498/4439/4049
f 4981/6693/1250 4984/6696/1247 2533/4484/4084
f 4984/6696/1247 2532/4483/4083 2533/4484/4084
f 4984/6696/1247 4985/6697/1247 2532/4483/4083
f 4985/6697/1247 2531/4482/4082 2532/4483/4083
f 4985/6697/1247 4986/6698/1247 2531/4482/4082
f 4986/6698/1247 2530/4481/4081 2531/4482/4082
f 4986/6698/1247 4987/6699/1247 2530/4481/4081
f 4987/6699/1247 2529/4480/4080 2530/4481/4081
f 4987/6699/1247 4988/6700/1247 2529/4480/4080
f 4988/6700/1247 2528/4479/4079 2529/4480/4080
f 4988/6700/1247 4989/6701/1247 2528/4479/4079
f 4989/6701/1247 2527/4478/4078 2528/4479/4079
f 4989/6701/1247 4990/6702/1247 2527/4478/4078
f 4990/6702/1247 2468/4402/4018 2527/4478/4078
f 4990/6702/1247 4991/6703/1247 2468/4402/4018
f 4991/6703/1247 2467/4401/4017 2468/4402/4018
f 4991/6703/1247 4992/6704/1247 2467/4401/4017
f 4992/6704/1247 2479/4417/4029 2467/4401/4017
f 4992/6704/1247 4993/6705/1247 2479/4417/4029
f 4993/6705/1247 2476/4412/4026 2479/4417/4029
f 4993/6705/1247 4994/6706/1247 2476/4412/4026
f 4994/6706/1247 2472/4407/4022 2476/4412/4026
f 4994/6706/1247 4995/6707/1247 2472/4407/4022
f 4995/6707/1247 2371/4276/3918 2472/4407/4022
f 4995/6707/1247 4996/6708/1250 2371/4276/3918
f 4996/6708/1250 2370/4275/3917 2371/4276/3918
f 4996/6708/1250 4983/6695/1247 2370/4275/3917
f 4983/6695/1247 2427/4357/3977 2370/4275/3917
f 4983/6695/1247 2428/4358/3978 2427/4357/3977
